x,y,cell,longitude,latitude,no3_winter_cellmean,no3_spring_cellmean,no3_summer_cellmean,no3_fall_cellmean,chl_winter_cellmean,chl_spring_cellmean,chl_summer_cellmean,chl_fall_cellmean,po4_winter_cellmean,po4_spring_cellmean,po4_summer_cellmean,po4_fall_cellmean,ph_winter_cellmean,ph_spring_cellmean,ph_summer_cellmean,ph_fall_cellmean,fe_winter_cellmean,fe_spring_cellmean,fe_summer_cellmean,fe_fall_cellmean,si_winter_cellmean,si_spring_cellmean,si_summer_cellmean,si_fall_cellmean
-72,41.25,6202,-72.086122,41.30302,0.729968983639953,NA,NA,NA,1.5973244046652189,NA,NA,NA,0.09227144563951159,NA,NA,NA,8.157346751100274,NA,NA,NA,0.0050792542776914055,NA,NA,NA,8.9237374592852845,NA,NA,NA
-71,41.5,6101,-71.36499603512735,41.4770646044823,0.2538493600904301,NA,NA,NA,1.4151768543386973,NA,NA,NA,0.1230968387937674,NA,NA,NA,8.137335095354306,NA,NA,NA,0.007922813060983856,NA,NA,NA,5.997197635712162,NA,NA,NA
-71,41.5,6101,-71.36499603443934,41.4770930220363,0.2538493600904301,NA,NA,NA,1.4151768543386973,NA,NA,NA,0.1230968387937674,NA,NA,NA,8.137335095354306,NA,NA,NA,0.007922813060983856,NA,NA,NA,5.997197635712162,NA,NA,NA
-71,41.5,6101,-71.3649763888888,41.4771625,0.2538493600904301,NA,NA,NA,1.4151768543386973,NA,NA,NA,0.1230968387937674,NA,NA,NA,8.137335095354306,NA,NA,NA,0.007922813060983856,NA,NA,NA,5.997197635712162,NA,NA,NA
-71,41.5,6101,-71.36290972222216,41.4773986111111,0.2538493600904301,NA,NA,NA,1.4151768543386973,NA,NA,NA,0.1230968387937674,NA,NA,NA,8.137335095354306,NA,NA,NA,0.007922813060983856,NA,NA,NA,5.997197635712162,NA,NA,NA
-71,41.5,6101,-71.362,41.478,0.2538493600904301,NA,NA,NA,1.4151768543386973,NA,NA,NA,0.1230968387937674,NA,NA,NA,8.137335095354306,NA,NA,NA,0.007922813060983856,NA,NA,NA,5.997197635712162,NA,NA,NA
-71,41.5,6101,-71.3616694444444,41.4781861111111,0.2538493600904301,NA,NA,NA,1.4151768543386973,NA,NA,NA,0.1230968387937674,NA,NA,NA,8.137335095354306,NA,NA,NA,0.007922813060983856,NA,NA,NA,5.997197635712162,NA,NA,NA
-71,41.5,6101,-71.3605790080763,41.4777983076676,0.2538493600904301,NA,NA,NA,1.4151768543386973,NA,NA,NA,0.1230968387937674,NA,NA,NA,8.137335095354306,NA,NA,NA,0.007922813060983856,NA,NA,NA,5.997197635712162,NA,NA,NA
-71,41.5,6101,-71.3605790073976,41.4778265132492,0.2538493600904301,NA,NA,NA,1.4151768543386973,NA,NA,NA,0.1230968387937674,NA,NA,NA,8.137335095354306,NA,NA,NA,0.007922813060983856,NA,NA,NA,5.997197635712162,NA,NA,NA
-71,41.5,6101,-71.36027778,41.47833333,0.2538493600904301,NA,NA,NA,1.4151768543386973,NA,NA,NA,0.1230968387937674,NA,NA,NA,8.137335095354306,NA,NA,NA,0.007922813060983856,NA,NA,NA,5.997197635712162,NA,NA,NA
-71,41.5,6101,-71.35983055499995,41.47823472,0.2538493600904301,NA,NA,NA,1.4151768543386973,NA,NA,NA,0.1230968387937674,NA,NA,NA,8.137335095354306,NA,NA,NA,0.007922813060983856,NA,NA,NA,5.997197635712162,NA,NA,NA
-71,41.5,6101,-71.3594166666666,41.4774972222222,0.2538493600904301,NA,NA,NA,1.4151768543386973,NA,NA,NA,0.1230968387937674,NA,NA,NA,8.137335095354306,NA,NA,NA,0.007922813060983856,NA,NA,NA,5.997197635712162,NA,NA,NA
-71,41.5,6101,-71.357,41.476,0.2538493600904301,NA,NA,NA,1.4151768543386973,NA,NA,NA,0.1230968387937674,NA,NA,NA,8.137335095354306,NA,NA,NA,0.007922813060983856,NA,NA,NA,5.997197635712162,NA,NA,NA
-71,41.5,6101,-71.33848,41.450199999999995,0.2538493600904301,NA,NA,NA,1.4151768543386973,NA,NA,NA,0.1230968387937674,NA,NA,NA,8.137335095354306,NA,NA,NA,0.007922813060983856,NA,NA,NA,5.997197635712162,NA,NA,NA
-71,41.5,6101,-71.33143,41.450795,0.2538493600904301,NA,NA,NA,1.4151768543386973,NA,NA,NA,0.1230968387937674,NA,NA,NA,8.137335095354306,NA,NA,NA,0.007922813060983856,NA,NA,NA,5.997197635712162,NA,NA,NA
-71,41.5,6101,-71.313,41.451,0.2538493600904301,NA,NA,NA,1.4151768543386973,NA,NA,NA,0.1230968387937674,NA,NA,NA,8.137335095354306,NA,NA,NA,0.007922813060983856,NA,NA,NA,5.997197635712162,NA,NA,NA
-70.75,42.5,5682,-70.913095,42.338275,2.63947021320302,NA,NA,NA,2.115877593076357,NA,NA,NA,0.32066749436880954,NA,NA,NA,8.099228048837313,NA,NA,NA,0.00419558414448333,NA,NA,NA,6.32128260725288,NA,NA,NA
-70.75,42.5,5682,-70.91286,42.3383575,2.63947021320302,NA,NA,NA,2.115877593076357,NA,NA,NA,0.32066749436880954,NA,NA,NA,8.099228048837313,NA,NA,NA,0.00419558414448333,NA,NA,NA,6.32128260725288,NA,NA,NA
-70.75,42.5,5682,-70.912625,42.33844,2.63947021320302,NA,NA,NA,2.115877593076357,NA,NA,NA,0.32066749436880954,NA,NA,NA,8.099228048837313,NA,NA,NA,0.00419558414448333,NA,NA,NA,6.32128260725288,NA,NA,NA
-70.75,42.5,5682,-70.91259352941177,42.33843088235294,2.63947021320302,NA,NA,NA,2.115877593076357,NA,NA,NA,0.32066749436880954,NA,NA,NA,8.099228048837313,NA,NA,NA,0.00419558414448333,NA,NA,NA,6.32128260725288,NA,NA,NA
-70.75,42.5,5682,-70.9125822,42.3384276,2.63947021320302,NA,NA,NA,2.115877593076357,NA,NA,NA,0.32066749436880954,NA,NA,NA,8.099228048837313,NA,NA,NA,0.00419558414448333,NA,NA,NA,6.32128260725288,NA,NA,NA
-70.75,42.5,5682,-70.91244666666667,42.338388333333334,2.63947021320302,NA,NA,NA,2.115877593076357,NA,NA,NA,0.32066749436880954,NA,NA,NA,8.099228048837313,NA,NA,NA,0.00419558414448333,NA,NA,NA,6.32128260725288,NA,NA,NA
-70.75,42.5,5682,-70.91238722222222,42.33837111111111,2.63947021320302,NA,NA,NA,2.115877593076357,NA,NA,NA,0.32066749436880954,NA,NA,NA,8.099228048837313,NA,NA,NA,0.00419558414448333,NA,NA,NA,6.32128260725288,NA,NA,NA
-70.75,42.5,5682,-70.91235750000001,42.3383625,2.63947021320302,NA,NA,NA,2.115877593076357,NA,NA,NA,0.32066749436880954,NA,NA,NA,8.099228048837313,NA,NA,NA,0.00419558414448333,NA,NA,NA,6.32128260725288,NA,NA,NA
-70.75,42.5,5682,-70.91234827586207,42.3383598275862,2.63947021320302,NA,NA,NA,2.115877593076357,NA,NA,NA,0.32066749436880954,NA,NA,NA,8.099228048837313,NA,NA,NA,0.00419558414448333,NA,NA,NA,6.32128260725288,NA,NA,NA
-70.75,42.5,5682,-70.9123475925926,42.33835962962963,2.63947021320302,NA,NA,NA,2.115877593076357,NA,NA,NA,0.32066749436880954,NA,NA,NA,8.099228048837313,NA,NA,NA,0.00419558414448333,NA,NA,NA,6.32128260725288,NA,NA,NA
-70.75,42.5,5682,-70.91232982758622,42.33835448275862,2.63947021320302,NA,NA,NA,2.115877593076357,NA,NA,NA,0.32066749436880954,NA,NA,NA,8.099228048837313,NA,NA,NA,0.00419558414448333,NA,NA,NA,6.32128260725288,NA,NA,NA
-70.75,42.5,5682,-70.91209,42.338285,2.63947021320302,NA,NA,NA,2.115877593076357,NA,NA,NA,0.32066749436880954,NA,NA,NA,8.099228048837313,NA,NA,NA,0.00419558414448333,NA,NA,NA,6.32128260725288,NA,NA,NA
-70.75,42.5,5682,-70.90753,42.34315,2.63947021320302,NA,NA,NA,2.115877593076357,NA,NA,NA,0.32066749436880954,NA,NA,NA,8.099228048837313,NA,NA,NA,0.00419558414448333,NA,NA,NA,6.32128260725288,NA,NA,NA
-70.75,42.5,5682,-70.90729,42.343055,2.63947021320302,NA,NA,NA,2.115877593076357,NA,NA,NA,0.32066749436880954,NA,NA,NA,8.099228048837313,NA,NA,NA,0.00419558414448333,NA,NA,NA,6.32128260725288,NA,NA,NA
-70.75,42.5,5682,-70.90719,42.416245,2.63947021320302,NA,NA,NA,2.115877593076357,NA,NA,NA,0.32066749436880954,NA,NA,NA,8.099228048837313,NA,NA,NA,0.00419558414448333,NA,NA,NA,6.32128260725288,NA,NA,NA
-70.75,42.5,5682,-70.90716,42.416375,2.63947021320302,NA,NA,NA,2.115877593076357,NA,NA,NA,0.32066749436880954,NA,NA,NA,8.099228048837313,NA,NA,NA,0.00419558414448333,NA,NA,NA,6.32128260725288,NA,NA,NA
-70.75,42.5,5682,-70.907135,42.343535,2.63947021320302,NA,NA,NA,2.115877593076357,NA,NA,NA,0.32066749436880954,NA,NA,NA,8.099228048837313,NA,NA,NA,0.00419558414448333,NA,NA,NA,6.32128260725288,NA,NA,NA
-70.75,42.5,5682,-70.907045,42.34298,2.63947021320302,NA,NA,NA,2.115877593076357,NA,NA,NA,0.32066749436880954,NA,NA,NA,8.099228048837313,NA,NA,NA,0.00419558414448333,NA,NA,NA,6.32128260725288,NA,NA,NA
-70.75,42.5,5682,-70.90703500000001,42.418383250000005,2.63947021320302,NA,NA,NA,2.115877593076357,NA,NA,NA,0.32066749436880954,NA,NA,NA,8.099228048837313,NA,NA,NA,0.00419558414448333,NA,NA,NA,6.32128260725288,NA,NA,NA
-70.75,42.5,5682,-70.907035,42.34224,2.63947021320302,NA,NA,NA,2.115877593076357,NA,NA,NA,0.32066749436880954,NA,NA,NA,8.099228048837313,NA,NA,NA,0.00419558414448333,NA,NA,NA,6.32128260725288,NA,NA,NA
-70.75,42.5,5682,-70.90702357142857,42.34316857142857,2.63947021320302,NA,NA,NA,2.115877593076357,NA,NA,NA,0.32066749436880954,NA,NA,NA,8.099228048837313,NA,NA,NA,0.00419558414448333,NA,NA,NA,6.32128260725288,NA,NA,NA
-70.75,42.5,5682,-70.906995,42.34342,2.63947021320302,NA,NA,NA,2.115877593076357,NA,NA,NA,0.32066749436880954,NA,NA,NA,8.099228048837313,NA,NA,NA,0.00419558414448333,NA,NA,NA,6.32128260725288,NA,NA,NA
-70.75,42.5,5682,-70.90697,42.41904,2.63947021320302,NA,NA,NA,2.115877593076357,NA,NA,NA,0.32066749436880954,NA,NA,NA,8.099228048837313,NA,NA,NA,0.00419558414448333,NA,NA,NA,6.32128260725288,NA,NA,NA
-70.75,42.5,5682,-70.90696750000001,42.3434225,2.63947021320302,NA,NA,NA,2.115877593076357,NA,NA,NA,0.32066749436880954,NA,NA,NA,8.099228048837313,NA,NA,NA,0.00419558414448333,NA,NA,NA,6.32128260725288,NA,NA,NA
-70.75,42.5,5682,-70.90695111111111,42.34343740740741,2.63947021320302,NA,NA,NA,2.115877593076357,NA,NA,NA,0.32066749436880954,NA,NA,NA,8.099228048837313,NA,NA,NA,0.00419558414448333,NA,NA,NA,6.32128260725288,NA,NA,NA
-70.75,42.5,5682,-70.9069475,42.343455,2.63947021320302,NA,NA,NA,2.115877593076357,NA,NA,NA,0.32066749436880954,NA,NA,NA,8.099228048837313,NA,NA,NA,0.00419558414448333,NA,NA,NA,6.32128260725288,NA,NA,NA
-70.75,42.5,5682,-70.90694435483871,42.34347032258064,2.63947021320302,NA,NA,NA,2.115877593076357,NA,NA,NA,0.32066749436880954,NA,NA,NA,8.099228048837313,NA,NA,NA,0.00419558414448333,NA,NA,NA,6.32128260725288,NA,NA,NA
-70.75,42.5,5682,-70.9069374137931,42.343504137931035,2.63947021320302,NA,NA,NA,2.115877593076357,NA,NA,NA,0.32066749436880954,NA,NA,NA,8.099228048837313,NA,NA,NA,0.00419558414448333,NA,NA,NA,6.32128260725288,NA,NA,NA
-70.75,42.5,5682,-70.90693357142857,42.34352285714286,2.63947021320302,NA,NA,NA,2.115877593076357,NA,NA,NA,0.32066749436880954,NA,NA,NA,8.099228048837313,NA,NA,NA,0.00419558414448333,NA,NA,NA,6.32128260725288,NA,NA,NA
-70.75,42.5,5682,-70.90692548387096,42.34356225806451,2.63947021320302,NA,NA,NA,2.115877593076357,NA,NA,NA,0.32066749436880954,NA,NA,NA,8.099228048837313,NA,NA,NA,0.00419558414448333,NA,NA,NA,6.32128260725288,NA,NA,NA
-70.75,42.5,5682,-70.90691724137932,42.3436024137931,2.63947021320302,NA,NA,NA,2.115877593076357,NA,NA,NA,0.32066749436880954,NA,NA,NA,8.099228048837313,NA,NA,NA,0.00419558414448333,NA,NA,NA,6.32128260725288,NA,NA,NA
-70.75,42.5,5682,-70.90691305555555,42.34321333333333,2.63947021320302,NA,NA,NA,2.115877593076357,NA,NA,NA,0.32066749436880954,NA,NA,NA,8.099228048837313,NA,NA,NA,0.00419558414448333,NA,NA,NA,6.32128260725288,NA,NA,NA
-70.75,42.5,5682,-70.90685,42.34393,2.63947021320302,NA,NA,NA,2.115877593076357,NA,NA,NA,0.32066749436880954,NA,NA,NA,8.099228048837313,NA,NA,NA,0.00419558414448333,NA,NA,NA,6.32128260725288,NA,NA,NA
-70.75,42.5,5682,-70.90677363636364,42.3439,2.63947021320302,NA,NA,NA,2.115877593076357,NA,NA,NA,0.32066749436880954,NA,NA,NA,8.099228048837313,NA,NA,NA,0.00419558414448333,NA,NA,NA,6.32128260725288,NA,NA,NA
-70.75,42.5,5682,-70.90664,42.342945,2.63947021320302,NA,NA,NA,2.115877593076357,NA,NA,NA,0.32066749436880954,NA,NA,NA,8.099228048837313,NA,NA,NA,0.00419558414448333,NA,NA,NA,6.32128260725288,NA,NA,NA
-70.75,42.5,5682,-70.906615,42.42067,2.63947021320302,NA,NA,NA,2.115877593076357,NA,NA,NA,0.32066749436880954,NA,NA,NA,8.099228048837313,NA,NA,NA,0.00419558414448333,NA,NA,NA,6.32128260725288,NA,NA,NA
-70.75,42.5,5682,-70.90659571428571,42.34379571428571,2.63947021320302,NA,NA,NA,2.115877593076357,NA,NA,NA,0.32066749436880954,NA,NA,NA,8.099228048837313,NA,NA,NA,0.00419558414448333,NA,NA,NA,6.32128260725288,NA,NA,NA
-70.75,42.5,5682,-70.90657,42.34382,2.63947021320302,NA,NA,NA,2.115877593076357,NA,NA,NA,0.32066749436880954,NA,NA,NA,8.099228048837313,NA,NA,NA,0.00419558414448333,NA,NA,NA,6.32128260725288,NA,NA,NA
-70.75,42.5,5682,-70.90651,42.42091,2.63947021320302,NA,NA,NA,2.115877593076357,NA,NA,NA,0.32066749436880954,NA,NA,NA,8.099228048837313,NA,NA,NA,0.00419558414448333,NA,NA,NA,6.32128260725288,NA,NA,NA
-70.75,42.5,5682,-70.90649400000001,42.343742,2.63947021320302,NA,NA,NA,2.115877593076357,NA,NA,NA,0.32066749436880954,NA,NA,NA,8.099228048837313,NA,NA,NA,0.00419558414448333,NA,NA,NA,6.32128260725288,NA,NA,NA
-70.75,42.5,5682,-70.906405,42.343695,2.63947021320302,NA,NA,NA,2.115877593076357,NA,NA,NA,0.32066749436880954,NA,NA,NA,8.099228048837313,NA,NA,NA,0.00419558414448333,NA,NA,NA,6.32128260725288,NA,NA,NA
-70.75,42.5,5682,-70.90624588235293,42.34338911764706,2.63947021320302,NA,NA,NA,2.115877593076357,NA,NA,NA,0.32066749436880954,NA,NA,NA,8.099228048837313,NA,NA,NA,0.00419558414448333,NA,NA,NA,6.32128260725288,NA,NA,NA
-70.75,42.5,5682,-70.90597,42.3437,2.63947021320302,NA,NA,NA,2.115877593076357,NA,NA,NA,0.32066749436880954,NA,NA,NA,8.099228048837313,NA,NA,NA,0.00419558414448333,NA,NA,NA,6.32128260725288,NA,NA,NA
-70.75,42.5,5682,-70.90422,42.42038,2.63947021320302,NA,NA,NA,2.115877593076357,NA,NA,NA,0.32066749436880954,NA,NA,NA,8.099228048837313,NA,NA,NA,0.00419558414448333,NA,NA,NA,6.32128260725288,NA,NA,NA
-70.75,42.5,5682,-70.90135,42.42101,2.63947021320302,NA,NA,NA,2.115877593076357,NA,NA,NA,0.32066749436880954,NA,NA,NA,8.099228048837313,NA,NA,NA,0.00419558414448333,NA,NA,NA,6.32128260725288,NA,NA,NA
-70.75,42.5,5682,-70.89377,42.340155,2.63947021320302,NA,NA,NA,2.115877593076357,NA,NA,NA,0.32066749436880954,NA,NA,NA,8.099228048837313,NA,NA,NA,0.00419558414448333,NA,NA,NA,6.32128260725288,NA,NA,NA
-70.75,42.5,5682,-70.89328496251255,42.34147996176026,2.63947021320302,NA,NA,NA,2.115877593076357,NA,NA,NA,0.32066749436880954,NA,NA,NA,8.099228048837313,NA,NA,NA,0.00419558414448333,NA,NA,NA,6.32128260725288,NA,NA,NA
-70.75,42.5,5682,-70.893265,42.344483333333336,2.63947021320302,NA,NA,NA,2.115877593076357,NA,NA,NA,0.32066749436880954,NA,NA,NA,8.099228048837313,NA,NA,NA,0.00419558414448333,NA,NA,NA,6.32128260725288,NA,NA,NA
-70.75,42.5,5682,-70.89315500000001,42.344665,2.63947021320302,NA,NA,NA,2.115877593076357,NA,NA,NA,0.32066749436880954,NA,NA,NA,8.099228048837313,NA,NA,NA,0.00419558414448333,NA,NA,NA,6.32128260725288,NA,NA,NA
-70.75,42.5,5682,-70.892685,42.34119,2.63947021320302,NA,NA,NA,2.115877593076357,NA,NA,NA,0.32066749436880954,NA,NA,NA,8.099228048837313,NA,NA,NA,0.00419558414448333,NA,NA,NA,6.32128260725288,NA,NA,NA
-70.75,42.5,5682,-70.891487,42.327162,2.63947021320302,NA,NA,NA,2.115877593076357,NA,NA,NA,0.32066749436880954,NA,NA,NA,8.099228048837313,NA,NA,NA,0.00419558414448333,NA,NA,NA,6.32128260725288,NA,NA,NA
-70.75,42.5,5682,-70.89132,42.345715,2.63947021320302,NA,NA,NA,2.115877593076357,NA,NA,NA,0.32066749436880954,NA,NA,NA,8.099228048837313,NA,NA,NA,0.00419558414448333,NA,NA,NA,6.32128260725288,NA,NA,NA
-70.75,42.5,5682,-70.8912,42.343802,2.63947021320302,NA,NA,NA,2.115877593076357,NA,NA,NA,0.32066749436880954,NA,NA,NA,8.099228048837313,NA,NA,NA,0.00419558414448333,NA,NA,NA,6.32128260725288,NA,NA,NA
-70.75,42.5,5682,-70.891011,42.342275,2.63947021320302,NA,NA,NA,2.115877593076357,NA,NA,NA,0.32066749436880954,NA,NA,NA,8.099228048837313,NA,NA,NA,0.00419558414448333,NA,NA,NA,6.32128260725288,NA,NA,NA
-70.75,42.5,5682,-70.891005,42.326845,2.63947021320302,NA,NA,NA,2.115877593076357,NA,NA,NA,0.32066749436880954,NA,NA,NA,8.099228048837313,NA,NA,NA,0.00419558414448333,NA,NA,NA,6.32128260725288,NA,NA,NA
-70.75,42.5,5682,-70.890339,42.326938,2.63947021320302,NA,NA,NA,2.115877593076357,NA,NA,NA,0.32066749436880954,NA,NA,NA,8.099228048837313,NA,NA,NA,0.00419558414448333,NA,NA,NA,6.32128260725288,NA,NA,NA
-70.75,42.5,5682,-70.89031194336705,42.3271982464939,2.63947021320302,NA,NA,NA,2.115877593076357,NA,NA,NA,0.32066749436880954,NA,NA,NA,8.099228048837313,NA,NA,NA,0.00419558414448333,NA,NA,NA,6.32128260725288,NA,NA,NA
-70.75,42.5,5682,-70.8901525614783,42.327512567862854,2.63947021320302,NA,NA,NA,2.115877593076357,NA,NA,NA,0.32066749436880954,NA,NA,NA,8.099228048837313,NA,NA,NA,0.00419558414448333,NA,NA,NA,6.32128260725288,NA,NA,NA
-70.75,42.5,5682,-70.889055,42.328328,2.63947021320302,NA,NA,NA,2.115877593076357,NA,NA,NA,0.32066749436880954,NA,NA,NA,8.099228048837313,NA,NA,NA,0.00419558414448333,NA,NA,NA,6.32128260725288,NA,NA,NA
-70.75,42.5,5682,-70.888444,42.3269,2.63947021320302,NA,NA,NA,2.115877593076357,NA,NA,NA,0.32066749436880954,NA,NA,NA,8.099228048837313,NA,NA,NA,0.00419558414448333,NA,NA,NA,6.32128260725288,NA,NA,NA
-70.75,42.5,5682,-70.888049,42.328099,2.63947021320302,NA,NA,NA,2.115877593076357,NA,NA,NA,0.32066749436880954,NA,NA,NA,8.099228048837313,NA,NA,NA,0.00419558414448333,NA,NA,NA,6.32128260725288,NA,NA,NA
-70.75,42.5,5682,-70.78767,42.53781,2.63947021320302,NA,NA,NA,2.115877593076357,NA,NA,NA,0.32066749436880954,NA,NA,NA,8.099228048837313,NA,NA,NA,0.00419558414448333,NA,NA,NA,6.32128260725288,NA,NA,NA
-70.75,42.5,5682,-70.785875,42.53761,2.63947021320302,NA,NA,NA,2.115877593076357,NA,NA,NA,0.32066749436880954,NA,NA,NA,8.099228048837313,NA,NA,NA,0.00419558414448333,NA,NA,NA,6.32128260725288,NA,NA,NA
-70.75,42.5,5682,-70.7857,42.53774,2.63947021320302,NA,NA,NA,2.115877593076357,NA,NA,NA,0.32066749436880954,NA,NA,NA,8.099228048837313,NA,NA,NA,0.00419558414448333,NA,NA,NA,6.32128260725288,NA,NA,NA
-70.75,42.5,5682,-70.78569,42.53066,2.63947021320302,NA,NA,NA,2.115877593076357,NA,NA,NA,0.32066749436880954,NA,NA,NA,8.099228048837313,NA,NA,NA,0.00419558414448333,NA,NA,NA,6.32128260725288,NA,NA,NA
-70.75,42.5,5682,-70.784795,42.5372,2.63947021320302,NA,NA,NA,2.115877593076357,NA,NA,NA,0.32066749436880954,NA,NA,NA,8.099228048837313,NA,NA,NA,0.00419558414448333,NA,NA,NA,6.32128260725288,NA,NA,NA
-70.75,42.5,5682,-70.78454475,42.5319705,2.63947021320302,NA,NA,NA,2.115877593076357,NA,NA,NA,0.32066749436880954,NA,NA,NA,8.099228048837313,NA,NA,NA,0.00419558414448333,NA,NA,NA,6.32128260725288,NA,NA,NA
-70.75,42.5,5682,-70.78437,42.53787,2.63947021320302,NA,NA,NA,2.115877593076357,NA,NA,NA,0.32066749436880954,NA,NA,NA,8.099228048837313,NA,NA,NA,0.00419558414448333,NA,NA,NA,6.32128260725288,NA,NA,NA
-70.75,42.5,5682,-70.78394499999999,42.531355,2.63947021320302,NA,NA,NA,2.115877593076357,NA,NA,NA,0.32066749436880954,NA,NA,NA,8.099228048837313,NA,NA,NA,0.00419558414448333,NA,NA,NA,6.32128260725288,NA,NA,NA
-70.75,42.5,5682,-70.78341,42.53677,2.63947021320302,NA,NA,NA,2.115877593076357,NA,NA,NA,0.32066749436880954,NA,NA,NA,8.099228048837313,NA,NA,NA,0.00419558414448333,NA,NA,NA,6.32128260725288,NA,NA,NA
-70.75,42.5,5682,-70.783185,42.53191,2.63947021320302,NA,NA,NA,2.115877593076357,NA,NA,NA,0.32066749436880954,NA,NA,NA,8.099228048837313,NA,NA,NA,0.00419558414448333,NA,NA,NA,6.32128260725288,NA,NA,NA
-70.75,42.5,5682,-70.782655,42.53225,2.63947021320302,NA,NA,NA,2.115877593076357,NA,NA,NA,0.32066749436880954,NA,NA,NA,8.099228048837313,NA,NA,NA,0.00419558414448333,NA,NA,NA,6.32128260725288,NA,NA,NA
-70.75,42.5,5682,-70.782555,42.535955,2.63947021320302,NA,NA,NA,2.115877593076357,NA,NA,NA,0.32066749436880954,NA,NA,NA,8.099228048837313,NA,NA,NA,0.00419558414448333,NA,NA,NA,6.32128260725288,NA,NA,NA
-70.75,42.5,5682,-70.78199,42.53159,2.63947021320302,NA,NA,NA,2.115877593076357,NA,NA,NA,0.32066749436880954,NA,NA,NA,8.099228048837313,NA,NA,NA,0.00419558414448333,NA,NA,NA,6.32128260725288,NA,NA,NA
-70.75,42.5,5682,-70.78181000000001,42.53594,2.63947021320302,NA,NA,NA,2.115877593076357,NA,NA,NA,0.32066749436880954,NA,NA,NA,8.099228048837313,NA,NA,NA,0.00419558414448333,NA,NA,NA,6.32128260725288,NA,NA,NA
-70.75,42.5,5682,-70.78151,42.53502,2.63947021320302,NA,NA,NA,2.115877593076357,NA,NA,NA,0.32066749436880954,NA,NA,NA,8.099228048837313,NA,NA,NA,0.00419558414448333,NA,NA,NA,6.32128260725288,NA,NA,NA
-70.75,42.5,5682,-70.774833,42.502633,2.63947021320302,NA,NA,NA,2.115877593076357,NA,NA,NA,0.32066749436880954,NA,NA,NA,8.099228048837313,NA,NA,NA,0.00419558414448333,NA,NA,NA,6.32128260725288,NA,NA,NA
-70.5,42.25,5788,-70.47183,42.3227,1.982666414912029,NA,NA,NA,1.4175201167342484,NA,NA,NA,0.3170370083021861,NA,NA,NA,8.105407709716468,NA,NA,NA,0.0025829535017731367,NA,NA,NA,4.834288163851666,NA,NA,NA
-70.5,42.25,5788,-70.47157,42.31792,1.982666414912029,NA,NA,NA,1.4175201167342484,NA,NA,NA,0.3170370083021861,NA,NA,NA,8.105407709716468,NA,NA,NA,0.0025829535017731367,NA,NA,NA,4.834288163851666,NA,NA,NA
-70.5,42.25,5788,-70.4707,42.31831,1.982666414912029,NA,NA,NA,1.4175201167342484,NA,NA,NA,0.3170370083021861,NA,NA,NA,8.105407709716468,NA,NA,NA,0.0025829535017731367,NA,NA,NA,4.834288163851666,NA,NA,NA
-70.5,42.25,5788,-70.47036,42.322,1.982666414912029,NA,NA,NA,1.4175201167342484,NA,NA,NA,0.3170370083021861,NA,NA,NA,8.105407709716468,NA,NA,NA,0.0025829535017731367,NA,NA,NA,4.834288163851666,NA,NA,NA
-70.5,42.25,5788,-70.46893,42.31937,1.982666414912029,NA,NA,NA,1.4175201167342484,NA,NA,NA,0.3170370083021861,NA,NA,NA,8.105407709716468,NA,NA,NA,0.0025829535017731367,NA,NA,NA,4.834288163851666,NA,NA,NA
-70.5,42.75,5578,-70.61122666666667,42.75982966666667,2.280022185976787,NA,NA,NA,1.2385775485346395,NA,NA,NA,0.312352085466026,NA,NA,NA,8.100101583747454,NA,NA,NA,0.0025150115847066847,NA,NA,NA,5.381288379751226,NA,NA,NA
-70.5,43,5473,-71.00862,43.01112,2.5869654391401555,NA,NA,NA,1.4035274783770244,NA,NA,NA,0.34373620905542884,NA,NA,NA,8.093405800480996,NA,NA,NA,0.0028460401746254133,NA,NA,NA,6.272323882707986,NA,NA,NA
-70.5,43,5473,-70.768589,42.959502,2.5869654391401555,NA,NA,NA,1.4035274783770244,NA,NA,NA,0.34373620905542884,NA,NA,NA,8.093405800480996,NA,NA,NA,0.0028460401746254133,NA,NA,NA,6.272323882707986,NA,NA,NA
-70.5,43,5473,-70.749777,42.968101,2.5869654391401555,NA,NA,NA,1.4035274783770244,NA,NA,NA,0.34373620905542884,NA,NA,NA,8.093405800480996,NA,NA,NA,0.0028460401746254133,NA,NA,NA,6.272323882707986,NA,NA,NA
-70.5,43,5473,-70.736,43.112,2.5869654391401555,NA,NA,NA,1.4035274783770244,NA,NA,NA,0.34373620905542884,NA,NA,NA,8.093405800480996,NA,NA,NA,0.0028460401746254133,NA,NA,NA,6.272323882707986,NA,NA,NA
-70.5,43,5473,-70.63,43.118,2.5869654391401555,NA,NA,NA,1.4035274783770244,NA,NA,NA,0.34373620905542884,NA,NA,NA,8.093405800480996,NA,NA,NA,0.0028460401746254133,NA,NA,NA,6.272323882707986,NA,NA,NA
-70.5,43,5473,-70.6256745998415,42.967719072165,2.5869654391401555,NA,NA,NA,1.4035274783770244,NA,NA,NA,0.34373620905542884,NA,NA,NA,8.093405800480996,NA,NA,NA,0.0028460401746254133,NA,NA,NA,6.272323882707986,NA,NA,NA
-70.5,43,5473,-70.622224,43.070829,2.5869654391401555,NA,NA,NA,1.4035274783770244,NA,NA,NA,0.34373620905542884,NA,NA,NA,8.093405800480996,NA,NA,NA,0.0028460401746254133,NA,NA,NA,6.272323882707986,NA,NA,NA
-70.5,43,5473,-70.6199330370873,42.9859418235719,2.5869654391401555,NA,NA,NA,1.4035274783770244,NA,NA,NA,0.34373620905542884,NA,NA,NA,8.093405800480996,NA,NA,NA,0.0028460401746254133,NA,NA,NA,6.272323882707986,NA,NA,NA
-70.5,43,5473,-70.61969302150001,42.985661994,2.5869654391401555,NA,NA,NA,1.4035274783770244,NA,NA,NA,0.34373620905542884,NA,NA,NA,8.093405800480996,NA,NA,NA,0.0028460401746254133,NA,NA,NA,6.272323882707986,NA,NA,NA
-70.5,43,5473,-70.61940333333334,42.985323333333334,2.5869654391401555,NA,NA,NA,1.4035274783770244,NA,NA,NA,0.34373620905542884,NA,NA,NA,8.093405800480996,NA,NA,NA,0.0028460401746254133,NA,NA,NA,6.272323882707986,NA,NA,NA
-70.5,43,5473,-70.61931,42.98634833333333,2.5869654391401555,NA,NA,NA,1.4035274783770244,NA,NA,NA,0.34373620905542884,NA,NA,NA,8.093405800480996,NA,NA,NA,0.0028460401746254133,NA,NA,NA,6.272323882707986,NA,NA,NA
-70.5,43,5473,-70.6188,42.9895125,2.5869654391401555,NA,NA,NA,1.4035274783770244,NA,NA,NA,0.34373620905542884,NA,NA,NA,8.093405800480996,NA,NA,NA,0.0028460401746254133,NA,NA,NA,6.272323882707986,NA,NA,NA
-70.5,43,5473,-70.61877000000001,42.98476,2.5869654391401555,NA,NA,NA,1.4035274783770244,NA,NA,NA,0.34373620905542884,NA,NA,NA,8.093405800480996,NA,NA,NA,0.0028460401746254133,NA,NA,NA,6.272323882707986,NA,NA,NA
-70.5,43,5473,-70.61869,42.99015,2.5869654391401555,NA,NA,NA,1.4035274783770244,NA,NA,NA,0.34373620905542884,NA,NA,NA,8.093405800480996,NA,NA,NA,0.0028460401746254133,NA,NA,NA,6.272323882707986,NA,NA,NA
-70.5,43,5473,-70.618676003,42.9847199935,2.5869654391401555,NA,NA,NA,1.4035274783770244,NA,NA,NA,0.34373620905542884,NA,NA,NA,8.093405800480996,NA,NA,NA,0.0028460401746254133,NA,NA,NA,6.272323882707986,NA,NA,NA
-70.5,43,5473,-70.618576426059,42.9902022611349,2.5869654391401555,NA,NA,NA,1.4035274783770244,NA,NA,NA,0.34373620905542884,NA,NA,NA,8.093405800480996,NA,NA,NA,0.0028460401746254133,NA,NA,NA,6.272323882707986,NA,NA,NA
-70.5,43,5473,-70.61849,42.99079,2.5869654391401555,NA,NA,NA,1.4035274783770244,NA,NA,NA,0.34373620905542884,NA,NA,NA,8.093405800480996,NA,NA,NA,0.0028460401746254133,NA,NA,NA,6.272323882707986,NA,NA,NA
-70.5,43,5473,-70.61845500000001,42.984505,2.5869654391401555,NA,NA,NA,1.4035274783770244,NA,NA,NA,0.34373620905542884,NA,NA,NA,8.093405800480996,NA,NA,NA,0.0028460401746254133,NA,NA,NA,6.272323882707986,NA,NA,NA
-70.5,43,5473,-70.61831,42.99084,2.5869654391401555,NA,NA,NA,1.4035274783770244,NA,NA,NA,0.34373620905542884,NA,NA,NA,8.093405800480996,NA,NA,NA,0.0028460401746254133,NA,NA,NA,6.272323882707986,NA,NA,NA
-70.5,43,5473,-70.618179962039,42.9842899180948,2.5869654391401555,NA,NA,NA,1.4035274783770244,NA,NA,NA,0.34373620905542884,NA,NA,NA,8.093405800480996,NA,NA,NA,0.0028460401746254133,NA,NA,NA,6.272323882707986,NA,NA,NA
-70.5,43,5473,-70.61806,42.98434,2.5869654391401555,NA,NA,NA,1.4035274783770244,NA,NA,NA,0.34373620905542884,NA,NA,NA,8.093405800480996,NA,NA,NA,0.0028460401746254133,NA,NA,NA,6.272323882707986,NA,NA,NA
-70.5,43,5473,-70.618034491,42.9906409945,2.5869654391401555,NA,NA,NA,1.4035274783770244,NA,NA,NA,0.34373620905542884,NA,NA,NA,8.093405800480996,NA,NA,NA,0.0028460401746254133,NA,NA,NA,6.272323882707986,NA,NA,NA
-70.5,43,5473,-70.6179281720951,42.9878221649485,2.5869654391401555,NA,NA,NA,1.4035274783770244,NA,NA,NA,0.34373620905542884,NA,NA,NA,8.093405800480996,NA,NA,NA,0.0028460401746254133,NA,NA,NA,6.272323882707986,NA,NA,NA
-70.5,43,5473,-70.61738552525634,42.99165548756713,2.5869654391401555,NA,NA,NA,1.4035274783770244,NA,NA,NA,0.34373620905542884,NA,NA,NA,8.093405800480996,NA,NA,NA,0.0028460401746254133,NA,NA,NA,6.272323882707986,NA,NA,NA
-70.5,43,5473,-70.616975,42.992075,2.5869654391401555,NA,NA,NA,1.4035274783770244,NA,NA,NA,0.34373620905542884,NA,NA,NA,8.093405800480996,NA,NA,NA,0.0028460401746254133,NA,NA,NA,6.272323882707986,NA,NA,NA
-70.5,43,5473,-70.61671000000001,42.992155,2.5869654391401555,NA,NA,NA,1.4035274783770244,NA,NA,NA,0.34373620905542884,NA,NA,NA,8.093405800480996,NA,NA,NA,0.0028460401746254133,NA,NA,NA,6.272323882707986,NA,NA,NA
-70.5,43,5473,-70.61666500000001,42.99239,2.5869654391401555,NA,NA,NA,1.4035274783770244,NA,NA,NA,0.34373620905542884,NA,NA,NA,8.093405800480996,NA,NA,NA,0.0028460401746254133,NA,NA,NA,6.272323882707986,NA,NA,NA
-70.5,43,5473,-70.6165910045,42.992212493,2.5869654391401555,NA,NA,NA,1.4035274783770244,NA,NA,NA,0.34373620905542884,NA,NA,NA,8.093405800480996,NA,NA,NA,0.0028460401746254133,NA,NA,NA,6.272323882707986,NA,NA,NA
-70.5,43,5473,-70.616525,42.975744,2.5869654391401555,NA,NA,NA,1.4035274783770244,NA,NA,NA,0.34373620905542884,NA,NA,NA,8.093405800480996,NA,NA,NA,0.0028460401746254133,NA,NA,NA,6.272323882707986,NA,NA,NA
-70.5,43,5473,-70.6163436755105,42.9737757731959,2.5869654391401555,NA,NA,NA,1.4035274783770244,NA,NA,NA,0.34373620905542884,NA,NA,NA,8.093405800480996,NA,NA,NA,0.0028460401746254133,NA,NA,NA,6.272323882707986,NA,NA,NA
-70.5,43,5473,-70.61552,42.99315,2.5869654391401555,NA,NA,NA,1.4035274783770244,NA,NA,NA,0.34373620905542884,NA,NA,NA,8.093405800480996,NA,NA,NA,0.0028460401746254133,NA,NA,NA,6.272323882707986,NA,NA,NA
-70.5,43,5473,-70.613883985,42.99306904,2.5869654391401555,NA,NA,NA,1.4035274783770244,NA,NA,NA,0.34373620905542884,NA,NA,NA,8.093405800480996,NA,NA,NA,0.0028460401746254133,NA,NA,NA,6.272323882707986,NA,NA,NA
-70.5,43,5473,-70.61269,42.99281,2.5869654391401555,NA,NA,NA,1.4035274783770244,NA,NA,NA,0.34373620905542884,NA,NA,NA,8.093405800480996,NA,NA,NA,0.0028460401746254133,NA,NA,NA,6.272323882707986,NA,NA,NA
-70.5,43,5473,-70.61249000000001,42.99277,2.5869654391401555,NA,NA,NA,1.4035274783770244,NA,NA,NA,0.34373620905542884,NA,NA,NA,8.093405800480996,NA,NA,NA,0.0028460401746254133,NA,NA,NA,6.272323882707986,NA,NA,NA
-70.5,43,5473,-70.61183,42.99472,2.5869654391401555,NA,NA,NA,1.4035274783770244,NA,NA,NA,0.34373620905542884,NA,NA,NA,8.093405800480996,NA,NA,NA,0.0028460401746254133,NA,NA,NA,6.272323882707986,NA,NA,NA
-70.5,43,5473,-70.611665966,42.992762011,2.5869654391401555,NA,NA,NA,1.4035274783770244,NA,NA,NA,0.34373620905542884,NA,NA,NA,8.093405800480996,NA,NA,NA,0.0028460401746254133,NA,NA,NA,6.272323882707986,NA,NA,NA
-70.5,43,5473,-70.61115000000001,42.9902,2.5869654391401555,NA,NA,NA,1.4035274783770244,NA,NA,NA,0.34373620905542884,NA,NA,NA,8.093405800480996,NA,NA,NA,0.0028460401746254133,NA,NA,NA,6.272323882707986,NA,NA,NA
-70.5,43,5473,-70.61094897800001,42.990348986499995,2.5869654391401555,NA,NA,NA,1.4035274783770244,NA,NA,NA,0.34373620905542884,NA,NA,NA,8.093405800480996,NA,NA,NA,0.0028460401746254133,NA,NA,NA,6.272323882707986,NA,NA,NA
-70.5,43,5473,-70.610795,42.990405,2.5869654391401555,NA,NA,NA,1.4035274783770244,NA,NA,NA,0.34373620905542884,NA,NA,NA,8.093405800480996,NA,NA,NA,0.0028460401746254133,NA,NA,NA,6.272323882707986,NA,NA,NA
-70.5,43,5473,-70.610375,42.98966,2.5869654391401555,NA,NA,NA,1.4035274783770244,NA,NA,NA,0.34373620905542884,NA,NA,NA,8.093405800480996,NA,NA,NA,0.0028460401746254133,NA,NA,NA,6.272323882707986,NA,NA,NA
-70.5,43,5473,-70.608241,43.071741,2.5869654391401555,NA,NA,NA,1.4035274783770244,NA,NA,NA,0.34373620905542884,NA,NA,NA,8.093405800480996,NA,NA,NA,0.0028460401746254133,NA,NA,NA,6.272323882707986,NA,NA,NA
-70.5,43,5473,-70.60603,43.00588,2.5869654391401555,NA,NA,NA,1.4035274783770244,NA,NA,NA,0.34373620905542884,NA,NA,NA,8.093405800480996,NA,NA,NA,0.0028460401746254133,NA,NA,NA,6.272323882707986,NA,NA,NA
-70.5,43,5473,-70.604214,43.001839,2.5869654391401555,NA,NA,NA,1.4035274783770244,NA,NA,NA,0.34373620905542884,NA,NA,NA,8.093405800480996,NA,NA,NA,0.0028460401746254133,NA,NA,NA,6.272323882707986,NA,NA,NA
-70.5,43,5473,-70.597,43.00497,2.5869654391401555,NA,NA,NA,1.4035274783770244,NA,NA,NA,0.34373620905542884,NA,NA,NA,8.093405800480996,NA,NA,NA,0.0028460401746254133,NA,NA,NA,6.272323882707986,NA,NA,NA
-70.5,43,5473,-70.47571,43.121676,2.5869654391401555,NA,NA,NA,1.4035274783770244,NA,NA,NA,0.34373620905542884,NA,NA,NA,8.093405800480996,NA,NA,NA,0.0028460401746254133,NA,NA,NA,6.272323882707986,NA,NA,NA
-70.5,43.25,5368,-70.621,43.134,2.4436144425022985,NA,NA,NA,1.7190128680198424,NA,NA,NA,0.332838616383973,NA,NA,NA,8.10210875029205,NA,NA,NA,0.0034224151518516322,NA,NA,NA,6.576943515449442,NA,NA,NA
-70.5,43.25,5368,-70.618,43.141,2.4436144425022985,NA,NA,NA,1.7190128680198424,NA,NA,NA,0.332838616383973,NA,NA,NA,8.10210875029205,NA,NA,NA,0.0034224151518516322,NA,NA,NA,6.576943515449442,NA,NA,NA
-70.5,43.25,5368,-70.592358,43.166109,2.4436144425022985,NA,NA,NA,1.7190128680198424,NA,NA,NA,0.332838616383973,NA,NA,NA,8.10210875029205,NA,NA,NA,0.0034224151518516322,NA,NA,NA,6.576943515449442,NA,NA,NA
-70.5,43.25,5368,-70.591034,43.164158,2.4436144425022985,NA,NA,NA,1.7190128680198424,NA,NA,NA,0.332838616383973,NA,NA,NA,8.10210875029205,NA,NA,NA,0.0034224151518516322,NA,NA,NA,6.576943515449442,NA,NA,NA
-70,43.5,5265,-70.30401,43.52791,3.560486302580885,NA,NA,NA,1.3158824373317022,NA,NA,NA,0.39151173974237136,NA,NA,NA,8.082907035786619,NA,NA,NA,0.0030448197384655316,NA,NA,NA,7.918634794091665,NA,NA,NA
-70,43.5,5265,-70.30323,43.53576,3.560486302580885,NA,NA,NA,1.3158824373317022,NA,NA,NA,0.39151173974237136,NA,NA,NA,8.082907035786619,NA,NA,NA,0.0030448197384655316,NA,NA,NA,7.918634794091665,NA,NA,NA
-70,43.5,5265,-70.3032,43.5358,3.560486302580885,NA,NA,NA,1.3158824373317022,NA,NA,NA,0.39151173974237136,NA,NA,NA,8.082907035786619,NA,NA,NA,0.0030448197384655316,NA,NA,NA,7.918634794091665,NA,NA,NA
-70,43.75,5160,-70.223764,43.653528,4.647792123979138,NA,NA,NA,1.4883128231571567,NA,NA,NA,0.4100265397179511,NA,NA,NA,8.073304483967442,NA,NA,NA,0.004111002790190841,NA,NA,NA,10.022531063325943,NA,NA,NA
-70,43.75,5160,-70.08436,43.68669,4.647792123979138,NA,NA,NA,1.4883128231571567,NA,NA,NA,0.4100265397179511,NA,NA,NA,8.073304483967442,NA,NA,NA,0.004111002790190841,NA,NA,NA,10.022531063325943,NA,NA,NA
-70,43.75,5160,-70.0828,43.6915,4.647792123979138,NA,NA,NA,1.4883128231571567,NA,NA,NA,0.4100265397179511,NA,NA,NA,8.073304483967442,NA,NA,NA,0.004111002790190841,NA,NA,NA,10.022531063325943,NA,NA,NA
-70,43.75,5160,-70.082733,43.687002,4.647792123979138,NA,NA,NA,1.4883128231571567,NA,NA,NA,0.4100265397179511,NA,NA,NA,8.073304483967442,NA,NA,NA,0.004111002790190841,NA,NA,NA,10.022531063325943,NA,NA,NA
-70,43.75,5160,-69.96087,43.76509,4.647792123979138,NA,NA,NA,1.4883128231571567,NA,NA,NA,0.4100265397179511,NA,NA,NA,8.073304483967442,NA,NA,NA,0.004111002790190841,NA,NA,NA,10.022531063325943,NA,NA,NA
-70,43.75,5160,-69.95305,43.76074,4.647792123979138,NA,NA,NA,1.4883128231571567,NA,NA,NA,0.4100265397179511,NA,NA,NA,8.073304483967442,NA,NA,NA,0.004111002790190841,NA,NA,NA,10.022531063325943,NA,NA,NA
-70,43.75,5160,-69.9514,43.7651,4.647792123979138,NA,NA,NA,1.4883128231571567,NA,NA,NA,0.4100265397179511,NA,NA,NA,8.073304483967442,NA,NA,NA,0.004111002790190841,NA,NA,NA,10.022531063325943,NA,NA,NA
-70,43.75,5160,-69.9469,43.7158,4.647792123979138,NA,NA,NA,1.4883128231571567,NA,NA,NA,0.4100265397179511,NA,NA,NA,8.073304483967442,NA,NA,NA,0.004111002790190841,NA,NA,NA,10.022531063325943,NA,NA,NA
-70,43.75,5160,-69.9402,43.71212,4.647792123979138,NA,NA,NA,1.4883128231571567,NA,NA,NA,0.4100265397179511,NA,NA,NA,8.073304483967442,NA,NA,NA,0.004111002790190841,NA,NA,NA,10.022531063325943,NA,NA,NA
-70,43.75,5160,-69.9402,43.7159,4.647792123979138,NA,NA,NA,1.4883128231571567,NA,NA,NA,0.4100265397179511,NA,NA,NA,8.073304483967442,NA,NA,NA,0.004111002790190841,NA,NA,NA,10.022531063325943,NA,NA,NA
-69.75,43.75,5161,-69.6743,43.79336,4.5130588444330355,NA,NA,NA,1.419018405739979,NA,NA,NA,0.42996963265762533,NA,NA,NA,8.07127038381433,NA,NA,NA,0.0041088676605854305,NA,NA,NA,9.698517973705004,NA,NA,NA
-69.75,43.75,5161,-69.6743,43.7934,4.5130588444330355,NA,NA,NA,1.419018405739979,NA,NA,NA,0.42996963265762533,NA,NA,NA,8.07127038381433,NA,NA,NA,0.0041088676605854305,NA,NA,NA,9.698517973705004,NA,NA,NA
-69.75,43.75,5161,-69.6682,43.7934,4.5130588444330355,NA,NA,NA,1.419018405739979,NA,NA,NA,0.42996963265762533,NA,NA,NA,8.07127038381433,NA,NA,NA,0.0041088676605854305,NA,NA,NA,9.698517973705004,NA,NA,NA
-69.75,43.75,5161,-69.64226,43.82497,4.5130588444330355,NA,NA,NA,1.419018405739979,NA,NA,NA,0.42996963265762533,NA,NA,NA,8.07127038381433,NA,NA,NA,0.0041088676605854305,NA,NA,NA,9.698517973705004,NA,NA,NA
-69.75,43.75,5161,-69.6401,43.82947,4.5130588444330355,NA,NA,NA,1.419018405739979,NA,NA,NA,0.42996963265762533,NA,NA,NA,8.07127038381433,NA,NA,NA,0.0041088676605854305,NA,NA,NA,9.698517973705004,NA,NA,NA
-69.75,43.75,5161,-69.63938,43.82462,4.5130588444330355,NA,NA,NA,1.419018405739979,NA,NA,NA,0.42996963265762533,NA,NA,NA,8.07127038381433,NA,NA,NA,0.0041088676605854305,NA,NA,NA,9.698517973705004,NA,NA,NA
-69.5,43.75,5162,-69.6188,43.82211,4.307315511088217,NA,NA,NA,1.3427300344231308,NA,NA,NA,0.4558580126813663,NA,NA,NA,8.067970429697345,NA,NA,NA,0.0037179086883101734,NA,NA,NA,9.263100324138518,NA,NA,NA
-69.5,43.75,5162,-69.6167,43.8287,4.307315511088217,NA,NA,NA,1.3427300344231308,NA,NA,NA,0.4558580126813663,NA,NA,NA,8.067970429697345,NA,NA,NA,0.0037179086883101734,NA,NA,NA,9.263100324138518,NA,NA,NA
-69.5,43.75,5162,-69.61182,43.820496,4.307315511088217,NA,NA,NA,1.3427300344231308,NA,NA,NA,0.4558580126813663,NA,NA,NA,8.067970429697345,NA,NA,NA,0.0037179086883101734,NA,NA,NA,9.263100324138518,NA,NA,NA
-69.5,43.75,5162,-69.6031,43.79359,4.307315511088217,NA,NA,NA,1.3427300344231308,NA,NA,NA,0.4558580126813663,NA,NA,NA,8.067970429697345,NA,NA,NA,0.0037179086883101734,NA,NA,NA,9.263100324138518,NA,NA,NA
-69.5,43.75,5162,-69.6022,43.76666,4.307315511088217,NA,NA,NA,1.3427300344231308,NA,NA,NA,0.4558580126813663,NA,NA,NA,8.067970429697345,NA,NA,NA,0.0037179086883101734,NA,NA,NA,9.263100324138518,NA,NA,NA
-69.5,43.75,5162,-69.60166,43.7933,4.307315511088217,NA,NA,NA,1.3427300344231308,NA,NA,NA,0.4558580126813663,NA,NA,NA,8.067970429697345,NA,NA,NA,0.0037179086883101734,NA,NA,NA,9.263100324138518,NA,NA,NA
-69.5,43.75,5162,-69.5997,43.7891,4.307315511088217,NA,NA,NA,1.3427300344231308,NA,NA,NA,0.4558580126813663,NA,NA,NA,8.067970429697345,NA,NA,NA,0.0037179086883101734,NA,NA,NA,9.263100324138518,NA,NA,NA
-69.5,43.75,5162,-69.59834,43.79362,4.307315511088217,NA,NA,NA,1.3427300344231308,NA,NA,NA,0.4558580126813663,NA,NA,NA,8.067970429697345,NA,NA,NA,0.0037179086883101734,NA,NA,NA,9.263100324138518,NA,NA,NA
-69.5,43.75,5162,-69.5885,43.77564,4.307315511088217,NA,NA,NA,1.3427300344231308,NA,NA,NA,0.4558580126813663,NA,NA,NA,8.067970429697345,NA,NA,NA,0.0037179086883101734,NA,NA,NA,9.263100324138518,NA,NA,NA
-69.5,43.75,5162,-69.586964,43.771149,4.307315511088217,NA,NA,NA,1.3427300344231308,NA,NA,NA,0.4558580126813663,NA,NA,NA,8.067970429697345,NA,NA,NA,0.0037179086883101734,NA,NA,NA,9.263100324138518,NA,NA,NA
-69.5,43.75,5162,-69.5803,43.77567,4.307315511088217,NA,NA,NA,1.3427300344231308,NA,NA,NA,0.4558580126813663,NA,NA,NA,8.067970429697345,NA,NA,NA,0.0037179086883101734,NA,NA,NA,9.263100324138518,NA,NA,NA
-69.5,43.75,5162,-69.5516,43.8166,4.307315511088217,NA,NA,NA,1.3427300344231308,NA,NA,NA,0.4558580126813663,NA,NA,NA,8.067970429697345,NA,NA,NA,0.0037179086883101734,NA,NA,NA,9.263100324138518,NA,NA,NA
-69.5,43.75,5162,-69.53466,43.86489,4.307315511088217,NA,NA,NA,1.3427300344231308,NA,NA,NA,0.4558580126813663,NA,NA,NA,8.067970429697345,NA,NA,NA,0.0037179086883101734,NA,NA,NA,9.263100324138518,NA,NA,NA
-69.5,43.75,5162,-69.5336,43.8698,4.307315511088217,NA,NA,NA,1.3427300344231308,NA,NA,NA,0.4558580126813663,NA,NA,NA,8.067970429697345,NA,NA,NA,0.0037179086883101734,NA,NA,NA,9.263100324138518,NA,NA,NA
-69.5,43.75,5162,-69.529659,43.862259,4.307315511088217,NA,NA,NA,1.3427300344231308,NA,NA,NA,0.4558580126813663,NA,NA,NA,8.067970429697345,NA,NA,NA,0.0037179086883101734,NA,NA,NA,9.263100324138518,NA,NA,NA
-69.5,43.75,5162,-69.5166,43.83361,4.307315511088217,NA,NA,NA,1.3427300344231308,NA,NA,NA,0.4558580126813663,NA,NA,NA,8.067970429697345,NA,NA,NA,0.0037179086883101734,NA,NA,NA,9.263100324138518,NA,NA,NA
-69.5,43.75,5162,-69.506934,43.835355,4.307315511088217,NA,NA,NA,1.3427300344231308,NA,NA,NA,0.4558580126813663,NA,NA,NA,8.067970429697345,NA,NA,NA,0.0037179086883101734,NA,NA,NA,9.263100324138518,NA,NA,NA
-69.5,43.75,5162,-69.4708,43.8886,4.307315511088217,NA,NA,NA,1.3427300344231308,NA,NA,NA,0.4558580126813663,NA,NA,NA,8.067970429697345,NA,NA,NA,0.0037179086883101734,NA,NA,NA,9.263100324138518,NA,NA,NA
-69.5,43.75,5162,-69.46879,43.88809,4.307315511088217,NA,NA,NA,1.3427300344231308,NA,NA,NA,0.4558580126813663,NA,NA,NA,8.067970429697345,NA,NA,NA,0.0037179086883101734,NA,NA,NA,9.263100324138518,NA,NA,NA
-69.5,43.75,5162,-69.4653,43.8942,4.307315511088217,NA,NA,NA,1.3427300344231308,NA,NA,NA,0.4558580126813663,NA,NA,NA,8.067970429697345,NA,NA,NA,0.0037179086883101734,NA,NA,NA,9.263100324138518,NA,NA,NA
-69.5,43.75,5162,-69.4409,43.8887,4.307315511088217,NA,NA,NA,1.3427300344231308,NA,NA,NA,0.4558580126813663,NA,NA,NA,8.067970429697345,NA,NA,NA,0.0037179086883101734,NA,NA,NA,9.263100324138518,NA,NA,NA
-69.5,43.75,5162,-69.439068,43.884171,4.307315511088217,NA,NA,NA,1.3427300344231308,NA,NA,NA,0.4558580126813663,NA,NA,NA,8.067970429697345,NA,NA,NA,0.0037179086883101734,NA,NA,NA,9.263100324138518,NA,NA,NA
-69.5,43.75,5162,-69.4331,43.88869,4.307315511088217,NA,NA,NA,1.3427300344231308,NA,NA,NA,0.4558580126813663,NA,NA,NA,8.067970429697345,NA,NA,NA,0.0037179086883101734,NA,NA,NA,9.263100324138518,NA,NA,NA
-69.5,43.75,5162,-69.3828,43.91136,4.307315511088217,NA,NA,NA,1.3427300344231308,NA,NA,NA,0.4558580126813663,NA,NA,NA,8.067970429697345,NA,NA,NA,0.0037179086883101734,NA,NA,NA,9.263100324138518,NA,NA,NA
-69.5,43.75,5162,-69.381,43.9147,4.307315511088217,NA,NA,NA,1.3427300344231308,NA,NA,NA,0.4558580126813663,NA,NA,NA,8.067970429697345,NA,NA,NA,0.0037179086883101734,NA,NA,NA,9.263100324138518,NA,NA,NA
-69.5,43.75,5162,-69.37804,43.91571,4.307315511088217,NA,NA,NA,1.3427300344231308,NA,NA,NA,0.4558580126813663,NA,NA,NA,8.067970429697345,NA,NA,NA,0.0037179086883101734,NA,NA,NA,9.263100324138518,NA,NA,NA
-69.5,43.75,5162,-69.378,43.9159,4.307315511088217,NA,NA,NA,1.3427300344231308,NA,NA,NA,0.4558580126813663,NA,NA,NA,8.067970429697345,NA,NA,NA,0.0037179086883101734,NA,NA,NA,9.263100324138518,NA,NA,NA
-69.25,43.75,5163,-69.2962,43.8711,3.9623893063555484,NA,NA,NA,1.2847180424198028,NA,NA,NA,0.4730085280313287,NA,NA,NA,8.067131104007844,NA,NA,NA,0.002878141372905223,NA,NA,NA,8.652492917994017,NA,NA,NA
-69.25,43.75,5163,-69.1288,43.8679,3.9623893063555484,NA,NA,NA,1.2847180424198028,NA,NA,NA,0.4730085280313287,NA,NA,NA,8.067131104007844,NA,NA,NA,0.002878141372905223,NA,NA,NA,8.652492917994017,NA,NA,NA
-69.25,43.75,5163,-69.1277,43.8626,3.9623893063555484,NA,NA,NA,1.2847180424198028,NA,NA,NA,0.4730085280313287,NA,NA,NA,8.067131104007844,NA,NA,NA,0.002878141372905223,NA,NA,NA,8.652492917994017,NA,NA,NA
-69,43,5479,-68.94351,42.89058,1.2167908313774294,NA,NA,NA,0.8146199739427977,NA,NA,NA,0.275641574974983,NA,NA,NA,8.114477444720524,NA,NA,NA,8.211469863571467e-4,NA,NA,NA,3.502248788392672,NA,NA,NA
-69,43.75,5164,-69.12148,43.86717,3.767120369659957,NA,NA,NA,1.2611395633348854,NA,NA,NA,0.4726058691740036,NA,NA,NA,8.069571894984092,NA,NA,NA,0.0025266156248968615,NA,NA,NA,8.284040879177791,NA,NA,NA
-69,44,5059,-69.3146,43.9116,3.60502480306933,NA,NA,NA,1.625403005589721,NA,NA,NA,0.43849148352940875,NA,NA,NA,8.075463638510755,NA,NA,NA,0.004262280177264925,NA,NA,NA,9.644405775172736,NA,NA,NA
-69,44,5059,-69.3146,43.9196,3.60502480306933,NA,NA,NA,1.625403005589721,NA,NA,NA,0.43849148352940875,NA,NA,NA,8.075463638510755,NA,NA,NA,0.004262280177264925,NA,NA,NA,9.644405775172736,NA,NA,NA
-69,44,5059,-69.3091,43.9194,3.60502480306933,NA,NA,NA,1.625403005589721,NA,NA,NA,0.43849148352940875,NA,NA,NA,8.075463638510755,NA,NA,NA,0.004262280177264925,NA,NA,NA,9.644405775172736,NA,NA,NA
-69,44,5059,-69.30907,43.91941,3.60502480306933,NA,NA,NA,1.625403005589721,NA,NA,NA,0.43849148352940875,NA,NA,NA,8.075463638510755,NA,NA,NA,0.004262280177264925,NA,NA,NA,9.644405775172736,NA,NA,NA
-69,44,5059,-69.306309,43.875586,3.60502480306933,NA,NA,NA,1.625403005589721,NA,NA,NA,0.43849148352940875,NA,NA,NA,8.075463638510755,NA,NA,NA,0.004262280177264925,NA,NA,NA,9.644405775172736,NA,NA,NA
-69,44,5059,-69.3008,43.934,3.60502480306933,NA,NA,NA,1.625403005589721,NA,NA,NA,0.43849148352940875,NA,NA,NA,8.075463638510755,NA,NA,NA,0.004262280177264925,NA,NA,NA,9.644405775172736,NA,NA,NA
-69,44,5059,-69.30068,43.93412,3.60502480306933,NA,NA,NA,1.625403005589721,NA,NA,NA,0.43849148352940875,NA,NA,NA,8.075463638510755,NA,NA,NA,0.004262280177264925,NA,NA,NA,9.644405775172736,NA,NA,NA
-69,44,5059,-69.2948,43.87561,3.60502480306933,NA,NA,NA,1.625403005589721,NA,NA,NA,0.43849148352940875,NA,NA,NA,8.075463638510755,NA,NA,NA,0.004262280177264925,NA,NA,NA,9.644405775172736,NA,NA,NA
-69,44,5059,-69.2937,43.93324,3.60502480306933,NA,NA,NA,1.625403005589721,NA,NA,NA,0.43849148352940875,NA,NA,NA,8.075463638510755,NA,NA,NA,0.004262280177264925,NA,NA,NA,9.644405775172736,NA,NA,NA
-69,44,5059,-69.270683,43.9027,3.60502480306933,NA,NA,NA,1.625403005589721,NA,NA,NA,0.43849148352940875,NA,NA,NA,8.075463638510755,NA,NA,NA,0.004262280177264925,NA,NA,NA,9.644405775172736,NA,NA,NA
-69,44,5059,-69.2706,43.9027,3.60502480306933,NA,NA,NA,1.625403005589721,NA,NA,NA,0.43849148352940875,NA,NA,NA,8.075463638510755,NA,NA,NA,0.004262280177264925,NA,NA,NA,9.644405775172736,NA,NA,NA
-69,44,5059,-69.2705,43.9072,3.60502480306933,NA,NA,NA,1.625403005589721,NA,NA,NA,0.43849148352940875,NA,NA,NA,8.075463638510755,NA,NA,NA,0.004262280177264925,NA,NA,NA,9.644405775172736,NA,NA,NA
-69,44,5059,-69.12922,43.88965,3.60502480306933,NA,NA,NA,1.625403005589721,NA,NA,NA,0.43849148352940875,NA,NA,NA,8.075463638510755,NA,NA,NA,0.004262280177264925,NA,NA,NA,9.644405775172736,NA,NA,NA
-69,44,5059,-69.1282,43.8942,3.60502480306933,NA,NA,NA,1.625403005589721,NA,NA,NA,0.43849148352940875,NA,NA,NA,8.075463638510755,NA,NA,NA,0.004262280177264925,NA,NA,NA,9.644405775172736,NA,NA,NA
-69,44,5059,-69.1201,43.8897,3.60502480306933,NA,NA,NA,1.625403005589721,NA,NA,NA,0.43849148352940875,NA,NA,NA,8.075463638510755,NA,NA,NA,0.004262280177264925,NA,NA,NA,9.644405775172736,NA,NA,NA
-69,44,5059,-69.12,43.8939,3.60502480306933,NA,NA,NA,1.625403005589721,NA,NA,NA,0.43849148352940875,NA,NA,NA,8.075463638510755,NA,NA,NA,0.004262280177264925,NA,NA,NA,9.644405775172736,NA,NA,NA
-69,44,5059,-69.0903,43.9798,3.60502480306933,NA,NA,NA,1.625403005589721,NA,NA,NA,0.43849148352940875,NA,NA,NA,8.075463638510755,NA,NA,NA,0.004262280177264925,NA,NA,NA,9.644405775172736,NA,NA,NA
-69,44,5059,-69.0841,43.9753,3.60502480306933,NA,NA,NA,1.625403005589721,NA,NA,NA,0.43849148352940875,NA,NA,NA,8.075463638510755,NA,NA,NA,0.004262280177264925,NA,NA,NA,9.644405775172736,NA,NA,NA
-69,44,5059,-69.08408,43.97532,3.60502480306933,NA,NA,NA,1.625403005589721,NA,NA,NA,0.43849148352940875,NA,NA,NA,8.075463638510755,NA,NA,NA,0.004262280177264925,NA,NA,NA,9.644405775172736,NA,NA,NA
-69,44,5059,-69.07162,44.02038,3.60502480306933,NA,NA,NA,1.625403005589721,NA,NA,NA,0.43849148352940875,NA,NA,NA,8.075463638510755,NA,NA,NA,0.004262280177264925,NA,NA,NA,9.644405775172736,NA,NA,NA
-69,44,5059,-69.0716,44.0234,3.60502480306933,NA,NA,NA,1.625403005589721,NA,NA,NA,0.43849148352940875,NA,NA,NA,8.075463638510755,NA,NA,NA,0.004262280177264925,NA,NA,NA,9.644405775172736,NA,NA,NA
-69,44,5059,-69.0657,44.02,3.60502480306933,NA,NA,NA,1.625403005589721,NA,NA,NA,0.43849148352940875,NA,NA,NA,8.075463638510755,NA,NA,NA,0.004262280177264925,NA,NA,NA,9.644405775172736,NA,NA,NA
-69,44,5059,-69.0653,43.9709,3.60502480306933,NA,NA,NA,1.625403005589721,NA,NA,NA,0.43849148352940875,NA,NA,NA,8.075463638510755,NA,NA,NA,0.004262280177264925,NA,NA,NA,9.644405775172736,NA,NA,NA
-69,44,5059,-69.0653,43.9754,3.60502480306933,NA,NA,NA,1.625403005589721,NA,NA,NA,0.43849148352940875,NA,NA,NA,8.075463638510755,NA,NA,NA,0.004262280177264925,NA,NA,NA,9.644405775172736,NA,NA,NA
-69,44,5059,-69.0613,43.9718,3.60502480306933,NA,NA,NA,1.625403005589721,NA,NA,NA,0.43849148352940875,NA,NA,NA,8.075463638510755,NA,NA,NA,0.004262280177264925,NA,NA,NA,9.644405775172736,NA,NA,NA
-69,44,5059,-69.0526,44.0743,3.60502480306933,NA,NA,NA,1.625403005589721,NA,NA,NA,0.43849148352940875,NA,NA,NA,8.075463638510755,NA,NA,NA,0.004262280177264925,NA,NA,NA,9.644405775172736,NA,NA,NA
-69,44,5059,-69.0521,44.079,3.60502480306933,NA,NA,NA,1.625403005589721,NA,NA,NA,0.43849148352940875,NA,NA,NA,8.075463638510755,NA,NA,NA,0.004262280177264925,NA,NA,NA,9.644405775172736,NA,NA,NA
-69,44,5059,-69.04713,44.07907,3.60502480306933,NA,NA,NA,1.625403005589721,NA,NA,NA,0.43849148352940875,NA,NA,NA,8.075463638510755,NA,NA,NA,0.004262280177264925,NA,NA,NA,9.644405775172736,NA,NA,NA
-69,44,5059,-69.0471,44.0791,3.60502480306933,NA,NA,NA,1.625403005589721,NA,NA,NA,0.43849148352940875,NA,NA,NA,8.075463638510755,NA,NA,NA,0.004262280177264925,NA,NA,NA,9.644405775172736,NA,NA,NA
-69,44,5059,-69.0469,44.07448,3.60502480306933,NA,NA,NA,1.625403005589721,NA,NA,NA,0.43849148352940875,NA,NA,NA,8.075463638510755,NA,NA,NA,0.004262280177264925,NA,NA,NA,9.644405775172736,NA,NA,NA
-69,44,5059,-69.0407,44.07,3.60502480306933,NA,NA,NA,1.625403005589721,NA,NA,NA,0.43849148352940875,NA,NA,NA,8.075463638510755,NA,NA,NA,0.004262280177264925,NA,NA,NA,9.644405775172736,NA,NA,NA
-69,44,5059,-69.0407,44.0737,3.60502480306933,NA,NA,NA,1.625403005589721,NA,NA,NA,0.43849148352940875,NA,NA,NA,8.075463638510755,NA,NA,NA,0.004262280177264925,NA,NA,NA,9.644405775172736,NA,NA,NA
-69,44,5059,-69.03446,44.07453,3.60502480306933,NA,NA,NA,1.625403005589721,NA,NA,NA,0.43849148352940875,NA,NA,NA,8.075463638510755,NA,NA,NA,0.004262280177264925,NA,NA,NA,9.644405775172736,NA,NA,NA
-69,44,5059,-68.89541,44.03941,3.60502480306933,NA,NA,NA,1.625403005589721,NA,NA,NA,0.43849148352940875,NA,NA,NA,8.075463638510755,NA,NA,NA,0.004262280177264925,NA,NA,NA,9.644405775172736,NA,NA,NA
-69,44,5059,-68.892833,44.039867,3.60502480306933,NA,NA,NA,1.625403005589721,NA,NA,NA,0.43849148352940875,NA,NA,NA,8.075463638510755,NA,NA,NA,0.004262280177264925,NA,NA,NA,9.644405775172736,NA,NA,NA
-69,44,5059,-68.89277233333334,44.04001133333333,3.60502480306933,NA,NA,NA,1.625403005589721,NA,NA,NA,0.43849148352940875,NA,NA,NA,8.075463638510755,NA,NA,NA,0.004262280177264925,NA,NA,NA,9.644405775172736,NA,NA,NA
-69,44,5059,-68.89272,44.03881,3.60502480306933,NA,NA,NA,1.625403005589721,NA,NA,NA,0.43849148352940875,NA,NA,NA,8.075463638510755,NA,NA,NA,0.004262280177264925,NA,NA,NA,9.644405775172736,NA,NA,NA
-69,44,5059,-68.891345,44.0404,3.60502480306933,NA,NA,NA,1.625403005589721,NA,NA,NA,0.43849148352940875,NA,NA,NA,8.075463638510755,NA,NA,NA,0.004262280177264925,NA,NA,NA,9.644405775172736,NA,NA,NA
-69,44.25,4954,-69.0611,44.1719,3.771259929544182,NA,NA,NA,1.8448938330014546,NA,NA,NA,0.39140466592645135,NA,NA,NA,8.069211539401802,NA,NA,NA,0.005293345707218333,NA,NA,NA,12.179672307865594,NA,NA,NA
-69,44.25,4954,-69.0609,44.17202,3.771259929544182,NA,NA,NA,1.8448938330014546,NA,NA,NA,0.39140466592645135,NA,NA,NA,8.069211539401802,NA,NA,NA,0.005293345707218333,NA,NA,NA,12.179672307865594,NA,NA,NA
-69,44.25,4954,-69.05934,44.16448,3.771259929544182,NA,NA,NA,1.8448938330014546,NA,NA,NA,0.39140466592645135,NA,NA,NA,8.069211539401802,NA,NA,NA,0.005293345707218333,NA,NA,NA,12.179672307865594,NA,NA,NA
-69,44.25,4954,-69.057,44.1722,3.771259929544182,NA,NA,NA,1.8448938330014546,NA,NA,NA,0.39140466592645135,NA,NA,NA,8.069211539401802,NA,NA,NA,0.005293345707218333,NA,NA,NA,12.179672307865594,NA,NA,NA
-69,44.25,4954,-68.95551,44.20083,3.771259929544182,NA,NA,NA,1.8448938330014546,NA,NA,NA,0.39140466592645135,NA,NA,NA,8.069211539401802,NA,NA,NA,0.005293345707218333,NA,NA,NA,12.179672307865594,NA,NA,NA
-69,44.25,4954,-68.9553,44.2015,3.771259929544182,NA,NA,NA,1.8448938330014546,NA,NA,NA,0.39140466592645135,NA,NA,NA,8.069211539401802,NA,NA,NA,0.005293345707218333,NA,NA,NA,12.179672307865594,NA,NA,NA
-69,44.25,4954,-68.95215,44.20533,3.771259929544182,NA,NA,NA,1.8448938330014546,NA,NA,NA,0.39140466592645135,NA,NA,NA,8.069211539401802,NA,NA,NA,0.005293345707218333,NA,NA,NA,12.179672307865594,NA,NA,NA
-68.75,44,5060,-68.86120004,44.02460002,3.337464761349463,NA,NA,NA,1.5446184860762728,NA,NA,NA,0.43382451194588856,NA,NA,NA,8.079036599846296,NA,NA,NA,0.003524527559557589,NA,NA,NA,9.029023098689253,NA,NA,NA
-68.75,44,5060,-68.8612,44.0246,3.337464761349463,NA,NA,NA,1.5446184860762728,NA,NA,NA,0.43382451194588856,NA,NA,NA,8.079036599846296,NA,NA,NA,0.003524527559557589,NA,NA,NA,9.029023098689253,NA,NA,NA
-68.75,44,5060,-68.8532,44.0256,3.337464761349463,NA,NA,NA,1.5446184860762728,NA,NA,NA,0.43382451194588856,NA,NA,NA,8.079036599846296,NA,NA,NA,0.003524527559557589,NA,NA,NA,9.029023098689253,NA,NA,NA
-68.75,44,5060,-68.67213,44.06534,3.337464761349463,NA,NA,NA,1.5446184860762728,NA,NA,NA,0.43382451194588856,NA,NA,NA,8.079036599846296,NA,NA,NA,0.003524527559557589,NA,NA,NA,9.029023098689253,NA,NA,NA
-68.75,44,5060,-68.6709,44.0731,3.337464761349463,NA,NA,NA,1.5446184860762728,NA,NA,NA,0.43382451194588856,NA,NA,NA,8.079036599846296,NA,NA,NA,0.003524527559557589,NA,NA,NA,9.029023098689253,NA,NA,NA
-68.75,44,5060,-68.65365,44.00269,3.337464761349463,NA,NA,NA,1.5446184860762728,NA,NA,NA,0.43382451194588856,NA,NA,NA,8.079036599846296,NA,NA,NA,0.003524527559557589,NA,NA,NA,9.029023098689253,NA,NA,NA
-68.75,44,5060,-68.65243,44.005,3.337464761349463,NA,NA,NA,1.5446184860762728,NA,NA,NA,0.43382451194588856,NA,NA,NA,8.079036599846296,NA,NA,NA,0.003524527559557589,NA,NA,NA,9.029023098689253,NA,NA,NA
-68.75,44.25,4955,-68.8086,44.3724,4.021886658924882,NA,NA,NA,1.877497422438796,NA,NA,NA,0.3879386056014287,NA,NA,NA,8.065348373946323,NA,NA,NA,0.005412108267367047,NA,NA,NA,12.931610738077472,NA,NA,NA
-68.75,44.25,4955,-68.8022,44.3723,4.021886658924882,NA,NA,NA,1.877497422438796,NA,NA,NA,0.3879386056014287,NA,NA,NA,8.065348373946323,NA,NA,NA,0.005412108267367047,NA,NA,NA,12.931610738077472,NA,NA,NA
-68.75,44.25,4955,-68.7986,44.3762,4.021886658924882,NA,NA,NA,1.877497422438796,NA,NA,NA,0.3879386056014287,NA,NA,NA,8.065348373946323,NA,NA,NA,0.005412108267367047,NA,NA,NA,12.931610738077472,NA,NA,NA
-68.75,44.25,4955,-68.7964,44.1928,4.021886658924882,NA,NA,NA,1.877497422438796,NA,NA,NA,0.3879386056014287,NA,NA,NA,8.065348373946323,NA,NA,NA,0.005412108267367047,NA,NA,NA,12.931610738077472,NA,NA,NA
-68.75,44.25,4955,-68.7842,44.1911,4.021886658924882,NA,NA,NA,1.877497422438796,NA,NA,NA,0.3879386056014287,NA,NA,NA,8.065348373946323,NA,NA,NA,0.005412108267367047,NA,NA,NA,12.931610738077472,NA,NA,NA
-68.75,44.25,4955,-68.78413,44.191160000000004,4.021886658924882,NA,NA,NA,1.877497422438796,NA,NA,NA,0.3879386056014287,NA,NA,NA,8.065348373946323,NA,NA,NA,0.005412108267367047,NA,NA,NA,12.931610738077472,NA,NA,NA
-68.5,44,5061,-68.60991,44.0199,3.156195360486225,NA,NA,NA,1.408277787188048,NA,NA,NA,0.4309701081565631,NA,NA,NA,8.080243987421836,NA,NA,NA,0.0028250558897652614,NA,NA,NA,8.214151395264492,NA,NA,NA
-68.5,44,5061,-68.609039,44.015404,3.156195360486225,NA,NA,NA,1.408277787188048,NA,NA,NA,0.4309701081565631,NA,NA,NA,8.080243987421836,NA,NA,NA,0.0028250558897652614,NA,NA,NA,8.214151395264492,NA,NA,NA
-68.5,44,5061,-68.6078,44.0149,3.156195360486225,NA,NA,NA,1.408277787188048,NA,NA,NA,0.4309701081565631,NA,NA,NA,8.080243987421836,NA,NA,NA,0.0028250558897652614,NA,NA,NA,8.214151395264492,NA,NA,NA
-68.5,44,5061,-68.5848,44.0603,3.156195360486225,NA,NA,NA,1.408277787188048,NA,NA,NA,0.4309701081565631,NA,NA,NA,8.080243987421836,NA,NA,NA,0.0028250558897652614,NA,NA,NA,8.214151395264492,NA,NA,NA
-68.5,44,5061,-68.578571,44.055712,3.156195360486225,NA,NA,NA,1.408277787188048,NA,NA,NA,0.4309701081565631,NA,NA,NA,8.080243987421836,NA,NA,NA,0.0028250558897652614,NA,NA,NA,8.214151395264492,NA,NA,NA
-68.5,44,5061,-68.5785,44.0602,3.156195360486225,NA,NA,NA,1.408277787188048,NA,NA,NA,0.4309701081565631,NA,NA,NA,8.080243987421836,NA,NA,NA,0.0028250558897652614,NA,NA,NA,8.214151395264492,NA,NA,NA
-68.5,44,5061,-68.48462,44.09559,3.156195360486225,NA,NA,NA,1.408277787188048,NA,NA,NA,0.4309701081565631,NA,NA,NA,8.080243987421836,NA,NA,NA,0.0028250558897652614,NA,NA,NA,8.214151395264492,NA,NA,NA
-68.5,44,5061,-68.4846,44.1001,3.156195360486225,NA,NA,NA,1.408277787188048,NA,NA,NA,0.4309701081565631,NA,NA,NA,8.080243987421836,NA,NA,NA,0.0028250558897652614,NA,NA,NA,8.214151395264492,NA,NA,NA
-68.5,44,5061,-68.4789,44.0999,3.156195360486225,NA,NA,NA,1.408277787188048,NA,NA,NA,0.4309701081565631,NA,NA,NA,8.080243987421836,NA,NA,NA,0.0028250558897652614,NA,NA,NA,8.214151395264492,NA,NA,NA
-68.5,44.25,4956,-68.6139,44.1575,4.153609239926902,NA,NA,NA,1.8541655194374822,NA,NA,NA,0.39615424834592367,NA,NA,NA,8.06227856810375,NA,NA,NA,0.005077583597652534,NA,NA,NA,12.804767583006171,NA,NA,NA
-68.5,44.25,4956,-68.61084,44.15751,4.153609239926902,NA,NA,NA,1.8541655194374822,NA,NA,NA,0.39615424834592367,NA,NA,NA,8.06227856810375,NA,NA,NA,0.005077583597652534,NA,NA,NA,12.804767583006171,NA,NA,NA
-68.5,44.25,4956,-68.6092,44.15495,4.153609239926902,NA,NA,NA,1.8541655194374822,NA,NA,NA,0.39615424834592367,NA,NA,NA,8.06227856810375,NA,NA,NA,0.005077583597652534,NA,NA,NA,12.804767583006171,NA,NA,NA
-68.5,44.25,4956,-68.58426,44.14128,4.153609239926902,NA,NA,NA,1.8541655194374822,NA,NA,NA,0.39615424834592367,NA,NA,NA,8.06227856810375,NA,NA,NA,0.005077583597652534,NA,NA,NA,12.804767583006171,NA,NA,NA
-68.5,44.25,4956,-68.5842,44.1491,4.153609239926902,NA,NA,NA,1.8541655194374822,NA,NA,NA,0.39615424834592367,NA,NA,NA,8.06227856810375,NA,NA,NA,0.005077583597652534,NA,NA,NA,12.804767583006171,NA,NA,NA
-68.5,44.25,4956,-68.5841,44.15877,4.153609239926902,NA,NA,NA,1.8541655194374822,NA,NA,NA,0.39615424834592367,NA,NA,NA,8.06227856810375,NA,NA,NA,0.005077583597652534,NA,NA,NA,12.804767583006171,NA,NA,NA
-68.5,44.25,4956,-68.5783,44.1555,4.153609239926902,NA,NA,NA,1.8541655194374822,NA,NA,NA,0.39615424834592367,NA,NA,NA,8.06227856810375,NA,NA,NA,0.005077583597652534,NA,NA,NA,12.804767583006171,NA,NA,NA
-68.5,44.25,4956,-68.578,44.1457,4.153609239926902,NA,NA,NA,1.8541655194374822,NA,NA,NA,0.39615424834592367,NA,NA,NA,8.06227856810375,NA,NA,NA,0.005077583597652534,NA,NA,NA,12.804767583006171,NA,NA,NA
-68.5,44.25,4956,-68.5777,44.159,4.153609239926902,NA,NA,NA,1.8541655194374822,NA,NA,NA,0.39615424834592367,NA,NA,NA,8.06227856810375,NA,NA,NA,0.005077583597652534,NA,NA,NA,12.804767583006171,NA,NA,NA
-68.5,44.25,4956,-68.49663,44.16329,4.153609239926902,NA,NA,NA,1.8541655194374822,NA,NA,NA,0.39615424834592367,NA,NA,NA,8.06227856810375,NA,NA,NA,0.005077583597652534,NA,NA,NA,12.804767583006171,NA,NA,NA
-68.5,44.25,4956,-68.49657,44.16321,4.153609239926902,NA,NA,NA,1.8541655194374822,NA,NA,NA,0.39615424834592367,NA,NA,NA,8.06227856810375,NA,NA,NA,0.005077583597652534,NA,NA,NA,12.804767583006171,NA,NA,NA
-68.5,44.25,4956,-68.494,44.1667,4.153609239926902,NA,NA,NA,1.8541655194374822,NA,NA,NA,0.39615424834592367,NA,NA,NA,8.06227856810375,NA,NA,NA,0.005077583597652534,NA,NA,NA,12.804767583006171,NA,NA,NA
-68.5,44.25,4956,-68.47401,44.37805,4.153609239926902,NA,NA,NA,1.8541655194374822,NA,NA,NA,0.39615424834592367,NA,NA,NA,8.06227856810375,NA,NA,NA,0.005077583597652534,NA,NA,NA,12.804767583006171,NA,NA,NA
-68.5,44.25,4956,-68.4696,44.378,4.153609239926902,NA,NA,NA,1.8541655194374822,NA,NA,NA,0.39615424834592367,NA,NA,NA,8.06227856810375,NA,NA,NA,0.005077583597652534,NA,NA,NA,12.804767583006171,NA,NA,NA
-68.5,44.25,4956,-68.4637,44.3791,4.153609239926902,NA,NA,NA,1.8541655194374822,NA,NA,NA,0.39615424834592367,NA,NA,NA,8.06227856810375,NA,NA,NA,0.005077583597652534,NA,NA,NA,12.804767583006171,NA,NA,NA
-68.5,44.25,4956,-68.43279,44.29333,4.153609239926902,NA,NA,NA,1.8541655194374822,NA,NA,NA,0.39615424834592367,NA,NA,NA,8.06227856810375,NA,NA,NA,0.005077583597652534,NA,NA,NA,12.804767583006171,NA,NA,NA
-68.5,44.25,4956,-68.43277,44.29782,4.153609239926902,NA,NA,NA,1.8541655194374822,NA,NA,NA,0.39615424834592367,NA,NA,NA,8.06227856810375,NA,NA,NA,0.005077583597652534,NA,NA,NA,12.804767583006171,NA,NA,NA
-68.5,44.25,4956,-68.4275,44.2933,4.153609239926902,NA,NA,NA,1.8541655194374822,NA,NA,NA,0.39615424834592367,NA,NA,NA,8.06227856810375,NA,NA,NA,0.005077583597652534,NA,NA,NA,12.804767583006171,NA,NA,NA
-68.5,44.25,4956,-68.4135,44.13053,4.153609239926902,NA,NA,NA,1.8541655194374822,NA,NA,NA,0.39615424834592367,NA,NA,NA,8.06227856810375,NA,NA,NA,0.005077583597652534,NA,NA,NA,12.804767583006171,NA,NA,NA
-68.5,44.25,4956,-68.413,44.1876,4.153609239926902,NA,NA,NA,1.8541655194374822,NA,NA,NA,0.39615424834592367,NA,NA,NA,8.06227856810375,NA,NA,NA,0.005077583597652534,NA,NA,NA,12.804767583006171,NA,NA,NA
-68.5,44.25,4956,-68.41244,44.18516,4.153609239926902,NA,NA,NA,1.8541655194374822,NA,NA,NA,0.39615424834592367,NA,NA,NA,8.06227856810375,NA,NA,NA,0.005077583597652534,NA,NA,NA,12.804767583006171,NA,NA,NA
-68.5,44.25,4956,-68.408779,44.189623,4.153609239926902,NA,NA,NA,1.8541655194374822,NA,NA,NA,0.39615424834592367,NA,NA,NA,8.06227856810375,NA,NA,NA,0.005077583597652534,NA,NA,NA,12.804767583006171,NA,NA,NA
-68.5,44.25,4956,-68.40311,44.13106,4.153609239926902,NA,NA,NA,1.8541655194374822,NA,NA,NA,0.39615424834592367,NA,NA,NA,8.06227856810375,NA,NA,NA,0.005077583597652534,NA,NA,NA,12.804767583006171,NA,NA,NA
-68.5,44.25,4956,-68.4031,44.1355,4.153609239926902,NA,NA,NA,1.8541655194374822,NA,NA,NA,0.39615424834592367,NA,NA,NA,8.06227856810375,NA,NA,NA,0.005077583597652534,NA,NA,NA,12.804767583006171,NA,NA,NA
-68.25,44,5062,-68.3433333,44.1033333,2.9084257169436385,NA,NA,NA,1.265215410340217,NA,NA,NA,0.42157963927715053,NA,NA,NA,8.082670339974024,NA,NA,NA,0.0021953726430193232,NA,NA,NA,7.271812200546265,NA,NA,NA
-68.25,44.25,4957,-68.31394,44.32727,3.8229937604678574,NA,NA,NA,1.6035002085470385,NA,NA,NA,0.42389949162801105,NA,NA,NA,8.067942875687795,NA,NA,NA,0.003940876620891754,NA,NA,NA,10.559284023059313,NA,NA,NA
-68.25,44.25,4957,-68.306004,44.333,3.8229937604678574,NA,NA,NA,1.6035002085470385,NA,NA,NA,0.42389949162801105,NA,NA,NA,8.067942875687795,NA,NA,NA,0.003940876620891754,NA,NA,NA,10.559284023059313,NA,NA,NA
-68.25,44.25,4957,-68.306,44.333,3.8229937604678574,NA,NA,NA,1.6035002085470385,NA,NA,NA,0.42389949162801105,NA,NA,NA,8.067942875687795,NA,NA,NA,0.003940876620891754,NA,NA,NA,10.559284023059313,NA,NA,NA
-68.25,44.25,4957,-68.27,44.2762,3.8229937604678574,NA,NA,NA,1.6035002085470385,NA,NA,NA,0.42389949162801105,NA,NA,NA,8.067942875687795,NA,NA,NA,0.003940876620891754,NA,NA,NA,10.559284023059313,NA,NA,NA
-68.25,44.25,4957,-68.26944,44.270626,3.8229937604678574,NA,NA,NA,1.6035002085470385,NA,NA,NA,0.42389949162801105,NA,NA,NA,8.067942875687795,NA,NA,NA,0.003940876620891754,NA,NA,NA,10.559284023059313,NA,NA,NA
-68.25,44.25,4957,-68.26386,44.27057,3.8229937604678574,NA,NA,NA,1.6035002085470385,NA,NA,NA,0.42389949162801105,NA,NA,NA,8.067942875687795,NA,NA,NA,0.003940876620891754,NA,NA,NA,10.559284023059313,NA,NA,NA
-68.25,44.25,4957,-68.2516667,44.1466667,3.8229937604678574,NA,NA,NA,1.6035002085470385,NA,NA,NA,0.42389949162801105,NA,NA,NA,8.067942875687795,NA,NA,NA,0.003940876620891754,NA,NA,NA,10.559284023059313,NA,NA,NA
-68.25,44.25,4957,-68.2494,44.171,3.8229937604678574,NA,NA,NA,1.6035002085470385,NA,NA,NA,0.42389949162801105,NA,NA,NA,8.067942875687795,NA,NA,NA,0.003940876620891754,NA,NA,NA,10.559284023059313,NA,NA,NA
-68.25,44.25,4957,-68.24911,44.17505,3.8229937604678574,NA,NA,NA,1.6035002085470385,NA,NA,NA,0.42389949162801105,NA,NA,NA,8.067942875687795,NA,NA,NA,0.003940876620891754,NA,NA,NA,10.559284023059313,NA,NA,NA
-68.25,44.25,4957,-68.2483333,44.1733333,3.8229937604678574,NA,NA,NA,1.6035002085470385,NA,NA,NA,0.42389949162801105,NA,NA,NA,8.067942875687795,NA,NA,NA,0.003940876620891754,NA,NA,NA,10.559284023059313,NA,NA,NA
-68.25,44.25,4957,-68.2458,44.1707,3.8229937604678574,NA,NA,NA,1.6035002085470385,NA,NA,NA,0.42389949162801105,NA,NA,NA,8.067942875687795,NA,NA,NA,0.003940876620891754,NA,NA,NA,10.559284023059313,NA,NA,NA
-68.25,44.25,4957,-68.245216,44.237915,3.8229937604678574,NA,NA,NA,1.6035002085470385,NA,NA,NA,0.42389949162801105,NA,NA,NA,8.067942875687795,NA,NA,NA,0.003940876620891754,NA,NA,NA,10.559284023059313,NA,NA,NA
-68.25,44.25,4957,-68.2452,44.2376,3.8229937604678574,NA,NA,NA,1.6035002085470385,NA,NA,NA,0.42389949162801105,NA,NA,NA,8.067942875687795,NA,NA,NA,0.003940876620891754,NA,NA,NA,10.559284023059313,NA,NA,NA
-68.25,44.25,4957,-68.23991,44.17499,3.8229937604678574,NA,NA,NA,1.6035002085470385,NA,NA,NA,0.42389949162801105,NA,NA,NA,8.067942875687795,NA,NA,NA,0.003940876620891754,NA,NA,NA,10.559284023059313,NA,NA,NA
-68.25,44.25,4957,-68.2391,44.2379,3.8229937604678574,NA,NA,NA,1.6035002085470385,NA,NA,NA,0.42389949162801105,NA,NA,NA,8.067942875687795,NA,NA,NA,0.003940876620891754,NA,NA,NA,10.559284023059313,NA,NA,NA
-68.25,44.25,4957,-68.2096,44.239,3.8229937604678574,NA,NA,NA,1.6035002085470385,NA,NA,NA,0.42389949162801105,NA,NA,NA,8.067942875687795,NA,NA,NA,0.003940876620891754,NA,NA,NA,10.559284023059313,NA,NA,NA
-68.25,44.25,4957,-68.2079,44.2423,3.8229937604678574,NA,NA,NA,1.6035002085470385,NA,NA,NA,0.42389949162801105,NA,NA,NA,8.067942875687795,NA,NA,NA,0.003940876620891754,NA,NA,NA,10.559284023059313,NA,NA,NA
-68.25,44.25,4957,-68.2066667,44.2383333,3.8229937604678574,NA,NA,NA,1.6035002085470385,NA,NA,NA,0.42389949162801105,NA,NA,NA,8.067942875687795,NA,NA,NA,0.003940876620891754,NA,NA,NA,10.559284023059313,NA,NA,NA
-68.25,44.25,4957,-68.2048,44.2371,3.8229937604678574,NA,NA,NA,1.6035002085470385,NA,NA,NA,0.42389949162801105,NA,NA,NA,8.067942875687795,NA,NA,NA,0.003940876620891754,NA,NA,NA,10.559284023059313,NA,NA,NA
-68.25,44.25,4957,-68.1934,44.3065,3.8229937604678574,NA,NA,NA,1.6035002085470385,NA,NA,NA,0.42389949162801105,NA,NA,NA,8.067942875687795,NA,NA,NA,0.003940876620891754,NA,NA,NA,10.559284023059313,NA,NA,NA
-68.25,44.25,4957,-68.18947,44.31419,3.8229937604678574,NA,NA,NA,1.6035002085470385,NA,NA,NA,0.42389949162801105,NA,NA,NA,8.067942875687795,NA,NA,NA,0.003940876620891754,NA,NA,NA,10.559284023059313,NA,NA,NA
-68.25,44.25,4957,-68.1869,44.3099,3.8229937604678574,NA,NA,NA,1.6035002085470385,NA,NA,NA,0.42389949162801105,NA,NA,NA,8.067942875687795,NA,NA,NA,0.003940876620891754,NA,NA,NA,10.559284023059313,NA,NA,NA
-68.25,44.25,4957,-68.18109,44.36367,3.8229937604678574,NA,NA,NA,1.6035002085470385,NA,NA,NA,0.42389949162801105,NA,NA,NA,8.067942875687795,NA,NA,NA,0.003940876620891754,NA,NA,NA,10.559284023059313,NA,NA,NA
-68.25,44.25,4957,-68.181,44.3638,3.8229937604678574,NA,NA,NA,1.6035002085470385,NA,NA,NA,0.42389949162801105,NA,NA,NA,8.067942875687795,NA,NA,NA,0.003940876620891754,NA,NA,NA,10.559284023059313,NA,NA,NA
-68.25,44.25,4957,-68.1757,44.3636,3.8229937604678574,NA,NA,NA,1.6035002085470385,NA,NA,NA,0.42389949162801105,NA,NA,NA,8.067942875687795,NA,NA,NA,0.003940876620891754,NA,NA,NA,10.559284023059313,NA,NA,NA
-68.25,44.25,4957,-68.17277,44.46287,3.8229937604678574,NA,NA,NA,1.6035002085470385,NA,NA,NA,0.42389949162801105,NA,NA,NA,8.067942875687795,NA,NA,NA,0.003940876620891754,NA,NA,NA,10.559284023059313,NA,NA,NA
-68.25,44.25,4957,-68.1669,44.4623,3.8229937604678574,NA,NA,NA,1.6035002085470385,NA,NA,NA,0.42389949162801105,NA,NA,NA,8.067942875687795,NA,NA,NA,0.003940876620891754,NA,NA,NA,10.559284023059313,NA,NA,NA
-68.25,44.25,4957,-68.16106,44.47173,3.8229937604678574,NA,NA,NA,1.6035002085470385,NA,NA,NA,0.42389949162801105,NA,NA,NA,8.067942875687795,NA,NA,NA,0.003940876620891754,NA,NA,NA,10.559284023059313,NA,NA,NA
-68.25,44.25,4957,-68.1609,44.4626,3.8229937604678574,NA,NA,NA,1.6035002085470385,NA,NA,NA,0.42389949162801105,NA,NA,NA,8.067942875687795,NA,NA,NA,0.003940876620891754,NA,NA,NA,10.559284023059313,NA,NA,NA
-68.25,44.25,4957,-68.1608,44.46708,3.8229937604678574,NA,NA,NA,1.6035002085470385,NA,NA,NA,0.42389949162801105,NA,NA,NA,8.067942875687795,NA,NA,NA,0.003940876620891754,NA,NA,NA,10.559284023059313,NA,NA,NA
-68.25,44.25,4957,-68.1566,44.46178,3.8229937604678574,NA,NA,NA,1.6035002085470385,NA,NA,NA,0.42389949162801105,NA,NA,NA,8.067942875687795,NA,NA,NA,0.003940876620891754,NA,NA,NA,10.559284023059313,NA,NA,NA
-68.25,44.25,4957,-68.1566,44.4618,3.8229937604678574,NA,NA,NA,1.6035002085470385,NA,NA,NA,0.42389949162801105,NA,NA,NA,8.067942875687795,NA,NA,NA,0.003940876620891754,NA,NA,NA,10.559284023059313,NA,NA,NA
-68.25,44.25,4957,-68.1552,44.4658,3.8229937604678574,NA,NA,NA,1.6035002085470385,NA,NA,NA,0.42389949162801105,NA,NA,NA,8.067942875687795,NA,NA,NA,0.003940876620891754,NA,NA,NA,10.559284023059313,NA,NA,NA
-68.25,44.25,4957,-68.15455,44.46621,3.8229937604678574,NA,NA,NA,1.6035002085470385,NA,NA,NA,0.42389949162801105,NA,NA,NA,8.067942875687795,NA,NA,NA,0.003940876620891754,NA,NA,NA,10.559284023059313,NA,NA,NA
-68.25,44.25,4957,-68.1443,44.3954,3.8229937604678574,NA,NA,NA,1.6035002085470385,NA,NA,NA,0.42389949162801105,NA,NA,NA,8.067942875687795,NA,NA,NA,0.003940876620891754,NA,NA,NA,10.559284023059313,NA,NA,NA
-68.25,44.25,4957,-68.14297,44.39943,3.8229937604678574,NA,NA,NA,1.6035002085470385,NA,NA,NA,0.42389949162801105,NA,NA,NA,8.067942875687795,NA,NA,NA,0.003940876620891754,NA,NA,NA,10.559284023059313,NA,NA,NA
-68.25,44.25,4957,-68.1394,44.4002,3.8229937604678574,NA,NA,NA,1.6035002085470385,NA,NA,NA,0.42389949162801105,NA,NA,NA,8.067942875687795,NA,NA,NA,0.003940876620891754,NA,NA,NA,10.559284023059313,NA,NA,NA
-68.25,44.25,4957,-68.13937,44.40024,3.8229937604678574,NA,NA,NA,1.6035002085470385,NA,NA,NA,0.42389949162801105,NA,NA,NA,8.067942875687795,NA,NA,NA,0.003940876620891754,NA,NA,NA,10.559284023059313,NA,NA,NA
-68.25,44.25,4957,-68.1363,44.4175,3.8229937604678574,NA,NA,NA,1.6035002085470385,NA,NA,NA,0.42389949162801105,NA,NA,NA,8.067942875687795,NA,NA,NA,0.003940876620891754,NA,NA,NA,10.559284023059313,NA,NA,NA
-68.25,44.25,4957,-68.1358,44.4258,3.8229937604678574,NA,NA,NA,1.6035002085470385,NA,NA,NA,0.42389949162801105,NA,NA,NA,8.067942875687795,NA,NA,NA,0.003940876620891754,NA,NA,NA,10.559284023059313,NA,NA,NA
-68.25,44.25,4957,-68.1349,44.4174,3.8229937604678574,NA,NA,NA,1.6035002085470385,NA,NA,NA,0.42389949162801105,NA,NA,NA,8.067942875687795,NA,NA,NA,0.003940876620891754,NA,NA,NA,10.559284023059313,NA,NA,NA
-68.25,44.25,4957,-68.1319,44.4123,3.8229937604678574,NA,NA,NA,1.6035002085470385,NA,NA,NA,0.42389949162801105,NA,NA,NA,8.067942875687795,NA,NA,NA,0.003940876620891754,NA,NA,NA,10.559284023059313,NA,NA,NA
-68.25,44.25,4957,-68.1314,44.41286,3.8229937604678574,NA,NA,NA,1.6035002085470385,NA,NA,NA,0.42389949162801105,NA,NA,NA,8.067942875687795,NA,NA,NA,0.003940876620891754,NA,NA,NA,10.559284023059313,NA,NA,NA
-68.25,44.25,4957,-68.13,44.41907,3.8229937604678574,NA,NA,NA,1.6035002085470385,NA,NA,NA,0.42389949162801105,NA,NA,NA,8.067942875687795,NA,NA,NA,0.003940876620891754,NA,NA,NA,10.559284023059313,NA,NA,NA
-68.25,44.25,4957,-68.1298,44.4192,3.8229937604678574,NA,NA,NA,1.6035002085470385,NA,NA,NA,0.42389949162801105,NA,NA,NA,8.067942875687795,NA,NA,NA,0.003940876620891754,NA,NA,NA,10.559284023059313,NA,NA,NA
-68,44.25,4958,-68.1057,44.3677,3.5582752240601407,NA,NA,NA,1.4306866058739283,NA,NA,NA,0.4473230302013377,NA,NA,NA,8.072115826350386,NA,NA,NA,0.003032961455974928,NA,NA,NA,9.039229728842294,NA,NA,NA
-68,44.25,4958,-68.10566,44.36767,3.5582752240601407,NA,NA,NA,1.4306866058739283,NA,NA,NA,0.4473230302013377,NA,NA,NA,8.072115826350386,NA,NA,NA,0.003032961455974928,NA,NA,NA,9.039229728842294,NA,NA,NA
-68,44.25,4958,-68.1054,44.3632,3.5582752240601407,NA,NA,NA,1.4306866058739283,NA,NA,NA,0.4473230302013377,NA,NA,NA,8.072115826350386,NA,NA,NA,0.003032961455974928,NA,NA,NA,9.039229728842294,NA,NA,NA
-68,44.25,4958,-68.0996,44.35412,3.5582752240601407,NA,NA,NA,1.4306866058739283,NA,NA,NA,0.4473230302013377,NA,NA,NA,8.072115826350386,NA,NA,NA,0.003032961455974928,NA,NA,NA,9.039229728842294,NA,NA,NA
-68,44.25,4958,-68.0985,44.3641,3.5582752240601407,NA,NA,NA,1.4306866058739283,NA,NA,NA,0.4473230302013377,NA,NA,NA,8.072115826350386,NA,NA,NA,0.003032961455974928,NA,NA,NA,9.039229728842294,NA,NA,NA
-68,44.25,4958,-68.093441,44.349586,3.5582752240601407,NA,NA,NA,1.4306866058739283,NA,NA,NA,0.4473230302013377,NA,NA,NA,8.072115826350386,NA,NA,NA,0.003032961455974928,NA,NA,NA,9.039229728842294,NA,NA,NA
-68,44.25,4958,-68.0934,44.3541,3.5582752240601407,NA,NA,NA,1.4306866058739283,NA,NA,NA,0.4473230302013377,NA,NA,NA,8.072115826350386,NA,NA,NA,0.003032961455974928,NA,NA,NA,9.039229728842294,NA,NA,NA
-68,44.25,4958,-68.0934,44.3677,3.5582752240601407,NA,NA,NA,1.4306866058739283,NA,NA,NA,0.4473230302013377,NA,NA,NA,8.072115826350386,NA,NA,NA,0.003032961455974928,NA,NA,NA,9.039229728842294,NA,NA,NA
-68,44.25,4958,-68.0932,44.3631,3.5582752240601407,NA,NA,NA,1.4306866058739283,NA,NA,NA,0.4473230302013377,NA,NA,NA,8.072115826350386,NA,NA,NA,0.003032961455974928,NA,NA,NA,9.039229728842294,NA,NA,NA
-68,44.25,4958,-68.087,44.363,3.5582752240601407,NA,NA,NA,1.4306866058739283,NA,NA,NA,0.4473230302013377,NA,NA,NA,8.072115826350386,NA,NA,NA,0.003032961455974928,NA,NA,NA,9.039229728842294,NA,NA,NA
-68,44.25,4958,-68.07843500000001,44.368210000000005,3.5582752240601407,NA,NA,NA,1.4306866058739283,NA,NA,NA,0.4473230302013377,NA,NA,NA,8.072115826350386,NA,NA,NA,0.003032961455974928,NA,NA,NA,9.039229728842294,NA,NA,NA
-68,44.25,4958,-68.0781,44.3631,3.5582752240601407,NA,NA,NA,1.4306866058739283,NA,NA,NA,0.4473230302013377,NA,NA,NA,8.072115826350386,NA,NA,NA,0.003032961455974928,NA,NA,NA,9.039229728842294,NA,NA,NA
-68,44.25,4958,-68.077935,44.36811,3.5582752240601407,NA,NA,NA,1.4306866058739283,NA,NA,NA,0.4473230302013377,NA,NA,NA,8.072115826350386,NA,NA,NA,0.003032961455974928,NA,NA,NA,9.039229728842294,NA,NA,NA
-68,44.25,4958,-68.077,44.37017,3.5582752240601407,NA,NA,NA,1.4306866058739283,NA,NA,NA,0.4473230302013377,NA,NA,NA,8.072115826350386,NA,NA,NA,0.003032961455974928,NA,NA,NA,9.039229728842294,NA,NA,NA
-68,44.25,4958,-68.0769,44.36297,3.5582752240601407,NA,NA,NA,1.4306866058739283,NA,NA,NA,0.4473230302013377,NA,NA,NA,8.072115826350386,NA,NA,NA,0.003032961455974928,NA,NA,NA,9.039229728842294,NA,NA,NA
-68,44.25,4958,-68.0553,44.3358,3.5582752240601407,NA,NA,NA,1.4306866058739283,NA,NA,NA,0.4473230302013377,NA,NA,NA,8.072115826350386,NA,NA,NA,0.003032961455974928,NA,NA,NA,9.039229728842294,NA,NA,NA
-68,44.25,4958,-68.0525,44.3345,3.5582752240601407,NA,NA,NA,1.4306866058739283,NA,NA,NA,0.4473230302013377,NA,NA,NA,8.072115826350386,NA,NA,NA,0.003032961455974928,NA,NA,NA,9.039229728842294,NA,NA,NA
-68,44.25,4958,-68.0515,44.33128,3.5582752240601407,NA,NA,NA,1.4306866058739283,NA,NA,NA,0.4473230302013377,NA,NA,NA,8.072115826350386,NA,NA,NA,0.003032961455974928,NA,NA,NA,9.039229728842294,NA,NA,NA
-68,44.25,4958,-68.04249,44.34023,3.5582752240601407,NA,NA,NA,1.4306866058739283,NA,NA,NA,0.4473230302013377,NA,NA,NA,8.072115826350386,NA,NA,NA,0.003032961455974928,NA,NA,NA,9.039229728842294,NA,NA,NA
-68,44.25,4958,-68.03724,44.3357,3.5582752240601407,NA,NA,NA,1.4306866058739283,NA,NA,NA,0.4473230302013377,NA,NA,NA,8.072115826350386,NA,NA,NA,0.003032961455974928,NA,NA,NA,9.039229728842294,NA,NA,NA
-68,44.25,4958,-68.0372,44.3357,3.5582752240601407,NA,NA,NA,1.4306866058739283,NA,NA,NA,0.4473230302013377,NA,NA,NA,8.072115826350386,NA,NA,NA,0.003032961455974928,NA,NA,NA,9.039229728842294,NA,NA,NA
-68,44.25,4958,-67.9976,44.3669,3.5582752240601407,NA,NA,NA,1.4306866058739283,NA,NA,NA,0.4473230302013377,NA,NA,NA,8.072115826350386,NA,NA,NA,0.003032961455974928,NA,NA,NA,9.039229728842294,NA,NA,NA
-68,44.25,4958,-67.9928,44.3669,3.5582752240601407,NA,NA,NA,1.4306866058739283,NA,NA,NA,0.4473230302013377,NA,NA,NA,8.072115826350386,NA,NA,NA,0.003032961455974928,NA,NA,NA,9.039229728842294,NA,NA,NA
-68,44.25,4958,-67.9865,44.36687,3.5582752240601407,NA,NA,NA,1.4306866058739283,NA,NA,NA,0.4473230302013377,NA,NA,NA,8.072115826350386,NA,NA,NA,0.003032961455974928,NA,NA,NA,9.039229728842294,NA,NA,NA
-68,44.25,4958,-67.9823,44.3668,3.5582752240601407,NA,NA,NA,1.4306866058739283,NA,NA,NA,0.4473230302013377,NA,NA,NA,8.072115826350386,NA,NA,NA,0.003032961455974928,NA,NA,NA,9.039229728842294,NA,NA,NA
-68,44.25,4958,-67.978165,44.366816,3.5582752240601407,NA,NA,NA,1.4306866058739283,NA,NA,NA,0.4473230302013377,NA,NA,NA,8.072115826350386,NA,NA,NA,0.003032961455974928,NA,NA,NA,9.039229728842294,NA,NA,NA
-68,44.25,4958,-67.974,44.3668,3.5582752240601407,NA,NA,NA,1.4306866058739283,NA,NA,NA,0.4473230302013377,NA,NA,NA,8.072115826350386,NA,NA,NA,0.003032961455974928,NA,NA,NA,9.039229728842294,NA,NA,NA
-68,44.25,4958,-67.93636,44.36204,3.5582752240601407,NA,NA,NA,1.4306866058739283,NA,NA,NA,0.4473230302013377,NA,NA,NA,8.072115826350386,NA,NA,NA,0.003032961455974928,NA,NA,NA,9.039229728842294,NA,NA,NA
-68,44.25,4958,-67.93627,44.36654,3.5582752240601407,NA,NA,NA,1.4306866058739283,NA,NA,NA,0.4473230302013377,NA,NA,NA,8.072115826350386,NA,NA,NA,0.003032961455974928,NA,NA,NA,9.039229728842294,NA,NA,NA
-68,44.25,4958,-67.9344,44.3644,3.5582752240601407,NA,NA,NA,1.4306866058739283,NA,NA,NA,0.4473230302013377,NA,NA,NA,8.072115826350386,NA,NA,NA,0.003032961455974928,NA,NA,NA,9.039229728842294,NA,NA,NA
-68,44.25,4958,-67.9299,44.36649,3.5582752240601407,NA,NA,NA,1.4306866058739283,NA,NA,NA,0.4473230302013377,NA,NA,NA,8.072115826350386,NA,NA,NA,0.003032961455974928,NA,NA,NA,9.039229728842294,NA,NA,NA
-67.75,44.25,4959,-67.87349,44.37062,3.335369086393746,NA,NA,NA,1.3649831638541272,NA,NA,NA,0.45523663826527133,NA,NA,NA,8.072915543792067,NA,NA,NA,0.002494738564916676,NA,NA,NA,8.394255233067337,NA,NA,NA
-67.75,44.5,4854,-68.0129,44.3851,3.492856962706453,NA,NA,NA,1.6532077084305465,NA,NA,NA,0.47029647247124745,NA,NA,NA,8.07437039447087,NA,NA,NA,0.003154955311147596,NA,NA,NA,9.453689531613422,NA,NA,NA
-67.75,44.5,4854,-68.0125,44.3939,3.492856962706453,NA,NA,NA,1.6532077084305465,NA,NA,NA,0.47029647247124745,NA,NA,NA,8.07437039447087,NA,NA,NA,0.003154955311147596,NA,NA,NA,9.453689531613422,NA,NA,NA
-67.75,44.5,4854,-68.0124,44.3896,3.492856962706453,NA,NA,NA,1.6532077084305465,NA,NA,NA,0.47029647247124745,NA,NA,NA,8.07437039447087,NA,NA,NA,0.003154955311147596,NA,NA,NA,9.453689531613422,NA,NA,NA
-67.75,44.5,4854,-67.9674,44.3891,3.492856962706453,NA,NA,NA,1.6532077084305465,NA,NA,NA,0.47029647247124745,NA,NA,NA,8.07437039447087,NA,NA,NA,0.003154955311147596,NA,NA,NA,9.453689531613422,NA,NA,NA
-67.75,44.5,4854,-67.967266,44.389,3.492856962706453,NA,NA,NA,1.6532077084305465,NA,NA,NA,0.47029647247124745,NA,NA,NA,8.07437039447087,NA,NA,NA,0.003154955311147596,NA,NA,NA,9.453689531613422,NA,NA,NA
-67.75,44.5,4854,-67.96422,44.389065,3.492856962706453,NA,NA,NA,1.6532077084305465,NA,NA,NA,0.47029647247124745,NA,NA,NA,8.07437039447087,NA,NA,NA,0.003154955311147596,NA,NA,NA,9.453689531613422,NA,NA,NA
-67.75,44.5,4854,-67.961,44.3892,3.492856962706453,NA,NA,NA,1.6532077084305465,NA,NA,NA,0.47029647247124745,NA,NA,NA,8.07437039447087,NA,NA,NA,0.003154955311147596,NA,NA,NA,9.453689531613422,NA,NA,NA
-67.75,44.5,4854,-67.9509,44.3973,3.492856962706453,NA,NA,NA,1.6532077084305465,NA,NA,NA,0.47029647247124745,NA,NA,NA,8.07437039447087,NA,NA,NA,0.003154955311147596,NA,NA,NA,9.453689531613422,NA,NA,NA
-67.75,44.5,4854,-67.95086,44.39761,3.492856962706453,NA,NA,NA,1.6532077084305465,NA,NA,NA,0.47029647247124745,NA,NA,NA,8.07437039447087,NA,NA,NA,0.003154955311147596,NA,NA,NA,9.453689531613422,NA,NA,NA
-67.75,44.5,4854,-67.94713,44.39865,3.492856962706453,NA,NA,NA,1.6532077084305465,NA,NA,NA,0.47029647247124745,NA,NA,NA,8.07437039447087,NA,NA,NA,0.003154955311147596,NA,NA,NA,9.453689531613422,NA,NA,NA
-67.75,44.5,4854,-67.942669,44.398499,3.492856962706453,NA,NA,NA,1.6532077084305465,NA,NA,NA,0.47029647247124745,NA,NA,NA,8.07437039447087,NA,NA,NA,0.003154955311147596,NA,NA,NA,9.453689531613422,NA,NA,NA
-67.75,44.5,4854,-67.9418,44.4116,3.492856962706453,NA,NA,NA,1.6532077084305465,NA,NA,NA,0.47029647247124745,NA,NA,NA,8.07437039447087,NA,NA,NA,0.003154955311147596,NA,NA,NA,9.453689531613422,NA,NA,NA
-67.75,44.5,4854,-67.9402,44.40708,3.492856962706453,NA,NA,NA,1.6532077084305465,NA,NA,NA,0.47029647247124745,NA,NA,NA,8.07437039447087,NA,NA,NA,0.003154955311147596,NA,NA,NA,9.453689531613422,NA,NA,NA
-67.75,44.5,4854,-67.94,44.4072,3.492856962706453,NA,NA,NA,1.6532077084305465,NA,NA,NA,0.47029647247124745,NA,NA,NA,8.07437039447087,NA,NA,NA,0.003154955311147596,NA,NA,NA,9.453689531613422,NA,NA,NA
-67.75,44.5,4854,-67.9366,44.4051,3.492856962706453,NA,NA,NA,1.6532077084305465,NA,NA,NA,0.47029647247124745,NA,NA,NA,8.07437039447087,NA,NA,NA,0.003154955311147596,NA,NA,NA,9.453689531613422,NA,NA,NA
-67.75,44.5,4854,-67.93169,44.40701,3.492856962706453,NA,NA,NA,1.6532077084305465,NA,NA,NA,0.47029647247124745,NA,NA,NA,8.07437039447087,NA,NA,NA,0.003154955311147596,NA,NA,NA,9.453689531613422,NA,NA,NA
-67.75,44.5,4854,-67.9298,44.4115,3.492856962706453,NA,NA,NA,1.6532077084305465,NA,NA,NA,0.47029647247124745,NA,NA,NA,8.07437039447087,NA,NA,NA,0.003154955311147596,NA,NA,NA,9.453689531613422,NA,NA,NA
-67.75,44.5,4854,-67.929,44.4161,3.492856962706453,NA,NA,NA,1.6532077084305465,NA,NA,NA,0.47029647247124745,NA,NA,NA,8.07437039447087,NA,NA,NA,0.003154955311147596,NA,NA,NA,9.453689531613422,NA,NA,NA
-67.75,44.5,4854,-67.92899,44.41602,3.492856962706453,NA,NA,NA,1.6532077084305465,NA,NA,NA,0.47029647247124745,NA,NA,NA,8.07437039447087,NA,NA,NA,0.003154955311147596,NA,NA,NA,9.453689531613422,NA,NA,NA
-67.75,44.5,4854,-67.8796,44.37516,3.492856962706453,NA,NA,NA,1.6532077084305465,NA,NA,NA,0.47029647247124745,NA,NA,NA,8.07437039447087,NA,NA,NA,0.003154955311147596,NA,NA,NA,9.453689531613422,NA,NA,NA
-67.75,44.5,4854,-67.8733,44.3796,3.492856962706453,NA,NA,NA,1.6532077084305465,NA,NA,NA,0.47029647247124745,NA,NA,NA,8.07437039447087,NA,NA,NA,0.003154955311147596,NA,NA,NA,9.453689531613422,NA,NA,NA
-67.75,44.5,4854,-67.872879,44.402128,3.492856962706453,NA,NA,NA,1.6532077084305465,NA,NA,NA,0.47029647247124745,NA,NA,NA,8.07437039447087,NA,NA,NA,0.003154955311147596,NA,NA,NA,9.453689531613422,NA,NA,NA
-67.75,44.5,4854,-67.8728,44.4066,3.492856962706453,NA,NA,NA,1.6532077084305465,NA,NA,NA,0.47029647247124745,NA,NA,NA,8.07437039447087,NA,NA,NA,0.003154955311147596,NA,NA,NA,9.453689531613422,NA,NA,NA
-67.75,44.5,4854,-67.86653,44.40659,3.492856962706453,NA,NA,NA,1.6532077084305465,NA,NA,NA,0.47029647247124745,NA,NA,NA,8.07437039447087,NA,NA,NA,0.003154955311147596,NA,NA,NA,9.453689531613422,NA,NA,NA
-67.75,44.5,4854,-67.858173,44.442547,3.492856962706453,NA,NA,NA,1.6532077084305465,NA,NA,NA,0.47029647247124745,NA,NA,NA,8.07437039447087,NA,NA,NA,0.003154955311147596,NA,NA,NA,9.453689531613422,NA,NA,NA
-67.75,44.5,4854,-67.8581,44.4424,3.492856962706453,NA,NA,NA,1.6532077084305465,NA,NA,NA,0.47029647247124745,NA,NA,NA,8.07437039447087,NA,NA,NA,0.003154955311147596,NA,NA,NA,9.453689531613422,NA,NA,NA
-67.75,44.5,4854,-67.85321,44.44721,3.492856962706453,NA,NA,NA,1.6532077084305465,NA,NA,NA,0.47029647247124745,NA,NA,NA,8.07437039447087,NA,NA,NA,0.003154955311147596,NA,NA,NA,9.453689531613422,NA,NA,NA
-67.75,44.5,4854,-67.8477,44.42447,3.492856962706453,NA,NA,NA,1.6532077084305465,NA,NA,NA,0.47029647247124745,NA,NA,NA,8.07437039447087,NA,NA,NA,0.003154955311147596,NA,NA,NA,9.453689531613422,NA,NA,NA
-67.75,44.5,4854,-67.8476,44.429,3.492856962706453,NA,NA,NA,1.6532077084305465,NA,NA,NA,0.47029647247124745,NA,NA,NA,8.07437039447087,NA,NA,NA,0.003154955311147596,NA,NA,NA,9.453689531613422,NA,NA,NA
-67.75,44.5,4854,-67.84725,44.4215,3.492856962706453,NA,NA,NA,1.6532077084305465,NA,NA,NA,0.47029647247124745,NA,NA,NA,8.07437039447087,NA,NA,NA,0.003154955311147596,NA,NA,NA,9.453689531613422,NA,NA,NA
-67.75,44.5,4854,-67.8258,44.4423,3.492856962706453,NA,NA,NA,1.6532077084305465,NA,NA,NA,0.47029647247124745,NA,NA,NA,8.07437039447087,NA,NA,NA,0.003154955311147596,NA,NA,NA,9.453689531613422,NA,NA,NA
-67.75,44.5,4854,-67.82168,44.4423,3.492856962706453,NA,NA,NA,1.6532077084305465,NA,NA,NA,0.47029647247124745,NA,NA,NA,8.07437039447087,NA,NA,NA,0.003154955311147596,NA,NA,NA,9.453689531613422,NA,NA,NA
-67.75,44.5,4854,-67.8216,44.446,3.492856962706453,NA,NA,NA,1.6532077084305465,NA,NA,NA,0.47029647247124745,NA,NA,NA,8.07437039447087,NA,NA,NA,0.003154955311147596,NA,NA,NA,9.453689531613422,NA,NA,NA
-67.75,44.5,4854,-67.8209,44.4421,3.492856962706453,NA,NA,NA,1.6532077084305465,NA,NA,NA,0.47029647247124745,NA,NA,NA,8.07437039447087,NA,NA,NA,0.003154955311147596,NA,NA,NA,9.453689531613422,NA,NA,NA
-67.75,44.5,4854,-67.8143,44.48277,3.492856962706453,NA,NA,NA,1.6532077084305465,NA,NA,NA,0.47029647247124745,NA,NA,NA,8.07437039447087,NA,NA,NA,0.003154955311147596,NA,NA,NA,9.453689531613422,NA,NA,NA
-67.75,44.5,4854,-67.80993,44.47852,3.492856962706453,NA,NA,NA,1.6532077084305465,NA,NA,NA,0.47029647247124745,NA,NA,NA,8.07437039447087,NA,NA,NA,0.003154955311147596,NA,NA,NA,9.453689531613422,NA,NA,NA
-67.75,44.5,4854,-67.8083,44.4827,3.492856962706453,NA,NA,NA,1.6532077084305465,NA,NA,NA,0.47029647247124745,NA,NA,NA,8.07437039447087,NA,NA,NA,0.003154955311147596,NA,NA,NA,9.453689531613422,NA,NA,NA
-67.75,44.5,4854,-67.808296,44.482742,3.492856962706453,NA,NA,NA,1.6532077084305465,NA,NA,NA,0.47029647247124745,NA,NA,NA,8.07437039447087,NA,NA,NA,0.003154955311147596,NA,NA,NA,9.453689531613422,NA,NA,NA
-67.75,44.5,4854,-67.8018,44.4824,3.492856962706453,NA,NA,NA,1.6532077084305465,NA,NA,NA,0.47029647247124745,NA,NA,NA,8.07437039447087,NA,NA,NA,0.003154955311147596,NA,NA,NA,9.453689531613422,NA,NA,NA
-67.75,44.5,4854,-67.7897,44.4736,3.492856962706453,NA,NA,NA,1.6532077084305465,NA,NA,NA,0.47029647247124745,NA,NA,NA,8.07437039447087,NA,NA,NA,0.003154955311147596,NA,NA,NA,9.453689531613422,NA,NA,NA
-67.75,44.5,4854,-67.7859,44.4718,3.492856962706453,NA,NA,NA,1.6532077084305465,NA,NA,NA,0.47029647247124745,NA,NA,NA,8.07437039447087,NA,NA,NA,0.003154955311147596,NA,NA,NA,9.453689531613422,NA,NA,NA
-67.75,44.5,4854,-67.763393,44.495928,3.492856962706453,NA,NA,NA,1.6532077084305465,NA,NA,NA,0.47029647247124745,NA,NA,NA,8.07437039447087,NA,NA,NA,0.003154955311147596,NA,NA,NA,9.453689531613422,NA,NA,NA
-67.75,44.5,4854,-67.7582,44.4994,3.492856962706453,NA,NA,NA,1.6532077084305465,NA,NA,NA,0.47029647247124745,NA,NA,NA,8.07437039447087,NA,NA,NA,0.003154955311147596,NA,NA,NA,9.453689531613422,NA,NA,NA
-67.75,44.5,4854,-67.75206,44.49585,3.492856962706453,NA,NA,NA,1.6532077084305465,NA,NA,NA,0.47029647247124745,NA,NA,NA,8.07437039447087,NA,NA,NA,0.003154955311147596,NA,NA,NA,9.453689531613422,NA,NA,NA
-67.75,44.5,4854,-67.75111,44.48045,3.492856962706453,NA,NA,NA,1.6532077084305465,NA,NA,NA,0.47029647247124745,NA,NA,NA,8.07437039447087,NA,NA,NA,0.003154955311147596,NA,NA,NA,9.453689531613422,NA,NA,NA
-67.75,44.5,4854,-67.7444,44.4823,3.492856962706453,NA,NA,NA,1.6532077084305465,NA,NA,NA,0.47029647247124745,NA,NA,NA,8.07437039447087,NA,NA,NA,0.003154955311147596,NA,NA,NA,9.453689531613422,NA,NA,NA
-67.75,44.5,4854,-67.73913,44.48227,3.492856962706453,NA,NA,NA,1.6532077084305465,NA,NA,NA,0.47029647247124745,NA,NA,NA,8.07437039447087,NA,NA,NA,0.003154955311147596,NA,NA,NA,9.453689531613422,NA,NA,NA
-67.75,44.5,4854,-67.7014,44.48202,3.492856962706453,NA,NA,NA,1.6532077084305465,NA,NA,NA,0.47029647247124745,NA,NA,NA,8.07437039447087,NA,NA,NA,0.003154955311147596,NA,NA,NA,9.453689531613422,NA,NA,NA
-67.75,44.5,4854,-67.691265,44.481953,3.492856962706453,NA,NA,NA,1.6532077084305465,NA,NA,NA,0.47029647247124745,NA,NA,NA,8.07437039447087,NA,NA,NA,0.003154955311147596,NA,NA,NA,9.453689531613422,NA,NA,NA
-67.75,44.5,4854,-67.69122,44.48499,3.492856962706453,NA,NA,NA,1.6532077084305465,NA,NA,NA,0.47029647247124745,NA,NA,NA,8.07437039447087,NA,NA,NA,0.003154955311147596,NA,NA,NA,9.453689531613422,NA,NA,NA
-67.75,44.5,4854,-67.6783333,44.4616667,3.492856962706453,NA,NA,NA,1.6532077084305465,NA,NA,NA,0.47029647247124745,NA,NA,NA,8.07437039447087,NA,NA,NA,0.003154955311147596,NA,NA,NA,9.453689531613422,NA,NA,NA
-67.75,44.5,4854,-67.6766,44.4721,3.492856962706453,NA,NA,NA,1.6532077084305465,NA,NA,NA,0.47029647247124745,NA,NA,NA,8.07437039447087,NA,NA,NA,0.003154955311147596,NA,NA,NA,9.453689531613422,NA,NA,NA
-67.75,44.5,4854,-67.67655,44.47481,3.492856962706453,NA,NA,NA,1.6532077084305465,NA,NA,NA,0.47029647247124745,NA,NA,NA,8.07437039447087,NA,NA,NA,0.003154955311147596,NA,NA,NA,9.453689531613422,NA,NA,NA
-67.75,44.5,4854,-67.676289,44.486357,3.492856962706453,NA,NA,NA,1.6532077084305465,NA,NA,NA,0.47029647247124745,NA,NA,NA,8.07437039447087,NA,NA,NA,0.003154955311147596,NA,NA,NA,9.453689531613422,NA,NA,NA
-67.75,44.5,4854,-67.6705,44.489,3.492856962706453,NA,NA,NA,1.6532077084305465,NA,NA,NA,0.47029647247124745,NA,NA,NA,8.07437039447087,NA,NA,NA,0.003154955311147596,NA,NA,NA,9.453689531613422,NA,NA,NA
-67.75,44.5,4854,-67.6686,44.4746,3.492856962706453,NA,NA,NA,1.6532077084305465,NA,NA,NA,0.47029647247124745,NA,NA,NA,8.07437039447087,NA,NA,NA,0.003154955311147596,NA,NA,NA,9.453689531613422,NA,NA,NA
-67.75,44.5,4854,-67.6678,44.4896,3.492856962706453,NA,NA,NA,1.6532077084305465,NA,NA,NA,0.47029647247124745,NA,NA,NA,8.07437039447087,NA,NA,NA,0.003154955311147596,NA,NA,NA,9.453689531613422,NA,NA,NA
-67.75,44.5,4854,-67.6664,44.4747,3.492856962706453,NA,NA,NA,1.6532077084305465,NA,NA,NA,0.47029647247124745,NA,NA,NA,8.07437039447087,NA,NA,NA,0.003154955311147596,NA,NA,NA,9.453689531613422,NA,NA,NA
-67.75,44.5,4854,-67.6638,44.4862,3.492856962706453,NA,NA,NA,1.6532077084305465,NA,NA,NA,0.47029647247124745,NA,NA,NA,8.07437039447087,NA,NA,NA,0.003154955311147596,NA,NA,NA,9.453689531613422,NA,NA,NA
-67.75,44.5,4854,-67.6633333,44.4833333,3.492856962706453,NA,NA,NA,1.6532077084305465,NA,NA,NA,0.47029647247124745,NA,NA,NA,8.07437039447087,NA,NA,NA,0.003154955311147596,NA,NA,NA,9.453689531613422,NA,NA,NA
-67.75,44.5,4854,-67.65292,44.491517,3.492856962706453,NA,NA,NA,1.6532077084305465,NA,NA,NA,0.47029647247124745,NA,NA,NA,8.07437039447087,NA,NA,NA,0.003154955311147596,NA,NA,NA,9.453689531613422,NA,NA,NA
-67.75,44.5,4854,-67.637,44.4863,3.492856962706453,NA,NA,NA,1.6532077084305465,NA,NA,NA,0.47029647247124745,NA,NA,NA,8.07437039447087,NA,NA,NA,0.003154955311147596,NA,NA,NA,9.453689531613422,NA,NA,NA
-67.75,44.5,4854,-67.6366667,44.4916667,3.492856962706453,NA,NA,NA,1.6532077084305465,NA,NA,NA,0.47029647247124745,NA,NA,NA,8.07437039447087,NA,NA,NA,0.003154955311147596,NA,NA,NA,9.453689531613422,NA,NA,NA
-67.75,44.5,4854,-67.636499,44.490295,3.492856962706453,NA,NA,NA,1.6532077084305465,NA,NA,NA,0.47029647247124745,NA,NA,NA,8.07437039447087,NA,NA,NA,0.003154955311147596,NA,NA,NA,9.453689531613422,NA,NA,NA
-67.75,44.5,4854,-67.63622,44.50124,3.492856962706453,NA,NA,NA,1.6532077084305465,NA,NA,NA,0.47029647247124745,NA,NA,NA,8.07437039447087,NA,NA,NA,0.003154955311147596,NA,NA,NA,9.453689531613422,NA,NA,NA
-67.75,44.5,4854,-67.6361,44.5012,3.492856962706453,NA,NA,NA,1.6532077084305465,NA,NA,NA,0.47029647247124745,NA,NA,NA,8.07437039447087,NA,NA,NA,0.003154955311147596,NA,NA,NA,9.453689531613422,NA,NA,NA
-67.75,44.5,4854,-67.635,44.4916667,3.492856962706453,NA,NA,NA,1.6532077084305465,NA,NA,NA,0.47029647247124745,NA,NA,NA,8.07437039447087,NA,NA,NA,0.003154955311147596,NA,NA,NA,9.453689531613422,NA,NA,NA
-67.75,44.5,4854,-67.6335,44.4916,3.492856962706453,NA,NA,NA,1.6532077084305465,NA,NA,NA,0.47029647247124745,NA,NA,NA,8.07437039447087,NA,NA,NA,0.003154955311147596,NA,NA,NA,9.453689531613422,NA,NA,NA
-67.75,44.5,4854,-67.6331,44.49108,3.492856962706453,NA,NA,NA,1.6532077084305465,NA,NA,NA,0.47029647247124745,NA,NA,NA,8.07437039447087,NA,NA,NA,0.003154955311147596,NA,NA,NA,9.453689531613422,NA,NA,NA
-67.75,44.5,4854,-67.63207,44.48624,3.492856962706453,NA,NA,NA,1.6532077084305465,NA,NA,NA,0.47029647247124745,NA,NA,NA,8.07437039447087,NA,NA,NA,0.003154955311147596,NA,NA,NA,9.453689531613422,NA,NA,NA
-67.75,44.5,4854,-67.631863,44.494688,3.492856962706453,NA,NA,NA,1.6532077084305465,NA,NA,NA,0.47029647247124745,NA,NA,NA,8.07437039447087,NA,NA,NA,0.003154955311147596,NA,NA,NA,9.453689531613422,NA,NA,NA
-67.75,44.5,4854,-67.6276,44.4901,3.492856962706453,NA,NA,NA,1.6532077084305465,NA,NA,NA,0.47029647247124745,NA,NA,NA,8.07437039447087,NA,NA,NA,0.003154955311147596,NA,NA,NA,9.453689531613422,NA,NA,NA
-67.75,49.25,2859,-67.69881,49.30265,15.514680375335038,NA,NA,NA,1.2488738365711705,NA,NA,NA,1.0583931553748347,NA,NA,NA,7.871099702773556,NA,NA,NA,0.008934958747798396,NA,NA,NA,18.00279959042867,NA,NA,NA
-67.75,49.25,2859,-67.69877,49.30217,15.514680375335038,NA,NA,NA,1.2488738365711705,NA,NA,NA,1.0583931553748347,NA,NA,NA,7.871099702773556,NA,NA,NA,0.008934958747798396,NA,NA,NA,18.00279959042867,NA,NA,NA
-67.75,49.25,2859,-67.69233,49.302123333333334,15.514680375335038,NA,NA,NA,1.2488738365711705,NA,NA,NA,1.0583931553748347,NA,NA,NA,7.871099702773556,NA,NA,NA,0.008934958747798396,NA,NA,NA,18.00279959042867,NA,NA,NA
-67.75,49.25,2859,-67.69227333333333,49.30240333333333,15.514680375335038,NA,NA,NA,1.2488738365711705,NA,NA,NA,1.0583931553748347,NA,NA,NA,7.871099702773556,NA,NA,NA,0.008934958747798396,NA,NA,NA,18.00279959042867,NA,NA,NA
-67.75,49.25,2859,-67.68909,49.30186,15.514680375335038,NA,NA,NA,1.2488738365711705,NA,NA,NA,1.0583931553748347,NA,NA,NA,7.871099702773556,NA,NA,NA,0.008934958747798396,NA,NA,NA,18.00279959042867,NA,NA,NA
-67.75,49.25,2859,-67.68905749999999,49.30219,15.514680375335038,NA,NA,NA,1.2488738365711705,NA,NA,NA,1.0583931553748347,NA,NA,NA,7.871099702773556,NA,NA,NA,0.008934958747798396,NA,NA,NA,18.00279959042867,NA,NA,NA
-67.75,49.25,2859,-67.68902499999999,49.30252,15.514680375335038,NA,NA,NA,1.2488738365711705,NA,NA,NA,1.0583931553748347,NA,NA,NA,7.871099702773556,NA,NA,NA,0.008934958747798396,NA,NA,NA,18.00279959042867,NA,NA,NA
-67.75,49.25,2859,-67.689005,49.30228,15.514680375335038,NA,NA,NA,1.2488738365711705,NA,NA,NA,1.0583931553748347,NA,NA,NA,7.871099702773556,NA,NA,NA,0.008934958747798396,NA,NA,NA,18.00279959042867,NA,NA,NA
-67.75,49.25,2859,-67.68580666666666,49.302036666666666,15.514680375335038,NA,NA,NA,1.2488738365711705,NA,NA,NA,1.0583931553748347,NA,NA,NA,7.871099702773556,NA,NA,NA,0.008934958747798396,NA,NA,NA,18.00279959042867,NA,NA,NA
-67.75,49.25,2859,-67.67941,49.30155,15.514680375335038,NA,NA,NA,1.2488738365711705,NA,NA,NA,1.0583931553748347,NA,NA,NA,7.871099702773556,NA,NA,NA,0.008934958747798396,NA,NA,NA,18.00279959042867,NA,NA,NA
-67.5,44.5,4855,-67.624035,44.463898,3.680499651098764,NA,NA,NA,1.524408059735452,NA,NA,NA,0.4929508662992908,NA,NA,NA,8.065368272924935,NA,NA,NA,0.002914501344084099,NA,NA,NA,9.655026082069643,NA,NA,NA
-67.5,44.5,4855,-67.5794,44.4903,3.680499651098764,NA,NA,NA,1.524408059735452,NA,NA,NA,0.4929508662992908,NA,NA,NA,8.065368272924935,NA,NA,NA,0.002914501344084099,NA,NA,NA,9.655026082069643,NA,NA,NA
-67.5,44.5,4855,-67.579377,44.490267,3.680499651098764,NA,NA,NA,1.524408059735452,NA,NA,NA,0.4929508662992908,NA,NA,NA,8.065368272924935,NA,NA,NA,0.002914501344084099,NA,NA,NA,9.655026082069643,NA,NA,NA
-67.5,44.5,4855,-67.5772,44.4855,3.680499651098764,NA,NA,NA,1.524408059735452,NA,NA,NA,0.4929508662992908,NA,NA,NA,8.065368272924935,NA,NA,NA,0.002914501344084099,NA,NA,NA,9.655026082069643,NA,NA,NA
-67.5,44.5,4855,-67.56432,44.48813,3.680499651098764,NA,NA,NA,1.524408059735452,NA,NA,NA,0.4929508662992908,NA,NA,NA,8.065368272924935,NA,NA,NA,0.002914501344084099,NA,NA,NA,9.655026082069643,NA,NA,NA
-67.5,44.5,4855,-67.5636,44.5513,3.680499651098764,NA,NA,NA,1.524408059735452,NA,NA,NA,0.4929508662992908,NA,NA,NA,8.065368272924935,NA,NA,NA,0.002914501344084099,NA,NA,NA,9.655026082069643,NA,NA,NA
-67.5,44.5,4855,-67.5632,44.5473,3.680499651098764,NA,NA,NA,1.524408059735452,NA,NA,NA,0.4929508662992908,NA,NA,NA,8.065368272924935,NA,NA,NA,0.002914501344084099,NA,NA,NA,9.655026082069643,NA,NA,NA
-67.5,44.5,4855,-67.56276,44.54756,3.680499651098764,NA,NA,NA,1.524408059735452,NA,NA,NA,0.4929508662992908,NA,NA,NA,8.065368272924935,NA,NA,NA,0.002914501344084099,NA,NA,NA,9.655026082069643,NA,NA,NA
-67.5,44.5,4855,-67.55694,44.48321,3.680499651098764,NA,NA,NA,1.524408059735452,NA,NA,NA,0.4929508662992908,NA,NA,NA,8.065368272924935,NA,NA,NA,0.002914501344084099,NA,NA,NA,9.655026082069643,NA,NA,NA
-67.5,44.5,4855,-67.556755,44.490294,3.680499651098764,NA,NA,NA,1.524408059735452,NA,NA,NA,0.4929508662992908,NA,NA,NA,8.065368272924935,NA,NA,NA,0.002914501344084099,NA,NA,NA,9.655026082069643,NA,NA,NA
-67.5,44.5,4855,-67.5554,44.5457,3.680499651098764,NA,NA,NA,1.524408059735452,NA,NA,NA,0.4929508662992908,NA,NA,NA,8.065368272924935,NA,NA,NA,0.002914501344084099,NA,NA,NA,9.655026082069643,NA,NA,NA
-67.5,44.5,4855,-67.5553,44.54572,3.680499651098764,NA,NA,NA,1.524408059735452,NA,NA,NA,0.4929508662992908,NA,NA,NA,8.065368272924935,NA,NA,NA,0.002914501344084099,NA,NA,NA,9.655026082069643,NA,NA,NA
-67.5,44.5,4855,-67.5366,44.5296,3.680499651098764,NA,NA,NA,1.524408059735452,NA,NA,NA,0.4929508662992908,NA,NA,NA,8.065368272924935,NA,NA,NA,0.002914501344084099,NA,NA,NA,9.655026082069643,NA,NA,NA
-67.5,44.5,4855,-67.53652,44.53276,3.680499651098764,NA,NA,NA,1.524408059735452,NA,NA,NA,0.4929508662992908,NA,NA,NA,8.065368272924935,NA,NA,NA,0.002914501344084099,NA,NA,NA,9.655026082069643,NA,NA,NA
-67.5,44.5,4855,-67.5365,44.5328,3.680499651098764,NA,NA,NA,1.524408059735452,NA,NA,NA,0.4929508662992908,NA,NA,NA,8.065368272924935,NA,NA,NA,0.002914501344084099,NA,NA,NA,9.655026082069643,NA,NA,NA
-67.5,44.5,4855,-67.531109,44.519897,3.680499651098764,NA,NA,NA,1.524408059735452,NA,NA,NA,0.4929508662992908,NA,NA,NA,8.065368272924935,NA,NA,NA,0.002914501344084099,NA,NA,NA,9.655026082069643,NA,NA,NA
-67.5,44.5,4855,-67.5311,44.5199,3.680499651098764,NA,NA,NA,1.524408059735452,NA,NA,NA,0.4929508662992908,NA,NA,NA,8.065368272924935,NA,NA,NA,0.002914501344084099,NA,NA,NA,9.655026082069643,NA,NA,NA
-67.5,44.5,4855,-67.5307,44.5155,3.680499651098764,NA,NA,NA,1.524408059735452,NA,NA,NA,0.4929508662992908,NA,NA,NA,8.065368272924935,NA,NA,NA,0.002914501344084099,NA,NA,NA,9.655026082069643,NA,NA,NA
-67.5,44.5,4855,-67.5302,44.5328,3.680499651098764,NA,NA,NA,1.524408059735452,NA,NA,NA,0.4929508662992908,NA,NA,NA,8.065368272924935,NA,NA,NA,0.002914501344084099,NA,NA,NA,9.655026082069643,NA,NA,NA
-67.5,44.5,4855,-67.5291,44.56232,3.680499651098764,NA,NA,NA,1.524408059735452,NA,NA,NA,0.4929508662992908,NA,NA,NA,8.065368272924935,NA,NA,NA,0.002914501344084099,NA,NA,NA,9.655026082069643,NA,NA,NA
-67.5,44.5,4855,-67.529,44.5624,3.680499651098764,NA,NA,NA,1.524408059735452,NA,NA,NA,0.4929508662992908,NA,NA,NA,8.065368272924935,NA,NA,NA,0.002914501344084099,NA,NA,NA,9.655026082069643,NA,NA,NA
-67.5,44.5,4855,-67.5276,44.4822,3.680499651098764,NA,NA,NA,1.524408059735452,NA,NA,NA,0.4929508662992908,NA,NA,NA,8.065368272924935,NA,NA,NA,0.002914501344084099,NA,NA,NA,9.655026082069643,NA,NA,NA
-67.5,44.5,4855,-67.5275,44.565,3.680499651098764,NA,NA,NA,1.524408059735452,NA,NA,NA,0.4929508662992908,NA,NA,NA,8.065368272924935,NA,NA,NA,0.002914501344084099,NA,NA,NA,9.655026082069643,NA,NA,NA
-67.5,44.5,4855,-67.52656,44.55907,3.680499651098764,NA,NA,NA,1.524408059735452,NA,NA,NA,0.4929508662992908,NA,NA,NA,8.065368272924935,NA,NA,NA,0.002914501344084099,NA,NA,NA,9.655026082069643,NA,NA,NA
-67.5,44.5,4855,-67.52526,44.48392,3.680499651098764,NA,NA,NA,1.524408059735452,NA,NA,NA,0.4929508662992908,NA,NA,NA,8.065368272924935,NA,NA,NA,0.002914501344084099,NA,NA,NA,9.655026082069643,NA,NA,NA
-67.5,44.5,4855,-67.5248,44.484,3.680499651098764,NA,NA,NA,1.524408059735452,NA,NA,NA,0.4929508662992908,NA,NA,NA,8.065368272924935,NA,NA,NA,0.002914501344084099,NA,NA,NA,9.655026082069643,NA,NA,NA
-67.5,44.5,4855,-67.5233,44.5559,3.680499651098764,NA,NA,NA,1.524408059735452,NA,NA,NA,0.4929508662992908,NA,NA,NA,8.065368272924935,NA,NA,NA,0.002914501344084099,NA,NA,NA,9.655026082069643,NA,NA,NA
-67.5,44.5,4855,-67.5232,44.5559,3.680499651098764,NA,NA,NA,1.524408059735452,NA,NA,NA,0.4929508662992908,NA,NA,NA,8.065368272924935,NA,NA,NA,0.002914501344084099,NA,NA,NA,9.655026082069643,NA,NA,NA
-67.5,44.5,4855,-67.52066,44.50998,3.680499651098764,NA,NA,NA,1.524408059735452,NA,NA,NA,0.4929508662992908,NA,NA,NA,8.065368272924935,NA,NA,NA,0.002914501344084099,NA,NA,NA,9.655026082069643,NA,NA,NA
-67.5,44.5,4855,-67.5204,44.5095,3.680499651098764,NA,NA,NA,1.524408059735452,NA,NA,NA,0.4929508662992908,NA,NA,NA,8.065368272924935,NA,NA,NA,0.002914501344084099,NA,NA,NA,9.655026082069643,NA,NA,NA
-67.5,44.5,4855,-67.520045,44.555111,3.680499651098764,NA,NA,NA,1.524408059735452,NA,NA,NA,0.4929508662992908,NA,NA,NA,8.065368272924935,NA,NA,NA,0.002914501344084099,NA,NA,NA,9.655026082069643,NA,NA,NA
-67.5,44.5,4855,-67.5182,44.50681,3.680499651098764,NA,NA,NA,1.524408059735452,NA,NA,NA,0.4929508662992908,NA,NA,NA,8.065368272924935,NA,NA,NA,0.002914501344084099,NA,NA,NA,9.655026082069643,NA,NA,NA
-67.5,44.5,4855,-67.51722,44.55131,3.680499651098764,NA,NA,NA,1.524408059735452,NA,NA,NA,0.4929508662992908,NA,NA,NA,8.065368272924935,NA,NA,NA,0.002914501344084099,NA,NA,NA,9.655026082069643,NA,NA,NA
-67.5,44.5,4855,-67.512157,44.505568,3.680499651098764,NA,NA,NA,1.524408059735452,NA,NA,NA,0.4929508662992908,NA,NA,NA,8.065368272924935,NA,NA,NA,0.002914501344084099,NA,NA,NA,9.655026082069643,NA,NA,NA
-67.5,44.5,4855,-67.5121,44.5002,3.680499651098764,NA,NA,NA,1.524408059735452,NA,NA,NA,0.4929508662992908,NA,NA,NA,8.065368272924935,NA,NA,NA,0.002914501344084099,NA,NA,NA,9.655026082069643,NA,NA,NA
-67.5,44.5,4855,-67.5121,44.5025,3.680499651098764,NA,NA,NA,1.524408059735452,NA,NA,NA,0.4929508662992908,NA,NA,NA,8.065368272924935,NA,NA,NA,0.002914501344084099,NA,NA,NA,9.655026082069643,NA,NA,NA
-67.5,44.5,4855,-67.50234,44.57755,3.680499651098764,NA,NA,NA,1.524408059735452,NA,NA,NA,0.4929508662992908,NA,NA,NA,8.065368272924935,NA,NA,NA,0.002914501344084099,NA,NA,NA,9.655026082069643,NA,NA,NA
-67.5,44.5,4855,-67.502,44.5772,3.680499651098764,NA,NA,NA,1.524408059735452,NA,NA,NA,0.4929508662992908,NA,NA,NA,8.065368272924935,NA,NA,NA,0.002914501344084099,NA,NA,NA,9.655026082069643,NA,NA,NA
-67.5,44.5,4855,-67.4977,44.57796,3.680499651098764,NA,NA,NA,1.524408059735452,NA,NA,NA,0.4929508662992908,NA,NA,NA,8.065368272924935,NA,NA,NA,0.002914501344084099,NA,NA,NA,9.655026082069643,NA,NA,NA
-67.5,44.5,4855,-67.4972,44.5777,3.680499651098764,NA,NA,NA,1.524408059735452,NA,NA,NA,0.4929508662992908,NA,NA,NA,8.065368272924935,NA,NA,NA,0.002914501344084099,NA,NA,NA,9.655026082069643,NA,NA,NA
-67.5,44.5,4855,-67.48568,44.55978,3.680499651098764,NA,NA,NA,1.524408059735452,NA,NA,NA,0.4929508662992908,NA,NA,NA,8.065368272924935,NA,NA,NA,0.002914501344084099,NA,NA,NA,9.655026082069643,NA,NA,NA
-67.5,44.5,4855,-67.4853,44.5736,3.680499651098764,NA,NA,NA,1.524408059735452,NA,NA,NA,0.4929508662992908,NA,NA,NA,8.065368272924935,NA,NA,NA,0.002914501344084099,NA,NA,NA,9.655026082069643,NA,NA,NA
-67.5,44.5,4855,-67.485,44.5822,3.680499651098764,NA,NA,NA,1.524408059735452,NA,NA,NA,0.4929508662992908,NA,NA,NA,8.065368272924935,NA,NA,NA,0.002914501344084099,NA,NA,NA,9.655026082069643,NA,NA,NA
-67.5,44.5,4855,-67.48165,44.58034,3.680499651098764,NA,NA,NA,1.524408059735452,NA,NA,NA,0.4929508662992908,NA,NA,NA,8.065368272924935,NA,NA,NA,0.002914501344084099,NA,NA,NA,9.655026082069643,NA,NA,NA
-67.5,44.5,4855,-67.4794,44.55968,3.680499651098764,NA,NA,NA,1.524408059735452,NA,NA,NA,0.4929508662992908,NA,NA,NA,8.065368272924935,NA,NA,NA,0.002914501344084099,NA,NA,NA,9.655026082069643,NA,NA,NA
-67.5,44.5,4855,-67.4792,44.5596,3.680499651098764,NA,NA,NA,1.524408059735452,NA,NA,NA,0.4929508662992908,NA,NA,NA,8.065368272924935,NA,NA,NA,0.002914501344084099,NA,NA,NA,9.655026082069643,NA,NA,NA
-67.5,44.5,4855,-67.4618,44.5985,3.680499651098764,NA,NA,NA,1.524408059735452,NA,NA,NA,0.4929508662992908,NA,NA,NA,8.065368272924935,NA,NA,NA,0.002914501344084099,NA,NA,NA,9.655026082069643,NA,NA,NA
-67.5,44.5,4855,-67.4593,44.5962,3.680499651098764,NA,NA,NA,1.524408059735452,NA,NA,NA,0.4929508662992908,NA,NA,NA,8.065368272924935,NA,NA,NA,0.002914501344084099,NA,NA,NA,9.655026082069643,NA,NA,NA
-67.5,44.5,4855,-67.4561,44.59653,3.680499651098764,NA,NA,NA,1.524408059735452,NA,NA,NA,0.4929508662992908,NA,NA,NA,8.065368272924935,NA,NA,NA,0.002914501344084099,NA,NA,NA,9.655026082069643,NA,NA,NA
-67.5,44.5,4855,-67.4537,44.6003,3.680499651098764,NA,NA,NA,1.524408059735452,NA,NA,NA,0.4929508662992908,NA,NA,NA,8.065368272924935,NA,NA,NA,0.002914501344084099,NA,NA,NA,9.655026082069643,NA,NA,NA
-67.5,44.5,4855,-67.451046,44.5996,3.680499651098764,NA,NA,NA,1.524408059735452,NA,NA,NA,0.4929508662992908,NA,NA,NA,8.065368272924935,NA,NA,NA,0.002914501344084099,NA,NA,NA,9.655026082069643,NA,NA,NA
-67.5,44.5,4855,-67.4467,44.6005,3.680499651098764,NA,NA,NA,1.524408059735452,NA,NA,NA,0.4929508662992908,NA,NA,NA,8.065368272924935,NA,NA,NA,0.002914501344084099,NA,NA,NA,9.655026082069643,NA,NA,NA
-67.5,44.5,4855,-67.4466,44.6006,3.680499651098764,NA,NA,NA,1.524408059735452,NA,NA,NA,0.4929508662992908,NA,NA,NA,8.065368272924935,NA,NA,NA,0.002914501344084099,NA,NA,NA,9.655026082069643,NA,NA,NA
-67.5,44.5,4855,-67.4427,44.60376,3.680499651098764,NA,NA,NA,1.524408059735452,NA,NA,NA,0.4929508662992908,NA,NA,NA,8.065368272924935,NA,NA,NA,0.002914501344084099,NA,NA,NA,9.655026082069643,NA,NA,NA
-67.5,44.5,4855,-67.4427,44.6038,3.680499651098764,NA,NA,NA,1.524408059735452,NA,NA,NA,0.4929508662992908,NA,NA,NA,8.065368272924935,NA,NA,NA,0.002914501344084099,NA,NA,NA,9.655026082069643,NA,NA,NA
-67.5,44.5,4855,-67.4097,44.572,3.680499651098764,NA,NA,NA,1.524408059735452,NA,NA,NA,0.4929508662992908,NA,NA,NA,8.065368272924935,NA,NA,NA,0.002914501344084099,NA,NA,NA,9.655026082069643,NA,NA,NA
-67.5,44.5,4855,-67.40965,44.57199,3.680499651098764,NA,NA,NA,1.524408059735452,NA,NA,NA,0.4929508662992908,NA,NA,NA,8.065368272924935,NA,NA,NA,0.002914501344084099,NA,NA,NA,9.655026082069643,NA,NA,NA
-67.5,44.5,4855,-67.40451,44.57191,3.680499651098764,NA,NA,NA,1.524408059735452,NA,NA,NA,0.4929508662992908,NA,NA,NA,8.065368272924935,NA,NA,NA,0.002914501344084099,NA,NA,NA,9.655026082069643,NA,NA,NA
-67.5,44.5,4855,-67.3904,44.59423,3.680499651098764,NA,NA,NA,1.524408059735452,NA,NA,NA,0.4929508662992908,NA,NA,NA,8.065368272924935,NA,NA,NA,0.002914501344084099,NA,NA,NA,9.655026082069643,NA,NA,NA
-67.5,44.5,4855,-67.38786,44.5987,3.680499651098764,NA,NA,NA,1.524408059735452,NA,NA,NA,0.4929508662992908,NA,NA,NA,8.065368272924935,NA,NA,NA,0.002914501344084099,NA,NA,NA,9.655026082069643,NA,NA,NA
-67.5,44.5,4855,-67.38555,44.59896,3.680499651098764,NA,NA,NA,1.524408059735452,NA,NA,NA,0.4929508662992908,NA,NA,NA,8.065368272924935,NA,NA,NA,0.002914501344084099,NA,NA,NA,9.655026082069643,NA,NA,NA
-67.5,44.5,4855,-67.3764,44.6197,3.680499651098764,NA,NA,NA,1.524408059735452,NA,NA,NA,0.4929508662992908,NA,NA,NA,8.065368272924935,NA,NA,NA,0.002914501344084099,NA,NA,NA,9.655026082069643,NA,NA,NA
-67.5,44.5,4855,-67.3754,44.59395,3.680499651098764,NA,NA,NA,1.524408059735452,NA,NA,NA,0.4929508662992908,NA,NA,NA,8.065368272924935,NA,NA,NA,0.002914501344084099,NA,NA,NA,9.655026082069643,NA,NA,NA
-67.5,44.5,4855,-67.3753,44.5938,3.680499651098764,NA,NA,NA,1.524408059735452,NA,NA,NA,0.4929508662992908,NA,NA,NA,8.065368272924935,NA,NA,NA,0.002914501344084099,NA,NA,NA,9.655026082069643,NA,NA,NA
-67.25,44.5,4856,-67.3736,44.5984,3.6511156417990245,NA,NA,NA,1.4710105257008665,NA,NA,NA,0.4897428859946548,NA,NA,NA,8.062686607401858,NA,NA,NA,0.002676577984495589,NA,NA,NA,9.650729558801139,NA,NA,NA
-67.25,44.5,4856,-67.373578,44.598408,3.6511156417990245,NA,NA,NA,1.4710105257008665,NA,NA,NA,0.4897428859946548,NA,NA,NA,8.062686607401858,NA,NA,NA,0.002676577984495589,NA,NA,NA,9.650729558801139,NA,NA,NA
-67.25,44.5,4856,-67.371464,44.59391,3.6511156417990245,NA,NA,NA,1.4710105257008665,NA,NA,NA,0.4897428859946548,NA,NA,NA,8.062686607401858,NA,NA,NA,0.002676577984495589,NA,NA,NA,9.650729558801139,NA,NA,NA
-67.25,44.5,4856,-67.37083,44.61639,3.6511156417990245,NA,NA,NA,1.4710105257008665,NA,NA,NA,0.4897428859946548,NA,NA,NA,8.062686607401858,NA,NA,NA,0.002676577984495589,NA,NA,NA,9.650729558801139,NA,NA,NA
-67.25,44.5,4856,-67.3707,44.62086,3.6511156417990245,NA,NA,NA,1.4710105257008665,NA,NA,NA,0.4897428859946548,NA,NA,NA,8.062686607401858,NA,NA,NA,0.002676577984495589,NA,NA,NA,9.650729558801139,NA,NA,NA
-67.25,44.5,4856,-67.3692,44.5976,3.6511156417990245,NA,NA,NA,1.4710105257008665,NA,NA,NA,0.4897428859946548,NA,NA,NA,8.062686607401858,NA,NA,NA,0.002676577984495589,NA,NA,NA,9.650729558801139,NA,NA,NA
-67.25,44.5,4856,-67.3679,44.6245,3.6511156417990245,NA,NA,NA,1.4710105257008665,NA,NA,NA,0.4897428859946548,NA,NA,NA,8.062686607401858,NA,NA,NA,0.002676577984495589,NA,NA,NA,9.650729558801139,NA,NA,NA
-67.25,44.5,4856,-67.36613,44.5983,3.6511156417990245,NA,NA,NA,1.4710105257008665,NA,NA,NA,0.4897428859946548,NA,NA,NA,8.062686607401858,NA,NA,NA,0.002676577984495589,NA,NA,NA,9.650729558801139,NA,NA,NA
-67.25,44.5,4856,-67.3645,44.6207,3.6511156417990245,NA,NA,NA,1.4710105257008665,NA,NA,NA,0.4897428859946548,NA,NA,NA,8.062686607401858,NA,NA,NA,0.002676577984495589,NA,NA,NA,9.650729558801139,NA,NA,NA
-67.25,44.5,4856,-67.358,44.58406,3.6511156417990245,NA,NA,NA,1.4710105257008665,NA,NA,NA,0.4897428859946548,NA,NA,NA,8.062686607401858,NA,NA,NA,0.002676577984495589,NA,NA,NA,9.650729558801139,NA,NA,NA
-67.25,44.5,4856,-67.358,44.5841,3.6511156417990245,NA,NA,NA,1.4710105257008665,NA,NA,NA,0.4897428859946548,NA,NA,NA,8.062686607401858,NA,NA,NA,0.002676577984495589,NA,NA,NA,9.650729558801139,NA,NA,NA
-67.25,44.5,4856,-67.3524,44.5852,3.6511156417990245,NA,NA,NA,1.4710105257008665,NA,NA,NA,0.4897428859946548,NA,NA,NA,8.062686607401858,NA,NA,NA,0.002676577984495589,NA,NA,NA,9.650729558801139,NA,NA,NA
-67.25,44.5,4856,-67.3207,44.5975,3.6511156417990245,NA,NA,NA,1.4710105257008665,NA,NA,NA,0.4897428859946548,NA,NA,NA,8.062686607401858,NA,NA,NA,0.002676577984495589,NA,NA,NA,9.650729558801139,NA,NA,NA
-67.25,44.5,4856,-67.32067,44.59754,3.6511156417990245,NA,NA,NA,1.4710105257008665,NA,NA,NA,0.4897428859946548,NA,NA,NA,8.062686607401858,NA,NA,NA,0.002676577984495589,NA,NA,NA,9.650729558801139,NA,NA,NA
-67.25,44.5,4856,-67.320541,44.60202,3.6511156417990245,NA,NA,NA,1.4710105257008665,NA,NA,NA,0.4897428859946548,NA,NA,NA,8.062686607401858,NA,NA,NA,0.002676577984495589,NA,NA,NA,9.650729558801139,NA,NA,NA
-67.25,44.5,4856,-67.3115,44.62438,3.6511156417990245,NA,NA,NA,1.4710105257008665,NA,NA,NA,0.4897428859946548,NA,NA,NA,8.062686607401858,NA,NA,NA,0.002676577984495589,NA,NA,NA,9.650729558801139,NA,NA,NA
-67.25,44.5,4856,-67.3112,44.6204,3.6511156417990245,NA,NA,NA,1.4710105257008665,NA,NA,NA,0.4897428859946548,NA,NA,NA,8.062686607401858,NA,NA,NA,0.002676577984495589,NA,NA,NA,9.650729558801139,NA,NA,NA
-67.25,44.5,4856,-67.311057,44.619898,3.6511156417990245,NA,NA,NA,1.4710105257008665,NA,NA,NA,0.4897428859946548,NA,NA,NA,8.062686607401858,NA,NA,NA,0.002676577984495589,NA,NA,NA,9.650729558801139,NA,NA,NA
-67.25,44.5,4856,-67.277252,44.605822,3.6511156417990245,NA,NA,NA,1.4710105257008665,NA,NA,NA,0.4897428859946548,NA,NA,NA,8.062686607401858,NA,NA,NA,0.002676577984495589,NA,NA,NA,9.650729558801139,NA,NA,NA
-67.25,44.5,4856,-67.2766,44.6093,3.6511156417990245,NA,NA,NA,1.4710105257008665,NA,NA,NA,0.4897428859946548,NA,NA,NA,8.062686607401858,NA,NA,NA,0.002676577984495589,NA,NA,NA,9.650729558801139,NA,NA,NA
-67.25,44.5,4856,-67.2764,44.60932,3.6511156417990245,NA,NA,NA,1.4710105257008665,NA,NA,NA,0.4897428859946548,NA,NA,NA,8.062686607401858,NA,NA,NA,0.002676577984495589,NA,NA,NA,9.650729558801139,NA,NA,NA
-67.25,44.5,4856,-67.273,44.6147,3.6511156417990245,NA,NA,NA,1.4710105257008665,NA,NA,NA,0.4897428859946548,NA,NA,NA,8.062686607401858,NA,NA,NA,0.002676577984495589,NA,NA,NA,9.650729558801139,NA,NA,NA
-67.25,44.5,4856,-67.272,44.6108,3.6511156417990245,NA,NA,NA,1.4710105257008665,NA,NA,NA,0.4897428859946548,NA,NA,NA,8.062686607401858,NA,NA,NA,0.002676577984495589,NA,NA,NA,9.650729558801139,NA,NA,NA
-67.25,44.5,4856,-67.26631,44.605604,3.6511156417990245,NA,NA,NA,1.4710105257008665,NA,NA,NA,0.4897428859946548,NA,NA,NA,8.062686607401858,NA,NA,NA,0.002676577984495589,NA,NA,NA,9.650729558801139,NA,NA,NA
-67.25,44.5,4856,-67.2641,44.6057,3.6511156417990245,NA,NA,NA,1.4710105257008665,NA,NA,NA,0.4897428859946548,NA,NA,NA,8.062686607401858,NA,NA,NA,0.002676577984495589,NA,NA,NA,9.650729558801139,NA,NA,NA
-67.25,44.5,4856,-67.2639,44.60883,3.6511156417990245,NA,NA,NA,1.4710105257008665,NA,NA,NA,0.4897428859946548,NA,NA,NA,8.062686607401858,NA,NA,NA,0.002676577984495589,NA,NA,NA,9.650729558801139,NA,NA,NA
-67.25,44.5,4856,-67.2639,44.6089,3.6511156417990245,NA,NA,NA,1.4710105257008665,NA,NA,NA,0.4897428859946548,NA,NA,NA,8.062686607401858,NA,NA,NA,0.002676577984495589,NA,NA,NA,9.650729558801139,NA,NA,NA
-67.25,44.5,4856,-67.2589,44.6086,3.6511156417990245,NA,NA,NA,1.4710105257008665,NA,NA,NA,0.4897428859946548,NA,NA,NA,8.062686607401858,NA,NA,NA,0.002676577984495589,NA,NA,NA,9.650729558801139,NA,NA,NA
-67,44.75,4752,-67.36485,44.62528,4.643368444135112,NA,NA,NA,1.5944761624259334,NA,NA,NA,0.5199052479959303,NA,NA,NA,8.054476737976074,NA,NA,NA,0.00338603722892942,NA,NA,NA,12.015830404014997,NA,NA,NA
-67,44.75,4752,-67.3648,44.6253,4.643368444135112,NA,NA,NA,1.5944761624259334,NA,NA,NA,0.5199052479959303,NA,NA,NA,8.054476737976074,NA,NA,NA,0.00338603722892942,NA,NA,NA,12.015830404014997,NA,NA,NA
-67,44.75,4752,-67.3328,44.65176,4.643368444135112,NA,NA,NA,1.5944761624259334,NA,NA,NA,0.5199052479959303,NA,NA,NA,8.054476737976074,NA,NA,NA,0.00338603722892942,NA,NA,NA,12.015830404014997,NA,NA,NA
-67,44.75,4752,-67.3317,44.6472,4.643368444135112,NA,NA,NA,1.5944761624259334,NA,NA,NA,0.5199052479959303,NA,NA,NA,8.054476737976074,NA,NA,NA,0.00338603722892942,NA,NA,NA,12.015830404014997,NA,NA,NA
-67,44.75,4752,-67.3277,44.6509,4.643368444135112,NA,NA,NA,1.5944761624259334,NA,NA,NA,0.5199052479959303,NA,NA,NA,8.054476737976074,NA,NA,NA,0.00338603722892942,NA,NA,NA,12.015830404014997,NA,NA,NA
-67,44.75,4752,-67.327633,44.651207,4.643368444135112,NA,NA,NA,1.5944761624259334,NA,NA,NA,0.5199052479959303,NA,NA,NA,8.054476737976074,NA,NA,NA,0.00338603722892942,NA,NA,NA,12.015830404014997,NA,NA,NA
-67,44.75,4752,-67.2454,44.6413,4.643368444135112,NA,NA,NA,1.5944761624259334,NA,NA,NA,0.5199052479959303,NA,NA,NA,8.054476737976074,NA,NA,NA,0.00338603722892942,NA,NA,NA,12.015830404014997,NA,NA,NA
-67,44.75,4752,-67.2443,44.6408,4.643368444135112,NA,NA,NA,1.5944761624259334,NA,NA,NA,0.5199052479959303,NA,NA,NA,8.054476737976074,NA,NA,NA,0.00338603722892942,NA,NA,NA,12.015830404014997,NA,NA,NA
-67,44.75,4752,-67.242,44.6381,4.643368444135112,NA,NA,NA,1.5944761624259334,NA,NA,NA,0.5199052479959303,NA,NA,NA,8.054476737976074,NA,NA,NA,0.00338603722892942,NA,NA,NA,12.015830404014997,NA,NA,NA
-67,44.75,4752,-67.1973,44.6434,4.643368444135112,NA,NA,NA,1.5944761624259334,NA,NA,NA,0.5199052479959303,NA,NA,NA,8.054476737976074,NA,NA,NA,0.00338603722892942,NA,NA,NA,12.015830404014997,NA,NA,NA
-67,44.75,4752,-67.19338,44.6436,4.643368444135112,NA,NA,NA,1.5944761624259334,NA,NA,NA,0.5199052479959303,NA,NA,NA,8.054476737976074,NA,NA,NA,0.00338603722892942,NA,NA,NA,12.015830404014997,NA,NA,NA
-67,44.75,4752,-67.190369,44.658434,4.643368444135112,NA,NA,NA,1.5944761624259334,NA,NA,NA,0.5199052479959303,NA,NA,NA,8.054476737976074,NA,NA,NA,0.00338603722892942,NA,NA,NA,12.015830404014997,NA,NA,NA
-67,44.75,4752,-67.18971,44.6584,4.643368444135112,NA,NA,NA,1.5944761624259334,NA,NA,NA,0.5199052479959303,NA,NA,NA,8.054476737976074,NA,NA,NA,0.00338603722892942,NA,NA,NA,12.015830404014997,NA,NA,NA
-67,44.75,4752,-67.1897,44.6584,4.643368444135112,NA,NA,NA,1.5944761624259334,NA,NA,NA,0.5199052479959303,NA,NA,NA,8.054476737976074,NA,NA,NA,0.00338603722892942,NA,NA,NA,12.015830404014997,NA,NA,NA
-67,44.75,4752,-67.18714,44.64483,4.643368444135112,NA,NA,NA,1.5944761624259334,NA,NA,NA,0.5199052479959303,NA,NA,NA,8.054476737976074,NA,NA,NA,0.00338603722892942,NA,NA,NA,12.015830404014997,NA,NA,NA
-67,44.75,4752,-67.1862,44.6626,4.643368444135112,NA,NA,NA,1.5944761624259334,NA,NA,NA,0.5199052479959303,NA,NA,NA,8.054476737976074,NA,NA,NA,0.00338603722892942,NA,NA,NA,12.015830404014997,NA,NA,NA
-67,44.75,4752,-67.18027,44.66241,4.643368444135112,NA,NA,NA,1.5944761624259334,NA,NA,NA,0.5199052479959303,NA,NA,NA,8.054476737976074,NA,NA,NA,0.00338603722892942,NA,NA,NA,12.015830404014997,NA,NA,NA
-67,44.75,4752,-67.16768,44.66214,4.643368444135112,NA,NA,NA,1.5944761624259334,NA,NA,NA,0.5199052479959303,NA,NA,NA,8.054476737976074,NA,NA,NA,0.00338603722892942,NA,NA,NA,12.015830404014997,NA,NA,NA
-67,44.75,4752,-67.16127,44.6624,4.643368444135112,NA,NA,NA,1.5944761624259334,NA,NA,NA,0.5199052479959303,NA,NA,NA,8.054476737976074,NA,NA,NA,0.00338603722892942,NA,NA,NA,12.015830404014997,NA,NA,NA
-67,44.75,4752,-67.1192,44.7022,4.643368444135112,NA,NA,NA,1.5944761624259334,NA,NA,NA,0.5199052479959303,NA,NA,NA,8.054476737976074,NA,NA,NA,0.00338603722892942,NA,NA,NA,12.015830404014997,NA,NA,NA
-67,44.75,4752,-67.1156,44.7021,4.643368444135112,NA,NA,NA,1.5944761624259334,NA,NA,NA,0.5199052479959303,NA,NA,NA,8.054476737976074,NA,NA,NA,0.00338603722892942,NA,NA,NA,12.015830404014997,NA,NA,NA
-67,44.75,4752,-67.115479,44.706638,4.643368444135112,NA,NA,NA,1.5944761624259334,NA,NA,NA,0.5199052479959303,NA,NA,NA,8.054476737976074,NA,NA,NA,0.00338603722892942,NA,NA,NA,12.015830404014997,NA,NA,NA
-67,44.75,4752,-67.1154,44.7066,4.643368444135112,NA,NA,NA,1.5944761624259334,NA,NA,NA,0.5199052479959303,NA,NA,NA,8.054476737976074,NA,NA,NA,0.00338603722892942,NA,NA,NA,12.015830404014997,NA,NA,NA
-67,44.75,4752,-67.1152,44.7107,4.643368444135112,NA,NA,NA,1.5944761624259334,NA,NA,NA,0.5199052479959303,NA,NA,NA,8.054476737976074,NA,NA,NA,0.00338603722892942,NA,NA,NA,12.015830404014997,NA,NA,NA
-67,44.75,4752,-67.0704,44.7419,4.643368444135112,NA,NA,NA,1.5944761624259334,NA,NA,NA,0.5199052479959303,NA,NA,NA,8.054476737976074,NA,NA,NA,0.00338603722892942,NA,NA,NA,12.015830404014997,NA,NA,NA
-67,44.75,4752,-67.0702,44.7464,4.643368444135112,NA,NA,NA,1.5944761624259334,NA,NA,NA,0.5199052479959303,NA,NA,NA,8.054476737976074,NA,NA,NA,0.00338603722892942,NA,NA,NA,12.015830404014997,NA,NA,NA
-67,44.75,4752,-67.0697,44.7507,4.643368444135112,NA,NA,NA,1.5944761624259334,NA,NA,NA,0.5199052479959303,NA,NA,NA,8.054476737976074,NA,NA,NA,0.00338603722892942,NA,NA,NA,12.015830404014997,NA,NA,NA
-67,44.75,4752,-67.0568,44.76417,4.643368444135112,NA,NA,NA,1.5944761624259334,NA,NA,NA,0.5199052479959303,NA,NA,NA,8.054476737976074,NA,NA,NA,0.00338603722892942,NA,NA,NA,12.015830404014997,NA,NA,NA
-67,44.75,4752,-67.0568,44.7642,4.643368444135112,NA,NA,NA,1.5944761624259334,NA,NA,NA,0.5199052479959303,NA,NA,NA,8.054476737976074,NA,NA,NA,0.00338603722892942,NA,NA,NA,12.015830404014997,NA,NA,NA
-67,44.75,4752,-67.0514,44.7643,4.643368444135112,NA,NA,NA,1.5944761624259334,NA,NA,NA,0.5199052479959303,NA,NA,NA,8.054476737976074,NA,NA,NA,0.00338603722892942,NA,NA,NA,12.015830404014997,NA,NA,NA
-65.75,43.75,5177,-65.867357,43.665572,1.21939312802848,NA,NA,NA,1.1671567685822004,NA,NA,NA,0.3723492870728175,NA,NA,NA,8.081739153913272,NA,NA,NA,0.006903602486296046,NA,NA,NA,5.025765520270153,NA,NA,NA
-64.25,44.25,4973,-64.33058306,44.24974658,1.205564022064209,NA,NA,NA,1.0271437688860843,NA,NA,NA,0.39140462282524313,NA,NA,NA,8.068995967988045,NA,NA,NA,0.003154704774109026,NA,NA,NA,4.270976830554265,NA,NA,NA
-64.25,44.25,4973,-64.28214228,44.33160902,1.205564022064209,NA,NA,NA,1.0271437688860843,NA,NA,NA,0.39140462282524313,NA,NA,NA,8.068995967988045,NA,NA,NA,0.003154704774109026,NA,NA,NA,4.270976830554265,NA,NA,NA
-64.25,44.25,4973,-64.2761317,44.23824116,1.205564022064209,NA,NA,NA,1.0271437688860843,NA,NA,NA,0.39140462282524313,NA,NA,NA,8.068995967988045,NA,NA,NA,0.003154704774109026,NA,NA,NA,4.270976830554265,NA,NA,NA
-64.25,44.25,4973,-64.25922339,44.32544899,1.205564022064209,NA,NA,NA,1.0271437688860843,NA,NA,NA,0.39140462282524313,NA,NA,NA,8.068995967988045,NA,NA,NA,0.003154704774109026,NA,NA,NA,4.270976830554265,NA,NA,NA
-64.25,44.25,4973,-64.24751404,44.29246059,1.205564022064209,NA,NA,NA,1.0271437688860843,NA,NA,NA,0.39140462282524313,NA,NA,NA,8.068995967988045,NA,NA,NA,0.003154704774109026,NA,NA,NA,4.270976830554265,NA,NA,NA
-64.25,44.25,4973,-64.24709905,44.27128069,1.205564022064209,NA,NA,NA,1.0271437688860843,NA,NA,NA,0.39140462282524313,NA,NA,NA,8.068995967988045,NA,NA,NA,0.003154704774109026,NA,NA,NA,4.270976830554265,NA,NA,NA
-64.25,44.25,4973,-64.18272067,44.36424983,1.205564022064209,NA,NA,NA,1.0271437688860843,NA,NA,NA,0.39140462282524313,NA,NA,NA,8.068995967988045,NA,NA,NA,0.003154704774109026,NA,NA,NA,4.270976830554265,NA,NA,NA
-64.25,44.25,4973,-64.180952,44.364216,1.205564022064209,NA,NA,NA,1.0271437688860843,NA,NA,NA,0.39140462282524313,NA,NA,NA,8.068995967988045,NA,NA,NA,0.003154704774109026,NA,NA,NA,4.270976830554265,NA,NA,NA
-64.25,44.25,4973,-64.17390727,44.31748417,1.205564022064209,NA,NA,NA,1.0271437688860843,NA,NA,NA,0.39140462282524313,NA,NA,NA,8.068995967988045,NA,NA,NA,0.003154704774109026,NA,NA,NA,4.270976830554265,NA,NA,NA
-64.25,44.5,4868,-64.26728795,44.50358723,1.1263026176921782,NA,NA,NA,1.135672935234603,NA,NA,NA,0.38739629362219125,NA,NA,NA,8.073112026337654,NA,NA,NA,0.003921472602674077,NA,NA,NA,4.358161973696883,NA,NA,NA
-64.25,44.5,4868,-64.21115208,44.51511503,1.1263026176921782,NA,NA,NA,1.135672935234603,NA,NA,NA,0.38739629362219125,NA,NA,NA,8.073112026337654,NA,NA,NA,0.003921472602674077,NA,NA,NA,4.358161973696883,NA,NA,NA
-64.25,44.5,4868,-64.19553526,44.54773832,1.1263026176921782,NA,NA,NA,1.135672935234603,NA,NA,NA,0.38739629362219125,NA,NA,NA,8.073112026337654,NA,NA,NA,0.003921472602674077,NA,NA,NA,4.358161973696883,NA,NA,NA
-64.25,44.5,4868,-64.17671478,44.49351453,1.1263026176921782,NA,NA,NA,1.135672935234603,NA,NA,NA,0.38739629362219125,NA,NA,NA,8.073112026337654,NA,NA,NA,0.003921472602674077,NA,NA,NA,4.358161973696883,NA,NA,NA
-64.25,44.5,4868,-64.14167508,44.44524131,1.1263026176921782,NA,NA,NA,1.135672935234603,NA,NA,NA,0.38739629362219125,NA,NA,NA,8.073112026337654,NA,NA,NA,0.003921472602674077,NA,NA,NA,4.358161973696883,NA,NA,NA
-64.25,44.5,4868,-64.1373325,44.47488785,1.1263026176921782,NA,NA,NA,1.135672935234603,NA,NA,NA,0.38739629362219125,NA,NA,NA,8.073112026337654,NA,NA,NA,0.003921472602674077,NA,NA,NA,4.358161973696883,NA,NA,NA
-64.25,44.5,4868,-64.12988601,44.42854791,1.1263026176921782,NA,NA,NA,1.135672935234603,NA,NA,NA,0.38739629362219125,NA,NA,NA,8.073112026337654,NA,NA,NA,0.003921472602674077,NA,NA,NA,4.358161973696883,NA,NA,NA
-64,44.5,4869,-64.09592455,44.43843311,1.2778161299485031,NA,NA,NA,1.090422652101004,NA,NA,NA,0.39496579157408845,NA,NA,NA,8.06840991973877,NA,NA,NA,0.003895670175552368,NA,NA,NA,4.518542692225466,NA,NA,NA
-64,44.5,4869,-64.060977,44.586353,1.2778161299485031,NA,NA,NA,1.090422652101004,NA,NA,NA,0.39496579157408845,NA,NA,NA,8.06840991973877,NA,NA,NA,0.003895670175552368,NA,NA,NA,4.518542692225466,NA,NA,NA
-64,44.5,4869,-64.05098297,44.5798473,1.2778161299485031,NA,NA,NA,1.090422652101004,NA,NA,NA,0.39496579157408845,NA,NA,NA,8.06840991973877,NA,NA,NA,0.003895670175552368,NA,NA,NA,4.518542692225466,NA,NA,NA
-64,44.5,4869,-64.02488,44.55818,1.2778161299485031,NA,NA,NA,1.090422652101004,NA,NA,NA,0.39496579157408845,NA,NA,NA,8.06840991973877,NA,NA,NA,0.003895670175552368,NA,NA,NA,4.518542692225466,NA,NA,NA
-64,44.5,4869,-64.01674717,44.53726455,1.2778161299485031,NA,NA,NA,1.090422652101004,NA,NA,NA,0.39496579157408845,NA,NA,NA,8.06840991973877,NA,NA,NA,0.003895670175552368,NA,NA,NA,4.518542692225466,NA,NA,NA
-64,44.5,4869,-63.961,44.596,1.2778161299485031,NA,NA,NA,1.090422652101004,NA,NA,NA,0.39496579157408845,NA,NA,NA,8.06840991973877,NA,NA,NA,0.003895670175552368,NA,NA,NA,4.518542692225466,NA,NA,NA
-64,44.5,4869,-63.95357947,44.54115995,1.2778161299485031,NA,NA,NA,1.090422652101004,NA,NA,NA,0.39496579157408845,NA,NA,NA,8.06840991973877,NA,NA,NA,0.003895670175552368,NA,NA,NA,4.518542692225466,NA,NA,NA
-64,44.5,4869,-63.95133,44.52707,1.2778161299485031,NA,NA,NA,1.090422652101004,NA,NA,NA,0.39496579157408845,NA,NA,NA,8.06840991973877,NA,NA,NA,0.003895670175552368,NA,NA,NA,4.518542692225466,NA,NA,NA
-64,44.5,4869,-63.94153048,44.57911606,1.2778161299485031,NA,NA,NA,1.090422652101004,NA,NA,NA,0.39496579157408845,NA,NA,NA,8.06840991973877,NA,NA,NA,0.003895670175552368,NA,NA,NA,4.518542692225466,NA,NA,NA
-63.75,44.5,4870,-63.77083847,44.47746009,1.40732323899064,NA,NA,NA,1.0456129689049978,NA,NA,NA,0.40395515420103584,NA,NA,NA,8.064786285482427,NA,NA,NA,0.0036025863861845384,NA,NA,NA,4.693296149212827,NA,NA,NA
-63.75,44.5,4870,-63.713577,44.44942296,1.40732323899064,NA,NA,NA,1.0456129689049978,NA,NA,NA,0.40395515420103584,NA,NA,NA,8.064786285482427,NA,NA,NA,0.0036025863861845384,NA,NA,NA,4.693296149212827,NA,NA,NA
-63.75,44.5,4870,-63.66071502,44.45579262,1.40732323899064,NA,NA,NA,1.0456129689049978,NA,NA,NA,0.40395515420103584,NA,NA,NA,8.064786285482427,NA,NA,NA,0.0036025863861845384,NA,NA,NA,4.693296149212827,NA,NA,NA
-63.5,44.5,4871,-63.53436,44.48522,1.4543144344001688,NA,NA,NA,1.0178256167839932,NA,NA,NA,0.41000265732247343,NA,NA,NA,8.06364034324564,NA,NA,NA,0.0030535768582335403,NA,NA,NA,4.760178473687941,NA,NA,NA
-63.5,50.25,2456,-63.687117,50.206348,4.230827088638018,NA,NA,NA,0.7224242754520909,NA,NA,NA,0.7068107323620909,NA,NA,NA,8.022232024900376,NA,NA,NA,0.0034884526206540967,NA,NA,NA,9.756645758946737,NA,NA,NA
-63.5,50.25,2456,-63.639106,50.210766,4.230827088638018,NA,NA,NA,0.7224242754520909,NA,NA,NA,0.7068107323620909,NA,NA,NA,8.022232024900376,NA,NA,NA,0.0034884526206540967,NA,NA,NA,9.756645758946737,NA,NA,NA
-63.5,50.25,2456,-63.589829,50.206587,4.230827088638018,NA,NA,NA,0.7224242754520909,NA,NA,NA,0.7068107323620909,NA,NA,NA,8.022232024900376,NA,NA,NA,0.0034884526206540967,NA,NA,NA,9.756645758946737,NA,NA,NA
-62,44.5,4877,-62.01917,44.55083,1.2724669951424803,NA,NA,NA,0.9681774419482037,NA,NA,NA,0.4033619333659449,NA,NA,NA,8.066721049688196,NA,NA,NA,0.0016171749335743726,NA,NA,NA,4.538809972424661,NA,NA,NA
