"Entry","Study","Region","Site","Depth.m","Sample.ID","Sample.Year","Sample.Month","Sample.Day","Latitude","Longitude","Taxon","Fixed.or.Random","Sample.Unit.Size.sq.m","Percent.Cover","Stipe.Density.num.per.sq.m","Individual.Density.num.per.sq.m","Biomass.kg.wet.per.sq.m"
1,"dmr_rasher_steneck","york","5_4_5",5,"5_4_5-york-5-4-2001-dmr_rasher_steneck",2001,6,14,43.52791,-70.30401,"Saccharina latissima and Laminaria digitata","random",1,63.5,NA,NA,NA
2,"dmr_rasher_steneck","downeast","5_4_7",5,"5_4_7-downeast-5-4-2001-dmr_rasher_steneck",2001,7,10,44.38911,-67.96743,"Saccharina latissima and Laminaria digitata","random",1,100,NA,NA,NA
3,"dmr_rasher_steneck","downeast","5_4_7",5,"5_4_7-downeast-5-4-2001-dmr_rasher_steneck",2001,7,10,44.38902,-67.96101,"Saccharina latissima and Laminaria digitata","random",1,62,NA,NA,NA
4,"dmr_rasher_steneck","downeast","5_4_9",5,"5_4_9-downeast-5-4-2001-dmr_rasher_steneck",2001,7,17,44.40659,-67.86653,"Saccharina latissima and Laminaria digitata","random",1,58.5,NA,NA,NA
5,"dmr_rasher_steneck","downeast","5_4_10",5,"5_4_10-downeast-5-4-2001-dmr_rasher_steneck",2001,7,24,44.57199,-67.40965,"Saccharina latissima and Laminaria digitata","random",1,71.5,NA,NA,NA
6,"dmr_rasher_steneck","downeast","5_4_13",5,"5_4_13-downeast-5-4-2001-dmr_rasher_steneck",2001,7,27,44.6624,-67.16127,"Saccharina latissima and Laminaria digitata","random",1,92,NA,NA,NA
7,"dmr_rasher_steneck","mdi","5_4_24",5,"5_4_24-mdi-5-4-2002-dmr_rasher_steneck",2002,6,11,44.237915,-68.245216,"Saccharina latissima and Laminaria digitata","random",1,100,NA,NA,NA
8,"dmr_rasher_steneck","mdi","5_4_25",5,"5_4_25-mdi-5-4-2002-dmr_rasher_steneck",2002,6,18,44.349586,-68.093441,"Saccharina latissima and Laminaria digitata","random",1,95,NA,NA,NA
9,"dmr_rasher_steneck","downeast","5_4_27",5,"5_4_27-downeast-5-4-2002-dmr_rasher_steneck",2002,6,17,44.398499,-67.942669,"Saccharina latissima and Laminaria digitata","random",1,98.5,NA,NA,NA
10,"dmr_rasher_steneck","downeast","5_4_9",5,"5_4_9-downeast-5-4-2002-dmr_rasher_steneck",2002,6,25,44.402128,-67.872879,"Saccharina latissima and Laminaria digitata","random",1,100,NA,NA,NA
11,"dmr_rasher_steneck","downeast","5_4_29",5,"5_4_29-downeast-5-4-2002-dmr_rasher_steneck",2002,7,1,44.60202,-67.320541,"Saccharina latissima and Laminaria digitata","random",1,96,NA,NA,NA
12,"dmr_rasher_steneck","downeast","5_4_30",5,"5_4_30-downeast-5-4-2002-dmr_rasher_steneck",2002,7,1,44.605604,-67.26631,"Saccharina latissima and Laminaria digitata","random",1,82,NA,NA,NA
13,"dmr_rasher_steneck","downeast","5_4_33",5,"5_4_33-downeast-5-4-2002-dmr_rasher_steneck",2002,7,2,44.706638,-67.115479,"Saccharina latissima and Laminaria digitata","random",1,62,NA,NA,NA
14,"dmr_rasher_steneck","york","5_4_35",5,"5_4_35-york-5-4-2003-dmr_rasher_steneck",2003,5,14,43.00497,-70.597,"Saccharina latissima and Laminaria digitata","random",1,51.7,NA,NA,NA
15,"dmr_rasher_steneck","midcoast","5_4_37",5,"5_4_37-midcoast-5-4-2003-dmr_rasher_steneck",2003,5,21,43.79362,-69.59834,"Saccharina latissima and Laminaria digitata","random",1,27.5,NA,NA,NA
16,"dmr_rasher_steneck","penobscot.bay","5_4_40",5,"5_4_40-penobscot.bay-5-4-2003-dmr_rasher_steneck",2003,5,28,43.88965,-69.12922,"Saccharina latissima and Laminaria digitata","random",1,15,NA,NA,NA
17,"dmr_rasher_steneck","penobscot.bay","5_4_42",5,"5_4_42-penobscot.bay-5-4-2003-dmr_rasher_steneck",2003,6,3,44.06534,-68.67213,"Saccharina latissima and Laminaria digitata","random",1,89,NA,NA,NA
18,"dmr_rasher_steneck","mdi","5_4_46",5,"5_4_46-mdi-5-4-2003-dmr_rasher_steneck",2003,6,10,44.17505,-68.24911,"Saccharina latissima and Laminaria digitata","random",1,92,NA,NA,NA
19,"dmr_rasher_steneck","downeast","5_4_27",5,"5_4_27-downeast-5-4-2003-dmr_rasher_steneck",2003,6,16,44.39865,-67.94713,"Saccharina latissima and Laminaria digitata","random",1,69,NA,NA,NA
20,"dmr_rasher_steneck","downeast","5_4_50",5,"5_4_50-downeast-5-4-2003-dmr_rasher_steneck",2003,6,23,44.37062,-67.87349,"Saccharina latissima and Laminaria digitata","random",1,86,NA,NA,NA
21,"dmr_rasher_steneck","downeast","5_4_51",5,"5_4_51-downeast-5-4-2003-dmr_rasher_steneck",2003,6,23,44.4423,-67.82168,"Saccharina latissima and Laminaria digitata","random",1,89.5,NA,NA,NA
22,"dmr_rasher_steneck","downeast","5_4_13",5,"5_4_13-downeast-5-4-2003-dmr_rasher_steneck",2003,7,1,44.66214,-67.16768,"Saccharina latissima and Laminaria digitata","random",1,81.5,NA,NA,NA
23,"dmr_rasher_steneck","penobscot.bay","5_4_40",5,"5_4_40-penobscot.bay-5-4-2004-dmr_rasher_steneck",2004,5,26,43.8897,-69.1201,"Saccharina latissima and Laminaria digitata","random",1,80.5,NA,NA,NA
24,"dmr_rasher_steneck","downeast","5_4_71",5,"5_4_71-downeast-5-4-2004-dmr_rasher_steneck",2004,6,15,44.3896,-68.0124,"Saccharina latissima and Laminaria digitata","random",1,99,NA,NA,NA
25,"dmr_rasher_steneck","downeast","5_4_9",5,"5_4_9-downeast-5-4-2004-dmr_rasher_steneck",2004,6,23,44.4066,-67.8728,"Saccharina latissima and Laminaria digitata","random",1,94,NA,NA,NA
26,"dmr_rasher_steneck","midcoast","5_4_37",5,"5_4_37-midcoast-5-4-2005-dmr_rasher_steneck",2005,5,18,43.7891,-69.5997,"Saccharina latissima and Laminaria digitata","random",1,23.5,NA,NA,NA
27,"dmr_rasher_steneck","penobscot.bay","5_4_85",5,"5_4_85-penobscot.bay-5-4-2005-dmr_rasher_steneck",2005,5,29,43.9709,-69.0653,"Saccharina latissima and Laminaria digitata","random",1,80.5,NA,NA,NA
28,"dmr_rasher_steneck","mdi","5_4_93",5,"5_4_93-mdi-5-4-2005-dmr_rasher_steneck",2005,6,11,44.3099,-68.1869,"Saccharina latissima and Laminaria digitata","random",1,62,NA,NA,NA
29,"dmr_rasher_steneck","downeast","5_4_95",5,"5_4_95-downeast-5-4-2005-dmr_rasher_steneck",2005,6,20,44.4736,-67.7897,"Saccharina latissima and Laminaria digitata","random",1,84,NA,NA,NA
30,"dmr_rasher_steneck","downeast","5_4_99",5,"5_4_99-downeast-5-4-2005-dmr_rasher_steneck",2005,6,22,44.6108,-67.272,"Saccharina latissima and Laminaria digitata","random",1,92.5,NA,NA,NA
31,"dmr_rasher_steneck","downeast","5_4_102",5,"5_4_102-downeast-5-4-2005-dmr_rasher_steneck",2005,6,27,44.7419,-67.0704,"Saccharina latissima and Laminaria digitata","random",1,36.5,NA,NA,NA
32,"dmr_rasher_steneck","casco.bay","5_4_106",5,"5_4_106-casco.bay-5-4-2006-dmr_rasher_steneck",2006,5,10,43.6915,-70.0828,"Saccharina latissima and Laminaria digitata","random",1,51,NA,NA,NA
33,"dmr_rasher_steneck","mdi","5_4_93",5,"5_4_93-mdi-5-4-2006-dmr_rasher_steneck",2006,6,4,44.3065,-68.1934,"Saccharina latissima and Laminaria digitata","random",1,23.5,NA,NA,NA
34,"dmr_rasher_steneck","downeast","5_4_7",5,"5_4_7-downeast-5-4-2006-dmr_rasher_steneck",2006,6,17,44.3892,-67.961,"Saccharina latissima and Laminaria digitata","random",1,80.5,NA,NA,NA
35,"dmr_rasher_steneck","downeast","5_4_51",5,"5_4_51-downeast-5-4-2006-dmr_rasher_steneck",2006,6,29,44.4423,-67.8258,"Saccharina latissima and Laminaria digitata","random",1,68.5,NA,NA,NA
36,"dmr_rasher_steneck","downeast","5_4_33",5,"5_4_33-downeast-5-4-2006-dmr_rasher_steneck",2006,7,2,44.7021,-67.1156,"Saccharina latissima and Laminaria digitata","random",1,64.5,NA,NA,NA
37,"dmr_rasher_steneck","downeast","5_4_102",5,"5_4_102-downeast-5-4-2006-dmr_rasher_steneck",2006,7,2,44.7464,-67.0702,"Saccharina latissima and Laminaria digitata","random",1,17,NA,NA,NA
38,"dmr_rasher_steneck","mdi","5_4_128",5,"5_4_128-mdi-5-4-2007-dmr_rasher_steneck",2007,6,8,44.2423,-68.2079,"Saccharina latissima and Laminaria digitata","random",1,86,NA,NA,NA
39,"dmr_rasher_steneck","downeast","5_4_71",5,"5_4_71-downeast-5-4-2007-dmr_rasher_steneck",2007,6,10,44.3851,-68.0129,"Saccharina latissima and Laminaria digitata","random",1,90.5,NA,NA,NA
40,"dmr_rasher_steneck","downeast","5_4_131",5,"5_4_131-downeast-5-4-2007-dmr_rasher_steneck",2007,6,18,44.429,-67.8476,"Saccharina latissima and Laminaria digitata","random",1,42,NA,NA,NA
41,"dmr_rasher_steneck","downeast","5_4_51",5,"5_4_51-downeast-5-4-2007-dmr_rasher_steneck",2007,6,18,44.446,-67.8216,"Saccharina latissima and Laminaria digitata","random",1,59,NA,NA,NA
42,"dmr_rasher_steneck","downeast","5_4_10",5,"5_4_10-downeast-5-4-2007-dmr_rasher_steneck",2007,6,19,44.572,-67.4097,"Saccharina latissima and Laminaria digitata","random",1,76.5,NA,NA,NA
43,"dmr_rasher_steneck","downeast","5_4_30",5,"5_4_30-downeast-5-4-2007-dmr_rasher_steneck",2007,6,27,44.6086,-67.2589,"Saccharina latissima and Laminaria digitata","random",1,96,NA,NA,NA
44,"dmr_rasher_steneck","york","5_4_35",5,"5_4_35-york-5-4-2008-dmr_rasher_steneck",2008,5,5,43.00588,-70.60603,"Saccharina latissima and Laminaria digitata","random",1,0,NA,NA,NA
45,"dmr_rasher_steneck","mdi","5_4_145",5,"5_4_145-mdi-5-4-2008-dmr_rasher_steneck",2008,6,2,44.09559,-68.48462,"Saccharina latissima and Laminaria digitata","random",1,69.5,NA,NA,NA
46,"dmr_rasher_steneck","mdi","5_4_46",5,"5_4_46-mdi-5-4-2008-dmr_rasher_steneck",2008,6,3,44.17499,-68.23991,"Saccharina latissima and Laminaria digitata","random",1,65.5,NA,NA,NA
47,"dmr_rasher_steneck","mdi","5_4_93",5,"5_4_93-mdi-5-4-2008-dmr_rasher_steneck",2008,6,3,44.31419,-68.18947,"Saccharina latissima and Laminaria digitata","random",1,92,NA,NA,NA
48,"dmr_rasher_steneck","downeast","5_4_131",5,"5_4_131-downeast-5-4-2008-dmr_rasher_steneck",2008,6,11,44.4215,-67.84725,"Saccharina latissima and Laminaria digitata","random",1,61,NA,NA,NA
49,"dmr_rasher_steneck","downeast","5_4_148",5,"5_4_148-downeast-5-4-2008-dmr_rasher_steneck",2008,6,12,44.48392,-67.52526,"Saccharina latissima and Laminaria digitata","random",1,88.5,NA,NA,NA
50,"dmr_rasher_steneck","york","5_4_5",5,"5_4_5-york-5-4-2009-dmr_rasher_steneck",2009,5,4,43.53576,-70.30323,"Saccharina latissima and Laminaria digitata","random",1,6,NA,NA,NA
51,"dmr_rasher_steneck","mdi","5_4_159",5,"5_4_159-mdi-5-4-2009-dmr_rasher_steneck",2009,6,4,44.33128,-68.0515,"Saccharina latissima and Laminaria digitata","random",1,61.5,NA,NA,NA
52,"dmr_rasher_steneck","downeast","5_4_163",5,"5_4_163-downeast-5-4-2009-dmr_rasher_steneck",2009,6,11,44.55978,-67.48568,"Saccharina latissima and Laminaria digitata","random",1,86,NA,NA,NA
53,"dmr_rasher_steneck","downeast","5_4_10",5,"5_4_10-downeast-5-4-2009-dmr_rasher_steneck",2009,6,11,44.57191,-67.40451,"Saccharina latissima and Laminaria digitata","random",1,92,NA,NA,NA
54,"dmr_rasher_steneck","downeast","5_4_29",5,"5_4_29-downeast-5-4-2009-dmr_rasher_steneck",2009,6,11,44.59754,-67.32067,"Saccharina latissima and Laminaria digitata","random",1,82.5,NA,NA,NA
55,"dmr_rasher_steneck","downeast","5_4_13",5,"5_4_13-downeast-5-4-2009-dmr_rasher_steneck",2009,6,15,44.66214,-67.16768,"Saccharina latissima and Laminaria digitata","random",1,83,NA,NA,NA
56,"dmr_rasher_steneck","york","5_4_35",5,"5_4_35-york-5-4-2010-dmr_rasher_steneck",2010,5,5,43.001839,-70.604214,"Saccharina latissima and Laminaria digitata","random",1,1,NA,NA,NA
57,"dmr_rasher_steneck","casco.bay","5_4_106",5,"5_4_106-casco.bay-5-4-2010-dmr_rasher_steneck",2010,5,7,43.687002,-70.082733,"Saccharina latissima and Laminaria digitata","random",1,7.5,NA,NA,NA
58,"dmr_rasher_steneck","midcoast","5_4_166",5,"5_4_166-midcoast-5-4-2010-dmr_rasher_steneck",2010,5,6,43.771149,-69.586964,"Saccharina latissima and Laminaria digitata","random",1,19.5,NA,NA,NA
59,"dmr_rasher_steneck","downeast","5_4_99",5,"5_4_99-downeast-5-4-2010-dmr_rasher_steneck",2010,6,10,44.605822,-67.277252,"Saccharina latissima and Laminaria digitata","random",1,79.5,NA,NA,NA
60,"dmr_rasher_steneck","downeast","5_4_27",5,"5_4_27-downeast-5-4-2011-dmr_rasher_steneck",2011,6,3,44.39761,-67.95086,"Saccharina latissima and Laminaria digitata","random",1,82.5,NA,NA,NA
61,"dmr_rasher_steneck","midcoast","5_4_166",5,"5_4_166-midcoast-5-4-2012-dmr_rasher_steneck",2012,5,3,43.77567,-69.5803,"Saccharina latissima and Laminaria digitata","random",1,0,NA,NA,NA
62,"dmr_rasher_steneck","mdi","5_4_25",5,"5_4_25-mdi-5-4-2012-dmr_rasher_steneck",2012,5,13,44.35412,-68.0996,"Saccharina latissima and Laminaria digitata","random",1,60,NA,NA,NA
63,"dmr_rasher_steneck","downeast","5_4_50",5,"5_4_50-downeast-5-4-2012-dmr_rasher_steneck",2012,6,11,44.37516,-67.8796,"Saccharina latissima and Laminaria digitata","random",1,60.5,NA,NA,NA
64,"dmr_rasher_steneck","downeast","5_4_131",5,"5_4_131-downeast-5-4-2012-dmr_rasher_steneck",2012,6,11,44.42447,-67.8477,"Saccharina latissima and Laminaria digitata","random",1,23,NA,NA,NA
65,"dmr_rasher_steneck","midcoast","5_4_37",5,"5_4_37-midcoast-5-4-2013-dmr_rasher_steneck",2013,5,2,43.79359,-69.6031,"Saccharina latissima and Laminaria digitata","random",1,12,NA,NA,NA
66,"dmr_rasher_steneck","midcoast","5_4_166",5,"5_4_166-midcoast-5-4-2013-dmr_rasher_steneck",2013,5,2,43.77564,-69.5885,"Saccharina latissima and Laminaria digitata","random",1,12.5,NA,NA,NA
67,"dmr_rasher_steneck","mdi","5_4_159",5,"5_4_159-mdi-5-4-2013-dmr_rasher_steneck",2013,5,17,44.3358,-68.0553,"Saccharina latissima and Laminaria digitata","random",1,81.5,NA,NA,NA
68,"dmr_rasher_steneck","downeast","5_4_163",5,"5_4_163-downeast-5-4-2013-dmr_rasher_steneck",2013,5,31,44.55968,-67.4794,"Saccharina latissima and Laminaria digitata","random",1,68,NA,NA,NA
69,"dmr_rasher_steneck","downeast","5_4_99",5,"5_4_99-downeast-5-4-2013-dmr_rasher_steneck",2013,6,14,44.60932,-67.2764,"Saccharina latissima and Laminaria digitata","random",1,67,NA,NA,NA
70,"dmr_rasher_steneck","york","5_4_5",5,"5_4_5-york-5-4-2014-dmr_rasher_steneck",2014,5,5,43.5358,-70.3032,"Saccharina latissima and Laminaria digitata","random",1,3.5,NA,NA,NA
71,"dmr_rasher_steneck","penobscot.bay","5_4_40",5,"5_4_40-penobscot.bay-5-4-2014-dmr_rasher_steneck",2014,5,12,43.8942,-69.1282,"Saccharina latissima and Laminaria digitata","random",1,30.5,NA,NA,NA
72,"dmr_rasher_steneck","penobscot.bay","5_4_85",5,"5_4_85-penobscot.bay-5-4-2014-dmr_rasher_steneck",2014,5,12,43.9754,-69.0653,"Saccharina latissima and Laminaria digitata","random",1,8.5,NA,NA,NA
73,"dmr_rasher_steneck","mdi","5_4_145",5,"5_4_145-mdi-5-4-2014-dmr_rasher_steneck",2014,5,13,44.1001,-68.4846,"Saccharina latissima and Laminaria digitata","random",1,48.5,NA,NA,NA
74,"dmr_rasher_steneck","mdi","5_4_128",5,"5_4_128-mdi-5-4-2014-dmr_rasher_steneck",2014,5,27,44.239,-68.2096,"Saccharina latissima and Laminaria digitata","random",1,80,NA,NA,NA
75,"dmr_rasher_steneck","mdi","5_4_25",5,"5_4_25-mdi-5-4-2014-dmr_rasher_steneck",2014,6,6,44.3541,-68.0934,"Saccharina latissima and Laminaria digitata","random",1,89.5,NA,NA,NA
76,"dmr_rasher_steneck","downeast","5_4_33",5,"5_4_33-downeast-5-4-2014-dmr_rasher_steneck",2014,6,19,44.7022,-67.1192,"Saccharina latissima and Laminaria digitata","random",1,38.5,NA,NA,NA
77,"dmr_rasher_steneck","mdi","5_4_46",5,"5_4_46-mdi-5-4-2015-dmr_rasher_steneck",2015,5,16,44.1707,-68.2458,"Saccharina latissima and Laminaria digitata","random",1,60,NA,NA,NA
78,"dmr_rasher_steneck","downeast","5_4_7",5,"5_4_7-downeast-5-4-2015-dmr_rasher_steneck",2015,5,17,44.3891,-67.9674,"Saccharina latissima and Laminaria digitata","random",1,25,NA,NA,NA
79,"dmr_rasher_steneck","downeast","5_4_27",5,"5_4_27-downeast-5-4-2015-dmr_rasher_steneck",2015,5,17,44.3973,-67.9509,"Saccharina latissima and Laminaria digitata","random",1,66,NA,NA,NA
80,"dmr_rasher_steneck","downeast","5_4_148",5,"5_4_148-downeast-5-4-2015-dmr_rasher_steneck",2015,6,7,44.484,-67.5248,"Saccharina latissima and Laminaria digitata","random",1,44.5,NA,NA,NA
81,"dmr_rasher_steneck","downeast","5_4_29",5,"5_4_29-downeast-5-4-2015-dmr_rasher_steneck",2015,6,13,44.5975,-67.3207,"Saccharina latissima and Laminaria digitata","random",1,87.5,NA,NA,NA
82,"dmr_rasher_steneck","downeast","5_4_30",5,"5_4_30-downeast-5-4-2015-dmr_rasher_steneck",2015,6,13,44.6057,-67.2641,"Saccharina latissima and Laminaria digitata","random",1,87,NA,NA,NA
83,"dmr_rasher_steneck","penobscot.bay","5_4_85",5,"5_4_85-penobscot.bay-5-4-2016-dmr_rasher_steneck",2016,5,14,43.9718,-69.0613,"Saccharina latissima and Laminaria digitata","random",1,87.5,NA,NA,NA
84,"dmr_rasher_steneck","downeast","5_4_51",5,"5_4_51-downeast-5-4-2016-dmr_rasher_steneck",2016,6,4,44.4421,-67.8209,"Saccharina latissima and Laminaria digitata","random",1,88,NA,NA,NA
85,"dmr_rasher_steneck","downeast","5_4_99",5,"5_4_99-downeast-5-4-2016-dmr_rasher_steneck",2016,6,18,44.6093,-67.2766,"Saccharina latissima and Laminaria digitata","random",1,77,NA,NA,NA
86,"dmr_rasher_steneck","mdi","5_4_145",5,"5_4_145-mdi-5-4-2017-dmr_rasher_steneck",2017,5,10,44.0999,-68.4789,"Saccharina latissima and Laminaria digitata","random",1,18.5,NA,NA,NA
87,"dmr_rasher_steneck","mdi","5_4_24",5,"5_4_24-mdi-5-4-2017-dmr_rasher_steneck",2017,5,11,44.2379,-68.2391,"Saccharina latissima and Laminaria digitata","random",1,47.5,NA,NA,NA
88,"dmr_rasher_steneck","downeast","5_4_50",5,"5_4_50-downeast-5-4-2017-dmr_rasher_steneck",2017,6,13,44.3796,-67.8733,"Saccharina latissima and Laminaria digitata","random",1,31.5,NA,NA,NA
89,"dmr_rasher_steneck","downeast","5_4_163",5,"5_4_163-downeast-5-4-2017-dmr_rasher_steneck",2017,6,15,44.5596,-67.4792,"Saccharina latissima and Laminaria digitata","random",1,89.5,NA,NA,NA
90,"dmr_rasher_steneck","downeast","5_4_33",5,"5_4_33-downeast-5-4-2017-dmr_rasher_steneck",2017,6,16,44.7107,-67.1152,"Saccharina latissima and Laminaria digitata","random",1,1,NA,NA,NA
91,"dmr_rasher_steneck","downeast","5_4_102",5,"5_4_102-downeast-5-4-2017-dmr_rasher_steneck",2017,6,16,44.7507,-67.0697,"Saccharina latissima and Laminaria digitata","random",1,63,NA,NA,NA
92,"dmr_rasher_steneck","penobscot.bay","5_4_40",5,"5_4_40-penobscot.bay-5-4-2018-dmr_rasher_steneck",2018,5,11,43.8939,-69.12,"Saccharina latissima and Laminaria digitata","random",1,38.5,NA,NA,NA
93,"dmr_rasher_steneck","downeast","5_4_71",5,"5_4_71-downeast-5-4-2018-dmr_rasher_steneck",2018,5,14,44.3939,-68.0125,"Saccharina latissima and Laminaria digitata","random",1,61.5,NA,NA,NA
94,"dmr_rasher_steneck","downeast","5_4_33",5,"5_4_33-downeast-5-4-2018-dmr_rasher_steneck",2018,5,19,44.7066,-67.1154,"Saccharina latissima and Laminaria digitata","random",1,40.5,NA,NA,NA
95,"dmr_rasher_steneck","mdi","5_4_128",5,"5_4_128-mdi-5-4-2016-dmr_rasher_steneck",2016,8,31,44.2371,-68.2048,"Saccharina latissima and Laminaria digitata","random",1,83.375,NA,NA,NA
96,"dmr_rasher_steneck","mdi","5_4_24",5,"5_4_24-mdi-5-4-2016-dmr_rasher_steneck",2016,8,31,44.2376,-68.2452,"Saccharina latissima and Laminaria digitata","random",1,53.7857142857143,NA,NA,NA
97,"dmr_rasher_steneck","penobscot.bay","5_4_42",5,"5_4_42-penobscot.bay-5-4-2017-dmr_rasher_steneck",2017,8,3,44.0731,-68.6709,"Saccharina latissima and Laminaria digitata","random",1,81.75,NA,NA,NA
98,"dmr_rasher_steneck","downeast","5_4_148",5,"5_4_148-downeast-5-4-2017-dmr_rasher_steneck",2017,8,22,44.4822,-67.5276,"Saccharina latissima and Laminaria digitata","random",1,24.25,NA,NA,NA
99,"dmr_rasher_steneck","downeast","5_4_95",5,"5_4_95-downeast-5-4-2017-dmr_rasher_steneck",2017,8,25,44.4718,-67.7859,"Saccharina latissima and Laminaria digitata","random",1,45.8571428571429,NA,NA,NA
100,"dmr_rasher_steneck","mdi","5_4_159",5,"5_4_159-mdi-5-4-2017-dmr_rasher_steneck",2017,8,28,44.3345,-68.0525,"Saccharina latissima and Laminaria digitata","random",1,71.7428571428571,NA,NA,NA
101,"dmr_rasher_steneck","penobscot.bay","5_4_42",5,"5_4_42-penobscot.bay-5-4-2018-dmr_rasher_steneck",2018,6,25,44.0731,-68.6709,"Saccharina latissima and Laminaria digitata","random",1,72.5,NA,NA,NA
102,"dmr_rasher_steneck","downeast","5_4_148",5,"5_4_148-downeast-5-4-2018-dmr_rasher_steneck",2018,7,8,44.4822,-67.5276,"Saccharina latissima and Laminaria digitata","random",1,84.6375,NA,NA,NA
103,"dmr_rasher_steneck","downeast","5_4_95",5,"5_4_95-downeast-5-4-2018-dmr_rasher_steneck",2018,7,10,44.4718,-67.7859,"Saccharina latissima and Laminaria digitata","random",1,44.6625,NA,NA,NA
104,"dmr_rasher_steneck","mdi","5_4_159",5,"5_4_159-mdi-5-4-2018-dmr_rasher_steneck",2018,7,10,44.3345,-68.0525,"Saccharina latissima and Laminaria digitata","random",1,85.625,NA,NA,NA
105,"dmr_rasher_steneck","mdi","5_4_46",5,"5_4_46-mdi-5-4-2018-dmr_rasher_steneck",2018,8,6,44.171,-68.2494,"Saccharina latissima and Laminaria digitata","random",1,93.125,NA,NA,NA
106,"dmr_rasher_steneck","casco.bay","5_4_106",5,"5_4_106-casco.bay-5-4-2018-dmr_rasher_steneck",2018,9,5,43.68669,-70.08436,"Saccharina latissima and Laminaria digitata","random",1,10.6375,NA,NA,NA
107,"dmr_rasher_steneck","casco.bay","5_2_2",5,"5_2_2-casco.bay-5-2-2001-dmr_rasher_steneck",2001,6,15,43.76509,-69.96087,"Saccharina latissima and Laminaria digitata","random",1,59,NA,NA,NA
108,"dmr_rasher_steneck","midcoast","5_2_9",5,"5_2_9-midcoast-5-2-2001-dmr_rasher_steneck",2001,6,5,43.82462,-69.63938,"Saccharina latissima and Laminaria digitata","random",1,2.8,NA,NA,NA
109,"dmr_rasher_steneck","midcoast","5_2_15",5,"5_2_15-midcoast-5-2-2001-dmr_rasher_steneck",2001,6,7,43.91571,-69.37804,"Saccharina latissima and Laminaria digitata","random",1,7.2,NA,NA,NA
110,"dmr_rasher_steneck","penobscot.bay","5_2_18",5,"5_2_18-penobscot.bay-5-2-2001-dmr_rasher_steneck",2001,6,19,44.07907,-69.04713,"Saccharina latissima and Laminaria digitata","random",1,0.9,NA,NA,NA
111,"dmr_rasher_steneck","mdi","5_2_28",5,"5_2_28-mdi-5-2-2001-dmr_rasher_steneck",2001,7,3,44.16329,-68.49663,"Saccharina latissima and Laminaria digitata","random",1,72,NA,NA,NA
112,"dmr_rasher_steneck","midcoast","5_2_44",5,"5_2_44-midcoast-5-2-2002-dmr_rasher_steneck",2002,5,21,43.820496,-69.61182,"Saccharina latissima and Laminaria digitata","random",1,4.5,NA,NA,NA
113,"dmr_rasher_steneck","midcoast","5_2_46",5,"5_2_46-midcoast-5-2-2002-dmr_rasher_steneck",2002,5,21,43.862259,-69.529659,"Saccharina latissima and Laminaria digitata","random",1,0.5,NA,NA,NA
114,"dmr_rasher_steneck","mdi","5_2_53",5,"5_2_53-mdi-5-2-2002-dmr_rasher_steneck",2002,6,7,44.189623,-68.408779,"Saccharina latissima and Laminaria digitata","random",1,92,NA,NA,NA
115,"dmr_rasher_steneck","downeast","5_2_61",5,"5_2_61-downeast-5-2-2002-dmr_rasher_steneck",2002,6,25,44.495928,-67.763393,"Saccharina latissima and Laminaria digitata","random",1,87.5,NA,NA,NA
116,"dmr_rasher_steneck","downeast","5_2_62",5,"5_2_62-downeast-5-2-2002-dmr_rasher_steneck",2002,6,25,44.486357,-67.676289,"Saccharina latissima and Laminaria digitata","random",1,92.5,NA,NA,NA
117,"dmr_rasher_steneck","downeast","5_2_63",5,"5_2_63-downeast-5-2-2002-dmr_rasher_steneck",2002,6,26,44.519897,-67.531109,"Saccharina latissima and Laminaria digitata","random",1,61.5,NA,NA,NA
118,"dmr_rasher_steneck","penobscot.bay","5_2_68",5,"5_2_68-penobscot.bay-5-2-2003-dmr_rasher_steneck",2003,6,2,44.16448,-69.05934,"Saccharina latissima and Laminaria digitata","random",1,2,NA,NA,NA
119,"dmr_rasher_steneck","mdi","5_2_28",5,"5_2_28-mdi-5-2-2003-dmr_rasher_steneck",2003,6,9,44.16321,-68.49657,"Saccharina latissima and Laminaria digitata","random",1,94,NA,NA,NA
120,"dmr_rasher_steneck","downeast","5_2_61",5,"5_2_61-downeast-5-2-2003-dmr_rasher_steneck",2003,6,23,44.49585,-67.75206,"Saccharina latissima and Laminaria digitata","random",1,96,NA,NA,NA
121,"dmr_rasher_steneck","mdi","5_2_82",5,"5_2_82-mdi-5-2-2004-dmr_rasher_steneck",2004,6,4,44.1457,-68.578,"Saccharina latissima and Laminaria digitata","random",1,2.5,NA,NA,NA
122,"dmr_rasher_steneck","mdi","5_2_85",5,"5_2_85-mdi-5-2-2004-dmr_rasher_steneck",2004,6,16,44.4174,-68.1349,"Saccharina latissima and Laminaria digitata","random",1,54.5,NA,NA,NA
123,"dmr_rasher_steneck","downeast","5_2_89",5,"5_2_89-downeast-5-2-2004-dmr_rasher_steneck",2004,6,24,44.5296,-67.5366,"Saccharina latissima and Laminaria digitata","random",1,98,NA,NA,NA
124,"dmr_rasher_steneck","downeast","5_2_63",5,"5_2_63-downeast-5-2-2004-dmr_rasher_steneck",2004,6,24,44.5155,-67.5307,"Saccharina latissima and Laminaria digitata","random",1,94,NA,NA,NA
125,"dmr_rasher_steneck","midcoast","5_2_46",5,"5_2_46-midcoast-5-2-2005-dmr_rasher_steneck",2005,5,18,43.8698,-69.5336,"Saccharina latissima and Laminaria digitata","random",1,57,NA,NA,NA
126,"dmr_rasher_steneck","midcoast","5_2_93",5,"5_2_93-midcoast-5-2-2005-dmr_rasher_steneck",2005,5,28,43.8711,-69.2962,"Saccharina latissima and Laminaria digitata","random",1,82,NA,NA,NA
127,"dmr_rasher_steneck","downeast","5_2_104",5,"5_2_104-downeast-5-2-2005-dmr_rasher_steneck",2005,6,21,44.565,-67.5275,"Saccharina latissima and Laminaria digitata","random",1,98.5,NA,NA,NA
128,"dmr_rasher_steneck","midcoast","5_2_44",5,"5_2_44-midcoast-5-2-2006-dmr_rasher_steneck",2006,5,13,43.8287,-69.6167,"Saccharina latissima and Laminaria digitata","random",1,47,NA,NA,NA
129,"dmr_rasher_steneck","midcoast","5_2_109",5,"5_2_109-midcoast-5-2-2006-dmr_rasher_steneck",2006,5,16,43.9116,-69.3146,"Saccharina latissima and Laminaria digitata","random",1,53.5,NA,NA,NA
130,"dmr_rasher_steneck","mdi","5_2_118",5,"5_2_118-mdi-5-2-2006-dmr_rasher_steneck",2006,6,3,44.3791,-68.4637,"Saccharina latissima and Laminaria digitata","random",1,11,NA,NA,NA
131,"dmr_rasher_steneck","downeast","5_2_61",5,"5_2_61-downeast-5-2-2006-dmr_rasher_steneck",2006,6,29,44.4994,-67.7582,"Saccharina latissima and Laminaria digitata","random",1,44,NA,NA,NA
132,"dmr_rasher_steneck","downeast","5_2_124",5,"5_2_124-downeast-5-2-2006-dmr_rasher_steneck",2006,6,30,44.5513,-67.5636,"Saccharina latissima and Laminaria digitata","random",1,87.5,NA,NA,NA
133,"dmr_rasher_steneck","downeast","5_2_89",5,"5_2_89-downeast-5-2-2006-dmr_rasher_steneck",2006,6,30,44.5328,-67.5302,"Saccharina latissima and Laminaria digitata","random",1,76,NA,NA,NA
134,"dmr_rasher_steneck","downeast","5_2_125",5,"5_2_125-downeast-5-2-2006-dmr_rasher_steneck",2006,7,1,44.6472,-67.3317,"Saccharina latissima and Laminaria digitata","random",1,64,NA,NA,NA
135,"dmr_rasher_steneck","mdi","5_2_142",5,"5_2_142-mdi-5-2-2007-dmr_rasher_steneck",2007,6,8,44.4626,-68.1609,"Saccharina latissima and Laminaria digitata","random",1,12,NA,NA,NA
136,"dmr_rasher_steneck","downeast","5_2_62",5,"5_2_62-downeast-5-2-2007-dmr_rasher_steneck",2007,6,18,44.4862,-67.6638,"Saccharina latissima and Laminaria digitata","random",1,75,NA,NA,NA
137,"dmr_rasher_steneck","downeast","5_2_145",5,"5_2_145-downeast-5-2-2007-dmr_rasher_steneck",2007,6,19,44.5736,-67.4853,"Saccharina latissima and Laminaria digitata","random",1,95.5,NA,NA,NA
138,"dmr_rasher_steneck","downeast","5_2_146",5,"5_2_146-downeast-5-2-2007-dmr_rasher_steneck",2007,6,27,44.5841,-67.358,"Saccharina latissima and Laminaria digitata","random",1,45.5,NA,NA,NA
139,"dmr_rasher_steneck","downeast","5_2_147",5,"5_2_147-downeast-5-2-2007-dmr_rasher_steneck",2007,6,27,44.6147,-67.273,"Saccharina latissima and Laminaria digitata","random",1,51.5,NA,NA,NA
140,"dmr_rasher_steneck","midcoast","5_2_9",5,"5_2_9-midcoast-5-2-2008-dmr_rasher_steneck",2008,5,7,43.82497,-69.64226,"Saccharina latissima and Laminaria digitata","random",1,62,NA,NA,NA
141,"dmr_rasher_steneck","penobscot.bay","5_2_158",5,"5_2_158-penobscot.bay-5-2-2008-dmr_rasher_steneck",2008,5,20,44.20083,-68.95551,"Saccharina latissima and Laminaria digitata","random",1,48,NA,NA,NA
142,"dmr_rasher_steneck","penobscot.bay","5_2_162",5,"5_2_162-penobscot.bay-5-2-2008-dmr_rasher_steneck",2008,5,21,44.19116,-68.78413,"Saccharina latissima and Laminaria digitata","random",1,80.5,NA,NA,NA
143,"dmr_rasher_steneck","penobscot.bay","5_2_165",5,"5_2_165-penobscot.bay-5-2-2008-dmr_rasher_steneck",2008,5,21,44.15751,-68.61084,"Saccharina latissima and Laminaria digitata","random",1,7.5,NA,NA,NA
144,"dmr_rasher_steneck","mdi","5_2_168",5,"5_2_168-mdi-5-2-2008-dmr_rasher_steneck",2008,6,3,44.27057,-68.26386,"Saccharina latissima and Laminaria digitata","random",1,15.5,NA,NA,NA
145,"dmr_rasher_steneck","downeast","5_2_174",5,"5_2_174-downeast-5-2-2008-dmr_rasher_steneck",2008,6,12,44.48321,-67.55694,"Saccharina latissima and Laminaria digitata","random",1,56.5,NA,NA,NA
146,"dmr_rasher_steneck","downeast","5_2_145",5,"5_2_145-downeast-5-2-2008-dmr_rasher_steneck",2008,6,12,44.58034,-67.48165,"Saccharina latissima and Laminaria digitata","random",1,90,NA,NA,NA
147,"dmr_rasher_steneck","casco.bay","5_2_2",5,"5_2_2-casco.bay-5-2-2009-dmr_rasher_steneck",2009,5,5,43.76074,-69.95305,"Saccharina latissima and Laminaria digitata","random",1,73.5,NA,NA,NA
148,"dmr_rasher_steneck","midcoast","5_2_46",5,"5_2_46-midcoast-5-2-2009-dmr_rasher_steneck",2009,5,11,43.86489,-69.53466,"Saccharina latissima and Laminaria digitata","random",1,13.5,NA,NA,NA
149,"dmr_rasher_steneck","penobscot.bay","5_2_188",5,"5_2_188-penobscot.bay-5-2-2009-dmr_rasher_steneck",2009,5,12,44.02038,-69.07162,"Saccharina latissima and Laminaria digitata","random",1,94,NA,NA,NA
150,"dmr_rasher_steneck","mdi","5_2_118",5,"5_2_118-mdi-5-2-2009-dmr_rasher_steneck",2009,5,27,44.37805,-68.47401,"Saccharina latissima and Laminaria digitata","random",1,0,NA,NA,NA
151,"dmr_rasher_steneck","mdi","5_2_53",5,"5_2_53-mdi-5-2-2009-dmr_rasher_steneck",2009,5,26,44.18516,-68.41244,"Saccharina latissima and Laminaria digitata","random",1,89,NA,NA,NA
152,"dmr_rasher_steneck","mdi","5_2_202",5,"5_2_202-mdi-5-2-2009-dmr_rasher_steneck",2009,6,5,44.39943,-68.14297,"Saccharina latissima and Laminaria digitata","random",1,54,NA,NA,NA
153,"dmr_rasher_steneck","mdi","5_2_85",5,"5_2_85-mdi-5-2-2009-dmr_rasher_steneck",2009,6,5,44.41286,-68.1314,"Saccharina latissima and Laminaria digitata","random",1,70.5,NA,NA,NA
154,"dmr_rasher_steneck","downeast","5_2_205",5,"5_2_205-downeast-5-2-2009-dmr_rasher_steneck",2009,6,10,44.50124,-67.63622,"Saccharina latissima and Laminaria digitata","random",1,39.5,NA,NA,NA
155,"dmr_rasher_steneck","downeast","5_2_124",5,"5_2_124-downeast-5-2-2009-dmr_rasher_steneck",2009,6,10,44.54756,-67.56276,"Saccharina latissima and Laminaria digitata","random",1,80.5,NA,NA,NA
156,"dmr_rasher_steneck","downeast","5_2_104",5,"5_2_104-downeast-5-2-2009-dmr_rasher_steneck",2009,6,10,44.55907,-67.52656,"Saccharina latissima and Laminaria digitata","random",1,88.5,NA,NA,NA
157,"dmr_rasher_steneck","midcoast","5_2_93",5,"5_2_93-midcoast-5-2-2010-dmr_rasher_steneck",2010,5,13,43.875586,-69.306309,"Saccharina latissima and Laminaria digitata","random",1,49,NA,NA,NA
158,"dmr_rasher_steneck","mdi","5_2_168",5,"5_2_168-mdi-5-2-2010-dmr_rasher_steneck",2010,5,21,44.270626,-68.26944,"Saccharina latissima and Laminaria digitata","random",1,0,NA,NA,NA
159,"dmr_rasher_steneck","downeast","5_2_205",5,"5_2_205-downeast-5-2-2010-dmr_rasher_steneck",2010,6,8,44.494688,-67.631863,"Saccharina latissima and Laminaria digitata","random",1,86.5,NA,NA,NA
160,"dmr_rasher_steneck","downeast","5_2_231",5,"5_2_231-downeast-5-2-2010-dmr_rasher_steneck",2010,6,8,44.490267,-67.579377,"Saccharina latissima and Laminaria digitata","random",1,73.5,NA,NA,NA
161,"dmr_rasher_steneck","downeast","5_2_174",5,"5_2_174-downeast-5-2-2010-dmr_rasher_steneck",2010,6,8,44.490294,-67.556755,"Saccharina latissima and Laminaria digitata","random",1,88,NA,NA,NA
162,"dmr_rasher_steneck","downeast","5_2_125",5,"5_2_125-downeast-5-2-2010-dmr_rasher_steneck",2010,6,10,44.651207,-67.327633,"Saccharina latissima and Laminaria digitata","random",1,74,NA,NA,NA
163,"dmr_rasher_steneck","downeast","5_2_232",5,"5_2_232-downeast-5-2-2010-dmr_rasher_steneck",2010,6,10,44.619898,-67.311057,"Saccharina latissima and Laminaria digitata","random",1,78,NA,NA,NA
164,"dmr_rasher_steneck","midcoast","5_2_109",5,"5_2_109-midcoast-5-2-2011-dmr_rasher_steneck",2011,5,11,43.91941,-69.30907,"Saccharina latissima and Laminaria digitata","random",1,75.5,NA,NA,NA
165,"dmr_rasher_steneck","midcoast","5_2_237",5,"5_2_237-midcoast-5-2-2011-dmr_rasher_steneck",2011,5,11,43.93412,-69.30068,"Saccharina latissima and Laminaria digitata","random",1,55,NA,NA,NA
166,"dmr_rasher_steneck","penobscot.bay","5_2_158",5,"5_2_158-penobscot.bay-5-2-2011-dmr_rasher_steneck",2011,5,26,44.20533,-68.95215,"Saccharina latissima and Laminaria digitata","random",1,59.5,NA,NA,NA
167,"dmr_rasher_steneck","mdi","5_2_82",5,"5_2_82-mdi-5-2-2011-dmr_rasher_steneck",2011,5,31,44.14128,-68.58426,"Saccharina latissima and Laminaria digitata","random",1,4,NA,NA,NA
168,"dmr_rasher_steneck","mdi","5_2_202",5,"5_2_202-mdi-5-2-2011-dmr_rasher_steneck",2011,6,2,44.40024,-68.13937,"Saccharina latissima and Laminaria digitata","random",1,49,NA,NA,NA
169,"dmr_rasher_steneck","downeast","5_2_174",5,"5_2_174-downeast-5-2-2011-dmr_rasher_steneck",2011,6,9,44.48813,-67.56432,"Saccharina latissima and Laminaria digitata","random",1,24.5,NA,NA,NA
170,"dmr_rasher_steneck","downeast","5_2_89",5,"5_2_89-downeast-5-2-2011-dmr_rasher_steneck",2011,6,9,44.53276,-67.53652,"Saccharina latissima and Laminaria digitata","random",1,56.5,NA,NA,NA
171,"dmr_rasher_steneck","downeast","5_2_242",5,"5_2_242-downeast-5-2-2011-dmr_rasher_steneck",2011,6,9,44.57755,-67.50234,"Saccharina latissima and Laminaria digitata","random",1,34,NA,NA,NA
172,"dmr_rasher_steneck","midcoast","5_2_9",5,"5_2_9-midcoast-5-2-2012-dmr_rasher_steneck",2012,5,3,43.82947,-69.6401,"Saccharina latissima and Laminaria digitata","random",1,62.5,NA,NA,NA
173,"dmr_rasher_steneck","midcoast","5_2_15",5,"5_2_15-midcoast-5-2-2012-dmr_rasher_steneck",2012,5,4,43.91136,-69.3828,"Saccharina latissima and Laminaria digitata","random",1,4,NA,NA,NA
174,"dmr_rasher_steneck","midcoast","5_2_237",5,"5_2_237-midcoast-5-2-2012-dmr_rasher_steneck",2012,5,4,43.93324,-69.2937,"Saccharina latissima and Laminaria digitata","random",1,47,NA,NA,NA
175,"dmr_rasher_steneck","penobscot.bay","5_2_68",5,"5_2_68-penobscot.bay-5-2-2012-dmr_rasher_steneck",2012,5,9,44.17202,-69.0609,"Saccharina latissima and Laminaria digitata","random",1,3,NA,NA,NA
176,"dmr_rasher_steneck","penobscot.bay","5_2_18",5,"5_2_18-penobscot.bay-5-2-2012-dmr_rasher_steneck",2012,5,9,44.07448,-69.0469,"Saccharina latissima and Laminaria digitata","random",1,29.5,NA,NA,NA
177,"dmr_rasher_steneck","mdi","5_2_254",5,"5_2_254-mdi-5-2-2012-dmr_rasher_steneck",2012,5,8,44.15877,-68.5841,"Saccharina latissima and Laminaria digitata","random",1,0.5,NA,NA,NA
178,"dmr_rasher_steneck","mdi","5_2_142",5,"5_2_142-mdi-5-2-2012-dmr_rasher_steneck",2012,5,12,44.46178,-68.1566,"Saccharina latissima and Laminaria digitata","random",1,17,NA,NA,NA
179,"dmr_rasher_steneck","downeast","5_2_124",5,"5_2_124-downeast-5-2-2012-dmr_rasher_steneck",2012,6,12,44.54572,-67.5553,"Saccharina latissima and Laminaria digitata","random",1,72,NA,NA,NA
180,"dmr_rasher_steneck","downeast","5_2_104",5,"5_2_104-downeast-5-2-2012-dmr_rasher_steneck",2012,6,12,44.56232,-67.5291,"Saccharina latissima and Laminaria digitata","random",1,85.5,NA,NA,NA
181,"dmr_rasher_steneck","downeast","5_2_242",5,"5_2_242-downeast-5-2-2012-dmr_rasher_steneck",2012,6,20,44.57796,-67.4977,"Saccharina latissima and Laminaria digitata","random",1,79,NA,NA,NA
182,"dmr_rasher_steneck","downeast","5_2_125",5,"5_2_125-downeast-5-2-2012-dmr_rasher_steneck",2012,6,20,44.65176,-67.3328,"Saccharina latissima and Laminaria digitata","random",1,22.5,NA,NA,NA
183,"dmr_rasher_steneck","downeast","5_2_232",5,"5_2_232-downeast-5-2-2012-dmr_rasher_steneck",2012,6,20,44.62438,-67.3115,"Saccharina latissima and Laminaria digitata","random",1,79,NA,NA,NA
184,"dmr_rasher_steneck","midcoast","5_2_44",5,"5_2_44-midcoast-5-2-2013-dmr_rasher_steneck",2013,5,2,43.82211,-69.6188,"Saccharina latissima and Laminaria digitata","random",1,10,NA,NA,NA
185,"dmr_rasher_steneck","midcoast","5_2_93",5,"5_2_93-midcoast-5-2-2013-dmr_rasher_steneck",2013,5,6,43.87561,-69.2948,"Saccharina latissima and Laminaria digitata","random",1,15,NA,NA,NA
186,"dmr_rasher_steneck","penobscot.bay","5_2_165",5,"5_2_165-penobscot.bay-5-2-2013-dmr_rasher_steneck",2013,5,15,44.15495,-68.6092,"Saccharina latissima and Laminaria digitata","random",1,11.5,NA,NA,NA
187,"dmr_rasher_steneck","downeast","5_2_146",5,"5_2_146-downeast-5-2-2013-dmr_rasher_steneck",2013,6,10,44.58406,-67.358,"Saccharina latissima and Laminaria digitata","random",1,44.5,NA,NA,NA
188,"dmr_rasher_steneck","downeast","5_2_147",5,"5_2_147-downeast-5-2-2013-dmr_rasher_steneck",2013,6,14,44.60883,-67.2639,"Saccharina latissima and Laminaria digitata","random",1,76,NA,NA,NA
189,"dmr_rasher_steneck","casco.bay","5_2_2",5,"5_2_2-casco.bay-5-2-2014-dmr_rasher_steneck",2014,5,6,43.7651,-69.9514,"Saccharina latissima and Laminaria digitata","random",1,63.5,NA,NA,NA
190,"dmr_rasher_steneck","midcoast","5_2_15",5,"5_2_15-midcoast-5-2-2014-dmr_rasher_steneck",2014,5,8,43.9159,-69.378,"Saccharina latissima and Laminaria digitata","random",1,76.5,NA,NA,NA
191,"dmr_rasher_steneck","midcoast","5_2_109",5,"5_2_109-midcoast-5-2-2014-dmr_rasher_steneck",2014,5,8,43.9194,-69.3091,"Saccharina latissima and Laminaria digitata","random",1,82.5,NA,NA,NA
192,"dmr_rasher_steneck","penobscot.bay","5_2_188",5,"5_2_188-penobscot.bay-5-2-2014-dmr_rasher_steneck",2014,5,12,44.0234,-69.0716,"Saccharina latissima and Laminaria digitata","random",1,37.5,NA,NA,NA
193,"dmr_rasher_steneck","penobscot.bay","5_2_18",5,"5_2_18-penobscot.bay-5-2-2014-dmr_rasher_steneck",2014,5,12,44.079,-69.0521,"Saccharina latissima and Laminaria digitata","random",1,4.5,NA,NA,NA
194,"dmr_rasher_steneck","mdi","5_2_82",5,"5_2_82-mdi-5-2-2014-dmr_rasher_steneck",2014,5,13,44.1491,-68.5842,"Saccharina latissima and Laminaria digitata","random",1,11,NA,NA,NA
195,"dmr_rasher_steneck","mdi","5_2_28",5,"5_2_28-mdi-5-2-2014-dmr_rasher_steneck",2014,5,26,44.1667,-68.494,"Saccharina latissima and Laminaria digitata","random",1,89,NA,NA,NA
196,"dmr_rasher_steneck","mdi","5_2_142",5,"5_2_142-mdi-5-2-2014-dmr_rasher_steneck",2014,6,6,44.4618,-68.1566,"Saccharina latissima and Laminaria digitata","random",1,67,NA,NA,NA
197,"dmr_rasher_steneck","mdi","5_2_202",5,"5_2_202-mdi-5-2-2014-dmr_rasher_steneck",2014,6,6,44.4002,-68.1394,"Saccharina latissima and Laminaria digitata","random",1,72,NA,NA,NA
198,"dmr_rasher_steneck","downeast","5_2_62",5,"5_2_62-downeast-5-2-2014-dmr_rasher_steneck",2014,6,9,44.4896,-67.6678,"Saccharina latissima and Laminaria digitata","random",1,43.5,NA,NA,NA
199,"dmr_rasher_steneck","downeast","5_2_231",5,"5_2_231-downeast-5-2-2014-dmr_rasher_steneck",2014,6,10,44.4903,-67.5794,"Saccharina latissima and Laminaria digitata","random",1,65,NA,NA,NA
200,"dmr_rasher_steneck","downeast","5_2_124",5,"5_2_124-downeast-5-2-2014-dmr_rasher_steneck",2014,6,10,44.5457,-67.5554,"Saccharina latissima and Laminaria digitata","random",1,45.5,NA,NA,NA
201,"dmr_rasher_steneck","downeast","5_2_89",5,"5_2_89-downeast-5-2-2014-dmr_rasher_steneck",2014,6,10,44.5328,-67.5365,"Saccharina latissima and Laminaria digitata","random",1,79,NA,NA,NA
202,"dmr_rasher_steneck","downeast","5_2_63",5,"5_2_63-downeast-5-2-2014-dmr_rasher_steneck",2014,6,10,44.5199,-67.5311,"Saccharina latissima and Laminaria digitata","random",1,78,NA,NA,NA
203,"dmr_rasher_steneck","penobscot.bay","5_2_188",5,"5_2_188-penobscot.bay-5-2-2015-dmr_rasher_steneck",2015,5,12,44.02,-69.0657,"Saccharina latissima and Laminaria digitata","random",1,5.5,NA,NA,NA
204,"dmr_rasher_steneck","penobscot.bay","5_2_158",5,"5_2_158-penobscot.bay-5-2-2015-dmr_rasher_steneck",2015,5,14,44.2015,-68.9553,"Saccharina latissima and Laminaria digitata","random",1,3.5,NA,NA,NA
205,"dmr_rasher_steneck","penobscot.bay","5_2_162",5,"5_2_162-penobscot.bay-5-2-2015-dmr_rasher_steneck",2015,5,14,44.1928,-68.7964,"Saccharina latissima and Laminaria digitata","random",1,78,NA,NA,NA
206,"dmr_rasher_steneck","penobscot.bay","5_2_165",5,"5_2_165-penobscot.bay-5-2-2015-dmr_rasher_steneck",2015,5,15,44.1575,-68.6139,"Saccharina latissima and Laminaria digitata","random",1,12,NA,NA,NA
207,"dmr_rasher_steneck","downeast","5_2_124",5,"5_2_124-downeast-5-2-2015-dmr_rasher_steneck",2015,6,7,44.5473,-67.5632,"Saccharina latissima and Laminaria digitata","random",1,79,NA,NA,NA
208,"dmr_rasher_steneck","midcoast","5_2_15",5,"5_2_15-midcoast-5-2-2016-dmr_rasher_steneck",2016,5,13,43.9147,-69.381,"Saccharina latissima and Laminaria digitata","random",1,56,NA,NA,NA
209,"dmr_rasher_steneck","midcoast","5_2_237",5,"5_2_237-midcoast-5-2-2016-dmr_rasher_steneck",2016,5,13,43.934,-69.3008,"Saccharina latissima and Laminaria digitata","random",1,58,NA,NA,NA
210,"dmr_rasher_steneck","penobscot.bay","5_2_68",5,"5_2_68-penobscot.bay-5-2-2016-dmr_rasher_steneck",2016,5,18,44.1719,-69.0611,"Saccharina latissima and Laminaria digitata","random",1,2,NA,NA,NA
211,"dmr_rasher_steneck","penobscot.bay","5_2_162",5,"5_2_162-penobscot.bay-5-2-2016-dmr_rasher_steneck",2016,5,18,44.1911,-68.7842,"Saccharina latissima and Laminaria digitata","random",1,64,NA,NA,NA
212,"dmr_rasher_steneck","mdi","5_2_254",5,"5_2_254-mdi-5-2-2016-dmr_rasher_steneck",2016,5,19,44.159,-68.5777,"Saccharina latissima and Laminaria digitata","random",1,9.5,NA,NA,NA
213,"dmr_rasher_steneck","mdi","5_2_85",5,"5_2_85-mdi-5-2-2016-dmr_rasher_steneck",2016,5,22,44.4123,-68.1319,"Saccharina latissima and Laminaria digitata","random",1,50,NA,NA,NA
214,"dmr_rasher_steneck","downeast","5_2_62",5,"5_2_62-downeast-5-2-2016-dmr_rasher_steneck",2016,6,4,44.4917,-67.6709,"Saccharina latissima and Laminaria digitata","random",1,7.5,NA,NA,NA
215,"dmr_rasher_steneck","downeast","5_2_62",5,"5_2_62-downeast-5-2-2016-dmr_rasher_steneck",2016,6,4,44.4863,-67.6701,"Saccharina latissima and Laminaria digitata","random",1,36.5,NA,NA,NA
216,"dmr_rasher_steneck","downeast","5_2_231",5,"5_2_231-downeast-5-2-2016-dmr_rasher_steneck",2016,6,5,44.4855,-67.5772,"Saccharina latissima and Laminaria digitata","random",1,35,NA,NA,NA
217,"dmr_rasher_steneck","downeast","5_2_242",5,"5_2_242-downeast-5-2-2016-dmr_rasher_steneck",2016,6,5,44.5772,-67.502,"Saccharina latissima and Laminaria digitata","random",1,65,NA,NA,NA
218,"dmr_rasher_steneck","downeast","5_2_145",5,"5_2_145-downeast-5-2-2016-dmr_rasher_steneck",2016,6,5,44.5822,-67.485,"Saccharina latissima and Laminaria digitata","random",1,43,NA,NA,NA
219,"dmr_rasher_steneck","downeast","5_2_147",5,"5_2_147-downeast-5-2-2016-dmr_rasher_steneck",2016,6,18,44.6089,-67.2639,"Saccharina latissima and Laminaria digitata","random",1,66.5,NA,NA,NA
220,"dmr_rasher_steneck","penobscot.bay","5_2_68",5,"5_2_68-penobscot.bay-5-2-2017-dmr_rasher_steneck",2017,5,9,44.1722,-69.057,"Saccharina latissima and Laminaria digitata","random",1,5,NA,NA,NA
221,"dmr_rasher_steneck","penobscot.bay","5_2_18",5,"5_2_18-penobscot.bay-5-2-2017-dmr_rasher_steneck",2017,5,5,44.0743,-69.0526,"Saccharina latissima and Laminaria digitata","random",1,10,NA,NA,NA
222,"dmr_rasher_steneck","mdi","5_2_254",5,"5_2_254-mdi-5-2-2017-dmr_rasher_steneck",2017,5,10,44.1555,-68.5783,"Saccharina latissima and Laminaria digitata","random",1,3.5,NA,NA,NA
223,"dmr_rasher_steneck","mdi","5_2_118",5,"5_2_118-mdi-5-2-2017-dmr_rasher_steneck",2017,5,13,44.378,-68.4696,"Saccharina latissima and Laminaria digitata","random",1,0,NA,NA,NA
224,"dmr_rasher_steneck","mdi","5_2_168",5,"5_2_168-mdi-5-2-2017-dmr_rasher_steneck",2017,5,12,44.2762,-68.27,"Saccharina latissima and Laminaria digitata","random",1,77,NA,NA,NA
225,"dmr_rasher_steneck","downeast","5_2_205",5,"5_2_205-downeast-5-2-2017-dmr_rasher_steneck",2017,6,13,44.5012,-67.6361,"Saccharina latissima and Laminaria digitata","random",1,88.5,NA,NA,NA
226,"dmr_rasher_steneck","downeast","5_2_104",5,"5_2_104-downeast-5-2-2017-dmr_rasher_steneck",2017,6,15,44.5624,-67.529,"Saccharina latissima and Laminaria digitata","random",1,64.5,NA,NA,NA
227,"dmr_rasher_steneck","downeast","5_2_242",5,"5_2_242-downeast-5-2-2017-dmr_rasher_steneck",2017,6,15,44.5777,-67.4972,"Saccharina latissima and Laminaria digitata","random",1,78,NA,NA,NA
228,"dmr_rasher_steneck","downeast","5_2_146",5,"5_2_146-downeast-5-2-2017-dmr_rasher_steneck",2017,6,15,44.5852,-67.3524,"Saccharina latissima and Laminaria digitata","random",1,27,NA,NA,NA
229,"dmr_rasher_steneck","downeast","5_2_232",5,"5_2_232-downeast-5-2-2017-dmr_rasher_steneck",2017,6,16,44.6204,-67.3112,"Saccharina latissima and Laminaria digitata","random",1,76.5,NA,NA,NA
230,"dmr_rasher_steneck","midcoast","5_2_109",5,"5_2_109-midcoast-5-2-2018-dmr_rasher_steneck",2018,5,10,43.9196,-69.3146,"Saccharina latissima and Laminaria digitata","random",1,43,NA,NA,NA
231,"dmr_rasher_steneck","penobscot.bay","5_2_18",5,"5_2_18-penobscot.bay-5-2-2018-dmr_rasher_steneck",2018,5,11,44.0791,-69.0471,"Saccharina latissima and Laminaria digitata","random",1,3.5,NA,NA,NA
232,"dmr_rasher_steneck","mdi","5_2_202",5,"5_2_202-mdi-5-2-2018-dmr_rasher_steneck",2018,5,15,44.3954,-68.1443,"Saccharina latissima and Laminaria digitata","random",1,28,NA,NA,NA
233,"dmr_rasher_steneck","downeast","5_2_125",5,"5_2_125-downeast-5-2-2018-dmr_rasher_steneck",2018,5,21,44.6509,-67.3277,"Saccharina latissima and Laminaria digitata","random",1,36.5,NA,NA,NA
234,"dmr_rasher_steneck","mdi","5_2_53",5,"5_2_53-mdi-5-2-2017-dmr_rasher_steneck",2017,7,4,44.1876,-68.413,"Saccharina latissima and Laminaria digitata","random",1,68.75,NA,NA,NA
235,"dmr_rasher_steneck","mdi","5_3_10",5,"5_3_10-mdi-5-3-2001-dmr_rasher_steneck",2001,7,5,44.13106,-68.40311,"Saccharina latissima and Laminaria digitata","random",1,67,NA,NA,NA
236,"dmr_rasher_steneck","downeast","5_3_14",5,"5_3_14-downeast-5-3-2001-dmr_rasher_steneck",2001,7,18,44.47852,-67.80993,"Saccharina latissima and Laminaria digitata","random",1,46.2,NA,NA,NA
237,"dmr_rasher_steneck","downeast","5_3_15",5,"5_3_15-downeast-5-3-2001-dmr_rasher_steneck",2001,7,18,44.48045,-67.75111,"Saccharina latissima and Laminaria digitata","random",1,69,NA,NA,NA
238,"dmr_rasher_steneck","downeast","5_3_16",5,"5_3_16-downeast-5-3-2001-dmr_rasher_steneck",2001,7,19,44.47481,-67.67655,"Saccharina latissima and Laminaria digitata","random",1,95.5,NA,NA,NA
239,"dmr_rasher_steneck","downeast","5_3_18",5,"5_3_18-downeast-5-3-2001-dmr_rasher_steneck",2001,7,25,44.61639,-67.37083,"Saccharina latissima and Laminaria digitata","random",1,100,NA,NA,NA
240,"dmr_rasher_steneck","downeast","5_3_19",5,"5_3_19-downeast-5-3-2001-dmr_rasher_steneck",2001,7,25,44.5983,-67.36613,"Saccharina latissima and Laminaria digitata","random",1,15.5,NA,NA,NA
241,"dmr_rasher_steneck","midcoast","5_3_25",5,"5_3_25-midcoast-5-3-2002-dmr_rasher_steneck",2002,5,22,43.884171,-69.439068,"Saccharina latissima and Laminaria digitata","random",1,25.5,NA,NA,NA
242,"dmr_rasher_steneck","penobscot.bay","5_3_30",5,"5_3_30-penobscot.bay-5-3-2002-dmr_rasher_steneck",2002,6,5,44.015404,-68.609039,"Saccharina latissima and Laminaria digitata","random",1,100,NA,NA,NA
243,"dmr_rasher_steneck","mdi","5_3_31",5,"5_3_31-mdi-5-3-2002-dmr_rasher_steneck",2002,6,5,44.055712,-68.578571,"Saccharina latissima and Laminaria digitata","random",1,96,NA,NA,NA
244,"dmr_rasher_steneck","downeast","5_3_38",5,"5_3_38-downeast-5-3-2002-dmr_rasher_steneck",2002,6,26,44.490295,-67.636499,"Saccharina latissima and Laminaria digitata","random",1,42.9,NA,NA,NA
245,"dmr_rasher_steneck","downeast","5_3_39",5,"5_3_39-downeast-5-3-2002-dmr_rasher_steneck",2002,7,1,44.555111,-67.520045,"Saccharina latissima and Laminaria digitata","random",1,94,NA,NA,NA
246,"dmr_rasher_steneck","downeast","5_3_40",5,"5_3_40-downeast-5-3-2002-dmr_rasher_steneck",2002,6,26,44.505568,-67.512157,"Saccharina latissima and Laminaria digitata","random",1,98,NA,NA,NA
247,"dmr_rasher_steneck","downeast","5_3_19",5,"5_3_19-downeast-5-3-2002-dmr_rasher_steneck",2002,7,1,44.59391,-67.371464,"Saccharina latissima and Laminaria digitata","random",1,98,NA,NA,NA
248,"dmr_rasher_steneck","downeast","5_3_42",5,"5_3_42-downeast-5-3-2002-dmr_rasher_steneck",2002,7,2,44.6584,-67.18971,"Saccharina latissima and Laminaria digitata","random",1,78,NA,NA,NA
249,"dmr_rasher_steneck","midcoast","5_3_48",5,"5_3_48-midcoast-5-3-2003-dmr_rasher_steneck",2003,5,22,43.88809,-69.46879,"Saccharina latissima and Laminaria digitata","random",1,61.4,NA,NA,NA
250,"dmr_rasher_steneck","penobscot.bay","5_3_30",5,"5_3_30-penobscot.bay-5-3-2003-dmr_rasher_steneck",2003,6,4,44.0199,-68.60991,"Saccharina latissima and Laminaria digitata","random",1,75.5,NA,NA,NA
251,"dmr_rasher_steneck","downeast","5_3_15",5,"5_3_15-downeast-5-3-2003-dmr_rasher_steneck",2003,6,23,44.48227,-67.73913,"Saccharina latissima and Laminaria digitata","random",1,100,NA,NA,NA
252,"dmr_rasher_steneck","downeast","5_3_38",5,"5_3_38-downeast-5-3-2003-dmr_rasher_steneck",2003,6,24,44.48624,-67.63207,"Saccharina latissima and Laminaria digitata","random",1,95,NA,NA,NA
253,"dmr_rasher_steneck","downeast","5_3_19",5,"5_3_19-downeast-5-3-2003-dmr_rasher_steneck",2003,6,30,44.59395,-67.3754,"Saccharina latissima and Laminaria digitata","random",1,98,NA,NA,NA
254,"dmr_rasher_steneck","downeast","5_3_62",5,"5_3_62-downeast-5-3-2003-dmr_rasher_steneck",2003,6,30,44.62528,-67.36485,"Saccharina latissima and Laminaria digitata","random",1,85,NA,NA,NA
255,"dmr_rasher_steneck","midcoast","5_3_67",5,"5_3_67-midcoast-5-3-2004-dmr_rasher_steneck",2004,5,17,43.7934,-69.6682,"Saccharina latissima and Laminaria digitata","random",1,46,NA,NA,NA
256,"dmr_rasher_steneck","midcoast","5_3_48",5,"5_3_48-midcoast-5-3-2004-dmr_rasher_steneck",2004,5,20,43.8886,-69.4708,"Saccharina latissima and Laminaria digitata","random",1,5,NA,NA,NA
257,"dmr_rasher_steneck","mdi","5_3_31",5,"5_3_31-mdi-5-3-2004-dmr_rasher_steneck",2004,6,4,44.0602,-68.5785,"Saccharina latissima and Laminaria digitata","random",1,90,NA,NA,NA
258,"dmr_rasher_steneck","mdi","5_3_10",5,"5_3_10-mdi-5-3-2004-dmr_rasher_steneck",2004,6,8,44.1355,-68.4031,"Saccharina latissima and Laminaria digitata","random",1,87,NA,NA,NA
259,"dmr_rasher_steneck","mdi","5_3_73",5,"5_3_73-mdi-5-3-2004-dmr_rasher_steneck",2004,6,16,44.3636,-68.1757,"Saccharina latissima and Laminaria digitata","random",1,92,NA,NA,NA
260,"dmr_rasher_steneck","downeast","5_3_39",5,"5_3_39-downeast-5-3-2004-dmr_rasher_steneck",2004,6,29,44.5559,-67.5233,"Saccharina latissima and Laminaria digitata","random",1,96.5,NA,NA,NA
261,"dmr_rasher_steneck","downeast","5_3_40",5,"5_3_40-downeast-5-3-2004-dmr_rasher_steneck",2004,6,24,44.5025,-67.5121,"Saccharina latissima and Laminaria digitata","random",1,100,NA,NA,NA
262,"dmr_rasher_steneck","downeast","5_3_62",5,"5_3_62-downeast-5-3-2004-dmr_rasher_steneck",2004,6,29,44.6245,-67.3679,"Saccharina latissima and Laminaria digitata","random",1,63,NA,NA,NA
263,"dmr_rasher_steneck","midcoast","5_3_25",5,"5_3_25-midcoast-5-3-2005-dmr_rasher_steneck",2005,5,19,43.8887,-69.4409,"Saccharina latissima and Laminaria digitata","random",1,37,NA,NA,NA
264,"dmr_rasher_steneck","penobscot.bay","5_3_90",5,"5_3_90-penobscot.bay-5-3-2005-dmr_rasher_steneck",2005,5,29,43.9798,-69.0903,"Saccharina latissima and Laminaria digitata","random",1,89,NA,NA,NA
265,"dmr_rasher_steneck","mdi","5_3_95",5,"5_3_95-mdi-5-3-2005-dmr_rasher_steneck",2005,6,15,44.3631,-68.0932,"Saccharina latissima and Laminaria digitata","random",1,89,NA,NA,NA
266,"dmr_rasher_steneck","downeast","5_3_98",5,"5_3_98-downeast-5-3-2005-dmr_rasher_steneck",2005,6,14,44.4115,-67.9298,"Saccharina latissima and Laminaria digitata","random",1,88,NA,NA,NA
267,"dmr_rasher_steneck","downeast","5_3_15",5,"5_3_15-downeast-5-3-2005-dmr_rasher_steneck",2005,6,20,44.4823,-67.7444,"Saccharina latissima and Laminaria digitata","random",1,90.5,NA,NA,NA
268,"dmr_rasher_steneck","downeast","5_3_16",5,"5_3_16-downeast-5-3-2005-dmr_rasher_steneck",2005,6,20,44.4746,-67.6686,"Saccharina latissima and Laminaria digitata","random",1,95.5,NA,NA,NA
269,"dmr_rasher_steneck","downeast","5_3_40",5,"5_3_40-downeast-5-3-2005-dmr_rasher_steneck",2005,6,21,44.5002,-67.5121,"Saccharina latissima and Laminaria digitata","random",1,95.5,NA,NA,NA
270,"dmr_rasher_steneck","downeast","5_3_101",5,"5_3_101-downeast-5-3-2005-dmr_rasher_steneck",2005,6,22,44.6005,-67.4467,"Saccharina latissima and Laminaria digitata","random",1,86.5,NA,NA,NA
271,"dmr_rasher_steneck","midcoast","5_3_48",5,"5_3_48-midcoast-5-3-2006-dmr_rasher_steneck",2006,5,16,43.8942,-69.4653,"Saccharina latissima and Laminaria digitata","random",1,9,NA,NA,NA
272,"dmr_rasher_steneck","mdi","5_3_95",5,"5_3_95-mdi-5-3-2006-dmr_rasher_steneck",2006,6,18,44.363,-68.087,"Saccharina latissima and Laminaria digitata","random",1,32.5,NA,NA,NA
273,"dmr_rasher_steneck","downeast","5_3_118",5,"5_3_118-downeast-5-3-2006-dmr_rasher_steneck",2006,6,17,44.4116,-67.9418,"Saccharina latissima and Laminaria digitata","random",1,81.5,NA,NA,NA
274,"dmr_rasher_steneck","downeast","5_3_38",5,"5_3_38-downeast-5-3-2006-dmr_rasher_steneck",2006,6,29,44.4863,-67.637,"Saccharina latissima and Laminaria digitata","random",1,82.5,NA,NA,NA
275,"dmr_rasher_steneck","downeast","5_3_122",5,"5_3_122-downeast-5-3-2006-dmr_rasher_steneck",2006,7,1,44.5962,-67.4593,"Saccharina latissima and Laminaria digitata","random",1,84.5,NA,NA,NA
276,"dmr_rasher_steneck","downeast","5_3_125",5,"5_3_125-downeast-5-3-2006-dmr_rasher_steneck",2006,7,1,44.6413,-67.2454,"Saccharina latissima and Laminaria digitata","random",1,47.5,NA,NA,NA
277,"dmr_rasher_steneck","penobscot.bay","5_3_135",5,"5_3_135-penobscot.bay-5-3-2007-dmr_rasher_steneck",2007,5,17,44.0737,-69.0407,"Saccharina latissima and Laminaria digitata","random",1,19,NA,NA,NA
278,"dmr_rasher_steneck","mdi","5_3_31",5,"5_3_31-mdi-5-3-2007-dmr_rasher_steneck",2007,5,29,44.0603,-68.5848,"Saccharina latissima and Laminaria digitata","random",1,70,NA,NA,NA
279,"dmr_rasher_steneck","mdi","5_3_141",5,"5_3_141-mdi-5-3-2007-dmr_rasher_steneck",2007,6,8,44.3632,-68.1054,"Saccharina latissima and Laminaria digitata","random",1,86.5,NA,NA,NA
280,"dmr_rasher_steneck","downeast","5_3_16",5,"5_3_16-downeast-5-3-2007-dmr_rasher_steneck",2007,6,18,44.4721,-67.6766,"Saccharina latissima and Laminaria digitata","random",1,73,NA,NA,NA
281,"dmr_rasher_steneck","downeast","5_3_19",5,"5_3_19-downeast-5-3-2007-dmr_rasher_steneck",2007,6,27,44.5976,-67.3692,"Saccharina latissima and Laminaria digitata","random",1,34,NA,NA,NA
282,"dmr_rasher_steneck","penobscot.bay","5_3_90",5,"5_3_90-penobscot.bay-5-3-2008-dmr_rasher_steneck",2008,5,16,43.97532,-69.08408,"Saccharina latissima and Laminaria digitata","random",1,56.5,NA,NA,NA
283,"dmr_rasher_steneck","mdi","5_3_73",5,"5_3_73-mdi-5-3-2008-dmr_rasher_steneck",2008,6,3,44.36367,-68.18109,"Saccharina latissima and Laminaria digitata","random",1,96,NA,NA,NA
284,"dmr_rasher_steneck","downeast","5_3_152",5,"5_3_152-downeast-5-3-2008-dmr_rasher_steneck",2008,6,5,44.34023,-68.04249,"Saccharina latissima and Laminaria digitata","random",1,73,NA,NA,NA
285,"dmr_rasher_steneck","downeast","5_3_118",5,"5_3_118-downeast-5-3-2008-dmr_rasher_steneck",2008,6,5,44.40701,-67.93169,"Saccharina latissima and Laminaria digitata","random",1,69.5,NA,NA,NA
286,"dmr_rasher_steneck","downeast","5_3_155",5,"5_3_155-downeast-5-3-2008-dmr_rasher_steneck",2008,6,12,44.50998,-67.52066,"Saccharina latissima and Laminaria digitata","random",1,91,NA,NA,NA
287,"dmr_rasher_steneck","downeast","5_3_158",5,"5_3_158-downeast-5-3-2008-dmr_rasher_steneck",2008,6,18,44.59896,-67.38555,"Saccharina latissima and Laminaria digitata","random",1,35.5,NA,NA,NA
288,"dmr_rasher_steneck","downeast","5_3_42",5,"5_3_42-downeast-5-3-2008-dmr_rasher_steneck",2008,6,19,44.66241,-67.18027,"Saccharina latissima and Laminaria digitata","random",1,90,NA,NA,NA
289,"dmr_rasher_steneck","downeast","5_3_98",5,"5_3_98-downeast-5-3-2009-dmr_rasher_steneck",2009,6,4,44.41602,-67.92899,"Saccharina latissima and Laminaria digitata","random",1,87.5,NA,NA,NA
290,"dmr_rasher_steneck","downeast","5_3_101",5,"5_3_101-downeast-5-3-2009-dmr_rasher_steneck",2009,6,11,44.60376,-67.4427,"Saccharina latissima and Laminaria digitata","random",1,86.5,NA,NA,NA
291,"dmr_rasher_steneck","midcoast","5_3_176",5,"5_3_176-midcoast-5-3-2010-dmr_rasher_steneck",2010,5,13,43.9027,-69.270683,"Saccharina latissima and Laminaria digitata","random",1,83,NA,NA,NA
292,"dmr_rasher_steneck","downeast","5_3_181",5,"5_3_181-downeast-5-3-2010-dmr_rasher_steneck",2010,6,8,44.442547,-67.858173,"Saccharina latissima and Laminaria digitata","random",1,57.5,NA,NA,NA
293,"dmr_rasher_steneck","downeast","5_3_14",5,"5_3_14-downeast-5-3-2010-dmr_rasher_steneck",2010,6,8,44.482742,-67.808296,"Saccharina latissima and Laminaria digitata","random",1,51,NA,NA,NA
294,"dmr_rasher_steneck","downeast","5_3_182",5,"5_3_182-downeast-5-3-2010-dmr_rasher_steneck",2010,6,8,44.481953,-67.691265,"Saccharina latissima and Laminaria digitata","random",1,88,NA,NA,NA
295,"dmr_rasher_steneck","downeast","5_3_39",5,"5_3_39-downeast-5-3-2010-dmr_rasher_steneck",2010,6,9,44.55131,-67.51722,"Saccharina latissima and Laminaria digitata","random",1,67.5,NA,NA,NA
296,"dmr_rasher_steneck","downeast","5_3_122",5,"5_3_122-downeast-5-3-2010-dmr_rasher_steneck",2010,6,9,44.5996,-67.451046,"Saccharina latissima and Laminaria digitata","random",1,90,NA,NA,NA
297,"dmr_rasher_steneck","downeast","5_3_19",5,"5_3_19-downeast-5-3-2010-dmr_rasher_steneck",2010,6,10,44.598408,-67.373578,"Saccharina latissima and Laminaria digitata","random",1,83.5,NA,NA,NA
298,"dmr_rasher_steneck","downeast","5_3_42",5,"5_3_42-downeast-5-3-2010-dmr_rasher_steneck",2010,6,10,44.658434,-67.190369,"Saccharina latissima and Laminaria digitata","random",1,67.5,NA,NA,NA
299,"dmr_rasher_steneck","penobscot.bay","5_3_135",5,"5_3_135-penobscot.bay-5-3-2011-dmr_rasher_steneck",2011,5,25,44.07453,-69.03446,"Saccharina latissima and Laminaria digitata","random",1,6.5,NA,NA,NA
300,"dmr_rasher_steneck","mdi","5_3_141",5,"5_3_141-mdi-5-3-2011-dmr_rasher_steneck",2011,6,2,44.36767,-68.10566,"Saccharina latissima and Laminaria digitata","random",1,78.5,NA,NA,NA
301,"dmr_rasher_steneck","downeast","5_3_152",5,"5_3_152-downeast-5-3-2011-dmr_rasher_steneck",2011,6,3,44.3357,-68.03724,"Saccharina latissima and Laminaria digitata","random",1,75,NA,NA,NA
302,"dmr_rasher_steneck","downeast","5_3_181",5,"5_3_181-downeast-5-3-2011-dmr_rasher_steneck",2011,6,7,44.44721,-67.85321,"Saccharina latissima and Laminaria digitata","random",1,83,NA,NA,NA
303,"dmr_rasher_steneck","downeast","5_3_182",5,"5_3_182-downeast-5-3-2011-dmr_rasher_steneck",2011,6,9,44.48499,-67.69122,"Saccharina latissima and Laminaria digitata","random",1,35.5,NA,NA,NA
304,"dmr_rasher_steneck","downeast","5_3_122",5,"5_3_122-downeast-5-3-2011-dmr_rasher_steneck",2011,6,9,44.59653,-67.4561,"Saccharina latissima and Laminaria digitata","random",1,63,NA,NA,NA
305,"dmr_rasher_steneck","downeast","5_3_158",5,"5_3_158-downeast-5-3-2011-dmr_rasher_steneck",2011,6,13,44.5987,-67.38786,"Saccharina latissima and Laminaria digitata","random",1,76.5,NA,NA,NA
306,"dmr_rasher_steneck","mdi","5_3_203",5,"5_3_203-mdi-5-3-2012-dmr_rasher_steneck",2012,5,13,44.37017,-68.077,"Saccharina latissima and Laminaria digitata","random",1,2.5,NA,NA,NA
307,"dmr_rasher_steneck","downeast","5_3_118",5,"5_3_118-downeast-5-3-2012-dmr_rasher_steneck",2012,5,13,44.40708,-67.9402,"Saccharina latissima and Laminaria digitata","random",1,51.5,NA,NA,NA
308,"dmr_rasher_steneck","downeast","5_3_14",5,"5_3_14-downeast-5-3-2012-dmr_rasher_steneck",2012,6,12,44.48277,-67.8143,"Saccharina latissima and Laminaria digitata","random",1,65,NA,NA,NA
309,"dmr_rasher_steneck","downeast","5_3_18",5,"5_3_18-downeast-5-3-2012-dmr_rasher_steneck",2012,6,20,44.62086,-67.3707,"Saccharina latissima and Laminaria digitata","random",1,46,NA,NA,NA
310,"dmr_rasher_steneck","downeast","5_3_209",5,"5_3_209-downeast-5-3-2012-dmr_rasher_steneck",2012,6,30,44.76417,-67.0568,"Saccharina latissima and Laminaria digitata","random",1,37.5,NA,NA,NA
311,"dmr_rasher_steneck","midcoast","5_3_67",5,"5_3_67-midcoast-5-3-2013-dmr_rasher_steneck",2013,5,1,43.79336,-69.6743,"Saccharina latissima and Laminaria digitata","random",1,1,NA,NA,NA
312,"dmr_rasher_steneck","midcoast","5_3_25",5,"5_3_25-midcoast-5-3-2013-dmr_rasher_steneck",2013,5,3,43.88869,-69.4331,"Saccharina latissima and Laminaria digitata","random",1,2,NA,NA,NA
313,"dmr_rasher_steneck","penobscot.bay","5_3_135",5,"5_3_135-penobscot.bay-5-3-2013-dmr_rasher_steneck",2013,5,7,44.07,-69.0407,"Saccharina latissima and Laminaria digitata","random",1,15,NA,NA,NA
314,"dmr_rasher_steneck","mdi","5_3_10",5,"5_3_10-mdi-5-3-2013-dmr_rasher_steneck",2013,5,15,44.13053,-68.4135,"Saccharina latissima and Laminaria digitata","random",1,79,NA,NA,NA
315,"dmr_rasher_steneck","mdi","5_3_203",5,"5_3_203-mdi-5-3-2013-dmr_rasher_steneck",2013,5,17,44.36297,-68.0769,"Saccharina latissima and Laminaria digitata","random",1,62.5,NA,NA,NA
316,"dmr_rasher_steneck","downeast","5_3_182",5,"5_3_182-downeast-5-3-2013-dmr_rasher_steneck",2013,5,30,44.48202,-67.7014,"Saccharina latissima and Laminaria digitata","random",1,46.5,NA,NA,NA
317,"dmr_rasher_steneck","downeast","5_3_38",5,"5_3_38-downeast-5-3-2013-dmr_rasher_steneck",2013,5,31,44.49108,-67.6331,"Saccharina latissima and Laminaria digitata","random",1,79,NA,NA,NA
318,"dmr_rasher_steneck","downeast","5_3_155",5,"5_3_155-downeast-5-3-2013-dmr_rasher_steneck",2013,5,31,44.50681,-67.5182,"Saccharina latissima and Laminaria digitata","random",1,26.5,NA,NA,NA
319,"dmr_rasher_steneck","downeast","5_3_158",5,"5_3_158-downeast-5-3-2013-dmr_rasher_steneck",2013,6,10,44.59423,-67.3904,"Saccharina latissima and Laminaria digitata","random",1,75.5,NA,NA,NA
320,"dmr_rasher_steneck","downeast","5_3_42",5,"5_3_42-downeast-5-3-2013-dmr_rasher_steneck",2013,6,14,44.6584,-67.1897,"Saccharina latissima and Laminaria digitata","random",1,45.5,NA,NA,NA
321,"dmr_rasher_steneck","midcoast","5_3_67",5,"5_3_67-midcoast-5-3-2014-dmr_rasher_steneck",2014,5,7,43.7934,-69.6743,"Saccharina latissima and Laminaria digitata","random",1,22.5,NA,NA,NA
322,"dmr_rasher_steneck","midcoast","5_3_176",5,"5_3_176-midcoast-5-3-2014-dmr_rasher_steneck",2014,5,8,43.9072,-69.2705,"Saccharina latissima and Laminaria digitata","random",1,69.5,NA,NA,NA
323,"dmr_rasher_steneck","mdi","5_3_141",5,"5_3_141-mdi-5-3-2014-dmr_rasher_steneck",2014,6,6,44.3677,-68.1057,"Saccharina latissima and Laminaria digitata","random",1,30.5,NA,NA,NA
324,"dmr_rasher_steneck","downeast","5_3_152",5,"5_3_152-downeast-5-3-2014-dmr_rasher_steneck",2014,6,6,44.3357,-68.0372,"Saccharina latissima and Laminaria digitata","random",1,60.6,NA,NA,NA
325,"dmr_rasher_steneck","downeast","5_3_14",5,"5_3_14-downeast-5-3-2014-dmr_rasher_steneck",2014,6,9,44.4827,-67.8083,"Saccharina latissima and Laminaria digitata","random",1,26,NA,NA,NA
326,"dmr_rasher_steneck","downeast","5_3_38",5,"5_3_38-downeast-5-3-2014-dmr_rasher_steneck",2014,6,9,44.4901,-67.6276,"Saccharina latissima and Laminaria digitata","random",1,48,NA,NA,NA
327,"dmr_rasher_steneck","downeast","5_3_122",5,"5_3_122-downeast-5-3-2014-dmr_rasher_steneck",2014,6,10,44.5985,-67.4618,"Saccharina latissima and Laminaria digitata","random",1,59.5,NA,NA,NA
328,"dmr_rasher_steneck","downeast","5_3_101",5,"5_3_101-downeast-5-3-2014-dmr_rasher_steneck",2014,6,10,44.6038,-67.4427,"Saccharina latissima and Laminaria digitata","random",1,67,NA,NA,NA
329,"dmr_rasher_steneck","downeast","5_3_19",5,"5_3_19-downeast-5-3-2014-dmr_rasher_steneck",2014,6,19,44.5984,-67.3736,"Saccharina latissima and Laminaria digitata","random",1,60,NA,NA,NA
330,"dmr_rasher_steneck","downeast","5_3_62",5,"5_3_62-downeast-5-3-2014-dmr_rasher_steneck",2014,6,19,44.6253,-67.3648,"Saccharina latissima and Laminaria digitata","random",1,4,NA,NA,NA
331,"dmr_rasher_steneck","downeast","5_3_16",5,"5_3_16-downeast-5-3-2015-dmr_rasher_steneck",2015,6,6,44.4747,-67.6664,"Saccharina latissima and Laminaria digitata","random",1,89.5,NA,NA,NA
332,"dmr_rasher_steneck","downeast","5_3_38",5,"5_3_38-downeast-5-3-2015-dmr_rasher_steneck",2015,6,6,44.4916,-67.6335,"Saccharina latissima and Laminaria digitata","random",1,71.5,NA,NA,NA
333,"dmr_rasher_steneck","downeast","5_3_39",5,"5_3_39-downeast-5-3-2015-dmr_rasher_steneck",2015,6,7,44.5559,-67.5232,"Saccharina latissima and Laminaria digitata","random",1,85,NA,NA,NA
334,"dmr_rasher_steneck","downeast","5_3_122",5,"5_3_122-downeast-5-3-2015-dmr_rasher_steneck",2015,6,7,44.6003,-67.4537,"Saccharina latissima and Laminaria digitata","random",1,85,NA,NA,NA
335,"dmr_rasher_steneck","downeast","5_3_18",5,"5_3_18-downeast-5-3-2015-dmr_rasher_steneck",2015,6,13,44.6197,-67.3764,"Saccharina latissima and Laminaria digitata","random",1,58.5,NA,NA,NA
336,"dmr_rasher_steneck","downeast","5_3_209",5,"5_3_209-downeast-5-3-2015-dmr_rasher_steneck",2015,6,13,44.7642,-67.0568,"Saccharina latissima and Laminaria digitata","random",1,46.5,NA,NA,NA
337,"dmr_rasher_steneck","midcoast","5_3_176",5,"5_3_176-midcoast-5-3-2016-dmr_rasher_steneck",2016,5,13,43.9027,-69.2706,"Saccharina latissima and Laminaria digitata","random",1,45,NA,NA,NA
338,"dmr_rasher_steneck","mdi","5_3_73",5,"5_3_73-mdi-5-3-2016-dmr_rasher_steneck",2016,5,21,44.3638,-68.181,"Saccharina latissima and Laminaria digitata","random",1,86.5,NA,NA,NA
339,"dmr_rasher_steneck","downeast","5_3_118",5,"5_3_118-downeast-5-3-2016-dmr_rasher_steneck",2016,5,21,44.4072,-67.94,"Saccharina latissima and Laminaria digitata","random",1,94,NA,NA,NA
340,"dmr_rasher_steneck","downeast","5_3_98",5,"5_3_98-downeast-5-3-2016-dmr_rasher_steneck",2016,5,21,44.4161,-67.929,"Saccharina latissima and Laminaria digitata","random",1,90,NA,NA,NA
341,"dmr_rasher_steneck","downeast","5_3_14",5,"5_3_14-downeast-5-3-2016-dmr_rasher_steneck",2016,6,4,44.4824,-67.8018,"Saccharina latissima and Laminaria digitata","random",1,91,NA,NA,NA
342,"dmr_rasher_steneck","downeast","5_3_155",5,"5_3_155-downeast-5-3-2016-dmr_rasher_steneck",2016,6,5,44.5095,-67.5204,"Saccharina latissima and Laminaria digitata","random",1,84.5,NA,NA,NA
343,"dmr_rasher_steneck","downeast","5_3_62",5,"5_3_62-downeast-5-3-2016-dmr_rasher_steneck",2016,6,5,44.6207,-67.3645,"Saccharina latissima and Laminaria digitata","random",1,27.5,NA,NA,NA
344,"dmr_rasher_steneck","downeast","5_3_209",5,"5_3_209-downeast-5-3-2016-dmr_rasher_steneck",2016,6,18,44.7643,-67.0514,"Saccharina latissima and Laminaria digitata","random",1,71,NA,NA,NA
345,"dmr_rasher_steneck","penobscot.bay","5_3_90",5,"5_3_90-penobscot.bay-5-3-2017-dmr_rasher_steneck",2017,5,5,43.9753,-69.0841,"Saccharina latissima and Laminaria digitata","random",1,67.5,NA,NA,NA
346,"dmr_rasher_steneck","mdi","5_3_95",5,"5_3_95-mdi-5-3-2017-dmr_rasher_steneck",2017,5,12,44.3677,-68.0934,"Saccharina latissima and Laminaria digitata","random",1,55.5,NA,NA,NA
347,"dmr_rasher_steneck","mdi","5_3_203",5,"5_3_203-mdi-5-3-2017-dmr_rasher_steneck",2017,5,11,44.3631,-68.0781,"Saccharina latissima and Laminaria digitata","random",1,56,NA,NA,NA
348,"dmr_rasher_steneck","downeast","5_3_181",5,"5_3_181-downeast-5-3-2017-dmr_rasher_steneck",2017,6,13,44.4424,-67.8581,"Saccharina latissima and Laminaria digitata","random",1,58.5,NA,NA,NA
349,"dmr_rasher_steneck","downeast","5_3_19",5,"5_3_19-downeast-5-3-2017-dmr_rasher_steneck",2017,6,15,44.5938,-67.3753,"Saccharina latissima and Laminaria digitata","random",1,52,NA,NA,NA
350,"dmr_rasher_steneck","downeast","5_3_125",5,"5_3_125-downeast-5-3-2017-dmr_rasher_steneck",2017,6,16,44.6381,-67.242,"Saccharina latissima and Laminaria digitata","random",1,80.5,NA,NA,NA
351,"dmr_rasher_steneck","mdi","5_3_95",5,"5_3_95-mdi-5-3-2018-dmr_rasher_steneck",2018,5,14,44.3641,-68.0985,"Saccharina latissima and Laminaria digitata","random",1,44,NA,NA,NA
352,"dmr_rasher_steneck","downeast","5_3_101",5,"5_3_101-downeast-5-3-2018-dmr_rasher_steneck",2018,5,21,44.6006,-67.4466,"Saccharina latissima and Laminaria digitata","random",1,35.5,NA,NA,NA
353,"dmr_rasher_steneck","downeast","5_3_125",5,"5_3_125-downeast-5-3-2018-dmr_rasher_steneck",2018,5,21,44.6408,-67.2443,"Saccharina latissima and Laminaria digitata","random",1,46.5,NA,NA,NA
354,"dmr_rasher_steneck","downeast","5_3_42",5,"5_3_42-downeast-5-3-2018-dmr_rasher_steneck",2018,5,19,44.6626,-67.1862,"Saccharina latissima and Laminaria digitata","random",1,82.5,NA,NA,NA
355,"dmr_rasher_steneck","downeast","5_3_118",5,"5_3_118-downeast-5-3-2017-dmr_rasher_steneck",2017,7,9,44.4051,-67.9366,"Saccharina latissima and Laminaria digitata","random",1,85,NA,NA,NA
356,"dmr_rasher_steneck","penobscot.bay","5_3_30",5,"5_3_30-penobscot.bay-5-3-2017-dmr_rasher_steneck",2017,7,31,44.0149,-68.6078,"Saccharina latissima and Laminaria digitata","random",1,76.4285714285714,NA,NA,NA
357,"dmr_rasher_steneck","mdi","5_1_10",5,"5_1_10-mdi-5-1-2001-dmr_rasher_steneck",2001,7,12,44.47173,-68.16106,"Saccharina latissima and Laminaria digitata","random",1,3.1,NA,NA,NA
358,"dmr_rasher_steneck","penobscot.bay","5_1_17",5,"5_1_17-penobscot.bay-5-1-2007-dmr_rasher_steneck",2007,5,26,44.3724,-68.8086,"Saccharina latissima and Laminaria digitata","random",1,12,NA,NA,NA
359,"dmr_rasher_steneck","mdi","5_1_26",5,"5_1_26-mdi-5-1-2008-dmr_rasher_steneck",2008,6,2,44.29333,-68.43279,"Saccharina latissima and Laminaria digitata","random",1,91,NA,NA,NA
360,"dmr_rasher_steneck","mdi","5_1_32",5,"5_1_32-mdi-5-1-2009-dmr_rasher_steneck",2009,5,26,44.32727,-68.31394,"Saccharina latissima and Laminaria digitata","random",1,0,NA,NA,NA
361,"dmr_rasher_steneck","mdi","5_1_10",5,"5_1_10-mdi-5-1-2009-dmr_rasher_steneck",2009,6,5,44.46621,-68.15455,"Saccharina latissima and Laminaria digitata","random",1,0,NA,NA,NA
362,"dmr_rasher_steneck","mdi","5_1_32",5,"5_1_32-mdi-5-1-2010-dmr_rasher_steneck",2010,5,21,44.333,-68.306004,"Saccharina latissima and Laminaria digitata","random",1,0,NA,NA,NA
363,"dmr_rasher_steneck","mdi","5_1_26",5,"5_1_26-mdi-5-1-2011-dmr_rasher_steneck",2011,6,1,44.29782,-68.43277,"Saccharina latissima and Laminaria digitata","random",1,0.5,NA,NA,NA
364,"dmr_rasher_steneck","mdi","5_1_67",5,"5_1_67-mdi-5-1-2012-dmr_rasher_steneck",2012,5,13,44.41907,-68.13,"Saccharina latissima and Laminaria digitata","random",1,26.5,NA,NA,NA
365,"dmr_rasher_steneck","mdi","5_1_10",5,"5_1_10-mdi-5-1-2013-dmr_rasher_steneck",2013,5,17,44.46708,-68.1608,"Saccharina latissima and Laminaria digitata","random",1,2.5,NA,NA,NA
366,"dmr_rasher_steneck","penobscot.bay","5_1_17",5,"5_1_17-penobscot.bay-5-1-2014-dmr_rasher_steneck",2014,5,14,44.3723,-68.8022,"Saccharina latissima and Laminaria digitata","random",1,1,NA,NA,NA
367,"dmr_rasher_steneck","mdi","5_1_26",5,"5_1_26-mdi-5-1-2014-dmr_rasher_steneck",2014,5,26,44.2933,-68.4275,"Saccharina latissima and Laminaria digitata","random",1,6.5,NA,NA,NA
368,"dmr_rasher_steneck","mdi","5_1_32",5,"5_1_32-mdi-5-1-2014-dmr_rasher_steneck",2014,5,27,44.333,-68.306,"Saccharina latissima and Laminaria digitata","random",1,0,NA,NA,NA
369,"dmr_rasher_steneck","mdi","5_1_67",5,"5_1_67-mdi-5-1-2015-dmr_rasher_steneck",2015,5,18,44.4192,-68.1298,"Saccharina latissima and Laminaria digitata","random",1,14.5,NA,NA,NA
370,"dmr_rasher_steneck","penobscot.bay","5_1_17",5,"5_1_17-penobscot.bay-5-1-2017-dmr_rasher_steneck",2017,5,9,44.3762,-68.7986,"Saccharina latissima and Laminaria digitata","random",1,0,NA,NA,NA
371,"dmr_rasher_steneck","mdi","5_1_67",5,"5_1_67-mdi-5-1-2017-dmr_rasher_steneck",2017,5,12,44.4258,-68.1358,"Saccharina latissima and Laminaria digitata","random",1,1.5,NA,NA,NA
372,"dmr_rasher_steneck","mdi","5_1_10",5,"5_1_10-mdi-5-1-2018-dmr_rasher_steneck",2018,5,15,44.4658,-68.1552,"Saccharina latissima and Laminaria digitata","random",1,0,NA,NA,NA
373,"dmr_rasher_steneck","mdi","5_1_67",5,"5_1_67-mdi-5-1-2018-dmr_rasher_steneck",2018,5,15,44.4175,-68.1363,"Saccharina latissima and Laminaria digitata","random",1,7.5,NA,NA,NA
374,"dmr_rasher_steneck","downeast","5_5_2",5,"5_5_2-downeast-5-5-2001-dmr_rasher_steneck",2001,7,26,44.64483,-67.18714,"Saccharina latissima and Laminaria digitata","random",1,72.5,NA,NA,NA
375,"dmr_rasher_steneck","penobscot.bay","5_5_14",5,"5_5_14-penobscot.bay-5-5-2003-dmr_rasher_steneck",2003,5,28,43.86717,-69.12148,"Saccharina latissima and Laminaria digitata","random",1,92,NA,NA,NA
376,"dmr_rasher_steneck","downeast","5_5_19",5,"5_5_19-downeast-5-5-2003-dmr_rasher_steneck",2003,6,16,44.36687,-67.9865,"Saccharina latissima and Laminaria digitata","random",1,100,NA,NA,NA
377,"dmr_rasher_steneck","downeast","5_5_20",5,"5_5_20-downeast-5-5-2003-dmr_rasher_steneck",2003,6,16,44.36654,-67.93627,"Saccharina latissima and Laminaria digitata","random",1,67.5,NA,NA,NA
378,"dmr_rasher_steneck","casco.bay","5_5_25",5,"5_5_25-casco.bay-5-5-2004-dmr_rasher_steneck",2004,5,11,43.7158,-69.9469,"Saccharina latissima and Laminaria digitata","random",1,43,NA,NA,NA
379,"dmr_rasher_steneck","penobscot.bay","5_5_14",5,"5_5_14-penobscot.bay-5-5-2004-dmr_rasher_steneck",2004,5,26,43.8626,-69.1277,"Saccharina latissima and Laminaria digitata","random",1,74,NA,NA,NA
380,"dmr_rasher_steneck","downeast","5_5_19",5,"5_5_19-downeast-5-5-2004-dmr_rasher_steneck",2004,6,15,44.3669,-67.9976,"Saccharina latissima and Laminaria digitata","random",1,89.5,NA,NA,NA
381,"dmr_rasher_steneck","penobscot.bay","5_5_35",5,"5_5_35-penobscot.bay-5-5-2005-dmr_rasher_steneck",2005,5,31,44.0256,-68.8532,"Saccharina latissima and Laminaria digitata","random",1,64,NA,NA,NA
382,"dmr_rasher_steneck","downeast","5_5_39",5,"5_5_39-downeast-5-5-2005-dmr_rasher_steneck",2005,6,14,44.3668,-67.974,"Saccharina latissima and Laminaria digitata","random",1,96,NA,NA,NA
383,"dmr_rasher_steneck","casco.bay","5_5_25",5,"5_5_25-casco.bay-5-5-2006-dmr_rasher_steneck",2006,5,12,43.7159,-69.9402,"Saccharina latissima and Laminaria digitata","random",1,33.5,NA,NA,NA
384,"dmr_rasher_steneck","downeast","5_5_39",5,"5_5_39-downeast-5-5-2006-dmr_rasher_steneck",2006,6,17,44.3668,-67.9823,"Saccharina latissima and Laminaria digitata","random",1,78,NA,NA,NA
385,"dmr_rasher_steneck","downeast","5_5_2",5,"5_5_2-downeast-5-5-2006-dmr_rasher_steneck",2006,7,1,44.6434,-67.1973,"Saccharina latissima and Laminaria digitata","random",1,65,NA,NA,NA
386,"dmr_rasher_steneck","downeast","5_5_19",5,"5_5_19-downeast-5-5-2007-dmr_rasher_steneck",2007,6,10,44.3669,-67.9928,"Saccharina latissima and Laminaria digitata","random",1,51.5,NA,NA,NA
387,"dmr_rasher_steneck","downeast","5_5_20",5,"5_5_20-downeast-5-5-2008-dmr_rasher_steneck",2008,6,5,44.36204,-67.93636,"Saccharina latissima and Laminaria digitata","random",1,100,NA,NA,NA
388,"dmr_rasher_steneck","downeast","5_5_39",5,"5_5_39-downeast-5-5-2010-dmr_rasher_steneck",2010,5,21,44.366816,-67.978165,"Saccharina latissima and Laminaria digitata","random",1,18,NA,NA,NA
389,"dmr_rasher_steneck","downeast","5_5_2",5,"5_5_2-downeast-5-5-2011-dmr_rasher_steneck",2011,6,13,44.6436,-67.19338,"Saccharina latissima and Laminaria digitata","random",1,51,NA,NA,NA
390,"dmr_rasher_steneck","downeast","5_5_20",5,"5_5_20-downeast-5-5-2013-dmr_rasher_steneck",2013,5,18,44.36649,-67.9299,"Saccharina latissima and Laminaria digitata","random",1,91,NA,NA,NA
391,"dmr_rasher_steneck","downeast","5_5_20",5,"5_5_20-downeast-5-5-2017-dmr_rasher_steneck",2017,7,12,44.3644,-67.9344,"Saccharina latissima and Laminaria digitata","random",1,70.25,NA,NA,NA
392,"dmr_rasher_steneck","penobscot.bay","5_5_35",5,"5_5_35-penobscot.bay-5-5-2017-dmr_rasher_steneck",2017,7,29,44.0246,-68.8612,"Saccharina latissima and Laminaria digitata","random",1,30.5,NA,NA,NA
393,"dmr_rasher_steneck","penobscot.bay","5_5_35",5,"5_5_35-penobscot.bay-5-5-2018-dmr_rasher_steneck",2018,6,24,44.02460002,-68.86120004,"Saccharina latissima and Laminaria digitata","random",1,21.275,NA,NA,NA
394,"dmr_rasher_steneck","penobscot.bay","5_5_14",5,"5_5_14-penobscot.bay-5-5-2018-dmr_rasher_steneck",2018,6,26,43.8679,-69.1288,"Saccharina latissima and Laminaria digitata","random",1,61.875,NA,NA,NA
395,"dmr_rasher_steneck","casco.bay","5_5_25",5,"5_5_25-casco.bay-5-5-2018-dmr_rasher_steneck",2018,9,5,43.71212,-69.9402,"Saccharina latissima and Laminaria digitata","random",1,0,NA,NA,NA
396,"dmr_rasher_steneck","york","10_4_5",10,"10_4_5-york-10-4-2001-dmr_rasher_steneck",2001,6,14,43.52791,-70.30401,"Saccharina latissima and Laminaria digitata","random",1,23,NA,NA,NA
397,"dmr_rasher_steneck","downeast","10_4_7",10,"10_4_7-downeast-10-4-2001-dmr_rasher_steneck",2001,7,10,44.38911,-67.96743,"Saccharina latissima and Laminaria digitata","random",1,17.5,NA,NA,NA
398,"dmr_rasher_steneck","downeast","10_4_7",10,"10_4_7-downeast-10-4-2001-dmr_rasher_steneck",2001,7,10,44.38902,-67.96101,"Saccharina latissima and Laminaria digitata","random",1,0,NA,NA,NA
399,"dmr_rasher_steneck","downeast","10_4_9",10,"10_4_9-downeast-10-4-2001-dmr_rasher_steneck",2001,7,17,44.40659,-67.86653,"Saccharina latissima and Laminaria digitata","random",1,23,NA,NA,NA
400,"dmr_rasher_steneck","downeast","10_4_10",10,"10_4_10-downeast-10-4-2001-dmr_rasher_steneck",2001,7,24,44.57199,-67.40965,"Saccharina latissima and Laminaria digitata","random",1,71,NA,NA,NA
401,"dmr_rasher_steneck","downeast","10_4_13",10,"10_4_13-downeast-10-4-2001-dmr_rasher_steneck",2001,7,27,44.6624,-67.16127,"Saccharina latissima and Laminaria digitata","random",1,40.5,NA,NA,NA
402,"dmr_rasher_steneck","mdi","10_4_24",10,"10_4_24-mdi-10-4-2002-dmr_rasher_steneck",2002,6,11,44.237915,-68.245216,"Saccharina latissima and Laminaria digitata","random",1,52.7,NA,NA,NA
403,"dmr_rasher_steneck","mdi","10_4_25",10,"10_4_25-mdi-10-4-2002-dmr_rasher_steneck",2002,6,18,44.349586,-68.093441,"Saccharina latissima and Laminaria digitata","random",1,10.9,NA,NA,NA
404,"dmr_rasher_steneck","downeast","10_4_27",10,"10_4_27-downeast-10-4-2002-dmr_rasher_steneck",2002,6,17,44.398499,-67.942669,"Saccharina latissima and Laminaria digitata","random",1,23,NA,NA,NA
405,"dmr_rasher_steneck","downeast","10_4_9",10,"10_4_9-downeast-10-4-2002-dmr_rasher_steneck",2002,6,25,44.402128,-67.872879,"Saccharina latissima and Laminaria digitata","random",1,45.5,NA,NA,NA
406,"dmr_rasher_steneck","downeast","10_4_29",10,"10_4_29-downeast-10-4-2002-dmr_rasher_steneck",2002,7,1,44.60202,-67.320541,"Saccharina latissima and Laminaria digitata","random",1,3,NA,NA,NA
407,"dmr_rasher_steneck","downeast","10_4_30",10,"10_4_30-downeast-10-4-2002-dmr_rasher_steneck",2002,7,1,44.605604,-67.26631,"Saccharina latissima and Laminaria digitata","random",1,35.5,NA,NA,NA
408,"dmr_rasher_steneck","downeast","10_4_33",10,"10_4_33-downeast-10-4-2002-dmr_rasher_steneck",2002,7,2,44.706638,-67.115479,"Saccharina latissima and Laminaria digitata","random",1,5.5,NA,NA,NA
409,"dmr_rasher_steneck","york","10_4_35",10,"10_4_35-york-10-4-2003-dmr_rasher_steneck",2003,5,14,43.00497,-70.597,"Saccharina latissima and Laminaria digitata","random",1,1.9,NA,NA,NA
410,"dmr_rasher_steneck","midcoast","10_4_37",10,"10_4_37-midcoast-10-4-2003-dmr_rasher_steneck",2003,5,21,43.79362,-69.59834,"Saccharina latissima and Laminaria digitata","random",1,14.5,NA,NA,NA
411,"dmr_rasher_steneck","penobscot.bay","10_4_40",10,"10_4_40-penobscot.bay-10-4-2003-dmr_rasher_steneck",2003,5,28,43.88965,-69.12922,"Saccharina latissima and Laminaria digitata","random",1,18,NA,NA,NA
412,"dmr_rasher_steneck","penobscot.bay","10_4_42",10,"10_4_42-penobscot.bay-10-4-2003-dmr_rasher_steneck",2003,6,3,44.06534,-68.67213,"Saccharina latissima and Laminaria digitata","random",1,16,NA,NA,NA
413,"dmr_rasher_steneck","mdi","10_4_46",10,"10_4_46-mdi-10-4-2003-dmr_rasher_steneck",2003,6,10,44.17505,-68.24911,"Saccharina latissima and Laminaria digitata","random",1,3.9,NA,NA,NA
414,"dmr_rasher_steneck","downeast","10_4_27",10,"10_4_27-downeast-10-4-2003-dmr_rasher_steneck",2003,6,16,44.39865,-67.94713,"Saccharina latissima and Laminaria digitata","random",1,4.5,NA,NA,NA
415,"dmr_rasher_steneck","downeast","10_4_50",10,"10_4_50-downeast-10-4-2003-dmr_rasher_steneck",2003,6,23,44.37062,-67.87349,"Saccharina latissima and Laminaria digitata","random",1,40,NA,NA,NA
416,"dmr_rasher_steneck","downeast","10_4_51",10,"10_4_51-downeast-10-4-2003-dmr_rasher_steneck",2003,6,23,44.4423,-67.82168,"Saccharina latissima and Laminaria digitata","random",1,7,NA,NA,NA
417,"dmr_rasher_steneck","downeast","10_4_13",10,"10_4_13-downeast-10-4-2003-dmr_rasher_steneck",2003,7,1,44.66214,-67.16768,"Saccharina latissima and Laminaria digitata","random",1,5,NA,NA,NA
418,"dmr_rasher_steneck","penobscot.bay","10_4_40",10,"10_4_40-penobscot.bay-10-4-2004-dmr_rasher_steneck",2004,5,26,43.8897,-69.1201,"Saccharina latissima and Laminaria digitata","random",1,72,NA,NA,NA
419,"dmr_rasher_steneck","downeast","10_4_71",10,"10_4_71-downeast-10-4-2004-dmr_rasher_steneck",2004,6,15,44.3896,-68.0124,"Saccharina latissima and Laminaria digitata","random",1,25,NA,NA,NA
420,"dmr_rasher_steneck","downeast","10_4_9",10,"10_4_9-downeast-10-4-2004-dmr_rasher_steneck",2004,6,23,44.4066,-67.8728,"Saccharina latissima and Laminaria digitata","random",1,36.5,NA,NA,NA
421,"dmr_rasher_steneck","midcoast","10_4_37",10,"10_4_37-midcoast-10-4-2005-dmr_rasher_steneck",2005,5,18,43.7891,-69.5997,"Saccharina latissima and Laminaria digitata","random",1,19,NA,NA,NA
422,"dmr_rasher_steneck","penobscot.bay","10_4_85",10,"10_4_85-penobscot.bay-10-4-2005-dmr_rasher_steneck",2005,5,29,43.9709,-69.0653,"Saccharina latissima and Laminaria digitata","random",1,36,NA,NA,NA
423,"dmr_rasher_steneck","mdi","10_4_93",10,"10_4_93-mdi-10-4-2005-dmr_rasher_steneck",2005,6,11,44.3099,-68.1869,"Saccharina latissima and Laminaria digitata","random",1,26,NA,NA,NA
424,"dmr_rasher_steneck","downeast","10_4_99",10,"10_4_99-downeast-10-4-2005-dmr_rasher_steneck",2005,6,22,44.6108,-67.272,"Saccharina latissima and Laminaria digitata","random",1,59.5,NA,NA,NA
425,"dmr_rasher_steneck","downeast","10_4_102",10,"10_4_102-downeast-10-4-2005-dmr_rasher_steneck",2005,6,27,44.7419,-67.0704,"Saccharina latissima and Laminaria digitata","random",1,9.5,NA,NA,NA
426,"dmr_rasher_steneck","casco.bay","10_4_106",10,"10_4_106-casco.bay-10-4-2006-dmr_rasher_steneck",2006,5,10,43.6915,-70.0828,"Saccharina latissima and Laminaria digitata","random",1,10,NA,NA,NA
427,"dmr_rasher_steneck","mdi","10_4_93",10,"10_4_93-mdi-10-4-2006-dmr_rasher_steneck",2006,6,4,44.3065,-68.1934,"Saccharina latissima and Laminaria digitata","random",1,29.5,NA,NA,NA
428,"dmr_rasher_steneck","downeast","10_4_7",10,"10_4_7-downeast-10-4-2006-dmr_rasher_steneck",2006,6,17,44.3892,-67.961,"Saccharina latissima and Laminaria digitata","random",1,24.5,NA,NA,NA
429,"dmr_rasher_steneck","downeast","10_4_51",10,"10_4_51-downeast-10-4-2006-dmr_rasher_steneck",2006,6,29,44.4423,-67.8258,"Saccharina latissima and Laminaria digitata","random",1,20,NA,NA,NA
430,"dmr_rasher_steneck","downeast","10_4_33",10,"10_4_33-downeast-10-4-2006-dmr_rasher_steneck",2006,7,2,44.7021,-67.1156,"Saccharina latissima and Laminaria digitata","random",1,18,NA,NA,NA
431,"dmr_rasher_steneck","downeast","10_4_102",10,"10_4_102-downeast-10-4-2006-dmr_rasher_steneck",2006,7,2,44.7464,-67.0702,"Saccharina latissima and Laminaria digitata","random",1,5,NA,NA,NA
432,"dmr_rasher_steneck","mdi","10_4_128",10,"10_4_128-mdi-10-4-2007-dmr_rasher_steneck",2007,6,8,44.2423,-68.2079,"Saccharina latissima and Laminaria digitata","random",1,34.5,NA,NA,NA
433,"dmr_rasher_steneck","downeast","10_4_71",10,"10_4_71-downeast-10-4-2007-dmr_rasher_steneck",2007,6,10,44.3851,-68.0129,"Saccharina latissima and Laminaria digitata","random",1,5,NA,NA,NA
434,"dmr_rasher_steneck","downeast","10_4_131",10,"10_4_131-downeast-10-4-2007-dmr_rasher_steneck",2007,6,18,44.429,-67.8476,"Saccharina latissima and Laminaria digitata","random",1,3.5,NA,NA,NA
435,"dmr_rasher_steneck","downeast","10_4_51",10,"10_4_51-downeast-10-4-2007-dmr_rasher_steneck",2007,6,18,44.446,-67.8216,"Saccharina latissima and Laminaria digitata","random",1,10.1,NA,NA,NA
436,"dmr_rasher_steneck","downeast","10_4_10",10,"10_4_10-downeast-10-4-2007-dmr_rasher_steneck",2007,6,19,44.572,-67.4097,"Saccharina latissima and Laminaria digitata","random",1,40,NA,NA,NA
437,"dmr_rasher_steneck","downeast","10_4_30",10,"10_4_30-downeast-10-4-2007-dmr_rasher_steneck",2007,6,27,44.6086,-67.2589,"Saccharina latissima and Laminaria digitata","random",1,30,NA,NA,NA
438,"dmr_rasher_steneck","york","10_4_35",10,"10_4_35-york-10-4-2008-dmr_rasher_steneck",2008,5,5,43.00588,-70.60603,"Saccharina latissima and Laminaria digitata","random",1,9.5,NA,NA,NA
439,"dmr_rasher_steneck","mdi","10_4_145",10,"10_4_145-mdi-10-4-2008-dmr_rasher_steneck",2008,6,2,44.09559,-68.48462,"Saccharina latissima and Laminaria digitata","random",1,13.5,NA,NA,NA
440,"dmr_rasher_steneck","mdi","10_4_46",10,"10_4_46-mdi-10-4-2008-dmr_rasher_steneck",2008,6,3,44.17499,-68.23991,"Saccharina latissima and Laminaria digitata","random",1,25,NA,NA,NA
441,"dmr_rasher_steneck","mdi","10_4_93",10,"10_4_93-mdi-10-4-2008-dmr_rasher_steneck",2008,6,3,44.31419,-68.18947,"Saccharina latissima and Laminaria digitata","random",1,34,NA,NA,NA
442,"dmr_rasher_steneck","downeast","10_4_131",10,"10_4_131-downeast-10-4-2008-dmr_rasher_steneck",2008,6,11,44.4215,-67.84725,"Saccharina latissima and Laminaria digitata","random",1,13.4,NA,NA,NA
443,"dmr_rasher_steneck","downeast","10_4_148",10,"10_4_148-downeast-10-4-2008-dmr_rasher_steneck",2008,6,12,44.48392,-67.52526,"Saccharina latissima and Laminaria digitata","random",1,17.5,NA,NA,NA
444,"dmr_rasher_steneck","york","10_4_5",10,"10_4_5-york-10-4-2009-dmr_rasher_steneck",2009,5,4,43.53576,-70.30323,"Saccharina latissima and Laminaria digitata","random",1,7,NA,NA,NA
445,"dmr_rasher_steneck","mdi","10_4_159",10,"10_4_159-mdi-10-4-2009-dmr_rasher_steneck",2009,6,4,44.33128,-68.0515,"Saccharina latissima and Laminaria digitata","random",1,21.5,NA,NA,NA
446,"dmr_rasher_steneck","downeast","10_4_163",10,"10_4_163-downeast-10-4-2009-dmr_rasher_steneck",2009,6,11,44.55978,-67.48568,"Saccharina latissima and Laminaria digitata","random",1,26.5,NA,NA,NA
447,"dmr_rasher_steneck","downeast","10_4_10",10,"10_4_10-downeast-10-4-2009-dmr_rasher_steneck",2009,6,11,44.57191,-67.40451,"Saccharina latissima and Laminaria digitata","random",1,40,NA,NA,NA
448,"dmr_rasher_steneck","downeast","10_4_29",10,"10_4_29-downeast-10-4-2009-dmr_rasher_steneck",2009,6,11,44.59754,-67.32067,"Saccharina latissima and Laminaria digitata","random",1,11.5,NA,NA,NA
449,"dmr_rasher_steneck","downeast","10_4_13",10,"10_4_13-downeast-10-4-2009-dmr_rasher_steneck",2009,6,15,44.66214,-67.16768,"Saccharina latissima and Laminaria digitata","random",1,24.5,NA,NA,NA
450,"dmr_rasher_steneck","york","10_4_35",10,"10_4_35-york-10-4-2010-dmr_rasher_steneck",2010,5,5,43.001839,-70.604214,"Saccharina latissima and Laminaria digitata","random",1,5.1,NA,NA,NA
451,"dmr_rasher_steneck","casco.bay","10_4_106",10,"10_4_106-casco.bay-10-4-2010-dmr_rasher_steneck",2010,5,7,43.687002,-70.082733,"Saccharina latissima and Laminaria digitata","random",1,9,NA,NA,NA
452,"dmr_rasher_steneck","midcoast","10_4_166",10,"10_4_166-midcoast-10-4-2010-dmr_rasher_steneck",2010,5,6,43.771149,-69.586964,"Saccharina latissima and Laminaria digitata","random",1,11.5,NA,NA,NA
453,"dmr_rasher_steneck","downeast","10_4_99",10,"10_4_99-downeast-10-4-2010-dmr_rasher_steneck",2010,6,10,44.605822,-67.277252,"Saccharina latissima and Laminaria digitata","random",1,41,NA,NA,NA
454,"dmr_rasher_steneck","downeast","10_4_27",10,"10_4_27-downeast-10-4-2011-dmr_rasher_steneck",2011,6,3,44.39761,-67.95086,"Saccharina latissima and Laminaria digitata","random",1,11.5,NA,NA,NA
455,"dmr_rasher_steneck","midcoast","10_4_166",10,"10_4_166-midcoast-10-4-2012-dmr_rasher_steneck",2012,5,3,43.77567,-69.5803,"Saccharina latissima and Laminaria digitata","random",1,9.5,NA,NA,NA
456,"dmr_rasher_steneck","mdi","10_4_25",10,"10_4_25-mdi-10-4-2012-dmr_rasher_steneck",2012,5,13,44.35412,-68.0996,"Saccharina latissima and Laminaria digitata","random",1,9,NA,NA,NA
457,"dmr_rasher_steneck","downeast","10_4_50",10,"10_4_50-downeast-10-4-2012-dmr_rasher_steneck",2012,6,11,44.37516,-67.8796,"Saccharina latissima and Laminaria digitata","random",1,30.5,NA,NA,NA
458,"dmr_rasher_steneck","downeast","10_4_131",10,"10_4_131-downeast-10-4-2012-dmr_rasher_steneck",2012,6,11,44.42447,-67.8477,"Saccharina latissima and Laminaria digitata","random",1,7,NA,NA,NA
459,"dmr_rasher_steneck","midcoast","10_4_37",10,"10_4_37-midcoast-10-4-2013-dmr_rasher_steneck",2013,5,2,43.79359,-69.6031,"Saccharina latissima and Laminaria digitata","random",1,13,NA,NA,NA
460,"dmr_rasher_steneck","midcoast","10_4_166",10,"10_4_166-midcoast-10-4-2013-dmr_rasher_steneck",2013,5,2,43.77564,-69.5885,"Saccharina latissima and Laminaria digitata","random",1,14.5,NA,NA,NA
461,"dmr_rasher_steneck","mdi","10_4_159",10,"10_4_159-mdi-10-4-2013-dmr_rasher_steneck",2013,5,17,44.3358,-68.0553,"Saccharina latissima and Laminaria digitata","random",1,20.5,NA,NA,NA
462,"dmr_rasher_steneck","downeast","10_4_163",10,"10_4_163-downeast-10-4-2013-dmr_rasher_steneck",2013,5,31,44.55968,-67.4794,"Saccharina latissima and Laminaria digitata","random",1,2,NA,NA,NA
463,"dmr_rasher_steneck","downeast","10_4_99",10,"10_4_99-downeast-10-4-2013-dmr_rasher_steneck",2013,6,14,44.60932,-67.2764,"Saccharina latissima and Laminaria digitata","random",1,7,NA,NA,NA
464,"dmr_rasher_steneck","york","10_4_5",10,"10_4_5-york-10-4-2014-dmr_rasher_steneck",2014,5,5,43.5358,-70.3032,"Saccharina latissima and Laminaria digitata","random",1,5.5,NA,NA,NA
465,"dmr_rasher_steneck","penobscot.bay","10_4_40",10,"10_4_40-penobscot.bay-10-4-2014-dmr_rasher_steneck",2014,5,12,43.8942,-69.1282,"Saccharina latissima and Laminaria digitata","random",1,56.5,NA,NA,NA
466,"dmr_rasher_steneck","penobscot.bay","10_4_85",10,"10_4_85-penobscot.bay-10-4-2014-dmr_rasher_steneck",2014,5,12,43.9754,-69.0653,"Saccharina latissima and Laminaria digitata","random",1,15.5,NA,NA,NA
467,"dmr_rasher_steneck","mdi","10_4_145",10,"10_4_145-mdi-10-4-2014-dmr_rasher_steneck",2014,5,13,44.1001,-68.4846,"Saccharina latissima and Laminaria digitata","random",1,35,NA,NA,NA
468,"dmr_rasher_steneck","mdi","10_4_128",10,"10_4_128-mdi-10-4-2014-dmr_rasher_steneck",2014,5,27,44.239,-68.2096,"Saccharina latissima and Laminaria digitata","random",1,17,NA,NA,NA
469,"dmr_rasher_steneck","mdi","10_4_25",10,"10_4_25-mdi-10-4-2014-dmr_rasher_steneck",2014,6,6,44.3541,-68.0934,"Saccharina latissima and Laminaria digitata","random",1,25.5,NA,NA,NA
470,"dmr_rasher_steneck","downeast","10_4_33",10,"10_4_33-downeast-10-4-2014-dmr_rasher_steneck",2014,6,19,44.7022,-67.1192,"Saccharina latissima and Laminaria digitata","random",1,11,NA,NA,NA
471,"dmr_rasher_steneck","mdi","10_4_46",10,"10_4_46-mdi-10-4-2015-dmr_rasher_steneck",2015,5,16,44.1707,-68.2458,"Saccharina latissima and Laminaria digitata","random",1,60.5,NA,NA,NA
472,"dmr_rasher_steneck","downeast","10_4_7",10,"10_4_7-downeast-10-4-2015-dmr_rasher_steneck",2015,5,17,44.3891,-67.9674,"Saccharina latissima and Laminaria digitata","random",1,19.5,NA,NA,NA
473,"dmr_rasher_steneck","downeast","10_4_27",10,"10_4_27-downeast-10-4-2015-dmr_rasher_steneck",2015,5,17,44.3973,-67.9509,"Saccharina latissima and Laminaria digitata","random",1,7,NA,NA,NA
474,"dmr_rasher_steneck","downeast","10_4_148",10,"10_4_148-downeast-10-4-2015-dmr_rasher_steneck",2015,6,7,44.484,-67.5248,"Saccharina latissima and Laminaria digitata","random",1,9,NA,NA,NA
475,"dmr_rasher_steneck","downeast","10_4_29",10,"10_4_29-downeast-10-4-2015-dmr_rasher_steneck",2015,6,13,44.5975,-67.3207,"Saccharina latissima and Laminaria digitata","random",1,73.5,NA,NA,NA
476,"dmr_rasher_steneck","downeast","10_4_30",10,"10_4_30-downeast-10-4-2015-dmr_rasher_steneck",2015,6,13,44.6057,-67.2641,"Saccharina latissima and Laminaria digitata","random",1,49.5,NA,NA,NA
477,"dmr_rasher_steneck","penobscot.bay","10_4_85",10,"10_4_85-penobscot.bay-10-4-2016-dmr_rasher_steneck",2016,5,14,43.9718,-69.0613,"Saccharina latissima and Laminaria digitata","random",1,11,NA,NA,NA
478,"dmr_rasher_steneck","downeast","10_4_51",10,"10_4_51-downeast-10-4-2016-dmr_rasher_steneck",2016,6,4,44.4421,-67.8209,"Saccharina latissima and Laminaria digitata","random",1,31.5,NA,NA,NA
479,"dmr_rasher_steneck","downeast","10_4_99",10,"10_4_99-downeast-10-4-2016-dmr_rasher_steneck",2016,6,18,44.6093,-67.2766,"Saccharina latissima and Laminaria digitata","random",1,14,NA,NA,NA
480,"dmr_rasher_steneck","mdi","10_4_145",10,"10_4_145-mdi-10-4-2017-dmr_rasher_steneck",2017,5,10,44.0999,-68.4789,"Saccharina latissima and Laminaria digitata","random",1,5.5,NA,NA,NA
481,"dmr_rasher_steneck","mdi","10_4_24",10,"10_4_24-mdi-10-4-2017-dmr_rasher_steneck",2017,5,11,44.2379,-68.2391,"Saccharina latissima and Laminaria digitata","random",1,21,NA,NA,NA
482,"dmr_rasher_steneck","downeast","10_4_50",10,"10_4_50-downeast-10-4-2017-dmr_rasher_steneck",2017,6,13,44.3796,-67.8733,"Saccharina latissima and Laminaria digitata","random",1,5,NA,NA,NA
483,"dmr_rasher_steneck","downeast","10_4_163",10,"10_4_163-downeast-10-4-2017-dmr_rasher_steneck",2017,6,15,44.5596,-67.4792,"Saccharina latissima and Laminaria digitata","random",1,11,NA,NA,NA
484,"dmr_rasher_steneck","downeast","10_4_33",10,"10_4_33-downeast-10-4-2017-dmr_rasher_steneck",2017,6,16,44.7107,-67.1152,"Saccharina latissima and Laminaria digitata","random",1,4,NA,NA,NA
485,"dmr_rasher_steneck","downeast","10_4_102",10,"10_4_102-downeast-10-4-2017-dmr_rasher_steneck",2017,6,16,44.7507,-67.0697,"Saccharina latissima and Laminaria digitata","random",1,3,NA,NA,NA
486,"dmr_rasher_steneck","penobscot.bay","10_4_40",10,"10_4_40-penobscot.bay-10-4-2018-dmr_rasher_steneck",2018,5,11,43.8939,-69.12,"Saccharina latissima and Laminaria digitata","random",1,31.5,NA,NA,NA
487,"dmr_rasher_steneck","downeast","10_4_71",10,"10_4_71-downeast-10-4-2018-dmr_rasher_steneck",2018,5,14,44.3939,-68.0125,"Saccharina latissima and Laminaria digitata","random",1,13.5,NA,NA,NA
488,"dmr_rasher_steneck","downeast","10_4_33",10,"10_4_33-downeast-10-4-2018-dmr_rasher_steneck",2018,5,19,44.7066,-67.1154,"Saccharina latissima and Laminaria digitata","random",1,24.5,NA,NA,NA
489,"dmr_rasher_steneck","mdi","10_4_128",10,"10_4_128-mdi-10-4-2016-dmr_rasher_steneck",2016,8,30,44.2371,-68.2048,"Saccharina latissima and Laminaria digitata","random",1,41,NA,NA,NA
490,"dmr_rasher_steneck","mdi","10_4_24",10,"10_4_24-mdi-10-4-2016-dmr_rasher_steneck",2016,8,31,44.2376,-68.2452,"Saccharina latissima and Laminaria digitata","random",1,49.375,NA,NA,NA
491,"dmr_rasher_steneck","downeast","10_4_7",10,"10_4_7-downeast-10-4-2017-dmr_rasher_steneck",2017,7,6,44.389,-67.967266,"Saccharina latissima and Laminaria digitata","random",1,1.14285714285714,NA,NA,NA
492,"dmr_rasher_steneck","mdi","10_4_159",10,"10_4_159-mdi-10-4-2017-dmr_rasher_steneck",2017,7,13,44.3345,-68.0525,"Saccharina latissima and Laminaria digitata","random",1,10.1666666666667,NA,NA,NA
493,"dmr_rasher_steneck","penobscot.bay","10_4_42",10,"10_4_42-penobscot.bay-10-4-2017-dmr_rasher_steneck",2017,8,3,44.0731,-68.6709,"Saccharina latissima and Laminaria digitata","random",1,6.14285714285714,NA,NA,NA
494,"dmr_rasher_steneck","downeast","10_4_148",10,"10_4_148-downeast-10-4-2017-dmr_rasher_steneck",2017,8,22,44.4822,-67.5276,"Saccharina latissima and Laminaria digitata","random",1,0.375,NA,NA,NA
495,"dmr_rasher_steneck","penobscot.bay","10_4_42",10,"10_4_42-penobscot.bay-10-4-2018-dmr_rasher_steneck",2018,6,25,44.0731,-68.6709,"Saccharina latissima and Laminaria digitata","random",1,58.75,NA,NA,NA
496,"dmr_rasher_steneck","downeast","10_4_148",10,"10_4_148-downeast-10-4-2018-dmr_rasher_steneck",2018,7,8,44.4822,-67.5276,"Saccharina latissima and Laminaria digitata","random",1,0.5875,NA,NA,NA
497,"dmr_rasher_steneck","mdi","10_4_159",10,"10_4_159-mdi-10-4-2018-dmr_rasher_steneck",2018,7,10,44.3345,-68.0525,"Saccharina latissima and Laminaria digitata","random",1,20.8875,NA,NA,NA
498,"dmr_rasher_steneck","mdi","10_4_46",10,"10_4_46-mdi-10-4-2018-dmr_rasher_steneck",2018,8,6,44.171,-68.2494,"Saccharina latissima and Laminaria digitata","random",1,19.6375,NA,NA,NA
499,"dmr_rasher_steneck","casco.bay","10_4_106",10,"10_4_106-casco.bay-10-4-2018-dmr_rasher_steneck",2018,8,21,43.68669,-70.08436,"Saccharina latissima and Laminaria digitata","random",1,15.125,NA,NA,NA
500,"dmr_rasher_steneck","casco.bay","10_2_2",10,"10_2_2-casco.bay-10-2-2001-dmr_rasher_steneck",2001,6,15,43.76509,-69.96087,"Saccharina latissima and Laminaria digitata","random",1,44.7,NA,NA,NA
501,"dmr_rasher_steneck","midcoast","10_2_9",10,"10_2_9-midcoast-10-2-2001-dmr_rasher_steneck",2001,6,5,43.82462,-69.63938,"Saccharina latissima and Laminaria digitata","random",1,1.5,NA,NA,NA
502,"dmr_rasher_steneck","midcoast","10_2_15",10,"10_2_15-midcoast-10-2-2001-dmr_rasher_steneck",2001,6,7,43.91571,-69.37804,"Saccharina latissima and Laminaria digitata","random",1,22.8,NA,NA,NA
503,"dmr_rasher_steneck","penobscot.bay","10_2_18",10,"10_2_18-penobscot.bay-10-2-2001-dmr_rasher_steneck",2001,6,19,44.07907,-69.04713,"Saccharina latissima and Laminaria digitata","random",1,7.9,NA,NA,NA
504,"dmr_rasher_steneck","mdi","10_2_27",10,"10_2_27-mdi-10-2-2001-dmr_rasher_steneck",2001,7,3,44.16329,-68.49663,"Saccharina latissima and Laminaria digitata","random",1,36,NA,NA,NA
505,"dmr_rasher_steneck","mdi","10_2_35",10,"10_2_35-mdi-10-2-2001-dmr_rasher_steneck",2001,7,13,44.46287,-68.17277,"Saccharina latissima and Laminaria digitata","random",1,0,NA,NA,NA
506,"dmr_rasher_steneck","midcoast","10_2_43",10,"10_2_43-midcoast-10-2-2002-dmr_rasher_steneck",2002,5,21,43.820496,-69.61182,"Saccharina latissima and Laminaria digitata","random",1,2.2,NA,NA,NA
507,"dmr_rasher_steneck","midcoast","10_2_45",10,"10_2_45-midcoast-10-2-2002-dmr_rasher_steneck",2002,5,21,43.862259,-69.529659,"Saccharina latissima and Laminaria digitata","random",1,0,NA,NA,NA
508,"dmr_rasher_steneck","downeast","10_2_60",10,"10_2_60-downeast-10-2-2002-dmr_rasher_steneck",2002,6,25,44.495928,-67.763393,"Saccharina latissima and Laminaria digitata","random",1,0,NA,NA,NA
509,"dmr_rasher_steneck","downeast","10_2_61",10,"10_2_61-downeast-10-2-2002-dmr_rasher_steneck",2002,6,25,44.486357,-67.676289,"Saccharina latissima and Laminaria digitata","random",1,76,NA,NA,NA
510,"dmr_rasher_steneck","downeast","10_2_62",10,"10_2_62-downeast-10-2-2002-dmr_rasher_steneck",2002,6,26,44.519897,-67.531109,"Saccharina latissima and Laminaria digitata","random",1,37,NA,NA,NA
511,"dmr_rasher_steneck","penobscot.bay","10_2_67",10,"10_2_67-penobscot.bay-10-2-2003-dmr_rasher_steneck",2003,6,2,44.16448,-69.05934,"Saccharina latissima and Laminaria digitata","random",1,11.5,NA,NA,NA
512,"dmr_rasher_steneck","mdi","10_2_27",10,"10_2_27-mdi-10-2-2003-dmr_rasher_steneck",2003,6,9,44.16321,-68.49657,"Saccharina latissima and Laminaria digitata","random",1,36.5,NA,NA,NA
513,"dmr_rasher_steneck","downeast","10_2_60",10,"10_2_60-downeast-10-2-2003-dmr_rasher_steneck",2003,6,23,44.49585,-67.75206,"Saccharina latissima and Laminaria digitata","random",1,0.5,NA,NA,NA
514,"dmr_rasher_steneck","mdi","10_2_80",10,"10_2_80-mdi-10-2-2004-dmr_rasher_steneck",2004,6,4,44.1457,-68.578,"Saccharina latissima and Laminaria digitata","random",1,23.5,NA,NA,NA
515,"dmr_rasher_steneck","downeast","10_2_87",10,"10_2_87-downeast-10-2-2004-dmr_rasher_steneck",2004,6,24,44.5296,-67.5366,"Saccharina latissima and Laminaria digitata","random",1,13.5,NA,NA,NA
516,"dmr_rasher_steneck","downeast","10_2_62",10,"10_2_62-downeast-10-2-2004-dmr_rasher_steneck",2004,6,24,44.5155,-67.5307,"Saccharina latissima and Laminaria digitata","random",1,41,NA,NA,NA
517,"dmr_rasher_steneck","midcoast","10_2_45",10,"10_2_45-midcoast-10-2-2005-dmr_rasher_steneck",2005,5,18,43.8698,-69.5336,"Saccharina latissima and Laminaria digitata","random",1,38,NA,NA,NA
518,"dmr_rasher_steneck","downeast","10_2_99",10,"10_2_99-downeast-10-2-2005-dmr_rasher_steneck",2005,6,21,44.565,-67.5275,"Saccharina latissima and Laminaria digitata","random",1,71.5,NA,NA,NA
519,"dmr_rasher_steneck","midcoast","10_2_43",10,"10_2_43-midcoast-10-2-2006-dmr_rasher_steneck",2006,5,13,43.8287,-69.6167,"Saccharina latissima and Laminaria digitata","random",1,33,NA,NA,NA
520,"dmr_rasher_steneck","midcoast","10_2_102",10,"10_2_102-midcoast-10-2-2006-dmr_rasher_steneck",2006,5,16,43.9116,-69.3146,"Saccharina latissima and Laminaria digitata","random",1,65.5,NA,NA,NA
521,"dmr_rasher_steneck","downeast","10_2_60",10,"10_2_60-downeast-10-2-2006-dmr_rasher_steneck",2006,6,29,44.4994,-67.7582,"Saccharina latissima and Laminaria digitata","random",1,6,NA,NA,NA
522,"dmr_rasher_steneck","downeast","10_2_114",10,"10_2_114-downeast-10-2-2006-dmr_rasher_steneck",2006,6,30,44.5513,-67.5636,"Saccharina latissima and Laminaria digitata","random",1,7,NA,NA,NA
523,"dmr_rasher_steneck","downeast","10_2_87",10,"10_2_87-downeast-10-2-2006-dmr_rasher_steneck",2006,6,30,44.5328,-67.5302,"Saccharina latissima and Laminaria digitata","random",1,8.5,NA,NA,NA
524,"dmr_rasher_steneck","downeast","10_2_115",10,"10_2_115-downeast-10-2-2006-dmr_rasher_steneck",2006,7,1,44.6472,-67.3317,"Saccharina latissima and Laminaria digitata","random",1,2.5,NA,NA,NA
525,"dmr_rasher_steneck","mdi","10_2_35",10,"10_2_35-mdi-10-2-2007-dmr_rasher_steneck",2007,6,8,44.4626,-68.1609,"Saccharina latissima and Laminaria digitata","random",1,19,NA,NA,NA
526,"dmr_rasher_steneck","downeast","10_2_61",10,"10_2_61-downeast-10-2-2007-dmr_rasher_steneck",2007,6,18,44.4862,-67.6638,"Saccharina latissima and Laminaria digitata","random",1,21.5,NA,NA,NA
527,"dmr_rasher_steneck","downeast","10_2_133",10,"10_2_133-downeast-10-2-2007-dmr_rasher_steneck",2007,6,27,44.5841,-67.358,"Saccharina latissima and Laminaria digitata","random",1,6.5,NA,NA,NA
528,"dmr_rasher_steneck","downeast","10_2_134",10,"10_2_134-downeast-10-2-2007-dmr_rasher_steneck",2007,6,27,44.6147,-67.273,"Saccharina latissima and Laminaria digitata","random",1,29,NA,NA,NA
529,"dmr_rasher_steneck","midcoast","10_2_9",10,"10_2_9-midcoast-10-2-2008-dmr_rasher_steneck",2008,5,7,43.82497,-69.64226,"Saccharina latissima and Laminaria digitata","random",1,59,NA,NA,NA
530,"dmr_rasher_steneck","penobscot.bay","10_2_144",10,"10_2_144-penobscot.bay-10-2-2008-dmr_rasher_steneck",2008,5,20,44.20083,-68.95551,"Saccharina latissima and Laminaria digitata","random",1,0,NA,NA,NA
531,"dmr_rasher_steneck","downeast","10_2_159",10,"10_2_159-downeast-10-2-2008-dmr_rasher_steneck",2008,6,12,44.48321,-67.55694,"Saccharina latissima and Laminaria digitata","random",1,69,NA,NA,NA
532,"dmr_rasher_steneck","casco.bay","10_2_2",10,"10_2_2-casco.bay-10-2-2009-dmr_rasher_steneck",2009,5,5,43.76074,-69.95305,"Saccharina latissima and Laminaria digitata","random",1,65,NA,NA,NA
533,"dmr_rasher_steneck","midcoast","10_2_45",10,"10_2_45-midcoast-10-2-2009-dmr_rasher_steneck",2009,5,11,43.86489,-69.53466,"Saccharina latissima and Laminaria digitata","random",1,21.5,NA,NA,NA
534,"dmr_rasher_steneck","penobscot.bay","10_2_171",10,"10_2_171-penobscot.bay-10-2-2009-dmr_rasher_steneck",2009,5,12,44.02038,-69.07162,"Saccharina latissima and Laminaria digitata","random",1,75,NA,NA,NA
535,"dmr_rasher_steneck","mdi","10_2_182",10,"10_2_182-mdi-10-2-2009-dmr_rasher_steneck",2009,6,5,44.39943,-68.14297,"Saccharina latissima and Laminaria digitata","random",1,56.5,NA,NA,NA
536,"dmr_rasher_steneck","downeast","10_2_185",10,"10_2_185-downeast-10-2-2009-dmr_rasher_steneck",2009,6,10,44.50124,-67.63622,"Saccharina latissima and Laminaria digitata","random",1,7,NA,NA,NA
537,"dmr_rasher_steneck","downeast","10_2_114",10,"10_2_114-downeast-10-2-2009-dmr_rasher_steneck",2009,6,10,44.54756,-67.56276,"Saccharina latissima and Laminaria digitata","random",1,1.5,NA,NA,NA
538,"dmr_rasher_steneck","downeast","10_2_99",10,"10_2_99-downeast-10-2-2009-dmr_rasher_steneck",2009,6,10,44.55907,-67.52656,"Saccharina latissima and Laminaria digitata","random",1,49.5,NA,NA,NA
539,"dmr_rasher_steneck","downeast","10_2_185",10,"10_2_185-downeast-10-2-2010-dmr_rasher_steneck",2010,6,8,44.494688,-67.631863,"Saccharina latissima and Laminaria digitata","random",1,22,NA,NA,NA
540,"dmr_rasher_steneck","downeast","10_2_159",10,"10_2_159-downeast-10-2-2010-dmr_rasher_steneck",2010,6,8,44.490294,-67.556755,"Saccharina latissima and Laminaria digitata","random",1,96.5,NA,NA,NA
541,"dmr_rasher_steneck","downeast","10_2_115",10,"10_2_115-downeast-10-2-2010-dmr_rasher_steneck",2010,6,10,44.651207,-67.327633,"Saccharina latissima and Laminaria digitata","random",1,11.5,NA,NA,NA
542,"dmr_rasher_steneck","midcoast","10_2_102",10,"10_2_102-midcoast-10-2-2011-dmr_rasher_steneck",2011,5,11,43.91941,-69.30907,"Saccharina latissima and Laminaria digitata","random",1,37.5,NA,NA,NA
543,"dmr_rasher_steneck","midcoast","10_2_211",10,"10_2_211-midcoast-10-2-2011-dmr_rasher_steneck",2011,5,11,43.93412,-69.30068,"Saccharina latissima and Laminaria digitata","random",1,38.5,NA,NA,NA
544,"dmr_rasher_steneck","penobscot.bay","10_2_144",10,"10_2_144-penobscot.bay-10-2-2011-dmr_rasher_steneck",2011,5,26,44.20533,-68.95215,"Saccharina latissima and Laminaria digitata","random",1,14,NA,NA,NA
545,"dmr_rasher_steneck","mdi","10_2_80",10,"10_2_80-mdi-10-2-2011-dmr_rasher_steneck",2011,5,31,44.14128,-68.58426,"Saccharina latissima and Laminaria digitata","random",1,5.5,NA,NA,NA
546,"dmr_rasher_steneck","mdi","10_2_182",10,"10_2_182-mdi-10-2-2011-dmr_rasher_steneck",2011,6,2,44.40024,-68.13937,"Saccharina latissima and Laminaria digitata","random",1,12.5,NA,NA,NA
547,"dmr_rasher_steneck","downeast","10_2_159",10,"10_2_159-downeast-10-2-2011-dmr_rasher_steneck",2011,6,9,44.48813,-67.56432,"Saccharina latissima and Laminaria digitata","random",1,8.5,NA,NA,NA
548,"dmr_rasher_steneck","downeast","10_2_87",10,"10_2_87-downeast-10-2-2011-dmr_rasher_steneck",2011,6,9,44.53276,-67.53652,"Saccharina latissima and Laminaria digitata","random",1,15,NA,NA,NA
549,"dmr_rasher_steneck","midcoast","10_2_9",10,"10_2_9-midcoast-10-2-2012-dmr_rasher_steneck",2012,5,3,43.82947,-69.6401,"Saccharina latissima and Laminaria digitata","random",1,40.5,NA,NA,NA
550,"dmr_rasher_steneck","midcoast","10_2_15",10,"10_2_15-midcoast-10-2-2012-dmr_rasher_steneck",2012,5,4,43.91136,-69.3828,"Saccharina latissima and Laminaria digitata","random",1,1,NA,NA,NA
551,"dmr_rasher_steneck","midcoast","10_2_211",10,"10_2_211-midcoast-10-2-2012-dmr_rasher_steneck",2012,5,4,43.93324,-69.2937,"Saccharina latissima and Laminaria digitata","random",1,13,NA,NA,NA
552,"dmr_rasher_steneck","penobscot.bay","10_2_67",10,"10_2_67-penobscot.bay-10-2-2012-dmr_rasher_steneck",2012,5,9,44.17202,-69.0609,"Saccharina latissima and Laminaria digitata","random",1,0,NA,NA,NA
553,"dmr_rasher_steneck","downeast","10_2_114",10,"10_2_114-downeast-10-2-2012-dmr_rasher_steneck",2012,6,12,44.54572,-67.5553,"Saccharina latissima and Laminaria digitata","random",1,3.5,NA,NA,NA
554,"dmr_rasher_steneck","downeast","10_2_99",10,"10_2_99-downeast-10-2-2012-dmr_rasher_steneck",2012,6,12,44.56232,-67.5291,"Saccharina latissima and Laminaria digitata","random",1,17,NA,NA,NA
555,"dmr_rasher_steneck","downeast","10_2_232",10,"10_2_232-downeast-10-2-2012-dmr_rasher_steneck",2012,6,20,44.57796,-67.4977,"Saccharina latissima and Laminaria digitata","random",1,24.5,NA,NA,NA
556,"dmr_rasher_steneck","downeast","10_2_115",10,"10_2_115-downeast-10-2-2012-dmr_rasher_steneck",2012,6,20,44.65176,-67.3328,"Saccharina latissima and Laminaria digitata","random",1,2,NA,NA,NA
557,"dmr_rasher_steneck","midcoast","10_2_43",10,"10_2_43-midcoast-10-2-2013-dmr_rasher_steneck",2013,5,2,43.82211,-69.6188,"Saccharina latissima and Laminaria digitata","random",1,16.5,NA,NA,NA
558,"dmr_rasher_steneck","downeast","10_2_133",10,"10_2_133-downeast-10-2-2013-dmr_rasher_steneck",2013,6,10,44.58406,-67.358,"Saccharina latissima and Laminaria digitata","random",1,8,NA,NA,NA
559,"dmr_rasher_steneck","downeast","10_2_134",10,"10_2_134-downeast-10-2-2013-dmr_rasher_steneck",2013,6,14,44.60883,-67.2639,"Saccharina latissima and Laminaria digitata","random",1,10,NA,NA,NA
560,"dmr_rasher_steneck","casco.bay","10_2_2",10,"10_2_2-casco.bay-10-2-2014-dmr_rasher_steneck",2014,5,6,43.7651,-69.9514,"Saccharina latissima and Laminaria digitata","random",1,44.5,NA,NA,NA
561,"dmr_rasher_steneck","midcoast","10_2_15",10,"10_2_15-midcoast-10-2-2014-dmr_rasher_steneck",2014,5,8,43.9159,-69.378,"Saccharina latissima and Laminaria digitata","random",1,55,NA,NA,NA
562,"dmr_rasher_steneck","midcoast","10_2_102",10,"10_2_102-midcoast-10-2-2014-dmr_rasher_steneck",2014,5,8,43.9194,-69.3091,"Saccharina latissima and Laminaria digitata","random",1,52.5,NA,NA,NA
563,"dmr_rasher_steneck","penobscot.bay","10_2_171",10,"10_2_171-penobscot.bay-10-2-2014-dmr_rasher_steneck",2014,5,12,44.0234,-69.0716,"Saccharina latissima and Laminaria digitata","random",1,19,NA,NA,NA
564,"dmr_rasher_steneck","penobscot.bay","10_2_18",10,"10_2_18-penobscot.bay-10-2-2014-dmr_rasher_steneck",2014,5,12,44.079,-69.0521,"Saccharina latissima and Laminaria digitata","random",1,4.5,NA,NA,NA
565,"dmr_rasher_steneck","mdi","10_2_80",10,"10_2_80-mdi-10-2-2014-dmr_rasher_steneck",2014,5,13,44.1491,-68.5842,"Saccharina latissima and Laminaria digitata","random",1,34.5,NA,NA,NA
566,"dmr_rasher_steneck","mdi","10_2_27",10,"10_2_27-mdi-10-2-2014-dmr_rasher_steneck",2014,5,26,44.1667,-68.494,"Saccharina latissima and Laminaria digitata","random",1,6,NA,NA,NA
567,"dmr_rasher_steneck","mdi","10_2_182",10,"10_2_182-mdi-10-2-2014-dmr_rasher_steneck",2014,6,6,44.4002,-68.1394,"Saccharina latissima and Laminaria digitata","random",1,67.5,NA,NA,NA
568,"dmr_rasher_steneck","downeast","10_2_114",10,"10_2_114-downeast-10-2-2014-dmr_rasher_steneck",2014,6,10,44.5457,-67.5554,"Saccharina latissima and Laminaria digitata","random",1,14,NA,NA,NA
569,"dmr_rasher_steneck","downeast","10_2_87",10,"10_2_87-downeast-10-2-2014-dmr_rasher_steneck",2014,6,10,44.5328,-67.5365,"Saccharina latissima and Laminaria digitata","random",1,6.5,NA,NA,NA
570,"dmr_rasher_steneck","downeast","10_2_62",10,"10_2_62-downeast-10-2-2014-dmr_rasher_steneck",2014,6,10,44.5199,-67.5311,"Saccharina latissima and Laminaria digitata","random",1,14.5,NA,NA,NA
571,"dmr_rasher_steneck","penobscot.bay","10_2_171",10,"10_2_171-penobscot.bay-10-2-2015-dmr_rasher_steneck",2015,5,12,44.02,-69.0657,"Saccharina latissima and Laminaria digitata","random",1,35.5,NA,NA,NA
572,"dmr_rasher_steneck","penobscot.bay","10_2_144",10,"10_2_144-penobscot.bay-10-2-2015-dmr_rasher_steneck",2015,5,14,44.2015,-68.9553,"Saccharina latissima and Laminaria digitata","random",1,2.5,NA,NA,NA
573,"dmr_rasher_steneck","midcoast","10_2_15",10,"10_2_15-midcoast-10-2-2016-dmr_rasher_steneck",2016,5,13,43.9147,-69.381,"Saccharina latissima and Laminaria digitata","random",1,64.5,NA,NA,NA
574,"dmr_rasher_steneck","midcoast","10_2_211",10,"10_2_211-midcoast-10-2-2016-dmr_rasher_steneck",2016,5,13,43.934,-69.3008,"Saccharina latissima and Laminaria digitata","random",1,22.5,NA,NA,NA
575,"dmr_rasher_steneck","penobscot.bay","10_2_67",10,"10_2_67-penobscot.bay-10-2-2016-dmr_rasher_steneck",2016,5,18,44.1719,-69.0611,"Saccharina latissima and Laminaria digitata","random",1,3.5,NA,NA,NA
576,"dmr_rasher_steneck","downeast","10_2_61",10,"10_2_61-downeast-10-2-2016-dmr_rasher_steneck",2016,6,4,44.4917,-67.6709,"Saccharina latissima and Laminaria digitata","random",1,6.5,NA,NA,NA
577,"dmr_rasher_steneck","downeast","10_2_61",10,"10_2_61-downeast-10-2-2016-dmr_rasher_steneck",2016,6,4,44.4863,-67.6701,"Saccharina latissima and Laminaria digitata","random",1,16,NA,NA,NA
578,"dmr_rasher_steneck","downeast","10_2_232",10,"10_2_232-downeast-10-2-2016-dmr_rasher_steneck",2016,6,5,44.5772,-67.502,"Saccharina latissima and Laminaria digitata","random",1,26.5,NA,NA,NA
579,"dmr_rasher_steneck","downeast","10_2_134",10,"10_2_134-downeast-10-2-2016-dmr_rasher_steneck",2016,6,18,44.6089,-67.2639,"Saccharina latissima and Laminaria digitata","random",1,35,NA,NA,NA
580,"dmr_rasher_steneck","penobscot.bay","10_2_67",10,"10_2_67-penobscot.bay-10-2-2017-dmr_rasher_steneck",2017,5,9,44.1722,-69.057,"Saccharina latissima and Laminaria digitata","random",1,33,NA,NA,NA
581,"dmr_rasher_steneck","mdi","10_2_35",10,"10_2_35-mdi-10-2-2017-dmr_rasher_steneck",2017,5,12,44.4623,-68.1669,"Saccharina latissima and Laminaria digitata","random",1,64,NA,NA,NA
582,"dmr_rasher_steneck","downeast","10_2_185",10,"10_2_185-downeast-10-2-2017-dmr_rasher_steneck",2017,6,13,44.5012,-67.6361,"Saccharina latissima and Laminaria digitata","random",1,4.5,NA,NA,NA
583,"dmr_rasher_steneck","downeast","10_2_99",10,"10_2_99-downeast-10-2-2017-dmr_rasher_steneck",2017,6,15,44.5624,-67.529,"Saccharina latissima and Laminaria digitata","random",1,35.5,NA,NA,NA
584,"dmr_rasher_steneck","downeast","10_2_232",10,"10_2_232-downeast-10-2-2017-dmr_rasher_steneck",2017,6,15,44.5777,-67.4972,"Saccharina latissima and Laminaria digitata","random",1,29.5,NA,NA,NA
585,"dmr_rasher_steneck","downeast","10_2_133",10,"10_2_133-downeast-10-2-2017-dmr_rasher_steneck",2017,6,15,44.5852,-67.3524,"Saccharina latissima and Laminaria digitata","random",1,0,NA,NA,NA
586,"dmr_rasher_steneck","midcoast","10_2_102",10,"10_2_102-midcoast-10-2-2018-dmr_rasher_steneck",2018,5,10,43.9196,-69.3146,"Saccharina latissima and Laminaria digitata","random",1,13.5,NA,NA,NA
587,"dmr_rasher_steneck","penobscot.bay","10_2_18",10,"10_2_18-penobscot.bay-10-2-2018-dmr_rasher_steneck",2018,5,11,44.0791,-69.0471,"Saccharina latissima and Laminaria digitata","random",1,0,NA,NA,NA
588,"dmr_rasher_steneck","mdi","10_2_182",10,"10_2_182-mdi-10-2-2018-dmr_rasher_steneck",2018,5,15,44.3954,-68.1443,"Saccharina latissima and Laminaria digitata","random",1,7,NA,NA,NA
589,"dmr_rasher_steneck","downeast","10_2_115",10,"10_2_115-downeast-10-2-2018-dmr_rasher_steneck",2018,5,21,44.6509,-67.3277,"Saccharina latissima and Laminaria digitata","random",1,15,NA,NA,NA
590,"dmr_rasher_steneck","mdi","10_3_10",10,"10_3_10-mdi-10-3-2001-dmr_rasher_steneck",2001,7,5,44.13106,-68.40311,"Saccharina latissima and Laminaria digitata","random",1,23,NA,NA,NA
591,"dmr_rasher_steneck","downeast","10_3_14",10,"10_3_14-downeast-10-3-2001-dmr_rasher_steneck",2001,7,18,44.47852,-67.80993,"Saccharina latissima and Laminaria digitata","random",1,0,NA,NA,NA
592,"dmr_rasher_steneck","downeast","10_3_15",10,"10_3_15-downeast-10-3-2001-dmr_rasher_steneck",2001,7,18,44.48045,-67.75111,"Saccharina latissima and Laminaria digitata","random",1,17.9,NA,NA,NA
593,"dmr_rasher_steneck","downeast","10_3_16",10,"10_3_16-downeast-10-3-2001-dmr_rasher_steneck",2001,7,19,44.47481,-67.67655,"Saccharina latissima and Laminaria digitata","random",1,75,NA,NA,NA
594,"dmr_rasher_steneck","downeast","10_3_18",10,"10_3_18-downeast-10-3-2001-dmr_rasher_steneck",2001,7,25,44.61639,-67.37083,"Saccharina latissima and Laminaria digitata","random",1,73.5,NA,NA,NA
595,"dmr_rasher_steneck","downeast","10_3_19",10,"10_3_19-downeast-10-3-2001-dmr_rasher_steneck",2001,7,25,44.5983,-67.36613,"Saccharina latissima and Laminaria digitata","random",1,12,NA,NA,NA
596,"dmr_rasher_steneck","midcoast","10_3_25",10,"10_3_25-midcoast-10-3-2002-dmr_rasher_steneck",2002,5,22,43.884171,-69.439068,"Saccharina latissima and Laminaria digitata","random",1,0.7,NA,NA,NA
597,"dmr_rasher_steneck","penobscot.bay","10_3_30",10,"10_3_30-penobscot.bay-10-3-2002-dmr_rasher_steneck",2002,6,5,44.015404,-68.609039,"Saccharina latissima and Laminaria digitata","random",1,35,NA,NA,NA
598,"dmr_rasher_steneck","mdi","10_3_31",10,"10_3_31-mdi-10-3-2002-dmr_rasher_steneck",2002,6,5,44.055712,-68.578571,"Saccharina latissima and Laminaria digitata","random",1,39.5,NA,NA,NA
599,"dmr_rasher_steneck","downeast","10_3_38",10,"10_3_38-downeast-10-3-2002-dmr_rasher_steneck",2002,6,26,44.490295,-67.636499,"Saccharina latissima and Laminaria digitata","random",1,0,NA,NA,NA
600,"dmr_rasher_steneck","downeast","10_3_39",10,"10_3_39-downeast-10-3-2002-dmr_rasher_steneck",2002,7,1,44.555111,-67.520045,"Saccharina latissima and Laminaria digitata","random",1,71.5,NA,NA,NA
601,"dmr_rasher_steneck","downeast","10_3_40",10,"10_3_40-downeast-10-3-2002-dmr_rasher_steneck",2002,6,26,44.505568,-67.512157,"Saccharina latissima and Laminaria digitata","random",1,32,NA,NA,NA
602,"dmr_rasher_steneck","downeast","10_3_19",10,"10_3_19-downeast-10-3-2002-dmr_rasher_steneck",2002,7,1,44.59391,-67.371464,"Saccharina latissima and Laminaria digitata","random",1,39.5,NA,NA,NA
603,"dmr_rasher_steneck","downeast","10_3_42",10,"10_3_42-downeast-10-3-2002-dmr_rasher_steneck",2002,7,2,44.6584,-67.18971,"Saccharina latissima and Laminaria digitata","random",1,35,NA,NA,NA
604,"dmr_rasher_steneck","midcoast","10_3_48",10,"10_3_48-midcoast-10-3-2003-dmr_rasher_steneck",2003,5,22,43.88809,-69.46879,"Saccharina latissima and Laminaria digitata","random",1,36.2,NA,NA,NA
605,"dmr_rasher_steneck","penobscot.bay","10_3_30",10,"10_3_30-penobscot.bay-10-3-2003-dmr_rasher_steneck",2003,6,4,44.0199,-68.60991,"Saccharina latissima and Laminaria digitata","random",1,9,NA,NA,NA
606,"dmr_rasher_steneck","downeast","10_3_15",10,"10_3_15-downeast-10-3-2003-dmr_rasher_steneck",2003,6,23,44.48227,-67.73913,"Saccharina latissima and Laminaria digitata","random",1,12.5,NA,NA,NA
607,"dmr_rasher_steneck","downeast","10_3_38",10,"10_3_38-downeast-10-3-2003-dmr_rasher_steneck",2003,6,24,44.48624,-67.63207,"Saccharina latissima and Laminaria digitata","random",1,34.5,NA,NA,NA
608,"dmr_rasher_steneck","downeast","10_3_19",10,"10_3_19-downeast-10-3-2003-dmr_rasher_steneck",2003,6,30,44.59395,-67.3754,"Saccharina latissima and Laminaria digitata","random",1,79.5,NA,NA,NA
609,"dmr_rasher_steneck","downeast","10_3_63",10,"10_3_63-downeast-10-3-2003-dmr_rasher_steneck",2003,6,30,44.62528,-67.36485,"Saccharina latissima and Laminaria digitata","random",1,13.5,NA,NA,NA
610,"dmr_rasher_steneck","midcoast","10_3_68",10,"10_3_68-midcoast-10-3-2004-dmr_rasher_steneck",2004,5,17,43.7934,-69.6682,"Saccharina latissima and Laminaria digitata","random",1,44,NA,NA,NA
611,"dmr_rasher_steneck","midcoast","10_3_48",10,"10_3_48-midcoast-10-3-2004-dmr_rasher_steneck",2004,5,20,43.8886,-69.4708,"Saccharina latissima and Laminaria digitata","random",1,36.5,NA,NA,NA
612,"dmr_rasher_steneck","mdi","10_3_31",10,"10_3_31-mdi-10-3-2004-dmr_rasher_steneck",2004,6,4,44.0602,-68.5785,"Saccharina latissima and Laminaria digitata","random",1,21,NA,NA,NA
613,"dmr_rasher_steneck","mdi","10_3_10",10,"10_3_10-mdi-10-3-2004-dmr_rasher_steneck",2004,6,8,44.1355,-68.4031,"Saccharina latissima and Laminaria digitata","random",1,32.5,NA,NA,NA
614,"dmr_rasher_steneck","mdi","10_3_74",10,"10_3_74-mdi-10-3-2004-dmr_rasher_steneck",2004,6,16,44.3636,-68.1757,"Saccharina latissima and Laminaria digitata","random",1,69.5,NA,NA,NA
615,"dmr_rasher_steneck","downeast","10_3_39",10,"10_3_39-downeast-10-3-2004-dmr_rasher_steneck",2004,6,29,44.5559,-67.5233,"Saccharina latissima and Laminaria digitata","random",1,73.5,NA,NA,NA
616,"dmr_rasher_steneck","downeast","10_3_40",10,"10_3_40-downeast-10-3-2004-dmr_rasher_steneck",2004,6,24,44.5025,-67.5121,"Saccharina latissima and Laminaria digitata","random",1,44.5,NA,NA,NA
617,"dmr_rasher_steneck","downeast","10_3_63",10,"10_3_63-downeast-10-3-2004-dmr_rasher_steneck",2004,6,29,44.6245,-67.3679,"Saccharina latissima and Laminaria digitata","random",1,0,NA,NA,NA
618,"dmr_rasher_steneck","midcoast","10_3_25",10,"10_3_25-midcoast-10-3-2005-dmr_rasher_steneck",2005,5,19,43.8887,-69.4409,"Saccharina latissima and Laminaria digitata","random",1,43,NA,NA,NA
619,"dmr_rasher_steneck","penobscot.bay","10_3_91",10,"10_3_91-penobscot.bay-10-3-2005-dmr_rasher_steneck",2005,5,29,43.9798,-69.0903,"Saccharina latissima and Laminaria digitata","random",1,55,NA,NA,NA
620,"dmr_rasher_steneck","mdi","10_3_96",10,"10_3_96-mdi-10-3-2005-dmr_rasher_steneck",2005,6,15,44.3631,-68.0932,"Saccharina latissima and Laminaria digitata","random",1,39,NA,NA,NA
621,"dmr_rasher_steneck","downeast","10_3_99",10,"10_3_99-downeast-10-3-2005-dmr_rasher_steneck",2005,6,14,44.4115,-67.9298,"Saccharina latissima and Laminaria digitata","random",1,22.5,NA,NA,NA
622,"dmr_rasher_steneck","downeast","10_3_15",10,"10_3_15-downeast-10-3-2005-dmr_rasher_steneck",2005,6,20,44.4823,-67.7444,"Saccharina latissima and Laminaria digitata","random",1,23.5,NA,NA,NA
623,"dmr_rasher_steneck","downeast","10_3_16",10,"10_3_16-downeast-10-3-2005-dmr_rasher_steneck",2005,6,20,44.4746,-67.6686,"Saccharina latissima and Laminaria digitata","random",1,64,NA,NA,NA
624,"dmr_rasher_steneck","downeast","10_3_40",10,"10_3_40-downeast-10-3-2005-dmr_rasher_steneck",2005,6,21,44.5002,-67.5121,"Saccharina latissima and Laminaria digitata","random",1,33.5,NA,NA,NA
625,"dmr_rasher_steneck","downeast","10_3_102",10,"10_3_102-downeast-10-3-2005-dmr_rasher_steneck",2005,6,22,44.6005,-67.4467,"Saccharina latissima and Laminaria digitata","random",1,38,NA,NA,NA
626,"dmr_rasher_steneck","midcoast","10_3_48",10,"10_3_48-midcoast-10-3-2006-dmr_rasher_steneck",2006,5,16,43.8942,-69.4653,"Saccharina latissima and Laminaria digitata","random",1,8,NA,NA,NA
627,"dmr_rasher_steneck","mdi","10_3_96",10,"10_3_96-mdi-10-3-2006-dmr_rasher_steneck",2006,6,18,44.363,-68.087,"Saccharina latissima and Laminaria digitata","random",1,4.1,NA,NA,NA
628,"dmr_rasher_steneck","downeast","10_3_38",10,"10_3_38-downeast-10-3-2006-dmr_rasher_steneck",2006,6,29,44.4863,-67.637,"Saccharina latissima and Laminaria digitata","random",1,7,NA,NA,NA
629,"dmr_rasher_steneck","downeast","10_3_120",10,"10_3_120-downeast-10-3-2006-dmr_rasher_steneck",2006,7,1,44.5962,-67.4593,"Saccharina latissima and Laminaria digitata","random",1,10.5,NA,NA,NA
630,"dmr_rasher_steneck","downeast","10_3_123",10,"10_3_123-downeast-10-3-2006-dmr_rasher_steneck",2006,7,1,44.6413,-67.2454,"Saccharina latissima and Laminaria digitata","random",1,7,NA,NA,NA
631,"dmr_rasher_steneck","penobscot.bay","10_3_133",10,"10_3_133-penobscot.bay-10-3-2007-dmr_rasher_steneck",2007,5,17,44.0737,-69.0407,"Saccharina latissima and Laminaria digitata","random",1,6.5,NA,NA,NA
632,"dmr_rasher_steneck","mdi","10_3_31",10,"10_3_31-mdi-10-3-2007-dmr_rasher_steneck",2007,5,29,44.0603,-68.5848,"Saccharina latissima and Laminaria digitata","random",1,10,NA,NA,NA
633,"dmr_rasher_steneck","mdi","10_3_139",10,"10_3_139-mdi-10-3-2007-dmr_rasher_steneck",2007,6,8,44.3632,-68.1054,"Saccharina latissima and Laminaria digitata","random",1,16,NA,NA,NA
634,"dmr_rasher_steneck","downeast","10_3_16",10,"10_3_16-downeast-10-3-2007-dmr_rasher_steneck",2007,6,18,44.4721,-67.6766,"Saccharina latissima and Laminaria digitata","random",1,8,NA,NA,NA
635,"dmr_rasher_steneck","downeast","10_3_19",10,"10_3_19-downeast-10-3-2007-dmr_rasher_steneck",2007,6,27,44.5976,-67.3692,"Saccharina latissima and Laminaria digitata","random",1,24.5,NA,NA,NA
636,"dmr_rasher_steneck","penobscot.bay","10_3_91",10,"10_3_91-penobscot.bay-10-3-2008-dmr_rasher_steneck",2008,5,16,43.97532,-69.08408,"Saccharina latissima and Laminaria digitata","random",1,20.5,NA,NA,NA
637,"dmr_rasher_steneck","mdi","10_3_74",10,"10_3_74-mdi-10-3-2008-dmr_rasher_steneck",2008,6,3,44.36367,-68.18109,"Saccharina latissima and Laminaria digitata","random",1,64.5,NA,NA,NA
638,"dmr_rasher_steneck","downeast","10_3_150",10,"10_3_150-downeast-10-3-2008-dmr_rasher_steneck",2008,6,5,44.34023,-68.04249,"Saccharina latissima and Laminaria digitata","random",1,27,NA,NA,NA
639,"dmr_rasher_steneck","downeast","10_3_153",10,"10_3_153-downeast-10-3-2008-dmr_rasher_steneck",2008,6,12,44.50998,-67.52066,"Saccharina latissima and Laminaria digitata","random",1,60.5,NA,NA,NA
640,"dmr_rasher_steneck","downeast","10_3_42",10,"10_3_42-downeast-10-3-2008-dmr_rasher_steneck",2008,6,19,44.66241,-67.18027,"Saccharina latissima and Laminaria digitata","random",1,25.5,NA,NA,NA
641,"dmr_rasher_steneck","downeast","10_3_99",10,"10_3_99-downeast-10-3-2009-dmr_rasher_steneck",2009,6,4,44.41602,-67.92899,"Saccharina latissima and Laminaria digitata","random",1,61.5,NA,NA,NA
642,"dmr_rasher_steneck","downeast","10_3_102",10,"10_3_102-downeast-10-3-2009-dmr_rasher_steneck",2009,6,11,44.60376,-67.4427,"Saccharina latissima and Laminaria digitata","random",1,27,NA,NA,NA
643,"dmr_rasher_steneck","midcoast","10_3_173",10,"10_3_173-midcoast-10-3-2010-dmr_rasher_steneck",2010,5,13,43.9027,-69.270683,"Saccharina latissima and Laminaria digitata","random",1,34,NA,NA,NA
644,"dmr_rasher_steneck","downeast","10_3_178",10,"10_3_178-downeast-10-3-2010-dmr_rasher_steneck",2010,6,8,44.442547,-67.858173,"Saccharina latissima and Laminaria digitata","random",1,32,NA,NA,NA
645,"dmr_rasher_steneck","downeast","10_3_14",10,"10_3_14-downeast-10-3-2010-dmr_rasher_steneck",2010,6,8,44.482742,-67.808296,"Saccharina latissima and Laminaria digitata","random",1,7,NA,NA,NA
646,"dmr_rasher_steneck","downeast","10_3_179",10,"10_3_179-downeast-10-3-2010-dmr_rasher_steneck",2010,6,8,44.481953,-67.691265,"Saccharina latissima and Laminaria digitata","random",1,41.5,NA,NA,NA
647,"dmr_rasher_steneck","downeast","10_3_39",10,"10_3_39-downeast-10-3-2010-dmr_rasher_steneck",2010,6,9,44.55131,-67.51722,"Saccharina latissima and Laminaria digitata","random",1,42.5,NA,NA,NA
648,"dmr_rasher_steneck","downeast","10_3_120",10,"10_3_120-downeast-10-3-2010-dmr_rasher_steneck",2010,6,9,44.5996,-67.451046,"Saccharina latissima and Laminaria digitata","random",1,74,NA,NA,NA
649,"dmr_rasher_steneck","downeast","10_3_19",10,"10_3_19-downeast-10-3-2010-dmr_rasher_steneck",2010,6,10,44.598408,-67.373578,"Saccharina latissima and Laminaria digitata","random",1,16.5,NA,NA,NA
650,"dmr_rasher_steneck","downeast","10_3_42",10,"10_3_42-downeast-10-3-2010-dmr_rasher_steneck",2010,6,10,44.658434,-67.190369,"Saccharina latissima and Laminaria digitata","random",1,7,NA,NA,NA
651,"dmr_rasher_steneck","penobscot.bay","10_3_133",10,"10_3_133-penobscot.bay-10-3-2011-dmr_rasher_steneck",2011,5,25,44.07453,-69.03446,"Saccharina latissima and Laminaria digitata","random",1,21,NA,NA,NA
652,"dmr_rasher_steneck","mdi","10_3_139",10,"10_3_139-mdi-10-3-2011-dmr_rasher_steneck",2011,6,2,44.36767,-68.10566,"Saccharina latissima and Laminaria digitata","random",1,17.5,NA,NA,NA
653,"dmr_rasher_steneck","downeast","10_3_150",10,"10_3_150-downeast-10-3-2011-dmr_rasher_steneck",2011,6,3,44.3357,-68.03724,"Saccharina latissima and Laminaria digitata","random",1,5.5,NA,NA,NA
654,"dmr_rasher_steneck","downeast","10_3_178",10,"10_3_178-downeast-10-3-2011-dmr_rasher_steneck",2011,6,7,44.44721,-67.85321,"Saccharina latissima and Laminaria digitata","random",1,6.5,NA,NA,NA
655,"dmr_rasher_steneck","downeast","10_3_179",10,"10_3_179-downeast-10-3-2011-dmr_rasher_steneck",2011,6,9,44.48499,-67.69122,"Saccharina latissima and Laminaria digitata","random",1,2,NA,NA,NA
656,"dmr_rasher_steneck","downeast","10_3_120",10,"10_3_120-downeast-10-3-2011-dmr_rasher_steneck",2011,6,9,44.59653,-67.4561,"Saccharina latissima and Laminaria digitata","random",1,49.5,NA,NA,NA
657,"dmr_rasher_steneck","mdi","10_3_199",10,"10_3_199-mdi-10-3-2012-dmr_rasher_steneck",2012,5,13,44.37017,-68.077,"Saccharina latissima and Laminaria digitata","random",1,0.5,NA,NA,NA
658,"dmr_rasher_steneck","downeast","10_3_14",10,"10_3_14-downeast-10-3-2012-dmr_rasher_steneck",2012,6,12,44.48277,-67.8143,"Saccharina latissima and Laminaria digitata","random",1,17.5,NA,NA,NA
659,"dmr_rasher_steneck","downeast","10_3_18",10,"10_3_18-downeast-10-3-2012-dmr_rasher_steneck",2012,6,20,44.62086,-67.3707,"Saccharina latissima and Laminaria digitata","random",1,11,NA,NA,NA
660,"dmr_rasher_steneck","downeast","10_3_205",10,"10_3_205-downeast-10-3-2012-dmr_rasher_steneck",2012,6,30,44.76417,-67.0568,"Saccharina latissima and Laminaria digitata","random",1,10,NA,NA,NA
661,"dmr_rasher_steneck","midcoast","10_3_68",10,"10_3_68-midcoast-10-3-2013-dmr_rasher_steneck",2013,5,1,43.79336,-69.6743,"Saccharina latissima and Laminaria digitata","random",1,2.5,NA,NA,NA
662,"dmr_rasher_steneck","midcoast","10_3_25",10,"10_3_25-midcoast-10-3-2013-dmr_rasher_steneck",2013,5,3,43.88869,-69.4331,"Saccharina latissima and Laminaria digitata","random",1,5.5,NA,NA,NA
663,"dmr_rasher_steneck","penobscot.bay","10_3_133",10,"10_3_133-penobscot.bay-10-3-2013-dmr_rasher_steneck",2013,5,7,44.07,-69.0407,"Saccharina latissima and Laminaria digitata","random",1,12,NA,NA,NA
664,"dmr_rasher_steneck","mdi","10_3_10",10,"10_3_10-mdi-10-3-2013-dmr_rasher_steneck",2013,5,15,44.13053,-68.4135,"Saccharina latissima and Laminaria digitata","random",1,41,NA,NA,NA
665,"dmr_rasher_steneck","mdi","10_3_199",10,"10_3_199-mdi-10-3-2013-dmr_rasher_steneck",2013,5,17,44.36297,-68.0769,"Saccharina latissima and Laminaria digitata","random",1,10,NA,NA,NA
666,"dmr_rasher_steneck","downeast","10_3_179",10,"10_3_179-downeast-10-3-2013-dmr_rasher_steneck",2013,5,30,44.48202,-67.7014,"Saccharina latissima and Laminaria digitata","random",1,9,NA,NA,NA
667,"dmr_rasher_steneck","downeast","10_3_38",10,"10_3_38-downeast-10-3-2013-dmr_rasher_steneck",2013,5,31,44.49108,-67.6331,"Saccharina latissima and Laminaria digitata","random",1,5,NA,NA,NA
668,"dmr_rasher_steneck","downeast","10_3_153",10,"10_3_153-downeast-10-3-2013-dmr_rasher_steneck",2013,5,31,44.50681,-67.5182,"Saccharina latissima and Laminaria digitata","random",1,6.5,NA,NA,NA
669,"dmr_rasher_steneck","downeast","10_3_42",10,"10_3_42-downeast-10-3-2013-dmr_rasher_steneck",2013,6,14,44.6584,-67.1897,"Saccharina latissima and Laminaria digitata","random",1,4,NA,NA,NA
670,"dmr_rasher_steneck","midcoast","10_3_68",10,"10_3_68-midcoast-10-3-2014-dmr_rasher_steneck",2014,5,7,43.7934,-69.6743,"Saccharina latissima and Laminaria digitata","random",1,19.5,NA,NA,NA
671,"dmr_rasher_steneck","midcoast","10_3_173",10,"10_3_173-midcoast-10-3-2014-dmr_rasher_steneck",2014,5,8,43.9072,-69.2705,"Saccharina latissima and Laminaria digitata","random",1,41,NA,NA,NA
672,"dmr_rasher_steneck","mdi","10_3_139",10,"10_3_139-mdi-10-3-2014-dmr_rasher_steneck",2014,6,6,44.3677,-68.1057,"Saccharina latissima and Laminaria digitata","random",1,19,NA,NA,NA
673,"dmr_rasher_steneck","downeast","10_3_150",10,"10_3_150-downeast-10-3-2014-dmr_rasher_steneck",2014,6,6,44.3357,-68.0372,"Saccharina latissima and Laminaria digitata","random",1,14.5,NA,NA,NA
674,"dmr_rasher_steneck","downeast","10_3_14",10,"10_3_14-downeast-10-3-2014-dmr_rasher_steneck",2014,6,9,44.4827,-67.8083,"Saccharina latissima and Laminaria digitata","random",1,13.5,NA,NA,NA
675,"dmr_rasher_steneck","downeast","10_3_38",10,"10_3_38-downeast-10-3-2014-dmr_rasher_steneck",2014,6,9,44.4901,-67.6276,"Saccharina latissima and Laminaria digitata","random",1,2,NA,NA,NA
676,"dmr_rasher_steneck","downeast","10_3_120",10,"10_3_120-downeast-10-3-2014-dmr_rasher_steneck",2014,6,10,44.5985,-67.4618,"Saccharina latissima and Laminaria digitata","random",1,0,NA,NA,NA
677,"dmr_rasher_steneck","downeast","10_3_102",10,"10_3_102-downeast-10-3-2014-dmr_rasher_steneck",2014,6,10,44.6038,-67.4427,"Saccharina latissima and Laminaria digitata","random",1,11.5,NA,NA,NA
678,"dmr_rasher_steneck","downeast","10_3_19",10,"10_3_19-downeast-10-3-2014-dmr_rasher_steneck",2014,6,19,44.5984,-67.3736,"Saccharina latissima and Laminaria digitata","random",1,2.5,NA,NA,NA
679,"dmr_rasher_steneck","downeast","10_3_63",10,"10_3_63-downeast-10-3-2014-dmr_rasher_steneck",2014,6,19,44.6253,-67.3648,"Saccharina latissima and Laminaria digitata","random",1,0,NA,NA,NA
680,"dmr_rasher_steneck","downeast","10_3_16",10,"10_3_16-downeast-10-3-2015-dmr_rasher_steneck",2015,6,6,44.4747,-67.6664,"Saccharina latissima and Laminaria digitata","random",1,8.5,NA,NA,NA
681,"dmr_rasher_steneck","downeast","10_3_38",10,"10_3_38-downeast-10-3-2015-dmr_rasher_steneck",2015,6,6,44.4916,-67.6335,"Saccharina latissima and Laminaria digitata","random",1,15.5,NA,NA,NA
682,"dmr_rasher_steneck","downeast","10_3_39",10,"10_3_39-downeast-10-3-2015-dmr_rasher_steneck",2015,6,7,44.5559,-67.5232,"Saccharina latissima and Laminaria digitata","random",1,50,NA,NA,NA
683,"dmr_rasher_steneck","downeast","10_3_120",10,"10_3_120-downeast-10-3-2015-dmr_rasher_steneck",2015,6,7,44.6003,-67.4537,"Saccharina latissima and Laminaria digitata","random",1,18.5,NA,NA,NA
684,"dmr_rasher_steneck","downeast","10_3_18",10,"10_3_18-downeast-10-3-2015-dmr_rasher_steneck",2015,6,13,44.6197,-67.3764,"Saccharina latissima and Laminaria digitata","random",1,72.5,NA,NA,NA
685,"dmr_rasher_steneck","downeast","10_3_205",10,"10_3_205-downeast-10-3-2015-dmr_rasher_steneck",2015,6,13,44.7642,-67.0568,"Saccharina latissima and Laminaria digitata","random",1,13.5,NA,NA,NA
686,"dmr_rasher_steneck","midcoast","10_3_173",10,"10_3_173-midcoast-10-3-2016-dmr_rasher_steneck",2016,5,13,43.9027,-69.2706,"Saccharina latissima and Laminaria digitata","random",1,19.5,NA,NA,NA
687,"dmr_rasher_steneck","mdi","10_3_74",10,"10_3_74-mdi-10-3-2016-dmr_rasher_steneck",2016,5,21,44.3638,-68.181,"Saccharina latissima and Laminaria digitata","random",1,8.5,NA,NA,NA
688,"dmr_rasher_steneck","downeast","10_3_99",10,"10_3_99-downeast-10-3-2016-dmr_rasher_steneck",2016,5,21,44.4161,-67.929,"Saccharina latissima and Laminaria digitata","random",1,70.5,NA,NA,NA
689,"dmr_rasher_steneck","downeast","10_3_14",10,"10_3_14-downeast-10-3-2016-dmr_rasher_steneck",2016,6,4,44.4824,-67.8018,"Saccharina latissima and Laminaria digitata","random",1,4,NA,NA,NA
690,"dmr_rasher_steneck","downeast","10_3_153",10,"10_3_153-downeast-10-3-2016-dmr_rasher_steneck",2016,6,5,44.5095,-67.5204,"Saccharina latissima and Laminaria digitata","random",1,30.5,NA,NA,NA
691,"dmr_rasher_steneck","downeast","10_3_63",10,"10_3_63-downeast-10-3-2016-dmr_rasher_steneck",2016,6,5,44.6207,-67.3645,"Saccharina latissima and Laminaria digitata","random",1,5,NA,NA,NA
692,"dmr_rasher_steneck","downeast","10_3_205",10,"10_3_205-downeast-10-3-2016-dmr_rasher_steneck",2016,6,18,44.7643,-67.0514,"Saccharina latissima and Laminaria digitata","random",1,25.5,NA,NA,NA
693,"dmr_rasher_steneck","penobscot.bay","10_3_91",10,"10_3_91-penobscot.bay-10-3-2017-dmr_rasher_steneck",2017,5,5,43.9753,-69.0841,"Saccharina latissima and Laminaria digitata","random",1,8,NA,NA,NA
694,"dmr_rasher_steneck","mdi","10_3_96",10,"10_3_96-mdi-10-3-2017-dmr_rasher_steneck",2017,5,12,44.3677,-68.0934,"Saccharina latissima and Laminaria digitata","random",1,21,NA,NA,NA
695,"dmr_rasher_steneck","mdi","10_3_199",10,"10_3_199-mdi-10-3-2017-dmr_rasher_steneck",2017,5,11,44.3631,-68.0781,"Saccharina latissima and Laminaria digitata","random",1,24.5,NA,NA,NA
696,"dmr_rasher_steneck","downeast","10_3_178",10,"10_3_178-downeast-10-3-2017-dmr_rasher_steneck",2017,6,13,44.4424,-67.8581,"Saccharina latissima and Laminaria digitata","random",1,5,NA,NA,NA
697,"dmr_rasher_steneck","downeast","10_3_19",10,"10_3_19-downeast-10-3-2017-dmr_rasher_steneck",2017,6,15,44.5938,-67.3753,"Saccharina latissima and Laminaria digitata","random",1,5.5,NA,NA,NA
698,"dmr_rasher_steneck","downeast","10_3_123",10,"10_3_123-downeast-10-3-2017-dmr_rasher_steneck",2017,6,16,44.6381,-67.242,"Saccharina latissima and Laminaria digitata","random",1,30.5,NA,NA,NA
699,"dmr_rasher_steneck","mdi","10_3_96",10,"10_3_96-mdi-10-3-2018-dmr_rasher_steneck",2018,5,14,44.3641,-68.0985,"Saccharina latissima and Laminaria digitata","random",1,43,NA,NA,NA
700,"dmr_rasher_steneck","downeast","10_3_102",10,"10_3_102-downeast-10-3-2018-dmr_rasher_steneck",2018,5,21,44.6006,-67.4466,"Saccharina latissima and Laminaria digitata","random",1,5.5,NA,NA,NA
701,"dmr_rasher_steneck","downeast","10_3_123",10,"10_3_123-downeast-10-3-2018-dmr_rasher_steneck",2018,5,21,44.6408,-67.2443,"Saccharina latissima and Laminaria digitata","random",1,14.5,NA,NA,NA
702,"dmr_rasher_steneck","downeast","10_3_42",10,"10_3_42-downeast-10-3-2018-dmr_rasher_steneck",2018,5,19,44.6626,-67.1862,"Saccharina latissima and Laminaria digitata","random",1,19,NA,NA,NA
703,"dmr_rasher_steneck","penobscot.bay","10_3_30",10,"10_3_30-penobscot.bay-10-3-2017-dmr_rasher_steneck",2017,7,31,44.0149,-68.6078,"Saccharina latissima and Laminaria digitata","random",1,17,NA,NA,NA
704,"dmr_rasher_steneck","mdi","10_1_23",10,"10_1_23-mdi-10-1-2008-dmr_rasher_steneck",2008,6,2,44.29333,-68.43279,"Saccharina latissima and Laminaria digitata","random",1,37.5,NA,NA,NA
705,"dmr_rasher_steneck","mdi","10_1_27",10,"10_1_27-mdi-10-1-2009-dmr_rasher_steneck",2009,5,26,44.32727,-68.31394,"Saccharina latissima and Laminaria digitata","random",1,0,NA,NA,NA
706,"dmr_rasher_steneck","mdi","10_1_27",10,"10_1_27-mdi-10-1-2010-dmr_rasher_steneck",2010,5,21,44.333,-68.306004,"Saccharina latissima and Laminaria digitata","random",1,0,NA,NA,NA
707,"dmr_rasher_steneck","mdi","10_1_23",10,"10_1_23-mdi-10-1-2011-dmr_rasher_steneck",2011,6,1,44.29782,-68.43277,"Saccharina latissima and Laminaria digitata","random",1,1.5,NA,NA,NA
708,"dmr_rasher_steneck","mdi","10_1_23",10,"10_1_23-mdi-10-1-2014-dmr_rasher_steneck",2014,5,26,44.2933,-68.4275,"Saccharina latissima and Laminaria digitata","random",1,1,NA,NA,NA
709,"dmr_rasher_steneck","mdi","10_1_27",10,"10_1_27-mdi-10-1-2014-dmr_rasher_steneck",2014,5,27,44.333,-68.306,"Saccharina latissima and Laminaria digitata","random",1,0,NA,NA,NA
710,"dmr_rasher_steneck","downeast","10_5_2",10,"10_5_2-downeast-10-5-2001-dmr_rasher_steneck",2001,7,26,44.64483,-67.18714,"Saccharina latissima and Laminaria digitata","random",1,47.5,NA,NA,NA
711,"dmr_rasher_steneck","penobscot.bay","10_5_14",10,"10_5_14-penobscot.bay-10-5-2003-dmr_rasher_steneck",2003,5,28,43.86717,-69.12148,"Saccharina latissima and Laminaria digitata","random",1,36,NA,NA,NA
712,"dmr_rasher_steneck","penobscot.bay","10_5_18",10,"10_5_18-penobscot.bay-10-5-2003-dmr_rasher_steneck",2003,6,3,44.00269,-68.65365,"Saccharina latissima and Laminaria digitata","random",1,55.5,NA,NA,NA
713,"dmr_rasher_steneck","downeast","10_5_19",10,"10_5_19-downeast-10-5-2003-dmr_rasher_steneck",2003,6,16,44.36687,-67.9865,"Saccharina latissima and Laminaria digitata","random",1,27.5,NA,NA,NA
714,"dmr_rasher_steneck","downeast","10_5_20",10,"10_5_20-downeast-10-5-2003-dmr_rasher_steneck",2003,6,16,44.36654,-67.93627,"Saccharina latissima and Laminaria digitata","random",1,3,NA,NA,NA
715,"dmr_rasher_steneck","casco.bay","10_5_25",10,"10_5_25-casco.bay-10-5-2004-dmr_rasher_steneck",2004,5,11,43.7158,-69.9469,"Saccharina latissima and Laminaria digitata","random",1,10.5,NA,NA,NA
716,"dmr_rasher_steneck","penobscot.bay","10_5_14",10,"10_5_14-penobscot.bay-10-5-2004-dmr_rasher_steneck",2004,5,26,43.8626,-69.1277,"Saccharina latissima and Laminaria digitata","random",1,64,NA,NA,NA
717,"dmr_rasher_steneck","downeast","10_5_19",10,"10_5_19-downeast-10-5-2004-dmr_rasher_steneck",2004,6,15,44.3669,-67.9976,"Saccharina latissima and Laminaria digitata","random",1,57.5,NA,NA,NA
718,"dmr_rasher_steneck","penobscot.bay","10_5_35",10,"10_5_35-penobscot.bay-10-5-2005-dmr_rasher_steneck",2005,5,31,44.0256,-68.8532,"Saccharina latissima and Laminaria digitata","random",1,58,NA,NA,NA
719,"dmr_rasher_steneck","downeast","10_5_39",10,"10_5_39-downeast-10-5-2005-dmr_rasher_steneck",2005,6,14,44.3668,-67.974,"Saccharina latissima and Laminaria digitata","random",1,13,NA,NA,NA
720,"dmr_rasher_steneck","casco.bay","10_5_25",10,"10_5_25-casco.bay-10-5-2006-dmr_rasher_steneck",2006,5,12,43.7159,-69.9402,"Saccharina latissima and Laminaria digitata","random",1,12,NA,NA,NA
721,"dmr_rasher_steneck","downeast","10_5_39",10,"10_5_39-downeast-10-5-2006-dmr_rasher_steneck",2006,6,17,44.3668,-67.9823,"Saccharina latissima and Laminaria digitata","random",1,3.5,NA,NA,NA
722,"dmr_rasher_steneck","downeast","10_5_2",10,"10_5_2-downeast-10-5-2006-dmr_rasher_steneck",2006,7,1,44.6434,-67.1973,"Saccharina latissima and Laminaria digitata","random",1,8.5,NA,NA,NA
723,"dmr_rasher_steneck","downeast","10_5_19",10,"10_5_19-downeast-10-5-2007-dmr_rasher_steneck",2007,6,10,44.3669,-67.9928,"Saccharina latissima and Laminaria digitata","random",1,8.5,NA,NA,NA
724,"dmr_rasher_steneck","downeast","10_5_20",10,"10_5_20-downeast-10-5-2008-dmr_rasher_steneck",2008,6,5,44.36204,-67.93636,"Saccharina latissima and Laminaria digitata","random",1,70.5,NA,NA,NA
725,"dmr_rasher_steneck","downeast","10_5_39",10,"10_5_39-downeast-10-5-2010-dmr_rasher_steneck",2010,5,21,44.366816,-67.978165,"Saccharina latissima and Laminaria digitata","random",1,0,NA,NA,NA
726,"dmr_rasher_steneck","downeast","10_5_2",10,"10_5_2-downeast-10-5-2011-dmr_rasher_steneck",2011,6,13,44.6436,-67.19338,"Saccharina latissima and Laminaria digitata","random",1,18.5,NA,NA,NA
727,"dmr_rasher_steneck","downeast","10_5_20",10,"10_5_20-downeast-10-5-2013-dmr_rasher_steneck",2013,5,18,44.36649,-67.9299,"Saccharina latissima and Laminaria digitata","random",1,60.5,NA,NA,NA
728,"dmr_rasher_steneck","downeast","10_5_20",10,"10_5_20-downeast-10-5-2017-dmr_rasher_steneck",2017,7,10,44.3644,-67.9344,"Saccharina latissima and Laminaria digitata","random",1,1.66666666666667,NA,NA,NA
729,"dmr_rasher_steneck","penobscot.bay","10_5_35",10,"10_5_35-penobscot.bay-10-5-2017-dmr_rasher_steneck",2017,7,29,44.0246,-68.8612,"Saccharina latissima and Laminaria digitata","random",1,2.375,NA,NA,NA
730,"dmr_rasher_steneck","penobscot.bay","10_5_18",10,"10_5_18-penobscot.bay-10-5-2017-dmr_rasher_steneck",2017,7,31,44.005,-68.65243,"Saccharina latissima and Laminaria digitata","random",1,7.33333333333333,NA,NA,NA
731,"dmr_rasher_steneck","penobscot.bay","10_5_18",10,"10_5_18-penobscot.bay-10-5-2018-dmr_rasher_steneck",2018,6,9,44.005,-68.65243,"Saccharina latissima and Laminaria digitata","random",1,27,NA,NA,NA
732,"dmr_rasher_steneck","penobscot.bay","10_5_35",10,"10_5_35-penobscot.bay-10-5-2018-dmr_rasher_steneck",2018,6,24,44.02460002,-68.86120004,"Saccharina latissima and Laminaria digitata","random",1,13.3125,NA,NA,NA
733,"dmr_rasher_steneck","penobscot.bay","10_5_14",10,"10_5_14-penobscot.bay-10-5-2018-dmr_rasher_steneck",2018,6,26,43.8679,-69.1288,"Saccharina latissima and Laminaria digitata","random",1,44.65,NA,NA,NA
734,"dmr_rasher_steneck","casco.bay","10_5_25",10,"10_5_25-casco.bay-10-5-2018-dmr_rasher_steneck",2018,9,5,43.71212,-69.9402,"Saccharina latissima and Laminaria digitata","random",1,2.125,NA,NA,NA
