"Entry","Study","Region","Site","Depth.m","Sample.ID","Sample.Year","Sample.Month","Sample.Day","Latitude","Longitude","Taxon","Fixed.or.Random","Sample.Unit.Size.sq.m","Percent.Cover","Stipe.Density.num.per.sq.m","Individual.Density.num.per.sq.m","Biomass.kg.wet.per.sq.m"
1,"farrell_rasher_2026","Gulf of Maine","Downeast_Petit_Manan_Island",6,"Downeast_Petit_Manan_Island 2021 1 15",2021,7,1,44.3641,-67.8685,"Agarum clathratum","Random",1,5,NA,NA,NA
2,"farrell_rasher_2026","Gulf of Maine","Downeast_Petit_Manan_Island",6,"Downeast_Petit_Manan_Island 2021 1 15",2021,7,1,44.3641,-67.8685,"Alaria esculenta","Random",1,0,NA,NA,NA
3,"farrell_rasher_2026","Gulf of Maine","Downeast_Petit_Manan_Island",6,"Downeast_Petit_Manan_Island 2021 1 15",2021,7,1,44.3641,-67.8685,"Laminaria digitata","Random",1,80,NA,NA,NA
4,"farrell_rasher_2026","Gulf of Maine","Downeast_Petit_Manan_Island",6,"Downeast_Petit_Manan_Island 2021 1 15",2021,7,1,44.3641,-67.8685,"Saccharina latissima","Random",1,0,NA,NA,NA
5,"farrell_rasher_2026","Gulf of Maine","Downeast_Petit_Manan_Island",6,"Downeast_Petit_Manan_Island 2021 1 25",2021,7,1,44.3641,-67.8685,"Agarum clathratum","Random",1,0,NA,NA,0
6,"farrell_rasher_2026","Gulf of Maine","Downeast_Petit_Manan_Island",6,"Downeast_Petit_Manan_Island 2021 1 25",2021,7,1,44.3641,-67.8685,"Alaria esculenta","Random",1,0,NA,NA,0
7,"farrell_rasher_2026","Gulf of Maine","Downeast_Petit_Manan_Island",6,"Downeast_Petit_Manan_Island 2021 1 25",2021,7,1,44.3641,-67.8685,"Laminaria digitata","Random",1,90,NA,NA,3.54078
8,"farrell_rasher_2026","Gulf of Maine","Downeast_Petit_Manan_Island",6,"Downeast_Petit_Manan_Island 2021 1 25",2021,7,1,44.3641,-67.8685,"Saccharina latissima","Random",1,0,NA,NA,0
9,"farrell_rasher_2026","Gulf of Maine","Downeast_Petit_Manan_Island",6,"Downeast_Petit_Manan_Island 2021 1 35",2021,7,1,44.3641,-67.8685,"Agarum clathratum","Random",1,5,NA,NA,NA
10,"farrell_rasher_2026","Gulf of Maine","Downeast_Petit_Manan_Island",6,"Downeast_Petit_Manan_Island 2021 1 35",2021,7,1,44.3641,-67.8685,"Alaria esculenta","Random",1,0,NA,NA,NA
11,"farrell_rasher_2026","Gulf of Maine","Downeast_Petit_Manan_Island",6,"Downeast_Petit_Manan_Island 2021 1 35",2021,7,1,44.3641,-67.8685,"Laminaria digitata","Random",1,99,NA,NA,NA
12,"farrell_rasher_2026","Gulf of Maine","Downeast_Petit_Manan_Island",6,"Downeast_Petit_Manan_Island 2021 1 35",2021,7,1,44.3641,-67.8685,"Saccharina latissima","Random",1,0,NA,NA,NA
13,"farrell_rasher_2026","Gulf of Maine","Downeast_Petit_Manan_Island",6,"Downeast_Petit_Manan_Island 2021 1 5",2021,7,1,44.3641,-67.8685,"Agarum clathratum","Random",1,0,NA,NA,0
14,"farrell_rasher_2026","Gulf of Maine","Downeast_Petit_Manan_Island",6,"Downeast_Petit_Manan_Island 2021 1 5",2021,7,1,44.3641,-67.8685,"Alaria esculenta","Random",1,0,NA,NA,0
15,"farrell_rasher_2026","Gulf of Maine","Downeast_Petit_Manan_Island",6,"Downeast_Petit_Manan_Island 2021 1 5",2021,7,1,44.3641,-67.8685,"Laminaria digitata","Random",1,100,NA,NA,7.35
16,"farrell_rasher_2026","Gulf of Maine","Downeast_Petit_Manan_Island",6,"Downeast_Petit_Manan_Island 2021 1 5",2021,7,1,44.3641,-67.8685,"Saccharina latissima","Random",1,0,NA,NA,0
17,"farrell_rasher_2026","Gulf of Maine","Downeast_Petit_Manan_Island",6,"Downeast_Petit_Manan_Island 2021 1 10",2021,7,1,44.3641,-67.8685,"Agarum clathratum","Random",1,0,NA,NA,NA
18,"farrell_rasher_2026","Gulf of Maine","Downeast_Petit_Manan_Island",6,"Downeast_Petit_Manan_Island 2021 1 10",2021,7,1,44.3641,-67.8685,"Alaria esculenta","Random",1,0,NA,NA,NA
19,"farrell_rasher_2026","Gulf of Maine","Downeast_Petit_Manan_Island",6,"Downeast_Petit_Manan_Island 2021 1 10",2021,7,1,44.3641,-67.8685,"Laminaria digitata","Random",1,95,NA,NA,NA
20,"farrell_rasher_2026","Gulf of Maine","Downeast_Petit_Manan_Island",6,"Downeast_Petit_Manan_Island 2021 1 10",2021,7,1,44.3641,-67.8685,"Saccharina latissima","Random",1,0,NA,NA,NA
21,"farrell_rasher_2026","Gulf of Maine","Downeast_Petit_Manan_Island",6,"Downeast_Petit_Manan_Island 2021 1 20",2021,7,1,44.3641,-67.8685,"Agarum clathratum","Random",1,0,NA,NA,0
22,"farrell_rasher_2026","Gulf of Maine","Downeast_Petit_Manan_Island",6,"Downeast_Petit_Manan_Island 2021 1 20",2021,7,1,44.3641,-67.8685,"Alaria esculenta","Random",1,0,NA,NA,0
23,"farrell_rasher_2026","Gulf of Maine","Downeast_Petit_Manan_Island",6,"Downeast_Petit_Manan_Island 2021 1 20",2021,7,1,44.3641,-67.8685,"Laminaria digitata","Random",1,70,NA,NA,2.57766
24,"farrell_rasher_2026","Gulf of Maine","Downeast_Petit_Manan_Island",6,"Downeast_Petit_Manan_Island 2021 1 20",2021,7,1,44.3641,-67.8685,"Saccharina latissima","Random",1,0,NA,NA,0
25,"farrell_rasher_2026","Gulf of Maine","Downeast_Petit_Manan_Island",6,"Downeast_Petit_Manan_Island 2021 1 30",2021,7,1,44.3641,-67.8685,"Agarum clathratum","Random",1,0,NA,NA,NA
26,"farrell_rasher_2026","Gulf of Maine","Downeast_Petit_Manan_Island",6,"Downeast_Petit_Manan_Island 2021 1 30",2021,7,1,44.3641,-67.8685,"Alaria esculenta","Random",1,0,NA,NA,NA
27,"farrell_rasher_2026","Gulf of Maine","Downeast_Petit_Manan_Island",6,"Downeast_Petit_Manan_Island 2021 1 30",2021,7,1,44.3641,-67.8685,"Laminaria digitata","Random",1,90,NA,NA,NA
28,"farrell_rasher_2026","Gulf of Maine","Downeast_Petit_Manan_Island",6,"Downeast_Petit_Manan_Island 2021 1 30",2021,7,1,44.3641,-67.8685,"Saccharina latissima","Random",1,0,NA,NA,NA
29,"farrell_rasher_2026","Gulf of Maine","Downeast_Petit_Manan_Island",6,"Downeast_Petit_Manan_Island 2021 1 40",2021,7,1,44.3641,-67.8685,"Agarum clathratum","Random",1,0,NA,NA,0
30,"farrell_rasher_2026","Gulf of Maine","Downeast_Petit_Manan_Island",6,"Downeast_Petit_Manan_Island 2021 1 40",2021,7,1,44.3641,-67.8685,"Alaria esculenta","Random",1,0,NA,NA,0
31,"farrell_rasher_2026","Gulf of Maine","Downeast_Petit_Manan_Island",6,"Downeast_Petit_Manan_Island 2021 1 40",2021,7,1,44.3641,-67.8685,"Laminaria digitata","Random",1,95,NA,NA,10.55
32,"farrell_rasher_2026","Gulf of Maine","Downeast_Petit_Manan_Island",6,"Downeast_Petit_Manan_Island 2021 1 40",2021,7,1,44.3641,-67.8685,"Saccharina latissima","Random",1,0,NA,NA,0
33,"farrell_rasher_2026","Gulf of Maine","MDI_Schoodic_Island",6,"MDI_Schoodic_Island 2021 1 15",2021,7,1,44.3254,-68.0304,"Agarum clathratum","Random",1,0,NA,NA,NA
34,"farrell_rasher_2026","Gulf of Maine","MDI_Schoodic_Island",6,"MDI_Schoodic_Island 2021 1 15",2021,7,1,44.3254,-68.0304,"Alaria esculenta","Random",1,60,NA,NA,NA
35,"farrell_rasher_2026","Gulf of Maine","MDI_Schoodic_Island",6,"MDI_Schoodic_Island 2021 1 15",2021,7,1,44.3254,-68.0304,"Laminaria digitata","Random",1,100,NA,NA,NA
36,"farrell_rasher_2026","Gulf of Maine","MDI_Schoodic_Island",6,"MDI_Schoodic_Island 2021 1 15",2021,7,1,44.3254,-68.0304,"Saccharina latissima","Random",1,0,NA,NA,NA
37,"farrell_rasher_2026","Gulf of Maine","MDI_Schoodic_Island",6,"MDI_Schoodic_Island 2021 1 25",2021,7,1,44.3254,-68.0304,"Agarum clathratum","Random",1,0,NA,NA,0
38,"farrell_rasher_2026","Gulf of Maine","MDI_Schoodic_Island",6,"MDI_Schoodic_Island 2021 1 25",2021,7,1,44.3254,-68.0304,"Alaria esculenta","Random",1,80,NA,NA,0.7324
39,"farrell_rasher_2026","Gulf of Maine","MDI_Schoodic_Island",6,"MDI_Schoodic_Island 2021 1 25",2021,7,1,44.3254,-68.0304,"Laminaria digitata","Random",1,100,NA,NA,9.55
40,"farrell_rasher_2026","Gulf of Maine","MDI_Schoodic_Island",6,"MDI_Schoodic_Island 2021 1 25",2021,7,1,44.3254,-68.0304,"Saccharina latissima","Random",1,0,NA,NA,0
41,"farrell_rasher_2026","Gulf of Maine","MDI_Schoodic_Island",6,"MDI_Schoodic_Island 2021 1 35",2021,7,1,44.3254,-68.0304,"Agarum clathratum","Random",1,0,NA,NA,NA
42,"farrell_rasher_2026","Gulf of Maine","MDI_Schoodic_Island",6,"MDI_Schoodic_Island 2021 1 35",2021,7,1,44.3254,-68.0304,"Alaria esculenta","Random",1,60,NA,NA,NA
43,"farrell_rasher_2026","Gulf of Maine","MDI_Schoodic_Island",6,"MDI_Schoodic_Island 2021 1 35",2021,7,1,44.3254,-68.0304,"Laminaria digitata","Random",1,100,NA,NA,NA
44,"farrell_rasher_2026","Gulf of Maine","MDI_Schoodic_Island",6,"MDI_Schoodic_Island 2021 1 35",2021,7,1,44.3254,-68.0304,"Saccharina latissima","Random",1,0,NA,NA,NA
45,"farrell_rasher_2026","Gulf of Maine","MDI_Schoodic_Island",6,"MDI_Schoodic_Island 2021 1 5",2021,7,1,44.3254,-68.0304,"Agarum clathratum","Random",1,0,NA,NA,0
46,"farrell_rasher_2026","Gulf of Maine","MDI_Schoodic_Island",6,"MDI_Schoodic_Island 2021 1 5",2021,7,1,44.3254,-68.0304,"Alaria esculenta","Random",1,10,NA,NA,0.2935
47,"farrell_rasher_2026","Gulf of Maine","MDI_Schoodic_Island",6,"MDI_Schoodic_Island 2021 1 5",2021,7,1,44.3254,-68.0304,"Laminaria digitata","Random",1,90,NA,NA,3.2239
48,"farrell_rasher_2026","Gulf of Maine","MDI_Schoodic_Island",6,"MDI_Schoodic_Island 2021 1 5",2021,7,1,44.3254,-68.0304,"Saccharina latissima","Random",1,0,NA,NA,0
49,"farrell_rasher_2026","Gulf of Maine","MDI_Schoodic_Island",6,"MDI_Schoodic_Island 2021 1 10",2021,7,1,44.3254,-68.0304,"Agarum clathratum","Random",1,0,NA,NA,NA
50,"farrell_rasher_2026","Gulf of Maine","MDI_Schoodic_Island",6,"MDI_Schoodic_Island 2021 1 10",2021,7,1,44.3254,-68.0304,"Alaria esculenta","Random",1,5,NA,NA,NA
51,"farrell_rasher_2026","Gulf of Maine","MDI_Schoodic_Island",6,"MDI_Schoodic_Island 2021 1 10",2021,7,1,44.3254,-68.0304,"Laminaria digitata","Random",1,60,NA,NA,NA
52,"farrell_rasher_2026","Gulf of Maine","MDI_Schoodic_Island",6,"MDI_Schoodic_Island 2021 1 10",2021,7,1,44.3254,-68.0304,"Saccharina latissima","Random",1,0,NA,NA,NA
53,"farrell_rasher_2026","Gulf of Maine","MDI_Schoodic_Island",6,"MDI_Schoodic_Island 2021 1 20",2021,7,1,44.3254,-68.0304,"Agarum clathratum","Random",1,0,NA,NA,0
54,"farrell_rasher_2026","Gulf of Maine","MDI_Schoodic_Island",6,"MDI_Schoodic_Island 2021 1 20",2021,7,1,44.3254,-68.0304,"Alaria esculenta","Random",1,40,NA,NA,1.32979
55,"farrell_rasher_2026","Gulf of Maine","MDI_Schoodic_Island",6,"MDI_Schoodic_Island 2021 1 20",2021,7,1,44.3254,-68.0304,"Laminaria digitata","Random",1,100,NA,NA,7.35
56,"farrell_rasher_2026","Gulf of Maine","MDI_Schoodic_Island",6,"MDI_Schoodic_Island 2021 1 20",2021,7,1,44.3254,-68.0304,"Saccharina latissima","Random",1,0,NA,NA,0
57,"farrell_rasher_2026","Gulf of Maine","MDI_Schoodic_Island",6,"MDI_Schoodic_Island 2021 1 30",2021,7,1,44.3254,-68.0304,"Agarum clathratum","Random",1,0,NA,NA,NA
58,"farrell_rasher_2026","Gulf of Maine","MDI_Schoodic_Island",6,"MDI_Schoodic_Island 2021 1 30",2021,7,1,44.3254,-68.0304,"Alaria esculenta","Random",1,30,NA,NA,NA
59,"farrell_rasher_2026","Gulf of Maine","MDI_Schoodic_Island",6,"MDI_Schoodic_Island 2021 1 30",2021,7,1,44.3254,-68.0304,"Laminaria digitata","Random",1,95,NA,NA,NA
60,"farrell_rasher_2026","Gulf of Maine","MDI_Schoodic_Island",6,"MDI_Schoodic_Island 2021 1 30",2021,7,1,44.3254,-68.0304,"Saccharina latissima","Random",1,0,NA,NA,NA
61,"farrell_rasher_2026","Gulf of Maine","MDI_Schoodic_Island",6,"MDI_Schoodic_Island 2021 1 40",2021,7,1,44.3254,-68.0304,"Agarum clathratum","Random",1,0,NA,NA,0
62,"farrell_rasher_2026","Gulf of Maine","MDI_Schoodic_Island",6,"MDI_Schoodic_Island 2021 1 40",2021,7,1,44.3254,-68.0304,"Alaria esculenta","Random",1,99,NA,NA,3.767
63,"farrell_rasher_2026","Gulf of Maine","MDI_Schoodic_Island",6,"MDI_Schoodic_Island 2021 1 40",2021,7,1,44.3254,-68.0304,"Laminaria digitata","Random",1,10,NA,NA,0.711
64,"farrell_rasher_2026","Gulf of Maine","MDI_Schoodic_Island",6,"MDI_Schoodic_Island 2021 1 40",2021,7,1,44.3254,-68.0304,"Saccharina latissima","Random",1,0,NA,NA,0
65,"farrell_rasher_2026","Gulf of Maine","Penobscot Bay_Hurricane_Island",6,"Penobscot Bay_Hurricane_Island 2021 13 15",2021,7,13,44.0304,-68.8893,"Agarum clathratum","Random",1,0,NA,NA,NA
66,"farrell_rasher_2026","Gulf of Maine","Penobscot Bay_Hurricane_Island",6,"Penobscot Bay_Hurricane_Island 2021 13 15",2021,7,13,44.0304,-68.8893,"Alaria esculenta","Random",1,0,NA,NA,NA
67,"farrell_rasher_2026","Gulf of Maine","Penobscot Bay_Hurricane_Island",6,"Penobscot Bay_Hurricane_Island 2021 13 15",2021,7,13,44.0304,-68.8893,"Laminaria digitata","Random",1,10,NA,NA,NA
68,"farrell_rasher_2026","Gulf of Maine","Penobscot Bay_Hurricane_Island",6,"Penobscot Bay_Hurricane_Island 2021 13 15",2021,7,13,44.0304,-68.8893,"Saccharina latissima","Random",1,10,NA,NA,NA
69,"farrell_rasher_2026","Gulf of Maine","Penobscot Bay_Hurricane_Island",6,"Penobscot Bay_Hurricane_Island 2021 13 25",2021,7,13,44.0304,-68.8893,"Agarum clathratum","Random",1,0,NA,NA,0
70,"farrell_rasher_2026","Gulf of Maine","Penobscot Bay_Hurricane_Island",6,"Penobscot Bay_Hurricane_Island 2021 13 25",2021,7,13,44.0304,-68.8893,"Alaria esculenta","Random",1,0,NA,NA,0
71,"farrell_rasher_2026","Gulf of Maine","Penobscot Bay_Hurricane_Island",6,"Penobscot Bay_Hurricane_Island 2021 13 25",2021,7,13,44.0304,-68.8893,"Laminaria digitata","Random",1,1,NA,NA,0.02646
72,"farrell_rasher_2026","Gulf of Maine","Penobscot Bay_Hurricane_Island",6,"Penobscot Bay_Hurricane_Island 2021 13 25",2021,7,13,44.0304,-68.8893,"Saccharina latissima","Random",1,10,NA,NA,0.19246
73,"farrell_rasher_2026","Gulf of Maine","Penobscot Bay_Hurricane_Island",6,"Penobscot Bay_Hurricane_Island 2021 13 35",2021,7,13,44.0304,-68.8893,"Agarum clathratum","Random",1,0,NA,NA,NA
74,"farrell_rasher_2026","Gulf of Maine","Penobscot Bay_Hurricane_Island",6,"Penobscot Bay_Hurricane_Island 2021 13 35",2021,7,13,44.0304,-68.8893,"Alaria esculenta","Random",1,0,NA,NA,NA
75,"farrell_rasher_2026","Gulf of Maine","Penobscot Bay_Hurricane_Island",6,"Penobscot Bay_Hurricane_Island 2021 13 35",2021,7,13,44.0304,-68.8893,"Laminaria digitata","Random",1,0,NA,NA,NA
76,"farrell_rasher_2026","Gulf of Maine","Penobscot Bay_Hurricane_Island",6,"Penobscot Bay_Hurricane_Island 2021 13 35",2021,7,13,44.0304,-68.8893,"Saccharina latissima","Random",1,1,NA,NA,NA
77,"farrell_rasher_2026","Gulf of Maine","Penobscot Bay_Hurricane_Island",6,"Penobscot Bay_Hurricane_Island 2021 13 5",2021,7,13,44.0304,-68.8893,"Agarum clathratum","Random",1,0,NA,NA,0
78,"farrell_rasher_2026","Gulf of Maine","Penobscot Bay_Hurricane_Island",6,"Penobscot Bay_Hurricane_Island 2021 13 5",2021,7,13,44.0304,-68.8893,"Alaria esculenta","Random",1,0,NA,NA,0
79,"farrell_rasher_2026","Gulf of Maine","Penobscot Bay_Hurricane_Island",6,"Penobscot Bay_Hurricane_Island 2021 13 5",2021,7,13,44.0304,-68.8893,"Laminaria digitata","Random",1,1,NA,NA,0
80,"farrell_rasher_2026","Gulf of Maine","Penobscot Bay_Hurricane_Island",6,"Penobscot Bay_Hurricane_Island 2021 13 5",2021,7,13,44.0304,-68.8893,"Saccharina latissima","Random",1,5,NA,NA,0.02585
81,"farrell_rasher_2026","Gulf of Maine","Penobscot Bay_Hurricane_Island",6,"Penobscot Bay_Hurricane_Island 2021 13 10",2021,7,13,44.0304,-68.8893,"Agarum clathratum","Random",1,0,NA,NA,NA
82,"farrell_rasher_2026","Gulf of Maine","Penobscot Bay_Hurricane_Island",6,"Penobscot Bay_Hurricane_Island 2021 13 10",2021,7,13,44.0304,-68.8893,"Alaria esculenta","Random",1,0,NA,NA,NA
83,"farrell_rasher_2026","Gulf of Maine","Penobscot Bay_Hurricane_Island",6,"Penobscot Bay_Hurricane_Island 2021 13 10",2021,7,13,44.0304,-68.8893,"Laminaria digitata","Random",1,10,NA,NA,NA
84,"farrell_rasher_2026","Gulf of Maine","Penobscot Bay_Hurricane_Island",6,"Penobscot Bay_Hurricane_Island 2021 13 10",2021,7,13,44.0304,-68.8893,"Saccharina latissima","Random",1,30,NA,NA,NA
85,"farrell_rasher_2026","Gulf of Maine","Penobscot Bay_Hurricane_Island",6,"Penobscot Bay_Hurricane_Island 2021 13 20",2021,7,13,44.0304,-68.8893,"Agarum clathratum","Random",1,0,NA,NA,0
86,"farrell_rasher_2026","Gulf of Maine","Penobscot Bay_Hurricane_Island",6,"Penobscot Bay_Hurricane_Island 2021 13 20",2021,7,13,44.0304,-68.8893,"Alaria esculenta","Random",1,0,NA,NA,0
87,"farrell_rasher_2026","Gulf of Maine","Penobscot Bay_Hurricane_Island",6,"Penobscot Bay_Hurricane_Island 2021 13 20",2021,7,13,44.0304,-68.8893,"Laminaria digitata","Random",1,0,NA,NA,0
88,"farrell_rasher_2026","Gulf of Maine","Penobscot Bay_Hurricane_Island",6,"Penobscot Bay_Hurricane_Island 2021 13 20",2021,7,13,44.0304,-68.8893,"Saccharina latissima","Random",1,20,NA,NA,0.02751
89,"farrell_rasher_2026","Gulf of Maine","Penobscot Bay_Hurricane_Island",6,"Penobscot Bay_Hurricane_Island 2021 13 30",2021,7,13,44.0304,-68.8893,"Agarum clathratum","Random",1,0,NA,NA,NA
90,"farrell_rasher_2026","Gulf of Maine","Penobscot Bay_Hurricane_Island",6,"Penobscot Bay_Hurricane_Island 2021 13 30",2021,7,13,44.0304,-68.8893,"Alaria esculenta","Random",1,0,NA,NA,NA
91,"farrell_rasher_2026","Gulf of Maine","Penobscot Bay_Hurricane_Island",6,"Penobscot Bay_Hurricane_Island 2021 13 30",2021,7,13,44.0304,-68.8893,"Laminaria digitata","Random",1,0,NA,NA,NA
92,"farrell_rasher_2026","Gulf of Maine","Penobscot Bay_Hurricane_Island",6,"Penobscot Bay_Hurricane_Island 2021 13 30",2021,7,13,44.0304,-68.8893,"Saccharina latissima","Random",1,0,NA,NA,NA
93,"farrell_rasher_2026","Gulf of Maine","Penobscot Bay_Hurricane_Island",6,"Penobscot Bay_Hurricane_Island 2021 13 40",2021,7,13,44.0304,-68.8893,"Agarum clathratum","Random",1,0,NA,NA,0
94,"farrell_rasher_2026","Gulf of Maine","Penobscot Bay_Hurricane_Island",6,"Penobscot Bay_Hurricane_Island 2021 13 40",2021,7,13,44.0304,-68.8893,"Alaria esculenta","Random",1,0,NA,NA,0
95,"farrell_rasher_2026","Gulf of Maine","Penobscot Bay_Hurricane_Island",6,"Penobscot Bay_Hurricane_Island 2021 13 40",2021,7,13,44.0304,-68.8893,"Laminaria digitata","Random",1,0,NA,NA,0
96,"farrell_rasher_2026","Gulf of Maine","Penobscot Bay_Hurricane_Island",6,"Penobscot Bay_Hurricane_Island 2021 13 40",2021,7,13,44.0304,-68.8893,"Saccharina latissima","Random",1,0,NA,NA,0
97,"farrell_rasher_2026","Gulf of Maine","Penobscot Bay_Andrews_Island",6,"Penobscot Bay_Andrews_Island 2021 14 15",2021,7,14,43.9959,-69.0515,"Agarum clathratum","Random",1,0,NA,NA,NA
98,"farrell_rasher_2026","Gulf of Maine","Penobscot Bay_Andrews_Island",6,"Penobscot Bay_Andrews_Island 2021 14 15",2021,7,14,43.9959,-69.0515,"Alaria esculenta","Random",1,0,NA,NA,NA
99,"farrell_rasher_2026","Gulf of Maine","Penobscot Bay_Andrews_Island",6,"Penobscot Bay_Andrews_Island 2021 14 15",2021,7,14,43.9959,-69.0515,"Laminaria digitata","Random",1,5,NA,NA,NA
100,"farrell_rasher_2026","Gulf of Maine","Penobscot Bay_Andrews_Island",6,"Penobscot Bay_Andrews_Island 2021 14 15",2021,7,14,43.9959,-69.0515,"Saccharina latissima","Random",1,0,NA,NA,NA
101,"farrell_rasher_2026","Gulf of Maine","Penobscot Bay_Andrews_Island",6,"Penobscot Bay_Andrews_Island 2021 14 25",2021,7,14,43.9959,-69.0515,"Agarum clathratum","Random",1,0,NA,NA,0
102,"farrell_rasher_2026","Gulf of Maine","Penobscot Bay_Andrews_Island",6,"Penobscot Bay_Andrews_Island 2021 14 25",2021,7,14,43.9959,-69.0515,"Alaria esculenta","Random",1,0,NA,NA,0
103,"farrell_rasher_2026","Gulf of Maine","Penobscot Bay_Andrews_Island",6,"Penobscot Bay_Andrews_Island 2021 14 25",2021,7,14,43.9959,-69.0515,"Laminaria digitata","Random",1,20,NA,NA,0.48868
104,"farrell_rasher_2026","Gulf of Maine","Penobscot Bay_Andrews_Island",6,"Penobscot Bay_Andrews_Island 2021 14 25",2021,7,14,43.9959,-69.0515,"Saccharina latissima","Random",1,0,NA,NA,0
105,"farrell_rasher_2026","Gulf of Maine","Penobscot Bay_Andrews_Island",6,"Penobscot Bay_Andrews_Island 2021 14 35",2021,7,14,43.9959,-69.0515,"Agarum clathratum","Random",1,0,NA,NA,NA
106,"farrell_rasher_2026","Gulf of Maine","Penobscot Bay_Andrews_Island",6,"Penobscot Bay_Andrews_Island 2021 14 35",2021,7,14,43.9959,-69.0515,"Alaria esculenta","Random",1,0,NA,NA,NA
107,"farrell_rasher_2026","Gulf of Maine","Penobscot Bay_Andrews_Island",6,"Penobscot Bay_Andrews_Island 2021 14 35",2021,7,14,43.9959,-69.0515,"Laminaria digitata","Random",1,0,NA,NA,NA
108,"farrell_rasher_2026","Gulf of Maine","Penobscot Bay_Andrews_Island",6,"Penobscot Bay_Andrews_Island 2021 14 35",2021,7,14,43.9959,-69.0515,"Saccharina latissima","Random",1,0,NA,NA,NA
109,"farrell_rasher_2026","Gulf of Maine","Penobscot Bay_Andrews_Island",6,"Penobscot Bay_Andrews_Island 2021 14 5",2021,7,14,43.9959,-69.0515,"Agarum clathratum","Random",1,0,NA,NA,0
110,"farrell_rasher_2026","Gulf of Maine","Penobscot Bay_Andrews_Island",6,"Penobscot Bay_Andrews_Island 2021 14 5",2021,7,14,43.9959,-69.0515,"Alaria esculenta","Random",1,0,NA,NA,0
111,"farrell_rasher_2026","Gulf of Maine","Penobscot Bay_Andrews_Island",6,"Penobscot Bay_Andrews_Island 2021 14 5",2021,7,14,43.9959,-69.0515,"Laminaria digitata","Random",1,10,NA,NA,0.21545
112,"farrell_rasher_2026","Gulf of Maine","Penobscot Bay_Andrews_Island",6,"Penobscot Bay_Andrews_Island 2021 14 5",2021,7,14,43.9959,-69.0515,"Saccharina latissima","Random",1,0,NA,NA,0
113,"farrell_rasher_2026","Gulf of Maine","Penobscot Bay_Andrews_Island",6,"Penobscot Bay_Andrews_Island 2021 14 10",2021,7,14,43.9959,-69.0515,"Agarum clathratum","Random",1,20,NA,NA,NA
114,"farrell_rasher_2026","Gulf of Maine","Penobscot Bay_Andrews_Island",6,"Penobscot Bay_Andrews_Island 2021 14 10",2021,7,14,43.9959,-69.0515,"Alaria esculenta","Random",1,0,NA,NA,NA
115,"farrell_rasher_2026","Gulf of Maine","Penobscot Bay_Andrews_Island",6,"Penobscot Bay_Andrews_Island 2021 14 10",2021,7,14,43.9959,-69.0515,"Laminaria digitata","Random",1,20,NA,NA,NA
116,"farrell_rasher_2026","Gulf of Maine","Penobscot Bay_Andrews_Island",6,"Penobscot Bay_Andrews_Island 2021 14 10",2021,7,14,43.9959,-69.0515,"Saccharina latissima","Random",1,0,NA,NA,NA
117,"farrell_rasher_2026","Gulf of Maine","Penobscot Bay_Andrews_Island",6,"Penobscot Bay_Andrews_Island 2021 14 20",2021,7,14,43.9959,-69.0515,"Agarum clathratum","Random",1,0,NA,NA,0
118,"farrell_rasher_2026","Gulf of Maine","Penobscot Bay_Andrews_Island",6,"Penobscot Bay_Andrews_Island 2021 14 20",2021,7,14,43.9959,-69.0515,"Alaria esculenta","Random",1,0,NA,NA,0
119,"farrell_rasher_2026","Gulf of Maine","Penobscot Bay_Andrews_Island",6,"Penobscot Bay_Andrews_Island 2021 14 20",2021,7,14,43.9959,-69.0515,"Laminaria digitata","Random",1,20,NA,NA,0.21719
120,"farrell_rasher_2026","Gulf of Maine","Penobscot Bay_Andrews_Island",6,"Penobscot Bay_Andrews_Island 2021 14 20",2021,7,14,43.9959,-69.0515,"Saccharina latissima","Random",1,0,NA,NA,0
121,"farrell_rasher_2026","Gulf of Maine","Penobscot Bay_Andrews_Island",6,"Penobscot Bay_Andrews_Island 2021 14 30",2021,7,14,43.9959,-69.0515,"Agarum clathratum","Random",1,0,NA,NA,NA
122,"farrell_rasher_2026","Gulf of Maine","Penobscot Bay_Andrews_Island",6,"Penobscot Bay_Andrews_Island 2021 14 30",2021,7,14,43.9959,-69.0515,"Alaria esculenta","Random",1,0,NA,NA,NA
123,"farrell_rasher_2026","Gulf of Maine","Penobscot Bay_Andrews_Island",6,"Penobscot Bay_Andrews_Island 2021 14 30",2021,7,14,43.9959,-69.0515,"Laminaria digitata","Random",1,5,NA,NA,NA
124,"farrell_rasher_2026","Gulf of Maine","Penobscot Bay_Andrews_Island",6,"Penobscot Bay_Andrews_Island 2021 14 30",2021,7,14,43.9959,-69.0515,"Saccharina latissima","Random",1,0,NA,NA,NA
125,"farrell_rasher_2026","Gulf of Maine","Penobscot Bay_Andrews_Island",6,"Penobscot Bay_Andrews_Island 2021 14 40",2021,7,14,43.9959,-69.0515,"Agarum clathratum","Random",1,0,NA,NA,0
126,"farrell_rasher_2026","Gulf of Maine","Penobscot Bay_Andrews_Island",6,"Penobscot Bay_Andrews_Island 2021 14 40",2021,7,14,43.9959,-69.0515,"Alaria esculenta","Random",1,0,NA,NA,0
127,"farrell_rasher_2026","Gulf of Maine","Penobscot Bay_Andrews_Island",6,"Penobscot Bay_Andrews_Island 2021 14 40",2021,7,14,43.9959,-69.0515,"Laminaria digitata","Random",1,0,NA,NA,0
128,"farrell_rasher_2026","Gulf of Maine","Penobscot Bay_Andrews_Island",6,"Penobscot Bay_Andrews_Island 2021 14 40",2021,7,14,43.9959,-69.0515,"Saccharina latissima","Random",1,0,NA,NA,0
129,"farrell_rasher_2026","Gulf of Maine","MDI_Little_Duck_Island",6,"MDI_Little_Duck_Island 2021 22 20",2021,7,22,44.1709,-68.242,"Agarum clathratum","Random",1,0,NA,NA,0
130,"farrell_rasher_2026","Gulf of Maine","MDI_Little_Duck_Island",6,"MDI_Little_Duck_Island 2021 22 20",2021,7,22,44.1709,-68.242,"Alaria esculenta","Random",1,10,NA,NA,0.26406
131,"farrell_rasher_2026","Gulf of Maine","MDI_Little_Duck_Island",6,"MDI_Little_Duck_Island 2021 22 20",2021,7,22,44.1709,-68.242,"Laminaria digitata","Random",1,90,NA,NA,3.26016
132,"farrell_rasher_2026","Gulf of Maine","MDI_Little_Duck_Island",6,"MDI_Little_Duck_Island 2021 22 20",2021,7,22,44.1709,-68.242,"Saccharina latissima","Random",1,0,NA,NA,0
133,"farrell_rasher_2026","Gulf of Maine","MDI_Little_Duck_Island",6,"MDI_Little_Duck_Island 2021 22 35",2021,7,22,44.1709,-68.242,"Agarum clathratum","Random",1,0,NA,NA,NA
134,"farrell_rasher_2026","Gulf of Maine","MDI_Little_Duck_Island",6,"MDI_Little_Duck_Island 2021 22 35",2021,7,22,44.1709,-68.242,"Alaria esculenta","Random",1,5,NA,NA,NA
135,"farrell_rasher_2026","Gulf of Maine","MDI_Little_Duck_Island",6,"MDI_Little_Duck_Island 2021 22 35",2021,7,22,44.1709,-68.242,"Laminaria digitata","Random",1,30,NA,NA,NA
136,"farrell_rasher_2026","Gulf of Maine","MDI_Little_Duck_Island",6,"MDI_Little_Duck_Island 2021 22 35",2021,7,22,44.1709,-68.242,"Saccharina latissima","Random",1,0,NA,NA,NA
137,"farrell_rasher_2026","Gulf of Maine","MDI_Little_Duck_Island",6,"MDI_Little_Duck_Island 2021 22 5",2021,7,22,44.1709,-68.242,"Agarum clathratum","Random",1,0,NA,NA,0
138,"farrell_rasher_2026","Gulf of Maine","MDI_Little_Duck_Island",6,"MDI_Little_Duck_Island 2021 22 5",2021,7,22,44.1709,-68.242,"Alaria esculenta","Random",1,5,NA,NA,0.06989
139,"farrell_rasher_2026","Gulf of Maine","MDI_Little_Duck_Island",6,"MDI_Little_Duck_Island 2021 22 5",2021,7,22,44.1709,-68.242,"Laminaria digitata","Random",1,60,NA,NA,1.21728
140,"farrell_rasher_2026","Gulf of Maine","MDI_Little_Duck_Island",6,"MDI_Little_Duck_Island 2021 22 5",2021,7,22,44.1709,-68.242,"Saccharina latissima","Random",1,0,NA,NA,0
141,"farrell_rasher_2026","Gulf of Maine","MDI_Little_Duck_Island",6,"MDI_Little_Duck_Island 2021 22 10",2021,7,22,44.1709,-68.242,"Agarum clathratum","Random",1,0,NA,NA,NA
142,"farrell_rasher_2026","Gulf of Maine","MDI_Little_Duck_Island",6,"MDI_Little_Duck_Island 2021 22 10",2021,7,22,44.1709,-68.242,"Alaria esculenta","Random",1,10,NA,NA,NA
143,"farrell_rasher_2026","Gulf of Maine","MDI_Little_Duck_Island",6,"MDI_Little_Duck_Island 2021 22 10",2021,7,22,44.1709,-68.242,"Laminaria digitata","Random",1,60,NA,NA,NA
144,"farrell_rasher_2026","Gulf of Maine","MDI_Little_Duck_Island",6,"MDI_Little_Duck_Island 2021 22 10",2021,7,22,44.1709,-68.242,"Saccharina latissima","Random",1,0,NA,NA,NA
145,"farrell_rasher_2026","Gulf of Maine","MDI_Little_Duck_Island",6,"MDI_Little_Duck_Island 2021 22 25",2021,7,22,44.1709,-68.242,"Agarum clathratum","Random",1,0,NA,NA,NA
146,"farrell_rasher_2026","Gulf of Maine","MDI_Little_Duck_Island",6,"MDI_Little_Duck_Island 2021 22 25",2021,7,22,44.1709,-68.242,"Alaria esculenta","Random",1,0,NA,NA,NA
147,"farrell_rasher_2026","Gulf of Maine","MDI_Little_Duck_Island",6,"MDI_Little_Duck_Island 2021 22 25",2021,7,22,44.1709,-68.242,"Laminaria digitata","Random",1,40,NA,NA,NA
148,"farrell_rasher_2026","Gulf of Maine","MDI_Little_Duck_Island",6,"MDI_Little_Duck_Island 2021 22 25",2021,7,22,44.1709,-68.242,"Saccharina latissima","Random",1,0,NA,NA,NA
149,"farrell_rasher_2026","Gulf of Maine","MDI_Little_Duck_Island",6,"MDI_Little_Duck_Island 2021 22 40",2021,7,22,44.1709,-68.242,"Agarum clathratum","Random",1,0,NA,NA,NA
150,"farrell_rasher_2026","Gulf of Maine","MDI_Little_Duck_Island",6,"MDI_Little_Duck_Island 2021 22 40",2021,7,22,44.1709,-68.242,"Alaria esculenta","Random",1,20,NA,NA,NA
151,"farrell_rasher_2026","Gulf of Maine","MDI_Little_Duck_Island",6,"MDI_Little_Duck_Island 2021 22 40",2021,7,22,44.1709,-68.242,"Laminaria digitata","Random",1,80,NA,NA,NA
152,"farrell_rasher_2026","Gulf of Maine","MDI_Little_Duck_Island",6,"MDI_Little_Duck_Island 2021 22 40",2021,7,22,44.1709,-68.242,"Saccharina latissima","Random",1,0,NA,NA,NA
153,"farrell_rasher_2026","Gulf of Maine","MDI_Little_Duck_Island",6,"MDI_Little_Duck_Island 2021 22 15",2021,7,22,44.1709,-68.242,"Agarum clathratum","Random",1,0,NA,NA,0
154,"farrell_rasher_2026","Gulf of Maine","MDI_Little_Duck_Island",6,"MDI_Little_Duck_Island 2021 22 15",2021,7,22,44.1709,-68.242,"Alaria esculenta","Random",1,0,NA,NA,0
155,"farrell_rasher_2026","Gulf of Maine","MDI_Little_Duck_Island",6,"MDI_Little_Duck_Island 2021 22 15",2021,7,22,44.1709,-68.242,"Laminaria digitata","Random",1,40,NA,NA,0.69135
156,"farrell_rasher_2026","Gulf of Maine","MDI_Little_Duck_Island",6,"MDI_Little_Duck_Island 2021 22 15",2021,7,22,44.1709,-68.242,"Saccharina latissima","Random",1,0,NA,NA,0
157,"farrell_rasher_2026","Gulf of Maine","MDI_Little_Duck_Island",6,"MDI_Little_Duck_Island 2021 22 30",2021,7,22,44.1709,-68.242,"Agarum clathratum","Random",1,0,NA,NA,0
158,"farrell_rasher_2026","Gulf of Maine","MDI_Little_Duck_Island",6,"MDI_Little_Duck_Island 2021 22 30",2021,7,22,44.1709,-68.242,"Alaria esculenta","Random",1,0,NA,NA,0
159,"farrell_rasher_2026","Gulf of Maine","MDI_Little_Duck_Island",6,"MDI_Little_Duck_Island 2021 22 30",2021,7,22,44.1709,-68.242,"Laminaria digitata","Random",1,80,NA,NA,2.8557
160,"farrell_rasher_2026","Gulf of Maine","MDI_Little_Duck_Island",6,"MDI_Little_Duck_Island 2021 22 30",2021,7,22,44.1709,-68.242,"Saccharina latissima","Random",1,0,NA,NA,0
161,"farrell_rasher_2026","Gulf of Maine","Midcoast_Pemaquid_Point",6,"Midcoast_Pemaquid_Point 2021 8 15",2021,7,8,43.8389,-69.5019,"Agarum clathratum","Random",1,0,NA,NA,NA
162,"farrell_rasher_2026","Gulf of Maine","Midcoast_Pemaquid_Point",6,"Midcoast_Pemaquid_Point 2021 8 15",2021,7,8,43.8389,-69.5019,"Alaria esculenta","Random",1,0,NA,NA,NA
163,"farrell_rasher_2026","Gulf of Maine","Midcoast_Pemaquid_Point",6,"Midcoast_Pemaquid_Point 2021 8 15",2021,7,8,43.8389,-69.5019,"Laminaria digitata","Random",1,0,NA,NA,NA
164,"farrell_rasher_2026","Gulf of Maine","Midcoast_Pemaquid_Point",6,"Midcoast_Pemaquid_Point 2021 8 15",2021,7,8,43.8389,-69.5019,"Saccharina latissima","Random",1,30,NA,NA,NA
165,"farrell_rasher_2026","Gulf of Maine","Midcoast_Pemaquid_Point",6,"Midcoast_Pemaquid_Point 2021 8 25",2021,7,8,43.8389,-69.5019,"Agarum clathratum","Random",1,1,NA,NA,0.00861
166,"farrell_rasher_2026","Gulf of Maine","Midcoast_Pemaquid_Point",6,"Midcoast_Pemaquid_Point 2021 8 25",2021,7,8,43.8389,-69.5019,"Alaria esculenta","Random",1,0,NA,NA,0
167,"farrell_rasher_2026","Gulf of Maine","Midcoast_Pemaquid_Point",6,"Midcoast_Pemaquid_Point 2021 8 25",2021,7,8,43.8389,-69.5019,"Laminaria digitata","Random",1,0,NA,NA,0
168,"farrell_rasher_2026","Gulf of Maine","Midcoast_Pemaquid_Point",6,"Midcoast_Pemaquid_Point 2021 8 25",2021,7,8,43.8389,-69.5019,"Saccharina latissima","Random",1,30,NA,NA,0.42065
169,"farrell_rasher_2026","Gulf of Maine","Midcoast_Pemaquid_Point",6,"Midcoast_Pemaquid_Point 2021 8 35",2021,7,8,43.8389,-69.5019,"Agarum clathratum","Random",1,0,NA,NA,NA
170,"farrell_rasher_2026","Gulf of Maine","Midcoast_Pemaquid_Point",6,"Midcoast_Pemaquid_Point 2021 8 35",2021,7,8,43.8389,-69.5019,"Alaria esculenta","Random",1,0,NA,NA,NA
171,"farrell_rasher_2026","Gulf of Maine","Midcoast_Pemaquid_Point",6,"Midcoast_Pemaquid_Point 2021 8 35",2021,7,8,43.8389,-69.5019,"Laminaria digitata","Random",1,0,NA,NA,NA
172,"farrell_rasher_2026","Gulf of Maine","Midcoast_Pemaquid_Point",6,"Midcoast_Pemaquid_Point 2021 8 35",2021,7,8,43.8389,-69.5019,"Saccharina latissima","Random",1,0,NA,NA,NA
173,"farrell_rasher_2026","Gulf of Maine","Midcoast_Pemaquid_Point",6,"Midcoast_Pemaquid_Point 2021 8 5",2021,7,8,43.8389,-69.5019,"Agarum clathratum","Random",1,0,NA,NA,0
174,"farrell_rasher_2026","Gulf of Maine","Midcoast_Pemaquid_Point",6,"Midcoast_Pemaquid_Point 2021 8 5",2021,7,8,43.8389,-69.5019,"Alaria esculenta","Random",1,0,NA,NA,0
175,"farrell_rasher_2026","Gulf of Maine","Midcoast_Pemaquid_Point",6,"Midcoast_Pemaquid_Point 2021 8 5",2021,7,8,43.8389,-69.5019,"Laminaria digitata","Random",1,0,NA,NA,0
176,"farrell_rasher_2026","Gulf of Maine","Midcoast_Pemaquid_Point",6,"Midcoast_Pemaquid_Point 2021 8 5",2021,7,8,43.8389,-69.5019,"Saccharina latissima","Random",1,1,NA,NA,0.02116
177,"farrell_rasher_2026","Gulf of Maine","Midcoast_Pemaquid_Point",6,"Midcoast_Pemaquid_Point 2021 8 10",2021,7,8,43.8389,-69.5019,"Agarum clathratum","Random",1,0,NA,NA,NA
178,"farrell_rasher_2026","Gulf of Maine","Midcoast_Pemaquid_Point",6,"Midcoast_Pemaquid_Point 2021 8 10",2021,7,8,43.8389,-69.5019,"Alaria esculenta","Random",1,0,NA,NA,NA
179,"farrell_rasher_2026","Gulf of Maine","Midcoast_Pemaquid_Point",6,"Midcoast_Pemaquid_Point 2021 8 10",2021,7,8,43.8389,-69.5019,"Laminaria digitata","Random",1,0,NA,NA,NA
180,"farrell_rasher_2026","Gulf of Maine","Midcoast_Pemaquid_Point",6,"Midcoast_Pemaquid_Point 2021 8 10",2021,7,8,43.8389,-69.5019,"Saccharina latissima","Random",1,5,NA,NA,NA
181,"farrell_rasher_2026","Gulf of Maine","Midcoast_Pemaquid_Point",6,"Midcoast_Pemaquid_Point 2021 8 20",2021,7,8,43.8389,-69.5019,"Agarum clathratum","Random",1,0,NA,NA,0
182,"farrell_rasher_2026","Gulf of Maine","Midcoast_Pemaquid_Point",6,"Midcoast_Pemaquid_Point 2021 8 20",2021,7,8,43.8389,-69.5019,"Alaria esculenta","Random",1,0,NA,NA,0
183,"farrell_rasher_2026","Gulf of Maine","Midcoast_Pemaquid_Point",6,"Midcoast_Pemaquid_Point 2021 8 20",2021,7,8,43.8389,-69.5019,"Laminaria digitata","Random",1,5,NA,NA,0
184,"farrell_rasher_2026","Gulf of Maine","Midcoast_Pemaquid_Point",6,"Midcoast_Pemaquid_Point 2021 8 20",2021,7,8,43.8389,-69.5019,"Saccharina latissima","Random",1,5,NA,NA,0.02848
185,"farrell_rasher_2026","Gulf of Maine","Midcoast_Pemaquid_Point",6,"Midcoast_Pemaquid_Point 2021 8 30",2021,7,8,43.8389,-69.5019,"Agarum clathratum","Random",1,0,NA,NA,NA
186,"farrell_rasher_2026","Gulf of Maine","Midcoast_Pemaquid_Point",6,"Midcoast_Pemaquid_Point 2021 8 30",2021,7,8,43.8389,-69.5019,"Alaria esculenta","Random",1,0,NA,NA,NA
187,"farrell_rasher_2026","Gulf of Maine","Midcoast_Pemaquid_Point",6,"Midcoast_Pemaquid_Point 2021 8 30",2021,7,8,43.8389,-69.5019,"Laminaria digitata","Random",1,0,NA,NA,NA
188,"farrell_rasher_2026","Gulf of Maine","Midcoast_Pemaquid_Point",6,"Midcoast_Pemaquid_Point 2021 8 30",2021,7,8,43.8389,-69.5019,"Saccharina latissima","Random",1,0,NA,NA,NA
189,"farrell_rasher_2026","Gulf of Maine","Midcoast_Pemaquid_Point",6,"Midcoast_Pemaquid_Point 2021 8 40",2021,7,8,43.8389,-69.5019,"Agarum clathratum","Random",1,0,NA,NA,0
190,"farrell_rasher_2026","Gulf of Maine","Midcoast_Pemaquid_Point",6,"Midcoast_Pemaquid_Point 2021 8 40",2021,7,8,43.8389,-69.5019,"Alaria esculenta","Random",1,0,NA,NA,0
191,"farrell_rasher_2026","Gulf of Maine","Midcoast_Pemaquid_Point",6,"Midcoast_Pemaquid_Point 2021 8 40",2021,7,8,43.8389,-69.5019,"Laminaria digitata","Random",1,0,NA,NA,0
192,"farrell_rasher_2026","Gulf of Maine","Midcoast_Pemaquid_Point",6,"Midcoast_Pemaquid_Point 2021 8 40",2021,7,8,43.8389,-69.5019,"Saccharina latissima","Random",1,5,NA,NA,0.01845
193,"farrell_rasher_2026","Gulf of Maine","Downeast_Ram_Island",6,"Downeast_Ram_Island 2021 16 15",2021,8,16,44.5739,-67.3962,"Agarum clathratum","Random",1,1,NA,NA,NA
194,"farrell_rasher_2026","Gulf of Maine","Downeast_Ram_Island",6,"Downeast_Ram_Island 2021 16 15",2021,8,16,44.5739,-67.3962,"Alaria esculenta","Random",1,0,NA,NA,NA
195,"farrell_rasher_2026","Gulf of Maine","Downeast_Ram_Island",6,"Downeast_Ram_Island 2021 16 15",2021,8,16,44.5739,-67.3962,"Laminaria digitata","Random",1,50,NA,NA,NA
196,"farrell_rasher_2026","Gulf of Maine","Downeast_Ram_Island",6,"Downeast_Ram_Island 2021 16 15",2021,8,16,44.5739,-67.3962,"Saccharina latissima","Random",1,0,NA,NA,NA
197,"farrell_rasher_2026","Gulf of Maine","Downeast_Ram_Island",6,"Downeast_Ram_Island 2021 16 25",2021,8,16,44.5739,-67.3962,"Agarum clathratum","Random",1,0,NA,NA,0
198,"farrell_rasher_2026","Gulf of Maine","Downeast_Ram_Island",6,"Downeast_Ram_Island 2021 16 25",2021,8,16,44.5739,-67.3962,"Alaria esculenta","Random",1,0,NA,NA,0
199,"farrell_rasher_2026","Gulf of Maine","Downeast_Ram_Island",6,"Downeast_Ram_Island 2021 16 25",2021,8,16,44.5739,-67.3962,"Laminaria digitata","Random",1,60,NA,NA,4.27632
200,"farrell_rasher_2026","Gulf of Maine","Downeast_Ram_Island",6,"Downeast_Ram_Island 2021 16 25",2021,8,16,44.5739,-67.3962,"Saccharina latissima","Random",1,0,NA,NA,0
201,"farrell_rasher_2026","Gulf of Maine","Downeast_Ram_Island",6,"Downeast_Ram_Island 2021 16 35",2021,8,16,44.5739,-67.3962,"Agarum clathratum","Random",1,1,NA,NA,NA
202,"farrell_rasher_2026","Gulf of Maine","Downeast_Ram_Island",6,"Downeast_Ram_Island 2021 16 35",2021,8,16,44.5739,-67.3962,"Alaria esculenta","Random",1,0,NA,NA,NA
203,"farrell_rasher_2026","Gulf of Maine","Downeast_Ram_Island",6,"Downeast_Ram_Island 2021 16 35",2021,8,16,44.5739,-67.3962,"Laminaria digitata","Random",1,90,NA,NA,NA
204,"farrell_rasher_2026","Gulf of Maine","Downeast_Ram_Island",6,"Downeast_Ram_Island 2021 16 35",2021,8,16,44.5739,-67.3962,"Saccharina latissima","Random",1,0,NA,NA,NA
205,"farrell_rasher_2026","Gulf of Maine","Downeast_Ram_Island",6,"Downeast_Ram_Island 2021 16 5",2021,8,16,44.5739,-67.3962,"Agarum clathratum","Random",1,5,NA,NA,0.04468
206,"farrell_rasher_2026","Gulf of Maine","Downeast_Ram_Island",6,"Downeast_Ram_Island 2021 16 5",2021,8,16,44.5739,-67.3962,"Alaria esculenta","Random",1,0,NA,NA,0
207,"farrell_rasher_2026","Gulf of Maine","Downeast_Ram_Island",6,"Downeast_Ram_Island 2021 16 5",2021,8,16,44.5739,-67.3962,"Laminaria digitata","Random",1,40,NA,NA,0.36925
208,"farrell_rasher_2026","Gulf of Maine","Downeast_Ram_Island",6,"Downeast_Ram_Island 2021 16 5",2021,8,16,44.5739,-67.3962,"Saccharina latissima","Random",1,1,NA,NA,0
209,"farrell_rasher_2026","Gulf of Maine","Downeast_Ram_Island",6,"Downeast_Ram_Island 2021 16 10",2021,8,16,44.5739,-67.3962,"Agarum clathratum","Random",1,5,NA,NA,NA
210,"farrell_rasher_2026","Gulf of Maine","Downeast_Ram_Island",6,"Downeast_Ram_Island 2021 16 10",2021,8,16,44.5739,-67.3962,"Alaria esculenta","Random",1,0,NA,NA,NA
211,"farrell_rasher_2026","Gulf of Maine","Downeast_Ram_Island",6,"Downeast_Ram_Island 2021 16 10",2021,8,16,44.5739,-67.3962,"Laminaria digitata","Random",1,60,NA,NA,NA
212,"farrell_rasher_2026","Gulf of Maine","Downeast_Ram_Island",6,"Downeast_Ram_Island 2021 16 10",2021,8,16,44.5739,-67.3962,"Saccharina latissima","Random",1,0,NA,NA,NA
213,"farrell_rasher_2026","Gulf of Maine","Downeast_Ram_Island",6,"Downeast_Ram_Island 2021 16 20",2021,8,16,44.5739,-67.3962,"Agarum clathratum","Random",1,5,NA,NA,0.0207
214,"farrell_rasher_2026","Gulf of Maine","Downeast_Ram_Island",6,"Downeast_Ram_Island 2021 16 20",2021,8,16,44.5739,-67.3962,"Alaria esculenta","Random",1,0,NA,NA,0
215,"farrell_rasher_2026","Gulf of Maine","Downeast_Ram_Island",6,"Downeast_Ram_Island 2021 16 20",2021,8,16,44.5739,-67.3962,"Laminaria digitata","Random",1,0,NA,NA,0
216,"farrell_rasher_2026","Gulf of Maine","Downeast_Ram_Island",6,"Downeast_Ram_Island 2021 16 20",2021,8,16,44.5739,-67.3962,"Saccharina latissima","Random",1,0,NA,NA,0
217,"farrell_rasher_2026","Gulf of Maine","Downeast_Ram_Island",6,"Downeast_Ram_Island 2021 16 30",2021,8,16,44.5739,-67.3962,"Agarum clathratum","Random",1,0,NA,NA,NA
218,"farrell_rasher_2026","Gulf of Maine","Downeast_Ram_Island",6,"Downeast_Ram_Island 2021 16 30",2021,8,16,44.5739,-67.3962,"Alaria esculenta","Random",1,0,NA,NA,NA
219,"farrell_rasher_2026","Gulf of Maine","Downeast_Ram_Island",6,"Downeast_Ram_Island 2021 16 30",2021,8,16,44.5739,-67.3962,"Laminaria digitata","Random",1,60,NA,NA,NA
220,"farrell_rasher_2026","Gulf of Maine","Downeast_Ram_Island",6,"Downeast_Ram_Island 2021 16 30",2021,8,16,44.5739,-67.3962,"Saccharina latissima","Random",1,0,NA,NA,NA
221,"farrell_rasher_2026","Gulf of Maine","Downeast_Ram_Island",6,"Downeast_Ram_Island 2021 16 40",2021,8,16,44.5739,-67.3962,"Agarum clathratum","Random",1,0,NA,NA,0
222,"farrell_rasher_2026","Gulf of Maine","Downeast_Ram_Island",6,"Downeast_Ram_Island 2021 16 40",2021,8,16,44.5739,-67.3962,"Alaria esculenta","Random",1,0,NA,NA,0
223,"farrell_rasher_2026","Gulf of Maine","Downeast_Ram_Island",6,"Downeast_Ram_Island 2021 16 40",2021,8,16,44.5739,-67.3962,"Laminaria digitata","Random",1,100,NA,NA,11.6
224,"farrell_rasher_2026","Gulf of Maine","Downeast_Ram_Island",6,"Downeast_Ram_Island 2021 16 40",2021,8,16,44.5739,-67.3962,"Saccharina latissima","Random",1,0,NA,NA,0
225,"farrell_rasher_2026","Gulf of Maine","Downeast_Little_Drisko_Island",6,"Downeast_Little_Drisko_Island 2021 17 15",2021,8,17,44.4823,-67.6669,"Agarum clathratum","Random",1,1,NA,NA,NA
226,"farrell_rasher_2026","Gulf of Maine","Downeast_Little_Drisko_Island",6,"Downeast_Little_Drisko_Island 2021 17 15",2021,8,17,44.4823,-67.6669,"Alaria esculenta","Random",1,0,NA,NA,NA
227,"farrell_rasher_2026","Gulf of Maine","Downeast_Little_Drisko_Island",6,"Downeast_Little_Drisko_Island 2021 17 15",2021,8,17,44.4823,-67.6669,"Laminaria digitata","Random",1,60,NA,NA,NA
228,"farrell_rasher_2026","Gulf of Maine","Downeast_Little_Drisko_Island",6,"Downeast_Little_Drisko_Island 2021 17 15",2021,8,17,44.4823,-67.6669,"Saccharina latissima","Random",1,20,NA,NA,NA
229,"farrell_rasher_2026","Gulf of Maine","Downeast_Little_Drisko_Island",6,"Downeast_Little_Drisko_Island 2021 17 25",2021,8,17,44.4823,-67.6669,"Agarum clathratum","Random",1,0,NA,NA,0
230,"farrell_rasher_2026","Gulf of Maine","Downeast_Little_Drisko_Island",6,"Downeast_Little_Drisko_Island 2021 17 25",2021,8,17,44.4823,-67.6669,"Alaria esculenta","Random",1,0,NA,NA,0
231,"farrell_rasher_2026","Gulf of Maine","Downeast_Little_Drisko_Island",6,"Downeast_Little_Drisko_Island 2021 17 25",2021,8,17,44.4823,-67.6669,"Laminaria digitata","Random",1,90,NA,NA,10.4
232,"farrell_rasher_2026","Gulf of Maine","Downeast_Little_Drisko_Island",6,"Downeast_Little_Drisko_Island 2021 17 25",2021,8,17,44.4823,-67.6669,"Saccharina latissima","Random",1,0,NA,NA,0
233,"farrell_rasher_2026","Gulf of Maine","Downeast_Little_Drisko_Island",6,"Downeast_Little_Drisko_Island 2021 17 35",2021,8,17,44.4823,-67.6669,"Agarum clathratum","Random",1,0,NA,NA,NA
234,"farrell_rasher_2026","Gulf of Maine","Downeast_Little_Drisko_Island",6,"Downeast_Little_Drisko_Island 2021 17 35",2021,8,17,44.4823,-67.6669,"Alaria esculenta","Random",1,0,NA,NA,NA
235,"farrell_rasher_2026","Gulf of Maine","Downeast_Little_Drisko_Island",6,"Downeast_Little_Drisko_Island 2021 17 35",2021,8,17,44.4823,-67.6669,"Laminaria digitata","Random",1,80,NA,NA,NA
236,"farrell_rasher_2026","Gulf of Maine","Downeast_Little_Drisko_Island",6,"Downeast_Little_Drisko_Island 2021 17 35",2021,8,17,44.4823,-67.6669,"Saccharina latissima","Random",1,0,NA,NA,NA
237,"farrell_rasher_2026","Gulf of Maine","Downeast_Little_Drisko_Island",6,"Downeast_Little_Drisko_Island 2021 17 5",2021,8,17,44.4823,-67.6669,"Agarum clathratum","Random",1,5,NA,NA,0.02664
238,"farrell_rasher_2026","Gulf of Maine","Downeast_Little_Drisko_Island",6,"Downeast_Little_Drisko_Island 2021 17 5",2021,8,17,44.4823,-67.6669,"Alaria esculenta","Random",1,0,NA,NA,0
239,"farrell_rasher_2026","Gulf of Maine","Downeast_Little_Drisko_Island",6,"Downeast_Little_Drisko_Island 2021 17 5",2021,8,17,44.4823,-67.6669,"Laminaria digitata","Random",1,10,NA,NA,0.08215
240,"farrell_rasher_2026","Gulf of Maine","Downeast_Little_Drisko_Island",6,"Downeast_Little_Drisko_Island 2021 17 5",2021,8,17,44.4823,-67.6669,"Saccharina latissima","Random",1,30,NA,NA,0.11875
241,"farrell_rasher_2026","Gulf of Maine","Downeast_Little_Drisko_Island",6,"Downeast_Little_Drisko_Island 2021 17 10",2021,8,17,44.4823,-67.6669,"Agarum clathratum","Random",1,5,NA,NA,NA
242,"farrell_rasher_2026","Gulf of Maine","Downeast_Little_Drisko_Island",6,"Downeast_Little_Drisko_Island 2021 17 10",2021,8,17,44.4823,-67.6669,"Alaria esculenta","Random",1,5,NA,NA,NA
243,"farrell_rasher_2026","Gulf of Maine","Downeast_Little_Drisko_Island",6,"Downeast_Little_Drisko_Island 2021 17 10",2021,8,17,44.4823,-67.6669,"Laminaria digitata","Random",1,20,NA,NA,NA
244,"farrell_rasher_2026","Gulf of Maine","Downeast_Little_Drisko_Island",6,"Downeast_Little_Drisko_Island 2021 17 10",2021,8,17,44.4823,-67.6669,"Saccharina latissima","Random",1,10,NA,NA,NA
245,"farrell_rasher_2026","Gulf of Maine","Downeast_Little_Drisko_Island",6,"Downeast_Little_Drisko_Island 2021 17 20",2021,8,17,44.4823,-67.6669,"Agarum clathratum","Random",1,0,NA,NA,0
246,"farrell_rasher_2026","Gulf of Maine","Downeast_Little_Drisko_Island",6,"Downeast_Little_Drisko_Island 2021 17 20",2021,8,17,44.4823,-67.6669,"Alaria esculenta","Random",1,0,NA,NA,0
247,"farrell_rasher_2026","Gulf of Maine","Downeast_Little_Drisko_Island",6,"Downeast_Little_Drisko_Island 2021 17 20",2021,8,17,44.4823,-67.6669,"Laminaria digitata","Random",1,70,NA,NA,3.6
248,"farrell_rasher_2026","Gulf of Maine","Downeast_Little_Drisko_Island",6,"Downeast_Little_Drisko_Island 2021 17 20",2021,8,17,44.4823,-67.6669,"Saccharina latissima","Random",1,10,NA,NA,0.50445
249,"farrell_rasher_2026","Gulf of Maine","Downeast_Little_Drisko_Island",6,"Downeast_Little_Drisko_Island 2021 17 30",2021,8,17,44.4823,-67.6669,"Agarum clathratum","Random",1,0,NA,NA,NA
250,"farrell_rasher_2026","Gulf of Maine","Downeast_Little_Drisko_Island",6,"Downeast_Little_Drisko_Island 2021 17 30",2021,8,17,44.4823,-67.6669,"Alaria esculenta","Random",1,0,NA,NA,NA
251,"farrell_rasher_2026","Gulf of Maine","Downeast_Little_Drisko_Island",6,"Downeast_Little_Drisko_Island 2021 17 30",2021,8,17,44.4823,-67.6669,"Laminaria digitata","Random",1,80,NA,NA,NA
252,"farrell_rasher_2026","Gulf of Maine","Downeast_Little_Drisko_Island",6,"Downeast_Little_Drisko_Island 2021 17 30",2021,8,17,44.4823,-67.6669,"Saccharina latissima","Random",1,0,NA,NA,NA
253,"farrell_rasher_2026","Gulf of Maine","Downeast_Little_Drisko_Island",6,"Downeast_Little_Drisko_Island 2021 17 40",2021,8,17,44.4823,-67.6669,"Agarum clathratum","Random",1,5,NA,NA,0.00259
254,"farrell_rasher_2026","Gulf of Maine","Downeast_Little_Drisko_Island",6,"Downeast_Little_Drisko_Island 2021 17 40",2021,8,17,44.4823,-67.6669,"Alaria esculenta","Random",1,0,NA,NA,0
255,"farrell_rasher_2026","Gulf of Maine","Downeast_Little_Drisko_Island",6,"Downeast_Little_Drisko_Island 2021 17 40",2021,8,17,44.4823,-67.6669,"Laminaria digitata","Random",1,20,NA,NA,0
256,"farrell_rasher_2026","Gulf of Maine","Downeast_Little_Drisko_Island",6,"Downeast_Little_Drisko_Island 2021 17 40",2021,8,17,44.4823,-67.6669,"Saccharina latissima","Random",1,20,NA,NA,0.29635
257,"farrell_rasher_2026","Gulf of Maine","Midcoast_Allen_Island",6,"Midcoast_Allen_Island 2021 19 15",2021,8,19,43.8614,-69.3237,"Agarum clathratum","Random",1,0,NA,NA,NA
258,"farrell_rasher_2026","Gulf of Maine","Midcoast_Allen_Island",6,"Midcoast_Allen_Island 2021 19 15",2021,8,19,43.8614,-69.3237,"Alaria esculenta","Random",1,0,NA,NA,NA
259,"farrell_rasher_2026","Gulf of Maine","Midcoast_Allen_Island",6,"Midcoast_Allen_Island 2021 19 15",2021,8,19,43.8614,-69.3237,"Laminaria digitata","Random",1,0,NA,NA,NA
260,"farrell_rasher_2026","Gulf of Maine","Midcoast_Allen_Island",6,"Midcoast_Allen_Island 2021 19 15",2021,8,19,43.8614,-69.3237,"Saccharina latissima","Random",1,40,NA,NA,NA
261,"farrell_rasher_2026","Gulf of Maine","Midcoast_Allen_Island",6,"Midcoast_Allen_Island 2021 19 25",2021,8,19,43.8614,-69.3237,"Agarum clathratum","Random",1,0,NA,NA,0
262,"farrell_rasher_2026","Gulf of Maine","Midcoast_Allen_Island",6,"Midcoast_Allen_Island 2021 19 25",2021,8,19,43.8614,-69.3237,"Alaria esculenta","Random",1,0,NA,NA,0
263,"farrell_rasher_2026","Gulf of Maine","Midcoast_Allen_Island",6,"Midcoast_Allen_Island 2021 19 25",2021,8,19,43.8614,-69.3237,"Laminaria digitata","Random",1,40,NA,NA,1.45279
264,"farrell_rasher_2026","Gulf of Maine","Midcoast_Allen_Island",6,"Midcoast_Allen_Island 2021 19 25",2021,8,19,43.8614,-69.3237,"Saccharina latissima","Random",1,40,NA,NA,1.4257
265,"farrell_rasher_2026","Gulf of Maine","Midcoast_Allen_Island",6,"Midcoast_Allen_Island 2021 19 35",2021,8,19,43.8614,-69.3237,"Agarum clathratum","Random",1,0,NA,NA,NA
266,"farrell_rasher_2026","Gulf of Maine","Midcoast_Allen_Island",6,"Midcoast_Allen_Island 2021 19 35",2021,8,19,43.8614,-69.3237,"Alaria esculenta","Random",1,0,NA,NA,NA
267,"farrell_rasher_2026","Gulf of Maine","Midcoast_Allen_Island",6,"Midcoast_Allen_Island 2021 19 35",2021,8,19,43.8614,-69.3237,"Laminaria digitata","Random",1,1,NA,NA,NA
268,"farrell_rasher_2026","Gulf of Maine","Midcoast_Allen_Island",6,"Midcoast_Allen_Island 2021 19 35",2021,8,19,43.8614,-69.3237,"Saccharina latissima","Random",1,5,NA,NA,NA
269,"farrell_rasher_2026","Gulf of Maine","Midcoast_Allen_Island",6,"Midcoast_Allen_Island 2021 19 5",2021,8,19,43.8614,-69.3237,"Agarum clathratum","Random",1,0,NA,NA,0
270,"farrell_rasher_2026","Gulf of Maine","Midcoast_Allen_Island",6,"Midcoast_Allen_Island 2021 19 5",2021,8,19,43.8614,-69.3237,"Alaria esculenta","Random",1,0,NA,NA,0
271,"farrell_rasher_2026","Gulf of Maine","Midcoast_Allen_Island",6,"Midcoast_Allen_Island 2021 19 5",2021,8,19,43.8614,-69.3237,"Laminaria digitata","Random",1,0,NA,NA,0
272,"farrell_rasher_2026","Gulf of Maine","Midcoast_Allen_Island",6,"Midcoast_Allen_Island 2021 19 5",2021,8,19,43.8614,-69.3237,"Saccharina latissima","Random",1,20,NA,NA,0.50336
273,"farrell_rasher_2026","Gulf of Maine","Midcoast_Allen_Island",6,"Midcoast_Allen_Island 2021 19 10",2021,8,19,43.8614,-69.3237,"Agarum clathratum","Random",1,5,NA,NA,NA
274,"farrell_rasher_2026","Gulf of Maine","Midcoast_Allen_Island",6,"Midcoast_Allen_Island 2021 19 10",2021,8,19,43.8614,-69.3237,"Alaria esculenta","Random",1,0,NA,NA,NA
275,"farrell_rasher_2026","Gulf of Maine","Midcoast_Allen_Island",6,"Midcoast_Allen_Island 2021 19 10",2021,8,19,43.8614,-69.3237,"Laminaria digitata","Random",1,10,NA,NA,NA
276,"farrell_rasher_2026","Gulf of Maine","Midcoast_Allen_Island",6,"Midcoast_Allen_Island 2021 19 10",2021,8,19,43.8614,-69.3237,"Saccharina latissima","Random",1,60,NA,NA,NA
277,"farrell_rasher_2026","Gulf of Maine","Midcoast_Allen_Island",6,"Midcoast_Allen_Island 2021 19 20",2021,8,19,43.8614,-69.3237,"Agarum clathratum","Random",1,0,NA,NA,0
278,"farrell_rasher_2026","Gulf of Maine","Midcoast_Allen_Island",6,"Midcoast_Allen_Island 2021 19 20",2021,8,19,43.8614,-69.3237,"Alaria esculenta","Random",1,0,NA,NA,0
279,"farrell_rasher_2026","Gulf of Maine","Midcoast_Allen_Island",6,"Midcoast_Allen_Island 2021 19 20",2021,8,19,43.8614,-69.3237,"Laminaria digitata","Random",1,1,NA,NA,0.2168
280,"farrell_rasher_2026","Gulf of Maine","Midcoast_Allen_Island",6,"Midcoast_Allen_Island 2021 19 20",2021,8,19,43.8614,-69.3237,"Saccharina latissima","Random",1,10,NA,NA,0.3372
281,"farrell_rasher_2026","Gulf of Maine","Midcoast_Allen_Island",6,"Midcoast_Allen_Island 2021 19 30",2021,8,19,43.8614,-69.3237,"Agarum clathratum","Random",1,1,NA,NA,NA
282,"farrell_rasher_2026","Gulf of Maine","Midcoast_Allen_Island",6,"Midcoast_Allen_Island 2021 19 30",2021,8,19,43.8614,-69.3237,"Alaria esculenta","Random",1,0,NA,NA,NA
283,"farrell_rasher_2026","Gulf of Maine","Midcoast_Allen_Island",6,"Midcoast_Allen_Island 2021 19 30",2021,8,19,43.8614,-69.3237,"Laminaria digitata","Random",1,0,NA,NA,NA
284,"farrell_rasher_2026","Gulf of Maine","Midcoast_Allen_Island",6,"Midcoast_Allen_Island 2021 19 30",2021,8,19,43.8614,-69.3237,"Saccharina latissima","Random",1,60,NA,NA,NA
285,"farrell_rasher_2026","Gulf of Maine","Midcoast_Allen_Island",6,"Midcoast_Allen_Island 2021 19 40",2021,8,19,43.8614,-69.3237,"Agarum clathratum","Random",1,1,NA,NA,0.02091
286,"farrell_rasher_2026","Gulf of Maine","Midcoast_Allen_Island",6,"Midcoast_Allen_Island 2021 19 40",2021,8,19,43.8614,-69.3237,"Alaria esculenta","Random",1,0,NA,NA,0
287,"farrell_rasher_2026","Gulf of Maine","Midcoast_Allen_Island",6,"Midcoast_Allen_Island 2021 19 40",2021,8,19,43.8614,-69.3237,"Laminaria digitata","Random",1,0,NA,NA,0
288,"farrell_rasher_2026","Gulf of Maine","Midcoast_Allen_Island",6,"Midcoast_Allen_Island 2021 19 40",2021,8,19,43.8614,-69.3237,"Saccharina latissima","Random",1,70,NA,NA,1.06014
289,"farrell_rasher_2026","Gulf of Maine","Casco Bay_Cape_Elizabeth",6,"Casco Bay_Cape_Elizabeth 2021 25 15",2021,8,25,43.5632,-70.1968,"Agarum clathratum","Random",1,0,NA,NA,NA
290,"farrell_rasher_2026","Gulf of Maine","Casco Bay_Cape_Elizabeth",6,"Casco Bay_Cape_Elizabeth 2021 25 15",2021,8,25,43.5632,-70.1968,"Alaria esculenta","Random",1,0,NA,NA,NA
291,"farrell_rasher_2026","Gulf of Maine","Casco Bay_Cape_Elizabeth",6,"Casco Bay_Cape_Elizabeth 2021 25 15",2021,8,25,43.5632,-70.1968,"Laminaria digitata","Random",1,0,NA,NA,NA
292,"farrell_rasher_2026","Gulf of Maine","Casco Bay_Cape_Elizabeth",6,"Casco Bay_Cape_Elizabeth 2021 25 15",2021,8,25,43.5632,-70.1968,"Saccharina latissima","Random",1,0,NA,NA,NA
293,"farrell_rasher_2026","Gulf of Maine","Casco Bay_Cape_Elizabeth",6,"Casco Bay_Cape_Elizabeth 2021 25 25",2021,8,25,43.5632,-70.1968,"Agarum clathratum","Random",1,0,NA,NA,0
294,"farrell_rasher_2026","Gulf of Maine","Casco Bay_Cape_Elizabeth",6,"Casco Bay_Cape_Elizabeth 2021 25 25",2021,8,25,43.5632,-70.1968,"Alaria esculenta","Random",1,0,NA,NA,0
295,"farrell_rasher_2026","Gulf of Maine","Casco Bay_Cape_Elizabeth",6,"Casco Bay_Cape_Elizabeth 2021 25 25",2021,8,25,43.5632,-70.1968,"Laminaria digitata","Random",1,0,NA,NA,0
296,"farrell_rasher_2026","Gulf of Maine","Casco Bay_Cape_Elizabeth",6,"Casco Bay_Cape_Elizabeth 2021 25 25",2021,8,25,43.5632,-70.1968,"Saccharina latissima","Random",1,0,NA,NA,0
297,"farrell_rasher_2026","Gulf of Maine","Casco Bay_Cape_Elizabeth",6,"Casco Bay_Cape_Elizabeth 2021 25 35",2021,8,25,43.5632,-70.1968,"Agarum clathratum","Random",1,0,NA,NA,NA
298,"farrell_rasher_2026","Gulf of Maine","Casco Bay_Cape_Elizabeth",6,"Casco Bay_Cape_Elizabeth 2021 25 35",2021,8,25,43.5632,-70.1968,"Alaria esculenta","Random",1,0,NA,NA,NA
299,"farrell_rasher_2026","Gulf of Maine","Casco Bay_Cape_Elizabeth",6,"Casco Bay_Cape_Elizabeth 2021 25 35",2021,8,25,43.5632,-70.1968,"Laminaria digitata","Random",1,20,NA,NA,NA
300,"farrell_rasher_2026","Gulf of Maine","Casco Bay_Cape_Elizabeth",6,"Casco Bay_Cape_Elizabeth 2021 25 35",2021,8,25,43.5632,-70.1968,"Saccharina latissima","Random",1,1,NA,NA,NA
301,"farrell_rasher_2026","Gulf of Maine","Casco Bay_Cape_Elizabeth",6,"Casco Bay_Cape_Elizabeth 2021 25 5",2021,8,25,43.5632,-70.1968,"Agarum clathratum","Random",1,0,NA,NA,0
302,"farrell_rasher_2026","Gulf of Maine","Casco Bay_Cape_Elizabeth",6,"Casco Bay_Cape_Elizabeth 2021 25 5",2021,8,25,43.5632,-70.1968,"Alaria esculenta","Random",1,0,NA,NA,0
303,"farrell_rasher_2026","Gulf of Maine","Casco Bay_Cape_Elizabeth",6,"Casco Bay_Cape_Elizabeth 2021 25 5",2021,8,25,43.5632,-70.1968,"Laminaria digitata","Random",1,10,NA,NA,0
304,"farrell_rasher_2026","Gulf of Maine","Casco Bay_Cape_Elizabeth",6,"Casco Bay_Cape_Elizabeth 2021 25 5",2021,8,25,43.5632,-70.1968,"Saccharina latissima","Random",1,0,NA,NA,0
305,"farrell_rasher_2026","Gulf of Maine","Casco Bay_Cape_Elizabeth",6,"Casco Bay_Cape_Elizabeth 2021 25 10",2021,8,25,43.5632,-70.1968,"Agarum clathratum","Random",1,1,NA,NA,NA
306,"farrell_rasher_2026","Gulf of Maine","Casco Bay_Cape_Elizabeth",6,"Casco Bay_Cape_Elizabeth 2021 25 10",2021,8,25,43.5632,-70.1968,"Alaria esculenta","Random",1,0,NA,NA,NA
307,"farrell_rasher_2026","Gulf of Maine","Casco Bay_Cape_Elizabeth",6,"Casco Bay_Cape_Elizabeth 2021 25 10",2021,8,25,43.5632,-70.1968,"Laminaria digitata","Random",1,30,NA,NA,NA
308,"farrell_rasher_2026","Gulf of Maine","Casco Bay_Cape_Elizabeth",6,"Casco Bay_Cape_Elizabeth 2021 25 10",2021,8,25,43.5632,-70.1968,"Saccharina latissima","Random",1,0,NA,NA,NA
309,"farrell_rasher_2026","Gulf of Maine","Casco Bay_Cape_Elizabeth",6,"Casco Bay_Cape_Elizabeth 2021 25 20",2021,8,25,43.5632,-70.1968,"Agarum clathratum","Random",1,0,NA,NA,0.00063
310,"farrell_rasher_2026","Gulf of Maine","Casco Bay_Cape_Elizabeth",6,"Casco Bay_Cape_Elizabeth 2021 25 20",2021,8,25,43.5632,-70.1968,"Alaria esculenta","Random",1,0,NA,NA,0
311,"farrell_rasher_2026","Gulf of Maine","Casco Bay_Cape_Elizabeth",6,"Casco Bay_Cape_Elizabeth 2021 25 20",2021,8,25,43.5632,-70.1968,"Laminaria digitata","Random",1,0,NA,NA,0.5258
312,"farrell_rasher_2026","Gulf of Maine","Casco Bay_Cape_Elizabeth",6,"Casco Bay_Cape_Elizabeth 2021 25 20",2021,8,25,43.5632,-70.1968,"Saccharina latissima","Random",1,0,NA,NA,0
313,"farrell_rasher_2026","Gulf of Maine","Casco Bay_Cape_Elizabeth",6,"Casco Bay_Cape_Elizabeth 2021 25 30",2021,8,25,43.5632,-70.1968,"Agarum clathratum","Random",1,0,NA,NA,NA
314,"farrell_rasher_2026","Gulf of Maine","Casco Bay_Cape_Elizabeth",6,"Casco Bay_Cape_Elizabeth 2021 25 30",2021,8,25,43.5632,-70.1968,"Alaria esculenta","Random",1,0,NA,NA,NA
315,"farrell_rasher_2026","Gulf of Maine","Casco Bay_Cape_Elizabeth",6,"Casco Bay_Cape_Elizabeth 2021 25 30",2021,8,25,43.5632,-70.1968,"Laminaria digitata","Random",1,10,NA,NA,NA
316,"farrell_rasher_2026","Gulf of Maine","Casco Bay_Cape_Elizabeth",6,"Casco Bay_Cape_Elizabeth 2021 25 30",2021,8,25,43.5632,-70.1968,"Saccharina latissima","Random",1,0,NA,NA,NA
317,"farrell_rasher_2026","Gulf of Maine","Casco Bay_Cape_Elizabeth",6,"Casco Bay_Cape_Elizabeth 2021 25 40",2021,8,25,43.5632,-70.1968,"Agarum clathratum","Random",1,0,NA,NA,0
318,"farrell_rasher_2026","Gulf of Maine","Casco Bay_Cape_Elizabeth",6,"Casco Bay_Cape_Elizabeth 2021 25 40",2021,8,25,43.5632,-70.1968,"Alaria esculenta","Random",1,0,NA,NA,0
319,"farrell_rasher_2026","Gulf of Maine","Casco Bay_Cape_Elizabeth",6,"Casco Bay_Cape_Elizabeth 2021 25 40",2021,8,25,43.5632,-70.1968,"Laminaria digitata","Random",1,5,NA,NA,0.02054
320,"farrell_rasher_2026","Gulf of Maine","Casco Bay_Cape_Elizabeth",6,"Casco Bay_Cape_Elizabeth 2021 25 40",2021,8,25,43.5632,-70.1968,"Saccharina latissima","Random",1,20,NA,NA,0.38954
321,"farrell_rasher_2026","Gulf of Maine","Penobscot Bay_Metinic_Island",6,"Penobscot Bay_Metinic_Island 2021 26 15",2021,8,26,43.8679,-69.1288,"Agarum clathratum","Random",1,0,NA,NA,NA
322,"farrell_rasher_2026","Gulf of Maine","Penobscot Bay_Metinic_Island",6,"Penobscot Bay_Metinic_Island 2021 26 15",2021,8,26,43.8679,-69.1288,"Alaria esculenta","Random",1,0,NA,NA,NA
323,"farrell_rasher_2026","Gulf of Maine","Penobscot Bay_Metinic_Island",6,"Penobscot Bay_Metinic_Island 2021 26 15",2021,8,26,43.8679,-69.1288,"Laminaria digitata","Random",1,20,NA,NA,NA
324,"farrell_rasher_2026","Gulf of Maine","Penobscot Bay_Metinic_Island",6,"Penobscot Bay_Metinic_Island 2021 26 15",2021,8,26,43.8679,-69.1288,"Saccharina latissima","Random",1,0,NA,NA,NA
325,"farrell_rasher_2026","Gulf of Maine","Penobscot Bay_Metinic_Island",6,"Penobscot Bay_Metinic_Island 2021 26 25",2021,8,26,43.8679,-69.1288,"Agarum clathratum","Random",1,0,NA,NA,0
326,"farrell_rasher_2026","Gulf of Maine","Penobscot Bay_Metinic_Island",6,"Penobscot Bay_Metinic_Island 2021 26 25",2021,8,26,43.8679,-69.1288,"Alaria esculenta","Random",1,0,NA,NA,0
327,"farrell_rasher_2026","Gulf of Maine","Penobscot Bay_Metinic_Island",6,"Penobscot Bay_Metinic_Island 2021 26 25",2021,8,26,43.8679,-69.1288,"Laminaria digitata","Random",1,70,NA,NA,2.69
328,"farrell_rasher_2026","Gulf of Maine","Penobscot Bay_Metinic_Island",6,"Penobscot Bay_Metinic_Island 2021 26 25",2021,8,26,43.8679,-69.1288,"Saccharina latissima","Random",1,0,NA,NA,0
329,"farrell_rasher_2026","Gulf of Maine","Penobscot Bay_Metinic_Island",6,"Penobscot Bay_Metinic_Island 2021 26 35",2021,8,26,43.8679,-69.1288,"Agarum clathratum","Random",1,0,NA,NA,NA
330,"farrell_rasher_2026","Gulf of Maine","Penobscot Bay_Metinic_Island",6,"Penobscot Bay_Metinic_Island 2021 26 35",2021,8,26,43.8679,-69.1288,"Alaria esculenta","Random",1,0,NA,NA,NA
331,"farrell_rasher_2026","Gulf of Maine","Penobscot Bay_Metinic_Island",6,"Penobscot Bay_Metinic_Island 2021 26 35",2021,8,26,43.8679,-69.1288,"Laminaria digitata","Random",1,50,NA,NA,NA
332,"farrell_rasher_2026","Gulf of Maine","Penobscot Bay_Metinic_Island",6,"Penobscot Bay_Metinic_Island 2021 26 35",2021,8,26,43.8679,-69.1288,"Saccharina latissima","Random",1,0,NA,NA,NA
333,"farrell_rasher_2026","Gulf of Maine","Penobscot Bay_Metinic_Island",6,"Penobscot Bay_Metinic_Island 2021 26 5",2021,8,26,43.8679,-69.1288,"Agarum clathratum","Random",1,0,NA,NA,0
334,"farrell_rasher_2026","Gulf of Maine","Penobscot Bay_Metinic_Island",6,"Penobscot Bay_Metinic_Island 2021 26 5",2021,8,26,43.8679,-69.1288,"Alaria esculenta","Random",1,0,NA,NA,0
335,"farrell_rasher_2026","Gulf of Maine","Penobscot Bay_Metinic_Island",6,"Penobscot Bay_Metinic_Island 2021 26 5",2021,8,26,43.8679,-69.1288,"Laminaria digitata","Random",1,20,NA,NA,1.3
336,"farrell_rasher_2026","Gulf of Maine","Penobscot Bay_Metinic_Island",6,"Penobscot Bay_Metinic_Island 2021 26 5",2021,8,26,43.8679,-69.1288,"Saccharina latissima","Random",1,0,NA,NA,0
337,"farrell_rasher_2026","Gulf of Maine","Penobscot Bay_Metinic_Island",6,"Penobscot Bay_Metinic_Island 2021 26 10",2021,8,26,43.8679,-69.1288,"Agarum clathratum","Random",1,0,NA,NA,NA
338,"farrell_rasher_2026","Gulf of Maine","Penobscot Bay_Metinic_Island",6,"Penobscot Bay_Metinic_Island 2021 26 10",2021,8,26,43.8679,-69.1288,"Alaria esculenta","Random",1,0,NA,NA,NA
339,"farrell_rasher_2026","Gulf of Maine","Penobscot Bay_Metinic_Island",6,"Penobscot Bay_Metinic_Island 2021 26 10",2021,8,26,43.8679,-69.1288,"Laminaria digitata","Random",1,50,NA,NA,NA
340,"farrell_rasher_2026","Gulf of Maine","Penobscot Bay_Metinic_Island",6,"Penobscot Bay_Metinic_Island 2021 26 10",2021,8,26,43.8679,-69.1288,"Saccharina latissima","Random",1,0,NA,NA,NA
341,"farrell_rasher_2026","Gulf of Maine","Penobscot Bay_Metinic_Island",6,"Penobscot Bay_Metinic_Island 2021 26 20",2021,8,26,43.8679,-69.1288,"Agarum clathratum","Random",1,0,NA,NA,0
342,"farrell_rasher_2026","Gulf of Maine","Penobscot Bay_Metinic_Island",6,"Penobscot Bay_Metinic_Island 2021 26 20",2021,8,26,43.8679,-69.1288,"Alaria esculenta","Random",1,0,NA,NA,0
343,"farrell_rasher_2026","Gulf of Maine","Penobscot Bay_Metinic_Island",6,"Penobscot Bay_Metinic_Island 2021 26 20",2021,8,26,43.8679,-69.1288,"Laminaria digitata","Random",1,1,NA,NA,0
344,"farrell_rasher_2026","Gulf of Maine","Penobscot Bay_Metinic_Island",6,"Penobscot Bay_Metinic_Island 2021 26 20",2021,8,26,43.8679,-69.1288,"Saccharina latissima","Random",1,0,NA,NA,0
345,"farrell_rasher_2026","Gulf of Maine","Penobscot Bay_Metinic_Island",6,"Penobscot Bay_Metinic_Island 2021 26 30",2021,8,26,43.8679,-69.1288,"Agarum clathratum","Random",1,0,NA,NA,NA
346,"farrell_rasher_2026","Gulf of Maine","Penobscot Bay_Metinic_Island",6,"Penobscot Bay_Metinic_Island 2021 26 30",2021,8,26,43.8679,-69.1288,"Alaria esculenta","Random",1,0,NA,NA,NA
347,"farrell_rasher_2026","Gulf of Maine","Penobscot Bay_Metinic_Island",6,"Penobscot Bay_Metinic_Island 2021 26 30",2021,8,26,43.8679,-69.1288,"Laminaria digitata","Random",1,80,NA,NA,NA
348,"farrell_rasher_2026","Gulf of Maine","Penobscot Bay_Metinic_Island",6,"Penobscot Bay_Metinic_Island 2021 26 30",2021,8,26,43.8679,-69.1288,"Saccharina latissima","Random",1,0,NA,NA,NA
349,"farrell_rasher_2026","Gulf of Maine","Penobscot Bay_Metinic_Island",6,"Penobscot Bay_Metinic_Island 2021 26 40",2021,8,26,43.8679,-69.1288,"Agarum clathratum","Random",1,0,NA,NA,0
350,"farrell_rasher_2026","Gulf of Maine","Penobscot Bay_Metinic_Island",6,"Penobscot Bay_Metinic_Island 2021 26 40",2021,8,26,43.8679,-69.1288,"Alaria esculenta","Random",1,0,NA,NA,0
351,"farrell_rasher_2026","Gulf of Maine","Penobscot Bay_Metinic_Island",6,"Penobscot Bay_Metinic_Island 2021 26 40",2021,8,26,43.8679,-69.1288,"Laminaria digitata","Random",1,50,NA,NA,1.27
352,"farrell_rasher_2026","Gulf of Maine","Penobscot Bay_Metinic_Island",6,"Penobscot Bay_Metinic_Island 2021 26 40",2021,8,26,43.8679,-69.1288,"Saccharina latissima","Random",1,0,NA,NA,0
353,"farrell_rasher_2026","Gulf of Maine","Casco Bay_Halfway_Rock",6,"Casco Bay_Halfway_Rock 2021 5 15",2021,8,5,43.6546,-70.0373,"Agarum clathratum","Random",1,0,NA,NA,NA
354,"farrell_rasher_2026","Gulf of Maine","Casco Bay_Halfway_Rock",6,"Casco Bay_Halfway_Rock 2021 5 15",2021,8,5,43.6546,-70.0373,"Alaria esculenta","Random",1,0,NA,NA,NA
355,"farrell_rasher_2026","Gulf of Maine","Casco Bay_Halfway_Rock",6,"Casco Bay_Halfway_Rock 2021 5 15",2021,8,5,43.6546,-70.0373,"Laminaria digitata","Random",1,0,NA,NA,NA
356,"farrell_rasher_2026","Gulf of Maine","Casco Bay_Halfway_Rock",6,"Casco Bay_Halfway_Rock 2021 5 15",2021,8,5,43.6546,-70.0373,"Saccharina latissima","Random",1,0,NA,NA,NA
357,"farrell_rasher_2026","Gulf of Maine","Casco Bay_Halfway_Rock",6,"Casco Bay_Halfway_Rock 2021 5 25",2021,8,5,43.6546,-70.0373,"Agarum clathratum","Random",1,1,NA,NA,0.00401
358,"farrell_rasher_2026","Gulf of Maine","Casco Bay_Halfway_Rock",6,"Casco Bay_Halfway_Rock 2021 5 25",2021,8,5,43.6546,-70.0373,"Alaria esculenta","Random",1,0,NA,NA,0
359,"farrell_rasher_2026","Gulf of Maine","Casco Bay_Halfway_Rock",6,"Casco Bay_Halfway_Rock 2021 5 25",2021,8,5,43.6546,-70.0373,"Laminaria digitata","Random",1,0,NA,NA,0
360,"farrell_rasher_2026","Gulf of Maine","Casco Bay_Halfway_Rock",6,"Casco Bay_Halfway_Rock 2021 5 25",2021,8,5,43.6546,-70.0373,"Saccharina latissima","Random",1,0,NA,NA,0
361,"farrell_rasher_2026","Gulf of Maine","Casco Bay_Halfway_Rock",6,"Casco Bay_Halfway_Rock 2021 5 35",2021,8,5,43.6546,-70.0373,"Agarum clathratum","Random",1,0,NA,NA,NA
362,"farrell_rasher_2026","Gulf of Maine","Casco Bay_Halfway_Rock",6,"Casco Bay_Halfway_Rock 2021 5 35",2021,8,5,43.6546,-70.0373,"Alaria esculenta","Random",1,0,NA,NA,NA
363,"farrell_rasher_2026","Gulf of Maine","Casco Bay_Halfway_Rock",6,"Casco Bay_Halfway_Rock 2021 5 35",2021,8,5,43.6546,-70.0373,"Laminaria digitata","Random",1,0,NA,NA,NA
364,"farrell_rasher_2026","Gulf of Maine","Casco Bay_Halfway_Rock",6,"Casco Bay_Halfway_Rock 2021 5 35",2021,8,5,43.6546,-70.0373,"Saccharina latissima","Random",1,0,NA,NA,NA
365,"farrell_rasher_2026","Gulf of Maine","Casco Bay_Halfway_Rock",6,"Casco Bay_Halfway_Rock 2021 5 5",2021,8,5,43.6546,-70.0373,"Agarum clathratum","Random",1,0,NA,NA,0
366,"farrell_rasher_2026","Gulf of Maine","Casco Bay_Halfway_Rock",6,"Casco Bay_Halfway_Rock 2021 5 5",2021,8,5,43.6546,-70.0373,"Alaria esculenta","Random",1,0,NA,NA,0
367,"farrell_rasher_2026","Gulf of Maine","Casco Bay_Halfway_Rock",6,"Casco Bay_Halfway_Rock 2021 5 5",2021,8,5,43.6546,-70.0373,"Laminaria digitata","Random",1,0,NA,NA,0
368,"farrell_rasher_2026","Gulf of Maine","Casco Bay_Halfway_Rock",6,"Casco Bay_Halfway_Rock 2021 5 5",2021,8,5,43.6546,-70.0373,"Saccharina latissima","Random",1,0,NA,NA,0
369,"farrell_rasher_2026","Gulf of Maine","Casco Bay_Halfway_Rock",6,"Casco Bay_Halfway_Rock 2021 5 10",2021,8,5,43.6546,-70.0373,"Agarum clathratum","Random",1,0,NA,NA,NA
370,"farrell_rasher_2026","Gulf of Maine","Casco Bay_Halfway_Rock",6,"Casco Bay_Halfway_Rock 2021 5 10",2021,8,5,43.6546,-70.0373,"Alaria esculenta","Random",1,0,NA,NA,NA
371,"farrell_rasher_2026","Gulf of Maine","Casco Bay_Halfway_Rock",6,"Casco Bay_Halfway_Rock 2021 5 10",2021,8,5,43.6546,-70.0373,"Laminaria digitata","Random",1,0,NA,NA,NA
372,"farrell_rasher_2026","Gulf of Maine","Casco Bay_Halfway_Rock",6,"Casco Bay_Halfway_Rock 2021 5 10",2021,8,5,43.6546,-70.0373,"Saccharina latissima","Random",1,0,NA,NA,NA
373,"farrell_rasher_2026","Gulf of Maine","Casco Bay_Halfway_Rock",6,"Casco Bay_Halfway_Rock 2021 5 20",2021,8,5,43.6546,-70.0373,"Agarum clathratum","Random",1,0,NA,NA,0
374,"farrell_rasher_2026","Gulf of Maine","Casco Bay_Halfway_Rock",6,"Casco Bay_Halfway_Rock 2021 5 20",2021,8,5,43.6546,-70.0373,"Alaria esculenta","Random",1,0,NA,NA,0
375,"farrell_rasher_2026","Gulf of Maine","Casco Bay_Halfway_Rock",6,"Casco Bay_Halfway_Rock 2021 5 20",2021,8,5,43.6546,-70.0373,"Laminaria digitata","Random",1,0,NA,NA,0
376,"farrell_rasher_2026","Gulf of Maine","Casco Bay_Halfway_Rock",6,"Casco Bay_Halfway_Rock 2021 5 20",2021,8,5,43.6546,-70.0373,"Saccharina latissima","Random",1,0,NA,NA,0
377,"farrell_rasher_2026","Gulf of Maine","Casco Bay_Halfway_Rock",6,"Casco Bay_Halfway_Rock 2021 5 30",2021,8,5,43.6546,-70.0373,"Agarum clathratum","Random",1,0,NA,NA,NA
378,"farrell_rasher_2026","Gulf of Maine","Casco Bay_Halfway_Rock",6,"Casco Bay_Halfway_Rock 2021 5 30",2021,8,5,43.6546,-70.0373,"Alaria esculenta","Random",1,0,NA,NA,NA
379,"farrell_rasher_2026","Gulf of Maine","Casco Bay_Halfway_Rock",6,"Casco Bay_Halfway_Rock 2021 5 30",2021,8,5,43.6546,-70.0373,"Laminaria digitata","Random",1,0,NA,NA,NA
380,"farrell_rasher_2026","Gulf of Maine","Casco Bay_Halfway_Rock",6,"Casco Bay_Halfway_Rock 2021 5 30",2021,8,5,43.6546,-70.0373,"Saccharina latissima","Random",1,0,NA,NA,NA
381,"farrell_rasher_2026","Gulf of Maine","Casco Bay_Halfway_Rock",6,"Casco Bay_Halfway_Rock 2021 5 40",2021,8,5,43.6546,-70.0373,"Agarum clathratum","Random",1,0,NA,NA,0
382,"farrell_rasher_2026","Gulf of Maine","Casco Bay_Halfway_Rock",6,"Casco Bay_Halfway_Rock 2021 5 40",2021,8,5,43.6546,-70.0373,"Alaria esculenta","Random",1,0,NA,NA,0
383,"farrell_rasher_2026","Gulf of Maine","Casco Bay_Halfway_Rock",6,"Casco Bay_Halfway_Rock 2021 5 40",2021,8,5,43.6546,-70.0373,"Laminaria digitata","Random",1,0,NA,NA,0
384,"farrell_rasher_2026","Gulf of Maine","Casco Bay_Halfway_Rock",6,"Casco Bay_Halfway_Rock 2021 5 40",2021,8,5,43.6546,-70.0373,"Saccharina latissima","Random",1,0,NA,NA,0
385,"farrell_rasher_2026","Gulf of Maine","Midcoast_Damariscove_Island",6,"Midcoast_Damariscove_Island 2021 9 15",2021,8,9,43.7565,-69.6188,"Agarum clathratum","Random",1,0,NA,NA,NA
386,"farrell_rasher_2026","Gulf of Maine","Midcoast_Damariscove_Island",6,"Midcoast_Damariscove_Island 2021 9 15",2021,8,9,43.7565,-69.6188,"Alaria esculenta","Random",1,0,NA,NA,NA
387,"farrell_rasher_2026","Gulf of Maine","Midcoast_Damariscove_Island",6,"Midcoast_Damariscove_Island 2021 9 15",2021,8,9,43.7565,-69.6188,"Laminaria digitata","Random",1,0,NA,NA,NA
388,"farrell_rasher_2026","Gulf of Maine","Midcoast_Damariscove_Island",6,"Midcoast_Damariscove_Island 2021 9 15",2021,8,9,43.7565,-69.6188,"Saccharina latissima","Random",1,5,NA,NA,NA
389,"farrell_rasher_2026","Gulf of Maine","Midcoast_Damariscove_Island",6,"Midcoast_Damariscove_Island 2021 9 25",2021,8,9,43.7565,-69.6188,"Agarum clathratum","Random",1,0,NA,NA,0
390,"farrell_rasher_2026","Gulf of Maine","Midcoast_Damariscove_Island",6,"Midcoast_Damariscove_Island 2021 9 25",2021,8,9,43.7565,-69.6188,"Alaria esculenta","Random",1,0,NA,NA,0
391,"farrell_rasher_2026","Gulf of Maine","Midcoast_Damariscove_Island",6,"Midcoast_Damariscove_Island 2021 9 25",2021,8,9,43.7565,-69.6188,"Laminaria digitata","Random",1,1,NA,NA,0
392,"farrell_rasher_2026","Gulf of Maine","Midcoast_Damariscove_Island",6,"Midcoast_Damariscove_Island 2021 9 25",2021,8,9,43.7565,-69.6188,"Saccharina latissima","Random",1,10,NA,NA,0.45639
393,"farrell_rasher_2026","Gulf of Maine","Midcoast_Damariscove_Island",6,"Midcoast_Damariscove_Island 2021 9 35",2021,8,9,43.7565,-69.6188,"Agarum clathratum","Random",1,0,NA,NA,NA
394,"farrell_rasher_2026","Gulf of Maine","Midcoast_Damariscove_Island",6,"Midcoast_Damariscove_Island 2021 9 35",2021,8,9,43.7565,-69.6188,"Alaria esculenta","Random",1,0,NA,NA,NA
395,"farrell_rasher_2026","Gulf of Maine","Midcoast_Damariscove_Island",6,"Midcoast_Damariscove_Island 2021 9 35",2021,8,9,43.7565,-69.6188,"Laminaria digitata","Random",1,0,NA,NA,NA
396,"farrell_rasher_2026","Gulf of Maine","Midcoast_Damariscove_Island",6,"Midcoast_Damariscove_Island 2021 9 35",2021,8,9,43.7565,-69.6188,"Saccharina latissima","Random",1,5,NA,NA,NA
397,"farrell_rasher_2026","Gulf of Maine","Midcoast_Damariscove_Island",6,"Midcoast_Damariscove_Island 2021 9 5",2021,8,9,43.7565,-69.6188,"Agarum clathratum","Random",1,0,NA,NA,0
398,"farrell_rasher_2026","Gulf of Maine","Midcoast_Damariscove_Island",6,"Midcoast_Damariscove_Island 2021 9 5",2021,8,9,43.7565,-69.6188,"Alaria esculenta","Random",1,1,NA,NA,0
399,"farrell_rasher_2026","Gulf of Maine","Midcoast_Damariscove_Island",6,"Midcoast_Damariscove_Island 2021 9 5",2021,8,9,43.7565,-69.6188,"Laminaria digitata","Random",1,1,NA,NA,0.08734
400,"farrell_rasher_2026","Gulf of Maine","Midcoast_Damariscove_Island",6,"Midcoast_Damariscove_Island 2021 9 5",2021,8,9,43.7565,-69.6188,"Saccharina latissima","Random",1,60,NA,NA,1.31055
401,"farrell_rasher_2026","Gulf of Maine","Midcoast_Damariscove_Island",6,"Midcoast_Damariscove_Island 2021 9 10",2021,8,9,43.7565,-69.6188,"Agarum clathratum","Random",1,0,NA,NA,NA
402,"farrell_rasher_2026","Gulf of Maine","Midcoast_Damariscove_Island",6,"Midcoast_Damariscove_Island 2021 9 10",2021,8,9,43.7565,-69.6188,"Alaria esculenta","Random",1,0,NA,NA,NA
403,"farrell_rasher_2026","Gulf of Maine","Midcoast_Damariscove_Island",6,"Midcoast_Damariscove_Island 2021 9 10",2021,8,9,43.7565,-69.6188,"Laminaria digitata","Random",1,0,NA,NA,NA
404,"farrell_rasher_2026","Gulf of Maine","Midcoast_Damariscove_Island",6,"Midcoast_Damariscove_Island 2021 9 10",2021,8,9,43.7565,-69.6188,"Saccharina latissima","Random",1,40,NA,NA,NA
405,"farrell_rasher_2026","Gulf of Maine","Midcoast_Damariscove_Island",6,"Midcoast_Damariscove_Island 2021 9 20",2021,8,9,43.7565,-69.6188,"Agarum clathratum","Random",1,0,NA,NA,0
406,"farrell_rasher_2026","Gulf of Maine","Midcoast_Damariscove_Island",6,"Midcoast_Damariscove_Island 2021 9 20",2021,8,9,43.7565,-69.6188,"Alaria esculenta","Random",1,0,NA,NA,0
407,"farrell_rasher_2026","Gulf of Maine","Midcoast_Damariscove_Island",6,"Midcoast_Damariscove_Island 2021 9 20",2021,8,9,43.7565,-69.6188,"Laminaria digitata","Random",1,0,NA,NA,0
408,"farrell_rasher_2026","Gulf of Maine","Midcoast_Damariscove_Island",6,"Midcoast_Damariscove_Island 2021 9 20",2021,8,9,43.7565,-69.6188,"Saccharina latissima","Random",1,0,NA,NA,0.02233
409,"farrell_rasher_2026","Gulf of Maine","Midcoast_Damariscove_Island",6,"Midcoast_Damariscove_Island 2021 9 30",2021,8,9,43.7565,-69.6188,"Agarum clathratum","Random",1,0,NA,NA,NA
410,"farrell_rasher_2026","Gulf of Maine","Midcoast_Damariscove_Island",6,"Midcoast_Damariscove_Island 2021 9 30",2021,8,9,43.7565,-69.6188,"Alaria esculenta","Random",1,0,NA,NA,NA
411,"farrell_rasher_2026","Gulf of Maine","Midcoast_Damariscove_Island",6,"Midcoast_Damariscove_Island 2021 9 30",2021,8,9,43.7565,-69.6188,"Laminaria digitata","Random",1,0,NA,NA,NA
412,"farrell_rasher_2026","Gulf of Maine","Midcoast_Damariscove_Island",6,"Midcoast_Damariscove_Island 2021 9 30",2021,8,9,43.7565,-69.6188,"Saccharina latissima","Random",1,20,NA,NA,NA
413,"farrell_rasher_2026","Gulf of Maine","Midcoast_Damariscove_Island",6,"Midcoast_Damariscove_Island 2021 9 40",2021,8,9,43.7565,-69.6188,"Agarum clathratum","Random",1,0,NA,NA,0
414,"farrell_rasher_2026","Gulf of Maine","Midcoast_Damariscove_Island",6,"Midcoast_Damariscove_Island 2021 9 40",2021,8,9,43.7565,-69.6188,"Alaria esculenta","Random",1,0,NA,NA,0
415,"farrell_rasher_2026","Gulf of Maine","Midcoast_Damariscove_Island",6,"Midcoast_Damariscove_Island 2021 9 40",2021,8,9,43.7565,-69.6188,"Laminaria digitata","Random",1,0,NA,NA,0
416,"farrell_rasher_2026","Gulf of Maine","Midcoast_Damariscove_Island",6,"Midcoast_Damariscove_Island 2021 9 40",2021,8,9,43.7565,-69.6188,"Saccharina latissima","Random",1,20,NA,NA,0.40356
417,"farrell_rasher_2026","Gulf of Maine","Casco Bay_Cape_Small",6,"Casco Bay_Cape_Small 2021 1 15",2021,9,1,43.7012,-69.8399,"Agarum clathratum","Random",1,1,NA,NA,NA
418,"farrell_rasher_2026","Gulf of Maine","Casco Bay_Cape_Small",6,"Casco Bay_Cape_Small 2021 1 15",2021,9,1,43.7012,-69.8399,"Alaria esculenta","Random",1,0,NA,NA,NA
419,"farrell_rasher_2026","Gulf of Maine","Casco Bay_Cape_Small",6,"Casco Bay_Cape_Small 2021 1 15",2021,9,1,43.7012,-69.8399,"Laminaria digitata","Random",1,1,NA,NA,NA
420,"farrell_rasher_2026","Gulf of Maine","Casco Bay_Cape_Small",6,"Casco Bay_Cape_Small 2021 1 15",2021,9,1,43.7012,-69.8399,"Saccharina latissima","Random",1,0,NA,NA,NA
421,"farrell_rasher_2026","Gulf of Maine","Casco Bay_Cape_Small",6,"Casco Bay_Cape_Small 2021 1 25",2021,9,1,43.7012,-69.8399,"Agarum clathratum","Random",1,0,NA,NA,0
422,"farrell_rasher_2026","Gulf of Maine","Casco Bay_Cape_Small",6,"Casco Bay_Cape_Small 2021 1 25",2021,9,1,43.7012,-69.8399,"Alaria esculenta","Random",1,0,NA,NA,0
423,"farrell_rasher_2026","Gulf of Maine","Casco Bay_Cape_Small",6,"Casco Bay_Cape_Small 2021 1 25",2021,9,1,43.7012,-69.8399,"Laminaria digitata","Random",1,0,NA,NA,0
424,"farrell_rasher_2026","Gulf of Maine","Casco Bay_Cape_Small",6,"Casco Bay_Cape_Small 2021 1 25",2021,9,1,43.7012,-69.8399,"Saccharina latissima","Random",1,0,NA,NA,0
425,"farrell_rasher_2026","Gulf of Maine","Casco Bay_Cape_Small",6,"Casco Bay_Cape_Small 2021 1 35",2021,9,1,43.7012,-69.8399,"Agarum clathratum","Random",1,1,NA,NA,NA
426,"farrell_rasher_2026","Gulf of Maine","Casco Bay_Cape_Small",6,"Casco Bay_Cape_Small 2021 1 35",2021,9,1,43.7012,-69.8399,"Alaria esculenta","Random",1,0,NA,NA,NA
427,"farrell_rasher_2026","Gulf of Maine","Casco Bay_Cape_Small",6,"Casco Bay_Cape_Small 2021 1 35",2021,9,1,43.7012,-69.8399,"Laminaria digitata","Random",1,1,NA,NA,NA
428,"farrell_rasher_2026","Gulf of Maine","Casco Bay_Cape_Small",6,"Casco Bay_Cape_Small 2021 1 35",2021,9,1,43.7012,-69.8399,"Saccharina latissima","Random",1,0,NA,NA,NA
429,"farrell_rasher_2026","Gulf of Maine","Casco Bay_Cape_Small",6,"Casco Bay_Cape_Small 2021 1 5",2021,9,1,43.7012,-69.8399,"Agarum clathratum","Random",1,0,NA,NA,0
430,"farrell_rasher_2026","Gulf of Maine","Casco Bay_Cape_Small",6,"Casco Bay_Cape_Small 2021 1 5",2021,9,1,43.7012,-69.8399,"Alaria esculenta","Random",1,0,NA,NA,0
431,"farrell_rasher_2026","Gulf of Maine","Casco Bay_Cape_Small",6,"Casco Bay_Cape_Small 2021 1 5",2021,9,1,43.7012,-69.8399,"Laminaria digitata","Random",1,1,NA,NA,0.00869
432,"farrell_rasher_2026","Gulf of Maine","Casco Bay_Cape_Small",6,"Casco Bay_Cape_Small 2021 1 5",2021,9,1,43.7012,-69.8399,"Saccharina latissima","Random",1,0,NA,NA,0
433,"farrell_rasher_2026","Gulf of Maine","Casco Bay_Cape_Small",6,"Casco Bay_Cape_Small 2021 1 10",2021,9,1,43.7012,-69.8399,"Agarum clathratum","Random",1,5,NA,NA,NA
434,"farrell_rasher_2026","Gulf of Maine","Casco Bay_Cape_Small",6,"Casco Bay_Cape_Small 2021 1 10",2021,9,1,43.7012,-69.8399,"Alaria esculenta","Random",1,0,NA,NA,NA
435,"farrell_rasher_2026","Gulf of Maine","Casco Bay_Cape_Small",6,"Casco Bay_Cape_Small 2021 1 10",2021,9,1,43.7012,-69.8399,"Laminaria digitata","Random",1,0,NA,NA,NA
436,"farrell_rasher_2026","Gulf of Maine","Casco Bay_Cape_Small",6,"Casco Bay_Cape_Small 2021 1 10",2021,9,1,43.7012,-69.8399,"Saccharina latissima","Random",1,0,NA,NA,NA
437,"farrell_rasher_2026","Gulf of Maine","Casco Bay_Cape_Small",6,"Casco Bay_Cape_Small 2021 1 20",2021,9,1,43.7012,-69.8399,"Agarum clathratum","Random",1,5,NA,NA,0
438,"farrell_rasher_2026","Gulf of Maine","Casco Bay_Cape_Small",6,"Casco Bay_Cape_Small 2021 1 20",2021,9,1,43.7012,-69.8399,"Alaria esculenta","Random",1,0,NA,NA,0
439,"farrell_rasher_2026","Gulf of Maine","Casco Bay_Cape_Small",6,"Casco Bay_Cape_Small 2021 1 20",2021,9,1,43.7012,-69.8399,"Laminaria digitata","Random",1,0,NA,NA,0
440,"farrell_rasher_2026","Gulf of Maine","Casco Bay_Cape_Small",6,"Casco Bay_Cape_Small 2021 1 20",2021,9,1,43.7012,-69.8399,"Saccharina latissima","Random",1,0,NA,NA,0
441,"farrell_rasher_2026","Gulf of Maine","Casco Bay_Cape_Small",6,"Casco Bay_Cape_Small 2021 1 30",2021,9,1,43.7012,-69.8399,"Agarum clathratum","Random",1,0,NA,NA,NA
442,"farrell_rasher_2026","Gulf of Maine","Casco Bay_Cape_Small",6,"Casco Bay_Cape_Small 2021 1 30",2021,9,1,43.7012,-69.8399,"Alaria esculenta","Random",1,0,NA,NA,NA
443,"farrell_rasher_2026","Gulf of Maine","Casco Bay_Cape_Small",6,"Casco Bay_Cape_Small 2021 1 30",2021,9,1,43.7012,-69.8399,"Laminaria digitata","Random",1,0,NA,NA,NA
444,"farrell_rasher_2026","Gulf of Maine","Casco Bay_Cape_Small",6,"Casco Bay_Cape_Small 2021 1 30",2021,9,1,43.7012,-69.8399,"Saccharina latissima","Random",1,0,NA,NA,NA
445,"farrell_rasher_2026","Gulf of Maine","Casco Bay_Cape_Small",6,"Casco Bay_Cape_Small 2021 1 40",2021,9,1,43.7012,-69.8399,"Agarum clathratum","Random",1,1,NA,NA,0.01168
446,"farrell_rasher_2026","Gulf of Maine","Casco Bay_Cape_Small",6,"Casco Bay_Cape_Small 2021 1 40",2021,9,1,43.7012,-69.8399,"Alaria esculenta","Random",1,0,NA,NA,0
447,"farrell_rasher_2026","Gulf of Maine","Casco Bay_Cape_Small",6,"Casco Bay_Cape_Small 2021 1 40",2021,9,1,43.7012,-69.8399,"Laminaria digitata","Random",1,0,NA,NA,0
448,"farrell_rasher_2026","Gulf of Maine","Casco Bay_Cape_Small",6,"Casco Bay_Cape_Small 2021 1 40",2021,9,1,43.7012,-69.8399,"Saccharina latissima","Random",1,0,NA,NA,0
449,"farrell_rasher_2026","Gulf of Maine","Penobscot Bay_Marshall_Island",6,"Penobscot Bay_Marshall_Island 2021 16 15",2021,9,16,44.1011,-68.5088,"Agarum clathratum","Random",1,0,NA,NA,NA
450,"farrell_rasher_2026","Gulf of Maine","Penobscot Bay_Marshall_Island",6,"Penobscot Bay_Marshall_Island 2021 16 15",2021,9,16,44.1011,-68.5088,"Alaria esculenta","Random",1,0,NA,NA,NA
451,"farrell_rasher_2026","Gulf of Maine","Penobscot Bay_Marshall_Island",6,"Penobscot Bay_Marshall_Island 2021 16 15",2021,9,16,44.1011,-68.5088,"Laminaria digitata","Random",1,10,NA,NA,NA
452,"farrell_rasher_2026","Gulf of Maine","Penobscot Bay_Marshall_Island",6,"Penobscot Bay_Marshall_Island 2021 16 15",2021,9,16,44.1011,-68.5088,"Saccharina latissima","Random",1,20,NA,NA,NA
453,"farrell_rasher_2026","Gulf of Maine","Penobscot Bay_Marshall_Island",6,"Penobscot Bay_Marshall_Island 2021 16 25",2021,9,16,44.1011,-68.5088,"Agarum clathratum","Random",1,0,NA,NA,0
454,"farrell_rasher_2026","Gulf of Maine","Penobscot Bay_Marshall_Island",6,"Penobscot Bay_Marshall_Island 2021 16 25",2021,9,16,44.1011,-68.5088,"Alaria esculenta","Random",1,0,NA,NA,0
455,"farrell_rasher_2026","Gulf of Maine","Penobscot Bay_Marshall_Island",6,"Penobscot Bay_Marshall_Island 2021 16 25",2021,9,16,44.1011,-68.5088,"Laminaria digitata","Random",1,10,NA,NA,0.39
456,"farrell_rasher_2026","Gulf of Maine","Penobscot Bay_Marshall_Island",6,"Penobscot Bay_Marshall_Island 2021 16 25",2021,9,16,44.1011,-68.5088,"Saccharina latissima","Random",1,20,NA,NA,0.67
457,"farrell_rasher_2026","Gulf of Maine","Penobscot Bay_Marshall_Island",6,"Penobscot Bay_Marshall_Island 2021 16 35",2021,9,16,44.1011,-68.5088,"Agarum clathratum","Random",1,1,NA,NA,NA
458,"farrell_rasher_2026","Gulf of Maine","Penobscot Bay_Marshall_Island",6,"Penobscot Bay_Marshall_Island 2021 16 35",2021,9,16,44.1011,-68.5088,"Alaria esculenta","Random",1,0,NA,NA,NA
459,"farrell_rasher_2026","Gulf of Maine","Penobscot Bay_Marshall_Island",6,"Penobscot Bay_Marshall_Island 2021 16 35",2021,9,16,44.1011,-68.5088,"Laminaria digitata","Random",1,5,NA,NA,NA
460,"farrell_rasher_2026","Gulf of Maine","Penobscot Bay_Marshall_Island",6,"Penobscot Bay_Marshall_Island 2021 16 35",2021,9,16,44.1011,-68.5088,"Saccharina latissima","Random",1,20,NA,NA,NA
461,"farrell_rasher_2026","Gulf of Maine","Penobscot Bay_Marshall_Island",6,"Penobscot Bay_Marshall_Island 2021 16 5",2021,9,16,44.1011,-68.5088,"Agarum clathratum","Random",1,1,NA,NA,0.05255
462,"farrell_rasher_2026","Gulf of Maine","Penobscot Bay_Marshall_Island",6,"Penobscot Bay_Marshall_Island 2021 16 5",2021,9,16,44.1011,-68.5088,"Alaria esculenta","Random",1,1,NA,NA,0
463,"farrell_rasher_2026","Gulf of Maine","Penobscot Bay_Marshall_Island",6,"Penobscot Bay_Marshall_Island 2021 16 5",2021,9,16,44.1011,-68.5088,"Laminaria digitata","Random",1,10,NA,NA,0.55
464,"farrell_rasher_2026","Gulf of Maine","Penobscot Bay_Marshall_Island",6,"Penobscot Bay_Marshall_Island 2021 16 5",2021,9,16,44.1011,-68.5088,"Saccharina latissima","Random",1,10,NA,NA,0.86
465,"farrell_rasher_2026","Gulf of Maine","Penobscot Bay_Marshall_Island",6,"Penobscot Bay_Marshall_Island 2021 16 10",2021,9,16,44.1011,-68.5088,"Agarum clathratum","Random",1,0,NA,NA,0.00126
466,"farrell_rasher_2026","Gulf of Maine","Penobscot Bay_Marshall_Island",6,"Penobscot Bay_Marshall_Island 2021 16 10",2021,9,16,44.1011,-68.5088,"Alaria esculenta","Random",1,0,NA,NA,0
467,"farrell_rasher_2026","Gulf of Maine","Penobscot Bay_Marshall_Island",6,"Penobscot Bay_Marshall_Island 2021 16 10",2021,9,16,44.1011,-68.5088,"Laminaria digitata","Random",1,10,NA,NA,0.545
468,"farrell_rasher_2026","Gulf of Maine","Penobscot Bay_Marshall_Island",6,"Penobscot Bay_Marshall_Island 2021 16 10",2021,9,16,44.1011,-68.5088,"Saccharina latissima","Random",1,30,NA,NA,0.695
469,"farrell_rasher_2026","Gulf of Maine","Penobscot Bay_Marshall_Island",6,"Penobscot Bay_Marshall_Island 2021 16 20",2021,9,16,44.1011,-68.5088,"Agarum clathratum","Random",1,1,NA,NA,NA
470,"farrell_rasher_2026","Gulf of Maine","Penobscot Bay_Marshall_Island",6,"Penobscot Bay_Marshall_Island 2021 16 20",2021,9,16,44.1011,-68.5088,"Alaria esculenta","Random",1,0,NA,NA,NA
471,"farrell_rasher_2026","Gulf of Maine","Penobscot Bay_Marshall_Island",6,"Penobscot Bay_Marshall_Island 2021 16 20",2021,9,16,44.1011,-68.5088,"Laminaria digitata","Random",1,40,NA,NA,NA
472,"farrell_rasher_2026","Gulf of Maine","Penobscot Bay_Marshall_Island",6,"Penobscot Bay_Marshall_Island 2021 16 20",2021,9,16,44.1011,-68.5088,"Saccharina latissima","Random",1,40,NA,NA,NA
473,"farrell_rasher_2026","Gulf of Maine","Penobscot Bay_Marshall_Island",6,"Penobscot Bay_Marshall_Island 2021 16 30",2021,9,16,44.1011,-68.5088,"Agarum clathratum","Random",1,0,NA,NA,0.01031
474,"farrell_rasher_2026","Gulf of Maine","Penobscot Bay_Marshall_Island",6,"Penobscot Bay_Marshall_Island 2021 16 30",2021,9,16,44.1011,-68.5088,"Alaria esculenta","Random",1,0,NA,NA,0
475,"farrell_rasher_2026","Gulf of Maine","Penobscot Bay_Marshall_Island",6,"Penobscot Bay_Marshall_Island 2021 16 30",2021,9,16,44.1011,-68.5088,"Laminaria digitata","Random",1,30,NA,NA,0.22983
476,"farrell_rasher_2026","Gulf of Maine","Penobscot Bay_Marshall_Island",6,"Penobscot Bay_Marshall_Island 2021 16 30",2021,9,16,44.1011,-68.5088,"Saccharina latissima","Random",1,5,NA,NA,0.755
477,"farrell_rasher_2026","Gulf of Maine","Penobscot Bay_Marshall_Island",6,"Penobscot Bay_Marshall_Island 2021 16 40",2021,9,16,44.1011,-68.5088,"Agarum clathratum","Random",1,5,NA,NA,NA
478,"farrell_rasher_2026","Gulf of Maine","Penobscot Bay_Marshall_Island",6,"Penobscot Bay_Marshall_Island 2021 16 40",2021,9,16,44.1011,-68.5088,"Alaria esculenta","Random",1,0,NA,NA,NA
479,"farrell_rasher_2026","Gulf of Maine","Penobscot Bay_Marshall_Island",6,"Penobscot Bay_Marshall_Island 2021 16 40",2021,9,16,44.1011,-68.5088,"Laminaria digitata","Random",1,5,NA,NA,NA
480,"farrell_rasher_2026","Gulf of Maine","Penobscot Bay_Marshall_Island",6,"Penobscot Bay_Marshall_Island 2021 16 40",2021,9,16,44.1011,-68.5088,"Saccharina latissima","Random",1,50,NA,NA,NA
481,"farrell_rasher_2026","Gulf of Maine","Penobscot Bay_Isle_au_Haut",6,"Penobscot Bay_Isle_au_Haut 2021 17 15",2021,9,17,44.0149,-68.6078,"Agarum clathratum","Random",1,0,NA,NA,NA
482,"farrell_rasher_2026","Gulf of Maine","Penobscot Bay_Isle_au_Haut",6,"Penobscot Bay_Isle_au_Haut 2021 17 15",2021,9,17,44.0149,-68.6078,"Alaria esculenta","Random",1,0,NA,NA,NA
483,"farrell_rasher_2026","Gulf of Maine","Penobscot Bay_Isle_au_Haut",6,"Penobscot Bay_Isle_au_Haut 2021 17 15",2021,9,17,44.0149,-68.6078,"Laminaria digitata","Random",1,5,NA,NA,NA
484,"farrell_rasher_2026","Gulf of Maine","Penobscot Bay_Isle_au_Haut",6,"Penobscot Bay_Isle_au_Haut 2021 17 15",2021,9,17,44.0149,-68.6078,"Saccharina latissima","Random",1,10,NA,NA,NA
485,"farrell_rasher_2026","Gulf of Maine","Penobscot Bay_Isle_au_Haut",6,"Penobscot Bay_Isle_au_Haut 2021 17 25",2021,9,17,44.0149,-68.6078,"Agarum clathratum","Random",1,0,NA,NA,0
486,"farrell_rasher_2026","Gulf of Maine","Penobscot Bay_Isle_au_Haut",6,"Penobscot Bay_Isle_au_Haut 2021 17 25",2021,9,17,44.0149,-68.6078,"Alaria esculenta","Random",1,0,NA,NA,0
487,"farrell_rasher_2026","Gulf of Maine","Penobscot Bay_Isle_au_Haut",6,"Penobscot Bay_Isle_au_Haut 2021 17 25",2021,9,17,44.0149,-68.6078,"Laminaria digitata","Random",1,0,NA,NA,0
488,"farrell_rasher_2026","Gulf of Maine","Penobscot Bay_Isle_au_Haut",6,"Penobscot Bay_Isle_au_Haut 2021 17 25",2021,9,17,44.0149,-68.6078,"Saccharina latissima","Random",1,5,NA,NA,0.114
489,"farrell_rasher_2026","Gulf of Maine","Penobscot Bay_Isle_au_Haut",6,"Penobscot Bay_Isle_au_Haut 2021 17 35",2021,9,17,44.0149,-68.6078,"Agarum clathratum","Random",1,0,NA,NA,NA
490,"farrell_rasher_2026","Gulf of Maine","Penobscot Bay_Isle_au_Haut",6,"Penobscot Bay_Isle_au_Haut 2021 17 35",2021,9,17,44.0149,-68.6078,"Alaria esculenta","Random",1,0,NA,NA,NA
491,"farrell_rasher_2026","Gulf of Maine","Penobscot Bay_Isle_au_Haut",6,"Penobscot Bay_Isle_au_Haut 2021 17 35",2021,9,17,44.0149,-68.6078,"Laminaria digitata","Random",1,0,NA,NA,NA
492,"farrell_rasher_2026","Gulf of Maine","Penobscot Bay_Isle_au_Haut",6,"Penobscot Bay_Isle_au_Haut 2021 17 35",2021,9,17,44.0149,-68.6078,"Saccharina latissima","Random",1,40,NA,NA,NA
493,"farrell_rasher_2026","Gulf of Maine","Penobscot Bay_Isle_au_Haut",6,"Penobscot Bay_Isle_au_Haut 2021 17 5",2021,9,17,44.0149,-68.6078,"Agarum clathratum","Random",1,0,NA,NA,0
494,"farrell_rasher_2026","Gulf of Maine","Penobscot Bay_Isle_au_Haut",6,"Penobscot Bay_Isle_au_Haut 2021 17 5",2021,9,17,44.0149,-68.6078,"Alaria esculenta","Random",1,0,NA,NA,0
495,"farrell_rasher_2026","Gulf of Maine","Penobscot Bay_Isle_au_Haut",6,"Penobscot Bay_Isle_au_Haut 2021 17 5",2021,9,17,44.0149,-68.6078,"Laminaria digitata","Random",1,0,NA,NA,0
496,"farrell_rasher_2026","Gulf of Maine","Penobscot Bay_Isle_au_Haut",6,"Penobscot Bay_Isle_au_Haut 2021 17 5",2021,9,17,44.0149,-68.6078,"Saccharina latissima","Random",1,10,NA,NA,0.13539
497,"farrell_rasher_2026","Gulf of Maine","Penobscot Bay_Isle_au_Haut",6,"Penobscot Bay_Isle_au_Haut 2021 17 10",2021,9,17,44.0149,-68.6078,"Agarum clathratum","Random",1,0,NA,NA,NA
498,"farrell_rasher_2026","Gulf of Maine","Penobscot Bay_Isle_au_Haut",6,"Penobscot Bay_Isle_au_Haut 2021 17 10",2021,9,17,44.0149,-68.6078,"Alaria esculenta","Random",1,0,NA,NA,NA
499,"farrell_rasher_2026","Gulf of Maine","Penobscot Bay_Isle_au_Haut",6,"Penobscot Bay_Isle_au_Haut 2021 17 10",2021,9,17,44.0149,-68.6078,"Laminaria digitata","Random",1,0,NA,NA,NA
500,"farrell_rasher_2026","Gulf of Maine","Penobscot Bay_Isle_au_Haut",6,"Penobscot Bay_Isle_au_Haut 2021 17 10",2021,9,17,44.0149,-68.6078,"Saccharina latissima","Random",1,0,NA,NA,NA
501,"farrell_rasher_2026","Gulf of Maine","Penobscot Bay_Isle_au_Haut",6,"Penobscot Bay_Isle_au_Haut 2021 17 20",2021,9,17,44.0149,-68.6078,"Agarum clathratum","Random",1,0,NA,NA,0
502,"farrell_rasher_2026","Gulf of Maine","Penobscot Bay_Isle_au_Haut",6,"Penobscot Bay_Isle_au_Haut 2021 17 20",2021,9,17,44.0149,-68.6078,"Alaria esculenta","Random",1,0,NA,NA,0
503,"farrell_rasher_2026","Gulf of Maine","Penobscot Bay_Isle_au_Haut",6,"Penobscot Bay_Isle_au_Haut 2021 17 20",2021,9,17,44.0149,-68.6078,"Laminaria digitata","Random",1,0,NA,NA,0.02409
504,"farrell_rasher_2026","Gulf of Maine","Penobscot Bay_Isle_au_Haut",6,"Penobscot Bay_Isle_au_Haut 2021 17 20",2021,9,17,44.0149,-68.6078,"Saccharina latissima","Random",1,20,NA,NA,0
505,"farrell_rasher_2026","Gulf of Maine","Penobscot Bay_Isle_au_Haut",6,"Penobscot Bay_Isle_au_Haut 2021 17 30",2021,9,17,44.0149,-68.6078,"Agarum clathratum","Random",1,0,NA,NA,NA
506,"farrell_rasher_2026","Gulf of Maine","Penobscot Bay_Isle_au_Haut",6,"Penobscot Bay_Isle_au_Haut 2021 17 30",2021,9,17,44.0149,-68.6078,"Alaria esculenta","Random",1,0,NA,NA,NA
507,"farrell_rasher_2026","Gulf of Maine","Penobscot Bay_Isle_au_Haut",6,"Penobscot Bay_Isle_au_Haut 2021 17 30",2021,9,17,44.0149,-68.6078,"Laminaria digitata","Random",1,0,NA,NA,NA
508,"farrell_rasher_2026","Gulf of Maine","Penobscot Bay_Isle_au_Haut",6,"Penobscot Bay_Isle_au_Haut 2021 17 30",2021,9,17,44.0149,-68.6078,"Saccharina latissima","Random",1,20,NA,NA,NA
509,"farrell_rasher_2026","Gulf of Maine","Penobscot Bay_Isle_au_Haut",6,"Penobscot Bay_Isle_au_Haut 2021 17 40",2021,9,17,44.0149,-68.6078,"Agarum clathratum","Random",1,0,NA,NA,0
510,"farrell_rasher_2026","Gulf of Maine","Penobscot Bay_Isle_au_Haut",6,"Penobscot Bay_Isle_au_Haut 2021 17 40",2021,9,17,44.0149,-68.6078,"Alaria esculenta","Random",1,0,NA,NA,0
511,"farrell_rasher_2026","Gulf of Maine","Penobscot Bay_Isle_au_Haut",6,"Penobscot Bay_Isle_au_Haut 2021 17 40",2021,9,17,44.0149,-68.6078,"Laminaria digitata","Random",1,0,NA,NA,0
512,"farrell_rasher_2026","Gulf of Maine","Penobscot Bay_Isle_au_Haut",6,"Penobscot Bay_Isle_au_Haut 2021 17 40",2021,9,17,44.0149,-68.6078,"Saccharina latissima","Random",1,40,NA,NA,0.503
513,"farrell_rasher_2026","Gulf of Maine","Casco Bay_Cape_Elizabeth",6,"Casco Bay_Cape_Elizabeth 2022 11 10",2022,8,11,43.5632,-70.1968,"Agarum clathratum","Random",1,1,NA,NA,NA
514,"farrell_rasher_2026","Gulf of Maine","Casco Bay_Cape_Elizabeth",6,"Casco Bay_Cape_Elizabeth 2022 11 10",2022,8,11,43.5632,-70.1968,"Alaria esculenta","Random",1,0,NA,NA,NA
515,"farrell_rasher_2026","Gulf of Maine","Casco Bay_Cape_Elizabeth",6,"Casco Bay_Cape_Elizabeth 2022 11 10",2022,8,11,43.5632,-70.1968,"Laminaria digitata","Random",1,0,NA,NA,NA
516,"farrell_rasher_2026","Gulf of Maine","Casco Bay_Cape_Elizabeth",6,"Casco Bay_Cape_Elizabeth 2022 11 10",2022,8,11,43.5632,-70.1968,"Saccharina latissima","Random",1,20,NA,NA,NA
517,"farrell_rasher_2026","Gulf of Maine","Casco Bay_Cape_Elizabeth",6,"Casco Bay_Cape_Elizabeth 2022 11 20",2022,8,11,43.5632,-70.1968,"Agarum clathratum","Random",1,0,NA,NA,0.00411
518,"farrell_rasher_2026","Gulf of Maine","Casco Bay_Cape_Elizabeth",6,"Casco Bay_Cape_Elizabeth 2022 11 20",2022,8,11,43.5632,-70.1968,"Alaria esculenta","Random",1,0,NA,NA,0
519,"farrell_rasher_2026","Gulf of Maine","Casco Bay_Cape_Elizabeth",6,"Casco Bay_Cape_Elizabeth 2022 11 20",2022,8,11,43.5632,-70.1968,"Laminaria digitata","Random",1,0,NA,NA,0
520,"farrell_rasher_2026","Gulf of Maine","Casco Bay_Cape_Elizabeth",6,"Casco Bay_Cape_Elizabeth 2022 11 20",2022,8,11,43.5632,-70.1968,"Saccharina latissima","Random",1,5,NA,NA,0
521,"farrell_rasher_2026","Gulf of Maine","Casco Bay_Cape_Elizabeth",6,"Casco Bay_Cape_Elizabeth 2022 11 30",2022,8,11,43.5632,-70.1968,"Agarum clathratum","Random",1,0,NA,NA,NA
522,"farrell_rasher_2026","Gulf of Maine","Casco Bay_Cape_Elizabeth",6,"Casco Bay_Cape_Elizabeth 2022 11 30",2022,8,11,43.5632,-70.1968,"Alaria esculenta","Random",1,0,NA,NA,NA
523,"farrell_rasher_2026","Gulf of Maine","Casco Bay_Cape_Elizabeth",6,"Casco Bay_Cape_Elizabeth 2022 11 30",2022,8,11,43.5632,-70.1968,"Laminaria digitata","Random",1,0,NA,NA,NA
524,"farrell_rasher_2026","Gulf of Maine","Casco Bay_Cape_Elizabeth",6,"Casco Bay_Cape_Elizabeth 2022 11 30",2022,8,11,43.5632,-70.1968,"Saccharina latissima","Random",1,5,NA,NA,NA
525,"farrell_rasher_2026","Gulf of Maine","Casco Bay_Cape_Elizabeth",6,"Casco Bay_Cape_Elizabeth 2022 11 40",2022,8,11,43.5632,-70.1968,"Agarum clathratum","Random",1,10,NA,NA,0.55
526,"farrell_rasher_2026","Gulf of Maine","Casco Bay_Cape_Elizabeth",6,"Casco Bay_Cape_Elizabeth 2022 11 40",2022,8,11,43.5632,-70.1968,"Alaria esculenta","Random",1,0,NA,NA,0
527,"farrell_rasher_2026","Gulf of Maine","Casco Bay_Cape_Elizabeth",6,"Casco Bay_Cape_Elizabeth 2022 11 40",2022,8,11,43.5632,-70.1968,"Laminaria digitata","Random",1,30,NA,NA,0.405
528,"farrell_rasher_2026","Gulf of Maine","Casco Bay_Cape_Elizabeth",6,"Casco Bay_Cape_Elizabeth 2022 11 40",2022,8,11,43.5632,-70.1968,"Saccharina latissima","Random",1,20,NA,NA,0.213
529,"farrell_rasher_2026","Gulf of Maine","Casco Bay_Cape_Elizabeth",6,"Casco Bay_Cape_Elizabeth 2022 11 15",2022,8,11,43.5632,-70.1968,"Agarum clathratum","Random",1,0,NA,NA,NA
530,"farrell_rasher_2026","Gulf of Maine","Casco Bay_Cape_Elizabeth",6,"Casco Bay_Cape_Elizabeth 2022 11 15",2022,8,11,43.5632,-70.1968,"Alaria esculenta","Random",1,0,NA,NA,NA
531,"farrell_rasher_2026","Gulf of Maine","Casco Bay_Cape_Elizabeth",6,"Casco Bay_Cape_Elizabeth 2022 11 15",2022,8,11,43.5632,-70.1968,"Laminaria digitata","Random",1,20,NA,NA,NA
532,"farrell_rasher_2026","Gulf of Maine","Casco Bay_Cape_Elizabeth",6,"Casco Bay_Cape_Elizabeth 2022 11 15",2022,8,11,43.5632,-70.1968,"Saccharina latissima","Random",1,20,NA,NA,NA
533,"farrell_rasher_2026","Gulf of Maine","Casco Bay_Cape_Elizabeth",6,"Casco Bay_Cape_Elizabeth 2022 11 25",2022,8,11,43.5632,-70.1968,"Agarum clathratum","Random",1,0,NA,NA,0
534,"farrell_rasher_2026","Gulf of Maine","Casco Bay_Cape_Elizabeth",6,"Casco Bay_Cape_Elizabeth 2022 11 25",2022,8,11,43.5632,-70.1968,"Alaria esculenta","Random",1,0,NA,NA,0
535,"farrell_rasher_2026","Gulf of Maine","Casco Bay_Cape_Elizabeth",6,"Casco Bay_Cape_Elizabeth 2022 11 25",2022,8,11,43.5632,-70.1968,"Laminaria digitata","Random",1,0,NA,NA,0
536,"farrell_rasher_2026","Gulf of Maine","Casco Bay_Cape_Elizabeth",6,"Casco Bay_Cape_Elizabeth 2022 11 25",2022,8,11,43.5632,-70.1968,"Saccharina latissima","Random",1,20,NA,NA,0.1619
537,"farrell_rasher_2026","Gulf of Maine","Casco Bay_Cape_Elizabeth",6,"Casco Bay_Cape_Elizabeth 2022 11 35",2022,8,11,43.5632,-70.1968,"Agarum clathratum","Random",1,0,NA,NA,NA
538,"farrell_rasher_2026","Gulf of Maine","Casco Bay_Cape_Elizabeth",6,"Casco Bay_Cape_Elizabeth 2022 11 35",2022,8,11,43.5632,-70.1968,"Alaria esculenta","Random",1,0,NA,NA,NA
539,"farrell_rasher_2026","Gulf of Maine","Casco Bay_Cape_Elizabeth",6,"Casco Bay_Cape_Elizabeth 2022 11 35",2022,8,11,43.5632,-70.1968,"Laminaria digitata","Random",1,10,NA,NA,NA
540,"farrell_rasher_2026","Gulf of Maine","Casco Bay_Cape_Elizabeth",6,"Casco Bay_Cape_Elizabeth 2022 11 35",2022,8,11,43.5632,-70.1968,"Saccharina latissima","Random",1,20,NA,NA,NA
541,"farrell_rasher_2026","Gulf of Maine","Casco Bay_Cape_Elizabeth",6,"Casco Bay_Cape_Elizabeth 2022 11 5",2022,8,11,43.5632,-70.1968,"Agarum clathratum","Random",1,5,NA,NA,0.01805
542,"farrell_rasher_2026","Gulf of Maine","Casco Bay_Cape_Elizabeth",6,"Casco Bay_Cape_Elizabeth 2022 11 5",2022,8,11,43.5632,-70.1968,"Alaria esculenta","Random",1,0,NA,NA,0
543,"farrell_rasher_2026","Gulf of Maine","Casco Bay_Cape_Elizabeth",6,"Casco Bay_Cape_Elizabeth 2022 11 5",2022,8,11,43.5632,-70.1968,"Laminaria digitata","Random",1,0,NA,NA,0
544,"farrell_rasher_2026","Gulf of Maine","Casco Bay_Cape_Elizabeth",6,"Casco Bay_Cape_Elizabeth 2022 11 5",2022,8,11,43.5632,-70.1968,"Saccharina latissima","Random",1,40,NA,NA,0.22753
545,"farrell_rasher_2026","Gulf of Maine","Casco Bay_Cape_Small",6,"Casco Bay_Cape_Small 2022 12 10",2022,8,12,43.7012,-69.8399,"Agarum clathratum","Random",1,5,NA,NA,NA
546,"farrell_rasher_2026","Gulf of Maine","Casco Bay_Cape_Small",6,"Casco Bay_Cape_Small 2022 12 10",2022,8,12,43.7012,-69.8399,"Alaria esculenta","Random",1,0,NA,NA,NA
547,"farrell_rasher_2026","Gulf of Maine","Casco Bay_Cape_Small",6,"Casco Bay_Cape_Small 2022 12 10",2022,8,12,43.7012,-69.8399,"Laminaria digitata","Random",1,0,NA,NA,NA
548,"farrell_rasher_2026","Gulf of Maine","Casco Bay_Cape_Small",6,"Casco Bay_Cape_Small 2022 12 10",2022,8,12,43.7012,-69.8399,"Saccharina latissima","Random",1,0,NA,NA,NA
549,"farrell_rasher_2026","Gulf of Maine","Casco Bay_Cape_Small",6,"Casco Bay_Cape_Small 2022 12 20",2022,8,12,43.7012,-69.8399,"Agarum clathratum","Random",1,0,NA,NA,0
550,"farrell_rasher_2026","Gulf of Maine","Casco Bay_Cape_Small",6,"Casco Bay_Cape_Small 2022 12 20",2022,8,12,43.7012,-69.8399,"Alaria esculenta","Random",1,0,NA,NA,0
551,"farrell_rasher_2026","Gulf of Maine","Casco Bay_Cape_Small",6,"Casco Bay_Cape_Small 2022 12 20",2022,8,12,43.7012,-69.8399,"Laminaria digitata","Random",1,0,NA,NA,0
552,"farrell_rasher_2026","Gulf of Maine","Casco Bay_Cape_Small",6,"Casco Bay_Cape_Small 2022 12 20",2022,8,12,43.7012,-69.8399,"Saccharina latissima","Random",1,0,NA,NA,0
553,"farrell_rasher_2026","Gulf of Maine","Casco Bay_Cape_Small",6,"Casco Bay_Cape_Small 2022 12 30",2022,8,12,43.7012,-69.8399,"Agarum clathratum","Random",1,0,NA,NA,NA
554,"farrell_rasher_2026","Gulf of Maine","Casco Bay_Cape_Small",6,"Casco Bay_Cape_Small 2022 12 30",2022,8,12,43.7012,-69.8399,"Alaria esculenta","Random",1,0,NA,NA,NA
555,"farrell_rasher_2026","Gulf of Maine","Casco Bay_Cape_Small",6,"Casco Bay_Cape_Small 2022 12 30",2022,8,12,43.7012,-69.8399,"Laminaria digitata","Random",1,0,NA,NA,NA
556,"farrell_rasher_2026","Gulf of Maine","Casco Bay_Cape_Small",6,"Casco Bay_Cape_Small 2022 12 30",2022,8,12,43.7012,-69.8399,"Saccharina latissima","Random",1,0,NA,NA,NA
557,"farrell_rasher_2026","Gulf of Maine","Casco Bay_Cape_Small",6,"Casco Bay_Cape_Small 2022 12 40",2022,8,12,43.7012,-69.8399,"Agarum clathratum","Random",1,0,NA,NA,0
558,"farrell_rasher_2026","Gulf of Maine","Casco Bay_Cape_Small",6,"Casco Bay_Cape_Small 2022 12 40",2022,8,12,43.7012,-69.8399,"Alaria esculenta","Random",1,0,NA,NA,0
559,"farrell_rasher_2026","Gulf of Maine","Casco Bay_Cape_Small",6,"Casco Bay_Cape_Small 2022 12 40",2022,8,12,43.7012,-69.8399,"Laminaria digitata","Random",1,0,NA,NA,0
560,"farrell_rasher_2026","Gulf of Maine","Casco Bay_Cape_Small",6,"Casco Bay_Cape_Small 2022 12 40",2022,8,12,43.7012,-69.8399,"Saccharina latissima","Random",1,0,NA,NA,0
561,"farrell_rasher_2026","Gulf of Maine","Casco Bay_Cape_Small",6,"Casco Bay_Cape_Small 2022 12 15",2022,8,12,43.7012,-69.8399,"Agarum clathratum","Random",1,0,NA,NA,NA
562,"farrell_rasher_2026","Gulf of Maine","Casco Bay_Cape_Small",6,"Casco Bay_Cape_Small 2022 12 15",2022,8,12,43.7012,-69.8399,"Alaria esculenta","Random",1,0,NA,NA,NA
563,"farrell_rasher_2026","Gulf of Maine","Casco Bay_Cape_Small",6,"Casco Bay_Cape_Small 2022 12 15",2022,8,12,43.7012,-69.8399,"Laminaria digitata","Random",1,0,NA,NA,NA
564,"farrell_rasher_2026","Gulf of Maine","Casco Bay_Cape_Small",6,"Casco Bay_Cape_Small 2022 12 15",2022,8,12,43.7012,-69.8399,"Saccharina latissima","Random",1,0,NA,NA,NA
565,"farrell_rasher_2026","Gulf of Maine","Casco Bay_Cape_Small",6,"Casco Bay_Cape_Small 2022 12 25",2022,8,12,43.7012,-69.8399,"Agarum clathratum","Random",1,0,NA,NA,0
566,"farrell_rasher_2026","Gulf of Maine","Casco Bay_Cape_Small",6,"Casco Bay_Cape_Small 2022 12 25",2022,8,12,43.7012,-69.8399,"Alaria esculenta","Random",1,0,NA,NA,0
567,"farrell_rasher_2026","Gulf of Maine","Casco Bay_Cape_Small",6,"Casco Bay_Cape_Small 2022 12 25",2022,8,12,43.7012,-69.8399,"Laminaria digitata","Random",1,0,NA,NA,0
568,"farrell_rasher_2026","Gulf of Maine","Casco Bay_Cape_Small",6,"Casco Bay_Cape_Small 2022 12 25",2022,8,12,43.7012,-69.8399,"Saccharina latissima","Random",1,0,NA,NA,0
569,"farrell_rasher_2026","Gulf of Maine","Casco Bay_Cape_Small",6,"Casco Bay_Cape_Small 2022 12 35",2022,8,12,43.7012,-69.8399,"Agarum clathratum","Random",1,0,NA,NA,NA
570,"farrell_rasher_2026","Gulf of Maine","Casco Bay_Cape_Small",6,"Casco Bay_Cape_Small 2022 12 35",2022,8,12,43.7012,-69.8399,"Alaria esculenta","Random",1,0,NA,NA,NA
571,"farrell_rasher_2026","Gulf of Maine","Casco Bay_Cape_Small",6,"Casco Bay_Cape_Small 2022 12 35",2022,8,12,43.7012,-69.8399,"Laminaria digitata","Random",1,0,NA,NA,NA
572,"farrell_rasher_2026","Gulf of Maine","Casco Bay_Cape_Small",6,"Casco Bay_Cape_Small 2022 12 35",2022,8,12,43.7012,-69.8399,"Saccharina latissima","Random",1,0,NA,NA,NA
573,"farrell_rasher_2026","Gulf of Maine","Casco Bay_Cape_Small",6,"Casco Bay_Cape_Small 2022 12 5",2022,8,12,43.7012,-69.8399,"Agarum clathratum","Random",1,0,NA,NA,0
574,"farrell_rasher_2026","Gulf of Maine","Casco Bay_Cape_Small",6,"Casco Bay_Cape_Small 2022 12 5",2022,8,12,43.7012,-69.8399,"Alaria esculenta","Random",1,0,NA,NA,0
575,"farrell_rasher_2026","Gulf of Maine","Casco Bay_Cape_Small",6,"Casco Bay_Cape_Small 2022 12 5",2022,8,12,43.7012,-69.8399,"Laminaria digitata","Random",1,0,NA,NA,0
576,"farrell_rasher_2026","Gulf of Maine","Casco Bay_Cape_Small",6,"Casco Bay_Cape_Small 2022 12 5",2022,8,12,43.7012,-69.8399,"Saccharina latissima","Random",1,0,NA,NA,0
577,"farrell_rasher_2026","Gulf of Maine","Casco Bay_Halfway_Rock",6,"Casco Bay_Halfway_Rock 2022 16 10",2022,8,16,43.6546,-70.0373,"Agarum clathratum","Random",1,0,NA,NA,0
578,"farrell_rasher_2026","Gulf of Maine","Casco Bay_Halfway_Rock",6,"Casco Bay_Halfway_Rock 2022 16 10",2022,8,16,43.6546,-70.0373,"Alaria esculenta","Random",1,0,NA,NA,0
579,"farrell_rasher_2026","Gulf of Maine","Casco Bay_Halfway_Rock",6,"Casco Bay_Halfway_Rock 2022 16 10",2022,8,16,43.6546,-70.0373,"Laminaria digitata","Random",1,0,NA,NA,0
580,"farrell_rasher_2026","Gulf of Maine","Casco Bay_Halfway_Rock",6,"Casco Bay_Halfway_Rock 2022 16 10",2022,8,16,43.6546,-70.0373,"Saccharina latissima","Random",1,0,NA,NA,0
581,"farrell_rasher_2026","Gulf of Maine","Casco Bay_Halfway_Rock",6,"Casco Bay_Halfway_Rock 2022 16 20",2022,8,16,43.6546,-70.0373,"Agarum clathratum","Random",1,0,NA,NA,0
582,"farrell_rasher_2026","Gulf of Maine","Casco Bay_Halfway_Rock",6,"Casco Bay_Halfway_Rock 2022 16 20",2022,8,16,43.6546,-70.0373,"Alaria esculenta","Random",1,0,NA,NA,0
583,"farrell_rasher_2026","Gulf of Maine","Casco Bay_Halfway_Rock",6,"Casco Bay_Halfway_Rock 2022 16 20",2022,8,16,43.6546,-70.0373,"Laminaria digitata","Random",1,0,NA,NA,0
584,"farrell_rasher_2026","Gulf of Maine","Casco Bay_Halfway_Rock",6,"Casco Bay_Halfway_Rock 2022 16 20",2022,8,16,43.6546,-70.0373,"Saccharina latissima","Random",1,0,NA,NA,0
585,"farrell_rasher_2026","Gulf of Maine","Casco Bay_Halfway_Rock",6,"Casco Bay_Halfway_Rock 2022 16 30",2022,8,16,43.6546,-70.0373,"Agarum clathratum","Random",1,0,NA,NA,0
586,"farrell_rasher_2026","Gulf of Maine","Casco Bay_Halfway_Rock",6,"Casco Bay_Halfway_Rock 2022 16 30",2022,8,16,43.6546,-70.0373,"Alaria esculenta","Random",1,0,NA,NA,0
587,"farrell_rasher_2026","Gulf of Maine","Casco Bay_Halfway_Rock",6,"Casco Bay_Halfway_Rock 2022 16 30",2022,8,16,43.6546,-70.0373,"Laminaria digitata","Random",1,0,NA,NA,0
588,"farrell_rasher_2026","Gulf of Maine","Casco Bay_Halfway_Rock",6,"Casco Bay_Halfway_Rock 2022 16 30",2022,8,16,43.6546,-70.0373,"Saccharina latissima","Random",1,1,NA,NA,0.00276
589,"farrell_rasher_2026","Gulf of Maine","Casco Bay_Halfway_Rock",6,"Casco Bay_Halfway_Rock 2022 16 40",2022,8,16,43.6546,-70.0373,"Agarum clathratum","Random",1,0,NA,NA,NA
590,"farrell_rasher_2026","Gulf of Maine","Casco Bay_Halfway_Rock",6,"Casco Bay_Halfway_Rock 2022 16 40",2022,8,16,43.6546,-70.0373,"Alaria esculenta","Random",1,0,NA,NA,NA
591,"farrell_rasher_2026","Gulf of Maine","Casco Bay_Halfway_Rock",6,"Casco Bay_Halfway_Rock 2022 16 40",2022,8,16,43.6546,-70.0373,"Laminaria digitata","Random",1,0,NA,NA,NA
592,"farrell_rasher_2026","Gulf of Maine","Casco Bay_Halfway_Rock",6,"Casco Bay_Halfway_Rock 2022 16 40",2022,8,16,43.6546,-70.0373,"Saccharina latissima","Random",1,1,NA,NA,NA
593,"farrell_rasher_2026","Gulf of Maine","Casco Bay_Halfway_Rock",6,"Casco Bay_Halfway_Rock 2022 16 15",2022,8,16,43.6546,-70.0373,"Agarum clathratum","Random",1,0,NA,NA,0
594,"farrell_rasher_2026","Gulf of Maine","Casco Bay_Halfway_Rock",6,"Casco Bay_Halfway_Rock 2022 16 15",2022,8,16,43.6546,-70.0373,"Alaria esculenta","Random",1,0,NA,NA,0
595,"farrell_rasher_2026","Gulf of Maine","Casco Bay_Halfway_Rock",6,"Casco Bay_Halfway_Rock 2022 16 15",2022,8,16,43.6546,-70.0373,"Laminaria digitata","Random",1,0,NA,NA,0
596,"farrell_rasher_2026","Gulf of Maine","Casco Bay_Halfway_Rock",6,"Casco Bay_Halfway_Rock 2022 16 15",2022,8,16,43.6546,-70.0373,"Saccharina latissima","Random",1,0,NA,NA,0
597,"farrell_rasher_2026","Gulf of Maine","Casco Bay_Halfway_Rock",6,"Casco Bay_Halfway_Rock 2022 16 25",2022,8,16,43.6546,-70.0373,"Agarum clathratum","Random",1,0,NA,NA,0
598,"farrell_rasher_2026","Gulf of Maine","Casco Bay_Halfway_Rock",6,"Casco Bay_Halfway_Rock 2022 16 25",2022,8,16,43.6546,-70.0373,"Alaria esculenta","Random",1,0,NA,NA,0
599,"farrell_rasher_2026","Gulf of Maine","Casco Bay_Halfway_Rock",6,"Casco Bay_Halfway_Rock 2022 16 25",2022,8,16,43.6546,-70.0373,"Laminaria digitata","Random",1,0,NA,NA,0
600,"farrell_rasher_2026","Gulf of Maine","Casco Bay_Halfway_Rock",6,"Casco Bay_Halfway_Rock 2022 16 25",2022,8,16,43.6546,-70.0373,"Saccharina latissima","Random",1,0,NA,NA,0
601,"farrell_rasher_2026","Gulf of Maine","Casco Bay_Halfway_Rock",6,"Casco Bay_Halfway_Rock 2022 16 35",2022,8,16,43.6546,-70.0373,"Agarum clathratum","Random",1,0,NA,NA,NA
602,"farrell_rasher_2026","Gulf of Maine","Casco Bay_Halfway_Rock",6,"Casco Bay_Halfway_Rock 2022 16 35",2022,8,16,43.6546,-70.0373,"Alaria esculenta","Random",1,0,NA,NA,NA
603,"farrell_rasher_2026","Gulf of Maine","Casco Bay_Halfway_Rock",6,"Casco Bay_Halfway_Rock 2022 16 35",2022,8,16,43.6546,-70.0373,"Laminaria digitata","Random",1,0,NA,NA,NA
604,"farrell_rasher_2026","Gulf of Maine","Casco Bay_Halfway_Rock",6,"Casco Bay_Halfway_Rock 2022 16 35",2022,8,16,43.6546,-70.0373,"Saccharina latissima","Random",1,0,NA,NA,NA
605,"farrell_rasher_2026","Gulf of Maine","Casco Bay_Halfway_Rock",6,"Casco Bay_Halfway_Rock 2022 16 5",2022,8,16,43.6546,-70.0373,"Agarum clathratum","Random",1,0,NA,NA,0
606,"farrell_rasher_2026","Gulf of Maine","Casco Bay_Halfway_Rock",6,"Casco Bay_Halfway_Rock 2022 16 5",2022,8,16,43.6546,-70.0373,"Alaria esculenta","Random",1,0,NA,NA,0
607,"farrell_rasher_2026","Gulf of Maine","Casco Bay_Halfway_Rock",6,"Casco Bay_Halfway_Rock 2022 16 5",2022,8,16,43.6546,-70.0373,"Laminaria digitata","Random",1,0,NA,NA,0
608,"farrell_rasher_2026","Gulf of Maine","Casco Bay_Halfway_Rock",6,"Casco Bay_Halfway_Rock 2022 16 5",2022,8,16,43.6546,-70.0373,"Saccharina latissima","Random",1,0,NA,NA,0.00227
609,"farrell_rasher_2026","Gulf of Maine","Midcoast_Damariscove_Island",6,"Midcoast_Damariscove_Island 2022 19 10",2022,8,19,43.7565,-69.6188,"Agarum clathratum","Random",1,0,NA,NA,0.00798
610,"farrell_rasher_2026","Gulf of Maine","Midcoast_Damariscove_Island",6,"Midcoast_Damariscove_Island 2022 19 10",2022,8,19,43.7565,-69.6188,"Alaria esculenta","Random",1,1,NA,NA,0.01338
611,"farrell_rasher_2026","Gulf of Maine","Midcoast_Damariscove_Island",6,"Midcoast_Damariscove_Island 2022 19 10",2022,8,19,43.7565,-69.6188,"Laminaria digitata","Random",1,0,NA,NA,0
612,"farrell_rasher_2026","Gulf of Maine","Midcoast_Damariscove_Island",6,"Midcoast_Damariscove_Island 2022 19 10",2022,8,19,43.7565,-69.6188,"Saccharina latissima","Random",1,20,NA,NA,0.17359
613,"farrell_rasher_2026","Gulf of Maine","Midcoast_Damariscove_Island",6,"Midcoast_Damariscove_Island 2022 19 20",2022,8,19,43.7565,-69.6188,"Agarum clathratum","Random",1,0,NA,NA,0
614,"farrell_rasher_2026","Gulf of Maine","Midcoast_Damariscove_Island",6,"Midcoast_Damariscove_Island 2022 19 20",2022,8,19,43.7565,-69.6188,"Alaria esculenta","Random",1,0,NA,NA,0
615,"farrell_rasher_2026","Gulf of Maine","Midcoast_Damariscove_Island",6,"Midcoast_Damariscove_Island 2022 19 20",2022,8,19,43.7565,-69.6188,"Laminaria digitata","Random",1,0,NA,NA,0
616,"farrell_rasher_2026","Gulf of Maine","Midcoast_Damariscove_Island",6,"Midcoast_Damariscove_Island 2022 19 20",2022,8,19,43.7565,-69.6188,"Saccharina latissima","Random",1,20,NA,NA,0.32259
617,"farrell_rasher_2026","Gulf of Maine","Midcoast_Damariscove_Island",6,"Midcoast_Damariscove_Island 2022 19 30",2022,8,19,43.7565,-69.6188,"Agarum clathratum","Random",1,0,NA,NA,0
618,"farrell_rasher_2026","Gulf of Maine","Midcoast_Damariscove_Island",6,"Midcoast_Damariscove_Island 2022 19 30",2022,8,19,43.7565,-69.6188,"Alaria esculenta","Random",1,1,NA,NA,0.0037
619,"farrell_rasher_2026","Gulf of Maine","Midcoast_Damariscove_Island",6,"Midcoast_Damariscove_Island 2022 19 30",2022,8,19,43.7565,-69.6188,"Laminaria digitata","Random",1,0,NA,NA,0.03399
620,"farrell_rasher_2026","Gulf of Maine","Midcoast_Damariscove_Island",6,"Midcoast_Damariscove_Island 2022 19 30",2022,8,19,43.7565,-69.6188,"Saccharina latissima","Random",1,20,NA,NA,0.525
621,"farrell_rasher_2026","Gulf of Maine","Midcoast_Damariscove_Island",6,"Midcoast_Damariscove_Island 2022 19 40",2022,8,19,43.7565,-69.6188,"Agarum clathratum","Random",1,0,NA,NA,NA
622,"farrell_rasher_2026","Gulf of Maine","Midcoast_Damariscove_Island",6,"Midcoast_Damariscove_Island 2022 19 40",2022,8,19,43.7565,-69.6188,"Alaria esculenta","Random",1,0,NA,NA,NA
623,"farrell_rasher_2026","Gulf of Maine","Midcoast_Damariscove_Island",6,"Midcoast_Damariscove_Island 2022 19 40",2022,8,19,43.7565,-69.6188,"Laminaria digitata","Random",1,0,NA,NA,NA
624,"farrell_rasher_2026","Gulf of Maine","Midcoast_Damariscove_Island",6,"Midcoast_Damariscove_Island 2022 19 40",2022,8,19,43.7565,-69.6188,"Saccharina latissima","Random",1,5,NA,NA,NA
625,"farrell_rasher_2026","Gulf of Maine","Midcoast_Damariscove_Island",6,"Midcoast_Damariscove_Island 2022 19 15",2022,8,19,43.7565,-69.6188,"Agarum clathratum","Random",1,0,NA,NA,0
626,"farrell_rasher_2026","Gulf of Maine","Midcoast_Damariscove_Island",6,"Midcoast_Damariscove_Island 2022 19 15",2022,8,19,43.7565,-69.6188,"Alaria esculenta","Random",1,1,NA,NA,0.00186
627,"farrell_rasher_2026","Gulf of Maine","Midcoast_Damariscove_Island",6,"Midcoast_Damariscove_Island 2022 19 15",2022,8,19,43.7565,-69.6188,"Laminaria digitata","Random",1,0,NA,NA,0
628,"farrell_rasher_2026","Gulf of Maine","Midcoast_Damariscove_Island",6,"Midcoast_Damariscove_Island 2022 19 15",2022,8,19,43.7565,-69.6188,"Saccharina latissima","Random",1,10,NA,NA,0.08977
629,"farrell_rasher_2026","Gulf of Maine","Midcoast_Damariscove_Island",6,"Midcoast_Damariscove_Island 2022 19 25",2022,8,19,43.7565,-69.6188,"Agarum clathratum","Random",1,0,NA,NA,0
630,"farrell_rasher_2026","Gulf of Maine","Midcoast_Damariscove_Island",6,"Midcoast_Damariscove_Island 2022 19 25",2022,8,19,43.7565,-69.6188,"Alaria esculenta","Random",1,0,NA,NA,0
631,"farrell_rasher_2026","Gulf of Maine","Midcoast_Damariscove_Island",6,"Midcoast_Damariscove_Island 2022 19 25",2022,8,19,43.7565,-69.6188,"Laminaria digitata","Random",1,0,NA,NA,0
632,"farrell_rasher_2026","Gulf of Maine","Midcoast_Damariscove_Island",6,"Midcoast_Damariscove_Island 2022 19 25",2022,8,19,43.7565,-69.6188,"Saccharina latissima","Random",1,5,NA,NA,0.0186
633,"farrell_rasher_2026","Gulf of Maine","Midcoast_Damariscove_Island",6,"Midcoast_Damariscove_Island 2022 19 35",2022,8,19,43.7565,-69.6188,"Agarum clathratum","Random",1,0,NA,NA,NA
634,"farrell_rasher_2026","Gulf of Maine","Midcoast_Damariscove_Island",6,"Midcoast_Damariscove_Island 2022 19 35",2022,8,19,43.7565,-69.6188,"Alaria esculenta","Random",1,1,NA,NA,NA
635,"farrell_rasher_2026","Gulf of Maine","Midcoast_Damariscove_Island",6,"Midcoast_Damariscove_Island 2022 19 35",2022,8,19,43.7565,-69.6188,"Laminaria digitata","Random",1,0,NA,NA,NA
636,"farrell_rasher_2026","Gulf of Maine","Midcoast_Damariscove_Island",6,"Midcoast_Damariscove_Island 2022 19 35",2022,8,19,43.7565,-69.6188,"Saccharina latissima","Random",1,1,NA,NA,NA
637,"farrell_rasher_2026","Gulf of Maine","Midcoast_Damariscove_Island",6,"Midcoast_Damariscove_Island 2022 19 5",2022,8,19,43.7565,-69.6188,"Agarum clathratum","Random",1,0,NA,NA,0
638,"farrell_rasher_2026","Gulf of Maine","Midcoast_Damariscove_Island",6,"Midcoast_Damariscove_Island 2022 19 5",2022,8,19,43.7565,-69.6188,"Alaria esculenta","Random",1,0,NA,NA,0
639,"farrell_rasher_2026","Gulf of Maine","Midcoast_Damariscove_Island",6,"Midcoast_Damariscove_Island 2022 19 5",2022,8,19,43.7565,-69.6188,"Laminaria digitata","Random",1,0,NA,NA,0
640,"farrell_rasher_2026","Gulf of Maine","Midcoast_Damariscove_Island",6,"Midcoast_Damariscove_Island 2022 19 5",2022,8,19,43.7565,-69.6188,"Saccharina latissima","Random",1,40,NA,NA,1.2816
641,"farrell_rasher_2026","Gulf of Maine","Midcoast_Allen_Island",6,"Midcoast_Allen_Island 2022 22 10",2022,8,22,43.8614,-69.3237,"Agarum clathratum","Random",1,0,NA,NA,0
642,"farrell_rasher_2026","Gulf of Maine","Midcoast_Allen_Island",6,"Midcoast_Allen_Island 2022 22 10",2022,8,22,43.8614,-69.3237,"Alaria esculenta","Random",1,0,NA,NA,0
643,"farrell_rasher_2026","Gulf of Maine","Midcoast_Allen_Island",6,"Midcoast_Allen_Island 2022 22 10",2022,8,22,43.8614,-69.3237,"Laminaria digitata","Random",1,0,NA,NA,0.007
644,"farrell_rasher_2026","Gulf of Maine","Midcoast_Allen_Island",6,"Midcoast_Allen_Island 2022 22 10",2022,8,22,43.8614,-69.3237,"Saccharina latissima","Random",1,20,NA,NA,0.395
645,"farrell_rasher_2026","Gulf of Maine","Midcoast_Allen_Island",6,"Midcoast_Allen_Island 2022 22 20",2022,8,22,43.8614,-69.3237,"Agarum clathratum","Random",1,1,NA,NA,0
646,"farrell_rasher_2026","Gulf of Maine","Midcoast_Allen_Island",6,"Midcoast_Allen_Island 2022 22 20",2022,8,22,43.8614,-69.3237,"Alaria esculenta","Random",1,0,NA,NA,0
647,"farrell_rasher_2026","Gulf of Maine","Midcoast_Allen_Island",6,"Midcoast_Allen_Island 2022 22 20",2022,8,22,43.8614,-69.3237,"Laminaria digitata","Random",1,1,NA,NA,0
648,"farrell_rasher_2026","Gulf of Maine","Midcoast_Allen_Island",6,"Midcoast_Allen_Island 2022 22 20",2022,8,22,43.8614,-69.3237,"Saccharina latissima","Random",1,30,NA,NA,0.78
649,"farrell_rasher_2026","Gulf of Maine","Midcoast_Allen_Island",6,"Midcoast_Allen_Island 2022 22 30",2022,8,22,43.8614,-69.3237,"Agarum clathratum","Random",1,10,NA,NA,0.04084
650,"farrell_rasher_2026","Gulf of Maine","Midcoast_Allen_Island",6,"Midcoast_Allen_Island 2022 22 30",2022,8,22,43.8614,-69.3237,"Alaria esculenta","Random",1,0,NA,NA,0
651,"farrell_rasher_2026","Gulf of Maine","Midcoast_Allen_Island",6,"Midcoast_Allen_Island 2022 22 30",2022,8,22,43.8614,-69.3237,"Laminaria digitata","Random",1,5,NA,NA,0.02874
652,"farrell_rasher_2026","Gulf of Maine","Midcoast_Allen_Island",6,"Midcoast_Allen_Island 2022 22 30",2022,8,22,43.8614,-69.3237,"Saccharina latissima","Random",1,20,NA,NA,0.3
653,"farrell_rasher_2026","Gulf of Maine","Midcoast_Allen_Island",6,"Midcoast_Allen_Island 2022 22 40",2022,8,22,43.8614,-69.3237,"Agarum clathratum","Random",1,0,NA,NA,NA
654,"farrell_rasher_2026","Gulf of Maine","Midcoast_Allen_Island",6,"Midcoast_Allen_Island 2022 22 40",2022,8,22,43.8614,-69.3237,"Alaria esculenta","Random",1,0,NA,NA,NA
655,"farrell_rasher_2026","Gulf of Maine","Midcoast_Allen_Island",6,"Midcoast_Allen_Island 2022 22 40",2022,8,22,43.8614,-69.3237,"Laminaria digitata","Random",1,0,NA,NA,NA
656,"farrell_rasher_2026","Gulf of Maine","Midcoast_Allen_Island",6,"Midcoast_Allen_Island 2022 22 40",2022,8,22,43.8614,-69.3237,"Saccharina latissima","Random",1,5,NA,NA,NA
657,"farrell_rasher_2026","Gulf of Maine","Midcoast_Allen_Island",6,"Midcoast_Allen_Island 2022 22 15",2022,8,22,43.8614,-69.3237,"Agarum clathratum","Random",1,0,NA,NA,0
658,"farrell_rasher_2026","Gulf of Maine","Midcoast_Allen_Island",6,"Midcoast_Allen_Island 2022 22 15",2022,8,22,43.8614,-69.3237,"Alaria esculenta","Random",1,0,NA,NA,0
659,"farrell_rasher_2026","Gulf of Maine","Midcoast_Allen_Island",6,"Midcoast_Allen_Island 2022 22 15",2022,8,22,43.8614,-69.3237,"Laminaria digitata","Random",1,5,NA,NA,0.38
660,"farrell_rasher_2026","Gulf of Maine","Midcoast_Allen_Island",6,"Midcoast_Allen_Island 2022 22 15",2022,8,22,43.8614,-69.3237,"Saccharina latissima","Random",1,30,NA,NA,0.795
661,"farrell_rasher_2026","Gulf of Maine","Midcoast_Allen_Island",6,"Midcoast_Allen_Island 2022 22 25",2022,8,22,43.8614,-69.3237,"Agarum clathratum","Random",1,0,NA,NA,0.03237
662,"farrell_rasher_2026","Gulf of Maine","Midcoast_Allen_Island",6,"Midcoast_Allen_Island 2022 22 25",2022,8,22,43.8614,-69.3237,"Alaria esculenta","Random",1,0,NA,NA,0
663,"farrell_rasher_2026","Gulf of Maine","Midcoast_Allen_Island",6,"Midcoast_Allen_Island 2022 22 25",2022,8,22,43.8614,-69.3237,"Laminaria digitata","Random",1,5,NA,NA,0.09849
664,"farrell_rasher_2026","Gulf of Maine","Midcoast_Allen_Island",6,"Midcoast_Allen_Island 2022 22 25",2022,8,22,43.8614,-69.3237,"Saccharina latissima","Random",1,10,NA,NA,0.17932
665,"farrell_rasher_2026","Gulf of Maine","Midcoast_Allen_Island",6,"Midcoast_Allen_Island 2022 22 35",2022,8,22,43.8614,-69.3237,"Agarum clathratum","Random",1,10,NA,NA,NA
666,"farrell_rasher_2026","Gulf of Maine","Midcoast_Allen_Island",6,"Midcoast_Allen_Island 2022 22 35",2022,8,22,43.8614,-69.3237,"Alaria esculenta","Random",1,0,NA,NA,NA
667,"farrell_rasher_2026","Gulf of Maine","Midcoast_Allen_Island",6,"Midcoast_Allen_Island 2022 22 35",2022,8,22,43.8614,-69.3237,"Laminaria digitata","Random",1,0,NA,NA,NA
668,"farrell_rasher_2026","Gulf of Maine","Midcoast_Allen_Island",6,"Midcoast_Allen_Island 2022 22 35",2022,8,22,43.8614,-69.3237,"Saccharina latissima","Random",1,10,NA,NA,NA
669,"farrell_rasher_2026","Gulf of Maine","Midcoast_Allen_Island",6,"Midcoast_Allen_Island 2022 22 5",2022,8,22,43.8614,-69.3237,"Agarum clathratum","Random",1,0,NA,NA,0
670,"farrell_rasher_2026","Gulf of Maine","Midcoast_Allen_Island",6,"Midcoast_Allen_Island 2022 22 5",2022,8,22,43.8614,-69.3237,"Alaria esculenta","Random",1,0,NA,NA,0
671,"farrell_rasher_2026","Gulf of Maine","Midcoast_Allen_Island",6,"Midcoast_Allen_Island 2022 22 5",2022,8,22,43.8614,-69.3237,"Laminaria digitata","Random",1,0,NA,NA,0
672,"farrell_rasher_2026","Gulf of Maine","Midcoast_Allen_Island",6,"Midcoast_Allen_Island 2022 22 5",2022,8,22,43.8614,-69.3237,"Saccharina latissima","Random",1,0,NA,NA,0.095
673,"farrell_rasher_2026","Gulf of Maine","Penobscot Bay_Metinic_Island",6,"Penobscot Bay_Metinic_Island 2022 25 10",2022,8,25,43.8679,-69.1288,"Agarum clathratum","Random",1,0,NA,NA,NA
674,"farrell_rasher_2026","Gulf of Maine","Penobscot Bay_Metinic_Island",6,"Penobscot Bay_Metinic_Island 2022 25 10",2022,8,25,43.8679,-69.1288,"Alaria esculenta","Random",1,0,NA,NA,NA
675,"farrell_rasher_2026","Gulf of Maine","Penobscot Bay_Metinic_Island",6,"Penobscot Bay_Metinic_Island 2022 25 10",2022,8,25,43.8679,-69.1288,"Laminaria digitata","Random",1,20,NA,NA,NA
676,"farrell_rasher_2026","Gulf of Maine","Penobscot Bay_Metinic_Island",6,"Penobscot Bay_Metinic_Island 2022 25 10",2022,8,25,43.8679,-69.1288,"Saccharina latissima","Random",1,0,NA,NA,NA
677,"farrell_rasher_2026","Gulf of Maine","Penobscot Bay_Metinic_Island",6,"Penobscot Bay_Metinic_Island 2022 25 20",2022,8,25,43.8679,-69.1288,"Agarum clathratum","Random",1,0,NA,NA,0
678,"farrell_rasher_2026","Gulf of Maine","Penobscot Bay_Metinic_Island",6,"Penobscot Bay_Metinic_Island 2022 25 20",2022,8,25,43.8679,-69.1288,"Alaria esculenta","Random",1,0,NA,NA,0
679,"farrell_rasher_2026","Gulf of Maine","Penobscot Bay_Metinic_Island",6,"Penobscot Bay_Metinic_Island 2022 25 20",2022,8,25,43.8679,-69.1288,"Laminaria digitata","Random",1,60,NA,NA,2.33
680,"farrell_rasher_2026","Gulf of Maine","Penobscot Bay_Metinic_Island",6,"Penobscot Bay_Metinic_Island 2022 25 20",2022,8,25,43.8679,-69.1288,"Saccharina latissima","Random",1,0,NA,NA,0
681,"farrell_rasher_2026","Gulf of Maine","Penobscot Bay_Metinic_Island",6,"Penobscot Bay_Metinic_Island 2022 25 30",2022,8,25,43.8679,-69.1288,"Agarum clathratum","Random",1,0,NA,NA,NA
682,"farrell_rasher_2026","Gulf of Maine","Penobscot Bay_Metinic_Island",6,"Penobscot Bay_Metinic_Island 2022 25 30",2022,8,25,43.8679,-69.1288,"Alaria esculenta","Random",1,0,NA,NA,NA
683,"farrell_rasher_2026","Gulf of Maine","Penobscot Bay_Metinic_Island",6,"Penobscot Bay_Metinic_Island 2022 25 30",2022,8,25,43.8679,-69.1288,"Laminaria digitata","Random",1,5,NA,NA,NA
684,"farrell_rasher_2026","Gulf of Maine","Penobscot Bay_Metinic_Island",6,"Penobscot Bay_Metinic_Island 2022 25 30",2022,8,25,43.8679,-69.1288,"Saccharina latissima","Random",1,0,NA,NA,NA
685,"farrell_rasher_2026","Gulf of Maine","Penobscot Bay_Metinic_Island",6,"Penobscot Bay_Metinic_Island 2022 25 40",2022,8,25,43.8679,-69.1288,"Agarum clathratum","Random",1,0,NA,NA,0
686,"farrell_rasher_2026","Gulf of Maine","Penobscot Bay_Metinic_Island",6,"Penobscot Bay_Metinic_Island 2022 25 40",2022,8,25,43.8679,-69.1288,"Alaria esculenta","Random",1,0,NA,NA,0
687,"farrell_rasher_2026","Gulf of Maine","Penobscot Bay_Metinic_Island",6,"Penobscot Bay_Metinic_Island 2022 25 40",2022,8,25,43.8679,-69.1288,"Laminaria digitata","Random",1,0,NA,NA,0
688,"farrell_rasher_2026","Gulf of Maine","Penobscot Bay_Metinic_Island",6,"Penobscot Bay_Metinic_Island 2022 25 40",2022,8,25,43.8679,-69.1288,"Saccharina latissima","Random",1,0,NA,NA,0
689,"farrell_rasher_2026","Gulf of Maine","Penobscot Bay_Metinic_Island",6,"Penobscot Bay_Metinic_Island 2022 25 15",2022,8,25,43.8679,-69.1288,"Agarum clathratum","Random",1,0,NA,NA,NA
690,"farrell_rasher_2026","Gulf of Maine","Penobscot Bay_Metinic_Island",6,"Penobscot Bay_Metinic_Island 2022 25 15",2022,8,25,43.8679,-69.1288,"Alaria esculenta","Random",1,0,NA,NA,NA
691,"farrell_rasher_2026","Gulf of Maine","Penobscot Bay_Metinic_Island",6,"Penobscot Bay_Metinic_Island 2022 25 15",2022,8,25,43.8679,-69.1288,"Laminaria digitata","Random",1,10,NA,NA,NA
692,"farrell_rasher_2026","Gulf of Maine","Penobscot Bay_Metinic_Island",6,"Penobscot Bay_Metinic_Island 2022 25 15",2022,8,25,43.8679,-69.1288,"Saccharina latissima","Random",1,0,NA,NA,NA
693,"farrell_rasher_2026","Gulf of Maine","Penobscot Bay_Metinic_Island",6,"Penobscot Bay_Metinic_Island 2022 25 25",2022,8,25,43.8679,-69.1288,"Agarum clathratum","Random",1,0,NA,NA,0
694,"farrell_rasher_2026","Gulf of Maine","Penobscot Bay_Metinic_Island",6,"Penobscot Bay_Metinic_Island 2022 25 25",2022,8,25,43.8679,-69.1288,"Alaria esculenta","Random",1,0,NA,NA,0
695,"farrell_rasher_2026","Gulf of Maine","Penobscot Bay_Metinic_Island",6,"Penobscot Bay_Metinic_Island 2022 25 25",2022,8,25,43.8679,-69.1288,"Laminaria digitata","Random",1,5,NA,NA,0.14583
696,"farrell_rasher_2026","Gulf of Maine","Penobscot Bay_Metinic_Island",6,"Penobscot Bay_Metinic_Island 2022 25 25",2022,8,25,43.8679,-69.1288,"Saccharina latissima","Random",1,0,NA,NA,0
697,"farrell_rasher_2026","Gulf of Maine","Penobscot Bay_Metinic_Island",6,"Penobscot Bay_Metinic_Island 2022 25 35",2022,8,25,43.8679,-69.1288,"Agarum clathratum","Random",1,0,NA,NA,NA
698,"farrell_rasher_2026","Gulf of Maine","Penobscot Bay_Metinic_Island",6,"Penobscot Bay_Metinic_Island 2022 25 35",2022,8,25,43.8679,-69.1288,"Alaria esculenta","Random",1,0,NA,NA,NA
699,"farrell_rasher_2026","Gulf of Maine","Penobscot Bay_Metinic_Island",6,"Penobscot Bay_Metinic_Island 2022 25 35",2022,8,25,43.8679,-69.1288,"Laminaria digitata","Random",1,20,NA,NA,NA
700,"farrell_rasher_2026","Gulf of Maine","Penobscot Bay_Metinic_Island",6,"Penobscot Bay_Metinic_Island 2022 25 35",2022,8,25,43.8679,-69.1288,"Saccharina latissima","Random",1,0,NA,NA,NA
701,"farrell_rasher_2026","Gulf of Maine","Penobscot Bay_Metinic_Island",6,"Penobscot Bay_Metinic_Island 2022 25 5",2022,8,25,43.8679,-69.1288,"Agarum clathratum","Random",1,0,NA,NA,0
702,"farrell_rasher_2026","Gulf of Maine","Penobscot Bay_Metinic_Island",6,"Penobscot Bay_Metinic_Island 2022 25 5",2022,8,25,43.8679,-69.1288,"Alaria esculenta","Random",1,0,NA,NA,0
703,"farrell_rasher_2026","Gulf of Maine","Penobscot Bay_Metinic_Island",6,"Penobscot Bay_Metinic_Island 2022 25 5",2022,8,25,43.8679,-69.1288,"Laminaria digitata","Random",1,40,NA,NA,2.495
704,"farrell_rasher_2026","Gulf of Maine","Penobscot Bay_Metinic_Island",6,"Penobscot Bay_Metinic_Island 2022 25 5",2022,8,25,43.8679,-69.1288,"Saccharina latissima","Random",1,0,NA,NA,0
705,"farrell_rasher_2026","Gulf of Maine","Downeast_Ram_Island",6,"Downeast_Ram_Island 2022 28 10",2022,8,28,44.5739,-67.3962,"Agarum clathratum","Random",1,5,NA,NA,0.085
706,"farrell_rasher_2026","Gulf of Maine","Downeast_Ram_Island",6,"Downeast_Ram_Island 2022 28 10",2022,8,28,44.5739,-67.3962,"Alaria esculenta","Random",1,0,NA,NA,0
707,"farrell_rasher_2026","Gulf of Maine","Downeast_Ram_Island",6,"Downeast_Ram_Island 2022 28 10",2022,8,28,44.5739,-67.3962,"Laminaria digitata","Random",1,30,NA,NA,2.325
708,"farrell_rasher_2026","Gulf of Maine","Downeast_Ram_Island",6,"Downeast_Ram_Island 2022 28 10",2022,8,28,44.5739,-67.3962,"Saccharina latissima","Random",1,0,NA,NA,0
709,"farrell_rasher_2026","Gulf of Maine","Downeast_Ram_Island",6,"Downeast_Ram_Island 2022 28 20",2022,8,28,44.5739,-67.3962,"Agarum clathratum","Random",1,1,NA,NA,0.00147
710,"farrell_rasher_2026","Gulf of Maine","Downeast_Ram_Island",6,"Downeast_Ram_Island 2022 28 20",2022,8,28,44.5739,-67.3962,"Alaria esculenta","Random",1,0,NA,NA,0
711,"farrell_rasher_2026","Gulf of Maine","Downeast_Ram_Island",6,"Downeast_Ram_Island 2022 28 20",2022,8,28,44.5739,-67.3962,"Laminaria digitata","Random",1,100,NA,NA,9.56
712,"farrell_rasher_2026","Gulf of Maine","Downeast_Ram_Island",6,"Downeast_Ram_Island 2022 28 20",2022,8,28,44.5739,-67.3962,"Saccharina latissima","Random",1,0,NA,NA,0
713,"farrell_rasher_2026","Gulf of Maine","Downeast_Ram_Island",6,"Downeast_Ram_Island 2022 28 30",2022,8,28,44.5739,-67.3962,"Agarum clathratum","Random",1,0,NA,NA,0
714,"farrell_rasher_2026","Gulf of Maine","Downeast_Ram_Island",6,"Downeast_Ram_Island 2022 28 30",2022,8,28,44.5739,-67.3962,"Alaria esculenta","Random",1,0,NA,NA,0
715,"farrell_rasher_2026","Gulf of Maine","Downeast_Ram_Island",6,"Downeast_Ram_Island 2022 28 30",2022,8,28,44.5739,-67.3962,"Laminaria digitata","Random",1,80,NA,NA,9.545
716,"farrell_rasher_2026","Gulf of Maine","Downeast_Ram_Island",6,"Downeast_Ram_Island 2022 28 30",2022,8,28,44.5739,-67.3962,"Saccharina latissima","Random",1,0,NA,NA,0
717,"farrell_rasher_2026","Gulf of Maine","Downeast_Ram_Island",6,"Downeast_Ram_Island 2022 28 40",2022,8,28,44.5739,-67.3962,"Agarum clathratum","Random",1,0,NA,NA,NA
718,"farrell_rasher_2026","Gulf of Maine","Downeast_Ram_Island",6,"Downeast_Ram_Island 2022 28 40",2022,8,28,44.5739,-67.3962,"Alaria esculenta","Random",1,0,NA,NA,NA
719,"farrell_rasher_2026","Gulf of Maine","Downeast_Ram_Island",6,"Downeast_Ram_Island 2022 28 40",2022,8,28,44.5739,-67.3962,"Laminaria digitata","Random",1,100,NA,NA,NA
720,"farrell_rasher_2026","Gulf of Maine","Downeast_Ram_Island",6,"Downeast_Ram_Island 2022 28 40",2022,8,28,44.5739,-67.3962,"Saccharina latissima","Random",1,0,NA,NA,NA
721,"farrell_rasher_2026","Gulf of Maine","Downeast_Ram_Island",6,"Downeast_Ram_Island 2022 28 15",2022,8,28,44.5739,-67.3962,"Agarum clathratum","Random",1,5,NA,NA,0
722,"farrell_rasher_2026","Gulf of Maine","Downeast_Ram_Island",6,"Downeast_Ram_Island 2022 28 15",2022,8,28,44.5739,-67.3962,"Alaria esculenta","Random",1,0,NA,NA,0
723,"farrell_rasher_2026","Gulf of Maine","Downeast_Ram_Island",6,"Downeast_Ram_Island 2022 28 15",2022,8,28,44.5739,-67.3962,"Laminaria digitata","Random",1,90,NA,NA,6.055
724,"farrell_rasher_2026","Gulf of Maine","Downeast_Ram_Island",6,"Downeast_Ram_Island 2022 28 15",2022,8,28,44.5739,-67.3962,"Saccharina latissima","Random",1,5,NA,NA,0.01814
725,"farrell_rasher_2026","Gulf of Maine","Downeast_Ram_Island",6,"Downeast_Ram_Island 2022 28 25",2022,8,28,44.5739,-67.3962,"Agarum clathratum","Random",1,0,NA,NA,0
726,"farrell_rasher_2026","Gulf of Maine","Downeast_Ram_Island",6,"Downeast_Ram_Island 2022 28 25",2022,8,28,44.5739,-67.3962,"Alaria esculenta","Random",1,0,NA,NA,0
727,"farrell_rasher_2026","Gulf of Maine","Downeast_Ram_Island",6,"Downeast_Ram_Island 2022 28 25",2022,8,28,44.5739,-67.3962,"Laminaria digitata","Random",1,100,NA,NA,13.375
728,"farrell_rasher_2026","Gulf of Maine","Downeast_Ram_Island",6,"Downeast_Ram_Island 2022 28 25",2022,8,28,44.5739,-67.3962,"Saccharina latissima","Random",1,0,NA,NA,0
729,"farrell_rasher_2026","Gulf of Maine","Downeast_Ram_Island",6,"Downeast_Ram_Island 2022 28 35",2022,8,28,44.5739,-67.3962,"Agarum clathratum","Random",1,0,NA,NA,NA
730,"farrell_rasher_2026","Gulf of Maine","Downeast_Ram_Island",6,"Downeast_Ram_Island 2022 28 35",2022,8,28,44.5739,-67.3962,"Alaria esculenta","Random",1,0,NA,NA,NA
731,"farrell_rasher_2026","Gulf of Maine","Downeast_Ram_Island",6,"Downeast_Ram_Island 2022 28 35",2022,8,28,44.5739,-67.3962,"Laminaria digitata","Random",1,100,NA,NA,NA
732,"farrell_rasher_2026","Gulf of Maine","Downeast_Ram_Island",6,"Downeast_Ram_Island 2022 28 35",2022,8,28,44.5739,-67.3962,"Saccharina latissima","Random",1,0,NA,NA,NA
733,"farrell_rasher_2026","Gulf of Maine","Downeast_Ram_Island",6,"Downeast_Ram_Island 2022 28 5",2022,8,28,44.5739,-67.3962,"Agarum clathratum","Random",1,20,NA,NA,0.155
734,"farrell_rasher_2026","Gulf of Maine","Downeast_Ram_Island",6,"Downeast_Ram_Island 2022 28 5",2022,8,28,44.5739,-67.3962,"Alaria esculenta","Random",1,0,NA,NA,0
735,"farrell_rasher_2026","Gulf of Maine","Downeast_Ram_Island",6,"Downeast_Ram_Island 2022 28 5",2022,8,28,44.5739,-67.3962,"Laminaria digitata","Random",1,20,NA,NA,0.665
736,"farrell_rasher_2026","Gulf of Maine","Downeast_Ram_Island",6,"Downeast_Ram_Island 2022 28 5",2022,8,28,44.5739,-67.3962,"Saccharina latissima","Random",1,0,NA,NA,0
737,"farrell_rasher_2026","Gulf of Maine","Downeast_Crumple_Island",6,"Downeast_Crumple_Island 2022 29 10",2022,8,29,44.4447,-67.5976,"Agarum clathratum","Random",1,0,NA,NA,0
738,"farrell_rasher_2026","Gulf of Maine","Downeast_Crumple_Island",6,"Downeast_Crumple_Island 2022 29 10",2022,8,29,44.4447,-67.5976,"Alaria esculenta","Random",1,0,NA,NA,0
739,"farrell_rasher_2026","Gulf of Maine","Downeast_Crumple_Island",6,"Downeast_Crumple_Island 2022 29 10",2022,8,29,44.4447,-67.5976,"Laminaria digitata","Random",1,10,NA,NA,0.8
740,"farrell_rasher_2026","Gulf of Maine","Downeast_Crumple_Island",6,"Downeast_Crumple_Island 2022 29 10",2022,8,29,44.4447,-67.5976,"Saccharina latissima","Random",1,90,NA,NA,1.525
741,"farrell_rasher_2026","Gulf of Maine","Downeast_Crumple_Island",6,"Downeast_Crumple_Island 2022 29 20",2022,8,29,44.4447,-67.5976,"Agarum clathratum","Random",1,1,NA,NA,0
742,"farrell_rasher_2026","Gulf of Maine","Downeast_Crumple_Island",6,"Downeast_Crumple_Island 2022 29 20",2022,8,29,44.4447,-67.5976,"Alaria esculenta","Random",1,0,NA,NA,0
743,"farrell_rasher_2026","Gulf of Maine","Downeast_Crumple_Island",6,"Downeast_Crumple_Island 2022 29 20",2022,8,29,44.4447,-67.5976,"Laminaria digitata","Random",1,30,NA,NA,1.385
744,"farrell_rasher_2026","Gulf of Maine","Downeast_Crumple_Island",6,"Downeast_Crumple_Island 2022 29 20",2022,8,29,44.4447,-67.5976,"Saccharina latissima","Random",1,80,NA,NA,2.575
745,"farrell_rasher_2026","Gulf of Maine","Downeast_Crumple_Island",6,"Downeast_Crumple_Island 2022 29 30",2022,8,29,44.4447,-67.5976,"Agarum clathratum","Random",1,0,NA,NA,0
746,"farrell_rasher_2026","Gulf of Maine","Downeast_Crumple_Island",6,"Downeast_Crumple_Island 2022 29 30",2022,8,29,44.4447,-67.5976,"Alaria esculenta","Random",1,0,NA,NA,0
747,"farrell_rasher_2026","Gulf of Maine","Downeast_Crumple_Island",6,"Downeast_Crumple_Island 2022 29 30",2022,8,29,44.4447,-67.5976,"Laminaria digitata","Random",1,80,NA,NA,3.925
748,"farrell_rasher_2026","Gulf of Maine","Downeast_Crumple_Island",6,"Downeast_Crumple_Island 2022 29 30",2022,8,29,44.4447,-67.5976,"Saccharina latissima","Random",1,20,NA,NA,1.09
749,"farrell_rasher_2026","Gulf of Maine","Downeast_Crumple_Island",6,"Downeast_Crumple_Island 2022 29 40",2022,8,29,44.4447,-67.5976,"Agarum clathratum","Random",1,0,NA,NA,NA
750,"farrell_rasher_2026","Gulf of Maine","Downeast_Crumple_Island",6,"Downeast_Crumple_Island 2022 29 40",2022,8,29,44.4447,-67.5976,"Alaria esculenta","Random",1,0,NA,NA,NA
751,"farrell_rasher_2026","Gulf of Maine","Downeast_Crumple_Island",6,"Downeast_Crumple_Island 2022 29 40",2022,8,29,44.4447,-67.5976,"Laminaria digitata","Random",1,50,NA,NA,NA
752,"farrell_rasher_2026","Gulf of Maine","Downeast_Crumple_Island",6,"Downeast_Crumple_Island 2022 29 40",2022,8,29,44.4447,-67.5976,"Saccharina latissima","Random",1,0,NA,NA,NA
753,"farrell_rasher_2026","Gulf of Maine","Downeast_Crumple_Island",6,"Downeast_Crumple_Island 2022 29 15",2022,8,29,44.4447,-67.5976,"Agarum clathratum","Random",1,0,NA,NA,0
754,"farrell_rasher_2026","Gulf of Maine","Downeast_Crumple_Island",6,"Downeast_Crumple_Island 2022 29 15",2022,8,29,44.4447,-67.5976,"Alaria esculenta","Random",1,0,NA,NA,0
755,"farrell_rasher_2026","Gulf of Maine","Downeast_Crumple_Island",6,"Downeast_Crumple_Island 2022 29 15",2022,8,29,44.4447,-67.5976,"Laminaria digitata","Random",1,0,NA,NA,0.36
756,"farrell_rasher_2026","Gulf of Maine","Downeast_Crumple_Island",6,"Downeast_Crumple_Island 2022 29 15",2022,8,29,44.4447,-67.5976,"Saccharina latissima","Random",1,95,NA,NA,3.51
757,"farrell_rasher_2026","Gulf of Maine","Downeast_Crumple_Island",6,"Downeast_Crumple_Island 2022 29 25",2022,8,29,44.4447,-67.5976,"Agarum clathratum","Random",1,0,NA,NA,0
758,"farrell_rasher_2026","Gulf of Maine","Downeast_Crumple_Island",6,"Downeast_Crumple_Island 2022 29 25",2022,8,29,44.4447,-67.5976,"Alaria esculenta","Random",1,0,NA,NA,0
759,"farrell_rasher_2026","Gulf of Maine","Downeast_Crumple_Island",6,"Downeast_Crumple_Island 2022 29 25",2022,8,29,44.4447,-67.5976,"Laminaria digitata","Random",1,90,NA,NA,5.88
760,"farrell_rasher_2026","Gulf of Maine","Downeast_Crumple_Island",6,"Downeast_Crumple_Island 2022 29 25",2022,8,29,44.4447,-67.5976,"Saccharina latissima","Random",1,0,NA,NA,0
761,"farrell_rasher_2026","Gulf of Maine","Downeast_Crumple_Island",6,"Downeast_Crumple_Island 2022 29 35",2022,8,29,44.4447,-67.5976,"Agarum clathratum","Random",1,0,NA,NA,NA
762,"farrell_rasher_2026","Gulf of Maine","Downeast_Crumple_Island",6,"Downeast_Crumple_Island 2022 29 35",2022,8,29,44.4447,-67.5976,"Alaria esculenta","Random",1,0,NA,NA,NA
763,"farrell_rasher_2026","Gulf of Maine","Downeast_Crumple_Island",6,"Downeast_Crumple_Island 2022 29 35",2022,8,29,44.4447,-67.5976,"Laminaria digitata","Random",1,40,NA,NA,NA
764,"farrell_rasher_2026","Gulf of Maine","Downeast_Crumple_Island",6,"Downeast_Crumple_Island 2022 29 35",2022,8,29,44.4447,-67.5976,"Saccharina latissima","Random",1,30,NA,NA,NA
765,"farrell_rasher_2026","Gulf of Maine","Downeast_Crumple_Island",6,"Downeast_Crumple_Island 2022 29 5",2022,8,29,44.4447,-67.5976,"Agarum clathratum","Random",1,0,NA,NA,0
766,"farrell_rasher_2026","Gulf of Maine","Downeast_Crumple_Island",6,"Downeast_Crumple_Island 2022 29 5",2022,8,29,44.4447,-67.5976,"Alaria esculenta","Random",1,0,NA,NA,0
767,"farrell_rasher_2026","Gulf of Maine","Downeast_Crumple_Island",6,"Downeast_Crumple_Island 2022 29 5",2022,8,29,44.4447,-67.5976,"Laminaria digitata","Random",1,60,NA,NA,3.11
768,"farrell_rasher_2026","Gulf of Maine","Downeast_Crumple_Island",6,"Downeast_Crumple_Island 2022 29 5",2022,8,29,44.4447,-67.5976,"Saccharina latissima","Random",1,80,NA,NA,1.605
769,"farrell_rasher_2026","Gulf of Maine","Penobscot Bay_Marshall_Island",6,"Penobscot Bay_Marshall_Island 2022 3 10",2022,8,3,44.1011,-68.5088,"Agarum clathratum","Random",1,0,NA,NA,NA
770,"farrell_rasher_2026","Gulf of Maine","Penobscot Bay_Marshall_Island",6,"Penobscot Bay_Marshall_Island 2022 3 10",2022,8,3,44.1011,-68.5088,"Alaria esculenta","Random",1,0,NA,NA,NA
771,"farrell_rasher_2026","Gulf of Maine","Penobscot Bay_Marshall_Island",6,"Penobscot Bay_Marshall_Island 2022 3 10",2022,8,3,44.1011,-68.5088,"Laminaria digitata","Random",1,5,NA,NA,NA
772,"farrell_rasher_2026","Gulf of Maine","Penobscot Bay_Marshall_Island",6,"Penobscot Bay_Marshall_Island 2022 3 10",2022,8,3,44.1011,-68.5088,"Saccharina latissima","Random",1,30,NA,NA,NA
773,"farrell_rasher_2026","Gulf of Maine","Penobscot Bay_Marshall_Island",6,"Penobscot Bay_Marshall_Island 2022 3 20",2022,8,3,44.1011,-68.5088,"Agarum clathratum","Random",1,1,NA,NA,0.00759
774,"farrell_rasher_2026","Gulf of Maine","Penobscot Bay_Marshall_Island",6,"Penobscot Bay_Marshall_Island 2022 3 20",2022,8,3,44.1011,-68.5088,"Alaria esculenta","Random",1,0,NA,NA,0
775,"farrell_rasher_2026","Gulf of Maine","Penobscot Bay_Marshall_Island",6,"Penobscot Bay_Marshall_Island 2022 3 20",2022,8,3,44.1011,-68.5088,"Laminaria digitata","Random",1,1,NA,NA,0.03327
776,"farrell_rasher_2026","Gulf of Maine","Penobscot Bay_Marshall_Island",6,"Penobscot Bay_Marshall_Island 2022 3 20",2022,8,3,44.1011,-68.5088,"Saccharina latissima","Random",1,10,NA,NA,0.21565
777,"farrell_rasher_2026","Gulf of Maine","Penobscot Bay_Marshall_Island",6,"Penobscot Bay_Marshall_Island 2022 3 30",2022,8,3,44.1011,-68.5088,"Agarum clathratum","Random",1,0,NA,NA,NA
778,"farrell_rasher_2026","Gulf of Maine","Penobscot Bay_Marshall_Island",6,"Penobscot Bay_Marshall_Island 2022 3 30",2022,8,3,44.1011,-68.5088,"Alaria esculenta","Random",1,0,NA,NA,NA
779,"farrell_rasher_2026","Gulf of Maine","Penobscot Bay_Marshall_Island",6,"Penobscot Bay_Marshall_Island 2022 3 30",2022,8,3,44.1011,-68.5088,"Laminaria digitata","Random",1,20,NA,NA,NA
780,"farrell_rasher_2026","Gulf of Maine","Penobscot Bay_Marshall_Island",6,"Penobscot Bay_Marshall_Island 2022 3 30",2022,8,3,44.1011,-68.5088,"Saccharina latissima","Random",1,50,NA,NA,NA
781,"farrell_rasher_2026","Gulf of Maine","Penobscot Bay_Marshall_Island",6,"Penobscot Bay_Marshall_Island 2022 3 40",2022,8,3,44.1011,-68.5088,"Agarum clathratum","Random",1,0,NA,NA,0
782,"farrell_rasher_2026","Gulf of Maine","Penobscot Bay_Marshall_Island",6,"Penobscot Bay_Marshall_Island 2022 3 40",2022,8,3,44.1011,-68.5088,"Alaria esculenta","Random",1,0,NA,NA,0
783,"farrell_rasher_2026","Gulf of Maine","Penobscot Bay_Marshall_Island",6,"Penobscot Bay_Marshall_Island 2022 3 40",2022,8,3,44.1011,-68.5088,"Laminaria digitata","Random",1,20,NA,NA,0.3152
784,"farrell_rasher_2026","Gulf of Maine","Penobscot Bay_Marshall_Island",6,"Penobscot Bay_Marshall_Island 2022 3 40",2022,8,3,44.1011,-68.5088,"Saccharina latissima","Random",1,5,NA,NA,0.10358
785,"farrell_rasher_2026","Gulf of Maine","Penobscot Bay_Marshall_Island",6,"Penobscot Bay_Marshall_Island 2022 3 15",2022,8,3,44.1011,-68.5088,"Agarum clathratum","Random",1,0,NA,NA,NA
786,"farrell_rasher_2026","Gulf of Maine","Penobscot Bay_Marshall_Island",6,"Penobscot Bay_Marshall_Island 2022 3 15",2022,8,3,44.1011,-68.5088,"Alaria esculenta","Random",1,0,NA,NA,NA
787,"farrell_rasher_2026","Gulf of Maine","Penobscot Bay_Marshall_Island",6,"Penobscot Bay_Marshall_Island 2022 3 15",2022,8,3,44.1011,-68.5088,"Laminaria digitata","Random",1,30,NA,NA,NA
788,"farrell_rasher_2026","Gulf of Maine","Penobscot Bay_Marshall_Island",6,"Penobscot Bay_Marshall_Island 2022 3 15",2022,8,3,44.1011,-68.5088,"Saccharina latissima","Random",1,50,NA,NA,NA
789,"farrell_rasher_2026","Gulf of Maine","Penobscot Bay_Marshall_Island",6,"Penobscot Bay_Marshall_Island 2022 3 25",2022,8,3,44.1011,-68.5088,"Agarum clathratum","Random",1,0,NA,NA,0
790,"farrell_rasher_2026","Gulf of Maine","Penobscot Bay_Marshall_Island",6,"Penobscot Bay_Marshall_Island 2022 3 25",2022,8,3,44.1011,-68.5088,"Alaria esculenta","Random",1,0,NA,NA,0
791,"farrell_rasher_2026","Gulf of Maine","Penobscot Bay_Marshall_Island",6,"Penobscot Bay_Marshall_Island 2022 3 25",2022,8,3,44.1011,-68.5088,"Laminaria digitata","Random",1,10,NA,NA,0.05569
792,"farrell_rasher_2026","Gulf of Maine","Penobscot Bay_Marshall_Island",6,"Penobscot Bay_Marshall_Island 2022 3 25",2022,8,3,44.1011,-68.5088,"Saccharina latissima","Random",1,60,NA,NA,0.38738
793,"farrell_rasher_2026","Gulf of Maine","Penobscot Bay_Marshall_Island",6,"Penobscot Bay_Marshall_Island 2022 3 35",2022,8,3,44.1011,-68.5088,"Agarum clathratum","Random",1,0,NA,NA,NA
794,"farrell_rasher_2026","Gulf of Maine","Penobscot Bay_Marshall_Island",6,"Penobscot Bay_Marshall_Island 2022 3 35",2022,8,3,44.1011,-68.5088,"Alaria esculenta","Random",1,0,NA,NA,NA
795,"farrell_rasher_2026","Gulf of Maine","Penobscot Bay_Marshall_Island",6,"Penobscot Bay_Marshall_Island 2022 3 35",2022,8,3,44.1011,-68.5088,"Laminaria digitata","Random",1,30,NA,NA,NA
796,"farrell_rasher_2026","Gulf of Maine","Penobscot Bay_Marshall_Island",6,"Penobscot Bay_Marshall_Island 2022 3 35",2022,8,3,44.1011,-68.5088,"Saccharina latissima","Random",1,0,NA,NA,NA
797,"farrell_rasher_2026","Gulf of Maine","Penobscot Bay_Marshall_Island",6,"Penobscot Bay_Marshall_Island 2022 3 5",2022,8,3,44.1011,-68.5088,"Agarum clathratum","Random",1,10,NA,NA,0.02835
798,"farrell_rasher_2026","Gulf of Maine","Penobscot Bay_Marshall_Island",6,"Penobscot Bay_Marshall_Island 2022 3 5",2022,8,3,44.1011,-68.5088,"Alaria esculenta","Random",1,0,NA,NA,0
799,"farrell_rasher_2026","Gulf of Maine","Penobscot Bay_Marshall_Island",6,"Penobscot Bay_Marshall_Island 2022 3 5",2022,8,3,44.1011,-68.5088,"Laminaria digitata","Random",1,20,NA,NA,0.08126
800,"farrell_rasher_2026","Gulf of Maine","Penobscot Bay_Marshall_Island",6,"Penobscot Bay_Marshall_Island 2022 3 5",2022,8,3,44.1011,-68.5088,"Saccharina latissima","Random",1,10,NA,NA,0.05803
801,"farrell_rasher_2026","Gulf of Maine","Penobscot Bay_Isle_au_Haut",6,"Penobscot Bay_Isle_au_Haut 2022 4 10",2022,8,4,44.0149,-68.6078,"Agarum clathratum","Random",1,0,NA,NA,NA
802,"farrell_rasher_2026","Gulf of Maine","Penobscot Bay_Isle_au_Haut",6,"Penobscot Bay_Isle_au_Haut 2022 4 10",2022,8,4,44.0149,-68.6078,"Alaria esculenta","Random",1,0,NA,NA,NA
803,"farrell_rasher_2026","Gulf of Maine","Penobscot Bay_Isle_au_Haut",6,"Penobscot Bay_Isle_au_Haut 2022 4 10",2022,8,4,44.0149,-68.6078,"Laminaria digitata","Random",1,5,NA,NA,NA
804,"farrell_rasher_2026","Gulf of Maine","Penobscot Bay_Isle_au_Haut",6,"Penobscot Bay_Isle_au_Haut 2022 4 10",2022,8,4,44.0149,-68.6078,"Saccharina latissima","Random",1,95,NA,NA,NA
805,"farrell_rasher_2026","Gulf of Maine","Penobscot Bay_Isle_au_Haut",6,"Penobscot Bay_Isle_au_Haut 2022 4 20",2022,8,4,44.0149,-68.6078,"Agarum clathratum","Random",1,0,NA,NA,0
806,"farrell_rasher_2026","Gulf of Maine","Penobscot Bay_Isle_au_Haut",6,"Penobscot Bay_Isle_au_Haut 2022 4 20",2022,8,4,44.0149,-68.6078,"Alaria esculenta","Random",1,0,NA,NA,0
807,"farrell_rasher_2026","Gulf of Maine","Penobscot Bay_Isle_au_Haut",6,"Penobscot Bay_Isle_au_Haut 2022 4 20",2022,8,4,44.0149,-68.6078,"Laminaria digitata","Random",1,0,NA,NA,0
808,"farrell_rasher_2026","Gulf of Maine","Penobscot Bay_Isle_au_Haut",6,"Penobscot Bay_Isle_au_Haut 2022 4 20",2022,8,4,44.0149,-68.6078,"Saccharina latissima","Random",1,80,NA,NA,1.17
809,"farrell_rasher_2026","Gulf of Maine","Penobscot Bay_Isle_au_Haut",6,"Penobscot Bay_Isle_au_Haut 2022 4 30",2022,8,4,44.0149,-68.6078,"Agarum clathratum","Random",1,0,NA,NA,NA
810,"farrell_rasher_2026","Gulf of Maine","Penobscot Bay_Isle_au_Haut",6,"Penobscot Bay_Isle_au_Haut 2022 4 30",2022,8,4,44.0149,-68.6078,"Alaria esculenta","Random",1,0,NA,NA,NA
811,"farrell_rasher_2026","Gulf of Maine","Penobscot Bay_Isle_au_Haut",6,"Penobscot Bay_Isle_au_Haut 2022 4 30",2022,8,4,44.0149,-68.6078,"Laminaria digitata","Random",1,0,NA,NA,NA
812,"farrell_rasher_2026","Gulf of Maine","Penobscot Bay_Isle_au_Haut",6,"Penobscot Bay_Isle_au_Haut 2022 4 30",2022,8,4,44.0149,-68.6078,"Saccharina latissima","Random",1,90,NA,NA,NA
813,"farrell_rasher_2026","Gulf of Maine","Penobscot Bay_Isle_au_Haut",6,"Penobscot Bay_Isle_au_Haut 2022 4 40",2022,8,4,44.0149,-68.6078,"Agarum clathratum","Random",1,1,NA,NA,0.0047
814,"farrell_rasher_2026","Gulf of Maine","Penobscot Bay_Isle_au_Haut",6,"Penobscot Bay_Isle_au_Haut 2022 4 40",2022,8,4,44.0149,-68.6078,"Alaria esculenta","Random",1,0,NA,NA,0
815,"farrell_rasher_2026","Gulf of Maine","Penobscot Bay_Isle_au_Haut",6,"Penobscot Bay_Isle_au_Haut 2022 4 40",2022,8,4,44.0149,-68.6078,"Laminaria digitata","Random",1,1,NA,NA,0
816,"farrell_rasher_2026","Gulf of Maine","Penobscot Bay_Isle_au_Haut",6,"Penobscot Bay_Isle_au_Haut 2022 4 40",2022,8,4,44.0149,-68.6078,"Saccharina latissima","Random",1,95,NA,NA,2.58
817,"farrell_rasher_2026","Gulf of Maine","Penobscot Bay_Isle_au_Haut",6,"Penobscot Bay_Isle_au_Haut 2022 4 15",2022,8,4,44.0149,-68.6078,"Agarum clathratum","Random",1,0,NA,NA,NA
818,"farrell_rasher_2026","Gulf of Maine","Penobscot Bay_Isle_au_Haut",6,"Penobscot Bay_Isle_au_Haut 2022 4 15",2022,8,4,44.0149,-68.6078,"Alaria esculenta","Random",1,0,NA,NA,NA
819,"farrell_rasher_2026","Gulf of Maine","Penobscot Bay_Isle_au_Haut",6,"Penobscot Bay_Isle_au_Haut 2022 4 15",2022,8,4,44.0149,-68.6078,"Laminaria digitata","Random",1,10,NA,NA,NA
820,"farrell_rasher_2026","Gulf of Maine","Penobscot Bay_Isle_au_Haut",6,"Penobscot Bay_Isle_au_Haut 2022 4 15",2022,8,4,44.0149,-68.6078,"Saccharina latissima","Random",1,80,NA,NA,NA
821,"farrell_rasher_2026","Gulf of Maine","Penobscot Bay_Isle_au_Haut",6,"Penobscot Bay_Isle_au_Haut 2022 4 25",2022,8,4,44.0149,-68.6078,"Agarum clathratum","Random",1,0,NA,NA,0
822,"farrell_rasher_2026","Gulf of Maine","Penobscot Bay_Isle_au_Haut",6,"Penobscot Bay_Isle_au_Haut 2022 4 25",2022,8,4,44.0149,-68.6078,"Alaria esculenta","Random",1,0,NA,NA,0
823,"farrell_rasher_2026","Gulf of Maine","Penobscot Bay_Isle_au_Haut",6,"Penobscot Bay_Isle_au_Haut 2022 4 25",2022,8,4,44.0149,-68.6078,"Laminaria digitata","Random",1,0,NA,NA,0.17
824,"farrell_rasher_2026","Gulf of Maine","Penobscot Bay_Isle_au_Haut",6,"Penobscot Bay_Isle_au_Haut 2022 4 25",2022,8,4,44.0149,-68.6078,"Saccharina latissima","Random",1,90,NA,NA,1.595
825,"farrell_rasher_2026","Gulf of Maine","Penobscot Bay_Isle_au_Haut",6,"Penobscot Bay_Isle_au_Haut 2022 4 35",2022,8,4,44.0149,-68.6078,"Agarum clathratum","Random",1,0,NA,NA,NA
826,"farrell_rasher_2026","Gulf of Maine","Penobscot Bay_Isle_au_Haut",6,"Penobscot Bay_Isle_au_Haut 2022 4 35",2022,8,4,44.0149,-68.6078,"Alaria esculenta","Random",1,0,NA,NA,NA
827,"farrell_rasher_2026","Gulf of Maine","Penobscot Bay_Isle_au_Haut",6,"Penobscot Bay_Isle_au_Haut 2022 4 35",2022,8,4,44.0149,-68.6078,"Laminaria digitata","Random",1,0,NA,NA,NA
828,"farrell_rasher_2026","Gulf of Maine","Penobscot Bay_Isle_au_Haut",6,"Penobscot Bay_Isle_au_Haut 2022 4 35",2022,8,4,44.0149,-68.6078,"Saccharina latissima","Random",1,70,NA,NA,NA
829,"farrell_rasher_2026","Gulf of Maine","Penobscot Bay_Isle_au_Haut",6,"Penobscot Bay_Isle_au_Haut 2022 4 5",2022,8,4,44.0149,-68.6078,"Agarum clathratum","Random",1,0,NA,NA,0
830,"farrell_rasher_2026","Gulf of Maine","Penobscot Bay_Isle_au_Haut",6,"Penobscot Bay_Isle_au_Haut 2022 4 5",2022,8,4,44.0149,-68.6078,"Alaria esculenta","Random",1,0,NA,NA,0
831,"farrell_rasher_2026","Gulf of Maine","Penobscot Bay_Isle_au_Haut",6,"Penobscot Bay_Isle_au_Haut 2022 4 5",2022,8,4,44.0149,-68.6078,"Laminaria digitata","Random",1,10,NA,NA,0.24
832,"farrell_rasher_2026","Gulf of Maine","Penobscot Bay_Isle_au_Haut",6,"Penobscot Bay_Isle_au_Haut 2022 4 5",2022,8,4,44.0149,-68.6078,"Saccharina latissima","Random",1,70,NA,NA,2.64
833,"farrell_rasher_2026","Gulf of Maine","Downeast_Little_Drisko_Island",6,"Downeast_Little_Drisko_Island 2022 1 10",2022,9,1,44.4823,-67.6669,"Agarum clathratum","Random",1,0,NA,NA,0.00197
834,"farrell_rasher_2026","Gulf of Maine","Downeast_Little_Drisko_Island",6,"Downeast_Little_Drisko_Island 2022 1 10",2022,9,1,44.4823,-67.6669,"Alaria esculenta","Random",1,0,NA,NA,0
835,"farrell_rasher_2026","Gulf of Maine","Downeast_Little_Drisko_Island",6,"Downeast_Little_Drisko_Island 2022 1 10",2022,9,1,44.4823,-67.6669,"Laminaria digitata","Random",1,50,NA,NA,2.185
836,"farrell_rasher_2026","Gulf of Maine","Downeast_Little_Drisko_Island",6,"Downeast_Little_Drisko_Island 2022 1 10",2022,9,1,44.4823,-67.6669,"Saccharina latissima","Random",1,30,NA,NA,0.665
837,"farrell_rasher_2026","Gulf of Maine","Downeast_Little_Drisko_Island",6,"Downeast_Little_Drisko_Island 2022 1 20",2022,9,1,44.4823,-67.6669,"Agarum clathratum","Random",1,1,NA,NA,0.00284
838,"farrell_rasher_2026","Gulf of Maine","Downeast_Little_Drisko_Island",6,"Downeast_Little_Drisko_Island 2022 1 20",2022,9,1,44.4823,-67.6669,"Alaria esculenta","Random",1,0,NA,NA,0
839,"farrell_rasher_2026","Gulf of Maine","Downeast_Little_Drisko_Island",6,"Downeast_Little_Drisko_Island 2022 1 20",2022,9,1,44.4823,-67.6669,"Laminaria digitata","Random",1,20,NA,NA,0.344
840,"farrell_rasher_2026","Gulf of Maine","Downeast_Little_Drisko_Island",6,"Downeast_Little_Drisko_Island 2022 1 20",2022,9,1,44.4823,-67.6669,"Saccharina latissima","Random",1,5,NA,NA,0.05919
841,"farrell_rasher_2026","Gulf of Maine","Downeast_Little_Drisko_Island",6,"Downeast_Little_Drisko_Island 2022 1 30",2022,9,1,44.4823,-67.6669,"Agarum clathratum","Random",1,0,NA,NA,0
842,"farrell_rasher_2026","Gulf of Maine","Downeast_Little_Drisko_Island",6,"Downeast_Little_Drisko_Island 2022 1 30",2022,9,1,44.4823,-67.6669,"Alaria esculenta","Random",1,0,NA,NA,0
843,"farrell_rasher_2026","Gulf of Maine","Downeast_Little_Drisko_Island",6,"Downeast_Little_Drisko_Island 2022 1 30",2022,9,1,44.4823,-67.6669,"Laminaria digitata","Random",1,40,NA,NA,0.6
844,"farrell_rasher_2026","Gulf of Maine","Downeast_Little_Drisko_Island",6,"Downeast_Little_Drisko_Island 2022 1 30",2022,9,1,44.4823,-67.6669,"Saccharina latissima","Random",1,40,NA,NA,0.83
845,"farrell_rasher_2026","Gulf of Maine","Downeast_Little_Drisko_Island",6,"Downeast_Little_Drisko_Island 2022 1 40",2022,9,1,44.4823,-67.6669,"Agarum clathratum","Random",1,5,NA,NA,NA
846,"farrell_rasher_2026","Gulf of Maine","Downeast_Little_Drisko_Island",6,"Downeast_Little_Drisko_Island 2022 1 40",2022,9,1,44.4823,-67.6669,"Alaria esculenta","Random",1,0,NA,NA,NA
847,"farrell_rasher_2026","Gulf of Maine","Downeast_Little_Drisko_Island",6,"Downeast_Little_Drisko_Island 2022 1 40",2022,9,1,44.4823,-67.6669,"Laminaria digitata","Random",1,5,NA,NA,NA
848,"farrell_rasher_2026","Gulf of Maine","Downeast_Little_Drisko_Island",6,"Downeast_Little_Drisko_Island 2022 1 40",2022,9,1,44.4823,-67.6669,"Saccharina latissima","Random",1,40,NA,NA,NA
849,"farrell_rasher_2026","Gulf of Maine","Downeast_Little_Drisko_Island",6,"Downeast_Little_Drisko_Island 2022 1 15",2022,9,1,44.4823,-67.6669,"Agarum clathratum","Random",1,10,NA,NA,0.00153
850,"farrell_rasher_2026","Gulf of Maine","Downeast_Little_Drisko_Island",6,"Downeast_Little_Drisko_Island 2022 1 15",2022,9,1,44.4823,-67.6669,"Alaria esculenta","Random",1,0,NA,NA,0
851,"farrell_rasher_2026","Gulf of Maine","Downeast_Little_Drisko_Island",6,"Downeast_Little_Drisko_Island 2022 1 15",2022,9,1,44.4823,-67.6669,"Laminaria digitata","Random",1,0,NA,NA,0
852,"farrell_rasher_2026","Gulf of Maine","Downeast_Little_Drisko_Island",6,"Downeast_Little_Drisko_Island 2022 1 15",2022,9,1,44.4823,-67.6669,"Saccharina latissima","Random",1,20,NA,NA,1.42
853,"farrell_rasher_2026","Gulf of Maine","Downeast_Little_Drisko_Island",6,"Downeast_Little_Drisko_Island 2022 1 25",2022,9,1,44.4823,-67.6669,"Agarum clathratum","Random",1,0,NA,NA,0
854,"farrell_rasher_2026","Gulf of Maine","Downeast_Little_Drisko_Island",6,"Downeast_Little_Drisko_Island 2022 1 25",2022,9,1,44.4823,-67.6669,"Alaria esculenta","Random",1,0,NA,NA,0
855,"farrell_rasher_2026","Gulf of Maine","Downeast_Little_Drisko_Island",6,"Downeast_Little_Drisko_Island 2022 1 25",2022,9,1,44.4823,-67.6669,"Laminaria digitata","Random",1,100,NA,NA,5.895
856,"farrell_rasher_2026","Gulf of Maine","Downeast_Little_Drisko_Island",6,"Downeast_Little_Drisko_Island 2022 1 25",2022,9,1,44.4823,-67.6669,"Saccharina latissima","Random",1,20,NA,NA,0.75
857,"farrell_rasher_2026","Gulf of Maine","Downeast_Little_Drisko_Island",6,"Downeast_Little_Drisko_Island 2022 1 35",2022,9,1,44.4823,-67.6669,"Agarum clathratum","Random",1,0,NA,NA,NA
858,"farrell_rasher_2026","Gulf of Maine","Downeast_Little_Drisko_Island",6,"Downeast_Little_Drisko_Island 2022 1 35",2022,9,1,44.4823,-67.6669,"Alaria esculenta","Random",1,0,NA,NA,NA
859,"farrell_rasher_2026","Gulf of Maine","Downeast_Little_Drisko_Island",6,"Downeast_Little_Drisko_Island 2022 1 35",2022,9,1,44.4823,-67.6669,"Laminaria digitata","Random",1,60,NA,NA,NA
860,"farrell_rasher_2026","Gulf of Maine","Downeast_Little_Drisko_Island",6,"Downeast_Little_Drisko_Island 2022 1 35",2022,9,1,44.4823,-67.6669,"Saccharina latissima","Random",1,50,NA,NA,NA
861,"farrell_rasher_2026","Gulf of Maine","Downeast_Little_Drisko_Island",6,"Downeast_Little_Drisko_Island 2022 1 5",2022,9,1,44.4823,-67.6669,"Agarum clathratum","Random",1,5,NA,NA,0.01736
862,"farrell_rasher_2026","Gulf of Maine","Downeast_Little_Drisko_Island",6,"Downeast_Little_Drisko_Island 2022 1 5",2022,9,1,44.4823,-67.6669,"Alaria esculenta","Random",1,0,NA,NA,0
863,"farrell_rasher_2026","Gulf of Maine","Downeast_Little_Drisko_Island",6,"Downeast_Little_Drisko_Island 2022 1 5",2022,9,1,44.4823,-67.6669,"Laminaria digitata","Random",1,20,NA,NA,2.495
864,"farrell_rasher_2026","Gulf of Maine","Downeast_Little_Drisko_Island",6,"Downeast_Little_Drisko_Island 2022 1 5",2022,9,1,44.4823,-67.6669,"Saccharina latissima","Random",1,60,NA,NA,0.65
865,"farrell_rasher_2026","Gulf of Maine","MDI_Little_Duck_Island",6,"MDI_Little_Duck_Island 2023 15 10",2023,7,15,44.1709,-68.242,"Agarum clathratum","Random",1,0,NA,NA,NA
866,"farrell_rasher_2026","Gulf of Maine","MDI_Little_Duck_Island",6,"MDI_Little_Duck_Island 2023 15 10",2023,7,15,44.1709,-68.242,"Alaria esculenta","Random",1,0,NA,NA,NA
867,"farrell_rasher_2026","Gulf of Maine","MDI_Little_Duck_Island",6,"MDI_Little_Duck_Island 2023 15 10",2023,7,15,44.1709,-68.242,"Laminaria digitata","Random",1,60,NA,NA,NA
868,"farrell_rasher_2026","Gulf of Maine","MDI_Little_Duck_Island",6,"MDI_Little_Duck_Island 2023 15 10",2023,7,15,44.1709,-68.242,"Saccharina latissima","Random",1,0,NA,NA,NA
869,"farrell_rasher_2026","Gulf of Maine","MDI_Little_Duck_Island",6,"MDI_Little_Duck_Island 2023 15 20",2023,7,15,44.1709,-68.242,"Agarum clathratum","Random",1,5,NA,NA,NA
870,"farrell_rasher_2026","Gulf of Maine","MDI_Little_Duck_Island",6,"MDI_Little_Duck_Island 2023 15 20",2023,7,15,44.1709,-68.242,"Alaria esculenta","Random",1,1,NA,NA,NA
871,"farrell_rasher_2026","Gulf of Maine","MDI_Little_Duck_Island",6,"MDI_Little_Duck_Island 2023 15 20",2023,7,15,44.1709,-68.242,"Laminaria digitata","Random",1,10,NA,NA,NA
872,"farrell_rasher_2026","Gulf of Maine","MDI_Little_Duck_Island",6,"MDI_Little_Duck_Island 2023 15 20",2023,7,15,44.1709,-68.242,"Saccharina latissima","Random",1,0,NA,NA,NA
873,"farrell_rasher_2026","Gulf of Maine","MDI_Little_Duck_Island",6,"MDI_Little_Duck_Island 2023 15 30",2023,7,15,44.1709,-68.242,"Agarum clathratum","Random",1,0,NA,NA,NA
874,"farrell_rasher_2026","Gulf of Maine","MDI_Little_Duck_Island",6,"MDI_Little_Duck_Island 2023 15 30",2023,7,15,44.1709,-68.242,"Alaria esculenta","Random",1,0,NA,NA,NA
875,"farrell_rasher_2026","Gulf of Maine","MDI_Little_Duck_Island",6,"MDI_Little_Duck_Island 2023 15 30",2023,7,15,44.1709,-68.242,"Laminaria digitata","Random",1,50,NA,NA,NA
876,"farrell_rasher_2026","Gulf of Maine","MDI_Little_Duck_Island",6,"MDI_Little_Duck_Island 2023 15 30",2023,7,15,44.1709,-68.242,"Saccharina latissima","Random",1,0,NA,NA,NA
877,"farrell_rasher_2026","Gulf of Maine","MDI_Little_Duck_Island",6,"MDI_Little_Duck_Island 2023 15 40",2023,7,15,44.1709,-68.242,"Agarum clathratum","Random",1,0,NA,NA,NA
878,"farrell_rasher_2026","Gulf of Maine","MDI_Little_Duck_Island",6,"MDI_Little_Duck_Island 2023 15 40",2023,7,15,44.1709,-68.242,"Alaria esculenta","Random",1,0,NA,NA,NA
879,"farrell_rasher_2026","Gulf of Maine","MDI_Little_Duck_Island",6,"MDI_Little_Duck_Island 2023 15 40",2023,7,15,44.1709,-68.242,"Laminaria digitata","Random",1,80,NA,NA,NA
880,"farrell_rasher_2026","Gulf of Maine","MDI_Little_Duck_Island",6,"MDI_Little_Duck_Island 2023 15 40",2023,7,15,44.1709,-68.242,"Saccharina latissima","Random",1,0,NA,NA,NA
881,"farrell_rasher_2026","Gulf of Maine","MDI_Little_Duck_Island",6,"MDI_Little_Duck_Island 2023 15 15",2023,7,15,44.1709,-68.242,"Agarum clathratum","Random",1,0,NA,NA,NA
882,"farrell_rasher_2026","Gulf of Maine","MDI_Little_Duck_Island",6,"MDI_Little_Duck_Island 2023 15 15",2023,7,15,44.1709,-68.242,"Alaria esculenta","Random",1,10,NA,NA,NA
883,"farrell_rasher_2026","Gulf of Maine","MDI_Little_Duck_Island",6,"MDI_Little_Duck_Island 2023 15 15",2023,7,15,44.1709,-68.242,"Laminaria digitata","Random",1,40,NA,NA,NA
884,"farrell_rasher_2026","Gulf of Maine","MDI_Little_Duck_Island",6,"MDI_Little_Duck_Island 2023 15 15",2023,7,15,44.1709,-68.242,"Saccharina latissima","Random",1,0,NA,NA,NA
885,"farrell_rasher_2026","Gulf of Maine","MDI_Little_Duck_Island",6,"MDI_Little_Duck_Island 2023 15 25",2023,7,15,44.1709,-68.242,"Agarum clathratum","Random",1,0,NA,NA,NA
886,"farrell_rasher_2026","Gulf of Maine","MDI_Little_Duck_Island",6,"MDI_Little_Duck_Island 2023 15 25",2023,7,15,44.1709,-68.242,"Alaria esculenta","Random",1,0,NA,NA,NA
887,"farrell_rasher_2026","Gulf of Maine","MDI_Little_Duck_Island",6,"MDI_Little_Duck_Island 2023 15 25",2023,7,15,44.1709,-68.242,"Laminaria digitata","Random",1,30,NA,NA,NA
888,"farrell_rasher_2026","Gulf of Maine","MDI_Little_Duck_Island",6,"MDI_Little_Duck_Island 2023 15 25",2023,7,15,44.1709,-68.242,"Saccharina latissima","Random",1,0,NA,NA,NA
889,"farrell_rasher_2026","Gulf of Maine","MDI_Little_Duck_Island",6,"MDI_Little_Duck_Island 2023 15 35",2023,7,15,44.1709,-68.242,"Agarum clathratum","Random",1,5,NA,NA,NA
890,"farrell_rasher_2026","Gulf of Maine","MDI_Little_Duck_Island",6,"MDI_Little_Duck_Island 2023 15 35",2023,7,15,44.1709,-68.242,"Alaria esculenta","Random",1,0,NA,NA,NA
891,"farrell_rasher_2026","Gulf of Maine","MDI_Little_Duck_Island",6,"MDI_Little_Duck_Island 2023 15 35",2023,7,15,44.1709,-68.242,"Laminaria digitata","Random",1,40,NA,NA,NA
892,"farrell_rasher_2026","Gulf of Maine","MDI_Little_Duck_Island",6,"MDI_Little_Duck_Island 2023 15 35",2023,7,15,44.1709,-68.242,"Saccharina latissima","Random",1,0,NA,NA,NA
893,"farrell_rasher_2026","Gulf of Maine","MDI_Little_Duck_Island",6,"MDI_Little_Duck_Island 2023 15 5",2023,7,15,44.1709,-68.242,"Agarum clathratum","Random",1,0,NA,NA,0
894,"farrell_rasher_2026","Gulf of Maine","MDI_Little_Duck_Island",6,"MDI_Little_Duck_Island 2023 15 5",2023,7,15,44.1709,-68.242,"Alaria esculenta","Random",1,0,NA,NA,0
895,"farrell_rasher_2026","Gulf of Maine","MDI_Little_Duck_Island",6,"MDI_Little_Duck_Island 2023 15 5",2023,7,15,44.1709,-68.242,"Laminaria digitata","Random",1,50,NA,NA,4.31
896,"farrell_rasher_2026","Gulf of Maine","MDI_Little_Duck_Island",6,"MDI_Little_Duck_Island 2023 15 5",2023,7,15,44.1709,-68.242,"Saccharina latissima","Random",1,5,NA,NA,0
897,"farrell_rasher_2026","Gulf of Maine","MDI_Long_Island",6,"MDI_Long_Island 2023 15 10",2023,7,15,44.1026,-68.3438,"Agarum clathratum","Random",1,0,NA,NA,NA
898,"farrell_rasher_2026","Gulf of Maine","MDI_Long_Island",6,"MDI_Long_Island 2023 15 10",2023,7,15,44.1026,-68.3438,"Alaria esculenta","Random",1,10,NA,NA,NA
899,"farrell_rasher_2026","Gulf of Maine","MDI_Long_Island",6,"MDI_Long_Island 2023 15 10",2023,7,15,44.1026,-68.3438,"Laminaria digitata","Random",1,80,NA,NA,NA
900,"farrell_rasher_2026","Gulf of Maine","MDI_Long_Island",6,"MDI_Long_Island 2023 15 10",2023,7,15,44.1026,-68.3438,"Saccharina latissima","Random",1,0,NA,NA,NA
901,"farrell_rasher_2026","Gulf of Maine","MDI_Long_Island",6,"MDI_Long_Island 2023 15 20",2023,7,15,44.1026,-68.3438,"Agarum clathratum","Random",1,0,NA,NA,NA
902,"farrell_rasher_2026","Gulf of Maine","MDI_Long_Island",6,"MDI_Long_Island 2023 15 20",2023,7,15,44.1026,-68.3438,"Alaria esculenta","Random",1,5,NA,NA,NA
903,"farrell_rasher_2026","Gulf of Maine","MDI_Long_Island",6,"MDI_Long_Island 2023 15 20",2023,7,15,44.1026,-68.3438,"Laminaria digitata","Random",1,60,NA,NA,NA
904,"farrell_rasher_2026","Gulf of Maine","MDI_Long_Island",6,"MDI_Long_Island 2023 15 20",2023,7,15,44.1026,-68.3438,"Saccharina latissima","Random",1,0,NA,NA,NA
905,"farrell_rasher_2026","Gulf of Maine","MDI_Long_Island",6,"MDI_Long_Island 2023 15 30",2023,7,15,44.1026,-68.3438,"Agarum clathratum","Random",1,0,NA,NA,NA
906,"farrell_rasher_2026","Gulf of Maine","MDI_Long_Island",6,"MDI_Long_Island 2023 15 30",2023,7,15,44.1026,-68.3438,"Alaria esculenta","Random",1,0,NA,NA,NA
907,"farrell_rasher_2026","Gulf of Maine","MDI_Long_Island",6,"MDI_Long_Island 2023 15 30",2023,7,15,44.1026,-68.3438,"Laminaria digitata","Random",1,20,NA,NA,NA
908,"farrell_rasher_2026","Gulf of Maine","MDI_Long_Island",6,"MDI_Long_Island 2023 15 30",2023,7,15,44.1026,-68.3438,"Saccharina latissima","Random",1,0,NA,NA,NA
909,"farrell_rasher_2026","Gulf of Maine","MDI_Long_Island",6,"MDI_Long_Island 2023 15 40",2023,7,15,44.1026,-68.3438,"Agarum clathratum","Random",1,0,NA,NA,0
910,"farrell_rasher_2026","Gulf of Maine","MDI_Long_Island",6,"MDI_Long_Island 2023 15 40",2023,7,15,44.1026,-68.3438,"Alaria esculenta","Random",1,20,NA,NA,0.17942
911,"farrell_rasher_2026","Gulf of Maine","MDI_Long_Island",6,"MDI_Long_Island 2023 15 40",2023,7,15,44.1026,-68.3438,"Laminaria digitata","Random",1,70,NA,NA,5.09
912,"farrell_rasher_2026","Gulf of Maine","MDI_Long_Island",6,"MDI_Long_Island 2023 15 40",2023,7,15,44.1026,-68.3438,"Saccharina latissima","Random",1,0,NA,NA,0
913,"farrell_rasher_2026","Gulf of Maine","MDI_Long_Island",6,"MDI_Long_Island 2023 15 15",2023,7,15,44.1026,-68.3438,"Agarum clathratum","Random",1,0,NA,NA,NA
914,"farrell_rasher_2026","Gulf of Maine","MDI_Long_Island",6,"MDI_Long_Island 2023 15 15",2023,7,15,44.1026,-68.3438,"Alaria esculenta","Random",1,0,NA,NA,NA
915,"farrell_rasher_2026","Gulf of Maine","MDI_Long_Island",6,"MDI_Long_Island 2023 15 15",2023,7,15,44.1026,-68.3438,"Laminaria digitata","Random",1,0,NA,NA,NA
916,"farrell_rasher_2026","Gulf of Maine","MDI_Long_Island",6,"MDI_Long_Island 2023 15 15",2023,7,15,44.1026,-68.3438,"Saccharina latissima","Random",1,60,NA,NA,NA
917,"farrell_rasher_2026","Gulf of Maine","MDI_Long_Island",6,"MDI_Long_Island 2023 15 25",2023,7,15,44.1026,-68.3438,"Agarum clathratum","Random",1,0,NA,NA,0
918,"farrell_rasher_2026","Gulf of Maine","MDI_Long_Island",6,"MDI_Long_Island 2023 15 25",2023,7,15,44.1026,-68.3438,"Alaria esculenta","Random",1,10,NA,NA,0.06102
919,"farrell_rasher_2026","Gulf of Maine","MDI_Long_Island",6,"MDI_Long_Island 2023 15 25",2023,7,15,44.1026,-68.3438,"Laminaria digitata","Random",1,0,NA,NA,6.7
920,"farrell_rasher_2026","Gulf of Maine","MDI_Long_Island",6,"MDI_Long_Island 2023 15 25",2023,7,15,44.1026,-68.3438,"Saccharina latissima","Random",1,100,NA,NA,0
921,"farrell_rasher_2026","Gulf of Maine","MDI_Long_Island",6,"MDI_Long_Island 2023 15 35",2023,7,15,44.1026,-68.3438,"Agarum clathratum","Random",1,0,NA,NA,0
922,"farrell_rasher_2026","Gulf of Maine","MDI_Long_Island",6,"MDI_Long_Island 2023 15 35",2023,7,15,44.1026,-68.3438,"Alaria esculenta","Random",1,0,NA,NA,0
923,"farrell_rasher_2026","Gulf of Maine","MDI_Long_Island",6,"MDI_Long_Island 2023 15 35",2023,7,15,44.1026,-68.3438,"Laminaria digitata","Random",1,0,NA,NA,0.01215
924,"farrell_rasher_2026","Gulf of Maine","MDI_Long_Island",6,"MDI_Long_Island 2023 15 35",2023,7,15,44.1026,-68.3438,"Saccharina latissima","Random",1,5,NA,NA,0
925,"farrell_rasher_2026","Gulf of Maine","MDI_Long_Island",6,"MDI_Long_Island 2023 15 5",2023,7,15,44.1026,-68.3438,"Agarum clathratum","Random",1,0,NA,NA,NA
926,"farrell_rasher_2026","Gulf of Maine","MDI_Long_Island",6,"MDI_Long_Island 2023 15 5",2023,7,15,44.1026,-68.3438,"Alaria esculenta","Random",1,0,NA,NA,NA
927,"farrell_rasher_2026","Gulf of Maine","MDI_Long_Island",6,"MDI_Long_Island 2023 15 5",2023,7,15,44.1026,-68.3438,"Laminaria digitata","Random",1,0,NA,NA,NA
928,"farrell_rasher_2026","Gulf of Maine","MDI_Long_Island",6,"MDI_Long_Island 2023 15 5",2023,7,15,44.1026,-68.3438,"Saccharina latissima","Random",1,90,NA,NA,NA
929,"farrell_rasher_2026","Gulf of Maine","MDI_Dyer_Point",6,"MDI_Dyer_Point 2023 16 10",2023,7,16,44.411,-67.9307,"Agarum clathratum","Random",1,0,NA,NA,NA
930,"farrell_rasher_2026","Gulf of Maine","MDI_Dyer_Point",6,"MDI_Dyer_Point 2023 16 10",2023,7,16,44.411,-67.9307,"Alaria esculenta","Random",1,0,NA,NA,NA
931,"farrell_rasher_2026","Gulf of Maine","MDI_Dyer_Point",6,"MDI_Dyer_Point 2023 16 10",2023,7,16,44.411,-67.9307,"Laminaria digitata","Random",1,30,NA,NA,NA
932,"farrell_rasher_2026","Gulf of Maine","MDI_Dyer_Point",6,"MDI_Dyer_Point 2023 16 10",2023,7,16,44.411,-67.9307,"Saccharina latissima","Random",1,40,NA,NA,NA
933,"farrell_rasher_2026","Gulf of Maine","MDI_Dyer_Point",6,"MDI_Dyer_Point 2023 16 20",2023,7,16,44.411,-67.9307,"Agarum clathratum","Random",1,0,NA,NA,NA
934,"farrell_rasher_2026","Gulf of Maine","MDI_Dyer_Point",6,"MDI_Dyer_Point 2023 16 20",2023,7,16,44.411,-67.9307,"Alaria esculenta","Random",1,0,NA,NA,NA
935,"farrell_rasher_2026","Gulf of Maine","MDI_Dyer_Point",6,"MDI_Dyer_Point 2023 16 20",2023,7,16,44.411,-67.9307,"Laminaria digitata","Random",1,20,NA,NA,NA
936,"farrell_rasher_2026","Gulf of Maine","MDI_Dyer_Point",6,"MDI_Dyer_Point 2023 16 20",2023,7,16,44.411,-67.9307,"Saccharina latissima","Random",1,50,NA,NA,NA
937,"farrell_rasher_2026","Gulf of Maine","MDI_Dyer_Point",6,"MDI_Dyer_Point 2023 16 30",2023,7,16,44.411,-67.9307,"Agarum clathratum","Random",1,0,NA,NA,NA
938,"farrell_rasher_2026","Gulf of Maine","MDI_Dyer_Point",6,"MDI_Dyer_Point 2023 16 30",2023,7,16,44.411,-67.9307,"Alaria esculenta","Random",1,0,NA,NA,NA
939,"farrell_rasher_2026","Gulf of Maine","MDI_Dyer_Point",6,"MDI_Dyer_Point 2023 16 30",2023,7,16,44.411,-67.9307,"Laminaria digitata","Random",1,20,NA,NA,NA
940,"farrell_rasher_2026","Gulf of Maine","MDI_Dyer_Point",6,"MDI_Dyer_Point 2023 16 30",2023,7,16,44.411,-67.9307,"Saccharina latissima","Random",1,40,NA,NA,NA
941,"farrell_rasher_2026","Gulf of Maine","MDI_Dyer_Point",6,"MDI_Dyer_Point 2023 16 40",2023,7,16,44.411,-67.9307,"Agarum clathratum","Random",1,0,NA,NA,0
942,"farrell_rasher_2026","Gulf of Maine","MDI_Dyer_Point",6,"MDI_Dyer_Point 2023 16 40",2023,7,16,44.411,-67.9307,"Alaria esculenta","Random",1,0,NA,NA,0
943,"farrell_rasher_2026","Gulf of Maine","MDI_Dyer_Point",6,"MDI_Dyer_Point 2023 16 40",2023,7,16,44.411,-67.9307,"Laminaria digitata","Random",1,10,NA,NA,0.055
944,"farrell_rasher_2026","Gulf of Maine","MDI_Dyer_Point",6,"MDI_Dyer_Point 2023 16 40",2023,7,16,44.411,-67.9307,"Saccharina latissima","Random",1,80,NA,NA,2.5
945,"farrell_rasher_2026","Gulf of Maine","MDI_Dyer_Point",6,"MDI_Dyer_Point 2023 16 15",2023,7,16,44.411,-67.9307,"Agarum clathratum","Random",1,0,NA,NA,NA
946,"farrell_rasher_2026","Gulf of Maine","MDI_Dyer_Point",6,"MDI_Dyer_Point 2023 16 15",2023,7,16,44.411,-67.9307,"Alaria esculenta","Random",1,0,NA,NA,NA
947,"farrell_rasher_2026","Gulf of Maine","MDI_Dyer_Point",6,"MDI_Dyer_Point 2023 16 15",2023,7,16,44.411,-67.9307,"Laminaria digitata","Random",1,50,NA,NA,NA
948,"farrell_rasher_2026","Gulf of Maine","MDI_Dyer_Point",6,"MDI_Dyer_Point 2023 16 15",2023,7,16,44.411,-67.9307,"Saccharina latissima","Random",1,50,NA,NA,NA
949,"farrell_rasher_2026","Gulf of Maine","MDI_Dyer_Point",6,"MDI_Dyer_Point 2023 16 25",2023,7,16,44.411,-67.9307,"Agarum clathratum","Random",1,0,NA,NA,0
950,"farrell_rasher_2026","Gulf of Maine","MDI_Dyer_Point",6,"MDI_Dyer_Point 2023 16 25",2023,7,16,44.411,-67.9307,"Alaria esculenta","Random",1,0,NA,NA,0
951,"farrell_rasher_2026","Gulf of Maine","MDI_Dyer_Point",6,"MDI_Dyer_Point 2023 16 25",2023,7,16,44.411,-67.9307,"Laminaria digitata","Random",1,0,NA,NA,0
952,"farrell_rasher_2026","Gulf of Maine","MDI_Dyer_Point",6,"MDI_Dyer_Point 2023 16 25",2023,7,16,44.411,-67.9307,"Saccharina latissima","Random",1,20,NA,NA,0.295
953,"farrell_rasher_2026","Gulf of Maine","MDI_Dyer_Point",6,"MDI_Dyer_Point 2023 16 35",2023,7,16,44.411,-67.9307,"Agarum clathratum","Random",1,0,NA,NA,0
954,"farrell_rasher_2026","Gulf of Maine","MDI_Dyer_Point",6,"MDI_Dyer_Point 2023 16 35",2023,7,16,44.411,-67.9307,"Alaria esculenta","Random",1,0,NA,NA,0
955,"farrell_rasher_2026","Gulf of Maine","MDI_Dyer_Point",6,"MDI_Dyer_Point 2023 16 35",2023,7,16,44.411,-67.9307,"Laminaria digitata","Random",1,5,NA,NA,0.145
956,"farrell_rasher_2026","Gulf of Maine","MDI_Dyer_Point",6,"MDI_Dyer_Point 2023 16 35",2023,7,16,44.411,-67.9307,"Saccharina latissima","Random",1,95,NA,NA,1.764
957,"farrell_rasher_2026","Gulf of Maine","MDI_Dyer_Point",6,"MDI_Dyer_Point 2023 16 5",2023,7,16,44.411,-67.9307,"Agarum clathratum","Random",1,0,NA,NA,NA
958,"farrell_rasher_2026","Gulf of Maine","MDI_Dyer_Point",6,"MDI_Dyer_Point 2023 16 5",2023,7,16,44.411,-67.9307,"Alaria esculenta","Random",1,0,NA,NA,NA
959,"farrell_rasher_2026","Gulf of Maine","MDI_Dyer_Point",6,"MDI_Dyer_Point 2023 16 5",2023,7,16,44.411,-67.9307,"Laminaria digitata","Random",1,50,NA,NA,NA
960,"farrell_rasher_2026","Gulf of Maine","MDI_Dyer_Point",6,"MDI_Dyer_Point 2023 16 5",2023,7,16,44.411,-67.9307,"Saccharina latissima","Random",1,20,NA,NA,NA
961,"farrell_rasher_2026","Gulf of Maine","MDI_Schoodic_Island",6,"MDI_Schoodic_Island 2023 16 10",2023,7,16,44.3254,-68.0304,"Agarum clathratum","Random",1,0,NA,NA,NA
962,"farrell_rasher_2026","Gulf of Maine","MDI_Schoodic_Island",6,"MDI_Schoodic_Island 2023 16 10",2023,7,16,44.3254,-68.0304,"Alaria esculenta","Random",1,0,NA,NA,NA
963,"farrell_rasher_2026","Gulf of Maine","MDI_Schoodic_Island",6,"MDI_Schoodic_Island 2023 16 10",2023,7,16,44.3254,-68.0304,"Laminaria digitata","Random",1,100,NA,NA,NA
964,"farrell_rasher_2026","Gulf of Maine","MDI_Schoodic_Island",6,"MDI_Schoodic_Island 2023 16 10",2023,7,16,44.3254,-68.0304,"Saccharina latissima","Random",1,0,NA,NA,NA
965,"farrell_rasher_2026","Gulf of Maine","MDI_Schoodic_Island",6,"MDI_Schoodic_Island 2023 16 20",2023,7,16,44.3254,-68.0304,"Agarum clathratum","Random",1,0,NA,NA,NA
966,"farrell_rasher_2026","Gulf of Maine","MDI_Schoodic_Island",6,"MDI_Schoodic_Island 2023 16 20",2023,7,16,44.3254,-68.0304,"Alaria esculenta","Random",1,0,NA,NA,NA
967,"farrell_rasher_2026","Gulf of Maine","MDI_Schoodic_Island",6,"MDI_Schoodic_Island 2023 16 20",2023,7,16,44.3254,-68.0304,"Laminaria digitata","Random",1,60,NA,NA,NA
968,"farrell_rasher_2026","Gulf of Maine","MDI_Schoodic_Island",6,"MDI_Schoodic_Island 2023 16 20",2023,7,16,44.3254,-68.0304,"Saccharina latissima","Random",1,0,NA,NA,NA
969,"farrell_rasher_2026","Gulf of Maine","MDI_Schoodic_Island",6,"MDI_Schoodic_Island 2023 16 30",2023,7,16,44.3254,-68.0304,"Agarum clathratum","Random",1,0,NA,NA,NA
970,"farrell_rasher_2026","Gulf of Maine","MDI_Schoodic_Island",6,"MDI_Schoodic_Island 2023 16 30",2023,7,16,44.3254,-68.0304,"Alaria esculenta","Random",1,0,NA,NA,NA
971,"farrell_rasher_2026","Gulf of Maine","MDI_Schoodic_Island",6,"MDI_Schoodic_Island 2023 16 30",2023,7,16,44.3254,-68.0304,"Laminaria digitata","Random",1,70,NA,NA,NA
972,"farrell_rasher_2026","Gulf of Maine","MDI_Schoodic_Island",6,"MDI_Schoodic_Island 2023 16 30",2023,7,16,44.3254,-68.0304,"Saccharina latissima","Random",1,0,NA,NA,NA
973,"farrell_rasher_2026","Gulf of Maine","MDI_Schoodic_Island",6,"MDI_Schoodic_Island 2023 16 40",2023,7,16,44.3254,-68.0304,"Agarum clathratum","Random",1,0,NA,NA,0
974,"farrell_rasher_2026","Gulf of Maine","MDI_Schoodic_Island",6,"MDI_Schoodic_Island 2023 16 40",2023,7,16,44.3254,-68.0304,"Alaria esculenta","Random",1,0,NA,NA,0
975,"farrell_rasher_2026","Gulf of Maine","MDI_Schoodic_Island",6,"MDI_Schoodic_Island 2023 16 40",2023,7,16,44.3254,-68.0304,"Laminaria digitata","Random",1,20,NA,NA,0.85
976,"farrell_rasher_2026","Gulf of Maine","MDI_Schoodic_Island",6,"MDI_Schoodic_Island 2023 16 40",2023,7,16,44.3254,-68.0304,"Saccharina latissima","Random",1,0,NA,NA,0
977,"farrell_rasher_2026","Gulf of Maine","MDI_Schoodic_Island",6,"MDI_Schoodic_Island 2023 16 15",2023,7,16,44.3254,-68.0304,"Agarum clathratum","Random",1,0,NA,NA,NA
978,"farrell_rasher_2026","Gulf of Maine","MDI_Schoodic_Island",6,"MDI_Schoodic_Island 2023 16 15",2023,7,16,44.3254,-68.0304,"Alaria esculenta","Random",1,0,NA,NA,NA
979,"farrell_rasher_2026","Gulf of Maine","MDI_Schoodic_Island",6,"MDI_Schoodic_Island 2023 16 15",2023,7,16,44.3254,-68.0304,"Laminaria digitata","Random",1,90,NA,NA,NA
980,"farrell_rasher_2026","Gulf of Maine","MDI_Schoodic_Island",6,"MDI_Schoodic_Island 2023 16 15",2023,7,16,44.3254,-68.0304,"Saccharina latissima","Random",1,0,NA,NA,NA
981,"farrell_rasher_2026","Gulf of Maine","MDI_Schoodic_Island",6,"MDI_Schoodic_Island 2023 16 25",2023,7,16,44.3254,-68.0304,"Agarum clathratum","Random",1,0,NA,NA,0
982,"farrell_rasher_2026","Gulf of Maine","MDI_Schoodic_Island",6,"MDI_Schoodic_Island 2023 16 25",2023,7,16,44.3254,-68.0304,"Alaria esculenta","Random",1,0,NA,NA,0
983,"farrell_rasher_2026","Gulf of Maine","MDI_Schoodic_Island",6,"MDI_Schoodic_Island 2023 16 25",2023,7,16,44.3254,-68.0304,"Laminaria digitata","Random",1,20,NA,NA,0.35
984,"farrell_rasher_2026","Gulf of Maine","MDI_Schoodic_Island",6,"MDI_Schoodic_Island 2023 16 25",2023,7,16,44.3254,-68.0304,"Saccharina latissima","Random",1,0,NA,NA,0
985,"farrell_rasher_2026","Gulf of Maine","MDI_Schoodic_Island",6,"MDI_Schoodic_Island 2023 16 35",2023,7,16,44.3254,-68.0304,"Agarum clathratum","Random",1,0,NA,NA,0
986,"farrell_rasher_2026","Gulf of Maine","MDI_Schoodic_Island",6,"MDI_Schoodic_Island 2023 16 35",2023,7,16,44.3254,-68.0304,"Alaria esculenta","Random",1,0,NA,NA,0
987,"farrell_rasher_2026","Gulf of Maine","MDI_Schoodic_Island",6,"MDI_Schoodic_Island 2023 16 35",2023,7,16,44.3254,-68.0304,"Laminaria digitata","Random",1,100,NA,NA,7.738
988,"farrell_rasher_2026","Gulf of Maine","MDI_Schoodic_Island",6,"MDI_Schoodic_Island 2023 16 35",2023,7,16,44.3254,-68.0304,"Saccharina latissima","Random",1,0,NA,NA,0.08974
989,"farrell_rasher_2026","Gulf of Maine","MDI_Schoodic_Island",6,"MDI_Schoodic_Island 2023 16 5",2023,7,16,44.3254,-68.0304,"Agarum clathratum","Random",1,0,NA,NA,NA
990,"farrell_rasher_2026","Gulf of Maine","MDI_Schoodic_Island",6,"MDI_Schoodic_Island 2023 16 5",2023,7,16,44.3254,-68.0304,"Alaria esculenta","Random",1,0,NA,NA,NA
991,"farrell_rasher_2026","Gulf of Maine","MDI_Schoodic_Island",6,"MDI_Schoodic_Island 2023 16 5",2023,7,16,44.3254,-68.0304,"Laminaria digitata","Random",1,95,NA,NA,NA
992,"farrell_rasher_2026","Gulf of Maine","MDI_Schoodic_Island",6,"MDI_Schoodic_Island 2023 16 5",2023,7,16,44.3254,-68.0304,"Saccharina latissima","Random",1,0,NA,NA,NA
993,"farrell_rasher_2026","Gulf of Maine","MDI_Western_Island",6,"MDI_Western_Island 2023 16 10",2023,7,16,44.389,-67.9672,"Agarum clathratum","Random",1,0,NA,NA,NA
994,"farrell_rasher_2026","Gulf of Maine","MDI_Western_Island",6,"MDI_Western_Island 2023 16 10",2023,7,16,44.389,-67.9672,"Alaria esculenta","Random",1,0,NA,NA,NA
995,"farrell_rasher_2026","Gulf of Maine","MDI_Western_Island",6,"MDI_Western_Island 2023 16 10",2023,7,16,44.389,-67.9672,"Laminaria digitata","Random",1,10,NA,NA,NA
996,"farrell_rasher_2026","Gulf of Maine","MDI_Western_Island",6,"MDI_Western_Island 2023 16 10",2023,7,16,44.389,-67.9672,"Saccharina latissima","Random",1,70,NA,NA,NA
997,"farrell_rasher_2026","Gulf of Maine","MDI_Western_Island",6,"MDI_Western_Island 2023 16 20",2023,7,16,44.389,-67.9672,"Agarum clathratum","Random",1,0,NA,NA,NA
998,"farrell_rasher_2026","Gulf of Maine","MDI_Western_Island",6,"MDI_Western_Island 2023 16 20",2023,7,16,44.389,-67.9672,"Alaria esculenta","Random",1,0,NA,NA,NA
999,"farrell_rasher_2026","Gulf of Maine","MDI_Western_Island",6,"MDI_Western_Island 2023 16 20",2023,7,16,44.389,-67.9672,"Laminaria digitata","Random",1,50,NA,NA,NA
1000,"farrell_rasher_2026","Gulf of Maine","MDI_Western_Island",6,"MDI_Western_Island 2023 16 20",2023,7,16,44.389,-67.9672,"Saccharina latissima","Random",1,40,NA,NA,NA
1001,"farrell_rasher_2026","Gulf of Maine","MDI_Western_Island",6,"MDI_Western_Island 2023 16 30",2023,7,16,44.389,-67.9672,"Agarum clathratum","Random",1,0,NA,NA,NA
1002,"farrell_rasher_2026","Gulf of Maine","MDI_Western_Island",6,"MDI_Western_Island 2023 16 30",2023,7,16,44.389,-67.9672,"Alaria esculenta","Random",1,0,NA,NA,NA
1003,"farrell_rasher_2026","Gulf of Maine","MDI_Western_Island",6,"MDI_Western_Island 2023 16 30",2023,7,16,44.389,-67.9672,"Laminaria digitata","Random",1,10,NA,NA,NA
1004,"farrell_rasher_2026","Gulf of Maine","MDI_Western_Island",6,"MDI_Western_Island 2023 16 30",2023,7,16,44.389,-67.9672,"Saccharina latissima","Random",1,100,NA,NA,NA
1005,"farrell_rasher_2026","Gulf of Maine","MDI_Western_Island",6,"MDI_Western_Island 2023 16 40",2023,7,16,44.389,-67.9672,"Agarum clathratum","Random",1,0,NA,NA,0.00257
1006,"farrell_rasher_2026","Gulf of Maine","MDI_Western_Island",6,"MDI_Western_Island 2023 16 40",2023,7,16,44.389,-67.9672,"Alaria esculenta","Random",1,0,NA,NA,0
1007,"farrell_rasher_2026","Gulf of Maine","MDI_Western_Island",6,"MDI_Western_Island 2023 16 40",2023,7,16,44.389,-67.9672,"Laminaria digitata","Random",1,30,NA,NA,0
1008,"farrell_rasher_2026","Gulf of Maine","MDI_Western_Island",6,"MDI_Western_Island 2023 16 40",2023,7,16,44.389,-67.9672,"Saccharina latissima","Random",1,30,NA,NA,0
1009,"farrell_rasher_2026","Gulf of Maine","MDI_Western_Island",6,"MDI_Western_Island 2023 16 15",2023,7,16,44.389,-67.9672,"Agarum clathratum","Random",1,0,NA,NA,NA
1010,"farrell_rasher_2026","Gulf of Maine","MDI_Western_Island",6,"MDI_Western_Island 2023 16 15",2023,7,16,44.389,-67.9672,"Alaria esculenta","Random",1,0,NA,NA,NA
1011,"farrell_rasher_2026","Gulf of Maine","MDI_Western_Island",6,"MDI_Western_Island 2023 16 15",2023,7,16,44.389,-67.9672,"Laminaria digitata","Random",1,20,NA,NA,NA
1012,"farrell_rasher_2026","Gulf of Maine","MDI_Western_Island",6,"MDI_Western_Island 2023 16 15",2023,7,16,44.389,-67.9672,"Saccharina latissima","Random",1,70,NA,NA,NA
1013,"farrell_rasher_2026","Gulf of Maine","MDI_Western_Island",6,"MDI_Western_Island 2023 16 25",2023,7,16,44.389,-67.9672,"Agarum clathratum","Random",1,0,NA,NA,0
1014,"farrell_rasher_2026","Gulf of Maine","MDI_Western_Island",6,"MDI_Western_Island 2023 16 25",2023,7,16,44.389,-67.9672,"Alaria esculenta","Random",1,0,NA,NA,0
1015,"farrell_rasher_2026","Gulf of Maine","MDI_Western_Island",6,"MDI_Western_Island 2023 16 25",2023,7,16,44.389,-67.9672,"Laminaria digitata","Random",1,0,NA,NA,0
1016,"farrell_rasher_2026","Gulf of Maine","MDI_Western_Island",6,"MDI_Western_Island 2023 16 25",2023,7,16,44.389,-67.9672,"Saccharina latissima","Random",1,50,NA,NA,0
1017,"farrell_rasher_2026","Gulf of Maine","MDI_Western_Island",6,"MDI_Western_Island 2023 16 35",2023,7,16,44.389,-67.9672,"Agarum clathratum","Random",1,0,NA,NA,0
1018,"farrell_rasher_2026","Gulf of Maine","MDI_Western_Island",6,"MDI_Western_Island 2023 16 35",2023,7,16,44.389,-67.9672,"Alaria esculenta","Random",1,0,NA,NA,0
1019,"farrell_rasher_2026","Gulf of Maine","MDI_Western_Island",6,"MDI_Western_Island 2023 16 35",2023,7,16,44.389,-67.9672,"Laminaria digitata","Random",1,5,NA,NA,0
1020,"farrell_rasher_2026","Gulf of Maine","MDI_Western_Island",6,"MDI_Western_Island 2023 16 35",2023,7,16,44.389,-67.9672,"Saccharina latissima","Random",1,80,NA,NA,0
1021,"farrell_rasher_2026","Gulf of Maine","MDI_Western_Island",6,"MDI_Western_Island 2023 16 5",2023,7,16,44.389,-67.9672,"Agarum clathratum","Random",1,1,NA,NA,NA
1022,"farrell_rasher_2026","Gulf of Maine","MDI_Western_Island",6,"MDI_Western_Island 2023 16 5",2023,7,16,44.389,-67.9672,"Alaria esculenta","Random",1,0,NA,NA,NA
1023,"farrell_rasher_2026","Gulf of Maine","MDI_Western_Island",6,"MDI_Western_Island 2023 16 5",2023,7,16,44.389,-67.9672,"Laminaria digitata","Random",1,1,NA,NA,NA
1024,"farrell_rasher_2026","Gulf of Maine","MDI_Western_Island",6,"MDI_Western_Island 2023 16 5",2023,7,16,44.389,-67.9672,"Saccharina latissima","Random",1,70,NA,NA,NA
1025,"farrell_rasher_2026","Gulf of Maine","Casco Bay_Bold_Dick_Rock",6,"Casco Bay_Bold_Dick_Rock 2023 23 25",2023,7,23,43.7131,-69.9409,"Agarum clathratum","Random",1,0,NA,NA,NA
1026,"farrell_rasher_2026","Gulf of Maine","Casco Bay_Bold_Dick_Rock",6,"Casco Bay_Bold_Dick_Rock 2023 23 25",2023,7,23,43.7131,-69.9409,"Alaria esculenta","Random",1,0,NA,NA,NA
1027,"farrell_rasher_2026","Gulf of Maine","Casco Bay_Bold_Dick_Rock",6,"Casco Bay_Bold_Dick_Rock 2023 23 25",2023,7,23,43.7131,-69.9409,"Laminaria digitata","Random",1,0,NA,NA,NA
1028,"farrell_rasher_2026","Gulf of Maine","Casco Bay_Bold_Dick_Rock",6,"Casco Bay_Bold_Dick_Rock 2023 23 25",2023,7,23,43.7131,-69.9409,"Saccharina latissima","Random",1,0,NA,NA,NA
1029,"farrell_rasher_2026","Gulf of Maine","Casco Bay_Bold_Dick_Rock",6,"Casco Bay_Bold_Dick_Rock 2023 23 35",2023,7,23,43.7131,-69.9409,"Agarum clathratum","Random",1,0,NA,NA,NA
1030,"farrell_rasher_2026","Gulf of Maine","Casco Bay_Bold_Dick_Rock",6,"Casco Bay_Bold_Dick_Rock 2023 23 35",2023,7,23,43.7131,-69.9409,"Alaria esculenta","Random",1,0,NA,NA,NA
1031,"farrell_rasher_2026","Gulf of Maine","Casco Bay_Bold_Dick_Rock",6,"Casco Bay_Bold_Dick_Rock 2023 23 35",2023,7,23,43.7131,-69.9409,"Laminaria digitata","Random",1,0,NA,NA,NA
1032,"farrell_rasher_2026","Gulf of Maine","Casco Bay_Bold_Dick_Rock",6,"Casco Bay_Bold_Dick_Rock 2023 23 35",2023,7,23,43.7131,-69.9409,"Saccharina latissima","Random",1,0,NA,NA,NA
1033,"farrell_rasher_2026","Gulf of Maine","Casco Bay_Bold_Dick_Rock",6,"Casco Bay_Bold_Dick_Rock 2023 23 10",2023,7,23,43.7131,-69.9409,"Agarum clathratum","Random",1,0,NA,NA,0
1034,"farrell_rasher_2026","Gulf of Maine","Casco Bay_Bold_Dick_Rock",6,"Casco Bay_Bold_Dick_Rock 2023 23 10",2023,7,23,43.7131,-69.9409,"Alaria esculenta","Random",1,0,NA,NA,0
1035,"farrell_rasher_2026","Gulf of Maine","Casco Bay_Bold_Dick_Rock",6,"Casco Bay_Bold_Dick_Rock 2023 23 10",2023,7,23,43.7131,-69.9409,"Laminaria digitata","Random",1,0,NA,NA,0
1036,"farrell_rasher_2026","Gulf of Maine","Casco Bay_Bold_Dick_Rock",6,"Casco Bay_Bold_Dick_Rock 2023 23 10",2023,7,23,43.7131,-69.9409,"Saccharina latissima","Random",1,0,NA,NA,0
1037,"farrell_rasher_2026","Gulf of Maine","Casco Bay_Bold_Dick_Rock",6,"Casco Bay_Bold_Dick_Rock 2023 23 15",2023,7,23,43.7131,-69.9409,"Agarum clathratum","Random",1,0,NA,NA,0
1038,"farrell_rasher_2026","Gulf of Maine","Casco Bay_Bold_Dick_Rock",6,"Casco Bay_Bold_Dick_Rock 2023 23 15",2023,7,23,43.7131,-69.9409,"Alaria esculenta","Random",1,0,NA,NA,0
1039,"farrell_rasher_2026","Gulf of Maine","Casco Bay_Bold_Dick_Rock",6,"Casco Bay_Bold_Dick_Rock 2023 23 15",2023,7,23,43.7131,-69.9409,"Laminaria digitata","Random",1,0,NA,NA,0
1040,"farrell_rasher_2026","Gulf of Maine","Casco Bay_Bold_Dick_Rock",6,"Casco Bay_Bold_Dick_Rock 2023 23 15",2023,7,23,43.7131,-69.9409,"Saccharina latissima","Random",1,0,NA,NA,0
1041,"farrell_rasher_2026","Gulf of Maine","Casco Bay_Bold_Dick_Rock",6,"Casco Bay_Bold_Dick_Rock 2023 23 20",2023,7,23,43.7131,-69.9409,"Agarum clathratum","Random",1,0,NA,NA,NA
1042,"farrell_rasher_2026","Gulf of Maine","Casco Bay_Bold_Dick_Rock",6,"Casco Bay_Bold_Dick_Rock 2023 23 20",2023,7,23,43.7131,-69.9409,"Alaria esculenta","Random",1,0,NA,NA,NA
1043,"farrell_rasher_2026","Gulf of Maine","Casco Bay_Bold_Dick_Rock",6,"Casco Bay_Bold_Dick_Rock 2023 23 20",2023,7,23,43.7131,-69.9409,"Laminaria digitata","Random",1,0,NA,NA,NA
1044,"farrell_rasher_2026","Gulf of Maine","Casco Bay_Bold_Dick_Rock",6,"Casco Bay_Bold_Dick_Rock 2023 23 20",2023,7,23,43.7131,-69.9409,"Saccharina latissima","Random",1,0,NA,NA,NA
1045,"farrell_rasher_2026","Gulf of Maine","Casco Bay_Bold_Dick_Rock",6,"Casco Bay_Bold_Dick_Rock 2023 23 30",2023,7,23,43.7131,-69.9409,"Agarum clathratum","Random",1,0,NA,NA,NA
1046,"farrell_rasher_2026","Gulf of Maine","Casco Bay_Bold_Dick_Rock",6,"Casco Bay_Bold_Dick_Rock 2023 23 30",2023,7,23,43.7131,-69.9409,"Alaria esculenta","Random",1,0,NA,NA,NA
1047,"farrell_rasher_2026","Gulf of Maine","Casco Bay_Bold_Dick_Rock",6,"Casco Bay_Bold_Dick_Rock 2023 23 30",2023,7,23,43.7131,-69.9409,"Laminaria digitata","Random",1,0,NA,NA,NA
1048,"farrell_rasher_2026","Gulf of Maine","Casco Bay_Bold_Dick_Rock",6,"Casco Bay_Bold_Dick_Rock 2023 23 30",2023,7,23,43.7131,-69.9409,"Saccharina latissima","Random",1,0,NA,NA,NA
1049,"farrell_rasher_2026","Gulf of Maine","Casco Bay_Bold_Dick_Rock",6,"Casco Bay_Bold_Dick_Rock 2023 23 40",2023,7,23,43.7131,-69.9409,"Agarum clathratum","Random",1,0,NA,NA,NA
1050,"farrell_rasher_2026","Gulf of Maine","Casco Bay_Bold_Dick_Rock",6,"Casco Bay_Bold_Dick_Rock 2023 23 40",2023,7,23,43.7131,-69.9409,"Alaria esculenta","Random",1,0,NA,NA,NA
1051,"farrell_rasher_2026","Gulf of Maine","Casco Bay_Bold_Dick_Rock",6,"Casco Bay_Bold_Dick_Rock 2023 23 40",2023,7,23,43.7131,-69.9409,"Laminaria digitata","Random",1,0,NA,NA,NA
1052,"farrell_rasher_2026","Gulf of Maine","Casco Bay_Bold_Dick_Rock",6,"Casco Bay_Bold_Dick_Rock 2023 23 40",2023,7,23,43.7131,-69.9409,"Saccharina latissima","Random",1,0,NA,NA,NA
1053,"farrell_rasher_2026","Gulf of Maine","Casco Bay_Bold_Dick_Rock",6,"Casco Bay_Bold_Dick_Rock 2023 23 5",2023,7,23,43.7131,-69.9409,"Agarum clathratum","Random",1,0,NA,NA,0
1054,"farrell_rasher_2026","Gulf of Maine","Casco Bay_Bold_Dick_Rock",6,"Casco Bay_Bold_Dick_Rock 2023 23 5",2023,7,23,43.7131,-69.9409,"Alaria esculenta","Random",1,0,NA,NA,0
1055,"farrell_rasher_2026","Gulf of Maine","Casco Bay_Bold_Dick_Rock",6,"Casco Bay_Bold_Dick_Rock 2023 23 5",2023,7,23,43.7131,-69.9409,"Laminaria digitata","Random",1,0,NA,NA,0
1056,"farrell_rasher_2026","Gulf of Maine","Casco Bay_Bold_Dick_Rock",6,"Casco Bay_Bold_Dick_Rock 2023 23 5",2023,7,23,43.7131,-69.9409,"Saccharina latissima","Random",1,5,NA,NA,0
1057,"farrell_rasher_2026","Gulf of Maine","Midcoast_Seguin_Island",6,"Midcoast_Seguin_Island 2023 23 30",2023,7,23,43.7051,-69.7541,"Agarum clathratum","Random",1,0,NA,NA,NA
1058,"farrell_rasher_2026","Gulf of Maine","Midcoast_Seguin_Island",6,"Midcoast_Seguin_Island 2023 23 30",2023,7,23,43.7051,-69.7541,"Alaria esculenta","Random",1,0,NA,NA,NA
1059,"farrell_rasher_2026","Gulf of Maine","Midcoast_Seguin_Island",6,"Midcoast_Seguin_Island 2023 23 30",2023,7,23,43.7051,-69.7541,"Laminaria digitata","Random",1,10,NA,NA,NA
1060,"farrell_rasher_2026","Gulf of Maine","Midcoast_Seguin_Island",6,"Midcoast_Seguin_Island 2023 23 30",2023,7,23,43.7051,-69.7541,"Saccharina latissima","Random",1,0,NA,NA,NA
1061,"farrell_rasher_2026","Gulf of Maine","Midcoast_Seguin_Island",6,"Midcoast_Seguin_Island 2023 23 40",2023,7,23,43.7051,-69.7541,"Agarum clathratum","Random",1,0,NA,NA,NA
1062,"farrell_rasher_2026","Gulf of Maine","Midcoast_Seguin_Island",6,"Midcoast_Seguin_Island 2023 23 40",2023,7,23,43.7051,-69.7541,"Alaria esculenta","Random",1,0,NA,NA,NA
1063,"farrell_rasher_2026","Gulf of Maine","Midcoast_Seguin_Island",6,"Midcoast_Seguin_Island 2023 23 40",2023,7,23,43.7051,-69.7541,"Laminaria digitata","Random",1,1,NA,NA,NA
1064,"farrell_rasher_2026","Gulf of Maine","Midcoast_Seguin_Island",6,"Midcoast_Seguin_Island 2023 23 40",2023,7,23,43.7051,-69.7541,"Saccharina latissima","Random",1,0,NA,NA,NA
1065,"farrell_rasher_2026","Gulf of Maine","Midcoast_Seguin_Island",6,"Midcoast_Seguin_Island 2023 23 10",2023,7,23,43.7051,-69.7541,"Agarum clathratum","Random",1,0,NA,NA,0
1066,"farrell_rasher_2026","Gulf of Maine","Midcoast_Seguin_Island",6,"Midcoast_Seguin_Island 2023 23 10",2023,7,23,43.7051,-69.7541,"Alaria esculenta","Random",1,0,NA,NA,0
1067,"farrell_rasher_2026","Gulf of Maine","Midcoast_Seguin_Island",6,"Midcoast_Seguin_Island 2023 23 10",2023,7,23,43.7051,-69.7541,"Laminaria digitata","Random",1,0,NA,NA,0
1068,"farrell_rasher_2026","Gulf of Maine","Midcoast_Seguin_Island",6,"Midcoast_Seguin_Island 2023 23 10",2023,7,23,43.7051,-69.7541,"Saccharina latissima","Random",1,0,NA,NA,0
1069,"farrell_rasher_2026","Gulf of Maine","Midcoast_Seguin_Island",6,"Midcoast_Seguin_Island 2023 23 15",2023,7,23,43.7051,-69.7541,"Agarum clathratum","Random",1,1,NA,NA,0.00721
1070,"farrell_rasher_2026","Gulf of Maine","Midcoast_Seguin_Island",6,"Midcoast_Seguin_Island 2023 23 15",2023,7,23,43.7051,-69.7541,"Alaria esculenta","Random",1,0,NA,NA,0
1071,"farrell_rasher_2026","Gulf of Maine","Midcoast_Seguin_Island",6,"Midcoast_Seguin_Island 2023 23 15",2023,7,23,43.7051,-69.7541,"Laminaria digitata","Random",1,0,NA,NA,0
1072,"farrell_rasher_2026","Gulf of Maine","Midcoast_Seguin_Island",6,"Midcoast_Seguin_Island 2023 23 15",2023,7,23,43.7051,-69.7541,"Saccharina latissima","Random",1,0,NA,NA,0
1073,"farrell_rasher_2026","Gulf of Maine","Midcoast_Seguin_Island",6,"Midcoast_Seguin_Island 2023 23 20",2023,7,23,43.7051,-69.7541,"Agarum clathratum","Random",1,0,NA,NA,NA
1074,"farrell_rasher_2026","Gulf of Maine","Midcoast_Seguin_Island",6,"Midcoast_Seguin_Island 2023 23 20",2023,7,23,43.7051,-69.7541,"Alaria esculenta","Random",1,0,NA,NA,NA
1075,"farrell_rasher_2026","Gulf of Maine","Midcoast_Seguin_Island",6,"Midcoast_Seguin_Island 2023 23 20",2023,7,23,43.7051,-69.7541,"Laminaria digitata","Random",1,0,NA,NA,NA
1076,"farrell_rasher_2026","Gulf of Maine","Midcoast_Seguin_Island",6,"Midcoast_Seguin_Island 2023 23 20",2023,7,23,43.7051,-69.7541,"Saccharina latissima","Random",1,0,NA,NA,NA
1077,"farrell_rasher_2026","Gulf of Maine","Midcoast_Seguin_Island",6,"Midcoast_Seguin_Island 2023 23 25",2023,7,23,43.7051,-69.7541,"Agarum clathratum","Random",1,0,NA,NA,NA
1078,"farrell_rasher_2026","Gulf of Maine","Midcoast_Seguin_Island",6,"Midcoast_Seguin_Island 2023 23 25",2023,7,23,43.7051,-69.7541,"Alaria esculenta","Random",1,0,NA,NA,NA
1079,"farrell_rasher_2026","Gulf of Maine","Midcoast_Seguin_Island",6,"Midcoast_Seguin_Island 2023 23 25",2023,7,23,43.7051,-69.7541,"Laminaria digitata","Random",1,0,NA,NA,NA
1080,"farrell_rasher_2026","Gulf of Maine","Midcoast_Seguin_Island",6,"Midcoast_Seguin_Island 2023 23 25",2023,7,23,43.7051,-69.7541,"Saccharina latissima","Random",1,0,NA,NA,NA
1081,"farrell_rasher_2026","Gulf of Maine","Midcoast_Seguin_Island",6,"Midcoast_Seguin_Island 2023 23 35",2023,7,23,43.7051,-69.7541,"Agarum clathratum","Random",1,0,NA,NA,NA
1082,"farrell_rasher_2026","Gulf of Maine","Midcoast_Seguin_Island",6,"Midcoast_Seguin_Island 2023 23 35",2023,7,23,43.7051,-69.7541,"Alaria esculenta","Random",1,0,NA,NA,NA
1083,"farrell_rasher_2026","Gulf of Maine","Midcoast_Seguin_Island",6,"Midcoast_Seguin_Island 2023 23 35",2023,7,23,43.7051,-69.7541,"Laminaria digitata","Random",1,0,NA,NA,NA
1084,"farrell_rasher_2026","Gulf of Maine","Midcoast_Seguin_Island",6,"Midcoast_Seguin_Island 2023 23 35",2023,7,23,43.7051,-69.7541,"Saccharina latissima","Random",1,0,NA,NA,NA
1085,"farrell_rasher_2026","Gulf of Maine","Midcoast_Seguin_Island",6,"Midcoast_Seguin_Island 2023 23 5",2023,7,23,43.7051,-69.7541,"Agarum clathratum","Random",1,10,NA,NA,0.00998
1086,"farrell_rasher_2026","Gulf of Maine","Midcoast_Seguin_Island",6,"Midcoast_Seguin_Island 2023 23 5",2023,7,23,43.7051,-69.7541,"Alaria esculenta","Random",1,0,NA,NA,0
1087,"farrell_rasher_2026","Gulf of Maine","Midcoast_Seguin_Island",6,"Midcoast_Seguin_Island 2023 23 5",2023,7,23,43.7051,-69.7541,"Laminaria digitata","Random",1,0,NA,NA,0
1088,"farrell_rasher_2026","Gulf of Maine","Midcoast_Seguin_Island",6,"Midcoast_Seguin_Island 2023 23 5",2023,7,23,43.7051,-69.7541,"Saccharina latissima","Random",1,0,NA,NA,0
1089,"farrell_rasher_2026","Gulf of Maine","Midcoast_Pemaquid_Point",6,"Midcoast_Pemaquid_Point 2023 26 30",2023,7,26,43.8389,-69.5019,"Agarum clathratum","Random",1,0,NA,NA,NA
1090,"farrell_rasher_2026","Gulf of Maine","Midcoast_Pemaquid_Point",6,"Midcoast_Pemaquid_Point 2023 26 30",2023,7,26,43.8389,-69.5019,"Alaria esculenta","Random",1,0,NA,NA,NA
1091,"farrell_rasher_2026","Gulf of Maine","Midcoast_Pemaquid_Point",6,"Midcoast_Pemaquid_Point 2023 26 30",2023,7,26,43.8389,-69.5019,"Laminaria digitata","Random",1,0,NA,NA,NA
1092,"farrell_rasher_2026","Gulf of Maine","Midcoast_Pemaquid_Point",6,"Midcoast_Pemaquid_Point 2023 26 30",2023,7,26,43.8389,-69.5019,"Saccharina latissima","Random",1,0,NA,NA,NA
1093,"farrell_rasher_2026","Gulf of Maine","Midcoast_Pemaquid_Point",6,"Midcoast_Pemaquid_Point 2023 26 40",2023,7,26,43.8389,-69.5019,"Agarum clathratum","Random",1,0,NA,NA,NA
1094,"farrell_rasher_2026","Gulf of Maine","Midcoast_Pemaquid_Point",6,"Midcoast_Pemaquid_Point 2023 26 40",2023,7,26,43.8389,-69.5019,"Alaria esculenta","Random",1,0,NA,NA,NA
1095,"farrell_rasher_2026","Gulf of Maine","Midcoast_Pemaquid_Point",6,"Midcoast_Pemaquid_Point 2023 26 40",2023,7,26,43.8389,-69.5019,"Laminaria digitata","Random",1,0,NA,NA,NA
1096,"farrell_rasher_2026","Gulf of Maine","Midcoast_Pemaquid_Point",6,"Midcoast_Pemaquid_Point 2023 26 40",2023,7,26,43.8389,-69.5019,"Saccharina latissima","Random",1,0,NA,NA,NA
1097,"farrell_rasher_2026","Gulf of Maine","Midcoast_Pemaquid_Point",6,"Midcoast_Pemaquid_Point 2023 26 10",2023,7,26,43.8389,-69.5019,"Agarum clathratum","Random",1,0,NA,NA,0
1098,"farrell_rasher_2026","Gulf of Maine","Midcoast_Pemaquid_Point",6,"Midcoast_Pemaquid_Point 2023 26 10",2023,7,26,43.8389,-69.5019,"Alaria esculenta","Random",1,0,NA,NA,0
1099,"farrell_rasher_2026","Gulf of Maine","Midcoast_Pemaquid_Point",6,"Midcoast_Pemaquid_Point 2023 26 10",2023,7,26,43.8389,-69.5019,"Laminaria digitata","Random",1,0,NA,NA,0
1100,"farrell_rasher_2026","Gulf of Maine","Midcoast_Pemaquid_Point",6,"Midcoast_Pemaquid_Point 2023 26 10",2023,7,26,43.8389,-69.5019,"Saccharina latissima","Random",1,0,NA,NA,0
1101,"farrell_rasher_2026","Gulf of Maine","Midcoast_Pemaquid_Point",6,"Midcoast_Pemaquid_Point 2023 26 15",2023,7,26,43.8389,-69.5019,"Agarum clathratum","Random",1,1,NA,NA,0
1102,"farrell_rasher_2026","Gulf of Maine","Midcoast_Pemaquid_Point",6,"Midcoast_Pemaquid_Point 2023 26 15",2023,7,26,43.8389,-69.5019,"Alaria esculenta","Random",1,0,NA,NA,0
1103,"farrell_rasher_2026","Gulf of Maine","Midcoast_Pemaquid_Point",6,"Midcoast_Pemaquid_Point 2023 26 15",2023,7,26,43.8389,-69.5019,"Laminaria digitata","Random",1,0,NA,NA,0
1104,"farrell_rasher_2026","Gulf of Maine","Midcoast_Pemaquid_Point",6,"Midcoast_Pemaquid_Point 2023 26 15",2023,7,26,43.8389,-69.5019,"Saccharina latissima","Random",1,0,NA,NA,0
1105,"farrell_rasher_2026","Gulf of Maine","Midcoast_Pemaquid_Point",6,"Midcoast_Pemaquid_Point 2023 26 20",2023,7,26,43.8389,-69.5019,"Agarum clathratum","Random",1,0,NA,NA,NA
1106,"farrell_rasher_2026","Gulf of Maine","Midcoast_Pemaquid_Point",6,"Midcoast_Pemaquid_Point 2023 26 20",2023,7,26,43.8389,-69.5019,"Alaria esculenta","Random",1,0,NA,NA,NA
1107,"farrell_rasher_2026","Gulf of Maine","Midcoast_Pemaquid_Point",6,"Midcoast_Pemaquid_Point 2023 26 20",2023,7,26,43.8389,-69.5019,"Laminaria digitata","Random",1,0,NA,NA,NA
1108,"farrell_rasher_2026","Gulf of Maine","Midcoast_Pemaquid_Point",6,"Midcoast_Pemaquid_Point 2023 26 20",2023,7,26,43.8389,-69.5019,"Saccharina latissima","Random",1,0,NA,NA,NA
1109,"farrell_rasher_2026","Gulf of Maine","Midcoast_Pemaquid_Point",6,"Midcoast_Pemaquid_Point 2023 26 25",2023,7,26,43.8389,-69.5019,"Agarum clathratum","Random",1,0,NA,NA,NA
1110,"farrell_rasher_2026","Gulf of Maine","Midcoast_Pemaquid_Point",6,"Midcoast_Pemaquid_Point 2023 26 25",2023,7,26,43.8389,-69.5019,"Alaria esculenta","Random",1,0,NA,NA,NA
1111,"farrell_rasher_2026","Gulf of Maine","Midcoast_Pemaquid_Point",6,"Midcoast_Pemaquid_Point 2023 26 25",2023,7,26,43.8389,-69.5019,"Laminaria digitata","Random",1,0,NA,NA,NA
1112,"farrell_rasher_2026","Gulf of Maine","Midcoast_Pemaquid_Point",6,"Midcoast_Pemaquid_Point 2023 26 25",2023,7,26,43.8389,-69.5019,"Saccharina latissima","Random",1,0,NA,NA,NA
1113,"farrell_rasher_2026","Gulf of Maine","Midcoast_Pemaquid_Point",6,"Midcoast_Pemaquid_Point 2023 26 35",2023,7,26,43.8389,-69.5019,"Agarum clathratum","Random",1,5,NA,NA,NA
1114,"farrell_rasher_2026","Gulf of Maine","Midcoast_Pemaquid_Point",6,"Midcoast_Pemaquid_Point 2023 26 35",2023,7,26,43.8389,-69.5019,"Alaria esculenta","Random",1,0,NA,NA,NA
1115,"farrell_rasher_2026","Gulf of Maine","Midcoast_Pemaquid_Point",6,"Midcoast_Pemaquid_Point 2023 26 35",2023,7,26,43.8389,-69.5019,"Laminaria digitata","Random",1,0,NA,NA,NA
1116,"farrell_rasher_2026","Gulf of Maine","Midcoast_Pemaquid_Point",6,"Midcoast_Pemaquid_Point 2023 26 35",2023,7,26,43.8389,-69.5019,"Saccharina latissima","Random",1,0,NA,NA,NA
1117,"farrell_rasher_2026","Gulf of Maine","Midcoast_Pemaquid_Point",6,"Midcoast_Pemaquid_Point 2023 26 5",2023,7,26,43.8389,-69.5019,"Agarum clathratum","Random",1,0,NA,NA,0
1118,"farrell_rasher_2026","Gulf of Maine","Midcoast_Pemaquid_Point",6,"Midcoast_Pemaquid_Point 2023 26 5",2023,7,26,43.8389,-69.5019,"Alaria esculenta","Random",1,0,NA,NA,0
1119,"farrell_rasher_2026","Gulf of Maine","Midcoast_Pemaquid_Point",6,"Midcoast_Pemaquid_Point 2023 26 5",2023,7,26,43.8389,-69.5019,"Laminaria digitata","Random",1,0,NA,NA,0
1120,"farrell_rasher_2026","Gulf of Maine","Midcoast_Pemaquid_Point",6,"Midcoast_Pemaquid_Point 2023 26 5",2023,7,26,43.8389,-69.5019,"Saccharina latissima","Random",1,0,NA,NA,0
1121,"farrell_rasher_2026","Gulf of Maine","Midcoast_Thrumcap_Island",6,"Midcoast_Thrumcap_Island 2023 26 25",2023,7,26,43.8235,-69.5505,"Agarum clathratum","Random",1,0,NA,NA,NA
1122,"farrell_rasher_2026","Gulf of Maine","Midcoast_Thrumcap_Island",6,"Midcoast_Thrumcap_Island 2023 26 25",2023,7,26,43.8235,-69.5505,"Alaria esculenta","Random",1,0,NA,NA,NA
1123,"farrell_rasher_2026","Gulf of Maine","Midcoast_Thrumcap_Island",6,"Midcoast_Thrumcap_Island 2023 26 25",2023,7,26,43.8235,-69.5505,"Laminaria digitata","Random",1,0,NA,NA,NA
1124,"farrell_rasher_2026","Gulf of Maine","Midcoast_Thrumcap_Island",6,"Midcoast_Thrumcap_Island 2023 26 25",2023,7,26,43.8235,-69.5505,"Saccharina latissima","Random",1,30,NA,NA,NA
1125,"farrell_rasher_2026","Gulf of Maine","Midcoast_Thrumcap_Island",6,"Midcoast_Thrumcap_Island 2023 26 35",2023,7,26,43.8235,-69.5505,"Agarum clathratum","Random",1,0,NA,NA,NA
1126,"farrell_rasher_2026","Gulf of Maine","Midcoast_Thrumcap_Island",6,"Midcoast_Thrumcap_Island 2023 26 35",2023,7,26,43.8235,-69.5505,"Alaria esculenta","Random",1,0,NA,NA,NA
1127,"farrell_rasher_2026","Gulf of Maine","Midcoast_Thrumcap_Island",6,"Midcoast_Thrumcap_Island 2023 26 35",2023,7,26,43.8235,-69.5505,"Laminaria digitata","Random",1,0,NA,NA,NA
1128,"farrell_rasher_2026","Gulf of Maine","Midcoast_Thrumcap_Island",6,"Midcoast_Thrumcap_Island 2023 26 35",2023,7,26,43.8235,-69.5505,"Saccharina latissima","Random",1,10,NA,NA,NA
1129,"farrell_rasher_2026","Gulf of Maine","Midcoast_Thrumcap_Island",6,"Midcoast_Thrumcap_Island 2023 26 10",2023,7,26,43.8235,-69.5505,"Agarum clathratum","Random",1,0,NA,NA,0
1130,"farrell_rasher_2026","Gulf of Maine","Midcoast_Thrumcap_Island",6,"Midcoast_Thrumcap_Island 2023 26 10",2023,7,26,43.8235,-69.5505,"Alaria esculenta","Random",1,0,NA,NA,0
1131,"farrell_rasher_2026","Gulf of Maine","Midcoast_Thrumcap_Island",6,"Midcoast_Thrumcap_Island 2023 26 10",2023,7,26,43.8235,-69.5505,"Laminaria digitata","Random",1,0,NA,NA,0
1132,"farrell_rasher_2026","Gulf of Maine","Midcoast_Thrumcap_Island",6,"Midcoast_Thrumcap_Island 2023 26 10",2023,7,26,43.8235,-69.5505,"Saccharina latissima","Random",1,10,NA,NA,0.07535
1133,"farrell_rasher_2026","Gulf of Maine","Midcoast_Thrumcap_Island",6,"Midcoast_Thrumcap_Island 2023 26 15",2023,7,26,43.8235,-69.5505,"Agarum clathratum","Random",1,0,NA,NA,0
1134,"farrell_rasher_2026","Gulf of Maine","Midcoast_Thrumcap_Island",6,"Midcoast_Thrumcap_Island 2023 26 15",2023,7,26,43.8235,-69.5505,"Alaria esculenta","Random",1,0,NA,NA,0
1135,"farrell_rasher_2026","Gulf of Maine","Midcoast_Thrumcap_Island",6,"Midcoast_Thrumcap_Island 2023 26 15",2023,7,26,43.8235,-69.5505,"Laminaria digitata","Random",1,0,NA,NA,0
1136,"farrell_rasher_2026","Gulf of Maine","Midcoast_Thrumcap_Island",6,"Midcoast_Thrumcap_Island 2023 26 15",2023,7,26,43.8235,-69.5505,"Saccharina latissima","Random",1,1,NA,NA,0.00625
1137,"farrell_rasher_2026","Gulf of Maine","Midcoast_Thrumcap_Island",6,"Midcoast_Thrumcap_Island 2023 26 20",2023,7,26,43.8235,-69.5505,"Agarum clathratum","Random",1,0,NA,NA,NA
1138,"farrell_rasher_2026","Gulf of Maine","Midcoast_Thrumcap_Island",6,"Midcoast_Thrumcap_Island 2023 26 20",2023,7,26,43.8235,-69.5505,"Alaria esculenta","Random",1,0,NA,NA,NA
1139,"farrell_rasher_2026","Gulf of Maine","Midcoast_Thrumcap_Island",6,"Midcoast_Thrumcap_Island 2023 26 20",2023,7,26,43.8235,-69.5505,"Laminaria digitata","Random",1,0,NA,NA,NA
1140,"farrell_rasher_2026","Gulf of Maine","Midcoast_Thrumcap_Island",6,"Midcoast_Thrumcap_Island 2023 26 20",2023,7,26,43.8235,-69.5505,"Saccharina latissima","Random",1,1,NA,NA,NA
1141,"farrell_rasher_2026","Gulf of Maine","Midcoast_Thrumcap_Island",6,"Midcoast_Thrumcap_Island 2023 26 30",2023,7,26,43.8235,-69.5505,"Agarum clathratum","Random",1,0,NA,NA,NA
1142,"farrell_rasher_2026","Gulf of Maine","Midcoast_Thrumcap_Island",6,"Midcoast_Thrumcap_Island 2023 26 30",2023,7,26,43.8235,-69.5505,"Alaria esculenta","Random",1,0,NA,NA,NA
1143,"farrell_rasher_2026","Gulf of Maine","Midcoast_Thrumcap_Island",6,"Midcoast_Thrumcap_Island 2023 26 30",2023,7,26,43.8235,-69.5505,"Laminaria digitata","Random",1,0,NA,NA,NA
1144,"farrell_rasher_2026","Gulf of Maine","Midcoast_Thrumcap_Island",6,"Midcoast_Thrumcap_Island 2023 26 30",2023,7,26,43.8235,-69.5505,"Saccharina latissima","Random",1,10,NA,NA,NA
1145,"farrell_rasher_2026","Gulf of Maine","Midcoast_Thrumcap_Island",6,"Midcoast_Thrumcap_Island 2023 26 40",2023,7,26,43.8235,-69.5505,"Agarum clathratum","Random",1,0,NA,NA,NA
1146,"farrell_rasher_2026","Gulf of Maine","Midcoast_Thrumcap_Island",6,"Midcoast_Thrumcap_Island 2023 26 40",2023,7,26,43.8235,-69.5505,"Alaria esculenta","Random",1,0,NA,NA,NA
1147,"farrell_rasher_2026","Gulf of Maine","Midcoast_Thrumcap_Island",6,"Midcoast_Thrumcap_Island 2023 26 40",2023,7,26,43.8235,-69.5505,"Laminaria digitata","Random",1,0,NA,NA,NA
1148,"farrell_rasher_2026","Gulf of Maine","Midcoast_Thrumcap_Island",6,"Midcoast_Thrumcap_Island 2023 26 40",2023,7,26,43.8235,-69.5505,"Saccharina latissima","Random",1,20,NA,NA,NA
1149,"farrell_rasher_2026","Gulf of Maine","Midcoast_Thrumcap_Island",6,"Midcoast_Thrumcap_Island 2023 26 5",2023,7,26,43.8235,-69.5505,"Agarum clathratum","Random",1,5,NA,NA,0.04813
1150,"farrell_rasher_2026","Gulf of Maine","Midcoast_Thrumcap_Island",6,"Midcoast_Thrumcap_Island 2023 26 5",2023,7,26,43.8235,-69.5505,"Alaria esculenta","Random",1,0,NA,NA,0
1151,"farrell_rasher_2026","Gulf of Maine","Midcoast_Thrumcap_Island",6,"Midcoast_Thrumcap_Island 2023 26 5",2023,7,26,43.8235,-69.5505,"Laminaria digitata","Random",1,0,NA,NA,0
1152,"farrell_rasher_2026","Gulf of Maine","Midcoast_Thrumcap_Island",6,"Midcoast_Thrumcap_Island 2023 26 5",2023,7,26,43.8235,-69.5505,"Saccharina latissima","Random",1,10,NA,NA,0.1481
1153,"farrell_rasher_2026","Gulf of Maine","Casco Bay_Halfway_Rock",6,"Casco Bay_Halfway_Rock 2023 31 10",2023,7,31,43.6546,-70.0373,"Agarum clathratum","Random",1,0,NA,NA,0
1154,"farrell_rasher_2026","Gulf of Maine","Casco Bay_Halfway_Rock",6,"Casco Bay_Halfway_Rock 2023 31 10",2023,7,31,43.6546,-70.0373,"Alaria esculenta","Random",1,0,NA,NA,0
1155,"farrell_rasher_2026","Gulf of Maine","Casco Bay_Halfway_Rock",6,"Casco Bay_Halfway_Rock 2023 31 10",2023,7,31,43.6546,-70.0373,"Laminaria digitata","Random",1,0,NA,NA,0
1156,"farrell_rasher_2026","Gulf of Maine","Casco Bay_Halfway_Rock",6,"Casco Bay_Halfway_Rock 2023 31 10",2023,7,31,43.6546,-70.0373,"Saccharina latissima","Random",1,0,NA,NA,0
1157,"farrell_rasher_2026","Gulf of Maine","Casco Bay_Halfway_Rock",6,"Casco Bay_Halfway_Rock 2023 31 15",2023,7,31,43.6546,-70.0373,"Agarum clathratum","Random",1,0,NA,NA,0
1158,"farrell_rasher_2026","Gulf of Maine","Casco Bay_Halfway_Rock",6,"Casco Bay_Halfway_Rock 2023 31 15",2023,7,31,43.6546,-70.0373,"Alaria esculenta","Random",1,0,NA,NA,0
1159,"farrell_rasher_2026","Gulf of Maine","Casco Bay_Halfway_Rock",6,"Casco Bay_Halfway_Rock 2023 31 15",2023,7,31,43.6546,-70.0373,"Laminaria digitata","Random",1,0,NA,NA,0
1160,"farrell_rasher_2026","Gulf of Maine","Casco Bay_Halfway_Rock",6,"Casco Bay_Halfway_Rock 2023 31 15",2023,7,31,43.6546,-70.0373,"Saccharina latissima","Random",1,0,NA,NA,0
1161,"farrell_rasher_2026","Gulf of Maine","Casco Bay_Halfway_Rock",6,"Casco Bay_Halfway_Rock 2023 31 20",2023,7,31,43.6546,-70.0373,"Agarum clathratum","Random",1,0,NA,NA,0
1162,"farrell_rasher_2026","Gulf of Maine","Casco Bay_Halfway_Rock",6,"Casco Bay_Halfway_Rock 2023 31 20",2023,7,31,43.6546,-70.0373,"Alaria esculenta","Random",1,0,NA,NA,0
1163,"farrell_rasher_2026","Gulf of Maine","Casco Bay_Halfway_Rock",6,"Casco Bay_Halfway_Rock 2023 31 20",2023,7,31,43.6546,-70.0373,"Laminaria digitata","Random",1,0,NA,NA,0
1164,"farrell_rasher_2026","Gulf of Maine","Casco Bay_Halfway_Rock",6,"Casco Bay_Halfway_Rock 2023 31 20",2023,7,31,43.6546,-70.0373,"Saccharina latissima","Random",1,0,NA,NA,0
1165,"farrell_rasher_2026","Gulf of Maine","Casco Bay_Halfway_Rock",6,"Casco Bay_Halfway_Rock 2023 31 25",2023,7,31,43.6546,-70.0373,"Agarum clathratum","Random",1,0,NA,NA,NA
1166,"farrell_rasher_2026","Gulf of Maine","Casco Bay_Halfway_Rock",6,"Casco Bay_Halfway_Rock 2023 31 25",2023,7,31,43.6546,-70.0373,"Alaria esculenta","Random",1,0,NA,NA,NA
1167,"farrell_rasher_2026","Gulf of Maine","Casco Bay_Halfway_Rock",6,"Casco Bay_Halfway_Rock 2023 31 25",2023,7,31,43.6546,-70.0373,"Laminaria digitata","Random",1,0,NA,NA,NA
1168,"farrell_rasher_2026","Gulf of Maine","Casco Bay_Halfway_Rock",6,"Casco Bay_Halfway_Rock 2023 31 25",2023,7,31,43.6546,-70.0373,"Saccharina latissima","Random",1,0,NA,NA,NA
1169,"farrell_rasher_2026","Gulf of Maine","Casco Bay_Halfway_Rock",6,"Casco Bay_Halfway_Rock 2023 31 30",2023,7,31,43.6546,-70.0373,"Agarum clathratum","Random",1,0,NA,NA,NA
1170,"farrell_rasher_2026","Gulf of Maine","Casco Bay_Halfway_Rock",6,"Casco Bay_Halfway_Rock 2023 31 30",2023,7,31,43.6546,-70.0373,"Alaria esculenta","Random",1,0,NA,NA,NA
1171,"farrell_rasher_2026","Gulf of Maine","Casco Bay_Halfway_Rock",6,"Casco Bay_Halfway_Rock 2023 31 30",2023,7,31,43.6546,-70.0373,"Laminaria digitata","Random",1,0,NA,NA,NA
1172,"farrell_rasher_2026","Gulf of Maine","Casco Bay_Halfway_Rock",6,"Casco Bay_Halfway_Rock 2023 31 30",2023,7,31,43.6546,-70.0373,"Saccharina latissima","Random",1,0,NA,NA,NA
1173,"farrell_rasher_2026","Gulf of Maine","Casco Bay_Halfway_Rock",6,"Casco Bay_Halfway_Rock 2023 31 35",2023,7,31,43.6546,-70.0373,"Agarum clathratum","Random",1,0,NA,NA,NA
1174,"farrell_rasher_2026","Gulf of Maine","Casco Bay_Halfway_Rock",6,"Casco Bay_Halfway_Rock 2023 31 35",2023,7,31,43.6546,-70.0373,"Alaria esculenta","Random",1,0,NA,NA,NA
1175,"farrell_rasher_2026","Gulf of Maine","Casco Bay_Halfway_Rock",6,"Casco Bay_Halfway_Rock 2023 31 35",2023,7,31,43.6546,-70.0373,"Laminaria digitata","Random",1,0,NA,NA,NA
1176,"farrell_rasher_2026","Gulf of Maine","Casco Bay_Halfway_Rock",6,"Casco Bay_Halfway_Rock 2023 31 35",2023,7,31,43.6546,-70.0373,"Saccharina latissima","Random",1,0,NA,NA,NA
1177,"farrell_rasher_2026","Gulf of Maine","Casco Bay_Halfway_Rock",6,"Casco Bay_Halfway_Rock 2023 31 40",2023,7,31,43.6546,-70.0373,"Agarum clathratum","Random",1,0,NA,NA,NA
1178,"farrell_rasher_2026","Gulf of Maine","Casco Bay_Halfway_Rock",6,"Casco Bay_Halfway_Rock 2023 31 40",2023,7,31,43.6546,-70.0373,"Alaria esculenta","Random",1,0,NA,NA,NA
1179,"farrell_rasher_2026","Gulf of Maine","Casco Bay_Halfway_Rock",6,"Casco Bay_Halfway_Rock 2023 31 40",2023,7,31,43.6546,-70.0373,"Laminaria digitata","Random",1,0,NA,NA,NA
1180,"farrell_rasher_2026","Gulf of Maine","Casco Bay_Halfway_Rock",6,"Casco Bay_Halfway_Rock 2023 31 40",2023,7,31,43.6546,-70.0373,"Saccharina latissima","Random",1,0,NA,NA,NA
1181,"farrell_rasher_2026","Gulf of Maine","Casco Bay_Halfway_Rock",6,"Casco Bay_Halfway_Rock 2023 31 5",2023,7,31,43.6546,-70.0373,"Agarum clathratum","Random",1,0,NA,NA,0
1182,"farrell_rasher_2026","Gulf of Maine","Casco Bay_Halfway_Rock",6,"Casco Bay_Halfway_Rock 2023 31 5",2023,7,31,43.6546,-70.0373,"Alaria esculenta","Random",1,0,NA,NA,0
1183,"farrell_rasher_2026","Gulf of Maine","Casco Bay_Halfway_Rock",6,"Casco Bay_Halfway_Rock 2023 31 5",2023,7,31,43.6546,-70.0373,"Laminaria digitata","Random",1,0,NA,NA,0
1184,"farrell_rasher_2026","Gulf of Maine","Casco Bay_Halfway_Rock",6,"Casco Bay_Halfway_Rock 2023 31 5",2023,7,31,43.6546,-70.0373,"Saccharina latissima","Random",1,0,NA,NA,0
1185,"farrell_rasher_2026","Gulf of Maine","Casco Bay_Jewell_Island",6,"Casco Bay_Jewell_Island 2023 31 40",2023,7,31,43.6866,-70.0843,"Agarum clathratum","Random",1,0,NA,NA,NA
1186,"farrell_rasher_2026","Gulf of Maine","Casco Bay_Jewell_Island",6,"Casco Bay_Jewell_Island 2023 31 40",2023,7,31,43.6866,-70.0843,"Alaria esculenta","Random",1,0,NA,NA,NA
1187,"farrell_rasher_2026","Gulf of Maine","Casco Bay_Jewell_Island",6,"Casco Bay_Jewell_Island 2023 31 40",2023,7,31,43.6866,-70.0843,"Laminaria digitata","Random",1,5,NA,NA,NA
1188,"farrell_rasher_2026","Gulf of Maine","Casco Bay_Jewell_Island",6,"Casco Bay_Jewell_Island 2023 31 40",2023,7,31,43.6866,-70.0843,"Saccharina latissima","Random",1,0,NA,NA,NA
1189,"farrell_rasher_2026","Gulf of Maine","Casco Bay_Jewell_Island",6,"Casco Bay_Jewell_Island 2023 31 10",2023,7,31,43.6866,-70.0843,"Agarum clathratum","Random",1,0,NA,NA,0
1190,"farrell_rasher_2026","Gulf of Maine","Casco Bay_Jewell_Island",6,"Casco Bay_Jewell_Island 2023 31 10",2023,7,31,43.6866,-70.0843,"Alaria esculenta","Random",1,0,NA,NA,0
1191,"farrell_rasher_2026","Gulf of Maine","Casco Bay_Jewell_Island",6,"Casco Bay_Jewell_Island 2023 31 10",2023,7,31,43.6866,-70.0843,"Laminaria digitata","Random",1,0,NA,NA,0
1192,"farrell_rasher_2026","Gulf of Maine","Casco Bay_Jewell_Island",6,"Casco Bay_Jewell_Island 2023 31 10",2023,7,31,43.6866,-70.0843,"Saccharina latissima","Random",1,0,NA,NA,0.11181
1193,"farrell_rasher_2026","Gulf of Maine","Casco Bay_Jewell_Island",6,"Casco Bay_Jewell_Island 2023 31 15",2023,7,31,43.6866,-70.0843,"Agarum clathratum","Random",1,0,NA,NA,0
1194,"farrell_rasher_2026","Gulf of Maine","Casco Bay_Jewell_Island",6,"Casco Bay_Jewell_Island 2023 31 15",2023,7,31,43.6866,-70.0843,"Alaria esculenta","Random",1,0,NA,NA,0
1195,"farrell_rasher_2026","Gulf of Maine","Casco Bay_Jewell_Island",6,"Casco Bay_Jewell_Island 2023 31 15",2023,7,31,43.6866,-70.0843,"Laminaria digitata","Random",1,5,NA,NA,0.04849
1196,"farrell_rasher_2026","Gulf of Maine","Casco Bay_Jewell_Island",6,"Casco Bay_Jewell_Island 2023 31 15",2023,7,31,43.6866,-70.0843,"Saccharina latissima","Random",1,0,NA,NA,0
1197,"farrell_rasher_2026","Gulf of Maine","Casco Bay_Jewell_Island",6,"Casco Bay_Jewell_Island 2023 31 20",2023,7,31,43.6866,-70.0843,"Agarum clathratum","Random",1,0,NA,NA,NA
1198,"farrell_rasher_2026","Gulf of Maine","Casco Bay_Jewell_Island",6,"Casco Bay_Jewell_Island 2023 31 20",2023,7,31,43.6866,-70.0843,"Alaria esculenta","Random",1,0,NA,NA,NA
1199,"farrell_rasher_2026","Gulf of Maine","Casco Bay_Jewell_Island",6,"Casco Bay_Jewell_Island 2023 31 20",2023,7,31,43.6866,-70.0843,"Laminaria digitata","Random",1,30,NA,NA,NA
1200,"farrell_rasher_2026","Gulf of Maine","Casco Bay_Jewell_Island",6,"Casco Bay_Jewell_Island 2023 31 20",2023,7,31,43.6866,-70.0843,"Saccharina latissima","Random",1,0,NA,NA,NA
1201,"farrell_rasher_2026","Gulf of Maine","Casco Bay_Jewell_Island",6,"Casco Bay_Jewell_Island 2023 31 25",2023,7,31,43.6866,-70.0843,"Agarum clathratum","Random",1,0,NA,NA,NA
1202,"farrell_rasher_2026","Gulf of Maine","Casco Bay_Jewell_Island",6,"Casco Bay_Jewell_Island 2023 31 25",2023,7,31,43.6866,-70.0843,"Alaria esculenta","Random",1,0,NA,NA,NA
1203,"farrell_rasher_2026","Gulf of Maine","Casco Bay_Jewell_Island",6,"Casco Bay_Jewell_Island 2023 31 25",2023,7,31,43.6866,-70.0843,"Laminaria digitata","Random",1,0,NA,NA,NA
1204,"farrell_rasher_2026","Gulf of Maine","Casco Bay_Jewell_Island",6,"Casco Bay_Jewell_Island 2023 31 25",2023,7,31,43.6866,-70.0843,"Saccharina latissima","Random",1,0,NA,NA,NA
1205,"farrell_rasher_2026","Gulf of Maine","Casco Bay_Jewell_Island",6,"Casco Bay_Jewell_Island 2023 31 30",2023,7,31,43.6866,-70.0843,"Agarum clathratum","Random",1,0,NA,NA,NA
1206,"farrell_rasher_2026","Gulf of Maine","Casco Bay_Jewell_Island",6,"Casco Bay_Jewell_Island 2023 31 30",2023,7,31,43.6866,-70.0843,"Alaria esculenta","Random",1,0,NA,NA,NA
1207,"farrell_rasher_2026","Gulf of Maine","Casco Bay_Jewell_Island",6,"Casco Bay_Jewell_Island 2023 31 30",2023,7,31,43.6866,-70.0843,"Laminaria digitata","Random",1,0,NA,NA,NA
1208,"farrell_rasher_2026","Gulf of Maine","Casco Bay_Jewell_Island",6,"Casco Bay_Jewell_Island 2023 31 30",2023,7,31,43.6866,-70.0843,"Saccharina latissima","Random",1,5,NA,NA,NA
1209,"farrell_rasher_2026","Gulf of Maine","Casco Bay_Jewell_Island",6,"Casco Bay_Jewell_Island 2023 31 35",2023,7,31,43.6866,-70.0843,"Agarum clathratum","Random",1,0,NA,NA,NA
1210,"farrell_rasher_2026","Gulf of Maine","Casco Bay_Jewell_Island",6,"Casco Bay_Jewell_Island 2023 31 35",2023,7,31,43.6866,-70.0843,"Alaria esculenta","Random",1,0,NA,NA,NA
1211,"farrell_rasher_2026","Gulf of Maine","Casco Bay_Jewell_Island",6,"Casco Bay_Jewell_Island 2023 31 35",2023,7,31,43.6866,-70.0843,"Laminaria digitata","Random",1,0,NA,NA,NA
1212,"farrell_rasher_2026","Gulf of Maine","Casco Bay_Jewell_Island",6,"Casco Bay_Jewell_Island 2023 31 35",2023,7,31,43.6866,-70.0843,"Saccharina latissima","Random",1,0,NA,NA,NA
1213,"farrell_rasher_2026","Gulf of Maine","Casco Bay_Jewell_Island",6,"Casco Bay_Jewell_Island 2023 31 5",2023,7,31,43.6866,-70.0843,"Agarum clathratum","Random",1,0,NA,NA,0
1214,"farrell_rasher_2026","Gulf of Maine","Casco Bay_Jewell_Island",6,"Casco Bay_Jewell_Island 2023 31 5",2023,7,31,43.6866,-70.0843,"Alaria esculenta","Random",1,0,NA,NA,0
1215,"farrell_rasher_2026","Gulf of Maine","Casco Bay_Jewell_Island",6,"Casco Bay_Jewell_Island 2023 31 5",2023,7,31,43.6866,-70.0843,"Laminaria digitata","Random",1,60,NA,NA,3.41629
1216,"farrell_rasher_2026","Gulf of Maine","Casco Bay_Jewell_Island",6,"Casco Bay_Jewell_Island 2023 31 5",2023,7,31,43.6866,-70.0843,"Saccharina latissima","Random",1,0,NA,NA,0
1217,"farrell_rasher_2026","Gulf of Maine","Midcoast_Allen_Island",6,"Midcoast_Allen_Island 2023 1 10",2023,8,1,43.8614,-69.3237,"Agarum clathratum","Random",1,5,NA,NA,NA
1218,"farrell_rasher_2026","Gulf of Maine","Midcoast_Allen_Island",6,"Midcoast_Allen_Island 2023 1 10",2023,8,1,43.8614,-69.3237,"Alaria esculenta","Random",1,0,NA,NA,NA
1219,"farrell_rasher_2026","Gulf of Maine","Midcoast_Allen_Island",6,"Midcoast_Allen_Island 2023 1 10",2023,8,1,43.8614,-69.3237,"Laminaria digitata","Random",1,0,NA,NA,NA
1220,"farrell_rasher_2026","Gulf of Maine","Midcoast_Allen_Island",6,"Midcoast_Allen_Island 2023 1 10",2023,8,1,43.8614,-69.3237,"Saccharina latissima","Random",1,20,NA,NA,NA
1221,"farrell_rasher_2026","Gulf of Maine","Midcoast_Allen_Island",6,"Midcoast_Allen_Island 2023 1 20",2023,8,1,43.8614,-69.3237,"Agarum clathratum","Random",1,0,NA,NA,0
1222,"farrell_rasher_2026","Gulf of Maine","Midcoast_Allen_Island",6,"Midcoast_Allen_Island 2023 1 20",2023,8,1,43.8614,-69.3237,"Alaria esculenta","Random",1,0,NA,NA,0
1223,"farrell_rasher_2026","Gulf of Maine","Midcoast_Allen_Island",6,"Midcoast_Allen_Island 2023 1 20",2023,8,1,43.8614,-69.3237,"Laminaria digitata","Random",1,0,NA,NA,0
1224,"farrell_rasher_2026","Gulf of Maine","Midcoast_Allen_Island",6,"Midcoast_Allen_Island 2023 1 20",2023,8,1,43.8614,-69.3237,"Saccharina latissima","Random",1,30,NA,NA,0.90681
1225,"farrell_rasher_2026","Gulf of Maine","Midcoast_Allen_Island",6,"Midcoast_Allen_Island 2023 1 30",2023,8,1,43.8614,-69.3237,"Agarum clathratum","Random",1,5,NA,NA,0
1226,"farrell_rasher_2026","Gulf of Maine","Midcoast_Allen_Island",6,"Midcoast_Allen_Island 2023 1 30",2023,8,1,43.8614,-69.3237,"Alaria esculenta","Random",1,0,NA,NA,0
1227,"farrell_rasher_2026","Gulf of Maine","Midcoast_Allen_Island",6,"Midcoast_Allen_Island 2023 1 30",2023,8,1,43.8614,-69.3237,"Laminaria digitata","Random",1,0,NA,NA,0
1228,"farrell_rasher_2026","Gulf of Maine","Midcoast_Allen_Island",6,"Midcoast_Allen_Island 2023 1 30",2023,8,1,43.8614,-69.3237,"Saccharina latissima","Random",1,70,NA,NA,1.3867
1229,"farrell_rasher_2026","Gulf of Maine","Midcoast_Allen_Island",6,"Midcoast_Allen_Island 2023 1 40",2023,8,1,43.8614,-69.3237,"Agarum clathratum","Random",1,0,NA,NA,NA
1230,"farrell_rasher_2026","Gulf of Maine","Midcoast_Allen_Island",6,"Midcoast_Allen_Island 2023 1 40",2023,8,1,43.8614,-69.3237,"Alaria esculenta","Random",1,0,NA,NA,NA
1231,"farrell_rasher_2026","Gulf of Maine","Midcoast_Allen_Island",6,"Midcoast_Allen_Island 2023 1 40",2023,8,1,43.8614,-69.3237,"Laminaria digitata","Random",1,0,NA,NA,NA
1232,"farrell_rasher_2026","Gulf of Maine","Midcoast_Allen_Island",6,"Midcoast_Allen_Island 2023 1 40",2023,8,1,43.8614,-69.3237,"Saccharina latissima","Random",1,40,NA,NA,NA
1233,"farrell_rasher_2026","Gulf of Maine","Midcoast_Allen_Island",6,"Midcoast_Allen_Island 2023 1 15",2023,8,1,43.8614,-69.3237,"Agarum clathratum","Random",1,0,NA,NA,NA
1234,"farrell_rasher_2026","Gulf of Maine","Midcoast_Allen_Island",6,"Midcoast_Allen_Island 2023 1 15",2023,8,1,43.8614,-69.3237,"Alaria esculenta","Random",1,0,NA,NA,NA
1235,"farrell_rasher_2026","Gulf of Maine","Midcoast_Allen_Island",6,"Midcoast_Allen_Island 2023 1 15",2023,8,1,43.8614,-69.3237,"Laminaria digitata","Random",1,0,NA,NA,NA
1236,"farrell_rasher_2026","Gulf of Maine","Midcoast_Allen_Island",6,"Midcoast_Allen_Island 2023 1 15",2023,8,1,43.8614,-69.3237,"Saccharina latissima","Random",1,30,NA,NA,NA
1237,"farrell_rasher_2026","Gulf of Maine","Midcoast_Allen_Island",6,"Midcoast_Allen_Island 2023 1 25",2023,8,1,43.8614,-69.3237,"Agarum clathratum","Random",1,0,NA,NA,0
1238,"farrell_rasher_2026","Gulf of Maine","Midcoast_Allen_Island",6,"Midcoast_Allen_Island 2023 1 25",2023,8,1,43.8614,-69.3237,"Alaria esculenta","Random",1,0,NA,NA,0
1239,"farrell_rasher_2026","Gulf of Maine","Midcoast_Allen_Island",6,"Midcoast_Allen_Island 2023 1 25",2023,8,1,43.8614,-69.3237,"Laminaria digitata","Random",1,0,NA,NA,0.11373
1240,"farrell_rasher_2026","Gulf of Maine","Midcoast_Allen_Island",6,"Midcoast_Allen_Island 2023 1 25",2023,8,1,43.8614,-69.3237,"Saccharina latissima","Random",1,10,NA,NA,0.21502
1241,"farrell_rasher_2026","Gulf of Maine","Midcoast_Allen_Island",6,"Midcoast_Allen_Island 2023 1 35",2023,8,1,43.8614,-69.3237,"Agarum clathratum","Random",1,5,NA,NA,0
1242,"farrell_rasher_2026","Gulf of Maine","Midcoast_Allen_Island",6,"Midcoast_Allen_Island 2023 1 35",2023,8,1,43.8614,-69.3237,"Alaria esculenta","Random",1,0,NA,NA,0
1243,"farrell_rasher_2026","Gulf of Maine","Midcoast_Allen_Island",6,"Midcoast_Allen_Island 2023 1 35",2023,8,1,43.8614,-69.3237,"Laminaria digitata","Random",1,0,NA,NA,0
1244,"farrell_rasher_2026","Gulf of Maine","Midcoast_Allen_Island",6,"Midcoast_Allen_Island 2023 1 35",2023,8,1,43.8614,-69.3237,"Saccharina latissima","Random",1,30,NA,NA,0.35738
1245,"farrell_rasher_2026","Gulf of Maine","Midcoast_Allen_Island",6,"Midcoast_Allen_Island 2023 1 5",2023,8,1,43.8614,-69.3237,"Agarum clathratum","Random",1,0,NA,NA,NA
1246,"farrell_rasher_2026","Gulf of Maine","Midcoast_Allen_Island",6,"Midcoast_Allen_Island 2023 1 5",2023,8,1,43.8614,-69.3237,"Alaria esculenta","Random",1,0,NA,NA,NA
1247,"farrell_rasher_2026","Gulf of Maine","Midcoast_Allen_Island",6,"Midcoast_Allen_Island 2023 1 5",2023,8,1,43.8614,-69.3237,"Laminaria digitata","Random",1,0,NA,NA,NA
1248,"farrell_rasher_2026","Gulf of Maine","Midcoast_Allen_Island",6,"Midcoast_Allen_Island 2023 1 5",2023,8,1,43.8614,-69.3237,"Saccharina latissima","Random",1,50,NA,NA,NA
1249,"farrell_rasher_2026","Gulf of Maine","Midcoast_Damariscove_Island",6,"Midcoast_Damariscove_Island 2023 10 10",2023,8,10,43.7565,-69.6188,"Agarum clathratum","Random",1,0,NA,NA,0
1250,"farrell_rasher_2026","Gulf of Maine","Midcoast_Damariscove_Island",6,"Midcoast_Damariscove_Island 2023 10 10",2023,8,10,43.7565,-69.6188,"Alaria esculenta","Random",1,0,NA,NA,0
1251,"farrell_rasher_2026","Gulf of Maine","Midcoast_Damariscove_Island",6,"Midcoast_Damariscove_Island 2023 10 10",2023,8,10,43.7565,-69.6188,"Laminaria digitata","Random",1,5,NA,NA,0.02024
1252,"farrell_rasher_2026","Gulf of Maine","Midcoast_Damariscove_Island",6,"Midcoast_Damariscove_Island 2023 10 10",2023,8,10,43.7565,-69.6188,"Saccharina latissima","Random",1,30,NA,NA,1.09
1253,"farrell_rasher_2026","Gulf of Maine","Midcoast_Damariscove_Island",6,"Midcoast_Damariscove_Island 2023 10 20",2023,8,10,43.7565,-69.6188,"Agarum clathratum","Random",1,0,NA,NA,NA
1254,"farrell_rasher_2026","Gulf of Maine","Midcoast_Damariscove_Island",6,"Midcoast_Damariscove_Island 2023 10 20",2023,8,10,43.7565,-69.6188,"Alaria esculenta","Random",1,0,NA,NA,NA
1255,"farrell_rasher_2026","Gulf of Maine","Midcoast_Damariscove_Island",6,"Midcoast_Damariscove_Island 2023 10 20",2023,8,10,43.7565,-69.6188,"Laminaria digitata","Random",1,5,NA,NA,NA
1256,"farrell_rasher_2026","Gulf of Maine","Midcoast_Damariscove_Island",6,"Midcoast_Damariscove_Island 2023 10 20",2023,8,10,43.7565,-69.6188,"Saccharina latissima","Random",1,30,NA,NA,NA
1257,"farrell_rasher_2026","Gulf of Maine","Midcoast_Damariscove_Island",6,"Midcoast_Damariscove_Island 2023 10 30",2023,8,10,43.7565,-69.6188,"Agarum clathratum","Random",1,0,NA,NA,0
1258,"farrell_rasher_2026","Gulf of Maine","Midcoast_Damariscove_Island",6,"Midcoast_Damariscove_Island 2023 10 30",2023,8,10,43.7565,-69.6188,"Alaria esculenta","Random",1,0,NA,NA,0
1259,"farrell_rasher_2026","Gulf of Maine","Midcoast_Damariscove_Island",6,"Midcoast_Damariscove_Island 2023 10 30",2023,8,10,43.7565,-69.6188,"Laminaria digitata","Random",1,0,NA,NA,0
1260,"farrell_rasher_2026","Gulf of Maine","Midcoast_Damariscove_Island",6,"Midcoast_Damariscove_Island 2023 10 30",2023,8,10,43.7565,-69.6188,"Saccharina latissima","Random",1,1,NA,NA,0.11418
1261,"farrell_rasher_2026","Gulf of Maine","Midcoast_Damariscove_Island",6,"Midcoast_Damariscove_Island 2023 10 40",2023,8,10,43.7565,-69.6188,"Agarum clathratum","Random",1,0,NA,NA,NA
1262,"farrell_rasher_2026","Gulf of Maine","Midcoast_Damariscove_Island",6,"Midcoast_Damariscove_Island 2023 10 40",2023,8,10,43.7565,-69.6188,"Alaria esculenta","Random",1,0,NA,NA,NA
1263,"farrell_rasher_2026","Gulf of Maine","Midcoast_Damariscove_Island",6,"Midcoast_Damariscove_Island 2023 10 40",2023,8,10,43.7565,-69.6188,"Laminaria digitata","Random",1,0,NA,NA,NA
1264,"farrell_rasher_2026","Gulf of Maine","Midcoast_Damariscove_Island",6,"Midcoast_Damariscove_Island 2023 10 40",2023,8,10,43.7565,-69.6188,"Saccharina latissima","Random",1,20,NA,NA,NA
1265,"farrell_rasher_2026","Gulf of Maine","Midcoast_Damariscove_Island",6,"Midcoast_Damariscove_Island 2023 10 15",2023,8,10,43.7565,-69.6188,"Agarum clathratum","Random",1,0,NA,NA,0
1266,"farrell_rasher_2026","Gulf of Maine","Midcoast_Damariscove_Island",6,"Midcoast_Damariscove_Island 2023 10 15",2023,8,10,43.7565,-69.6188,"Alaria esculenta","Random",1,0,NA,NA,0
1267,"farrell_rasher_2026","Gulf of Maine","Midcoast_Damariscove_Island",6,"Midcoast_Damariscove_Island 2023 10 15",2023,8,10,43.7565,-69.6188,"Laminaria digitata","Random",1,0,NA,NA,0
1268,"farrell_rasher_2026","Gulf of Maine","Midcoast_Damariscove_Island",6,"Midcoast_Damariscove_Island 2023 10 15",2023,8,10,43.7565,-69.6188,"Saccharina latissima","Random",1,30,NA,NA,0.45675
1269,"farrell_rasher_2026","Gulf of Maine","Midcoast_Damariscove_Island",6,"Midcoast_Damariscove_Island 2023 10 25",2023,8,10,43.7565,-69.6188,"Agarum clathratum","Random",1,0,NA,NA,NA
1270,"farrell_rasher_2026","Gulf of Maine","Midcoast_Damariscove_Island",6,"Midcoast_Damariscove_Island 2023 10 25",2023,8,10,43.7565,-69.6188,"Alaria esculenta","Random",1,0,NA,NA,NA
1271,"farrell_rasher_2026","Gulf of Maine","Midcoast_Damariscove_Island",6,"Midcoast_Damariscove_Island 2023 10 25",2023,8,10,43.7565,-69.6188,"Laminaria digitata","Random",1,0,NA,NA,NA
1272,"farrell_rasher_2026","Gulf of Maine","Midcoast_Damariscove_Island",6,"Midcoast_Damariscove_Island 2023 10 25",2023,8,10,43.7565,-69.6188,"Saccharina latissima","Random",1,20,NA,NA,NA
1273,"farrell_rasher_2026","Gulf of Maine","Midcoast_Damariscove_Island",6,"Midcoast_Damariscove_Island 2023 10 35",2023,8,10,43.7565,-69.6188,"Agarum clathratum","Random",1,0,NA,NA,NA
1274,"farrell_rasher_2026","Gulf of Maine","Midcoast_Damariscove_Island",6,"Midcoast_Damariscove_Island 2023 10 35",2023,8,10,43.7565,-69.6188,"Alaria esculenta","Random",1,0,NA,NA,NA
1275,"farrell_rasher_2026","Gulf of Maine","Midcoast_Damariscove_Island",6,"Midcoast_Damariscove_Island 2023 10 35",2023,8,10,43.7565,-69.6188,"Laminaria digitata","Random",1,0,NA,NA,NA
1276,"farrell_rasher_2026","Gulf of Maine","Midcoast_Damariscove_Island",6,"Midcoast_Damariscove_Island 2023 10 35",2023,8,10,43.7565,-69.6188,"Saccharina latissima","Random",1,10,NA,NA,NA
1277,"farrell_rasher_2026","Gulf of Maine","Midcoast_Damariscove_Island",6,"Midcoast_Damariscove_Island 2023 10 5",2023,8,10,43.7565,-69.6188,"Agarum clathratum","Random",1,0,NA,NA,0
1278,"farrell_rasher_2026","Gulf of Maine","Midcoast_Damariscove_Island",6,"Midcoast_Damariscove_Island 2023 10 5",2023,8,10,43.7565,-69.6188,"Alaria esculenta","Random",1,0,NA,NA,0
1279,"farrell_rasher_2026","Gulf of Maine","Midcoast_Damariscove_Island",6,"Midcoast_Damariscove_Island 2023 10 5",2023,8,10,43.7565,-69.6188,"Laminaria digitata","Random",1,0,NA,NA,0
1280,"farrell_rasher_2026","Gulf of Maine","Midcoast_Damariscove_Island",6,"Midcoast_Damariscove_Island 2023 10 5",2023,8,10,43.7565,-69.6188,"Saccharina latissima","Random",1,30,NA,NA,0.19698
1281,"farrell_rasher_2026","Gulf of Maine","Penobscot Bay_Metinic_Island",6,"Penobscot Bay_Metinic_Island 2023 17 30",2023,8,17,43.8679,-69.1288,"Agarum clathratum","Random",1,0,NA,NA,NA
1282,"farrell_rasher_2026","Gulf of Maine","Penobscot Bay_Metinic_Island",6,"Penobscot Bay_Metinic_Island 2023 17 30",2023,8,17,43.8679,-69.1288,"Alaria esculenta","Random",1,0,NA,NA,NA
1283,"farrell_rasher_2026","Gulf of Maine","Penobscot Bay_Metinic_Island",6,"Penobscot Bay_Metinic_Island 2023 17 30",2023,8,17,43.8679,-69.1288,"Laminaria digitata","Random",1,50,NA,NA,NA
1284,"farrell_rasher_2026","Gulf of Maine","Penobscot Bay_Metinic_Island",6,"Penobscot Bay_Metinic_Island 2023 17 30",2023,8,17,43.8679,-69.1288,"Saccharina latissima","Random",1,0,NA,NA,NA
1285,"farrell_rasher_2026","Gulf of Maine","Penobscot Bay_Metinic_Island",6,"Penobscot Bay_Metinic_Island 2023 17 40",2023,8,17,43.8679,-69.1288,"Agarum clathratum","Random",1,0,NA,NA,NA
1286,"farrell_rasher_2026","Gulf of Maine","Penobscot Bay_Metinic_Island",6,"Penobscot Bay_Metinic_Island 2023 17 40",2023,8,17,43.8679,-69.1288,"Alaria esculenta","Random",1,0,NA,NA,NA
1287,"farrell_rasher_2026","Gulf of Maine","Penobscot Bay_Metinic_Island",6,"Penobscot Bay_Metinic_Island 2023 17 40",2023,8,17,43.8679,-69.1288,"Laminaria digitata","Random",1,0,NA,NA,NA
1288,"farrell_rasher_2026","Gulf of Maine","Penobscot Bay_Metinic_Island",6,"Penobscot Bay_Metinic_Island 2023 17 40",2023,8,17,43.8679,-69.1288,"Saccharina latissima","Random",1,0,NA,NA,NA
1289,"farrell_rasher_2026","Gulf of Maine","Penobscot Bay_Metinic_Island",6,"Penobscot Bay_Metinic_Island 2023 17 10",2023,8,17,43.8679,-69.1288,"Agarum clathratum","Random",1,0,NA,NA,0
1290,"farrell_rasher_2026","Gulf of Maine","Penobscot Bay_Metinic_Island",6,"Penobscot Bay_Metinic_Island 2023 17 10",2023,8,17,43.8679,-69.1288,"Alaria esculenta","Random",1,0,NA,NA,0
1291,"farrell_rasher_2026","Gulf of Maine","Penobscot Bay_Metinic_Island",6,"Penobscot Bay_Metinic_Island 2023 17 10",2023,8,17,43.8679,-69.1288,"Laminaria digitata","Random",1,30,NA,NA,1.005
1292,"farrell_rasher_2026","Gulf of Maine","Penobscot Bay_Metinic_Island",6,"Penobscot Bay_Metinic_Island 2023 17 10",2023,8,17,43.8679,-69.1288,"Saccharina latissima","Random",1,0,NA,NA,0
1293,"farrell_rasher_2026","Gulf of Maine","Penobscot Bay_Metinic_Island",6,"Penobscot Bay_Metinic_Island 2023 17 15",2023,8,17,43.8679,-69.1288,"Agarum clathratum","Random",1,0,NA,NA,0
1294,"farrell_rasher_2026","Gulf of Maine","Penobscot Bay_Metinic_Island",6,"Penobscot Bay_Metinic_Island 2023 17 15",2023,8,17,43.8679,-69.1288,"Alaria esculenta","Random",1,0,NA,NA,0
1295,"farrell_rasher_2026","Gulf of Maine","Penobscot Bay_Metinic_Island",6,"Penobscot Bay_Metinic_Island 2023 17 15",2023,8,17,43.8679,-69.1288,"Laminaria digitata","Random",1,10,NA,NA,0.45383
1296,"farrell_rasher_2026","Gulf of Maine","Penobscot Bay_Metinic_Island",6,"Penobscot Bay_Metinic_Island 2023 17 15",2023,8,17,43.8679,-69.1288,"Saccharina latissima","Random",1,0,NA,NA,0
1297,"farrell_rasher_2026","Gulf of Maine","Penobscot Bay_Metinic_Island",6,"Penobscot Bay_Metinic_Island 2023 17 20",2023,8,17,43.8679,-69.1288,"Agarum clathratum","Random",1,1,NA,NA,0
1298,"farrell_rasher_2026","Gulf of Maine","Penobscot Bay_Metinic_Island",6,"Penobscot Bay_Metinic_Island 2023 17 20",2023,8,17,43.8679,-69.1288,"Alaria esculenta","Random",1,0,NA,NA,0
1299,"farrell_rasher_2026","Gulf of Maine","Penobscot Bay_Metinic_Island",6,"Penobscot Bay_Metinic_Island 2023 17 20",2023,8,17,43.8679,-69.1288,"Laminaria digitata","Random",1,50,NA,NA,2.46
1300,"farrell_rasher_2026","Gulf of Maine","Penobscot Bay_Metinic_Island",6,"Penobscot Bay_Metinic_Island 2023 17 20",2023,8,17,43.8679,-69.1288,"Saccharina latissima","Random",1,0,NA,NA,0
1301,"farrell_rasher_2026","Gulf of Maine","Penobscot Bay_Metinic_Island",6,"Penobscot Bay_Metinic_Island 2023 17 25",2023,8,17,43.8679,-69.1288,"Agarum clathratum","Random",1,0,NA,NA,NA
1302,"farrell_rasher_2026","Gulf of Maine","Penobscot Bay_Metinic_Island",6,"Penobscot Bay_Metinic_Island 2023 17 25",2023,8,17,43.8679,-69.1288,"Alaria esculenta","Random",1,0,NA,NA,NA
1303,"farrell_rasher_2026","Gulf of Maine","Penobscot Bay_Metinic_Island",6,"Penobscot Bay_Metinic_Island 2023 17 25",2023,8,17,43.8679,-69.1288,"Laminaria digitata","Random",1,80,NA,NA,NA
1304,"farrell_rasher_2026","Gulf of Maine","Penobscot Bay_Metinic_Island",6,"Penobscot Bay_Metinic_Island 2023 17 25",2023,8,17,43.8679,-69.1288,"Saccharina latissima","Random",1,0,NA,NA,NA
1305,"farrell_rasher_2026","Gulf of Maine","Penobscot Bay_Metinic_Island",6,"Penobscot Bay_Metinic_Island 2023 17 35",2023,8,17,43.8679,-69.1288,"Agarum clathratum","Random",1,0,NA,NA,NA
1306,"farrell_rasher_2026","Gulf of Maine","Penobscot Bay_Metinic_Island",6,"Penobscot Bay_Metinic_Island 2023 17 35",2023,8,17,43.8679,-69.1288,"Alaria esculenta","Random",1,0,NA,NA,NA
1307,"farrell_rasher_2026","Gulf of Maine","Penobscot Bay_Metinic_Island",6,"Penobscot Bay_Metinic_Island 2023 17 35",2023,8,17,43.8679,-69.1288,"Laminaria digitata","Random",1,0,NA,NA,NA
1308,"farrell_rasher_2026","Gulf of Maine","Penobscot Bay_Metinic_Island",6,"Penobscot Bay_Metinic_Island 2023 17 35",2023,8,17,43.8679,-69.1288,"Saccharina latissima","Random",1,0,NA,NA,NA
1309,"farrell_rasher_2026","Gulf of Maine","Penobscot Bay_Metinic_Island",6,"Penobscot Bay_Metinic_Island 2023 17 5",2023,8,17,43.8679,-69.1288,"Agarum clathratum","Random",1,1,NA,NA,0.00606
1310,"farrell_rasher_2026","Gulf of Maine","Penobscot Bay_Metinic_Island",6,"Penobscot Bay_Metinic_Island 2023 17 5",2023,8,17,43.8679,-69.1288,"Alaria esculenta","Random",1,0,NA,NA,0
1311,"farrell_rasher_2026","Gulf of Maine","Penobscot Bay_Metinic_Island",6,"Penobscot Bay_Metinic_Island 2023 17 5",2023,8,17,43.8679,-69.1288,"Laminaria digitata","Random",1,1,NA,NA,0.03122
1312,"farrell_rasher_2026","Gulf of Maine","Penobscot Bay_Metinic_Island",6,"Penobscot Bay_Metinic_Island 2023 17 5",2023,8,17,43.8679,-69.1288,"Saccharina latissima","Random",1,0,NA,NA,0
1313,"farrell_rasher_2026","Gulf of Maine","Penobscot Bay_Andrews_Island",6,"Penobscot Bay_Andrews_Island 2023 22 30",2023,8,22,43.9959,-69.0515,"Agarum clathratum","Random",1,0,NA,NA,NA
1314,"farrell_rasher_2026","Gulf of Maine","Penobscot Bay_Andrews_Island",6,"Penobscot Bay_Andrews_Island 2023 22 30",2023,8,22,43.9959,-69.0515,"Alaria esculenta","Random",1,0,NA,NA,NA
1315,"farrell_rasher_2026","Gulf of Maine","Penobscot Bay_Andrews_Island",6,"Penobscot Bay_Andrews_Island 2023 22 30",2023,8,22,43.9959,-69.0515,"Laminaria digitata","Random",1,0,NA,NA,NA
1316,"farrell_rasher_2026","Gulf of Maine","Penobscot Bay_Andrews_Island",6,"Penobscot Bay_Andrews_Island 2023 22 30",2023,8,22,43.9959,-69.0515,"Saccharina latissima","Random",1,0,NA,NA,NA
1317,"farrell_rasher_2026","Gulf of Maine","Penobscot Bay_Andrews_Island",6,"Penobscot Bay_Andrews_Island 2023 22 40",2023,8,22,43.9959,-69.0515,"Agarum clathratum","Random",1,5,NA,NA,NA
1318,"farrell_rasher_2026","Gulf of Maine","Penobscot Bay_Andrews_Island",6,"Penobscot Bay_Andrews_Island 2023 22 40",2023,8,22,43.9959,-69.0515,"Alaria esculenta","Random",1,0,NA,NA,NA
1319,"farrell_rasher_2026","Gulf of Maine","Penobscot Bay_Andrews_Island",6,"Penobscot Bay_Andrews_Island 2023 22 40",2023,8,22,43.9959,-69.0515,"Laminaria digitata","Random",1,0,NA,NA,NA
1320,"farrell_rasher_2026","Gulf of Maine","Penobscot Bay_Andrews_Island",6,"Penobscot Bay_Andrews_Island 2023 22 40",2023,8,22,43.9959,-69.0515,"Saccharina latissima","Random",1,0,NA,NA,NA
1321,"farrell_rasher_2026","Gulf of Maine","Penobscot Bay_Andrews_Island",6,"Penobscot Bay_Andrews_Island 2023 22 10",2023,8,22,43.9959,-69.0515,"Agarum clathratum","Random",1,0,NA,NA,0
1322,"farrell_rasher_2026","Gulf of Maine","Penobscot Bay_Andrews_Island",6,"Penobscot Bay_Andrews_Island 2023 22 10",2023,8,22,43.9959,-69.0515,"Alaria esculenta","Random",1,0,NA,NA,0
1323,"farrell_rasher_2026","Gulf of Maine","Penobscot Bay_Andrews_Island",6,"Penobscot Bay_Andrews_Island 2023 22 10",2023,8,22,43.9959,-69.0515,"Laminaria digitata","Random",1,5,NA,NA,0.0623
1324,"farrell_rasher_2026","Gulf of Maine","Penobscot Bay_Andrews_Island",6,"Penobscot Bay_Andrews_Island 2023 22 10",2023,8,22,43.9959,-69.0515,"Saccharina latissima","Random",1,0,NA,NA,0
1325,"farrell_rasher_2026","Gulf of Maine","Penobscot Bay_Andrews_Island",6,"Penobscot Bay_Andrews_Island 2023 22 15",2023,8,22,43.9959,-69.0515,"Agarum clathratum","Random",1,5,NA,NA,0.02718
1326,"farrell_rasher_2026","Gulf of Maine","Penobscot Bay_Andrews_Island",6,"Penobscot Bay_Andrews_Island 2023 22 15",2023,8,22,43.9959,-69.0515,"Alaria esculenta","Random",1,0,NA,NA,0
1327,"farrell_rasher_2026","Gulf of Maine","Penobscot Bay_Andrews_Island",6,"Penobscot Bay_Andrews_Island 2023 22 15",2023,8,22,43.9959,-69.0515,"Laminaria digitata","Random",1,0,NA,NA,0
1328,"farrell_rasher_2026","Gulf of Maine","Penobscot Bay_Andrews_Island",6,"Penobscot Bay_Andrews_Island 2023 22 15",2023,8,22,43.9959,-69.0515,"Saccharina latissima","Random",1,0,NA,NA,0
1329,"farrell_rasher_2026","Gulf of Maine","Penobscot Bay_Andrews_Island",6,"Penobscot Bay_Andrews_Island 2023 22 20",2023,8,22,43.9959,-69.0515,"Agarum clathratum","Random",1,20,NA,NA,NA
1330,"farrell_rasher_2026","Gulf of Maine","Penobscot Bay_Andrews_Island",6,"Penobscot Bay_Andrews_Island 2023 22 20",2023,8,22,43.9959,-69.0515,"Alaria esculenta","Random",1,0,NA,NA,NA
1331,"farrell_rasher_2026","Gulf of Maine","Penobscot Bay_Andrews_Island",6,"Penobscot Bay_Andrews_Island 2023 22 20",2023,8,22,43.9959,-69.0515,"Laminaria digitata","Random",1,1,NA,NA,NA
1332,"farrell_rasher_2026","Gulf of Maine","Penobscot Bay_Andrews_Island",6,"Penobscot Bay_Andrews_Island 2023 22 20",2023,8,22,43.9959,-69.0515,"Saccharina latissima","Random",1,0,NA,NA,NA
1333,"farrell_rasher_2026","Gulf of Maine","Penobscot Bay_Andrews_Island",6,"Penobscot Bay_Andrews_Island 2023 22 25",2023,8,22,43.9959,-69.0515,"Agarum clathratum","Random",1,0,NA,NA,NA
1334,"farrell_rasher_2026","Gulf of Maine","Penobscot Bay_Andrews_Island",6,"Penobscot Bay_Andrews_Island 2023 22 25",2023,8,22,43.9959,-69.0515,"Alaria esculenta","Random",1,0,NA,NA,NA
1335,"farrell_rasher_2026","Gulf of Maine","Penobscot Bay_Andrews_Island",6,"Penobscot Bay_Andrews_Island 2023 22 25",2023,8,22,43.9959,-69.0515,"Laminaria digitata","Random",1,0,NA,NA,NA
1336,"farrell_rasher_2026","Gulf of Maine","Penobscot Bay_Andrews_Island",6,"Penobscot Bay_Andrews_Island 2023 22 25",2023,8,22,43.9959,-69.0515,"Saccharina latissima","Random",1,0,NA,NA,NA
1337,"farrell_rasher_2026","Gulf of Maine","Penobscot Bay_Andrews_Island",6,"Penobscot Bay_Andrews_Island 2023 22 35",2023,8,22,43.9959,-69.0515,"Agarum clathratum","Random",1,0,NA,NA,NA
1338,"farrell_rasher_2026","Gulf of Maine","Penobscot Bay_Andrews_Island",6,"Penobscot Bay_Andrews_Island 2023 22 35",2023,8,22,43.9959,-69.0515,"Alaria esculenta","Random",1,0,NA,NA,NA
1339,"farrell_rasher_2026","Gulf of Maine","Penobscot Bay_Andrews_Island",6,"Penobscot Bay_Andrews_Island 2023 22 35",2023,8,22,43.9959,-69.0515,"Laminaria digitata","Random",1,0,NA,NA,NA
1340,"farrell_rasher_2026","Gulf of Maine","Penobscot Bay_Andrews_Island",6,"Penobscot Bay_Andrews_Island 2023 22 35",2023,8,22,43.9959,-69.0515,"Saccharina latissima","Random",1,0,NA,NA,NA
1341,"farrell_rasher_2026","Gulf of Maine","Penobscot Bay_Andrews_Island",6,"Penobscot Bay_Andrews_Island 2023 22 5",2023,8,22,43.9959,-69.0515,"Agarum clathratum","Random",1,0,NA,NA,0
1342,"farrell_rasher_2026","Gulf of Maine","Penobscot Bay_Andrews_Island",6,"Penobscot Bay_Andrews_Island 2023 22 5",2023,8,22,43.9959,-69.0515,"Alaria esculenta","Random",1,0,NA,NA,0
1343,"farrell_rasher_2026","Gulf of Maine","Penobscot Bay_Andrews_Island",6,"Penobscot Bay_Andrews_Island 2023 22 5",2023,8,22,43.9959,-69.0515,"Laminaria digitata","Random",1,1,NA,NA,0.03477
1344,"farrell_rasher_2026","Gulf of Maine","Penobscot Bay_Andrews_Island",6,"Penobscot Bay_Andrews_Island 2023 22 5",2023,8,22,43.9959,-69.0515,"Saccharina latissima","Random",1,0,NA,NA,0
1345,"farrell_rasher_2026","Gulf of Maine","Penobscot Bay_Hurricane_Island",6,"Penobscot Bay_Hurricane_Island 2023 22 30",2023,8,22,44.0304,-68.8893,"Agarum clathratum","Random",1,0,NA,NA,NA
1346,"farrell_rasher_2026","Gulf of Maine","Penobscot Bay_Hurricane_Island",6,"Penobscot Bay_Hurricane_Island 2023 22 30",2023,8,22,44.0304,-68.8893,"Alaria esculenta","Random",1,0,NA,NA,NA
1347,"farrell_rasher_2026","Gulf of Maine","Penobscot Bay_Hurricane_Island",6,"Penobscot Bay_Hurricane_Island 2023 22 30",2023,8,22,44.0304,-68.8893,"Laminaria digitata","Random",1,0,NA,NA,NA
1348,"farrell_rasher_2026","Gulf of Maine","Penobscot Bay_Hurricane_Island",6,"Penobscot Bay_Hurricane_Island 2023 22 30",2023,8,22,44.0304,-68.8893,"Saccharina latissima","Random",1,5,NA,NA,NA
1349,"farrell_rasher_2026","Gulf of Maine","Penobscot Bay_Hurricane_Island",6,"Penobscot Bay_Hurricane_Island 2023 22 40",2023,8,22,44.0304,-68.8893,"Agarum clathratum","Random",1,0,NA,NA,NA
1350,"farrell_rasher_2026","Gulf of Maine","Penobscot Bay_Hurricane_Island",6,"Penobscot Bay_Hurricane_Island 2023 22 40",2023,8,22,44.0304,-68.8893,"Alaria esculenta","Random",1,0,NA,NA,NA
1351,"farrell_rasher_2026","Gulf of Maine","Penobscot Bay_Hurricane_Island",6,"Penobscot Bay_Hurricane_Island 2023 22 40",2023,8,22,44.0304,-68.8893,"Laminaria digitata","Random",1,0,NA,NA,NA
1352,"farrell_rasher_2026","Gulf of Maine","Penobscot Bay_Hurricane_Island",6,"Penobscot Bay_Hurricane_Island 2023 22 40",2023,8,22,44.0304,-68.8893,"Saccharina latissima","Random",1,10,NA,NA,NA
1353,"farrell_rasher_2026","Gulf of Maine","Penobscot Bay_Hurricane_Island",6,"Penobscot Bay_Hurricane_Island 2023 22 10",2023,8,22,44.0304,-68.8893,"Agarum clathratum","Random",1,0,NA,NA,0
1354,"farrell_rasher_2026","Gulf of Maine","Penobscot Bay_Hurricane_Island",6,"Penobscot Bay_Hurricane_Island 2023 22 10",2023,8,22,44.0304,-68.8893,"Alaria esculenta","Random",1,0,NA,NA,0
1355,"farrell_rasher_2026","Gulf of Maine","Penobscot Bay_Hurricane_Island",6,"Penobscot Bay_Hurricane_Island 2023 22 10",2023,8,22,44.0304,-68.8893,"Laminaria digitata","Random",1,0,NA,NA,0
1356,"farrell_rasher_2026","Gulf of Maine","Penobscot Bay_Hurricane_Island",6,"Penobscot Bay_Hurricane_Island 2023 22 10",2023,8,22,44.0304,-68.8893,"Saccharina latissima","Random",1,60,NA,NA,1.28
1357,"farrell_rasher_2026","Gulf of Maine","Penobscot Bay_Hurricane_Island",6,"Penobscot Bay_Hurricane_Island 2023 22 15",2023,8,22,44.0304,-68.8893,"Agarum clathratum","Random",1,0,NA,NA,0
1358,"farrell_rasher_2026","Gulf of Maine","Penobscot Bay_Hurricane_Island",6,"Penobscot Bay_Hurricane_Island 2023 22 15",2023,8,22,44.0304,-68.8893,"Alaria esculenta","Random",1,0,NA,NA,0
1359,"farrell_rasher_2026","Gulf of Maine","Penobscot Bay_Hurricane_Island",6,"Penobscot Bay_Hurricane_Island 2023 22 15",2023,8,22,44.0304,-68.8893,"Laminaria digitata","Random",1,0,NA,NA,0
1360,"farrell_rasher_2026","Gulf of Maine","Penobscot Bay_Hurricane_Island",6,"Penobscot Bay_Hurricane_Island 2023 22 15",2023,8,22,44.0304,-68.8893,"Saccharina latissima","Random",1,50,NA,NA,1.535
1361,"farrell_rasher_2026","Gulf of Maine","Penobscot Bay_Hurricane_Island",6,"Penobscot Bay_Hurricane_Island 2023 22 20",2023,8,22,44.0304,-68.8893,"Agarum clathratum","Random",1,0,NA,NA,NA
1362,"farrell_rasher_2026","Gulf of Maine","Penobscot Bay_Hurricane_Island",6,"Penobscot Bay_Hurricane_Island 2023 22 20",2023,8,22,44.0304,-68.8893,"Alaria esculenta","Random",1,0,NA,NA,NA
1363,"farrell_rasher_2026","Gulf of Maine","Penobscot Bay_Hurricane_Island",6,"Penobscot Bay_Hurricane_Island 2023 22 20",2023,8,22,44.0304,-68.8893,"Laminaria digitata","Random",1,0,NA,NA,NA
1364,"farrell_rasher_2026","Gulf of Maine","Penobscot Bay_Hurricane_Island",6,"Penobscot Bay_Hurricane_Island 2023 22 20",2023,8,22,44.0304,-68.8893,"Saccharina latissima","Random",1,5,NA,NA,NA
1365,"farrell_rasher_2026","Gulf of Maine","Penobscot Bay_Hurricane_Island",6,"Penobscot Bay_Hurricane_Island 2023 22 25",2023,8,22,44.0304,-68.8893,"Agarum clathratum","Random",1,0,NA,NA,NA
1366,"farrell_rasher_2026","Gulf of Maine","Penobscot Bay_Hurricane_Island",6,"Penobscot Bay_Hurricane_Island 2023 22 25",2023,8,22,44.0304,-68.8893,"Alaria esculenta","Random",1,0,NA,NA,NA
1367,"farrell_rasher_2026","Gulf of Maine","Penobscot Bay_Hurricane_Island",6,"Penobscot Bay_Hurricane_Island 2023 22 25",2023,8,22,44.0304,-68.8893,"Laminaria digitata","Random",1,0,NA,NA,NA
1368,"farrell_rasher_2026","Gulf of Maine","Penobscot Bay_Hurricane_Island",6,"Penobscot Bay_Hurricane_Island 2023 22 25",2023,8,22,44.0304,-68.8893,"Saccharina latissima","Random",1,1,NA,NA,NA
1369,"farrell_rasher_2026","Gulf of Maine","Penobscot Bay_Hurricane_Island",6,"Penobscot Bay_Hurricane_Island 2023 22 35",2023,8,22,44.0304,-68.8893,"Agarum clathratum","Random",1,0,NA,NA,NA
1370,"farrell_rasher_2026","Gulf of Maine","Penobscot Bay_Hurricane_Island",6,"Penobscot Bay_Hurricane_Island 2023 22 35",2023,8,22,44.0304,-68.8893,"Alaria esculenta","Random",1,0,NA,NA,NA
1371,"farrell_rasher_2026","Gulf of Maine","Penobscot Bay_Hurricane_Island",6,"Penobscot Bay_Hurricane_Island 2023 22 35",2023,8,22,44.0304,-68.8893,"Laminaria digitata","Random",1,0,NA,NA,NA
1372,"farrell_rasher_2026","Gulf of Maine","Penobscot Bay_Hurricane_Island",6,"Penobscot Bay_Hurricane_Island 2023 22 35",2023,8,22,44.0304,-68.8893,"Saccharina latissima","Random",1,0,NA,NA,NA
1373,"farrell_rasher_2026","Gulf of Maine","Penobscot Bay_Hurricane_Island",6,"Penobscot Bay_Hurricane_Island 2023 22 5",2023,8,22,44.0304,-68.8893,"Agarum clathratum","Random",1,0,NA,NA,0
1374,"farrell_rasher_2026","Gulf of Maine","Penobscot Bay_Hurricane_Island",6,"Penobscot Bay_Hurricane_Island 2023 22 5",2023,8,22,44.0304,-68.8893,"Alaria esculenta","Random",1,0,NA,NA,0
1375,"farrell_rasher_2026","Gulf of Maine","Penobscot Bay_Hurricane_Island",6,"Penobscot Bay_Hurricane_Island 2023 22 5",2023,8,22,44.0304,-68.8893,"Laminaria digitata","Random",1,0,NA,NA,0
1376,"farrell_rasher_2026","Gulf of Maine","Penobscot Bay_Hurricane_Island",6,"Penobscot Bay_Hurricane_Island 2023 22 5",2023,8,22,44.0304,-68.8893,"Saccharina latissima","Random",1,70,NA,NA,2.445
1377,"farrell_rasher_2026","Gulf of Maine","Penobscot Bay_Marshall_Island",6,"Penobscot Bay_Marshall_Island 2023 23 30",2023,8,23,44.1011,-68.5088,"Agarum clathratum","Random",1,5,NA,NA,NA
1378,"farrell_rasher_2026","Gulf of Maine","Penobscot Bay_Marshall_Island",6,"Penobscot Bay_Marshall_Island 2023 23 30",2023,8,23,44.1011,-68.5088,"Alaria esculenta","Random",1,0,NA,NA,NA
1379,"farrell_rasher_2026","Gulf of Maine","Penobscot Bay_Marshall_Island",6,"Penobscot Bay_Marshall_Island 2023 23 30",2023,8,23,44.1011,-68.5088,"Laminaria digitata","Random",1,0,NA,NA,NA
1380,"farrell_rasher_2026","Gulf of Maine","Penobscot Bay_Marshall_Island",6,"Penobscot Bay_Marshall_Island 2023 23 30",2023,8,23,44.1011,-68.5088,"Saccharina latissima","Random",1,40,NA,NA,NA
1381,"farrell_rasher_2026","Gulf of Maine","Penobscot Bay_Marshall_Island",6,"Penobscot Bay_Marshall_Island 2023 23 40",2023,8,23,44.1011,-68.5088,"Agarum clathratum","Random",1,0,NA,NA,0
1382,"farrell_rasher_2026","Gulf of Maine","Penobscot Bay_Marshall_Island",6,"Penobscot Bay_Marshall_Island 2023 23 40",2023,8,23,44.1011,-68.5088,"Alaria esculenta","Random",1,0,NA,NA,0
1383,"farrell_rasher_2026","Gulf of Maine","Penobscot Bay_Marshall_Island",6,"Penobscot Bay_Marshall_Island 2023 23 40",2023,8,23,44.1011,-68.5088,"Laminaria digitata","Random",1,10,NA,NA,0
1384,"farrell_rasher_2026","Gulf of Maine","Penobscot Bay_Marshall_Island",6,"Penobscot Bay_Marshall_Island 2023 23 40",2023,8,23,44.1011,-68.5088,"Saccharina latissima","Random",1,80,NA,NA,2.375
1385,"farrell_rasher_2026","Gulf of Maine","Penobscot Bay_Marshall_Island",6,"Penobscot Bay_Marshall_Island 2023 23 10",2023,8,23,44.1011,-68.5088,"Agarum clathratum","Random",1,5,NA,NA,NA
1386,"farrell_rasher_2026","Gulf of Maine","Penobscot Bay_Marshall_Island",6,"Penobscot Bay_Marshall_Island 2023 23 10",2023,8,23,44.1011,-68.5088,"Alaria esculenta","Random",1,0,NA,NA,NA
1387,"farrell_rasher_2026","Gulf of Maine","Penobscot Bay_Marshall_Island",6,"Penobscot Bay_Marshall_Island 2023 23 10",2023,8,23,44.1011,-68.5088,"Laminaria digitata","Random",1,0,NA,NA,NA
1388,"farrell_rasher_2026","Gulf of Maine","Penobscot Bay_Marshall_Island",6,"Penobscot Bay_Marshall_Island 2023 23 10",2023,8,23,44.1011,-68.5088,"Saccharina latissima","Random",1,40,NA,NA,NA
1389,"farrell_rasher_2026","Gulf of Maine","Penobscot Bay_Marshall_Island",6,"Penobscot Bay_Marshall_Island 2023 23 15",2023,8,23,44.1011,-68.5088,"Agarum clathratum","Random",1,1,NA,NA,NA
1390,"farrell_rasher_2026","Gulf of Maine","Penobscot Bay_Marshall_Island",6,"Penobscot Bay_Marshall_Island 2023 23 15",2023,8,23,44.1011,-68.5088,"Alaria esculenta","Random",1,0,NA,NA,NA
1391,"farrell_rasher_2026","Gulf of Maine","Penobscot Bay_Marshall_Island",6,"Penobscot Bay_Marshall_Island 2023 23 15",2023,8,23,44.1011,-68.5088,"Laminaria digitata","Random",1,0,NA,NA,NA
1392,"farrell_rasher_2026","Gulf of Maine","Penobscot Bay_Marshall_Island",6,"Penobscot Bay_Marshall_Island 2023 23 15",2023,8,23,44.1011,-68.5088,"Saccharina latissima","Random",1,60,NA,NA,NA
1393,"farrell_rasher_2026","Gulf of Maine","Penobscot Bay_Marshall_Island",6,"Penobscot Bay_Marshall_Island 2023 23 20",2023,8,23,44.1011,-68.5088,"Agarum clathratum","Random",1,1,NA,NA,0.03194
1394,"farrell_rasher_2026","Gulf of Maine","Penobscot Bay_Marshall_Island",6,"Penobscot Bay_Marshall_Island 2023 23 20",2023,8,23,44.1011,-68.5088,"Alaria esculenta","Random",1,0,NA,NA,0
1395,"farrell_rasher_2026","Gulf of Maine","Penobscot Bay_Marshall_Island",6,"Penobscot Bay_Marshall_Island 2023 23 20",2023,8,23,44.1011,-68.5088,"Laminaria digitata","Random",1,0,NA,NA,0
1396,"farrell_rasher_2026","Gulf of Maine","Penobscot Bay_Marshall_Island",6,"Penobscot Bay_Marshall_Island 2023 23 20",2023,8,23,44.1011,-68.5088,"Saccharina latissima","Random",1,20,NA,NA,0.18327
1397,"farrell_rasher_2026","Gulf of Maine","Penobscot Bay_Marshall_Island",6,"Penobscot Bay_Marshall_Island 2023 23 25",2023,8,23,44.1011,-68.5088,"Agarum clathratum","Random",1,0,NA,NA,0.00163
1398,"farrell_rasher_2026","Gulf of Maine","Penobscot Bay_Marshall_Island",6,"Penobscot Bay_Marshall_Island 2023 23 25",2023,8,23,44.1011,-68.5088,"Alaria esculenta","Random",1,0,NA,NA,0
1399,"farrell_rasher_2026","Gulf of Maine","Penobscot Bay_Marshall_Island",6,"Penobscot Bay_Marshall_Island 2023 23 25",2023,8,23,44.1011,-68.5088,"Laminaria digitata","Random",1,0,NA,NA,0
1400,"farrell_rasher_2026","Gulf of Maine","Penobscot Bay_Marshall_Island",6,"Penobscot Bay_Marshall_Island 2023 23 25",2023,8,23,44.1011,-68.5088,"Saccharina latissima","Random",1,70,NA,NA,0.04521
1401,"farrell_rasher_2026","Gulf of Maine","Penobscot Bay_Marshall_Island",6,"Penobscot Bay_Marshall_Island 2023 23 35",2023,8,23,44.1011,-68.5088,"Agarum clathratum","Random",1,10,NA,NA,NA
1402,"farrell_rasher_2026","Gulf of Maine","Penobscot Bay_Marshall_Island",6,"Penobscot Bay_Marshall_Island 2023 23 35",2023,8,23,44.1011,-68.5088,"Alaria esculenta","Random",1,0,NA,NA,NA
1403,"farrell_rasher_2026","Gulf of Maine","Penobscot Bay_Marshall_Island",6,"Penobscot Bay_Marshall_Island 2023 23 35",2023,8,23,44.1011,-68.5088,"Laminaria digitata","Random",1,0,NA,NA,NA
1404,"farrell_rasher_2026","Gulf of Maine","Penobscot Bay_Marshall_Island",6,"Penobscot Bay_Marshall_Island 2023 23 35",2023,8,23,44.1011,-68.5088,"Saccharina latissima","Random",1,50,NA,NA,NA
1405,"farrell_rasher_2026","Gulf of Maine","Penobscot Bay_Marshall_Island",6,"Penobscot Bay_Marshall_Island 2023 23 5",2023,8,23,44.1011,-68.5088,"Agarum clathratum","Random",1,5,NA,NA,0.02353
1406,"farrell_rasher_2026","Gulf of Maine","Penobscot Bay_Marshall_Island",6,"Penobscot Bay_Marshall_Island 2023 23 5",2023,8,23,44.1011,-68.5088,"Alaria esculenta","Random",1,0,NA,NA,0
1407,"farrell_rasher_2026","Gulf of Maine","Penobscot Bay_Marshall_Island",6,"Penobscot Bay_Marshall_Island 2023 23 5",2023,8,23,44.1011,-68.5088,"Laminaria digitata","Random",1,10,NA,NA,0.345
1408,"farrell_rasher_2026","Gulf of Maine","Penobscot Bay_Marshall_Island",6,"Penobscot Bay_Marshall_Island 2023 23 5",2023,8,23,44.1011,-68.5088,"Saccharina latissima","Random",1,50,NA,NA,0.395
1409,"farrell_rasher_2026","Gulf of Maine","Penobscot Bay_Merchant_Island",6,"Penobscot Bay_Merchant_Island 2023 23 35",2023,8,23,44.1057,-68.6535,"Agarum clathratum","Random",1,0,NA,NA,NA
1410,"farrell_rasher_2026","Gulf of Maine","Penobscot Bay_Merchant_Island",6,"Penobscot Bay_Merchant_Island 2023 23 35",2023,8,23,44.1057,-68.6535,"Alaria esculenta","Random",1,0,NA,NA,NA
1411,"farrell_rasher_2026","Gulf of Maine","Penobscot Bay_Merchant_Island",6,"Penobscot Bay_Merchant_Island 2023 23 35",2023,8,23,44.1057,-68.6535,"Laminaria digitata","Random",1,0,NA,NA,NA
1412,"farrell_rasher_2026","Gulf of Maine","Penobscot Bay_Merchant_Island",6,"Penobscot Bay_Merchant_Island 2023 23 35",2023,8,23,44.1057,-68.6535,"Saccharina latissima","Random",1,50,NA,NA,NA
1413,"farrell_rasher_2026","Gulf of Maine","Penobscot Bay_Merchant_Island",6,"Penobscot Bay_Merchant_Island 2023 23 10",2023,8,23,44.1057,-68.6535,"Agarum clathratum","Random",1,0,NA,NA,0
1414,"farrell_rasher_2026","Gulf of Maine","Penobscot Bay_Merchant_Island",6,"Penobscot Bay_Merchant_Island 2023 23 10",2023,8,23,44.1057,-68.6535,"Alaria esculenta","Random",1,0,NA,NA,0
1415,"farrell_rasher_2026","Gulf of Maine","Penobscot Bay_Merchant_Island",6,"Penobscot Bay_Merchant_Island 2023 23 10",2023,8,23,44.1057,-68.6535,"Laminaria digitata","Random",1,0,NA,NA,0
1416,"farrell_rasher_2026","Gulf of Maine","Penobscot Bay_Merchant_Island",6,"Penobscot Bay_Merchant_Island 2023 23 10",2023,8,23,44.1057,-68.6535,"Saccharina latissima","Random",1,30,NA,NA,0.115
1417,"farrell_rasher_2026","Gulf of Maine","Penobscot Bay_Merchant_Island",6,"Penobscot Bay_Merchant_Island 2023 23 15",2023,8,23,44.1057,-68.6535,"Agarum clathratum","Random",1,10,NA,NA,0.04074
1418,"farrell_rasher_2026","Gulf of Maine","Penobscot Bay_Merchant_Island",6,"Penobscot Bay_Merchant_Island 2023 23 15",2023,8,23,44.1057,-68.6535,"Alaria esculenta","Random",1,0,NA,NA,0
1419,"farrell_rasher_2026","Gulf of Maine","Penobscot Bay_Merchant_Island",6,"Penobscot Bay_Merchant_Island 2023 23 15",2023,8,23,44.1057,-68.6535,"Laminaria digitata","Random",1,0,NA,NA,0
1420,"farrell_rasher_2026","Gulf of Maine","Penobscot Bay_Merchant_Island",6,"Penobscot Bay_Merchant_Island 2023 23 15",2023,8,23,44.1057,-68.6535,"Saccharina latissima","Random",1,40,NA,NA,0.88
1421,"farrell_rasher_2026","Gulf of Maine","Penobscot Bay_Merchant_Island",6,"Penobscot Bay_Merchant_Island 2023 23 20",2023,8,23,44.1057,-68.6535,"Agarum clathratum","Random",1,0,NA,NA,NA
1422,"farrell_rasher_2026","Gulf of Maine","Penobscot Bay_Merchant_Island",6,"Penobscot Bay_Merchant_Island 2023 23 20",2023,8,23,44.1057,-68.6535,"Alaria esculenta","Random",1,0,NA,NA,NA
1423,"farrell_rasher_2026","Gulf of Maine","Penobscot Bay_Merchant_Island",6,"Penobscot Bay_Merchant_Island 2023 23 20",2023,8,23,44.1057,-68.6535,"Laminaria digitata","Random",1,0,NA,NA,NA
1424,"farrell_rasher_2026","Gulf of Maine","Penobscot Bay_Merchant_Island",6,"Penobscot Bay_Merchant_Island 2023 23 20",2023,8,23,44.1057,-68.6535,"Saccharina latissima","Random",1,30,NA,NA,NA
1425,"farrell_rasher_2026","Gulf of Maine","Penobscot Bay_Merchant_Island",6,"Penobscot Bay_Merchant_Island 2023 23 25",2023,8,23,44.1057,-68.6535,"Agarum clathratum","Random",1,10,NA,NA,NA
1426,"farrell_rasher_2026","Gulf of Maine","Penobscot Bay_Merchant_Island",6,"Penobscot Bay_Merchant_Island 2023 23 25",2023,8,23,44.1057,-68.6535,"Alaria esculenta","Random",1,0,NA,NA,NA
1427,"farrell_rasher_2026","Gulf of Maine","Penobscot Bay_Merchant_Island",6,"Penobscot Bay_Merchant_Island 2023 23 25",2023,8,23,44.1057,-68.6535,"Laminaria digitata","Random",1,0,NA,NA,NA
1428,"farrell_rasher_2026","Gulf of Maine","Penobscot Bay_Merchant_Island",6,"Penobscot Bay_Merchant_Island 2023 23 25",2023,8,23,44.1057,-68.6535,"Saccharina latissima","Random",1,90,NA,NA,NA
1429,"farrell_rasher_2026","Gulf of Maine","Penobscot Bay_Merchant_Island",6,"Penobscot Bay_Merchant_Island 2023 23 30",2023,8,23,44.1057,-68.6535,"Agarum clathratum","Random",1,0,NA,NA,NA
1430,"farrell_rasher_2026","Gulf of Maine","Penobscot Bay_Merchant_Island",6,"Penobscot Bay_Merchant_Island 2023 23 30",2023,8,23,44.1057,-68.6535,"Alaria esculenta","Random",1,0,NA,NA,NA
1431,"farrell_rasher_2026","Gulf of Maine","Penobscot Bay_Merchant_Island",6,"Penobscot Bay_Merchant_Island 2023 23 30",2023,8,23,44.1057,-68.6535,"Laminaria digitata","Random",1,0,NA,NA,NA
1432,"farrell_rasher_2026","Gulf of Maine","Penobscot Bay_Merchant_Island",6,"Penobscot Bay_Merchant_Island 2023 23 30",2023,8,23,44.1057,-68.6535,"Saccharina latissima","Random",1,50,NA,NA,NA
1433,"farrell_rasher_2026","Gulf of Maine","Penobscot Bay_Merchant_Island",6,"Penobscot Bay_Merchant_Island 2023 23 40",2023,8,23,44.1057,-68.6535,"Agarum clathratum","Random",1,0,NA,NA,NA
1434,"farrell_rasher_2026","Gulf of Maine","Penobscot Bay_Merchant_Island",6,"Penobscot Bay_Merchant_Island 2023 23 40",2023,8,23,44.1057,-68.6535,"Alaria esculenta","Random",1,0,NA,NA,NA
1435,"farrell_rasher_2026","Gulf of Maine","Penobscot Bay_Merchant_Island",6,"Penobscot Bay_Merchant_Island 2023 23 40",2023,8,23,44.1057,-68.6535,"Laminaria digitata","Random",1,0,NA,NA,NA
1436,"farrell_rasher_2026","Gulf of Maine","Penobscot Bay_Merchant_Island",6,"Penobscot Bay_Merchant_Island 2023 23 40",2023,8,23,44.1057,-68.6535,"Saccharina latissima","Random",1,10,NA,NA,NA
1437,"farrell_rasher_2026","Gulf of Maine","Penobscot Bay_Merchant_Island",6,"Penobscot Bay_Merchant_Island 2023 23 5",2023,8,23,44.1057,-68.6535,"Agarum clathratum","Random",1,0,NA,NA,0
1438,"farrell_rasher_2026","Gulf of Maine","Penobscot Bay_Merchant_Island",6,"Penobscot Bay_Merchant_Island 2023 23 5",2023,8,23,44.1057,-68.6535,"Alaria esculenta","Random",1,0,NA,NA,0
1439,"farrell_rasher_2026","Gulf of Maine","Penobscot Bay_Merchant_Island",6,"Penobscot Bay_Merchant_Island 2023 23 5",2023,8,23,44.1057,-68.6535,"Laminaria digitata","Random",1,0,NA,NA,0
1440,"farrell_rasher_2026","Gulf of Maine","Penobscot Bay_Merchant_Island",6,"Penobscot Bay_Merchant_Island 2023 23 5",2023,8,23,44.1057,-68.6535,"Saccharina latissima","Random",1,60,NA,NA,0.895
1441,"farrell_rasher_2026","Gulf of Maine","Penobscot Bay_Isle_au_Haut",6,"Penobscot Bay_Isle_au_Haut 2023 24 25",2023,8,24,44.0149,-68.6078,"Agarum clathratum","Random",1,0,NA,NA,NA
1442,"farrell_rasher_2026","Gulf of Maine","Penobscot Bay_Isle_au_Haut",6,"Penobscot Bay_Isle_au_Haut 2023 24 25",2023,8,24,44.0149,-68.6078,"Alaria esculenta","Random",1,0,NA,NA,NA
1443,"farrell_rasher_2026","Gulf of Maine","Penobscot Bay_Isle_au_Haut",6,"Penobscot Bay_Isle_au_Haut 2023 24 25",2023,8,24,44.0149,-68.6078,"Laminaria digitata","Random",1,0,NA,NA,NA
1444,"farrell_rasher_2026","Gulf of Maine","Penobscot Bay_Isle_au_Haut",6,"Penobscot Bay_Isle_au_Haut 2023 24 25",2023,8,24,44.0149,-68.6078,"Saccharina latissima","Random",1,20,NA,NA,NA
1445,"farrell_rasher_2026","Gulf of Maine","Penobscot Bay_Isle_au_Haut",6,"Penobscot Bay_Isle_au_Haut 2023 24 35",2023,8,24,44.0149,-68.6078,"Agarum clathratum","Random",1,0,NA,NA,0
1446,"farrell_rasher_2026","Gulf of Maine","Penobscot Bay_Isle_au_Haut",6,"Penobscot Bay_Isle_au_Haut 2023 24 35",2023,8,24,44.0149,-68.6078,"Alaria esculenta","Random",1,0,NA,NA,0
1447,"farrell_rasher_2026","Gulf of Maine","Penobscot Bay_Isle_au_Haut",6,"Penobscot Bay_Isle_au_Haut 2023 24 35",2023,8,24,44.0149,-68.6078,"Laminaria digitata","Random",1,1,NA,NA,0
1448,"farrell_rasher_2026","Gulf of Maine","Penobscot Bay_Isle_au_Haut",6,"Penobscot Bay_Isle_au_Haut 2023 24 35",2023,8,24,44.0149,-68.6078,"Saccharina latissima","Random",1,70,NA,NA,1.15
1449,"farrell_rasher_2026","Gulf of Maine","Penobscot Bay_Isle_au_Haut",6,"Penobscot Bay_Isle_au_Haut 2023 24 10",2023,8,24,44.0149,-68.6078,"Agarum clathratum","Random",1,5,NA,NA,NA
1450,"farrell_rasher_2026","Gulf of Maine","Penobscot Bay_Isle_au_Haut",6,"Penobscot Bay_Isle_au_Haut 2023 24 10",2023,8,24,44.0149,-68.6078,"Alaria esculenta","Random",1,0,NA,NA,NA
1451,"farrell_rasher_2026","Gulf of Maine","Penobscot Bay_Isle_au_Haut",6,"Penobscot Bay_Isle_au_Haut 2023 24 10",2023,8,24,44.0149,-68.6078,"Laminaria digitata","Random",1,0,NA,NA,NA
1452,"farrell_rasher_2026","Gulf of Maine","Penobscot Bay_Isle_au_Haut",6,"Penobscot Bay_Isle_au_Haut 2023 24 10",2023,8,24,44.0149,-68.6078,"Saccharina latissima","Random",1,20,NA,NA,NA
1453,"farrell_rasher_2026","Gulf of Maine","Penobscot Bay_Isle_au_Haut",6,"Penobscot Bay_Isle_au_Haut 2023 24 15",2023,8,24,44.0149,-68.6078,"Agarum clathratum","Random",1,5,NA,NA,0.03986
1454,"farrell_rasher_2026","Gulf of Maine","Penobscot Bay_Isle_au_Haut",6,"Penobscot Bay_Isle_au_Haut 2023 24 15",2023,8,24,44.0149,-68.6078,"Alaria esculenta","Random",1,0,NA,NA,0
1455,"farrell_rasher_2026","Gulf of Maine","Penobscot Bay_Isle_au_Haut",6,"Penobscot Bay_Isle_au_Haut 2023 24 15",2023,8,24,44.0149,-68.6078,"Laminaria digitata","Random",1,0,NA,NA,0
1456,"farrell_rasher_2026","Gulf of Maine","Penobscot Bay_Isle_au_Haut",6,"Penobscot Bay_Isle_au_Haut 2023 24 15",2023,8,24,44.0149,-68.6078,"Saccharina latissima","Random",1,50,NA,NA,0.93
1457,"farrell_rasher_2026","Gulf of Maine","Penobscot Bay_Isle_au_Haut",6,"Penobscot Bay_Isle_au_Haut 2023 24 20",2023,8,24,44.0149,-68.6078,"Agarum clathratum","Random",1,0,NA,NA,NA
1458,"farrell_rasher_2026","Gulf of Maine","Penobscot Bay_Isle_au_Haut",6,"Penobscot Bay_Isle_au_Haut 2023 24 20",2023,8,24,44.0149,-68.6078,"Alaria esculenta","Random",1,0,NA,NA,NA
1459,"farrell_rasher_2026","Gulf of Maine","Penobscot Bay_Isle_au_Haut",6,"Penobscot Bay_Isle_au_Haut 2023 24 20",2023,8,24,44.0149,-68.6078,"Laminaria digitata","Random",1,0,NA,NA,NA
1460,"farrell_rasher_2026","Gulf of Maine","Penobscot Bay_Isle_au_Haut",6,"Penobscot Bay_Isle_au_Haut 2023 24 20",2023,8,24,44.0149,-68.6078,"Saccharina latissima","Random",1,60,NA,NA,NA
1461,"farrell_rasher_2026","Gulf of Maine","Penobscot Bay_Isle_au_Haut",6,"Penobscot Bay_Isle_au_Haut 2023 24 30",2023,8,24,44.0149,-68.6078,"Agarum clathratum","Random",1,0,NA,NA,0
1462,"farrell_rasher_2026","Gulf of Maine","Penobscot Bay_Isle_au_Haut",6,"Penobscot Bay_Isle_au_Haut 2023 24 30",2023,8,24,44.0149,-68.6078,"Alaria esculenta","Random",1,0,NA,NA,0
1463,"farrell_rasher_2026","Gulf of Maine","Penobscot Bay_Isle_au_Haut",6,"Penobscot Bay_Isle_au_Haut 2023 24 30",2023,8,24,44.0149,-68.6078,"Laminaria digitata","Random",1,0,NA,NA,0
1464,"farrell_rasher_2026","Gulf of Maine","Penobscot Bay_Isle_au_Haut",6,"Penobscot Bay_Isle_au_Haut 2023 24 30",2023,8,24,44.0149,-68.6078,"Saccharina latissima","Random",1,50,NA,NA,0.895
1465,"farrell_rasher_2026","Gulf of Maine","Penobscot Bay_Isle_au_Haut",6,"Penobscot Bay_Isle_au_Haut 2023 24 40",2023,8,24,44.0149,-68.6078,"Agarum clathratum","Random",1,0,NA,NA,NA
1466,"farrell_rasher_2026","Gulf of Maine","Penobscot Bay_Isle_au_Haut",6,"Penobscot Bay_Isle_au_Haut 2023 24 40",2023,8,24,44.0149,-68.6078,"Alaria esculenta","Random",1,0,NA,NA,NA
1467,"farrell_rasher_2026","Gulf of Maine","Penobscot Bay_Isle_au_Haut",6,"Penobscot Bay_Isle_au_Haut 2023 24 40",2023,8,24,44.0149,-68.6078,"Laminaria digitata","Random",1,0,NA,NA,NA
1468,"farrell_rasher_2026","Gulf of Maine","Penobscot Bay_Isle_au_Haut",6,"Penobscot Bay_Isle_au_Haut 2023 24 40",2023,8,24,44.0149,-68.6078,"Saccharina latissima","Random",1,10,NA,NA,NA
1469,"farrell_rasher_2026","Gulf of Maine","Penobscot Bay_Isle_au_Haut",6,"Penobscot Bay_Isle_au_Haut 2023 24 5",2023,8,24,44.0149,-68.6078,"Agarum clathratum","Random",1,0,NA,NA,0
1470,"farrell_rasher_2026","Gulf of Maine","Penobscot Bay_Isle_au_Haut",6,"Penobscot Bay_Isle_au_Haut 2023 24 5",2023,8,24,44.0149,-68.6078,"Alaria esculenta","Random",1,0,NA,NA,0
1471,"farrell_rasher_2026","Gulf of Maine","Penobscot Bay_Isle_au_Haut",6,"Penobscot Bay_Isle_au_Haut 2023 24 5",2023,8,24,44.0149,-68.6078,"Laminaria digitata","Random",1,0,NA,NA,0
1472,"farrell_rasher_2026","Gulf of Maine","Penobscot Bay_Isle_au_Haut",6,"Penobscot Bay_Isle_au_Haut 2023 24 5",2023,8,24,44.0149,-68.6078,"Saccharina latissima","Random",1,30,NA,NA,0.375
1473,"farrell_rasher_2026","Gulf of Maine","Casco Bay_Cape_Small",6,"Casco Bay_Cape_Small 2023 29 10",2023,8,29,43.7012,-69.8399,"Agarum clathratum","Random",1,1,NA,NA,NA
1474,"farrell_rasher_2026","Gulf of Maine","Casco Bay_Cape_Small",6,"Casco Bay_Cape_Small 2023 29 10",2023,8,29,43.7012,-69.8399,"Alaria esculenta","Random",1,0,NA,NA,NA
1475,"farrell_rasher_2026","Gulf of Maine","Casco Bay_Cape_Small",6,"Casco Bay_Cape_Small 2023 29 10",2023,8,29,43.7012,-69.8399,"Laminaria digitata","Random",1,0,NA,NA,NA
1476,"farrell_rasher_2026","Gulf of Maine","Casco Bay_Cape_Small",6,"Casco Bay_Cape_Small 2023 29 10",2023,8,29,43.7012,-69.8399,"Saccharina latissima","Random",1,0,NA,NA,NA
1477,"farrell_rasher_2026","Gulf of Maine","Casco Bay_Cape_Small",6,"Casco Bay_Cape_Small 2023 29 20",2023,8,29,43.7012,-69.8399,"Agarum clathratum","Random",1,0,NA,NA,0
1478,"farrell_rasher_2026","Gulf of Maine","Casco Bay_Cape_Small",6,"Casco Bay_Cape_Small 2023 29 20",2023,8,29,43.7012,-69.8399,"Alaria esculenta","Random",1,0,NA,NA,0
1479,"farrell_rasher_2026","Gulf of Maine","Casco Bay_Cape_Small",6,"Casco Bay_Cape_Small 2023 29 20",2023,8,29,43.7012,-69.8399,"Laminaria digitata","Random",1,0,NA,NA,0
1480,"farrell_rasher_2026","Gulf of Maine","Casco Bay_Cape_Small",6,"Casco Bay_Cape_Small 2023 29 20",2023,8,29,43.7012,-69.8399,"Saccharina latissima","Random",1,0,NA,NA,0
1481,"farrell_rasher_2026","Gulf of Maine","Casco Bay_Cape_Small",6,"Casco Bay_Cape_Small 2023 29 30",2023,8,29,43.7012,-69.8399,"Agarum clathratum","Random",1,0,NA,NA,NA
1482,"farrell_rasher_2026","Gulf of Maine","Casco Bay_Cape_Small",6,"Casco Bay_Cape_Small 2023 29 30",2023,8,29,43.7012,-69.8399,"Alaria esculenta","Random",1,0,NA,NA,NA
1483,"farrell_rasher_2026","Gulf of Maine","Casco Bay_Cape_Small",6,"Casco Bay_Cape_Small 2023 29 30",2023,8,29,43.7012,-69.8399,"Laminaria digitata","Random",1,0,NA,NA,NA
1484,"farrell_rasher_2026","Gulf of Maine","Casco Bay_Cape_Small",6,"Casco Bay_Cape_Small 2023 29 30",2023,8,29,43.7012,-69.8399,"Saccharina latissima","Random",1,0,NA,NA,NA
1485,"farrell_rasher_2026","Gulf of Maine","Casco Bay_Cape_Small",6,"Casco Bay_Cape_Small 2023 29 40",2023,8,29,43.7012,-69.8399,"Agarum clathratum","Random",1,0,NA,NA,0
1486,"farrell_rasher_2026","Gulf of Maine","Casco Bay_Cape_Small",6,"Casco Bay_Cape_Small 2023 29 40",2023,8,29,43.7012,-69.8399,"Alaria esculenta","Random",1,0,NA,NA,0
1487,"farrell_rasher_2026","Gulf of Maine","Casco Bay_Cape_Small",6,"Casco Bay_Cape_Small 2023 29 40",2023,8,29,43.7012,-69.8399,"Laminaria digitata","Random",1,0,NA,NA,0
1488,"farrell_rasher_2026","Gulf of Maine","Casco Bay_Cape_Small",6,"Casco Bay_Cape_Small 2023 29 40",2023,8,29,43.7012,-69.8399,"Saccharina latissima","Random",1,1,NA,NA,0
1489,"farrell_rasher_2026","Gulf of Maine","Casco Bay_Cape_Small",6,"Casco Bay_Cape_Small 2023 29 15",2023,8,29,43.7012,-69.8399,"Agarum clathratum","Random",1,0,NA,NA,NA
1490,"farrell_rasher_2026","Gulf of Maine","Casco Bay_Cape_Small",6,"Casco Bay_Cape_Small 2023 29 15",2023,8,29,43.7012,-69.8399,"Alaria esculenta","Random",1,0,NA,NA,NA
1491,"farrell_rasher_2026","Gulf of Maine","Casco Bay_Cape_Small",6,"Casco Bay_Cape_Small 2023 29 15",2023,8,29,43.7012,-69.8399,"Laminaria digitata","Random",1,0,NA,NA,NA
1492,"farrell_rasher_2026","Gulf of Maine","Casco Bay_Cape_Small",6,"Casco Bay_Cape_Small 2023 29 15",2023,8,29,43.7012,-69.8399,"Saccharina latissima","Random",1,0,NA,NA,NA
1493,"farrell_rasher_2026","Gulf of Maine","Casco Bay_Cape_Small",6,"Casco Bay_Cape_Small 2023 29 25",2023,8,29,43.7012,-69.8399,"Agarum clathratum","Random",1,0,NA,NA,0
1494,"farrell_rasher_2026","Gulf of Maine","Casco Bay_Cape_Small",6,"Casco Bay_Cape_Small 2023 29 25",2023,8,29,43.7012,-69.8399,"Alaria esculenta","Random",1,0,NA,NA,0
1495,"farrell_rasher_2026","Gulf of Maine","Casco Bay_Cape_Small",6,"Casco Bay_Cape_Small 2023 29 25",2023,8,29,43.7012,-69.8399,"Laminaria digitata","Random",1,0,NA,NA,0
1496,"farrell_rasher_2026","Gulf of Maine","Casco Bay_Cape_Small",6,"Casco Bay_Cape_Small 2023 29 25",2023,8,29,43.7012,-69.8399,"Saccharina latissima","Random",1,0,NA,NA,0
1497,"farrell_rasher_2026","Gulf of Maine","Casco Bay_Cape_Small",6,"Casco Bay_Cape_Small 2023 29 35",2023,8,29,43.7012,-69.8399,"Agarum clathratum","Random",1,0,NA,NA,NA
1498,"farrell_rasher_2026","Gulf of Maine","Casco Bay_Cape_Small",6,"Casco Bay_Cape_Small 2023 29 35",2023,8,29,43.7012,-69.8399,"Alaria esculenta","Random",1,0,NA,NA,NA
1499,"farrell_rasher_2026","Gulf of Maine","Casco Bay_Cape_Small",6,"Casco Bay_Cape_Small 2023 29 35",2023,8,29,43.7012,-69.8399,"Laminaria digitata","Random",1,0,NA,NA,NA
1500,"farrell_rasher_2026","Gulf of Maine","Casco Bay_Cape_Small",6,"Casco Bay_Cape_Small 2023 29 35",2023,8,29,43.7012,-69.8399,"Saccharina latissima","Random",1,0,NA,NA,NA
1501,"farrell_rasher_2026","Gulf of Maine","Casco Bay_Cape_Small",6,"Casco Bay_Cape_Small 2023 29 5",2023,8,29,43.7012,-69.8399,"Agarum clathratum","Random",1,0,NA,NA,0
1502,"farrell_rasher_2026","Gulf of Maine","Casco Bay_Cape_Small",6,"Casco Bay_Cape_Small 2023 29 5",2023,8,29,43.7012,-69.8399,"Alaria esculenta","Random",1,0,NA,NA,0
1503,"farrell_rasher_2026","Gulf of Maine","Casco Bay_Cape_Small",6,"Casco Bay_Cape_Small 2023 29 5",2023,8,29,43.7012,-69.8399,"Laminaria digitata","Random",1,0,NA,NA,0
1504,"farrell_rasher_2026","Gulf of Maine","Casco Bay_Cape_Small",6,"Casco Bay_Cape_Small 2023 29 5",2023,8,29,43.7012,-69.8399,"Saccharina latissima","Random",1,0,NA,NA,0
1505,"farrell_rasher_2026","Gulf of Maine","Casco Bay_Cape_Elizabeth",6,"Casco Bay_Cape_Elizabeth 2023 7 25",2023,8,7,43.5632,-70.1968,"Agarum clathratum","Random",1,0,NA,NA,0
1506,"farrell_rasher_2026","Gulf of Maine","Casco Bay_Cape_Elizabeth",6,"Casco Bay_Cape_Elizabeth 2023 7 25",2023,8,7,43.5632,-70.1968,"Alaria esculenta","Random",1,0,NA,NA,0
1507,"farrell_rasher_2026","Gulf of Maine","Casco Bay_Cape_Elizabeth",6,"Casco Bay_Cape_Elizabeth 2023 7 25",2023,8,7,43.5632,-70.1968,"Laminaria digitata","Random",1,0,NA,NA,0
1508,"farrell_rasher_2026","Gulf of Maine","Casco Bay_Cape_Elizabeth",6,"Casco Bay_Cape_Elizabeth 2023 7 25",2023,8,7,43.5632,-70.1968,"Saccharina latissima","Random",1,1,NA,NA,0
1509,"farrell_rasher_2026","Gulf of Maine","Casco Bay_Cape_Elizabeth",6,"Casco Bay_Cape_Elizabeth 2023 7 35",2023,8,7,43.5632,-70.1968,"Agarum clathratum","Random",1,0,NA,NA,0.0013
1510,"farrell_rasher_2026","Gulf of Maine","Casco Bay_Cape_Elizabeth",6,"Casco Bay_Cape_Elizabeth 2023 7 35",2023,8,7,43.5632,-70.1968,"Alaria esculenta","Random",1,0,NA,NA,0
1511,"farrell_rasher_2026","Gulf of Maine","Casco Bay_Cape_Elizabeth",6,"Casco Bay_Cape_Elizabeth 2023 7 35",2023,8,7,43.5632,-70.1968,"Laminaria digitata","Random",1,1,NA,NA,0.01569
1512,"farrell_rasher_2026","Gulf of Maine","Casco Bay_Cape_Elizabeth",6,"Casco Bay_Cape_Elizabeth 2023 7 35",2023,8,7,43.5632,-70.1968,"Saccharina latissima","Random",1,0,NA,NA,0
1513,"farrell_rasher_2026","Gulf of Maine","Casco Bay_Cape_Elizabeth",6,"Casco Bay_Cape_Elizabeth 2023 7 10",2023,8,7,43.5632,-70.1968,"Agarum clathratum","Random",1,0,NA,NA,NA
1514,"farrell_rasher_2026","Gulf of Maine","Casco Bay_Cape_Elizabeth",6,"Casco Bay_Cape_Elizabeth 2023 7 10",2023,8,7,43.5632,-70.1968,"Alaria esculenta","Random",1,0,NA,NA,NA
1515,"farrell_rasher_2026","Gulf of Maine","Casco Bay_Cape_Elizabeth",6,"Casco Bay_Cape_Elizabeth 2023 7 10",2023,8,7,43.5632,-70.1968,"Laminaria digitata","Random",1,0,NA,NA,NA
1516,"farrell_rasher_2026","Gulf of Maine","Casco Bay_Cape_Elizabeth",6,"Casco Bay_Cape_Elizabeth 2023 7 10",2023,8,7,43.5632,-70.1968,"Saccharina latissima","Random",1,5,NA,NA,NA
1517,"farrell_rasher_2026","Gulf of Maine","Casco Bay_Cape_Elizabeth",6,"Casco Bay_Cape_Elizabeth 2023 7 15",2023,8,7,43.5632,-70.1968,"Agarum clathratum","Random",1,0,NA,NA,NA
1518,"farrell_rasher_2026","Gulf of Maine","Casco Bay_Cape_Elizabeth",6,"Casco Bay_Cape_Elizabeth 2023 7 15",2023,8,7,43.5632,-70.1968,"Alaria esculenta","Random",1,0,NA,NA,NA
1519,"farrell_rasher_2026","Gulf of Maine","Casco Bay_Cape_Elizabeth",6,"Casco Bay_Cape_Elizabeth 2023 7 15",2023,8,7,43.5632,-70.1968,"Laminaria digitata","Random",1,0,NA,NA,NA
1520,"farrell_rasher_2026","Gulf of Maine","Casco Bay_Cape_Elizabeth",6,"Casco Bay_Cape_Elizabeth 2023 7 15",2023,8,7,43.5632,-70.1968,"Saccharina latissima","Random",1,0,NA,NA,NA
1521,"farrell_rasher_2026","Gulf of Maine","Casco Bay_Cape_Elizabeth",6,"Casco Bay_Cape_Elizabeth 2023 7 20",2023,8,7,43.5632,-70.1968,"Agarum clathratum","Random",1,0,NA,NA,0
1522,"farrell_rasher_2026","Gulf of Maine","Casco Bay_Cape_Elizabeth",6,"Casco Bay_Cape_Elizabeth 2023 7 20",2023,8,7,43.5632,-70.1968,"Alaria esculenta","Random",1,0,NA,NA,0
1523,"farrell_rasher_2026","Gulf of Maine","Casco Bay_Cape_Elizabeth",6,"Casco Bay_Cape_Elizabeth 2023 7 20",2023,8,7,43.5632,-70.1968,"Laminaria digitata","Random",1,0,NA,NA,0
1524,"farrell_rasher_2026","Gulf of Maine","Casco Bay_Cape_Elizabeth",6,"Casco Bay_Cape_Elizabeth 2023 7 20",2023,8,7,43.5632,-70.1968,"Saccharina latissima","Random",1,0,NA,NA,0
1525,"farrell_rasher_2026","Gulf of Maine","Casco Bay_Cape_Elizabeth",6,"Casco Bay_Cape_Elizabeth 2023 7 30",2023,8,7,43.5632,-70.1968,"Agarum clathratum","Random",1,0,NA,NA,0
1526,"farrell_rasher_2026","Gulf of Maine","Casco Bay_Cape_Elizabeth",6,"Casco Bay_Cape_Elizabeth 2023 7 30",2023,8,7,43.5632,-70.1968,"Alaria esculenta","Random",1,0,NA,NA,0
1527,"farrell_rasher_2026","Gulf of Maine","Casco Bay_Cape_Elizabeth",6,"Casco Bay_Cape_Elizabeth 2023 7 30",2023,8,7,43.5632,-70.1968,"Laminaria digitata","Random",1,5,NA,NA,0.03605
1528,"farrell_rasher_2026","Gulf of Maine","Casco Bay_Cape_Elizabeth",6,"Casco Bay_Cape_Elizabeth 2023 7 30",2023,8,7,43.5632,-70.1968,"Saccharina latissima","Random",1,5,NA,NA,0.12706
1529,"farrell_rasher_2026","Gulf of Maine","Casco Bay_Cape_Elizabeth",6,"Casco Bay_Cape_Elizabeth 2023 7 40",2023,8,7,43.5632,-70.1968,"Agarum clathratum","Random",1,0,NA,NA,NA
1530,"farrell_rasher_2026","Gulf of Maine","Casco Bay_Cape_Elizabeth",6,"Casco Bay_Cape_Elizabeth 2023 7 40",2023,8,7,43.5632,-70.1968,"Alaria esculenta","Random",1,0,NA,NA,NA
1531,"farrell_rasher_2026","Gulf of Maine","Casco Bay_Cape_Elizabeth",6,"Casco Bay_Cape_Elizabeth 2023 7 40",2023,8,7,43.5632,-70.1968,"Laminaria digitata","Random",1,0,NA,NA,NA
1532,"farrell_rasher_2026","Gulf of Maine","Casco Bay_Cape_Elizabeth",6,"Casco Bay_Cape_Elizabeth 2023 7 40",2023,8,7,43.5632,-70.1968,"Saccharina latissima","Random",1,1,NA,NA,NA
1533,"farrell_rasher_2026","Gulf of Maine","Casco Bay_Cape_Elizabeth",6,"Casco Bay_Cape_Elizabeth 2023 7 5",2023,8,7,43.5632,-70.1968,"Agarum clathratum","Random",1,0,NA,NA,NA
1534,"farrell_rasher_2026","Gulf of Maine","Casco Bay_Cape_Elizabeth",6,"Casco Bay_Cape_Elizabeth 2023 7 5",2023,8,7,43.5632,-70.1968,"Alaria esculenta","Random",1,0,NA,NA,NA
1535,"farrell_rasher_2026","Gulf of Maine","Casco Bay_Cape_Elizabeth",6,"Casco Bay_Cape_Elizabeth 2023 7 5",2023,8,7,43.5632,-70.1968,"Laminaria digitata","Random",1,20,NA,NA,NA
1536,"farrell_rasher_2026","Gulf of Maine","Casco Bay_Cape_Elizabeth",6,"Casco Bay_Cape_Elizabeth 2023 7 5",2023,8,7,43.5632,-70.1968,"Saccharina latissima","Random",1,5,NA,NA,NA
1537,"farrell_rasher_2026","Gulf of Maine","Downeast_Little_Drisko_Island",6,"Downeast_Little_Drisko_Island 2023 5 35",2023,9,5,44.4823,-67.6669,"Agarum clathratum","Random",1,20,NA,NA,NA
1538,"farrell_rasher_2026","Gulf of Maine","Downeast_Little_Drisko_Island",6,"Downeast_Little_Drisko_Island 2023 5 35",2023,9,5,44.4823,-67.6669,"Alaria esculenta","Random",1,0,NA,NA,NA
1539,"farrell_rasher_2026","Gulf of Maine","Downeast_Little_Drisko_Island",6,"Downeast_Little_Drisko_Island 2023 5 35",2023,9,5,44.4823,-67.6669,"Laminaria digitata","Random",1,20,NA,NA,NA
1540,"farrell_rasher_2026","Gulf of Maine","Downeast_Little_Drisko_Island",6,"Downeast_Little_Drisko_Island 2023 5 35",2023,9,5,44.4823,-67.6669,"Saccharina latissima","Random",1,5,NA,NA,NA
1541,"farrell_rasher_2026","Gulf of Maine","Downeast_Little_Drisko_Island",6,"Downeast_Little_Drisko_Island 2023 5 10",2023,9,5,44.4823,-67.6669,"Agarum clathratum","Random",1,0,NA,NA,0
1542,"farrell_rasher_2026","Gulf of Maine","Downeast_Little_Drisko_Island",6,"Downeast_Little_Drisko_Island 2023 5 10",2023,9,5,44.4823,-67.6669,"Alaria esculenta","Random",1,0,NA,NA,0
1543,"farrell_rasher_2026","Gulf of Maine","Downeast_Little_Drisko_Island",6,"Downeast_Little_Drisko_Island 2023 5 10",2023,9,5,44.4823,-67.6669,"Laminaria digitata","Random",1,20,NA,NA,1.125
1544,"farrell_rasher_2026","Gulf of Maine","Downeast_Little_Drisko_Island",6,"Downeast_Little_Drisko_Island 2023 5 10",2023,9,5,44.4823,-67.6669,"Saccharina latissima","Random",1,10,NA,NA,0.3
1545,"farrell_rasher_2026","Gulf of Maine","Downeast_Little_Drisko_Island",6,"Downeast_Little_Drisko_Island 2023 5 15",2023,9,5,44.4823,-67.6669,"Agarum clathratum","Random",1,0,NA,NA,0
1546,"farrell_rasher_2026","Gulf of Maine","Downeast_Little_Drisko_Island",6,"Downeast_Little_Drisko_Island 2023 5 15",2023,9,5,44.4823,-67.6669,"Alaria esculenta","Random",1,0,NA,NA,0
1547,"farrell_rasher_2026","Gulf of Maine","Downeast_Little_Drisko_Island",6,"Downeast_Little_Drisko_Island 2023 5 15",2023,9,5,44.4823,-67.6669,"Laminaria digitata","Random",1,50,NA,NA,1.1615
1548,"farrell_rasher_2026","Gulf of Maine","Downeast_Little_Drisko_Island",6,"Downeast_Little_Drisko_Island 2023 5 15",2023,9,5,44.4823,-67.6669,"Saccharina latissima","Random",1,20,NA,NA,0.53607
1549,"farrell_rasher_2026","Gulf of Maine","Downeast_Little_Drisko_Island",6,"Downeast_Little_Drisko_Island 2023 5 20",2023,9,5,44.4823,-67.6669,"Agarum clathratum","Random",1,0,NA,NA,0
1550,"farrell_rasher_2026","Gulf of Maine","Downeast_Little_Drisko_Island",6,"Downeast_Little_Drisko_Island 2023 5 20",2023,9,5,44.4823,-67.6669,"Alaria esculenta","Random",1,0,NA,NA,0
1551,"farrell_rasher_2026","Gulf of Maine","Downeast_Little_Drisko_Island",6,"Downeast_Little_Drisko_Island 2023 5 20",2023,9,5,44.4823,-67.6669,"Laminaria digitata","Random",1,40,NA,NA,2.455
1552,"farrell_rasher_2026","Gulf of Maine","Downeast_Little_Drisko_Island",6,"Downeast_Little_Drisko_Island 2023 5 20",2023,9,5,44.4823,-67.6669,"Saccharina latissima","Random",1,0,NA,NA,0.06249
1553,"farrell_rasher_2026","Gulf of Maine","Downeast_Little_Drisko_Island",6,"Downeast_Little_Drisko_Island 2023 5 25",2023,9,5,44.4823,-67.6669,"Agarum clathratum","Random",1,0,NA,NA,NA
1554,"farrell_rasher_2026","Gulf of Maine","Downeast_Little_Drisko_Island",6,"Downeast_Little_Drisko_Island 2023 5 25",2023,9,5,44.4823,-67.6669,"Alaria esculenta","Random",1,0,NA,NA,NA
1555,"farrell_rasher_2026","Gulf of Maine","Downeast_Little_Drisko_Island",6,"Downeast_Little_Drisko_Island 2023 5 25",2023,9,5,44.4823,-67.6669,"Laminaria digitata","Random",1,80,NA,NA,NA
1556,"farrell_rasher_2026","Gulf of Maine","Downeast_Little_Drisko_Island",6,"Downeast_Little_Drisko_Island 2023 5 25",2023,9,5,44.4823,-67.6669,"Saccharina latissima","Random",1,5,NA,NA,NA
1557,"farrell_rasher_2026","Gulf of Maine","Downeast_Little_Drisko_Island",6,"Downeast_Little_Drisko_Island 2023 5 30",2023,9,5,44.4823,-67.6669,"Agarum clathratum","Random",1,0,NA,NA,NA
1558,"farrell_rasher_2026","Gulf of Maine","Downeast_Little_Drisko_Island",6,"Downeast_Little_Drisko_Island 2023 5 30",2023,9,5,44.4823,-67.6669,"Alaria esculenta","Random",1,0,NA,NA,NA
1559,"farrell_rasher_2026","Gulf of Maine","Downeast_Little_Drisko_Island",6,"Downeast_Little_Drisko_Island 2023 5 30",2023,9,5,44.4823,-67.6669,"Laminaria digitata","Random",1,20,NA,NA,NA
1560,"farrell_rasher_2026","Gulf of Maine","Downeast_Little_Drisko_Island",6,"Downeast_Little_Drisko_Island 2023 5 30",2023,9,5,44.4823,-67.6669,"Saccharina latissima","Random",1,20,NA,NA,NA
1561,"farrell_rasher_2026","Gulf of Maine","Downeast_Little_Drisko_Island",6,"Downeast_Little_Drisko_Island 2023 5 40",2023,9,5,44.4823,-67.6669,"Agarum clathratum","Random",1,5,NA,NA,NA
1562,"farrell_rasher_2026","Gulf of Maine","Downeast_Little_Drisko_Island",6,"Downeast_Little_Drisko_Island 2023 5 40",2023,9,5,44.4823,-67.6669,"Alaria esculenta","Random",1,0,NA,NA,NA
1563,"farrell_rasher_2026","Gulf of Maine","Downeast_Little_Drisko_Island",6,"Downeast_Little_Drisko_Island 2023 5 40",2023,9,5,44.4823,-67.6669,"Laminaria digitata","Random",1,10,NA,NA,NA
1564,"farrell_rasher_2026","Gulf of Maine","Downeast_Little_Drisko_Island",6,"Downeast_Little_Drisko_Island 2023 5 40",2023,9,5,44.4823,-67.6669,"Saccharina latissima","Random",1,10,NA,NA,NA
1565,"farrell_rasher_2026","Gulf of Maine","Downeast_Little_Drisko_Island",6,"Downeast_Little_Drisko_Island 2023 5 5",2023,9,5,44.4823,-67.6669,"Agarum clathratum","Random",1,0,NA,NA,0
1566,"farrell_rasher_2026","Gulf of Maine","Downeast_Little_Drisko_Island",6,"Downeast_Little_Drisko_Island 2023 5 5",2023,9,5,44.4823,-67.6669,"Alaria esculenta","Random",1,0,NA,NA,0
1567,"farrell_rasher_2026","Gulf of Maine","Downeast_Little_Drisko_Island",6,"Downeast_Little_Drisko_Island 2023 5 5",2023,9,5,44.4823,-67.6669,"Laminaria digitata","Random",1,60,NA,NA,2.765
1568,"farrell_rasher_2026","Gulf of Maine","Downeast_Little_Drisko_Island",6,"Downeast_Little_Drisko_Island 2023 5 5",2023,9,5,44.4823,-67.6669,"Saccharina latissima","Random",1,20,NA,NA,0.85
1569,"farrell_rasher_2026","Gulf of Maine","Downeast_Crumple_Island",6,"Downeast_Crumple_Island 2023 6 30",2023,9,6,44.4447,-67.5976,"Agarum clathratum","Random",1,0,NA,NA,NA
1570,"farrell_rasher_2026","Gulf of Maine","Downeast_Crumple_Island",6,"Downeast_Crumple_Island 2023 6 30",2023,9,6,44.4447,-67.5976,"Alaria esculenta","Random",1,0,NA,NA,NA
1571,"farrell_rasher_2026","Gulf of Maine","Downeast_Crumple_Island",6,"Downeast_Crumple_Island 2023 6 30",2023,9,6,44.4447,-67.5976,"Laminaria digitata","Random",1,30,NA,NA,NA
1572,"farrell_rasher_2026","Gulf of Maine","Downeast_Crumple_Island",6,"Downeast_Crumple_Island 2023 6 30",2023,9,6,44.4447,-67.5976,"Saccharina latissima","Random",1,50,NA,NA,NA
1573,"farrell_rasher_2026","Gulf of Maine","Downeast_Crumple_Island",6,"Downeast_Crumple_Island 2023 6 40",2023,9,6,44.4447,-67.5976,"Agarum clathratum","Random",1,0,NA,NA,NA
1574,"farrell_rasher_2026","Gulf of Maine","Downeast_Crumple_Island",6,"Downeast_Crumple_Island 2023 6 40",2023,9,6,44.4447,-67.5976,"Alaria esculenta","Random",1,0,NA,NA,NA
1575,"farrell_rasher_2026","Gulf of Maine","Downeast_Crumple_Island",6,"Downeast_Crumple_Island 2023 6 40",2023,9,6,44.4447,-67.5976,"Laminaria digitata","Random",1,10,NA,NA,NA
1576,"farrell_rasher_2026","Gulf of Maine","Downeast_Crumple_Island",6,"Downeast_Crumple_Island 2023 6 40",2023,9,6,44.4447,-67.5976,"Saccharina latissima","Random",1,20,NA,NA,NA
1577,"farrell_rasher_2026","Gulf of Maine","Downeast_Crumple_Island",6,"Downeast_Crumple_Island 2023 6 10",2023,9,6,44.4447,-67.5976,"Agarum clathratum","Random",1,0,NA,NA,0
1578,"farrell_rasher_2026","Gulf of Maine","Downeast_Crumple_Island",6,"Downeast_Crumple_Island 2023 6 10",2023,9,6,44.4447,-67.5976,"Alaria esculenta","Random",1,0,NA,NA,0
1579,"farrell_rasher_2026","Gulf of Maine","Downeast_Crumple_Island",6,"Downeast_Crumple_Island 2023 6 10",2023,9,6,44.4447,-67.5976,"Laminaria digitata","Random",1,30,NA,NA,1.695
1580,"farrell_rasher_2026","Gulf of Maine","Downeast_Crumple_Island",6,"Downeast_Crumple_Island 2023 6 10",2023,9,6,44.4447,-67.5976,"Saccharina latissima","Random",1,50,NA,NA,1.16
1581,"farrell_rasher_2026","Gulf of Maine","Downeast_Crumple_Island",6,"Downeast_Crumple_Island 2023 6 15",2023,9,6,44.4447,-67.5976,"Agarum clathratum","Random",1,0,NA,NA,0
1582,"farrell_rasher_2026","Gulf of Maine","Downeast_Crumple_Island",6,"Downeast_Crumple_Island 2023 6 15",2023,9,6,44.4447,-67.5976,"Alaria esculenta","Random",1,0,NA,NA,0
1583,"farrell_rasher_2026","Gulf of Maine","Downeast_Crumple_Island",6,"Downeast_Crumple_Island 2023 6 15",2023,9,6,44.4447,-67.5976,"Laminaria digitata","Random",1,20,NA,NA,0.20028
1584,"farrell_rasher_2026","Gulf of Maine","Downeast_Crumple_Island",6,"Downeast_Crumple_Island 2023 6 15",2023,9,6,44.4447,-67.5976,"Saccharina latissima","Random",1,30,NA,NA,0
1585,"farrell_rasher_2026","Gulf of Maine","Downeast_Crumple_Island",6,"Downeast_Crumple_Island 2023 6 20",2023,9,6,44.4447,-67.5976,"Agarum clathratum","Random",1,0,NA,NA,0
1586,"farrell_rasher_2026","Gulf of Maine","Downeast_Crumple_Island",6,"Downeast_Crumple_Island 2023 6 20",2023,9,6,44.4447,-67.5976,"Alaria esculenta","Random",1,0,NA,NA,0
1587,"farrell_rasher_2026","Gulf of Maine","Downeast_Crumple_Island",6,"Downeast_Crumple_Island 2023 6 20",2023,9,6,44.4447,-67.5976,"Laminaria digitata","Random",1,20,NA,NA,1.34
1588,"farrell_rasher_2026","Gulf of Maine","Downeast_Crumple_Island",6,"Downeast_Crumple_Island 2023 6 20",2023,9,6,44.4447,-67.5976,"Saccharina latissima","Random",1,0,NA,NA,0
1589,"farrell_rasher_2026","Gulf of Maine","Downeast_Crumple_Island",6,"Downeast_Crumple_Island 2023 6 25",2023,9,6,44.4447,-67.5976,"Agarum clathratum","Random",1,0,NA,NA,NA
1590,"farrell_rasher_2026","Gulf of Maine","Downeast_Crumple_Island",6,"Downeast_Crumple_Island 2023 6 25",2023,9,6,44.4447,-67.5976,"Alaria esculenta","Random",1,0,NA,NA,NA
1591,"farrell_rasher_2026","Gulf of Maine","Downeast_Crumple_Island",6,"Downeast_Crumple_Island 2023 6 25",2023,9,6,44.4447,-67.5976,"Laminaria digitata","Random",1,60,NA,NA,NA
1592,"farrell_rasher_2026","Gulf of Maine","Downeast_Crumple_Island",6,"Downeast_Crumple_Island 2023 6 25",2023,9,6,44.4447,-67.5976,"Saccharina latissima","Random",1,20,NA,NA,NA
1593,"farrell_rasher_2026","Gulf of Maine","Downeast_Crumple_Island",6,"Downeast_Crumple_Island 2023 6 35",2023,9,6,44.4447,-67.5976,"Agarum clathratum","Random",1,0,NA,NA,NA
1594,"farrell_rasher_2026","Gulf of Maine","Downeast_Crumple_Island",6,"Downeast_Crumple_Island 2023 6 35",2023,9,6,44.4447,-67.5976,"Alaria esculenta","Random",1,0,NA,NA,NA
1595,"farrell_rasher_2026","Gulf of Maine","Downeast_Crumple_Island",6,"Downeast_Crumple_Island 2023 6 35",2023,9,6,44.4447,-67.5976,"Laminaria digitata","Random",1,60,NA,NA,NA
1596,"farrell_rasher_2026","Gulf of Maine","Downeast_Crumple_Island",6,"Downeast_Crumple_Island 2023 6 35",2023,9,6,44.4447,-67.5976,"Saccharina latissima","Random",1,10,NA,NA,NA
1597,"farrell_rasher_2026","Gulf of Maine","Downeast_Crumple_Island",6,"Downeast_Crumple_Island 2023 6 5",2023,9,6,44.4447,-67.5976,"Agarum clathratum","Random",1,0,NA,NA,0
1598,"farrell_rasher_2026","Gulf of Maine","Downeast_Crumple_Island",6,"Downeast_Crumple_Island 2023 6 5",2023,9,6,44.4447,-67.5976,"Alaria esculenta","Random",1,0,NA,NA,0
1599,"farrell_rasher_2026","Gulf of Maine","Downeast_Crumple_Island",6,"Downeast_Crumple_Island 2023 6 5",2023,9,6,44.4447,-67.5976,"Laminaria digitata","Random",1,40,NA,NA,1.45
1600,"farrell_rasher_2026","Gulf of Maine","Downeast_Crumple_Island",6,"Downeast_Crumple_Island 2023 6 5",2023,9,6,44.4447,-67.5976,"Saccharina latissima","Random",1,50,NA,NA,2.87
1601,"farrell_rasher_2026","Gulf of Maine","Downeast_Great_Spruce_Island",6,"Downeast_Great_Spruce_Island 2023 6 10",2023,9,6,44.5562,-67.4914,"Agarum clathratum","Random",1,1,NA,NA,NA
1602,"farrell_rasher_2026","Gulf of Maine","Downeast_Great_Spruce_Island",6,"Downeast_Great_Spruce_Island 2023 6 10",2023,9,6,44.5562,-67.4914,"Alaria esculenta","Random",1,0,NA,NA,NA
1603,"farrell_rasher_2026","Gulf of Maine","Downeast_Great_Spruce_Island",6,"Downeast_Great_Spruce_Island 2023 6 10",2023,9,6,44.5562,-67.4914,"Laminaria digitata","Random",1,40,NA,NA,NA
1604,"farrell_rasher_2026","Gulf of Maine","Downeast_Great_Spruce_Island",6,"Downeast_Great_Spruce_Island 2023 6 10",2023,9,6,44.5562,-67.4914,"Saccharina latissima","Random",1,10,NA,NA,NA
1605,"farrell_rasher_2026","Gulf of Maine","Downeast_Great_Spruce_Island",6,"Downeast_Great_Spruce_Island 2023 6 20",2023,9,6,44.5562,-67.4914,"Agarum clathratum","Random",1,10,NA,NA,NA
1606,"farrell_rasher_2026","Gulf of Maine","Downeast_Great_Spruce_Island",6,"Downeast_Great_Spruce_Island 2023 6 20",2023,9,6,44.5562,-67.4914,"Alaria esculenta","Random",1,1,NA,NA,NA
1607,"farrell_rasher_2026","Gulf of Maine","Downeast_Great_Spruce_Island",6,"Downeast_Great_Spruce_Island 2023 6 20",2023,9,6,44.5562,-67.4914,"Laminaria digitata","Random",1,50,NA,NA,NA
1608,"farrell_rasher_2026","Gulf of Maine","Downeast_Great_Spruce_Island",6,"Downeast_Great_Spruce_Island 2023 6 20",2023,9,6,44.5562,-67.4914,"Saccharina latissima","Random",1,0,NA,NA,NA
1609,"farrell_rasher_2026","Gulf of Maine","Downeast_Great_Spruce_Island",6,"Downeast_Great_Spruce_Island 2023 6 30",2023,9,6,44.5562,-67.4914,"Agarum clathratum","Random",1,0,NA,NA,NA
1610,"farrell_rasher_2026","Gulf of Maine","Downeast_Great_Spruce_Island",6,"Downeast_Great_Spruce_Island 2023 6 30",2023,9,6,44.5562,-67.4914,"Alaria esculenta","Random",1,0,NA,NA,NA
1611,"farrell_rasher_2026","Gulf of Maine","Downeast_Great_Spruce_Island",6,"Downeast_Great_Spruce_Island 2023 6 30",2023,9,6,44.5562,-67.4914,"Laminaria digitata","Random",1,90,NA,NA,NA
1612,"farrell_rasher_2026","Gulf of Maine","Downeast_Great_Spruce_Island",6,"Downeast_Great_Spruce_Island 2023 6 30",2023,9,6,44.5562,-67.4914,"Saccharina latissima","Random",1,0,NA,NA,NA
1613,"farrell_rasher_2026","Gulf of Maine","Downeast_Great_Spruce_Island",6,"Downeast_Great_Spruce_Island 2023 6 40",2023,9,6,44.5562,-67.4914,"Agarum clathratum","Random",1,0,NA,NA,0
1614,"farrell_rasher_2026","Gulf of Maine","Downeast_Great_Spruce_Island",6,"Downeast_Great_Spruce_Island 2023 6 40",2023,9,6,44.5562,-67.4914,"Alaria esculenta","Random",1,1,NA,NA,0.00024
1615,"farrell_rasher_2026","Gulf of Maine","Downeast_Great_Spruce_Island",6,"Downeast_Great_Spruce_Island 2023 6 40",2023,9,6,44.5562,-67.4914,"Laminaria digitata","Random",1,50,NA,NA,1.36
1616,"farrell_rasher_2026","Gulf of Maine","Downeast_Great_Spruce_Island",6,"Downeast_Great_Spruce_Island 2023 6 40",2023,9,6,44.5562,-67.4914,"Saccharina latissima","Random",1,0,NA,NA,0
1617,"farrell_rasher_2026","Gulf of Maine","Downeast_Great_Spruce_Island",6,"Downeast_Great_Spruce_Island 2023 6 15",2023,9,6,44.5562,-67.4914,"Agarum clathratum","Random",1,0,NA,NA,NA
1618,"farrell_rasher_2026","Gulf of Maine","Downeast_Great_Spruce_Island",6,"Downeast_Great_Spruce_Island 2023 6 15",2023,9,6,44.5562,-67.4914,"Alaria esculenta","Random",1,0,NA,NA,NA
1619,"farrell_rasher_2026","Gulf of Maine","Downeast_Great_Spruce_Island",6,"Downeast_Great_Spruce_Island 2023 6 15",2023,9,6,44.5562,-67.4914,"Laminaria digitata","Random",1,80,NA,NA,NA
1620,"farrell_rasher_2026","Gulf of Maine","Downeast_Great_Spruce_Island",6,"Downeast_Great_Spruce_Island 2023 6 15",2023,9,6,44.5562,-67.4914,"Saccharina latissima","Random",1,0,NA,NA,NA
1621,"farrell_rasher_2026","Gulf of Maine","Downeast_Great_Spruce_Island",6,"Downeast_Great_Spruce_Island 2023 6 25",2023,9,6,44.5562,-67.4914,"Agarum clathratum","Random",1,1,NA,NA,0.0306
1622,"farrell_rasher_2026","Gulf of Maine","Downeast_Great_Spruce_Island",6,"Downeast_Great_Spruce_Island 2023 6 25",2023,9,6,44.5562,-67.4914,"Alaria esculenta","Random",1,5,NA,NA,0.00728
1623,"farrell_rasher_2026","Gulf of Maine","Downeast_Great_Spruce_Island",6,"Downeast_Great_Spruce_Island 2023 6 25",2023,9,6,44.5562,-67.4914,"Laminaria digitata","Random",1,60,NA,NA,1.14
1624,"farrell_rasher_2026","Gulf of Maine","Downeast_Great_Spruce_Island",6,"Downeast_Great_Spruce_Island 2023 6 25",2023,9,6,44.5562,-67.4914,"Saccharina latissima","Random",1,0,NA,NA,0
1625,"farrell_rasher_2026","Gulf of Maine","Downeast_Great_Spruce_Island",6,"Downeast_Great_Spruce_Island 2023 6 35",2023,9,6,44.5562,-67.4914,"Agarum clathratum","Random",1,0,NA,NA,0
1626,"farrell_rasher_2026","Gulf of Maine","Downeast_Great_Spruce_Island",6,"Downeast_Great_Spruce_Island 2023 6 35",2023,9,6,44.5562,-67.4914,"Alaria esculenta","Random",1,0,NA,NA,0
1627,"farrell_rasher_2026","Gulf of Maine","Downeast_Great_Spruce_Island",6,"Downeast_Great_Spruce_Island 2023 6 35",2023,9,6,44.5562,-67.4914,"Laminaria digitata","Random",1,80,NA,NA,2.98
1628,"farrell_rasher_2026","Gulf of Maine","Downeast_Great_Spruce_Island",6,"Downeast_Great_Spruce_Island 2023 6 35",2023,9,6,44.5562,-67.4914,"Saccharina latissima","Random",1,0,NA,NA,0
1629,"farrell_rasher_2026","Gulf of Maine","Downeast_Great_Spruce_Island",6,"Downeast_Great_Spruce_Island 2023 6 5",2023,9,6,44.5562,-67.4914,"Agarum clathratum","Random",1,0,NA,NA,NA
1630,"farrell_rasher_2026","Gulf of Maine","Downeast_Great_Spruce_Island",6,"Downeast_Great_Spruce_Island 2023 6 5",2023,9,6,44.5562,-67.4914,"Alaria esculenta","Random",1,0,NA,NA,NA
1631,"farrell_rasher_2026","Gulf of Maine","Downeast_Great_Spruce_Island",6,"Downeast_Great_Spruce_Island 2023 6 5",2023,9,6,44.5562,-67.4914,"Laminaria digitata","Random",1,20,NA,NA,NA
1632,"farrell_rasher_2026","Gulf of Maine","Downeast_Great_Spruce_Island",6,"Downeast_Great_Spruce_Island 2023 6 5",2023,9,6,44.5562,-67.4914,"Saccharina latissima","Random",1,5,NA,NA,NA
1633,"farrell_rasher_2026","Gulf of Maine","Downeast_Ram_Island",6,"Downeast_Ram_Island 2023 6 10",2023,9,6,44.5739,-67.3962,"Agarum clathratum","Random",1,5,NA,NA,NA
1634,"farrell_rasher_2026","Gulf of Maine","Downeast_Ram_Island",6,"Downeast_Ram_Island 2023 6 10",2023,9,6,44.5739,-67.3962,"Alaria esculenta","Random",1,0,NA,NA,NA
1635,"farrell_rasher_2026","Gulf of Maine","Downeast_Ram_Island",6,"Downeast_Ram_Island 2023 6 10",2023,9,6,44.5739,-67.3962,"Laminaria digitata","Random",1,30,NA,NA,NA
1636,"farrell_rasher_2026","Gulf of Maine","Downeast_Ram_Island",6,"Downeast_Ram_Island 2023 6 10",2023,9,6,44.5739,-67.3962,"Saccharina latissima","Random",1,5,NA,NA,NA
1637,"farrell_rasher_2026","Gulf of Maine","Downeast_Ram_Island",6,"Downeast_Ram_Island 2023 6 20",2023,9,6,44.5739,-67.3962,"Agarum clathratum","Random",1,0,NA,NA,NA
1638,"farrell_rasher_2026","Gulf of Maine","Downeast_Ram_Island",6,"Downeast_Ram_Island 2023 6 20",2023,9,6,44.5739,-67.3962,"Alaria esculenta","Random",1,1,NA,NA,NA
1639,"farrell_rasher_2026","Gulf of Maine","Downeast_Ram_Island",6,"Downeast_Ram_Island 2023 6 20",2023,9,6,44.5739,-67.3962,"Laminaria digitata","Random",1,20,NA,NA,NA
1640,"farrell_rasher_2026","Gulf of Maine","Downeast_Ram_Island",6,"Downeast_Ram_Island 2023 6 20",2023,9,6,44.5739,-67.3962,"Saccharina latissima","Random",1,5,NA,NA,NA
1641,"farrell_rasher_2026","Gulf of Maine","Downeast_Ram_Island",6,"Downeast_Ram_Island 2023 6 30",2023,9,6,44.5739,-67.3962,"Agarum clathratum","Random",1,0,NA,NA,0
1642,"farrell_rasher_2026","Gulf of Maine","Downeast_Ram_Island",6,"Downeast_Ram_Island 2023 6 30",2023,9,6,44.5739,-67.3962,"Alaria esculenta","Random",1,0,NA,NA,0
1643,"farrell_rasher_2026","Gulf of Maine","Downeast_Ram_Island",6,"Downeast_Ram_Island 2023 6 30",2023,9,6,44.5739,-67.3962,"Laminaria digitata","Random",1,70,NA,NA,3.265
1644,"farrell_rasher_2026","Gulf of Maine","Downeast_Ram_Island",6,"Downeast_Ram_Island 2023 6 30",2023,9,6,44.5739,-67.3962,"Saccharina latissima","Random",1,0,NA,NA,0
1645,"farrell_rasher_2026","Gulf of Maine","Downeast_Ram_Island",6,"Downeast_Ram_Island 2023 6 40",2023,9,6,44.5739,-67.3962,"Agarum clathratum","Random",1,0,NA,NA,0
1646,"farrell_rasher_2026","Gulf of Maine","Downeast_Ram_Island",6,"Downeast_Ram_Island 2023 6 40",2023,9,6,44.5739,-67.3962,"Alaria esculenta","Random",1,0,NA,NA,0
1647,"farrell_rasher_2026","Gulf of Maine","Downeast_Ram_Island",6,"Downeast_Ram_Island 2023 6 40",2023,9,6,44.5739,-67.3962,"Laminaria digitata","Random",1,95,NA,NA,10.3
1648,"farrell_rasher_2026","Gulf of Maine","Downeast_Ram_Island",6,"Downeast_Ram_Island 2023 6 40",2023,9,6,44.5739,-67.3962,"Saccharina latissima","Random",1,0,NA,NA,0
1649,"farrell_rasher_2026","Gulf of Maine","Downeast_Ram_Island",6,"Downeast_Ram_Island 2023 6 15",2023,9,6,44.5739,-67.3962,"Agarum clathratum","Random",1,0,NA,NA,NA
1650,"farrell_rasher_2026","Gulf of Maine","Downeast_Ram_Island",6,"Downeast_Ram_Island 2023 6 15",2023,9,6,44.5739,-67.3962,"Alaria esculenta","Random",1,0,NA,NA,NA
1651,"farrell_rasher_2026","Gulf of Maine","Downeast_Ram_Island",6,"Downeast_Ram_Island 2023 6 15",2023,9,6,44.5739,-67.3962,"Laminaria digitata","Random",1,50,NA,NA,NA
1652,"farrell_rasher_2026","Gulf of Maine","Downeast_Ram_Island",6,"Downeast_Ram_Island 2023 6 15",2023,9,6,44.5739,-67.3962,"Saccharina latissima","Random",1,0,NA,NA,NA
1653,"farrell_rasher_2026","Gulf of Maine","Downeast_Ram_Island",6,"Downeast_Ram_Island 2023 6 25",2023,9,6,44.5739,-67.3962,"Agarum clathratum","Random",1,0,NA,NA,0
1654,"farrell_rasher_2026","Gulf of Maine","Downeast_Ram_Island",6,"Downeast_Ram_Island 2023 6 25",2023,9,6,44.5739,-67.3962,"Alaria esculenta","Random",1,0,NA,NA,0
1655,"farrell_rasher_2026","Gulf of Maine","Downeast_Ram_Island",6,"Downeast_Ram_Island 2023 6 25",2023,9,6,44.5739,-67.3962,"Laminaria digitata","Random",1,60,NA,NA,4.85
1656,"farrell_rasher_2026","Gulf of Maine","Downeast_Ram_Island",6,"Downeast_Ram_Island 2023 6 25",2023,9,6,44.5739,-67.3962,"Saccharina latissima","Random",1,0,NA,NA,0
1657,"farrell_rasher_2026","Gulf of Maine","Downeast_Ram_Island",6,"Downeast_Ram_Island 2023 6 35",2023,9,6,44.5739,-67.3962,"Agarum clathratum","Random",1,0,NA,NA,0
1658,"farrell_rasher_2026","Gulf of Maine","Downeast_Ram_Island",6,"Downeast_Ram_Island 2023 6 35",2023,9,6,44.5739,-67.3962,"Alaria esculenta","Random",1,0,NA,NA,0
1659,"farrell_rasher_2026","Gulf of Maine","Downeast_Ram_Island",6,"Downeast_Ram_Island 2023 6 35",2023,9,6,44.5739,-67.3962,"Laminaria digitata","Random",1,100,NA,NA,13.3
1660,"farrell_rasher_2026","Gulf of Maine","Downeast_Ram_Island",6,"Downeast_Ram_Island 2023 6 35",2023,9,6,44.5739,-67.3962,"Saccharina latissima","Random",1,0,NA,NA,0
1661,"farrell_rasher_2026","Gulf of Maine","Downeast_Ram_Island",6,"Downeast_Ram_Island 2023 6 5",2023,9,6,44.5739,-67.3962,"Agarum clathratum","Random",1,0,NA,NA,NA
1662,"farrell_rasher_2026","Gulf of Maine","Downeast_Ram_Island",6,"Downeast_Ram_Island 2023 6 5",2023,9,6,44.5739,-67.3962,"Alaria esculenta","Random",1,0,NA,NA,NA
1663,"farrell_rasher_2026","Gulf of Maine","Downeast_Ram_Island",6,"Downeast_Ram_Island 2023 6 5",2023,9,6,44.5739,-67.3962,"Laminaria digitata","Random",1,70,NA,NA,NA
1664,"farrell_rasher_2026","Gulf of Maine","Downeast_Ram_Island",6,"Downeast_Ram_Island 2023 6 5",2023,9,6,44.5739,-67.3962,"Saccharina latissima","Random",1,0,NA,NA,NA
1665,"farrell_rasher_2026","Gulf of Maine","Downeast_Flint_Island",6,"Downeast_Flint_Island 2023 8 30",2023,9,8,44.4718,-67.7859,"Agarum clathratum","Random",1,0,NA,NA,NA
1666,"farrell_rasher_2026","Gulf of Maine","Downeast_Flint_Island",6,"Downeast_Flint_Island 2023 8 30",2023,9,8,44.4718,-67.7859,"Alaria esculenta","Random",1,0,NA,NA,NA
1667,"farrell_rasher_2026","Gulf of Maine","Downeast_Flint_Island",6,"Downeast_Flint_Island 2023 8 30",2023,9,8,44.4718,-67.7859,"Laminaria digitata","Random",1,20,NA,NA,NA
1668,"farrell_rasher_2026","Gulf of Maine","Downeast_Flint_Island",6,"Downeast_Flint_Island 2023 8 30",2023,9,8,44.4718,-67.7859,"Saccharina latissima","Random",1,30,NA,NA,NA
1669,"farrell_rasher_2026","Gulf of Maine","Downeast_Flint_Island",6,"Downeast_Flint_Island 2023 8 40",2023,9,8,44.4718,-67.7859,"Agarum clathratum","Random",1,5,NA,NA,NA
1670,"farrell_rasher_2026","Gulf of Maine","Downeast_Flint_Island",6,"Downeast_Flint_Island 2023 8 40",2023,9,8,44.4718,-67.7859,"Alaria esculenta","Random",1,0,NA,NA,NA
1671,"farrell_rasher_2026","Gulf of Maine","Downeast_Flint_Island",6,"Downeast_Flint_Island 2023 8 40",2023,9,8,44.4718,-67.7859,"Laminaria digitata","Random",1,10,NA,NA,NA
1672,"farrell_rasher_2026","Gulf of Maine","Downeast_Flint_Island",6,"Downeast_Flint_Island 2023 8 40",2023,9,8,44.4718,-67.7859,"Saccharina latissima","Random",1,40,NA,NA,NA
1673,"farrell_rasher_2026","Gulf of Maine","Downeast_Flint_Island",6,"Downeast_Flint_Island 2023 8 10",2023,9,8,44.4718,-67.7859,"Agarum clathratum","Random",1,0,NA,NA,0
1674,"farrell_rasher_2026","Gulf of Maine","Downeast_Flint_Island",6,"Downeast_Flint_Island 2023 8 10",2023,9,8,44.4718,-67.7859,"Alaria esculenta","Random",1,0,NA,NA,0
1675,"farrell_rasher_2026","Gulf of Maine","Downeast_Flint_Island",6,"Downeast_Flint_Island 2023 8 10",2023,9,8,44.4718,-67.7859,"Laminaria digitata","Random",1,5,NA,NA,0.19998
1676,"farrell_rasher_2026","Gulf of Maine","Downeast_Flint_Island",6,"Downeast_Flint_Island 2023 8 10",2023,9,8,44.4718,-67.7859,"Saccharina latissima","Random",1,60,NA,NA,0.84
1677,"farrell_rasher_2026","Gulf of Maine","Downeast_Flint_Island",6,"Downeast_Flint_Island 2023 8 15",2023,9,8,44.4718,-67.7859,"Agarum clathratum","Random",1,0,NA,NA,0
1678,"farrell_rasher_2026","Gulf of Maine","Downeast_Flint_Island",6,"Downeast_Flint_Island 2023 8 15",2023,9,8,44.4718,-67.7859,"Alaria esculenta","Random",1,0,NA,NA,0
1679,"farrell_rasher_2026","Gulf of Maine","Downeast_Flint_Island",6,"Downeast_Flint_Island 2023 8 15",2023,9,8,44.4718,-67.7859,"Laminaria digitata","Random",1,30,NA,NA,1.795
1680,"farrell_rasher_2026","Gulf of Maine","Downeast_Flint_Island",6,"Downeast_Flint_Island 2023 8 15",2023,9,8,44.4718,-67.7859,"Saccharina latissima","Random",1,50,NA,NA,0.665
1681,"farrell_rasher_2026","Gulf of Maine","Downeast_Flint_Island",6,"Downeast_Flint_Island 2023 8 20",2023,9,8,44.4718,-67.7859,"Agarum clathratum","Random",1,0,NA,NA,NA
1682,"farrell_rasher_2026","Gulf of Maine","Downeast_Flint_Island",6,"Downeast_Flint_Island 2023 8 20",2023,9,8,44.4718,-67.7859,"Alaria esculenta","Random",1,0,NA,NA,NA
1683,"farrell_rasher_2026","Gulf of Maine","Downeast_Flint_Island",6,"Downeast_Flint_Island 2023 8 20",2023,9,8,44.4718,-67.7859,"Laminaria digitata","Random",1,5,NA,NA,NA
1684,"farrell_rasher_2026","Gulf of Maine","Downeast_Flint_Island",6,"Downeast_Flint_Island 2023 8 20",2023,9,8,44.4718,-67.7859,"Saccharina latissima","Random",1,60,NA,NA,NA
1685,"farrell_rasher_2026","Gulf of Maine","Downeast_Flint_Island",6,"Downeast_Flint_Island 2023 8 25",2023,9,8,44.4718,-67.7859,"Agarum clathratum","Random",1,0,NA,NA,NA
1686,"farrell_rasher_2026","Gulf of Maine","Downeast_Flint_Island",6,"Downeast_Flint_Island 2023 8 25",2023,9,8,44.4718,-67.7859,"Alaria esculenta","Random",1,0,NA,NA,NA
1687,"farrell_rasher_2026","Gulf of Maine","Downeast_Flint_Island",6,"Downeast_Flint_Island 2023 8 25",2023,9,8,44.4718,-67.7859,"Laminaria digitata","Random",1,5,NA,NA,NA
1688,"farrell_rasher_2026","Gulf of Maine","Downeast_Flint_Island",6,"Downeast_Flint_Island 2023 8 25",2023,9,8,44.4718,-67.7859,"Saccharina latissima","Random",1,30,NA,NA,NA
1689,"farrell_rasher_2026","Gulf of Maine","Downeast_Flint_Island",6,"Downeast_Flint_Island 2023 8 35",2023,9,8,44.4718,-67.7859,"Agarum clathratum","Random",1,0,NA,NA,NA
1690,"farrell_rasher_2026","Gulf of Maine","Downeast_Flint_Island",6,"Downeast_Flint_Island 2023 8 35",2023,9,8,44.4718,-67.7859,"Alaria esculenta","Random",1,0,NA,NA,NA
1691,"farrell_rasher_2026","Gulf of Maine","Downeast_Flint_Island",6,"Downeast_Flint_Island 2023 8 35",2023,9,8,44.4718,-67.7859,"Laminaria digitata","Random",1,20,NA,NA,NA
1692,"farrell_rasher_2026","Gulf of Maine","Downeast_Flint_Island",6,"Downeast_Flint_Island 2023 8 35",2023,9,8,44.4718,-67.7859,"Saccharina latissima","Random",1,20,NA,NA,NA
1693,"farrell_rasher_2026","Gulf of Maine","Downeast_Flint_Island",6,"Downeast_Flint_Island 2023 8 5",2023,9,8,44.4718,-67.7859,"Agarum clathratum","Random",1,0,NA,NA,0
1694,"farrell_rasher_2026","Gulf of Maine","Downeast_Flint_Island",6,"Downeast_Flint_Island 2023 8 5",2023,9,8,44.4718,-67.7859,"Alaria esculenta","Random",1,0,NA,NA,0
1695,"farrell_rasher_2026","Gulf of Maine","Downeast_Flint_Island",6,"Downeast_Flint_Island 2023 8 5",2023,9,8,44.4718,-67.7859,"Laminaria digitata","Random",1,40,NA,NA,0.835
1696,"farrell_rasher_2026","Gulf of Maine","Downeast_Flint_Island",6,"Downeast_Flint_Island 2023 8 5",2023,9,8,44.4718,-67.7859,"Saccharina latissima","Random",1,50,NA,NA,1.26
1697,"farrell_rasher_2026","Gulf of Maine","Downeast_Petit_Manan_Island",6,"Downeast_Petit_Manan_Island 2023 8 10",2023,9,8,44.3641,-67.8685,"Agarum clathratum","Random",1,0,NA,NA,0
1698,"farrell_rasher_2026","Gulf of Maine","Downeast_Petit_Manan_Island",6,"Downeast_Petit_Manan_Island 2023 8 10",2023,9,8,44.3641,-67.8685,"Alaria esculenta","Random",1,0,NA,NA,0
1699,"farrell_rasher_2026","Gulf of Maine","Downeast_Petit_Manan_Island",6,"Downeast_Petit_Manan_Island 2023 8 10",2023,9,8,44.3641,-67.8685,"Laminaria digitata","Random",1,0,NA,NA,4.32
1700,"farrell_rasher_2026","Gulf of Maine","Downeast_Petit_Manan_Island",6,"Downeast_Petit_Manan_Island 2023 8 10",2023,9,8,44.3641,-67.8685,"Saccharina latissima","Random",1,80,NA,NA,0
1701,"farrell_rasher_2026","Gulf of Maine","Downeast_Petit_Manan_Island",6,"Downeast_Petit_Manan_Island 2023 8 20",2023,9,8,44.3641,-67.8685,"Agarum clathratum","Random",1,0,NA,NA,NA
1702,"farrell_rasher_2026","Gulf of Maine","Downeast_Petit_Manan_Island",6,"Downeast_Petit_Manan_Island 2023 8 20",2023,9,8,44.3641,-67.8685,"Alaria esculenta","Random",1,0,NA,NA,NA
1703,"farrell_rasher_2026","Gulf of Maine","Downeast_Petit_Manan_Island",6,"Downeast_Petit_Manan_Island 2023 8 20",2023,9,8,44.3641,-67.8685,"Laminaria digitata","Random",1,0,NA,NA,NA
1704,"farrell_rasher_2026","Gulf of Maine","Downeast_Petit_Manan_Island",6,"Downeast_Petit_Manan_Island 2023 8 20",2023,9,8,44.3641,-67.8685,"Saccharina latissima","Random",1,80,NA,NA,NA
1705,"farrell_rasher_2026","Gulf of Maine","Downeast_Petit_Manan_Island",6,"Downeast_Petit_Manan_Island 2023 8 30",2023,9,8,44.3641,-67.8685,"Agarum clathratum","Random",1,0,NA,NA,NA
1706,"farrell_rasher_2026","Gulf of Maine","Downeast_Petit_Manan_Island",6,"Downeast_Petit_Manan_Island 2023 8 30",2023,9,8,44.3641,-67.8685,"Alaria esculenta","Random",1,0,NA,NA,NA
1707,"farrell_rasher_2026","Gulf of Maine","Downeast_Petit_Manan_Island",6,"Downeast_Petit_Manan_Island 2023 8 30",2023,9,8,44.3641,-67.8685,"Laminaria digitata","Random",1,0,NA,NA,NA
1708,"farrell_rasher_2026","Gulf of Maine","Downeast_Petit_Manan_Island",6,"Downeast_Petit_Manan_Island 2023 8 30",2023,9,8,44.3641,-67.8685,"Saccharina latissima","Random",1,80,NA,NA,NA
1709,"farrell_rasher_2026","Gulf of Maine","Downeast_Petit_Manan_Island",6,"Downeast_Petit_Manan_Island 2023 8 40",2023,9,8,44.3641,-67.8685,"Agarum clathratum","Random",1,0,NA,NA,NA
1710,"farrell_rasher_2026","Gulf of Maine","Downeast_Petit_Manan_Island",6,"Downeast_Petit_Manan_Island 2023 8 40",2023,9,8,44.3641,-67.8685,"Alaria esculenta","Random",1,0,NA,NA,NA
1711,"farrell_rasher_2026","Gulf of Maine","Downeast_Petit_Manan_Island",6,"Downeast_Petit_Manan_Island 2023 8 40",2023,9,8,44.3641,-67.8685,"Laminaria digitata","Random",1,0,NA,NA,NA
1712,"farrell_rasher_2026","Gulf of Maine","Downeast_Petit_Manan_Island",6,"Downeast_Petit_Manan_Island 2023 8 40",2023,9,8,44.3641,-67.8685,"Saccharina latissima","Random",1,100,NA,NA,NA
1713,"farrell_rasher_2026","Gulf of Maine","Downeast_Petit_Manan_Island",6,"Downeast_Petit_Manan_Island 2023 8 15",2023,9,8,44.3641,-67.8685,"Agarum clathratum","Random",1,5,NA,NA,NA
1714,"farrell_rasher_2026","Gulf of Maine","Downeast_Petit_Manan_Island",6,"Downeast_Petit_Manan_Island 2023 8 15",2023,9,8,44.3641,-67.8685,"Alaria esculenta","Random",1,0,NA,NA,NA
1715,"farrell_rasher_2026","Gulf of Maine","Downeast_Petit_Manan_Island",6,"Downeast_Petit_Manan_Island 2023 8 15",2023,9,8,44.3641,-67.8685,"Laminaria digitata","Random",1,80,NA,NA,NA
1716,"farrell_rasher_2026","Gulf of Maine","Downeast_Petit_Manan_Island",6,"Downeast_Petit_Manan_Island 2023 8 15",2023,9,8,44.3641,-67.8685,"Saccharina latissima","Random",1,0,NA,NA,NA
1717,"farrell_rasher_2026","Gulf of Maine","Downeast_Petit_Manan_Island",6,"Downeast_Petit_Manan_Island 2023 8 25",2023,9,8,44.3641,-67.8685,"Agarum clathratum","Random",1,0,NA,NA,0
1718,"farrell_rasher_2026","Gulf of Maine","Downeast_Petit_Manan_Island",6,"Downeast_Petit_Manan_Island 2023 8 25",2023,9,8,44.3641,-67.8685,"Alaria esculenta","Random",1,0,NA,NA,0
1719,"farrell_rasher_2026","Gulf of Maine","Downeast_Petit_Manan_Island",6,"Downeast_Petit_Manan_Island 2023 8 25",2023,9,8,44.3641,-67.8685,"Laminaria digitata","Random",1,60,NA,NA,4.855
1720,"farrell_rasher_2026","Gulf of Maine","Downeast_Petit_Manan_Island",6,"Downeast_Petit_Manan_Island 2023 8 25",2023,9,8,44.3641,-67.8685,"Saccharina latissima","Random",1,0,NA,NA,0
1721,"farrell_rasher_2026","Gulf of Maine","Downeast_Petit_Manan_Island",6,"Downeast_Petit_Manan_Island 2023 8 35",2023,9,8,44.3641,-67.8685,"Agarum clathratum","Random",1,0,NA,NA,0
1722,"farrell_rasher_2026","Gulf of Maine","Downeast_Petit_Manan_Island",6,"Downeast_Petit_Manan_Island 2023 8 35",2023,9,8,44.3641,-67.8685,"Alaria esculenta","Random",1,0,NA,NA,0
1723,"farrell_rasher_2026","Gulf of Maine","Downeast_Petit_Manan_Island",6,"Downeast_Petit_Manan_Island 2023 8 35",2023,9,8,44.3641,-67.8685,"Laminaria digitata","Random",1,99,NA,NA,4.945
1724,"farrell_rasher_2026","Gulf of Maine","Downeast_Petit_Manan_Island",6,"Downeast_Petit_Manan_Island 2023 8 35",2023,9,8,44.3641,-67.8685,"Saccharina latissima","Random",1,0,NA,NA,0
1725,"farrell_rasher_2026","Gulf of Maine","Downeast_Petit_Manan_Island",6,"Downeast_Petit_Manan_Island 2023 8 5",2023,9,8,44.3641,-67.8685,"Agarum clathratum","Random",1,5,NA,NA,NA
1726,"farrell_rasher_2026","Gulf of Maine","Downeast_Petit_Manan_Island",6,"Downeast_Petit_Manan_Island 2023 8 5",2023,9,8,44.3641,-67.8685,"Alaria esculenta","Random",1,0,NA,NA,NA
1727,"farrell_rasher_2026","Gulf of Maine","Downeast_Petit_Manan_Island",6,"Downeast_Petit_Manan_Island 2023 8 5",2023,9,8,44.3641,-67.8685,"Laminaria digitata","Random",1,80,NA,NA,NA
1728,"farrell_rasher_2026","Gulf of Maine","Downeast_Petit_Manan_Island",6,"Downeast_Petit_Manan_Island 2023 8 5",2023,9,8,44.3641,-67.8685,"Saccharina latissima","Random",1,0,NA,NA,NA
