"Entry","Study","Region","Site","Depth.m","Sample.ID","Sample.Year","Sample.Month","Sample.Day","Latitude","Longitude","Taxon","Fixed.or.Random","Sample.Unit.Size.sq.m","Percent.Cover","Stipe.Density.num.per.sq.m","Individual.Density.num.per.sq.m","Biomass.kg.wet.per.sq.m"
1,"hubline",NA,"Site29",10,"Site29-2-92-1",2006,6,14,42.34382,-70.90657,"Laminaria sp.","Random",1,"0.5",1,NA,NA
2,"hubline",NA,"Site29",10,"Site29-2-93-1",2006,6,14,42.34382,-70.90657,"Laminaria sp.","Random",1,"15",1,NA,NA
3,"hubline",NA,"Site29",10,"Site29-2-94-1",2006,6,14,42.34382,-70.90657,"Laminaria sp.","Random",1,"0.5",3,NA,NA
4,"hubline",NA,"Site29",10,"Site29-2-97-1",2006,6,14,42.34382,-70.90657,"Laminaria sp.","Random",1,"0.5",2,NA,NA
5,"hubline",NA,"Site29",10,"Site29-2-99-1",2006,6,14,42.34382,-70.90657,"Laminaria sp.","Random",1,"0.5",1,NA,NA
6,"hubline",NA,"Site29",10,"Site29-2-106-1",2006,6,14,42.34382,-70.90657,"Laminaria sp.","Random",1,"1",2,NA,NA
7,"hubline",NA,"NatReef",10,"NatReef-1-209-1",2006,7,6,42.33844,-70.912625,"Laminaria sp.","Random",1,"5",20,NA,NA
8,"hubline",NA,"NatReef",10,"NatReef-1-210-1",2006,7,6,42.33844,-70.912625,"Laminaria sp.","Random",1,"18",11,NA,NA
9,"hubline",NA,"NatReef",10,"NatReef-1-211-1",2006,7,6,42.33844,-70.912625,"Laminaria sp.","Random",1,"12",22,NA,NA
10,"hubline",NA,"NatReef",10,"NatReef-1-212-1",2006,7,6,42.33844,-70.912625,"Laminaria sp.","Random",1,"30",14,NA,NA
11,"hubline",NA,"NatReef",10,"NatReef-1-213-1",2006,7,6,42.33844,-70.912625,"Laminaria sp.","Random",1,"30",19,NA,NA
12,"hubline",NA,"NatReef",10,"NatReef-1-214-1",2006,7,5,42.33844,-70.912625,"Laminaria sp.","Random",1,"25",10,NA,NA
13,"hubline",NA,"NatReef",10,"NatReef-1-215-1",2006,7,5,42.33844,-70.912625,"Laminaria sp.","Random",1,"2",5,NA,NA
14,"hubline",NA,"NatReef",10,"NatReef-1-216-1",2006,7,5,42.33844,-70.912625,"Laminaria sp.","Random",1,"5",2,NA,NA
15,"hubline",NA,"NatReef",10,"NatReef-1-217-1",2006,7,5,42.33844,-70.912625,"Laminaria sp.","Random",1,"3",14,NA,NA
16,"hubline",NA,"NatReef",10,"NatReef-1-218-1",2006,7,5,42.33844,-70.912625,"Laminaria sp.","Random",1,"2",8,NA,NA
17,"hubline",NA,"NatReef",10,"NatReef-1-219-1",2006,7,5,42.33844,-70.912625,"Laminaria sp.","Random",1,"10",3,NA,NA
18,"hubline",NA,"NatReef",10,"NatReef-1-220-1",2006,7,5,42.33844,-70.912625,"Laminaria sp.","Random",1,"35",6,NA,NA
19,"hubline",NA,"NatReef",10,"NatReef-1-221-1",2006,7,5,42.33844,-70.912625,"Laminaria sp.","Random",1,"10",4,NA,NA
20,"hubline",NA,"NatReef",10,"NatReef-1-222-1",2006,7,5,42.33844,-70.912625,"Laminaria sp.","Random",1,"18",4,NA,NA
21,"hubline",NA,"NatReef",10,"NatReef-1-223-1",2006,7,5,42.33844,-70.912625,"Laminaria sp.","Random",1,"7",9,NA,NA
22,"hubline",NA,"NatReef",10,"NatReef-1-224-1",2006,7,5,42.33844,-70.912625,"Laminaria sp.","Random",1,"5",5,NA,NA
23,"hubline",NA,"HublineFill",10,"HublineFill-1-225-1",2006,7,5,42.3437,-70.90597,"Laminaria sp.","Random",1,"3",4,NA,NA
24,"hubline",NA,"HublineFill",10,"HublineFill-1-226-1",2006,7,5,42.3437,-70.90597,"Laminaria sp.","Random",1,"30",2,NA,NA
25,"hubline",NA,"HublineFill",10,"HublineFill-1-227-1",2006,7,5,42.3437,-70.90597,"Laminaria sp.","Random",1,"15",2,NA,NA
26,"hubline",NA,"HublineFill",10,"HublineFill-1-228-1",2006,7,5,42.3437,-70.90597,"Laminaria sp.","Random",1,"5",2,NA,NA
27,"hubline",NA,"HublineFill",10,"HublineFill-1-229-1",2006,7,5,42.3437,-70.90597,"Laminaria sp.","Random",1,"15",1,NA,NA
28,"hubline",NA,"HublineFill",10,"HublineFill-1-230-1",2006,7,6,42.3437,-70.90597,"Laminaria sp.","Random",1,"7",48,NA,NA
29,"hubline",NA,"HublineFill",10,"HublineFill-1-231-1",2006,7,6,42.3437,-70.90597,"Laminaria sp.","Random",1,"8",18,NA,NA
30,"hubline",NA,"HublineFill",10,"HublineFill-1-233-1",2006,7,6,42.3437,-70.90597,"Laminaria sp.","Random",1,"25",8,NA,NA
31,"hubline",NA,"HublineFill",10,"HublineFill-1-234-1",2006,7,6,42.3437,-70.90597,"Laminaria sp.","Random",1,"35",9,NA,NA
32,"hubline",NA,"HublineFill",10,"HublineFill-1-235-1",2006,7,6,42.3437,-70.90597,"Laminaria sp.","Random",1,"50",16,NA,NA
33,"hubline",NA,"HublineFill",10,"HublineFill-1-236-1",2006,7,6,42.3437,-70.90597,"Laminaria sp.","Random",1,"40",16,NA,NA
34,"hubline",NA,"HublineFill",10,"HublineFill-1-237-1",2006,7,6,42.3437,-70.90597,"Laminaria sp.","Random",1,"35",9,NA,NA
35,"hubline",NA,"HublineFill",10,"HublineFill-1-238-1",2006,7,6,42.3437,-70.90597,"Laminaria sp.","Random",1,"20",10,NA,NA
36,"hubline",NA,"HublineFill",10,"HublineFill-1-239-1",2006,7,6,42.3437,-70.90597,"Laminaria sp.","Random",1,"20",18,NA,NA
37,"hubline",NA,"HublineFill",10,"HublineFill-3-257-1",2006,7,18,42.342945,-70.90664,"Laminaria sp.","Random",1,"1",12,NA,NA
38,"hubline",NA,"HublineFill",10,"HublineFill-3-258-1",2006,7,18,42.342945,-70.90664,"Laminaria sp.","Random",1,"1",9,NA,NA
39,"hubline",NA,"HublineFill",10,"HublineFill-3-259-1",2006,7,18,42.342945,-70.90664,"Laminaria sp.","Random",1,"1",8,NA,NA
40,"hubline",NA,"HublineFill",10,"HublineFill-3-260-1",2006,7,18,42.342945,-70.90664,"Laminaria sp.","Random",1,"0.5",1,NA,NA
41,"hubline",NA,"HublineFill",10,"HublineFill-3-261-1",2006,7,18,42.342945,-70.90664,"Laminaria sp.","Random",1,"0.5",3,NA,NA
42,"hubline",NA,"HublineFill",10,"HublineFill-3-262-1",2006,7,18,42.342945,-70.90664,"Laminaria sp.","Random",1,"0.5",2,NA,NA
43,"hubline",NA,"HublineFill",10,"HublineFill-3-263-1",2006,7,18,42.342945,-70.90664,"Laminaria sp.","Random",1,"0.5",9,NA,NA
44,"hubline",NA,"HublineFill",10,"HublineFill-3-264-1",2006,7,18,42.342945,-70.90664,"Laminaria sp.","Random",1,"2",7,NA,NA
45,"hubline",NA,"HublineFill",10,"HublineFill-3-265-1",2006,7,18,42.342945,-70.90664,"Laminaria sp.","Random",1,"0.5",10,NA,NA
46,"hubline",NA,"HublineFill",10,"HublineFill-3-266-1",2006,7,18,42.342945,-70.90664,"Laminaria sp.","Random",1,"0.5",9,NA,NA
47,"hubline",NA,"HublineFill",10,"HublineFill-3-267-1",2006,7,18,42.342945,-70.90664,"Laminaria sp.","Random",1,"0.5",2,NA,NA
48,"hubline",NA,"HublineFill",10,"HublineFill-3-268-1",2006,7,18,42.342945,-70.90664,"Laminaria sp.","Random",1,"0.5",4,NA,NA
49,"hubline",NA,"HublineFill",10,"HublineFill-3-269-1",2006,7,18,42.342945,-70.90664,"Laminaria sp.","Random",1,"0.5",12,NA,NA
50,"hubline",NA,"HublineFill",10,"HublineFill-3-270-1",2006,7,18,42.342945,-70.90664,"Laminaria sp.","Random",1,"0.5",16,NA,NA
51,"hubline",NA,"HublineFill",10,"HublineFill-3-271-1",2006,7,18,42.342945,-70.90664,"Laminaria sp.","Random",1,"2",3,NA,NA
52,"hubline",NA,"HublineFill",10,"HublineFill-3-272-1",2006,7,18,42.342945,-70.90664,"Laminaria sp.","Random",1,"0.5",4,NA,NA
53,"hubline",NA,"Site29",10,"Site29-2-273-1",2006,7,19,42.34382,-70.90657,"Laminaria sp.","Random",1,"25",11,NA,NA
54,"hubline",NA,"Site29",10,"Site29-2-274-1",2006,7,19,42.34382,-70.90657,"Laminaria sp.","Random",1,"60",2,NA,NA
55,"hubline",NA,"Site29",10,"Site29-2-275-1",2006,7,19,42.34382,-70.90657,"Laminaria sp.","Random",1,"10",2,NA,NA
56,"hubline",NA,"Site29",10,"Site29-2-276-1",2006,7,19,42.34382,-70.90657,"Laminaria sp.","Random",1,"35",27,NA,NA
57,"hubline",NA,"Site29",10,"Site29-2-277-1",2006,7,19,42.34382,-70.90657,"Laminaria sp.","Random",1,"25",13,NA,NA
58,"hubline",NA,"Site29",10,"Site29-2-278-1",2006,7,19,42.34382,-70.90657,"Laminaria sp.","Random",1,"10",16,NA,NA
59,"hubline",NA,"Site29",10,"Site29-2-279-1",2006,7,19,42.34382,-70.90657,"Laminaria sp.","Random",1,"25",12,NA,NA
60,"hubline",NA,"NatReef",10,"NatReef-2-280-1",2006,7,19,42.338275,-70.913095,"Laminaria sp.","Random",1,"7",12,NA,NA
61,"hubline",NA,"NatReef",10,"NatReef-2-281-1",2006,7,19,42.338275,-70.913095,"Laminaria sp.","Random",1,"20",19,NA,NA
62,"hubline",NA,"NatReef",10,"NatReef-2-282-1",2006,7,19,42.338275,-70.913095,"Laminaria sp.","Random",1,"8",4,NA,NA
63,"hubline",NA,"NatReef",10,"NatReef-2-283-1",2006,7,19,42.338275,-70.913095,"Laminaria sp.","Random",1,"20",14,NA,NA
64,"hubline",NA,"NatReef",10,"NatReef-2-284-1",2006,7,19,42.338275,-70.913095,"Laminaria sp.","Random",1,"2",12,NA,NA
65,"hubline",NA,"NatReef",10,"NatReef-2-285-1",2006,7,19,42.338275,-70.913095,"Laminaria sp.","Random",1,"30",15,NA,NA
66,"hubline",NA,"NatReef",10,"NatReef-2-286-1",2006,7,19,42.338275,-70.913095,"Laminaria sp.","Random",1,"25",12,NA,NA
67,"hubline",NA,"NatReef",10,"NatReef-2-287-1",2006,7,19,42.338275,-70.913095,"Laminaria sp.","Random",1,"50",4,NA,NA
68,"hubline",NA,"NatReef",10,"NatReef-2-288-1",2006,7,19,42.338275,-70.913095,"Laminaria sp.","Random",1,"90",9,NA,NA
69,"hubline",NA,"Site29",10,"Site29-3-305-1",2006,7,26,42.343695,-70.906405,"Laminaria sp.","Random",1,"10",2,NA,NA
70,"hubline",NA,"NatReef",10,"NatReef-3-306-1",2006,7,26,42.338285,-70.91209,"Laminaria sp.","Random",1,"6",6,NA,NA
71,"hubline",NA,"NatReef",10,"NatReef-3-307-1",2006,7,26,42.338285,-70.91209,"Laminaria sp.","Random",1,"2",3,NA,NA
72,"hubline",NA,"NatReef",10,"NatReef-3-308-1",2006,7,26,42.338285,-70.91209,"Laminaria sp.","Random",1,"6",9,NA,NA
73,"hubline",NA,"NatReef",10,"NatReef-3-309-1",2006,7,26,42.338285,-70.91209,"Laminaria sp.","Random",1,"0.5",6,NA,NA
74,"hubline",NA,"NatReef",10,"NatReef-3-310-1",2006,7,26,42.338285,-70.91209,"Laminaria sp.","Random",1,"6",9,NA,NA
75,"hubline",NA,"NatReef",10,"NatReef-3-311-1",2006,7,26,42.338285,-70.91209,"Laminaria sp.","Random",1,"3",4,NA,NA
76,"hubline",NA,"NatReef",10,"NatReef-3-312-1",2006,7,26,42.338285,-70.91209,"Laminaria sp.","Random",1,"16",2,NA,NA
77,"hubline",NA,"NatReef",10,"NatReef-3-313-1",2006,7,26,42.338285,-70.91209,"Laminaria sp.","Random",1,"7",25,NA,NA
78,"hubline",NA,"NatReef",10,"NatReef-3-314-1",2006,7,26,42.338285,-70.91209,"Laminaria sp.","Random",1,"4",2,NA,NA
79,"hubline",NA,"NatReef",10,"NatReef-3-315-1",2006,7,26,42.338285,-70.91209,"Laminaria sp.","Random",1,"1",21,NA,NA
80,"hubline",NA,"NatReef",10,"NatReef-3-316-1",2006,7,26,42.338285,-70.91209,"Laminaria sp.","Random",1,"0.5",1,NA,NA
81,"hubline",NA,"NatReef",10,"NatReef-3-317-1",2006,7,26,42.338285,-70.91209,"Laminaria sp.","Random",1,"2",20,NA,NA
82,"hubline",NA,"NatReef",10,"NatReef-3-318-1",2006,7,26,42.338285,-70.91209,"Laminaria sp.","Random",1,"10",161,NA,NA
83,"hubline",NA,"NatReef",10,"NatReef-3-319-1",2006,7,26,42.338285,-70.91209,"Laminaria sp.","Random",1,"10",27,NA,NA
84,"hubline",NA,"NatReef",10,"NatReef-3-320-1",2006,7,26,42.338285,-70.91209,"Laminaria sp.","Random",1,"8",23,NA,NA
85,"hubline",NA,"Site29",10,"Site29-4-343-2",2006,7,27,42.343535,-70.907135,"Laminaria sp.","Random",1,"0.5",1,NA,NA
86,"hubline",NA,"NatReef",10,"NatReef-1-360-2",2006,8,1,42.33844,-70.912625,"Laminaria sp.","Random",1,"20",6,NA,NA
87,"hubline",NA,"NatReef",10,"NatReef-1-361-2",2006,8,1,42.33844,-70.912625,"Laminaria sp.","Random",1,"25",3,NA,NA
88,"hubline",NA,"NatReef",10,"NatReef-1-362-2",2006,8,1,42.33844,-70.912625,"Laminaria sp.","Random",1,"4",9,NA,NA
89,"hubline",NA,"NatReef",10,"NatReef-1-363-2",2006,8,1,42.33844,-70.912625,"Laminaria sp.","Random",1,"1",3,NA,NA
90,"hubline",NA,"NatReef",10,"NatReef-1-365-2",2006,8,1,42.33844,-70.912625,"Laminaria sp.","Random",1,"15",7,NA,NA
91,"hubline",NA,"NatReef",10,"NatReef-1-366-2",2006,8,1,42.33844,-70.912625,"Laminaria sp.","Random",1,"13",3,NA,NA
92,"hubline",NA,"NatReef",10,"NatReef-1-367-2",2006,8,1,42.33844,-70.912625,"Laminaria sp.","Random",1,"15",4,NA,NA
93,"hubline",NA,"NatReef",10,"NatReef-1-368-2",2006,8,1,42.33844,-70.912625,"Laminaria sp.","Random",1,"35",3,NA,NA
94,"hubline",NA,"NatReef",10,"NatReef-1-369-2",2006,8,1,42.33844,-70.912625,"Laminaria sp.","Random",1,"0.5",8,NA,NA
95,"hubline",NA,"NatReef",10,"NatReef-1-370-2",2006,8,1,42.33844,-70.912625,"Laminaria sp.","Random",1,"10",16,NA,NA
96,"hubline",NA,"NatReef",10,"NatReef-1-371-2",2006,8,1,42.33844,-70.912625,"Laminaria sp.","Random",1,"15",26,NA,NA
97,"hubline",NA,"NatReef",10,"NatReef-1-372-2",2006,8,1,42.33844,-70.912625,"Laminaria sp.","Random",1,"10",22,NA,NA
98,"hubline",NA,"NatReef",10,"NatReef-1-373-2",2006,8,1,42.33844,-70.912625,"Laminaria sp.","Random",1,"3",10,NA,NA
99,"hubline",NA,"NatReef",10,"NatReef-1-374-2",2006,8,1,42.33844,-70.912625,"Laminaria sp.","Random",1,"10",4,NA,NA
100,"hubline",NA,"NatReef",10,"NatReef-1-375-2",2006,8,1,42.33844,-70.912625,"Laminaria sp.","Random",1,"4",16,NA,NA
101,"hubline",NA,"Site29",10,"Site29-2-377-2",2006,8,2,42.34382,-70.90657,"Laminaria sp.","Random",1,"0.5",1,NA,NA
102,"hubline",NA,"Site29",10,"Site29-2-382-2",2006,8,2,42.34382,-70.90657,"Laminaria sp.","Random",1,"2",1,NA,NA
103,"hubline",NA,"Site29",10,"Site29-2-384-2",2006,8,2,42.34382,-70.90657,"Laminaria sp.","Random",1,"0.5",3,NA,NA
104,"hubline",NA,"Site29",10,"Site29-2-385-2",2006,8,2,42.34382,-70.90657,"Laminaria sp.","Random",1,"1",1,NA,NA
105,"hubline",NA,"Site29",10,"Site29-2-386-2",2006,8,2,42.34382,-70.90657,"Laminaria sp.","Random",1,"1",3,NA,NA
106,"hubline",NA,"Site29",10,"Site29-2-387-2",2006,8,2,42.34382,-70.90657,"Laminaria sp.","Random",1,"1",2,NA,NA
107,"hubline",NA,"Site29",10,"Site29-2-390-2",2006,8,2,42.34382,-70.90657,"Laminaria sp.","Random",1,"1",1,NA,NA
108,"hubline",NA,"Site29",10,"Site29-2-391-2",2006,8,2,42.34382,-70.90657,"Laminaria sp.","Random",1,"2",3,NA,NA
109,"hubline",NA,"Site29",10,"Site29-2-392-2",2006,8,2,42.34382,-70.90657,"Laminaria sp.","Random",1,"0.5",1,NA,NA
110,"hubline",NA,"HublineFill",10,"HublineFill-1-393-2",2006,8,2,42.3437,-70.90597,"Laminaria sp.","Random",1,"35",10,NA,NA
111,"hubline",NA,"HublineFill",10,"HublineFill-1-394-2",2006,8,2,42.3437,-70.90597,"Laminaria sp.","Random",1,"50",6,NA,NA
112,"hubline",NA,"HublineFill",10,"HublineFill-1-395-2",2006,8,2,42.3437,-70.90597,"Laminaria sp.","Random",1,"25",19,NA,NA
113,"hubline",NA,"HublineFill",10,"HublineFill-1-396-2",2006,8,2,42.3437,-70.90597,"Laminaria sp.","Random",1,"75",26,NA,NA
114,"hubline",NA,"HublineFill",10,"HublineFill-1-397-2",2006,8,2,42.3437,-70.90597,"Laminaria sp.","Random",1,"30",42,NA,NA
115,"hubline",NA,"HublineFill",10,"HublineFill-1-398-2",2006,8,2,42.3437,-70.90597,"Laminaria sp.","Random",1,"6",22,NA,NA
116,"hubline",NA,"HublineFill",10,"HublineFill-1-399-2",2006,8,2,42.3437,-70.90597,"Laminaria sp.","Random",1,"20",14,NA,NA
117,"hubline",NA,"HublineFill",10,"HublineFill-1-400-2",2006,8,2,42.3437,-70.90597,"Laminaria sp.","Random",1,"15",27,NA,NA
118,"hubline",NA,"HublineFill",10,"HublineFill-1-401-2",2006,8,2,42.3437,-70.90597,"Laminaria sp.","Random",1,"30",6,NA,NA
119,"hubline",NA,"HublineFill",10,"HublineFill-1-402-2",2006,8,2,42.3437,-70.90597,"Laminaria sp.","Random",1,"27",47,NA,NA
120,"hubline",NA,"HublineFill",10,"HublineFill-1-403-2",2006,8,2,42.3437,-70.90597,"Laminaria sp.","Random",1,"20",42,NA,NA
121,"hubline",NA,"HublineFill",10,"HublineFill-1-404-2",2006,8,2,42.3437,-70.90597,"Laminaria sp.","Random",1,"70",17,NA,NA
122,"hubline",NA,"HublineFill",10,"HublineFill-1-405-2",2006,8,2,42.3437,-70.90597,"Laminaria sp.","Random",1,"25",24,NA,NA
123,"hubline",NA,"HublineFill",10,"HublineFill-1-406-2",2006,8,2,42.3437,-70.90597,"Laminaria sp.","Random",1,"15",40,NA,NA
124,"hubline",NA,"HublineFill",10,"HublineFill-1-407-2",2006,8,2,42.3437,-70.90597,"Laminaria sp.","Random",1,"7",11,NA,NA
125,"hubline",NA,"HublineFill",10,"HublineFill-1-408-2",2006,8,2,42.3437,-70.90597,"Laminaria sp.","Random",1,"8",9,NA,NA
126,"hubline",NA,"NatReef",10,"NatReef-2-409-2",2006,8,3,42.338275,-70.913095,"Laminaria sp.","Random",1,"30",7,NA,NA
127,"hubline",NA,"NatReef",10,"NatReef-2-410-2",2006,8,3,42.338275,-70.913095,"Laminaria sp.","Random",1,"40",8,NA,NA
128,"hubline",NA,"NatReef",10,"NatReef-2-411-2",2006,8,3,42.338275,-70.913095,"Laminaria sp.","Random",1,"35",11,NA,NA
129,"hubline",NA,"NatReef",10,"NatReef-2-412-2",2006,8,3,42.338275,-70.913095,"Laminaria sp.","Random",1,"15",6,NA,NA
130,"hubline",NA,"NatReef",10,"NatReef-2-413-2",2006,8,3,42.338275,-70.913095,"Laminaria sp.","Random",1,"5",1,NA,NA
131,"hubline",NA,"NatReef",10,"NatReef-2-414-2",2006,8,3,42.338275,-70.913095,"Laminaria sp.","Random",1,"3",4,NA,NA
132,"hubline",NA,"NatReef",10,"NatReef-2-415-2",2006,8,3,42.338275,-70.913095,"Laminaria sp.","Random",1,"30",10,NA,NA
133,"hubline",NA,"NatReef",10,"NatReef-2-416-2",2006,8,3,42.338275,-70.913095,"Laminaria sp.","Random",1,"25",9,NA,NA
134,"hubline",NA,"NatReef",10,"NatReef-2-417-2",2006,8,3,42.338275,-70.913095,"Laminaria sp.","Random",1,"6",3,NA,NA
135,"hubline",NA,"NatReef",10,"NatReef-2-418-2",2006,8,3,42.338275,-70.913095,"Laminaria sp.","Random",1,"6",3,NA,NA
136,"hubline",NA,"NatReef",10,"NatReef-2-419-2",2006,8,3,42.338275,-70.913095,"Laminaria sp.","Random",1,"25",4,NA,NA
137,"hubline",NA,"NatReef",10,"NatReef-2-420-2",2006,8,3,42.338275,-70.913095,"Laminaria sp.","Random",1,"6",6,NA,NA
138,"hubline",NA,"NatReef",10,"NatReef-2-421-2",2006,8,3,42.338275,-70.913095,"Laminaria sp.","Random",1,"30",6,NA,NA
139,"hubline",NA,"NatReef",10,"NatReef-2-422-2",2006,8,3,42.338275,-70.913095,"Laminaria sp.","Random",1,"25",3,NA,NA
140,"hubline",NA,"NatReef",10,"NatReef-2-423-2",2006,8,3,42.338275,-70.913095,"Laminaria sp.","Random",1,"9",8,NA,NA
141,"hubline",NA,"NatReef",10,"NatReef-2-424-2",2006,8,3,42.338275,-70.913095,"Laminaria sp.","Random",1,"50",27,NA,NA
142,"hubline",NA,"HublineFill",10,"HublineFill-3-425-2",2006,8,10,42.342945,-70.90664,"Laminaria sp.","Random",1,"0.5",15,NA,NA
143,"hubline",NA,"HublineFill",10,"HublineFill-3-426-2",2006,8,10,42.342945,-70.90664,"Laminaria sp.","Random",1,"1",7,NA,NA
144,"hubline",NA,"HublineFill",10,"HublineFill-3-427-2",2006,8,10,42.342945,-70.90664,"Laminaria sp.","Random",1,"4",18,NA,NA
145,"hubline",NA,"HublineFill",10,"HublineFill-3-428-2",2006,8,10,42.342945,-70.90664,"Laminaria sp.","Random",1,"0.5",18,NA,NA
146,"hubline",NA,"HublineFill",10,"HublineFill-3-429-2",2006,8,10,42.342945,-70.90664,"Laminaria sp.","Random",1,"1",7,NA,NA
147,"hubline",NA,"HublineFill",10,"HublineFill-3-430-2",2006,8,10,42.342945,-70.90664,"Laminaria sp.","Random",1,"1",8,NA,NA
148,"hubline",NA,"HublineFill",10,"HublineFill-3-431-2",2006,8,10,42.342945,-70.90664,"Laminaria sp.","Random",1,"2",10,NA,NA
149,"hubline",NA,"HublineFill",10,"HublineFill-3-432-2",2006,8,10,42.342945,-70.90664,"Laminaria sp.","Random",1,"0.5",19,NA,NA
150,"hubline",NA,"HublineFill",10,"HublineFill-3-433-2",2006,8,10,42.342945,-70.90664,"Laminaria sp.","Random",1,"15",5,NA,NA
151,"hubline",NA,"HublineFill",10,"HublineFill-3-434-2",2006,8,10,42.342945,-70.90664,"Laminaria sp.","Random",1,"0.5",7,NA,NA
152,"hubline",NA,"HublineFill",10,"HublineFill-3-435-2",2006,8,10,42.342945,-70.90664,"Laminaria sp.","Random",1,"5",16,NA,NA
153,"hubline",NA,"HublineFill",10,"HublineFill-3-436-2",2006,8,10,42.342945,-70.90664,"Laminaria sp.","Random",1,"0.5",4,NA,NA
154,"hubline",NA,"HublineFill",10,"HublineFill-3-437-2",2006,8,10,42.342945,-70.90664,"Laminaria sp.","Random",1,"0.5",6,NA,NA
155,"hubline",NA,"HublineFill",10,"HublineFill-3-438-2",2006,8,10,42.342945,-70.90664,"Laminaria sp.","Random",1,"0.5",3,NA,NA
156,"hubline",NA,"HublineFill",10,"HublineFill-3-439-2",2006,8,10,42.342945,-70.90664,"Laminaria sp.","Random",1,"0.5",10,NA,NA
157,"hubline",NA,"HublineFill",10,"HublineFill-3-440-2",2006,8,10,42.342945,-70.90664,"Laminaria sp.","Random",1,"1",5,NA,NA
158,"hubline",NA,"Site29",10,"Site29-1-444-2",2006,8,10,42.34393,-70.90685,"Laminaria sp.","Random",1,"0.5",2,NA,NA
159,"hubline",NA,"Site29",10,"Site29-5-461-2",2006,9,18,42.34342,-70.906995,"Laminaria sp.","Random",1,"1",1,NA,NA
160,"hubline",NA,"HublineFill",10,"HublineFill-2-475-2",2006,9,22,42.34224,-70.907035,"Laminaria sp.","Random",1,"0.5",1,NA,NA
161,"hubline",NA,"HublineFill",10,"HublineFill-2-476-2",2006,9,22,42.34224,-70.907035,"Laminaria sp.","Random",1,"0.5",1,NA,NA
162,"hubline",NA,"NatReef",10,"NatReef-3-490-2",2006,9,25,42.338285,-70.91209,"Laminaria sp.","Random",1,"3",1,NA,NA
163,"hubline",NA,"NatReef",10,"NatReef-3-493-2",2006,9,25,42.338285,-70.91209,"Laminaria sp.","Random",1,"2",3,NA,NA
164,"hubline",NA,"NatReef",10,"NatReef-3-494-2",2006,9,25,42.338285,-70.91209,"Laminaria sp.","Random",1,"1",1,NA,NA
165,"hubline",NA,"NatReef",10,"NatReef-3-495-2",2006,9,25,42.338285,-70.91209,"Laminaria sp.","Random",1,"3",1,NA,NA
166,"hubline",NA,"NatReef",10,"NatReef-3-496-2",2006,9,25,42.338285,-70.91209,"Laminaria sp.","Random",1,"0.5",1,NA,NA
167,"hubline",NA,"NatReef",10,"NatReef-3-497-2",2006,9,25,42.338285,-70.91209,"Laminaria sp.","Random",1,"0.5",2,NA,NA
168,"hubline",NA,"NatReef",10,"NatReef-3-498-2",2006,9,25,42.338285,-70.91209,"Laminaria sp.","Random",1,"2",1,NA,NA
169,"hubline",NA,"NatReef",10,"NatReef-3-499-2",2006,9,25,42.338285,-70.91209,"Laminaria sp.","Random",1,"6",1,NA,NA
170,"hubline",NA,"NatReef",10,"NatReef-3-501-2",2006,9,25,42.338285,-70.91209,"Laminaria sp.","Random",1,"2",3,NA,NA
171,"hubline",NA,"NatReef",10,"NatReef-3-502-2",2006,9,25,42.338285,-70.91209,"Laminaria sp.","Random",1,"0.5",2,NA,NA
172,"hubline",NA,"NatReef",10,"NatReef-3-503-2",2006,9,25,42.338285,-70.91209,"Laminaria sp.","Random",1,"1",1,NA,NA
173,"hubline",NA,"NatReef",10,"NatReef-3-504-2",2006,9,25,42.338285,-70.91209,"Laminaria sp.","Random",1,"3",4,NA,NA
174,"hubline",NA,"NatReef",10,"NatReef-3-505-2",2006,9,25,42.338285,-70.91209,"Laminaria sp.","Random",1,"1",2,NA,NA
175,"hubline",NA,"Site29",10,"Site29-9-569-2",2006,9,26,42.34298,-70.907045,"Laminaria sp.","Random",1,"0.5",1,NA,NA
176,"hubline",NA,"HublineFill",10,"HublineFill-3-573-3",2006,11,20,42.342945,-70.90664,"Laminaria sp.","Random",1,"0.5",2,NA,NA
177,"hubline",NA,"HublineFill",10,"HublineFill-3-576-3",2006,11,20,42.342945,-70.90664,"Laminaria sp.","Random",1,"2",1,NA,NA
178,"hubline",NA,"HublineFill",10,"HublineFill-3-577-3",2006,11,20,42.342945,-70.90664,"Laminaria sp.","Random",1,"0.5",1,NA,NA
179,"hubline",NA,"HublineFill",10,"HublineFill-3-578-3",2006,11,20,42.342945,-70.90664,"Laminaria sp.","Random",1,"1",1,NA,NA
180,"hubline",NA,"HublineFill",10,"HublineFill-3-585-3",2006,11,20,42.342945,-70.90664,"Laminaria sp.","Random",1,"0.5",1,NA,NA
181,"hubline",NA,"NatReef",10,"NatReef-2-634-3",2006,12,5,42.338275,-70.913095,"Laminaria sp.","Random",1,"0.5",1,NA,NA
182,"hubline",NA,"NatReef",10,"NatReef-2-635-3",2006,12,5,42.338275,-70.913095,"Laminaria sp.","Random",1,"2",1,NA,NA
183,"hubline",NA,"NatReef",10,"NatReef-2-641-3",2006,12,5,42.338275,-70.913095,"Laminaria sp.","Random",1,"2",1,NA,NA
184,"hubline",NA,"NatReef",10,"NatReef-2-645-3",2006,12,5,42.338275,-70.913095,"Laminaria sp.","Random",1,"3",1,NA,NA
185,"hubline",NA,"NatReef",10,"NatReef-2-647-3",2006,12,5,42.338275,-70.913095,"Laminaria sp.","Random",1,"0.5",1,NA,NA
186,"hubline",NA,"NatReef",10,"NatReef-1-650-3",2006,12,7,42.33844,-70.912625,"Laminaria sp.","Random",1,"2",1,NA,NA
187,"hubline",NA,"NatReef",10,"NatReef-1-653-3",2006,12,7,42.33844,-70.912625,"Laminaria sp.","Random",1,"1",1,NA,NA
188,"hubline",NA,"NatReef",10,"NatReef-1-660-3",2006,12,7,42.33844,-70.912625,"Laminaria sp.","Random",1,"1",1,NA,NA
189,"hubline",NA,"HublineFill",10,"HublineFill-1-682-1",2007,3,14,42.3437,-70.90597,"Laminaria sp.","Random",1,"0.5",1,NA,NA
190,"hubline",NA,"HublineFill",10,"HublineFill-1-687-1",2007,3,14,42.3437,-70.90597,"Laminaria sp.","Random",1,"0.5",1,NA,NA
191,"hubline",NA,"HublineFill",10,"HublineFill-1-689-1",2007,3,14,42.3437,-70.90597,"Laminaria sp.","Random",1,"1",2,NA,NA
192,"hubline",NA,"HublineFill",10,"HublineFill-1-694-1",2007,3,14,42.3437,-70.90597,"Laminaria sp.","Random",1,"0.5",1,NA,NA
193,"hubline",NA,"NatReef",10,"NatReef-1-695-1",2007,3,14,42.33844,-70.912625,"Laminaria sp.","Random",1,"1",2,NA,NA
194,"hubline",NA,"NatReef",10,"NatReef-3-714-1",2007,3,1,42.338285,-70.91209,"Laminaria sp.","Random",1,"1",1,NA,NA
195,"hubline",NA,"NatReef",10,"NatReef-3-719-1",2007,3,1,42.338285,-70.91209,"Laminaria sp.","Random",1,"1",1,NA,NA
196,"hubline",NA,"NatReef",10,"NatReef-3-720-1",2007,3,1,42.338285,-70.91209,"Laminaria sp.","Random",1,"0.5",1,NA,NA
197,"hubline",NA,"NatReef",10,"NatReef-3-721-1",2007,3,1,42.338285,-70.91209,"Laminaria sp.","Random",1,"0.5",1,NA,NA
198,"hubline",NA,"NatReef",10,"NatReef-3-725-1",2007,3,1,42.338285,-70.91209,"Laminaria sp.","Random",1,"0.5",1,NA,NA
199,"hubline",NA,"NatReef",10,"NatReef-3-726-1",2007,3,1,42.338285,-70.91209,"Laminaria sp.","Random",1,"1",1,NA,NA
200,"hubline",NA,"NatReef",10,"NatReef-3-728-1",2007,3,1,42.338285,-70.91209,"Laminaria sp.","Random",1,"1",2,NA,NA
201,"hubline",NA,"NatReef",10,"NatReef-2-730-1",2007,3,12,42.338275,-70.913095,"Laminaria sp.","Random",1,"0.5",1,NA,NA
202,"hubline",NA,"NatReef",10,"NatReef-2-732-1",2007,3,12,42.338275,-70.913095,"Laminaria sp.","Random",1,"1",2,NA,NA
203,"hubline",NA,"NatReef",10,"NatReef-2-733-1",2007,3,14,42.338275,-70.913095,"Laminaria sp.","Random",1,"0.5",1,NA,NA
204,"hubline",NA,"Site29",10,"Site29-2-739-1",2007,3,12,42.34382,-70.90657,"Laminaria sp.","Random",1,"0.5",1,NA,NA
205,"hubline",NA,"Site29",10,"Site29-2-740-1",2007,3,14,42.34382,-70.90657,"Laminaria sp.","Random",1,"0.5",1,NA,NA
206,"hubline",NA,"Site29",10,"Site29-2-741-1",2007,3,12,42.34382,-70.90657,"Laminaria sp.","Random",1,"3",1,NA,NA
207,"hubline",NA,"Site29",10,"Site29-2-743-1",2007,3,14,42.34382,-70.90657,"Laminaria sp.","Random",1,"0.5",1,NA,NA
208,"hubline",NA,"Site29",10,"Site29-2-744-1",2007,3,12,42.34382,-70.90657,"Laminaria sp.","Random",1,"3",4,NA,NA
209,"hubline",NA,"Site29",10,"Site29-2-751-1",2007,3,12,42.34382,-70.90657,"Laminaria sp.","Random",1,"1",3,NA,NA
210,"hubline",NA,"Site29",10,"Site29-2-756-1",2007,3,12,42.34382,-70.90657,"Laminaria sp.","Random",1,"0.5",1,NA,NA
211,"hubline",NA,"Site29",10,"Site29-2-758-1",2007,3,12,42.34382,-70.90657,"Laminaria sp.","Random",1,"0.5",2,NA,NA
212,"hubline",NA,"Site29",10,"Site29-2-759-1",2007,3,12,42.34382,-70.90657,"Laminaria sp.","Random",1,"1",2,NA,NA
213,"hubline",NA,"Site29",10,"Site29-2-760-1",2007,3,12,42.34382,-70.90657,"Laminaria sp.","Random",1,"10",1,NA,NA
214,"hubline",NA,"Site29",10,"Site29-2-761-1",2007,3,12,42.34382,-70.90657,"Laminaria sp.","Random",1,"7",2,NA,NA
215,"hubline",NA,"NatReef",10,"NatReef-1-762-1",2007,4,11,42.33844,-70.912625,"Agarum cribrosum","Random",1,"1",1,NA,NA
216,"hubline",NA,"NatReef",10,"NatReef-1-763-1",2007,4,11,42.33844,-70.912625,"Laminaria sp.","Random",1,"1",1,NA,NA
217,"hubline",NA,"NatReef",10,"NatReef-1-765-1",2007,4,11,42.33844,-70.912625,"Laminaria sp.","Random",1,"0.5",1,NA,NA
218,"hubline",NA,"NatReef",10,"NatReef-1-766-1",2007,4,11,42.33844,-70.912625,"Laminaria sp.","Random",1,"0.5",1,NA,NA
219,"hubline",NA,"NatReef",10,"NatReef-1-768-1",2007,4,11,42.33844,-70.912625,"Laminaria sp.","Random",1,"4",2,NA,NA
220,"hubline",NA,"NatReef",10,"NatReef-1-769-1",2007,4,11,42.33844,-70.912625,"Laminaria sp.","Random",1,"2",2,NA,NA
221,"hubline",NA,"NatReef",10,"NatReef-1-770-1",2007,4,11,42.33844,-70.912625,"Laminaria sp.","Random",1,"1",1,NA,NA
222,"hubline",NA,"NatReef",10,"NatReef-1-771-1",2007,4,11,42.33844,-70.912625,"Laminaria sp.","Random",1,"3",2,NA,NA
223,"hubline",NA,"NatReef",10,"NatReef-1-773-1",2007,4,11,42.33844,-70.912625,"Laminaria sp.","Random",1,"0.5",2,NA,NA
224,"hubline",NA,"NatReef",10,"NatReef-1-774-1",2007,4,11,42.33844,-70.912625,"Laminaria sp.","Random",1,"0.5",1,NA,NA
225,"hubline",NA,"NatReef",10,"NatReef-1-775-1",2007,4,11,42.33844,-70.912625,"Laminaria sp.","Random",1,"2",3,NA,NA
226,"hubline",NA,"Site29",10,"Site29-9-786-2",2007,5,7,42.34298,-70.907045,"Laminaria sp.","Random",1,"0.5",1,NA,NA
227,"hubline",NA,"Site29",10,"Site29-9-787-2",2007,5,7,42.34298,-70.907045,"Laminaria sp.","Random",1,"0.5",11,NA,NA
228,"hubline",NA,"Site29",10,"Site29-9-788-2",2007,5,7,42.34298,-70.907045,"Laminaria sp.","Random",1,"0.5",3,NA,NA
229,"hubline",NA,"Site29",10,"Site29-9-789-2",2007,5,7,42.34298,-70.907045,"Laminaria sp.","Random",1,"0.5",3,NA,NA
230,"hubline",NA,"Site29",10,"Site29-9-790-2",2007,5,7,42.34298,-70.907045,"Laminaria sp.","Random",1,"1",4,NA,NA
231,"hubline",NA,"Site29",10,"Site29-9-792-2",2007,5,7,42.34298,-70.907045,"Laminaria sp.","Random",1,"1",6,NA,NA
232,"hubline",NA,"Site29",10,"Site29-9-793-2",2007,5,7,42.34298,-70.907045,"Laminaria sp.","Random",1,"0.5",1,NA,NA
233,"hubline",NA,"Site29",10,"Site29-9-795-2",2007,5,7,42.34298,-70.907045,"Laminaria sp.","Random",1,"1",3,NA,NA
234,"hubline",NA,"Site29",10,"Site29-9-796-2",2007,5,7,42.34298,-70.907045,"Laminaria sp.","Random",1,"0.5",2,NA,NA
235,"hubline",NA,"Site29",10,"Site29-9-797-2",2007,5,7,42.34298,-70.907045,"Laminaria sp.","Random",1,"1",3,NA,NA
236,"hubline",NA,"Site29",10,"Site29-9-798-2",2007,5,7,42.34298,-70.907045,"Laminaria sp.","Random",1,"0.5",2,NA,NA
237,"hubline",NA,"Site29",10,"Site29-9-800-2",2007,5,7,42.34298,-70.907045,"Laminaria sp.","Random",1,"0.5",3,NA,NA
238,"hubline",NA,"Site29",10,"Site29-9-801-2",2007,5,7,42.34298,-70.907045,"Laminaria sp.","Random",1,"0.5",5,NA,NA
239,"hubline",NA,"Site29",10,"Site29-2-803-2",2007,5,7,42.34382,-70.90657,"Laminaria sp.","Random",1,"0.5",1,NA,NA
240,"hubline",NA,"Site29",10,"Site29-2-804-2",2007,5,7,42.34382,-70.90657,"Laminaria sp.","Random",1,"0.5",1,NA,NA
241,"hubline",NA,"Site29",10,"Site29-2-812-2",2007,5,7,42.34382,-70.90657,"Laminaria sp.","Random",1,"0.5",1,NA,NA
242,"hubline",NA,"Site29",10,"Site29-2-813-2",2007,5,7,42.34382,-70.90657,"Laminaria sp.","Random",1,"0.5",1,NA,NA
243,"hubline",NA,"Site29",10,"Site29-2-817-2",2007,5,7,42.34382,-70.90657,"Laminaria sp.","Random",1,"0.5",1,NA,NA
244,"hubline",NA,"HublineFill",10,"HublineFill-3-818-2",2007,5,23,42.342945,-70.90664,"Laminaria sp.","Random",1,"0.5",3,NA,NA
245,"hubline",NA,"HublineFill",10,"HublineFill-3-819-2",2007,5,23,42.342945,-70.90664,"Laminaria sp.","Random",1,"0.5",4,NA,NA
246,"hubline",NA,"HublineFill",10,"HublineFill-3-821-2",2007,5,23,42.342945,-70.90664,"Laminaria sp.","Random",1,"0.5",3,NA,NA
247,"hubline",NA,"HublineFill",10,"HublineFill-3-822-2",2007,5,23,42.342945,-70.90664,"Laminaria sp.","Random",1,"1",2,NA,NA
248,"hubline",NA,"HublineFill",10,"HublineFill-3-823-2",2007,5,23,42.342945,-70.90664,"Laminaria sp.","Random",1,"0.5",2,NA,NA
249,"hubline",NA,"HublineFill",10,"HublineFill-3-824-2",2007,5,23,42.342945,-70.90664,"Laminaria sp.","Random",1,"4",2,NA,NA
250,"hubline",NA,"HublineFill",10,"HublineFill-3-827-2",2007,5,23,42.342945,-70.90664,"Agarum cribrosum","Random",1,"0.5",0,NA,NA
251,"hubline",NA,"HublineFill",10,"HublineFill-3-831-2",2007,5,23,42.342945,-70.90664,"Laminaria sp.","Random",1,"0.5",0,NA,NA
252,"hubline",NA,"NatReef",10,"NatReef-1-835-2",2007,5,24,42.33844,-70.912625,"Laminaria sp.","Random",1,"3",2,NA,NA
253,"hubline",NA,"NatReef",10,"NatReef-1-836-2",2007,5,24,42.33844,-70.912625,"Agarum cribrosum","Random",1,"6",1,NA,NA
254,"hubline",NA,"NatReef",10,"NatReef-1-836-2",2007,5,24,42.33844,-70.912625,"Laminaria sp.","Random",1,"0.5",2,NA,NA
255,"hubline",NA,"NatReef",10,"NatReef-1-843-2",2007,5,24,42.33844,-70.912625,"Laminaria sp.","Random",1,"1",2,NA,NA
256,"hubline",NA,"NatReef",10,"NatReef-1-844-2",2007,5,24,42.33844,-70.912625,"Laminaria sp.","Random",1,"10",1,NA,NA
257,"hubline",NA,"NatReef",10,"NatReef-1-845-2",2007,5,24,42.33844,-70.912625,"Laminaria sp.","Random",1,"1",NA,NA,NA
258,"hubline",NA,"NatReef",10,"NatReef-1-846-2",2007,5,24,42.33844,-70.912625,"Laminaria sp.","Random",1,"1",2,NA,NA
259,"hubline",NA,"NatReef",10,"NatReef-1-847-2",2007,5,24,42.33844,-70.912625,"Laminaria sp.","Random",1,"1",2,NA,NA
260,"hubline",NA,"NatReef",10,"NatReef-1-848-2",2007,5,24,42.33844,-70.912625,"Laminaria sp.","Random",1,"0.5",1,NA,NA
261,"hubline",NA,"Site29",10,"Site29-1-850-2",2007,5,24,42.34393,-70.90685,"Laminaria sp.","Random",1,"4",13,NA,NA
262,"hubline",NA,"Site29",10,"Site29-1-851-2",2007,5,24,42.34393,-70.90685,"Laminaria sp.","Random",1,"1",6,NA,NA
263,"hubline",NA,"Site29",10,"Site29-1-852-2",2007,5,24,42.34393,-70.90685,"Laminaria sp.","Random",1,"0.5",5,NA,NA
264,"hubline",NA,"Site29",10,"Site29-1-853-2",2007,5,24,42.34393,-70.90685,"Laminaria sp.","Random",1,"1",21,NA,NA
265,"hubline",NA,"Site29",10,"Site29-1-854-2",2007,5,24,42.34393,-70.90685,"Laminaria sp.","Random",1,"1",9,NA,NA
266,"hubline",NA,"Site29",10,"Site29-1-855-2",2007,5,24,42.34393,-70.90685,"Laminaria sp.","Random",1,"2",7,NA,NA
267,"hubline",NA,"Site29",10,"Site29-1-856-2",2007,5,24,42.34393,-70.90685,"Laminaria sp.","Random",1,"1",30,NA,NA
268,"hubline",NA,"Site29",10,"Site29-1-857-2",2007,5,24,42.34393,-70.90685,"Laminaria sp.","Random",1,"1",7,NA,NA
269,"hubline",NA,"Site29",10,"Site29-1-858-2",2007,5,24,42.34393,-70.90685,"Laminaria sp.","Random",1,"3",0,NA,NA
270,"hubline",NA,"Site29",10,"Site29-1-863-2",2007,5,24,42.34393,-70.90685,"Laminaria sp.","Random",1,"2",10,NA,NA
271,"hubline",NA,"Site29",10,"Site29-1-864-2",2007,5,24,42.34393,-70.90685,"Laminaria sp.","Random",1,"2",1,NA,NA
272,"hubline",NA,"Site29",10,"Site29-1-865-2",2007,5,24,42.34393,-70.90685,"Laminaria sp.","Random",1,"0.5",0,NA,NA
273,"hubline",NA,"NatReef",10,"NatReef-2-866-2",2007,6,1,42.338275,-70.913095,"Laminaria sp.","Random",1,"3",0,NA,NA
274,"hubline",NA,"NatReef",10,"NatReef-2-867-2",2007,6,1,42.338275,-70.913095,"Laminaria sp.","Random",1,"15",16,NA,NA
275,"hubline",NA,"NatReef",10,"NatReef-2-868-2",2007,6,1,42.338275,-70.913095,"Laminaria sp.","Random",1,"2",4,NA,NA
276,"hubline",NA,"NatReef",10,"NatReef-2-869-2",2007,6,1,42.338275,-70.913095,"Laminaria sp.","Random",1,"5",7,NA,NA
277,"hubline",NA,"NatReef",10,"NatReef-2-870-2",2007,6,1,42.338275,-70.913095,"Laminaria sp.","Random",1,"2",4,NA,NA
278,"hubline",NA,"NatReef",10,"NatReef-2-871-2",2007,6,1,42.338275,-70.913095,"Laminaria sp.","Random",1,"0.5",1,NA,NA
279,"hubline",NA,"NatReef",10,"NatReef-2-872-2",2007,6,1,42.338275,-70.913095,"Laminaria sp.","Random",1,"4",12,NA,NA
280,"hubline",NA,"NatReef",10,"NatReef-2-873-2",2007,6,1,42.338275,-70.913095,"Laminaria sp.","Random",1,"0.5",2,NA,NA
281,"hubline",NA,"NatReef",10,"NatReef-2-874-2",2007,6,1,42.338275,-70.913095,"Laminaria sp.","Random",1,"15",3,NA,NA
282,"hubline",NA,"NatReef",10,"NatReef-2-875-2",2007,6,1,42.338275,-70.913095,"Laminaria sp.","Random",1,"2",6,NA,NA
283,"hubline",NA,"NatReef",10,"NatReef-2-876-2",2007,6,1,42.338275,-70.913095,"Laminaria sp.","Random",1,"3",3,NA,NA
284,"hubline",NA,"NatReef",10,"NatReef-2-877-2",2007,6,1,42.338275,-70.913095,"Laminaria sp.","Random",1,"0.5",2,NA,NA
285,"hubline",NA,"NatReef",10,"NatReef-2-878-2",2007,6,1,42.338275,-70.913095,"Laminaria sp.","Random",1,"3",4,NA,NA
286,"hubline",NA,"NatReef",10,"NatReef-2-879-2",2007,6,1,42.338275,-70.913095,"Laminaria sp.","Random",1,"3",8,NA,NA
287,"hubline",NA,"NatReef",10,"NatReef-2-880-2",2007,6,1,42.338275,-70.913095,"Laminaria sp.","Random",1,"4",3,NA,NA
288,"hubline",NA,"NatReef",10,"NatReef-2-881-2",2007,6,1,42.338275,-70.913095,"Laminaria sp.","Random",1,"20",8,NA,NA
289,"hubline",NA,"NatReef",10,"NatReef-3-882-1",2007,6,18,42.338285,-70.91209,"Laminaria sp.","Random",1,"0.5",2,NA,NA
290,"hubline",NA,"NatReef",10,"NatReef-3-883-1",2007,6,18,42.338285,-70.91209,"Laminaria sp.","Random",1,"0.5",9,NA,NA
291,"hubline",NA,"NatReef",10,"NatReef-3-884-1",2007,6,18,42.338285,-70.91209,"Laminaria sp.","Random",1,"1",3,NA,NA
292,"hubline",NA,"NatReef",10,"NatReef-3-885-1",2007,6,18,42.338285,-70.91209,"Laminaria sp.","Random",1,"0.5",2,NA,NA
293,"hubline",NA,"NatReef",10,"NatReef-3-886-1",2007,6,18,42.338285,-70.91209,"Laminaria sp.","Random",1,"0.5",1,NA,NA
294,"hubline",NA,"NatReef",10,"NatReef-3-887-1",2007,6,18,42.338285,-70.91209,"Laminaria sp.","Random",1,"2",7,NA,NA
295,"hubline",NA,"NatReef",10,"NatReef-3-888-1",2007,6,18,42.338285,-70.91209,"Laminaria sp.","Random",1,"8",6,NA,NA
296,"hubline",NA,"NatReef",10,"NatReef-3-889-1",2007,6,18,42.338285,-70.91209,"Laminaria sp.","Random",1,"2",7,NA,NA
297,"hubline",NA,"NatReef",10,"NatReef-3-891-1",2007,6,18,42.338285,-70.91209,"Laminaria sp.","Random",1,"5",3,NA,NA
298,"hubline",NA,"NatReef",10,"NatReef-3-892-1",2007,6,18,42.338285,-70.91209,"Laminaria sp.","Random",1,"2",6,NA,NA
299,"hubline",NA,"NatReef",10,"NatReef-3-894-1",2007,6,18,42.338285,-70.91209,"Laminaria sp.","Random",1,"3",4,NA,NA
300,"hubline",NA,"NatReef",10,"NatReef-3-895-1",2007,6,18,42.338285,-70.91209,"Laminaria sp.","Random",1,"4",4,NA,NA
301,"hubline",NA,"NatReef",10,"NatReef-3-896-1",2007,6,18,42.338285,-70.91209,"Laminaria sp.","Random",1,"4",5,NA,NA
302,"hubline",NA,"NatReef",10,"NatReef-3-897-1",2007,6,18,42.338285,-70.91209,"Laminaria sp.","Random",1,"4",2,NA,NA
303,"hubline",NA,"HublineFill",10,"HublineFill-1-898-1",2007,6,19,42.3437,-70.90597,"Laminaria sp.","Random",1,"3",4,NA,NA
304,"hubline",NA,"HublineFill",10,"HublineFill-1-899-1",2007,6,19,42.3437,-70.90597,"Laminaria sp.","Random",1,"1",4,NA,NA
305,"hubline",NA,"HublineFill",10,"HublineFill-1-900-1",2007,6,19,42.3437,-70.90597,"Laminaria sp.","Random",1,"10",5,NA,NA
306,"hubline",NA,"HublineFill",10,"HublineFill-1-901-1",2007,6,19,42.3437,-70.90597,"Laminaria sp.","Random",1,"7",2,NA,NA
307,"hubline",NA,"HublineFill",10,"HublineFill-1-902-1",2007,6,19,42.3437,-70.90597,"Laminaria sp.","Random",1,"10",4,NA,NA
308,"hubline",NA,"HublineFill",10,"HublineFill-1-903-1",2007,6,19,42.3437,-70.90597,"Laminaria sp.","Random",1,"8",3,NA,NA
309,"hubline",NA,"HublineFill",10,"HublineFill-1-904-1",2007,6,19,42.3437,-70.90597,"Laminaria sp.","Random",1,"5",2,NA,NA
310,"hubline",NA,"HublineFill",10,"HublineFill-1-905-1",2007,6,19,42.3437,-70.90597,"Laminaria sp.","Random",1,"5",2,NA,NA
311,"hubline",NA,"HublineFill",10,"HublineFill-1-906-1",2007,6,19,42.3437,-70.90597,"Laminaria sp.","Random",1,"2",3,NA,NA
312,"hubline",NA,"HublineFill",10,"HublineFill-1-907-1",2007,6,19,42.3437,-70.90597,"Laminaria sp.","Random",1,"9",5,NA,NA
313,"hubline",NA,"HublineFill",10,"HublineFill-1-908-1",2007,6,19,42.3437,-70.90597,"Laminaria sp.","Random",1,"4",3,NA,NA
314,"hubline",NA,"HublineFill",10,"HublineFill-1-909-1",2007,6,19,42.3437,-70.90597,"Laminaria sp.","Random",1,"3",5,NA,NA
315,"hubline",NA,"HublineFill",10,"HublineFill-1-910-1",2007,6,19,42.3437,-70.90597,"Laminaria sp.","Random",1,"6",3,NA,NA
316,"hubline",NA,"HublineFill",10,"HublineFill-1-911-1",2007,6,19,42.3437,-70.90597,"Laminaria sp.","Random",1,"3",4,NA,NA
317,"hubline",NA,"HublineFill",10,"HublineFill-1-912-1",2007,6,19,42.3437,-70.90597,"Laminaria sp.","Random",1,"25",4,NA,NA
318,"hubline",NA,"HublineFill",10,"HublineFill-1-913-1",2007,6,19,42.3437,-70.90597,"Laminaria sp.","Random",1,"1",2,NA,NA
319,"hubline",NA,"Site29",10,"Site29-8-914-1",2007,6,20,42.343055,-70.90729,"Laminaria sp.","Random",1,"1",3,NA,NA
320,"hubline",NA,"Site29",10,"Site29-8-916-1",2007,6,20,42.343055,-70.90729,"Laminaria sp.","Random",1,"15",3,NA,NA
321,"hubline",NA,"Site29",10,"Site29-8-917-1",2007,6,20,42.343055,-70.90729,"Laminaria sp.","Random",1,"3",7,NA,NA
322,"hubline",NA,"Site29",10,"Site29-8-918-1",2007,6,20,42.343055,-70.90729,"Laminaria sp.","Random",1,"1",2,NA,NA
323,"hubline",NA,"Site29",10,"Site29-8-919-1",2007,6,20,42.343055,-70.90729,"Laminaria sp.","Random",1,"9",10,NA,NA
324,"hubline",NA,"Site29",10,"Site29-8-920-1",2007,6,20,42.343055,-70.90729,"Laminaria sp.","Random",1,"0.5",2,NA,NA
325,"hubline",NA,"Site29",10,"Site29-8-921-1",2007,6,20,42.343055,-70.90729,"Laminaria sp.","Random",1,"3",18,NA,NA
326,"hubline",NA,"Site29",10,"Site29-8-922-1",2007,6,20,42.343055,-70.90729,"Laminaria sp.","Random",1,"2",9,NA,NA
327,"hubline",NA,"Site29",10,"Site29-8-923-1",2007,6,20,42.343055,-70.90729,"Laminaria sp.","Random",1,"0.5",2,NA,NA
328,"hubline",NA,"Site29",10,"Site29-8-924-1",2007,6,20,42.343055,-70.90729,"Laminaria sp.","Random",1,"1",4,NA,NA
329,"hubline",NA,"Site29",10,"Site29-8-926-1",2007,6,20,42.343055,-70.90729,"Laminaria sp.","Random",1,"0.5",1,NA,NA
330,"hubline",NA,"Site29",10,"Site29-8-927-1",2007,6,20,42.343055,-70.90729,"Laminaria sp.","Random",1,"0.5",4,NA,NA
331,"hubline",NA,"Site29",10,"Site29-8-928-1",2007,6,20,42.343055,-70.90729,"Laminaria sp.","Random",1,"1",3,NA,NA
332,"hubline",NA,"Site29",10,"Site29-8-929-1",2007,6,20,42.343055,-70.90729,"Laminaria sp.","Random",1,"1",3,NA,NA
333,"hubline",NA,"HublineFill",10,"HublineFill-2-930-1",2007,6,20,42.34224,-70.907035,"Laminaria sp.","Random",1,"3",8,NA,NA
334,"hubline",NA,"HublineFill",10,"HublineFill-2-931-1",2007,6,20,42.34224,-70.907035,"Laminaria sp.","Random",1,"0.5",3,NA,NA
335,"hubline",NA,"HublineFill",10,"HublineFill-2-932-1",2007,6,20,42.34224,-70.907035,"Laminaria sp.","Random",1,"0.5",3,NA,NA
336,"hubline",NA,"HublineFill",10,"HublineFill-2-934-1",2007,6,20,42.34224,-70.907035,"Laminaria sp.","Random",1,"0.5",4,NA,NA
337,"hubline",NA,"HublineFill",10,"HublineFill-2-935-1",2007,6,20,42.34224,-70.907035,"Laminaria sp.","Random",1,"1",1,NA,NA
338,"hubline",NA,"HublineFill",10,"HublineFill-2-936-1",2007,6,20,42.34224,-70.907035,"Laminaria sp.","Random",1,"0.5",1,NA,NA
339,"hubline",NA,"HublineFill",10,"HublineFill-2-937-1",2007,6,20,42.34224,-70.907035,"Laminaria sp.","Random",1,"0.5",1,NA,NA
340,"hubline",NA,"HublineFill",10,"HublineFill-2-938-1",2007,6,20,42.34224,-70.907035,"Laminaria sp.","Random",1,"0.5",1,NA,NA
341,"hubline",NA,"HublineFill",10,"HublineFill-2-941-1",2007,6,20,42.34224,-70.907035,"Laminaria sp.","Random",1,"0.5",2,NA,NA
342,"hubline",NA,"HublineFill",10,"HublineFill-2-942-1",2007,6,20,42.34224,-70.907035,"Laminaria sp.","Random",1,"1",2,NA,NA
343,"hubline",NA,"HublineFill",10,"HublineFill-2-943-1",2007,6,20,42.34224,-70.907035,"Laminaria sp.","Random",1,"3",3,NA,NA
344,"hubline",NA,"HublineFill",10,"HublineFill-2-944-1",2007,6,20,42.34224,-70.907035,"Laminaria sp.","Random",1,"1",5,NA,NA
345,"hubline",NA,"HublineFill",10,"HublineFill-2-945-1",2007,6,20,42.34224,-70.907035,"Laminaria sp.","Random",1,"0.5",3,NA,NA
346,"hubline",NA,"Site29",10,"Site29-3-946-1",2007,6,26,42.343695,-70.906405,"Laminaria sp.","Random",1,"5",7,NA,NA
347,"hubline",NA,"Site29",10,"Site29-3-947-1",2007,6,26,42.343695,-70.906405,"Laminaria sp.","Random",1,"1",5,NA,NA
348,"hubline",NA,"Site29",10,"Site29-3-948-1",2007,6,26,42.343695,-70.906405,"Laminaria sp.","Random",1,"5",10,NA,NA
349,"hubline",NA,"Site29",10,"Site29-3-949-1",2007,6,26,42.343695,-70.906405,"Laminaria sp.","Random",1,"3",4,NA,NA
350,"hubline",NA,"Site29",10,"Site29-3-950-1",2007,6,26,42.343695,-70.906405,"Laminaria sp.","Random",1,"2",8,NA,NA
351,"hubline",NA,"Site29",10,"Site29-3-951-1",2007,6,26,42.343695,-70.906405,"Laminaria sp.","Random",1,"3",9,NA,NA
352,"hubline",NA,"Site29",10,"Site29-3-952-1",2007,6,26,42.343695,-70.906405,"Laminaria sp.","Random",1,"3",4,NA,NA
353,"hubline",NA,"Site29",10,"Site29-3-953-1",2007,6,26,42.343695,-70.906405,"Laminaria sp.","Random",1,"5",5,NA,NA
354,"hubline",NA,"Site29",10,"Site29-3-954-1",2007,6,26,42.343695,-70.906405,"Laminaria sp.","Random",1,"1",6,NA,NA
355,"hubline",NA,"Site29",10,"Site29-3-955-1",2007,6,26,42.343695,-70.906405,"Laminaria sp.","Random",1,"2",11,NA,NA
356,"hubline",NA,"Site29",10,"Site29-3-956-1",2007,6,26,42.343695,-70.906405,"Laminaria sp.","Random",1,"2",12,NA,NA
357,"hubline",NA,"Site29",10,"Site29-3-957-1",2007,6,26,42.343695,-70.906405,"Laminaria sp.","Random",1,"4",8,NA,NA
358,"hubline",NA,"Site29",10,"Site29-3-958-1",2007,6,26,42.343695,-70.906405,"Laminaria sp.","Random",1,"0.5",4,NA,NA
359,"hubline",NA,"Site29",10,"Site29-3-959-1",2007,6,26,42.343695,-70.906405,"Laminaria sp.","Random",1,"1",10,NA,NA
360,"hubline",NA,"Site29",10,"Site29-3-960-1",2007,6,26,42.343695,-70.906405,"Laminaria sp.","Random",1,"3",9,NA,NA
361,"hubline",NA,"Site29",10,"Site29-3-961-1",2007,6,26,42.343695,-70.906405,"Laminaria sp.","Random",1,"6",15,NA,NA
362,"hubline",NA,"Site29",10,"Site29-7-962-1",2007,6,26,42.34315,-70.90753,"Laminaria sp.","Random",1,"0.5",2,NA,NA
363,"hubline",NA,"Site29",10,"Site29-7-963-1",2007,6,26,42.34315,-70.90753,"Laminaria sp.","Random",1,"8",20,NA,NA
364,"hubline",NA,"Site29",10,"Site29-7-964-1",2007,6,26,42.34315,-70.90753,"Laminaria sp.","Random",1,"1",12,NA,NA
365,"hubline",NA,"Site29",10,"Site29-7-965-1",2007,6,26,42.34315,-70.90753,"Laminaria sp.","Random",1,"4",3,NA,NA
366,"hubline",NA,"Site29",10,"Site29-7-966-1",2007,6,26,42.34315,-70.90753,"Laminaria sp.","Random",1,"0.5",11,NA,NA
367,"hubline",NA,"Site29",10,"Site29-7-967-1",2007,6,26,42.34315,-70.90753,"Laminaria sp.","Random",1,"1",20,NA,NA
368,"hubline",NA,"Site29",10,"Site29-7-968-1",2007,6,26,42.34315,-70.90753,"Laminaria sp.","Random",1,"8",4,NA,NA
369,"hubline",NA,"Site29",10,"Site29-7-969-1",2007,6,26,42.34315,-70.90753,"Laminaria sp.","Random",1,"0.5",1,NA,NA
370,"hubline",NA,"Site29",10,"Site29-7-970-1",2007,6,26,42.34315,-70.90753,"Laminaria sp.","Random",1,"0.5",1,NA,NA
371,"hubline",NA,"Site29",10,"Site29-7-971-1",2007,6,26,42.34315,-70.90753,"Laminaria sp.","Random",1,"2",12,NA,NA
372,"hubline",NA,"Site29",10,"Site29-7-972-1",2007,6,26,42.34315,-70.90753,"Laminaria sp.","Random",1,"2",9,NA,NA
373,"hubline",NA,"Site29",10,"Site29-7-973-1",2007,6,26,42.34315,-70.90753,"Laminaria sp.","Random",1,"1",24,NA,NA
374,"hubline",NA,"Site29",10,"Site29-7-974-1",2007,6,26,42.34315,-70.90753,"Laminaria sp.","Random",1,"4",28,NA,NA
375,"hubline",NA,"Site29",10,"Site29-7-975-1",2007,6,26,42.34315,-70.90753,"Laminaria sp.","Random",1,"2",8,NA,NA
376,"hubline",NA,"Site29",10,"Site29-7-976-1",2007,6,26,42.34315,-70.90753,"Laminaria sp.","Random",1,"2",3,NA,NA
377,"hubline",NA,"Site29",10,"Site29-7-977-1",2007,6,26,42.34315,-70.90753,"Laminaria sp.","Random",1,"4",6,NA,NA
378,"hubline",NA,"Site29",10,"Site29-4-978-1",2007,6,27,42.343535,-70.907135,"Laminaria sp.","Random",1,"2",10,NA,NA
379,"hubline",NA,"Site29",10,"Site29-4-979-1",2007,6,27,42.343535,-70.907135,"Laminaria sp.","Random",1,"4",11,NA,NA
380,"hubline",NA,"Site29",10,"Site29-4-980-1",2007,6,27,42.343535,-70.907135,"Laminaria sp.","Random",1,"3",12,NA,NA
381,"hubline",NA,"Site29",10,"Site29-4-981-1",2007,6,27,42.343535,-70.907135,"Laminaria sp.","Random",1,"7",11,NA,NA
382,"hubline",NA,"Site29",10,"Site29-4-982-1",2007,6,27,42.343535,-70.907135,"Laminaria sp.","Random",1,"3",18,NA,NA
383,"hubline",NA,"Site29",10,"Site29-4-983-1",2007,6,27,42.343535,-70.907135,"Laminaria sp.","Random",1,"3",4,NA,NA
384,"hubline",NA,"Site29",10,"Site29-4-984-1",2007,6,27,42.343535,-70.907135,"Laminaria sp.","Random",1,"6",8,NA,NA
385,"hubline",NA,"Site29",10,"Site29-4-985-1",2007,6,27,42.343535,-70.907135,"Laminaria sp.","Random",1,"2",16,NA,NA
386,"hubline",NA,"Site29",10,"Site29-4-986-1",2007,6,27,42.343535,-70.907135,"Laminaria sp.","Random",1,"12",5,NA,NA
387,"hubline",NA,"Site29",10,"Site29-4-987-1",2007,6,27,42.343535,-70.907135,"Laminaria sp.","Random",1,"1",5,NA,NA
388,"hubline",NA,"Site29",10,"Site29-4-988-1",2007,6,27,42.343535,-70.907135,"Laminaria sp.","Random",1,"1",1,NA,NA
389,"hubline",NA,"Site29",10,"Site29-4-989-1",2007,6,27,42.343535,-70.907135,"Laminaria sp.","Random",1,"6",29,NA,NA
390,"hubline",NA,"Site29",10,"Site29-4-990-1",2007,6,27,42.343535,-70.907135,"Laminaria sp.","Random",1,"1",7,NA,NA
391,"hubline",NA,"Site29",10,"Site29-4-991-1",2007,6,27,42.343535,-70.907135,"Laminaria sp.","Random",1,"5",4,NA,NA
392,"hubline",NA,"Site29",10,"Site29-4-992-1",2007,6,27,42.343535,-70.907135,"Laminaria sp.","Random",1,"3",2,NA,NA
393,"hubline",NA,"Site29",10,"Site29-4-993-1",2007,6,27,42.343535,-70.907135,"Laminaria sp.","Random",1,"2",9,NA,NA
394,"hubline",NA,"Site29",10,"Site29-3-994-3",2007,7,12,42.343695,-70.906405,"Laminaria sp.","Random",1,"1",4,NA,NA
395,"hubline",NA,"Site29",10,"Site29-3-995-3",2007,7,12,42.343695,-70.906405,"Laminaria sp.","Random",1,"2",5,NA,NA
396,"hubline",NA,"Site29",10,"Site29-3-996-3",2007,7,12,42.343695,-70.906405,"Laminaria sp.","Random",1,"3",8,NA,NA
397,"hubline",NA,"Site29",10,"Site29-3-997-3",2007,7,12,42.343695,-70.906405,"Laminaria sp.","Random",1,"1",2,NA,NA
398,"hubline",NA,"Site29",10,"Site29-3-998-3",2007,7,12,42.343695,-70.906405,"Laminaria sp.","Random",1,"1",4,NA,NA
399,"hubline",NA,"Site29",10,"Site29-3-999-3",2007,7,12,42.343695,-70.906405,"Laminaria sp.","Random",1,"0.5",4,NA,NA
400,"hubline",NA,"Site29",10,"Site29-3-1000-3",2007,7,12,42.343695,-70.906405,"Laminaria sp.","Random",1,"8",3,NA,NA
401,"hubline",NA,"Site29",10,"Site29-3-1001-3",2007,7,12,42.343695,-70.906405,"Agarum cribrosum","Random",1,"2",0,NA,NA
402,"hubline",NA,"Site29",10,"Site29-3-1001-3",2007,7,12,42.343695,-70.906405,"Laminaria sp.","Random",1,"0.5",6,NA,NA
403,"hubline",NA,"Site29",10,"Site29-3-1002-3",2007,7,12,42.343695,-70.906405,"Laminaria sp.","Random",1,"2",7,NA,NA
404,"hubline",NA,"Site29",10,"Site29-3-1003-3",2007,7,12,42.343695,-70.906405,"Laminaria sp.","Random",1,"0.5",4,NA,NA
405,"hubline",NA,"Site29",10,"Site29-3-1004-3",2007,7,12,42.343695,-70.906405,"Laminaria sp.","Random",1,"1",3,NA,NA
406,"hubline",NA,"Site29",10,"Site29-3-1005-3",2007,7,12,42.343695,-70.906405,"Laminaria sp.","Random",1,"0.5",2,NA,NA
407,"hubline",NA,"Site29",10,"Site29-3-1006-3",2007,7,12,42.343695,-70.906405,"Laminaria sp.","Random",1,"1",21,NA,NA
408,"hubline",NA,"Site29",10,"Site29-3-1007-3",2007,7,12,42.343695,-70.906405,"Laminaria sp.","Random",1,"0.5",7,NA,NA
409,"hubline",NA,"Site29",10,"Site29-3-1008-3",2007,7,12,42.343695,-70.906405,"Laminaria sp.","Random",1,"0.5",4,NA,NA
410,"hubline",NA,"Site29",10,"Site29-3-1009-3",2007,7,12,42.343695,-70.906405,"Laminaria sp.","Random",1,"0.5",4,NA,NA
411,"hubline",NA,"Site29",10,"Site29-3-1010-2",2007,7,17,42.343695,-70.906405,"Laminaria sp.","Random",1,"2",2,NA,NA
412,"hubline",NA,"Site29",10,"Site29-3-1012-2",2007,7,17,42.343695,-70.906405,"Laminaria sp.","Random",1,"15",3,NA,NA
413,"hubline",NA,"Site29",10,"Site29-3-1013-2",2007,7,17,42.343695,-70.906405,"Laminaria sp.","Random",1,"2",1,NA,NA
414,"hubline",NA,"Site29",10,"Site29-3-1015-2",2007,7,17,42.343695,-70.906405,"Laminaria sp.","Random",1,"5",1,NA,NA
415,"hubline",NA,"Site29",10,"Site29-3-1017-2",2007,7,17,42.343695,-70.906405,"Laminaria sp.","Random",1,"4",2,NA,NA
416,"hubline",NA,"HublineFill",10,"HublineFill-3-1019-2",2007,7,17,42.342945,-70.90664,"Laminaria sp.","Random",1,"5",4,NA,NA
417,"hubline",NA,"HublineFill",10,"HublineFill-3-1020-2",2007,7,17,42.342945,-70.90664,"Laminaria sp.","Random",1,"0.5",2,NA,NA
418,"hubline",NA,"HublineFill",10,"HublineFill-3-1021-2",2007,7,17,42.342945,-70.90664,"Laminaria sp.","Random",1,"1",2,NA,NA
419,"hubline",NA,"HublineFill",10,"HublineFill-3-1022-2",2007,7,17,42.342945,-70.90664,"Laminaria sp.","Random",1,"0.5",1,NA,NA
420,"hubline",NA,"HublineFill",10,"HublineFill-3-1023-2",2007,7,17,42.342945,-70.90664,"Laminaria sp.","Random",1,"2",2,NA,NA
421,"hubline",NA,"HublineFill",10,"HublineFill-3-1024-2",2007,7,17,42.342945,-70.90664,"Laminaria sp.","Random",1,"6",3,NA,NA
422,"hubline",NA,"HublineFill",10,"HublineFill-3-1026-2",2007,7,17,42.342945,-70.90664,"Laminaria sp.","Random",1,"0.5",3,NA,NA
423,"hubline",NA,"HublineFill",10,"HublineFill-1-1028-3",2007,7,17,42.3437,-70.90597,"Laminaria sp.","Random",1,"1",4,NA,NA
424,"hubline",NA,"HublineFill",10,"HublineFill-1-1029-3",2007,7,17,42.3437,-70.90597,"Laminaria sp.","Random",1,"0.5",2,NA,NA
425,"hubline",NA,"HublineFill",10,"HublineFill-1-1030-3",2007,7,17,42.3437,-70.90597,"Laminaria sp.","Random",1,"0.5",3,NA,NA
426,"hubline",NA,"HublineFill",10,"HublineFill-1-1031-3",2007,7,17,42.3437,-70.90597,"Laminaria sp.","Random",1,"1",2,NA,NA
427,"hubline",NA,"HublineFill",10,"HublineFill-1-1032-3",2007,7,17,42.3437,-70.90597,"Laminaria sp.","Random",1,"1",3,NA,NA
428,"hubline",NA,"HublineFill",10,"HublineFill-1-1033-3",2007,7,17,42.3437,-70.90597,"Laminaria sp.","Random",1,"7",0,NA,NA
429,"hubline",NA,"HublineFill",10,"HublineFill-1-1034-3",2007,7,17,42.3437,-70.90597,"Laminaria sp.","Random",1,"8",0,NA,NA
430,"hubline",NA,"HublineFill",10,"HublineFill-1-1035-3",2007,7,17,42.3437,-70.90597,"Laminaria sp.","Random",1,"5",3,NA,NA
431,"hubline",NA,"HublineFill",10,"HublineFill-1-1036-3",2007,7,17,42.3437,-70.90597,"Laminaria sp.","Random",1,"5",2,NA,NA
432,"hubline",NA,"HublineFill",10,"HublineFill-1-1037-3",2007,7,17,42.3437,-70.90597,"Laminaria sp.","Random",1,"3",2,NA,NA
433,"hubline",NA,"NatReef",10,"NatReef-1-1038-3",2007,7,17,42.33844,-70.912625,"Laminaria sp.","Random",1,"0.5",2,NA,NA
434,"hubline",NA,"NatReef",10,"NatReef-1-1041-3",2007,7,17,42.33844,-70.912625,"Laminaria sp.","Random",1,"3",2,NA,NA
435,"hubline",NA,"NatReef",10,"NatReef-1-1042-3",2007,7,17,42.33844,-70.912625,"Laminaria sp.","Random",1,"1",1,NA,NA
436,"hubline",NA,"Site29",10,"Site29-9-1067-3",2007,7,25,42.34298,-70.907045,"Laminaria sp.","Random",1,"2",1,NA,NA
437,"hubline",NA,"Site29",10,"Site29-9-1068-3",2007,7,25,42.34298,-70.907045,"Laminaria sp.","Random",1,"2",10,NA,NA
438,"hubline",NA,"Site29",10,"Site29-9-1069-3",2007,7,25,42.34298,-70.907045,"Laminaria sp.","Random",1,"5",14,NA,NA
439,"hubline",NA,"Site29",10,"Site29-9-1070-3",2007,7,25,42.34298,-70.907045,"Laminaria sp.","Random",1,"15",9,NA,NA
440,"hubline",NA,"Site29",10,"Site29-9-1071-3",2007,7,25,42.34298,-70.907045,"Laminaria sp.","Random",1,"10",6,NA,NA
441,"hubline",NA,"Site29",10,"Site29-9-1072-3",2007,7,25,42.34298,-70.907045,"Laminaria sp.","Random",1,"10",5,NA,NA
442,"hubline",NA,"Site29",10,"Site29-9-1073-3",2007,7,25,42.34298,-70.907045,"Laminaria sp.","Random",1,"2",8,NA,NA
443,"hubline",NA,"Site29",10,"Site29-9-1074-3",2007,7,25,42.34298,-70.907045,"Laminaria sp.","Random",1,"2",5,NA,NA
444,"hubline",NA,"Site29",10,"Site29-5-1076-2",2007,7,25,42.34342,-70.906995,"Laminaria sp.","Random",1,"0.5",0,NA,NA
445,"hubline",NA,"Site29",10,"Site29-5-1078-2",2007,7,25,42.34342,-70.906995,"Laminaria sp.","Random",1,"5",1,NA,NA
446,"hubline",NA,"Site29",10,"Site29-5-1080-2",2007,7,25,42.34342,-70.906995,"Laminaria sp.","Random",1,"1",1,NA,NA
447,"hubline",NA,"Site29",10,"Site29-5-1084-2",2007,7,25,42.34342,-70.906995,"Laminaria sp.","Random",1,"2",1,NA,NA
448,"hubline",NA,"Site29",10,"Site29-5-1085-2",2007,7,25,42.34342,-70.906995,"Laminaria sp.","Random",1,"6",2,NA,NA
449,"hubline",NA,"Site29",10,"Site29-5-1090-2",2007,7,25,42.34342,-70.906995,"Laminaria sp.","Random",1,"0.5",1,NA,NA
450,"hubline",NA,"Site29",10,"Site29-2-1092-3",2007,7,9,42.34382,-70.90657,"Laminaria sp.","Random",1,"2",1,NA,NA
451,"hubline",NA,"Site29",10,"Site29-2-1096-3",2007,7,9,42.34382,-70.90657,"Laminaria sp.","Random",1,"10",0,NA,NA
452,"hubline",NA,"Site29",10,"Site29-2-1099-3",2007,7,9,42.34382,-70.90657,"Laminaria sp.","Random",1,"0.5",1,NA,NA
453,"hubline",NA,"Site29",10,"Site29-2-1100-3",2007,7,9,42.34382,-70.90657,"Laminaria sp.","Random",1,"2",1,NA,NA
454,"hubline",NA,"Site29",10,"Site29-2-1101-3",2007,7,9,42.34382,-70.90657,"Laminaria sp.","Random",1,"0.5",1,NA,NA
455,"hubline",NA,"Site29",10,"Site29-2-1105-3",2007,7,9,42.34382,-70.90657,"Laminaria sp.","Random",1,"1",1,NA,NA
456,"hubline",NA,"Site29",10,"Site29-1-1107-3",2007,7,9,42.34393,-70.90685,"Laminaria sp.","Random",1,"4",10,NA,NA
457,"hubline",NA,"Site29",10,"Site29-1-1108-3",2007,7,9,42.34393,-70.90685,"Laminaria sp.","Random",1,"6",19,NA,NA
458,"hubline",NA,"Site29",10,"Site29-1-1109-3",2007,7,9,42.34393,-70.90685,"Laminaria sp.","Random",1,"1",11,NA,NA
459,"hubline",NA,"Site29",10,"Site29-1-1110-3",2007,7,9,42.34393,-70.90685,"Laminaria sp.","Random",1,"2",4,NA,NA
460,"hubline",NA,"Site29",10,"Site29-1-1111-3",2007,7,9,42.34393,-70.90685,"Laminaria sp.","Random",1,"2",8,NA,NA
461,"hubline",NA,"Site29",10,"Site29-1-1112-3",2007,7,9,42.34393,-70.90685,"Laminaria sp.","Random",1,"20",20,NA,NA
462,"hubline",NA,"Site29",10,"Site29-1-1113-3",2007,7,9,42.34393,-70.90685,"Laminaria sp.","Random",1,"7",5,NA,NA
463,"hubline",NA,"Site29",10,"Site29-1-1114-3",2007,7,9,42.34393,-70.90685,"Laminaria sp.","Random",1,"6",13,NA,NA
464,"hubline",NA,"Site29",10,"Site29-1-1115-3",2007,7,9,42.34393,-70.90685,"Laminaria sp.","Random",1,"15",10,NA,NA
465,"hubline",NA,"Site29",10,"Site29-1-1116-3",2007,7,9,42.34393,-70.90685,"Laminaria sp.","Random",1,"6",3,NA,NA
466,"hubline",NA,"Site29",10,"Site29-1-1117-3",2007,7,9,42.34393,-70.90685,"Laminaria sp.","Random",1,"4",7,NA,NA
467,"hubline",NA,"Site29",10,"Site29-1-1118-3",2007,7,9,42.34393,-70.90685,"Laminaria sp.","Random",1,"1",3,NA,NA
468,"hubline",NA,"Site29",10,"Site29-1-1119-3",2007,7,9,42.34393,-70.90685,"Laminaria sp.","Random",1,"4",5,NA,NA
469,"hubline",NA,"Site29",10,"Site29-1-1120-3",2007,7,9,42.34393,-70.90685,"Laminaria sp.","Random",1,"20",3,NA,NA
470,"hubline",NA,"Site29",10,"Site29-1-1121-3",2007,7,9,42.34393,-70.90685,"Laminaria sp.","Random",1,"5",3,NA,NA
471,"hubline",NA,"Site29",10,"Site29-1-1122-3",2007,7,9,42.34393,-70.90685,"Laminaria sp.","Random",1,"25",12,NA,NA
472,"hubline",NA,"Site29",10,"Site29-7-1123-2",2007,7,27,42.34315,-70.90753,"Laminaria sp.","Random",1,"0.5",1,NA,NA
473,"hubline",NA,"Site29",10,"Site29-7-1124-2",2007,7,27,42.34315,-70.90753,"Laminaria sp.","Random",1,"10",4,NA,NA
474,"hubline",NA,"Site29",10,"Site29-7-1125-2",2007,7,27,42.34315,-70.90753,"Laminaria sp.","Random",1,"12",3,NA,NA
475,"hubline",NA,"Site29",10,"Site29-7-1126-2",2007,7,27,42.34315,-70.90753,"Laminaria sp.","Random",1,"8",3,NA,NA
476,"hubline",NA,"Site29",10,"Site29-7-1127-2",2007,7,27,42.34315,-70.90753,"Laminaria sp.","Random",1,"2",1,NA,NA
477,"hubline",NA,"Site29",10,"Site29-7-1128-2",2007,7,27,42.34315,-70.90753,"Laminaria sp.","Random",1,"25",3,NA,NA
478,"hubline",NA,"Site29",10,"Site29-7-1129-2",2007,7,27,42.34315,-70.90753,"Laminaria sp.","Random",1,"20",3,NA,NA
479,"hubline",NA,"Site29",10,"Site29-7-1130-2",2007,7,27,42.34315,-70.90753,"Laminaria sp.","Random",1,"7",4,NA,NA
480,"hubline",NA,"Site29",10,"Site29-7-1131-2",2007,7,27,42.34315,-70.90753,"Laminaria sp.","Random",1,"10",8,NA,NA
481,"hubline",NA,"Site29",10,"Site29-7-1132-2",2007,7,27,42.34315,-70.90753,"Laminaria sp.","Random",1,"4",2,NA,NA
482,"hubline",NA,"Site29",10,"Site29-7-1133-2",2007,7,27,42.34315,-70.90753,"Laminaria sp.","Random",1,"4",4,NA,NA
483,"hubline",NA,"Site29",10,"Site29-7-1134-2",2007,7,27,42.34315,-70.90753,"Laminaria sp.","Random",1,"12",9,NA,NA
484,"hubline",NA,"Site29",10,"Site29-7-1135-2",2007,7,27,42.34315,-70.90753,"Laminaria sp.","Random",1,"2",10,NA,NA
485,"hubline",NA,"Site29",10,"Site29-7-1136-2",2007,7,27,42.34315,-70.90753,"Laminaria sp.","Random",1,"18",9,NA,NA
486,"hubline",NA,"Site29",10,"Site29-7-1137-2",2007,7,27,42.34315,-70.90753,"Laminaria sp.","Random",1,"3",2,NA,NA
487,"hubline",NA,"Site29",10,"Site29-7-1138-2",2007,7,27,42.34315,-70.90753,"Laminaria sp.","Random",1,"6",5,NA,NA
488,"hubline",NA,"NatReef",10,"NatReef-2-1139-3",2007,8,1,42.338275,-70.913095,"Laminaria sp.","Random",1,"6",2,NA,NA
489,"hubline",NA,"NatReef",10,"NatReef-2-1140-3",2007,8,1,42.338275,-70.913095,"Laminaria sp.","Random",1,"12",4,NA,NA
490,"hubline",NA,"NatReef",10,"NatReef-2-1141-3",2007,8,1,42.338275,-70.913095,"Laminaria sp.","Random",1,"40",3,NA,NA
491,"hubline",NA,"NatReef",10,"NatReef-2-1142-3",2007,8,1,42.338275,-70.913095,"Laminaria sp.","Random",1,"25",1,NA,NA
492,"hubline",NA,"NatReef",10,"NatReef-2-1143-3",2007,8,1,42.338275,-70.913095,"Laminaria sp.","Random",1,"10",1,NA,NA
493,"hubline",NA,"NatReef",10,"NatReef-2-1144-3",2007,8,1,42.338275,-70.913095,"Laminaria sp.","Random",1,"8",3,NA,NA
494,"hubline",NA,"NatReef",10,"NatReef-2-1145-3",2007,8,1,42.338275,-70.913095,"Laminaria sp.","Random",1,"40",4,NA,NA
495,"hubline",NA,"NatReef",10,"NatReef-2-1146-3",2007,8,1,42.338275,-70.913095,"Laminaria sp.","Random",1,"25",2,NA,NA
496,"hubline",NA,"NatReef",10,"NatReef-2-1147-3",2007,8,1,42.338275,-70.913095,"Laminaria sp.","Random",1,"35",4,NA,NA
497,"hubline",NA,"NatReef",10,"NatReef-2-1148-3",2007,8,1,42.338275,-70.913095,"Laminaria sp.","Random",1,"25",4,NA,NA
498,"hubline",NA,"NatReef",10,"NatReef-2-1149-3",2007,8,1,42.338275,-70.913095,"Laminaria sp.","Random",1,"25",3,NA,NA
499,"hubline",NA,"NatReef",10,"NatReef-2-1150-3",2007,8,1,42.338275,-70.913095,"Laminaria sp.","Random",1,"3",2,NA,NA
500,"hubline",NA,"NatReef",10,"NatReef-2-1151-3",2007,8,1,42.338275,-70.913095,"Laminaria sp.","Random",1,"4",5,NA,NA
501,"hubline",NA,"NatReef",10,"NatReef-2-1152-3",2007,8,1,42.338275,-70.913095,"Laminaria sp.","Random",1,"60",5,NA,NA
502,"hubline",NA,"NatReef",10,"NatReef-2-1153-3",2007,8,1,42.338275,-70.913095,"Laminaria sp.","Random",1,"35",6,NA,NA
503,"hubline",NA,"NatReef",10,"NatReef-2-1154-3",2007,8,1,42.338275,-70.913095,"Laminaria sp.","Random",1,"35",8,NA,NA
504,"hubline",NA,"Site29",10,"Site29-9-1156-1",2008,7,1,42.34298,-70.907045,"Laminaria sp.","Random",1,"6",2,NA,NA
505,"hubline",NA,"Site29",10,"Site29-9-1157-1",2008,7,1,42.34298,-70.907045,"Laminaria sp.","Random",1,"4",1,NA,NA
506,"hubline",NA,"Site29",10,"Site29-9-1158-1",2008,7,1,42.34298,-70.907045,"Laminaria sp.","Random",1,"3",6,NA,NA
507,"hubline",NA,"Site29",10,"Site29-9-1159-1",2008,7,1,42.34298,-70.907045,"Laminaria sp.","Random",1,"18",3,NA,NA
508,"hubline",NA,"Site29",10,"Site29-9-1160-1",2008,7,1,42.34298,-70.907045,"Laminaria sp.","Random",1,"0.5",1,NA,NA
509,"hubline",NA,"Site29",10,"Site29-9-1161-1",2008,7,1,42.34298,-70.907045,"Laminaria sp.","Random",1,"2",0,NA,NA
510,"hubline",NA,"Site29",10,"Site29-9-1162-1",2008,7,1,42.34298,-70.907045,"Laminaria sp.","Random",1,"1",1,NA,NA
511,"hubline",NA,"Site29",10,"Site29-9-1167-1",2008,7,1,42.34298,-70.907045,"Laminaria sp.","Random",1,"3",2,NA,NA
512,"hubline",NA,"Site29",10,"Site29-9-1168-1",2008,7,1,42.34298,-70.907045,"Laminaria sp.","Random",1,"2",0,NA,NA
513,"hubline",NA,"Site29",10,"Site29-9-1169-1",2008,7,1,42.34298,-70.907045,"Laminaria sp.","Random",1,"1",1,NA,NA
514,"hubline",NA,"NatReef",10,"NatReef-1-1171-1",2008,7,15,42.33844,-70.912625,"Laminaria sp.","Random",1,"5",16,NA,NA
515,"hubline",NA,"NatReef",10,"NatReef-1-1172-1",2008,7,15,42.33844,-70.912625,"Laminaria sp.","Random",1,"20",35,NA,NA
516,"hubline",NA,"NatReef",10,"NatReef-1-1173-1",2008,7,15,42.33844,-70.912625,"Laminaria sp.","Random",1,"25",25,NA,NA
517,"hubline",NA,"NatReef",10,"NatReef-1-1174-1",2008,7,15,42.33844,-70.912625,"Laminaria sp.","Random",1,"2",15,NA,NA
518,"hubline",NA,"NatReef",10,"NatReef-1-1175-1",2008,7,15,42.33844,-70.912625,"Laminaria sp.","Random",1,"40",16,NA,NA
519,"hubline",NA,"NatReef",10,"NatReef-1-1176-1",2008,7,15,42.33844,-70.912625,"Laminaria sp.","Random",1,"50",12,NA,NA
520,"hubline",NA,"NatReef",10,"NatReef-1-1177-1",2008,7,15,42.33844,-70.912625,"Laminaria sp.","Random",1,"40",10,NA,NA
521,"hubline",NA,"NatReef",10,"NatReef-1-1178-1",2008,7,15,42.33844,-70.912625,"Laminaria sp.","Random",1,"40",100,NA,NA
522,"hubline",NA,"NatReef",10,"NatReef-1-1180-1",2008,7,15,42.33844,-70.912625,"Laminaria sp.","Random",1,"3",3,NA,NA
523,"hubline",NA,"NatReef",10,"NatReef-1-1181-1",2008,7,15,42.33844,-70.912625,"Laminaria sp.","Random",1,"4",16,NA,NA
524,"hubline",NA,"NatReef",10,"NatReef-1-1182-1",2008,7,15,42.33844,-70.912625,"Laminaria sp.","Random",1,"5",7,NA,NA
525,"hubline",NA,"NatReef",10,"NatReef-1-1183-1",2008,7,15,42.33844,-70.912625,"Laminaria sp.","Random",1,"40",4,NA,NA
526,"hubline",NA,"NatReef",10,"NatReef-1-1184-1",2008,7,15,42.33844,-70.912625,"Laminaria sp.","Random",1,"25",3,NA,NA
527,"hubline",NA,"NatReef",10,"NatReef-1-1185-1",2008,7,15,42.33844,-70.912625,"Laminaria sp.","Random",1,"20",4,NA,NA
528,"hubline",NA,"NatReef",10,"NatReef-1-1186-1",2008,7,15,42.33844,-70.912625,"Laminaria sp.","Random",1,"35",6,NA,NA
529,"hubline",NA,"NatReef",10,"NatReef-1-1187-1",2008,7,8,42.33844,-70.912625,"Laminaria sp.","Random",1,"8",1,NA,NA
530,"hubline",NA,"NatReef",10,"NatReef-1-1189-1",2008,7,8,42.33844,-70.912625,"Laminaria sp.","Random",1,"0.5",1,NA,NA
531,"hubline",NA,"NatReef",10,"NatReef-1-1190-1",2008,7,8,42.33844,-70.912625,"Laminaria sp.","Random",1,"0.5",2,NA,NA
532,"hubline",NA,"NatReef",10,"NatReef-1-1191-1",2008,7,8,42.33844,-70.912625,"Laminaria sp.","Random",1,"0.5",2,NA,NA
533,"hubline",NA,"NatReef",10,"NatReef-1-1192-1",2008,7,8,42.33844,-70.912625,"Laminaria sp.","Random",1,"1",3,NA,NA
534,"hubline",NA,"NatReef",10,"NatReef-1-1193-1",2008,7,8,42.33844,-70.912625,"Laminaria sp.","Random",1,"25",2,NA,NA
535,"hubline",NA,"NatReef",10,"NatReef-1-1194-1",2008,7,8,42.33844,-70.912625,"Laminaria sp.","Random",1,"4",2,NA,NA
536,"hubline",NA,"NatReef",10,"NatReef-1-1195-1",2008,7,8,42.33844,-70.912625,"Laminaria sp.","Random",1,"15",9,NA,NA
537,"hubline",NA,"NatReef",10,"NatReef-1-1196-1",2008,7,8,42.33844,-70.912625,"Laminaria sp.","Random",1,"25",4,NA,NA
538,"hubline",NA,"NatReef",10,"NatReef-1-1197-1",2008,7,8,42.33844,-70.912625,"Laminaria sp.","Random",1,"7",11,NA,NA
539,"hubline",NA,"NatReef",10,"NatReef-1-1198-1",2008,7,8,42.33844,-70.912625,"Laminaria sp.","Random",1,"2",6,NA,NA
540,"hubline",NA,"NatReef",10,"NatReef-1-1199-1",2008,7,8,42.33844,-70.912625,"Laminaria sp.","Random",1,"15",4,NA,NA
541,"hubline",NA,"Site29",10,"Site29-1-1200-1",2008,7,8,42.34393,-70.90685,"Laminaria sp.","Random",1,"3",1,NA,NA
542,"hubline",NA,"Site29",10,"Site29-1-1201-1",2008,7,8,42.34393,-70.90685,"Laminaria sp.","Random",1,"30",1,NA,NA
543,"hubline",NA,"Site29",10,"Site29-1-1202-1",2008,7,8,42.34393,-70.90685,"Laminaria sp.","Random",1,"1",2,NA,NA
544,"hubline",NA,"Site29",10,"Site29-3-1205-1",2008,7,8,42.343695,-70.906405,"Laminaria sp.","Random",1,"1",4,NA,NA
545,"hubline",NA,"Site29",10,"Site29-3-1206-1",2008,7,8,42.343695,-70.906405,"Laminaria sp.","Random",1,"20",8,NA,NA
546,"hubline",NA,"Site29",10,"Site29-3-1207-1",2008,7,8,42.343695,-70.906405,"Laminaria sp.","Random",1,"25",10,NA,NA
547,"hubline",NA,"Site29",10,"Site29-3-1208-1",2008,7,8,42.343695,-70.906405,"Laminaria sp.","Random",1,"20",8,NA,NA
548,"hubline",NA,"Site29",10,"Site29-3-1209-1",2008,7,8,42.343695,-70.906405,"Laminaria sp.","Random",1,"8",14,NA,NA
549,"hubline",NA,"Site29",10,"Site29-3-1210-1",2008,7,8,42.343695,-70.906405,"Laminaria sp.","Random",1,"0.5",1,NA,NA
550,"hubline",NA,"Site29",10,"Site29-3-1212-1",2008,7,8,42.343695,-70.906405,"Laminaria sp.","Random",1,"5",10,NA,NA
551,"hubline",NA,"Site29",10,"Site29-3-1213-1",2008,7,8,42.343695,-70.906405,"Laminaria sp.","Random",1,"3",2,NA,NA
552,"hubline",NA,"Site29",10,"Site29-3-1215-1",2008,7,8,42.343695,-70.906405,"Laminaria sp.","Random",1,"15",7,NA,NA
553,"hubline",NA,"Site29",10,"Site29-3-1216-1",2008,7,8,42.343695,-70.906405,"Laminaria sp.","Random",1,"5",3,NA,NA
554,"hubline",NA,"Site29",10,"Site29-3-1217-1",2008,7,8,42.343695,-70.906405,"Laminaria sp.","Random",1,"30",6,NA,NA
555,"hubline",NA,"Site29",10,"Site29-3-1218-1",2008,7,8,42.343695,-70.906405,"Laminaria sp.","Random",1,"20",2,NA,NA
556,"hubline",NA,"Site29",10,"Site29-2-1219-1",2008,7,15,42.34382,-70.90657,"Laminaria sp.","Random",1,"0.5",1,NA,NA
557,"hubline",NA,"Site29",10,"Site29-2-1220-1",2008,7,15,42.34382,-70.90657,"Laminaria sp.","Random",1,"0.5",3,NA,NA
558,"hubline",NA,"Site29",10,"Site29-2-1221-1",2008,7,15,42.34382,-70.90657,"Laminaria sp.","Random",1,"0.5",2,NA,NA
559,"hubline",NA,"Site29",10,"Site29-2-1222-1",2008,7,15,42.34382,-70.90657,"Laminaria sp.","Random",1,"2",3,NA,NA
560,"hubline",NA,"Site29",10,"Site29-2-1223-1",2008,7,15,42.34382,-70.90657,"Laminaria sp.","Random",1,"3",1,NA,NA
561,"hubline",NA,"Site29",10,"Site29-2-1224-1",2008,7,15,42.34382,-70.90657,"Laminaria sp.","Random",1,"2",7,NA,NA
562,"hubline",NA,"Site29",10,"Site29-2-1225-1",2008,7,15,42.34382,-70.90657,"Laminaria sp.","Random",1,"1",4,NA,NA
563,"hubline",NA,"Site29",10,"Site29-2-1226-1",2008,7,15,42.34382,-70.90657,"Laminaria sp.","Random",1,"2",1,NA,NA
564,"hubline",NA,"Site29",10,"Site29-2-1228-1",2008,7,15,42.34382,-70.90657,"Laminaria sp.","Random",1,"8",3,NA,NA
565,"hubline",NA,"Site29",10,"Site29-2-1229-1",2008,7,15,42.34382,-70.90657,"Laminaria sp.","Random",1,"2",3,NA,NA
566,"hubline",NA,"Site29",10,"Site29-2-1231-1",2008,7,15,42.34382,-70.90657,"Laminaria sp.","Random",1,"0.5",3,NA,NA
567,"hubline",NA,"Site29",10,"Site29-2-1232-1",2008,7,15,42.34382,-70.90657,"Laminaria sp.","Random",1,"0.5",3,NA,NA
568,"hubline",NA,"Site29",10,"Site29-2-1233-1",2008,7,15,42.34382,-70.90657,"Laminaria sp.","Random",1,"0.5",3,NA,NA
569,"hubline",NA,"Site29",10,"Site29-2-1234-1",2008,7,15,42.34382,-70.90657,"Laminaria sp.","Random",1,"5",10,NA,NA
570,"hubline",NA,"HublineFill",10,"HublineFill-3-1235-1",2008,7,17,42.342945,-70.90664,"Laminaria sp.","Random",1,"10",7,NA,NA
571,"hubline",NA,"HublineFill",10,"HublineFill-3-1237-1",2008,7,17,42.342945,-70.90664,"Laminaria sp.","Random",1,"1",2,NA,NA
572,"hubline",NA,"HublineFill",10,"HublineFill-3-1238-1",2008,7,17,42.342945,-70.90664,"Laminaria sp.","Random",1,"0.5",1,NA,NA
573,"hubline",NA,"HublineFill",10,"HublineFill-3-1239-1",2008,7,17,42.342945,-70.90664,"Laminaria sp.","Random",1,"2",2,NA,NA
574,"hubline",NA,"HublineFill",10,"HublineFill-3-1240-1",2008,7,17,42.342945,-70.90664,"Agarum cribrosum","Random",1,"0.5",1,NA,NA
575,"hubline",NA,"HublineFill",10,"HublineFill-3-1240-1",2008,7,17,42.342945,-70.90664,"Laminaria sp.","Random",1,"0.5",1,NA,NA
576,"hubline",NA,"HublineFill",10,"HublineFill-3-1241-1",2008,7,17,42.342945,-70.90664,"Laminaria sp.","Random",1,"5",0,NA,NA
577,"hubline",NA,"HublineFill",10,"HublineFill-3-1242-1",2008,7,17,42.342945,-70.90664,"Laminaria sp.","Random",1,"25",1,NA,NA
578,"hubline",NA,"HublineFill",10,"HublineFill-3-1243-1",2008,7,17,42.342945,-70.90664,"Laminaria sp.","Random",1,"4",2,NA,NA
579,"hubline",NA,"HublineFill",10,"HublineFill-3-1249-1",2008,7,17,42.342945,-70.90664,"Laminaria sp.","Random",1,"10",10,NA,NA
580,"hubline",NA,"HublineFill",10,"HublineFill-3-1250-1",2008,7,17,42.342945,-70.90664,"Laminaria sp.","Random",1,"10",1,NA,NA
581,"hubline",NA,"Site29",10,"Site29-9-1251-1",2009,7,10,42.34298,-70.907045,"Laminaria sp.","Random",1,"3",2,NA,NA
582,"hubline",NA,"Site29",10,"Site29-9-1252-1",2009,7,10,42.34298,-70.907045,"Laminaria sp.","Random",1,"25",5,NA,NA
583,"hubline",NA,"Site29",10,"Site29-9-1253-1",2009,7,10,42.34298,-70.907045,"Laminaria sp.","Random",1,"25",3,NA,NA
584,"hubline",NA,"Site29",10,"Site29-9-1254-1",2009,7,10,42.34298,-70.907045,"Laminaria sp.","Random",1,"30",3,NA,NA
585,"hubline",NA,"Site29",10,"Site29-9-1255-1",2009,7,10,42.34298,-70.907045,"Laminaria sp.","Random",1,"35",2,NA,NA
586,"hubline",NA,"Site29",10,"Site29-9-1256-1",2009,7,10,42.34298,-70.907045,"Laminaria sp.","Random",1,"25",5,NA,NA
587,"hubline",NA,"Site29",10,"Site29-9-1257-1",2009,7,10,42.34298,-70.907045,"Laminaria sp.","Random",1,"12",4,NA,NA
588,"hubline",NA,"Site29",10,"Site29-9-1258-1",2009,7,10,42.34298,-70.907045,"Laminaria sp.","Random",1,"8",3,NA,NA
589,"hubline",NA,"Site29",10,"Site29-9-1259-1",2009,7,10,42.34298,-70.907045,"Laminaria sp.","Random",1,"10",5,NA,NA
590,"hubline",NA,"Site29",10,"Site29-9-1260-1",2009,7,10,42.34298,-70.907045,"Laminaria sp.","Random",1,"30",17,NA,NA
591,"hubline",NA,"Site29",10,"Site29-9-1261-1",2009,7,10,42.34298,-70.907045,"Laminaria sp.","Random",1,"20",18,NA,NA
592,"hubline",NA,"Site29",10,"Site29-9-1262-1",2009,7,10,42.34298,-70.907045,"Laminaria sp.","Random",1,"30",15,NA,NA
593,"hubline",NA,"Site29",10,"Site29-9-1263-1",2009,7,10,42.34298,-70.907045,"Laminaria sp.","Random",1,"25",7,NA,NA
594,"hubline",NA,"Site29",10,"Site29-9-1264-1",2009,7,10,42.34298,-70.907045,"Laminaria sp.","Random",1,"25",9,NA,NA
595,"hubline",NA,"Site29",10,"Site29-9-1265-1",2009,7,10,42.34298,-70.907045,"Laminaria sp.","Random",1,"20",4,NA,NA
596,"hubline",NA,"Site29",10,"Site29-9-1266-1",2009,7,10,42.34298,-70.907045,"Laminaria sp.","Random",1,"10",19,NA,NA
597,"hubline",NA,"Site29",10,"Site29-1-1267-1",2009,7,15,42.34393,-70.90685,"Laminaria sp.","Random",1,"25",5,NA,NA
598,"hubline",NA,"Site29",10,"Site29-1-1268-1",2009,7,15,42.34393,-70.90685,"Laminaria sp.","Random",1,"25",8,NA,NA
599,"hubline",NA,"Site29",10,"Site29-1-1269-1",2009,7,15,42.34393,-70.90685,"Laminaria sp.","Random",1,"10",3,NA,NA
600,"hubline",NA,"Site29",10,"Site29-1-1270-1",2009,7,15,42.34393,-70.90685,"Laminaria sp.","Random",1,"50",9,NA,NA
601,"hubline",NA,"Site29",10,"Site29-1-1271-1",2009,7,15,42.34393,-70.90685,"Laminaria sp.","Random",1,"50",11,NA,NA
602,"hubline",NA,"Site29",10,"Site29-1-1272-1",2009,7,15,42.34393,-70.90685,"Laminaria sp.","Random",1,"40",8,NA,NA
603,"hubline",NA,"Site29",10,"Site29-1-1273-1",2009,7,15,42.34393,-70.90685,"Laminaria sp.","Random",1,"30",6,NA,NA
604,"hubline",NA,"Site29",10,"Site29-1-1274-1",2009,7,15,42.34393,-70.90685,"Laminaria sp.","Random",1,"10",6,NA,NA
605,"hubline",NA,"Site29",10,"Site29-1-1275-1",2009,7,15,42.34393,-70.90685,"Laminaria sp.","Random",1,"40",6,NA,NA
606,"hubline",NA,"Site29",10,"Site29-1-1276-1",2009,7,15,42.34393,-70.90685,"Laminaria sp.","Random",1,"40",11,NA,NA
607,"hubline",NA,"Site29",10,"Site29-1-1277-1",2009,7,15,42.34393,-70.90685,"Laminaria sp.","Random",1,"20",10,NA,NA
608,"hubline",NA,"Site29",10,"Site29-1-1278-1",2009,7,15,42.34393,-70.90685,"Laminaria sp.","Random",1,"35",10,NA,NA
609,"hubline",NA,"Site29",10,"Site29-1-1279-1",2009,7,15,42.34393,-70.90685,"Laminaria sp.","Random",1,"25",5,NA,NA
610,"hubline",NA,"Site29",10,"Site29-1-1280-1",2009,7,15,42.34393,-70.90685,"Laminaria sp.","Random",1,"60",8,NA,NA
611,"hubline",NA,"Site29",10,"Site29-1-1281-1",2009,7,15,42.34393,-70.90685,"Laminaria sp.","Random",1,"20",3,NA,NA
612,"hubline",NA,"Site29",10,"Site29-1-1282-1",2009,7,15,42.34393,-70.90685,"Laminaria sp.","Random",1,"10",9,NA,NA
613,"hubline",NA,"NatReef",10,"NatReef-3-1283-1",2009,7,16,42.338285,-70.91209,"Laminaria sp.","Random",1,"25",4,NA,NA
614,"hubline",NA,"NatReef",10,"NatReef-3-1284-1",2009,7,16,42.338285,-70.91209,"Laminaria sp.","Random",1,"20",3,NA,NA
615,"hubline",NA,"NatReef",10,"NatReef-3-1285-1",2009,7,16,42.338285,-70.91209,"Laminaria sp.","Random",1,"5",1,NA,NA
616,"hubline",NA,"NatReef",10,"NatReef-3-1286-1",2009,7,16,42.338285,-70.91209,"Laminaria sp.","Random",1,"5",3,NA,NA
617,"hubline",NA,"NatReef",10,"NatReef-3-1287-1",2009,7,16,42.338285,-70.91209,"Laminaria sp.","Random",1,"50",6,NA,NA
618,"hubline",NA,"NatReef",10,"NatReef-3-1288-1",2009,7,16,42.338285,-70.91209,"Laminaria sp.","Random",1,"10",6,NA,NA
619,"hubline",NA,"NatReef",10,"NatReef-3-1289-1",2009,7,16,42.338285,-70.91209,"Laminaria sp.","Random",1,"15",11,NA,NA
620,"hubline",NA,"NatReef",10,"NatReef-3-1290-1",2009,7,16,42.338285,-70.91209,"Laminaria sp.","Random",1,"20",7,NA,NA
621,"hubline",NA,"NatReef",10,"NatReef-3-1291-1",2009,7,16,42.338285,-70.91209,"Laminaria sp.","Random",1,"20",6,NA,NA
622,"hubline",NA,"NatReef",10,"NatReef-3-1292-1",2009,7,16,42.338285,-70.91209,"Laminaria sp.","Random",1,"10",2,NA,NA
623,"hubline",NA,"NatReef",10,"NatReef-3-1293-1",2009,7,16,42.338285,-70.91209,"Laminaria sp.","Random",1,"8",4,NA,NA
624,"hubline",NA,"NatReef",10,"NatReef-3-1294-1",2009,7,16,42.338285,-70.91209,"Laminaria sp.","Random",1,"30",7,NA,NA
625,"hubline",NA,"NatReef",10,"NatReef-3-1295-1",2009,7,16,42.338285,-70.91209,"Laminaria sp.","Random",1,"25",4,NA,NA
626,"hubline",NA,"NatReef",10,"NatReef-3-1296-1",2009,7,16,42.338285,-70.91209,"Laminaria sp.","Random",1,"5",4,NA,NA
627,"hubline",NA,"NatReef",10,"NatReef-3-1297-1",2009,7,16,42.338285,-70.91209,"Laminaria sp.","Random",1,"15",8,NA,NA
628,"hubline",NA,"NatReef",10,"NatReef-3-1298-1",2009,7,16,42.338285,-70.91209,"Laminaria sp.","Random",1,"5",2,NA,NA
629,"hubline",NA,"NatReef",10,"NatReef-1-1299-1",2009,7,16,42.33844,-70.912625,"Laminaria sp.","Random",1,"8",3,NA,NA
630,"hubline",NA,"NatReef",10,"NatReef-1-1300-1",2009,7,16,42.33844,-70.912625,"Laminaria sp.","Random",1,"12",6,NA,NA
631,"hubline",NA,"NatReef",10,"NatReef-1-1301-1",2009,7,16,42.33844,-70.912625,"Laminaria sp.","Random",1,"5",3,NA,NA
632,"hubline",NA,"NatReef",10,"NatReef-1-1302-1",2009,7,16,42.33844,-70.912625,"Laminaria sp.","Random",1,"20",6,NA,NA
633,"hubline",NA,"NatReef",10,"NatReef-1-1303-1",2009,7,16,42.33844,-70.912625,"Laminaria sp.","Random",1,"10",2,NA,NA
634,"hubline",NA,"NatReef",10,"NatReef-1-1304-1",2009,7,16,42.33844,-70.912625,"Laminaria sp.","Random",1,"5",2,NA,NA
635,"hubline",NA,"NatReef",10,"NatReef-1-1305-1",2009,7,16,42.33844,-70.912625,"Laminaria sp.","Random",1,"12",4,NA,NA
636,"hubline",NA,"NatReef",10,"NatReef-1-1306-1",2009,7,16,42.33844,-70.912625,"Laminaria sp.","Random",1,"8",3,NA,NA
637,"hubline",NA,"NatReef",10,"NatReef-1-1307-1",2009,7,16,42.33844,-70.912625,"Laminaria sp.","Random",1,"20",6,NA,NA
638,"hubline",NA,"NatReef",10,"NatReef-1-1308-1",2009,7,16,42.33844,-70.912625,"Laminaria sp.","Random",1,"10",4,NA,NA
639,"hubline",NA,"NatReef",10,"NatReef-1-1309-1",2009,7,16,42.33844,-70.912625,"Laminaria sp.","Random",1,"15",2,NA,NA
640,"hubline",NA,"NatReef",10,"NatReef-1-1310-1",2009,7,16,42.33844,-70.912625,"Laminaria sp.","Random",1,"1",1,NA,NA
641,"hubline",NA,"NatReef",10,"NatReef-1-1311-1",2009,7,16,42.33844,-70.912625,"Laminaria sp.","Random",1,"15",5,NA,NA
642,"hubline",NA,"NatReef",10,"NatReef-1-1312-1",2009,7,16,42.33844,-70.912625,"Laminaria sp.","Random",1,"20",5,NA,NA
643,"hubline",NA,"NatReef",10,"NatReef-1-1313-1",2009,7,16,42.33844,-70.912625,"Laminaria sp.","Random",1,"20",3,NA,NA
644,"hubline",NA,"NatReef",10,"NatReef-1-1314-1",2009,7,16,42.33844,-70.912625,"Laminaria sp.","Random",1,"50",11,NA,NA
645,"hubline",NA,"Site29",10,"Site29-9-1315-1",2010,7,29,42.34298,-70.907045,"Laminaria sp.","Random",1,"35",6,NA,NA
646,"hubline",NA,"Site29",10,"Site29-9-1316-1",2010,7,29,42.34298,-70.907045,"Laminaria sp.","Random",1,"15",4,NA,NA
647,"hubline",NA,"Site29",10,"Site29-9-1317-1",2010,7,29,42.34298,-70.907045,"Laminaria sp.","Random",1,"1",3,NA,NA
648,"hubline",NA,"Site29",10,"Site29-9-1318-1",2010,7,29,42.34298,-70.907045,"Laminaria sp.","Random",1,"0.5",2,NA,NA
649,"hubline",NA,"Site29",10,"Site29-9-1319-1",2010,7,29,42.34298,-70.907045,"Laminaria sp.","Random",1,"25",3,NA,NA
650,"hubline",NA,"Site29",10,"Site29-9-1320-1",2010,7,29,42.34298,-70.907045,"Laminaria sp.","Random",1,"2",3,NA,NA
651,"hubline",NA,"Site29",10,"Site29-9-1321-1",2010,7,29,42.34298,-70.907045,"Laminaria sp.","Random",1,"2",4,NA,NA
652,"hubline",NA,"Site29",10,"Site29-9-1322-1",2010,7,29,42.34298,-70.907045,"Laminaria sp.","Random",1,"1",3,NA,NA
653,"hubline",NA,"Site29",10,"Site29-9-1323-1",2010,7,29,42.34298,-70.907045,"Laminaria sp.","Random",1,"0.5",1,NA,NA
654,"hubline",NA,"Site29",10,"Site29-9-1324-1",2010,7,29,42.34298,-70.907045,"Laminaria sp.","Random",1,"1",3,NA,NA
655,"hubline",NA,"Site29",10,"Site29-9-1326-1",2010,7,29,42.34298,-70.907045,"Laminaria sp.","Random",1,"1",8,NA,NA
656,"hubline",NA,"Site29",10,"Site29-9-1327-1",2010,7,29,42.34298,-70.907045,"Laminaria sp.","Random",1,"8",8,NA,NA
657,"hubline",NA,"Site29",10,"Site29-9-1329-1",2010,7,29,42.34298,-70.907045,"Laminaria sp.","Random",1,"8",8,NA,NA
658,"hubline",NA,"Site29",10,"Site29-9-1330-1",2010,7,29,42.34298,-70.907045,"Laminaria sp.","Random",1,"20",3,NA,NA
659,"hubline",NA,"NatReef",10,"NatReef-1-1331-1",2010,8,3,42.33844,-70.912625,"Laminaria sp.","Random",1,"35",10,NA,NA
660,"hubline",NA,"NatReef",10,"NatReef-1-1332-1",2010,8,3,42.33844,-70.912625,"Laminaria sp.","Random",1,"10",3,NA,NA
661,"hubline",NA,"NatReef",10,"NatReef-1-1333-1",2010,8,3,42.33844,-70.912625,"Laminaria sp.","Random",1,"20",7,NA,NA
662,"hubline",NA,"NatReef",10,"NatReef-1-1334-1",2010,8,3,42.33844,-70.912625,"Laminaria sp.","Random",1,"50",6,NA,NA
663,"hubline",NA,"NatReef",10,"NatReef-1-1335-1",2010,8,3,42.33844,-70.912625,"Laminaria sp.","Random",1,"50",5,NA,NA
664,"hubline",NA,"NatReef",10,"NatReef-1-1336-1",2010,8,3,42.33844,-70.912625,"Laminaria sp.","Random",1,"50",4,NA,NA
665,"hubline",NA,"NatReef",10,"NatReef-1-1337-1",2010,8,3,42.33844,-70.912625,"Laminaria sp.","Random",1,"5",3,NA,NA
666,"hubline",NA,"NatReef",10,"NatReef-1-1339-1",2010,8,3,42.33844,-70.912625,"Laminaria sp.","Random",1,"5",1,NA,NA
667,"hubline",NA,"NatReef",10,"NatReef-1-1340-1",2010,8,3,42.33844,-70.912625,"Laminaria sp.","Random",1,"40",3,NA,NA
668,"hubline",NA,"NatReef",10,"NatReef-1-1341-1",2010,8,3,42.33844,-70.912625,"Laminaria sp.","Random",1,"10",8,NA,NA
669,"hubline",NA,"NatReef",10,"NatReef-1-1343-1",2010,8,3,42.33844,-70.912625,"Laminaria sp.","Random",1,"10",8,NA,NA
670,"hubline",NA,"NatReef",10,"NatReef-1-1344-1",2010,8,3,42.33844,-70.912625,"Laminaria sp.","Random",1,"10",5,NA,NA
671,"hubline",NA,"NatReef",10,"NatReef-1-1346-1",2010,8,3,42.33844,-70.912625,"Laminaria sp.","Random",1,"20",15,NA,NA
672,"hubline",NA,"NatReef",10,"NatReef-1-1347-1",2010,8,3,42.33844,-70.912625,"Laminaria sp.","Random",1,"20",20,NA,NA
673,"hubline",NA,"NatReef",10,"NatReef-1-1348-1",2010,8,3,42.33844,-70.912625,"Laminaria sp.","Random",1,"15",14,NA,NA
674,"hubline",NA,"NatReef",10,"NatReef-1-1349-1",2010,7,29,42.33844,-70.912625,"Laminaria sp.","Random",1,"0.5",1,NA,NA
675,"hubline",NA,"Site29",10,"Site29-1-1350-1",2010,7,29,42.34393,-70.90685,"Laminaria sp.","Random",1,"1",5,NA,NA
676,"hubline",NA,"Site29",10,"Site29-1-1351-1",2010,7,29,42.34393,-70.90685,"Laminaria sp.","Random",1,"5",2,NA,NA
677,"hubline",NA,"Site29",10,"Site29-1-1352-1",2010,7,29,42.34393,-70.90685,"Laminaria sp.","Random",1,"1",1,NA,NA
678,"hubline",NA,"Site29",10,"Site29-1-1354-1",2010,7,29,42.34393,-70.90685,"Laminaria sp.","Random",1,"2",4,NA,NA
679,"hubline",NA,"Site29",10,"Site29-1-1355-1",2010,7,29,42.34393,-70.90685,"Laminaria sp.","Random",1,"5",5,NA,NA
680,"hubline",NA,"Site29",10,"Site29-1-1356-1",2010,7,29,42.34393,-70.90685,"Laminaria sp.","Random",1,"3",3,NA,NA
681,"hubline",NA,"Site29",10,"Site29-1-1357-1",2010,7,29,42.34393,-70.90685,"Laminaria sp.","Random",1,"6",6,NA,NA
682,"hubline",NA,"Site29",10,"Site29-1-1358-1",2010,7,29,42.34393,-70.90685,"Laminaria sp.","Random",1,"2",2,NA,NA
683,"hubline",NA,"Site29",10,"Site29-1-1359-1",2010,7,29,42.34393,-70.90685,"Laminaria sp.","Random",1,"20",10,NA,NA
684,"hubline",NA,"Site29",10,"Site29-1-1360-1",2010,7,29,42.34393,-70.90685,"Laminaria sp.","Random",1,"4",4,NA,NA
685,"hubline",NA,"Site29",10,"Site29-1-1361-1",2010,7,29,42.34393,-70.90685,"Laminaria sp.","Random",1,"1",5,NA,NA
686,"hubline",NA,"Site29",10,"Site29-1-1362-1",2010,7,29,42.34393,-70.90685,"Laminaria sp.","Random",1,"2",3,NA,NA
687,"hubline",NA,"Site29",10,"Site29-1-1363-1",2010,7,29,42.34393,-70.90685,"Laminaria sp.","Random",1,"30",7,NA,NA
688,"hubline",NA,"Site29",10,"Site29-3-1365-1",2010,8,3,42.343695,-70.906405,"Laminaria sp.","Random",1,"10",6,NA,NA
689,"hubline",NA,"Site29",10,"Site29-3-1366-1",2010,8,3,42.343695,-70.906405,"Laminaria sp.","Random",1,"8",6,NA,NA
690,"hubline",NA,"NatReef",10,"NatReef-3-1367-1",2010,8,3,42.338285,-70.91209,"Laminaria sp.","Random",1,"5",3,NA,NA
691,"hubline",NA,"NatReef",10,"NatReef-3-1369-1",2010,8,3,42.338285,-70.91209,"Laminaria sp.","Random",1,"2",1,NA,NA
692,"hubline",NA,"NatReef",10,"NatReef-3-1370-1",2010,8,3,42.338285,-70.91209,"Laminaria sp.","Random",1,"15",1,NA,NA
693,"hubline",NA,"NatReef",10,"NatReef-3-1371-1",2010,8,3,42.338285,-70.91209,"Laminaria sp.","Random",1,"1",1,NA,NA
694,"hubline",NA,"NatReef",10,"NatReef-3-1372-1",2010,8,3,42.338285,-70.91209,"Laminaria sp.","Random",1,"1",2,NA,NA
695,"hubline",NA,"NatReef",10,"NatReef-3-1373-1",2010,8,3,42.338285,-70.91209,"Laminaria sp.","Random",1,"1",1,NA,NA
696,"hubline",NA,"NatReef",10,"NatReef-3-1374-1",2010,8,3,42.338285,-70.91209,"Laminaria sp.","Random",1,"0.5",4,NA,NA
697,"hubline",NA,"NatReef",10,"NatReef-3-1375-1",2010,8,3,42.338285,-70.91209,"Laminaria sp.","Random",1,"2",5,NA,NA
698,"hubline",NA,"NatReef",10,"NatReef-3-1376-1",2010,8,3,42.338285,-70.91209,"Laminaria sp.","Random",1,"10",7,NA,NA
699,"hubline",NA,"NatReef",10,"NatReef-3-1377-1",2010,8,3,42.338285,-70.91209,"Laminaria sp.","Random",1,"2",5,NA,NA
700,"hubline",NA,"NatReef",10,"NatReef-3-1378-1",2010,8,3,42.338285,-70.91209,"Agarum cribrosum","Random",1,"5",2,NA,NA
701,"hubline",NA,"NatReef",10,"NatReef-3-1378-1",2010,8,3,42.338285,-70.91209,"Laminaria sp.","Random",1,"2",5,NA,NA
702,"hubline",NA,"NatReef",10,"NatReef-3-1379-1",2010,8,3,42.338285,-70.91209,"Laminaria sp.","Random",1,"5",5,NA,NA
703,"hubline",NA,"NatReef",10,"NatReef-1-1380-1",2010,7,29,42.33844,-70.912625,"Laminaria sp.","Random",1,"2",7,NA,NA
704,"hubline",NA,"Site29",10,"Site29-1-1381-1",2012,7,24,42.34393,-70.90685,"Laminaria sp.","Random",1,"5",2,NA,NA
705,"hubline",NA,"Site29",10,"Site29-1-1382-1",2012,7,24,42.34393,-70.90685,"Laminaria sp.","Random",1,"20",4,NA,NA
706,"hubline",NA,"Site29",10,"Site29-1-1383-1",2012,7,24,42.34393,-70.90685,"Laminaria sp.","Random",1,"20",4,NA,NA
707,"hubline",NA,"Site29",10,"Site29-1-1384-1",2012,7,24,42.34393,-70.90685,"Laminaria sp.","Random",1,"10",2,NA,NA
708,"hubline",NA,"Site29",10,"Site29-1-1385-1",2012,7,24,42.34393,-70.90685,"Laminaria sp.","Random",1,"5",2,NA,NA
709,"hubline",NA,"Site29",10,"Site29-1-1386-1",2012,7,24,42.34393,-70.90685,"Laminaria sp.","Random",1,"15",2,NA,NA
710,"hubline",NA,"Site29",10,"Site29-1-1387-1",2012,7,24,42.34393,-70.90685,"Laminaria sp.","Random",1,"20",1,NA,NA
711,"hubline",NA,"Site29",10,"Site29-1-1388-1",2012,7,24,42.34393,-70.90685,"Laminaria sp.","Random",1,"5",1,NA,NA
712,"hubline",NA,"Site29",10,"Site29-1-1389-1",2012,7,24,42.34393,-70.90685,"Laminaria sp.","Random",1,"1",2,NA,NA
713,"hubline",NA,"Site29",10,"Site29-1-1390-1",2012,7,24,42.34393,-70.90685,"Laminaria sp.","Random",1,"15",2,NA,NA
714,"hubline",NA,"Site29",10,"Site29-1-1391-1",2012,7,24,42.34393,-70.90685,"Laminaria sp.","Random",1,"15",2,NA,NA
715,"hubline",NA,"Site29",10,"Site29-1-1392-1",2012,7,24,42.34393,-70.90685,"Laminaria sp.","Random",1,"60",4,NA,NA
716,"hubline",NA,"Site29",10,"Site29-1-1393-1",2012,7,24,42.34393,-70.90685,"Laminaria sp.","Random",1,"40",2,NA,NA
717,"hubline",NA,"Site29",10,"Site29-1-1394-1",2012,7,24,42.34393,-70.90685,"Laminaria sp.","Random",1,"5",1,NA,NA
718,"hubline",NA,"Site29",10,"Site29-1-1395-1",2012,7,24,42.34393,-70.90685,"Laminaria sp.","Random",1,"10",1,NA,NA
719,"hubline",NA,"Site29",10,"Site29-1-1396-1",2012,7,24,42.34393,-70.90685,"Laminaria sp.","Random",1,"1",1,NA,NA
720,"hubline",NA,"Site29",10,"Site29-9-1397-1",2012,7,24,42.34298,-70.907045,"Laminaria sp.","Random",1,"8",2,NA,NA
721,"hubline",NA,"Site29",10,"Site29-9-1399-1",2012,7,24,42.34298,-70.907045,"Laminaria sp.","Random",1,"15",2,NA,NA
722,"hubline",NA,"Site29",10,"Site29-9-1400-1",2012,7,24,42.34298,-70.907045,"Laminaria sp.","Random",1,"40",2,NA,NA
723,"hubline",NA,"Site29",10,"Site29-9-1401-1",2012,7,24,42.34298,-70.907045,"Laminaria sp.","Random",1,"0.5",0,NA,NA
724,"hubline",NA,"Site29",10,"Site29-9-1402-1",2012,7,24,42.34298,-70.907045,"Laminaria sp.","Random",1,"0.5",1,NA,NA
725,"hubline",NA,"Site29",10,"Site29-9-1403-1",2012,7,24,42.34298,-70.907045,"Laminaria sp.","Random",1,"1",3,NA,NA
726,"hubline",NA,"Site29",10,"Site29-9-1404-1",2012,7,24,42.34298,-70.907045,"Laminaria sp.","Random",1,"20",2,NA,NA
727,"hubline",NA,"Site29",10,"Site29-9-1407-1",2012,7,24,42.34298,-70.907045,"Laminaria sp.","Random",1,"10",1,NA,NA
728,"hubline",NA,"Site29",10,"Site29-9-1408-1",2012,7,24,42.34298,-70.907045,"Laminaria sp.","Random",1,"20",2,NA,NA
729,"hubline",NA,"Site29",10,"Site29-9-1409-1",2012,7,24,42.34298,-70.907045,"Laminaria sp.","Random",1,"2",1,NA,NA
730,"hubline",NA,"Site29",10,"Site29-9-1410-1",2012,7,24,42.34298,-70.907045,"Laminaria sp.","Random",1,"0.5",1,NA,NA
731,"hubline",NA,"Site29",10,"Site29-9-1411-1",2012,7,24,42.34298,-70.907045,"Laminaria sp.","Random",1,"0.5",1,NA,NA
732,"hubline",NA,"Site29",10,"Site29-9-1412-1",2012,7,24,42.34298,-70.907045,"Laminaria sp.","Random",1,"20",3,NA,NA
733,"hubline",NA,"NatReef",10,"NatReef-1-1413-1",2012,7,25,42.33844,-70.912625,"Laminaria sp.","Random",1,"5",3,NA,NA
734,"hubline",NA,"NatReef",10,"NatReef-1-1414-1",2012,7,25,42.33844,-70.912625,"Laminaria sp.","Random",1,"10",2,NA,NA
735,"hubline",NA,"NatReef",10,"NatReef-1-1415-1",2012,7,25,42.33844,-70.912625,"Laminaria sp.","Random",1,"0.5",1,NA,NA
736,"hubline",NA,"NatReef",10,"NatReef-1-1416-1",2012,7,25,42.33844,-70.912625,"Laminaria sp.","Random",1,"3",1,NA,NA
737,"hubline",NA,"NatReef",10,"NatReef-1-1417-1",2012,7,25,42.33844,-70.912625,"Laminaria sp.","Random",1,"10",2,NA,NA
738,"hubline",NA,"NatReef",10,"NatReef-1-1419-1",2012,7,25,42.33844,-70.912625,"Laminaria sp.","Random",1,"15",2,NA,NA
739,"hubline",NA,"NatReef",10,"NatReef-1-1422-1",2012,7,25,42.33844,-70.912625,"Laminaria sp.","Random",1,"1",1,NA,NA
740,"hubline",NA,"NatReef",10,"NatReef-1-1423-1",2012,7,25,42.33844,-70.912625,"Laminaria sp.","Random",1,"7",2,NA,NA
741,"hubline",NA,"NatReef",10,"NatReef-1-1424-1",2012,7,25,42.33844,-70.912625,"Laminaria sp.","Random",1,"5",4,NA,NA
742,"hubline",NA,"NatReef",10,"NatReef-1-1425-1",2012,7,25,42.33844,-70.912625,"Laminaria sp.","Random",1,"8",3,NA,NA
743,"hubline",NA,"NatReef",10,"NatReef-1-1426-1",2012,7,25,42.33844,-70.912625,"Laminaria sp.","Random",1,"25",3,NA,NA
744,"hubline",NA,"NatReef",10,"NatReef-1-1428-1",2012,7,25,42.33844,-70.912625,"Laminaria sp.","Random",1,"2",1,NA,NA
745,"hubline",NA,"NatReef",10,"NatReef-3-1429-1",2012,7,25,42.338285,-70.91209,"Laminaria sp.","Random",1,"3",1,NA,NA
746,"hubline",NA,"NatReef",10,"NatReef-3-1431-1",2012,7,25,42.338285,-70.91209,"Agarum cribrosum","Random",1,"5",1,NA,NA
747,"hubline",NA,"NatReef",10,"NatReef-3-1431-1",2012,7,25,42.338285,-70.91209,"Laminaria sp.","Random",1,"0.5",1,NA,NA
748,"hubline",NA,"NatReef",10,"NatReef-3-1432-1",2012,7,25,42.338285,-70.91209,"Agarum cribrosum","Random",1,"5",1,NA,NA
749,"hubline",NA,"NatReef",10,"NatReef-3-1438-1",2012,7,25,42.338285,-70.91209,"Laminaria sp.","Random",1,"0.5",1,NA,NA
750,"hubline",NA,"NatReef",10,"NatReef-3-1439-1",2012,7,25,42.338285,-70.91209,"Laminaria sp.","Random",1,"1",1,NA,NA
751,"hubline",NA,"NatReef",10,"NatReef-3-1443-1",2012,7,25,42.338285,-70.91209,"Laminaria sp.","Random",1,"1",2,NA,NA
752,"hubline",NA,"Site29",10,"Site29-1-1445-1",2013,8,7,42.34393,-70.90685,"Laminaria sp.","Random",1,"40",0,NA,NA
753,"hubline",NA,"Site29",10,"Site29-1-1446-1",2013,8,7,42.34393,-70.90685,"Laminaria sp.","Random",1,"3",3,NA,NA
754,"hubline",NA,"Site29",10,"Site29-1-1447-1",2013,8,7,42.34393,-70.90685,"Laminaria sp.","Random",1,"4",3,NA,NA
755,"hubline",NA,"NatReef",10,"NatReef-1-1448-1",2013,8,7,42.33844,-70.912625,"Laminaria sp.","Random",1,"10",3,NA,NA
756,"hubline",NA,"NatReef",10,"NatReef-1-1449-1",2013,8,7,42.33844,-70.912625,"Laminaria sp.","Random",1,"6",5,NA,NA
757,"hubline",NA,"NatReef",10,"NatReef-1-1450-1",2013,8,7,42.33844,-70.912625,"Laminaria sp.","Random",1,"30",5,NA,NA
758,"hubline",NA,"Site29",10,"Site29-1-1452-1",2013,8,7,42.34393,-70.90685,"Laminaria sp.","Random",1,"2",0,NA,NA
759,"hubline",NA,"Site29",10,"Site29-1-1453-1",2013,8,7,42.34393,-70.90685,"Agarum cribrosum","Random",1,"5",2,NA,NA
760,"hubline",NA,"Site29",10,"Site29-1-1454-1",2013,8,7,42.34393,-70.90685,"Agarum cribrosum","Random",1,"5",1,NA,NA
761,"hubline",NA,"Site29",10,"Site29-1-1455-1",2013,8,7,42.34393,-70.90685,"Agarum cribrosum","Random",1,"20",0,NA,NA
762,"hubline",NA,"Site29",10,"Site29-1-1456-1",2013,8,7,42.34393,-70.90685,"Laminaria sp.","Random",1,"5",3,NA,NA
763,"hubline",NA,"Site29",10,"Site29-1-1457-1",2013,8,7,42.34393,-70.90685,"Laminaria sp.","Random",1,"1",1,NA,NA
764,"hubline",NA,"Site29",10,"Site29-1-1458-1",2013,8,7,42.34393,-70.90685,"Laminaria sp.","Random",1,"1",1,NA,NA
765,"hubline",NA,"Site29",10,"Site29-1-1459-1",2013,8,7,42.34393,-70.90685,"Laminaria sp.","Random",1,"5",2,NA,NA
766,"hubline",NA,"Site29",10,"Site29-1-1460-1",2013,8,7,42.34393,-70.90685,"Laminaria sp.","Random",1,"5",1,NA,NA
767,"hubline",NA,"Site29",10,"Site29-1-1465-1",2013,8,7,42.34393,-70.90685,"Laminaria sp.","Random",1,"0.5",2,NA,NA
768,"hubline",NA,"Site29",10,"Site29-1-1467-1",2013,8,7,42.34393,-70.90685,"Laminaria sp.","Random",1,"2",3,NA,NA
769,"hubline",NA,"Site29",10,"Site29-1-1469-1",2013,8,7,42.34393,-70.90685,"Laminaria sp.","Random",1,"3",3,NA,NA
770,"hubline",NA,"NatReef",10,"NatReef-1-1470-1",2013,8,7,42.33844,-70.912625,"Laminaria sp.","Random",1,"2",1,NA,NA
771,"hubline",NA,"NatReef",10,"NatReef-1-1471-1",2013,8,7,42.33844,-70.912625,"Laminaria sp.","Random",1,"0.5",4,NA,NA
772,"hubline",NA,"NatReef",10,"NatReef-1-1472-1",2013,8,7,42.33844,-70.912625,"Laminaria sp.","Random",1,"5",4,NA,NA
773,"hubline",NA,"NatReef",10,"NatReef-1-1474-1",2013,8,7,42.33844,-70.912625,"Laminaria sp.","Random",1,"0.5",1,NA,NA
774,"hubline",NA,"NatReef",10,"NatReef-1-1476-1",2013,8,7,42.33844,-70.912625,"Laminaria sp.","Random",1,"0.5",1,NA,NA
775,"hubline",NA,"NatReef",10,"NatReef-1-1480-1",2013,8,7,42.33844,-70.912625,"Agarum cribrosum","Random",1,"4",2,NA,NA
776,"hubline",NA,"NatReef",10,"NatReef-1-1481-1",2013,8,7,42.33844,-70.912625,"Agarum cribrosum","Random",1,"10",0,NA,NA
777,"hubline",NA,"NatReef",10,"NatReef-3-1483-1",2013,8,7,42.338285,-70.91209,"Laminaria sp.","Random",1,"6",2,NA,NA
778,"hubline",NA,"NatReef",10,"NatReef-3-1484-1",2013,8,7,42.338285,-70.91209,"Laminaria sp.","Random",1,"3",3,NA,NA
779,"hubline",NA,"NatReef",10,"NatReef-3-1485-1",2013,8,7,42.338285,-70.91209,"Laminaria sp.","Random",1,"15",4,NA,NA
780,"hubline",NA,"NatReef",10,"NatReef-3-1487-1",2013,8,7,42.338285,-70.91209,"Laminaria sp.","Random",1,"0.5",0,NA,NA
781,"hubline",NA,"NatReef",10,"NatReef-3-1488-1",2013,8,7,42.338285,-70.91209,"Laminaria sp.","Random",1,"5",1,NA,NA
782,"hubline",NA,"NatReef",10,"NatReef-3-1489-1",2013,8,7,42.338285,-70.91209,"Laminaria sp.","Random",1,"5",1,NA,NA
783,"hubline",NA,"NatReef",10,"NatReef-3-1490-1",2013,8,7,42.338285,-70.91209,"Laminaria sp.","Random",1,"5",2,NA,NA
784,"hubline",NA,"NatReef",10,"NatReef-3-1491-1",2013,8,7,42.338285,-70.91209,"Laminaria sp.","Random",1,"5",0,NA,NA
785,"hubline",NA,"NatReef",10,"NatReef-3-1494-1",2013,8,7,42.338285,-70.91209,"Laminaria sp.","Random",1,"10",2,NA,NA
786,"hubline",NA,"NatReef",10,"NatReef-3-1495-1",2013,8,7,42.338285,-70.91209,"Agarum cribrosum","Random",1,"2",0,NA,NA
787,"hubline",NA,"Site29",10,"Site29-9-1500-1",2013,8,28,42.34298,-70.907045,"Laminaria sp.","Random",1,"0.5",1,NA,NA
788,"hubline",NA,"Site29",10,"Site29-9-1504-1",2013,8,28,42.34298,-70.907045,"Laminaria sp.","Random",1,"1",1,NA,NA
789,"hubline",NA,"Site29",10,"Site29-9-1505-1",2013,8,28,42.34298,-70.907045,"Laminaria sp.","Random",1,"8",1,NA,NA
790,"hubline",NA,"Site29",10,"Site29-9-1509-1",2013,8,28,42.34298,-70.907045,"Laminaria sp.","Random",1,"5",1,NA,NA
791,"hubline",NA,"Site29",10,"Site29-9-1511-1",2013,8,28,42.34298,-70.907045,"Laminaria sp.","Random",1,"2",0,NA,NA
792,"hubline",NA,"Site29",10,"Site29-9-1513-1",2013,8,28,42.34298,-70.907045,"Laminaria sp.","Random",1,"2",1,NA,NA
793,"hubline",NA,"Site29",10,"Site29-9-1514-1",2014,7,22,42.34298,-70.907045,"Laminaria sp.","Random",1,"3",1,NA,NA
794,"hubline",NA,"Site29",10,"Site29-9-1515-1",2014,7,22,42.34298,-70.907045,"Laminaria sp.","Random",1,"10",5,NA,NA
795,"hubline",NA,"Site29",10,"Site29-9-1516-1",2014,7,22,42.34298,-70.907045,"Laminaria sp.","Random",1,"10",1,NA,NA
796,"hubline",NA,"Site29",10,"Site29-9-1517-1",2014,7,22,42.34298,-70.907045,"Laminaria sp.","Random",1,"5",5,NA,NA
797,"hubline",NA,"Site29",10,"Site29-9-1521-1",2014,7,22,42.34298,-70.907045,"Laminaria sp.","Random",1,"2",1,NA,NA
798,"hubline",NA,"Site29",10,"Site29-9-1523-1",2014,7,22,42.34298,-70.907045,"Agarum cribrosum","Random",1,"10",6,NA,NA
799,"hubline",NA,"Site29",10,"Site29-9-1523-1",2014,7,22,42.34298,-70.907045,"Laminaria sp.","Random",1,"10",3,NA,NA
800,"hubline",NA,"NatReef",10,"NatReef-1-1530-1",2014,7,29,42.33844,-70.912625,"Laminaria sp.","Random",1,"15",2,NA,NA
801,"hubline",NA,"NatReef",10,"NatReef-1-1531-1",2014,7,29,42.33844,-70.912625,"Laminaria sp.","Random",1,"30",6,NA,NA
802,"hubline",NA,"NatReef",10,"NatReef-1-1532-1",2014,7,29,42.33844,-70.912625,"Laminaria sp.","Random",1,"20",8,NA,NA
803,"hubline",NA,"NatReef",10,"NatReef-1-1533-1",2014,7,29,42.33844,-70.912625,"Laminaria sp.","Random",1,"20",5,NA,NA
804,"hubline",NA,"NatReef",10,"NatReef-1-1534-1",2014,7,29,42.33844,-70.912625,"Laminaria sp.","Random",1,"25",3,NA,NA
805,"hubline",NA,"NatReef",10,"NatReef-1-1535-1",2014,7,29,42.33844,-70.912625,"Laminaria sp.","Random",1,"25",13,NA,NA
806,"hubline",NA,"NatReef",10,"NatReef-1-1536-1",2014,7,29,42.33844,-70.912625,"Laminaria sp.","Random",1,"25",16,NA,NA
807,"hubline",NA,"NatReef",10,"NatReef-1-1537-1",2014,7,29,42.33844,-70.912625,"Laminaria sp.","Random",1,"30",11,NA,NA
808,"hubline",NA,"NatReef",10,"NatReef-1-1538-1",2014,7,29,42.33844,-70.912625,"Laminaria sp.","Random",1,"30",12,NA,NA
809,"hubline",NA,"NatReef",10,"NatReef-1-1539-1",2014,7,29,42.33844,-70.912625,"Laminaria sp.","Random",1,"10",11,NA,NA
810,"hubline",NA,"NatReef",10,"NatReef-1-1540-1",2014,7,29,42.33844,-70.912625,"Laminaria sp.","Random",1,"25",9,NA,NA
811,"hubline",NA,"NatReef",10,"NatReef-1-1541-1",2014,7,29,42.33844,-70.912625,"Laminaria sp.","Random",1,"25",5,NA,NA
812,"hubline",NA,"NatReef",10,"NatReef-1-1542-1",2014,7,29,42.33844,-70.912625,"Laminaria sp.","Random",1,"30",2,NA,NA
813,"hubline",NA,"NatReef",10,"NatReef-1-1543-1",2014,7,29,42.33844,-70.912625,"Laminaria sp.","Random",1,"10",2,NA,NA
814,"hubline",NA,"NatReef",10,"NatReef-1-1544-1",2014,7,29,42.33844,-70.912625,"Laminaria sp.","Random",1,"30",10,NA,NA
815,"hubline",NA,"NatReef",10,"NatReef-1-1545-1",2014,7,29,42.33844,-70.912625,"Laminaria sp.","Random",1,"10",5,NA,NA
816,"hubline",NA,"NatReef",10,"NatReef-3-1546-1",2014,7,29,42.338285,-70.91209,"Laminaria sp.","Random",1,"8",1,NA,NA
817,"hubline",NA,"Site29",10,"Site29-3-1547-1",2014,7,29,42.343695,-70.906405,"Laminaria sp.","Random",1,"5",2,NA,NA
818,"hubline",NA,"Site29",10,"Site29-3-1548-1",2014,7,29,42.343695,-70.906405,"Laminaria sp.","Random",1,"8",4,NA,NA
819,"hubline",NA,"Site29",10,"Site29-3-1549-1",2014,7,29,42.343695,-70.906405,"Laminaria sp.","Random",1,"5",4,NA,NA
820,"hubline",NA,"Site29",10,"Site29-3-1550-1",2014,7,29,42.343695,-70.906405,"Laminaria sp.","Random",1,"8",6,NA,NA
821,"hubline",NA,"Site29",10,"Site29-3-1551-1",2014,7,29,42.343695,-70.906405,"Laminaria sp.","Random",1,"15",6,NA,NA
822,"hubline",NA,"Site29",10,"Site29-3-1552-1",2014,7,29,42.343695,-70.906405,"Laminaria sp.","Random",1,"5",8,NA,NA
823,"hubline",NA,"Site29",10,"Site29-3-1553-1",2014,7,29,42.343695,-70.906405,"Laminaria sp.","Random",1,"2",3,NA,NA
824,"hubline",NA,"Site29",10,"Site29-3-1554-1",2014,7,29,42.343695,-70.906405,"Laminaria sp.","Random",1,"5",2,NA,NA
825,"hubline",NA,"Site29",10,"Site29-3-1555-1",2014,7,29,42.343695,-70.906405,"Laminaria sp.","Random",1,"5",1,NA,NA
826,"hubline",NA,"Site29",10,"Site29-3-1556-1",2014,7,29,42.343695,-70.906405,"Laminaria sp.","Random",1,"1",0,NA,NA
827,"hubline",NA,"Site29",10,"Site29-3-1557-1",2014,7,29,42.343695,-70.906405,"Laminaria sp.","Random",1,"5",4,NA,NA
828,"hubline",NA,"Site29",10,"Site29-3-1558-1",2014,7,29,42.343695,-70.906405,"Agarum cribrosum","Random",1,"0.5",0,NA,NA
829,"hubline",NA,"Site29",10,"Site29-3-1558-1",2014,7,29,42.343695,-70.906405,"Laminaria sp.","Random",1,"2",4,NA,NA
830,"hubline",NA,"Site29",10,"Site29-3-1559-1",2014,7,29,42.343695,-70.906405,"Laminaria sp.","Random",1,"1",1,NA,NA
831,"hubline",NA,"Site29",10,"Site29-3-1560-1",2014,7,29,42.343695,-70.906405,"Laminaria sp.","Random",1,"5",2,NA,NA
832,"hubline",NA,"Site29",10,"Site29-3-1561-1",2014,7,29,42.343695,-70.906405,"Laminaria sp.","Random",1,"1",10,NA,NA
833,"hubline",NA,"NatReef",10,"NatReef-1-1562-1",2014,7,22,42.33844,-70.912625,"Laminaria sp.","Random",1,"4",2,NA,NA
834,"hubline",NA,"NatReef",10,"NatReef-1-1563-1",2014,7,22,42.33844,-70.912625,"Laminaria sp.","Random",1,"15",4,NA,NA
835,"hubline",NA,"NatReef",10,"NatReef-1-1564-1",2014,7,22,42.33844,-70.912625,"Laminaria sp.","Random",1,"5",6,NA,NA
836,"hubline",NA,"NatReef",10,"NatReef-1-1565-1",2014,7,22,42.33844,-70.912625,"Laminaria sp.","Random",1,"5",5,NA,NA
837,"hubline",NA,"NatReef",10,"NatReef-1-1566-1",2014,7,22,42.33844,-70.912625,"Laminaria sp.","Random",1,"20",12,NA,NA
838,"hubline",NA,"NatReef",10,"NatReef-1-1567-1",2014,7,22,42.33844,-70.912625,"Laminaria sp.","Random",1,"40",9,NA,NA
839,"hubline",NA,"NatReef",10,"NatReef-1-1568-1",2014,7,22,42.33844,-70.912625,"Laminaria sp.","Random",1,"25",12,NA,NA
840,"hubline",NA,"NatReef",10,"NatReef-1-1569-1",2014,7,22,42.33844,-70.912625,"Laminaria sp.","Random",1,"10",4,NA,NA
841,"hubline",NA,"NatReef",10,"NatReef-1-1570-1",2014,7,22,42.33844,-70.912625,"Laminaria sp.","Random",1,"25",8,NA,NA
842,"hubline",NA,"NatReef",10,"NatReef-1-1571-1",2014,7,22,42.33844,-70.912625,"Laminaria sp.","Random",1,"15",4,NA,NA
843,"hubline",NA,"NatReef",10,"NatReef-1-1572-1",2014,7,22,42.33844,-70.912625,"Laminaria sp.","Random",1,"10",3,NA,NA
844,"hubline",NA,"NatReef",10,"NatReef-1-1573-1",2014,7,22,42.33844,-70.912625,"Laminaria sp.","Random",1,"5",1,NA,NA
845,"hubline",NA,"NatReef",10,"NatReef-1-1574-1",2014,7,22,42.33844,-70.912625,"Laminaria sp.","Random",1,"35",3,NA,NA
846,"hubline",NA,"Site29",10,"Site29-9-1579-1",2015,7,20,42.34298,-70.907045,"Laminaria sp.","Random",1,"20",2,NA,NA
847,"hubline",NA,"Site29",10,"Site29-9-1580-1",2015,7,20,42.34298,-70.907045,"Laminaria sp.","Random",1,"5",2,NA,NA
848,"hubline",NA,"Site29",10,"Site29-9-1581-1",2015,7,20,42.34298,-70.907045,"Laminaria sp.","Random",1,"30",3,NA,NA
849,"hubline",NA,"Site29",10,"Site29-9-1582-1",2015,7,20,42.34298,-70.907045,"Laminaria sp.","Random",1,"15",1,NA,NA
850,"hubline",NA,"Site29",10,"Site29-9-1583-1",2015,7,20,42.34298,-70.907045,"Laminaria sp.","Random",1,"30",3,NA,NA
851,"hubline",NA,"Site29",10,"Site29-9-1584-1",2015,7,20,42.34298,-70.907045,"Laminaria sp.","Random",1,"0.5",5,NA,NA
852,"hubline",NA,"Site29",10,"Site29-9-1585-1",2015,7,20,42.34298,-70.907045,"Laminaria sp.","Random",1,"4",20,NA,NA
853,"hubline",NA,"Site29",10,"Site29-9-1586-1",2015,7,20,42.34298,-70.907045,"Laminaria sp.","Random",1,"5",25,NA,NA
854,"hubline",NA,"Site29",10,"Site29-9-1587-1",2015,7,20,42.34298,-70.907045,"Laminaria sp.","Random",1,"7",30,NA,NA
855,"hubline",NA,"Site29",10,"Site29-9-1589-1",2015,7,20,42.34298,-70.907045,"Laminaria sp.","Random",1,"25",6,NA,NA
856,"hubline",NA,"Site29",10,"Site29-9-1590-1",2015,7,20,42.34298,-70.907045,"Laminaria sp.","Random",1,"50",2,NA,NA
857,"hubline",NA,"Site29",10,"Site29-9-1591-1",2015,7,20,42.34298,-70.907045,"Laminaria sp.","Random",1,"50",17,NA,NA
858,"hubline",NA,"Site29",10,"Site29-1-1592-1",2015,7,20,42.34393,-70.90685,"Laminaria sp.","Random",1,"25",2,NA,NA
859,"hubline",NA,"Site29",10,"Site29-1-1593-1",2015,7,20,42.34393,-70.90685,"Laminaria sp.","Random",1,"20",1,NA,NA
860,"hubline",NA,"Site29",10,"Site29-1-1594-1",2015,7,20,42.34393,-70.90685,"Laminaria sp.","Random",1,"15",3,NA,NA
861,"hubline",NA,"Site29",10,"Site29-1-1595-1",2015,7,20,42.34393,-70.90685,"Laminaria sp.","Random",1,"30",4,NA,NA
862,"hubline",NA,"Site29",10,"Site29-1-1596-1",2015,7,20,42.34393,-70.90685,"Laminaria sp.","Random",1,"70",2,NA,NA
863,"hubline",NA,"Site29",10,"Site29-1-1597-1",2015,7,20,42.34393,-70.90685,"Laminaria sp.","Random",1,"30",2,NA,NA
864,"hubline",NA,"Site29",10,"Site29-1-1598-1",2015,7,20,42.34393,-70.90685,"Laminaria sp.","Random",1,"30",3,NA,NA
865,"hubline",NA,"Site29",10,"Site29-1-1599-1",2015,7,20,42.34393,-70.90685,"Laminaria sp.","Random",1,"40",5,NA,NA
866,"hubline",NA,"Site29",10,"Site29-1-1600-1",2015,7,20,42.34393,-70.90685,"Laminaria sp.","Random",1,"8",30,NA,NA
867,"hubline",NA,"Site29",10,"Site29-1-1601-1",2015,7,20,42.34393,-70.90685,"Laminaria sp.","Random",1,"13",45,NA,NA
868,"hubline",NA,"Site29",10,"Site29-1-1602-1",2015,7,20,42.34393,-70.90685,"Laminaria sp.","Random",1,"9",35,NA,NA
869,"hubline",NA,"Site29",10,"Site29-1-1603-1",2015,7,20,42.34393,-70.90685,"Laminaria sp.","Random",1,"6",35,NA,NA
870,"hubline",NA,"Site29",10,"Site29-1-1604-1",2015,7,20,42.34393,-70.90685,"Laminaria sp.","Random",1,"11",100,NA,NA
871,"hubline",NA,"Site29",10,"Site29-1-1605-1",2015,7,20,42.34393,-70.90685,"Laminaria sp.","Random",1,"9",40,NA,NA
872,"hubline",NA,"Site29",10,"Site29-1-1606-1",2015,7,20,42.34393,-70.90685,"Laminaria sp.","Random",1,"16",70,NA,NA
873,"hubline",NA,"Site29",10,"Site29-1-1607-1",2015,7,20,42.34393,-70.90685,"Laminaria sp.","Random",1,"10",2,NA,NA
874,"hubline",NA,"Site29",10,"Site29-1-1608-1",2015,7,29,42.34393,-70.90685,"Laminaria sp.","Random",1,"50",23,NA,NA
875,"hubline",NA,"Site29",10,"Site29-1-1609-1",2015,7,29,42.34393,-70.90685,"Agarum cribrosum","Random",1,"0.5",1,NA,NA
876,"hubline",NA,"Site29",10,"Site29-1-1609-1",2015,7,29,42.34393,-70.90685,"Laminaria sp.","Random",1,"50",30,NA,NA
877,"hubline",NA,"NatReef",10,"NatReef-1-1610-1",2015,7,29,42.33844,-70.912625,"Laminaria sp.","Random",1,"50",64,NA,NA
878,"hubline",NA,"NatReef",10,"NatReef-1-1611-1",2015,7,29,42.33844,-70.912625,"Laminaria sp.","Random",1,"20",16,NA,NA
879,"hubline",NA,"NatReef",10,"NatReef-1-1612-1",2015,7,29,42.33844,-70.912625,"Laminaria sp.","Random",1,"16",21,NA,NA
880,"hubline",NA,"NatReef",10,"NatReef-1-1613-1",2015,7,29,42.33844,-70.912625,"Laminaria sp.","Random",1,"20",22,NA,NA
881,"hubline",NA,"NatReef",10,"NatReef-1-1614-1",2015,7,29,42.33844,-70.912625,"Laminaria sp.","Random",1,"25",25,NA,NA
882,"hubline",NA,"NatReef",10,"NatReef-1-1615-1",2015,7,29,42.33844,-70.912625,"Laminaria sp.","Random",1,"60",7,NA,NA
883,"hubline",NA,"NatReef",10,"NatReef-1-1616-1",2015,7,29,42.33844,-70.912625,"Laminaria sp.","Random",1,"75",19,NA,NA
884,"hubline",NA,"NatReef",10,"NatReef-1-1617-1",2015,7,29,42.33844,-70.912625,"Laminaria sp.","Random",1,"40",6,NA,NA
885,"hubline",NA,"NatReef",10,"NatReef-1-1618-1",2015,7,29,42.33844,-70.912625,"Laminaria sp.","Random",1,"25",3,NA,NA
886,"hubline",NA,"NatReef",10,"NatReef-1-1619-1",2015,7,29,42.33844,-70.912625,"Laminaria sp.","Random",1,"30",3,NA,NA
887,"hubline",NA,"NatReef",10,"NatReef-1-1620-1",2015,7,29,42.33844,-70.912625,"Laminaria sp.","Random",1,"25",4,NA,NA
888,"hubline",NA,"NatReef",10,"NatReef-1-1621-1",2015,7,29,42.33844,-70.912625,"Laminaria sp.","Random",1,"90",2,NA,NA
889,"hubline",NA,"NatReef",10,"NatReef-1-1622-1",2015,7,29,42.33844,-70.912625,"Laminaria sp.","Random",1,"25",1,NA,NA
890,"hubline",NA,"NatReef",10,"NatReef-1-1623-1",2015,7,29,42.33844,-70.912625,"Laminaria sp.","Random",1,"61",0,NA,NA
891,"hubline",NA,"NatReef",10,"NatReef-3-1624-1",2015,7,29,42.338285,-70.91209,"Laminaria sp.","Random",1,"30",2,NA,NA
892,"hubline",NA,"NatReef",10,"NatReef-3-1626-1",2015,7,29,42.338285,-70.91209,"Laminaria sp.","Random",1,"60",7,NA,NA
893,"hubline",NA,"NatReef",10,"NatReef-3-1627-1",2015,7,29,42.338285,-70.91209,"Laminaria sp.","Random",1,"30",4,NA,NA
894,"hubline",NA,"NatReef",10,"NatReef-3-1628-1",2015,7,29,42.338285,-70.91209,"Laminaria sp.","Random",1,"40",4,NA,NA
895,"hubline",NA,"NatReef",10,"NatReef-3-1629-1",2015,7,29,42.338285,-70.91209,"Laminaria sp.","Random",1,"15",2,NA,NA
896,"hubline",NA,"NatReef",10,"NatReef-3-1630-1",2015,7,29,42.338285,-70.91209,"Laminaria sp.","Random",1,"40",4,NA,NA
897,"hubline",NA,"NatReef",10,"NatReef-3-1631-1",2015,7,29,42.338285,-70.91209,"Laminaria sp.","Random",1,"50",4,NA,NA
898,"hubline",NA,"NatReef",10,"NatReef-3-1632-1",2015,7,29,42.338285,-70.91209,"Laminaria sp.","Random",1,"70",5,NA,NA
899,"hubline",NA,"NatReef",10,"NatReef-3-1633-1",2015,7,29,42.338285,-70.91209,"Laminaria sp.","Random",1,"30",31,NA,NA
900,"hubline",NA,"NatReef",10,"NatReef-3-1634-1",2015,7,29,42.338285,-70.91209,"Laminaria sp.","Random",1,"15",12,NA,NA
901,"hubline",NA,"NatReef",10,"NatReef-3-1635-1",2015,7,29,42.338285,-70.91209,"Laminaria sp.","Random",1,"50",27,NA,NA
902,"hubline",NA,"NatReef",10,"NatReef-3-1636-1",2015,7,29,42.338285,-70.91209,"Laminaria sp.","Random",1,"50",21,NA,NA
903,"hubline",NA,"NatReef",10,"NatReef-3-1637-1",2015,7,29,42.338285,-70.91209,"Laminaria sp.","Random",1,"40",8,NA,NA
904,"hubline",NA,"NatReef",10,"NatReef-3-1638-1",2015,7,29,42.338285,-70.91209,"Laminaria sp.","Random",1,"10",6,NA,NA
905,"hubline",NA,"NatReef",10,"NatReef-3-1639-1",2015,7,29,42.338285,-70.91209,"Laminaria sp.","Random",1,"30",34,NA,NA
906,"hubline",NA,"NatReef",10,"NatReef-1-1640-1",2014,7,22,42.33844,-70.912625,"Laminaria sp.","Random",1,"5",2,NA,NA
907,"hubline",NA,"NatReef",10,"NatReef-1-1641-1",2014,7,22,42.33844,-70.912625,"Laminaria sp.","Random",1,"15",3,NA,NA
908,"hubline",NA,"NatReef",10,"NatReef-1-1642-1",2014,7,22,42.33844,-70.912625,"Laminaria sp.","Random",1,"25",2,NA,NA
909,"hubline",NA,"Site29",10,"Site29-9-1643-1",2016,7,20,42.34298,-70.907045,"Laminaria sp.","Random",1,"12",2,NA,NA
910,"hubline",NA,"Site29",10,"Site29-9-1644-1",2016,7,20,42.34298,-70.907045,"Laminaria sp.","Random",1,"15",5,NA,NA
911,"hubline",NA,"Site29",10,"Site29-9-1645-1",2016,7,20,42.34298,-70.907045,"Laminaria sp.","Random",1,"25",1,NA,NA
912,"hubline",NA,"Site29",10,"Site29-9-1646-1",2016,7,20,42.34298,-70.907045,"Laminaria sp.","Random",1,"10",0,NA,NA
913,"hubline",NA,"Site29",10,"Site29-9-1647-1",2016,7,20,42.34298,-70.907045,"Laminaria sp.","Random",1,"5",2,NA,NA
914,"hubline",NA,"Site29",10,"Site29-9-1648-1",2016,7,20,42.34298,-70.907045,"Laminaria sp.","Random",1,"20",1,NA,NA
915,"hubline",NA,"Site29",10,"Site29-9-1650-1",2016,7,20,42.34298,-70.907045,"Laminaria sp.","Random",1,"3",1,NA,NA
916,"hubline",NA,"Site29",10,"Site29-9-1651-1",2016,7,20,42.34298,-70.907045,"Laminaria sp.","Random",1,"8",2,NA,NA
917,"hubline",NA,"Site29",10,"Site29-9-1652-1",2016,7,20,42.34298,-70.907045,"Laminaria sp.","Random",1,"3",4,NA,NA
918,"hubline",NA,"Site29",10,"Site29-9-1653-1",2016,7,20,42.34298,-70.907045,"Laminaria sp.","Random",1,"25",3,NA,NA
919,"hubline",NA,"Site29",10,"Site29-9-1654-1",2016,7,20,42.34298,-70.907045,"Laminaria sp.","Random",1,"10",3,NA,NA
920,"hubline",NA,"Site29",10,"Site29-9-1655-1",2016,7,20,42.34298,-70.907045,"Laminaria sp.","Random",1,"30",4,NA,NA
921,"hubline",NA,"Site29",10,"Site29-9-1656-1",2016,7,20,42.34298,-70.907045,"Laminaria sp.","Random",1,"10",5,NA,NA
922,"hubline",NA,"Site29",10,"Site29-9-1657-1",2016,7,20,42.34298,-70.907045,"Laminaria sp.","Random",1,"5",8,NA,NA
923,"hubline",NA,"Site29",10,"Site29-9-1658-1",2016,7,20,42.34298,-70.907045,"Laminaria sp.","Random",1,"5",7,NA,NA
924,"hubline",NA,"Site29",10,"Site29-1-1659-1",2016,7,20,42.34393,-70.90685,"Laminaria sp.","Random",1,"25",7,NA,NA
925,"hubline",NA,"Site29",10,"Site29-1-1660-1",2016,7,20,42.34393,-70.90685,"Laminaria sp.","Random",1,"90",6,NA,NA
926,"hubline",NA,"Site29",10,"Site29-1-1661-1",2016,7,20,42.34393,-70.90685,"Laminaria sp.","Random",1,"90",3,NA,NA
927,"hubline",NA,"Site29",10,"Site29-1-1662-1",2016,7,20,42.34393,-70.90685,"Laminaria sp.","Random",1,"90",1,NA,NA
928,"hubline",NA,"Site29",10,"Site29-1-1663-1",2016,7,20,42.34393,-70.90685,"Laminaria sp.","Random",1,"25",7,NA,NA
929,"hubline",NA,"Site29",10,"Site29-1-1664-1",2016,7,20,42.34393,-70.90685,"Laminaria sp.","Random",1,"30",2,NA,NA
930,"hubline",NA,"Site29",10,"Site29-1-1665-1",2016,7,20,42.34393,-70.90685,"Laminaria sp.","Random",1,"80",10,NA,NA
931,"hubline",NA,"Site29",10,"Site29-1-1666-1",2016,7,20,42.34393,-70.90685,"Laminaria sp.","Random",1,"90",6,NA,NA
932,"hubline",NA,"Site29",10,"Site29-1-1667-1",2016,7,20,42.34393,-70.90685,"Laminaria sp.","Random",1,"40",5,NA,NA
933,"hubline",NA,"Site29",10,"Site29-1-1668-1",2016,7,20,42.34393,-70.90685,"Laminaria sp.","Random",1,"60",6,NA,NA
934,"hubline",NA,"Site29",10,"Site29-1-1669-1",2016,7,20,42.34393,-70.90685,"Laminaria sp.","Random",1,"90",11,NA,NA
935,"hubline",NA,"Site29",10,"Site29-1-1670-1",2016,7,20,42.34393,-70.90685,"Laminaria sp.","Random",1,"12",3,NA,NA
936,"hubline",NA,"Site29",10,"Site29-1-1671-1",2016,7,20,42.34393,-70.90685,"Laminaria sp.","Random",1,"0.5",1,NA,NA
937,"hubline",NA,"Site29",10,"Site29-1-1672-1",2016,7,20,42.34393,-70.90685,"Laminaria sp.","Random",1,"40",4,NA,NA
938,"hubline",NA,"Site29",10,"Site29-1-1673-1",2016,7,20,42.34393,-70.90685,"Laminaria sp.","Random",1,"25",1,NA,NA
939,"hubline",NA,"Site29",10,"Site29-1-1674-1",2016,7,20,42.34393,-70.90685,"Laminaria sp.","Random",1,"40",4,NA,NA
940,"hubline",NA,"NatReef",10,"NatReef-1-1675-1",2016,7,20,42.33844,-70.912625,"Laminaria sp.","Random",1,"30",2,NA,NA
941,"hubline",NA,"NatReef",10,"NatReef-1-1676-1",2016,7,20,42.33844,-70.912625,"Laminaria sp.","Random",1,"60",13,NA,NA
942,"hubline",NA,"NatReef",10,"NatReef-1-1677-1",2016,7,20,42.33844,-70.912625,"Laminaria sp.","Random",1,"95",6,NA,NA
943,"hubline",NA,"NatReef",10,"NatReef-1-1678-1",2016,7,20,42.33844,-70.912625,"Laminaria sp.","Random",1,"40",10,NA,NA
944,"hubline",NA,"NatReef",10,"NatReef-1-1679-1",2016,7,20,42.33844,-70.912625,"Laminaria sp.","Random",1,"90",3,NA,NA
945,"hubline",NA,"NatReef",10,"NatReef-1-1680-1",2016,7,20,42.33844,-70.912625,"Laminaria sp.","Random",1,"15",10,NA,NA
946,"hubline",NA,"NatReef",10,"NatReef-1-1681-1",2016,7,20,42.33844,-70.912625,"Laminaria sp.","Random",1,"40",1,NA,NA
947,"hubline",NA,"NatReef",10,"NatReef-1-1682-1",2016,7,20,42.33844,-70.912625,"Laminaria sp.","Random",1,"50",3,NA,NA
948,"hubline",NA,"NatReef",10,"NatReef-1-1683-1",2016,7,20,42.33844,-70.912625,"Laminaria sp.","Random",1,"70",7,NA,NA
949,"hubline",NA,"NatReef",10,"NatReef-1-1684-1",2016,7,20,42.33844,-70.912625,"Laminaria sp.","Random",1,"60",5,NA,NA
950,"hubline",NA,"NatReef",10,"NatReef-1-1685-1",2016,7,20,42.33844,-70.912625,"Laminaria sp.","Random",1,"15",2,NA,NA
951,"hubline",NA,"NatReef",10,"NatReef-1-1686-1",2016,7,20,42.33844,-70.912625,"Laminaria sp.","Random",1,"30",3,NA,NA
952,"hubline",NA,"NatReef",10,"NatReef-1-1687-1",2016,7,20,42.33844,-70.912625,"Laminaria sp.","Random",1,"15",2,NA,NA
953,"hubline",NA,"NatReef",10,"NatReef-1-1688-1",2016,7,20,42.33844,-70.912625,"Laminaria sp.","Random",1,"13",2,NA,NA
954,"hubline",NA,"NatReef",10,"NatReef-1-1689-1",2016,7,20,42.33844,-70.912625,"Laminaria sp.","Random",1,"60",5,NA,NA
955,"hubline",NA,"NatReef",10,"NatReef-1-1690-1",2016,7,20,42.33844,-70.912625,"Laminaria sp.","Random",1,"20",1,NA,NA
956,"hubline",NA,"NatReef",10,"NatReef-3-1691-1",2016,7,26,42.338285,-70.91209,"Laminaria sp.","Random",1,"5",1,NA,NA
957,"hubline",NA,"NatReef",10,"NatReef-3-1692-1",2016,7,26,42.338285,-70.91209,"Laminaria sp.","Random",1,"5",1,NA,NA
958,"hubline",NA,"NatReef",10,"NatReef-3-1693-1",2016,7,26,42.338285,-70.91209,"Laminaria sp.","Random",1,"5",0,NA,NA
959,"hubline",NA,"NatReef",10,"NatReef-3-1694-1",2016,7,26,42.338285,-70.91209,"Laminaria sp.","Random",1,"10",3,NA,NA
960,"hubline",NA,"NatReef",10,"NatReef-3-1695-1",2016,7,26,42.338285,-70.91209,"Laminaria sp.","Random",1,"15",3,NA,NA
961,"hubline",NA,"NatReef",10,"NatReef-3-1696-1",2016,7,26,42.338285,-70.91209,"Laminaria sp.","Random",1,"95",8,NA,NA
962,"hubline",NA,"NatReef",10,"NatReef-3-1697-1",2016,7,26,42.338285,-70.91209,"Laminaria sp.","Random",1,"40",7,NA,NA
963,"hubline",NA,"NatReef",10,"NatReef-3-1698-1",2016,7,26,42.338285,-70.91209,"Laminaria sp.","Random",1,"60",3,NA,NA
964,"hubline",NA,"NatReef",10,"NatReef-3-1699-1",2016,7,26,42.338285,-70.91209,"Laminaria sp.","Random",1,"10",2,NA,NA
965,"hubline",NA,"NatReef",10,"NatReef-3-1700-1",2016,7,26,42.338285,-70.91209,"Laminaria sp.","Random",1,"2",1,NA,NA
966,"hubline",NA,"NatReef",10,"NatReef-3-1701-1",2016,7,26,42.338285,-70.91209,"Laminaria sp.","Random",1,"30",4,NA,NA
967,"hubline",NA,"NatReef",10,"NatReef-3-1702-1",2016,7,26,42.338285,-70.91209,"Laminaria sp.","Random",1,"25",4,NA,NA
968,"hubline",NA,"NatReef",10,"NatReef-3-1703-1",2016,7,26,42.338285,-70.91209,"Laminaria sp.","Random",1,"60",4,NA,NA
969,"hubline",NA,"NatReef",10,"NatReef-3-1704-1",2016,7,26,42.338285,-70.91209,"Laminaria sp.","Random",1,"90",6,NA,NA
970,"hubline",NA,"NatReef",10,"NatReef-3-1705-1",2016,7,26,42.338285,-70.91209,"Laminaria sp.","Random",1,"100",5,NA,NA
971,"hubline",NA,"NatReef",10,"NatReef-3-1706-1",2016,7,26,42.338285,-70.91209,"Laminaria sp.","Random",1,"100",NA,NA,NA
972,"hubline",NA,"Site29",10,"Site29-9-1707-1",2017,7,13,42.34298,-70.907045,"Laminaria sp.","Random",1,"0.5",1,NA,NA
973,"hubline",NA,"Site29",10,"Site29-9-1713-1",2017,7,13,42.34298,-70.907045,"Laminaria sp.","Random",1,"0.5",0,NA,NA
974,"hubline",NA,"Site29",10,"Site29-9-1715-1",2017,7,13,42.34298,-70.907045,"Laminaria sp.","Random",1,"5",0,NA,NA
975,"hubline",NA,"Site29",10,"Site29-9-1716-1",2017,7,13,42.34298,-70.907045,"Laminaria sp.","Random",1,"10",2,NA,NA
976,"hubline",NA,"Site29",10,"Site29-9-1718-1",2017,7,13,42.34298,-70.907045,"Laminaria sp.","Random",1,"0.5",5,NA,NA
977,"hubline",NA,"Site29",10,"Site29-9-1719-1",2017,7,13,42.34298,-70.907045,"Laminaria sp.","Random",1,"0.5",5,NA,NA
978,"hubline",NA,"Site29",10,"Site29-9-1720-1",2017,7,13,42.34298,-70.907045,"Laminaria sp.","Random",1,"5",2,NA,NA
979,"hubline",NA,"Site29",10,"Site29-9-1722-1",2017,7,13,42.34298,-70.907045,"Laminaria sp.","Random",1,"15",2,NA,NA
980,"hubline",NA,"Site29",10,"Site29-1-1723-1",2017,7,12,42.34393,-70.90685,"Laminaria sp.","Random",1,"3",3,NA,NA
981,"hubline",NA,"Site29",10,"Site29-1-1724-1",2017,7,12,42.34393,-70.90685,"Laminaria sp.","Random",1,"45",2,NA,NA
982,"hubline",NA,"Site29",10,"Site29-1-1725-1",2017,7,12,42.34393,-70.90685,"Laminaria sp.","Random",1,"10",0,NA,NA
983,"hubline",NA,"Site29",10,"Site29-1-1726-1",2017,7,12,42.34393,-70.90685,"Laminaria sp.","Random",1,"20",4,NA,NA
984,"hubline",NA,"Site29",10,"Site29-1-1727-1",2017,7,12,42.34393,-70.90685,"Laminaria sp.","Random",1,"15",2,NA,NA
985,"hubline",NA,"Site29",10,"Site29-1-1728-1",2017,7,12,42.34393,-70.90685,"Laminaria sp.","Random",1,"5",2,NA,NA
986,"hubline",NA,"NatReef",10,"NatReef-1-1729-1",2017,7,12,42.33844,-70.912625,"Laminaria sp.","Random",1,"7",1,NA,NA
987,"hubline",NA,"NatReef",10,"NatReef-1-1730-1",2017,7,12,42.33844,-70.912625,"Laminaria sp.","Random",1,"45",9,NA,NA
988,"hubline",NA,"NatReef",10,"NatReef-1-1731-1",2017,7,12,42.33844,-70.912625,"Laminaria sp.","Random",1,"5",1,NA,NA
989,"hubline",NA,"NatReef",10,"NatReef-1-1733-1",2017,7,12,42.33844,-70.912625,"Laminaria sp.","Random",1,"40",3,NA,NA
990,"hubline",NA,"NatReef",10,"NatReef-1-1734-1",2017,7,12,42.33844,-70.912625,"Laminaria sp.","Random",1,"3",1,NA,NA
991,"hubline",NA,"NatReef",10,"NatReef-1-1735-1",2017,7,12,42.33844,-70.912625,"Laminaria sp.","Random",1,"1",0,NA,NA
992,"hubline",NA,"NatReef",10,"NatReef-1-1736-1",2017,7,12,42.33844,-70.912625,"Laminaria sp.","Random",1,"5",3,NA,NA
993,"hubline",NA,"NatReef",10,"NatReef-1-1738-1",2017,7,12,42.33844,-70.912625,"Laminaria sp.","Random",1,"75",4,NA,NA
994,"hubline",NA,"NatReef",10,"NatReef-1-1739-1",2017,7,12,42.33844,-70.912625,"Laminaria sp.","Random",1,"15",4,NA,NA
995,"hubline",NA,"NatReef",10,"NatReef-1-1740-1",2017,7,12,42.33844,-70.912625,"Laminaria sp.","Random",1,"8",2,NA,NA
996,"hubline",NA,"NatReef",10,"NatReef-1-1741-1",2017,7,12,42.33844,-70.912625,"Laminaria sp.","Random",1,"3",2,NA,NA
997,"hubline",NA,"NatReef",10,"NatReef-1-1742-1",2017,7,12,42.33844,-70.912625,"Laminaria sp.","Random",1,"15",2,NA,NA
998,"hubline",NA,"NatReef",10,"NatReef-1-1743-1",2017,7,12,42.33844,-70.912625,"Laminaria sp.","Random",1,"4",1,NA,NA
999,"hubline",NA,"NatReef",10,"NatReef-1-1744-1",2017,7,12,42.33844,-70.912625,"Laminaria sp.","Random",1,"0.5",1,NA,NA
1000,"hubline",NA,"NatReef",10,"NatReef-1-1745-1",2017,7,12,42.33844,-70.912625,"Laminaria sp.","Random",1,"5",1,NA,NA
1001,"hubline",NA,"NatReef",10,"NatReef-1-1746-1",2017,7,12,42.33844,-70.912625,"Laminaria sp.","Random",1,"5",2,NA,NA
1002,"hubline",NA,"NatReef",10,"NatReef-1-1747-1",2017,7,12,42.33844,-70.912625,"Laminaria sp.","Random",1,"1",0,NA,NA
1003,"hubline",NA,"NatReef",10,"NatReef-1-1748-1",2017,7,12,42.33844,-70.912625,"Laminaria sp.","Random",1,"15",4,NA,NA
1004,"hubline",NA,"NatReef",10,"NatReef-1-1749-1",2017,7,12,42.33844,-70.912625,"Laminaria sp.","Random",1,"20",5,NA,NA
1005,"hubline",NA,"NatReef",10,"NatReef-1-1750-1",2017,7,12,42.33844,-70.912625,"Laminaria sp.","Random",1,"10",2,NA,NA
1006,"hubline",NA,"NatReef",10,"NatReef-1-1751-1",2017,7,12,42.33844,-70.912625,"Laminaria sp.","Random",1,"10",0,NA,NA
1007,"hubline",NA,"NatReef",10,"NatReef-1-1753-1",2017,7,12,42.33844,-70.912625,"Laminaria sp.","Random",1,"15",1,NA,NA
1008,"hubline",NA,"NatReef",10,"NatReef-1-1754-1",2017,7,12,42.33844,-70.912625,"Laminaria sp.","Random",1,"10",3,NA,NA
1009,"hubline",NA,"NatReef",10,"NatReef-3-1756-1",2017,7,12,42.338285,-70.91209,"Laminaria sp.","Random",1,"10",1,NA,NA
1010,"hubline",NA,"NatReef",10,"NatReef-3-1759-1",2017,7,12,42.338285,-70.91209,"Laminaria sp.","Random",1,"5",0,NA,NA
1011,"hubline",NA,"Site29",10,"Site29-3-1760-1",2017,7,12,42.343695,-70.906405,"Laminaria sp.","Random",1,"20",4,NA,NA
1012,"hubline",NA,"Site29",10,"Site29-3-1761-1",2017,7,12,42.343695,-70.906405,"Laminaria sp.","Random",1,"5",2,NA,NA
1013,"hubline",NA,"Site29",10,"Site29-3-1762-1",2017,7,12,42.343695,-70.906405,"Laminaria sp.","Random",1,"25",5,NA,NA
1014,"hubline",NA,"Site29",10,"Site29-3-1763-1",2017,7,12,42.343695,-70.906405,"Laminaria sp.","Random",1,"0.5",1,NA,NA
1015,"hubline",NA,"Site29",10,"Site29-3-1767-1",2017,7,12,42.343695,-70.906405,"Laminaria sp.","Random",1,"2",0,NA,NA
1016,"hubline",NA,"Site29",10,"Site29-3-1768-1",2017,7,12,42.343695,-70.906405,"Laminaria sp.","Random",1,"5",2,NA,NA
1017,"hubline",NA,"Site29",10,"Site29-3-1769-1",2017,7,12,42.343695,-70.906405,"Laminaria sp.","Random",1,"5",1,NA,NA
1018,"hubline",NA,"Site29",10,"Site29-3-1770-1",2017,7,12,42.343695,-70.906405,"Laminaria sp.","Random",1,"5",1,NA,NA
1019,"hubline",NA,"Site29",10,"Site29-9-1771-1",2018,7,12,42.34298,-70.907045,"Laminaria sp.","Random",1,"4",1,NA,NA
1020,"hubline",NA,"Site29",10,"Site29-9-1772-1",2018,7,12,42.34298,-70.907045,"Laminaria sp.","Random",1,"2",1,NA,NA
1021,"hubline",NA,"Site29",10,"Site29-9-1774-1",2018,7,12,42.34298,-70.907045,"Laminaria sp.","Random",1,"3",1,NA,NA
1022,"hubline",NA,"Site29",10,"Site29-9-1777-1",2018,7,12,42.34298,-70.907045,"Laminaria sp.","Random",1,"5",1,NA,NA
1023,"hubline",NA,"Site29",10,"Site29-9-1778-1",2018,7,12,42.34298,-70.907045,"Laminaria sp.","Random",1,"3",1,NA,NA
1024,"hubline",NA,"Site29",10,"Site29-9-1779-1",2018,7,12,42.34298,-70.907045,"Laminaria sp.","Random",1,"40",6,NA,NA
1025,"hubline",NA,"Site29",10,"Site29-9-1780-1",2018,7,12,42.34298,-70.907045,"Laminaria sp.","Random",1,"10",5,NA,NA
1026,"hubline",NA,"Site29",10,"Site29-9-1781-1",2018,7,12,42.34298,-70.907045,"Laminaria sp.","Random",1,"5",1,NA,NA
1027,"hubline",NA,"Site29",10,"Site29-9-1782-1",2018,7,12,42.34298,-70.907045,"Laminaria sp.","Random",1,"10",2,NA,NA
1028,"hubline",NA,"Site29",10,"Site29-9-1783-1",2018,7,12,42.34298,-70.907045,"Laminaria sp.","Random",1,"5",2,NA,NA
1029,"hubline",NA,"Site29",10,"Site29-9-1784-1",2018,7,12,42.34298,-70.907045,"Laminaria sp.","Random",1,"2",1,NA,NA
1030,"hubline",NA,"Site29",10,"Site29-9-1785-1",2018,7,12,42.34298,-70.907045,"Laminaria sp.","Random",1,"30",3,NA,NA
1031,"hubline",NA,"Site29",10,"Site29-9-1786-1",2018,7,12,42.34298,-70.907045,"Laminaria sp.","Random",1,"10",4,NA,NA
1032,"hubline",NA,"NatReef",10,"NatReef-1-1787-1",2018,8,2,42.33844,-70.912625,"Laminaria sp.","Random",1,"80",7,NA,NA
1033,"hubline",NA,"Site29",10,"Site29-1-1788-1",2018,8,2,42.34393,-70.90685,"Laminaria sp.","Random",1,"55",6,NA,NA
1034,"hubline",NA,"Site29",10,"Site29-1-1789-1",2018,8,2,42.34393,-70.90685,"Laminaria sp.","Random",1,"75",7,NA,NA
1035,"hubline",NA,"Site29",10,"Site29-1-1790-1",2018,8,2,42.34393,-70.90685,"Laminaria sp.","Random",1,"25",4,NA,NA
1036,"hubline",NA,"Site29",10,"Site29-1-1791-1",2018,8,2,42.34393,-70.90685,"Laminaria sp.","Random",1,"15",2,NA,NA
1037,"hubline",NA,"Site29",10,"Site29-1-1792-1",2018,8,2,42.34393,-70.90685,"Laminaria sp.","Random",1,"45",6,NA,NA
1038,"hubline",NA,"Site29",10,"Site29-1-1793-1",2018,8,2,42.34393,-70.90685,"Laminaria sp.","Random",1,"60",10,NA,NA
1039,"hubline",NA,"Site29",10,"Site29-1-1794-1",2018,8,2,42.34393,-70.90685,"Laminaria sp.","Random",1,"35",4,NA,NA
1040,"hubline",NA,"Site29",10,"Site29-1-1795-1",2018,8,2,42.34393,-70.90685,"Laminaria sp.","Random",1,"15",3,NA,NA
1041,"hubline",NA,"Site29",10,"Site29-1-1796-1",2018,8,2,42.34393,-70.90685,"Laminaria sp.","Random",1,"90",8,NA,NA
1042,"hubline",NA,"Site29",10,"Site29-1-1797-1",2018,8,2,42.34393,-70.90685,"Laminaria sp.","Random",1,"90",10,NA,NA
1043,"hubline",NA,"Site29",10,"Site29-1-1798-1",2018,8,2,42.34393,-70.90685,"Laminaria sp.","Random",1,"10",3,NA,NA
1044,"hubline",NA,"Site29",10,"Site29-1-1799-1",2018,8,2,42.34393,-70.90685,"Laminaria sp.","Random",1,"25",0,NA,NA
1045,"hubline",NA,"Site29",10,"Site29-1-1800-1",2018,8,2,42.34393,-70.90685,"Laminaria sp.","Random",1,"5",1,NA,NA
1046,"hubline",NA,"Site29",10,"Site29-1-1801-1",2018,8,2,42.34393,-70.90685,"Laminaria sp.","Random",1,"25",7,NA,NA
1047,"hubline",NA,"Site29",10,"Site29-1-1802-1",2018,8,2,42.34393,-70.90685,"Laminaria sp.","Random",1,"30",6,NA,NA
1048,"hubline",NA,"Site29",10,"Site29-1-1803-1",2018,8,2,42.34393,-70.90685,"Laminaria sp.","Random",1,"20",6,NA,NA
1049,"hubline",NA,"NatReef",10,"NatReef-1-1804-1",2018,8,2,42.33844,-70.912625,"Laminaria sp.","Random",1,"30",8,NA,NA
1050,"hubline",NA,"NatReef",10,"NatReef-1-1805-1",2018,8,2,42.33844,-70.912625,"Laminaria sp.","Random",1,"40",4,NA,NA
1051,"hubline",NA,"NatReef",10,"NatReef-1-1806-1",2018,8,2,42.33844,-70.912625,"Laminaria sp.","Random",1,"20",5,NA,NA
1052,"hubline",NA,"NatReef",10,"NatReef-1-1807-1",2018,8,2,42.33844,-70.912625,"Laminaria sp.","Random",1,"25",3,NA,NA
1053,"hubline",NA,"NatReef",10,"NatReef-1-1808-1",2018,8,2,42.33844,-70.912625,"Laminaria sp.","Random",1,"25",6,NA,NA
1054,"hubline",NA,"NatReef",10,"NatReef-1-1809-1",2018,8,2,42.33844,-70.912625,"Laminaria sp.","Random",1,"75",7,NA,NA
1055,"hubline",NA,"NatReef",10,"NatReef-1-1810-1",2018,8,2,42.33844,-70.912625,"Laminaria sp.","Random",1,"10",3,NA,NA
1056,"hubline",NA,"NatReef",10,"NatReef-1-1811-1",2018,8,2,42.33844,-70.912625,"Laminaria sp.","Random",1,"20",2,NA,NA
1057,"hubline",NA,"NatReef",10,"NatReef-1-1812-1",2018,8,2,42.33844,-70.912625,"Laminaria sp.","Random",1,"65",9,NA,NA
1058,"hubline",NA,"NatReef",10,"NatReef-1-1813-1",2018,8,2,42.33844,-70.912625,"Laminaria sp.","Random",1,"40",6,NA,NA
1059,"hubline",NA,"NatReef",10,"NatReef-1-1814-1",2018,8,2,42.33844,-70.912625,"Laminaria sp.","Random",1,"15",1,NA,NA
1060,"hubline",NA,"NatReef",10,"NatReef-1-1815-1",2018,8,2,42.33844,-70.912625,"Laminaria sp.","Random",1,"40",7,NA,NA
1061,"hubline",NA,"NatReef",10,"NatReef-1-1816-1",2018,8,2,42.33844,-70.912625,"Laminaria sp.","Random",1,"90",7,NA,NA
1062,"hubline",NA,"NatReef",10,"NatReef-1-1817-1",2018,8,2,42.33844,-70.912625,"Laminaria sp.","Random",1,"10",0,NA,NA
1063,"hubline",NA,"NatReef",10,"NatReef-1-1818-1",2018,8,2,42.33844,-70.912625,"Laminaria sp.","Random",1,"35",6,NA,NA
1064,"hubline",NA,"NatReef",10,"NatReef-3-1819-1",2018,8,2,42.338285,-70.91209,"Laminaria sp.","Random",1,"25",4,NA,NA
1065,"hubline",NA,"NatReef",10,"NatReef-3-1820-1",2018,8,2,42.338285,-70.91209,"Laminaria sp.","Random",1,"80",7,NA,NA
1066,"hubline",NA,"NatReef",10,"NatReef-3-1821-1",2018,8,2,42.338285,-70.91209,"Agarum cribrosum","Random",1,"2",1,NA,NA
1067,"hubline",NA,"NatReef",10,"NatReef-3-1821-1",2018,8,2,42.338285,-70.91209,"Laminaria sp.","Random",1,"80",9,NA,NA
1068,"hubline",NA,"NatReef",10,"NatReef-3-1822-1",2018,8,2,42.338285,-70.91209,"Laminaria sp.","Random",1,"30",3,NA,NA
1069,"hubline",NA,"NatReef",10,"NatReef-3-1823-1",2018,8,2,42.338285,-70.91209,"Laminaria sp.","Random",1,"30",4,NA,NA
1070,"hubline",NA,"NatReef",10,"NatReef-3-1824-1",2018,8,2,42.338285,-70.91209,"Laminaria sp.","Random",1,"30",5,NA,NA
1071,"hubline",NA,"NatReef",10,"NatReef-3-1825-1",2018,8,2,42.338285,-70.91209,"Laminaria sp.","Random",1,"25",4,NA,NA
1072,"hubline",NA,"NatReef",10,"NatReef-3-1826-1",2018,8,2,42.338285,-70.91209,"Laminaria sp.","Random",1,"50",5,NA,NA
1073,"hubline",NA,"NatReef",10,"NatReef-3-1827-1",2018,8,2,42.338285,-70.91209,"Laminaria sp.","Random",1,"15",2,NA,NA
1074,"hubline",NA,"NatReef",10,"NatReef-3-1828-1",2018,8,2,42.338285,-70.91209,"Laminaria sp.","Random",1,"35",5,NA,NA
1075,"hubline",NA,"NatReef",10,"NatReef-3-1829-1",2018,8,2,42.338285,-70.91209,"Laminaria sp.","Random",1,"75",12,NA,NA
1076,"hubline",NA,"NatReef",10,"NatReef-3-1830-1",2018,8,2,42.338285,-70.91209,"Laminaria sp.","Random",1,"45",14,NA,NA
1077,"hubline",NA,"NatReef",10,"NatReef-3-1831-1",2018,8,2,42.338285,-70.91209,"Laminaria sp.","Random",1,"35",8,NA,NA
1078,"hubline",NA,"NatReef",10,"NatReef-3-1832-1",2018,8,2,42.338285,-70.91209,"Laminaria sp.","Random",1,"70",14,NA,NA
1079,"hubline",NA,"NatReef",10,"NatReef-3-1833-1",2018,8,2,42.338285,-70.91209,"Laminaria sp.","Random",1,"65",10,NA,NA
1080,"hubline",NA,"NatReef",10,"NatReef-3-1834-1",2018,8,2,42.338285,-70.91209,"Laminaria sp.","Random",1,"60",9,NA,NA
1081,"hubline",NA,"Site29",10,"Site29-9-1835-1",2019,7,17,42.34298,-70.907045,"Laminaria sp.","Random",1,"2",1,NA,NA
1082,"hubline",NA,"Site29",10,"Site29-9-1836-1",2019,7,17,42.34298,-70.907045,"Laminaria sp.","Random",1,"5",2,NA,NA
1083,"hubline",NA,"Site29",10,"Site29-9-1837-1",2019,7,17,42.34298,-70.907045,"Laminaria sp.","Random",1,"5",2,NA,NA
1084,"hubline",NA,"Site29",10,"Site29-9-1838-1",2019,7,17,42.34298,-70.907045,"Laminaria sp.","Random",1,"10",3,NA,NA
1085,"hubline",NA,"Site29",10,"Site29-9-1839-1",2019,7,17,42.34298,-70.907045,"Laminaria sp.","Random",1,"40",6,NA,NA
1086,"hubline",NA,"Site29",10,"Site29-9-1840-1",2019,7,17,42.34298,-70.907045,"Laminaria sp.","Random",1,"15",3,NA,NA
1087,"hubline",NA,"Site29",10,"Site29-9-1841-1",2019,7,17,42.34298,-70.907045,"Laminaria sp.","Random",1,"0.5",0,NA,NA
1088,"hubline",NA,"Site29",10,"Site29-9-1842-1",2019,7,17,42.34298,-70.907045,"Laminaria sp.","Random",1,"0.5",1,NA,NA
1089,"hubline",NA,"Site29",10,"Site29-9-1844-1",2019,7,17,42.34298,-70.907045,"Laminaria sp.","Random",1,"20",4,NA,NA
1090,"hubline",NA,"Site29",10,"Site29-9-1845-1",2019,7,17,42.34298,-70.907045,"Laminaria sp.","Random",1,"15",2,NA,NA
1091,"hubline",NA,"Site29",10,"Site29-1-1846-1",2019,7,17,42.34393,-70.90685,"Laminaria sp.","Random",1,"60",6,NA,NA
1092,"hubline",NA,"Site29",10,"Site29-1-1847-1",2019,7,17,42.34393,-70.90685,"Laminaria sp.","Random",1,"10",2,NA,NA
1093,"hubline",NA,"Site29",10,"Site29-1-1848-1",2019,7,17,42.34393,-70.90685,"Laminaria sp.","Random",1,"5",1,NA,NA
1094,"hubline",NA,"Site29",10,"Site29-1-1849-1",2019,7,17,42.34393,-70.90685,"Laminaria sp.","Random",1,"15",5,NA,NA
1095,"hubline",NA,"Site29",10,"Site29-1-1850-1",2019,7,17,42.34393,-70.90685,"Laminaria sp.","Random",1,"10",2,NA,NA
1096,"hubline",NA,"Site29",10,"Site29-1-1851-1",2019,7,17,42.34393,-70.90685,"Laminaria sp.","Random",1,"20",3,NA,NA
1097,"hubline",NA,"Site29",10,"Site29-1-1852-1",2019,7,17,42.34393,-70.90685,"Laminaria sp.","Random",1,"5",1,NA,NA
1098,"hubline",NA,"Site29",10,"Site29-1-1853-1",2019,7,17,42.34393,-70.90685,"Laminaria sp.","Random",1,"15",2,NA,NA
1099,"hubline",NA,"Site29",10,"Site29-1-1854-1",2019,7,17,42.34393,-70.90685,"Laminaria sp.","Random",1,"10",2,NA,NA
1100,"hubline",NA,"Site29",10,"Site29-1-1855-1",2019,7,17,42.34393,-70.90685,"Laminaria sp.","Random",1,"10",4,NA,NA
1101,"hubline",NA,"Site29",10,"Site29-1-1856-1",2019,7,17,42.34393,-70.90685,"Laminaria sp.","Random",1,"10",2,NA,NA
1102,"hubline",NA,"Site29",10,"Site29-1-1857-1",2019,7,17,42.34393,-70.90685,"Laminaria sp.","Random",1,"5",1,NA,NA
1103,"hubline",NA,"Site29",10,"Site29-1-1858-1",2019,7,17,42.34393,-70.90685,"Laminaria sp.","Random",1,"15",2,NA,NA
1104,"hubline",NA,"Site29",10,"Site29-1-1859-1",2019,7,17,42.34393,-70.90685,"Laminaria sp.","Random",1,"5",1,NA,NA
1105,"hubline",NA,"Site29",10,"Site29-1-1860-1",2019,7,17,42.34393,-70.90685,"Laminaria sp.","Random",1,"10",2,NA,NA
1106,"hubline",NA,"Site29",10,"Site29-1-1861-1",2019,7,17,42.34393,-70.90685,"Laminaria sp.","Random",1,"25",8,NA,NA
1107,"hubline",NA,"Site29",10,"Site29-1-1862-1",2019,7,17,42.34393,-70.90685,"Laminaria sp.","Random",1,"25",3,NA,NA
1108,"hubline",NA,"Site29",10,"Site29-1-1863-1",2019,7,17,42.34393,-70.90685,"Laminaria sp.","Random",1,"15",6,NA,NA
1109,"hubline",NA,"Site29",10,"Site29-1-1864-1",2019,7,17,42.34393,-70.90685,"Laminaria sp.","Random",1,"30",2,NA,NA
1110,"hubline",NA,"NatReef",10,"NatReef-1-1865-1",2019,7,17,42.33844,-70.912625,"Laminaria sp.","Random",1,"60",3,NA,NA
1111,"hubline",NA,"NatReef",10,"NatReef-1-1866-1",2019,7,17,42.33844,-70.912625,"Laminaria sp.","Random",1,"15",1,NA,NA
1112,"hubline",NA,"NatReef",10,"NatReef-1-1867-1",2019,7,17,42.33844,-70.912625,"Laminaria sp.","Random",1,"3",0,NA,NA
1113,"hubline",NA,"NatReef",10,"NatReef-1-1868-1",2019,7,17,42.33844,-70.912625,"Laminaria sp.","Random",1,"20",0,NA,NA
1114,"hubline",NA,"NatReef",10,"NatReef-1-1869-1",2019,7,17,42.33844,-70.912625,"Laminaria sp.","Random",1,"60",4,NA,NA
1115,"hubline",NA,"NatReef",10,"NatReef-1-1870-1",2019,7,17,42.33844,-70.912625,"Laminaria sp.","Random",1,"50",8,NA,NA
1116,"hubline",NA,"NatReef",10,"NatReef-1-1871-1",2019,7,17,42.33844,-70.912625,"Laminaria sp.","Random",1,"5",4,NA,NA
1117,"hubline",NA,"NatReef",10,"NatReef-1-1872-1",2019,7,17,42.33844,-70.912625,"Laminaria sp.","Random",1,"50",8,NA,NA
1118,"hubline",NA,"NatReef",10,"NatReef-1-1873-1",2019,7,17,42.33844,-70.912625,"Laminaria sp.","Random",1,"30",6,NA,NA
1119,"hubline",NA,"NatReef",10,"NatReef-1-1874-1",2019,7,17,42.33844,-70.912625,"Laminaria sp.","Random",1,"10",2,NA,NA
1120,"hubline",NA,"NatReef",10,"NatReef-1-1875-1",2019,7,17,42.33844,-70.912625,"Laminaria sp.","Random",1,"25",13,NA,NA
1121,"hubline",NA,"NatReef",10,"NatReef-1-1876-1",2019,7,17,42.33844,-70.912625,"Laminaria sp.","Random",1,"60",3,NA,NA
1122,"hubline",NA,"NatReef",10,"NatReef-1-1877-1",2019,7,17,42.33844,-70.912625,"Laminaria sp.","Random",1,"25",14,NA,NA
1123,"hubline",NA,"NatReef",10,"NatReef-3-1878-1",2019,7,17,42.338285,-70.91209,"Laminaria sp.","Random",1,"10",8,NA,NA
1124,"hubline",NA,"NatReef",10,"NatReef-3-1879-1",2019,7,17,42.338285,-70.91209,"Laminaria sp.","Random",1,"10",2,NA,NA
1125,"hubline",NA,"NatReef",10,"NatReef-3-1880-1",2019,7,17,42.338285,-70.91209,"Laminaria sp.","Random",1,"25",2,NA,NA
1126,"hubline",NA,"NatReef",10,"NatReef-3-1881-1",2019,7,17,42.338285,-70.91209,"Laminaria sp.","Random",1,"25",3,NA,NA
1127,"hubline",NA,"NatReef",10,"NatReef-3-1882-1",2019,7,17,42.338285,-70.91209,"Laminaria sp.","Random",1,"5",1,NA,NA
1128,"hubline",NA,"NatReef",10,"NatReef-3-1883-1",2019,7,17,42.338285,-70.91209,"Laminaria sp.","Random",1,"90",4,NA,NA
1129,"hubline",NA,"NatReef",10,"NatReef-3-1884-1",2019,7,17,42.338285,-70.91209,"Laminaria sp.","Random",1,"15",2,NA,NA
1130,"hubline",NA,"NatReef",10,"NatReef-3-1885-1",2019,7,17,42.338285,-70.91209,"Laminaria sp.","Random",1,"20",2,NA,NA
1131,"hubline",NA,"NatReef",10,"NatReef-3-1886-1",2019,7,17,42.338285,-70.91209,"Laminaria sp.","Random",1,"5",3,NA,NA
1132,"hubline",NA,"NatReef",10,"NatReef-3-1887-1",2019,7,17,42.338285,-70.91209,"Laminaria sp.","Random",1,"10",4,NA,NA
1133,"hubline",NA,"NatReef",10,"NatReef-3-1888-1",2019,7,17,42.338285,-70.91209,"Laminaria sp.","Random",1,"20",5,NA,NA
1134,"hubline",NA,"NatReef",10,"NatReef-3-1889-1",2019,7,17,42.338285,-70.91209,"Laminaria sp.","Random",1,"90",13,NA,NA
1135,"hubline",NA,"NatReef",10,"NatReef-3-1890-1",2019,7,17,42.338285,-70.91209,"Laminaria sp.","Random",1,"40",16,NA,NA
1136,"hubline",NA,"NatReef",10,"NatReef-3-1891-1",2019,7,17,42.338285,-70.91209,"Laminaria sp.","Random",1,"30",8,NA,NA
1137,"hubline",NA,"NatReef",10,"NatReef-3-1892-1",2019,7,17,42.338285,-70.91209,"Laminaria sp.","Random",1,"15",8,NA,NA
1138,"hubline",NA,"NatReef",10,"NatReef-3-1893-1",2019,7,17,42.338285,-70.91209,"Laminaria sp.","Random",1,"10",2,NA,NA
1139,"hubline",NA,"NatReef",10,"NatReef-1-1894-1",2019,7,21,42.33844,-70.912625,"Laminaria sp.","Random",1,"30",4,NA,NA
1140,"hubline",NA,"NatReef",10,"NatReef-1-1895-1",2019,7,21,42.33844,-70.912625,"Laminaria sp.","Random",1,"20",5,NA,NA
1141,"hubline",NA,"NatReef",10,"NatReef-1-1896-1",2019,7,21,42.33844,-70.912625,"Agarum cribrosum","Random",1,"5",1,NA,NA
1142,"hubline",NA,"Site29",10,"Site29-1-1896-1",2020,7,21,42.34393,-70.90685,"Laminaria sp.","Random",1,"25",5,NA,NA
1143,"hubline",NA,"NatReef",10,"NatReef-1-1897-1",2020,7,21,42.33844,-70.912625,"Laminaria sp.","Random",1,"30",9,NA,NA
1144,"hubline",NA,"Site29",10,"Site29-1-1898-1",2020,7,21,42.34393,-70.90685,"Laminaria sp.","Random",1,"10",2,NA,NA
1145,"hubline",NA,"Site29",10,"Site29-1-1899-1",2020,7,21,42.34393,-70.90685,"Laminaria sp.","Random",1,"50",2,NA,NA
1146,"hubline",NA,"Site29",10,"Site29-1-1900-1",2020,7,21,42.34393,-70.90685,"Laminaria sp.","Random",1,"10",3,NA,NA
1147,"hubline",NA,"Site29",10,"Site29-1-1901-1",2020,7,21,42.34393,-70.90685,"Laminaria sp.","Random",1,"15",4,NA,NA
1148,"hubline",NA,"Site29",10,"Site29-1-1902-1",2020,7,21,42.34393,-70.90685,"Laminaria sp.","Random",1,"5",3,NA,NA
1149,"hubline",NA,"Site29",10,"Site29-1-1903-1",2020,7,21,42.34393,-70.90685,"Laminaria sp.","Random",1,"5",4,NA,NA
1150,"hubline",NA,"Site29",10,"Site29-1-1904-1",2020,7,21,42.34393,-70.90685,"Laminaria sp.","Random",1,"20",2,NA,NA
1151,"hubline",NA,"Site29",10,"Site29-1-1905-1",2020,7,21,42.34393,-70.90685,"Laminaria sp.","Random",1,"35",2,NA,NA
1152,"hubline",NA,"Site29",10,"Site29-1-1907-1",2020,7,21,42.34393,-70.90685,"Laminaria sp.","Random",1,"5",1,NA,NA
1153,"hubline",NA,"Site29",10,"Site29-1-1908-1",2020,7,21,42.34393,-70.90685,"Laminaria sp.","Random",1,"25",2,NA,NA
1154,"hubline",NA,"Site29",10,"Site29-1-1909-1",2020,7,21,42.34393,-70.90685,"Laminaria sp.","Random",1,"11",2,NA,NA
1155,"hubline",NA,"Site29",10,"Site29-9-1910-1",2020,7,21,42.34298,-70.907045,"Laminaria sp.","Random",1,"20",5,NA,NA
1156,"hubline",NA,"Site29",10,"Site29-9-1911-1",2020,7,21,42.34298,-70.907045,"Laminaria sp.","Random",1,"50",8,NA,NA
1157,"hubline",NA,"Site29",10,"Site29-9-1912-1",2020,7,21,42.34298,-70.907045,"Laminaria sp.","Random",1,"35",7,NA,NA
1158,"hubline",NA,"Site29",10,"Site29-9-1913-1",2020,7,21,42.34298,-70.907045,"Laminaria sp.","Random",1,"65",6,NA,NA
1159,"hubline",NA,"Site29",10,"Site29-9-1914-1",2020,7,21,42.34298,-70.907045,"Laminaria sp.","Random",1,"45",9,NA,NA
1160,"hubline",NA,"Site29",10,"Site29-9-1915-1",2020,7,21,42.34298,-70.907045,"Laminaria sp.","Random",1,"35",5,NA,NA
1161,"hubline",NA,"Site29",10,"Site29-9-1916-1",2020,7,21,42.34298,-70.907045,"Laminaria sp.","Random",1,"80",7,NA,NA
1162,"hubline",NA,"Site29",10,"Site29-9-1917-1",2020,7,21,42.34298,-70.907045,"Laminaria sp.","Random",1,"70",8,NA,NA
1163,"hubline",NA,"Site29",10,"Site29-9-1918-1",2020,7,21,42.34298,-70.907045,"Laminaria sp.","Random",1,"75",12,NA,NA
1164,"hubline",NA,"Site29",10,"Site29-9-1919-1",2020,7,21,42.34298,-70.907045,"Laminaria sp.","Random",1,"40",2,NA,NA
1165,"hubline",NA,"Site29",10,"Site29-9-1920-1",2020,7,21,42.34298,-70.907045,"Laminaria sp.","Random",1,"25",2,NA,NA
1166,"hubline",NA,"Site29",10,"Site29-9-1921-1",2020,7,21,42.34298,-70.907045,"Laminaria sp.","Random",1,"35",4,NA,NA
1167,"hubline",NA,"Site29",10,"Site29-9-1922-1",2020,7,21,42.34298,-70.907045,"Laminaria sp.","Random",1,"8",1,NA,NA
1168,"hubline",NA,"Site29",10,"Site29-9-1923-1",2020,7,21,42.34298,-70.907045,"Laminaria sp.","Random",1,"40",3,NA,NA
1169,"hubline",NA,"Site29",10,"Site29-9-1924-1",2020,7,21,42.34298,-70.907045,"Laminaria sp.","Random",1,"25",2,NA,NA
1170,"hubline",NA,"Site29",10,"Site29-9-1925-1",2020,7,21,42.34298,-70.907045,"Laminaria sp.","Random",1,"20",2,NA,NA
1171,"hubline",NA,"Site29",10,"Site29-1-1926-1",2020,7,21,42.34393,-70.90685,"Laminaria sp.","Random",1,"10",5,NA,NA
1172,"hubline",NA,"Site29",10,"Site29-1-1927-1",2020,7,21,42.34393,-70.90685,"Laminaria sp.","Random",1,"10",7,NA,NA
1173,"hubline",NA,"Site29",10,"Site29-1-1928-1",2020,7,21,42.34393,-70.90685,"Laminaria sp.","Random",1,"75",30,NA,NA
1174,"hubline",NA,"Site29",10,"Site29-1-1929-1",2020,7,21,42.34393,-70.90685,"Laminaria sp.","Random",1,"40",16,NA,NA
1175,"hubline",NA,"NatReef",10,"NatReef-1-1930-1",2020,7,21,42.33844,-70.912625,"Laminaria sp.","Random",1,"30",15,NA,NA
1176,"hubline",NA,"NatReef",10,"NatReef-1-1931-1",2020,7,21,42.33844,-70.912625,"Laminaria sp.","Random",1,"30",16,NA,NA
1177,"hubline",NA,"NatReef",10,"NatReef-1-1932-1",2020,7,21,42.33844,-70.912625,"Laminaria sp.","Random",1,"10",14,NA,NA
1178,"hubline",NA,"NatReef",10,"NatReef-1-1933-1",2020,7,21,42.33844,-70.912625,"Laminaria sp.","Random",1,"5",11,NA,NA
1179,"hubline",NA,"NatReef",10,"NatReef-1-1934-1",2020,7,21,42.33844,-70.912625,"Laminaria sp.","Random",1,"10",2,NA,NA
1180,"hubline",NA,"NatReef",10,"NatReef-1-1935-1",2020,7,21,42.33844,-70.912625,"Laminaria sp.","Random",1,"5",2,NA,NA
1181,"hubline",NA,"NatReef",10,"NatReef-1-1936-1",2020,7,21,42.33844,-70.912625,"Laminaria sp.","Random",1,"50",4,NA,NA
1182,"hubline",NA,"NatReef",10,"NatReef-1-1937-1",2020,7,21,42.33844,-70.912625,"Laminaria sp.","Random",1,"30",10,NA,NA
1183,"hubline",NA,"NatReef",10,"NatReef-1-1938-1",2020,7,21,42.33844,-70.912625,"Laminaria sp.","Random",1,"75",8,NA,NA
1184,"hubline",NA,"NatReef",10,"NatReef-1-1939-1",2020,7,21,42.33844,-70.912625,"Agarum cribrosum","Random",1,"1",NA,NA,NA
1185,"hubline",NA,"NatReef",10,"NatReef-1-1939-1",2020,7,21,42.33844,-70.912625,"Laminaria sp.","Random",1,"20",4,NA,NA
1186,"hubline",NA,"NatReef",10,"NatReef-1-1940-1",2020,7,21,42.33844,-70.912625,"Laminaria sp.","Random",1,"15",3,NA,NA
1187,"hubline",NA,"NatReef",10,"NatReef-1-1941-1",2020,7,21,42.33844,-70.912625,"Laminaria sp.","Random",1,"5",1,NA,NA
1188,"hubline",NA,"NatReef",10,"NatReef-3-1942-1",2020,7,21,42.338285,-70.91209,"Laminaria sp.","Random",1,"1",1,NA,NA
1189,"hubline",NA,"NatReef",10,"NatReef-3-1943-1",2020,7,21,42.338285,-70.91209,"Laminaria sp.","Random",1,"5",3,NA,NA
1190,"hubline",NA,"NatReef",10,"NatReef-3-1944-1",2020,7,21,42.338285,-70.91209,"Laminaria sp.","Random",1,"20",6,NA,NA
1191,"hubline",NA,"NatReef",10,"NatReef-3-1945-1",2020,7,21,42.338285,-70.91209,"Laminaria sp.","Random",1,"30",3,NA,NA
1192,"hubline",NA,"NatReef",10,"NatReef-3-1946-1",2020,7,21,42.338285,-70.91209,"Laminaria sp.","Random",1,"50",6,NA,NA
1193,"hubline",NA,"NatReef",10,"NatReef-3-1947-1",2020,7,21,42.338285,-70.91209,"Laminaria sp.","Random",1,"75",10,NA,NA
1194,"hubline",NA,"NatReef",10,"NatReef-3-1948-1",2020,7,21,42.338285,-70.91209,"Laminaria sp.","Random",1,"40",14,NA,NA
1195,"hubline",NA,"NatReef",10,"NatReef-3-1949-1",2020,7,21,42.338285,-70.91209,"Laminaria sp.","Random",1,"15",2,NA,NA
1196,"hubline",NA,"NatReef",10,"NatReef-3-1950-1",2020,7,21,42.338285,-70.91209,"Laminaria sp.","Random",1,"5",2,NA,NA
1197,"hubline",NA,"NatReef",10,"NatReef-3-1951-1",2020,7,21,42.338285,-70.91209,"Laminaria sp.","Random",1,"5",1,NA,NA
1198,"hubline",NA,"NatReef",10,"NatReef-3-1952-1",2020,7,21,42.338285,-70.91209,"Laminaria sp.","Random",1,"25",4,NA,NA
1199,"hubline",NA,"NatReef",10,"NatReef-3-1953-1",2020,7,21,42.338285,-70.91209,"Laminaria sp.","Random",1,"15",5,NA,NA
1200,"hubline",NA,"NatReef",10,"NatReef-3-1954-1",2020,7,21,42.338285,-70.91209,"Laminaria sp.","Random",1,"75",5,NA,NA
1201,"hubline",NA,"NatReef",10,"NatReef-3-1955-1",2020,7,21,42.338285,-70.91209,"Laminaria sp.","Random",1,"50",15,NA,NA
1202,"hubline",NA,"NatReef",10,"NatReef-3-1956-1",2020,7,21,42.338285,-70.91209,"Laminaria sp.","Random",1,"40",5,NA,NA
1203,"hubline",NA,"NatReef",10,"NatReef-3-1957-1",2020,7,21,42.338285,-70.91209,"Laminaria sp.","Random",1,"75",3,NA,NA
1204,"hubline",NA,"Site29",10,"Site29-9-1961-1",2021,7,15,42.34298,-70.907045,"Laminaria sp.","Random",1,"25",2,NA,NA
1205,"hubline",NA,"Site29",10,"Site29-9-1962-1",2021,7,15,42.34298,-70.907045,"Laminaria sp.","Random",1,"12",0,NA,NA
1206,"hubline",NA,"Site29",10,"Site29-9-1963-1",2021,7,15,42.34298,-70.907045,"Laminaria sp.","Random",1,"25",0,NA,NA
1207,"hubline",NA,"Site29",10,"Site29-9-1964-1",2021,7,15,42.34298,-70.907045,"Laminaria sp.","Random",1,"15",0,NA,NA
1208,"hubline",NA,"Site29",10,"Site29-9-1965-1",2021,7,15,42.34298,-70.907045,"Laminaria sp.","Random",1,"15",1,NA,NA
1209,"hubline",NA,"Site29",10,"Site29-9-1967-1",2021,7,15,42.34298,-70.907045,"Laminaria sp.","Random",1,"20",5,NA,NA
1210,"hubline",NA,"Site29",10,"Site29-9-1968-1",2021,7,15,42.34298,-70.907045,"Laminaria sp.","Random",1,"40",4,NA,NA
1211,"hubline",NA,"Site29",10,"Site29-9-1969-1",2021,7,15,42.34298,-70.907045,"Laminaria sp.","Random",1,"70",6,NA,NA
1212,"hubline",NA,"Site29",10,"Site29-9-1970-1",2021,7,15,42.34298,-70.907045,"Laminaria sp.","Random",1,"25",2,NA,NA
1213,"hubline",NA,"Site29",10,"Site29-9-1971-1",2021,7,15,42.34298,-70.907045,"Laminaria sp.","Random",1,"45",3,NA,NA
1214,"hubline",NA,"Site29",10,"Site29-9-1972-1",2021,7,15,42.34298,-70.907045,"Laminaria sp.","Random",1,"15",1,NA,NA
1215,"hubline",NA,"Site29",10,"Site29-9-1973-1",2021,7,15,42.34298,-70.907045,"Laminaria sp.","Random",1,"25",2,NA,NA
1216,"hubline",NA,"Site29",10,"Site29-1-1974-1",2021,7,15,42.34393,-70.90685,"Laminaria sp.","Random",1,"15",7,NA,NA
1217,"hubline",NA,"Site29",10,"Site29-1-1975-1",2021,7,15,42.34393,-70.90685,"Laminaria sp.","Random",1,"10",2,NA,NA
1218,"hubline",NA,"Site29",10,"Site29-1-1976-1",2021,7,15,42.34393,-70.90685,"Laminaria sp.","Random",1,"60",7,NA,NA
1219,"hubline",NA,"Site29",10,"Site29-1-1977-1",2021,7,15,42.34393,-70.90685,"Laminaria sp.","Random",1,"60",11,NA,NA
1220,"hubline",NA,"Site29",10,"Site29-1-1978-1",2021,7,15,42.34393,-70.90685,"Laminaria sp.","Random",1,"60",3,NA,NA
1221,"hubline",NA,"Site29",10,"Site29-1-1979-1",2021,7,15,42.34393,-70.90685,"Laminaria sp.","Random",1,"20",3,NA,NA
1222,"hubline",NA,"Site29",10,"Site29-1-1980-1",2021,7,15,42.34393,-70.90685,"Laminaria sp.","Random",1,"50",6,NA,NA
1223,"hubline",NA,"Site29",10,"Site29-1-1981-1",2021,7,15,42.34393,-70.90685,"Laminaria sp.","Random",1,"20",2,NA,NA
1224,"hubline",NA,"Site29",10,"Site29-1-1982-1",2021,7,15,42.34393,-70.90685,"Laminaria sp.","Random",1,"15",2,NA,NA
1225,"hubline",NA,"Site29",10,"Site29-1-1983-1",2021,7,15,42.34393,-70.90685,"Laminaria sp.","Random",1,"15",4,NA,NA
1226,"hubline",NA,"Site29",10,"Site29-1-1984-1",2021,7,15,42.34393,-70.90685,"Laminaria sp.","Random",1,"10",3,NA,NA
1227,"hubline",NA,"Site29",10,"Site29-1-1985-1",2021,7,15,42.34393,-70.90685,"Laminaria sp.","Random",1,"40",11,NA,NA
1228,"hubline",NA,"Site29",10,"Site29-1-1986-1",2021,7,15,42.34393,-70.90685,"Laminaria sp.","Random",1,"15",3,NA,NA
1229,"hubline",NA,"Site29",10,"Site29-1-1987-1",2021,7,15,42.34393,-70.90685,"Laminaria sp.","Random",1,"40",6,NA,NA
1230,"hubline",NA,"Site29",10,"Site29-1-1988-1",2021,7,15,42.34393,-70.90685,"Laminaria sp.","Random",1,"12",2,NA,NA
1231,"hubline",NA,"Site29",10,"Site29-1-1989-1",2021,7,15,42.34393,-70.90685,"Laminaria sp.","Random",1,"20",3,NA,NA
1232,"hubline",NA,"Site29",10,"Site29-1-1990-1",2021,7,15,42.34393,-70.90685,"Laminaria sp.","Random",1,"50",3,NA,NA
1233,"hubline",NA,"Site29",10,"Site29-1-1991-1",2021,7,15,42.34393,-70.90685,"Laminaria sp.","Random",1,"50",4,NA,NA
1234,"hubline",NA,"Site29",10,"Site29-1-1992-1",2021,7,15,42.34393,-70.90685,"Laminaria sp.","Random",1,"75",3,NA,NA
1235,"hubline",NA,"NatReef",10,"NatReef-1-1993-1",2021,7,15,42.33844,-70.912625,"Laminaria sp.","Random",1,"60",7,NA,NA
1236,"hubline",NA,"NatReef",10,"NatReef-1-1994-1",2021,7,15,42.33844,-70.912625,"Laminaria sp.","Random",1,"95",3,NA,NA
1237,"hubline",NA,"NatReef",10,"NatReef-1-1995-1",2021,7,15,42.33844,-70.912625,"Laminaria sp.","Random",1,"100",5,NA,NA
1238,"hubline",NA,"NatReef",10,"NatReef-1-1996-1",2021,7,15,42.33844,-70.912625,"Laminaria sp.","Random",1,"30",7,NA,NA
1239,"hubline",NA,"NatReef",10,"NatReef-1-1997-1",2021,7,15,42.33844,-70.912625,"Laminaria sp.","Random",1,"25",8,NA,NA
1240,"hubline",NA,"NatReef",10,"NatReef-1-1998-1",2021,7,15,42.33844,-70.912625,"Laminaria sp.","Random",1,"90",6,NA,NA
1241,"hubline",NA,"NatReef",10,"NatReef-1-1999-1",2021,7,15,42.33844,-70.912625,"Laminaria sp.","Random",1,"80",6,NA,NA
1242,"hubline",NA,"NatReef",10,"NatReef-1-2000-1",2021,7,15,42.33844,-70.912625,"Laminaria sp.","Random",1,"50",4,NA,NA
1243,"hubline",NA,"NatReef",10,"NatReef-1-2001-1",2021,7,15,42.33844,-70.912625,"Laminaria sp.","Random",1,"50",2,NA,NA
1244,"hubline",NA,"NatReef",10,"NatReef-1-2002-1",2021,7,15,42.33844,-70.912625,"Laminaria sp.","Random",1,"25",1,NA,NA
1245,"hubline",NA,"NatReef",10,"NatReef-1-2003-1",2021,7,15,42.33844,-70.912625,"Laminaria sp.","Random",1,"5",2,NA,NA
1246,"hubline",NA,"NatReef",10,"NatReef-1-2004-1",2021,7,15,42.33844,-70.912625,"Laminaria sp.","Random",1,"10",4,NA,NA
1247,"hubline",NA,"NatReef",10,"NatReef-1-2005-1",2021,7,15,42.33844,-70.912625,"Laminaria sp.","Random",1,"30",4,NA,NA
1248,"hubline",NA,"NatReef",10,"NatReef-3-2012-1",2021,7,15,42.338285,-70.91209,"Laminaria sp.","Random",1,"30",6,NA,NA
1249,"hubline",NA,"NatReef",10,"NatReef-3-2013-1",2021,7,15,42.338285,-70.91209,"Laminaria sp.","Random",1,"50",11,NA,NA
1250,"hubline",NA,"NatReef",10,"NatReef-3-2014-1",2021,7,15,42.338285,-70.91209,"Laminaria sp.","Random",1,"100",7,NA,NA
1251,"hubline",NA,"NatReef",10,"NatReef-3-2015-1",2021,7,15,42.338285,-70.91209,"Laminaria sp.","Random",1,"75",4,NA,NA
1252,"hubline",NA,"NatReef",10,"NatReef-3-2016-1",2021,7,15,42.338285,-70.91209,"Laminaria sp.","Random",1,"10",11,NA,NA
1253,"hubline",NA,"NatReef",10,"NatReef-3-2017-1",2021,7,15,42.338285,-70.91209,"Laminaria sp.","Random",1,"80",8,NA,NA
1254,"hubline",NA,"NatReef",10,"NatReef-3-2018-1",2021,7,15,42.338285,-70.91209,"Laminaria sp.","Random",1,"80",9,NA,NA
1255,"hubline",NA,"NatReef",10,"NatReef-3-2019-1",2021,7,15,42.338285,-70.91209,"Laminaria sp.","Random",1,"75",9,NA,NA
1256,"hubline",NA,"NatReef",10,"NatReef-3-2020-1",2021,7,15,42.338285,-70.91209,"Laminaria sp.","Random",1,"75",7,NA,NA
1257,"hubline",NA,"NatReef",10,"NatReef-3-2021-1",2021,7,15,42.338285,-70.91209,"Laminaria sp.","Random",1,"50",8,NA,NA
1258,"hubline",NA,"NatReef",10,"NatReef-3-2022-1",2021,7,15,42.338285,-70.91209,"Laminaria sp.","Random",1,"50",7,NA,NA
1259,"hubline",NA,"NatReef",10,"NatReef-3-2024-1",2021,7,15,42.338285,-70.91209,"Laminaria sp.","Random",1,"10",7,NA,NA
1260,"hubline",NA,"NatReef",10,"NatReef-3-2025-1",2021,7,15,42.338285,-70.91209,"Laminaria sp.","Random",1,"40",9,NA,NA
1261,"hubline",NA,"NatReef",10,"NatReef-3-2026-1",2021,7,15,42.338285,-70.91209,"Laminaria sp.","Random",1,"25",9,NA,NA
