Entry,Study,Region,Site,Depth.m,Sample.ID,Sample.Year,Sample.Month,Sample.Day,Latitude,Longitude,Taxon,Fixed.or.Random,Sample.Unit.Size.sq.m,Percent.Cover,Stipe.Density.num.per.sq.m,Individual.Density.num.per.sq.m,Biomass.kg.wet.per.sq.m
1,merinov_gosl,Gulf of Saint Lawrence,BAG,NA,BAG-NA-2012-8-28,2012,8,28,48.7743,-68.9702,Ascophyllum nodosum,Random,NA,NA,4,4,1.01
2,merinov_gosl,Gulf of Saint Lawrence,BAG,NA,BAG-NA-2012-8-28,2012,8,28,48.7743,-68.9702,Fucus distichus subsp. edentatus,Random,NA,NA,NA,NA,0
3,merinov_gosl,Gulf of Saint Lawrence,BAG,NA,BAG-NA-2012-8-28,2012,8,28,48.7743,-68.9702,Fucus distichus subsp. evanescens,Random,NA,NA,3,3,0.4
4,merinov_gosl,Gulf of Saint Lawrence,BAG,NA,BAG-NA-2012-8-28,2012,8,28,48.7743,-68.9702,Fucus vesiculosus,Random,NA,NA,NA,NA,0
5,merinov_gosl,Gulf of Saint Lawrence,BAG,NA,BAG-NA-2012-8-28,2012,8,28,48.7743,-68.9695,Ascophyllum nodosum,Random,NA,NA,NA,NA,0
6,merinov_gosl,Gulf of Saint Lawrence,BAG,NA,BAG-NA-2012-8-28,2012,8,28,48.7743,-68.9695,Fucus distichus subsp. edentatus,Random,NA,NA,NA,NA,0
7,merinov_gosl,Gulf of Saint Lawrence,BAG,NA,BAG-NA-2012-8-28,2012,8,28,48.7743,-68.9695,Fucus distichus subsp. evanescens,Random,NA,NA,NA,NA,0
8,merinov_gosl,Gulf of Saint Lawrence,BAG,NA,BAG-NA-2012-8-28,2012,8,28,48.7743,-68.9695,Fucus vesiculosus,Random,NA,NA,NA,NA,0
9,merinov_gosl,Gulf of Saint Lawrence,BAG,NA,BAG-NA-2012-8-28,2012,8,28,48.7743,-68.9688,Ascophyllum nodosum,Random,NA,NA,NA,NA,0
10,merinov_gosl,Gulf of Saint Lawrence,BAG,NA,BAG-NA-2012-8-28,2012,8,28,48.7743,-68.9688,Fucus distichus subsp. edentatus,Random,NA,NA,NA,NA,0
11,merinov_gosl,Gulf of Saint Lawrence,BAG,NA,BAG-NA-2012-8-28,2012,8,28,48.7743,-68.9688,Fucus distichus subsp. evanescens,Random,NA,NA,NA,NA,0
12,merinov_gosl,Gulf of Saint Lawrence,BAG,NA,BAG-NA-2012-8-28,2012,8,28,48.7743,-68.9688,Fucus vesiculosus,Random,NA,NA,3,3,0.18
13,merinov_gosl,Gulf of Saint Lawrence,BAG,NA,BAG-NA-2012-8-28,2012,8,28,48.7743,-68.9682,Ascophyllum nodosum,Random,NA,NA,6,6,1.54
14,merinov_gosl,Gulf of Saint Lawrence,BAG,NA,BAG-NA-2012-8-28,2012,8,28,48.7743,-68.9682,Fucus distichus subsp. edentatus,Random,NA,NA,NA,NA,0
15,merinov_gosl,Gulf of Saint Lawrence,BAG,NA,BAG-NA-2012-8-28,2012,8,28,48.7743,-68.9682,Fucus distichus subsp. evanescens,Random,NA,NA,6,6,0.45
16,merinov_gosl,Gulf of Saint Lawrence,BAG,NA,BAG-NA-2012-8-28,2012,8,28,48.7743,-68.9682,Fucus vesiculosus,Random,NA,NA,NA,NA,0
17,merinov_gosl,Gulf of Saint Lawrence,BAG,NA,BAG-NA-2012-8-28,2012,8,28,48.7743,-68.9675,Ascophyllum nodosum,Random,NA,NA,10,10,2.84
18,merinov_gosl,Gulf of Saint Lawrence,BAG,NA,BAG-NA-2012-8-28,2012,8,28,48.7743,-68.9675,Fucus distichus subsp. edentatus,Random,NA,NA,NA,NA,0
19,merinov_gosl,Gulf of Saint Lawrence,BAG,NA,BAG-NA-2012-8-28,2012,8,28,48.7743,-68.9675,Fucus distichus subsp. evanescens,Random,NA,NA,12,12,0.2
20,merinov_gosl,Gulf of Saint Lawrence,BAG,NA,BAG-NA-2012-8-28,2012,8,28,48.7743,-68.9675,Fucus vesiculosus,Random,NA,NA,37,37,1.29
21,merinov_gosl,Gulf of Saint Lawrence,BAG,NA,BAG-NA-2012-8-28,2012,8,28,48.7743,-68.9668,Ascophyllum nodosum,Random,NA,NA,1,1,0.45
22,merinov_gosl,Gulf of Saint Lawrence,BAG,NA,BAG-NA-2012-8-28,2012,8,28,48.7743,-68.9668,Fucus distichus subsp. edentatus,Random,NA,NA,24,24,2.89
23,merinov_gosl,Gulf of Saint Lawrence,BAG,NA,BAG-NA-2012-8-28,2012,8,28,48.7743,-68.9668,Fucus distichus subsp. evanescens,Random,NA,NA,56,56,2.64
24,merinov_gosl,Gulf of Saint Lawrence,BAG,NA,BAG-NA-2012-8-28,2012,8,28,48.7743,-68.9668,Fucus vesiculosus,Random,NA,NA,22,22,1.01
25,merinov_gosl,Gulf of Saint Lawrence,BAG,NA,BAG-NA-2012-8-28,2012,8,28,48.7788,-68.9621,Ascophyllum nodosum,Random,NA,NA,24,24,1.58
26,merinov_gosl,Gulf of Saint Lawrence,BAG,NA,BAG-NA-2012-8-28,2012,8,28,48.7788,-68.9621,Fucus distichus subsp. edentatus,Random,NA,NA,NA,NA,0
27,merinov_gosl,Gulf of Saint Lawrence,BAG,NA,BAG-NA-2012-8-28,2012,8,28,48.7788,-68.9621,Fucus distichus subsp. evanescens,Random,NA,NA,NA,NA,0
28,merinov_gosl,Gulf of Saint Lawrence,BAG,NA,BAG-NA-2012-8-28,2012,8,28,48.7788,-68.9621,Fucus vesiculosus,Random,NA,NA,10,10,1.08
29,merinov_gosl,Gulf of Saint Lawrence,BAG,NA,BAG-NA-2012-8-28,2012,8,28,48.7788,-68.9615,Ascophyllum nodosum,Random,NA,NA,NA,NA,0
30,merinov_gosl,Gulf of Saint Lawrence,BAG,NA,BAG-NA-2012-8-28,2012,8,28,48.7788,-68.9615,Fucus distichus subsp. edentatus,Random,NA,NA,NA,NA,0
31,merinov_gosl,Gulf of Saint Lawrence,BAG,NA,BAG-NA-2012-8-28,2012,8,28,48.7788,-68.9615,Fucus distichus subsp. evanescens,Random,NA,NA,NA,NA,0
32,merinov_gosl,Gulf of Saint Lawrence,BAG,NA,BAG-NA-2012-8-28,2012,8,28,48.7788,-68.9615,Fucus vesiculosus,Random,NA,NA,NA,NA,0
33,merinov_gosl,Gulf of Saint Lawrence,BAG,NA,BAG-NA-2012-8-28,2012,8,28,48.7788,-68.9602,Ascophyllum nodosum,Random,NA,NA,NA,NA,0
34,merinov_gosl,Gulf of Saint Lawrence,BAG,NA,BAG-NA-2012-8-28,2012,8,28,48.7788,-68.9602,Fucus distichus subsp. edentatus,Random,NA,NA,NA,NA,0
35,merinov_gosl,Gulf of Saint Lawrence,BAG,NA,BAG-NA-2012-8-28,2012,8,28,48.7788,-68.9602,Fucus distichus subsp. evanescens,Random,NA,NA,1,1,0.02
36,merinov_gosl,Gulf of Saint Lawrence,BAG,NA,BAG-NA-2012-8-28,2012,8,28,48.7788,-68.9602,Fucus vesiculosus,Random,NA,NA,NA,NA,0
37,merinov_gosl,Gulf of Saint Lawrence,BAG,NA,BAG-NA-2012-8-28,2012,8,28,48.7788,-68.9595,Ascophyllum nodosum,Random,NA,NA,14,14,2.83
38,merinov_gosl,Gulf of Saint Lawrence,BAG,NA,BAG-NA-2012-8-28,2012,8,28,48.7788,-68.9595,Fucus distichus subsp. edentatus,Random,NA,NA,NA,NA,0
39,merinov_gosl,Gulf of Saint Lawrence,BAG,NA,BAG-NA-2012-8-28,2012,8,28,48.7788,-68.9595,Fucus distichus subsp. evanescens,Random,NA,NA,4,4,0.14
40,merinov_gosl,Gulf of Saint Lawrence,BAG,NA,BAG-NA-2012-8-28,2012,8,28,48.7788,-68.9595,Fucus vesiculosus,Random,NA,NA,NA,NA,0
41,merinov_gosl,Gulf of Saint Lawrence,BAG,NA,BAG-NA-2012-8-28,2012,8,28,48.7788,-68.9589,Ascophyllum nodosum,Random,NA,NA,NA,NA,0
42,merinov_gosl,Gulf of Saint Lawrence,BAG,NA,BAG-NA-2012-8-28,2012,8,28,48.7788,-68.9589,Fucus distichus subsp. edentatus,Random,NA,NA,NA,NA,0
43,merinov_gosl,Gulf of Saint Lawrence,BAG,NA,BAG-NA-2012-8-28,2012,8,28,48.7788,-68.9589,Fucus distichus subsp. evanescens,Random,NA,NA,6,6,0.21
44,merinov_gosl,Gulf of Saint Lawrence,BAG,NA,BAG-NA-2012-8-28,2012,8,28,48.7788,-68.9589,Fucus vesiculosus,Random,NA,NA,NA,NA,0
45,merinov_gosl,Gulf of Saint Lawrence,BAG,NA,BAG-NA-2012-8-28,2012,8,28,48.7788,-68.9582,Ascophyllum nodosum,Random,NA,NA,10,10,2.68
46,merinov_gosl,Gulf of Saint Lawrence,BAG,NA,BAG-NA-2012-8-28,2012,8,28,48.7788,-68.9582,Fucus distichus subsp. edentatus,Random,NA,NA,NA,NA,0
47,merinov_gosl,Gulf of Saint Lawrence,BAG,NA,BAG-NA-2012-8-28,2012,8,28,48.7788,-68.9582,Fucus distichus subsp. evanescens,Random,NA,NA,12,12,0.56
48,merinov_gosl,Gulf of Saint Lawrence,BAG,NA,BAG-NA-2012-8-28,2012,8,28,48.7788,-68.9582,Fucus vesiculosus,Random,NA,NA,9,9,0.33
49,merinov_gosl,Gulf of Saint Lawrence,BAG,NA,BAG-NA-2012-8-28,2012,8,28,48.7788,-68.9575,Ascophyllum nodosum,Random,NA,NA,NA,NA,0
50,merinov_gosl,Gulf of Saint Lawrence,BAG,NA,BAG-NA-2012-8-28,2012,8,28,48.7788,-68.9575,Fucus distichus subsp. edentatus,Random,NA,NA,NA,NA,0
51,merinov_gosl,Gulf of Saint Lawrence,BAG,NA,BAG-NA-2012-8-28,2012,8,28,48.7788,-68.9575,Fucus distichus subsp. evanescens,Random,NA,NA,NA,NA,0
52,merinov_gosl,Gulf of Saint Lawrence,BAG,NA,BAG-NA-2012-8-28,2012,8,28,48.7788,-68.9575,Fucus vesiculosus,Random,NA,NA,NA,NA,0
53,merinov_gosl,Gulf of Saint Lawrence,BAG,NA,BAG-NA-2012-8-28,2012,8,28,48.7788,-68.9569,Ascophyllum nodosum,Random,NA,NA,NA,NA,0
54,merinov_gosl,Gulf of Saint Lawrence,BAG,NA,BAG-NA-2012-8-28,2012,8,28,48.7788,-68.9569,Fucus distichus subsp. edentatus,Random,NA,NA,NA,NA,0
55,merinov_gosl,Gulf of Saint Lawrence,BAG,NA,BAG-NA-2012-8-28,2012,8,28,48.7788,-68.9569,Fucus distichus subsp. evanescens,Random,NA,NA,8,8,0.13
56,merinov_gosl,Gulf of Saint Lawrence,BAG,NA,BAG-NA-2012-8-28,2012,8,28,48.7788,-68.9569,Fucus vesiculosus,Random,NA,NA,11,11,1.08
57,merinov_gosl,Gulf of Saint Lawrence,BAG,NA,BAG-NA-2012-8-28,2012,8,28,48.7788,-68.9562,Ascophyllum nodosum,Random,NA,NA,NA,NA,0
58,merinov_gosl,Gulf of Saint Lawrence,BAG,NA,BAG-NA-2012-8-28,2012,8,28,48.7788,-68.9562,Fucus distichus subsp. edentatus,Random,NA,NA,NA,NA,0
59,merinov_gosl,Gulf of Saint Lawrence,BAG,NA,BAG-NA-2012-8-28,2012,8,28,48.7788,-68.9562,Fucus distichus subsp. evanescens,Random,NA,NA,13,13,0.54
60,merinov_gosl,Gulf of Saint Lawrence,BAG,NA,BAG-NA-2012-8-28,2012,8,28,48.7788,-68.9562,Fucus vesiculosus,Random,NA,NA,NA,NA,0
61,merinov_gosl,Gulf of Saint Lawrence,BAG,NA,BAG-NA-2012-8-28,2012,8,28,48.7788,-68.9557,Ascophyllum nodosum,Random,NA,NA,NA,NA,0
62,merinov_gosl,Gulf of Saint Lawrence,BAG,NA,BAG-NA-2012-8-28,2012,8,28,48.7788,-68.9557,Fucus distichus subsp. edentatus,Random,NA,NA,NA,NA,0
63,merinov_gosl,Gulf of Saint Lawrence,BAG,NA,BAG-NA-2012-8-28,2012,8,28,48.7788,-68.9557,Fucus distichus subsp. evanescens,Random,NA,NA,22,22,1.03
64,merinov_gosl,Gulf of Saint Lawrence,BAG,NA,BAG-NA-2012-8-28,2012,8,28,48.7788,-68.9557,Fucus vesiculosus,Random,NA,NA,NA,NA,0
65,merinov_gosl,Gulf of Saint Lawrence,BAG,NA,BAG-NA-2012-8-28,2012,8,28,48.7833,-68.9562,Ascophyllum nodosum,Random,NA,NA,NA,NA,0
66,merinov_gosl,Gulf of Saint Lawrence,BAG,NA,BAG-NA-2012-8-28,2012,8,28,48.7833,-68.9562,Fucus distichus subsp. edentatus,Random,NA,NA,NA,NA,0
67,merinov_gosl,Gulf of Saint Lawrence,BAG,NA,BAG-NA-2012-8-28,2012,8,28,48.7833,-68.9562,Fucus distichus subsp. evanescens,Random,NA,NA,NA,NA,0
68,merinov_gosl,Gulf of Saint Lawrence,BAG,NA,BAG-NA-2012-8-28,2012,8,28,48.7833,-68.9562,Fucus vesiculosus,Random,NA,NA,NA,NA,0
69,merinov_gosl,Gulf of Saint Lawrence,BAG,NA,BAG-NA-2012-8-28,2012,8,28,48.7833,-68.9555,Ascophyllum nodosum,Random,NA,NA,NA,NA,0
70,merinov_gosl,Gulf of Saint Lawrence,BAG,NA,BAG-NA-2012-8-28,2012,8,28,48.7833,-68.9555,Fucus distichus subsp. edentatus,Random,NA,NA,NA,NA,0
71,merinov_gosl,Gulf of Saint Lawrence,BAG,NA,BAG-NA-2012-8-28,2012,8,28,48.7833,-68.9555,Fucus distichus subsp. evanescens,Random,NA,NA,NA,NA,0
72,merinov_gosl,Gulf of Saint Lawrence,BAG,NA,BAG-NA-2012-8-28,2012,8,28,48.7833,-68.9555,Fucus vesiculosus,Random,NA,NA,NA,NA,0
73,merinov_gosl,Gulf of Saint Lawrence,BAG,NA,BAG-NA-2012-8-28,2012,8,28,48.7833,-68.9549,Ascophyllum nodosum,Random,NA,NA,NA,NA,0
74,merinov_gosl,Gulf of Saint Lawrence,BAG,NA,BAG-NA-2012-8-28,2012,8,28,48.7833,-68.9549,Fucus distichus subsp. edentatus,Random,NA,NA,NA,NA,0
75,merinov_gosl,Gulf of Saint Lawrence,BAG,NA,BAG-NA-2012-8-28,2012,8,28,48.7833,-68.9549,Fucus distichus subsp. evanescens,Random,NA,NA,6,6,0.37
76,merinov_gosl,Gulf of Saint Lawrence,BAG,NA,BAG-NA-2012-8-28,2012,8,28,48.7833,-68.9549,Fucus vesiculosus,Random,NA,NA,NA,NA,0
77,merinov_gosl,Gulf of Saint Lawrence,BAG,NA,BAG-NA-2012-8-28,2012,8,28,48.7833,-68.9542,Ascophyllum nodosum,Random,NA,NA,NA,NA,0
78,merinov_gosl,Gulf of Saint Lawrence,BAG,NA,BAG-NA-2012-8-28,2012,8,28,48.7833,-68.9542,Fucus distichus subsp. edentatus,Random,NA,NA,NA,NA,0
79,merinov_gosl,Gulf of Saint Lawrence,BAG,NA,BAG-NA-2012-8-28,2012,8,28,48.7833,-68.9542,Fucus distichus subsp. evanescens,Random,NA,NA,NA,NA,0
80,merinov_gosl,Gulf of Saint Lawrence,BAG,NA,BAG-NA-2012-8-28,2012,8,28,48.7833,-68.9542,Fucus vesiculosus,Random,NA,NA,NA,NA,0
81,merinov_gosl,Gulf of Saint Lawrence,BAG,NA,BAG-NA-2012-8-28,2012,8,28,48.7833,-68.9535,Ascophyllum nodosum,Random,NA,NA,NA,NA,0
82,merinov_gosl,Gulf of Saint Lawrence,BAG,NA,BAG-NA-2012-8-28,2012,8,28,48.7833,-68.9535,Fucus distichus subsp. edentatus,Random,NA,NA,NA,NA,0
83,merinov_gosl,Gulf of Saint Lawrence,BAG,NA,BAG-NA-2012-8-28,2012,8,28,48.7833,-68.9535,Fucus distichus subsp. evanescens,Random,NA,NA,NA,NA,0
84,merinov_gosl,Gulf of Saint Lawrence,BAG,NA,BAG-NA-2012-8-28,2012,8,28,48.7833,-68.9535,Fucus vesiculosus,Random,NA,NA,NA,NA,0
85,merinov_gosl,Gulf of Saint Lawrence,BAG,NA,BAG-NA-2012-8-28,2012,8,28,48.7833,-68.9529,Ascophyllum nodosum,Random,NA,NA,NA,NA,0
86,merinov_gosl,Gulf of Saint Lawrence,BAG,NA,BAG-NA-2012-8-28,2012,8,28,48.7833,-68.9529,Fucus distichus subsp. edentatus,Random,NA,NA,NA,NA,0
87,merinov_gosl,Gulf of Saint Lawrence,BAG,NA,BAG-NA-2012-8-28,2012,8,28,48.7833,-68.9529,Fucus distichus subsp. evanescens,Random,NA,NA,1,1,0.07
88,merinov_gosl,Gulf of Saint Lawrence,BAG,NA,BAG-NA-2012-8-28,2012,8,28,48.7833,-68.9529,Fucus vesiculosus,Random,NA,NA,NA,NA,0
89,merinov_gosl,Gulf of Saint Lawrence,BAG,NA,BAG-NA-2012-8-28,2012,8,28,48.7833,-68.9522,Ascophyllum nodosum,Random,NA,NA,NA,NA,0
90,merinov_gosl,Gulf of Saint Lawrence,BAG,NA,BAG-NA-2012-8-28,2012,8,28,48.7833,-68.9522,Fucus distichus subsp. edentatus,Random,NA,NA,NA,NA,0
91,merinov_gosl,Gulf of Saint Lawrence,BAG,NA,BAG-NA-2012-8-28,2012,8,28,48.7833,-68.9522,Fucus distichus subsp. evanescens,Random,NA,NA,13,13,0.63
92,merinov_gosl,Gulf of Saint Lawrence,BAG,NA,BAG-NA-2012-8-28,2012,8,28,48.7833,-68.9522,Fucus vesiculosus,Random,NA,NA,NA,NA,0
93,merinov_gosl,Gulf of Saint Lawrence,BAG,NA,BAG-NA-2012-8-28,2012,8,28,48.7833,-68.9515,Ascophyllum nodosum,Random,NA,NA,NA,NA,0
94,merinov_gosl,Gulf of Saint Lawrence,BAG,NA,BAG-NA-2012-8-28,2012,8,28,48.7833,-68.9515,Fucus distichus subsp. edentatus,Random,NA,NA,NA,NA,0
95,merinov_gosl,Gulf of Saint Lawrence,BAG,NA,BAG-NA-2012-8-28,2012,8,28,48.7833,-68.9515,Fucus distichus subsp. evanescens,Random,NA,NA,NA,NA,0
96,merinov_gosl,Gulf of Saint Lawrence,BAG,NA,BAG-NA-2012-8-28,2012,8,28,48.7833,-68.9515,Fucus vesiculosus,Random,NA,NA,NA,NA,0
97,merinov_gosl,Gulf of Saint Lawrence,BAG,NA,BAG-NA-2012-8-28,2012,8,28,48.7833,-68.9509,Ascophyllum nodosum,Random,NA,NA,NA,NA,0
98,merinov_gosl,Gulf of Saint Lawrence,BAG,NA,BAG-NA-2012-8-28,2012,8,28,48.7833,-68.9509,Fucus distichus subsp. edentatus,Random,NA,NA,NA,NA,0
99,merinov_gosl,Gulf of Saint Lawrence,BAG,NA,BAG-NA-2012-8-28,2012,8,28,48.7833,-68.9509,Fucus distichus subsp. evanescens,Random,NA,NA,5,5,0.23
100,merinov_gosl,Gulf of Saint Lawrence,BAG,NA,BAG-NA-2012-8-28,2012,8,28,48.7833,-68.9509,Fucus vesiculosus,Random,NA,NA,NA,NA,0
101,merinov_gosl,Gulf of Saint Lawrence,BAG,NA,BAG-NA-2012-8-28,2012,8,28,48.7833,-68.9502,Ascophyllum nodosum,Random,NA,NA,NA,NA,0
102,merinov_gosl,Gulf of Saint Lawrence,BAG,NA,BAG-NA-2012-8-28,2012,8,28,48.7833,-68.9502,Fucus distichus subsp. edentatus,Random,NA,NA,NA,NA,0
103,merinov_gosl,Gulf of Saint Lawrence,BAG,NA,BAG-NA-2012-8-28,2012,8,28,48.7833,-68.9502,Fucus distichus subsp. evanescens,Random,NA,NA,NA,NA,0
104,merinov_gosl,Gulf of Saint Lawrence,BAG,NA,BAG-NA-2012-8-28,2012,8,28,48.7833,-68.9502,Fucus vesiculosus,Random,NA,NA,NA,NA,0
105,merinov_gosl,Gulf of Saint Lawrence,BAG,NA,BAG-NA-2012-8-28,2012,8,28,48.7833,-68.9497,Ascophyllum nodosum,Random,NA,NA,NA,NA,0
106,merinov_gosl,Gulf of Saint Lawrence,BAG,NA,BAG-NA-2012-8-28,2012,8,28,48.7833,-68.9497,Fucus distichus subsp. edentatus,Random,NA,NA,NA,NA,0
107,merinov_gosl,Gulf of Saint Lawrence,BAG,NA,BAG-NA-2012-8-28,2012,8,28,48.7833,-68.9497,Fucus distichus subsp. evanescens,Random,NA,NA,5,5,0.17
108,merinov_gosl,Gulf of Saint Lawrence,BAG,NA,BAG-NA-2012-8-28,2012,8,28,48.7833,-68.9497,Fucus vesiculosus,Random,NA,NA,NA,NA,0
109,merinov_gosl,Gulf of Saint Lawrence,BAG,NA,BAG-NA-2012-8-28,2012,8,28,48.7833,-68.949,Ascophyllum nodosum,Random,NA,NA,NA,NA,0
110,merinov_gosl,Gulf of Saint Lawrence,BAG,NA,BAG-NA-2012-8-28,2012,8,28,48.7833,-68.949,Fucus distichus subsp. edentatus,Random,NA,NA,NA,NA,0
111,merinov_gosl,Gulf of Saint Lawrence,BAG,NA,BAG-NA-2012-8-28,2012,8,28,48.7833,-68.949,Fucus distichus subsp. evanescens,Random,NA,NA,2,2,0.04
112,merinov_gosl,Gulf of Saint Lawrence,BAG,NA,BAG-NA-2012-8-28,2012,8,28,48.7833,-68.949,Fucus vesiculosus,Random,NA,NA,NA,NA,0
113,merinov_gosl,Gulf of Saint Lawrence,BAG,NA,BAG-NA-2012-8-28,2012,8,28,48.7833,-68.9484,Ascophyllum nodosum,Random,NA,NA,NA,NA,0
114,merinov_gosl,Gulf of Saint Lawrence,BAG,NA,BAG-NA-2012-8-28,2012,8,28,48.7833,-68.9484,Fucus distichus subsp. edentatus,Random,NA,NA,NA,NA,0
115,merinov_gosl,Gulf of Saint Lawrence,BAG,NA,BAG-NA-2012-8-28,2012,8,28,48.7833,-68.9484,Fucus distichus subsp. evanescens,Random,NA,NA,NA,NA,0
116,merinov_gosl,Gulf of Saint Lawrence,BAG,NA,BAG-NA-2012-8-28,2012,8,28,48.7833,-68.9484,Fucus vesiculosus,Random,NA,NA,NA,NA,0
117,merinov_gosl,Gulf of Saint Lawrence,BAG,NA,BAG-NA-2012-8-28,2012,8,28,48.7833,-68.9477,Ascophyllum nodosum,Random,NA,NA,NA,NA,0
118,merinov_gosl,Gulf of Saint Lawrence,BAG,NA,BAG-NA-2012-8-28,2012,8,28,48.7833,-68.9477,Fucus distichus subsp. edentatus,Random,NA,NA,NA,NA,0
119,merinov_gosl,Gulf of Saint Lawrence,BAG,NA,BAG-NA-2012-8-28,2012,8,28,48.7833,-68.9477,Fucus distichus subsp. evanescens,Random,NA,NA,13,13,0.83
120,merinov_gosl,Gulf of Saint Lawrence,BAG,NA,BAG-NA-2012-8-28,2012,8,28,48.7833,-68.9477,Fucus vesiculosus,Random,NA,NA,NA,NA,0
121,merinov_gosl,Gulf of Saint Lawrence,BAG,NA,BAG-NA-2012-8-28,2012,8,28,48.7833,-68.947,Ascophyllum nodosum,Random,NA,NA,NA,NA,0
122,merinov_gosl,Gulf of Saint Lawrence,BAG,NA,BAG-NA-2012-8-28,2012,8,28,48.7833,-68.947,Fucus distichus subsp. edentatus,Random,NA,NA,NA,NA,0
123,merinov_gosl,Gulf of Saint Lawrence,BAG,NA,BAG-NA-2012-8-28,2012,8,28,48.7833,-68.947,Fucus distichus subsp. evanescens,Random,NA,NA,NA,NA,0
124,merinov_gosl,Gulf of Saint Lawrence,BAG,NA,BAG-NA-2012-8-28,2012,8,28,48.7833,-68.947,Fucus vesiculosus,Random,NA,NA,NA,NA,0
125,merinov_gosl,Gulf of Saint Lawrence,BAG,NA,BAG-NA-2012-8-28,2012,8,28,48.7878,-68.9482,Ascophyllum nodosum,Random,NA,NA,NA,NA,0
126,merinov_gosl,Gulf of Saint Lawrence,BAG,NA,BAG-NA-2012-8-28,2012,8,28,48.7878,-68.9482,Fucus distichus subsp. edentatus,Random,NA,NA,NA,NA,0
127,merinov_gosl,Gulf of Saint Lawrence,BAG,NA,BAG-NA-2012-8-28,2012,8,28,48.7878,-68.9482,Fucus distichus subsp. evanescens,Random,NA,NA,NA,NA,0
128,merinov_gosl,Gulf of Saint Lawrence,BAG,NA,BAG-NA-2012-8-28,2012,8,28,48.7878,-68.9482,Fucus vesiculosus,Random,NA,NA,NA,NA,0
129,merinov_gosl,Gulf of Saint Lawrence,BAG,NA,BAG-NA-2012-8-28,2012,8,28,48.7878,-68.9475,Ascophyllum nodosum,Random,NA,NA,3,3,3.13
130,merinov_gosl,Gulf of Saint Lawrence,BAG,NA,BAG-NA-2012-8-28,2012,8,28,48.7878,-68.9475,Fucus distichus subsp. edentatus,Random,NA,NA,NA,NA,0
131,merinov_gosl,Gulf of Saint Lawrence,BAG,NA,BAG-NA-2012-8-28,2012,8,28,48.7878,-68.9475,Fucus distichus subsp. evanescens,Random,NA,NA,21,21,0.79
132,merinov_gosl,Gulf of Saint Lawrence,BAG,NA,BAG-NA-2012-8-28,2012,8,28,48.7878,-68.9475,Fucus vesiculosus,Random,NA,NA,NA,NA,0
133,merinov_gosl,Gulf of Saint Lawrence,BAG,NA,BAG-NA-2012-8-28,2012,8,28,48.7878,-68.9468,Ascophyllum nodosum,Random,NA,NA,NA,NA,0
134,merinov_gosl,Gulf of Saint Lawrence,BAG,NA,BAG-NA-2012-8-28,2012,8,28,48.7878,-68.9468,Fucus distichus subsp. edentatus,Random,NA,NA,NA,NA,0
135,merinov_gosl,Gulf of Saint Lawrence,BAG,NA,BAG-NA-2012-8-28,2012,8,28,48.7878,-68.9468,Fucus distichus subsp. evanescens,Random,NA,NA,1,1,0.01
136,merinov_gosl,Gulf of Saint Lawrence,BAG,NA,BAG-NA-2012-8-28,2012,8,28,48.7878,-68.9468,Fucus vesiculosus,Random,NA,NA,NA,NA,0
137,merinov_gosl,Gulf of Saint Lawrence,BAG,NA,BAG-NA-2012-8-28,2012,8,28,48.7878,-68.9462,Ascophyllum nodosum,Random,NA,NA,28,28,2.61
138,merinov_gosl,Gulf of Saint Lawrence,BAG,NA,BAG-NA-2012-8-28,2012,8,28,48.7878,-68.9462,Fucus distichus subsp. edentatus,Random,NA,NA,NA,NA,0
139,merinov_gosl,Gulf of Saint Lawrence,BAG,NA,BAG-NA-2012-8-28,2012,8,28,48.7878,-68.9462,Fucus distichus subsp. evanescens,Random,NA,NA,26,26,1.17
140,merinov_gosl,Gulf of Saint Lawrence,BAG,NA,BAG-NA-2012-8-28,2012,8,28,48.7878,-68.9462,Fucus vesiculosus,Random,NA,NA,42,42,2.23
141,merinov_gosl,Gulf of Saint Lawrence,BAG,NA,BAG-NA-2012-8-28,2012,8,28,48.7878,-68.9455,Ascophyllum nodosum,Random,NA,NA,43,43,7.43
142,merinov_gosl,Gulf of Saint Lawrence,BAG,NA,BAG-NA-2012-8-28,2012,8,28,48.7878,-68.9455,Fucus distichus subsp. edentatus,Random,NA,NA,NA,NA,0
143,merinov_gosl,Gulf of Saint Lawrence,BAG,NA,BAG-NA-2012-8-28,2012,8,28,48.7878,-68.9455,Fucus distichus subsp. evanescens,Random,NA,NA,4,4,0.14
144,merinov_gosl,Gulf of Saint Lawrence,BAG,NA,BAG-NA-2012-8-28,2012,8,28,48.7878,-68.9455,Fucus vesiculosus,Random,NA,NA,NA,NA,0
145,merinov_gosl,Gulf of Saint Lawrence,BAG,NA,BAG-NA-2012-8-28,2012,8,28,48.7878,-68.9448,Ascophyllum nodosum,Random,NA,NA,5,5,0.25
146,merinov_gosl,Gulf of Saint Lawrence,BAG,NA,BAG-NA-2012-8-28,2012,8,28,48.7878,-68.9448,Fucus distichus subsp. edentatus,Random,NA,NA,NA,NA,0
147,merinov_gosl,Gulf of Saint Lawrence,BAG,NA,BAG-NA-2012-8-28,2012,8,28,48.7878,-68.9448,Fucus distichus subsp. evanescens,Random,NA,NA,11,11,0.26
148,merinov_gosl,Gulf of Saint Lawrence,BAG,NA,BAG-NA-2012-8-28,2012,8,28,48.7878,-68.9448,Fucus vesiculosus,Random,NA,NA,10,10,0.36
149,merinov_gosl,Gulf of Saint Lawrence,BAG,NA,BAG-NA-2012-8-28,2012,8,28,48.7878,-68.9442,Ascophyllum nodosum,Random,NA,NA,NA,NA,0
150,merinov_gosl,Gulf of Saint Lawrence,BAG,NA,BAG-NA-2012-8-28,2012,8,28,48.7878,-68.9442,Fucus distichus subsp. edentatus,Random,NA,NA,NA,NA,0
151,merinov_gosl,Gulf of Saint Lawrence,BAG,NA,BAG-NA-2012-8-28,2012,8,28,48.7878,-68.9442,Fucus distichus subsp. evanescens,Random,NA,NA,17,17,0.17
152,merinov_gosl,Gulf of Saint Lawrence,BAG,NA,BAG-NA-2012-8-28,2012,8,28,48.7878,-68.9442,Fucus vesiculosus,Random,NA,NA,NA,NA,0
153,merinov_gosl,Gulf of Saint Lawrence,BAG,NA,BAG-NA-2012-8-29,2012,8,29,48.7923,-68.9472,Ascophyllum nodosum,Random,NA,NA,50,50,5.69
154,merinov_gosl,Gulf of Saint Lawrence,BAG,NA,BAG-NA-2012-8-29,2012,8,29,48.7923,-68.9472,Fucus distichus subsp. edentatus,Random,NA,NA,NA,NA,0
155,merinov_gosl,Gulf of Saint Lawrence,BAG,NA,BAG-NA-2012-8-29,2012,8,29,48.7923,-68.9472,Fucus distichus subsp. evanescens,Random,NA,NA,5,5,0.04
156,merinov_gosl,Gulf of Saint Lawrence,BAG,NA,BAG-NA-2012-8-29,2012,8,29,48.7923,-68.9472,Fucus vesiculosus,Random,NA,NA,24,24,1.2
157,merinov_gosl,Gulf of Saint Lawrence,BAG,NA,BAG-NA-2012-8-29,2012,8,29,48.7923,-68.9465,Ascophyllum nodosum,Random,NA,NA,NA,NA,0
158,merinov_gosl,Gulf of Saint Lawrence,BAG,NA,BAG-NA-2012-8-29,2012,8,29,48.7923,-68.9465,Fucus distichus subsp. edentatus,Random,NA,NA,NA,NA,0
159,merinov_gosl,Gulf of Saint Lawrence,BAG,NA,BAG-NA-2012-8-29,2012,8,29,48.7923,-68.9465,Fucus distichus subsp. evanescens,Random,NA,NA,22,22,1.3
160,merinov_gosl,Gulf of Saint Lawrence,BAG,NA,BAG-NA-2012-8-29,2012,8,29,48.7923,-68.9465,Fucus vesiculosus,Random,NA,NA,NA,NA,0
161,merinov_gosl,Gulf of Saint Lawrence,BAG,NA,BAG-NA-2012-8-29,2012,8,29,48.7923,-68.9459,Ascophyllum nodosum,Random,NA,NA,NA,NA,0
162,merinov_gosl,Gulf of Saint Lawrence,BAG,NA,BAG-NA-2012-8-29,2012,8,29,48.7923,-68.9459,Fucus distichus subsp. edentatus,Random,NA,NA,NA,NA,0
163,merinov_gosl,Gulf of Saint Lawrence,BAG,NA,BAG-NA-2012-8-29,2012,8,29,48.7923,-68.9459,Fucus distichus subsp. evanescens,Random,NA,NA,25,25,2.33
164,merinov_gosl,Gulf of Saint Lawrence,BAG,NA,BAG-NA-2012-8-29,2012,8,29,48.7923,-68.9459,Fucus vesiculosus,Random,NA,NA,NA,NA,0
165,merinov_gosl,Gulf of Saint Lawrence,BAG,NA,BAG-NA-2012-8-29,2012,8,29,48.7923,-68.9452,Ascophyllum nodosum,Random,NA,NA,NA,NA,0
166,merinov_gosl,Gulf of Saint Lawrence,BAG,NA,BAG-NA-2012-8-29,2012,8,29,48.7923,-68.9452,Fucus distichus subsp. edentatus,Random,NA,NA,NA,NA,0
167,merinov_gosl,Gulf of Saint Lawrence,BAG,NA,BAG-NA-2012-8-29,2012,8,29,48.7923,-68.9452,Fucus distichus subsp. evanescens,Random,NA,NA,8,8,0.14
168,merinov_gosl,Gulf of Saint Lawrence,BAG,NA,BAG-NA-2012-8-29,2012,8,29,48.7923,-68.9452,Fucus vesiculosus,Random,NA,NA,NA,NA,0
169,merinov_gosl,Gulf of Saint Lawrence,BAG,NA,BAG-NA-2012-8-29,2012,8,29,48.7923,-68.9445,Ascophyllum nodosum,Random,NA,NA,NA,NA,0
170,merinov_gosl,Gulf of Saint Lawrence,BAG,NA,BAG-NA-2012-8-29,2012,8,29,48.7923,-68.9445,Fucus distichus subsp. edentatus,Random,NA,NA,NA,NA,0
171,merinov_gosl,Gulf of Saint Lawrence,BAG,NA,BAG-NA-2012-8-29,2012,8,29,48.7923,-68.9445,Fucus distichus subsp. evanescens,Random,NA,NA,3,3,0.11
172,merinov_gosl,Gulf of Saint Lawrence,BAG,NA,BAG-NA-2012-8-29,2012,8,29,48.7923,-68.9445,Fucus vesiculosus,Random,NA,NA,NA,NA,0
173,merinov_gosl,Gulf of Saint Lawrence,BAG,NA,BAG-NA-2012-8-29,2012,8,29,48.7923,-68.9439,Ascophyllum nodosum,Random,NA,NA,NA,NA,0
174,merinov_gosl,Gulf of Saint Lawrence,BAG,NA,BAG-NA-2012-8-29,2012,8,29,48.7923,-68.9439,Fucus distichus subsp. edentatus,Random,NA,NA,NA,NA,0
175,merinov_gosl,Gulf of Saint Lawrence,BAG,NA,BAG-NA-2012-8-29,2012,8,29,48.7923,-68.9439,Fucus distichus subsp. evanescens,Random,NA,NA,37,37,2.09
176,merinov_gosl,Gulf of Saint Lawrence,BAG,NA,BAG-NA-2012-8-29,2012,8,29,48.7923,-68.9439,Fucus vesiculosus,Random,NA,NA,13,13,1.36
177,merinov_gosl,Gulf of Saint Lawrence,BAG,NA,BAG-NA-2012-8-29,2012,8,29,48.7923,-68.9432,Ascophyllum nodosum,Random,NA,NA,NA,NA,0
178,merinov_gosl,Gulf of Saint Lawrence,BAG,NA,BAG-NA-2012-8-29,2012,8,29,48.7923,-68.9432,Fucus distichus subsp. edentatus,Random,NA,NA,NA,NA,0
179,merinov_gosl,Gulf of Saint Lawrence,BAG,NA,BAG-NA-2012-8-29,2012,8,29,48.7923,-68.9432,Fucus distichus subsp. evanescens,Random,NA,NA,38,38,1.48
180,merinov_gosl,Gulf of Saint Lawrence,BAG,NA,BAG-NA-2012-8-29,2012,8,29,48.7923,-68.9432,Fucus vesiculosus,Random,NA,NA,1,1,0.02
181,merinov_gosl,Gulf of Saint Lawrence,BAG,NA,BAG-NA-2012-8-30,2012,8,30,48.7968,-68.9463,Ascophyllum nodosum,Random,NA,NA,NA,NA,0
182,merinov_gosl,Gulf of Saint Lawrence,BAG,NA,BAG-NA-2012-8-30,2012,8,30,48.7968,-68.9463,Fucus distichus subsp. edentatus,Random,NA,NA,NA,NA,0
183,merinov_gosl,Gulf of Saint Lawrence,BAG,NA,BAG-NA-2012-8-30,2012,8,30,48.7968,-68.9463,Fucus distichus subsp. evanescens,Random,NA,NA,1,1,0.02
184,merinov_gosl,Gulf of Saint Lawrence,BAG,NA,BAG-NA-2012-8-30,2012,8,30,48.7968,-68.9463,Fucus vesiculosus,Random,NA,NA,NA,NA,0
185,merinov_gosl,Gulf of Saint Lawrence,BAG,NA,BAG-NA-2012-8-30,2012,8,30,48.7968,-68.9456,Ascophyllum nodosum,Random,NA,NA,NA,NA,0
186,merinov_gosl,Gulf of Saint Lawrence,BAG,NA,BAG-NA-2012-8-30,2012,8,30,48.7968,-68.9456,Fucus distichus subsp. edentatus,Random,NA,NA,NA,NA,0
187,merinov_gosl,Gulf of Saint Lawrence,BAG,NA,BAG-NA-2012-8-30,2012,8,30,48.7968,-68.9456,Fucus distichus subsp. evanescens,Random,NA,NA,NA,NA,0
188,merinov_gosl,Gulf of Saint Lawrence,BAG,NA,BAG-NA-2012-8-30,2012,8,30,48.7968,-68.9456,Fucus vesiculosus,Random,NA,NA,NA,NA,0
189,merinov_gosl,Gulf of Saint Lawrence,BAG,NA,BAG-NA-2012-8-30,2012,8,30,48.7968,-68.9449,Ascophyllum nodosum,Random,NA,NA,NA,NA,0
190,merinov_gosl,Gulf of Saint Lawrence,BAG,NA,BAG-NA-2012-8-30,2012,8,30,48.7968,-68.9449,Fucus distichus subsp. edentatus,Random,NA,NA,NA,NA,0
191,merinov_gosl,Gulf of Saint Lawrence,BAG,NA,BAG-NA-2012-8-30,2012,8,30,48.7968,-68.9449,Fucus distichus subsp. evanescens,Random,NA,NA,1,1,0.04
192,merinov_gosl,Gulf of Saint Lawrence,BAG,NA,BAG-NA-2012-8-30,2012,8,30,48.7968,-68.9449,Fucus vesiculosus,Random,NA,NA,NA,NA,0
193,merinov_gosl,Gulf of Saint Lawrence,BAG,NA,BAG-NA-2012-8-30,2012,8,30,48.7968,-68.9443,Ascophyllum nodosum,Random,NA,NA,8,8,3.62
194,merinov_gosl,Gulf of Saint Lawrence,BAG,NA,BAG-NA-2012-8-30,2012,8,30,48.7968,-68.9443,Fucus distichus subsp. edentatus,Random,NA,NA,NA,NA,0
195,merinov_gosl,Gulf of Saint Lawrence,BAG,NA,BAG-NA-2012-8-30,2012,8,30,48.7968,-68.9443,Fucus distichus subsp. evanescens,Random,NA,NA,91,91,2.71
196,merinov_gosl,Gulf of Saint Lawrence,BAG,NA,BAG-NA-2012-8-30,2012,8,30,48.7968,-68.9443,Fucus vesiculosus,Random,NA,NA,1,1,0.01
197,merinov_gosl,Gulf of Saint Lawrence,BAG,NA,BAG-NA-2012-8-30,2012,8,30,48.7968,-68.9436,Ascophyllum nodosum,Random,NA,NA,1,1,0.01
198,merinov_gosl,Gulf of Saint Lawrence,BAG,NA,BAG-NA-2012-8-30,2012,8,30,48.7968,-68.9436,Fucus distichus subsp. edentatus,Random,NA,NA,NA,NA,0
199,merinov_gosl,Gulf of Saint Lawrence,BAG,NA,BAG-NA-2012-8-30,2012,8,30,48.7968,-68.9436,Fucus distichus subsp. evanescens,Random,NA,NA,2,2,0.13
200,merinov_gosl,Gulf of Saint Lawrence,BAG,NA,BAG-NA-2012-8-30,2012,8,30,48.7968,-68.9436,Fucus vesiculosus,Random,NA,NA,16,16,0.76
201,merinov_gosl,Gulf of Saint Lawrence,BAG,NA,BAG-NA-2012-8-30,2012,8,30,48.7968,-68.9429,Ascophyllum nodosum,Random,NA,NA,NA,NA,0
202,merinov_gosl,Gulf of Saint Lawrence,BAG,NA,BAG-NA-2012-8-30,2012,8,30,48.7968,-68.9429,Fucus distichus subsp. edentatus,Random,NA,NA,NA,NA,0
203,merinov_gosl,Gulf of Saint Lawrence,BAG,NA,BAG-NA-2012-8-30,2012,8,30,48.7968,-68.9429,Fucus distichus subsp. evanescens,Random,NA,NA,NA,NA,0
204,merinov_gosl,Gulf of Saint Lawrence,BAG,NA,BAG-NA-2012-8-30,2012,8,30,48.7968,-68.9429,Fucus vesiculosus,Random,NA,NA,NA,NA,0
205,merinov_gosl,Gulf of Saint Lawrence,BAG,NA,BAG-NA-2012-8-30,2012,8,30,48.7968,-68.9423,Ascophyllum nodosum,Random,NA,NA,NA,NA,0
206,merinov_gosl,Gulf of Saint Lawrence,BAG,NA,BAG-NA-2012-8-30,2012,8,30,48.7968,-68.9423,Fucus distichus subsp. edentatus,Random,NA,NA,NA,NA,0
207,merinov_gosl,Gulf of Saint Lawrence,BAG,NA,BAG-NA-2012-8-30,2012,8,30,48.7968,-68.9423,Fucus distichus subsp. evanescens,Random,NA,NA,58,58,3.15
208,merinov_gosl,Gulf of Saint Lawrence,BAG,NA,BAG-NA-2012-8-30,2012,8,30,48.7968,-68.9423,Fucus vesiculosus,Random,NA,NA,1,1,0.16
209,merinov_gosl,Gulf of Saint Lawrence,BAG,NA,BAG-NA-2012-8-29,2012,8,29,48.8013,-68.9449,Ascophyllum nodosum,Random,NA,NA,NA,NA,0
210,merinov_gosl,Gulf of Saint Lawrence,BAG,NA,BAG-NA-2012-8-29,2012,8,29,48.8013,-68.9449,Fucus distichus subsp. edentatus,Random,NA,NA,NA,NA,0
211,merinov_gosl,Gulf of Saint Lawrence,BAG,NA,BAG-NA-2012-8-29,2012,8,29,48.8013,-68.9449,Fucus distichus subsp. evanescens,Random,NA,NA,NA,NA,0
212,merinov_gosl,Gulf of Saint Lawrence,BAG,NA,BAG-NA-2012-8-29,2012,8,29,48.8013,-68.9449,Fucus vesiculosus,Random,NA,NA,NA,NA,0
213,merinov_gosl,Gulf of Saint Lawrence,BAG,NA,BAG-NA-2012-8-29,2012,8,29,48.8013,-68.9443,Ascophyllum nodosum,Random,NA,NA,NA,NA,0
214,merinov_gosl,Gulf of Saint Lawrence,BAG,NA,BAG-NA-2012-8-29,2012,8,29,48.8013,-68.9443,Fucus distichus subsp. edentatus,Random,NA,NA,NA,NA,0
215,merinov_gosl,Gulf of Saint Lawrence,BAG,NA,BAG-NA-2012-8-29,2012,8,29,48.8013,-68.9443,Fucus distichus subsp. evanescens,Random,NA,NA,NA,NA,0
216,merinov_gosl,Gulf of Saint Lawrence,BAG,NA,BAG-NA-2012-8-29,2012,8,29,48.8013,-68.9443,Fucus vesiculosus,Random,NA,NA,NA,NA,0
217,merinov_gosl,Gulf of Saint Lawrence,BAG,NA,BAG-NA-2012-8-29,2012,8,29,48.8013,-68.9436,Ascophyllum nodosum,Random,NA,NA,2,2,0.01
218,merinov_gosl,Gulf of Saint Lawrence,BAG,NA,BAG-NA-2012-8-29,2012,8,29,48.8013,-68.9436,Fucus distichus subsp. edentatus,Random,NA,NA,NA,NA,0
219,merinov_gosl,Gulf of Saint Lawrence,BAG,NA,BAG-NA-2012-8-29,2012,8,29,48.8013,-68.9436,Fucus distichus subsp. evanescens,Random,NA,NA,51,51,0.88
220,merinov_gosl,Gulf of Saint Lawrence,BAG,NA,BAG-NA-2012-8-29,2012,8,29,48.8013,-68.9436,Fucus vesiculosus,Random,NA,NA,27,27,1.62
221,merinov_gosl,Gulf of Saint Lawrence,BAG,NA,BAG-NA-2012-8-29,2012,8,29,48.8013,-68.9429,Ascophyllum nodosum,Random,NA,NA,4,4,0.13
222,merinov_gosl,Gulf of Saint Lawrence,BAG,NA,BAG-NA-2012-8-29,2012,8,29,48.8013,-68.9429,Fucus distichus subsp. edentatus,Random,NA,NA,NA,NA,0
223,merinov_gosl,Gulf of Saint Lawrence,BAG,NA,BAG-NA-2012-8-29,2012,8,29,48.8013,-68.9429,Fucus distichus subsp. evanescens,Random,NA,NA,42,42,4.45
224,merinov_gosl,Gulf of Saint Lawrence,BAG,NA,BAG-NA-2012-8-29,2012,8,29,48.8013,-68.9429,Fucus vesiculosus,Random,NA,NA,2,2,0.05
225,merinov_gosl,Gulf of Saint Lawrence,BAG,NA,BAG-NA-2012-8-29,2012,8,29,48.8013,-68.9423,Ascophyllum nodosum,Random,NA,NA,NA,NA,0
226,merinov_gosl,Gulf of Saint Lawrence,BAG,NA,BAG-NA-2012-8-29,2012,8,29,48.8013,-68.9423,Fucus distichus subsp. edentatus,Random,NA,NA,NA,NA,0
227,merinov_gosl,Gulf of Saint Lawrence,BAG,NA,BAG-NA-2012-8-29,2012,8,29,48.8013,-68.9423,Fucus distichus subsp. evanescens,Random,NA,NA,7,7,0.19
228,merinov_gosl,Gulf of Saint Lawrence,BAG,NA,BAG-NA-2012-8-29,2012,8,29,48.8013,-68.9423,Fucus vesiculosus,Random,NA,NA,NA,NA,0
229,merinov_gosl,Gulf of Saint Lawrence,BAG,NA,BAG-NA-2012-8-29,2012,8,29,48.8013,-68.9416,Ascophyllum nodosum,Random,NA,NA,3,3,0.72
230,merinov_gosl,Gulf of Saint Lawrence,BAG,NA,BAG-NA-2012-8-29,2012,8,29,48.8013,-68.9416,Fucus distichus subsp. edentatus,Random,NA,NA,NA,NA,0
231,merinov_gosl,Gulf of Saint Lawrence,BAG,NA,BAG-NA-2012-8-29,2012,8,29,48.8013,-68.9416,Fucus distichus subsp. evanescens,Random,NA,NA,13,13,0.89
232,merinov_gosl,Gulf of Saint Lawrence,BAG,NA,BAG-NA-2012-8-29,2012,8,29,48.8013,-68.9416,Fucus vesiculosus,Random,NA,NA,15,15,0.51
233,merinov_gosl,Gulf of Saint Lawrence,BB,NA,BB-NA-2012-7-22,2012,7,22,48.5118,-69.2824,Ascophyllum nodosum,Random,NA,NA,NA,NA,0
234,merinov_gosl,Gulf of Saint Lawrence,BB,NA,BB-NA-2012-7-22,2012,7,22,48.5118,-69.2824,Fucus distichus subsp. edentatus,Random,NA,NA,NA,NA,0
235,merinov_gosl,Gulf of Saint Lawrence,BB,NA,BB-NA-2012-7-22,2012,7,22,48.5118,-69.2824,Fucus distichus subsp. evanescens,Random,NA,NA,NA,NA,0
236,merinov_gosl,Gulf of Saint Lawrence,BB,NA,BB-NA-2012-7-22,2012,7,22,48.5118,-69.2824,Fucus vesiculosus,Random,NA,NA,NA,NA,0
237,merinov_gosl,Gulf of Saint Lawrence,BB,NA,BB-NA-2012-7-22,2012,7,22,48.5118,-69.2818,Ascophyllum nodosum,Random,NA,NA,NA,NA,0
238,merinov_gosl,Gulf of Saint Lawrence,BB,NA,BB-NA-2012-7-22,2012,7,22,48.5118,-69.2818,Fucus distichus subsp. edentatus,Random,NA,NA,NA,NA,0
239,merinov_gosl,Gulf of Saint Lawrence,BB,NA,BB-NA-2012-7-22,2012,7,22,48.5118,-69.2818,Fucus distichus subsp. evanescens,Random,NA,NA,NA,NA,0
240,merinov_gosl,Gulf of Saint Lawrence,BB,NA,BB-NA-2012-7-22,2012,7,22,48.5118,-69.2818,Fucus vesiculosus,Random,NA,NA,NA,NA,0
241,merinov_gosl,Gulf of Saint Lawrence,BB,NA,BB-NA-2012-7-22,2012,7,22,48.5118,-69.2811,Ascophyllum nodosum,Random,NA,NA,NA,NA,0
242,merinov_gosl,Gulf of Saint Lawrence,BB,NA,BB-NA-2012-7-22,2012,7,22,48.5118,-69.2811,Fucus distichus subsp. edentatus,Random,NA,NA,NA,NA,0
243,merinov_gosl,Gulf of Saint Lawrence,BB,NA,BB-NA-2012-7-22,2012,7,22,48.5118,-69.2811,Fucus distichus subsp. evanescens,Random,NA,NA,NA,NA,0
244,merinov_gosl,Gulf of Saint Lawrence,BB,NA,BB-NA-2012-7-22,2012,7,22,48.5118,-69.2811,Fucus vesiculosus,Random,NA,NA,NA,NA,0
245,merinov_gosl,Gulf of Saint Lawrence,BB,NA,BB-NA-2012-7-22,2012,7,22,48.5118,-69.2804,Ascophyllum nodosum,Random,NA,NA,NA,NA,0
246,merinov_gosl,Gulf of Saint Lawrence,BB,NA,BB-NA-2012-7-22,2012,7,22,48.5118,-69.2804,Fucus distichus subsp. edentatus,Random,NA,NA,NA,NA,0
247,merinov_gosl,Gulf of Saint Lawrence,BB,NA,BB-NA-2012-7-22,2012,7,22,48.5118,-69.2804,Fucus distichus subsp. evanescens,Random,NA,NA,NA,NA,0
248,merinov_gosl,Gulf of Saint Lawrence,BB,NA,BB-NA-2012-7-22,2012,7,22,48.5118,-69.2804,Fucus vesiculosus,Random,NA,NA,NA,NA,0
249,merinov_gosl,Gulf of Saint Lawrence,BB,NA,BB-NA-2012-7-22,2012,7,22,48.5118,-69.2798,Ascophyllum nodosum,Random,NA,NA,NA,NA,0
250,merinov_gosl,Gulf of Saint Lawrence,BB,NA,BB-NA-2012-7-22,2012,7,22,48.5118,-69.2798,Fucus distichus subsp. edentatus,Random,NA,NA,NA,NA,0
251,merinov_gosl,Gulf of Saint Lawrence,BB,NA,BB-NA-2012-7-22,2012,7,22,48.5118,-69.2798,Fucus distichus subsp. evanescens,Random,NA,NA,NA,NA,0
252,merinov_gosl,Gulf of Saint Lawrence,BB,NA,BB-NA-2012-7-22,2012,7,22,48.5118,-69.2798,Fucus vesiculosus,Random,NA,NA,NA,NA,0
253,merinov_gosl,Gulf of Saint Lawrence,BB,NA,BB-NA-2012-7-22,2012,7,22,48.5118,-69.2791,Ascophyllum nodosum,Random,NA,NA,NA,NA,0
254,merinov_gosl,Gulf of Saint Lawrence,BB,NA,BB-NA-2012-7-22,2012,7,22,48.5118,-69.2791,Fucus distichus subsp. edentatus,Random,NA,NA,NA,NA,0
255,merinov_gosl,Gulf of Saint Lawrence,BB,NA,BB-NA-2012-7-22,2012,7,22,48.5118,-69.2791,Fucus distichus subsp. evanescens,Random,NA,NA,NA,NA,0
256,merinov_gosl,Gulf of Saint Lawrence,BB,NA,BB-NA-2012-7-22,2012,7,22,48.5118,-69.2791,Fucus vesiculosus,Random,NA,NA,NA,NA,0
257,merinov_gosl,Gulf of Saint Lawrence,BB,NA,BB-NA-2012-7-22,2012,7,22,48.5118,-69.2784,Ascophyllum nodosum,Random,NA,NA,NA,NA,0
258,merinov_gosl,Gulf of Saint Lawrence,BB,NA,BB-NA-2012-7-22,2012,7,22,48.5118,-69.2784,Fucus distichus subsp. edentatus,Random,NA,NA,NA,NA,0
259,merinov_gosl,Gulf of Saint Lawrence,BB,NA,BB-NA-2012-7-22,2012,7,22,48.5118,-69.2784,Fucus distichus subsp. evanescens,Random,NA,NA,NA,NA,0
260,merinov_gosl,Gulf of Saint Lawrence,BB,NA,BB-NA-2012-7-22,2012,7,22,48.5118,-69.2784,Fucus vesiculosus,Random,NA,NA,NA,NA,0
261,merinov_gosl,Gulf of Saint Lawrence,BB,NA,BB-NA-2012-7-22,2012,7,22,48.5118,-69.2778,Ascophyllum nodosum,Random,NA,NA,NA,NA,0
262,merinov_gosl,Gulf of Saint Lawrence,BB,NA,BB-NA-2012-7-22,2012,7,22,48.5118,-69.2778,Fucus distichus subsp. edentatus,Random,NA,NA,NA,NA,0
263,merinov_gosl,Gulf of Saint Lawrence,BB,NA,BB-NA-2012-7-22,2012,7,22,48.5118,-69.2778,Fucus distichus subsp. evanescens,Random,NA,NA,1,1,0.02
264,merinov_gosl,Gulf of Saint Lawrence,BB,NA,BB-NA-2012-7-22,2012,7,22,48.5118,-69.2778,Fucus vesiculosus,Random,NA,NA,NA,NA,0
265,merinov_gosl,Gulf of Saint Lawrence,BB,NA,BB-NA-2012-7-22,2012,7,22,48.5118,-69.2771,Ascophyllum nodosum,Random,NA,NA,NA,NA,0
266,merinov_gosl,Gulf of Saint Lawrence,BB,NA,BB-NA-2012-7-22,2012,7,22,48.5118,-69.2771,Fucus distichus subsp. edentatus,Random,NA,NA,NA,NA,0
267,merinov_gosl,Gulf of Saint Lawrence,BB,NA,BB-NA-2012-7-22,2012,7,22,48.5118,-69.2771,Fucus distichus subsp. evanescens,Random,NA,NA,NA,NA,0
268,merinov_gosl,Gulf of Saint Lawrence,BB,NA,BB-NA-2012-7-22,2012,7,22,48.5118,-69.2771,Fucus vesiculosus,Random,NA,NA,NA,NA,0
269,merinov_gosl,Gulf of Saint Lawrence,BB,NA,BB-NA-2012-7-22,2012,7,22,48.5118,-69.2764,Ascophyllum nodosum,Random,NA,NA,NA,NA,0
270,merinov_gosl,Gulf of Saint Lawrence,BB,NA,BB-NA-2012-7-22,2012,7,22,48.5118,-69.2764,Fucus distichus subsp. edentatus,Random,NA,NA,NA,NA,0
271,merinov_gosl,Gulf of Saint Lawrence,BB,NA,BB-NA-2012-7-22,2012,7,22,48.5118,-69.2764,Fucus distichus subsp. evanescens,Random,NA,NA,NA,NA,0
272,merinov_gosl,Gulf of Saint Lawrence,BB,NA,BB-NA-2012-7-22,2012,7,22,48.5118,-69.2764,Fucus vesiculosus,Random,NA,NA,NA,NA,0
273,merinov_gosl,Gulf of Saint Lawrence,BB,NA,BB-NA-2012-7-22,2012,7,22,48.5118,-69.2758,Ascophyllum nodosum,Random,NA,NA,NA,NA,0
274,merinov_gosl,Gulf of Saint Lawrence,BB,NA,BB-NA-2012-7-22,2012,7,22,48.5118,-69.2758,Fucus distichus subsp. edentatus,Random,NA,NA,NA,NA,0
275,merinov_gosl,Gulf of Saint Lawrence,BB,NA,BB-NA-2012-7-22,2012,7,22,48.5118,-69.2758,Fucus distichus subsp. evanescens,Random,NA,NA,NA,NA,0
276,merinov_gosl,Gulf of Saint Lawrence,BB,NA,BB-NA-2012-7-22,2012,7,22,48.5118,-69.2758,Fucus vesiculosus,Random,NA,NA,NA,NA,0
277,merinov_gosl,Gulf of Saint Lawrence,BB,NA,BB-NA-2012-7-22,2012,7,22,48.5118,-69.2751,Ascophyllum nodosum,Random,NA,NA,NA,NA,0
278,merinov_gosl,Gulf of Saint Lawrence,BB,NA,BB-NA-2012-7-22,2012,7,22,48.5118,-69.2751,Fucus distichus subsp. edentatus,Random,NA,NA,NA,NA,0
279,merinov_gosl,Gulf of Saint Lawrence,BB,NA,BB-NA-2012-7-22,2012,7,22,48.5118,-69.2751,Fucus distichus subsp. evanescens,Random,NA,NA,NA,NA,0
280,merinov_gosl,Gulf of Saint Lawrence,BB,NA,BB-NA-2012-7-22,2012,7,22,48.5118,-69.2751,Fucus vesiculosus,Random,NA,NA,NA,NA,0
281,merinov_gosl,Gulf of Saint Lawrence,BB,NA,BB-NA-2012-7-22,2012,7,22,48.5118,-69.2744,Ascophyllum nodosum,Random,NA,NA,NA,NA,0
282,merinov_gosl,Gulf of Saint Lawrence,BB,NA,BB-NA-2012-7-22,2012,7,22,48.5118,-69.2744,Fucus distichus subsp. edentatus,Random,NA,NA,NA,NA,0
283,merinov_gosl,Gulf of Saint Lawrence,BB,NA,BB-NA-2012-7-22,2012,7,22,48.5118,-69.2744,Fucus distichus subsp. evanescens,Random,NA,NA,NA,NA,0
284,merinov_gosl,Gulf of Saint Lawrence,BB,NA,BB-NA-2012-7-22,2012,7,22,48.5118,-69.2744,Fucus vesiculosus,Random,NA,NA,NA,NA,0
285,merinov_gosl,Gulf of Saint Lawrence,BB,NA,BB-NA-2012-7-22,2012,7,22,48.5118,-69.2738,Ascophyllum nodosum,Random,NA,NA,NA,NA,0
286,merinov_gosl,Gulf of Saint Lawrence,BB,NA,BB-NA-2012-7-22,2012,7,22,48.5118,-69.2738,Fucus distichus subsp. edentatus,Random,NA,NA,NA,NA,0
287,merinov_gosl,Gulf of Saint Lawrence,BB,NA,BB-NA-2012-7-22,2012,7,22,48.5118,-69.2738,Fucus distichus subsp. evanescens,Random,NA,NA,NA,NA,0
288,merinov_gosl,Gulf of Saint Lawrence,BB,NA,BB-NA-2012-7-22,2012,7,22,48.5118,-69.2738,Fucus vesiculosus,Random,NA,NA,NA,NA,0
289,merinov_gosl,Gulf of Saint Lawrence,BB,NA,BB-NA-2012-7-22,2012,7,22,48.5118,-69.2731,Ascophyllum nodosum,Random,NA,NA,NA,NA,0
290,merinov_gosl,Gulf of Saint Lawrence,BB,NA,BB-NA-2012-7-22,2012,7,22,48.5118,-69.2731,Fucus distichus subsp. edentatus,Random,NA,NA,NA,NA,0
291,merinov_gosl,Gulf of Saint Lawrence,BB,NA,BB-NA-2012-7-22,2012,7,22,48.5118,-69.2731,Fucus distichus subsp. evanescens,Random,NA,NA,3,3,0.27
292,merinov_gosl,Gulf of Saint Lawrence,BB,NA,BB-NA-2012-7-22,2012,7,22,48.5118,-69.2731,Fucus vesiculosus,Random,NA,NA,NA,NA,0
293,merinov_gosl,Gulf of Saint Lawrence,BB,NA,BB-NA-2012-7-22,2012,7,22,48.5118,-69.2724,Ascophyllum nodosum,Random,NA,NA,NA,NA,0
294,merinov_gosl,Gulf of Saint Lawrence,BB,NA,BB-NA-2012-7-22,2012,7,22,48.5118,-69.2724,Fucus distichus subsp. edentatus,Random,NA,NA,NA,NA,0
295,merinov_gosl,Gulf of Saint Lawrence,BB,NA,BB-NA-2012-7-22,2012,7,22,48.5118,-69.2724,Fucus distichus subsp. evanescens,Random,NA,NA,NA,NA,0
296,merinov_gosl,Gulf of Saint Lawrence,BB,NA,BB-NA-2012-7-22,2012,7,22,48.5118,-69.2724,Fucus vesiculosus,Random,NA,NA,NA,NA,0
297,merinov_gosl,Gulf of Saint Lawrence,BB,NA,BB-NA-2012-7-22,2012,7,22,48.5118,-69.2718,Ascophyllum nodosum,Random,NA,NA,NA,NA,0
298,merinov_gosl,Gulf of Saint Lawrence,BB,NA,BB-NA-2012-7-22,2012,7,22,48.5118,-69.2718,Fucus distichus subsp. edentatus,Random,NA,NA,NA,NA,0
299,merinov_gosl,Gulf of Saint Lawrence,BB,NA,BB-NA-2012-7-22,2012,7,22,48.5118,-69.2718,Fucus distichus subsp. evanescens,Random,NA,NA,NA,NA,0
300,merinov_gosl,Gulf of Saint Lawrence,BB,NA,BB-NA-2012-7-22,2012,7,22,48.5118,-69.2718,Fucus vesiculosus,Random,NA,NA,NA,NA,0
301,merinov_gosl,Gulf of Saint Lawrence,BB,NA,BB-NA-2012-7-22,2012,7,22,48.5118,-69.2711,Ascophyllum nodosum,Random,NA,NA,NA,NA,0
302,merinov_gosl,Gulf of Saint Lawrence,BB,NA,BB-NA-2012-7-22,2012,7,22,48.5118,-69.2711,Fucus distichus subsp. edentatus,Random,NA,NA,NA,NA,0
303,merinov_gosl,Gulf of Saint Lawrence,BB,NA,BB-NA-2012-7-22,2012,7,22,48.5118,-69.2711,Fucus distichus subsp. evanescens,Random,NA,NA,NA,NA,0
304,merinov_gosl,Gulf of Saint Lawrence,BB,NA,BB-NA-2012-7-22,2012,7,22,48.5118,-69.2711,Fucus vesiculosus,Random,NA,NA,NA,NA,0
305,merinov_gosl,Gulf of Saint Lawrence,BB,NA,BB-NA-2012-7-22,2012,7,22,48.5118,-69.2704,Ascophyllum nodosum,Random,NA,NA,NA,NA,0
306,merinov_gosl,Gulf of Saint Lawrence,BB,NA,BB-NA-2012-7-22,2012,7,22,48.5118,-69.2704,Fucus distichus subsp. edentatus,Random,NA,NA,NA,NA,0
307,merinov_gosl,Gulf of Saint Lawrence,BB,NA,BB-NA-2012-7-22,2012,7,22,48.5118,-69.2704,Fucus distichus subsp. evanescens,Random,NA,NA,NA,NA,0
308,merinov_gosl,Gulf of Saint Lawrence,BB,NA,BB-NA-2012-7-22,2012,7,22,48.5118,-69.2704,Fucus vesiculosus,Random,NA,NA,NA,NA,0
309,merinov_gosl,Gulf of Saint Lawrence,BB,NA,BB-NA-2012-7-22,2012,7,22,48.5118,-69.2698,Ascophyllum nodosum,Random,NA,NA,NA,NA,0
310,merinov_gosl,Gulf of Saint Lawrence,BB,NA,BB-NA-2012-7-22,2012,7,22,48.5118,-69.2698,Fucus distichus subsp. edentatus,Random,NA,NA,NA,NA,0
311,merinov_gosl,Gulf of Saint Lawrence,BB,NA,BB-NA-2012-7-22,2012,7,22,48.5118,-69.2698,Fucus distichus subsp. evanescens,Random,NA,NA,NA,NA,0
312,merinov_gosl,Gulf of Saint Lawrence,BB,NA,BB-NA-2012-7-22,2012,7,22,48.5118,-69.2698,Fucus vesiculosus,Random,NA,NA,NA,NA,0
313,merinov_gosl,Gulf of Saint Lawrence,BB,NA,BB-NA-2012-7-22,2012,7,22,48.5118,-69.2691,Ascophyllum nodosum,Random,NA,NA,NA,NA,0
314,merinov_gosl,Gulf of Saint Lawrence,BB,NA,BB-NA-2012-7-22,2012,7,22,48.5118,-69.2691,Fucus distichus subsp. edentatus,Random,NA,NA,NA,NA,0
315,merinov_gosl,Gulf of Saint Lawrence,BB,NA,BB-NA-2012-7-22,2012,7,22,48.5118,-69.2691,Fucus distichus subsp. evanescens,Random,NA,NA,NA,NA,0
316,merinov_gosl,Gulf of Saint Lawrence,BB,NA,BB-NA-2012-7-22,2012,7,22,48.5118,-69.2691,Fucus vesiculosus,Random,NA,NA,NA,NA,0
317,merinov_gosl,Gulf of Saint Lawrence,BB,NA,BB-NA-2012-7-22,2012,7,22,48.5118,-69.2684,Ascophyllum nodosum,Random,NA,NA,NA,NA,0
318,merinov_gosl,Gulf of Saint Lawrence,BB,NA,BB-NA-2012-7-22,2012,7,22,48.5118,-69.2684,Fucus distichus subsp. edentatus,Random,NA,NA,NA,NA,0
319,merinov_gosl,Gulf of Saint Lawrence,BB,NA,BB-NA-2012-7-22,2012,7,22,48.5118,-69.2684,Fucus distichus subsp. evanescens,Random,NA,NA,2,2,0.01
320,merinov_gosl,Gulf of Saint Lawrence,BB,NA,BB-NA-2012-7-22,2012,7,22,48.5118,-69.2684,Fucus vesiculosus,Random,NA,NA,NA,NA,0
321,merinov_gosl,Gulf of Saint Lawrence,BB,NA,BB-NA-2012-7-22,2012,7,22,48.5118,-69.2678,Ascophyllum nodosum,Random,NA,NA,NA,NA,0
322,merinov_gosl,Gulf of Saint Lawrence,BB,NA,BB-NA-2012-7-22,2012,7,22,48.5118,-69.2678,Fucus distichus subsp. edentatus,Random,NA,NA,NA,NA,0
323,merinov_gosl,Gulf of Saint Lawrence,BB,NA,BB-NA-2012-7-22,2012,7,22,48.5118,-69.2678,Fucus distichus subsp. evanescens,Random,NA,NA,NA,NA,0
324,merinov_gosl,Gulf of Saint Lawrence,BB,NA,BB-NA-2012-7-22,2012,7,22,48.5118,-69.2678,Fucus vesiculosus,Random,NA,NA,NA,NA,0
325,merinov_gosl,Gulf of Saint Lawrence,BB,NA,BB-NA-2012-7-22,2012,7,22,48.5118,-69.2671,Ascophyllum nodosum,Random,NA,NA,NA,NA,0
326,merinov_gosl,Gulf of Saint Lawrence,BB,NA,BB-NA-2012-7-22,2012,7,22,48.5118,-69.2671,Fucus distichus subsp. edentatus,Random,NA,NA,NA,NA,0
327,merinov_gosl,Gulf of Saint Lawrence,BB,NA,BB-NA-2012-7-22,2012,7,22,48.5118,-69.2671,Fucus distichus subsp. evanescens,Random,NA,NA,NA,NA,0
328,merinov_gosl,Gulf of Saint Lawrence,BB,NA,BB-NA-2012-7-22,2012,7,22,48.5118,-69.2671,Fucus vesiculosus,Random,NA,NA,NA,NA,0
329,merinov_gosl,Gulf of Saint Lawrence,BB,NA,BB-NA-2012-7-22,2012,7,22,48.5118,-69.2664,Ascophyllum nodosum,Random,NA,NA,NA,NA,0
330,merinov_gosl,Gulf of Saint Lawrence,BB,NA,BB-NA-2012-7-22,2012,7,22,48.5118,-69.2664,Fucus distichus subsp. edentatus,Random,NA,NA,NA,NA,0
331,merinov_gosl,Gulf of Saint Lawrence,BB,NA,BB-NA-2012-7-22,2012,7,22,48.5118,-69.2664,Fucus distichus subsp. evanescens,Random,NA,NA,NA,NA,0
332,merinov_gosl,Gulf of Saint Lawrence,BB,NA,BB-NA-2012-7-22,2012,7,22,48.5118,-69.2664,Fucus vesiculosus,Random,NA,NA,NA,NA,0
333,merinov_gosl,Gulf of Saint Lawrence,BB,NA,BB-NA-2012-7-22,2012,7,22,48.5118,-69.2658,Ascophyllum nodosum,Random,NA,NA,NA,NA,0
334,merinov_gosl,Gulf of Saint Lawrence,BB,NA,BB-NA-2012-7-22,2012,7,22,48.5118,-69.2658,Fucus distichus subsp. edentatus,Random,NA,NA,NA,NA,0
335,merinov_gosl,Gulf of Saint Lawrence,BB,NA,BB-NA-2012-7-22,2012,7,22,48.5118,-69.2658,Fucus distichus subsp. evanescens,Random,NA,NA,NA,NA,0
336,merinov_gosl,Gulf of Saint Lawrence,BB,NA,BB-NA-2012-7-22,2012,7,22,48.5118,-69.2658,Fucus vesiculosus,Random,NA,NA,NA,NA,0
337,merinov_gosl,Gulf of Saint Lawrence,BB,NA,BB-NA-2012-7-22,2012,7,22,48.5118,-69.2651,Ascophyllum nodosum,Random,NA,NA,NA,NA,0
338,merinov_gosl,Gulf of Saint Lawrence,BB,NA,BB-NA-2012-7-22,2012,7,22,48.5118,-69.2651,Fucus distichus subsp. edentatus,Random,NA,NA,NA,NA,0
339,merinov_gosl,Gulf of Saint Lawrence,BB,NA,BB-NA-2012-7-22,2012,7,22,48.5118,-69.2651,Fucus distichus subsp. evanescens,Random,NA,NA,NA,NA,0
340,merinov_gosl,Gulf of Saint Lawrence,BB,NA,BB-NA-2012-7-22,2012,7,22,48.5118,-69.2651,Fucus vesiculosus,Random,NA,NA,NA,NA,0
341,merinov_gosl,Gulf of Saint Lawrence,BB,NA,BB-NA-2012-7-22,2012,7,22,48.5118,-69.2644,Ascophyllum nodosum,Random,NA,NA,NA,NA,0
342,merinov_gosl,Gulf of Saint Lawrence,BB,NA,BB-NA-2012-7-22,2012,7,22,48.5118,-69.2644,Fucus distichus subsp. edentatus,Random,NA,NA,NA,NA,0
343,merinov_gosl,Gulf of Saint Lawrence,BB,NA,BB-NA-2012-7-22,2012,7,22,48.5118,-69.2644,Fucus distichus subsp. evanescens,Random,NA,NA,NA,NA,0
344,merinov_gosl,Gulf of Saint Lawrence,BB,NA,BB-NA-2012-7-22,2012,7,22,48.5118,-69.2644,Fucus vesiculosus,Random,NA,NA,NA,NA,0
345,merinov_gosl,Gulf of Saint Lawrence,BB,NA,BB-NA-2012-7-22,2012,7,22,48.5118,-69.2638,Ascophyllum nodosum,Random,NA,NA,NA,NA,0
346,merinov_gosl,Gulf of Saint Lawrence,BB,NA,BB-NA-2012-7-22,2012,7,22,48.5118,-69.2638,Fucus distichus subsp. edentatus,Random,NA,NA,NA,NA,0
347,merinov_gosl,Gulf of Saint Lawrence,BB,NA,BB-NA-2012-7-22,2012,7,22,48.5118,-69.2638,Fucus distichus subsp. evanescens,Random,NA,NA,3,3,0.01
348,merinov_gosl,Gulf of Saint Lawrence,BB,NA,BB-NA-2012-7-22,2012,7,22,48.5118,-69.2638,Fucus vesiculosus,Random,NA,NA,NA,NA,0
349,merinov_gosl,Gulf of Saint Lawrence,BB,NA,BB-NA-2012-7-22,2012,7,22,48.5118,-69.2631,Ascophyllum nodosum,Random,NA,NA,NA,NA,0
350,merinov_gosl,Gulf of Saint Lawrence,BB,NA,BB-NA-2012-7-22,2012,7,22,48.5118,-69.2631,Fucus distichus subsp. edentatus,Random,NA,NA,NA,NA,0
351,merinov_gosl,Gulf of Saint Lawrence,BB,NA,BB-NA-2012-7-22,2012,7,22,48.5118,-69.2631,Fucus distichus subsp. evanescens,Random,NA,NA,27,27,0.89
352,merinov_gosl,Gulf of Saint Lawrence,BB,NA,BB-NA-2012-7-22,2012,7,22,48.5118,-69.2631,Fucus vesiculosus,Random,NA,NA,NA,NA,0
353,merinov_gosl,Gulf of Saint Lawrence,BB,NA,BB-NA-2012-7-22,2012,7,22,48.5118,-69.2624,Ascophyllum nodosum,Random,NA,NA,NA,NA,0
354,merinov_gosl,Gulf of Saint Lawrence,BB,NA,BB-NA-2012-7-22,2012,7,22,48.5118,-69.2624,Fucus distichus subsp. edentatus,Random,NA,NA,NA,NA,0
355,merinov_gosl,Gulf of Saint Lawrence,BB,NA,BB-NA-2012-7-22,2012,7,22,48.5118,-69.2624,Fucus distichus subsp. evanescens,Random,NA,NA,3,3,0.01
356,merinov_gosl,Gulf of Saint Lawrence,BB,NA,BB-NA-2012-7-22,2012,7,22,48.5118,-69.2624,Fucus vesiculosus,Random,NA,NA,NA,NA,0
357,merinov_gosl,Gulf of Saint Lawrence,BB,NA,BB-NA-2012-7-22,2012,7,22,48.5118,-69.2618,Ascophyllum nodosum,Random,NA,NA,NA,NA,0
358,merinov_gosl,Gulf of Saint Lawrence,BB,NA,BB-NA-2012-7-22,2012,7,22,48.5118,-69.2618,Fucus distichus subsp. edentatus,Random,NA,NA,NA,NA,0
359,merinov_gosl,Gulf of Saint Lawrence,BB,NA,BB-NA-2012-7-22,2012,7,22,48.5118,-69.2618,Fucus distichus subsp. evanescens,Random,NA,NA,13,13,1.29
360,merinov_gosl,Gulf of Saint Lawrence,BB,NA,BB-NA-2012-7-22,2012,7,22,48.5118,-69.2618,Fucus vesiculosus,Random,NA,NA,NA,NA,0
361,merinov_gosl,Gulf of Saint Lawrence,BB,NA,BB-NA-2012-7-22,2012,7,22,48.5118,-69.2611,Ascophyllum nodosum,Random,NA,NA,NA,NA,0
362,merinov_gosl,Gulf of Saint Lawrence,BB,NA,BB-NA-2012-7-22,2012,7,22,48.5118,-69.2611,Fucus distichus subsp. edentatus,Random,NA,NA,NA,NA,0
363,merinov_gosl,Gulf of Saint Lawrence,BB,NA,BB-NA-2012-7-22,2012,7,22,48.5118,-69.2611,Fucus distichus subsp. evanescens,Random,NA,NA,NA,NA,0
364,merinov_gosl,Gulf of Saint Lawrence,BB,NA,BB-NA-2012-7-22,2012,7,22,48.5118,-69.2611,Fucus vesiculosus,Random,NA,NA,NA,NA,0
365,merinov_gosl,Gulf of Saint Lawrence,BB,NA,BB-NA-2012-7-22,2012,7,22,48.5118,-69.2604,Ascophyllum nodosum,Random,NA,NA,14,14,0.75
366,merinov_gosl,Gulf of Saint Lawrence,BB,NA,BB-NA-2012-7-22,2012,7,22,48.5118,-69.2604,Fucus distichus subsp. edentatus,Random,NA,NA,NA,NA,0
367,merinov_gosl,Gulf of Saint Lawrence,BB,NA,BB-NA-2012-7-22,2012,7,22,48.5118,-69.2604,Fucus distichus subsp. evanescens,Random,NA,NA,9,9,0.51
368,merinov_gosl,Gulf of Saint Lawrence,BB,NA,BB-NA-2012-7-22,2012,7,22,48.5118,-69.2604,Fucus vesiculosus,Random,NA,NA,NA,NA,0
369,merinov_gosl,Gulf of Saint Lawrence,BB,NA,BB-NA-2012-7-22,2012,7,22,48.5118,-69.2598,Ascophyllum nodosum,Random,NA,NA,NA,NA,0
370,merinov_gosl,Gulf of Saint Lawrence,BB,NA,BB-NA-2012-7-22,2012,7,22,48.5118,-69.2598,Fucus distichus subsp. edentatus,Random,NA,NA,NA,NA,0
371,merinov_gosl,Gulf of Saint Lawrence,BB,NA,BB-NA-2012-7-22,2012,7,22,48.5118,-69.2598,Fucus distichus subsp. evanescens,Random,NA,NA,NA,NA,0
372,merinov_gosl,Gulf of Saint Lawrence,BB,NA,BB-NA-2012-7-22,2012,7,22,48.5118,-69.2598,Fucus vesiculosus,Random,NA,NA,NA,NA,0
373,merinov_gosl,Gulf of Saint Lawrence,BB,NA,BB-NA-2012-7-22,2012,7,22,48.5118,-69.2591,Ascophyllum nodosum,Random,NA,NA,14,14,0.78
374,merinov_gosl,Gulf of Saint Lawrence,BB,NA,BB-NA-2012-7-22,2012,7,22,48.5118,-69.2591,Fucus distichus subsp. edentatus,Random,NA,NA,NA,NA,0
375,merinov_gosl,Gulf of Saint Lawrence,BB,NA,BB-NA-2012-7-22,2012,7,22,48.5118,-69.2591,Fucus distichus subsp. evanescens,Random,NA,NA,9,9,0.51
376,merinov_gosl,Gulf of Saint Lawrence,BB,NA,BB-NA-2012-7-22,2012,7,22,48.5118,-69.2591,Fucus vesiculosus,Random,NA,NA,NA,NA,0
377,merinov_gosl,Gulf of Saint Lawrence,BB,NA,BB-NA-2012-7-22,2012,7,22,48.5118,-69.2584,Ascophyllum nodosum,Random,NA,NA,NA,NA,0
378,merinov_gosl,Gulf of Saint Lawrence,BB,NA,BB-NA-2012-7-22,2012,7,22,48.5118,-69.2584,Fucus distichus subsp. edentatus,Random,NA,NA,NA,NA,0
379,merinov_gosl,Gulf of Saint Lawrence,BB,NA,BB-NA-2012-7-22,2012,7,22,48.5118,-69.2584,Fucus distichus subsp. evanescens,Random,NA,NA,NA,NA,0
380,merinov_gosl,Gulf of Saint Lawrence,BB,NA,BB-NA-2012-7-22,2012,7,22,48.5118,-69.2584,Fucus vesiculosus,Random,NA,NA,NA,NA,0
381,merinov_gosl,Gulf of Saint Lawrence,BB,NA,BB-NA-2012-7-22,2012,7,22,48.5118,-69.2578,Ascophyllum nodosum,Random,NA,NA,NA,NA,0
382,merinov_gosl,Gulf of Saint Lawrence,BB,NA,BB-NA-2012-7-22,2012,7,22,48.5118,-69.2578,Fucus distichus subsp. edentatus,Random,NA,NA,NA,NA,0
383,merinov_gosl,Gulf of Saint Lawrence,BB,NA,BB-NA-2012-7-22,2012,7,22,48.5118,-69.2578,Fucus distichus subsp. evanescens,Random,NA,NA,NA,NA,0
384,merinov_gosl,Gulf of Saint Lawrence,BB,NA,BB-NA-2012-7-22,2012,7,22,48.5118,-69.2578,Fucus vesiculosus,Random,NA,NA,NA,NA,0
385,merinov_gosl,Gulf of Saint Lawrence,BB,NA,BB-NA-2012-7-22,2012,7,22,48.5118,-69.2571,Ascophyllum nodosum,Random,NA,NA,NA,NA,0
386,merinov_gosl,Gulf of Saint Lawrence,BB,NA,BB-NA-2012-7-22,2012,7,22,48.5118,-69.2571,Fucus distichus subsp. edentatus,Random,NA,NA,NA,NA,0
387,merinov_gosl,Gulf of Saint Lawrence,BB,NA,BB-NA-2012-7-22,2012,7,22,48.5118,-69.2571,Fucus distichus subsp. evanescens,Random,NA,NA,NA,NA,0
388,merinov_gosl,Gulf of Saint Lawrence,BB,NA,BB-NA-2012-7-22,2012,7,22,48.5118,-69.2571,Fucus vesiculosus,Random,NA,NA,NA,NA,0
389,merinov_gosl,Gulf of Saint Lawrence,BB,NA,BB-NA-2012-7-22,2012,7,22,48.5118,-69.2564,Ascophyllum nodosum,Random,NA,NA,NA,NA,0
390,merinov_gosl,Gulf of Saint Lawrence,BB,NA,BB-NA-2012-7-22,2012,7,22,48.5118,-69.2564,Fucus distichus subsp. edentatus,Random,NA,NA,NA,NA,0
391,merinov_gosl,Gulf of Saint Lawrence,BB,NA,BB-NA-2012-7-22,2012,7,22,48.5118,-69.2564,Fucus distichus subsp. evanescens,Random,NA,NA,11,11,0.15
392,merinov_gosl,Gulf of Saint Lawrence,BB,NA,BB-NA-2012-7-22,2012,7,22,48.5118,-69.2564,Fucus vesiculosus,Random,NA,NA,NA,NA,0
393,merinov_gosl,Gulf of Saint Lawrence,BB,NA,BB-NA-2012-7-22,2012,7,22,48.5118,-69.2558,Ascophyllum nodosum,Random,NA,NA,NA,NA,0
394,merinov_gosl,Gulf of Saint Lawrence,BB,NA,BB-NA-2012-7-22,2012,7,22,48.5118,-69.2558,Fucus distichus subsp. edentatus,Random,NA,NA,NA,NA,0
395,merinov_gosl,Gulf of Saint Lawrence,BB,NA,BB-NA-2012-7-22,2012,7,22,48.5118,-69.2558,Fucus distichus subsp. evanescens,Random,NA,NA,NA,NA,0
396,merinov_gosl,Gulf of Saint Lawrence,BB,NA,BB-NA-2012-7-22,2012,7,22,48.5118,-69.2558,Fucus vesiculosus,Random,NA,NA,NA,NA,0
397,merinov_gosl,Gulf of Saint Lawrence,BB,NA,BB-NA-2012-7-22,2012,7,22,48.5118,-69.2551,Ascophyllum nodosum,Random,NA,NA,NA,NA,0
398,merinov_gosl,Gulf of Saint Lawrence,BB,NA,BB-NA-2012-7-22,2012,7,22,48.5118,-69.2551,Fucus distichus subsp. edentatus,Random,NA,NA,NA,NA,0
399,merinov_gosl,Gulf of Saint Lawrence,BB,NA,BB-NA-2012-7-22,2012,7,22,48.5118,-69.2551,Fucus distichus subsp. evanescens,Random,NA,NA,3,3,0.38
400,merinov_gosl,Gulf of Saint Lawrence,BB,NA,BB-NA-2012-7-22,2012,7,22,48.5118,-69.2551,Fucus vesiculosus,Random,NA,NA,NA,NA,0
401,merinov_gosl,Gulf of Saint Lawrence,BB,NA,BB-NA-2012-7-22,2012,7,22,48.5118,-69.2544,Ascophyllum nodosum,Random,NA,NA,NA,NA,0
402,merinov_gosl,Gulf of Saint Lawrence,BB,NA,BB-NA-2012-7-22,2012,7,22,48.5118,-69.2544,Fucus distichus subsp. edentatus,Random,NA,NA,NA,NA,0
403,merinov_gosl,Gulf of Saint Lawrence,BB,NA,BB-NA-2012-7-22,2012,7,22,48.5118,-69.2544,Fucus distichus subsp. evanescens,Random,NA,NA,4,4,0.01
404,merinov_gosl,Gulf of Saint Lawrence,BB,NA,BB-NA-2012-7-22,2012,7,22,48.5118,-69.2544,Fucus vesiculosus,Random,NA,NA,NA,NA,0
405,merinov_gosl,Gulf of Saint Lawrence,BB,NA,BB-NA-2012-7-22,2012,7,22,48.5118,-69.2538,Ascophyllum nodosum,Random,NA,NA,NA,NA,0
406,merinov_gosl,Gulf of Saint Lawrence,BB,NA,BB-NA-2012-7-22,2012,7,22,48.5118,-69.2538,Fucus distichus subsp. edentatus,Random,NA,NA,NA,NA,0
407,merinov_gosl,Gulf of Saint Lawrence,BB,NA,BB-NA-2012-7-22,2012,7,22,48.5118,-69.2538,Fucus distichus subsp. evanescens,Random,NA,NA,3,3,0.08
408,merinov_gosl,Gulf of Saint Lawrence,BB,NA,BB-NA-2012-7-22,2012,7,22,48.5118,-69.2538,Fucus vesiculosus,Random,NA,NA,NA,NA,0
409,merinov_gosl,Gulf of Saint Lawrence,BB,NA,BB-NA-2012-7-22,2012,7,22,48.5118,-69.2531,Ascophyllum nodosum,Random,NA,NA,NA,NA,0
410,merinov_gosl,Gulf of Saint Lawrence,BB,NA,BB-NA-2012-7-22,2012,7,22,48.5118,-69.2531,Fucus distichus subsp. edentatus,Random,NA,NA,NA,NA,0
411,merinov_gosl,Gulf of Saint Lawrence,BB,NA,BB-NA-2012-7-22,2012,7,22,48.5118,-69.2531,Fucus distichus subsp. evanescens,Random,NA,NA,NA,NA,0
412,merinov_gosl,Gulf of Saint Lawrence,BB,NA,BB-NA-2012-7-22,2012,7,22,48.5118,-69.2531,Fucus vesiculosus,Random,NA,NA,NA,NA,0
413,merinov_gosl,Gulf of Saint Lawrence,BB,NA,BB-NA-2012-7-22,2012,7,22,48.5118,-69.2524,Ascophyllum nodosum,Random,NA,NA,NA,NA,0
414,merinov_gosl,Gulf of Saint Lawrence,BB,NA,BB-NA-2012-7-22,2012,7,22,48.5118,-69.2524,Fucus distichus subsp. edentatus,Random,NA,NA,NA,NA,0
415,merinov_gosl,Gulf of Saint Lawrence,BB,NA,BB-NA-2012-7-22,2012,7,22,48.5118,-69.2524,Fucus distichus subsp. evanescens,Random,NA,NA,NA,NA,0
416,merinov_gosl,Gulf of Saint Lawrence,BB,NA,BB-NA-2012-7-22,2012,7,22,48.5118,-69.2524,Fucus vesiculosus,Random,NA,NA,NA,NA,0
417,merinov_gosl,Gulf of Saint Lawrence,BB,NA,BB-NA-2012-7-22,2012,7,22,48.5118,-69.2518,Ascophyllum nodosum,Random,NA,NA,NA,NA,0
418,merinov_gosl,Gulf of Saint Lawrence,BB,NA,BB-NA-2012-7-22,2012,7,22,48.5118,-69.2518,Fucus distichus subsp. edentatus,Random,NA,NA,NA,NA,0
419,merinov_gosl,Gulf of Saint Lawrence,BB,NA,BB-NA-2012-7-22,2012,7,22,48.5118,-69.2518,Fucus distichus subsp. evanescens,Random,NA,NA,NA,NA,0
420,merinov_gosl,Gulf of Saint Lawrence,BB,NA,BB-NA-2012-7-22,2012,7,22,48.5118,-69.2518,Fucus vesiculosus,Random,NA,NA,NA,NA,0
421,merinov_gosl,Gulf of Saint Lawrence,BB,NA,BB-NA-2012-7-22,2012,7,22,48.5118,-69.2511,Ascophyllum nodosum,Random,NA,NA,NA,NA,0
422,merinov_gosl,Gulf of Saint Lawrence,BB,NA,BB-NA-2012-7-22,2012,7,22,48.5118,-69.2511,Fucus distichus subsp. edentatus,Random,NA,NA,NA,NA,0
423,merinov_gosl,Gulf of Saint Lawrence,BB,NA,BB-NA-2012-7-22,2012,7,22,48.5118,-69.2511,Fucus distichus subsp. evanescens,Random,NA,NA,1,1,0.07
424,merinov_gosl,Gulf of Saint Lawrence,BB,NA,BB-NA-2012-7-22,2012,7,22,48.5118,-69.2511,Fucus vesiculosus,Random,NA,NA,NA,NA,0
425,merinov_gosl,Gulf of Saint Lawrence,BB,NA,BB-NA-2012-7-22,2012,7,22,48.5118,-69.2504,Ascophyllum nodosum,Random,NA,NA,NA,NA,0
426,merinov_gosl,Gulf of Saint Lawrence,BB,NA,BB-NA-2012-7-22,2012,7,22,48.5118,-69.2504,Fucus distichus subsp. edentatus,Random,NA,NA,NA,NA,0
427,merinov_gosl,Gulf of Saint Lawrence,BB,NA,BB-NA-2012-7-22,2012,7,22,48.5118,-69.2504,Fucus distichus subsp. evanescens,Random,NA,NA,NA,NA,0
428,merinov_gosl,Gulf of Saint Lawrence,BB,NA,BB-NA-2012-7-22,2012,7,22,48.5118,-69.2504,Fucus vesiculosus,Random,NA,NA,NA,NA,0
429,merinov_gosl,Gulf of Saint Lawrence,BB,NA,BB-NA-2012-7-22,2012,7,22,48.5118,-69.2498,Ascophyllum nodosum,Random,NA,NA,NA,NA,0
430,merinov_gosl,Gulf of Saint Lawrence,BB,NA,BB-NA-2012-7-22,2012,7,22,48.5118,-69.2498,Fucus distichus subsp. edentatus,Random,NA,NA,NA,NA,0
431,merinov_gosl,Gulf of Saint Lawrence,BB,NA,BB-NA-2012-7-22,2012,7,22,48.5118,-69.2498,Fucus distichus subsp. evanescens,Random,NA,NA,NA,NA,0
432,merinov_gosl,Gulf of Saint Lawrence,BB,NA,BB-NA-2012-7-22,2012,7,22,48.5118,-69.2498,Fucus vesiculosus,Random,NA,NA,NA,NA,0
433,merinov_gosl,Gulf of Saint Lawrence,BB,NA,BB-NA-2012-7-22,2012,7,22,48.5118,-69.2491,Ascophyllum nodosum,Random,NA,NA,NA,NA,0
434,merinov_gosl,Gulf of Saint Lawrence,BB,NA,BB-NA-2012-7-22,2012,7,22,48.5118,-69.2491,Fucus distichus subsp. edentatus,Random,NA,NA,NA,NA,0
435,merinov_gosl,Gulf of Saint Lawrence,BB,NA,BB-NA-2012-7-22,2012,7,22,48.5118,-69.2491,Fucus distichus subsp. evanescens,Random,NA,NA,1,1,0.01
436,merinov_gosl,Gulf of Saint Lawrence,BB,NA,BB-NA-2012-7-22,2012,7,22,48.5118,-69.2491,Fucus vesiculosus,Random,NA,NA,NA,NA,0
437,merinov_gosl,Gulf of Saint Lawrence,BB,NA,BB-NA-2012-7-22,2012,7,22,48.5118,-69.2484,Ascophyllum nodosum,Random,NA,NA,NA,NA,0
438,merinov_gosl,Gulf of Saint Lawrence,BB,NA,BB-NA-2012-7-22,2012,7,22,48.5118,-69.2484,Fucus distichus subsp. edentatus,Random,NA,NA,NA,NA,0
439,merinov_gosl,Gulf of Saint Lawrence,BB,NA,BB-NA-2012-7-22,2012,7,22,48.5118,-69.2484,Fucus distichus subsp. evanescens,Random,NA,NA,NA,NA,0
440,merinov_gosl,Gulf of Saint Lawrence,BB,NA,BB-NA-2012-7-22,2012,7,22,48.5118,-69.2484,Fucus vesiculosus,Random,NA,NA,NA,NA,0
441,merinov_gosl,Gulf of Saint Lawrence,BB,NA,BB-NA-2012-7-22,2012,7,22,48.5118,-69.2478,Ascophyllum nodosum,Random,NA,NA,NA,NA,0
442,merinov_gosl,Gulf of Saint Lawrence,BB,NA,BB-NA-2012-7-22,2012,7,22,48.5118,-69.2478,Fucus distichus subsp. edentatus,Random,NA,NA,NA,NA,0
443,merinov_gosl,Gulf of Saint Lawrence,BB,NA,BB-NA-2012-7-22,2012,7,22,48.5118,-69.2478,Fucus distichus subsp. evanescens,Random,NA,NA,NA,NA,0
444,merinov_gosl,Gulf of Saint Lawrence,BB,NA,BB-NA-2012-7-22,2012,7,22,48.5118,-69.2478,Fucus vesiculosus,Random,NA,NA,NA,NA,0
445,merinov_gosl,Gulf of Saint Lawrence,BB,NA,BB-NA-2012-7-22,2012,7,22,48.5118,-69.2471,Ascophyllum nodosum,Random,NA,NA,NA,NA,0
446,merinov_gosl,Gulf of Saint Lawrence,BB,NA,BB-NA-2012-7-22,2012,7,22,48.5118,-69.2471,Fucus distichus subsp. edentatus,Random,NA,NA,NA,NA,0
447,merinov_gosl,Gulf of Saint Lawrence,BB,NA,BB-NA-2012-7-22,2012,7,22,48.5118,-69.2471,Fucus distichus subsp. evanescens,Random,NA,NA,NA,NA,0
448,merinov_gosl,Gulf of Saint Lawrence,BB,NA,BB-NA-2012-7-22,2012,7,22,48.5118,-69.2471,Fucus vesiculosus,Random,NA,NA,NA,NA,0
449,merinov_gosl,Gulf of Saint Lawrence,BB,NA,BB-NA-2012-7-22,2012,7,22,48.5118,-69.2464,Ascophyllum nodosum,Random,NA,NA,NA,NA,0
450,merinov_gosl,Gulf of Saint Lawrence,BB,NA,BB-NA-2012-7-22,2012,7,22,48.5118,-69.2464,Fucus distichus subsp. edentatus,Random,NA,NA,NA,NA,0
451,merinov_gosl,Gulf of Saint Lawrence,BB,NA,BB-NA-2012-7-22,2012,7,22,48.5118,-69.2464,Fucus distichus subsp. evanescens,Random,NA,NA,NA,NA,0
452,merinov_gosl,Gulf of Saint Lawrence,BB,NA,BB-NA-2012-7-22,2012,7,22,48.5118,-69.2464,Fucus vesiculosus,Random,NA,NA,NA,NA,0
453,merinov_gosl,Gulf of Saint Lawrence,BB,NA,BB-NA-2012-7-22,2012,7,22,48.5118,-69.2458,Ascophyllum nodosum,Random,NA,NA,NA,NA,0
454,merinov_gosl,Gulf of Saint Lawrence,BB,NA,BB-NA-2012-7-22,2012,7,22,48.5118,-69.2458,Fucus distichus subsp. edentatus,Random,NA,NA,NA,NA,0
455,merinov_gosl,Gulf of Saint Lawrence,BB,NA,BB-NA-2012-7-22,2012,7,22,48.5118,-69.2458,Fucus distichus subsp. evanescens,Random,NA,NA,NA,NA,0
456,merinov_gosl,Gulf of Saint Lawrence,BB,NA,BB-NA-2012-7-22,2012,7,22,48.5118,-69.2458,Fucus vesiculosus,Random,NA,NA,NA,NA,0
457,merinov_gosl,Gulf of Saint Lawrence,BB,NA,BB-NA-2012-7-22,2012,7,22,48.5118,-69.2451,Ascophyllum nodosum,Random,NA,NA,NA,NA,0
458,merinov_gosl,Gulf of Saint Lawrence,BB,NA,BB-NA-2012-7-22,2012,7,22,48.5118,-69.2451,Fucus distichus subsp. edentatus,Random,NA,NA,NA,NA,0
459,merinov_gosl,Gulf of Saint Lawrence,BB,NA,BB-NA-2012-7-22,2012,7,22,48.5118,-69.2451,Fucus distichus subsp. evanescens,Random,NA,NA,1,1,0.01
460,merinov_gosl,Gulf of Saint Lawrence,BB,NA,BB-NA-2012-7-22,2012,7,22,48.5118,-69.2451,Fucus vesiculosus,Random,NA,NA,NA,NA,0
461,merinov_gosl,Gulf of Saint Lawrence,BB,NA,BB-NA-2012-7-22,2012,7,22,48.5118,-69.2444,Ascophyllum nodosum,Random,NA,NA,NA,NA,0
462,merinov_gosl,Gulf of Saint Lawrence,BB,NA,BB-NA-2012-7-22,2012,7,22,48.5118,-69.2444,Fucus distichus subsp. edentatus,Random,NA,NA,NA,NA,0
463,merinov_gosl,Gulf of Saint Lawrence,BB,NA,BB-NA-2012-7-22,2012,7,22,48.5118,-69.2444,Fucus distichus subsp. evanescens,Random,NA,NA,NA,NA,0
464,merinov_gosl,Gulf of Saint Lawrence,BB,NA,BB-NA-2012-7-22,2012,7,22,48.5118,-69.2444,Fucus vesiculosus,Random,NA,NA,NA,NA,0
465,merinov_gosl,Gulf of Saint Lawrence,BB,NA,BB-NA-2012-7-22,2012,7,22,48.5118,-69.2438,Ascophyllum nodosum,Random,NA,NA,NA,NA,0
466,merinov_gosl,Gulf of Saint Lawrence,BB,NA,BB-NA-2012-7-22,2012,7,22,48.5118,-69.2438,Fucus distichus subsp. edentatus,Random,NA,NA,NA,NA,0
467,merinov_gosl,Gulf of Saint Lawrence,BB,NA,BB-NA-2012-7-22,2012,7,22,48.5118,-69.2438,Fucus distichus subsp. evanescens,Random,NA,NA,NA,NA,0
468,merinov_gosl,Gulf of Saint Lawrence,BB,NA,BB-NA-2012-7-22,2012,7,22,48.5118,-69.2438,Fucus vesiculosus,Random,NA,NA,NA,NA,0
469,merinov_gosl,Gulf of Saint Lawrence,BB,NA,BB-NA-2012-7-22,2012,7,22,48.5118,-69.2431,Ascophyllum nodosum,Random,NA,NA,NA,NA,0
470,merinov_gosl,Gulf of Saint Lawrence,BB,NA,BB-NA-2012-7-22,2012,7,22,48.5118,-69.2431,Fucus distichus subsp. edentatus,Random,NA,NA,NA,NA,0
471,merinov_gosl,Gulf of Saint Lawrence,BB,NA,BB-NA-2012-7-22,2012,7,22,48.5118,-69.2431,Fucus distichus subsp. evanescens,Random,NA,NA,NA,NA,0
472,merinov_gosl,Gulf of Saint Lawrence,BB,NA,BB-NA-2012-7-22,2012,7,22,48.5118,-69.2431,Fucus vesiculosus,Random,NA,NA,NA,NA,0
473,merinov_gosl,Gulf of Saint Lawrence,BB,NA,BB-NA-2012-7-22,2012,7,22,48.5118,-69.2424,Ascophyllum nodosum,Random,NA,NA,NA,NA,0
474,merinov_gosl,Gulf of Saint Lawrence,BB,NA,BB-NA-2012-7-22,2012,7,22,48.5118,-69.2424,Fucus distichus subsp. edentatus,Random,NA,NA,NA,NA,0
475,merinov_gosl,Gulf of Saint Lawrence,BB,NA,BB-NA-2012-7-22,2012,7,22,48.5118,-69.2424,Fucus distichus subsp. evanescens,Random,NA,NA,NA,NA,0
476,merinov_gosl,Gulf of Saint Lawrence,BB,NA,BB-NA-2012-7-22,2012,7,22,48.5118,-69.2424,Fucus vesiculosus,Random,NA,NA,NA,NA,0
477,merinov_gosl,Gulf of Saint Lawrence,BB,NA,BB-NA-2012-7-22,2012,7,22,48.5163,-69.2787,Ascophyllum nodosum,Random,NA,NA,NA,NA,0
478,merinov_gosl,Gulf of Saint Lawrence,BB,NA,BB-NA-2012-7-22,2012,7,22,48.5163,-69.2787,Fucus distichus subsp. edentatus,Random,NA,NA,NA,NA,0
479,merinov_gosl,Gulf of Saint Lawrence,BB,NA,BB-NA-2012-7-22,2012,7,22,48.5163,-69.2787,Fucus distichus subsp. evanescens,Random,NA,NA,NA,NA,0
480,merinov_gosl,Gulf of Saint Lawrence,BB,NA,BB-NA-2012-7-22,2012,7,22,48.5163,-69.2787,Fucus vesiculosus,Random,NA,NA,NA,NA,0
481,merinov_gosl,Gulf of Saint Lawrence,BB,NA,BB-NA-2012-7-22,2012,7,22,48.5163,-69.278,Ascophyllum nodosum,Random,NA,NA,NA,NA,0
482,merinov_gosl,Gulf of Saint Lawrence,BB,NA,BB-NA-2012-7-22,2012,7,22,48.5163,-69.278,Fucus distichus subsp. edentatus,Random,NA,NA,NA,NA,0
483,merinov_gosl,Gulf of Saint Lawrence,BB,NA,BB-NA-2012-7-22,2012,7,22,48.5163,-69.278,Fucus distichus subsp. evanescens,Random,NA,NA,NA,NA,0
484,merinov_gosl,Gulf of Saint Lawrence,BB,NA,BB-NA-2012-7-22,2012,7,22,48.5163,-69.278,Fucus vesiculosus,Random,NA,NA,NA,NA,0
485,merinov_gosl,Gulf of Saint Lawrence,BB,NA,BB-NA-2012-7-22,2012,7,22,48.5163,-69.2773,Ascophyllum nodosum,Random,NA,NA,NA,NA,0
486,merinov_gosl,Gulf of Saint Lawrence,BB,NA,BB-NA-2012-7-22,2012,7,22,48.5163,-69.2773,Fucus distichus subsp. edentatus,Random,NA,NA,NA,NA,0
487,merinov_gosl,Gulf of Saint Lawrence,BB,NA,BB-NA-2012-7-22,2012,7,22,48.5163,-69.2773,Fucus distichus subsp. evanescens,Random,NA,NA,NA,NA,0
488,merinov_gosl,Gulf of Saint Lawrence,BB,NA,BB-NA-2012-7-22,2012,7,22,48.5163,-69.2773,Fucus vesiculosus,Random,NA,NA,NA,NA,0
489,merinov_gosl,Gulf of Saint Lawrence,BB,NA,BB-NA-2012-7-22,2012,7,22,48.5163,-69.2767,Ascophyllum nodosum,Random,NA,NA,NA,NA,0
490,merinov_gosl,Gulf of Saint Lawrence,BB,NA,BB-NA-2012-7-22,2012,7,22,48.5163,-69.2767,Fucus distichus subsp. edentatus,Random,NA,NA,NA,NA,0
491,merinov_gosl,Gulf of Saint Lawrence,BB,NA,BB-NA-2012-7-22,2012,7,22,48.5163,-69.2767,Fucus distichus subsp. evanescens,Random,NA,NA,NA,NA,0
492,merinov_gosl,Gulf of Saint Lawrence,BB,NA,BB-NA-2012-7-22,2012,7,22,48.5163,-69.2767,Fucus vesiculosus,Random,NA,NA,NA,NA,0
493,merinov_gosl,Gulf of Saint Lawrence,BB,NA,BB-NA-2012-7-22,2012,7,22,48.5163,-69.276,Ascophyllum nodosum,Random,NA,NA,NA,NA,0
494,merinov_gosl,Gulf of Saint Lawrence,BB,NA,BB-NA-2012-7-22,2012,7,22,48.5163,-69.276,Fucus distichus subsp. edentatus,Random,NA,NA,NA,NA,0
495,merinov_gosl,Gulf of Saint Lawrence,BB,NA,BB-NA-2012-7-22,2012,7,22,48.5163,-69.276,Fucus distichus subsp. evanescens,Random,NA,NA,NA,NA,0
496,merinov_gosl,Gulf of Saint Lawrence,BB,NA,BB-NA-2012-7-22,2012,7,22,48.5163,-69.276,Fucus vesiculosus,Random,NA,NA,NA,NA,0
497,merinov_gosl,Gulf of Saint Lawrence,BB,NA,BB-NA-2012-7-22,2012,7,22,48.5163,-69.2753,Ascophyllum nodosum,Random,NA,NA,NA,NA,0
498,merinov_gosl,Gulf of Saint Lawrence,BB,NA,BB-NA-2012-7-22,2012,7,22,48.5163,-69.2753,Fucus distichus subsp. edentatus,Random,NA,NA,NA,NA,0
499,merinov_gosl,Gulf of Saint Lawrence,BB,NA,BB-NA-2012-7-22,2012,7,22,48.5163,-69.2753,Fucus distichus subsp. evanescens,Random,NA,NA,NA,NA,0
500,merinov_gosl,Gulf of Saint Lawrence,BB,NA,BB-NA-2012-7-22,2012,7,22,48.5163,-69.2753,Fucus vesiculosus,Random,NA,NA,NA,NA,0
501,merinov_gosl,Gulf of Saint Lawrence,BB,NA,BB-NA-2012-7-22,2012,7,22,48.5163,-69.2747,Ascophyllum nodosum,Random,NA,NA,NA,NA,0
502,merinov_gosl,Gulf of Saint Lawrence,BB,NA,BB-NA-2012-7-22,2012,7,22,48.5163,-69.2747,Fucus distichus subsp. edentatus,Random,NA,NA,NA,NA,0
503,merinov_gosl,Gulf of Saint Lawrence,BB,NA,BB-NA-2012-7-22,2012,7,22,48.5163,-69.2747,Fucus distichus subsp. evanescens,Random,NA,NA,NA,NA,0
504,merinov_gosl,Gulf of Saint Lawrence,BB,NA,BB-NA-2012-7-22,2012,7,22,48.5163,-69.2747,Fucus vesiculosus,Random,NA,NA,NA,NA,0
505,merinov_gosl,Gulf of Saint Lawrence,BB,NA,BB-NA-2012-7-22,2012,7,22,48.5163,-69.274,Ascophyllum nodosum,Random,NA,NA,NA,NA,0
506,merinov_gosl,Gulf of Saint Lawrence,BB,NA,BB-NA-2012-7-22,2012,7,22,48.5163,-69.274,Fucus distichus subsp. edentatus,Random,NA,NA,NA,NA,0
507,merinov_gosl,Gulf of Saint Lawrence,BB,NA,BB-NA-2012-7-22,2012,7,22,48.5163,-69.274,Fucus distichus subsp. evanescens,Random,NA,NA,NA,NA,0
508,merinov_gosl,Gulf of Saint Lawrence,BB,NA,BB-NA-2012-7-22,2012,7,22,48.5163,-69.274,Fucus vesiculosus,Random,NA,NA,NA,NA,0
509,merinov_gosl,Gulf of Saint Lawrence,BB,NA,BB-NA-2012-7-22,2012,7,22,48.5163,-69.2733,Ascophyllum nodosum,Random,NA,NA,NA,NA,0
510,merinov_gosl,Gulf of Saint Lawrence,BB,NA,BB-NA-2012-7-22,2012,7,22,48.5163,-69.2733,Fucus distichus subsp. edentatus,Random,NA,NA,NA,NA,0
511,merinov_gosl,Gulf of Saint Lawrence,BB,NA,BB-NA-2012-7-22,2012,7,22,48.5163,-69.2733,Fucus distichus subsp. evanescens,Random,NA,NA,NA,NA,0
512,merinov_gosl,Gulf of Saint Lawrence,BB,NA,BB-NA-2012-7-22,2012,7,22,48.5163,-69.2733,Fucus vesiculosus,Random,NA,NA,NA,NA,0
513,merinov_gosl,Gulf of Saint Lawrence,BB,NA,BB-NA-2012-7-22,2012,7,22,48.5163,-69.2727,Ascophyllum nodosum,Random,NA,NA,NA,NA,0
514,merinov_gosl,Gulf of Saint Lawrence,BB,NA,BB-NA-2012-7-22,2012,7,22,48.5163,-69.2727,Fucus distichus subsp. edentatus,Random,NA,NA,NA,NA,0
515,merinov_gosl,Gulf of Saint Lawrence,BB,NA,BB-NA-2012-7-22,2012,7,22,48.5163,-69.2727,Fucus distichus subsp. evanescens,Random,NA,NA,NA,NA,0
516,merinov_gosl,Gulf of Saint Lawrence,BB,NA,BB-NA-2012-7-22,2012,7,22,48.5163,-69.2727,Fucus vesiculosus,Random,NA,NA,NA,NA,0
517,merinov_gosl,Gulf of Saint Lawrence,BB,NA,BB-NA-2012-7-22,2012,7,22,48.5163,-69.272,Ascophyllum nodosum,Random,NA,NA,NA,NA,0
518,merinov_gosl,Gulf of Saint Lawrence,BB,NA,BB-NA-2012-7-22,2012,7,22,48.5163,-69.272,Fucus distichus subsp. edentatus,Random,NA,NA,NA,NA,0
519,merinov_gosl,Gulf of Saint Lawrence,BB,NA,BB-NA-2012-7-22,2012,7,22,48.5163,-69.272,Fucus distichus subsp. evanescens,Random,NA,NA,NA,NA,0
520,merinov_gosl,Gulf of Saint Lawrence,BB,NA,BB-NA-2012-7-22,2012,7,22,48.5163,-69.272,Fucus vesiculosus,Random,NA,NA,NA,NA,0
521,merinov_gosl,Gulf of Saint Lawrence,BB,NA,BB-NA-2012-7-22,2012,7,22,48.5163,-69.2713,Ascophyllum nodosum,Random,NA,NA,NA,NA,0
522,merinov_gosl,Gulf of Saint Lawrence,BB,NA,BB-NA-2012-7-22,2012,7,22,48.5163,-69.2713,Fucus distichus subsp. edentatus,Random,NA,NA,NA,NA,0
523,merinov_gosl,Gulf of Saint Lawrence,BB,NA,BB-NA-2012-7-22,2012,7,22,48.5163,-69.2713,Fucus distichus subsp. evanescens,Random,NA,NA,2,2,0.02
524,merinov_gosl,Gulf of Saint Lawrence,BB,NA,BB-NA-2012-7-22,2012,7,22,48.5163,-69.2713,Fucus vesiculosus,Random,NA,NA,NA,NA,0
525,merinov_gosl,Gulf of Saint Lawrence,BB,NA,BB-NA-2012-7-22,2012,7,22,48.5163,-69.2707,Ascophyllum nodosum,Random,NA,NA,NA,NA,0
526,merinov_gosl,Gulf of Saint Lawrence,BB,NA,BB-NA-2012-7-22,2012,7,22,48.5163,-69.2707,Fucus distichus subsp. edentatus,Random,NA,NA,NA,NA,0
527,merinov_gosl,Gulf of Saint Lawrence,BB,NA,BB-NA-2012-7-22,2012,7,22,48.5163,-69.2707,Fucus distichus subsp. evanescens,Random,NA,NA,1,1,0.04
528,merinov_gosl,Gulf of Saint Lawrence,BB,NA,BB-NA-2012-7-22,2012,7,22,48.5163,-69.2707,Fucus vesiculosus,Random,NA,NA,28,28,1.23
529,merinov_gosl,Gulf of Saint Lawrence,BB,NA,BB-NA-2012-7-22,2012,7,22,48.5163,-69.27,Ascophyllum nodosum,Random,NA,NA,6,6,0.01
530,merinov_gosl,Gulf of Saint Lawrence,BB,NA,BB-NA-2012-7-22,2012,7,22,48.5163,-69.27,Fucus distichus subsp. edentatus,Random,NA,NA,NA,NA,0
531,merinov_gosl,Gulf of Saint Lawrence,BB,NA,BB-NA-2012-7-22,2012,7,22,48.5163,-69.27,Fucus distichus subsp. evanescens,Random,NA,NA,NA,NA,0
532,merinov_gosl,Gulf of Saint Lawrence,BB,NA,BB-NA-2012-7-22,2012,7,22,48.5163,-69.27,Fucus vesiculosus,Random,NA,NA,NA,NA,0
533,merinov_gosl,Gulf of Saint Lawrence,BB,NA,BB-NA-2012-7-22,2012,7,22,48.5163,-69.2693,Ascophyllum nodosum,Random,NA,NA,NA,NA,0
534,merinov_gosl,Gulf of Saint Lawrence,BB,NA,BB-NA-2012-7-22,2012,7,22,48.5163,-69.2693,Fucus distichus subsp. edentatus,Random,NA,NA,NA,NA,0
535,merinov_gosl,Gulf of Saint Lawrence,BB,NA,BB-NA-2012-7-22,2012,7,22,48.5163,-69.2693,Fucus distichus subsp. evanescens,Random,NA,NA,NA,NA,0
536,merinov_gosl,Gulf of Saint Lawrence,BB,NA,BB-NA-2012-7-22,2012,7,22,48.5163,-69.2693,Fucus vesiculosus,Random,NA,NA,NA,NA,0
537,merinov_gosl,Gulf of Saint Lawrence,BB,NA,BB-NA-2012-7-22,2012,7,22,48.5163,-69.2687,Ascophyllum nodosum,Random,NA,NA,1,1,0.03
538,merinov_gosl,Gulf of Saint Lawrence,BB,NA,BB-NA-2012-7-22,2012,7,22,48.5163,-69.2687,Fucus distichus subsp. edentatus,Random,NA,NA,NA,NA,0
539,merinov_gosl,Gulf of Saint Lawrence,BB,NA,BB-NA-2012-7-22,2012,7,22,48.5163,-69.2687,Fucus distichus subsp. evanescens,Random,NA,NA,3,3,0.02
540,merinov_gosl,Gulf of Saint Lawrence,BB,NA,BB-NA-2012-7-22,2012,7,22,48.5163,-69.2687,Fucus vesiculosus,Random,NA,NA,NA,NA,0
541,merinov_gosl,Gulf of Saint Lawrence,BB,NA,BB-NA-2012-7-22,2012,7,22,48.5163,-69.268,Ascophyllum nodosum,Random,NA,NA,NA,NA,0
542,merinov_gosl,Gulf of Saint Lawrence,BB,NA,BB-NA-2012-7-22,2012,7,22,48.5163,-69.268,Fucus distichus subsp. edentatus,Random,NA,NA,NA,NA,0
543,merinov_gosl,Gulf of Saint Lawrence,BB,NA,BB-NA-2012-7-22,2012,7,22,48.5163,-69.268,Fucus distichus subsp. evanescens,Random,NA,NA,NA,NA,0
544,merinov_gosl,Gulf of Saint Lawrence,BB,NA,BB-NA-2012-7-22,2012,7,22,48.5163,-69.268,Fucus vesiculosus,Random,NA,NA,NA,NA,0
545,merinov_gosl,Gulf of Saint Lawrence,BB,NA,BB-NA-2012-7-22,2012,7,22,48.5163,-69.2673,Ascophyllum nodosum,Random,NA,NA,NA,NA,0
546,merinov_gosl,Gulf of Saint Lawrence,BB,NA,BB-NA-2012-7-22,2012,7,22,48.5163,-69.2673,Fucus distichus subsp. edentatus,Random,NA,NA,NA,NA,0
547,merinov_gosl,Gulf of Saint Lawrence,BB,NA,BB-NA-2012-7-22,2012,7,22,48.5163,-69.2673,Fucus distichus subsp. evanescens,Random,NA,NA,5,5,0.12
548,merinov_gosl,Gulf of Saint Lawrence,BB,NA,BB-NA-2012-7-22,2012,7,22,48.5163,-69.2673,Fucus vesiculosus,Random,NA,NA,NA,NA,0
549,merinov_gosl,Gulf of Saint Lawrence,BB,NA,BB-NA-2012-7-22,2012,7,22,48.5163,-69.2667,Ascophyllum nodosum,Random,NA,NA,NA,NA,0
550,merinov_gosl,Gulf of Saint Lawrence,BB,NA,BB-NA-2012-7-22,2012,7,22,48.5163,-69.2667,Fucus distichus subsp. edentatus,Random,NA,NA,NA,NA,0
551,merinov_gosl,Gulf of Saint Lawrence,BB,NA,BB-NA-2012-7-22,2012,7,22,48.5163,-69.2667,Fucus distichus subsp. evanescens,Random,NA,NA,NA,NA,0
552,merinov_gosl,Gulf of Saint Lawrence,BB,NA,BB-NA-2012-7-22,2012,7,22,48.5163,-69.2667,Fucus vesiculosus,Random,NA,NA,NA,NA,0
553,merinov_gosl,Gulf of Saint Lawrence,BB,NA,BB-NA-2012-7-22,2012,7,22,48.5163,-69.266,Ascophyllum nodosum,Random,NA,NA,NA,NA,0
554,merinov_gosl,Gulf of Saint Lawrence,BB,NA,BB-NA-2012-7-22,2012,7,22,48.5163,-69.266,Fucus distichus subsp. edentatus,Random,NA,NA,NA,NA,0
555,merinov_gosl,Gulf of Saint Lawrence,BB,NA,BB-NA-2012-7-22,2012,7,22,48.5163,-69.266,Fucus distichus subsp. evanescens,Random,NA,NA,NA,NA,0
556,merinov_gosl,Gulf of Saint Lawrence,BB,NA,BB-NA-2012-7-22,2012,7,22,48.5163,-69.266,Fucus vesiculosus,Random,NA,NA,NA,NA,0
557,merinov_gosl,Gulf of Saint Lawrence,BB,NA,BB-NA-2012-7-22,2012,7,22,48.5163,-69.2653,Ascophyllum nodosum,Random,NA,NA,NA,NA,0
558,merinov_gosl,Gulf of Saint Lawrence,BB,NA,BB-NA-2012-7-22,2012,7,22,48.5163,-69.2653,Fucus distichus subsp. edentatus,Random,NA,NA,NA,NA,0
559,merinov_gosl,Gulf of Saint Lawrence,BB,NA,BB-NA-2012-7-22,2012,7,22,48.5163,-69.2653,Fucus distichus subsp. evanescens,Random,NA,NA,NA,NA,0
560,merinov_gosl,Gulf of Saint Lawrence,BB,NA,BB-NA-2012-7-22,2012,7,22,48.5163,-69.2653,Fucus vesiculosus,Random,NA,NA,NA,NA,0
561,merinov_gosl,Gulf of Saint Lawrence,BB,NA,BB-NA-2012-7-22,2012,7,22,48.5163,-69.2647,Ascophyllum nodosum,Random,NA,NA,NA,NA,0
562,merinov_gosl,Gulf of Saint Lawrence,BB,NA,BB-NA-2012-7-22,2012,7,22,48.5163,-69.2647,Fucus distichus subsp. edentatus,Random,NA,NA,NA,NA,0
563,merinov_gosl,Gulf of Saint Lawrence,BB,NA,BB-NA-2012-7-22,2012,7,22,48.5163,-69.2647,Fucus distichus subsp. evanescens,Random,NA,NA,1,1,0.01
564,merinov_gosl,Gulf of Saint Lawrence,BB,NA,BB-NA-2012-7-22,2012,7,22,48.5163,-69.2647,Fucus vesiculosus,Random,NA,NA,NA,NA,0
565,merinov_gosl,Gulf of Saint Lawrence,BB,NA,BB-NA-2012-7-22,2012,7,22,48.5163,-69.264,Ascophyllum nodosum,Random,NA,NA,NA,NA,0
566,merinov_gosl,Gulf of Saint Lawrence,BB,NA,BB-NA-2012-7-22,2012,7,22,48.5163,-69.264,Fucus distichus subsp. edentatus,Random,NA,NA,NA,NA,0
567,merinov_gosl,Gulf of Saint Lawrence,BB,NA,BB-NA-2012-7-22,2012,7,22,48.5163,-69.264,Fucus distichus subsp. evanescens,Random,NA,NA,NA,NA,0
568,merinov_gosl,Gulf of Saint Lawrence,BB,NA,BB-NA-2012-7-22,2012,7,22,48.5163,-69.264,Fucus vesiculosus,Random,NA,NA,NA,NA,0
569,merinov_gosl,Gulf of Saint Lawrence,BB,NA,BB-NA-2012-7-22,2012,7,22,48.5163,-69.2633,Ascophyllum nodosum,Random,NA,NA,NA,NA,0
570,merinov_gosl,Gulf of Saint Lawrence,BB,NA,BB-NA-2012-7-22,2012,7,22,48.5163,-69.2633,Fucus distichus subsp. edentatus,Random,NA,NA,NA,NA,0
571,merinov_gosl,Gulf of Saint Lawrence,BB,NA,BB-NA-2012-7-22,2012,7,22,48.5163,-69.2633,Fucus distichus subsp. evanescens,Random,NA,NA,NA,NA,0
572,merinov_gosl,Gulf of Saint Lawrence,BB,NA,BB-NA-2012-7-22,2012,7,22,48.5163,-69.2633,Fucus vesiculosus,Random,NA,NA,NA,NA,0
573,merinov_gosl,Gulf of Saint Lawrence,BB,NA,BB-NA-2012-7-22,2012,7,22,48.5163,-69.2627,Ascophyllum nodosum,Random,NA,NA,NA,NA,0
574,merinov_gosl,Gulf of Saint Lawrence,BB,NA,BB-NA-2012-7-22,2012,7,22,48.5163,-69.2627,Fucus distichus subsp. edentatus,Random,NA,NA,NA,NA,0
575,merinov_gosl,Gulf of Saint Lawrence,BB,NA,BB-NA-2012-7-22,2012,7,22,48.5163,-69.2627,Fucus distichus subsp. evanescens,Random,NA,NA,NA,NA,0
576,merinov_gosl,Gulf of Saint Lawrence,BB,NA,BB-NA-2012-7-22,2012,7,22,48.5163,-69.2627,Fucus vesiculosus,Random,NA,NA,NA,NA,0
577,merinov_gosl,Gulf of Saint Lawrence,BB,NA,BB-NA-2012-7-22,2012,7,22,48.5163,-69.262,Ascophyllum nodosum,Random,NA,NA,NA,NA,0
578,merinov_gosl,Gulf of Saint Lawrence,BB,NA,BB-NA-2012-7-22,2012,7,22,48.5163,-69.262,Fucus distichus subsp. edentatus,Random,NA,NA,NA,NA,0
579,merinov_gosl,Gulf of Saint Lawrence,BB,NA,BB-NA-2012-7-22,2012,7,22,48.5163,-69.262,Fucus distichus subsp. evanescens,Random,NA,NA,NA,NA,0
580,merinov_gosl,Gulf of Saint Lawrence,BB,NA,BB-NA-2012-7-22,2012,7,22,48.5163,-69.262,Fucus vesiculosus,Random,NA,NA,NA,NA,0
581,merinov_gosl,Gulf of Saint Lawrence,BB,NA,BB-NA-2012-7-22,2012,7,22,48.5163,-69.2613,Ascophyllum nodosum,Random,NA,NA,6,6,0.47
582,merinov_gosl,Gulf of Saint Lawrence,BB,NA,BB-NA-2012-7-22,2012,7,22,48.5163,-69.2613,Fucus distichus subsp. edentatus,Random,NA,NA,NA,NA,0
583,merinov_gosl,Gulf of Saint Lawrence,BB,NA,BB-NA-2012-7-22,2012,7,22,48.5163,-69.2613,Fucus distichus subsp. evanescens,Random,NA,NA,22,22,0.97
584,merinov_gosl,Gulf of Saint Lawrence,BB,NA,BB-NA-2012-7-22,2012,7,22,48.5163,-69.2613,Fucus vesiculosus,Random,NA,NA,NA,NA,0
585,merinov_gosl,Gulf of Saint Lawrence,BB,NA,BB-NA-2012-7-22,2012,7,22,48.5163,-69.2607,Ascophyllum nodosum,Random,NA,NA,NA,NA,0
586,merinov_gosl,Gulf of Saint Lawrence,BB,NA,BB-NA-2012-7-22,2012,7,22,48.5163,-69.2607,Fucus distichus subsp. edentatus,Random,NA,NA,NA,NA,0
587,merinov_gosl,Gulf of Saint Lawrence,BB,NA,BB-NA-2012-7-22,2012,7,22,48.5163,-69.2607,Fucus distichus subsp. evanescens,Random,NA,NA,NA,NA,0
588,merinov_gosl,Gulf of Saint Lawrence,BB,NA,BB-NA-2012-7-22,2012,7,22,48.5163,-69.2607,Fucus vesiculosus,Random,NA,NA,NA,NA,0
589,merinov_gosl,Gulf of Saint Lawrence,BB,NA,BB-NA-2012-7-22,2012,7,22,48.5163,-69.26,Ascophyllum nodosum,Random,NA,NA,NA,NA,0
590,merinov_gosl,Gulf of Saint Lawrence,BB,NA,BB-NA-2012-7-22,2012,7,22,48.5163,-69.26,Fucus distichus subsp. edentatus,Random,NA,NA,NA,NA,0
591,merinov_gosl,Gulf of Saint Lawrence,BB,NA,BB-NA-2012-7-22,2012,7,22,48.5163,-69.26,Fucus distichus subsp. evanescens,Random,NA,NA,NA,NA,0
592,merinov_gosl,Gulf of Saint Lawrence,BB,NA,BB-NA-2012-7-22,2012,7,22,48.5163,-69.26,Fucus vesiculosus,Random,NA,NA,NA,NA,0
593,merinov_gosl,Gulf of Saint Lawrence,BB,NA,BB-NA-2012-7-22,2012,7,22,48.5163,-69.2593,Ascophyllum nodosum,Random,NA,NA,NA,NA,0
594,merinov_gosl,Gulf of Saint Lawrence,BB,NA,BB-NA-2012-7-22,2012,7,22,48.5163,-69.2593,Fucus distichus subsp. edentatus,Random,NA,NA,NA,NA,0
595,merinov_gosl,Gulf of Saint Lawrence,BB,NA,BB-NA-2012-7-22,2012,7,22,48.5163,-69.2593,Fucus distichus subsp. evanescens,Random,NA,NA,NA,NA,0
596,merinov_gosl,Gulf of Saint Lawrence,BB,NA,BB-NA-2012-7-22,2012,7,22,48.5163,-69.2593,Fucus vesiculosus,Random,NA,NA,NA,NA,0
597,merinov_gosl,Gulf of Saint Lawrence,BB,NA,BB-NA-2012-7-22,2012,7,22,48.5163,-69.2587,Ascophyllum nodosum,Random,NA,NA,NA,NA,0
598,merinov_gosl,Gulf of Saint Lawrence,BB,NA,BB-NA-2012-7-22,2012,7,22,48.5163,-69.2587,Fucus distichus subsp. edentatus,Random,NA,NA,NA,NA,0
599,merinov_gosl,Gulf of Saint Lawrence,BB,NA,BB-NA-2012-7-22,2012,7,22,48.5163,-69.2587,Fucus distichus subsp. evanescens,Random,NA,NA,NA,NA,0
600,merinov_gosl,Gulf of Saint Lawrence,BB,NA,BB-NA-2012-7-22,2012,7,22,48.5163,-69.2587,Fucus vesiculosus,Random,NA,NA,NA,NA,0
601,merinov_gosl,Gulf of Saint Lawrence,BB,NA,BB-NA-2012-7-22,2012,7,22,48.5163,-69.258,Ascophyllum nodosum,Random,NA,NA,NA,NA,0
602,merinov_gosl,Gulf of Saint Lawrence,BB,NA,BB-NA-2012-7-22,2012,7,22,48.5163,-69.258,Fucus distichus subsp. edentatus,Random,NA,NA,NA,NA,0
603,merinov_gosl,Gulf of Saint Lawrence,BB,NA,BB-NA-2012-7-22,2012,7,22,48.5163,-69.258,Fucus distichus subsp. evanescens,Random,NA,NA,NA,NA,0
604,merinov_gosl,Gulf of Saint Lawrence,BB,NA,BB-NA-2012-7-22,2012,7,22,48.5163,-69.258,Fucus vesiculosus,Random,NA,NA,NA,NA,0
605,merinov_gosl,Gulf of Saint Lawrence,BB,NA,BB-NA-2012-7-22,2012,7,22,48.5163,-69.2573,Ascophyllum nodosum,Random,NA,NA,NA,NA,0
606,merinov_gosl,Gulf of Saint Lawrence,BB,NA,BB-NA-2012-7-22,2012,7,22,48.5163,-69.2573,Fucus distichus subsp. edentatus,Random,NA,NA,NA,NA,0
607,merinov_gosl,Gulf of Saint Lawrence,BB,NA,BB-NA-2012-7-22,2012,7,22,48.5163,-69.2573,Fucus distichus subsp. evanescens,Random,NA,NA,NA,NA,0
608,merinov_gosl,Gulf of Saint Lawrence,BB,NA,BB-NA-2012-7-22,2012,7,22,48.5163,-69.2573,Fucus vesiculosus,Random,NA,NA,NA,NA,0
609,merinov_gosl,Gulf of Saint Lawrence,BB,NA,BB-NA-2012-7-22,2012,7,22,48.5163,-69.2567,Ascophyllum nodosum,Random,NA,NA,NA,NA,0
610,merinov_gosl,Gulf of Saint Lawrence,BB,NA,BB-NA-2012-7-22,2012,7,22,48.5163,-69.2567,Fucus distichus subsp. edentatus,Random,NA,NA,NA,NA,0
611,merinov_gosl,Gulf of Saint Lawrence,BB,NA,BB-NA-2012-7-22,2012,7,22,48.5163,-69.2567,Fucus distichus subsp. evanescens,Random,NA,NA,NA,NA,0
612,merinov_gosl,Gulf of Saint Lawrence,BB,NA,BB-NA-2012-7-22,2012,7,22,48.5163,-69.2567,Fucus vesiculosus,Random,NA,NA,NA,NA,0
613,merinov_gosl,Gulf of Saint Lawrence,BB,NA,BB-NA-2012-7-22,2012,7,22,48.5163,-69.256,Ascophyllum nodosum,Random,NA,NA,NA,NA,0
614,merinov_gosl,Gulf of Saint Lawrence,BB,NA,BB-NA-2012-7-22,2012,7,22,48.5163,-69.256,Fucus distichus subsp. edentatus,Random,NA,NA,NA,NA,0
615,merinov_gosl,Gulf of Saint Lawrence,BB,NA,BB-NA-2012-7-22,2012,7,22,48.5163,-69.256,Fucus distichus subsp. evanescens,Random,NA,NA,1,1,0.13
616,merinov_gosl,Gulf of Saint Lawrence,BB,NA,BB-NA-2012-7-22,2012,7,22,48.5163,-69.256,Fucus vesiculosus,Random,NA,NA,NA,NA,0
617,merinov_gosl,Gulf of Saint Lawrence,BB,NA,BB-NA-2012-7-22,2012,7,22,48.5163,-69.2553,Ascophyllum nodosum,Random,NA,NA,NA,NA,0
618,merinov_gosl,Gulf of Saint Lawrence,BB,NA,BB-NA-2012-7-22,2012,7,22,48.5163,-69.2553,Fucus distichus subsp. edentatus,Random,NA,NA,NA,NA,0
619,merinov_gosl,Gulf of Saint Lawrence,BB,NA,BB-NA-2012-7-22,2012,7,22,48.5163,-69.2553,Fucus distichus subsp. evanescens,Random,NA,NA,NA,NA,0
620,merinov_gosl,Gulf of Saint Lawrence,BB,NA,BB-NA-2012-7-22,2012,7,22,48.5163,-69.2553,Fucus vesiculosus,Random,NA,NA,NA,NA,0
621,merinov_gosl,Gulf of Saint Lawrence,BB,NA,BB-NA-2012-7-23,2012,7,23,48.5208,-69.2687,Ascophyllum nodosum,Random,NA,NA,NA,NA,0
622,merinov_gosl,Gulf of Saint Lawrence,BB,NA,BB-NA-2012-7-23,2012,7,23,48.5208,-69.2687,Fucus distichus subsp. edentatus,Random,NA,NA,NA,NA,0
623,merinov_gosl,Gulf of Saint Lawrence,BB,NA,BB-NA-2012-7-23,2012,7,23,48.5208,-69.2687,Fucus distichus subsp. evanescens,Random,NA,NA,NA,NA,0
624,merinov_gosl,Gulf of Saint Lawrence,BB,NA,BB-NA-2012-7-23,2012,7,23,48.5208,-69.2687,Fucus vesiculosus,Random,NA,NA,NA,NA,0
625,merinov_gosl,Gulf of Saint Lawrence,BB,NA,BB-NA-2012-7-23,2012,7,23,48.5208,-69.2681,Ascophyllum nodosum,Random,NA,NA,NA,NA,0
626,merinov_gosl,Gulf of Saint Lawrence,BB,NA,BB-NA-2012-7-23,2012,7,23,48.5208,-69.2681,Fucus distichus subsp. edentatus,Random,NA,NA,NA,NA,0
627,merinov_gosl,Gulf of Saint Lawrence,BB,NA,BB-NA-2012-7-23,2012,7,23,48.5208,-69.2681,Fucus distichus subsp. evanescens,Random,NA,NA,NA,NA,0
628,merinov_gosl,Gulf of Saint Lawrence,BB,NA,BB-NA-2012-7-23,2012,7,23,48.5208,-69.2681,Fucus vesiculosus,Random,NA,NA,NA,NA,0
629,merinov_gosl,Gulf of Saint Lawrence,BB,NA,BB-NA-2012-7-23,2012,7,23,48.5208,-69.2674,Ascophyllum nodosum,Random,NA,NA,NA,NA,0
630,merinov_gosl,Gulf of Saint Lawrence,BB,NA,BB-NA-2012-7-23,2012,7,23,48.5208,-69.2674,Fucus distichus subsp. edentatus,Random,NA,NA,NA,NA,0
631,merinov_gosl,Gulf of Saint Lawrence,BB,NA,BB-NA-2012-7-23,2012,7,23,48.5208,-69.2674,Fucus distichus subsp. evanescens,Random,NA,NA,NA,NA,0
632,merinov_gosl,Gulf of Saint Lawrence,BB,NA,BB-NA-2012-7-23,2012,7,23,48.5208,-69.2674,Fucus vesiculosus,Random,NA,NA,NA,NA,0
633,merinov_gosl,Gulf of Saint Lawrence,BB,NA,BB-NA-2012-7-23,2012,7,23,48.5208,-69.2667,Ascophyllum nodosum,Random,NA,NA,NA,NA,0
634,merinov_gosl,Gulf of Saint Lawrence,BB,NA,BB-NA-2012-7-23,2012,7,23,48.5208,-69.2667,Fucus distichus subsp. edentatus,Random,NA,NA,NA,NA,0
635,merinov_gosl,Gulf of Saint Lawrence,BB,NA,BB-NA-2012-7-23,2012,7,23,48.5208,-69.2667,Fucus distichus subsp. evanescens,Random,NA,NA,NA,NA,0
636,merinov_gosl,Gulf of Saint Lawrence,BB,NA,BB-NA-2012-7-23,2012,7,23,48.5208,-69.2667,Fucus vesiculosus,Random,NA,NA,NA,NA,0
637,merinov_gosl,Gulf of Saint Lawrence,BB,NA,BB-NA-2012-7-23,2012,7,23,48.5208,-69.2661,Ascophyllum nodosum,Random,NA,NA,NA,NA,0
638,merinov_gosl,Gulf of Saint Lawrence,BB,NA,BB-NA-2012-7-23,2012,7,23,48.5208,-69.2661,Fucus distichus subsp. edentatus,Random,NA,NA,NA,NA,0
639,merinov_gosl,Gulf of Saint Lawrence,BB,NA,BB-NA-2012-7-23,2012,7,23,48.5208,-69.2661,Fucus distichus subsp. evanescens,Random,NA,NA,NA,NA,0
640,merinov_gosl,Gulf of Saint Lawrence,BB,NA,BB-NA-2012-7-23,2012,7,23,48.5208,-69.2661,Fucus vesiculosus,Random,NA,NA,5,5,0.44
641,merinov_gosl,Gulf of Saint Lawrence,BB,NA,BB-NA-2012-7-23,2012,7,23,48.5208,-69.2654,Ascophyllum nodosum,Random,NA,NA,NA,NA,0
642,merinov_gosl,Gulf of Saint Lawrence,BB,NA,BB-NA-2012-7-23,2012,7,23,48.5208,-69.2654,Fucus distichus subsp. edentatus,Random,NA,NA,NA,NA,0
643,merinov_gosl,Gulf of Saint Lawrence,BB,NA,BB-NA-2012-7-23,2012,7,23,48.5208,-69.2654,Fucus distichus subsp. evanescens,Random,NA,NA,NA,NA,0
644,merinov_gosl,Gulf of Saint Lawrence,BB,NA,BB-NA-2012-7-23,2012,7,23,48.5208,-69.2654,Fucus vesiculosus,Random,NA,NA,NA,NA,0
645,merinov_gosl,Gulf of Saint Lawrence,BB,NA,BB-NA-2012-7-23,2012,7,23,48.5208,-69.2647,Ascophyllum nodosum,Random,NA,NA,1,1,0.02
646,merinov_gosl,Gulf of Saint Lawrence,BB,NA,BB-NA-2012-7-23,2012,7,23,48.5208,-69.2647,Fucus distichus subsp. edentatus,Random,NA,NA,NA,NA,0
647,merinov_gosl,Gulf of Saint Lawrence,BB,NA,BB-NA-2012-7-23,2012,7,23,48.5208,-69.2647,Fucus distichus subsp. evanescens,Random,NA,NA,3,3,0.14
648,merinov_gosl,Gulf of Saint Lawrence,BB,NA,BB-NA-2012-7-23,2012,7,23,48.5208,-69.2647,Fucus vesiculosus,Random,NA,NA,7,7,1.35
649,merinov_gosl,Gulf of Saint Lawrence,BB,NA,BB-NA-2012-7-23,2012,7,23,48.5208,-69.2641,Ascophyllum nodosum,Random,NA,NA,NA,NA,0
650,merinov_gosl,Gulf of Saint Lawrence,BB,NA,BB-NA-2012-7-23,2012,7,23,48.5208,-69.2641,Fucus distichus subsp. edentatus,Random,NA,NA,NA,NA,0
651,merinov_gosl,Gulf of Saint Lawrence,BB,NA,BB-NA-2012-7-23,2012,7,23,48.5208,-69.2641,Fucus distichus subsp. evanescens,Random,NA,NA,NA,NA,0
652,merinov_gosl,Gulf of Saint Lawrence,BB,NA,BB-NA-2012-7-23,2012,7,23,48.5208,-69.2641,Fucus vesiculosus,Random,NA,NA,NA,NA,0
653,merinov_gosl,Gulf of Saint Lawrence,BB,NA,BB-NA-2012-7-23,2012,7,23,48.5208,-69.2634,Ascophyllum nodosum,Random,NA,NA,NA,NA,0
654,merinov_gosl,Gulf of Saint Lawrence,BB,NA,BB-NA-2012-7-23,2012,7,23,48.5208,-69.2634,Fucus distichus subsp. edentatus,Random,NA,NA,NA,NA,0
655,merinov_gosl,Gulf of Saint Lawrence,BB,NA,BB-NA-2012-7-23,2012,7,23,48.5208,-69.2634,Fucus distichus subsp. evanescens,Random,NA,NA,NA,NA,0
656,merinov_gosl,Gulf of Saint Lawrence,BB,NA,BB-NA-2012-7-23,2012,7,23,48.5208,-69.2634,Fucus vesiculosus,Random,NA,NA,NA,NA,0
657,merinov_gosl,Gulf of Saint Lawrence,BB,NA,BB-NA-2012-7-23,2012,7,23,48.5208,-69.2627,Ascophyllum nodosum,Random,NA,NA,NA,NA,0
658,merinov_gosl,Gulf of Saint Lawrence,BB,NA,BB-NA-2012-7-23,2012,7,23,48.5208,-69.2627,Fucus distichus subsp. edentatus,Random,NA,NA,NA,NA,0
659,merinov_gosl,Gulf of Saint Lawrence,BB,NA,BB-NA-2012-7-23,2012,7,23,48.5208,-69.2627,Fucus distichus subsp. evanescens,Random,NA,NA,NA,NA,0
660,merinov_gosl,Gulf of Saint Lawrence,BB,NA,BB-NA-2012-7-23,2012,7,23,48.5208,-69.2627,Fucus vesiculosus,Random,NA,NA,NA,NA,0
661,merinov_gosl,Gulf of Saint Lawrence,BB,NA,BB-NA-2012-7-23,2012,7,23,48.5208,-69.2621,Ascophyllum nodosum,Random,NA,NA,NA,NA,0
662,merinov_gosl,Gulf of Saint Lawrence,BB,NA,BB-NA-2012-7-23,2012,7,23,48.5208,-69.2621,Fucus distichus subsp. edentatus,Random,NA,NA,NA,NA,0
663,merinov_gosl,Gulf of Saint Lawrence,BB,NA,BB-NA-2012-7-23,2012,7,23,48.5208,-69.2621,Fucus distichus subsp. evanescens,Random,NA,NA,NA,NA,0
664,merinov_gosl,Gulf of Saint Lawrence,BB,NA,BB-NA-2012-7-23,2012,7,23,48.5208,-69.2621,Fucus vesiculosus,Random,NA,NA,NA,NA,0
665,merinov_gosl,Gulf of Saint Lawrence,BB,NA,BB-NA-2012-7-23,2012,7,23,48.5208,-69.2614,Ascophyllum nodosum,Random,NA,NA,NA,NA,0
666,merinov_gosl,Gulf of Saint Lawrence,BB,NA,BB-NA-2012-7-23,2012,7,23,48.5208,-69.2614,Fucus distichus subsp. edentatus,Random,NA,NA,NA,NA,0
667,merinov_gosl,Gulf of Saint Lawrence,BB,NA,BB-NA-2012-7-23,2012,7,23,48.5208,-69.2614,Fucus distichus subsp. evanescens,Random,NA,NA,NA,NA,0
668,merinov_gosl,Gulf of Saint Lawrence,BB,NA,BB-NA-2012-7-23,2012,7,23,48.5208,-69.2614,Fucus vesiculosus,Random,NA,NA,NA,NA,0
669,merinov_gosl,Gulf of Saint Lawrence,BB,NA,BB-NA-2012-7-23,2012,7,23,48.5208,-69.2607,Ascophyllum nodosum,Random,NA,NA,NA,NA,0
670,merinov_gosl,Gulf of Saint Lawrence,BB,NA,BB-NA-2012-7-23,2012,7,23,48.5208,-69.2607,Fucus distichus subsp. edentatus,Random,NA,NA,NA,NA,0
671,merinov_gosl,Gulf of Saint Lawrence,BB,NA,BB-NA-2012-7-23,2012,7,23,48.5208,-69.2607,Fucus distichus subsp. evanescens,Random,NA,NA,NA,NA,0
672,merinov_gosl,Gulf of Saint Lawrence,BB,NA,BB-NA-2012-7-23,2012,7,23,48.5208,-69.2607,Fucus vesiculosus,Random,NA,NA,NA,NA,0
673,merinov_gosl,Gulf of Saint Lawrence,BB,NA,BB-NA-2012-7-23,2012,7,23,48.5208,-69.2601,Ascophyllum nodosum,Random,NA,NA,NA,NA,0
674,merinov_gosl,Gulf of Saint Lawrence,BB,NA,BB-NA-2012-7-23,2012,7,23,48.5208,-69.2601,Fucus distichus subsp. edentatus,Random,NA,NA,NA,NA,0
675,merinov_gosl,Gulf of Saint Lawrence,BB,NA,BB-NA-2012-7-23,2012,7,23,48.5208,-69.2601,Fucus distichus subsp. evanescens,Random,NA,NA,NA,NA,0
676,merinov_gosl,Gulf of Saint Lawrence,BB,NA,BB-NA-2012-7-23,2012,7,23,48.5208,-69.2601,Fucus vesiculosus,Random,NA,NA,NA,NA,0
677,merinov_gosl,Gulf of Saint Lawrence,BB,NA,BB-NA-2012-7-23,2012,7,23,48.5208,-69.2594,Ascophyllum nodosum,Random,NA,NA,NA,NA,0
678,merinov_gosl,Gulf of Saint Lawrence,BB,NA,BB-NA-2012-7-23,2012,7,23,48.5208,-69.2594,Fucus distichus subsp. edentatus,Random,NA,NA,NA,NA,0
679,merinov_gosl,Gulf of Saint Lawrence,BB,NA,BB-NA-2012-7-23,2012,7,23,48.5208,-69.2594,Fucus distichus subsp. evanescens,Random,NA,NA,NA,NA,0
680,merinov_gosl,Gulf of Saint Lawrence,BB,NA,BB-NA-2012-7-23,2012,7,23,48.5208,-69.2594,Fucus vesiculosus,Random,NA,NA,NA,NA,0
681,merinov_gosl,Gulf of Saint Lawrence,BB,NA,BB-NA-2012-7-23,2012,7,23,48.5208,-69.2587,Ascophyllum nodosum,Random,NA,NA,NA,NA,0
682,merinov_gosl,Gulf of Saint Lawrence,BB,NA,BB-NA-2012-7-23,2012,7,23,48.5208,-69.2587,Fucus distichus subsp. edentatus,Random,NA,NA,NA,NA,0
683,merinov_gosl,Gulf of Saint Lawrence,BB,NA,BB-NA-2012-7-23,2012,7,23,48.5208,-69.2587,Fucus distichus subsp. evanescens,Random,NA,NA,NA,NA,0
684,merinov_gosl,Gulf of Saint Lawrence,BB,NA,BB-NA-2012-7-23,2012,7,23,48.5208,-69.2587,Fucus vesiculosus,Random,NA,NA,NA,NA,0
685,merinov_gosl,Gulf of Saint Lawrence,BB,NA,BB-NA-2012-7-23,2012,7,23,48.5208,-69.2581,Ascophyllum nodosum,Random,NA,NA,NA,NA,0
686,merinov_gosl,Gulf of Saint Lawrence,BB,NA,BB-NA-2012-7-23,2012,7,23,48.5208,-69.2581,Fucus distichus subsp. edentatus,Random,NA,NA,NA,NA,0
687,merinov_gosl,Gulf of Saint Lawrence,BB,NA,BB-NA-2012-7-23,2012,7,23,48.5208,-69.2581,Fucus distichus subsp. evanescens,Random,NA,NA,NA,NA,0
688,merinov_gosl,Gulf of Saint Lawrence,BB,NA,BB-NA-2012-7-23,2012,7,23,48.5208,-69.2581,Fucus vesiculosus,Random,NA,NA,NA,NA,0
689,merinov_gosl,Gulf of Saint Lawrence,BB,NA,BB-NA-2012-7-23,2012,7,23,48.5208,-69.2574,Ascophyllum nodosum,Random,NA,NA,20,20,7.88
690,merinov_gosl,Gulf of Saint Lawrence,BB,NA,BB-NA-2012-7-23,2012,7,23,48.5208,-69.2574,Fucus distichus subsp. edentatus,Random,NA,NA,NA,NA,0
691,merinov_gosl,Gulf of Saint Lawrence,BB,NA,BB-NA-2012-7-23,2012,7,23,48.5208,-69.2574,Fucus distichus subsp. evanescens,Random,NA,NA,8,8,0.79
692,merinov_gosl,Gulf of Saint Lawrence,BB,NA,BB-NA-2012-7-23,2012,7,23,48.5208,-69.2574,Fucus vesiculosus,Random,NA,NA,NA,NA,0
693,merinov_gosl,Gulf of Saint Lawrence,BB,NA,BB-NA-2012-7-23,2012,7,23,48.5208,-69.2567,Ascophyllum nodosum,Random,NA,NA,NA,NA,0
694,merinov_gosl,Gulf of Saint Lawrence,BB,NA,BB-NA-2012-7-23,2012,7,23,48.5208,-69.2567,Fucus distichus subsp. edentatus,Random,NA,NA,NA,NA,0
695,merinov_gosl,Gulf of Saint Lawrence,BB,NA,BB-NA-2012-7-23,2012,7,23,48.5208,-69.2567,Fucus distichus subsp. evanescens,Random,NA,NA,NA,NA,0
696,merinov_gosl,Gulf of Saint Lawrence,BB,NA,BB-NA-2012-7-23,2012,7,23,48.5208,-69.2567,Fucus vesiculosus,Random,NA,NA,NA,NA,0
697,merinov_gosl,Gulf of Saint Lawrence,BB,NA,BB-NA-2012-7-23,2012,7,23,48.5208,-69.2561,Ascophyllum nodosum,Random,NA,NA,NA,NA,0
698,merinov_gosl,Gulf of Saint Lawrence,BB,NA,BB-NA-2012-7-23,2012,7,23,48.5208,-69.2561,Fucus distichus subsp. edentatus,Random,NA,NA,NA,NA,0
699,merinov_gosl,Gulf of Saint Lawrence,BB,NA,BB-NA-2012-7-23,2012,7,23,48.5208,-69.2561,Fucus distichus subsp. evanescens,Random,NA,NA,NA,NA,0
700,merinov_gosl,Gulf of Saint Lawrence,BB,NA,BB-NA-2012-7-23,2012,7,23,48.5208,-69.2561,Fucus vesiculosus,Random,NA,NA,NA,NA,0
701,merinov_gosl,Gulf of Saint Lawrence,BB,NA,BB-NA-2012-7-23,2012,7,23,48.5208,-69.2554,Ascophyllum nodosum,Random,NA,NA,NA,NA,0
702,merinov_gosl,Gulf of Saint Lawrence,BB,NA,BB-NA-2012-7-23,2012,7,23,48.5208,-69.2554,Fucus distichus subsp. edentatus,Random,NA,NA,NA,NA,0
703,merinov_gosl,Gulf of Saint Lawrence,BB,NA,BB-NA-2012-7-23,2012,7,23,48.5208,-69.2554,Fucus distichus subsp. evanescens,Random,NA,NA,NA,NA,0
704,merinov_gosl,Gulf of Saint Lawrence,BB,NA,BB-NA-2012-7-23,2012,7,23,48.5208,-69.2554,Fucus vesiculosus,Random,NA,NA,NA,NA,0
705,merinov_gosl,Gulf of Saint Lawrence,BB,NA,BB-NA-2012-7-23,2012,7,23,48.5208,-69.2547,Ascophyllum nodosum,Random,NA,NA,15,15,3.17
706,merinov_gosl,Gulf of Saint Lawrence,BB,NA,BB-NA-2012-7-23,2012,7,23,48.5208,-69.2547,Fucus distichus subsp. edentatus,Random,NA,NA,NA,NA,0
707,merinov_gosl,Gulf of Saint Lawrence,BB,NA,BB-NA-2012-7-23,2012,7,23,48.5208,-69.2547,Fucus distichus subsp. evanescens,Random,NA,NA,6,6,0.25
708,merinov_gosl,Gulf of Saint Lawrence,BB,NA,BB-NA-2012-7-23,2012,7,23,48.5208,-69.2547,Fucus vesiculosus,Random,NA,NA,NA,NA,0
709,merinov_gosl,Gulf of Saint Lawrence,BB,NA,BB-NA-2012-7-23,2012,7,23,48.5208,-69.2541,Ascophyllum nodosum,Random,NA,NA,NA,NA,0
710,merinov_gosl,Gulf of Saint Lawrence,BB,NA,BB-NA-2012-7-23,2012,7,23,48.5208,-69.2541,Fucus distichus subsp. edentatus,Random,NA,NA,NA,NA,0
711,merinov_gosl,Gulf of Saint Lawrence,BB,NA,BB-NA-2012-7-23,2012,7,23,48.5208,-69.2541,Fucus distichus subsp. evanescens,Random,NA,NA,NA,NA,0
712,merinov_gosl,Gulf of Saint Lawrence,BB,NA,BB-NA-2012-7-23,2012,7,23,48.5208,-69.2541,Fucus vesiculosus,Random,NA,NA,NA,NA,0
713,merinov_gosl,Gulf of Saint Lawrence,BB,NA,BB-NA-2012-7-23,2012,7,23,48.5208,-69.2534,Ascophyllum nodosum,Random,NA,NA,NA,NA,0
714,merinov_gosl,Gulf of Saint Lawrence,BB,NA,BB-NA-2012-7-23,2012,7,23,48.5208,-69.2534,Fucus distichus subsp. edentatus,Random,NA,NA,NA,NA,0
715,merinov_gosl,Gulf of Saint Lawrence,BB,NA,BB-NA-2012-7-23,2012,7,23,48.5208,-69.2534,Fucus distichus subsp. evanescens,Random,NA,NA,NA,NA,0
716,merinov_gosl,Gulf of Saint Lawrence,BB,NA,BB-NA-2012-7-23,2012,7,23,48.5208,-69.2534,Fucus vesiculosus,Random,NA,NA,NA,NA,0
717,merinov_gosl,Gulf of Saint Lawrence,BB,NA,BB-NA-2012-7-23,2012,7,23,48.5208,-69.2527,Ascophyllum nodosum,Random,NA,NA,NA,NA,0
718,merinov_gosl,Gulf of Saint Lawrence,BB,NA,BB-NA-2012-7-23,2012,7,23,48.5208,-69.2527,Fucus distichus subsp. edentatus,Random,NA,NA,NA,NA,0
719,merinov_gosl,Gulf of Saint Lawrence,BB,NA,BB-NA-2012-7-23,2012,7,23,48.5208,-69.2527,Fucus distichus subsp. evanescens,Random,NA,NA,NA,NA,0
720,merinov_gosl,Gulf of Saint Lawrence,BB,NA,BB-NA-2012-7-23,2012,7,23,48.5208,-69.2527,Fucus vesiculosus,Random,NA,NA,NA,NA,0
721,merinov_gosl,Gulf of Saint Lawrence,BB,NA,BB-NA-2012-7-23,2012,7,23,48.5208,-69.2521,Ascophyllum nodosum,Random,NA,NA,NA,NA,0
722,merinov_gosl,Gulf of Saint Lawrence,BB,NA,BB-NA-2012-7-23,2012,7,23,48.5208,-69.2521,Fucus distichus subsp. edentatus,Random,NA,NA,NA,NA,0
723,merinov_gosl,Gulf of Saint Lawrence,BB,NA,BB-NA-2012-7-23,2012,7,23,48.5208,-69.2521,Fucus distichus subsp. evanescens,Random,NA,NA,1,1,0.01
724,merinov_gosl,Gulf of Saint Lawrence,BB,NA,BB-NA-2012-7-23,2012,7,23,48.5208,-69.2521,Fucus vesiculosus,Random,NA,NA,NA,NA,0
725,merinov_gosl,Gulf of Saint Lawrence,BB,NA,BB-NA-2012-7-23,2012,7,23,48.5208,-69.2514,Ascophyllum nodosum,Random,NA,NA,NA,NA,0
726,merinov_gosl,Gulf of Saint Lawrence,BB,NA,BB-NA-2012-7-23,2012,7,23,48.5208,-69.2514,Fucus distichus subsp. edentatus,Random,NA,NA,NA,NA,0
727,merinov_gosl,Gulf of Saint Lawrence,BB,NA,BB-NA-2012-7-23,2012,7,23,48.5208,-69.2514,Fucus distichus subsp. evanescens,Random,NA,NA,NA,NA,0
728,merinov_gosl,Gulf of Saint Lawrence,BB,NA,BB-NA-2012-7-23,2012,7,23,48.5208,-69.2514,Fucus vesiculosus,Random,NA,NA,NA,NA,0
729,merinov_gosl,Gulf of Saint Lawrence,BB,NA,BB-NA-2012-7-23,2012,7,23,48.5208,-69.2507,Ascophyllum nodosum,Random,NA,NA,NA,NA,0
730,merinov_gosl,Gulf of Saint Lawrence,BB,NA,BB-NA-2012-7-23,2012,7,23,48.5208,-69.2507,Fucus distichus subsp. edentatus,Random,NA,NA,NA,NA,0
731,merinov_gosl,Gulf of Saint Lawrence,BB,NA,BB-NA-2012-7-23,2012,7,23,48.5208,-69.2507,Fucus distichus subsp. evanescens,Random,NA,NA,NA,NA,0
732,merinov_gosl,Gulf of Saint Lawrence,BB,NA,BB-NA-2012-7-23,2012,7,23,48.5208,-69.2507,Fucus vesiculosus,Random,NA,NA,NA,NA,0
733,merinov_gosl,Gulf of Saint Lawrence,BB,NA,BB-NA-2012-7-23,2012,7,23,48.5208,-69.2501,Ascophyllum nodosum,Random,NA,NA,NA,NA,0
734,merinov_gosl,Gulf of Saint Lawrence,BB,NA,BB-NA-2012-7-23,2012,7,23,48.5208,-69.2501,Fucus distichus subsp. edentatus,Random,NA,NA,NA,NA,0
735,merinov_gosl,Gulf of Saint Lawrence,BB,NA,BB-NA-2012-7-23,2012,7,23,48.5208,-69.2501,Fucus distichus subsp. evanescens,Random,NA,NA,NA,NA,0
736,merinov_gosl,Gulf of Saint Lawrence,BB,NA,BB-NA-2012-7-23,2012,7,23,48.5208,-69.2501,Fucus vesiculosus,Random,NA,NA,NA,NA,0
737,merinov_gosl,Gulf of Saint Lawrence,BB,NA,BB-NA-2012-7-23,2012,7,23,48.5208,-69.2494,Ascophyllum nodosum,Random,NA,NA,10,10,0.82
738,merinov_gosl,Gulf of Saint Lawrence,BB,NA,BB-NA-2012-7-23,2012,7,23,48.5208,-69.2494,Fucus distichus subsp. edentatus,Random,NA,NA,5,5,0.18
739,merinov_gosl,Gulf of Saint Lawrence,BB,NA,BB-NA-2012-7-23,2012,7,23,48.5208,-69.2494,Fucus distichus subsp. evanescens,Random,NA,NA,33,33,2.03
740,merinov_gosl,Gulf of Saint Lawrence,BB,NA,BB-NA-2012-7-23,2012,7,23,48.5208,-69.2494,Fucus vesiculosus,Random,NA,NA,NA,NA,0
741,merinov_gosl,Gulf of Saint Lawrence,BB,NA,BB-NA-2012-7-23,2012,7,23,48.5208,-69.2487,Ascophyllum nodosum,Random,NA,NA,NA,NA,0
742,merinov_gosl,Gulf of Saint Lawrence,BB,NA,BB-NA-2012-7-23,2012,7,23,48.5208,-69.2487,Fucus distichus subsp. edentatus,Random,NA,NA,NA,NA,0
743,merinov_gosl,Gulf of Saint Lawrence,BB,NA,BB-NA-2012-7-23,2012,7,23,48.5208,-69.2487,Fucus distichus subsp. evanescens,Random,NA,NA,NA,NA,0
744,merinov_gosl,Gulf of Saint Lawrence,BB,NA,BB-NA-2012-7-23,2012,7,23,48.5208,-69.2487,Fucus vesiculosus,Random,NA,NA,NA,NA,0
745,merinov_gosl,Gulf of Saint Lawrence,BB,NA,BB-NA-2012-7-23,2012,7,23,48.5208,-69.2481,Ascophyllum nodosum,Random,NA,NA,NA,NA,0
746,merinov_gosl,Gulf of Saint Lawrence,BB,NA,BB-NA-2012-7-23,2012,7,23,48.5208,-69.2481,Fucus distichus subsp. edentatus,Random,NA,NA,NA,NA,0
747,merinov_gosl,Gulf of Saint Lawrence,BB,NA,BB-NA-2012-7-23,2012,7,23,48.5208,-69.2481,Fucus distichus subsp. evanescens,Random,NA,NA,54,54,2.49
748,merinov_gosl,Gulf of Saint Lawrence,BB,NA,BB-NA-2012-7-23,2012,7,23,48.5208,-69.2481,Fucus vesiculosus,Random,NA,NA,NA,NA,0
749,merinov_gosl,Gulf of Saint Lawrence,BB,NA,BB-NA-2012-7-23,2012,7,23,48.5208,-69.2474,Ascophyllum nodosum,Random,NA,NA,NA,NA,0
750,merinov_gosl,Gulf of Saint Lawrence,BB,NA,BB-NA-2012-7-23,2012,7,23,48.5208,-69.2474,Fucus distichus subsp. edentatus,Random,NA,NA,NA,NA,0
751,merinov_gosl,Gulf of Saint Lawrence,BB,NA,BB-NA-2012-7-23,2012,7,23,48.5208,-69.2474,Fucus distichus subsp. evanescens,Random,NA,NA,2,2,0.02
752,merinov_gosl,Gulf of Saint Lawrence,BB,NA,BB-NA-2012-7-23,2012,7,23,48.5208,-69.2474,Fucus vesiculosus,Random,NA,NA,NA,NA,0
753,merinov_gosl,Gulf of Saint Lawrence,BB,NA,BB-NA-2012-7-23,2012,7,23,48.5208,-69.2467,Ascophyllum nodosum,Random,NA,NA,NA,NA,0
754,merinov_gosl,Gulf of Saint Lawrence,BB,NA,BB-NA-2012-7-23,2012,7,23,48.5208,-69.2467,Fucus distichus subsp. edentatus,Random,NA,NA,NA,NA,0
755,merinov_gosl,Gulf of Saint Lawrence,BB,NA,BB-NA-2012-7-23,2012,7,23,48.5208,-69.2467,Fucus distichus subsp. evanescens,Random,NA,NA,NA,NA,0
756,merinov_gosl,Gulf of Saint Lawrence,BB,NA,BB-NA-2012-7-23,2012,7,23,48.5208,-69.2467,Fucus vesiculosus,Random,NA,NA,NA,NA,0
757,merinov_gosl,Gulf of Saint Lawrence,BB,NA,BB-NA-2012-7-23,2012,7,23,48.5208,-69.2461,Ascophyllum nodosum,Random,NA,NA,NA,NA,0
758,merinov_gosl,Gulf of Saint Lawrence,BB,NA,BB-NA-2012-7-23,2012,7,23,48.5208,-69.2461,Fucus distichus subsp. edentatus,Random,NA,NA,NA,NA,0
759,merinov_gosl,Gulf of Saint Lawrence,BB,NA,BB-NA-2012-7-23,2012,7,23,48.5208,-69.2461,Fucus distichus subsp. evanescens,Random,NA,NA,NA,NA,0
760,merinov_gosl,Gulf of Saint Lawrence,BB,NA,BB-NA-2012-7-23,2012,7,23,48.5208,-69.2461,Fucus vesiculosus,Random,NA,NA,NA,NA,0
761,merinov_gosl,Gulf of Saint Lawrence,BB,NA,BB-NA-2012-7-23,2012,7,23,48.5208,-69.2454,Ascophyllum nodosum,Random,NA,NA,NA,NA,0
762,merinov_gosl,Gulf of Saint Lawrence,BB,NA,BB-NA-2012-7-23,2012,7,23,48.5208,-69.2454,Fucus distichus subsp. edentatus,Random,NA,NA,NA,NA,0
763,merinov_gosl,Gulf of Saint Lawrence,BB,NA,BB-NA-2012-7-23,2012,7,23,48.5208,-69.2454,Fucus distichus subsp. evanescens,Random,NA,NA,NA,NA,0
764,merinov_gosl,Gulf of Saint Lawrence,BB,NA,BB-NA-2012-7-23,2012,7,23,48.5208,-69.2454,Fucus vesiculosus,Random,NA,NA,NA,NA,0
765,merinov_gosl,Gulf of Saint Lawrence,BB,NA,BB-NA-2012-7-23,2012,7,23,48.5208,-69.2447,Ascophyllum nodosum,Random,NA,NA,NA,NA,0
766,merinov_gosl,Gulf of Saint Lawrence,BB,NA,BB-NA-2012-7-23,2012,7,23,48.5208,-69.2447,Fucus distichus subsp. edentatus,Random,NA,NA,NA,NA,0
767,merinov_gosl,Gulf of Saint Lawrence,BB,NA,BB-NA-2012-7-23,2012,7,23,48.5208,-69.2447,Fucus distichus subsp. evanescens,Random,NA,NA,1,1,0.01
768,merinov_gosl,Gulf of Saint Lawrence,BB,NA,BB-NA-2012-7-23,2012,7,23,48.5208,-69.2447,Fucus vesiculosus,Random,NA,NA,NA,NA,0
769,merinov_gosl,Gulf of Saint Lawrence,BB,NA,BB-NA-2012-7-23,2012,7,23,48.5208,-69.2441,Ascophyllum nodosum,Random,NA,NA,NA,NA,0
770,merinov_gosl,Gulf of Saint Lawrence,BB,NA,BB-NA-2012-7-23,2012,7,23,48.5208,-69.2441,Fucus distichus subsp. edentatus,Random,NA,NA,NA,NA,0
771,merinov_gosl,Gulf of Saint Lawrence,BB,NA,BB-NA-2012-7-23,2012,7,23,48.5208,-69.2441,Fucus distichus subsp. evanescens,Random,NA,NA,NA,NA,0
772,merinov_gosl,Gulf of Saint Lawrence,BB,NA,BB-NA-2012-7-23,2012,7,23,48.5208,-69.2441,Fucus vesiculosus,Random,NA,NA,NA,NA,0
773,merinov_gosl,Gulf of Saint Lawrence,BB,NA,BB-NA-2012-7-23,2012,7,23,48.5208,-69.2434,Ascophyllum nodosum,Random,NA,NA,NA,NA,0
774,merinov_gosl,Gulf of Saint Lawrence,BB,NA,BB-NA-2012-7-23,2012,7,23,48.5208,-69.2434,Fucus distichus subsp. edentatus,Random,NA,NA,NA,NA,0
775,merinov_gosl,Gulf of Saint Lawrence,BB,NA,BB-NA-2012-7-23,2012,7,23,48.5208,-69.2434,Fucus distichus subsp. evanescens,Random,NA,NA,NA,NA,0
776,merinov_gosl,Gulf of Saint Lawrence,BB,NA,BB-NA-2012-7-23,2012,7,23,48.5208,-69.2434,Fucus vesiculosus,Random,NA,NA,NA,NA,0
777,merinov_gosl,Gulf of Saint Lawrence,BB,NA,BB-NA-2012-7-23,2012,7,23,48.5208,-69.2427,Ascophyllum nodosum,Random,NA,NA,NA,NA,0
778,merinov_gosl,Gulf of Saint Lawrence,BB,NA,BB-NA-2012-7-23,2012,7,23,48.5208,-69.2427,Fucus distichus subsp. edentatus,Random,NA,NA,NA,NA,0
779,merinov_gosl,Gulf of Saint Lawrence,BB,NA,BB-NA-2012-7-23,2012,7,23,48.5208,-69.2427,Fucus distichus subsp. evanescens,Random,NA,NA,NA,NA,0
780,merinov_gosl,Gulf of Saint Lawrence,BB,NA,BB-NA-2012-7-23,2012,7,23,48.5208,-69.2427,Fucus vesiculosus,Random,NA,NA,NA,NA,0
781,merinov_gosl,Gulf of Saint Lawrence,BB,NA,BB-NA-2012-7-23,2012,7,23,48.5208,-69.2421,Ascophyllum nodosum,Random,NA,NA,NA,NA,0
782,merinov_gosl,Gulf of Saint Lawrence,BB,NA,BB-NA-2012-7-23,2012,7,23,48.5208,-69.2421,Fucus distichus subsp. edentatus,Random,NA,NA,NA,NA,0
783,merinov_gosl,Gulf of Saint Lawrence,BB,NA,BB-NA-2012-7-23,2012,7,23,48.5208,-69.2421,Fucus distichus subsp. evanescens,Random,NA,NA,NA,NA,0
784,merinov_gosl,Gulf of Saint Lawrence,BB,NA,BB-NA-2012-7-23,2012,7,23,48.5208,-69.2421,Fucus vesiculosus,Random,NA,NA,NA,NA,0
785,merinov_gosl,Gulf of Saint Lawrence,BB,NA,BB-NA-2012-7-23,2012,7,23,48.5208,-69.2414,Ascophyllum nodosum,Random,NA,NA,NA,NA,0
786,merinov_gosl,Gulf of Saint Lawrence,BB,NA,BB-NA-2012-7-23,2012,7,23,48.5208,-69.2414,Fucus distichus subsp. edentatus,Random,NA,NA,NA,NA,0
787,merinov_gosl,Gulf of Saint Lawrence,BB,NA,BB-NA-2012-7-23,2012,7,23,48.5208,-69.2414,Fucus distichus subsp. evanescens,Random,NA,NA,NA,NA,0
788,merinov_gosl,Gulf of Saint Lawrence,BB,NA,BB-NA-2012-7-23,2012,7,23,48.5208,-69.2414,Fucus vesiculosus,Random,NA,NA,NA,NA,0
789,merinov_gosl,Gulf of Saint Lawrence,BB,NA,BB-NA-2012-7-23,2012,7,23,48.5208,-69.2407,Ascophyllum nodosum,Random,NA,NA,NA,NA,0
790,merinov_gosl,Gulf of Saint Lawrence,BB,NA,BB-NA-2012-7-23,2012,7,23,48.5208,-69.2407,Fucus distichus subsp. edentatus,Random,NA,NA,28,28,1.82
791,merinov_gosl,Gulf of Saint Lawrence,BB,NA,BB-NA-2012-7-23,2012,7,23,48.5208,-69.2407,Fucus distichus subsp. evanescens,Random,NA,NA,28,28,1.33
792,merinov_gosl,Gulf of Saint Lawrence,BB,NA,BB-NA-2012-7-23,2012,7,23,48.5208,-69.2407,Fucus vesiculosus,Random,NA,NA,NA,NA,0
793,merinov_gosl,Gulf of Saint Lawrence,BB,NA,BB-NA-2012-7-23,2012,7,23,48.5208,-69.2401,Ascophyllum nodosum,Random,NA,NA,NA,NA,0
794,merinov_gosl,Gulf of Saint Lawrence,BB,NA,BB-NA-2012-7-23,2012,7,23,48.5208,-69.2401,Fucus distichus subsp. edentatus,Random,NA,NA,NA,NA,0
795,merinov_gosl,Gulf of Saint Lawrence,BB,NA,BB-NA-2012-7-23,2012,7,23,48.5208,-69.2401,Fucus distichus subsp. evanescens,Random,NA,NA,NA,NA,0
796,merinov_gosl,Gulf of Saint Lawrence,BB,NA,BB-NA-2012-7-23,2012,7,23,48.5208,-69.2401,Fucus vesiculosus,Random,NA,NA,NA,NA,0
797,merinov_gosl,Gulf of Saint Lawrence,BB,NA,BB-NA-2012-7-23,2012,7,23,48.5208,-69.2394,Ascophyllum nodosum,Random,NA,NA,NA,NA,0
798,merinov_gosl,Gulf of Saint Lawrence,BB,NA,BB-NA-2012-7-23,2012,7,23,48.5208,-69.2394,Fucus distichus subsp. edentatus,Random,NA,NA,NA,NA,0
799,merinov_gosl,Gulf of Saint Lawrence,BB,NA,BB-NA-2012-7-23,2012,7,23,48.5208,-69.2394,Fucus distichus subsp. evanescens,Random,NA,NA,6,6,0.55
800,merinov_gosl,Gulf of Saint Lawrence,BB,NA,BB-NA-2012-7-23,2012,7,23,48.5208,-69.2394,Fucus vesiculosus,Random,NA,NA,NA,NA,0
801,merinov_gosl,Gulf of Saint Lawrence,BB,NA,BB-NA-2012-7-23,2012,7,23,48.5208,-69.2387,Ascophyllum nodosum,Random,NA,NA,NA,NA,0
802,merinov_gosl,Gulf of Saint Lawrence,BB,NA,BB-NA-2012-7-23,2012,7,23,48.5208,-69.2387,Fucus distichus subsp. edentatus,Random,NA,NA,NA,NA,0
803,merinov_gosl,Gulf of Saint Lawrence,BB,NA,BB-NA-2012-7-23,2012,7,23,48.5208,-69.2387,Fucus distichus subsp. evanescens,Random,NA,NA,NA,NA,0
804,merinov_gosl,Gulf of Saint Lawrence,BB,NA,BB-NA-2012-7-23,2012,7,23,48.5208,-69.2387,Fucus vesiculosus,Random,NA,NA,NA,NA,0
805,merinov_gosl,Gulf of Saint Lawrence,BB,NA,BB-NA-2012-7-23,2012,7,23,48.5208,-69.2381,Ascophyllum nodosum,Random,NA,NA,NA,NA,0
806,merinov_gosl,Gulf of Saint Lawrence,BB,NA,BB-NA-2012-7-23,2012,7,23,48.5208,-69.2381,Fucus distichus subsp. edentatus,Random,NA,NA,NA,NA,0
807,merinov_gosl,Gulf of Saint Lawrence,BB,NA,BB-NA-2012-7-23,2012,7,23,48.5208,-69.2381,Fucus distichus subsp. evanescens,Random,NA,NA,13,13,0.66
808,merinov_gosl,Gulf of Saint Lawrence,BB,NA,BB-NA-2012-7-23,2012,7,23,48.5208,-69.2381,Fucus vesiculosus,Random,NA,NA,NA,NA,0
809,merinov_gosl,Gulf of Saint Lawrence,BB,NA,BB-NA-2012-7-23,2012,7,23,48.5208,-69.2374,Ascophyllum nodosum,Random,NA,NA,NA,NA,0
810,merinov_gosl,Gulf of Saint Lawrence,BB,NA,BB-NA-2012-7-23,2012,7,23,48.5208,-69.2374,Fucus distichus subsp. edentatus,Random,NA,NA,NA,NA,0
811,merinov_gosl,Gulf of Saint Lawrence,BB,NA,BB-NA-2012-7-23,2012,7,23,48.5208,-69.2374,Fucus distichus subsp. evanescens,Random,NA,NA,NA,NA,0
812,merinov_gosl,Gulf of Saint Lawrence,BB,NA,BB-NA-2012-7-23,2012,7,23,48.5208,-69.2374,Fucus vesiculosus,Random,NA,NA,NA,NA,0
813,merinov_gosl,Gulf of Saint Lawrence,BB,NA,BB-NA-2012-7-23,2012,7,23,48.5208,-69.2367,Ascophyllum nodosum,Random,NA,NA,NA,NA,0
814,merinov_gosl,Gulf of Saint Lawrence,BB,NA,BB-NA-2012-7-23,2012,7,23,48.5208,-69.2367,Fucus distichus subsp. edentatus,Random,NA,NA,NA,NA,0
815,merinov_gosl,Gulf of Saint Lawrence,BB,NA,BB-NA-2012-7-23,2012,7,23,48.5208,-69.2367,Fucus distichus subsp. evanescens,Random,NA,NA,NA,NA,0
816,merinov_gosl,Gulf of Saint Lawrence,BB,NA,BB-NA-2012-7-23,2012,7,23,48.5208,-69.2367,Fucus vesiculosus,Random,NA,NA,NA,NA,0
817,merinov_gosl,Gulf of Saint Lawrence,BB,NA,BB-NA-2012-7-23,2012,7,23,48.5208,-69.2361,Ascophyllum nodosum,Random,NA,NA,NA,NA,0
818,merinov_gosl,Gulf of Saint Lawrence,BB,NA,BB-NA-2012-7-23,2012,7,23,48.5208,-69.2361,Fucus distichus subsp. edentatus,Random,NA,NA,NA,NA,0
819,merinov_gosl,Gulf of Saint Lawrence,BB,NA,BB-NA-2012-7-23,2012,7,23,48.5208,-69.2361,Fucus distichus subsp. evanescens,Random,NA,NA,NA,NA,0
820,merinov_gosl,Gulf of Saint Lawrence,BB,NA,BB-NA-2012-7-23,2012,7,23,48.5208,-69.2361,Fucus vesiculosus,Random,NA,NA,NA,NA,0
821,merinov_gosl,Gulf of Saint Lawrence,BB,NA,BB-NA-2012-7-23,2012,7,23,48.5208,-69.2354,Ascophyllum nodosum,Random,NA,NA,NA,NA,0
822,merinov_gosl,Gulf of Saint Lawrence,BB,NA,BB-NA-2012-7-23,2012,7,23,48.5208,-69.2354,Fucus distichus subsp. edentatus,Random,NA,NA,NA,NA,0
823,merinov_gosl,Gulf of Saint Lawrence,BB,NA,BB-NA-2012-7-23,2012,7,23,48.5208,-69.2354,Fucus distichus subsp. evanescens,Random,NA,NA,NA,NA,0
824,merinov_gosl,Gulf of Saint Lawrence,BB,NA,BB-NA-2012-7-23,2012,7,23,48.5208,-69.2354,Fucus vesiculosus,Random,NA,NA,NA,NA,0
825,merinov_gosl,Gulf of Saint Lawrence,BB,NA,BB-NA-2012-7-23,2012,7,23,48.5208,-69.2347,Ascophyllum nodosum,Random,NA,NA,NA,NA,0
826,merinov_gosl,Gulf of Saint Lawrence,BB,NA,BB-NA-2012-7-23,2012,7,23,48.5208,-69.2347,Fucus distichus subsp. edentatus,Random,NA,NA,NA,NA,0
827,merinov_gosl,Gulf of Saint Lawrence,BB,NA,BB-NA-2012-7-23,2012,7,23,48.5208,-69.2347,Fucus distichus subsp. evanescens,Random,NA,NA,NA,NA,0
828,merinov_gosl,Gulf of Saint Lawrence,BB,NA,BB-NA-2012-7-23,2012,7,23,48.5208,-69.2347,Fucus vesiculosus,Random,NA,NA,NA,NA,0
829,merinov_gosl,Gulf of Saint Lawrence,BB,NA,BB-NA-2012-7-23,2012,7,23,48.5208,-69.2341,Ascophyllum nodosum,Random,NA,NA,NA,NA,0
830,merinov_gosl,Gulf of Saint Lawrence,BB,NA,BB-NA-2012-7-23,2012,7,23,48.5208,-69.2341,Fucus distichus subsp. edentatus,Random,NA,NA,NA,NA,0
831,merinov_gosl,Gulf of Saint Lawrence,BB,NA,BB-NA-2012-7-23,2012,7,23,48.5208,-69.2341,Fucus distichus subsp. evanescens,Random,NA,NA,6,6,0.4
832,merinov_gosl,Gulf of Saint Lawrence,BB,NA,BB-NA-2012-7-23,2012,7,23,48.5208,-69.2341,Fucus vesiculosus,Random,NA,NA,NA,NA,0
833,merinov_gosl,Gulf of Saint Lawrence,BB,NA,BB-NA-2012-7-23,2012,7,23,48.5208,-69.2334,Ascophyllum nodosum,Random,NA,NA,NA,NA,0
834,merinov_gosl,Gulf of Saint Lawrence,BB,NA,BB-NA-2012-7-23,2012,7,23,48.5208,-69.2334,Fucus distichus subsp. edentatus,Random,NA,NA,NA,NA,0
835,merinov_gosl,Gulf of Saint Lawrence,BB,NA,BB-NA-2012-7-23,2012,7,23,48.5208,-69.2334,Fucus distichus subsp. evanescens,Random,NA,NA,NA,NA,0
836,merinov_gosl,Gulf of Saint Lawrence,BB,NA,BB-NA-2012-7-23,2012,7,23,48.5208,-69.2334,Fucus vesiculosus,Random,NA,NA,NA,NA,0
837,merinov_gosl,Gulf of Saint Lawrence,BB,NA,BB-NA-2012-7-23,2012,7,23,48.5208,-69.2327,Ascophyllum nodosum,Random,NA,NA,NA,NA,0
838,merinov_gosl,Gulf of Saint Lawrence,BB,NA,BB-NA-2012-7-23,2012,7,23,48.5208,-69.2327,Fucus distichus subsp. edentatus,Random,NA,NA,NA,NA,0
839,merinov_gosl,Gulf of Saint Lawrence,BB,NA,BB-NA-2012-7-23,2012,7,23,48.5208,-69.2327,Fucus distichus subsp. evanescens,Random,NA,NA,5,5,0.15
840,merinov_gosl,Gulf of Saint Lawrence,BB,NA,BB-NA-2012-7-23,2012,7,23,48.5208,-69.2327,Fucus vesiculosus,Random,NA,NA,NA,NA,0
841,merinov_gosl,Gulf of Saint Lawrence,BB,NA,BB-NA-2012-7-23,2012,7,23,48.5208,-69.2321,Ascophyllum nodosum,Random,NA,NA,NA,NA,0
842,merinov_gosl,Gulf of Saint Lawrence,BB,NA,BB-NA-2012-7-23,2012,7,23,48.5208,-69.2321,Fucus distichus subsp. edentatus,Random,NA,NA,NA,NA,0
843,merinov_gosl,Gulf of Saint Lawrence,BB,NA,BB-NA-2012-7-23,2012,7,23,48.5208,-69.2321,Fucus distichus subsp. evanescens,Random,NA,NA,NA,NA,0
844,merinov_gosl,Gulf of Saint Lawrence,BB,NA,BB-NA-2012-7-23,2012,7,23,48.5208,-69.2321,Fucus vesiculosus,Random,NA,NA,NA,NA,0
845,merinov_gosl,Gulf of Saint Lawrence,BB,NA,BB-NA-2012-7-23,2012,7,23,48.5208,-69.2314,Ascophyllum nodosum,Random,NA,NA,NA,NA,0
846,merinov_gosl,Gulf of Saint Lawrence,BB,NA,BB-NA-2012-7-23,2012,7,23,48.5208,-69.2314,Fucus distichus subsp. edentatus,Random,NA,NA,NA,NA,0
847,merinov_gosl,Gulf of Saint Lawrence,BB,NA,BB-NA-2012-7-23,2012,7,23,48.5208,-69.2314,Fucus distichus subsp. evanescens,Random,NA,NA,1,1,0.01
848,merinov_gosl,Gulf of Saint Lawrence,BB,NA,BB-NA-2012-7-23,2012,7,23,48.5208,-69.2314,Fucus vesiculosus,Random,NA,NA,NA,NA,0
849,merinov_gosl,Gulf of Saint Lawrence,BB,NA,BB-NA-2012-7-23,2012,7,23,48.5208,-69.2307,Ascophyllum nodosum,Random,NA,NA,NA,NA,0
850,merinov_gosl,Gulf of Saint Lawrence,BB,NA,BB-NA-2012-7-23,2012,7,23,48.5208,-69.2307,Fucus distichus subsp. edentatus,Random,NA,NA,NA,NA,0
851,merinov_gosl,Gulf of Saint Lawrence,BB,NA,BB-NA-2012-7-23,2012,7,23,48.5208,-69.2307,Fucus distichus subsp. evanescens,Random,NA,NA,NA,NA,0
852,merinov_gosl,Gulf of Saint Lawrence,BB,NA,BB-NA-2012-7-23,2012,7,23,48.5208,-69.2307,Fucus vesiculosus,Random,NA,NA,NA,NA,0
853,merinov_gosl,Gulf of Saint Lawrence,BB,NA,BB-NA-2012-7-23,2012,7,23,48.5208,-69.2301,Ascophyllum nodosum,Random,NA,NA,NA,NA,0
854,merinov_gosl,Gulf of Saint Lawrence,BB,NA,BB-NA-2012-7-23,2012,7,23,48.5208,-69.2301,Fucus distichus subsp. edentatus,Random,NA,NA,NA,NA,0
855,merinov_gosl,Gulf of Saint Lawrence,BB,NA,BB-NA-2012-7-23,2012,7,23,48.5208,-69.2301,Fucus distichus subsp. evanescens,Random,NA,NA,NA,NA,0
856,merinov_gosl,Gulf of Saint Lawrence,BB,NA,BB-NA-2012-7-23,2012,7,23,48.5208,-69.2301,Fucus vesiculosus,Random,NA,NA,NA,NA,0
857,merinov_gosl,Gulf of Saint Lawrence,BB,NA,BB-NA-2012-7-24,2012,7,24,48.5253,-69.2634,Ascophyllum nodosum,Random,NA,NA,NA,NA,0
858,merinov_gosl,Gulf of Saint Lawrence,BB,NA,BB-NA-2012-7-24,2012,7,24,48.5253,-69.2634,Fucus distichus subsp. edentatus,Random,NA,NA,NA,NA,0
859,merinov_gosl,Gulf of Saint Lawrence,BB,NA,BB-NA-2012-7-24,2012,7,24,48.5253,-69.2634,Fucus distichus subsp. evanescens,Random,NA,NA,NA,NA,0
860,merinov_gosl,Gulf of Saint Lawrence,BB,NA,BB-NA-2012-7-24,2012,7,24,48.5253,-69.2634,Fucus vesiculosus,Random,NA,NA,NA,NA,0
861,merinov_gosl,Gulf of Saint Lawrence,BB,NA,BB-NA-2012-7-24,2012,7,24,48.5253,-69.2627,Ascophyllum nodosum,Random,NA,NA,NA,NA,0
862,merinov_gosl,Gulf of Saint Lawrence,BB,NA,BB-NA-2012-7-24,2012,7,24,48.5253,-69.2627,Fucus distichus subsp. edentatus,Random,NA,NA,NA,NA,0
863,merinov_gosl,Gulf of Saint Lawrence,BB,NA,BB-NA-2012-7-24,2012,7,24,48.5253,-69.2627,Fucus distichus subsp. evanescens,Random,NA,NA,2,2,0.02
864,merinov_gosl,Gulf of Saint Lawrence,BB,NA,BB-NA-2012-7-24,2012,7,24,48.5253,-69.2627,Fucus vesiculosus,Random,NA,NA,NA,NA,0
865,merinov_gosl,Gulf of Saint Lawrence,BB,NA,BB-NA-2012-7-24,2012,7,24,48.5253,-69.2621,Ascophyllum nodosum,Random,NA,NA,NA,NA,0
866,merinov_gosl,Gulf of Saint Lawrence,BB,NA,BB-NA-2012-7-24,2012,7,24,48.5253,-69.2621,Fucus distichus subsp. edentatus,Random,NA,NA,NA,NA,0
867,merinov_gosl,Gulf of Saint Lawrence,BB,NA,BB-NA-2012-7-24,2012,7,24,48.5253,-69.2621,Fucus distichus subsp. evanescens,Random,NA,NA,NA,NA,0
868,merinov_gosl,Gulf of Saint Lawrence,BB,NA,BB-NA-2012-7-24,2012,7,24,48.5253,-69.2621,Fucus vesiculosus,Random,NA,NA,NA,NA,0
869,merinov_gosl,Gulf of Saint Lawrence,BB,NA,BB-NA-2012-7-24,2012,7,24,48.5253,-69.2614,Ascophyllum nodosum,Random,NA,NA,NA,NA,0
870,merinov_gosl,Gulf of Saint Lawrence,BB,NA,BB-NA-2012-7-24,2012,7,24,48.5253,-69.2614,Fucus distichus subsp. edentatus,Random,NA,NA,NA,NA,0
871,merinov_gosl,Gulf of Saint Lawrence,BB,NA,BB-NA-2012-7-24,2012,7,24,48.5253,-69.2614,Fucus distichus subsp. evanescens,Random,NA,NA,NA,NA,0
872,merinov_gosl,Gulf of Saint Lawrence,BB,NA,BB-NA-2012-7-24,2012,7,24,48.5253,-69.2614,Fucus vesiculosus,Random,NA,NA,NA,NA,0
873,merinov_gosl,Gulf of Saint Lawrence,BB,NA,BB-NA-2012-7-24,2012,7,24,48.5253,-69.2607,Ascophyllum nodosum,Random,NA,NA,NA,NA,0
874,merinov_gosl,Gulf of Saint Lawrence,BB,NA,BB-NA-2012-7-24,2012,7,24,48.5253,-69.2607,Fucus distichus subsp. edentatus,Random,NA,NA,NA,NA,0
875,merinov_gosl,Gulf of Saint Lawrence,BB,NA,BB-NA-2012-7-24,2012,7,24,48.5253,-69.2607,Fucus distichus subsp. evanescens,Random,NA,NA,NA,NA,0
876,merinov_gosl,Gulf of Saint Lawrence,BB,NA,BB-NA-2012-7-24,2012,7,24,48.5253,-69.2607,Fucus vesiculosus,Random,NA,NA,NA,NA,0
877,merinov_gosl,Gulf of Saint Lawrence,BB,NA,BB-NA-2012-7-24,2012,7,24,48.5253,-69.2601,Ascophyllum nodosum,Random,NA,NA,NA,NA,0
878,merinov_gosl,Gulf of Saint Lawrence,BB,NA,BB-NA-2012-7-24,2012,7,24,48.5253,-69.2601,Fucus distichus subsp. edentatus,Random,NA,NA,NA,NA,0
879,merinov_gosl,Gulf of Saint Lawrence,BB,NA,BB-NA-2012-7-24,2012,7,24,48.5253,-69.2601,Fucus distichus subsp. evanescens,Random,NA,NA,NA,NA,0
880,merinov_gosl,Gulf of Saint Lawrence,BB,NA,BB-NA-2012-7-24,2012,7,24,48.5253,-69.2601,Fucus vesiculosus,Random,NA,NA,NA,NA,0
881,merinov_gosl,Gulf of Saint Lawrence,BB,NA,BB-NA-2012-7-24,2012,7,24,48.5253,-69.2594,Ascophyllum nodosum,Random,NA,NA,NA,NA,0
882,merinov_gosl,Gulf of Saint Lawrence,BB,NA,BB-NA-2012-7-24,2012,7,24,48.5253,-69.2594,Fucus distichus subsp. edentatus,Random,NA,NA,NA,NA,0
883,merinov_gosl,Gulf of Saint Lawrence,BB,NA,BB-NA-2012-7-24,2012,7,24,48.5253,-69.2594,Fucus distichus subsp. evanescens,Random,NA,NA,2,2,0.01
884,merinov_gosl,Gulf of Saint Lawrence,BB,NA,BB-NA-2012-7-24,2012,7,24,48.5253,-69.2594,Fucus vesiculosus,Random,NA,NA,NA,NA,0
885,merinov_gosl,Gulf of Saint Lawrence,BB,NA,BB-NA-2012-7-24,2012,7,24,48.5253,-69.2587,Ascophyllum nodosum,Random,NA,NA,6,6,0.17
886,merinov_gosl,Gulf of Saint Lawrence,BB,NA,BB-NA-2012-7-24,2012,7,24,48.5253,-69.2587,Fucus distichus subsp. edentatus,Random,NA,NA,NA,NA,0
887,merinov_gosl,Gulf of Saint Lawrence,BB,NA,BB-NA-2012-7-24,2012,7,24,48.5253,-69.2587,Fucus distichus subsp. evanescens,Random,NA,NA,7,7,0.07
888,merinov_gosl,Gulf of Saint Lawrence,BB,NA,BB-NA-2012-7-24,2012,7,24,48.5253,-69.2587,Fucus vesiculosus,Random,NA,NA,36,36,2.18
889,merinov_gosl,Gulf of Saint Lawrence,BB,NA,BB-NA-2012-7-24,2012,7,24,48.5253,-69.2581,Ascophyllum nodosum,Random,NA,NA,NA,NA,0
890,merinov_gosl,Gulf of Saint Lawrence,BB,NA,BB-NA-2012-7-24,2012,7,24,48.5253,-69.2581,Fucus distichus subsp. edentatus,Random,NA,NA,NA,NA,0
891,merinov_gosl,Gulf of Saint Lawrence,BB,NA,BB-NA-2012-7-24,2012,7,24,48.5253,-69.2581,Fucus distichus subsp. evanescens,Random,NA,NA,NA,NA,0
892,merinov_gosl,Gulf of Saint Lawrence,BB,NA,BB-NA-2012-7-24,2012,7,24,48.5253,-69.2581,Fucus vesiculosus,Random,NA,NA,NA,NA,0
893,merinov_gosl,Gulf of Saint Lawrence,BB,NA,BB-NA-2012-7-24,2012,7,24,48.5253,-69.2574,Ascophyllum nodosum,Random,NA,NA,NA,NA,0
894,merinov_gosl,Gulf of Saint Lawrence,BB,NA,BB-NA-2012-7-24,2012,7,24,48.5253,-69.2574,Fucus distichus subsp. edentatus,Random,NA,NA,NA,NA,0
895,merinov_gosl,Gulf of Saint Lawrence,BB,NA,BB-NA-2012-7-24,2012,7,24,48.5253,-69.2574,Fucus distichus subsp. evanescens,Random,NA,NA,NA,NA,0
896,merinov_gosl,Gulf of Saint Lawrence,BB,NA,BB-NA-2012-7-24,2012,7,24,48.5253,-69.2574,Fucus vesiculosus,Random,NA,NA,NA,NA,0
897,merinov_gosl,Gulf of Saint Lawrence,BB,NA,BB-NA-2012-7-24,2012,7,24,48.5253,-69.2567,Ascophyllum nodosum,Random,NA,NA,59,59,11.17
898,merinov_gosl,Gulf of Saint Lawrence,BB,NA,BB-NA-2012-7-24,2012,7,24,48.5253,-69.2567,Fucus distichus subsp. edentatus,Random,NA,NA,NA,NA,0
899,merinov_gosl,Gulf of Saint Lawrence,BB,NA,BB-NA-2012-7-24,2012,7,24,48.5253,-69.2567,Fucus distichus subsp. evanescens,Random,NA,NA,NA,NA,0
900,merinov_gosl,Gulf of Saint Lawrence,BB,NA,BB-NA-2012-7-24,2012,7,24,48.5253,-69.2567,Fucus vesiculosus,Random,NA,NA,6,6,0.21
901,merinov_gosl,Gulf of Saint Lawrence,BB,NA,BB-NA-2012-7-24,2012,7,24,48.5253,-69.2561,Ascophyllum nodosum,Random,NA,NA,NA,NA,0
902,merinov_gosl,Gulf of Saint Lawrence,BB,NA,BB-NA-2012-7-24,2012,7,24,48.5253,-69.2561,Fucus distichus subsp. edentatus,Random,NA,NA,NA,NA,0
903,merinov_gosl,Gulf of Saint Lawrence,BB,NA,BB-NA-2012-7-24,2012,7,24,48.5253,-69.2561,Fucus distichus subsp. evanescens,Random,NA,NA,NA,NA,0
904,merinov_gosl,Gulf of Saint Lawrence,BB,NA,BB-NA-2012-7-24,2012,7,24,48.5253,-69.2561,Fucus vesiculosus,Random,NA,NA,NA,NA,0
905,merinov_gosl,Gulf of Saint Lawrence,BB,NA,BB-NA-2012-7-24,2012,7,24,48.5253,-69.2554,Ascophyllum nodosum,Random,NA,NA,NA,NA,0
906,merinov_gosl,Gulf of Saint Lawrence,BB,NA,BB-NA-2012-7-24,2012,7,24,48.5253,-69.2554,Fucus distichus subsp. edentatus,Random,NA,NA,NA,NA,0
907,merinov_gosl,Gulf of Saint Lawrence,BB,NA,BB-NA-2012-7-24,2012,7,24,48.5253,-69.2554,Fucus distichus subsp. evanescens,Random,NA,NA,1,1,0.14
908,merinov_gosl,Gulf of Saint Lawrence,BB,NA,BB-NA-2012-7-24,2012,7,24,48.5253,-69.2554,Fucus vesiculosus,Random,NA,NA,NA,NA,0
909,merinov_gosl,Gulf of Saint Lawrence,BB,NA,BB-NA-2012-7-24,2012,7,24,48.5253,-69.2547,Ascophyllum nodosum,Random,NA,NA,NA,NA,0
910,merinov_gosl,Gulf of Saint Lawrence,BB,NA,BB-NA-2012-7-24,2012,7,24,48.5253,-69.2547,Fucus distichus subsp. edentatus,Random,NA,NA,NA,NA,0
911,merinov_gosl,Gulf of Saint Lawrence,BB,NA,BB-NA-2012-7-24,2012,7,24,48.5253,-69.2547,Fucus distichus subsp. evanescens,Random,NA,NA,NA,NA,0
912,merinov_gosl,Gulf of Saint Lawrence,BB,NA,BB-NA-2012-7-24,2012,7,24,48.5253,-69.2547,Fucus vesiculosus,Random,NA,NA,NA,NA,0
913,merinov_gosl,Gulf of Saint Lawrence,BB,NA,BB-NA-2012-7-24,2012,7,24,48.5253,-69.2541,Ascophyllum nodosum,Random,NA,NA,NA,NA,0
914,merinov_gosl,Gulf of Saint Lawrence,BB,NA,BB-NA-2012-7-24,2012,7,24,48.5253,-69.2541,Fucus distichus subsp. edentatus,Random,NA,NA,NA,NA,0
915,merinov_gosl,Gulf of Saint Lawrence,BB,NA,BB-NA-2012-7-24,2012,7,24,48.5253,-69.2541,Fucus distichus subsp. evanescens,Random,NA,NA,4,4,0.08
916,merinov_gosl,Gulf of Saint Lawrence,BB,NA,BB-NA-2012-7-24,2012,7,24,48.5253,-69.2541,Fucus vesiculosus,Random,NA,NA,NA,NA,0
917,merinov_gosl,Gulf of Saint Lawrence,BB,NA,BB-NA-2012-7-24,2012,7,24,48.5253,-69.2534,Ascophyllum nodosum,Random,NA,NA,NA,NA,0
918,merinov_gosl,Gulf of Saint Lawrence,BB,NA,BB-NA-2012-7-24,2012,7,24,48.5253,-69.2534,Fucus distichus subsp. edentatus,Random,NA,NA,NA,NA,0
919,merinov_gosl,Gulf of Saint Lawrence,BB,NA,BB-NA-2012-7-24,2012,7,24,48.5253,-69.2534,Fucus distichus subsp. evanescens,Random,NA,NA,5,5,0.01
920,merinov_gosl,Gulf of Saint Lawrence,BB,NA,BB-NA-2012-7-24,2012,7,24,48.5253,-69.2534,Fucus vesiculosus,Random,NA,NA,NA,NA,0
921,merinov_gosl,Gulf of Saint Lawrence,BB,NA,BB-NA-2012-7-24,2012,7,24,48.5253,-69.2527,Ascophyllum nodosum,Random,NA,NA,NA,NA,0
922,merinov_gosl,Gulf of Saint Lawrence,BB,NA,BB-NA-2012-7-24,2012,7,24,48.5253,-69.2527,Fucus distichus subsp. edentatus,Random,NA,NA,NA,NA,0
923,merinov_gosl,Gulf of Saint Lawrence,BB,NA,BB-NA-2012-7-24,2012,7,24,48.5253,-69.2527,Fucus distichus subsp. evanescens,Random,NA,NA,NA,NA,0
924,merinov_gosl,Gulf of Saint Lawrence,BB,NA,BB-NA-2012-7-24,2012,7,24,48.5253,-69.2527,Fucus vesiculosus,Random,NA,NA,NA,NA,0
925,merinov_gosl,Gulf of Saint Lawrence,BB,NA,BB-NA-2012-7-24,2012,7,24,48.5253,-69.2521,Ascophyllum nodosum,Random,NA,NA,NA,NA,0
926,merinov_gosl,Gulf of Saint Lawrence,BB,NA,BB-NA-2012-7-24,2012,7,24,48.5253,-69.2521,Fucus distichus subsp. edentatus,Random,NA,NA,NA,NA,0
927,merinov_gosl,Gulf of Saint Lawrence,BB,NA,BB-NA-2012-7-24,2012,7,24,48.5253,-69.2521,Fucus distichus subsp. evanescens,Random,NA,NA,2,2,0.03
928,merinov_gosl,Gulf of Saint Lawrence,BB,NA,BB-NA-2012-7-24,2012,7,24,48.5253,-69.2521,Fucus vesiculosus,Random,NA,NA,NA,NA,0
929,merinov_gosl,Gulf of Saint Lawrence,BB,NA,BB-NA-2012-7-24,2012,7,24,48.5253,-69.2514,Ascophyllum nodosum,Random,NA,NA,NA,NA,0
930,merinov_gosl,Gulf of Saint Lawrence,BB,NA,BB-NA-2012-7-24,2012,7,24,48.5253,-69.2514,Fucus distichus subsp. edentatus,Random,NA,NA,NA,NA,0
931,merinov_gosl,Gulf of Saint Lawrence,BB,NA,BB-NA-2012-7-24,2012,7,24,48.5253,-69.2514,Fucus distichus subsp. evanescens,Random,NA,NA,NA,NA,0
932,merinov_gosl,Gulf of Saint Lawrence,BB,NA,BB-NA-2012-7-24,2012,7,24,48.5253,-69.2514,Fucus vesiculosus,Random,NA,NA,NA,NA,0
933,merinov_gosl,Gulf of Saint Lawrence,BB,NA,BB-NA-2012-7-24,2012,7,24,48.5253,-69.2507,Ascophyllum nodosum,Random,NA,NA,47,47,8.31
934,merinov_gosl,Gulf of Saint Lawrence,BB,NA,BB-NA-2012-7-24,2012,7,24,48.5253,-69.2507,Fucus distichus subsp. edentatus,Random,NA,NA,NA,NA,0
935,merinov_gosl,Gulf of Saint Lawrence,BB,NA,BB-NA-2012-7-24,2012,7,24,48.5253,-69.2507,Fucus distichus subsp. evanescens,Random,NA,NA,22,22,1.1
936,merinov_gosl,Gulf of Saint Lawrence,BB,NA,BB-NA-2012-7-24,2012,7,24,48.5253,-69.2507,Fucus vesiculosus,Random,NA,NA,22,22,1.43
937,merinov_gosl,Gulf of Saint Lawrence,BB,NA,BB-NA-2012-7-24,2012,7,24,48.5253,-69.2501,Ascophyllum nodosum,Random,NA,NA,NA,NA,0
938,merinov_gosl,Gulf of Saint Lawrence,BB,NA,BB-NA-2012-7-24,2012,7,24,48.5253,-69.2501,Fucus distichus subsp. edentatus,Random,NA,NA,NA,NA,0
939,merinov_gosl,Gulf of Saint Lawrence,BB,NA,BB-NA-2012-7-24,2012,7,24,48.5253,-69.2501,Fucus distichus subsp. evanescens,Random,NA,NA,NA,NA,0
940,merinov_gosl,Gulf of Saint Lawrence,BB,NA,BB-NA-2012-7-24,2012,7,24,48.5253,-69.2501,Fucus vesiculosus,Random,NA,NA,NA,NA,0
941,merinov_gosl,Gulf of Saint Lawrence,BB,NA,BB-NA-2012-7-24,2012,7,24,48.5253,-69.2494,Ascophyllum nodosum,Random,NA,NA,1,1,0.12
942,merinov_gosl,Gulf of Saint Lawrence,BB,NA,BB-NA-2012-7-24,2012,7,24,48.5253,-69.2494,Fucus distichus subsp. edentatus,Random,NA,NA,NA,NA,0
943,merinov_gosl,Gulf of Saint Lawrence,BB,NA,BB-NA-2012-7-24,2012,7,24,48.5253,-69.2494,Fucus distichus subsp. evanescens,Random,NA,NA,NA,NA,0
944,merinov_gosl,Gulf of Saint Lawrence,BB,NA,BB-NA-2012-7-24,2012,7,24,48.5253,-69.2494,Fucus vesiculosus,Random,NA,NA,NA,NA,0
945,merinov_gosl,Gulf of Saint Lawrence,BB,NA,BB-NA-2012-7-24,2012,7,24,48.5253,-69.2487,Ascophyllum nodosum,Random,NA,NA,NA,NA,0
946,merinov_gosl,Gulf of Saint Lawrence,BB,NA,BB-NA-2012-7-24,2012,7,24,48.5253,-69.2487,Fucus distichus subsp. edentatus,Random,NA,NA,NA,NA,0
947,merinov_gosl,Gulf of Saint Lawrence,BB,NA,BB-NA-2012-7-24,2012,7,24,48.5253,-69.2487,Fucus distichus subsp. evanescens,Random,NA,NA,NA,NA,0
948,merinov_gosl,Gulf of Saint Lawrence,BB,NA,BB-NA-2012-7-24,2012,7,24,48.5253,-69.2487,Fucus vesiculosus,Random,NA,NA,NA,NA,0
949,merinov_gosl,Gulf of Saint Lawrence,BB,NA,BB-NA-2012-7-24,2012,7,24,48.5253,-69.2481,Ascophyllum nodosum,Random,NA,NA,NA,NA,0
950,merinov_gosl,Gulf of Saint Lawrence,BB,NA,BB-NA-2012-7-24,2012,7,24,48.5253,-69.2481,Fucus distichus subsp. edentatus,Random,NA,NA,NA,NA,0
951,merinov_gosl,Gulf of Saint Lawrence,BB,NA,BB-NA-2012-7-24,2012,7,24,48.5253,-69.2481,Fucus distichus subsp. evanescens,Random,NA,NA,NA,NA,0
952,merinov_gosl,Gulf of Saint Lawrence,BB,NA,BB-NA-2012-7-24,2012,7,24,48.5253,-69.2481,Fucus vesiculosus,Random,NA,NA,NA,NA,0
953,merinov_gosl,Gulf of Saint Lawrence,BB,NA,BB-NA-2012-7-24,2012,7,24,48.5253,-69.2474,Ascophyllum nodosum,Random,NA,NA,NA,NA,0
954,merinov_gosl,Gulf of Saint Lawrence,BB,NA,BB-NA-2012-7-24,2012,7,24,48.5253,-69.2474,Fucus distichus subsp. edentatus,Random,NA,NA,NA,NA,0
955,merinov_gosl,Gulf of Saint Lawrence,BB,NA,BB-NA-2012-7-24,2012,7,24,48.5253,-69.2474,Fucus distichus subsp. evanescens,Random,NA,NA,1,1,0.01
956,merinov_gosl,Gulf of Saint Lawrence,BB,NA,BB-NA-2012-7-24,2012,7,24,48.5253,-69.2474,Fucus vesiculosus,Random,NA,NA,NA,NA,0
957,merinov_gosl,Gulf of Saint Lawrence,BB,NA,BB-NA-2012-7-24,2012,7,24,48.5253,-69.2467,Ascophyllum nodosum,Random,NA,NA,NA,NA,0
958,merinov_gosl,Gulf of Saint Lawrence,BB,NA,BB-NA-2012-7-24,2012,7,24,48.5253,-69.2467,Fucus distichus subsp. edentatus,Random,NA,NA,NA,NA,0
959,merinov_gosl,Gulf of Saint Lawrence,BB,NA,BB-NA-2012-7-24,2012,7,24,48.5253,-69.2467,Fucus distichus subsp. evanescens,Random,NA,NA,2,2,0.15
960,merinov_gosl,Gulf of Saint Lawrence,BB,NA,BB-NA-2012-7-24,2012,7,24,48.5253,-69.2467,Fucus vesiculosus,Random,NA,NA,NA,NA,0
961,merinov_gosl,Gulf of Saint Lawrence,BB,NA,BB-NA-2012-7-24,2012,7,24,48.5253,-69.2461,Ascophyllum nodosum,Random,NA,NA,NA,NA,0
962,merinov_gosl,Gulf of Saint Lawrence,BB,NA,BB-NA-2012-7-24,2012,7,24,48.5253,-69.2461,Fucus distichus subsp. edentatus,Random,NA,NA,NA,NA,0
963,merinov_gosl,Gulf of Saint Lawrence,BB,NA,BB-NA-2012-7-24,2012,7,24,48.5253,-69.2461,Fucus distichus subsp. evanescens,Random,NA,NA,2,2,0.3
964,merinov_gosl,Gulf of Saint Lawrence,BB,NA,BB-NA-2012-7-24,2012,7,24,48.5253,-69.2461,Fucus vesiculosus,Random,NA,NA,NA,NA,0
965,merinov_gosl,Gulf of Saint Lawrence,BB,NA,BB-NA-2012-7-24,2012,7,24,48.5253,-69.2454,Ascophyllum nodosum,Random,NA,NA,NA,NA,0
966,merinov_gosl,Gulf of Saint Lawrence,BB,NA,BB-NA-2012-7-24,2012,7,24,48.5253,-69.2454,Fucus distichus subsp. edentatus,Random,NA,NA,NA,NA,0
967,merinov_gosl,Gulf of Saint Lawrence,BB,NA,BB-NA-2012-7-24,2012,7,24,48.5253,-69.2454,Fucus distichus subsp. evanescens,Random,NA,NA,NA,NA,0
968,merinov_gosl,Gulf of Saint Lawrence,BB,NA,BB-NA-2012-7-24,2012,7,24,48.5253,-69.2454,Fucus vesiculosus,Random,NA,NA,NA,NA,0
969,merinov_gosl,Gulf of Saint Lawrence,BB,NA,BB-NA-2012-7-24,2012,7,24,48.5253,-69.2447,Ascophyllum nodosum,Random,NA,NA,NA,NA,0
970,merinov_gosl,Gulf of Saint Lawrence,BB,NA,BB-NA-2012-7-24,2012,7,24,48.5253,-69.2447,Fucus distichus subsp. edentatus,Random,NA,NA,NA,NA,0
971,merinov_gosl,Gulf of Saint Lawrence,BB,NA,BB-NA-2012-7-24,2012,7,24,48.5253,-69.2447,Fucus distichus subsp. evanescens,Random,NA,NA,5,5,0.17
972,merinov_gosl,Gulf of Saint Lawrence,BB,NA,BB-NA-2012-7-24,2012,7,24,48.5253,-69.2447,Fucus vesiculosus,Random,NA,NA,NA,NA,0
973,merinov_gosl,Gulf of Saint Lawrence,BB,NA,BB-NA-2012-7-24,2012,7,24,48.5253,-69.2441,Ascophyllum nodosum,Random,NA,NA,NA,NA,0
974,merinov_gosl,Gulf of Saint Lawrence,BB,NA,BB-NA-2012-7-24,2012,7,24,48.5253,-69.2441,Fucus distichus subsp. edentatus,Random,NA,NA,NA,NA,0
975,merinov_gosl,Gulf of Saint Lawrence,BB,NA,BB-NA-2012-7-24,2012,7,24,48.5253,-69.2441,Fucus distichus subsp. evanescens,Random,NA,NA,NA,NA,0
976,merinov_gosl,Gulf of Saint Lawrence,BB,NA,BB-NA-2012-7-24,2012,7,24,48.5253,-69.2441,Fucus vesiculosus,Random,NA,NA,NA,NA,0
977,merinov_gosl,Gulf of Saint Lawrence,BB,NA,BB-NA-2012-7-24,2012,7,24,48.5253,-69.2434,Ascophyllum nodosum,Random,NA,NA,NA,NA,0
978,merinov_gosl,Gulf of Saint Lawrence,BB,NA,BB-NA-2012-7-24,2012,7,24,48.5253,-69.2434,Fucus distichus subsp. edentatus,Random,NA,NA,NA,NA,0
979,merinov_gosl,Gulf of Saint Lawrence,BB,NA,BB-NA-2012-7-24,2012,7,24,48.5253,-69.2434,Fucus distichus subsp. evanescens,Random,NA,NA,NA,NA,0
980,merinov_gosl,Gulf of Saint Lawrence,BB,NA,BB-NA-2012-7-24,2012,7,24,48.5253,-69.2434,Fucus vesiculosus,Random,NA,NA,NA,NA,0
981,merinov_gosl,Gulf of Saint Lawrence,BB,NA,BB-NA-2012-7-24,2012,7,24,48.5253,-69.2427,Ascophyllum nodosum,Random,NA,NA,NA,NA,0
982,merinov_gosl,Gulf of Saint Lawrence,BB,NA,BB-NA-2012-7-24,2012,7,24,48.5253,-69.2427,Fucus distichus subsp. edentatus,Random,NA,NA,NA,NA,0
983,merinov_gosl,Gulf of Saint Lawrence,BB,NA,BB-NA-2012-7-24,2012,7,24,48.5253,-69.2427,Fucus distichus subsp. evanescens,Random,NA,NA,NA,NA,0
984,merinov_gosl,Gulf of Saint Lawrence,BB,NA,BB-NA-2012-7-24,2012,7,24,48.5253,-69.2427,Fucus vesiculosus,Random,NA,NA,NA,NA,0
985,merinov_gosl,Gulf of Saint Lawrence,BB,NA,BB-NA-2012-7-24,2012,7,24,48.5253,-69.2421,Ascophyllum nodosum,Random,NA,NA,NA,NA,0
986,merinov_gosl,Gulf of Saint Lawrence,BB,NA,BB-NA-2012-7-24,2012,7,24,48.5253,-69.2421,Fucus distichus subsp. edentatus,Random,NA,NA,NA,NA,0
987,merinov_gosl,Gulf of Saint Lawrence,BB,NA,BB-NA-2012-7-24,2012,7,24,48.5253,-69.2421,Fucus distichus subsp. evanescens,Random,NA,NA,NA,NA,0
988,merinov_gosl,Gulf of Saint Lawrence,BB,NA,BB-NA-2012-7-24,2012,7,24,48.5253,-69.2421,Fucus vesiculosus,Random,NA,NA,NA,NA,0
989,merinov_gosl,Gulf of Saint Lawrence,BB,NA,BB-NA-2012-7-24,2012,7,24,48.5253,-69.2414,Ascophyllum nodosum,Random,NA,NA,NA,NA,0
990,merinov_gosl,Gulf of Saint Lawrence,BB,NA,BB-NA-2012-7-24,2012,7,24,48.5253,-69.2414,Fucus distichus subsp. edentatus,Random,NA,NA,NA,NA,0
991,merinov_gosl,Gulf of Saint Lawrence,BB,NA,BB-NA-2012-7-24,2012,7,24,48.5253,-69.2414,Fucus distichus subsp. evanescens,Random,NA,NA,13,13,0.23
992,merinov_gosl,Gulf of Saint Lawrence,BB,NA,BB-NA-2012-7-24,2012,7,24,48.5253,-69.2414,Fucus vesiculosus,Random,NA,NA,NA,NA,0
993,merinov_gosl,Gulf of Saint Lawrence,BB,NA,BB-NA-2012-7-24,2012,7,24,48.5253,-69.2407,Ascophyllum nodosum,Random,NA,NA,NA,NA,0
994,merinov_gosl,Gulf of Saint Lawrence,BB,NA,BB-NA-2012-7-24,2012,7,24,48.5253,-69.2407,Fucus distichus subsp. edentatus,Random,NA,NA,NA,NA,0
995,merinov_gosl,Gulf of Saint Lawrence,BB,NA,BB-NA-2012-7-24,2012,7,24,48.5253,-69.2407,Fucus distichus subsp. evanescens,Random,NA,NA,NA,NA,0
996,merinov_gosl,Gulf of Saint Lawrence,BB,NA,BB-NA-2012-7-24,2012,7,24,48.5253,-69.2407,Fucus vesiculosus,Random,NA,NA,NA,NA,0
997,merinov_gosl,Gulf of Saint Lawrence,BB,NA,BB-NA-2012-7-24,2012,7,24,48.5253,-69.2401,Ascophyllum nodosum,Random,NA,NA,NA,NA,0
998,merinov_gosl,Gulf of Saint Lawrence,BB,NA,BB-NA-2012-7-24,2012,7,24,48.5253,-69.2401,Fucus distichus subsp. edentatus,Random,NA,NA,NA,NA,0
999,merinov_gosl,Gulf of Saint Lawrence,BB,NA,BB-NA-2012-7-24,2012,7,24,48.5253,-69.2401,Fucus distichus subsp. evanescens,Random,NA,NA,NA,NA,0
1000,merinov_gosl,Gulf of Saint Lawrence,BB,NA,BB-NA-2012-7-24,2012,7,24,48.5253,-69.2401,Fucus vesiculosus,Random,NA,NA,NA,NA,0
1001,merinov_gosl,Gulf of Saint Lawrence,BB,NA,BB-NA-2012-7-24,2012,7,24,48.5253,-69.2394,Ascophyllum nodosum,Random,NA,NA,NA,NA,0
1002,merinov_gosl,Gulf of Saint Lawrence,BB,NA,BB-NA-2012-7-24,2012,7,24,48.5253,-69.2394,Fucus distichus subsp. edentatus,Random,NA,NA,NA,NA,0
1003,merinov_gosl,Gulf of Saint Lawrence,BB,NA,BB-NA-2012-7-24,2012,7,24,48.5253,-69.2394,Fucus distichus subsp. evanescens,Random,NA,NA,NA,NA,0
1004,merinov_gosl,Gulf of Saint Lawrence,BB,NA,BB-NA-2012-7-24,2012,7,24,48.5253,-69.2394,Fucus vesiculosus,Random,NA,NA,NA,NA,0
1005,merinov_gosl,Gulf of Saint Lawrence,BB,NA,BB-NA-2012-7-24,2012,7,24,48.5253,-69.2387,Ascophyllum nodosum,Random,NA,NA,NA,NA,0
1006,merinov_gosl,Gulf of Saint Lawrence,BB,NA,BB-NA-2012-7-24,2012,7,24,48.5253,-69.2387,Fucus distichus subsp. edentatus,Random,NA,NA,NA,NA,0
1007,merinov_gosl,Gulf of Saint Lawrence,BB,NA,BB-NA-2012-7-24,2012,7,24,48.5253,-69.2387,Fucus distichus subsp. evanescens,Random,NA,NA,2,2,0.01
1008,merinov_gosl,Gulf of Saint Lawrence,BB,NA,BB-NA-2012-7-24,2012,7,24,48.5253,-69.2387,Fucus vesiculosus,Random,NA,NA,NA,NA,0
1009,merinov_gosl,Gulf of Saint Lawrence,BB,NA,BB-NA-2012-7-24,2012,7,24,48.5253,-69.2381,Ascophyllum nodosum,Random,NA,NA,NA,NA,0
1010,merinov_gosl,Gulf of Saint Lawrence,BB,NA,BB-NA-2012-7-24,2012,7,24,48.5253,-69.2381,Fucus distichus subsp. edentatus,Random,NA,NA,NA,NA,0
1011,merinov_gosl,Gulf of Saint Lawrence,BB,NA,BB-NA-2012-7-24,2012,7,24,48.5253,-69.2381,Fucus distichus subsp. evanescens,Random,NA,NA,33,33,1.1
1012,merinov_gosl,Gulf of Saint Lawrence,BB,NA,BB-NA-2012-7-24,2012,7,24,48.5253,-69.2381,Fucus vesiculosus,Random,NA,NA,NA,NA,0
1013,merinov_gosl,Gulf of Saint Lawrence,BB,NA,BB-NA-2012-7-24,2012,7,24,48.5253,-69.2374,Ascophyllum nodosum,Random,NA,NA,NA,NA,0
1014,merinov_gosl,Gulf of Saint Lawrence,BB,NA,BB-NA-2012-7-24,2012,7,24,48.5253,-69.2374,Fucus distichus subsp. edentatus,Random,NA,NA,NA,NA,0
1015,merinov_gosl,Gulf of Saint Lawrence,BB,NA,BB-NA-2012-7-24,2012,7,24,48.5253,-69.2374,Fucus distichus subsp. evanescens,Random,NA,NA,6,6,0.04
1016,merinov_gosl,Gulf of Saint Lawrence,BB,NA,BB-NA-2012-7-24,2012,7,24,48.5253,-69.2374,Fucus vesiculosus,Random,NA,NA,NA,NA,0
1017,merinov_gosl,Gulf of Saint Lawrence,BB,NA,BB-NA-2012-7-24,2012,7,24,48.5253,-69.2367,Ascophyllum nodosum,Random,NA,NA,NA,NA,0
1018,merinov_gosl,Gulf of Saint Lawrence,BB,NA,BB-NA-2012-7-24,2012,7,24,48.5253,-69.2367,Fucus distichus subsp. edentatus,Random,NA,NA,NA,NA,0
1019,merinov_gosl,Gulf of Saint Lawrence,BB,NA,BB-NA-2012-7-24,2012,7,24,48.5253,-69.2367,Fucus distichus subsp. evanescens,Random,NA,NA,3,3,0.01
1020,merinov_gosl,Gulf of Saint Lawrence,BB,NA,BB-NA-2012-7-24,2012,7,24,48.5253,-69.2367,Fucus vesiculosus,Random,NA,NA,NA,NA,0
1021,merinov_gosl,Gulf of Saint Lawrence,BB,NA,BB-NA-2012-7-24,2012,7,24,48.5253,-69.2361,Ascophyllum nodosum,Random,NA,NA,NA,NA,0
1022,merinov_gosl,Gulf of Saint Lawrence,BB,NA,BB-NA-2012-7-24,2012,7,24,48.5253,-69.2361,Fucus distichus subsp. edentatus,Random,NA,NA,NA,NA,0
1023,merinov_gosl,Gulf of Saint Lawrence,BB,NA,BB-NA-2012-7-24,2012,7,24,48.5253,-69.2361,Fucus distichus subsp. evanescens,Random,NA,NA,NA,NA,0
1024,merinov_gosl,Gulf of Saint Lawrence,BB,NA,BB-NA-2012-7-24,2012,7,24,48.5253,-69.2361,Fucus vesiculosus,Random,NA,NA,NA,NA,0
1025,merinov_gosl,Gulf of Saint Lawrence,BB,NA,BB-NA-2012-7-24,2012,7,24,48.5253,-69.2354,Ascophyllum nodosum,Random,NA,NA,NA,NA,0
1026,merinov_gosl,Gulf of Saint Lawrence,BB,NA,BB-NA-2012-7-24,2012,7,24,48.5253,-69.2354,Fucus distichus subsp. edentatus,Random,NA,NA,NA,NA,0
1027,merinov_gosl,Gulf of Saint Lawrence,BB,NA,BB-NA-2012-7-24,2012,7,24,48.5253,-69.2354,Fucus distichus subsp. evanescens,Random,NA,NA,NA,NA,0
1028,merinov_gosl,Gulf of Saint Lawrence,BB,NA,BB-NA-2012-7-24,2012,7,24,48.5253,-69.2354,Fucus vesiculosus,Random,NA,NA,NA,NA,0
1029,merinov_gosl,Gulf of Saint Lawrence,BB,NA,BB-NA-2012-7-24,2012,7,24,48.5253,-69.2347,Ascophyllum nodosum,Random,NA,NA,NA,NA,0
1030,merinov_gosl,Gulf of Saint Lawrence,BB,NA,BB-NA-2012-7-24,2012,7,24,48.5253,-69.2347,Fucus distichus subsp. edentatus,Random,NA,NA,NA,NA,0
1031,merinov_gosl,Gulf of Saint Lawrence,BB,NA,BB-NA-2012-7-24,2012,7,24,48.5253,-69.2347,Fucus distichus subsp. evanescens,Random,NA,NA,3,3,0.03
1032,merinov_gosl,Gulf of Saint Lawrence,BB,NA,BB-NA-2012-7-24,2012,7,24,48.5253,-69.2347,Fucus vesiculosus,Random,NA,NA,NA,NA,0
1033,merinov_gosl,Gulf of Saint Lawrence,BB,NA,BB-NA-2012-7-24,2012,7,24,48.5253,-69.2341,Ascophyllum nodosum,Random,NA,NA,NA,NA,0
1034,merinov_gosl,Gulf of Saint Lawrence,BB,NA,BB-NA-2012-7-24,2012,7,24,48.5253,-69.2341,Fucus distichus subsp. edentatus,Random,NA,NA,NA,NA,0
1035,merinov_gosl,Gulf of Saint Lawrence,BB,NA,BB-NA-2012-7-24,2012,7,24,48.5253,-69.2341,Fucus distichus subsp. evanescens,Random,NA,NA,2,2,0.01
1036,merinov_gosl,Gulf of Saint Lawrence,BB,NA,BB-NA-2012-7-24,2012,7,24,48.5253,-69.2341,Fucus vesiculosus,Random,NA,NA,NA,NA,0
1037,merinov_gosl,Gulf of Saint Lawrence,BB,NA,BB-NA-2012-7-24,2012,7,24,48.5253,-69.2334,Ascophyllum nodosum,Random,NA,NA,NA,NA,0
1038,merinov_gosl,Gulf of Saint Lawrence,BB,NA,BB-NA-2012-7-24,2012,7,24,48.5253,-69.2334,Fucus distichus subsp. edentatus,Random,NA,NA,NA,NA,0
1039,merinov_gosl,Gulf of Saint Lawrence,BB,NA,BB-NA-2012-7-24,2012,7,24,48.5253,-69.2334,Fucus distichus subsp. evanescens,Random,NA,NA,2,2,0.01
1040,merinov_gosl,Gulf of Saint Lawrence,BB,NA,BB-NA-2012-7-24,2012,7,24,48.5253,-69.2334,Fucus vesiculosus,Random,NA,NA,NA,NA,0
1041,merinov_gosl,Gulf of Saint Lawrence,BB,NA,BB-NA-2012-7-24,2012,7,24,48.5253,-69.2327,Ascophyllum nodosum,Random,NA,NA,NA,NA,0
1042,merinov_gosl,Gulf of Saint Lawrence,BB,NA,BB-NA-2012-7-24,2012,7,24,48.5253,-69.2327,Fucus distichus subsp. edentatus,Random,NA,NA,NA,NA,0
1043,merinov_gosl,Gulf of Saint Lawrence,BB,NA,BB-NA-2012-7-24,2012,7,24,48.5253,-69.2327,Fucus distichus subsp. evanescens,Random,NA,NA,2,2,0.01
1044,merinov_gosl,Gulf of Saint Lawrence,BB,NA,BB-NA-2012-7-24,2012,7,24,48.5253,-69.2327,Fucus vesiculosus,Random,NA,NA,NA,NA,0
1045,merinov_gosl,Gulf of Saint Lawrence,BB,NA,BB-NA-2012-7-24,2012,7,24,48.5253,-69.2321,Ascophyllum nodosum,Random,NA,NA,NA,NA,0
1046,merinov_gosl,Gulf of Saint Lawrence,BB,NA,BB-NA-2012-7-24,2012,7,24,48.5253,-69.2321,Fucus distichus subsp. edentatus,Random,NA,NA,NA,NA,0
1047,merinov_gosl,Gulf of Saint Lawrence,BB,NA,BB-NA-2012-7-24,2012,7,24,48.5253,-69.2321,Fucus distichus subsp. evanescens,Random,NA,NA,21,21,2.43
1048,merinov_gosl,Gulf of Saint Lawrence,BB,NA,BB-NA-2012-7-24,2012,7,24,48.5253,-69.2321,Fucus vesiculosus,Random,NA,NA,NA,NA,0
1049,merinov_gosl,Gulf of Saint Lawrence,BB,NA,BB-NA-2012-7-24,2012,7,24,48.5253,-69.2314,Ascophyllum nodosum,Random,NA,NA,NA,NA,0
1050,merinov_gosl,Gulf of Saint Lawrence,BB,NA,BB-NA-2012-7-24,2012,7,24,48.5253,-69.2314,Fucus distichus subsp. edentatus,Random,NA,NA,NA,NA,0
1051,merinov_gosl,Gulf of Saint Lawrence,BB,NA,BB-NA-2012-7-24,2012,7,24,48.5253,-69.2314,Fucus distichus subsp. evanescens,Random,NA,NA,1,1,0.01
1052,merinov_gosl,Gulf of Saint Lawrence,BB,NA,BB-NA-2012-7-24,2012,7,24,48.5253,-69.2314,Fucus vesiculosus,Random,NA,NA,NA,NA,0
1053,merinov_gosl,Gulf of Saint Lawrence,BB,NA,BB-NA-2012-7-24,2012,7,24,48.5253,-69.2307,Ascophyllum nodosum,Random,NA,NA,NA,NA,0
1054,merinov_gosl,Gulf of Saint Lawrence,BB,NA,BB-NA-2012-7-24,2012,7,24,48.5253,-69.2307,Fucus distichus subsp. edentatus,Random,NA,NA,NA,NA,0
1055,merinov_gosl,Gulf of Saint Lawrence,BB,NA,BB-NA-2012-7-24,2012,7,24,48.5253,-69.2307,Fucus distichus subsp. evanescens,Random,NA,NA,NA,NA,0
1056,merinov_gosl,Gulf of Saint Lawrence,BB,NA,BB-NA-2012-7-24,2012,7,24,48.5253,-69.2307,Fucus vesiculosus,Random,NA,NA,NA,NA,0
1057,merinov_gosl,Gulf of Saint Lawrence,BB,NA,BB-NA-2012-7-23,2012,7,23,48.5298,-69.2578,Ascophyllum nodosum,Random,NA,NA,NA,NA,0
1058,merinov_gosl,Gulf of Saint Lawrence,BB,NA,BB-NA-2012-7-23,2012,7,23,48.5298,-69.2578,Fucus distichus subsp. edentatus,Random,NA,NA,NA,NA,0
1059,merinov_gosl,Gulf of Saint Lawrence,BB,NA,BB-NA-2012-7-23,2012,7,23,48.5298,-69.2578,Fucus distichus subsp. evanescens,Random,NA,NA,NA,NA,0
1060,merinov_gosl,Gulf of Saint Lawrence,BB,NA,BB-NA-2012-7-23,2012,7,23,48.5298,-69.2578,Fucus vesiculosus,Random,NA,NA,NA,NA,0
1061,merinov_gosl,Gulf of Saint Lawrence,BB,NA,BB-NA-2012-7-23,2012,7,23,48.5298,-69.2571,Ascophyllum nodosum,Random,NA,NA,NA,NA,0
1062,merinov_gosl,Gulf of Saint Lawrence,BB,NA,BB-NA-2012-7-23,2012,7,23,48.5298,-69.2571,Fucus distichus subsp. edentatus,Random,NA,NA,NA,NA,0
1063,merinov_gosl,Gulf of Saint Lawrence,BB,NA,BB-NA-2012-7-23,2012,7,23,48.5298,-69.2571,Fucus distichus subsp. evanescens,Random,NA,NA,NA,NA,0
1064,merinov_gosl,Gulf of Saint Lawrence,BB,NA,BB-NA-2012-7-23,2012,7,23,48.5298,-69.2571,Fucus vesiculosus,Random,NA,NA,NA,NA,0
1065,merinov_gosl,Gulf of Saint Lawrence,BB,NA,BB-NA-2012-7-23,2012,7,23,48.5298,-69.2564,Ascophyllum nodosum,Random,NA,NA,NA,NA,0
1066,merinov_gosl,Gulf of Saint Lawrence,BB,NA,BB-NA-2012-7-23,2012,7,23,48.5298,-69.2564,Fucus distichus subsp. edentatus,Random,NA,NA,NA,NA,0
1067,merinov_gosl,Gulf of Saint Lawrence,BB,NA,BB-NA-2012-7-23,2012,7,23,48.5298,-69.2564,Fucus distichus subsp. evanescens,Random,NA,NA,NA,NA,0
1068,merinov_gosl,Gulf of Saint Lawrence,BB,NA,BB-NA-2012-7-23,2012,7,23,48.5298,-69.2564,Fucus vesiculosus,Random,NA,NA,NA,NA,0
1069,merinov_gosl,Gulf of Saint Lawrence,BB,NA,BB-NA-2012-7-23,2012,7,23,48.5298,-69.2558,Ascophyllum nodosum,Random,NA,NA,NA,NA,0
1070,merinov_gosl,Gulf of Saint Lawrence,BB,NA,BB-NA-2012-7-23,2012,7,23,48.5298,-69.2558,Fucus distichus subsp. edentatus,Random,NA,NA,NA,NA,0
1071,merinov_gosl,Gulf of Saint Lawrence,BB,NA,BB-NA-2012-7-23,2012,7,23,48.5298,-69.2558,Fucus distichus subsp. evanescens,Random,NA,NA,2,2,0.03
1072,merinov_gosl,Gulf of Saint Lawrence,BB,NA,BB-NA-2012-7-23,2012,7,23,48.5298,-69.2558,Fucus vesiculosus,Random,NA,NA,NA,NA,0
1073,merinov_gosl,Gulf of Saint Lawrence,BB,NA,BB-NA-2012-7-23,2012,7,23,48.5298,-69.2551,Ascophyllum nodosum,Random,NA,NA,NA,NA,0
1074,merinov_gosl,Gulf of Saint Lawrence,BB,NA,BB-NA-2012-7-23,2012,7,23,48.5298,-69.2551,Fucus distichus subsp. edentatus,Random,NA,NA,NA,NA,0
1075,merinov_gosl,Gulf of Saint Lawrence,BB,NA,BB-NA-2012-7-23,2012,7,23,48.5298,-69.2551,Fucus distichus subsp. evanescens,Random,NA,NA,NA,NA,0
1076,merinov_gosl,Gulf of Saint Lawrence,BB,NA,BB-NA-2012-7-23,2012,7,23,48.5298,-69.2551,Fucus vesiculosus,Random,NA,NA,NA,NA,0
1077,merinov_gosl,Gulf of Saint Lawrence,BB,NA,BB-NA-2012-7-23,2012,7,23,48.5298,-69.2544,Ascophyllum nodosum,Random,NA,NA,6,6,0.02
1078,merinov_gosl,Gulf of Saint Lawrence,BB,NA,BB-NA-2012-7-23,2012,7,23,48.5298,-69.2544,Fucus distichus subsp. edentatus,Random,NA,NA,NA,NA,0
1079,merinov_gosl,Gulf of Saint Lawrence,BB,NA,BB-NA-2012-7-23,2012,7,23,48.5298,-69.2544,Fucus distichus subsp. evanescens,Random,NA,NA,NA,NA,0
1080,merinov_gosl,Gulf of Saint Lawrence,BB,NA,BB-NA-2012-7-23,2012,7,23,48.5298,-69.2544,Fucus vesiculosus,Random,NA,NA,NA,NA,0
1081,merinov_gosl,Gulf of Saint Lawrence,BB,NA,BB-NA-2012-7-23,2012,7,23,48.5298,-69.2538,Ascophyllum nodosum,Random,NA,NA,NA,NA,0
1082,merinov_gosl,Gulf of Saint Lawrence,BB,NA,BB-NA-2012-7-23,2012,7,23,48.5298,-69.2538,Fucus distichus subsp. edentatus,Random,NA,NA,NA,NA,0
1083,merinov_gosl,Gulf of Saint Lawrence,BB,NA,BB-NA-2012-7-23,2012,7,23,48.5298,-69.2538,Fucus distichus subsp. evanescens,Random,NA,NA,NA,NA,0
1084,merinov_gosl,Gulf of Saint Lawrence,BB,NA,BB-NA-2012-7-23,2012,7,23,48.5298,-69.2538,Fucus vesiculosus,Random,NA,NA,NA,NA,0
1085,merinov_gosl,Gulf of Saint Lawrence,BB,NA,BB-NA-2012-7-23,2012,7,23,48.5298,-69.2531,Ascophyllum nodosum,Random,NA,NA,NA,NA,0
1086,merinov_gosl,Gulf of Saint Lawrence,BB,NA,BB-NA-2012-7-23,2012,7,23,48.5298,-69.2531,Fucus distichus subsp. edentatus,Random,NA,NA,NA,NA,0
1087,merinov_gosl,Gulf of Saint Lawrence,BB,NA,BB-NA-2012-7-23,2012,7,23,48.5298,-69.2531,Fucus distichus subsp. evanescens,Random,NA,NA,NA,NA,0
1088,merinov_gosl,Gulf of Saint Lawrence,BB,NA,BB-NA-2012-7-23,2012,7,23,48.5298,-69.2531,Fucus vesiculosus,Random,NA,NA,NA,NA,0
1089,merinov_gosl,Gulf of Saint Lawrence,BB,NA,BB-NA-2012-7-23,2012,7,23,48.5298,-69.2524,Ascophyllum nodosum,Random,NA,NA,NA,NA,0
1090,merinov_gosl,Gulf of Saint Lawrence,BB,NA,BB-NA-2012-7-23,2012,7,23,48.5298,-69.2524,Fucus distichus subsp. edentatus,Random,NA,NA,NA,NA,0
1091,merinov_gosl,Gulf of Saint Lawrence,BB,NA,BB-NA-2012-7-23,2012,7,23,48.5298,-69.2524,Fucus distichus subsp. evanescens,Random,NA,NA,NA,NA,0
1092,merinov_gosl,Gulf of Saint Lawrence,BB,NA,BB-NA-2012-7-23,2012,7,23,48.5298,-69.2524,Fucus vesiculosus,Random,NA,NA,NA,NA,0
1093,merinov_gosl,Gulf of Saint Lawrence,BB,NA,BB-NA-2012-7-23,2012,7,23,48.5298,-69.2518,Ascophyllum nodosum,Random,NA,NA,NA,NA,0
1094,merinov_gosl,Gulf of Saint Lawrence,BB,NA,BB-NA-2012-7-23,2012,7,23,48.5298,-69.2518,Fucus distichus subsp. edentatus,Random,NA,NA,NA,NA,0
1095,merinov_gosl,Gulf of Saint Lawrence,BB,NA,BB-NA-2012-7-23,2012,7,23,48.5298,-69.2518,Fucus distichus subsp. evanescens,Random,NA,NA,NA,NA,0
1096,merinov_gosl,Gulf of Saint Lawrence,BB,NA,BB-NA-2012-7-23,2012,7,23,48.5298,-69.2518,Fucus vesiculosus,Random,NA,NA,NA,NA,0
1097,merinov_gosl,Gulf of Saint Lawrence,BB,NA,BB-NA-2012-7-23,2012,7,23,48.5298,-69.2511,Ascophyllum nodosum,Random,NA,NA,NA,NA,0
1098,merinov_gosl,Gulf of Saint Lawrence,BB,NA,BB-NA-2012-7-23,2012,7,23,48.5298,-69.2511,Fucus distichus subsp. edentatus,Random,NA,NA,NA,NA,0
1099,merinov_gosl,Gulf of Saint Lawrence,BB,NA,BB-NA-2012-7-23,2012,7,23,48.5298,-69.2511,Fucus distichus subsp. evanescens,Random,NA,NA,NA,NA,0
1100,merinov_gosl,Gulf of Saint Lawrence,BB,NA,BB-NA-2012-7-23,2012,7,23,48.5298,-69.2511,Fucus vesiculosus,Random,NA,NA,NA,NA,0
1101,merinov_gosl,Gulf of Saint Lawrence,BB,NA,BB-NA-2012-7-23,2012,7,23,48.5298,-69.2504,Ascophyllum nodosum,Random,NA,NA,NA,NA,0
1102,merinov_gosl,Gulf of Saint Lawrence,BB,NA,BB-NA-2012-7-23,2012,7,23,48.5298,-69.2504,Fucus distichus subsp. edentatus,Random,NA,NA,NA,NA,0
1103,merinov_gosl,Gulf of Saint Lawrence,BB,NA,BB-NA-2012-7-23,2012,7,23,48.5298,-69.2504,Fucus distichus subsp. evanescens,Random,NA,NA,NA,NA,0
1104,merinov_gosl,Gulf of Saint Lawrence,BB,NA,BB-NA-2012-7-23,2012,7,23,48.5298,-69.2504,Fucus vesiculosus,Random,NA,NA,NA,NA,0
1105,merinov_gosl,Gulf of Saint Lawrence,BB,NA,BB-NA-2012-7-23,2012,7,23,48.5298,-69.2498,Ascophyllum nodosum,Random,NA,NA,NA,NA,0
1106,merinov_gosl,Gulf of Saint Lawrence,BB,NA,BB-NA-2012-7-23,2012,7,23,48.5298,-69.2498,Fucus distichus subsp. edentatus,Random,NA,NA,NA,NA,0
1107,merinov_gosl,Gulf of Saint Lawrence,BB,NA,BB-NA-2012-7-23,2012,7,23,48.5298,-69.2498,Fucus distichus subsp. evanescens,Random,NA,NA,NA,NA,0
1108,merinov_gosl,Gulf of Saint Lawrence,BB,NA,BB-NA-2012-7-23,2012,7,23,48.5298,-69.2498,Fucus vesiculosus,Random,NA,NA,NA,NA,0
1109,merinov_gosl,Gulf of Saint Lawrence,BB,NA,BB-NA-2012-7-31,2012,7,31,48.5343,-69.2388,Ascophyllum nodosum,Random,NA,NA,3,3,0.03
1110,merinov_gosl,Gulf of Saint Lawrence,BB,NA,BB-NA-2012-7-31,2012,7,31,48.5343,-69.2388,Fucus distichus subsp. edentatus,Random,NA,NA,NA,NA,0
1111,merinov_gosl,Gulf of Saint Lawrence,BB,NA,BB-NA-2012-7-31,2012,7,31,48.5343,-69.2388,Fucus distichus subsp. evanescens,Random,NA,NA,4,4,0.09
1112,merinov_gosl,Gulf of Saint Lawrence,BB,NA,BB-NA-2012-7-31,2012,7,31,48.5343,-69.2388,Fucus vesiculosus,Random,NA,NA,NA,NA,0
1113,merinov_gosl,Gulf of Saint Lawrence,BB,NA,BB-NA-2012-7-31,2012,7,31,48.5343,-69.2382,Ascophyllum nodosum,Random,NA,NA,NA,NA,0
1114,merinov_gosl,Gulf of Saint Lawrence,BB,NA,BB-NA-2012-7-31,2012,7,31,48.5343,-69.2382,Fucus distichus subsp. edentatus,Random,NA,NA,NA,NA,0
1115,merinov_gosl,Gulf of Saint Lawrence,BB,NA,BB-NA-2012-7-31,2012,7,31,48.5343,-69.2382,Fucus distichus subsp. evanescens,Random,NA,NA,NA,NA,0
1116,merinov_gosl,Gulf of Saint Lawrence,BB,NA,BB-NA-2012-7-31,2012,7,31,48.5343,-69.2382,Fucus vesiculosus,Random,NA,NA,NA,NA,0
1117,merinov_gosl,Gulf of Saint Lawrence,BB,NA,BB-NA-2012-7-31,2012,7,31,48.5343,-69.2375,Ascophyllum nodosum,Random,NA,NA,NA,NA,0
1118,merinov_gosl,Gulf of Saint Lawrence,BB,NA,BB-NA-2012-7-31,2012,7,31,48.5343,-69.2375,Fucus distichus subsp. edentatus,Random,NA,NA,NA,NA,0
1119,merinov_gosl,Gulf of Saint Lawrence,BB,NA,BB-NA-2012-7-31,2012,7,31,48.5343,-69.2375,Fucus distichus subsp. evanescens,Random,NA,NA,NA,NA,0
1120,merinov_gosl,Gulf of Saint Lawrence,BB,NA,BB-NA-2012-7-31,2012,7,31,48.5343,-69.2375,Fucus vesiculosus,Random,NA,NA,NA,NA,0
1121,merinov_gosl,Gulf of Saint Lawrence,BB,NA,BB-NA-2012-7-31,2012,7,31,48.5343,-69.2368,Ascophyllum nodosum,Random,NA,NA,NA,NA,0
1122,merinov_gosl,Gulf of Saint Lawrence,BB,NA,BB-NA-2012-7-31,2012,7,31,48.5343,-69.2368,Fucus distichus subsp. edentatus,Random,NA,NA,NA,NA,0
1123,merinov_gosl,Gulf of Saint Lawrence,BB,NA,BB-NA-2012-7-31,2012,7,31,48.5343,-69.2368,Fucus distichus subsp. evanescens,Random,NA,NA,NA,NA,0
1124,merinov_gosl,Gulf of Saint Lawrence,BB,NA,BB-NA-2012-7-31,2012,7,31,48.5343,-69.2368,Fucus vesiculosus,Random,NA,NA,NA,NA,0
1125,merinov_gosl,Gulf of Saint Lawrence,BB,NA,BB-NA-2012-7-31,2012,7,31,48.5343,-69.2362,Ascophyllum nodosum,Random,NA,NA,NA,NA,0
1126,merinov_gosl,Gulf of Saint Lawrence,BB,NA,BB-NA-2012-7-31,2012,7,31,48.5343,-69.2362,Fucus distichus subsp. edentatus,Random,NA,NA,NA,NA,0
1127,merinov_gosl,Gulf of Saint Lawrence,BB,NA,BB-NA-2012-7-31,2012,7,31,48.5343,-69.2362,Fucus distichus subsp. evanescens,Random,NA,NA,NA,NA,0
1128,merinov_gosl,Gulf of Saint Lawrence,BB,NA,BB-NA-2012-7-31,2012,7,31,48.5343,-69.2362,Fucus vesiculosus,Random,NA,NA,NA,NA,0
1129,merinov_gosl,Gulf of Saint Lawrence,BB,NA,BB-NA-2012-7-31,2012,7,31,48.5343,-69.2355,Ascophyllum nodosum,Random,NA,NA,NA,NA,0
1130,merinov_gosl,Gulf of Saint Lawrence,BB,NA,BB-NA-2012-7-31,2012,7,31,48.5343,-69.2355,Fucus distichus subsp. edentatus,Random,NA,NA,NA,NA,0
1131,merinov_gosl,Gulf of Saint Lawrence,BB,NA,BB-NA-2012-7-31,2012,7,31,48.5343,-69.2355,Fucus distichus subsp. evanescens,Random,NA,NA,NA,NA,0
1132,merinov_gosl,Gulf of Saint Lawrence,BB,NA,BB-NA-2012-7-31,2012,7,31,48.5343,-69.2355,Fucus vesiculosus,Random,NA,NA,NA,NA,0
1133,merinov_gosl,Gulf of Saint Lawrence,BB,NA,BB-NA-2012-7-31,2012,7,31,48.5343,-69.2348,Ascophyllum nodosum,Random,NA,NA,NA,NA,0
1134,merinov_gosl,Gulf of Saint Lawrence,BB,NA,BB-NA-2012-7-31,2012,7,31,48.5343,-69.2348,Fucus distichus subsp. edentatus,Random,NA,NA,NA,NA,0
1135,merinov_gosl,Gulf of Saint Lawrence,BB,NA,BB-NA-2012-7-31,2012,7,31,48.5343,-69.2348,Fucus distichus subsp. evanescens,Random,NA,NA,NA,NA,0
1136,merinov_gosl,Gulf of Saint Lawrence,BB,NA,BB-NA-2012-7-31,2012,7,31,48.5343,-69.2348,Fucus vesiculosus,Random,NA,NA,NA,NA,0
1137,merinov_gosl,Gulf of Saint Lawrence,BB,NA,BB-NA-2012-7-31,2012,7,31,48.5343,-69.2342,Ascophyllum nodosum,Random,NA,NA,NA,NA,0
1138,merinov_gosl,Gulf of Saint Lawrence,BB,NA,BB-NA-2012-7-31,2012,7,31,48.5343,-69.2342,Fucus distichus subsp. edentatus,Random,NA,NA,NA,NA,0
1139,merinov_gosl,Gulf of Saint Lawrence,BB,NA,BB-NA-2012-7-31,2012,7,31,48.5343,-69.2342,Fucus distichus subsp. evanescens,Random,NA,NA,NA,NA,0
1140,merinov_gosl,Gulf of Saint Lawrence,BB,NA,BB-NA-2012-7-31,2012,7,31,48.5343,-69.2342,Fucus vesiculosus,Random,NA,NA,NA,NA,0
1141,merinov_gosl,Gulf of Saint Lawrence,BB,NA,BB-NA-2012-7-31,2012,7,31,48.5343,-69.2335,Ascophyllum nodosum,Random,NA,NA,NA,NA,0
1142,merinov_gosl,Gulf of Saint Lawrence,BB,NA,BB-NA-2012-7-31,2012,7,31,48.5343,-69.2335,Fucus distichus subsp. edentatus,Random,NA,NA,NA,NA,0
1143,merinov_gosl,Gulf of Saint Lawrence,BB,NA,BB-NA-2012-7-31,2012,7,31,48.5343,-69.2335,Fucus distichus subsp. evanescens,Random,NA,NA,NA,NA,0
1144,merinov_gosl,Gulf of Saint Lawrence,BB,NA,BB-NA-2012-7-31,2012,7,31,48.5343,-69.2335,Fucus vesiculosus,Random,NA,NA,NA,NA,0
1145,merinov_gosl,Gulf of Saint Lawrence,BB,NA,BB-NA-2012-7-31,2012,7,31,48.5343,-69.2328,Ascophyllum nodosum,Random,NA,NA,NA,NA,0
1146,merinov_gosl,Gulf of Saint Lawrence,BB,NA,BB-NA-2012-7-31,2012,7,31,48.5343,-69.2328,Fucus distichus subsp. edentatus,Random,NA,NA,NA,NA,0
1147,merinov_gosl,Gulf of Saint Lawrence,BB,NA,BB-NA-2012-7-31,2012,7,31,48.5343,-69.2328,Fucus distichus subsp. evanescens,Random,NA,NA,NA,NA,0
1148,merinov_gosl,Gulf of Saint Lawrence,BB,NA,BB-NA-2012-7-31,2012,7,31,48.5343,-69.2328,Fucus vesiculosus,Random,NA,NA,NA,NA,0
1149,merinov_gosl,Gulf of Saint Lawrence,BB,NA,BB-NA-2012-7-31,2012,7,31,48.5343,-69.2322,Ascophyllum nodosum,Random,NA,NA,NA,NA,0
1150,merinov_gosl,Gulf of Saint Lawrence,BB,NA,BB-NA-2012-7-31,2012,7,31,48.5343,-69.2322,Fucus distichus subsp. edentatus,Random,NA,NA,NA,NA,0
1151,merinov_gosl,Gulf of Saint Lawrence,BB,NA,BB-NA-2012-7-31,2012,7,31,48.5343,-69.2322,Fucus distichus subsp. evanescens,Random,NA,NA,2,2,0.02
1152,merinov_gosl,Gulf of Saint Lawrence,BB,NA,BB-NA-2012-7-31,2012,7,31,48.5343,-69.2322,Fucus vesiculosus,Random,NA,NA,NA,NA,0
1153,merinov_gosl,Gulf of Saint Lawrence,BB,NA,BB-NA-2012-7-31,2012,7,31,48.5343,-69.2315,Ascophyllum nodosum,Random,NA,NA,NA,NA,0
1154,merinov_gosl,Gulf of Saint Lawrence,BB,NA,BB-NA-2012-7-31,2012,7,31,48.5343,-69.2315,Fucus distichus subsp. edentatus,Random,NA,NA,NA,NA,0
1155,merinov_gosl,Gulf of Saint Lawrence,BB,NA,BB-NA-2012-7-31,2012,7,31,48.5343,-69.2315,Fucus distichus subsp. evanescens,Random,NA,NA,NA,NA,0
1156,merinov_gosl,Gulf of Saint Lawrence,BB,NA,BB-NA-2012-7-31,2012,7,31,48.5343,-69.2315,Fucus vesiculosus,Random,NA,NA,NA,NA,0
1157,merinov_gosl,Gulf of Saint Lawrence,BB,NA,BB-NA-2012-7-31,2012,7,31,48.5343,-69.2308,Ascophyllum nodosum,Random,NA,NA,NA,NA,0
1158,merinov_gosl,Gulf of Saint Lawrence,BB,NA,BB-NA-2012-7-31,2012,7,31,48.5343,-69.2308,Fucus distichus subsp. edentatus,Random,NA,NA,NA,NA,0
1159,merinov_gosl,Gulf of Saint Lawrence,BB,NA,BB-NA-2012-7-31,2012,7,31,48.5343,-69.2308,Fucus distichus subsp. evanescens,Random,NA,NA,NA,NA,0
1160,merinov_gosl,Gulf of Saint Lawrence,BB,NA,BB-NA-2012-7-31,2012,7,31,48.5343,-69.2308,Fucus vesiculosus,Random,NA,NA,NA,NA,0
1161,merinov_gosl,Gulf of Saint Lawrence,BB,NA,BB-NA-2012-7-31,2012,7,31,48.5343,-69.2302,Ascophyllum nodosum,Random,NA,NA,NA,NA,0
1162,merinov_gosl,Gulf of Saint Lawrence,BB,NA,BB-NA-2012-7-31,2012,7,31,48.5343,-69.2302,Fucus distichus subsp. edentatus,Random,NA,NA,NA,NA,0
1163,merinov_gosl,Gulf of Saint Lawrence,BB,NA,BB-NA-2012-7-31,2012,7,31,48.5343,-69.2302,Fucus distichus subsp. evanescens,Random,NA,NA,NA,NA,0
1164,merinov_gosl,Gulf of Saint Lawrence,BB,NA,BB-NA-2012-7-31,2012,7,31,48.5343,-69.2302,Fucus vesiculosus,Random,NA,NA,NA,NA,0
1165,merinov_gosl,Gulf of Saint Lawrence,BB,NA,BB-NA-2012-7-31,2012,7,31,48.5343,-69.2295,Ascophyllum nodosum,Random,NA,NA,NA,NA,0
1166,merinov_gosl,Gulf of Saint Lawrence,BB,NA,BB-NA-2012-7-31,2012,7,31,48.5343,-69.2295,Fucus distichus subsp. edentatus,Random,NA,NA,NA,NA,0
1167,merinov_gosl,Gulf of Saint Lawrence,BB,NA,BB-NA-2012-7-31,2012,7,31,48.5343,-69.2295,Fucus distichus subsp. evanescens,Random,NA,NA,NA,NA,0
1168,merinov_gosl,Gulf of Saint Lawrence,BB,NA,BB-NA-2012-7-31,2012,7,31,48.5343,-69.2295,Fucus vesiculosus,Random,NA,NA,NA,NA,0
1169,merinov_gosl,Gulf of Saint Lawrence,BB,NA,BB-NA-2012-7-31,2012,7,31,48.5343,-69.2288,Ascophyllum nodosum,Random,NA,NA,NA,NA,0
1170,merinov_gosl,Gulf of Saint Lawrence,BB,NA,BB-NA-2012-7-31,2012,7,31,48.5343,-69.2288,Fucus distichus subsp. edentatus,Random,NA,NA,NA,NA,0
1171,merinov_gosl,Gulf of Saint Lawrence,BB,NA,BB-NA-2012-7-31,2012,7,31,48.5343,-69.2288,Fucus distichus subsp. evanescens,Random,NA,NA,NA,NA,0
1172,merinov_gosl,Gulf of Saint Lawrence,BB,NA,BB-NA-2012-7-31,2012,7,31,48.5343,-69.2288,Fucus vesiculosus,Random,NA,NA,NA,NA,0
1173,merinov_gosl,Gulf of Saint Lawrence,BB,NA,BB-NA-2012-7-31,2012,7,31,48.5343,-69.2282,Ascophyllum nodosum,Random,NA,NA,NA,NA,0
1174,merinov_gosl,Gulf of Saint Lawrence,BB,NA,BB-NA-2012-7-31,2012,7,31,48.5343,-69.2282,Fucus distichus subsp. edentatus,Random,NA,NA,NA,NA,0
1175,merinov_gosl,Gulf of Saint Lawrence,BB,NA,BB-NA-2012-7-31,2012,7,31,48.5343,-69.2282,Fucus distichus subsp. evanescens,Random,NA,NA,NA,NA,0
1176,merinov_gosl,Gulf of Saint Lawrence,BB,NA,BB-NA-2012-7-31,2012,7,31,48.5343,-69.2282,Fucus vesiculosus,Random,NA,NA,NA,NA,0
1177,merinov_gosl,Gulf of Saint Lawrence,BB,NA,BB-NA-2012-7-31,2012,7,31,48.5343,-69.2275,Ascophyllum nodosum,Random,NA,NA,NA,NA,0
1178,merinov_gosl,Gulf of Saint Lawrence,BB,NA,BB-NA-2012-7-31,2012,7,31,48.5343,-69.2275,Fucus distichus subsp. edentatus,Random,NA,NA,NA,NA,0
1179,merinov_gosl,Gulf of Saint Lawrence,BB,NA,BB-NA-2012-7-31,2012,7,31,48.5343,-69.2275,Fucus distichus subsp. evanescens,Random,NA,NA,1,1,0.02
1180,merinov_gosl,Gulf of Saint Lawrence,BB,NA,BB-NA-2012-7-31,2012,7,31,48.5343,-69.2275,Fucus vesiculosus,Random,NA,NA,NA,NA,0
1181,merinov_gosl,Gulf of Saint Lawrence,BB,NA,BB-NA-2012-7-31,2012,7,31,48.5343,-69.2268,Ascophyllum nodosum,Random,NA,NA,NA,NA,0
1182,merinov_gosl,Gulf of Saint Lawrence,BB,NA,BB-NA-2012-7-31,2012,7,31,48.5343,-69.2268,Fucus distichus subsp. edentatus,Random,NA,NA,NA,NA,0
1183,merinov_gosl,Gulf of Saint Lawrence,BB,NA,BB-NA-2012-7-31,2012,7,31,48.5343,-69.2268,Fucus distichus subsp. evanescens,Random,NA,NA,2,2,0.08
1184,merinov_gosl,Gulf of Saint Lawrence,BB,NA,BB-NA-2012-7-31,2012,7,31,48.5343,-69.2268,Fucus vesiculosus,Random,NA,NA,NA,NA,0
1185,merinov_gosl,Gulf of Saint Lawrence,BB,NA,BB-NA-2012-7-31,2012,7,31,48.5343,-69.2262,Ascophyllum nodosum,Random,NA,NA,NA,NA,0
1186,merinov_gosl,Gulf of Saint Lawrence,BB,NA,BB-NA-2012-7-31,2012,7,31,48.5343,-69.2262,Fucus distichus subsp. edentatus,Random,NA,NA,NA,NA,0
1187,merinov_gosl,Gulf of Saint Lawrence,BB,NA,BB-NA-2012-7-31,2012,7,31,48.5343,-69.2262,Fucus distichus subsp. evanescens,Random,NA,NA,NA,NA,0
1188,merinov_gosl,Gulf of Saint Lawrence,BB,NA,BB-NA-2012-7-31,2012,7,31,48.5343,-69.2262,Fucus vesiculosus,Random,NA,NA,NA,NA,0
1189,merinov_gosl,Gulf of Saint Lawrence,BB,NA,BB-NA-2012-7-31,2012,7,31,48.5343,-69.2255,Ascophyllum nodosum,Random,NA,NA,NA,NA,0
1190,merinov_gosl,Gulf of Saint Lawrence,BB,NA,BB-NA-2012-7-31,2012,7,31,48.5343,-69.2255,Fucus distichus subsp. edentatus,Random,NA,NA,NA,NA,0
1191,merinov_gosl,Gulf of Saint Lawrence,BB,NA,BB-NA-2012-7-31,2012,7,31,48.5343,-69.2255,Fucus distichus subsp. evanescens,Random,NA,NA,3,3,0.12
1192,merinov_gosl,Gulf of Saint Lawrence,BB,NA,BB-NA-2012-7-31,2012,7,31,48.5343,-69.2255,Fucus vesiculosus,Random,NA,NA,NA,NA,0
1193,merinov_gosl,Gulf of Saint Lawrence,BB,NA,BB-NA-2012-7-31,2012,7,31,48.5343,-69.2248,Ascophyllum nodosum,Random,NA,NA,NA,NA,0
1194,merinov_gosl,Gulf of Saint Lawrence,BB,NA,BB-NA-2012-7-31,2012,7,31,48.5343,-69.2248,Fucus distichus subsp. edentatus,Random,NA,NA,NA,NA,0
1195,merinov_gosl,Gulf of Saint Lawrence,BB,NA,BB-NA-2012-7-31,2012,7,31,48.5343,-69.2248,Fucus distichus subsp. evanescens,Random,NA,NA,NA,NA,0
1196,merinov_gosl,Gulf of Saint Lawrence,BB,NA,BB-NA-2012-7-31,2012,7,31,48.5343,-69.2248,Fucus vesiculosus,Random,NA,NA,NA,NA,0
1197,merinov_gosl,Gulf of Saint Lawrence,BB,NA,BB-NA-2012-7-31,2012,7,31,48.5343,-69.2242,Ascophyllum nodosum,Random,NA,NA,NA,NA,0
1198,merinov_gosl,Gulf of Saint Lawrence,BB,NA,BB-NA-2012-7-31,2012,7,31,48.5343,-69.2242,Fucus distichus subsp. edentatus,Random,NA,NA,NA,NA,0
1199,merinov_gosl,Gulf of Saint Lawrence,BB,NA,BB-NA-2012-7-31,2012,7,31,48.5343,-69.2242,Fucus distichus subsp. evanescens,Random,NA,NA,NA,NA,0
1200,merinov_gosl,Gulf of Saint Lawrence,BB,NA,BB-NA-2012-7-31,2012,7,31,48.5343,-69.2242,Fucus vesiculosus,Random,NA,NA,NA,NA,0
1201,merinov_gosl,Gulf of Saint Lawrence,BB,NA,BB-NA-2012-7-31,2012,7,31,48.5343,-69.2235,Ascophyllum nodosum,Random,NA,NA,NA,NA,0
1202,merinov_gosl,Gulf of Saint Lawrence,BB,NA,BB-NA-2012-7-31,2012,7,31,48.5343,-69.2235,Fucus distichus subsp. edentatus,Random,NA,NA,NA,NA,0
1203,merinov_gosl,Gulf of Saint Lawrence,BB,NA,BB-NA-2012-7-31,2012,7,31,48.5343,-69.2235,Fucus distichus subsp. evanescens,Random,NA,NA,NA,NA,0
1204,merinov_gosl,Gulf of Saint Lawrence,BB,NA,BB-NA-2012-7-31,2012,7,31,48.5343,-69.2235,Fucus vesiculosus,Random,NA,NA,NA,NA,0
1205,merinov_gosl,Gulf of Saint Lawrence,BB,NA,BB-NA-2012-7-31,2012,7,31,48.5343,-69.2228,Ascophyllum nodosum,Random,NA,NA,NA,NA,0
1206,merinov_gosl,Gulf of Saint Lawrence,BB,NA,BB-NA-2012-7-31,2012,7,31,48.5343,-69.2228,Fucus distichus subsp. edentatus,Random,NA,NA,NA,NA,0
1207,merinov_gosl,Gulf of Saint Lawrence,BB,NA,BB-NA-2012-7-31,2012,7,31,48.5343,-69.2228,Fucus distichus subsp. evanescens,Random,NA,NA,NA,NA,0
1208,merinov_gosl,Gulf of Saint Lawrence,BB,NA,BB-NA-2012-7-31,2012,7,31,48.5343,-69.2228,Fucus vesiculosus,Random,NA,NA,NA,NA,0
1209,merinov_gosl,Gulf of Saint Lawrence,BB,NA,BB-NA-2012-7-31,2012,7,31,48.5343,-69.2222,Ascophyllum nodosum,Random,NA,NA,NA,NA,0
1210,merinov_gosl,Gulf of Saint Lawrence,BB,NA,BB-NA-2012-7-31,2012,7,31,48.5343,-69.2222,Fucus distichus subsp. edentatus,Random,NA,NA,NA,NA,0
1211,merinov_gosl,Gulf of Saint Lawrence,BB,NA,BB-NA-2012-7-31,2012,7,31,48.5343,-69.2222,Fucus distichus subsp. evanescens,Random,NA,NA,NA,NA,0
1212,merinov_gosl,Gulf of Saint Lawrence,BB,NA,BB-NA-2012-7-31,2012,7,31,48.5343,-69.2222,Fucus vesiculosus,Random,NA,NA,NA,NA,0
1213,merinov_gosl,Gulf of Saint Lawrence,BB,NA,BB-NA-2012-7-31,2012,7,31,48.5343,-69.2215,Ascophyllum nodosum,Random,NA,NA,NA,NA,0
1214,merinov_gosl,Gulf of Saint Lawrence,BB,NA,BB-NA-2012-7-31,2012,7,31,48.5343,-69.2215,Fucus distichus subsp. edentatus,Random,NA,NA,NA,NA,0
1215,merinov_gosl,Gulf of Saint Lawrence,BB,NA,BB-NA-2012-7-31,2012,7,31,48.5343,-69.2215,Fucus distichus subsp. evanescens,Random,NA,NA,NA,NA,0
1216,merinov_gosl,Gulf of Saint Lawrence,BB,NA,BB-NA-2012-7-31,2012,7,31,48.5343,-69.2215,Fucus vesiculosus,Random,NA,NA,NA,NA,0
1217,merinov_gosl,Gulf of Saint Lawrence,BB,NA,BB-NA-2012-7-31,2012,7,31,48.5343,-69.2208,Ascophyllum nodosum,Random,NA,NA,NA,NA,0
1218,merinov_gosl,Gulf of Saint Lawrence,BB,NA,BB-NA-2012-7-31,2012,7,31,48.5343,-69.2208,Fucus distichus subsp. edentatus,Random,NA,NA,NA,NA,0
1219,merinov_gosl,Gulf of Saint Lawrence,BB,NA,BB-NA-2012-7-31,2012,7,31,48.5343,-69.2208,Fucus distichus subsp. evanescens,Random,NA,NA,NA,NA,0
1220,merinov_gosl,Gulf of Saint Lawrence,BB,NA,BB-NA-2012-7-31,2012,7,31,48.5343,-69.2208,Fucus vesiculosus,Random,NA,NA,NA,NA,0
1221,merinov_gosl,Gulf of Saint Lawrence,BB,NA,BB-NA-2012-7-31,2012,7,31,48.5343,-69.2202,Ascophyllum nodosum,Random,NA,NA,NA,NA,0
1222,merinov_gosl,Gulf of Saint Lawrence,BB,NA,BB-NA-2012-7-31,2012,7,31,48.5343,-69.2202,Fucus distichus subsp. edentatus,Random,NA,NA,NA,NA,0
1223,merinov_gosl,Gulf of Saint Lawrence,BB,NA,BB-NA-2012-7-31,2012,7,31,48.5343,-69.2202,Fucus distichus subsp. evanescens,Random,NA,NA,NA,NA,0
1224,merinov_gosl,Gulf of Saint Lawrence,BB,NA,BB-NA-2012-7-31,2012,7,31,48.5343,-69.2202,Fucus vesiculosus,Random,NA,NA,NA,NA,0
1225,merinov_gosl,Gulf of Saint Lawrence,BB,NA,BB-NA-2012-7-31,2012,7,31,48.5343,-69.2195,Ascophyllum nodosum,Random,NA,NA,NA,NA,0
1226,merinov_gosl,Gulf of Saint Lawrence,BB,NA,BB-NA-2012-7-31,2012,7,31,48.5343,-69.2195,Fucus distichus subsp. edentatus,Random,NA,NA,NA,NA,0
1227,merinov_gosl,Gulf of Saint Lawrence,BB,NA,BB-NA-2012-7-31,2012,7,31,48.5343,-69.2195,Fucus distichus subsp. evanescens,Random,NA,NA,NA,NA,0
1228,merinov_gosl,Gulf of Saint Lawrence,BB,NA,BB-NA-2012-7-31,2012,7,31,48.5343,-69.2195,Fucus vesiculosus,Random,NA,NA,NA,NA,0
1229,merinov_gosl,Gulf of Saint Lawrence,BB,NA,BB-NA-2012-7-31,2012,7,31,48.5343,-69.2188,Ascophyllum nodosum,Random,NA,NA,NA,NA,0
1230,merinov_gosl,Gulf of Saint Lawrence,BB,NA,BB-NA-2012-7-31,2012,7,31,48.5343,-69.2188,Fucus distichus subsp. edentatus,Random,NA,NA,NA,NA,0
1231,merinov_gosl,Gulf of Saint Lawrence,BB,NA,BB-NA-2012-7-31,2012,7,31,48.5343,-69.2188,Fucus distichus subsp. evanescens,Random,NA,NA,NA,NA,0
1232,merinov_gosl,Gulf of Saint Lawrence,BB,NA,BB-NA-2012-7-31,2012,7,31,48.5343,-69.2188,Fucus vesiculosus,Random,NA,NA,NA,NA,0
1233,merinov_gosl,Gulf of Saint Lawrence,BB,NA,BB-NA-2012-7-25,2012,7,25,48.5433,-69.2457,Ascophyllum nodosum,Random,NA,NA,NA,NA,0
1234,merinov_gosl,Gulf of Saint Lawrence,BB,NA,BB-NA-2012-7-25,2012,7,25,48.5433,-69.2457,Fucus distichus subsp. edentatus,Random,NA,NA,NA,NA,0
1235,merinov_gosl,Gulf of Saint Lawrence,BB,NA,BB-NA-2012-7-25,2012,7,25,48.5433,-69.2457,Fucus distichus subsp. evanescens,Random,NA,NA,NA,NA,0
1236,merinov_gosl,Gulf of Saint Lawrence,BB,NA,BB-NA-2012-7-25,2012,7,25,48.5433,-69.2457,Fucus vesiculosus,Random,NA,NA,NA,NA,0
1237,merinov_gosl,Gulf of Saint Lawrence,BB,NA,BB-NA-2012-7-25,2012,7,25,48.5433,-69.245,Ascophyllum nodosum,Random,NA,NA,NA,NA,0
1238,merinov_gosl,Gulf of Saint Lawrence,BB,NA,BB-NA-2012-7-25,2012,7,25,48.5433,-69.245,Fucus distichus subsp. edentatus,Random,NA,NA,NA,NA,0
1239,merinov_gosl,Gulf of Saint Lawrence,BB,NA,BB-NA-2012-7-25,2012,7,25,48.5433,-69.245,Fucus distichus subsp. evanescens,Random,NA,NA,NA,NA,0
1240,merinov_gosl,Gulf of Saint Lawrence,BB,NA,BB-NA-2012-7-25,2012,7,25,48.5433,-69.245,Fucus vesiculosus,Random,NA,NA,NA,NA,0
1241,merinov_gosl,Gulf of Saint Lawrence,BB,NA,BB-NA-2012-7-25,2012,7,25,48.5433,-69.2443,Ascophyllum nodosum,Random,NA,NA,NA,NA,0
1242,merinov_gosl,Gulf of Saint Lawrence,BB,NA,BB-NA-2012-7-25,2012,7,25,48.5433,-69.2443,Fucus distichus subsp. edentatus,Random,NA,NA,NA,NA,0
1243,merinov_gosl,Gulf of Saint Lawrence,BB,NA,BB-NA-2012-7-25,2012,7,25,48.5433,-69.2443,Fucus distichus subsp. evanescens,Random,NA,NA,NA,NA,0
1244,merinov_gosl,Gulf of Saint Lawrence,BB,NA,BB-NA-2012-7-25,2012,7,25,48.5433,-69.2443,Fucus vesiculosus,Random,NA,NA,NA,NA,0
1245,merinov_gosl,Gulf of Saint Lawrence,BB,NA,BB-NA-2012-7-25,2012,7,25,48.5433,-69.2437,Ascophyllum nodosum,Random,NA,NA,NA,NA,0
1246,merinov_gosl,Gulf of Saint Lawrence,BB,NA,BB-NA-2012-7-25,2012,7,25,48.5433,-69.2437,Fucus distichus subsp. edentatus,Random,NA,NA,NA,NA,0
1247,merinov_gosl,Gulf of Saint Lawrence,BB,NA,BB-NA-2012-7-25,2012,7,25,48.5433,-69.2437,Fucus distichus subsp. evanescens,Random,NA,NA,NA,NA,0
1248,merinov_gosl,Gulf of Saint Lawrence,BB,NA,BB-NA-2012-7-25,2012,7,25,48.5433,-69.2437,Fucus vesiculosus,Random,NA,NA,NA,NA,0
1249,merinov_gosl,Gulf of Saint Lawrence,BB,NA,BB-NA-2012-7-25,2012,7,25,48.5433,-69.243,Ascophyllum nodosum,Random,NA,NA,NA,NA,0
1250,merinov_gosl,Gulf of Saint Lawrence,BB,NA,BB-NA-2012-7-25,2012,7,25,48.5433,-69.243,Fucus distichus subsp. edentatus,Random,NA,NA,NA,NA,0
1251,merinov_gosl,Gulf of Saint Lawrence,BB,NA,BB-NA-2012-7-25,2012,7,25,48.5433,-69.243,Fucus distichus subsp. evanescens,Random,NA,NA,NA,NA,0
1252,merinov_gosl,Gulf of Saint Lawrence,BB,NA,BB-NA-2012-7-25,2012,7,25,48.5433,-69.243,Fucus vesiculosus,Random,NA,NA,NA,NA,0
1253,merinov_gosl,Gulf of Saint Lawrence,BB,NA,BB-NA-2012-7-25,2012,7,25,48.5433,-69.2423,Ascophyllum nodosum,Random,NA,NA,NA,NA,0
1254,merinov_gosl,Gulf of Saint Lawrence,BB,NA,BB-NA-2012-7-25,2012,7,25,48.5433,-69.2423,Fucus distichus subsp. edentatus,Random,NA,NA,NA,NA,0
1255,merinov_gosl,Gulf of Saint Lawrence,BB,NA,BB-NA-2012-7-25,2012,7,25,48.5433,-69.2423,Fucus distichus subsp. evanescens,Random,NA,NA,NA,NA,0
1256,merinov_gosl,Gulf of Saint Lawrence,BB,NA,BB-NA-2012-7-25,2012,7,25,48.5433,-69.2423,Fucus vesiculosus,Random,NA,NA,NA,NA,0
1257,merinov_gosl,Gulf of Saint Lawrence,BB,NA,BB-NA-2012-7-25,2012,7,25,48.5433,-69.2417,Ascophyllum nodosum,Random,NA,NA,NA,NA,0
1258,merinov_gosl,Gulf of Saint Lawrence,BB,NA,BB-NA-2012-7-25,2012,7,25,48.5433,-69.2417,Fucus distichus subsp. edentatus,Random,NA,NA,NA,NA,0
1259,merinov_gosl,Gulf of Saint Lawrence,BB,NA,BB-NA-2012-7-25,2012,7,25,48.5433,-69.2417,Fucus distichus subsp. evanescens,Random,NA,NA,NA,NA,0
1260,merinov_gosl,Gulf of Saint Lawrence,BB,NA,BB-NA-2012-7-25,2012,7,25,48.5433,-69.2417,Fucus vesiculosus,Random,NA,NA,NA,NA,0
1261,merinov_gosl,Gulf of Saint Lawrence,BB,NA,BB-NA-2012-7-25,2012,7,25,48.5433,-69.241,Ascophyllum nodosum,Random,NA,NA,NA,NA,0
1262,merinov_gosl,Gulf of Saint Lawrence,BB,NA,BB-NA-2012-7-25,2012,7,25,48.5433,-69.241,Fucus distichus subsp. edentatus,Random,NA,NA,NA,NA,0
1263,merinov_gosl,Gulf of Saint Lawrence,BB,NA,BB-NA-2012-7-25,2012,7,25,48.5433,-69.241,Fucus distichus subsp. evanescens,Random,NA,NA,NA,NA,0
1264,merinov_gosl,Gulf of Saint Lawrence,BB,NA,BB-NA-2012-7-25,2012,7,25,48.5433,-69.241,Fucus vesiculosus,Random,NA,NA,NA,NA,0
1265,merinov_gosl,Gulf of Saint Lawrence,BB,NA,BB-NA-2012-7-25,2012,7,25,48.5433,-69.2403,Ascophyllum nodosum,Random,NA,NA,NA,NA,0
1266,merinov_gosl,Gulf of Saint Lawrence,BB,NA,BB-NA-2012-7-25,2012,7,25,48.5433,-69.2403,Fucus distichus subsp. edentatus,Random,NA,NA,NA,NA,0
1267,merinov_gosl,Gulf of Saint Lawrence,BB,NA,BB-NA-2012-7-25,2012,7,25,48.5433,-69.2403,Fucus distichus subsp. evanescens,Random,NA,NA,NA,NA,0
1268,merinov_gosl,Gulf of Saint Lawrence,BB,NA,BB-NA-2012-7-25,2012,7,25,48.5433,-69.2403,Fucus vesiculosus,Random,NA,NA,NA,NA,0
1269,merinov_gosl,Gulf of Saint Lawrence,BB,NA,BB-NA-2012-7-25,2012,7,25,48.5433,-69.2397,Ascophyllum nodosum,Random,NA,NA,NA,NA,0
1270,merinov_gosl,Gulf of Saint Lawrence,BB,NA,BB-NA-2012-7-25,2012,7,25,48.5433,-69.2397,Fucus distichus subsp. edentatus,Random,NA,NA,NA,NA,0
1271,merinov_gosl,Gulf of Saint Lawrence,BB,NA,BB-NA-2012-7-25,2012,7,25,48.5433,-69.2397,Fucus distichus subsp. evanescens,Random,NA,NA,NA,NA,0
1272,merinov_gosl,Gulf of Saint Lawrence,BB,NA,BB-NA-2012-7-25,2012,7,25,48.5433,-69.2397,Fucus vesiculosus,Random,NA,NA,NA,NA,0
1273,merinov_gosl,Gulf of Saint Lawrence,BB,NA,BB-NA-2012-7-25,2012,7,25,48.5433,-69.239,Ascophyllum nodosum,Random,NA,NA,NA,NA,0
1274,merinov_gosl,Gulf of Saint Lawrence,BB,NA,BB-NA-2012-7-25,2012,7,25,48.5433,-69.239,Fucus distichus subsp. edentatus,Random,NA,NA,NA,NA,0
1275,merinov_gosl,Gulf of Saint Lawrence,BB,NA,BB-NA-2012-7-25,2012,7,25,48.5433,-69.239,Fucus distichus subsp. evanescens,Random,NA,NA,NA,NA,0
1276,merinov_gosl,Gulf of Saint Lawrence,BB,NA,BB-NA-2012-7-25,2012,7,25,48.5433,-69.239,Fucus vesiculosus,Random,NA,NA,NA,NA,0
1277,merinov_gosl,Gulf of Saint Lawrence,BB,NA,BB-NA-2012-7-25,2012,7,25,48.5433,-69.2383,Ascophyllum nodosum,Random,NA,NA,NA,NA,0
1278,merinov_gosl,Gulf of Saint Lawrence,BB,NA,BB-NA-2012-7-25,2012,7,25,48.5433,-69.2383,Fucus distichus subsp. edentatus,Random,NA,NA,NA,NA,0
1279,merinov_gosl,Gulf of Saint Lawrence,BB,NA,BB-NA-2012-7-25,2012,7,25,48.5433,-69.2383,Fucus distichus subsp. evanescens,Random,NA,NA,2,2,0.18
1280,merinov_gosl,Gulf of Saint Lawrence,BB,NA,BB-NA-2012-7-25,2012,7,25,48.5433,-69.2383,Fucus vesiculosus,Random,NA,NA,2,2,0.06
1281,merinov_gosl,Gulf of Saint Lawrence,BB,NA,BB-NA-2012-7-25,2012,7,25,48.5433,-69.2377,Ascophyllum nodosum,Random,NA,NA,NA,NA,0
1282,merinov_gosl,Gulf of Saint Lawrence,BB,NA,BB-NA-2012-7-25,2012,7,25,48.5433,-69.2377,Fucus distichus subsp. edentatus,Random,NA,NA,NA,NA,0
1283,merinov_gosl,Gulf of Saint Lawrence,BB,NA,BB-NA-2012-7-25,2012,7,25,48.5433,-69.2377,Fucus distichus subsp. evanescens,Random,NA,NA,NA,NA,0
1284,merinov_gosl,Gulf of Saint Lawrence,BB,NA,BB-NA-2012-7-25,2012,7,25,48.5433,-69.2377,Fucus vesiculosus,Random,NA,NA,NA,NA,0
1285,merinov_gosl,Gulf of Saint Lawrence,BB,NA,BB-NA-2012-7-25,2012,7,25,48.5433,-69.237,Ascophyllum nodosum,Random,NA,NA,NA,NA,0
1286,merinov_gosl,Gulf of Saint Lawrence,BB,NA,BB-NA-2012-7-25,2012,7,25,48.5433,-69.237,Fucus distichus subsp. edentatus,Random,NA,NA,NA,NA,0
1287,merinov_gosl,Gulf of Saint Lawrence,BB,NA,BB-NA-2012-7-25,2012,7,25,48.5433,-69.237,Fucus distichus subsp. evanescens,Random,NA,NA,NA,NA,0
1288,merinov_gosl,Gulf of Saint Lawrence,BB,NA,BB-NA-2012-7-25,2012,7,25,48.5433,-69.237,Fucus vesiculosus,Random,NA,NA,NA,NA,0
1289,merinov_gosl,Gulf of Saint Lawrence,BB,NA,BB-NA-2012-7-25,2012,7,25,48.5433,-69.2363,Ascophyllum nodosum,Random,NA,NA,NA,NA,0
1290,merinov_gosl,Gulf of Saint Lawrence,BB,NA,BB-NA-2012-7-25,2012,7,25,48.5433,-69.2363,Fucus distichus subsp. edentatus,Random,NA,NA,NA,NA,0
1291,merinov_gosl,Gulf of Saint Lawrence,BB,NA,BB-NA-2012-7-25,2012,7,25,48.5433,-69.2363,Fucus distichus subsp. evanescens,Random,NA,NA,6,6,0.25
1292,merinov_gosl,Gulf of Saint Lawrence,BB,NA,BB-NA-2012-7-25,2012,7,25,48.5433,-69.2363,Fucus vesiculosus,Random,NA,NA,1,1,0.06
1293,merinov_gosl,Gulf of Saint Lawrence,BB,NA,BB-NA-2012-7-25,2012,7,25,48.5433,-69.2357,Ascophyllum nodosum,Random,NA,NA,NA,NA,0
1294,merinov_gosl,Gulf of Saint Lawrence,BB,NA,BB-NA-2012-7-25,2012,7,25,48.5433,-69.2357,Fucus distichus subsp. edentatus,Random,NA,NA,NA,NA,0
1295,merinov_gosl,Gulf of Saint Lawrence,BB,NA,BB-NA-2012-7-25,2012,7,25,48.5433,-69.2357,Fucus distichus subsp. evanescens,Random,NA,NA,NA,NA,0
1296,merinov_gosl,Gulf of Saint Lawrence,BB,NA,BB-NA-2012-7-25,2012,7,25,48.5433,-69.2357,Fucus vesiculosus,Random,NA,NA,NA,NA,0
1297,merinov_gosl,Gulf of Saint Lawrence,BB,NA,BB-NA-2012-7-25,2012,7,25,48.5433,-69.235,Ascophyllum nodosum,Random,NA,NA,NA,NA,0
1298,merinov_gosl,Gulf of Saint Lawrence,BB,NA,BB-NA-2012-7-25,2012,7,25,48.5433,-69.235,Fucus distichus subsp. edentatus,Random,NA,NA,NA,NA,0
1299,merinov_gosl,Gulf of Saint Lawrence,BB,NA,BB-NA-2012-7-25,2012,7,25,48.5433,-69.235,Fucus distichus subsp. evanescens,Random,NA,NA,6,6,0.18
1300,merinov_gosl,Gulf of Saint Lawrence,BB,NA,BB-NA-2012-7-25,2012,7,25,48.5433,-69.235,Fucus vesiculosus,Random,NA,NA,19,19,1.83
1301,merinov_gosl,Gulf of Saint Lawrence,BB,NA,BB-NA-2012-7-25,2012,7,25,48.5433,-69.2343,Ascophyllum nodosum,Random,NA,NA,NA,NA,0
1302,merinov_gosl,Gulf of Saint Lawrence,BB,NA,BB-NA-2012-7-25,2012,7,25,48.5433,-69.2343,Fucus distichus subsp. edentatus,Random,NA,NA,NA,NA,0
1303,merinov_gosl,Gulf of Saint Lawrence,BB,NA,BB-NA-2012-7-25,2012,7,25,48.5433,-69.2343,Fucus distichus subsp. evanescens,Random,NA,NA,NA,NA,0
1304,merinov_gosl,Gulf of Saint Lawrence,BB,NA,BB-NA-2012-7-25,2012,7,25,48.5433,-69.2343,Fucus vesiculosus,Random,NA,NA,NA,NA,0
1305,merinov_gosl,Gulf of Saint Lawrence,BB,NA,BB-NA-2012-7-25,2012,7,25,48.5433,-69.2337,Ascophyllum nodosum,Random,NA,NA,NA,NA,0
1306,merinov_gosl,Gulf of Saint Lawrence,BB,NA,BB-NA-2012-7-25,2012,7,25,48.5433,-69.2337,Fucus distichus subsp. edentatus,Random,NA,NA,NA,NA,0
1307,merinov_gosl,Gulf of Saint Lawrence,BB,NA,BB-NA-2012-7-25,2012,7,25,48.5433,-69.2337,Fucus distichus subsp. evanescens,Random,NA,NA,2,2,0.01
1308,merinov_gosl,Gulf of Saint Lawrence,BB,NA,BB-NA-2012-7-25,2012,7,25,48.5433,-69.2337,Fucus vesiculosus,Random,NA,NA,NA,NA,0
1309,merinov_gosl,Gulf of Saint Lawrence,BB,NA,BB-NA-2012-7-25,2012,7,25,48.5433,-69.233,Ascophyllum nodosum,Random,NA,NA,NA,NA,0
1310,merinov_gosl,Gulf of Saint Lawrence,BB,NA,BB-NA-2012-7-25,2012,7,25,48.5433,-69.233,Fucus distichus subsp. edentatus,Random,NA,NA,NA,NA,0
1311,merinov_gosl,Gulf of Saint Lawrence,BB,NA,BB-NA-2012-7-25,2012,7,25,48.5433,-69.233,Fucus distichus subsp. evanescens,Random,NA,NA,NA,NA,0
1312,merinov_gosl,Gulf of Saint Lawrence,BB,NA,BB-NA-2012-7-25,2012,7,25,48.5433,-69.233,Fucus vesiculosus,Random,NA,NA,NA,NA,0
1313,merinov_gosl,Gulf of Saint Lawrence,BB,NA,BB-NA-2012-7-25,2012,7,25,48.5433,-69.2323,Ascophyllum nodosum,Random,NA,NA,NA,NA,0
1314,merinov_gosl,Gulf of Saint Lawrence,BB,NA,BB-NA-2012-7-25,2012,7,25,48.5433,-69.2323,Fucus distichus subsp. edentatus,Random,NA,NA,NA,NA,0
1315,merinov_gosl,Gulf of Saint Lawrence,BB,NA,BB-NA-2012-7-25,2012,7,25,48.5433,-69.2323,Fucus distichus subsp. evanescens,Random,NA,NA,12,12,0.35
1316,merinov_gosl,Gulf of Saint Lawrence,BB,NA,BB-NA-2012-7-25,2012,7,25,48.5433,-69.2323,Fucus vesiculosus,Random,NA,NA,4,4,0.12
1317,merinov_gosl,Gulf of Saint Lawrence,BB,NA,BB-NA-2012-7-25,2012,7,25,48.5433,-69.2317,Ascophyllum nodosum,Random,NA,NA,NA,NA,0
1318,merinov_gosl,Gulf of Saint Lawrence,BB,NA,BB-NA-2012-7-25,2012,7,25,48.5433,-69.2317,Fucus distichus subsp. edentatus,Random,NA,NA,NA,NA,0
1319,merinov_gosl,Gulf of Saint Lawrence,BB,NA,BB-NA-2012-7-25,2012,7,25,48.5433,-69.2317,Fucus distichus subsp. evanescens,Random,NA,NA,NA,NA,0
1320,merinov_gosl,Gulf of Saint Lawrence,BB,NA,BB-NA-2012-7-25,2012,7,25,48.5433,-69.2317,Fucus vesiculosus,Random,NA,NA,NA,NA,0
1321,merinov_gosl,Gulf of Saint Lawrence,BB,NA,BB-NA-2012-8-2,2012,8,2,48.5478,-69.2414,Ascophyllum nodosum,Random,NA,NA,NA,NA,0
1322,merinov_gosl,Gulf of Saint Lawrence,BB,NA,BB-NA-2012-8-2,2012,8,2,48.5478,-69.2414,Fucus distichus subsp. edentatus,Random,NA,NA,NA,NA,0
1323,merinov_gosl,Gulf of Saint Lawrence,BB,NA,BB-NA-2012-8-2,2012,8,2,48.5478,-69.2414,Fucus distichus subsp. evanescens,Random,NA,NA,NA,NA,0
1324,merinov_gosl,Gulf of Saint Lawrence,BB,NA,BB-NA-2012-8-2,2012,8,2,48.5478,-69.2414,Fucus vesiculosus,Random,NA,NA,NA,NA,0
1325,merinov_gosl,Gulf of Saint Lawrence,BB,NA,BB-NA-2012-8-2,2012,8,2,48.5478,-69.2408,Ascophyllum nodosum,Random,NA,NA,NA,NA,0
1326,merinov_gosl,Gulf of Saint Lawrence,BB,NA,BB-NA-2012-8-2,2012,8,2,48.5478,-69.2408,Fucus distichus subsp. edentatus,Random,NA,NA,NA,NA,0
1327,merinov_gosl,Gulf of Saint Lawrence,BB,NA,BB-NA-2012-8-2,2012,8,2,48.5478,-69.2408,Fucus distichus subsp. evanescens,Random,NA,NA,NA,NA,0
1328,merinov_gosl,Gulf of Saint Lawrence,BB,NA,BB-NA-2012-8-2,2012,8,2,48.5478,-69.2408,Fucus vesiculosus,Random,NA,NA,NA,NA,0
1329,merinov_gosl,Gulf of Saint Lawrence,BB,NA,BB-NA-2012-8-2,2012,8,2,48.5478,-69.2401,Ascophyllum nodosum,Random,NA,NA,NA,NA,0
1330,merinov_gosl,Gulf of Saint Lawrence,BB,NA,BB-NA-2012-8-2,2012,8,2,48.5478,-69.2401,Fucus distichus subsp. edentatus,Random,NA,NA,NA,NA,0
1331,merinov_gosl,Gulf of Saint Lawrence,BB,NA,BB-NA-2012-8-2,2012,8,2,48.5478,-69.2401,Fucus distichus subsp. evanescens,Random,NA,NA,NA,NA,0
1332,merinov_gosl,Gulf of Saint Lawrence,BB,NA,BB-NA-2012-8-2,2012,8,2,48.5478,-69.2401,Fucus vesiculosus,Random,NA,NA,NA,NA,0
1333,merinov_gosl,Gulf of Saint Lawrence,BB,NA,BB-NA-2012-8-2,2012,8,2,48.5478,-69.2394,Ascophyllum nodosum,Random,NA,NA,NA,NA,0
1334,merinov_gosl,Gulf of Saint Lawrence,BB,NA,BB-NA-2012-8-2,2012,8,2,48.5478,-69.2394,Fucus distichus subsp. edentatus,Random,NA,NA,NA,NA,0
1335,merinov_gosl,Gulf of Saint Lawrence,BB,NA,BB-NA-2012-8-2,2012,8,2,48.5478,-69.2394,Fucus distichus subsp. evanescens,Random,NA,NA,NA,NA,0
1336,merinov_gosl,Gulf of Saint Lawrence,BB,NA,BB-NA-2012-8-2,2012,8,2,48.5478,-69.2394,Fucus vesiculosus,Random,NA,NA,NA,NA,0
1337,merinov_gosl,Gulf of Saint Lawrence,BB,NA,BB-NA-2012-8-2,2012,8,2,48.5478,-69.2388,Ascophyllum nodosum,Random,NA,NA,NA,NA,0
1338,merinov_gosl,Gulf of Saint Lawrence,BB,NA,BB-NA-2012-8-2,2012,8,2,48.5478,-69.2388,Fucus distichus subsp. edentatus,Random,NA,NA,NA,NA,0
1339,merinov_gosl,Gulf of Saint Lawrence,BB,NA,BB-NA-2012-8-2,2012,8,2,48.5478,-69.2388,Fucus distichus subsp. evanescens,Random,NA,NA,NA,NA,0
1340,merinov_gosl,Gulf of Saint Lawrence,BB,NA,BB-NA-2012-8-2,2012,8,2,48.5478,-69.2388,Fucus vesiculosus,Random,NA,NA,1,1,0.06
1341,merinov_gosl,Gulf of Saint Lawrence,BB,NA,BB-NA-2012-8-2,2012,8,2,48.5478,-69.2381,Ascophyllum nodosum,Random,NA,NA,NA,NA,0
1342,merinov_gosl,Gulf of Saint Lawrence,BB,NA,BB-NA-2012-8-2,2012,8,2,48.5478,-69.2381,Fucus distichus subsp. edentatus,Random,NA,NA,NA,NA,0
1343,merinov_gosl,Gulf of Saint Lawrence,BB,NA,BB-NA-2012-8-2,2012,8,2,48.5478,-69.2381,Fucus distichus subsp. evanescens,Random,NA,NA,NA,NA,0
1344,merinov_gosl,Gulf of Saint Lawrence,BB,NA,BB-NA-2012-8-2,2012,8,2,48.5478,-69.2381,Fucus vesiculosus,Random,NA,NA,NA,NA,0
1345,merinov_gosl,Gulf of Saint Lawrence,BB,NA,BB-NA-2012-8-2,2012,8,2,48.5478,-69.2374,Ascophyllum nodosum,Random,NA,NA,NA,NA,0
1346,merinov_gosl,Gulf of Saint Lawrence,BB,NA,BB-NA-2012-8-2,2012,8,2,48.5478,-69.2374,Fucus distichus subsp. edentatus,Random,NA,NA,NA,NA,0
1347,merinov_gosl,Gulf of Saint Lawrence,BB,NA,BB-NA-2012-8-2,2012,8,2,48.5478,-69.2374,Fucus distichus subsp. evanescens,Random,NA,NA,NA,NA,0
1348,merinov_gosl,Gulf of Saint Lawrence,BB,NA,BB-NA-2012-8-2,2012,8,2,48.5478,-69.2374,Fucus vesiculosus,Random,NA,NA,NA,NA,0
1349,merinov_gosl,Gulf of Saint Lawrence,BB,NA,BB-NA-2012-8-2,2012,8,2,48.5478,-69.2368,Ascophyllum nodosum,Random,NA,NA,NA,NA,0
1350,merinov_gosl,Gulf of Saint Lawrence,BB,NA,BB-NA-2012-8-2,2012,8,2,48.5478,-69.2368,Fucus distichus subsp. edentatus,Random,NA,NA,NA,NA,0
1351,merinov_gosl,Gulf of Saint Lawrence,BB,NA,BB-NA-2012-8-2,2012,8,2,48.5478,-69.2368,Fucus distichus subsp. evanescens,Random,NA,NA,NA,NA,0
1352,merinov_gosl,Gulf of Saint Lawrence,BB,NA,BB-NA-2012-8-2,2012,8,2,48.5478,-69.2368,Fucus vesiculosus,Random,NA,NA,NA,NA,0
1353,merinov_gosl,Gulf of Saint Lawrence,BB,NA,BB-NA-2012-8-2,2012,8,2,48.5478,-69.2361,Ascophyllum nodosum,Random,NA,NA,NA,NA,0
1354,merinov_gosl,Gulf of Saint Lawrence,BB,NA,BB-NA-2012-8-2,2012,8,2,48.5478,-69.2361,Fucus distichus subsp. edentatus,Random,NA,NA,NA,NA,0
1355,merinov_gosl,Gulf of Saint Lawrence,BB,NA,BB-NA-2012-8-2,2012,8,2,48.5478,-69.2361,Fucus distichus subsp. evanescens,Random,NA,NA,10,10,0.04
1356,merinov_gosl,Gulf of Saint Lawrence,BB,NA,BB-NA-2012-8-2,2012,8,2,48.5478,-69.2361,Fucus vesiculosus,Random,NA,NA,4,4,0.33
1357,merinov_gosl,Gulf of Saint Lawrence,BB,NA,BB-NA-2012-8-2,2012,8,2,48.5478,-69.2354,Ascophyllum nodosum,Random,NA,NA,NA,NA,0
1358,merinov_gosl,Gulf of Saint Lawrence,BB,NA,BB-NA-2012-8-2,2012,8,2,48.5478,-69.2354,Fucus distichus subsp. edentatus,Random,NA,NA,NA,NA,0
1359,merinov_gosl,Gulf of Saint Lawrence,BB,NA,BB-NA-2012-8-2,2012,8,2,48.5478,-69.2354,Fucus distichus subsp. evanescens,Random,NA,NA,2,2,0.02
1360,merinov_gosl,Gulf of Saint Lawrence,BB,NA,BB-NA-2012-8-2,2012,8,2,48.5478,-69.2354,Fucus vesiculosus,Random,NA,NA,NA,NA,0
1361,merinov_gosl,Gulf of Saint Lawrence,BB,NA,BB-NA-2012-8-2,2012,8,2,48.5478,-69.2348,Ascophyllum nodosum,Random,NA,NA,NA,NA,0
1362,merinov_gosl,Gulf of Saint Lawrence,BB,NA,BB-NA-2012-8-2,2012,8,2,48.5478,-69.2348,Fucus distichus subsp. edentatus,Random,NA,NA,NA,NA,0
1363,merinov_gosl,Gulf of Saint Lawrence,BB,NA,BB-NA-2012-8-2,2012,8,2,48.5478,-69.2348,Fucus distichus subsp. evanescens,Random,NA,NA,NA,NA,0
1364,merinov_gosl,Gulf of Saint Lawrence,BB,NA,BB-NA-2012-8-2,2012,8,2,48.5478,-69.2348,Fucus vesiculosus,Random,NA,NA,NA,NA,0
1365,merinov_gosl,Gulf of Saint Lawrence,BB,NA,BB-NA-2012-8-2,2012,8,2,48.5478,-69.2341,Ascophyllum nodosum,Random,NA,NA,NA,NA,0
1366,merinov_gosl,Gulf of Saint Lawrence,BB,NA,BB-NA-2012-8-2,2012,8,2,48.5478,-69.2341,Fucus distichus subsp. edentatus,Random,NA,NA,NA,NA,0
1367,merinov_gosl,Gulf of Saint Lawrence,BB,NA,BB-NA-2012-8-2,2012,8,2,48.5478,-69.2341,Fucus distichus subsp. evanescens,Random,NA,NA,5,5,0.4
1368,merinov_gosl,Gulf of Saint Lawrence,BB,NA,BB-NA-2012-8-2,2012,8,2,48.5478,-69.2341,Fucus vesiculosus,Random,NA,NA,NA,NA,0
1369,merinov_gosl,Gulf of Saint Lawrence,BB,NA,BB-NA-2012-8-2,2012,8,2,48.5478,-69.2334,Ascophyllum nodosum,Random,NA,NA,NA,NA,0
1370,merinov_gosl,Gulf of Saint Lawrence,BB,NA,BB-NA-2012-8-2,2012,8,2,48.5478,-69.2334,Fucus distichus subsp. edentatus,Random,NA,NA,NA,NA,0
1371,merinov_gosl,Gulf of Saint Lawrence,BB,NA,BB-NA-2012-8-2,2012,8,2,48.5478,-69.2334,Fucus distichus subsp. evanescens,Random,NA,NA,2,2,0.13
1372,merinov_gosl,Gulf of Saint Lawrence,BB,NA,BB-NA-2012-8-2,2012,8,2,48.5478,-69.2334,Fucus vesiculosus,Random,NA,NA,NA,NA,0
1373,merinov_gosl,Gulf of Saint Lawrence,BB,NA,BB-NA-2012-8-2,2012,8,2,48.5478,-69.2328,Ascophyllum nodosum,Random,NA,NA,NA,NA,0
1374,merinov_gosl,Gulf of Saint Lawrence,BB,NA,BB-NA-2012-8-2,2012,8,2,48.5478,-69.2328,Fucus distichus subsp. edentatus,Random,NA,NA,NA,NA,0
1375,merinov_gosl,Gulf of Saint Lawrence,BB,NA,BB-NA-2012-8-2,2012,8,2,48.5478,-69.2328,Fucus distichus subsp. evanescens,Random,NA,NA,NA,NA,0
1376,merinov_gosl,Gulf of Saint Lawrence,BB,NA,BB-NA-2012-8-2,2012,8,2,48.5478,-69.2328,Fucus vesiculosus,Random,NA,NA,NA,NA,0
1377,merinov_gosl,Gulf of Saint Lawrence,BB,NA,BB-NA-2012-8-2,2012,8,2,48.5478,-69.2321,Ascophyllum nodosum,Random,NA,NA,NA,NA,0
1378,merinov_gosl,Gulf of Saint Lawrence,BB,NA,BB-NA-2012-8-2,2012,8,2,48.5478,-69.2321,Fucus distichus subsp. edentatus,Random,NA,NA,NA,NA,0
1379,merinov_gosl,Gulf of Saint Lawrence,BB,NA,BB-NA-2012-8-2,2012,8,2,48.5478,-69.2321,Fucus distichus subsp. evanescens,Random,NA,NA,NA,NA,0
1380,merinov_gosl,Gulf of Saint Lawrence,BB,NA,BB-NA-2012-8-2,2012,8,2,48.5478,-69.2321,Fucus vesiculosus,Random,NA,NA,NA,NA,0
1381,merinov_gosl,Gulf of Saint Lawrence,BB,NA,BB-NA-2012-8-2,2012,8,2,48.5478,-69.2314,Ascophyllum nodosum,Random,NA,NA,NA,NA,0
1382,merinov_gosl,Gulf of Saint Lawrence,BB,NA,BB-NA-2012-8-2,2012,8,2,48.5478,-69.2314,Fucus distichus subsp. edentatus,Random,NA,NA,NA,NA,0
1383,merinov_gosl,Gulf of Saint Lawrence,BB,NA,BB-NA-2012-8-2,2012,8,2,48.5478,-69.2314,Fucus distichus subsp. evanescens,Random,NA,NA,NA,NA,0
1384,merinov_gosl,Gulf of Saint Lawrence,BB,NA,BB-NA-2012-8-2,2012,8,2,48.5478,-69.2314,Fucus vesiculosus,Random,NA,NA,NA,NA,0
1385,merinov_gosl,Gulf of Saint Lawrence,BB,NA,BB-NA-2012-8-2,2012,8,2,48.5478,-69.2308,Ascophyllum nodosum,Random,NA,NA,NA,NA,0
1386,merinov_gosl,Gulf of Saint Lawrence,BB,NA,BB-NA-2012-8-2,2012,8,2,48.5478,-69.2308,Fucus distichus subsp. edentatus,Random,NA,NA,NA,NA,0
1387,merinov_gosl,Gulf of Saint Lawrence,BB,NA,BB-NA-2012-8-2,2012,8,2,48.5478,-69.2308,Fucus distichus subsp. evanescens,Random,NA,NA,NA,NA,0
1388,merinov_gosl,Gulf of Saint Lawrence,BB,NA,BB-NA-2012-8-2,2012,8,2,48.5478,-69.2308,Fucus vesiculosus,Random,NA,NA,NA,NA,0
1389,merinov_gosl,Gulf of Saint Lawrence,BB,NA,BB-NA-2012-8-2,2012,8,2,48.5478,-69.2301,Ascophyllum nodosum,Random,NA,NA,NA,NA,0
1390,merinov_gosl,Gulf of Saint Lawrence,BB,NA,BB-NA-2012-8-2,2012,8,2,48.5478,-69.2301,Fucus distichus subsp. edentatus,Random,NA,NA,NA,NA,0
1391,merinov_gosl,Gulf of Saint Lawrence,BB,NA,BB-NA-2012-8-2,2012,8,2,48.5478,-69.2301,Fucus distichus subsp. evanescens,Random,NA,NA,NA,NA,0
1392,merinov_gosl,Gulf of Saint Lawrence,BB,NA,BB-NA-2012-8-2,2012,8,2,48.5478,-69.2301,Fucus vesiculosus,Random,NA,NA,NA,NA,0
1393,merinov_gosl,Gulf of Saint Lawrence,BB,NA,BB-NA-2012-8-2,2012,8,2,48.5478,-69.2294,Ascophyllum nodosum,Random,NA,NA,NA,NA,0
1394,merinov_gosl,Gulf of Saint Lawrence,BB,NA,BB-NA-2012-8-2,2012,8,2,48.5478,-69.2294,Fucus distichus subsp. edentatus,Random,NA,NA,NA,NA,0
1395,merinov_gosl,Gulf of Saint Lawrence,BB,NA,BB-NA-2012-8-2,2012,8,2,48.5478,-69.2294,Fucus distichus subsp. evanescens,Random,NA,NA,NA,NA,0
1396,merinov_gosl,Gulf of Saint Lawrence,BB,NA,BB-NA-2012-8-2,2012,8,2,48.5478,-69.2294,Fucus vesiculosus,Random,NA,NA,NA,NA,0
1397,merinov_gosl,Gulf of Saint Lawrence,BB,NA,BB-NA-2012-8-2,2012,8,2,48.5478,-69.2288,Ascophyllum nodosum,Random,NA,NA,NA,NA,0
1398,merinov_gosl,Gulf of Saint Lawrence,BB,NA,BB-NA-2012-8-2,2012,8,2,48.5478,-69.2288,Fucus distichus subsp. edentatus,Random,NA,NA,NA,NA,0
1399,merinov_gosl,Gulf of Saint Lawrence,BB,NA,BB-NA-2012-8-2,2012,8,2,48.5478,-69.2288,Fucus distichus subsp. evanescens,Random,NA,NA,NA,NA,0
1400,merinov_gosl,Gulf of Saint Lawrence,BB,NA,BB-NA-2012-8-2,2012,8,2,48.5478,-69.2288,Fucus vesiculosus,Random,NA,NA,NA,NA,0
1401,merinov_gosl,Gulf of Saint Lawrence,BB,NA,BB-NA-2012-8-2,2012,8,2,48.5478,-69.2281,Ascophyllum nodosum,Random,NA,NA,NA,NA,0
1402,merinov_gosl,Gulf of Saint Lawrence,BB,NA,BB-NA-2012-8-2,2012,8,2,48.5478,-69.2281,Fucus distichus subsp. edentatus,Random,NA,NA,NA,NA,0
1403,merinov_gosl,Gulf of Saint Lawrence,BB,NA,BB-NA-2012-8-2,2012,8,2,48.5478,-69.2281,Fucus distichus subsp. evanescens,Random,NA,NA,NA,NA,0
1404,merinov_gosl,Gulf of Saint Lawrence,BB,NA,BB-NA-2012-8-2,2012,8,2,48.5478,-69.2281,Fucus vesiculosus,Random,NA,NA,NA,NA,0
1405,merinov_gosl,Gulf of Saint Lawrence,BB,NA,BB-NA-2012-8-2,2012,8,2,48.5478,-69.2274,Ascophyllum nodosum,Random,NA,NA,NA,NA,0
1406,merinov_gosl,Gulf of Saint Lawrence,BB,NA,BB-NA-2012-8-2,2012,8,2,48.5478,-69.2274,Fucus distichus subsp. edentatus,Random,NA,NA,NA,NA,0
1407,merinov_gosl,Gulf of Saint Lawrence,BB,NA,BB-NA-2012-8-2,2012,8,2,48.5478,-69.2274,Fucus distichus subsp. evanescens,Random,NA,NA,3,3,0.04
1408,merinov_gosl,Gulf of Saint Lawrence,BB,NA,BB-NA-2012-8-2,2012,8,2,48.5478,-69.2274,Fucus vesiculosus,Random,NA,NA,NA,NA,0
1409,merinov_gosl,Gulf of Saint Lawrence,BB,NA,BB-NA-2012-8-2,2012,8,2,48.5478,-69.2268,Ascophyllum nodosum,Random,NA,NA,NA,NA,0
1410,merinov_gosl,Gulf of Saint Lawrence,BB,NA,BB-NA-2012-8-2,2012,8,2,48.5478,-69.2268,Fucus distichus subsp. edentatus,Random,NA,NA,NA,NA,0
1411,merinov_gosl,Gulf of Saint Lawrence,BB,NA,BB-NA-2012-8-2,2012,8,2,48.5478,-69.2268,Fucus distichus subsp. evanescens,Random,NA,NA,NA,NA,0
1412,merinov_gosl,Gulf of Saint Lawrence,BB,NA,BB-NA-2012-8-2,2012,8,2,48.5478,-69.2268,Fucus vesiculosus,Random,NA,NA,NA,NA,0
1413,merinov_gosl,Gulf of Saint Lawrence,BB,NA,BB-NA-2012-8-2,2012,8,2,48.5478,-69.2261,Ascophyllum nodosum,Random,NA,NA,NA,NA,0
1414,merinov_gosl,Gulf of Saint Lawrence,BB,NA,BB-NA-2012-8-2,2012,8,2,48.5478,-69.2261,Fucus distichus subsp. edentatus,Random,NA,NA,NA,NA,0
1415,merinov_gosl,Gulf of Saint Lawrence,BB,NA,BB-NA-2012-8-2,2012,8,2,48.5478,-69.2261,Fucus distichus subsp. evanescens,Random,NA,NA,1,1,0.01
1416,merinov_gosl,Gulf of Saint Lawrence,BB,NA,BB-NA-2012-8-2,2012,8,2,48.5478,-69.2261,Fucus vesiculosus,Random,NA,NA,NA,NA,0
1417,merinov_gosl,Gulf of Saint Lawrence,BB,NA,BB-NA-2012-8-2,2012,8,2,48.5478,-69.2254,Ascophyllum nodosum,Random,NA,NA,NA,NA,0
1418,merinov_gosl,Gulf of Saint Lawrence,BB,NA,BB-NA-2012-8-2,2012,8,2,48.5478,-69.2254,Fucus distichus subsp. edentatus,Random,NA,NA,NA,NA,0
1419,merinov_gosl,Gulf of Saint Lawrence,BB,NA,BB-NA-2012-8-2,2012,8,2,48.5478,-69.2254,Fucus distichus subsp. evanescens,Random,NA,NA,NA,NA,0
1420,merinov_gosl,Gulf of Saint Lawrence,BB,NA,BB-NA-2012-8-2,2012,8,2,48.5478,-69.2254,Fucus vesiculosus,Random,NA,NA,NA,NA,0
1421,merinov_gosl,Gulf of Saint Lawrence,BB,NA,BB-NA-2012-8-2,2012,8,2,48.5478,-69.2248,Ascophyllum nodosum,Random,NA,NA,NA,NA,0
1422,merinov_gosl,Gulf of Saint Lawrence,BB,NA,BB-NA-2012-8-2,2012,8,2,48.5478,-69.2248,Fucus distichus subsp. edentatus,Random,NA,NA,NA,NA,0
1423,merinov_gosl,Gulf of Saint Lawrence,BB,NA,BB-NA-2012-8-2,2012,8,2,48.5478,-69.2248,Fucus distichus subsp. evanescens,Random,NA,NA,1,1,0.01
1424,merinov_gosl,Gulf of Saint Lawrence,BB,NA,BB-NA-2012-8-2,2012,8,2,48.5478,-69.2248,Fucus vesiculosus,Random,NA,NA,NA,NA,0
1425,merinov_gosl,Gulf of Saint Lawrence,BB,NA,BB-NA-2012-8-2,2012,8,2,48.5478,-69.2241,Ascophyllum nodosum,Random,NA,NA,NA,NA,0
1426,merinov_gosl,Gulf of Saint Lawrence,BB,NA,BB-NA-2012-8-2,2012,8,2,48.5478,-69.2241,Fucus distichus subsp. edentatus,Random,NA,NA,NA,NA,0
1427,merinov_gosl,Gulf of Saint Lawrence,BB,NA,BB-NA-2012-8-2,2012,8,2,48.5478,-69.2241,Fucus distichus subsp. evanescens,Random,NA,NA,NA,NA,0
1428,merinov_gosl,Gulf of Saint Lawrence,BB,NA,BB-NA-2012-8-2,2012,8,2,48.5478,-69.2241,Fucus vesiculosus,Random,NA,NA,NA,NA,0
1429,merinov_gosl,Gulf of Saint Lawrence,BB,NA,BB-NA-2012-8-2,2012,8,2,48.5478,-69.2234,Ascophyllum nodosum,Random,NA,NA,NA,NA,0
1430,merinov_gosl,Gulf of Saint Lawrence,BB,NA,BB-NA-2012-8-2,2012,8,2,48.5478,-69.2234,Fucus distichus subsp. edentatus,Random,NA,NA,NA,NA,0
1431,merinov_gosl,Gulf of Saint Lawrence,BB,NA,BB-NA-2012-8-2,2012,8,2,48.5478,-69.2234,Fucus distichus subsp. evanescens,Random,NA,NA,20,20,0.73
1432,merinov_gosl,Gulf of Saint Lawrence,BB,NA,BB-NA-2012-8-2,2012,8,2,48.5478,-69.2234,Fucus vesiculosus,Random,NA,NA,1,1,0.07
1433,merinov_gosl,Gulf of Saint Lawrence,BB,NA,BB-NA-2012-8-2,2012,8,2,48.5478,-69.2228,Ascophyllum nodosum,Random,NA,NA,NA,NA,0
1434,merinov_gosl,Gulf of Saint Lawrence,BB,NA,BB-NA-2012-8-2,2012,8,2,48.5478,-69.2228,Fucus distichus subsp. edentatus,Random,NA,NA,NA,NA,0
1435,merinov_gosl,Gulf of Saint Lawrence,BB,NA,BB-NA-2012-8-2,2012,8,2,48.5478,-69.2228,Fucus distichus subsp. evanescens,Random,NA,NA,8,8,0.41
1436,merinov_gosl,Gulf of Saint Lawrence,BB,NA,BB-NA-2012-8-2,2012,8,2,48.5478,-69.2228,Fucus vesiculosus,Random,NA,NA,NA,NA,0
1437,merinov_gosl,Gulf of Saint Lawrence,BB,NA,BB-NA-2012-8-2,2012,8,2,48.5478,-69.2221,Ascophyllum nodosum,Random,NA,NA,6,6,1.88
1438,merinov_gosl,Gulf of Saint Lawrence,BB,NA,BB-NA-2012-8-2,2012,8,2,48.5478,-69.2221,Fucus distichus subsp. edentatus,Random,NA,NA,NA,NA,0
1439,merinov_gosl,Gulf of Saint Lawrence,BB,NA,BB-NA-2012-8-2,2012,8,2,48.5478,-69.2221,Fucus distichus subsp. evanescens,Random,NA,NA,9,9,0.91
1440,merinov_gosl,Gulf of Saint Lawrence,BB,NA,BB-NA-2012-8-2,2012,8,2,48.5478,-69.2221,Fucus vesiculosus,Random,NA,NA,NA,NA,0
1441,merinov_gosl,Gulf of Saint Lawrence,BB,NA,BB-NA-2012-8-2,2012,8,2,48.5478,-69.2214,Ascophyllum nodosum,Random,NA,NA,NA,NA,0
1442,merinov_gosl,Gulf of Saint Lawrence,BB,NA,BB-NA-2012-8-2,2012,8,2,48.5478,-69.2214,Fucus distichus subsp. edentatus,Random,NA,NA,NA,NA,0
1443,merinov_gosl,Gulf of Saint Lawrence,BB,NA,BB-NA-2012-8-2,2012,8,2,48.5478,-69.2214,Fucus distichus subsp. evanescens,Random,NA,NA,NA,NA,0
1444,merinov_gosl,Gulf of Saint Lawrence,BB,NA,BB-NA-2012-8-2,2012,8,2,48.5478,-69.2214,Fucus vesiculosus,Random,NA,NA,NA,NA,0
1445,merinov_gosl,Gulf of Saint Lawrence,BB,NA,BB-NA-2012-8-2,2012,8,2,48.5478,-69.2208,Ascophyllum nodosum,Random,NA,NA,1,1,0.03
1446,merinov_gosl,Gulf of Saint Lawrence,BB,NA,BB-NA-2012-8-2,2012,8,2,48.5478,-69.2208,Fucus distichus subsp. edentatus,Random,NA,NA,NA,NA,0
1447,merinov_gosl,Gulf of Saint Lawrence,BB,NA,BB-NA-2012-8-2,2012,8,2,48.5478,-69.2208,Fucus distichus subsp. evanescens,Random,NA,NA,6,6,0.15
1448,merinov_gosl,Gulf of Saint Lawrence,BB,NA,BB-NA-2012-8-2,2012,8,2,48.5478,-69.2208,Fucus vesiculosus,Random,NA,NA,NA,NA,0
1449,merinov_gosl,Gulf of Saint Lawrence,BB,NA,BB-NA-2012-8-4,2012,8,4,48.5523,-69.2401,Ascophyllum nodosum,Random,NA,NA,NA,NA,0
1450,merinov_gosl,Gulf of Saint Lawrence,BB,NA,BB-NA-2012-8-4,2012,8,4,48.5523,-69.2401,Fucus distichus subsp. edentatus,Random,NA,NA,NA,NA,0
1451,merinov_gosl,Gulf of Saint Lawrence,BB,NA,BB-NA-2012-8-4,2012,8,4,48.5523,-69.2401,Fucus distichus subsp. evanescens,Random,NA,NA,NA,NA,0
1452,merinov_gosl,Gulf of Saint Lawrence,BB,NA,BB-NA-2012-8-4,2012,8,4,48.5523,-69.2401,Fucus vesiculosus,Random,NA,NA,NA,NA,0
1453,merinov_gosl,Gulf of Saint Lawrence,BB,NA,BB-NA-2012-8-4,2012,8,4,48.5523,-69.2395,Ascophyllum nodosum,Random,NA,NA,NA,NA,0
1454,merinov_gosl,Gulf of Saint Lawrence,BB,NA,BB-NA-2012-8-4,2012,8,4,48.5523,-69.2395,Fucus distichus subsp. edentatus,Random,NA,NA,NA,NA,0
1455,merinov_gosl,Gulf of Saint Lawrence,BB,NA,BB-NA-2012-8-4,2012,8,4,48.5523,-69.2395,Fucus distichus subsp. evanescens,Random,NA,NA,NA,NA,0
1456,merinov_gosl,Gulf of Saint Lawrence,BB,NA,BB-NA-2012-8-4,2012,8,4,48.5523,-69.2395,Fucus vesiculosus,Random,NA,NA,NA,NA,0
1457,merinov_gosl,Gulf of Saint Lawrence,BB,NA,BB-NA-2012-8-4,2012,8,4,48.5523,-69.2388,Ascophyllum nodosum,Random,NA,NA,NA,NA,0
1458,merinov_gosl,Gulf of Saint Lawrence,BB,NA,BB-NA-2012-8-4,2012,8,4,48.5523,-69.2388,Fucus distichus subsp. edentatus,Random,NA,NA,NA,NA,0
1459,merinov_gosl,Gulf of Saint Lawrence,BB,NA,BB-NA-2012-8-4,2012,8,4,48.5523,-69.2388,Fucus distichus subsp. evanescens,Random,NA,NA,NA,NA,0
1460,merinov_gosl,Gulf of Saint Lawrence,BB,NA,BB-NA-2012-8-4,2012,8,4,48.5523,-69.2388,Fucus vesiculosus,Random,NA,NA,NA,NA,0
1461,merinov_gosl,Gulf of Saint Lawrence,BB,NA,BB-NA-2012-8-4,2012,8,4,48.5523,-69.2381,Ascophyllum nodosum,Random,NA,NA,NA,NA,0
1462,merinov_gosl,Gulf of Saint Lawrence,BB,NA,BB-NA-2012-8-4,2012,8,4,48.5523,-69.2381,Fucus distichus subsp. edentatus,Random,NA,NA,NA,NA,0
1463,merinov_gosl,Gulf of Saint Lawrence,BB,NA,BB-NA-2012-8-4,2012,8,4,48.5523,-69.2381,Fucus distichus subsp. evanescens,Random,NA,NA,2,2,0.01
1464,merinov_gosl,Gulf of Saint Lawrence,BB,NA,BB-NA-2012-8-4,2012,8,4,48.5523,-69.2381,Fucus vesiculosus,Random,NA,NA,NA,NA,0
1465,merinov_gosl,Gulf of Saint Lawrence,BB,NA,BB-NA-2012-8-4,2012,8,4,48.5523,-69.2375,Ascophyllum nodosum,Random,NA,NA,NA,NA,0
1466,merinov_gosl,Gulf of Saint Lawrence,BB,NA,BB-NA-2012-8-4,2012,8,4,48.5523,-69.2375,Fucus distichus subsp. edentatus,Random,NA,NA,NA,NA,0
1467,merinov_gosl,Gulf of Saint Lawrence,BB,NA,BB-NA-2012-8-4,2012,8,4,48.5523,-69.2375,Fucus distichus subsp. evanescens,Random,NA,NA,NA,NA,0
1468,merinov_gosl,Gulf of Saint Lawrence,BB,NA,BB-NA-2012-8-4,2012,8,4,48.5523,-69.2375,Fucus vesiculosus,Random,NA,NA,NA,NA,0
1469,merinov_gosl,Gulf of Saint Lawrence,BB,NA,BB-NA-2012-8-4,2012,8,4,48.5523,-69.2368,Ascophyllum nodosum,Random,NA,NA,NA,NA,0
1470,merinov_gosl,Gulf of Saint Lawrence,BB,NA,BB-NA-2012-8-4,2012,8,4,48.5523,-69.2368,Fucus distichus subsp. edentatus,Random,NA,NA,NA,NA,0
1471,merinov_gosl,Gulf of Saint Lawrence,BB,NA,BB-NA-2012-8-4,2012,8,4,48.5523,-69.2368,Fucus distichus subsp. evanescens,Random,NA,NA,NA,NA,0
1472,merinov_gosl,Gulf of Saint Lawrence,BB,NA,BB-NA-2012-8-4,2012,8,4,48.5523,-69.2368,Fucus vesiculosus,Random,NA,NA,NA,NA,0
1473,merinov_gosl,Gulf of Saint Lawrence,BB,NA,BB-NA-2012-8-4,2012,8,4,48.5523,-69.2361,Ascophyllum nodosum,Random,NA,NA,NA,NA,0
1474,merinov_gosl,Gulf of Saint Lawrence,BB,NA,BB-NA-2012-8-4,2012,8,4,48.5523,-69.2361,Fucus distichus subsp. edentatus,Random,NA,NA,NA,NA,0
1475,merinov_gosl,Gulf of Saint Lawrence,BB,NA,BB-NA-2012-8-4,2012,8,4,48.5523,-69.2361,Fucus distichus subsp. evanescens,Random,NA,NA,NA,NA,0
1476,merinov_gosl,Gulf of Saint Lawrence,BB,NA,BB-NA-2012-8-4,2012,8,4,48.5523,-69.2361,Fucus vesiculosus,Random,NA,NA,NA,NA,0
1477,merinov_gosl,Gulf of Saint Lawrence,BB,NA,BB-NA-2012-8-4,2012,8,4,48.5523,-69.2355,Ascophyllum nodosum,Random,NA,NA,62,62,6.38
1478,merinov_gosl,Gulf of Saint Lawrence,BB,NA,BB-NA-2012-8-4,2012,8,4,48.5523,-69.2355,Fucus distichus subsp. edentatus,Random,NA,NA,NA,NA,0
1479,merinov_gosl,Gulf of Saint Lawrence,BB,NA,BB-NA-2012-8-4,2012,8,4,48.5523,-69.2355,Fucus distichus subsp. evanescens,Random,NA,NA,1,1,0.09
1480,merinov_gosl,Gulf of Saint Lawrence,BB,NA,BB-NA-2012-8-4,2012,8,4,48.5523,-69.2355,Fucus vesiculosus,Random,NA,NA,10,10,0.84
1481,merinov_gosl,Gulf of Saint Lawrence,BB,NA,BB-NA-2012-8-4,2012,8,4,48.5523,-69.2348,Ascophyllum nodosum,Random,NA,NA,NA,NA,0
1482,merinov_gosl,Gulf of Saint Lawrence,BB,NA,BB-NA-2012-8-4,2012,8,4,48.5523,-69.2348,Fucus distichus subsp. edentatus,Random,NA,NA,NA,NA,0
1483,merinov_gosl,Gulf of Saint Lawrence,BB,NA,BB-NA-2012-8-4,2012,8,4,48.5523,-69.2348,Fucus distichus subsp. evanescens,Random,NA,NA,NA,NA,0
1484,merinov_gosl,Gulf of Saint Lawrence,BB,NA,BB-NA-2012-8-4,2012,8,4,48.5523,-69.2348,Fucus vesiculosus,Random,NA,NA,NA,NA,0
1485,merinov_gosl,Gulf of Saint Lawrence,BB,NA,BB-NA-2012-8-4,2012,8,4,48.5523,-69.2341,Ascophyllum nodosum,Random,NA,NA,NA,NA,0
1486,merinov_gosl,Gulf of Saint Lawrence,BB,NA,BB-NA-2012-8-4,2012,8,4,48.5523,-69.2341,Fucus distichus subsp. edentatus,Random,NA,NA,NA,NA,0
1487,merinov_gosl,Gulf of Saint Lawrence,BB,NA,BB-NA-2012-8-4,2012,8,4,48.5523,-69.2341,Fucus distichus subsp. evanescens,Random,NA,NA,8,8,0.09
1488,merinov_gosl,Gulf of Saint Lawrence,BB,NA,BB-NA-2012-8-4,2012,8,4,48.5523,-69.2341,Fucus vesiculosus,Random,NA,NA,NA,NA,0
1489,merinov_gosl,Gulf of Saint Lawrence,BB,NA,BB-NA-2012-8-4,2012,8,4,48.5523,-69.2335,Ascophyllum nodosum,Random,NA,NA,NA,NA,0
1490,merinov_gosl,Gulf of Saint Lawrence,BB,NA,BB-NA-2012-8-4,2012,8,4,48.5523,-69.2335,Fucus distichus subsp. edentatus,Random,NA,NA,NA,NA,0
1491,merinov_gosl,Gulf of Saint Lawrence,BB,NA,BB-NA-2012-8-4,2012,8,4,48.5523,-69.2335,Fucus distichus subsp. evanescens,Random,NA,NA,NA,NA,0
1492,merinov_gosl,Gulf of Saint Lawrence,BB,NA,BB-NA-2012-8-4,2012,8,4,48.5523,-69.2335,Fucus vesiculosus,Random,NA,NA,NA,NA,0
1493,merinov_gosl,Gulf of Saint Lawrence,BB,NA,BB-NA-2012-8-4,2012,8,4,48.5523,-69.2328,Ascophyllum nodosum,Random,NA,NA,NA,NA,0
1494,merinov_gosl,Gulf of Saint Lawrence,BB,NA,BB-NA-2012-8-4,2012,8,4,48.5523,-69.2328,Fucus distichus subsp. edentatus,Random,NA,NA,NA,NA,0
1495,merinov_gosl,Gulf of Saint Lawrence,BB,NA,BB-NA-2012-8-4,2012,8,4,48.5523,-69.2328,Fucus distichus subsp. evanescens,Random,NA,NA,NA,NA,0
1496,merinov_gosl,Gulf of Saint Lawrence,BB,NA,BB-NA-2012-8-4,2012,8,4,48.5523,-69.2328,Fucus vesiculosus,Random,NA,NA,NA,NA,0
1497,merinov_gosl,Gulf of Saint Lawrence,BB,NA,BB-NA-2012-8-4,2012,8,4,48.5523,-69.2321,Ascophyllum nodosum,Random,NA,NA,81,81,7.63
1498,merinov_gosl,Gulf of Saint Lawrence,BB,NA,BB-NA-2012-8-4,2012,8,4,48.5523,-69.2321,Fucus distichus subsp. edentatus,Random,NA,NA,NA,NA,0
1499,merinov_gosl,Gulf of Saint Lawrence,BB,NA,BB-NA-2012-8-4,2012,8,4,48.5523,-69.2321,Fucus distichus subsp. evanescens,Random,NA,NA,12,12,0.38
1500,merinov_gosl,Gulf of Saint Lawrence,BB,NA,BB-NA-2012-8-4,2012,8,4,48.5523,-69.2321,Fucus vesiculosus,Random,NA,NA,NA,NA,0
1501,merinov_gosl,Gulf of Saint Lawrence,BB,NA,BB-NA-2012-8-4,2012,8,4,48.5523,-69.2315,Ascophyllum nodosum,Random,NA,NA,NA,NA,0
1502,merinov_gosl,Gulf of Saint Lawrence,BB,NA,BB-NA-2012-8-4,2012,8,4,48.5523,-69.2315,Fucus distichus subsp. edentatus,Random,NA,NA,NA,NA,0
1503,merinov_gosl,Gulf of Saint Lawrence,BB,NA,BB-NA-2012-8-4,2012,8,4,48.5523,-69.2315,Fucus distichus subsp. evanescens,Random,NA,NA,NA,NA,0
1504,merinov_gosl,Gulf of Saint Lawrence,BB,NA,BB-NA-2012-8-4,2012,8,4,48.5523,-69.2315,Fucus vesiculosus,Random,NA,NA,NA,NA,0
1505,merinov_gosl,Gulf of Saint Lawrence,BB,NA,BB-NA-2012-8-4,2012,8,4,48.5523,-69.2308,Ascophyllum nodosum,Random,NA,NA,NA,NA,0
1506,merinov_gosl,Gulf of Saint Lawrence,BB,NA,BB-NA-2012-8-4,2012,8,4,48.5523,-69.2308,Fucus distichus subsp. edentatus,Random,NA,NA,NA,NA,0
1507,merinov_gosl,Gulf of Saint Lawrence,BB,NA,BB-NA-2012-8-4,2012,8,4,48.5523,-69.2308,Fucus distichus subsp. evanescens,Random,NA,NA,NA,NA,0
1508,merinov_gosl,Gulf of Saint Lawrence,BB,NA,BB-NA-2012-8-4,2012,8,4,48.5523,-69.2308,Fucus vesiculosus,Random,NA,NA,NA,NA,0
1509,merinov_gosl,Gulf of Saint Lawrence,BB,NA,BB-NA-2012-8-4,2012,8,4,48.5613,-69.2364,Ascophyllum nodosum,Random,NA,NA,NA,NA,0
1510,merinov_gosl,Gulf of Saint Lawrence,BB,NA,BB-NA-2012-8-4,2012,8,4,48.5613,-69.2364,Fucus distichus subsp. edentatus,Random,NA,NA,NA,NA,0
1511,merinov_gosl,Gulf of Saint Lawrence,BB,NA,BB-NA-2012-8-4,2012,8,4,48.5613,-69.2364,Fucus distichus subsp. evanescens,Random,NA,NA,NA,NA,0
1512,merinov_gosl,Gulf of Saint Lawrence,BB,NA,BB-NA-2012-8-4,2012,8,4,48.5613,-69.2364,Fucus vesiculosus,Random,NA,NA,NA,NA,0
1513,merinov_gosl,Gulf of Saint Lawrence,BB,NA,BB-NA-2012-8-4,2012,8,4,48.5613,-69.2357,Ascophyllum nodosum,Random,NA,NA,14,14,2.55
1514,merinov_gosl,Gulf of Saint Lawrence,BB,NA,BB-NA-2012-8-4,2012,8,4,48.5613,-69.2357,Fucus distichus subsp. edentatus,Random,NA,NA,NA,NA,0
1515,merinov_gosl,Gulf of Saint Lawrence,BB,NA,BB-NA-2012-8-4,2012,8,4,48.5613,-69.2357,Fucus distichus subsp. evanescens,Random,NA,NA,7,7,0.18
1516,merinov_gosl,Gulf of Saint Lawrence,BB,NA,BB-NA-2012-8-4,2012,8,4,48.5613,-69.2357,Fucus vesiculosus,Random,NA,NA,NA,NA,0
1517,merinov_gosl,Gulf of Saint Lawrence,BB,NA,BB-NA-2012-8-4,2012,8,4,48.5613,-69.235,Ascophyllum nodosum,Random,NA,NA,3,3,0.25
1518,merinov_gosl,Gulf of Saint Lawrence,BB,NA,BB-NA-2012-8-4,2012,8,4,48.5613,-69.235,Fucus distichus subsp. edentatus,Random,NA,NA,NA,NA,0
1519,merinov_gosl,Gulf of Saint Lawrence,BB,NA,BB-NA-2012-8-4,2012,8,4,48.5613,-69.235,Fucus distichus subsp. evanescens,Random,NA,NA,NA,NA,0
1520,merinov_gosl,Gulf of Saint Lawrence,BB,NA,BB-NA-2012-8-4,2012,8,4,48.5613,-69.235,Fucus vesiculosus,Random,NA,NA,NA,NA,0
1521,merinov_gosl,Gulf of Saint Lawrence,BB,NA,BB-NA-2012-8-4,2012,8,4,48.5613,-69.2344,Ascophyllum nodosum,Random,NA,NA,NA,NA,0
1522,merinov_gosl,Gulf of Saint Lawrence,BB,NA,BB-NA-2012-8-4,2012,8,4,48.5613,-69.2344,Fucus distichus subsp. edentatus,Random,NA,NA,NA,NA,0
1523,merinov_gosl,Gulf of Saint Lawrence,BB,NA,BB-NA-2012-8-4,2012,8,4,48.5613,-69.2344,Fucus distichus subsp. evanescens,Random,NA,NA,NA,NA,0
1524,merinov_gosl,Gulf of Saint Lawrence,BB,NA,BB-NA-2012-8-4,2012,8,4,48.5613,-69.2344,Fucus vesiculosus,Random,NA,NA,NA,NA,0
1525,merinov_gosl,Gulf of Saint Lawrence,BB,NA,BB-NA-2012-8-4,2012,8,4,48.5613,-69.2337,Ascophyllum nodosum,Random,NA,NA,NA,NA,0
1526,merinov_gosl,Gulf of Saint Lawrence,BB,NA,BB-NA-2012-8-4,2012,8,4,48.5613,-69.2337,Fucus distichus subsp. edentatus,Random,NA,NA,NA,NA,0
1527,merinov_gosl,Gulf of Saint Lawrence,BB,NA,BB-NA-2012-8-4,2012,8,4,48.5613,-69.2337,Fucus distichus subsp. evanescens,Random,NA,NA,NA,NA,0
1528,merinov_gosl,Gulf of Saint Lawrence,BB,NA,BB-NA-2012-8-4,2012,8,4,48.5613,-69.2337,Fucus vesiculosus,Random,NA,NA,NA,NA,0
1529,merinov_gosl,Gulf of Saint Lawrence,BB,NA,BB-NA-2012-8-4,2012,8,4,48.5613,-69.233,Ascophyllum nodosum,Random,NA,NA,NA,NA,0
1530,merinov_gosl,Gulf of Saint Lawrence,BB,NA,BB-NA-2012-8-4,2012,8,4,48.5613,-69.233,Fucus distichus subsp. edentatus,Random,NA,NA,NA,NA,0
1531,merinov_gosl,Gulf of Saint Lawrence,BB,NA,BB-NA-2012-8-4,2012,8,4,48.5613,-69.233,Fucus distichus subsp. evanescens,Random,NA,NA,NA,NA,0
1532,merinov_gosl,Gulf of Saint Lawrence,BB,NA,BB-NA-2012-8-4,2012,8,4,48.5613,-69.233,Fucus vesiculosus,Random,NA,NA,NA,NA,0
1533,merinov_gosl,Gulf of Saint Lawrence,BB,NA,BB-NA-2012-8-4,2012,8,4,48.5613,-69.2324,Ascophyllum nodosum,Random,NA,NA,NA,NA,0
1534,merinov_gosl,Gulf of Saint Lawrence,BB,NA,BB-NA-2012-8-4,2012,8,4,48.5613,-69.2324,Fucus distichus subsp. edentatus,Random,NA,NA,NA,NA,0
1535,merinov_gosl,Gulf of Saint Lawrence,BB,NA,BB-NA-2012-8-4,2012,8,4,48.5613,-69.2324,Fucus distichus subsp. evanescens,Random,NA,NA,NA,NA,0
1536,merinov_gosl,Gulf of Saint Lawrence,BB,NA,BB-NA-2012-8-4,2012,8,4,48.5613,-69.2324,Fucus vesiculosus,Random,NA,NA,NA,NA,0
1537,merinov_gosl,Gulf of Saint Lawrence,BB,NA,BB-NA-2012-8-4,2012,8,4,48.5613,-69.2317,Ascophyllum nodosum,Random,NA,NA,NA,NA,0
1538,merinov_gosl,Gulf of Saint Lawrence,BB,NA,BB-NA-2012-8-4,2012,8,4,48.5613,-69.2317,Fucus distichus subsp. edentatus,Random,NA,NA,NA,NA,0
1539,merinov_gosl,Gulf of Saint Lawrence,BB,NA,BB-NA-2012-8-4,2012,8,4,48.5613,-69.2317,Fucus distichus subsp. evanescens,Random,NA,NA,NA,NA,0
1540,merinov_gosl,Gulf of Saint Lawrence,BB,NA,BB-NA-2012-8-4,2012,8,4,48.5613,-69.2317,Fucus vesiculosus,Random,NA,NA,NA,NA,0
1541,merinov_gosl,Gulf of Saint Lawrence,BB,NA,BB-NA-2012-8-4,2012,8,4,48.5613,-69.231,Ascophyllum nodosum,Random,NA,NA,NA,NA,0
1542,merinov_gosl,Gulf of Saint Lawrence,BB,NA,BB-NA-2012-8-4,2012,8,4,48.5613,-69.231,Fucus distichus subsp. edentatus,Random,NA,NA,NA,NA,0
1543,merinov_gosl,Gulf of Saint Lawrence,BB,NA,BB-NA-2012-8-4,2012,8,4,48.5613,-69.231,Fucus distichus subsp. evanescens,Random,NA,NA,2,2,0.01
1544,merinov_gosl,Gulf of Saint Lawrence,BB,NA,BB-NA-2012-8-4,2012,8,4,48.5613,-69.231,Fucus vesiculosus,Random,NA,NA,NA,NA,0
1545,merinov_gosl,Gulf of Saint Lawrence,BB,NA,BB-NA-2012-8-4,2012,8,4,48.5613,-69.2304,Ascophyllum nodosum,Random,NA,NA,NA,NA,0
1546,merinov_gosl,Gulf of Saint Lawrence,BB,NA,BB-NA-2012-8-4,2012,8,4,48.5613,-69.2304,Fucus distichus subsp. edentatus,Random,NA,NA,NA,NA,0
1547,merinov_gosl,Gulf of Saint Lawrence,BB,NA,BB-NA-2012-8-4,2012,8,4,48.5613,-69.2304,Fucus distichus subsp. evanescens,Random,NA,NA,NA,NA,0
1548,merinov_gosl,Gulf of Saint Lawrence,BB,NA,BB-NA-2012-8-4,2012,8,4,48.5613,-69.2304,Fucus vesiculosus,Random,NA,NA,NA,NA,0
1549,merinov_gosl,Gulf of Saint Lawrence,BB,NA,BB-NA-2012-8-4,2012,8,4,48.5613,-69.2297,Ascophyllum nodosum,Random,NA,NA,NA,NA,0
1550,merinov_gosl,Gulf of Saint Lawrence,BB,NA,BB-NA-2012-8-4,2012,8,4,48.5613,-69.2297,Fucus distichus subsp. edentatus,Random,NA,NA,NA,NA,0
1551,merinov_gosl,Gulf of Saint Lawrence,BB,NA,BB-NA-2012-8-4,2012,8,4,48.5613,-69.2297,Fucus distichus subsp. evanescens,Random,NA,NA,1,1,0.03
1552,merinov_gosl,Gulf of Saint Lawrence,BB,NA,BB-NA-2012-8-4,2012,8,4,48.5613,-69.2297,Fucus vesiculosus,Random,NA,NA,NA,NA,0
1553,merinov_gosl,Gulf of Saint Lawrence,BB,NA,BB-NA-2012-8-4,2012,8,4,48.5613,-69.229,Ascophyllum nodosum,Random,NA,NA,NA,NA,0
1554,merinov_gosl,Gulf of Saint Lawrence,BB,NA,BB-NA-2012-8-4,2012,8,4,48.5613,-69.229,Fucus distichus subsp. edentatus,Random,NA,NA,NA,NA,0
1555,merinov_gosl,Gulf of Saint Lawrence,BB,NA,BB-NA-2012-8-4,2012,8,4,48.5613,-69.229,Fucus distichus subsp. evanescens,Random,NA,NA,NA,NA,0
1556,merinov_gosl,Gulf of Saint Lawrence,BB,NA,BB-NA-2012-8-4,2012,8,4,48.5613,-69.229,Fucus vesiculosus,Random,NA,NA,NA,NA,0
1557,merinov_gosl,Gulf of Saint Lawrence,BB,NA,BB-NA-2012-8-4,2012,8,4,48.5613,-69.2284,Ascophyllum nodosum,Random,NA,NA,NA,NA,0
1558,merinov_gosl,Gulf of Saint Lawrence,BB,NA,BB-NA-2012-8-4,2012,8,4,48.5613,-69.2284,Fucus distichus subsp. edentatus,Random,NA,NA,NA,NA,0
1559,merinov_gosl,Gulf of Saint Lawrence,BB,NA,BB-NA-2012-8-4,2012,8,4,48.5613,-69.2284,Fucus distichus subsp. evanescens,Random,NA,NA,NA,NA,0
1560,merinov_gosl,Gulf of Saint Lawrence,BB,NA,BB-NA-2012-8-4,2012,8,4,48.5613,-69.2284,Fucus vesiculosus,Random,NA,NA,NA,NA,0
1561,merinov_gosl,Gulf of Saint Lawrence,BB,NA,BB-NA-2012-8-4,2012,8,4,48.5613,-69.2277,Ascophyllum nodosum,Random,NA,NA,21,21,2.35
1562,merinov_gosl,Gulf of Saint Lawrence,BB,NA,BB-NA-2012-8-4,2012,8,4,48.5613,-69.2277,Fucus distichus subsp. edentatus,Random,NA,NA,NA,NA,0
1563,merinov_gosl,Gulf of Saint Lawrence,BB,NA,BB-NA-2012-8-4,2012,8,4,48.5613,-69.2277,Fucus distichus subsp. evanescens,Random,NA,NA,NA,NA,0
1564,merinov_gosl,Gulf of Saint Lawrence,BB,NA,BB-NA-2012-8-4,2012,8,4,48.5613,-69.2277,Fucus vesiculosus,Random,NA,NA,NA,NA,0
1565,merinov_gosl,Gulf of Saint Lawrence,BB,NA,BB-NA-2012-8-4,2012,8,4,48.5613,-69.227,Ascophyllum nodosum,Random,NA,NA,NA,NA,0
1566,merinov_gosl,Gulf of Saint Lawrence,BB,NA,BB-NA-2012-8-4,2012,8,4,48.5613,-69.227,Fucus distichus subsp. edentatus,Random,NA,NA,NA,NA,0
1567,merinov_gosl,Gulf of Saint Lawrence,BB,NA,BB-NA-2012-8-4,2012,8,4,48.5613,-69.227,Fucus distichus subsp. evanescens,Random,NA,NA,NA,NA,0
1568,merinov_gosl,Gulf of Saint Lawrence,BB,NA,BB-NA-2012-8-4,2012,8,4,48.5613,-69.227,Fucus vesiculosus,Random,NA,NA,NA,NA,0
1569,merinov_gosl,Gulf of Saint Lawrence,BB,NA,BB-NA-2012-8-4,2012,8,4,48.5613,-69.2264,Ascophyllum nodosum,Random,NA,NA,NA,NA,0
1570,merinov_gosl,Gulf of Saint Lawrence,BB,NA,BB-NA-2012-8-4,2012,8,4,48.5613,-69.2264,Fucus distichus subsp. edentatus,Random,NA,NA,NA,NA,0
1571,merinov_gosl,Gulf of Saint Lawrence,BB,NA,BB-NA-2012-8-4,2012,8,4,48.5613,-69.2264,Fucus distichus subsp. evanescens,Random,NA,NA,NA,NA,0
1572,merinov_gosl,Gulf of Saint Lawrence,BB,NA,BB-NA-2012-8-4,2012,8,4,48.5613,-69.2264,Fucus vesiculosus,Random,NA,NA,NA,NA,0
1573,merinov_gosl,Gulf of Saint Lawrence,BB,NA,BB-NA-2012-8-4,2012,8,4,48.5613,-69.2257,Ascophyllum nodosum,Random,NA,NA,NA,NA,0
1574,merinov_gosl,Gulf of Saint Lawrence,BB,NA,BB-NA-2012-8-4,2012,8,4,48.5613,-69.2257,Fucus distichus subsp. edentatus,Random,NA,NA,NA,NA,0
1575,merinov_gosl,Gulf of Saint Lawrence,BB,NA,BB-NA-2012-8-4,2012,8,4,48.5613,-69.2257,Fucus distichus subsp. evanescens,Random,NA,NA,NA,NA,0
1576,merinov_gosl,Gulf of Saint Lawrence,BB,NA,BB-NA-2012-8-4,2012,8,4,48.5613,-69.2257,Fucus vesiculosus,Random,NA,NA,NA,NA,0
1577,merinov_gosl,Gulf of Saint Lawrence,BB,NA,BB-NA-2012-8-4,2012,8,4,48.5613,-69.225,Ascophyllum nodosum,Random,NA,NA,NA,NA,0
1578,merinov_gosl,Gulf of Saint Lawrence,BB,NA,BB-NA-2012-8-4,2012,8,4,48.5613,-69.225,Fucus distichus subsp. edentatus,Random,NA,NA,NA,NA,0
1579,merinov_gosl,Gulf of Saint Lawrence,BB,NA,BB-NA-2012-8-4,2012,8,4,48.5613,-69.225,Fucus distichus subsp. evanescens,Random,NA,NA,NA,NA,0
1580,merinov_gosl,Gulf of Saint Lawrence,BB,NA,BB-NA-2012-8-4,2012,8,4,48.5613,-69.225,Fucus vesiculosus,Random,NA,NA,NA,NA,0
1581,merinov_gosl,Gulf of Saint Lawrence,BB,NA,BB-NA-2012-8-4,2012,8,4,48.5613,-69.2244,Ascophyllum nodosum,Random,NA,NA,NA,NA,0
1582,merinov_gosl,Gulf of Saint Lawrence,BB,NA,BB-NA-2012-8-4,2012,8,4,48.5613,-69.2244,Fucus distichus subsp. edentatus,Random,NA,NA,NA,NA,0
1583,merinov_gosl,Gulf of Saint Lawrence,BB,NA,BB-NA-2012-8-4,2012,8,4,48.5613,-69.2244,Fucus distichus subsp. evanescens,Random,NA,NA,NA,NA,0
1584,merinov_gosl,Gulf of Saint Lawrence,BB,NA,BB-NA-2012-8-4,2012,8,4,48.5613,-69.2244,Fucus vesiculosus,Random,NA,NA,NA,NA,0
1585,merinov_gosl,Gulf of Saint Lawrence,BB,NA,BB-NA-2012-8-4,2012,8,4,48.5613,-69.2237,Ascophyllum nodosum,Random,NA,NA,NA,NA,0
1586,merinov_gosl,Gulf of Saint Lawrence,BB,NA,BB-NA-2012-8-4,2012,8,4,48.5613,-69.2237,Fucus distichus subsp. edentatus,Random,NA,NA,NA,NA,0
1587,merinov_gosl,Gulf of Saint Lawrence,BB,NA,BB-NA-2012-8-4,2012,8,4,48.5613,-69.2237,Fucus distichus subsp. evanescens,Random,NA,NA,NA,NA,0
1588,merinov_gosl,Gulf of Saint Lawrence,BB,NA,BB-NA-2012-8-4,2012,8,4,48.5613,-69.2237,Fucus vesiculosus,Random,NA,NA,NA,NA,0
1589,merinov_gosl,Gulf of Saint Lawrence,BB,NA,BB-NA-2012-8-4,2012,8,4,48.5613,-69.223,Ascophyllum nodosum,Random,NA,NA,NA,NA,0
1590,merinov_gosl,Gulf of Saint Lawrence,BB,NA,BB-NA-2012-8-4,2012,8,4,48.5613,-69.223,Fucus distichus subsp. edentatus,Random,NA,NA,NA,NA,0
1591,merinov_gosl,Gulf of Saint Lawrence,BB,NA,BB-NA-2012-8-4,2012,8,4,48.5613,-69.223,Fucus distichus subsp. evanescens,Random,NA,NA,NA,NA,0
1592,merinov_gosl,Gulf of Saint Lawrence,BB,NA,BB-NA-2012-8-4,2012,8,4,48.5613,-69.223,Fucus vesiculosus,Random,NA,NA,NA,NA,0
1593,merinov_gosl,Gulf of Saint Lawrence,BB,NA,BB-NA-2012-8-4,2012,8,4,48.5613,-69.2224,Ascophyllum nodosum,Random,NA,NA,NA,NA,0
1594,merinov_gosl,Gulf of Saint Lawrence,BB,NA,BB-NA-2012-8-4,2012,8,4,48.5613,-69.2224,Fucus distichus subsp. edentatus,Random,NA,NA,NA,NA,0
1595,merinov_gosl,Gulf of Saint Lawrence,BB,NA,BB-NA-2012-8-4,2012,8,4,48.5613,-69.2224,Fucus distichus subsp. evanescens,Random,NA,NA,11,11,0.9
1596,merinov_gosl,Gulf of Saint Lawrence,BB,NA,BB-NA-2012-8-4,2012,8,4,48.5613,-69.2224,Fucus vesiculosus,Random,NA,NA,NA,NA,0
1597,merinov_gosl,Gulf of Saint Lawrence,BB,NA,BB-NA-2012-8-4,2012,8,4,48.5613,-69.2217,Ascophyllum nodosum,Random,NA,NA,NA,NA,0
1598,merinov_gosl,Gulf of Saint Lawrence,BB,NA,BB-NA-2012-8-4,2012,8,4,48.5613,-69.2217,Fucus distichus subsp. edentatus,Random,NA,NA,NA,NA,0
1599,merinov_gosl,Gulf of Saint Lawrence,BB,NA,BB-NA-2012-8-4,2012,8,4,48.5613,-69.2217,Fucus distichus subsp. evanescens,Random,NA,NA,NA,NA,0
1600,merinov_gosl,Gulf of Saint Lawrence,BB,NA,BB-NA-2012-8-4,2012,8,4,48.5613,-69.2217,Fucus vesiculosus,Random,NA,NA,NA,NA,0
1601,merinov_gosl,Gulf of Saint Lawrence,BMV,NA,BMV-NA-2011-8-28,2011,8,28,48.4174,-69.3217,Ascophyllum nodosum,Random,NA,NA,NA,NA,0
1602,merinov_gosl,Gulf of Saint Lawrence,BMV,NA,BMV-NA-2011-8-28,2011,8,28,48.4174,-69.3217,Fucus distichus subsp. evanescens,Random,NA,NA,NA,NA,0
1603,merinov_gosl,Gulf of Saint Lawrence,BMV,NA,BMV-NA-2011-8-28,2011,8,28,48.4174,-69.3217,Fucus vesiculosus,Random,NA,NA,NA,NA,0
1604,merinov_gosl,Gulf of Saint Lawrence,BMV,NA,BMV-NA-2011-8-28,2011,8,28,48.4174,-69.321,Ascophyllum nodosum,Random,NA,NA,NA,NA,0
1605,merinov_gosl,Gulf of Saint Lawrence,BMV,NA,BMV-NA-2011-8-28,2011,8,28,48.4174,-69.321,Fucus distichus subsp. evanescens,Random,NA,NA,NA,NA,0
1606,merinov_gosl,Gulf of Saint Lawrence,BMV,NA,BMV-NA-2011-8-28,2011,8,28,48.4174,-69.321,Fucus vesiculosus,Random,NA,NA,NA,NA,0
1607,merinov_gosl,Gulf of Saint Lawrence,BMV,NA,BMV-NA-2011-8-28,2011,8,28,48.4174,-69.3203,Ascophyllum nodosum,Random,NA,NA,38,38,2.74
1608,merinov_gosl,Gulf of Saint Lawrence,BMV,NA,BMV-NA-2011-8-28,2011,8,28,48.4174,-69.3203,Fucus distichus subsp. evanescens,Random,NA,NA,NA,NA,0
1609,merinov_gosl,Gulf of Saint Lawrence,BMV,NA,BMV-NA-2011-8-28,2011,8,28,48.4174,-69.3203,Fucus vesiculosus,Random,NA,NA,7,7,0.18
1610,merinov_gosl,Gulf of Saint Lawrence,BMV,NA,BMV-NA-2011-8-28,2011,8,28,48.4174,-69.3196,Ascophyllum nodosum,Random,NA,NA,40,40,13.81
1611,merinov_gosl,Gulf of Saint Lawrence,BMV,NA,BMV-NA-2011-8-28,2011,8,28,48.4174,-69.3196,Fucus distichus subsp. evanescens,Random,NA,NA,NA,NA,0
1612,merinov_gosl,Gulf of Saint Lawrence,BMV,NA,BMV-NA-2011-8-28,2011,8,28,48.4174,-69.3196,Fucus vesiculosus,Random,NA,NA,4,4,0.39
1613,merinov_gosl,Gulf of Saint Lawrence,BMV,NA,BMV-NA-2011-8-28,2011,8,28,48.4174,-69.319,Ascophyllum nodosum,Random,NA,NA,1,1,0.01
1614,merinov_gosl,Gulf of Saint Lawrence,BMV,NA,BMV-NA-2011-8-28,2011,8,28,48.4174,-69.319,Fucus distichus subsp. evanescens,Random,NA,NA,1,1,0.04
1615,merinov_gosl,Gulf of Saint Lawrence,BMV,NA,BMV-NA-2011-8-28,2011,8,28,48.4174,-69.319,Fucus vesiculosus,Random,NA,NA,NA,NA,0
1616,merinov_gosl,Gulf of Saint Lawrence,BMV,NA,BMV-NA-2011-8-28,2011,8,28,48.4174,-69.3183,Ascophyllum nodosum,Random,NA,NA,53,53,19.5
1617,merinov_gosl,Gulf of Saint Lawrence,BMV,NA,BMV-NA-2011-8-28,2011,8,28,48.4174,-69.3183,Fucus distichus subsp. evanescens,Random,NA,NA,NA,NA,0
1618,merinov_gosl,Gulf of Saint Lawrence,BMV,NA,BMV-NA-2011-8-28,2011,8,28,48.4174,-69.3183,Fucus vesiculosus,Random,NA,NA,NA,NA,0
1619,merinov_gosl,Gulf of Saint Lawrence,BMV,NA,BMV-NA-2011-8-28,2011,8,28,48.4174,-69.3176,Ascophyllum nodosum,Random,NA,NA,NA,NA,0
1620,merinov_gosl,Gulf of Saint Lawrence,BMV,NA,BMV-NA-2011-8-28,2011,8,28,48.4174,-69.3176,Fucus distichus subsp. evanescens,Random,NA,NA,NA,NA,0
1621,merinov_gosl,Gulf of Saint Lawrence,BMV,NA,BMV-NA-2011-8-28,2011,8,28,48.4174,-69.3176,Fucus vesiculosus,Random,NA,NA,NA,NA,0
1622,merinov_gosl,Gulf of Saint Lawrence,BMV,NA,BMV-NA-2011-8-28,2011,8,28,48.4174,-69.3169,Ascophyllum nodosum,Random,NA,NA,31,31,11.46
1623,merinov_gosl,Gulf of Saint Lawrence,BMV,NA,BMV-NA-2011-8-28,2011,8,28,48.4174,-69.3169,Fucus distichus subsp. evanescens,Random,NA,NA,4,4,0.2
1624,merinov_gosl,Gulf of Saint Lawrence,BMV,NA,BMV-NA-2011-8-28,2011,8,28,48.4174,-69.3169,Fucus vesiculosus,Random,NA,NA,8,8,0.25
1625,merinov_gosl,Gulf of Saint Lawrence,BMV,NA,BMV-NA-2011-8-28,2011,8,28,48.4174,-69.3161,Ascophyllum nodosum,Random,NA,NA,2,2,0.03
1626,merinov_gosl,Gulf of Saint Lawrence,BMV,NA,BMV-NA-2011-8-28,2011,8,28,48.4174,-69.3161,Fucus distichus subsp. evanescens,Random,NA,NA,8,8,0.43
1627,merinov_gosl,Gulf of Saint Lawrence,BMV,NA,BMV-NA-2011-8-28,2011,8,28,48.4174,-69.3161,Fucus vesiculosus,Random,NA,NA,NA,NA,0
1628,merinov_gosl,Gulf of Saint Lawrence,BMV,NA,BMV-NA-2011-8-28,2011,8,28,48.4174,-69.3154,Ascophyllum nodosum,Random,NA,NA,1,1,0.17
1629,merinov_gosl,Gulf of Saint Lawrence,BMV,NA,BMV-NA-2011-8-28,2011,8,28,48.4174,-69.3154,Fucus distichus subsp. evanescens,Random,NA,NA,1,1,0.3
1630,merinov_gosl,Gulf of Saint Lawrence,BMV,NA,BMV-NA-2011-8-28,2011,8,28,48.4174,-69.3154,Fucus vesiculosus,Random,NA,NA,NA,NA,0
1631,merinov_gosl,Gulf of Saint Lawrence,BMV,NA,BMV-NA-2011-8-28,2011,8,28,48.4174,-69.3148,Ascophyllum nodosum,Random,NA,NA,5,5,0.05
1632,merinov_gosl,Gulf of Saint Lawrence,BMV,NA,BMV-NA-2011-8-28,2011,8,28,48.4174,-69.3148,Fucus distichus subsp. evanescens,Random,NA,NA,39,39,1.21
1633,merinov_gosl,Gulf of Saint Lawrence,BMV,NA,BMV-NA-2011-8-28,2011,8,28,48.4174,-69.3148,Fucus vesiculosus,Random,NA,NA,34,34,1.67
1634,merinov_gosl,Gulf of Saint Lawrence,BMV,NA,BMV-NA-2011-8-28,2011,8,28,48.4174,-69.3141,Ascophyllum nodosum,Random,NA,NA,NA,NA,0
1635,merinov_gosl,Gulf of Saint Lawrence,BMV,NA,BMV-NA-2011-8-28,2011,8,28,48.4174,-69.3141,Fucus distichus subsp. evanescens,Random,NA,NA,5,5,0.38
1636,merinov_gosl,Gulf of Saint Lawrence,BMV,NA,BMV-NA-2011-8-28,2011,8,28,48.4174,-69.3141,Fucus vesiculosus,Random,NA,NA,NA,NA,0
1637,merinov_gosl,Gulf of Saint Lawrence,BMV,NA,BMV-NA-2011-8-28,2011,8,28,48.4174,-69.3133,Ascophyllum nodosum,Random,NA,NA,2,2,0.03
1638,merinov_gosl,Gulf of Saint Lawrence,BMV,NA,BMV-NA-2011-8-28,2011,8,28,48.4174,-69.3133,Fucus distichus subsp. evanescens,Random,NA,NA,46,46,2.8
1639,merinov_gosl,Gulf of Saint Lawrence,BMV,NA,BMV-NA-2011-8-28,2011,8,28,48.4174,-69.3133,Fucus vesiculosus,Random,NA,NA,1,1,0.06
1640,merinov_gosl,Gulf of Saint Lawrence,BMV,NA,BMV-NA-2011-8-28,2011,8,28,48.4174,-69.3126,Ascophyllum nodosum,Random,NA,NA,NA,NA,0
1641,merinov_gosl,Gulf of Saint Lawrence,BMV,NA,BMV-NA-2011-8-28,2011,8,28,48.4174,-69.3126,Fucus distichus subsp. evanescens,Random,NA,NA,NA,NA,0
1642,merinov_gosl,Gulf of Saint Lawrence,BMV,NA,BMV-NA-2011-8-28,2011,8,28,48.4174,-69.3126,Fucus vesiculosus,Random,NA,NA,NA,NA,0
1643,merinov_gosl,Gulf of Saint Lawrence,BMV,NA,BMV-NA-2011-8-28,2011,8,28,48.4174,-69.3119,Ascophyllum nodosum,Random,NA,NA,NA,NA,0
1644,merinov_gosl,Gulf of Saint Lawrence,BMV,NA,BMV-NA-2011-8-28,2011,8,28,48.4174,-69.3119,Fucus distichus subsp. evanescens,Random,NA,NA,58,58,4.35
1645,merinov_gosl,Gulf of Saint Lawrence,BMV,NA,BMV-NA-2011-8-28,2011,8,28,48.4174,-69.3119,Fucus vesiculosus,Random,NA,NA,1,1,0.17
1646,merinov_gosl,Gulf of Saint Lawrence,BMV,NA,BMV-NA-2011-8-28,2011,8,28,48.4174,-69.3112,Ascophyllum nodosum,Random,NA,NA,NA,NA,0
1647,merinov_gosl,Gulf of Saint Lawrence,BMV,NA,BMV-NA-2011-8-28,2011,8,28,48.4174,-69.3112,Fucus distichus subsp. evanescens,Random,NA,NA,55,55,1.55
1648,merinov_gosl,Gulf of Saint Lawrence,BMV,NA,BMV-NA-2011-8-28,2011,8,28,48.4174,-69.3112,Fucus vesiculosus,Random,NA,NA,NA,NA,0
1649,merinov_gosl,Gulf of Saint Lawrence,BMV,NA,BMV-NA-2011-8-28,2011,8,28,48.42,-69.3206,Ascophyllum nodosum,Random,NA,NA,NA,NA,0
1650,merinov_gosl,Gulf of Saint Lawrence,BMV,NA,BMV-NA-2011-8-28,2011,8,28,48.42,-69.3206,Fucus distichus subsp. evanescens,Random,NA,NA,NA,NA,0
1651,merinov_gosl,Gulf of Saint Lawrence,BMV,NA,BMV-NA-2011-8-28,2011,8,28,48.42,-69.3206,Fucus vesiculosus,Random,NA,NA,NA,NA,0
1652,merinov_gosl,Gulf of Saint Lawrence,BMV,NA,BMV-NA-2011-8-28,2011,8,28,48.42,-69.3199,Ascophyllum nodosum,Random,NA,NA,94,94,18.64
1653,merinov_gosl,Gulf of Saint Lawrence,BMV,NA,BMV-NA-2011-8-28,2011,8,28,48.42,-69.3199,Fucus distichus subsp. evanescens,Random,NA,NA,NA,NA,0
1654,merinov_gosl,Gulf of Saint Lawrence,BMV,NA,BMV-NA-2011-8-28,2011,8,28,48.42,-69.3199,Fucus vesiculosus,Random,NA,NA,NA,NA,0
1655,merinov_gosl,Gulf of Saint Lawrence,BMV,NA,BMV-NA-2011-8-28,2011,8,28,48.42,-69.3192,Ascophyllum nodosum,Random,NA,NA,2,2,0.05
1656,merinov_gosl,Gulf of Saint Lawrence,BMV,NA,BMV-NA-2011-8-28,2011,8,28,48.42,-69.3192,Fucus distichus subsp. evanescens,Random,NA,NA,9,9,0.06
1657,merinov_gosl,Gulf of Saint Lawrence,BMV,NA,BMV-NA-2011-8-28,2011,8,28,48.42,-69.3192,Fucus vesiculosus,Random,NA,NA,NA,NA,0
1658,merinov_gosl,Gulf of Saint Lawrence,BMV,NA,BMV-NA-2011-8-28,2011,8,28,48.42,-69.3185,Ascophyllum nodosum,Random,NA,NA,NA,NA,0
1659,merinov_gosl,Gulf of Saint Lawrence,BMV,NA,BMV-NA-2011-8-28,2011,8,28,48.42,-69.3185,Fucus distichus subsp. evanescens,Random,NA,NA,4,4,0.04
1660,merinov_gosl,Gulf of Saint Lawrence,BMV,NA,BMV-NA-2011-8-28,2011,8,28,48.42,-69.3185,Fucus vesiculosus,Random,NA,NA,NA,NA,0
1661,merinov_gosl,Gulf of Saint Lawrence,BMV,NA,BMV-NA-2011-8-28,2011,8,28,48.42,-69.3178,Ascophyllum nodosum,Random,NA,NA,NA,NA,0
1662,merinov_gosl,Gulf of Saint Lawrence,BMV,NA,BMV-NA-2011-8-28,2011,8,28,48.42,-69.3178,Fucus distichus subsp. evanescens,Random,NA,NA,NA,NA,0
1663,merinov_gosl,Gulf of Saint Lawrence,BMV,NA,BMV-NA-2011-8-28,2011,8,28,48.42,-69.3178,Fucus vesiculosus,Random,NA,NA,NA,NA,0
1664,merinov_gosl,Gulf of Saint Lawrence,BMV,NA,BMV-NA-2011-8-28,2011,8,28,48.42,-69.3171,Ascophyllum nodosum,Random,NA,NA,1,1,0.1
1665,merinov_gosl,Gulf of Saint Lawrence,BMV,NA,BMV-NA-2011-8-28,2011,8,28,48.42,-69.3171,Fucus distichus subsp. evanescens,Random,NA,NA,49,49,2.88
1666,merinov_gosl,Gulf of Saint Lawrence,BMV,NA,BMV-NA-2011-8-28,2011,8,28,48.42,-69.3171,Fucus vesiculosus,Random,NA,NA,2,2,0.13
1667,merinov_gosl,Gulf of Saint Lawrence,BMV,NA,BMV-NA-2011-8-28,2011,8,28,48.42,-69.3165,Ascophyllum nodosum,Random,NA,NA,29,29,5.56
1668,merinov_gosl,Gulf of Saint Lawrence,BMV,NA,BMV-NA-2011-8-28,2011,8,28,48.42,-69.3165,Fucus distichus subsp. evanescens,Random,NA,NA,1,1,0.05
1669,merinov_gosl,Gulf of Saint Lawrence,BMV,NA,BMV-NA-2011-8-28,2011,8,28,48.42,-69.3165,Fucus vesiculosus,Random,NA,NA,6,6,1.08
1670,merinov_gosl,Gulf of Saint Lawrence,BMV,NA,BMV-NA-2011-8-28,2011,8,28,48.42,-69.3158,Ascophyllum nodosum,Random,NA,NA,NA,NA,0
1671,merinov_gosl,Gulf of Saint Lawrence,BMV,NA,BMV-NA-2011-8-28,2011,8,28,48.42,-69.3158,Fucus distichus subsp. evanescens,Random,NA,NA,6,6,0.26
1672,merinov_gosl,Gulf of Saint Lawrence,BMV,NA,BMV-NA-2011-8-28,2011,8,28,48.42,-69.3158,Fucus vesiculosus,Random,NA,NA,NA,NA,0
1673,merinov_gosl,Gulf of Saint Lawrence,BMV,NA,BMV-NA-2011-8-31,2011,8,31,48.42,-69.3151,Ascophyllum nodosum,Random,NA,NA,NA,NA,0
1674,merinov_gosl,Gulf of Saint Lawrence,BMV,NA,BMV-NA-2011-8-31,2011,8,31,48.42,-69.3151,Fucus distichus subsp. evanescens,Random,NA,NA,10,10,1.4
1675,merinov_gosl,Gulf of Saint Lawrence,BMV,NA,BMV-NA-2011-8-31,2011,8,31,48.42,-69.3151,Fucus vesiculosus,Random,NA,NA,NA,NA,0
1676,merinov_gosl,Gulf of Saint Lawrence,BMV,NA,BMV-NA-2011-8-31,2011,8,31,48.42,-69.3144,Ascophyllum nodosum,Random,NA,NA,NA,NA,0
1677,merinov_gosl,Gulf of Saint Lawrence,BMV,NA,BMV-NA-2011-8-31,2011,8,31,48.42,-69.3144,Fucus distichus subsp. evanescens,Random,NA,NA,11,11,0.63
1678,merinov_gosl,Gulf of Saint Lawrence,BMV,NA,BMV-NA-2011-8-31,2011,8,31,48.42,-69.3144,Fucus vesiculosus,Random,NA,NA,NA,NA,0
1679,merinov_gosl,Gulf of Saint Lawrence,BMV,NA,BMV-NA-2011-8-31,2011,8,31,48.42,-69.3138,Ascophyllum nodosum,Random,NA,NA,NA,NA,0
1680,merinov_gosl,Gulf of Saint Lawrence,BMV,NA,BMV-NA-2011-8-31,2011,8,31,48.42,-69.3138,Fucus distichus subsp. evanescens,Random,NA,NA,20,20,0.71
1681,merinov_gosl,Gulf of Saint Lawrence,BMV,NA,BMV-NA-2011-8-31,2011,8,31,48.42,-69.3138,Fucus vesiculosus,Random,NA,NA,NA,NA,0
1682,merinov_gosl,Gulf of Saint Lawrence,BMV,NA,BMV-NA-2011-8-31,2011,8,31,48.42,-69.3131,Ascophyllum nodosum,Random,NA,NA,NA,NA,0
1683,merinov_gosl,Gulf of Saint Lawrence,BMV,NA,BMV-NA-2011-8-31,2011,8,31,48.42,-69.3131,Fucus distichus subsp. evanescens,Random,NA,NA,NA,NA,0
1684,merinov_gosl,Gulf of Saint Lawrence,BMV,NA,BMV-NA-2011-8-31,2011,8,31,48.42,-69.3131,Fucus vesiculosus,Random,NA,NA,NA,NA,0
1685,merinov_gosl,Gulf of Saint Lawrence,BMV,NA,BMV-NA-2011-8-31,2011,8,31,48.42,-69.3124,Ascophyllum nodosum,Random,NA,NA,NA,NA,0
1686,merinov_gosl,Gulf of Saint Lawrence,BMV,NA,BMV-NA-2011-8-31,2011,8,31,48.42,-69.3124,Fucus distichus subsp. evanescens,Random,NA,NA,NA,NA,0
1687,merinov_gosl,Gulf of Saint Lawrence,BMV,NA,BMV-NA-2011-8-31,2011,8,31,48.42,-69.3124,Fucus vesiculosus,Random,NA,NA,NA,NA,0
1688,merinov_gosl,Gulf of Saint Lawrence,BMV,NA,BMV-NA-2011-8-31,2011,8,31,48.42,-69.3117,Ascophyllum nodosum,Random,NA,NA,NA,NA,0
1689,merinov_gosl,Gulf of Saint Lawrence,BMV,NA,BMV-NA-2011-8-31,2011,8,31,48.42,-69.3117,Fucus distichus subsp. evanescens,Random,NA,NA,1,1,0.04
1690,merinov_gosl,Gulf of Saint Lawrence,BMV,NA,BMV-NA-2011-8-31,2011,8,31,48.42,-69.3117,Fucus vesiculosus,Random,NA,NA,NA,NA,0
1691,merinov_gosl,Gulf of Saint Lawrence,BMV,NA,BMV-NA-2011-8-31,2011,8,31,48.42,-69.311,Ascophyllum nodosum,Random,NA,NA,NA,NA,0
1692,merinov_gosl,Gulf of Saint Lawrence,BMV,NA,BMV-NA-2011-8-31,2011,8,31,48.42,-69.311,Fucus distichus subsp. evanescens,Random,NA,NA,NA,NA,0
1693,merinov_gosl,Gulf of Saint Lawrence,BMV,NA,BMV-NA-2011-8-31,2011,8,31,48.42,-69.311,Fucus vesiculosus,Random,NA,NA,NA,NA,0
1694,merinov_gosl,Gulf of Saint Lawrence,BMV,NA,BMV-NA-2011-8-31,2011,8,31,48.42,-69.3103,Ascophyllum nodosum,Random,NA,NA,NA,NA,0
1695,merinov_gosl,Gulf of Saint Lawrence,BMV,NA,BMV-NA-2011-8-31,2011,8,31,48.42,-69.3103,Fucus distichus subsp. evanescens,Random,NA,NA,NA,NA,0
1696,merinov_gosl,Gulf of Saint Lawrence,BMV,NA,BMV-NA-2011-8-31,2011,8,31,48.42,-69.3103,Fucus vesiculosus,Random,NA,NA,NA,NA,0
1697,merinov_gosl,Gulf of Saint Lawrence,BMV,NA,BMV-NA-2011-8-31,2011,8,31,48.42,-69.3096,Ascophyllum nodosum,Random,NA,NA,NA,NA,0
1698,merinov_gosl,Gulf of Saint Lawrence,BMV,NA,BMV-NA-2011-8-31,2011,8,31,48.42,-69.3096,Fucus distichus subsp. evanescens,Random,NA,NA,1,1,0.02
1699,merinov_gosl,Gulf of Saint Lawrence,BMV,NA,BMV-NA-2011-8-31,2011,8,31,48.42,-69.3096,Fucus vesiculosus,Random,NA,NA,NA,NA,0
1700,merinov_gosl,Gulf of Saint Lawrence,BMV,NA,BMV-NA-2011-8-31,2011,8,31,48.42,-69.3089,Ascophyllum nodosum,Random,NA,NA,NA,NA,0
1701,merinov_gosl,Gulf of Saint Lawrence,BMV,NA,BMV-NA-2011-8-31,2011,8,31,48.42,-69.3089,Fucus distichus subsp. evanescens,Random,NA,NA,NA,NA,0
1702,merinov_gosl,Gulf of Saint Lawrence,BMV,NA,BMV-NA-2011-8-31,2011,8,31,48.42,-69.3089,Fucus vesiculosus,Random,NA,NA,NA,NA,0
1703,merinov_gosl,Gulf of Saint Lawrence,BMV,NA,BMV-NA-2011-8-31,2011,8,31,48.42,-69.3083,Ascophyllum nodosum,Random,NA,NA,NA,NA,0
1704,merinov_gosl,Gulf of Saint Lawrence,BMV,NA,BMV-NA-2011-8-31,2011,8,31,48.42,-69.3083,Fucus distichus subsp. evanescens,Random,NA,NA,NA,NA,0
1705,merinov_gosl,Gulf of Saint Lawrence,BMV,NA,BMV-NA-2011-8-31,2011,8,31,48.42,-69.3083,Fucus vesiculosus,Random,NA,NA,NA,NA,0
1706,merinov_gosl,Gulf of Saint Lawrence,BMV,NA,BMV-NA-2011-8-31,2011,8,31,48.42,-69.3076,Ascophyllum nodosum,Random,NA,NA,NA,NA,0
1707,merinov_gosl,Gulf of Saint Lawrence,BMV,NA,BMV-NA-2011-8-31,2011,8,31,48.42,-69.3076,Fucus distichus subsp. evanescens,Random,NA,NA,NA,NA,0
1708,merinov_gosl,Gulf of Saint Lawrence,BMV,NA,BMV-NA-2011-8-31,2011,8,31,48.42,-69.3076,Fucus vesiculosus,Random,NA,NA,NA,NA,0
1709,merinov_gosl,Gulf of Saint Lawrence,BMV,NA,BMV-NA-2011-8-31,2011,8,31,48.42,-69.3069,Ascophyllum nodosum,Random,NA,NA,NA,NA,0
1710,merinov_gosl,Gulf of Saint Lawrence,BMV,NA,BMV-NA-2011-8-31,2011,8,31,48.42,-69.3069,Fucus distichus subsp. evanescens,Random,NA,NA,38,38,2.24
1711,merinov_gosl,Gulf of Saint Lawrence,BMV,NA,BMV-NA-2011-8-31,2011,8,31,48.42,-69.3069,Fucus vesiculosus,Random,NA,NA,NA,NA,0
1712,merinov_gosl,Gulf of Saint Lawrence,BMV,NA,BMV-NA-2011-8-31,2011,8,31,48.4227,-69.3196,Ascophyllum nodosum,Random,NA,NA,NA,NA,0
1713,merinov_gosl,Gulf of Saint Lawrence,BMV,NA,BMV-NA-2011-8-31,2011,8,31,48.4227,-69.3196,Fucus distichus subsp. evanescens,Random,NA,NA,NA,NA,0
1714,merinov_gosl,Gulf of Saint Lawrence,BMV,NA,BMV-NA-2011-8-31,2011,8,31,48.4227,-69.3196,Fucus vesiculosus,Random,NA,NA,NA,NA,0
1715,merinov_gosl,Gulf of Saint Lawrence,BMV,NA,BMV-NA-2011-8-31,2011,8,31,48.4227,-69.3189,Ascophyllum nodosum,Random,NA,NA,NA,NA,0
1716,merinov_gosl,Gulf of Saint Lawrence,BMV,NA,BMV-NA-2011-8-31,2011,8,31,48.4227,-69.3189,Fucus distichus subsp. evanescens,Random,NA,NA,NA,NA,0
1717,merinov_gosl,Gulf of Saint Lawrence,BMV,NA,BMV-NA-2011-8-31,2011,8,31,48.4227,-69.3189,Fucus vesiculosus,Random,NA,NA,NA,NA,0
1718,merinov_gosl,Gulf of Saint Lawrence,BMV,NA,BMV-NA-2011-8-31,2011,8,31,48.4227,-69.3182,Ascophyllum nodosum,Random,NA,NA,35,35,11.63
1719,merinov_gosl,Gulf of Saint Lawrence,BMV,NA,BMV-NA-2011-8-31,2011,8,31,48.4227,-69.3182,Fucus distichus subsp. evanescens,Random,NA,NA,1,1,0.18
1720,merinov_gosl,Gulf of Saint Lawrence,BMV,NA,BMV-NA-2011-8-31,2011,8,31,48.4227,-69.3182,Fucus vesiculosus,Random,NA,NA,NA,NA,0
1721,merinov_gosl,Gulf of Saint Lawrence,BMV,NA,BMV-NA-2011-8-31,2011,8,31,48.4227,-69.3175,Ascophyllum nodosum,Random,NA,NA,NA,NA,0
1722,merinov_gosl,Gulf of Saint Lawrence,BMV,NA,BMV-NA-2011-8-31,2011,8,31,48.4227,-69.3175,Fucus distichus subsp. evanescens,Random,NA,NA,NA,NA,0
1723,merinov_gosl,Gulf of Saint Lawrence,BMV,NA,BMV-NA-2011-8-31,2011,8,31,48.4227,-69.3175,Fucus vesiculosus,Random,NA,NA,NA,NA,0
1724,merinov_gosl,Gulf of Saint Lawrence,BMV,NA,BMV-NA-2011-8-31,2011,8,31,48.4227,-69.3168,Ascophyllum nodosum,Random,NA,NA,9,9,1.41
1725,merinov_gosl,Gulf of Saint Lawrence,BMV,NA,BMV-NA-2011-8-31,2011,8,31,48.4227,-69.3168,Fucus distichus subsp. evanescens,Random,NA,NA,1,1,0.01
1726,merinov_gosl,Gulf of Saint Lawrence,BMV,NA,BMV-NA-2011-8-31,2011,8,31,48.4227,-69.3168,Fucus vesiculosus,Random,NA,NA,NA,NA,0
1727,merinov_gosl,Gulf of Saint Lawrence,BMV,NA,BMV-NA-2011-8-31,2011,8,31,48.4227,-69.3162,Ascophyllum nodosum,Random,NA,NA,NA,NA,0
1728,merinov_gosl,Gulf of Saint Lawrence,BMV,NA,BMV-NA-2011-8-31,2011,8,31,48.4227,-69.3162,Fucus distichus subsp. evanescens,Random,NA,NA,1,1,0.15
1729,merinov_gosl,Gulf of Saint Lawrence,BMV,NA,BMV-NA-2011-8-31,2011,8,31,48.4227,-69.3162,Fucus vesiculosus,Random,NA,NA,NA,NA,0
1730,merinov_gosl,Gulf of Saint Lawrence,BMV,NA,BMV-NA-2011-8-31,2011,8,31,48.4227,-69.3155,Ascophyllum nodosum,Random,NA,NA,5,5,1.5
1731,merinov_gosl,Gulf of Saint Lawrence,BMV,NA,BMV-NA-2011-8-31,2011,8,31,48.4227,-69.3155,Fucus distichus subsp. evanescens,Random,NA,NA,29,29,2.24
1732,merinov_gosl,Gulf of Saint Lawrence,BMV,NA,BMV-NA-2011-8-31,2011,8,31,48.4227,-69.3155,Fucus vesiculosus,Random,NA,NA,17,17,1.16
1733,merinov_gosl,Gulf of Saint Lawrence,BMV,NA,BMV-NA-2011-8-31,2011,8,31,48.4227,-69.3148,Ascophyllum nodosum,Random,NA,NA,3,3,1.5
1734,merinov_gosl,Gulf of Saint Lawrence,BMV,NA,BMV-NA-2011-8-31,2011,8,31,48.4227,-69.3148,Fucus distichus subsp. evanescens,Random,NA,NA,3,3,0.05
1735,merinov_gosl,Gulf of Saint Lawrence,BMV,NA,BMV-NA-2011-8-31,2011,8,31,48.4227,-69.3148,Fucus vesiculosus,Random,NA,NA,5,5,0.15
1736,merinov_gosl,Gulf of Saint Lawrence,BMV,NA,BMV-NA-2011-8-31,2011,8,31,48.4227,-69.3142,Ascophyllum nodosum,Random,NA,NA,NA,NA,0
1737,merinov_gosl,Gulf of Saint Lawrence,BMV,NA,BMV-NA-2011-8-31,2011,8,31,48.4227,-69.3142,Fucus distichus subsp. evanescens,Random,NA,NA,NA,NA,0
1738,merinov_gosl,Gulf of Saint Lawrence,BMV,NA,BMV-NA-2011-8-31,2011,8,31,48.4227,-69.3142,Fucus vesiculosus,Random,NA,NA,43,43,1.14
1739,merinov_gosl,Gulf of Saint Lawrence,BMV,NA,BMV-NA-2011-8-31,2011,8,31,48.4227,-69.3135,Ascophyllum nodosum,Random,NA,NA,NA,NA,0
1740,merinov_gosl,Gulf of Saint Lawrence,BMV,NA,BMV-NA-2011-8-31,2011,8,31,48.4227,-69.3135,Fucus distichus subsp. evanescens,Random,NA,NA,4,4,0.05
1741,merinov_gosl,Gulf of Saint Lawrence,BMV,NA,BMV-NA-2011-8-31,2011,8,31,48.4227,-69.3135,Fucus vesiculosus,Random,NA,NA,NA,NA,0
1742,merinov_gosl,Gulf of Saint Lawrence,BMV,NA,BMV-NA-2011-8-31,2011,8,31,48.4227,-69.3128,Ascophyllum nodosum,Random,NA,NA,NA,NA,0
1743,merinov_gosl,Gulf of Saint Lawrence,BMV,NA,BMV-NA-2011-8-31,2011,8,31,48.4227,-69.3128,Fucus distichus subsp. evanescens,Random,NA,NA,18,18,0.64
1744,merinov_gosl,Gulf of Saint Lawrence,BMV,NA,BMV-NA-2011-8-31,2011,8,31,48.4227,-69.3128,Fucus vesiculosus,Random,NA,NA,NA,NA,0
1745,merinov_gosl,Gulf of Saint Lawrence,BMV,NA,BMV-NA-2011-8-31,2011,8,31,48.4227,-69.3122,Ascophyllum nodosum,Random,NA,NA,NA,NA,0
1746,merinov_gosl,Gulf of Saint Lawrence,BMV,NA,BMV-NA-2011-8-31,2011,8,31,48.4227,-69.3122,Fucus distichus subsp. evanescens,Random,NA,NA,2,2,0.05
1747,merinov_gosl,Gulf of Saint Lawrence,BMV,NA,BMV-NA-2011-8-31,2011,8,31,48.4227,-69.3122,Fucus vesiculosus,Random,NA,NA,NA,NA,0
1748,merinov_gosl,Gulf of Saint Lawrence,BMV,NA,BMV-NA-2011-8-31,2011,8,31,48.4254,-69.3187,Ascophyllum nodosum,Random,NA,NA,NA,NA,0
1749,merinov_gosl,Gulf of Saint Lawrence,BMV,NA,BMV-NA-2011-8-31,2011,8,31,48.4254,-69.3187,Fucus distichus subsp. evanescens,Random,NA,NA,NA,NA,0
1750,merinov_gosl,Gulf of Saint Lawrence,BMV,NA,BMV-NA-2011-8-31,2011,8,31,48.4254,-69.3187,Fucus vesiculosus,Random,NA,NA,NA,NA,0
1751,merinov_gosl,Gulf of Saint Lawrence,BMV,NA,BMV-NA-2011-8-31,2011,8,31,48.4254,-69.318,Ascophyllum nodosum,Random,NA,NA,2,2,0.01
1752,merinov_gosl,Gulf of Saint Lawrence,BMV,NA,BMV-NA-2011-8-31,2011,8,31,48.4254,-69.318,Fucus distichus subsp. evanescens,Random,NA,NA,NA,NA,0
1753,merinov_gosl,Gulf of Saint Lawrence,BMV,NA,BMV-NA-2011-8-31,2011,8,31,48.4254,-69.318,Fucus vesiculosus,Random,NA,NA,1,1,0.05
1754,merinov_gosl,Gulf of Saint Lawrence,BMV,NA,BMV-NA-2011-8-31,2011,8,31,48.4254,-69.3173,Ascophyllum nodosum,Random,NA,NA,55,55,11.09
1755,merinov_gosl,Gulf of Saint Lawrence,BMV,NA,BMV-NA-2011-8-31,2011,8,31,48.4254,-69.3173,Fucus distichus subsp. evanescens,Random,NA,NA,NA,NA,0
1756,merinov_gosl,Gulf of Saint Lawrence,BMV,NA,BMV-NA-2011-8-31,2011,8,31,48.4254,-69.3173,Fucus vesiculosus,Random,NA,NA,4,4,0.35
1757,merinov_gosl,Gulf of Saint Lawrence,BMV,NA,BMV-NA-2011-8-31,2011,8,31,48.4254,-69.3167,Ascophyllum nodosum,Random,NA,NA,25,25,4.02
1758,merinov_gosl,Gulf of Saint Lawrence,BMV,NA,BMV-NA-2011-8-31,2011,8,31,48.4254,-69.3167,Fucus distichus subsp. evanescens,Random,NA,NA,8,8,0.33
1759,merinov_gosl,Gulf of Saint Lawrence,BMV,NA,BMV-NA-2011-8-31,2011,8,31,48.4254,-69.3167,Fucus vesiculosus,Random,NA,NA,5,5,0.27
1760,merinov_gosl,Gulf of Saint Lawrence,BMV,NA,BMV-NA-2011-8-31,2011,8,31,48.4254,-69.316,Ascophyllum nodosum,Random,NA,NA,5,5,0.37
1761,merinov_gosl,Gulf of Saint Lawrence,BMV,NA,BMV-NA-2011-8-31,2011,8,31,48.4254,-69.316,Fucus distichus subsp. evanescens,Random,NA,NA,11,11,0.61
1762,merinov_gosl,Gulf of Saint Lawrence,BMV,NA,BMV-NA-2011-8-31,2011,8,31,48.4254,-69.316,Fucus vesiculosus,Random,NA,NA,20,20,1.18
1763,merinov_gosl,Gulf of Saint Lawrence,BMV,NA,BMV-NA-2011-8-31,2011,8,31,48.4254,-69.3153,Ascophyllum nodosum,Random,NA,NA,NA,NA,0
1764,merinov_gosl,Gulf of Saint Lawrence,BMV,NA,BMV-NA-2011-8-31,2011,8,31,48.4254,-69.3153,Fucus distichus subsp. evanescens,Random,NA,NA,NA,NA,0
1765,merinov_gosl,Gulf of Saint Lawrence,BMV,NA,BMV-NA-2011-8-31,2011,8,31,48.4254,-69.3153,Fucus vesiculosus,Random,NA,NA,NA,NA,0
1766,merinov_gosl,Gulf of Saint Lawrence,BMV,NA,BMV-NA-2011-8-31,2011,8,31,48.4254,-69.3147,Ascophyllum nodosum,Random,NA,NA,NA,NA,0
1767,merinov_gosl,Gulf of Saint Lawrence,BMV,NA,BMV-NA-2011-8-31,2011,8,31,48.4254,-69.3147,Fucus distichus subsp. evanescens,Random,NA,NA,1,1,0.01
1768,merinov_gosl,Gulf of Saint Lawrence,BMV,NA,BMV-NA-2011-8-31,2011,8,31,48.4254,-69.3147,Fucus vesiculosus,Random,NA,NA,NA,NA,0
1769,merinov_gosl,Gulf of Saint Lawrence,BMV,NA,BMV-NA-2011-8-31,2011,8,31,48.4254,-69.314,Ascophyllum nodosum,Random,NA,NA,NA,NA,0
1770,merinov_gosl,Gulf of Saint Lawrence,BMV,NA,BMV-NA-2011-8-31,2011,8,31,48.4254,-69.314,Fucus distichus subsp. evanescens,Random,NA,NA,NA,NA,0
1771,merinov_gosl,Gulf of Saint Lawrence,BMV,NA,BMV-NA-2011-8-31,2011,8,31,48.4254,-69.314,Fucus vesiculosus,Random,NA,NA,NA,NA,0
1772,merinov_gosl,Gulf of Saint Lawrence,BMV,NA,BMV-NA-2011-8-31,2011,8,31,48.4254,-69.3133,Ascophyllum nodosum,Random,NA,NA,NA,NA,0
1773,merinov_gosl,Gulf of Saint Lawrence,BMV,NA,BMV-NA-2011-8-31,2011,8,31,48.4254,-69.3133,Fucus distichus subsp. evanescens,Random,NA,NA,6,6,0.46
1774,merinov_gosl,Gulf of Saint Lawrence,BMV,NA,BMV-NA-2011-8-31,2011,8,31,48.4254,-69.3133,Fucus vesiculosus,Random,NA,NA,NA,NA,0
1775,merinov_gosl,Gulf of Saint Lawrence,BMV,NA,BMV-NA-2011-8-31,2011,8,31,48.4254,-69.3127,Ascophyllum nodosum,Random,NA,NA,1,1,0.03
1776,merinov_gosl,Gulf of Saint Lawrence,BMV,NA,BMV-NA-2011-8-31,2011,8,31,48.4254,-69.3127,Fucus distichus subsp. evanescens,Random,NA,NA,7,7,0.43
1777,merinov_gosl,Gulf of Saint Lawrence,BMV,NA,BMV-NA-2011-8-31,2011,8,31,48.4254,-69.3127,Fucus vesiculosus,Random,NA,NA,NA,NA,0
1778,merinov_gosl,Gulf of Saint Lawrence,BMV,NA,BMV-NA-2011-8-31,2011,8,31,48.4254,-69.312,Ascophyllum nodosum,Random,NA,NA,NA,NA,0
1779,merinov_gosl,Gulf of Saint Lawrence,BMV,NA,BMV-NA-2011-8-31,2011,8,31,48.4254,-69.312,Fucus distichus subsp. evanescens,Random,NA,NA,9,9,0.48
1780,merinov_gosl,Gulf of Saint Lawrence,BMV,NA,BMV-NA-2011-8-31,2011,8,31,48.4254,-69.312,Fucus vesiculosus,Random,NA,NA,NA,NA,0
1781,merinov_gosl,Gulf of Saint Lawrence,BMV,NA,BMV-NA-2011-8-31,2011,8,31,48.4254,-69.3113,Ascophyllum nodosum,Random,NA,NA,NA,NA,0
1782,merinov_gosl,Gulf of Saint Lawrence,BMV,NA,BMV-NA-2011-8-31,2011,8,31,48.4254,-69.3113,Fucus distichus subsp. evanescens,Random,NA,NA,NA,NA,0
1783,merinov_gosl,Gulf of Saint Lawrence,BMV,NA,BMV-NA-2011-8-31,2011,8,31,48.4254,-69.3113,Fucus vesiculosus,Random,NA,NA,NA,NA,0
1784,merinov_gosl,Gulf of Saint Lawrence,BMV,NA,BMV-NA-2011-8-31,2011,8,31,48.4254,-69.3107,Ascophyllum nodosum,Random,NA,NA,NA,NA,0
1785,merinov_gosl,Gulf of Saint Lawrence,BMV,NA,BMV-NA-2011-8-31,2011,8,31,48.4254,-69.3107,Fucus distichus subsp. evanescens,Random,NA,NA,NA,NA,0
1786,merinov_gosl,Gulf of Saint Lawrence,BMV,NA,BMV-NA-2011-8-31,2011,8,31,48.4254,-69.3107,Fucus vesiculosus,Random,NA,NA,NA,NA,0
1787,merinov_gosl,Gulf of Saint Lawrence,BMV,NA,BMV-NA-2011-8-31,2011,8,31,48.4254,-69.31,Ascophyllum nodosum,Random,NA,NA,5,5,0.02
1788,merinov_gosl,Gulf of Saint Lawrence,BMV,NA,BMV-NA-2011-8-31,2011,8,31,48.4254,-69.31,Fucus distichus subsp. evanescens,Random,NA,NA,19,19,1.74
1789,merinov_gosl,Gulf of Saint Lawrence,BMV,NA,BMV-NA-2011-8-31,2011,8,31,48.4254,-69.31,Fucus vesiculosus,Random,NA,NA,36,36,2.65
1790,merinov_gosl,Gulf of Saint Lawrence,BMV,NA,BMV-NA-2011-9-1,2011,9,1,48.4227,-69.3115,Ascophyllum nodosum,Random,NA,NA,NA,NA,0
1791,merinov_gosl,Gulf of Saint Lawrence,BMV,NA,BMV-NA-2011-9-1,2011,9,1,48.4227,-69.3115,Fucus distichus subsp. evanescens,Random,NA,NA,NA,NA,0
1792,merinov_gosl,Gulf of Saint Lawrence,BMV,NA,BMV-NA-2011-9-1,2011,9,1,48.4227,-69.3115,Fucus vesiculosus,Random,NA,NA,NA,NA,0
1793,merinov_gosl,Gulf of Saint Lawrence,BMV,NA,BMV-NA-2011-9-1,2011,9,1,48.4227,-69.3108,Ascophyllum nodosum,Random,NA,NA,NA,NA,0
1794,merinov_gosl,Gulf of Saint Lawrence,BMV,NA,BMV-NA-2011-9-1,2011,9,1,48.4227,-69.3108,Fucus distichus subsp. evanescens,Random,NA,NA,NA,NA,0
1795,merinov_gosl,Gulf of Saint Lawrence,BMV,NA,BMV-NA-2011-9-1,2011,9,1,48.4227,-69.3108,Fucus vesiculosus,Random,NA,NA,NA,NA,0
1796,merinov_gosl,Gulf of Saint Lawrence,BMV,NA,BMV-NA-2011-9-1,2011,9,1,48.4227,-69.3102,Ascophyllum nodosum,Random,NA,NA,NA,NA,0
1797,merinov_gosl,Gulf of Saint Lawrence,BMV,NA,BMV-NA-2011-9-1,2011,9,1,48.4227,-69.3102,Fucus distichus subsp. evanescens,Random,NA,NA,NA,NA,0
1798,merinov_gosl,Gulf of Saint Lawrence,BMV,NA,BMV-NA-2011-9-1,2011,9,1,48.4227,-69.3102,Fucus vesiculosus,Random,NA,NA,NA,NA,0
1799,merinov_gosl,Gulf of Saint Lawrence,BMV,NA,BMV-NA-2011-9-1,2011,9,1,48.4227,-69.3095,Ascophyllum nodosum,Random,NA,NA,NA,NA,0
1800,merinov_gosl,Gulf of Saint Lawrence,BMV,NA,BMV-NA-2011-9-1,2011,9,1,48.4227,-69.3095,Fucus distichus subsp. evanescens,Random,NA,NA,23,23,1.01
1801,merinov_gosl,Gulf of Saint Lawrence,BMV,NA,BMV-NA-2011-9-1,2011,9,1,48.4227,-69.3095,Fucus vesiculosus,Random,NA,NA,NA,NA,0
1802,merinov_gosl,Gulf of Saint Lawrence,BMV,NA,BMV-NA-2011-9-1,2011,9,1,48.4227,-69.3088,Ascophyllum nodosum,Random,NA,NA,NA,NA,0
1803,merinov_gosl,Gulf of Saint Lawrence,BMV,NA,BMV-NA-2011-9-1,2011,9,1,48.4227,-69.3088,Fucus distichus subsp. evanescens,Random,NA,NA,5,5,0.85
1804,merinov_gosl,Gulf of Saint Lawrence,BMV,NA,BMV-NA-2011-9-1,2011,9,1,48.4227,-69.3088,Fucus vesiculosus,Random,NA,NA,5,5,0.77
1805,merinov_gosl,Gulf of Saint Lawrence,BMV,NA,BMV-NA-2011-9-1,2011,9,1,48.4227,-69.3082,Ascophyllum nodosum,Random,NA,NA,NA,NA,0
1806,merinov_gosl,Gulf of Saint Lawrence,BMV,NA,BMV-NA-2011-9-1,2011,9,1,48.4227,-69.3082,Fucus distichus subsp. evanescens,Random,NA,NA,24,24,2.05
1807,merinov_gosl,Gulf of Saint Lawrence,BMV,NA,BMV-NA-2011-9-1,2011,9,1,48.4227,-69.3082,Fucus vesiculosus,Random,NA,NA,NA,NA,0
1808,merinov_gosl,Gulf of Saint Lawrence,BMV,NA,BMV-NA-2011-9-1,2011,9,1,48.4227,-69.3075,Ascophyllum nodosum,Random,NA,NA,NA,NA,0
1809,merinov_gosl,Gulf of Saint Lawrence,BMV,NA,BMV-NA-2011-9-1,2011,9,1,48.4227,-69.3075,Fucus distichus subsp. evanescens,Random,NA,NA,10,10,0.03
1810,merinov_gosl,Gulf of Saint Lawrence,BMV,NA,BMV-NA-2011-9-1,2011,9,1,48.4227,-69.3075,Fucus vesiculosus,Random,NA,NA,NA,NA,0
1811,merinov_gosl,Gulf of Saint Lawrence,BMV,NA,BMV-NA-2011-9-1,2011,9,1,48.4227,-69.3068,Ascophyllum nodosum,Random,NA,NA,NA,NA,0
1812,merinov_gosl,Gulf of Saint Lawrence,BMV,NA,BMV-NA-2011-9-1,2011,9,1,48.4227,-69.3068,Fucus distichus subsp. evanescens,Random,NA,NA,19,19,0.97
1813,merinov_gosl,Gulf of Saint Lawrence,BMV,NA,BMV-NA-2011-9-1,2011,9,1,48.4227,-69.3068,Fucus vesiculosus,Random,NA,NA,NA,NA,0
1814,merinov_gosl,Gulf of Saint Lawrence,BMV,NA,BMV-NA-2011-9-1,2011,9,1,48.4227,-69.3062,Ascophyllum nodosum,Random,NA,NA,1,1,0.02
1815,merinov_gosl,Gulf of Saint Lawrence,BMV,NA,BMV-NA-2011-9-1,2011,9,1,48.4227,-69.3062,Fucus distichus subsp. evanescens,Random,NA,NA,23,23,2.07
1816,merinov_gosl,Gulf of Saint Lawrence,BMV,NA,BMV-NA-2011-9-1,2011,9,1,48.4227,-69.3062,Fucus vesiculosus,Random,NA,NA,27,27,4
1817,merinov_gosl,Gulf of Saint Lawrence,BMV,NA,BMV-NA-2011-9-1,2011,9,1,48.4227,-69.3055,Ascophyllum nodosum,Random,NA,NA,NA,NA,0
1818,merinov_gosl,Gulf of Saint Lawrence,BMV,NA,BMV-NA-2011-9-1,2011,9,1,48.4227,-69.3055,Fucus distichus subsp. evanescens,Random,NA,NA,35,35,0.64
1819,merinov_gosl,Gulf of Saint Lawrence,BMV,NA,BMV-NA-2011-9-1,2011,9,1,48.4227,-69.3055,Fucus vesiculosus,Random,NA,NA,NA,NA,0
1820,merinov_gosl,Gulf of Saint Lawrence,BMV,NA,BMV-NA-2011-9-1,2011,9,1,48.4227,-69.3048,Ascophyllum nodosum,Random,NA,NA,NA,NA,0
1821,merinov_gosl,Gulf of Saint Lawrence,BMV,NA,BMV-NA-2011-9-1,2011,9,1,48.4227,-69.3048,Fucus distichus subsp. evanescens,Random,NA,NA,35,35,2.6
1822,merinov_gosl,Gulf of Saint Lawrence,BMV,NA,BMV-NA-2011-9-1,2011,9,1,48.4227,-69.3048,Fucus vesiculosus,Random,NA,NA,3,3,0.63
1823,merinov_gosl,Gulf of Saint Lawrence,BMV,NA,BMV-NA-2011-9-1,2011,9,1,48.4227,-69.3042,Ascophyllum nodosum,Random,NA,NA,NA,NA,0
1824,merinov_gosl,Gulf of Saint Lawrence,BMV,NA,BMV-NA-2011-9-1,2011,9,1,48.4227,-69.3042,Fucus distichus subsp. evanescens,Random,NA,NA,18,18,0.75
1825,merinov_gosl,Gulf of Saint Lawrence,BMV,NA,BMV-NA-2011-9-1,2011,9,1,48.4227,-69.3042,Fucus vesiculosus,Random,NA,NA,NA,NA,0
1826,merinov_gosl,Gulf of Saint Lawrence,BMV,NA,BMV-NA-2011-9-1,2011,9,1,48.4254,-69.3095,Ascophyllum nodosum,Random,NA,NA,NA,NA,0
1827,merinov_gosl,Gulf of Saint Lawrence,BMV,NA,BMV-NA-2011-9-1,2011,9,1,48.4254,-69.3095,Fucus distichus subsp. evanescens,Random,NA,NA,8,8,0.09
1828,merinov_gosl,Gulf of Saint Lawrence,BMV,NA,BMV-NA-2011-9-1,2011,9,1,48.4254,-69.3095,Fucus vesiculosus,Random,NA,NA,NA,NA,0
1829,merinov_gosl,Gulf of Saint Lawrence,BMV,NA,BMV-NA-2011-9-1,2011,9,1,48.4254,-69.3088,Ascophyllum nodosum,Random,NA,NA,NA,NA,0
1830,merinov_gosl,Gulf of Saint Lawrence,BMV,NA,BMV-NA-2011-9-1,2011,9,1,48.4254,-69.3088,Fucus distichus subsp. evanescens,Random,NA,NA,14,14,0.76
1831,merinov_gosl,Gulf of Saint Lawrence,BMV,NA,BMV-NA-2011-9-1,2011,9,1,48.4254,-69.3088,Fucus vesiculosus,Random,NA,NA,4,4,0.19
1832,merinov_gosl,Gulf of Saint Lawrence,BMV,NA,BMV-NA-2011-9-1,2011,9,1,48.4254,-69.3082,Ascophyllum nodosum,Random,NA,NA,NA,NA,0
1833,merinov_gosl,Gulf of Saint Lawrence,BMV,NA,BMV-NA-2011-9-1,2011,9,1,48.4254,-69.3082,Fucus distichus subsp. evanescens,Random,NA,NA,5,5,0.1
1834,merinov_gosl,Gulf of Saint Lawrence,BMV,NA,BMV-NA-2011-9-1,2011,9,1,48.4254,-69.3082,Fucus vesiculosus,Random,NA,NA,NA,NA,0
1835,merinov_gosl,Gulf of Saint Lawrence,BMV,NA,BMV-NA-2011-9-1,2011,9,1,48.4254,-69.3075,Ascophyllum nodosum,Random,NA,NA,NA,NA,0
1836,merinov_gosl,Gulf of Saint Lawrence,BMV,NA,BMV-NA-2011-9-1,2011,9,1,48.4254,-69.3075,Fucus distichus subsp. evanescens,Random,NA,NA,10,10,0.57
1837,merinov_gosl,Gulf of Saint Lawrence,BMV,NA,BMV-NA-2011-9-1,2011,9,1,48.4254,-69.3075,Fucus vesiculosus,Random,NA,NA,NA,NA,0
1838,merinov_gosl,Gulf of Saint Lawrence,BMV,NA,BMV-NA-2011-9-1,2011,9,1,48.4254,-69.3068,Ascophyllum nodosum,Random,NA,NA,NA,NA,0
1839,merinov_gosl,Gulf of Saint Lawrence,BMV,NA,BMV-NA-2011-9-1,2011,9,1,48.4254,-69.3068,Fucus distichus subsp. evanescens,Random,NA,NA,12,12,0.5
1840,merinov_gosl,Gulf of Saint Lawrence,BMV,NA,BMV-NA-2011-9-1,2011,9,1,48.4254,-69.3068,Fucus vesiculosus,Random,NA,NA,NA,NA,0
1841,merinov_gosl,Gulf of Saint Lawrence,BMV,NA,BMV-NA-2011-9-1,2011,9,1,48.4254,-69.3062,Ascophyllum nodosum,Random,NA,NA,NA,NA,0
1842,merinov_gosl,Gulf of Saint Lawrence,BMV,NA,BMV-NA-2011-9-1,2011,9,1,48.4254,-69.3062,Fucus distichus subsp. evanescens,Random,NA,NA,12,12,0.58
1843,merinov_gosl,Gulf of Saint Lawrence,BMV,NA,BMV-NA-2011-9-1,2011,9,1,48.4254,-69.3062,Fucus vesiculosus,Random,NA,NA,NA,NA,0
1844,merinov_gosl,Gulf of Saint Lawrence,BMV,NA,BMV-NA-2011-9-1,2011,9,1,48.4254,-69.3055,Ascophyllum nodosum,Random,NA,NA,NA,NA,0
1845,merinov_gosl,Gulf of Saint Lawrence,BMV,NA,BMV-NA-2011-9-1,2011,9,1,48.4254,-69.3055,Fucus distichus subsp. evanescens,Random,NA,NA,8,8,0.2
1846,merinov_gosl,Gulf of Saint Lawrence,BMV,NA,BMV-NA-2011-9-1,2011,9,1,48.4254,-69.3055,Fucus vesiculosus,Random,NA,NA,NA,NA,0
1847,merinov_gosl,Gulf of Saint Lawrence,BMV,NA,BMV-NA-2011-9-1,2011,9,1,48.4254,-69.3048,Ascophyllum nodosum,Random,NA,NA,NA,NA,0
1848,merinov_gosl,Gulf of Saint Lawrence,BMV,NA,BMV-NA-2011-9-1,2011,9,1,48.4254,-69.3048,Fucus distichus subsp. evanescens,Random,NA,NA,8,8,0.21
1849,merinov_gosl,Gulf of Saint Lawrence,BMV,NA,BMV-NA-2011-9-1,2011,9,1,48.4254,-69.3048,Fucus vesiculosus,Random,NA,NA,NA,NA,0
1850,merinov_gosl,Gulf of Saint Lawrence,BMV,NA,BMV-NA-2011-9-1,2011,9,1,48.4254,-69.3042,Ascophyllum nodosum,Random,NA,NA,NA,NA,0
1851,merinov_gosl,Gulf of Saint Lawrence,BMV,NA,BMV-NA-2011-9-1,2011,9,1,48.4254,-69.3042,Fucus distichus subsp. evanescens,Random,NA,NA,NA,NA,0
1852,merinov_gosl,Gulf of Saint Lawrence,BMV,NA,BMV-NA-2011-9-1,2011,9,1,48.4254,-69.3042,Fucus vesiculosus,Random,NA,NA,NA,NA,0
1853,merinov_gosl,Gulf of Saint Lawrence,BMV,NA,BMV-NA-2011-9-1,2011,9,1,48.4254,-69.3035,Ascophyllum nodosum,Random,NA,NA,NA,NA,0
1854,merinov_gosl,Gulf of Saint Lawrence,BMV,NA,BMV-NA-2011-9-1,2011,9,1,48.4254,-69.3035,Fucus distichus subsp. evanescens,Random,NA,NA,NA,NA,0
1855,merinov_gosl,Gulf of Saint Lawrence,BMV,NA,BMV-NA-2011-9-1,2011,9,1,48.4254,-69.3035,Fucus vesiculosus,Random,NA,NA,NA,NA,0
1856,merinov_gosl,Gulf of Saint Lawrence,BMV,NA,BMV-NA-2011-9-1,2011,9,1,48.4254,-69.3028,Ascophyllum nodosum,Random,NA,NA,NA,NA,0
1857,merinov_gosl,Gulf of Saint Lawrence,BMV,NA,BMV-NA-2011-9-1,2011,9,1,48.4254,-69.3028,Fucus distichus subsp. evanescens,Random,NA,NA,NA,NA,0
1858,merinov_gosl,Gulf of Saint Lawrence,BMV,NA,BMV-NA-2011-9-1,2011,9,1,48.4254,-69.3028,Fucus vesiculosus,Random,NA,NA,NA,NA,0
1859,merinov_gosl,Gulf of Saint Lawrence,BMV,NA,BMV-NA-2011-9-1,2011,9,1,48.4254,-69.3022,Ascophyllum nodosum,Random,NA,NA,NA,NA,0
1860,merinov_gosl,Gulf of Saint Lawrence,BMV,NA,BMV-NA-2011-9-1,2011,9,1,48.4254,-69.3022,Fucus distichus subsp. evanescens,Random,NA,NA,11,11,0.68
1861,merinov_gosl,Gulf of Saint Lawrence,BMV,NA,BMV-NA-2011-9-1,2011,9,1,48.4254,-69.3022,Fucus vesiculosus,Random,NA,NA,NA,NA,0
1862,merinov_gosl,Gulf of Saint Lawrence,BMV,NA,BMV-NA-2011-9-1,2011,9,1,48.4254,-69.3015,Ascophyllum nodosum,Random,NA,NA,NA,NA,0
1863,merinov_gosl,Gulf of Saint Lawrence,BMV,NA,BMV-NA-2011-9-1,2011,9,1,48.4254,-69.3015,Fucus distichus subsp. evanescens,Random,NA,NA,NA,NA,0
1864,merinov_gosl,Gulf of Saint Lawrence,BMV,NA,BMV-NA-2011-9-1,2011,9,1,48.4254,-69.3015,Fucus vesiculosus,Random,NA,NA,NA,NA,0
1865,merinov_gosl,Gulf of Saint Lawrence,BMV,NA,BMV-NA-2011-9-1,2011,9,1,48.4254,-69.3008,Ascophyllum nodosum,Random,NA,NA,NA,NA,0
1866,merinov_gosl,Gulf of Saint Lawrence,BMV,NA,BMV-NA-2011-9-1,2011,9,1,48.4254,-69.3008,Fucus distichus subsp. evanescens,Random,NA,NA,37,37,1.27
1867,merinov_gosl,Gulf of Saint Lawrence,BMV,NA,BMV-NA-2011-9-1,2011,9,1,48.4254,-69.3008,Fucus vesiculosus,Random,NA,NA,2,2,0.16
1868,merinov_gosl,Gulf of Saint Lawrence,BMV,NA,BMV-NA-2011-9-1,2011,9,1,48.4281,-69.3177,Ascophyllum nodosum,Random,NA,NA,NA,NA,0
1869,merinov_gosl,Gulf of Saint Lawrence,BMV,NA,BMV-NA-2011-9-1,2011,9,1,48.4281,-69.3177,Fucus distichus subsp. evanescens,Random,NA,NA,NA,NA,0
1870,merinov_gosl,Gulf of Saint Lawrence,BMV,NA,BMV-NA-2011-9-1,2011,9,1,48.4281,-69.3177,Fucus vesiculosus,Random,NA,NA,NA,NA,0
1871,merinov_gosl,Gulf of Saint Lawrence,BMV,NA,BMV-NA-2011-9-1,2011,9,1,48.4281,-69.3171,Ascophyllum nodosum,Random,NA,NA,NA,NA,0
1872,merinov_gosl,Gulf of Saint Lawrence,BMV,NA,BMV-NA-2011-9-1,2011,9,1,48.4281,-69.3171,Fucus distichus subsp. evanescens,Random,NA,NA,NA,NA,0
1873,merinov_gosl,Gulf of Saint Lawrence,BMV,NA,BMV-NA-2011-9-1,2011,9,1,48.4281,-69.3171,Fucus vesiculosus,Random,NA,NA,NA,NA,0
1874,merinov_gosl,Gulf of Saint Lawrence,BMV,NA,BMV-NA-2011-9-1,2011,9,1,48.4281,-69.3164,Ascophyllum nodosum,Random,NA,NA,NA,NA,0
1875,merinov_gosl,Gulf of Saint Lawrence,BMV,NA,BMV-NA-2011-9-1,2011,9,1,48.4281,-69.3164,Fucus distichus subsp. evanescens,Random,NA,NA,NA,NA,0
1876,merinov_gosl,Gulf of Saint Lawrence,BMV,NA,BMV-NA-2011-9-1,2011,9,1,48.4281,-69.3164,Fucus vesiculosus,Random,NA,NA,NA,NA,0
1877,merinov_gosl,Gulf of Saint Lawrence,BMV,NA,BMV-NA-2011-9-1,2011,9,1,48.4281,-69.3157,Ascophyllum nodosum,Random,NA,NA,NA,NA,0
1878,merinov_gosl,Gulf of Saint Lawrence,BMV,NA,BMV-NA-2011-9-1,2011,9,1,48.4281,-69.3157,Fucus distichus subsp. evanescens,Random,NA,NA,NA,NA,0
1879,merinov_gosl,Gulf of Saint Lawrence,BMV,NA,BMV-NA-2011-9-1,2011,9,1,48.4281,-69.3157,Fucus vesiculosus,Random,NA,NA,NA,NA,0
1880,merinov_gosl,Gulf of Saint Lawrence,BMV,NA,BMV-NA-2011-9-1,2011,9,1,48.4281,-69.3151,Ascophyllum nodosum,Random,NA,NA,NA,NA,0
1881,merinov_gosl,Gulf of Saint Lawrence,BMV,NA,BMV-NA-2011-9-1,2011,9,1,48.4281,-69.3151,Fucus distichus subsp. evanescens,Random,NA,NA,7,7,0.42
1882,merinov_gosl,Gulf of Saint Lawrence,BMV,NA,BMV-NA-2011-9-1,2011,9,1,48.4281,-69.3151,Fucus vesiculosus,Random,NA,NA,NA,NA,0
1883,merinov_gosl,Gulf of Saint Lawrence,BMV,NA,BMV-NA-2011-9-1,2011,9,1,48.4281,-69.3144,Ascophyllum nodosum,Random,NA,NA,16,16,1.03
1884,merinov_gosl,Gulf of Saint Lawrence,BMV,NA,BMV-NA-2011-9-1,2011,9,1,48.4281,-69.3144,Fucus distichus subsp. evanescens,Random,NA,NA,1,1,0.09
1885,merinov_gosl,Gulf of Saint Lawrence,BMV,NA,BMV-NA-2011-9-1,2011,9,1,48.4281,-69.3144,Fucus vesiculosus,Random,NA,NA,4,4,0.13
1886,merinov_gosl,Gulf of Saint Lawrence,BMV,NA,BMV-NA-2011-9-1,2011,9,1,48.4281,-69.3137,Ascophyllum nodosum,Random,NA,NA,1,1,0.15
1887,merinov_gosl,Gulf of Saint Lawrence,BMV,NA,BMV-NA-2011-9-1,2011,9,1,48.4281,-69.3137,Fucus distichus subsp. evanescens,Random,NA,NA,8,8,0.44
1888,merinov_gosl,Gulf of Saint Lawrence,BMV,NA,BMV-NA-2011-9-1,2011,9,1,48.4281,-69.3137,Fucus vesiculosus,Random,NA,NA,NA,NA,0
1889,merinov_gosl,Gulf of Saint Lawrence,BMV,NA,BMV-NA-2011-9-1,2011,9,1,48.4281,-69.3131,Ascophyllum nodosum,Random,NA,NA,NA,NA,0
1890,merinov_gosl,Gulf of Saint Lawrence,BMV,NA,BMV-NA-2011-9-1,2011,9,1,48.4281,-69.3131,Fucus distichus subsp. evanescens,Random,NA,NA,NA,NA,0
1891,merinov_gosl,Gulf of Saint Lawrence,BMV,NA,BMV-NA-2011-9-1,2011,9,1,48.4281,-69.3131,Fucus vesiculosus,Random,NA,NA,NA,NA,0
1892,merinov_gosl,Gulf of Saint Lawrence,BMV,NA,BMV-NA-2011-9-1,2011,9,1,48.4281,-69.3124,Ascophyllum nodosum,Random,NA,NA,NA,NA,0
1893,merinov_gosl,Gulf of Saint Lawrence,BMV,NA,BMV-NA-2011-9-1,2011,9,1,48.4281,-69.3124,Fucus distichus subsp. evanescens,Random,NA,NA,12,12,1.59
1894,merinov_gosl,Gulf of Saint Lawrence,BMV,NA,BMV-NA-2011-9-1,2011,9,1,48.4281,-69.3124,Fucus vesiculosus,Random,NA,NA,NA,NA,0
1895,merinov_gosl,Gulf of Saint Lawrence,BMV,NA,BMV-NA-2011-9-1,2011,9,1,48.4281,-69.3117,Ascophyllum nodosum,Random,NA,NA,NA,NA,0
1896,merinov_gosl,Gulf of Saint Lawrence,BMV,NA,BMV-NA-2011-9-1,2011,9,1,48.4281,-69.3117,Fucus distichus subsp. evanescens,Random,NA,NA,6,6,0.08
1897,merinov_gosl,Gulf of Saint Lawrence,BMV,NA,BMV-NA-2011-9-1,2011,9,1,48.4281,-69.3117,Fucus vesiculosus,Random,NA,NA,NA,NA,0
1898,merinov_gosl,Gulf of Saint Lawrence,BMV,NA,BMV-NA-2011-9-1,2011,9,1,48.4281,-69.3111,Ascophyllum nodosum,Random,NA,NA,NA,NA,0
1899,merinov_gosl,Gulf of Saint Lawrence,BMV,NA,BMV-NA-2011-9-1,2011,9,1,48.4281,-69.3111,Fucus distichus subsp. evanescens,Random,NA,NA,2,2,0.01
1900,merinov_gosl,Gulf of Saint Lawrence,BMV,NA,BMV-NA-2011-9-1,2011,9,1,48.4281,-69.3111,Fucus vesiculosus,Random,NA,NA,NA,NA,0
1901,merinov_gosl,Gulf of Saint Lawrence,BMV,NA,BMV-NA-2011-9-2,2011,9,2,48.4281,-69.3104,Ascophyllum nodosum,Random,NA,NA,NA,NA,0
1902,merinov_gosl,Gulf of Saint Lawrence,BMV,NA,BMV-NA-2011-9-2,2011,9,2,48.4281,-69.3104,Fucus distichus subsp. evanescens,Random,NA,NA,4,4,0.09
1903,merinov_gosl,Gulf of Saint Lawrence,BMV,NA,BMV-NA-2011-9-2,2011,9,2,48.4281,-69.3104,Fucus vesiculosus,Random,NA,NA,NA,NA,0
1904,merinov_gosl,Gulf of Saint Lawrence,BMV,NA,BMV-NA-2011-9-2,2011,9,2,48.4281,-69.3097,Ascophyllum nodosum,Random,NA,NA,27,27,9.21
1905,merinov_gosl,Gulf of Saint Lawrence,BMV,NA,BMV-NA-2011-9-2,2011,9,2,48.4281,-69.3097,Fucus distichus subsp. evanescens,Random,NA,NA,7,7,1.05
1906,merinov_gosl,Gulf of Saint Lawrence,BMV,NA,BMV-NA-2011-9-2,2011,9,2,48.4281,-69.3097,Fucus vesiculosus,Random,NA,NA,75,75,3.33
1907,merinov_gosl,Gulf of Saint Lawrence,BMV,NA,BMV-NA-2011-9-2,2011,9,2,48.4281,-69.3091,Ascophyllum nodosum,Random,NA,NA,NA,NA,0
1908,merinov_gosl,Gulf of Saint Lawrence,BMV,NA,BMV-NA-2011-9-2,2011,9,2,48.4281,-69.3091,Fucus distichus subsp. evanescens,Random,NA,NA,1,1,0.05
1909,merinov_gosl,Gulf of Saint Lawrence,BMV,NA,BMV-NA-2011-9-2,2011,9,2,48.4281,-69.3091,Fucus vesiculosus,Random,NA,NA,NA,NA,0
1910,merinov_gosl,Gulf of Saint Lawrence,BMV,NA,BMV-NA-2011-9-2,2011,9,2,48.4281,-69.3084,Ascophyllum nodosum,Random,NA,NA,NA,NA,0
1911,merinov_gosl,Gulf of Saint Lawrence,BMV,NA,BMV-NA-2011-9-2,2011,9,2,48.4281,-69.3084,Fucus distichus subsp. evanescens,Random,NA,NA,9,9,0.53
1912,merinov_gosl,Gulf of Saint Lawrence,BMV,NA,BMV-NA-2011-9-2,2011,9,2,48.4281,-69.3084,Fucus vesiculosus,Random,NA,NA,NA,NA,0
1913,merinov_gosl,Gulf of Saint Lawrence,BMV,NA,BMV-NA-2011-9-2,2011,9,2,48.4281,-69.3077,Ascophyllum nodosum,Random,NA,NA,NA,NA,0
1914,merinov_gosl,Gulf of Saint Lawrence,BMV,NA,BMV-NA-2011-9-2,2011,9,2,48.4281,-69.3077,Fucus distichus subsp. evanescens,Random,NA,NA,NA,NA,0
1915,merinov_gosl,Gulf of Saint Lawrence,BMV,NA,BMV-NA-2011-9-2,2011,9,2,48.4281,-69.3077,Fucus vesiculosus,Random,NA,NA,NA,NA,0
1916,merinov_gosl,Gulf of Saint Lawrence,BMV,NA,BMV-NA-2011-9-2,2011,9,2,48.4281,-69.3071,Ascophyllum nodosum,Random,NA,NA,NA,NA,0
1917,merinov_gosl,Gulf of Saint Lawrence,BMV,NA,BMV-NA-2011-9-2,2011,9,2,48.4281,-69.3071,Fucus distichus subsp. evanescens,Random,NA,NA,8,8,0.46
1918,merinov_gosl,Gulf of Saint Lawrence,BMV,NA,BMV-NA-2011-9-2,2011,9,2,48.4281,-69.3071,Fucus vesiculosus,Random,NA,NA,1,1,0.08
1919,merinov_gosl,Gulf of Saint Lawrence,BMV,NA,BMV-NA-2011-9-2,2011,9,2,48.4281,-69.3064,Ascophyllum nodosum,Random,NA,NA,NA,NA,0
1920,merinov_gosl,Gulf of Saint Lawrence,BMV,NA,BMV-NA-2011-9-2,2011,9,2,48.4281,-69.3064,Fucus distichus subsp. evanescens,Random,NA,NA,7,7,0.46
1921,merinov_gosl,Gulf of Saint Lawrence,BMV,NA,BMV-NA-2011-9-2,2011,9,2,48.4281,-69.3064,Fucus vesiculosus,Random,NA,NA,NA,NA,0
1922,merinov_gosl,Gulf of Saint Lawrence,BMV,NA,BMV-NA-2011-9-2,2011,9,2,48.4281,-69.3057,Ascophyllum nodosum,Random,NA,NA,NA,NA,0
1923,merinov_gosl,Gulf of Saint Lawrence,BMV,NA,BMV-NA-2011-9-2,2011,9,2,48.4281,-69.3057,Fucus distichus subsp. evanescens,Random,NA,NA,6,6,0.12
1924,merinov_gosl,Gulf of Saint Lawrence,BMV,NA,BMV-NA-2011-9-2,2011,9,2,48.4281,-69.3057,Fucus vesiculosus,Random,NA,NA,NA,NA,0
1925,merinov_gosl,Gulf of Saint Lawrence,BMV,NA,BMV-NA-2011-9-2,2011,9,2,48.4281,-69.3051,Ascophyllum nodosum,Random,NA,NA,NA,NA,0
1926,merinov_gosl,Gulf of Saint Lawrence,BMV,NA,BMV-NA-2011-9-2,2011,9,2,48.4281,-69.3051,Fucus distichus subsp. evanescens,Random,NA,NA,11,11,0.18
1927,merinov_gosl,Gulf of Saint Lawrence,BMV,NA,BMV-NA-2011-9-2,2011,9,2,48.4281,-69.3051,Fucus vesiculosus,Random,NA,NA,NA,NA,0
1928,merinov_gosl,Gulf of Saint Lawrence,BMV,NA,BMV-NA-2011-9-2,2011,9,2,48.4281,-69.3044,Ascophyllum nodosum,Random,NA,NA,NA,NA,0
1929,merinov_gosl,Gulf of Saint Lawrence,BMV,NA,BMV-NA-2011-9-2,2011,9,2,48.4281,-69.3044,Fucus distichus subsp. evanescens,Random,NA,NA,NA,NA,0
1930,merinov_gosl,Gulf of Saint Lawrence,BMV,NA,BMV-NA-2011-9-2,2011,9,2,48.4281,-69.3044,Fucus vesiculosus,Random,NA,NA,NA,NA,0
1931,merinov_gosl,Gulf of Saint Lawrence,BMV,NA,BMV-NA-2011-9-2,2011,9,2,48.4281,-69.3037,Ascophyllum nodosum,Random,NA,NA,NA,NA,0
1932,merinov_gosl,Gulf of Saint Lawrence,BMV,NA,BMV-NA-2011-9-2,2011,9,2,48.4281,-69.3037,Fucus distichus subsp. evanescens,Random,NA,NA,15,15,0.17
1933,merinov_gosl,Gulf of Saint Lawrence,BMV,NA,BMV-NA-2011-9-2,2011,9,2,48.4281,-69.3037,Fucus vesiculosus,Random,NA,NA,NA,NA,0
1934,merinov_gosl,Gulf of Saint Lawrence,BMV,NA,BMV-NA-2011-9-2,2011,9,2,48.4281,-69.3031,Ascophyllum nodosum,Random,NA,NA,NA,NA,0
1935,merinov_gosl,Gulf of Saint Lawrence,BMV,NA,BMV-NA-2011-9-2,2011,9,2,48.4281,-69.3031,Fucus distichus subsp. evanescens,Random,NA,NA,6,6,0.33
1936,merinov_gosl,Gulf of Saint Lawrence,BMV,NA,BMV-NA-2011-9-2,2011,9,2,48.4281,-69.3031,Fucus vesiculosus,Random,NA,NA,NA,NA,0
1937,merinov_gosl,Gulf of Saint Lawrence,BMV,NA,BMV-NA-2011-9-2,2011,9,2,48.4281,-69.3024,Ascophyllum nodosum,Random,NA,NA,NA,NA,0
1938,merinov_gosl,Gulf of Saint Lawrence,BMV,NA,BMV-NA-2011-9-2,2011,9,2,48.4281,-69.3024,Fucus distichus subsp. evanescens,Random,NA,NA,NA,NA,0
1939,merinov_gosl,Gulf of Saint Lawrence,BMV,NA,BMV-NA-2011-9-2,2011,9,2,48.4281,-69.3024,Fucus vesiculosus,Random,NA,NA,NA,NA,0
1940,merinov_gosl,Gulf of Saint Lawrence,BMV,NA,BMV-NA-2011-9-11,2011,9,11,48.4281,-69.3017,Ascophyllum nodosum,Random,NA,NA,NA,NA,0
1941,merinov_gosl,Gulf of Saint Lawrence,BMV,NA,BMV-NA-2011-9-11,2011,9,11,48.4281,-69.3017,Fucus distichus subsp. evanescens,Random,NA,NA,NA,NA,0
1942,merinov_gosl,Gulf of Saint Lawrence,BMV,NA,BMV-NA-2011-9-11,2011,9,11,48.4281,-69.3017,Fucus vesiculosus,Random,NA,NA,NA,NA,0
1943,merinov_gosl,Gulf of Saint Lawrence,BMV,NA,BMV-NA-2011-9-11,2011,9,11,48.4281,-69.3011,Ascophyllum nodosum,Random,NA,NA,NA,NA,0
1944,merinov_gosl,Gulf of Saint Lawrence,BMV,NA,BMV-NA-2011-9-11,2011,9,11,48.4281,-69.3011,Fucus distichus subsp. evanescens,Random,NA,NA,35,35,0.49
1945,merinov_gosl,Gulf of Saint Lawrence,BMV,NA,BMV-NA-2011-9-11,2011,9,11,48.4281,-69.3011,Fucus vesiculosus,Random,NA,NA,NA,NA,0
1946,merinov_gosl,Gulf of Saint Lawrence,BMV,NA,BMV-NA-2011-9-26,2011,9,26,48.4281,-69.3004,Ascophyllum nodosum,Random,NA,NA,NA,NA,0
1947,merinov_gosl,Gulf of Saint Lawrence,BMV,NA,BMV-NA-2011-9-26,2011,9,26,48.4281,-69.3004,Fucus distichus subsp. evanescens,Random,NA,NA,7,7,0.03
1948,merinov_gosl,Gulf of Saint Lawrence,BMV,NA,BMV-NA-2011-9-26,2011,9,26,48.4281,-69.3004,Fucus vesiculosus,Random,NA,NA,NA,NA,0
1949,merinov_gosl,Gulf of Saint Lawrence,BMV,NA,BMV-NA-2011-9-26,2011,9,26,48.4281,-69.2997,Ascophyllum nodosum,Random,NA,NA,NA,NA,0
1950,merinov_gosl,Gulf of Saint Lawrence,BMV,NA,BMV-NA-2011-9-26,2011,9,26,48.4281,-69.2997,Fucus distichus subsp. evanescens,Random,NA,NA,5,5,0.36
1951,merinov_gosl,Gulf of Saint Lawrence,BMV,NA,BMV-NA-2011-9-26,2011,9,26,48.4281,-69.2997,Fucus vesiculosus,Random,NA,NA,NA,NA,0
1952,merinov_gosl,Gulf of Saint Lawrence,BMV,NA,BMV-NA-2011-9-26,2011,9,26,48.4281,-69.2991,Ascophyllum nodosum,Random,NA,NA,NA,NA,0
1953,merinov_gosl,Gulf of Saint Lawrence,BMV,NA,BMV-NA-2011-9-26,2011,9,26,48.4281,-69.2991,Fucus distichus subsp. evanescens,Random,NA,NA,NA,NA,0
1954,merinov_gosl,Gulf of Saint Lawrence,BMV,NA,BMV-NA-2011-9-26,2011,9,26,48.4281,-69.2991,Fucus vesiculosus,Random,NA,NA,NA,NA,0
1955,merinov_gosl,Gulf of Saint Lawrence,BMV,NA,BMV-NA-2011-9-26,2011,9,26,48.4281,-69.2984,Ascophyllum nodosum,Random,NA,NA,NA,NA,0
1956,merinov_gosl,Gulf of Saint Lawrence,BMV,NA,BMV-NA-2011-9-26,2011,9,26,48.4281,-69.2984,Fucus distichus subsp. evanescens,Random,NA,NA,NA,NA,0
1957,merinov_gosl,Gulf of Saint Lawrence,BMV,NA,BMV-NA-2011-9-26,2011,9,26,48.4281,-69.2984,Fucus vesiculosus,Random,NA,NA,NA,NA,0
1958,merinov_gosl,Gulf of Saint Lawrence,BMV,NA,BMV-NA-2011-9-26,2011,9,26,48.4281,-69.2977,Ascophyllum nodosum,Random,NA,NA,NA,NA,0
1959,merinov_gosl,Gulf of Saint Lawrence,BMV,NA,BMV-NA-2011-9-26,2011,9,26,48.4281,-69.2977,Fucus distichus subsp. evanescens,Random,NA,NA,NA,NA,0
1960,merinov_gosl,Gulf of Saint Lawrence,BMV,NA,BMV-NA-2011-9-26,2011,9,26,48.4281,-69.2977,Fucus vesiculosus,Random,NA,NA,NA,NA,0
1961,merinov_gosl,Gulf of Saint Lawrence,BMV,NA,BMV-NA-2011-9-26,2011,9,26,48.4281,-69.2971,Ascophyllum nodosum,Random,NA,NA,NA,NA,0
1962,merinov_gosl,Gulf of Saint Lawrence,BMV,NA,BMV-NA-2011-9-26,2011,9,26,48.4281,-69.2971,Fucus distichus subsp. evanescens,Random,NA,NA,NA,NA,0
1963,merinov_gosl,Gulf of Saint Lawrence,BMV,NA,BMV-NA-2011-9-26,2011,9,26,48.4281,-69.2971,Fucus vesiculosus,Random,NA,NA,NA,NA,0
1964,merinov_gosl,Gulf of Saint Lawrence,BMV,NA,BMV-NA-2011-9-26,2011,9,26,48.4308,-69.317,Ascophyllum nodosum,Random,NA,NA,NA,NA,0
1965,merinov_gosl,Gulf of Saint Lawrence,BMV,NA,BMV-NA-2011-9-26,2011,9,26,48.4308,-69.317,Fucus distichus subsp. evanescens,Random,NA,NA,NA,NA,0
1966,merinov_gosl,Gulf of Saint Lawrence,BMV,NA,BMV-NA-2011-9-26,2011,9,26,48.4308,-69.317,Fucus vesiculosus,Random,NA,NA,NA,NA,0
1967,merinov_gosl,Gulf of Saint Lawrence,BMV,NA,BMV-NA-2011-9-26,2011,9,26,48.4308,-69.3164,Ascophyllum nodosum,Random,NA,NA,NA,NA,0
1968,merinov_gosl,Gulf of Saint Lawrence,BMV,NA,BMV-NA-2011-9-26,2011,9,26,48.4308,-69.3164,Fucus distichus subsp. evanescens,Random,NA,NA,NA,NA,0
1969,merinov_gosl,Gulf of Saint Lawrence,BMV,NA,BMV-NA-2011-9-26,2011,9,26,48.4308,-69.3164,Fucus vesiculosus,Random,NA,NA,NA,NA,0
1970,merinov_gosl,Gulf of Saint Lawrence,BMV,NA,BMV-NA-2011-9-26,2011,9,26,48.4308,-69.3157,Ascophyllum nodosum,Random,NA,NA,NA,NA,0
1971,merinov_gosl,Gulf of Saint Lawrence,BMV,NA,BMV-NA-2011-9-26,2011,9,26,48.4308,-69.3157,Fucus distichus subsp. evanescens,Random,NA,NA,NA,NA,0
1972,merinov_gosl,Gulf of Saint Lawrence,BMV,NA,BMV-NA-2011-9-26,2011,9,26,48.4308,-69.3157,Fucus vesiculosus,Random,NA,NA,NA,NA,0
1973,merinov_gosl,Gulf of Saint Lawrence,BMV,NA,BMV-NA-2011-9-26,2011,9,26,48.4308,-69.315,Ascophyllum nodosum,Random,NA,NA,50,50,12.23
1974,merinov_gosl,Gulf of Saint Lawrence,BMV,NA,BMV-NA-2011-9-26,2011,9,26,48.4308,-69.315,Fucus distichus subsp. evanescens,Random,NA,NA,2,2,0.09
1975,merinov_gosl,Gulf of Saint Lawrence,BMV,NA,BMV-NA-2011-9-26,2011,9,26,48.4308,-69.315,Fucus vesiculosus,Random,NA,NA,NA,NA,0
1976,merinov_gosl,Gulf of Saint Lawrence,BMV,NA,BMV-NA-2011-9-26,2011,9,26,48.4308,-69.3137,Ascophyllum nodosum,Random,NA,NA,NA,NA,0
1977,merinov_gosl,Gulf of Saint Lawrence,BMV,NA,BMV-NA-2011-9-26,2011,9,26,48.4308,-69.3137,Fucus distichus subsp. evanescens,Random,NA,NA,NA,NA,0
1978,merinov_gosl,Gulf of Saint Lawrence,BMV,NA,BMV-NA-2011-9-26,2011,9,26,48.4308,-69.3137,Fucus vesiculosus,Random,NA,NA,NA,NA,0
1979,merinov_gosl,Gulf of Saint Lawrence,BMV,NA,BMV-NA-2011-9-26,2011,9,26,48.4308,-69.313,Ascophyllum nodosum,Random,NA,NA,NA,NA,0
1980,merinov_gosl,Gulf of Saint Lawrence,BMV,NA,BMV-NA-2011-9-26,2011,9,26,48.4308,-69.313,Fucus distichus subsp. evanescens,Random,NA,NA,NA,NA,0
1981,merinov_gosl,Gulf of Saint Lawrence,BMV,NA,BMV-NA-2011-9-26,2011,9,26,48.4308,-69.313,Fucus vesiculosus,Random,NA,NA,NA,NA,0
1982,merinov_gosl,Gulf of Saint Lawrence,BMV,NA,BMV-NA-2011-9-26,2011,9,26,48.4308,-69.3124,Ascophyllum nodosum,Random,NA,NA,NA,NA,0
1983,merinov_gosl,Gulf of Saint Lawrence,BMV,NA,BMV-NA-2011-9-26,2011,9,26,48.4308,-69.3124,Fucus distichus subsp. evanescens,Random,NA,NA,NA,NA,0
1984,merinov_gosl,Gulf of Saint Lawrence,BMV,NA,BMV-NA-2011-9-26,2011,9,26,48.4308,-69.3124,Fucus vesiculosus,Random,NA,NA,NA,NA,0
1985,merinov_gosl,Gulf of Saint Lawrence,BMV,NA,BMV-NA-2011-9-26,2011,9,26,48.4308,-69.3117,Ascophyllum nodosum,Random,NA,NA,NA,NA,0
1986,merinov_gosl,Gulf of Saint Lawrence,BMV,NA,BMV-NA-2011-9-26,2011,9,26,48.4308,-69.3117,Fucus distichus subsp. evanescens,Random,NA,NA,NA,NA,0
1987,merinov_gosl,Gulf of Saint Lawrence,BMV,NA,BMV-NA-2011-9-26,2011,9,26,48.4308,-69.3117,Fucus vesiculosus,Random,NA,NA,NA,NA,0
1988,merinov_gosl,Gulf of Saint Lawrence,BMV,NA,BMV-NA-2011-9-26,2011,9,26,48.4308,-69.311,Ascophyllum nodosum,Random,NA,NA,NA,NA,0
1989,merinov_gosl,Gulf of Saint Lawrence,BMV,NA,BMV-NA-2011-9-26,2011,9,26,48.4308,-69.311,Fucus distichus subsp. evanescens,Random,NA,NA,NA,NA,0
1990,merinov_gosl,Gulf of Saint Lawrence,BMV,NA,BMV-NA-2011-9-26,2011,9,26,48.4308,-69.311,Fucus vesiculosus,Random,NA,NA,NA,NA,0
1991,merinov_gosl,Gulf of Saint Lawrence,BMV,NA,BMV-NA-2011-9-26,2011,9,26,48.4308,-69.3104,Ascophyllum nodosum,Random,NA,NA,NA,NA,0
1992,merinov_gosl,Gulf of Saint Lawrence,BMV,NA,BMV-NA-2011-9-26,2011,9,26,48.4308,-69.3104,Fucus distichus subsp. evanescens,Random,NA,NA,2,2,0.01
1993,merinov_gosl,Gulf of Saint Lawrence,BMV,NA,BMV-NA-2011-9-26,2011,9,26,48.4308,-69.3104,Fucus vesiculosus,Random,NA,NA,NA,NA,0
1994,merinov_gosl,Gulf of Saint Lawrence,BMV,NA,BMV-NA-2011-9-26,2011,9,26,48.4308,-69.3097,Ascophyllum nodosum,Random,NA,NA,NA,NA,0
1995,merinov_gosl,Gulf of Saint Lawrence,BMV,NA,BMV-NA-2011-9-26,2011,9,26,48.4308,-69.3097,Fucus distichus subsp. evanescens,Random,NA,NA,13,13,0.67
1996,merinov_gosl,Gulf of Saint Lawrence,BMV,NA,BMV-NA-2011-9-26,2011,9,26,48.4308,-69.3097,Fucus vesiculosus,Random,NA,NA,NA,NA,0
1997,merinov_gosl,Gulf of Saint Lawrence,BMV,NA,BMV-NA-2011-9-26,2011,9,26,48.4308,-69.309,Ascophyllum nodosum,Random,NA,NA,NA,NA,0
1998,merinov_gosl,Gulf of Saint Lawrence,BMV,NA,BMV-NA-2011-9-26,2011,9,26,48.4308,-69.309,Fucus distichus subsp. evanescens,Random,NA,NA,NA,NA,0
1999,merinov_gosl,Gulf of Saint Lawrence,BMV,NA,BMV-NA-2011-9-26,2011,9,26,48.4308,-69.309,Fucus vesiculosus,Random,NA,NA,NA,NA,0
2000,merinov_gosl,Gulf of Saint Lawrence,BMV,NA,BMV-NA-2011-9-26,2011,9,26,48.4308,-69.3084,Ascophyllum nodosum,Random,NA,NA,NA,NA,0
2001,merinov_gosl,Gulf of Saint Lawrence,BMV,NA,BMV-NA-2011-9-26,2011,9,26,48.4308,-69.3084,Fucus distichus subsp. evanescens,Random,NA,NA,NA,NA,0
2002,merinov_gosl,Gulf of Saint Lawrence,BMV,NA,BMV-NA-2011-9-26,2011,9,26,48.4308,-69.3084,Fucus vesiculosus,Random,NA,NA,NA,NA,0
2003,merinov_gosl,Gulf of Saint Lawrence,BMV,NA,BMV-NA-2011-9-26,2011,9,26,48.4308,-69.3077,Ascophyllum nodosum,Random,NA,NA,NA,NA,0
2004,merinov_gosl,Gulf of Saint Lawrence,BMV,NA,BMV-NA-2011-9-26,2011,9,26,48.4308,-69.3077,Fucus distichus subsp. evanescens,Random,NA,NA,NA,NA,0
2005,merinov_gosl,Gulf of Saint Lawrence,BMV,NA,BMV-NA-2011-9-26,2011,9,26,48.4308,-69.3077,Fucus vesiculosus,Random,NA,NA,NA,NA,0
2006,merinov_gosl,Gulf of Saint Lawrence,BMV,NA,BMV-NA-2011-9-26,2011,9,26,48.4308,-69.307,Ascophyllum nodosum,Random,NA,NA,NA,NA,0
2007,merinov_gosl,Gulf of Saint Lawrence,BMV,NA,BMV-NA-2011-9-26,2011,9,26,48.4308,-69.307,Fucus distichus subsp. evanescens,Random,NA,NA,NA,NA,0
2008,merinov_gosl,Gulf of Saint Lawrence,BMV,NA,BMV-NA-2011-9-26,2011,9,26,48.4308,-69.307,Fucus vesiculosus,Random,NA,NA,NA,NA,0
2009,merinov_gosl,Gulf of Saint Lawrence,BMV,NA,BMV-NA-2011-9-26,2011,9,26,48.4308,-69.3064,Ascophyllum nodosum,Random,NA,NA,NA,NA,0
2010,merinov_gosl,Gulf of Saint Lawrence,BMV,NA,BMV-NA-2011-9-26,2011,9,26,48.4308,-69.3064,Fucus distichus subsp. evanescens,Random,NA,NA,NA,NA,0
2011,merinov_gosl,Gulf of Saint Lawrence,BMV,NA,BMV-NA-2011-9-26,2011,9,26,48.4308,-69.3064,Fucus vesiculosus,Random,NA,NA,NA,NA,0
2012,merinov_gosl,Gulf of Saint Lawrence,BMV,NA,BMV-NA-2011-9-26,2011,9,26,48.4308,-69.3057,Ascophyllum nodosum,Random,NA,NA,NA,NA,0
2013,merinov_gosl,Gulf of Saint Lawrence,BMV,NA,BMV-NA-2011-9-26,2011,9,26,48.4308,-69.3057,Fucus distichus subsp. evanescens,Random,NA,NA,NA,NA,0
2014,merinov_gosl,Gulf of Saint Lawrence,BMV,NA,BMV-NA-2011-9-26,2011,9,26,48.4308,-69.3057,Fucus vesiculosus,Random,NA,NA,NA,NA,0
2015,merinov_gosl,Gulf of Saint Lawrence,BMV,NA,BMV-NA-2011-9-26,2011,9,26,48.4308,-69.305,Ascophyllum nodosum,Random,NA,NA,NA,NA,0
2016,merinov_gosl,Gulf of Saint Lawrence,BMV,NA,BMV-NA-2011-9-26,2011,9,26,48.4308,-69.305,Fucus distichus subsp. evanescens,Random,NA,NA,21,21,0.88
2017,merinov_gosl,Gulf of Saint Lawrence,BMV,NA,BMV-NA-2011-9-26,2011,9,26,48.4308,-69.305,Fucus vesiculosus,Random,NA,NA,NA,NA,0
2018,merinov_gosl,Gulf of Saint Lawrence,BMV,NA,BMV-NA-2011-9-27,2011,9,27,48.4308,-69.3044,Ascophyllum nodosum,Random,NA,NA,NA,NA,0
2019,merinov_gosl,Gulf of Saint Lawrence,BMV,NA,BMV-NA-2011-9-27,2011,9,27,48.4308,-69.3044,Fucus distichus subsp. evanescens,Random,NA,NA,4,4,0.1
2020,merinov_gosl,Gulf of Saint Lawrence,BMV,NA,BMV-NA-2011-9-27,2011,9,27,48.4308,-69.3044,Fucus vesiculosus,Random,NA,NA,NA,NA,0
2021,merinov_gosl,Gulf of Saint Lawrence,BMV,NA,BMV-NA-2011-9-27,2011,9,27,48.4308,-69.3037,Ascophyllum nodosum,Random,NA,NA,NA,NA,0
2022,merinov_gosl,Gulf of Saint Lawrence,BMV,NA,BMV-NA-2011-9-27,2011,9,27,48.4308,-69.3037,Fucus distichus subsp. evanescens,Random,NA,NA,NA,NA,0
2023,merinov_gosl,Gulf of Saint Lawrence,BMV,NA,BMV-NA-2011-9-27,2011,9,27,48.4308,-69.3037,Fucus vesiculosus,Random,NA,NA,NA,NA,0
2024,merinov_gosl,Gulf of Saint Lawrence,BMV,NA,BMV-NA-2011-9-27,2011,9,27,48.4308,-69.303,Ascophyllum nodosum,Random,NA,NA,NA,NA,0
2025,merinov_gosl,Gulf of Saint Lawrence,BMV,NA,BMV-NA-2011-9-27,2011,9,27,48.4308,-69.303,Fucus distichus subsp. evanescens,Random,NA,NA,NA,NA,0
2026,merinov_gosl,Gulf of Saint Lawrence,BMV,NA,BMV-NA-2011-9-27,2011,9,27,48.4308,-69.303,Fucus vesiculosus,Random,NA,NA,NA,NA,0
2027,merinov_gosl,Gulf of Saint Lawrence,BMV,NA,BMV-NA-2011-9-27,2011,9,27,48.4308,-69.3024,Ascophyllum nodosum,Random,NA,NA,NA,NA,0
2028,merinov_gosl,Gulf of Saint Lawrence,BMV,NA,BMV-NA-2011-9-27,2011,9,27,48.4308,-69.3024,Fucus distichus subsp. evanescens,Random,NA,NA,2,2,0.43
2029,merinov_gosl,Gulf of Saint Lawrence,BMV,NA,BMV-NA-2011-9-27,2011,9,27,48.4308,-69.3024,Fucus vesiculosus,Random,NA,NA,NA,NA,0
2030,merinov_gosl,Gulf of Saint Lawrence,BMV,NA,BMV-NA-2011-9-27,2011,9,27,48.4308,-69.3017,Ascophyllum nodosum,Random,NA,NA,NA,NA,0
2031,merinov_gosl,Gulf of Saint Lawrence,BMV,NA,BMV-NA-2011-9-27,2011,9,27,48.4308,-69.3017,Fucus distichus subsp. evanescens,Random,NA,NA,11,11,0.97
2032,merinov_gosl,Gulf of Saint Lawrence,BMV,NA,BMV-NA-2011-9-27,2011,9,27,48.4308,-69.3017,Fucus vesiculosus,Random,NA,NA,NA,NA,0
2033,merinov_gosl,Gulf of Saint Lawrence,BMV,NA,BMV-NA-2011-9-27,2011,9,27,48.4308,-69.301,Ascophyllum nodosum,Random,NA,NA,NA,NA,0
2034,merinov_gosl,Gulf of Saint Lawrence,BMV,NA,BMV-NA-2011-9-27,2011,9,27,48.4308,-69.301,Fucus distichus subsp. evanescens,Random,NA,NA,91,91,5.03
2035,merinov_gosl,Gulf of Saint Lawrence,BMV,NA,BMV-NA-2011-9-27,2011,9,27,48.4308,-69.301,Fucus vesiculosus,Random,NA,NA,NA,NA,0
2036,merinov_gosl,Gulf of Saint Lawrence,BMV,NA,BMV-NA-2011-9-27,2011,9,27,48.4308,-69.3004,Ascophyllum nodosum,Random,NA,NA,NA,NA,0
2037,merinov_gosl,Gulf of Saint Lawrence,BMV,NA,BMV-NA-2011-9-27,2011,9,27,48.4308,-69.3004,Fucus distichus subsp. evanescens,Random,NA,NA,7,7,0.17
2038,merinov_gosl,Gulf of Saint Lawrence,BMV,NA,BMV-NA-2011-9-27,2011,9,27,48.4308,-69.3004,Fucus vesiculosus,Random,NA,NA,NA,NA,0
2039,merinov_gosl,Gulf of Saint Lawrence,BMV,NA,BMV-NA-2011-9-27,2011,9,27,48.4308,-69.2997,Ascophyllum nodosum,Random,NA,NA,NA,NA,0
2040,merinov_gosl,Gulf of Saint Lawrence,BMV,NA,BMV-NA-2011-9-27,2011,9,27,48.4308,-69.2997,Fucus distichus subsp. evanescens,Random,NA,NA,2,2,0.99
2041,merinov_gosl,Gulf of Saint Lawrence,BMV,NA,BMV-NA-2011-9-27,2011,9,27,48.4308,-69.2997,Fucus vesiculosus,Random,NA,NA,NA,NA,0
2042,merinov_gosl,Gulf of Saint Lawrence,BMV,NA,BMV-NA-2011-9-27,2011,9,27,48.4308,-69.299,Ascophyllum nodosum,Random,NA,NA,NA,NA,0
2043,merinov_gosl,Gulf of Saint Lawrence,BMV,NA,BMV-NA-2011-9-27,2011,9,27,48.4308,-69.299,Fucus distichus subsp. evanescens,Random,NA,NA,2,2,0.01
2044,merinov_gosl,Gulf of Saint Lawrence,BMV,NA,BMV-NA-2011-9-27,2011,9,27,48.4308,-69.299,Fucus vesiculosus,Random,NA,NA,NA,NA,0
2045,merinov_gosl,Gulf of Saint Lawrence,BMV,NA,BMV-NA-2011-9-27,2011,9,27,48.4308,-69.2984,Ascophyllum nodosum,Random,NA,NA,NA,NA,0
2046,merinov_gosl,Gulf of Saint Lawrence,BMV,NA,BMV-NA-2011-9-27,2011,9,27,48.4308,-69.2984,Fucus distichus subsp. evanescens,Random,NA,NA,NA,NA,0
2047,merinov_gosl,Gulf of Saint Lawrence,BMV,NA,BMV-NA-2011-9-27,2011,9,27,48.4308,-69.2984,Fucus vesiculosus,Random,NA,NA,NA,NA,0
2048,merinov_gosl,Gulf of Saint Lawrence,BMV,NA,BMV-NA-2011-9-27,2011,9,27,48.4308,-69.2977,Ascophyllum nodosum,Random,NA,NA,NA,NA,0
2049,merinov_gosl,Gulf of Saint Lawrence,BMV,NA,BMV-NA-2011-9-27,2011,9,27,48.4308,-69.2977,Fucus distichus subsp. evanescens,Random,NA,NA,NA,NA,0
2050,merinov_gosl,Gulf of Saint Lawrence,BMV,NA,BMV-NA-2011-9-27,2011,9,27,48.4308,-69.2977,Fucus vesiculosus,Random,NA,NA,NA,NA,0
2051,merinov_gosl,Gulf of Saint Lawrence,BMV,NA,BMV-NA-2011-9-27,2011,9,27,48.4308,-69.297,Ascophyllum nodosum,Random,NA,NA,NA,NA,0
2052,merinov_gosl,Gulf of Saint Lawrence,BMV,NA,BMV-NA-2011-9-27,2011,9,27,48.4308,-69.297,Fucus distichus subsp. evanescens,Random,NA,NA,NA,NA,0
2053,merinov_gosl,Gulf of Saint Lawrence,BMV,NA,BMV-NA-2011-9-27,2011,9,27,48.4308,-69.297,Fucus vesiculosus,Random,NA,NA,NA,NA,0
2054,merinov_gosl,Gulf of Saint Lawrence,BMV,NA,BMV-NA-2011-9-27,2011,9,27,48.4308,-69.2964,Ascophyllum nodosum,Random,NA,NA,NA,NA,0
2055,merinov_gosl,Gulf of Saint Lawrence,BMV,NA,BMV-NA-2011-9-27,2011,9,27,48.4308,-69.2964,Fucus distichus subsp. evanescens,Random,NA,NA,NA,NA,0
2056,merinov_gosl,Gulf of Saint Lawrence,BMV,NA,BMV-NA-2011-9-27,2011,9,27,48.4308,-69.2964,Fucus vesiculosus,Random,NA,NA,NA,NA,0
2057,merinov_gosl,Gulf of Saint Lawrence,BMV,NA,BMV-NA-2011-9-27,2011,9,27,48.4308,-69.2957,Ascophyllum nodosum,Random,NA,NA,NA,NA,0
2058,merinov_gosl,Gulf of Saint Lawrence,BMV,NA,BMV-NA-2011-9-27,2011,9,27,48.4308,-69.2957,Fucus distichus subsp. evanescens,Random,NA,NA,100,100,0.85
2059,merinov_gosl,Gulf of Saint Lawrence,BMV,NA,BMV-NA-2011-9-27,2011,9,27,48.4308,-69.2957,Fucus vesiculosus,Random,NA,NA,NA,NA,0
2060,merinov_gosl,Gulf of Saint Lawrence,BMV,NA,BMV-NA-2011-9-27,2011,9,27,48.4308,-69.295,Ascophyllum nodosum,Random,NA,NA,NA,NA,0
2061,merinov_gosl,Gulf of Saint Lawrence,BMV,NA,BMV-NA-2011-9-27,2011,9,27,48.4308,-69.295,Fucus distichus subsp. evanescens,Random,NA,NA,NA,NA,0
2062,merinov_gosl,Gulf of Saint Lawrence,BMV,NA,BMV-NA-2011-9-27,2011,9,27,48.4308,-69.295,Fucus vesiculosus,Random,NA,NA,NA,NA,0
2063,merinov_gosl,Gulf of Saint Lawrence,BMV,NA,BMV-NA-2011-9-27,2011,9,27,48.4308,-69.2944,Ascophyllum nodosum,Random,NA,NA,NA,NA,0
2064,merinov_gosl,Gulf of Saint Lawrence,BMV,NA,BMV-NA-2011-9-27,2011,9,27,48.4308,-69.2944,Fucus distichus subsp. evanescens,Random,NA,NA,NA,NA,0
2065,merinov_gosl,Gulf of Saint Lawrence,BMV,NA,BMV-NA-2011-9-27,2011,9,27,48.4308,-69.2944,Fucus vesiculosus,Random,NA,NA,NA,NA,0
2066,merinov_gosl,Gulf of Saint Lawrence,BMV,NA,BMV-NA-2011-9-27,2011,9,27,48.4335,-69.3165,Ascophyllum nodosum,Random,NA,NA,NA,NA,0
2067,merinov_gosl,Gulf of Saint Lawrence,BMV,NA,BMV-NA-2011-9-27,2011,9,27,48.4335,-69.3165,Fucus distichus subsp. evanescens,Random,NA,NA,NA,NA,0
2068,merinov_gosl,Gulf of Saint Lawrence,BMV,NA,BMV-NA-2011-9-27,2011,9,27,48.4335,-69.3165,Fucus vesiculosus,Random,NA,NA,NA,NA,0
2069,merinov_gosl,Gulf of Saint Lawrence,BMV,NA,BMV-NA-2011-9-27,2011,9,27,48.4335,-69.3158,Ascophyllum nodosum,Random,NA,NA,NA,NA,0
2070,merinov_gosl,Gulf of Saint Lawrence,BMV,NA,BMV-NA-2011-9-27,2011,9,27,48.4335,-69.3158,Fucus distichus subsp. evanescens,Random,NA,NA,NA,NA,0
2071,merinov_gosl,Gulf of Saint Lawrence,BMV,NA,BMV-NA-2011-9-27,2011,9,27,48.4335,-69.3158,Fucus vesiculosus,Random,NA,NA,NA,NA,0
2072,merinov_gosl,Gulf of Saint Lawrence,BMV,NA,BMV-NA-2011-9-27,2011,9,27,48.4335,-69.3151,Ascophyllum nodosum,Random,NA,NA,NA,NA,0
2073,merinov_gosl,Gulf of Saint Lawrence,BMV,NA,BMV-NA-2011-9-27,2011,9,27,48.4335,-69.3151,Fucus distichus subsp. evanescens,Random,NA,NA,NA,NA,0
2074,merinov_gosl,Gulf of Saint Lawrence,BMV,NA,BMV-NA-2011-9-27,2011,9,27,48.4335,-69.3151,Fucus vesiculosus,Random,NA,NA,NA,NA,0
2075,merinov_gosl,Gulf of Saint Lawrence,BMV,NA,BMV-NA-2011-9-27,2011,9,27,48.4335,-69.3145,Ascophyllum nodosum,Random,NA,NA,NA,NA,0
2076,merinov_gosl,Gulf of Saint Lawrence,BMV,NA,BMV-NA-2011-9-27,2011,9,27,48.4335,-69.3145,Fucus distichus subsp. evanescens,Random,NA,NA,NA,NA,0
2077,merinov_gosl,Gulf of Saint Lawrence,BMV,NA,BMV-NA-2011-9-27,2011,9,27,48.4335,-69.3145,Fucus vesiculosus,Random,NA,NA,NA,NA,0
2078,merinov_gosl,Gulf of Saint Lawrence,BMV,NA,BMV-NA-2011-9-27,2011,9,27,48.4335,-69.3138,Ascophyllum nodosum,Random,NA,NA,NA,NA,0
2079,merinov_gosl,Gulf of Saint Lawrence,BMV,NA,BMV-NA-2011-9-27,2011,9,27,48.4335,-69.3138,Fucus distichus subsp. evanescens,Random,NA,NA,NA,NA,0
2080,merinov_gosl,Gulf of Saint Lawrence,BMV,NA,BMV-NA-2011-9-27,2011,9,27,48.4335,-69.3138,Fucus vesiculosus,Random,NA,NA,NA,NA,0
2081,merinov_gosl,Gulf of Saint Lawrence,BMV,NA,BMV-NA-2011-9-27,2011,9,27,48.4335,-69.3131,Ascophyllum nodosum,Random,NA,NA,NA,NA,0
2082,merinov_gosl,Gulf of Saint Lawrence,BMV,NA,BMV-NA-2011-9-27,2011,9,27,48.4335,-69.3131,Fucus distichus subsp. evanescens,Random,NA,NA,NA,NA,0
2083,merinov_gosl,Gulf of Saint Lawrence,BMV,NA,BMV-NA-2011-9-27,2011,9,27,48.4335,-69.3131,Fucus vesiculosus,Random,NA,NA,NA,NA,0
2084,merinov_gosl,Gulf of Saint Lawrence,BMV,NA,BMV-NA-2011-9-27,2011,9,27,48.4335,-69.3125,Ascophyllum nodosum,Random,NA,NA,NA,NA,0
2085,merinov_gosl,Gulf of Saint Lawrence,BMV,NA,BMV-NA-2011-9-27,2011,9,27,48.4335,-69.3125,Fucus distichus subsp. evanescens,Random,NA,NA,NA,NA,0
2086,merinov_gosl,Gulf of Saint Lawrence,BMV,NA,BMV-NA-2011-9-27,2011,9,27,48.4335,-69.3125,Fucus vesiculosus,Random,NA,NA,NA,NA,0
2087,merinov_gosl,Gulf of Saint Lawrence,BMV,NA,BMV-NA-2011-9-27,2011,9,27,48.4335,-69.3118,Ascophyllum nodosum,Random,NA,NA,NA,NA,0
2088,merinov_gosl,Gulf of Saint Lawrence,BMV,NA,BMV-NA-2011-9-27,2011,9,27,48.4335,-69.3118,Fucus distichus subsp. evanescens,Random,NA,NA,NA,NA,0
2089,merinov_gosl,Gulf of Saint Lawrence,BMV,NA,BMV-NA-2011-9-27,2011,9,27,48.4335,-69.3118,Fucus vesiculosus,Random,NA,NA,NA,NA,0
2090,merinov_gosl,Gulf of Saint Lawrence,BMV,NA,BMV-NA-2011-9-27,2011,9,27,48.4335,-69.3111,Ascophyllum nodosum,Random,NA,NA,NA,NA,0
2091,merinov_gosl,Gulf of Saint Lawrence,BMV,NA,BMV-NA-2011-9-27,2011,9,27,48.4335,-69.3111,Fucus distichus subsp. evanescens,Random,NA,NA,NA,NA,0
2092,merinov_gosl,Gulf of Saint Lawrence,BMV,NA,BMV-NA-2011-9-27,2011,9,27,48.4335,-69.3111,Fucus vesiculosus,Random,NA,NA,NA,NA,0
2093,merinov_gosl,Gulf of Saint Lawrence,BMV,NA,BMV-NA-2011-9-27,2011,9,27,48.4335,-69.3105,Ascophyllum nodosum,Random,NA,NA,NA,NA,0
2094,merinov_gosl,Gulf of Saint Lawrence,BMV,NA,BMV-NA-2011-9-27,2011,9,27,48.4335,-69.3105,Fucus distichus subsp. evanescens,Random,NA,NA,NA,NA,0
2095,merinov_gosl,Gulf of Saint Lawrence,BMV,NA,BMV-NA-2011-9-27,2011,9,27,48.4335,-69.3105,Fucus vesiculosus,Random,NA,NA,NA,NA,0
2096,merinov_gosl,Gulf of Saint Lawrence,BMV,NA,BMV-NA-2011-9-27,2011,9,27,48.4335,-69.3098,Ascophyllum nodosum,Random,NA,NA,NA,NA,0
2097,merinov_gosl,Gulf of Saint Lawrence,BMV,NA,BMV-NA-2011-9-27,2011,9,27,48.4335,-69.3098,Fucus distichus subsp. evanescens,Random,NA,NA,NA,NA,0
2098,merinov_gosl,Gulf of Saint Lawrence,BMV,NA,BMV-NA-2011-9-27,2011,9,27,48.4335,-69.3098,Fucus vesiculosus,Random,NA,NA,NA,NA,0
2099,merinov_gosl,Gulf of Saint Lawrence,BMV,NA,BMV-NA-2011-9-27,2011,9,27,48.4335,-69.3091,Ascophyllum nodosum,Random,NA,NA,NA,NA,0
2100,merinov_gosl,Gulf of Saint Lawrence,BMV,NA,BMV-NA-2011-9-27,2011,9,27,48.4335,-69.3091,Fucus distichus subsp. evanescens,Random,NA,NA,NA,NA,0
2101,merinov_gosl,Gulf of Saint Lawrence,BMV,NA,BMV-NA-2011-9-27,2011,9,27,48.4335,-69.3091,Fucus vesiculosus,Random,NA,NA,NA,NA,0
2102,merinov_gosl,Gulf of Saint Lawrence,BMV,NA,BMV-NA-2011-9-27,2011,9,27,48.4335,-69.3085,Ascophyllum nodosum,Random,NA,NA,NA,NA,0
2103,merinov_gosl,Gulf of Saint Lawrence,BMV,NA,BMV-NA-2011-9-27,2011,9,27,48.4335,-69.3085,Fucus distichus subsp. evanescens,Random,NA,NA,NA,NA,0
2104,merinov_gosl,Gulf of Saint Lawrence,BMV,NA,BMV-NA-2011-9-27,2011,9,27,48.4335,-69.3085,Fucus vesiculosus,Random,NA,NA,NA,NA,0
2105,merinov_gosl,Gulf of Saint Lawrence,BMV,NA,BMV-NA-2011-9-27,2011,9,27,48.4335,-69.3078,Ascophyllum nodosum,Random,NA,NA,NA,NA,0
2106,merinov_gosl,Gulf of Saint Lawrence,BMV,NA,BMV-NA-2011-9-27,2011,9,27,48.4335,-69.3078,Fucus distichus subsp. evanescens,Random,NA,NA,NA,NA,0
2107,merinov_gosl,Gulf of Saint Lawrence,BMV,NA,BMV-NA-2011-9-27,2011,9,27,48.4335,-69.3078,Fucus vesiculosus,Random,NA,NA,NA,NA,0
2108,merinov_gosl,Gulf of Saint Lawrence,BMV,NA,BMV-NA-2011-9-27,2011,9,27,48.4335,-69.3071,Ascophyllum nodosum,Random,NA,NA,NA,NA,0
2109,merinov_gosl,Gulf of Saint Lawrence,BMV,NA,BMV-NA-2011-9-27,2011,9,27,48.4335,-69.3071,Fucus distichus subsp. evanescens,Random,NA,NA,1,1,0.07
2110,merinov_gosl,Gulf of Saint Lawrence,BMV,NA,BMV-NA-2011-9-27,2011,9,27,48.4335,-69.3071,Fucus vesiculosus,Random,NA,NA,NA,NA,0
2111,merinov_gosl,Gulf of Saint Lawrence,BMV,NA,BMV-NA-2011-9-27,2011,9,27,48.4335,-69.3065,Ascophyllum nodosum,Random,NA,NA,NA,NA,0
2112,merinov_gosl,Gulf of Saint Lawrence,BMV,NA,BMV-NA-2011-9-27,2011,9,27,48.4335,-69.3065,Fucus distichus subsp. evanescens,Random,NA,NA,NA,NA,0
2113,merinov_gosl,Gulf of Saint Lawrence,BMV,NA,BMV-NA-2011-9-27,2011,9,27,48.4335,-69.3065,Fucus vesiculosus,Random,NA,NA,NA,NA,0
2114,merinov_gosl,Gulf of Saint Lawrence,BMV,NA,BMV-NA-2011-9-27,2011,9,27,48.4335,-69.3058,Ascophyllum nodosum,Random,NA,NA,NA,NA,0
2115,merinov_gosl,Gulf of Saint Lawrence,BMV,NA,BMV-NA-2011-9-27,2011,9,27,48.4335,-69.3058,Fucus distichus subsp. evanescens,Random,NA,NA,NA,NA,0
2116,merinov_gosl,Gulf of Saint Lawrence,BMV,NA,BMV-NA-2011-9-27,2011,9,27,48.4335,-69.3058,Fucus vesiculosus,Random,NA,NA,NA,NA,0
2117,merinov_gosl,Gulf of Saint Lawrence,BMV,NA,BMV-NA-2011-9-27,2011,9,27,48.4335,-69.3051,Ascophyllum nodosum,Random,NA,NA,NA,NA,0
2118,merinov_gosl,Gulf of Saint Lawrence,BMV,NA,BMV-NA-2011-9-27,2011,9,27,48.4335,-69.3051,Fucus distichus subsp. evanescens,Random,NA,NA,NA,NA,0
2119,merinov_gosl,Gulf of Saint Lawrence,BMV,NA,BMV-NA-2011-9-27,2011,9,27,48.4335,-69.3051,Fucus vesiculosus,Random,NA,NA,NA,NA,0
2120,merinov_gosl,Gulf of Saint Lawrence,BMV,NA,BMV-NA-2011-9-27,2011,9,27,48.4335,-69.3045,Ascophyllum nodosum,Random,NA,NA,NA,NA,0
2121,merinov_gosl,Gulf of Saint Lawrence,BMV,NA,BMV-NA-2011-9-27,2011,9,27,48.4335,-69.3045,Fucus distichus subsp. evanescens,Random,NA,NA,NA,NA,0
2122,merinov_gosl,Gulf of Saint Lawrence,BMV,NA,BMV-NA-2011-9-27,2011,9,27,48.4335,-69.3045,Fucus vesiculosus,Random,NA,NA,NA,NA,0
2123,merinov_gosl,Gulf of Saint Lawrence,BMV,NA,BMV-NA-2011-9-27,2011,9,27,48.4335,-69.3038,Ascophyllum nodosum,Random,NA,NA,NA,NA,0
2124,merinov_gosl,Gulf of Saint Lawrence,BMV,NA,BMV-NA-2011-9-27,2011,9,27,48.4335,-69.3038,Fucus distichus subsp. evanescens,Random,NA,NA,1,1,0.01
2125,merinov_gosl,Gulf of Saint Lawrence,BMV,NA,BMV-NA-2011-9-27,2011,9,27,48.4335,-69.3038,Fucus vesiculosus,Random,NA,NA,NA,NA,0
2126,merinov_gosl,Gulf of Saint Lawrence,BMV,NA,BMV-NA-2011-9-27,2011,9,27,48.4335,-69.3031,Ascophyllum nodosum,Random,NA,NA,NA,NA,0
2127,merinov_gosl,Gulf of Saint Lawrence,BMV,NA,BMV-NA-2011-9-27,2011,9,27,48.4335,-69.3031,Fucus distichus subsp. evanescens,Random,NA,NA,21,21,2.72
2128,merinov_gosl,Gulf of Saint Lawrence,BMV,NA,BMV-NA-2011-9-27,2011,9,27,48.4335,-69.3031,Fucus vesiculosus,Random,NA,NA,NA,NA,0
2129,merinov_gosl,Gulf of Saint Lawrence,BMV,NA,BMV-NA-2011-9-27,2011,9,27,48.4335,-69.3025,Ascophyllum nodosum,Random,NA,NA,NA,NA,0
2130,merinov_gosl,Gulf of Saint Lawrence,BMV,NA,BMV-NA-2011-9-27,2011,9,27,48.4335,-69.3025,Fucus distichus subsp. evanescens,Random,NA,NA,23,23,2.9
2131,merinov_gosl,Gulf of Saint Lawrence,BMV,NA,BMV-NA-2011-9-27,2011,9,27,48.4335,-69.3025,Fucus vesiculosus,Random,NA,NA,NA,NA,0
2132,merinov_gosl,Gulf of Saint Lawrence,BMV,NA,BMV-NA-2011-9-27,2011,9,27,48.4335,-69.3018,Ascophyllum nodosum,Random,NA,NA,NA,NA,0
2133,merinov_gosl,Gulf of Saint Lawrence,BMV,NA,BMV-NA-2011-9-27,2011,9,27,48.4335,-69.3018,Fucus distichus subsp. evanescens,Random,NA,NA,38,38,3.4
2134,merinov_gosl,Gulf of Saint Lawrence,BMV,NA,BMV-NA-2011-9-27,2011,9,27,48.4335,-69.3018,Fucus vesiculosus,Random,NA,NA,NA,NA,0
2135,merinov_gosl,Gulf of Saint Lawrence,BMV,NA,BMV-NA-2011-9-27,2011,9,27,48.4335,-69.3011,Ascophyllum nodosum,Random,NA,NA,NA,NA,0
2136,merinov_gosl,Gulf of Saint Lawrence,BMV,NA,BMV-NA-2011-9-27,2011,9,27,48.4335,-69.3011,Fucus distichus subsp. evanescens,Random,NA,NA,NA,NA,0
2137,merinov_gosl,Gulf of Saint Lawrence,BMV,NA,BMV-NA-2011-9-27,2011,9,27,48.4335,-69.3011,Fucus vesiculosus,Random,NA,NA,NA,NA,0
2138,merinov_gosl,Gulf of Saint Lawrence,BMV,NA,BMV-NA-2011-9-27,2011,9,27,48.4335,-69.3005,Ascophyllum nodosum,Random,NA,NA,NA,NA,0
2139,merinov_gosl,Gulf of Saint Lawrence,BMV,NA,BMV-NA-2011-9-27,2011,9,27,48.4335,-69.3005,Fucus distichus subsp. evanescens,Random,NA,NA,NA,NA,0
2140,merinov_gosl,Gulf of Saint Lawrence,BMV,NA,BMV-NA-2011-9-27,2011,9,27,48.4335,-69.3005,Fucus vesiculosus,Random,NA,NA,NA,NA,0
2141,merinov_gosl,Gulf of Saint Lawrence,BMV,NA,BMV-NA-2011-9-27,2011,9,27,48.4335,-69.2998,Ascophyllum nodosum,Random,NA,NA,NA,NA,0
2142,merinov_gosl,Gulf of Saint Lawrence,BMV,NA,BMV-NA-2011-9-27,2011,9,27,48.4335,-69.2998,Fucus distichus subsp. evanescens,Random,NA,NA,62,62,2.9
2143,merinov_gosl,Gulf of Saint Lawrence,BMV,NA,BMV-NA-2011-9-27,2011,9,27,48.4335,-69.2998,Fucus vesiculosus,Random,NA,NA,NA,NA,0
2144,merinov_gosl,Gulf of Saint Lawrence,BMV,NA,BMV-NA-2011-9-27,2011,9,27,48.4335,-69.2991,Ascophyllum nodosum,Random,NA,NA,NA,NA,0
2145,merinov_gosl,Gulf of Saint Lawrence,BMV,NA,BMV-NA-2011-9-27,2011,9,27,48.4335,-69.2991,Fucus distichus subsp. evanescens,Random,NA,NA,NA,NA,0
2146,merinov_gosl,Gulf of Saint Lawrence,BMV,NA,BMV-NA-2011-9-27,2011,9,27,48.4335,-69.2991,Fucus vesiculosus,Random,NA,NA,NA,NA,0
2147,merinov_gosl,Gulf of Saint Lawrence,BMV,NA,BMV-NA-2011-9-27,2011,9,27,48.4335,-69.2985,Ascophyllum nodosum,Random,NA,NA,NA,NA,0
2148,merinov_gosl,Gulf of Saint Lawrence,BMV,NA,BMV-NA-2011-9-27,2011,9,27,48.4335,-69.2985,Fucus distichus subsp. evanescens,Random,NA,NA,NA,NA,0
2149,merinov_gosl,Gulf of Saint Lawrence,BMV,NA,BMV-NA-2011-9-27,2011,9,27,48.4335,-69.2985,Fucus vesiculosus,Random,NA,NA,NA,NA,0
2150,merinov_gosl,Gulf of Saint Lawrence,BMV,NA,BMV-NA-2011-9-27,2011,9,27,48.4335,-69.2978,Ascophyllum nodosum,Random,NA,NA,NA,NA,0
2151,merinov_gosl,Gulf of Saint Lawrence,BMV,NA,BMV-NA-2011-9-27,2011,9,27,48.4335,-69.2978,Fucus distichus subsp. evanescens,Random,NA,NA,6,6,0.15
2152,merinov_gosl,Gulf of Saint Lawrence,BMV,NA,BMV-NA-2011-9-27,2011,9,27,48.4335,-69.2978,Fucus vesiculosus,Random,NA,NA,NA,NA,0
2153,merinov_gosl,Gulf of Saint Lawrence,BMV,NA,BMV-NA-2011-9-27,2011,9,27,48.4335,-69.2971,Ascophyllum nodosum,Random,NA,NA,NA,NA,0
2154,merinov_gosl,Gulf of Saint Lawrence,BMV,NA,BMV-NA-2011-9-27,2011,9,27,48.4335,-69.2971,Fucus distichus subsp. evanescens,Random,NA,NA,NA,NA,0
2155,merinov_gosl,Gulf of Saint Lawrence,BMV,NA,BMV-NA-2011-9-27,2011,9,27,48.4335,-69.2971,Fucus vesiculosus,Random,NA,NA,NA,NA,0
2156,merinov_gosl,Gulf of Saint Lawrence,BMV,NA,BMV-NA-2011-9-27,2011,9,27,48.4335,-69.2965,Ascophyllum nodosum,Random,NA,NA,NA,NA,0
2157,merinov_gosl,Gulf of Saint Lawrence,BMV,NA,BMV-NA-2011-9-27,2011,9,27,48.4335,-69.2965,Fucus distichus subsp. evanescens,Random,NA,NA,NA,NA,0
2158,merinov_gosl,Gulf of Saint Lawrence,BMV,NA,BMV-NA-2011-9-27,2011,9,27,48.4335,-69.2965,Fucus vesiculosus,Random,NA,NA,NA,NA,0
2159,merinov_gosl,Gulf of Saint Lawrence,BMV,NA,BMV-NA-2011-9-27,2011,9,27,48.4335,-69.2958,Ascophyllum nodosum,Random,NA,NA,NA,NA,0
2160,merinov_gosl,Gulf of Saint Lawrence,BMV,NA,BMV-NA-2011-9-27,2011,9,27,48.4335,-69.2958,Fucus distichus subsp. evanescens,Random,NA,NA,NA,NA,0
2161,merinov_gosl,Gulf of Saint Lawrence,BMV,NA,BMV-NA-2011-9-27,2011,9,27,48.4335,-69.2958,Fucus vesiculosus,Random,NA,NA,NA,NA,0
2162,merinov_gosl,Gulf of Saint Lawrence,BMV,NA,BMV-NA-2011-9-27,2011,9,27,48.4335,-69.2951,Ascophyllum nodosum,Random,NA,NA,NA,NA,0
2163,merinov_gosl,Gulf of Saint Lawrence,BMV,NA,BMV-NA-2011-9-27,2011,9,27,48.4335,-69.2951,Fucus distichus subsp. evanescens,Random,NA,NA,NA,NA,0
2164,merinov_gosl,Gulf of Saint Lawrence,BMV,NA,BMV-NA-2011-9-27,2011,9,27,48.4335,-69.2951,Fucus vesiculosus,Random,NA,NA,NA,NA,0
2165,merinov_gosl,Gulf of Saint Lawrence,BMV,NA,BMV-NA-2011-9-27,2011,9,27,48.4335,-69.2945,Ascophyllum nodosum,Random,NA,NA,NA,NA,0
2166,merinov_gosl,Gulf of Saint Lawrence,BMV,NA,BMV-NA-2011-9-27,2011,9,27,48.4335,-69.2945,Fucus distichus subsp. evanescens,Random,NA,NA,NA,NA,0
2167,merinov_gosl,Gulf of Saint Lawrence,BMV,NA,BMV-NA-2011-9-27,2011,9,27,48.4335,-69.2945,Fucus vesiculosus,Random,NA,NA,NA,NA,0
2168,merinov_gosl,Gulf of Saint Lawrence,BMV,NA,BMV-NA-2011-9-27,2011,9,27,48.4335,-69.2938,Ascophyllum nodosum,Random,NA,NA,NA,NA,0
2169,merinov_gosl,Gulf of Saint Lawrence,BMV,NA,BMV-NA-2011-9-27,2011,9,27,48.4335,-69.2938,Fucus distichus subsp. evanescens,Random,NA,NA,NA,NA,0
2170,merinov_gosl,Gulf of Saint Lawrence,BMV,NA,BMV-NA-2011-9-27,2011,9,27,48.4335,-69.2938,Fucus vesiculosus,Random,NA,NA,NA,NA,0
2171,merinov_gosl,Gulf of Saint Lawrence,BMV,NA,BMV-NA-2011-9-27,2011,9,27,48.4335,-69.2931,Ascophyllum nodosum,Random,NA,NA,NA,NA,0
2172,merinov_gosl,Gulf of Saint Lawrence,BMV,NA,BMV-NA-2011-9-27,2011,9,27,48.4335,-69.2931,Fucus distichus subsp. evanescens,Random,NA,NA,NA,NA,0
2173,merinov_gosl,Gulf of Saint Lawrence,BMV,NA,BMV-NA-2011-9-27,2011,9,27,48.4335,-69.2931,Fucus vesiculosus,Random,NA,NA,NA,NA,0
2174,merinov_gosl,Gulf of Saint Lawrence,BMV,NA,BMV-NA-2011-9-27,2011,9,27,48.4335,-69.2925,Ascophyllum nodosum,Random,NA,NA,NA,NA,0
2175,merinov_gosl,Gulf of Saint Lawrence,BMV,NA,BMV-NA-2011-9-27,2011,9,27,48.4335,-69.2925,Fucus distichus subsp. evanescens,Random,NA,NA,NA,NA,0
2176,merinov_gosl,Gulf of Saint Lawrence,BMV,NA,BMV-NA-2011-9-27,2011,9,27,48.4335,-69.2925,Fucus vesiculosus,Random,NA,NA,NA,NA,0
2177,merinov_gosl,Gulf of Saint Lawrence,BMV,NA,BMV-NA-2011-9-27,2011,9,27,48.4335,-69.2918,Ascophyllum nodosum,Random,NA,NA,NA,NA,0
2178,merinov_gosl,Gulf of Saint Lawrence,BMV,NA,BMV-NA-2011-9-27,2011,9,27,48.4335,-69.2918,Fucus distichus subsp. evanescens,Random,NA,NA,1,1,0.11
2179,merinov_gosl,Gulf of Saint Lawrence,BMV,NA,BMV-NA-2011-9-27,2011,9,27,48.4335,-69.2918,Fucus vesiculosus,Random,NA,NA,NA,NA,0
2180,merinov_gosl,Gulf of Saint Lawrence,BMV,NA,BMV-NA-2011-9-27,2011,9,27,48.4335,-69.2911,Ascophyllum nodosum,Random,NA,NA,NA,NA,0
2181,merinov_gosl,Gulf of Saint Lawrence,BMV,NA,BMV-NA-2011-9-27,2011,9,27,48.4335,-69.2911,Fucus distichus subsp. evanescens,Random,NA,NA,51,51,3
2182,merinov_gosl,Gulf of Saint Lawrence,BMV,NA,BMV-NA-2011-9-27,2011,9,27,48.4335,-69.2911,Fucus vesiculosus,Random,NA,NA,NA,NA,0
2183,merinov_gosl,Gulf of Saint Lawrence,BMV,NA,BMV-NA-2011-9-27,2011,9,27,48.4362,-69.3135,Ascophyllum nodosum,Random,NA,NA,NA,NA,0
2184,merinov_gosl,Gulf of Saint Lawrence,BMV,NA,BMV-NA-2011-9-27,2011,9,27,48.4362,-69.3135,Fucus distichus subsp. evanescens,Random,NA,NA,NA,NA,0
2185,merinov_gosl,Gulf of Saint Lawrence,BMV,NA,BMV-NA-2011-9-27,2011,9,27,48.4362,-69.3135,Fucus vesiculosus,Random,NA,NA,NA,NA,0
2186,merinov_gosl,Gulf of Saint Lawrence,BMV,NA,BMV-NA-2011-9-27,2011,9,27,48.4362,-69.3128,Ascophyllum nodosum,Random,NA,NA,NA,NA,0
2187,merinov_gosl,Gulf of Saint Lawrence,BMV,NA,BMV-NA-2011-9-27,2011,9,27,48.4362,-69.3128,Fucus distichus subsp. evanescens,Random,NA,NA,NA,NA,0
2188,merinov_gosl,Gulf of Saint Lawrence,BMV,NA,BMV-NA-2011-9-27,2011,9,27,48.4362,-69.3128,Fucus vesiculosus,Random,NA,NA,NA,NA,0
2189,merinov_gosl,Gulf of Saint Lawrence,BMV,NA,BMV-NA-2011-9-27,2011,9,27,48.4362,-69.3121,Ascophyllum nodosum,Random,NA,NA,NA,NA,0
2190,merinov_gosl,Gulf of Saint Lawrence,BMV,NA,BMV-NA-2011-9-27,2011,9,27,48.4362,-69.3121,Fucus distichus subsp. evanescens,Random,NA,NA,NA,NA,0
2191,merinov_gosl,Gulf of Saint Lawrence,BMV,NA,BMV-NA-2011-9-27,2011,9,27,48.4362,-69.3121,Fucus vesiculosus,Random,NA,NA,NA,NA,0
2192,merinov_gosl,Gulf of Saint Lawrence,BMV,NA,BMV-NA-2011-9-27,2011,9,27,48.4362,-69.3115,Ascophyllum nodosum,Random,NA,NA,NA,NA,0
2193,merinov_gosl,Gulf of Saint Lawrence,BMV,NA,BMV-NA-2011-9-27,2011,9,27,48.4362,-69.3115,Fucus distichus subsp. evanescens,Random,NA,NA,NA,NA,0
2194,merinov_gosl,Gulf of Saint Lawrence,BMV,NA,BMV-NA-2011-9-27,2011,9,27,48.4362,-69.3115,Fucus vesiculosus,Random,NA,NA,NA,NA,0
2195,merinov_gosl,Gulf of Saint Lawrence,BMV,NA,BMV-NA-2011-9-27,2011,9,27,48.4362,-69.3108,Ascophyllum nodosum,Random,NA,NA,NA,NA,0
2196,merinov_gosl,Gulf of Saint Lawrence,BMV,NA,BMV-NA-2011-9-27,2011,9,27,48.4362,-69.3108,Fucus distichus subsp. evanescens,Random,NA,NA,NA,NA,0
2197,merinov_gosl,Gulf of Saint Lawrence,BMV,NA,BMV-NA-2011-9-27,2011,9,27,48.4362,-69.3108,Fucus vesiculosus,Random,NA,NA,NA,NA,0
2198,merinov_gosl,Gulf of Saint Lawrence,BMV,NA,BMV-NA-2011-9-27,2011,9,27,48.4362,-69.3101,Ascophyllum nodosum,Random,NA,NA,NA,NA,0
2199,merinov_gosl,Gulf of Saint Lawrence,BMV,NA,BMV-NA-2011-9-27,2011,9,27,48.4362,-69.3101,Fucus distichus subsp. evanescens,Random,NA,NA,NA,NA,0
2200,merinov_gosl,Gulf of Saint Lawrence,BMV,NA,BMV-NA-2011-9-27,2011,9,27,48.4362,-69.3101,Fucus vesiculosus,Random,NA,NA,NA,NA,0
2201,merinov_gosl,Gulf of Saint Lawrence,BMV,NA,BMV-NA-2011-9-27,2011,9,27,48.4362,-69.3095,Ascophyllum nodosum,Random,NA,NA,NA,NA,0
2202,merinov_gosl,Gulf of Saint Lawrence,BMV,NA,BMV-NA-2011-9-27,2011,9,27,48.4362,-69.3095,Fucus distichus subsp. evanescens,Random,NA,NA,NA,NA,0
2203,merinov_gosl,Gulf of Saint Lawrence,BMV,NA,BMV-NA-2011-9-27,2011,9,27,48.4362,-69.3095,Fucus vesiculosus,Random,NA,NA,NA,NA,0
2204,merinov_gosl,Gulf of Saint Lawrence,BMV,NA,BMV-NA-2011-9-27,2011,9,27,48.4362,-69.3088,Ascophyllum nodosum,Random,NA,NA,NA,NA,0
2205,merinov_gosl,Gulf of Saint Lawrence,BMV,NA,BMV-NA-2011-9-27,2011,9,27,48.4362,-69.3088,Fucus distichus subsp. evanescens,Random,NA,NA,NA,NA,0
2206,merinov_gosl,Gulf of Saint Lawrence,BMV,NA,BMV-NA-2011-9-27,2011,9,27,48.4362,-69.3088,Fucus vesiculosus,Random,NA,NA,NA,NA,0
2207,merinov_gosl,Gulf of Saint Lawrence,BMV,NA,BMV-NA-2011-9-27,2011,9,27,48.4362,-69.3081,Ascophyllum nodosum,Random,NA,NA,NA,NA,0
2208,merinov_gosl,Gulf of Saint Lawrence,BMV,NA,BMV-NA-2011-9-27,2011,9,27,48.4362,-69.3081,Fucus distichus subsp. evanescens,Random,NA,NA,NA,NA,0
2209,merinov_gosl,Gulf of Saint Lawrence,BMV,NA,BMV-NA-2011-9-27,2011,9,27,48.4362,-69.3081,Fucus vesiculosus,Random,NA,NA,NA,NA,0
2210,merinov_gosl,Gulf of Saint Lawrence,BMV,NA,BMV-NA-2011-9-27,2011,9,27,48.4362,-69.3075,Ascophyllum nodosum,Random,NA,NA,NA,NA,0
2211,merinov_gosl,Gulf of Saint Lawrence,BMV,NA,BMV-NA-2011-9-27,2011,9,27,48.4362,-69.3075,Fucus distichus subsp. evanescens,Random,NA,NA,1,1,0.25
2212,merinov_gosl,Gulf of Saint Lawrence,BMV,NA,BMV-NA-2011-9-27,2011,9,27,48.4362,-69.3075,Fucus vesiculosus,Random,NA,NA,NA,NA,0
2213,merinov_gosl,Gulf of Saint Lawrence,BMV,NA,BMV-NA-2011-9-28,2011,9,28,48.4362,-69.3068,Ascophyllum nodosum,Random,NA,NA,NA,NA,0
2214,merinov_gosl,Gulf of Saint Lawrence,BMV,NA,BMV-NA-2011-9-28,2011,9,28,48.4362,-69.3068,Fucus distichus subsp. evanescens,Random,NA,NA,NA,NA,0
2215,merinov_gosl,Gulf of Saint Lawrence,BMV,NA,BMV-NA-2011-9-28,2011,9,28,48.4362,-69.3068,Fucus vesiculosus,Random,NA,NA,NA,NA,0
2216,merinov_gosl,Gulf of Saint Lawrence,BMV,NA,BMV-NA-2011-9-28,2011,9,28,48.4362,-69.3061,Ascophyllum nodosum,Random,NA,NA,NA,NA,0
2217,merinov_gosl,Gulf of Saint Lawrence,BMV,NA,BMV-NA-2011-9-28,2011,9,28,48.4362,-69.3061,Fucus distichus subsp. evanescens,Random,NA,NA,NA,NA,0
2218,merinov_gosl,Gulf of Saint Lawrence,BMV,NA,BMV-NA-2011-9-28,2011,9,28,48.4362,-69.3061,Fucus vesiculosus,Random,NA,NA,NA,NA,0
2219,merinov_gosl,Gulf of Saint Lawrence,BMV,NA,BMV-NA-2011-9-28,2011,9,28,48.4362,-69.3055,Ascophyllum nodosum,Random,NA,NA,NA,NA,0
2220,merinov_gosl,Gulf of Saint Lawrence,BMV,NA,BMV-NA-2011-9-28,2011,9,28,48.4362,-69.3055,Fucus distichus subsp. evanescens,Random,NA,NA,NA,NA,0
2221,merinov_gosl,Gulf of Saint Lawrence,BMV,NA,BMV-NA-2011-9-28,2011,9,28,48.4362,-69.3055,Fucus vesiculosus,Random,NA,NA,NA,NA,0
2222,merinov_gosl,Gulf of Saint Lawrence,BMV,NA,BMV-NA-2011-9-28,2011,9,28,48.4362,-69.3048,Ascophyllum nodosum,Random,NA,NA,NA,NA,0
2223,merinov_gosl,Gulf of Saint Lawrence,BMV,NA,BMV-NA-2011-9-28,2011,9,28,48.4362,-69.3048,Fucus distichus subsp. evanescens,Random,NA,NA,NA,NA,0
2224,merinov_gosl,Gulf of Saint Lawrence,BMV,NA,BMV-NA-2011-9-28,2011,9,28,48.4362,-69.3048,Fucus vesiculosus,Random,NA,NA,NA,NA,0
2225,merinov_gosl,Gulf of Saint Lawrence,BMV,NA,BMV-NA-2011-9-28,2011,9,28,48.4362,-69.3041,Ascophyllum nodosum,Random,NA,NA,NA,NA,0
2226,merinov_gosl,Gulf of Saint Lawrence,BMV,NA,BMV-NA-2011-9-28,2011,9,28,48.4362,-69.3041,Fucus distichus subsp. evanescens,Random,NA,NA,NA,NA,0
2227,merinov_gosl,Gulf of Saint Lawrence,BMV,NA,BMV-NA-2011-9-28,2011,9,28,48.4362,-69.3041,Fucus vesiculosus,Random,NA,NA,NA,NA,0
2228,merinov_gosl,Gulf of Saint Lawrence,BMV,NA,BMV-NA-2011-9-28,2011,9,28,48.4362,-69.3035,Ascophyllum nodosum,Random,NA,NA,NA,NA,0
2229,merinov_gosl,Gulf of Saint Lawrence,BMV,NA,BMV-NA-2011-9-28,2011,9,28,48.4362,-69.3035,Fucus distichus subsp. evanescens,Random,NA,NA,NA,NA,0
2230,merinov_gosl,Gulf of Saint Lawrence,BMV,NA,BMV-NA-2011-9-28,2011,9,28,48.4362,-69.3035,Fucus vesiculosus,Random,NA,NA,NA,NA,0
2231,merinov_gosl,Gulf of Saint Lawrence,BMV,NA,BMV-NA-2011-9-28,2011,9,28,48.4362,-69.3028,Ascophyllum nodosum,Random,NA,NA,3,3,1.59
2232,merinov_gosl,Gulf of Saint Lawrence,BMV,NA,BMV-NA-2011-9-28,2011,9,28,48.4362,-69.3028,Fucus distichus subsp. evanescens,Random,NA,NA,1,1,0.1
2233,merinov_gosl,Gulf of Saint Lawrence,BMV,NA,BMV-NA-2011-9-28,2011,9,28,48.4362,-69.3028,Fucus vesiculosus,Random,NA,NA,NA,NA,0
2234,merinov_gosl,Gulf of Saint Lawrence,BMV,NA,BMV-NA-2011-9-28,2011,9,28,48.4362,-69.3021,Ascophyllum nodosum,Random,NA,NA,NA,NA,0
2235,merinov_gosl,Gulf of Saint Lawrence,BMV,NA,BMV-NA-2011-9-28,2011,9,28,48.4362,-69.3021,Fucus distichus subsp. evanescens,Random,NA,NA,NA,NA,0
2236,merinov_gosl,Gulf of Saint Lawrence,BMV,NA,BMV-NA-2011-9-28,2011,9,28,48.4362,-69.3021,Fucus vesiculosus,Random,NA,NA,NA,NA,0
2237,merinov_gosl,Gulf of Saint Lawrence,BMV,NA,BMV-NA-2011-9-28,2011,9,28,48.4362,-69.3015,Ascophyllum nodosum,Random,NA,NA,NA,NA,0
2238,merinov_gosl,Gulf of Saint Lawrence,BMV,NA,BMV-NA-2011-9-28,2011,9,28,48.4362,-69.3015,Fucus distichus subsp. evanescens,Random,NA,NA,1,1,0.01
2239,merinov_gosl,Gulf of Saint Lawrence,BMV,NA,BMV-NA-2011-9-28,2011,9,28,48.4362,-69.3015,Fucus vesiculosus,Random,NA,NA,NA,NA,0
2240,merinov_gosl,Gulf of Saint Lawrence,BMV,NA,BMV-NA-2011-9-28,2011,9,28,48.4362,-69.3008,Ascophyllum nodosum,Random,NA,NA,NA,NA,0
2241,merinov_gosl,Gulf of Saint Lawrence,BMV,NA,BMV-NA-2011-9-28,2011,9,28,48.4362,-69.3008,Fucus distichus subsp. evanescens,Random,NA,NA,8,8,0.17
2242,merinov_gosl,Gulf of Saint Lawrence,BMV,NA,BMV-NA-2011-9-28,2011,9,28,48.4362,-69.3008,Fucus vesiculosus,Random,NA,NA,NA,NA,0
2243,merinov_gosl,Gulf of Saint Lawrence,BMV,NA,BMV-NA-2011-9-28,2011,9,28,48.4362,-69.3001,Ascophyllum nodosum,Random,NA,NA,NA,NA,0
2244,merinov_gosl,Gulf of Saint Lawrence,BMV,NA,BMV-NA-2011-9-28,2011,9,28,48.4362,-69.3001,Fucus distichus subsp. evanescens,Random,NA,NA,31,31,1.29
2245,merinov_gosl,Gulf of Saint Lawrence,BMV,NA,BMV-NA-2011-9-28,2011,9,28,48.4362,-69.3001,Fucus vesiculosus,Random,NA,NA,NA,NA,0
2246,merinov_gosl,Gulf of Saint Lawrence,BMV,NA,BMV-NA-2011-9-28,2011,9,28,48.4362,-69.2995,Ascophyllum nodosum,Random,NA,NA,NA,NA,0
2247,merinov_gosl,Gulf of Saint Lawrence,BMV,NA,BMV-NA-2011-9-28,2011,9,28,48.4362,-69.2995,Fucus distichus subsp. evanescens,Random,NA,NA,NA,NA,0
2248,merinov_gosl,Gulf of Saint Lawrence,BMV,NA,BMV-NA-2011-9-28,2011,9,28,48.4362,-69.2995,Fucus vesiculosus,Random,NA,NA,NA,NA,0
2249,merinov_gosl,Gulf of Saint Lawrence,BMV,NA,BMV-NA-2011-9-28,2011,9,28,48.4362,-69.2988,Ascophyllum nodosum,Random,NA,NA,NA,NA,0
2250,merinov_gosl,Gulf of Saint Lawrence,BMV,NA,BMV-NA-2011-9-28,2011,9,28,48.4362,-69.2988,Fucus distichus subsp. evanescens,Random,NA,NA,5,5,0.36
2251,merinov_gosl,Gulf of Saint Lawrence,BMV,NA,BMV-NA-2011-9-28,2011,9,28,48.4362,-69.2988,Fucus vesiculosus,Random,NA,NA,NA,NA,0
2252,merinov_gosl,Gulf of Saint Lawrence,BMV,NA,BMV-NA-2011-9-28,2011,9,28,48.4362,-69.2981,Ascophyllum nodosum,Random,NA,NA,NA,NA,0
2253,merinov_gosl,Gulf of Saint Lawrence,BMV,NA,BMV-NA-2011-9-28,2011,9,28,48.4362,-69.2981,Fucus distichus subsp. evanescens,Random,NA,NA,NA,NA,0
2254,merinov_gosl,Gulf of Saint Lawrence,BMV,NA,BMV-NA-2011-9-28,2011,9,28,48.4362,-69.2981,Fucus vesiculosus,Random,NA,NA,NA,NA,0
2255,merinov_gosl,Gulf of Saint Lawrence,BMV,NA,BMV-NA-2011-9-28,2011,9,28,48.4362,-69.2975,Ascophyllum nodosum,Random,NA,NA,NA,NA,0
2256,merinov_gosl,Gulf of Saint Lawrence,BMV,NA,BMV-NA-2011-9-28,2011,9,28,48.4362,-69.2975,Fucus distichus subsp. evanescens,Random,NA,NA,3,3,0.03
2257,merinov_gosl,Gulf of Saint Lawrence,BMV,NA,BMV-NA-2011-9-28,2011,9,28,48.4362,-69.2975,Fucus vesiculosus,Random,NA,NA,NA,NA,0
2258,merinov_gosl,Gulf of Saint Lawrence,BMV,NA,BMV-NA-2011-9-28,2011,9,28,48.4362,-69.2968,Ascophyllum nodosum,Random,NA,NA,NA,NA,0
2259,merinov_gosl,Gulf of Saint Lawrence,BMV,NA,BMV-NA-2011-9-28,2011,9,28,48.4362,-69.2968,Fucus distichus subsp. evanescens,Random,NA,NA,5,5,0.09
2260,merinov_gosl,Gulf of Saint Lawrence,BMV,NA,BMV-NA-2011-9-28,2011,9,28,48.4362,-69.2968,Fucus vesiculosus,Random,NA,NA,NA,NA,0
2261,merinov_gosl,Gulf of Saint Lawrence,BMV,NA,BMV-NA-2011-9-28,2011,9,28,48.4362,-69.2961,Ascophyllum nodosum,Random,NA,NA,NA,NA,0
2262,merinov_gosl,Gulf of Saint Lawrence,BMV,NA,BMV-NA-2011-9-28,2011,9,28,48.4362,-69.2961,Fucus distichus subsp. evanescens,Random,NA,NA,NA,NA,0
2263,merinov_gosl,Gulf of Saint Lawrence,BMV,NA,BMV-NA-2011-9-28,2011,9,28,48.4362,-69.2961,Fucus vesiculosus,Random,NA,NA,NA,NA,0
2264,merinov_gosl,Gulf of Saint Lawrence,BMV,NA,BMV-NA-2011-9-28,2011,9,28,48.4362,-69.2955,Ascophyllum nodosum,Random,NA,NA,NA,NA,0
2265,merinov_gosl,Gulf of Saint Lawrence,BMV,NA,BMV-NA-2011-9-28,2011,9,28,48.4362,-69.2955,Fucus distichus subsp. evanescens,Random,NA,NA,1,1,0.03
2266,merinov_gosl,Gulf of Saint Lawrence,BMV,NA,BMV-NA-2011-9-28,2011,9,28,48.4362,-69.2955,Fucus vesiculosus,Random,NA,NA,NA,NA,0
2267,merinov_gosl,Gulf of Saint Lawrence,BMV,NA,BMV-NA-2011-9-28,2011,9,28,48.4362,-69.2948,Ascophyllum nodosum,Random,NA,NA,NA,NA,0
2268,merinov_gosl,Gulf of Saint Lawrence,BMV,NA,BMV-NA-2011-9-28,2011,9,28,48.4362,-69.2948,Fucus distichus subsp. evanescens,Random,NA,NA,NA,NA,0
2269,merinov_gosl,Gulf of Saint Lawrence,BMV,NA,BMV-NA-2011-9-28,2011,9,28,48.4362,-69.2948,Fucus vesiculosus,Random,NA,NA,NA,NA,0
2270,merinov_gosl,Gulf of Saint Lawrence,BMV,NA,BMV-NA-2011-9-28,2011,9,28,48.4362,-69.2941,Ascophyllum nodosum,Random,NA,NA,NA,NA,0
2271,merinov_gosl,Gulf of Saint Lawrence,BMV,NA,BMV-NA-2011-9-28,2011,9,28,48.4362,-69.2941,Fucus distichus subsp. evanescens,Random,NA,NA,NA,NA,0
2272,merinov_gosl,Gulf of Saint Lawrence,BMV,NA,BMV-NA-2011-9-28,2011,9,28,48.4362,-69.2941,Fucus vesiculosus,Random,NA,NA,NA,NA,0
2273,merinov_gosl,Gulf of Saint Lawrence,BMV,NA,BMV-NA-2011-9-28,2011,9,28,48.4362,-69.2935,Ascophyllum nodosum,Random,NA,NA,NA,NA,0
2274,merinov_gosl,Gulf of Saint Lawrence,BMV,NA,BMV-NA-2011-9-28,2011,9,28,48.4362,-69.2935,Fucus distichus subsp. evanescens,Random,NA,NA,NA,NA,0
2275,merinov_gosl,Gulf of Saint Lawrence,BMV,NA,BMV-NA-2011-9-28,2011,9,28,48.4362,-69.2935,Fucus vesiculosus,Random,NA,NA,NA,NA,0
2276,merinov_gosl,Gulf of Saint Lawrence,BMV,NA,BMV-NA-2011-9-28,2011,9,28,48.4362,-69.2928,Ascophyllum nodosum,Random,NA,NA,NA,NA,0
2277,merinov_gosl,Gulf of Saint Lawrence,BMV,NA,BMV-NA-2011-9-28,2011,9,28,48.4362,-69.2928,Fucus distichus subsp. evanescens,Random,NA,NA,NA,NA,0
2278,merinov_gosl,Gulf of Saint Lawrence,BMV,NA,BMV-NA-2011-9-28,2011,9,28,48.4362,-69.2928,Fucus vesiculosus,Random,NA,NA,NA,NA,0
2279,merinov_gosl,Gulf of Saint Lawrence,BMV,NA,BMV-NA-2011-9-28,2011,9,28,48.4362,-69.2921,Ascophyllum nodosum,Random,NA,NA,NA,NA,0
2280,merinov_gosl,Gulf of Saint Lawrence,BMV,NA,BMV-NA-2011-9-28,2011,9,28,48.4362,-69.2921,Fucus distichus subsp. evanescens,Random,NA,NA,NA,NA,0
2281,merinov_gosl,Gulf of Saint Lawrence,BMV,NA,BMV-NA-2011-9-28,2011,9,28,48.4362,-69.2921,Fucus vesiculosus,Random,NA,NA,NA,NA,0
2282,merinov_gosl,Gulf of Saint Lawrence,BMV,NA,BMV-NA-2011-9-28,2011,9,28,48.4362,-69.2915,Ascophyllum nodosum,Random,NA,NA,NA,NA,0
2283,merinov_gosl,Gulf of Saint Lawrence,BMV,NA,BMV-NA-2011-9-28,2011,9,28,48.4362,-69.2915,Fucus distichus subsp. evanescens,Random,NA,NA,NA,NA,0
2284,merinov_gosl,Gulf of Saint Lawrence,BMV,NA,BMV-NA-2011-9-28,2011,9,28,48.4362,-69.2915,Fucus vesiculosus,Random,NA,NA,NA,NA,0
2285,merinov_gosl,Gulf of Saint Lawrence,BMV,NA,BMV-NA-2011-9-28,2011,9,28,48.4362,-69.2908,Ascophyllum nodosum,Random,NA,NA,NA,NA,0
2286,merinov_gosl,Gulf of Saint Lawrence,BMV,NA,BMV-NA-2011-9-28,2011,9,28,48.4362,-69.2908,Fucus distichus subsp. evanescens,Random,NA,NA,NA,NA,0
2287,merinov_gosl,Gulf of Saint Lawrence,BMV,NA,BMV-NA-2011-9-28,2011,9,28,48.4362,-69.2908,Fucus vesiculosus,Random,NA,NA,NA,NA,0
2288,merinov_gosl,Gulf of Saint Lawrence,BMV,NA,BMV-NA-2011-9-28,2011,9,28,48.4362,-69.2901,Ascophyllum nodosum,Random,NA,NA,NA,NA,0
2289,merinov_gosl,Gulf of Saint Lawrence,BMV,NA,BMV-NA-2011-9-28,2011,9,28,48.4362,-69.2901,Fucus distichus subsp. evanescens,Random,NA,NA,105,105,7.31
2290,merinov_gosl,Gulf of Saint Lawrence,BMV,NA,BMV-NA-2011-9-28,2011,9,28,48.4362,-69.2901,Fucus vesiculosus,Random,NA,NA,NA,NA,0
2291,merinov_gosl,Gulf of Saint Lawrence,BMV,NA,BMV-NA-2011-9-28,2011,9,28,48.4362,-69.2895,Ascophyllum nodosum,Random,NA,NA,NA,NA,0
2292,merinov_gosl,Gulf of Saint Lawrence,BMV,NA,BMV-NA-2011-9-28,2011,9,28,48.4362,-69.2895,Fucus distichus subsp. evanescens,Random,NA,NA,NA,NA,0
2293,merinov_gosl,Gulf of Saint Lawrence,BMV,NA,BMV-NA-2011-9-28,2011,9,28,48.4362,-69.2895,Fucus vesiculosus,Random,NA,NA,NA,NA,0
2294,merinov_gosl,Gulf of Saint Lawrence,BMV,NA,BMV-NA-2011-9-28,2011,9,28,48.4362,-69.2888,Ascophyllum nodosum,Random,NA,NA,NA,NA,0
2295,merinov_gosl,Gulf of Saint Lawrence,BMV,NA,BMV-NA-2011-9-28,2011,9,28,48.4362,-69.2888,Fucus distichus subsp. evanescens,Random,NA,NA,30,30,2.46
2296,merinov_gosl,Gulf of Saint Lawrence,BMV,NA,BMV-NA-2011-9-28,2011,9,28,48.4362,-69.2888,Fucus vesiculosus,Random,NA,NA,NA,NA,0
2297,merinov_gosl,Gulf of Saint Lawrence,BMV,NA,BMV-NA-2011-9-28,2011,9,28,48.4389,-69.3082,Ascophyllum nodosum,Random,NA,NA,NA,NA,0
2298,merinov_gosl,Gulf of Saint Lawrence,BMV,NA,BMV-NA-2011-9-28,2011,9,28,48.4389,-69.3082,Fucus distichus subsp. evanescens,Random,NA,NA,NA,NA,0
2299,merinov_gosl,Gulf of Saint Lawrence,BMV,NA,BMV-NA-2011-9-28,2011,9,28,48.4389,-69.3082,Fucus vesiculosus,Random,NA,NA,NA,NA,0
2300,merinov_gosl,Gulf of Saint Lawrence,BMV,NA,BMV-NA-2011-9-28,2011,9,28,48.4389,-69.3075,Ascophyllum nodosum,Random,NA,NA,NA,NA,0
2301,merinov_gosl,Gulf of Saint Lawrence,BMV,NA,BMV-NA-2011-9-28,2011,9,28,48.4389,-69.3075,Fucus distichus subsp. evanescens,Random,NA,NA,NA,NA,0
2302,merinov_gosl,Gulf of Saint Lawrence,BMV,NA,BMV-NA-2011-9-28,2011,9,28,48.4389,-69.3075,Fucus vesiculosus,Random,NA,NA,NA,NA,0
2303,merinov_gosl,Gulf of Saint Lawrence,BMV,NA,BMV-NA-2011-9-28,2011,9,28,48.4389,-69.3068,Ascophyllum nodosum,Random,NA,NA,NA,NA,0
2304,merinov_gosl,Gulf of Saint Lawrence,BMV,NA,BMV-NA-2011-9-28,2011,9,28,48.4389,-69.3068,Fucus distichus subsp. evanescens,Random,NA,NA,NA,NA,0
2305,merinov_gosl,Gulf of Saint Lawrence,BMV,NA,BMV-NA-2011-9-28,2011,9,28,48.4389,-69.3068,Fucus vesiculosus,Random,NA,NA,NA,NA,0
2306,merinov_gosl,Gulf of Saint Lawrence,BMV,NA,BMV-NA-2011-9-28,2011,9,28,48.4389,-69.3062,Ascophyllum nodosum,Random,NA,NA,NA,NA,0
2307,merinov_gosl,Gulf of Saint Lawrence,BMV,NA,BMV-NA-2011-9-28,2011,9,28,48.4389,-69.3062,Fucus distichus subsp. evanescens,Random,NA,NA,NA,NA,0
2308,merinov_gosl,Gulf of Saint Lawrence,BMV,NA,BMV-NA-2011-9-28,2011,9,28,48.4389,-69.3062,Fucus vesiculosus,Random,NA,NA,NA,NA,0
2309,merinov_gosl,Gulf of Saint Lawrence,BMV,NA,BMV-NA-2011-9-28,2011,9,28,48.4389,-69.3055,Ascophyllum nodosum,Random,NA,NA,NA,NA,0
2310,merinov_gosl,Gulf of Saint Lawrence,BMV,NA,BMV-NA-2011-9-28,2011,9,28,48.4389,-69.3055,Fucus distichus subsp. evanescens,Random,NA,NA,NA,NA,0
2311,merinov_gosl,Gulf of Saint Lawrence,BMV,NA,BMV-NA-2011-9-28,2011,9,28,48.4389,-69.3055,Fucus vesiculosus,Random,NA,NA,NA,NA,0
2312,merinov_gosl,Gulf of Saint Lawrence,BMV,NA,BMV-NA-2011-9-28,2011,9,28,48.4389,-69.3048,Ascophyllum nodosum,Random,NA,NA,NA,NA,0
2313,merinov_gosl,Gulf of Saint Lawrence,BMV,NA,BMV-NA-2011-9-28,2011,9,28,48.4389,-69.3048,Fucus distichus subsp. evanescens,Random,NA,NA,NA,NA,0
2314,merinov_gosl,Gulf of Saint Lawrence,BMV,NA,BMV-NA-2011-9-28,2011,9,28,48.4389,-69.3048,Fucus vesiculosus,Random,NA,NA,NA,NA,0
2315,merinov_gosl,Gulf of Saint Lawrence,BMV,NA,BMV-NA-2011-9-28,2011,9,28,48.4389,-69.3042,Ascophyllum nodosum,Random,NA,NA,NA,NA,0
2316,merinov_gosl,Gulf of Saint Lawrence,BMV,NA,BMV-NA-2011-9-28,2011,9,28,48.4389,-69.3042,Fucus distichus subsp. evanescens,Random,NA,NA,NA,NA,0
2317,merinov_gosl,Gulf of Saint Lawrence,BMV,NA,BMV-NA-2011-9-28,2011,9,28,48.4389,-69.3042,Fucus vesiculosus,Random,NA,NA,NA,NA,0
2318,merinov_gosl,Gulf of Saint Lawrence,BMV,NA,BMV-NA-2011-9-28,2011,9,28,48.4389,-69.3035,Ascophyllum nodosum,Random,NA,NA,NA,NA,0
2319,merinov_gosl,Gulf of Saint Lawrence,BMV,NA,BMV-NA-2011-9-28,2011,9,28,48.4389,-69.3035,Fucus distichus subsp. evanescens,Random,NA,NA,4,4,0.1
2320,merinov_gosl,Gulf of Saint Lawrence,BMV,NA,BMV-NA-2011-9-28,2011,9,28,48.4389,-69.3035,Fucus vesiculosus,Random,NA,NA,NA,NA,0
2321,merinov_gosl,Gulf of Saint Lawrence,BMV,NA,BMV-NA-2011-9-28,2011,9,28,48.4389,-69.3028,Ascophyllum nodosum,Random,NA,NA,NA,NA,0
2322,merinov_gosl,Gulf of Saint Lawrence,BMV,NA,BMV-NA-2011-9-28,2011,9,28,48.4389,-69.3028,Fucus distichus subsp. evanescens,Random,NA,NA,NA,NA,0
2323,merinov_gosl,Gulf of Saint Lawrence,BMV,NA,BMV-NA-2011-9-28,2011,9,28,48.4389,-69.3028,Fucus vesiculosus,Random,NA,NA,NA,NA,0
2324,merinov_gosl,Gulf of Saint Lawrence,BMV,NA,BMV-NA-2011-9-28,2011,9,28,48.4389,-69.3022,Ascophyllum nodosum,Random,NA,NA,8,8,1.44
2325,merinov_gosl,Gulf of Saint Lawrence,BMV,NA,BMV-NA-2011-9-28,2011,9,28,48.4389,-69.3022,Fucus distichus subsp. evanescens,Random,NA,NA,39,39,0.9
2326,merinov_gosl,Gulf of Saint Lawrence,BMV,NA,BMV-NA-2011-9-28,2011,9,28,48.4389,-69.3022,Fucus vesiculosus,Random,NA,NA,NA,NA,0
2327,merinov_gosl,Gulf of Saint Lawrence,BMV,NA,BMV-NA-2011-9-28,2011,9,28,48.4389,-69.3015,Ascophyllum nodosum,Random,NA,NA,NA,NA,0
2328,merinov_gosl,Gulf of Saint Lawrence,BMV,NA,BMV-NA-2011-9-28,2011,9,28,48.4389,-69.3015,Fucus distichus subsp. evanescens,Random,NA,NA,1,1,0.05
2329,merinov_gosl,Gulf of Saint Lawrence,BMV,NA,BMV-NA-2011-9-28,2011,9,28,48.4389,-69.3015,Fucus vesiculosus,Random,NA,NA,NA,NA,0
2330,merinov_gosl,Gulf of Saint Lawrence,BMV,NA,BMV-NA-2011-9-28,2011,9,28,48.4389,-69.3008,Ascophyllum nodosum,Random,NA,NA,NA,NA,0
2331,merinov_gosl,Gulf of Saint Lawrence,BMV,NA,BMV-NA-2011-9-28,2011,9,28,48.4389,-69.3008,Fucus distichus subsp. evanescens,Random,NA,NA,NA,NA,0
2332,merinov_gosl,Gulf of Saint Lawrence,BMV,NA,BMV-NA-2011-9-28,2011,9,28,48.4389,-69.3008,Fucus vesiculosus,Random,NA,NA,NA,NA,0
2333,merinov_gosl,Gulf of Saint Lawrence,BMV,NA,BMV-NA-2011-9-28,2011,9,28,48.4389,-69.3002,Ascophyllum nodosum,Random,NA,NA,7,7,0.63
2334,merinov_gosl,Gulf of Saint Lawrence,BMV,NA,BMV-NA-2011-9-28,2011,9,28,48.4389,-69.3002,Fucus distichus subsp. evanescens,Random,NA,NA,4,4,0.04
2335,merinov_gosl,Gulf of Saint Lawrence,BMV,NA,BMV-NA-2011-9-28,2011,9,28,48.4389,-69.3002,Fucus vesiculosus,Random,NA,NA,NA,NA,0
2336,merinov_gosl,Gulf of Saint Lawrence,BMV,NA,BMV-NA-2011-9-28,2011,9,28,48.4389,-69.2995,Ascophyllum nodosum,Random,NA,NA,NA,NA,0
2337,merinov_gosl,Gulf of Saint Lawrence,BMV,NA,BMV-NA-2011-9-28,2011,9,28,48.4389,-69.2995,Fucus distichus subsp. evanescens,Random,NA,NA,NA,NA,0
2338,merinov_gosl,Gulf of Saint Lawrence,BMV,NA,BMV-NA-2011-9-28,2011,9,28,48.4389,-69.2995,Fucus vesiculosus,Random,NA,NA,NA,NA,0
2339,merinov_gosl,Gulf of Saint Lawrence,BMV,NA,BMV-NA-2011-9-28,2011,9,28,48.4389,-69.2988,Ascophyllum nodosum,Random,NA,NA,NA,NA,0
2340,merinov_gosl,Gulf of Saint Lawrence,BMV,NA,BMV-NA-2011-9-28,2011,9,28,48.4389,-69.2988,Fucus distichus subsp. evanescens,Random,NA,NA,8,8,0.11
2341,merinov_gosl,Gulf of Saint Lawrence,BMV,NA,BMV-NA-2011-9-28,2011,9,28,48.4389,-69.2988,Fucus vesiculosus,Random,NA,NA,NA,NA,0
2342,merinov_gosl,Gulf of Saint Lawrence,BMV,NA,BMV-NA-2011-9-28,2011,9,28,48.4389,-69.2982,Ascophyllum nodosum,Random,NA,NA,NA,NA,0
2343,merinov_gosl,Gulf of Saint Lawrence,BMV,NA,BMV-NA-2011-9-28,2011,9,28,48.4389,-69.2982,Fucus distichus subsp. evanescens,Random,NA,NA,7,7,0.23
2344,merinov_gosl,Gulf of Saint Lawrence,BMV,NA,BMV-NA-2011-9-28,2011,9,28,48.4389,-69.2982,Fucus vesiculosus,Random,NA,NA,NA,NA,0
2345,merinov_gosl,Gulf of Saint Lawrence,BMV,NA,BMV-NA-2011-9-28,2011,9,28,48.4389,-69.2975,Ascophyllum nodosum,Random,NA,NA,NA,NA,0
2346,merinov_gosl,Gulf of Saint Lawrence,BMV,NA,BMV-NA-2011-9-28,2011,9,28,48.4389,-69.2975,Fucus distichus subsp. evanescens,Random,NA,NA,27,27,0.52
2347,merinov_gosl,Gulf of Saint Lawrence,BMV,NA,BMV-NA-2011-9-28,2011,9,28,48.4389,-69.2975,Fucus vesiculosus,Random,NA,NA,NA,NA,0
2348,merinov_gosl,Gulf of Saint Lawrence,BMV,NA,BMV-NA-2011-9-28,2011,9,28,48.4389,-69.2968,Ascophyllum nodosum,Random,NA,NA,NA,NA,0
2349,merinov_gosl,Gulf of Saint Lawrence,BMV,NA,BMV-NA-2011-9-28,2011,9,28,48.4389,-69.2968,Fucus distichus subsp. evanescens,Random,NA,NA,NA,NA,0
2350,merinov_gosl,Gulf of Saint Lawrence,BMV,NA,BMV-NA-2011-9-28,2011,9,28,48.4389,-69.2968,Fucus vesiculosus,Random,NA,NA,NA,NA,0
2351,merinov_gosl,Gulf of Saint Lawrence,BMV,NA,BMV-NA-2011-9-28,2011,9,28,48.4389,-69.2962,Ascophyllum nodosum,Random,NA,NA,NA,NA,0
2352,merinov_gosl,Gulf of Saint Lawrence,BMV,NA,BMV-NA-2011-9-28,2011,9,28,48.4389,-69.2962,Fucus distichus subsp. evanescens,Random,NA,NA,15,15,0.16
2353,merinov_gosl,Gulf of Saint Lawrence,BMV,NA,BMV-NA-2011-9-28,2011,9,28,48.4389,-69.2962,Fucus vesiculosus,Random,NA,NA,NA,NA,0
2354,merinov_gosl,Gulf of Saint Lawrence,BMV,NA,BMV-NA-2011-9-28,2011,9,28,48.4389,-69.2955,Ascophyllum nodosum,Random,NA,NA,NA,NA,0
2355,merinov_gosl,Gulf of Saint Lawrence,BMV,NA,BMV-NA-2011-9-28,2011,9,28,48.4389,-69.2955,Fucus distichus subsp. evanescens,Random,NA,NA,NA,NA,0
2356,merinov_gosl,Gulf of Saint Lawrence,BMV,NA,BMV-NA-2011-9-28,2011,9,28,48.4389,-69.2955,Fucus vesiculosus,Random,NA,NA,NA,NA,0
2357,merinov_gosl,Gulf of Saint Lawrence,BMV,NA,BMV-NA-2011-9-28,2011,9,28,48.4389,-69.2948,Ascophyllum nodosum,Random,NA,NA,NA,NA,0
2358,merinov_gosl,Gulf of Saint Lawrence,BMV,NA,BMV-NA-2011-9-28,2011,9,28,48.4389,-69.2948,Fucus distichus subsp. evanescens,Random,NA,NA,2,2,0.01
2359,merinov_gosl,Gulf of Saint Lawrence,BMV,NA,BMV-NA-2011-9-28,2011,9,28,48.4389,-69.2948,Fucus vesiculosus,Random,NA,NA,NA,NA,0
2360,merinov_gosl,Gulf of Saint Lawrence,BMV,NA,BMV-NA-2011-9-28,2011,9,28,48.4389,-69.2942,Ascophyllum nodosum,Random,NA,NA,NA,NA,0
2361,merinov_gosl,Gulf of Saint Lawrence,BMV,NA,BMV-NA-2011-9-28,2011,9,28,48.4389,-69.2942,Fucus distichus subsp. evanescens,Random,NA,NA,13,13,0.42
2362,merinov_gosl,Gulf of Saint Lawrence,BMV,NA,BMV-NA-2011-9-28,2011,9,28,48.4389,-69.2942,Fucus vesiculosus,Random,NA,NA,NA,NA,0
2363,merinov_gosl,Gulf of Saint Lawrence,BMV,NA,BMV-NA-2011-9-28,2011,9,28,48.4389,-69.2935,Ascophyllum nodosum,Random,NA,NA,NA,NA,0
2364,merinov_gosl,Gulf of Saint Lawrence,BMV,NA,BMV-NA-2011-9-28,2011,9,28,48.4389,-69.2935,Fucus distichus subsp. evanescens,Random,NA,NA,NA,NA,0
2365,merinov_gosl,Gulf of Saint Lawrence,BMV,NA,BMV-NA-2011-9-28,2011,9,28,48.4389,-69.2935,Fucus vesiculosus,Random,NA,NA,NA,NA,0
2366,merinov_gosl,Gulf of Saint Lawrence,BMV,NA,BMV-NA-2011-9-28,2011,9,28,48.4389,-69.2928,Ascophyllum nodosum,Random,NA,NA,NA,NA,0
2367,merinov_gosl,Gulf of Saint Lawrence,BMV,NA,BMV-NA-2011-9-28,2011,9,28,48.4389,-69.2928,Fucus distichus subsp. evanescens,Random,NA,NA,NA,NA,0
2368,merinov_gosl,Gulf of Saint Lawrence,BMV,NA,BMV-NA-2011-9-28,2011,9,28,48.4389,-69.2928,Fucus vesiculosus,Random,NA,NA,NA,NA,0
2369,merinov_gosl,Gulf of Saint Lawrence,BMV,NA,BMV-NA-2011-9-28,2011,9,28,48.4389,-69.2922,Ascophyllum nodosum,Random,NA,NA,NA,NA,0
2370,merinov_gosl,Gulf of Saint Lawrence,BMV,NA,BMV-NA-2011-9-28,2011,9,28,48.4389,-69.2922,Fucus distichus subsp. evanescens,Random,NA,NA,NA,NA,0
2371,merinov_gosl,Gulf of Saint Lawrence,BMV,NA,BMV-NA-2011-9-28,2011,9,28,48.4389,-69.2922,Fucus vesiculosus,Random,NA,NA,NA,NA,0
2372,merinov_gosl,Gulf of Saint Lawrence,BMV,NA,BMV-NA-2011-9-28,2011,9,28,48.4389,-69.2915,Ascophyllum nodosum,Random,NA,NA,NA,NA,0
2373,merinov_gosl,Gulf of Saint Lawrence,BMV,NA,BMV-NA-2011-9-28,2011,9,28,48.4389,-69.2915,Fucus distichus subsp. evanescens,Random,NA,NA,NA,NA,0
2374,merinov_gosl,Gulf of Saint Lawrence,BMV,NA,BMV-NA-2011-9-28,2011,9,28,48.4389,-69.2915,Fucus vesiculosus,Random,NA,NA,NA,NA,0
2375,merinov_gosl,Gulf of Saint Lawrence,BMV,NA,BMV-NA-2011-9-28,2011,9,28,48.4389,-69.2908,Ascophyllum nodosum,Random,NA,NA,NA,NA,0
2376,merinov_gosl,Gulf of Saint Lawrence,BMV,NA,BMV-NA-2011-9-28,2011,9,28,48.4389,-69.2908,Fucus distichus subsp. evanescens,Random,NA,NA,NA,NA,0
2377,merinov_gosl,Gulf of Saint Lawrence,BMV,NA,BMV-NA-2011-9-28,2011,9,28,48.4389,-69.2908,Fucus vesiculosus,Random,NA,NA,NA,NA,0
2378,merinov_gosl,Gulf of Saint Lawrence,BMV,NA,BMV-NA-2011-9-28,2011,9,28,48.4389,-69.2902,Ascophyllum nodosum,Random,NA,NA,NA,NA,0
2379,merinov_gosl,Gulf of Saint Lawrence,BMV,NA,BMV-NA-2011-9-28,2011,9,28,48.4389,-69.2902,Fucus distichus subsp. evanescens,Random,NA,NA,NA,NA,0
2380,merinov_gosl,Gulf of Saint Lawrence,BMV,NA,BMV-NA-2011-9-28,2011,9,28,48.4389,-69.2902,Fucus vesiculosus,Random,NA,NA,NA,NA,0
2381,merinov_gosl,Gulf of Saint Lawrence,BMV,NA,BMV-NA-2011-9-28,2011,9,28,48.4389,-69.2895,Ascophyllum nodosum,Random,NA,NA,NA,NA,0
2382,merinov_gosl,Gulf of Saint Lawrence,BMV,NA,BMV-NA-2011-9-28,2011,9,28,48.4389,-69.2895,Fucus distichus subsp. evanescens,Random,NA,NA,NA,NA,0
2383,merinov_gosl,Gulf of Saint Lawrence,BMV,NA,BMV-NA-2011-9-28,2011,9,28,48.4389,-69.2895,Fucus vesiculosus,Random,NA,NA,NA,NA,0
2384,merinov_gosl,Gulf of Saint Lawrence,BMV,NA,BMV-NA-2011-9-28,2011,9,28,48.4389,-69.2888,Ascophyllum nodosum,Random,NA,NA,NA,NA,0
2385,merinov_gosl,Gulf of Saint Lawrence,BMV,NA,BMV-NA-2011-9-28,2011,9,28,48.4389,-69.2888,Fucus distichus subsp. evanescens,Random,NA,NA,NA,NA,0
2386,merinov_gosl,Gulf of Saint Lawrence,BMV,NA,BMV-NA-2011-9-28,2011,9,28,48.4389,-69.2888,Fucus vesiculosus,Random,NA,NA,NA,NA,0
2387,merinov_gosl,Gulf of Saint Lawrence,BMV,NA,BMV-NA-2011-9-28,2011,9,28,48.4389,-69.2882,Ascophyllum nodosum,Random,NA,NA,NA,NA,0
2388,merinov_gosl,Gulf of Saint Lawrence,BMV,NA,BMV-NA-2011-9-28,2011,9,28,48.4389,-69.2882,Fucus distichus subsp. evanescens,Random,NA,NA,NA,NA,0
2389,merinov_gosl,Gulf of Saint Lawrence,BMV,NA,BMV-NA-2011-9-28,2011,9,28,48.4389,-69.2882,Fucus vesiculosus,Random,NA,NA,NA,NA,0
2390,merinov_gosl,Gulf of Saint Lawrence,BMV,NA,BMV-NA-2011-9-28,2011,9,28,48.4389,-69.2875,Ascophyllum nodosum,Random,NA,NA,NA,NA,0
2391,merinov_gosl,Gulf of Saint Lawrence,BMV,NA,BMV-NA-2011-9-28,2011,9,28,48.4389,-69.2875,Fucus distichus subsp. evanescens,Random,NA,NA,53,53,4.76
2392,merinov_gosl,Gulf of Saint Lawrence,BMV,NA,BMV-NA-2011-9-28,2011,9,28,48.4389,-69.2875,Fucus vesiculosus,Random,NA,NA,2,2,0.06
2393,merinov_gosl,Gulf of Saint Lawrence,BMV,NA,BMV-NA-2011-9-28,2011,9,28,48.4389,-69.2868,Ascophyllum nodosum,Random,NA,NA,NA,NA,0
2394,merinov_gosl,Gulf of Saint Lawrence,BMV,NA,BMV-NA-2011-9-28,2011,9,28,48.4389,-69.2868,Fucus distichus subsp. evanescens,Random,NA,NA,NA,NA,0
2395,merinov_gosl,Gulf of Saint Lawrence,BMV,NA,BMV-NA-2011-9-28,2011,9,28,48.4389,-69.2868,Fucus vesiculosus,Random,NA,NA,NA,NA,0
2396,merinov_gosl,Gulf of Saint Lawrence,BMV,NA,BMV-NA-2011-9-28,2011,9,28,48.4389,-69.2862,Ascophyllum nodosum,Random,NA,NA,NA,NA,0
2397,merinov_gosl,Gulf of Saint Lawrence,BMV,NA,BMV-NA-2011-9-28,2011,9,28,48.4389,-69.2862,Fucus distichus subsp. evanescens,Random,NA,NA,79,79,1.52
2398,merinov_gosl,Gulf of Saint Lawrence,BMV,NA,BMV-NA-2011-9-28,2011,9,28,48.4389,-69.2862,Fucus vesiculosus,Random,NA,NA,NA,NA,0
2399,merinov_gosl,Gulf of Saint Lawrence,BMV,NA,BMV-NA-2011-9-29,2011,9,29,48.4416,-69.3049,Ascophyllum nodosum,Random,NA,NA,NA,NA,0
2400,merinov_gosl,Gulf of Saint Lawrence,BMV,NA,BMV-NA-2011-9-29,2011,9,29,48.4416,-69.3049,Fucus distichus subsp. evanescens,Random,NA,NA,1,1,0.01
2401,merinov_gosl,Gulf of Saint Lawrence,BMV,NA,BMV-NA-2011-9-29,2011,9,29,48.4416,-69.3049,Fucus vesiculosus,Random,NA,NA,NA,NA,0
2402,merinov_gosl,Gulf of Saint Lawrence,BMV,NA,BMV-NA-2011-9-29,2011,9,29,48.4416,-69.3042,Ascophyllum nodosum,Random,NA,NA,NA,NA,0
2403,merinov_gosl,Gulf of Saint Lawrence,BMV,NA,BMV-NA-2011-9-29,2011,9,29,48.4416,-69.3042,Fucus distichus subsp. evanescens,Random,NA,NA,NA,NA,0
2404,merinov_gosl,Gulf of Saint Lawrence,BMV,NA,BMV-NA-2011-9-29,2011,9,29,48.4416,-69.3042,Fucus vesiculosus,Random,NA,NA,NA,NA,0
2405,merinov_gosl,Gulf of Saint Lawrence,BMV,NA,BMV-NA-2011-9-29,2011,9,29,48.4416,-69.3035,Ascophyllum nodosum,Random,NA,NA,NA,NA,0
2406,merinov_gosl,Gulf of Saint Lawrence,BMV,NA,BMV-NA-2011-9-29,2011,9,29,48.4416,-69.3035,Fucus distichus subsp. evanescens,Random,NA,NA,NA,NA,0
2407,merinov_gosl,Gulf of Saint Lawrence,BMV,NA,BMV-NA-2011-9-29,2011,9,29,48.4416,-69.3035,Fucus vesiculosus,Random,NA,NA,NA,NA,0
2408,merinov_gosl,Gulf of Saint Lawrence,BMV,NA,BMV-NA-2011-9-29,2011,9,29,48.4416,-69.3029,Ascophyllum nodosum,Random,NA,NA,NA,NA,0
2409,merinov_gosl,Gulf of Saint Lawrence,BMV,NA,BMV-NA-2011-9-29,2011,9,29,48.4416,-69.3029,Fucus distichus subsp. evanescens,Random,NA,NA,NA,NA,0
2410,merinov_gosl,Gulf of Saint Lawrence,BMV,NA,BMV-NA-2011-9-29,2011,9,29,48.4416,-69.3029,Fucus vesiculosus,Random,NA,NA,NA,NA,0
2411,merinov_gosl,Gulf of Saint Lawrence,BMV,NA,BMV-NA-2011-9-29,2011,9,29,48.4416,-69.3022,Ascophyllum nodosum,Random,NA,NA,NA,NA,0
2412,merinov_gosl,Gulf of Saint Lawrence,BMV,NA,BMV-NA-2011-9-29,2011,9,29,48.4416,-69.3022,Fucus distichus subsp. evanescens,Random,NA,NA,NA,NA,0
2413,merinov_gosl,Gulf of Saint Lawrence,BMV,NA,BMV-NA-2011-9-29,2011,9,29,48.4416,-69.3022,Fucus vesiculosus,Random,NA,NA,NA,NA,0
2414,merinov_gosl,Gulf of Saint Lawrence,BMV,NA,BMV-NA-2011-9-29,2011,9,29,48.4416,-69.3015,Ascophyllum nodosum,Random,NA,NA,NA,NA,0
2415,merinov_gosl,Gulf of Saint Lawrence,BMV,NA,BMV-NA-2011-9-29,2011,9,29,48.4416,-69.3015,Fucus distichus subsp. evanescens,Random,NA,NA,NA,NA,0
2416,merinov_gosl,Gulf of Saint Lawrence,BMV,NA,BMV-NA-2011-9-29,2011,9,29,48.4416,-69.3015,Fucus vesiculosus,Random,NA,NA,NA,NA,0
2417,merinov_gosl,Gulf of Saint Lawrence,BMV,NA,BMV-NA-2011-9-29,2011,9,29,48.4416,-69.3009,Ascophyllum nodosum,Random,NA,NA,NA,NA,0
2418,merinov_gosl,Gulf of Saint Lawrence,BMV,NA,BMV-NA-2011-9-29,2011,9,29,48.4416,-69.3009,Fucus distichus subsp. evanescens,Random,NA,NA,10,10,0.65
2419,merinov_gosl,Gulf of Saint Lawrence,BMV,NA,BMV-NA-2011-9-29,2011,9,29,48.4416,-69.3009,Fucus vesiculosus,Random,NA,NA,NA,NA,0
2420,merinov_gosl,Gulf of Saint Lawrence,BMV,NA,BMV-NA-2011-9-29,2011,9,29,48.4416,-69.3002,Ascophyllum nodosum,Random,NA,NA,NA,NA,0
2421,merinov_gosl,Gulf of Saint Lawrence,BMV,NA,BMV-NA-2011-9-29,2011,9,29,48.4416,-69.3002,Fucus distichus subsp. evanescens,Random,NA,NA,NA,NA,0
2422,merinov_gosl,Gulf of Saint Lawrence,BMV,NA,BMV-NA-2011-9-29,2011,9,29,48.4416,-69.3002,Fucus vesiculosus,Random,NA,NA,NA,NA,0
2423,merinov_gosl,Gulf of Saint Lawrence,BMV,NA,BMV-NA-2011-9-29,2011,9,29,48.4416,-69.2995,Ascophyllum nodosum,Random,NA,NA,16,16,6.01
2424,merinov_gosl,Gulf of Saint Lawrence,BMV,NA,BMV-NA-2011-9-29,2011,9,29,48.4416,-69.2995,Fucus distichus subsp. evanescens,Random,NA,NA,1,1,0.01
2425,merinov_gosl,Gulf of Saint Lawrence,BMV,NA,BMV-NA-2011-9-29,2011,9,29,48.4416,-69.2995,Fucus vesiculosus,Random,NA,NA,NA,NA,0
2426,merinov_gosl,Gulf of Saint Lawrence,BMV,NA,BMV-NA-2011-9-29,2011,9,29,48.4416,-69.2989,Ascophyllum nodosum,Random,NA,NA,NA,NA,0
2427,merinov_gosl,Gulf of Saint Lawrence,BMV,NA,BMV-NA-2011-9-29,2011,9,29,48.4416,-69.2989,Fucus distichus subsp. evanescens,Random,NA,NA,NA,NA,0
2428,merinov_gosl,Gulf of Saint Lawrence,BMV,NA,BMV-NA-2011-9-29,2011,9,29,48.4416,-69.2989,Fucus vesiculosus,Random,NA,NA,NA,NA,0
2429,merinov_gosl,Gulf of Saint Lawrence,BMV,NA,BMV-NA-2011-9-29,2011,9,29,48.4416,-69.2982,Ascophyllum nodosum,Random,NA,NA,NA,NA,0
2430,merinov_gosl,Gulf of Saint Lawrence,BMV,NA,BMV-NA-2011-9-29,2011,9,29,48.4416,-69.2982,Fucus distichus subsp. evanescens,Random,NA,NA,2,2,0.05
2431,merinov_gosl,Gulf of Saint Lawrence,BMV,NA,BMV-NA-2011-9-29,2011,9,29,48.4416,-69.2982,Fucus vesiculosus,Random,NA,NA,NA,NA,0
2432,merinov_gosl,Gulf of Saint Lawrence,BMV,NA,BMV-NA-2011-9-29,2011,9,29,48.4416,-69.2975,Ascophyllum nodosum,Random,NA,NA,NA,NA,0
2433,merinov_gosl,Gulf of Saint Lawrence,BMV,NA,BMV-NA-2011-9-29,2011,9,29,48.4416,-69.2975,Fucus distichus subsp. evanescens,Random,NA,NA,3,3,0.02
2434,merinov_gosl,Gulf of Saint Lawrence,BMV,NA,BMV-NA-2011-9-29,2011,9,29,48.4416,-69.2975,Fucus vesiculosus,Random,NA,NA,NA,NA,0
2435,merinov_gosl,Gulf of Saint Lawrence,BMV,NA,BMV-NA-2011-9-29,2011,9,29,48.4416,-69.2969,Ascophyllum nodosum,Random,NA,NA,NA,NA,0
2436,merinov_gosl,Gulf of Saint Lawrence,BMV,NA,BMV-NA-2011-9-29,2011,9,29,48.4416,-69.2969,Fucus distichus subsp. evanescens,Random,NA,NA,3,3,0.02
2437,merinov_gosl,Gulf of Saint Lawrence,BMV,NA,BMV-NA-2011-9-29,2011,9,29,48.4416,-69.2969,Fucus vesiculosus,Random,NA,NA,NA,NA,0
2438,merinov_gosl,Gulf of Saint Lawrence,BMV,NA,BMV-NA-2011-9-29,2011,9,29,48.4416,-69.2962,Ascophyllum nodosum,Random,NA,NA,NA,NA,0
2439,merinov_gosl,Gulf of Saint Lawrence,BMV,NA,BMV-NA-2011-9-29,2011,9,29,48.4416,-69.2962,Fucus distichus subsp. evanescens,Random,NA,NA,NA,NA,0
2440,merinov_gosl,Gulf of Saint Lawrence,BMV,NA,BMV-NA-2011-9-29,2011,9,29,48.4416,-69.2962,Fucus vesiculosus,Random,NA,NA,NA,NA,0
2441,merinov_gosl,Gulf of Saint Lawrence,BMV,NA,BMV-NA-2011-9-29,2011,9,29,48.4416,-69.2955,Ascophyllum nodosum,Random,NA,NA,NA,NA,0
2442,merinov_gosl,Gulf of Saint Lawrence,BMV,NA,BMV-NA-2011-9-29,2011,9,29,48.4416,-69.2955,Fucus distichus subsp. evanescens,Random,NA,NA,1,1,0.07
2443,merinov_gosl,Gulf of Saint Lawrence,BMV,NA,BMV-NA-2011-9-29,2011,9,29,48.4416,-69.2955,Fucus vesiculosus,Random,NA,NA,NA,NA,0
2444,merinov_gosl,Gulf of Saint Lawrence,BMV,NA,BMV-NA-2011-9-29,2011,9,29,48.4416,-69.2949,Ascophyllum nodosum,Random,NA,NA,NA,NA,0
2445,merinov_gosl,Gulf of Saint Lawrence,BMV,NA,BMV-NA-2011-9-29,2011,9,29,48.4416,-69.2949,Fucus distichus subsp. evanescens,Random,NA,NA,NA,NA,0
2446,merinov_gosl,Gulf of Saint Lawrence,BMV,NA,BMV-NA-2011-9-29,2011,9,29,48.4416,-69.2949,Fucus vesiculosus,Random,NA,NA,NA,NA,0
2447,merinov_gosl,Gulf of Saint Lawrence,BMV,NA,BMV-NA-2011-9-29,2011,9,29,48.4416,-69.2942,Ascophyllum nodosum,Random,NA,NA,NA,NA,0
2448,merinov_gosl,Gulf of Saint Lawrence,BMV,NA,BMV-NA-2011-9-29,2011,9,29,48.4416,-69.2942,Fucus distichus subsp. evanescens,Random,NA,NA,NA,NA,0
2449,merinov_gosl,Gulf of Saint Lawrence,BMV,NA,BMV-NA-2011-9-29,2011,9,29,48.4416,-69.2942,Fucus vesiculosus,Random,NA,NA,NA,NA,0
2450,merinov_gosl,Gulf of Saint Lawrence,BMV,NA,BMV-NA-2011-9-29,2011,9,29,48.4416,-69.2935,Ascophyllum nodosum,Random,NA,NA,NA,NA,0
2451,merinov_gosl,Gulf of Saint Lawrence,BMV,NA,BMV-NA-2011-9-29,2011,9,29,48.4416,-69.2935,Fucus distichus subsp. evanescens,Random,NA,NA,NA,NA,0
2452,merinov_gosl,Gulf of Saint Lawrence,BMV,NA,BMV-NA-2011-9-29,2011,9,29,48.4416,-69.2935,Fucus vesiculosus,Random,NA,NA,NA,NA,0
2453,merinov_gosl,Gulf of Saint Lawrence,BMV,NA,BMV-NA-2011-9-29,2011,9,29,48.4416,-69.2929,Ascophyllum nodosum,Random,NA,NA,NA,NA,0
2454,merinov_gosl,Gulf of Saint Lawrence,BMV,NA,BMV-NA-2011-9-29,2011,9,29,48.4416,-69.2929,Fucus distichus subsp. evanescens,Random,NA,NA,24,24,0.37
2455,merinov_gosl,Gulf of Saint Lawrence,BMV,NA,BMV-NA-2011-9-29,2011,9,29,48.4416,-69.2929,Fucus vesiculosus,Random,NA,NA,NA,NA,0
2456,merinov_gosl,Gulf of Saint Lawrence,BMV,NA,BMV-NA-2011-9-29,2011,9,29,48.4416,-69.2922,Ascophyllum nodosum,Random,NA,NA,NA,NA,0
2457,merinov_gosl,Gulf of Saint Lawrence,BMV,NA,BMV-NA-2011-9-29,2011,9,29,48.4416,-69.2922,Fucus distichus subsp. evanescens,Random,NA,NA,NA,NA,0
2458,merinov_gosl,Gulf of Saint Lawrence,BMV,NA,BMV-NA-2011-9-29,2011,9,29,48.4416,-69.2922,Fucus vesiculosus,Random,NA,NA,NA,NA,0
2459,merinov_gosl,Gulf of Saint Lawrence,BMV,NA,BMV-NA-2011-9-29,2011,9,29,48.4416,-69.2915,Ascophyllum nodosum,Random,NA,NA,NA,NA,0
2460,merinov_gosl,Gulf of Saint Lawrence,BMV,NA,BMV-NA-2011-9-29,2011,9,29,48.4416,-69.2915,Fucus distichus subsp. evanescens,Random,NA,NA,NA,NA,0
2461,merinov_gosl,Gulf of Saint Lawrence,BMV,NA,BMV-NA-2011-9-29,2011,9,29,48.4416,-69.2915,Fucus vesiculosus,Random,NA,NA,NA,NA,0
2462,merinov_gosl,Gulf of Saint Lawrence,BMV,NA,BMV-NA-2011-9-29,2011,9,29,48.4416,-69.2909,Ascophyllum nodosum,Random,NA,NA,NA,NA,0
2463,merinov_gosl,Gulf of Saint Lawrence,BMV,NA,BMV-NA-2011-9-29,2011,9,29,48.4416,-69.2909,Fucus distichus subsp. evanescens,Random,NA,NA,NA,NA,0
2464,merinov_gosl,Gulf of Saint Lawrence,BMV,NA,BMV-NA-2011-9-29,2011,9,29,48.4416,-69.2909,Fucus vesiculosus,Random,NA,NA,NA,NA,0
2465,merinov_gosl,Gulf of Saint Lawrence,BMV,NA,BMV-NA-2011-9-29,2011,9,29,48.4416,-69.2902,Ascophyllum nodosum,Random,NA,NA,NA,NA,0
2466,merinov_gosl,Gulf of Saint Lawrence,BMV,NA,BMV-NA-2011-9-29,2011,9,29,48.4416,-69.2902,Fucus distichus subsp. evanescens,Random,NA,NA,NA,NA,0
2467,merinov_gosl,Gulf of Saint Lawrence,BMV,NA,BMV-NA-2011-9-29,2011,9,29,48.4416,-69.2902,Fucus vesiculosus,Random,NA,NA,NA,NA,0
2468,merinov_gosl,Gulf of Saint Lawrence,BMV,NA,BMV-NA-2011-9-29,2011,9,29,48.4416,-69.2895,Ascophyllum nodosum,Random,NA,NA,NA,NA,0
2469,merinov_gosl,Gulf of Saint Lawrence,BMV,NA,BMV-NA-2011-9-29,2011,9,29,48.4416,-69.2895,Fucus distichus subsp. evanescens,Random,NA,NA,NA,NA,0
2470,merinov_gosl,Gulf of Saint Lawrence,BMV,NA,BMV-NA-2011-9-29,2011,9,29,48.4416,-69.2895,Fucus vesiculosus,Random,NA,NA,NA,NA,0
2471,merinov_gosl,Gulf of Saint Lawrence,BMV,NA,BMV-NA-2011-9-29,2011,9,29,48.4416,-69.2889,Ascophyllum nodosum,Random,NA,NA,NA,NA,0
2472,merinov_gosl,Gulf of Saint Lawrence,BMV,NA,BMV-NA-2011-9-29,2011,9,29,48.4416,-69.2889,Fucus distichus subsp. evanescens,Random,NA,NA,NA,NA,0
2473,merinov_gosl,Gulf of Saint Lawrence,BMV,NA,BMV-NA-2011-9-29,2011,9,29,48.4416,-69.2889,Fucus vesiculosus,Random,NA,NA,NA,NA,0
2474,merinov_gosl,Gulf of Saint Lawrence,BMV,NA,BMV-NA-2011-9-29,2011,9,29,48.4416,-69.2882,Ascophyllum nodosum,Random,NA,NA,NA,NA,0
2475,merinov_gosl,Gulf of Saint Lawrence,BMV,NA,BMV-NA-2011-9-29,2011,9,29,48.4416,-69.2882,Fucus distichus subsp. evanescens,Random,NA,NA,17,17,1.46
2476,merinov_gosl,Gulf of Saint Lawrence,BMV,NA,BMV-NA-2011-9-29,2011,9,29,48.4416,-69.2882,Fucus vesiculosus,Random,NA,NA,NA,NA,0
2477,merinov_gosl,Gulf of Saint Lawrence,BMV,NA,BMV-NA-2011-9-29,2011,9,29,48.4416,-69.2875,Ascophyllum nodosum,Random,NA,NA,NA,NA,0
2478,merinov_gosl,Gulf of Saint Lawrence,BMV,NA,BMV-NA-2011-9-29,2011,9,29,48.4416,-69.2875,Fucus distichus subsp. evanescens,Random,NA,NA,NA,NA,0
2479,merinov_gosl,Gulf of Saint Lawrence,BMV,NA,BMV-NA-2011-9-29,2011,9,29,48.4416,-69.2875,Fucus vesiculosus,Random,NA,NA,NA,NA,0
2480,merinov_gosl,Gulf of Saint Lawrence,BMV,NA,BMV-NA-2011-9-29,2011,9,29,48.4416,-69.2869,Ascophyllum nodosum,Random,NA,NA,NA,NA,0
2481,merinov_gosl,Gulf of Saint Lawrence,BMV,NA,BMV-NA-2011-9-29,2011,9,29,48.4416,-69.2869,Fucus distichus subsp. evanescens,Random,NA,NA,23,23,1.53
2482,merinov_gosl,Gulf of Saint Lawrence,BMV,NA,BMV-NA-2011-9-29,2011,9,29,48.4416,-69.2869,Fucus vesiculosus,Random,NA,NA,NA,NA,0
2483,merinov_gosl,Gulf of Saint Lawrence,BMV,NA,BMV-NA-2011-9-29,2011,9,29,48.4416,-69.2862,Ascophyllum nodosum,Random,NA,NA,NA,NA,0
2484,merinov_gosl,Gulf of Saint Lawrence,BMV,NA,BMV-NA-2011-9-29,2011,9,29,48.4416,-69.2862,Fucus distichus subsp. evanescens,Random,NA,NA,NA,NA,0
2485,merinov_gosl,Gulf of Saint Lawrence,BMV,NA,BMV-NA-2011-9-29,2011,9,29,48.4416,-69.2862,Fucus vesiculosus,Random,NA,NA,NA,NA,0
2486,merinov_gosl,Gulf of Saint Lawrence,BMV,NA,BMV-NA-2011-9-29,2011,9,29,48.4416,-69.2855,Ascophyllum nodosum,Random,NA,NA,NA,NA,0
2487,merinov_gosl,Gulf of Saint Lawrence,BMV,NA,BMV-NA-2011-9-29,2011,9,29,48.4416,-69.2855,Fucus distichus subsp. evanescens,Random,NA,NA,2,2,0.03
2488,merinov_gosl,Gulf of Saint Lawrence,BMV,NA,BMV-NA-2011-9-29,2011,9,29,48.4416,-69.2855,Fucus vesiculosus,Random,NA,NA,NA,NA,0
2489,merinov_gosl,Gulf of Saint Lawrence,BMV,NA,BMV-NA-2011-9-29,2011,9,29,48.4416,-69.2849,Ascophyllum nodosum,Random,NA,NA,NA,NA,0
2490,merinov_gosl,Gulf of Saint Lawrence,BMV,NA,BMV-NA-2011-9-29,2011,9,29,48.4416,-69.2849,Fucus distichus subsp. evanescens,Random,NA,NA,NA,NA,0
2491,merinov_gosl,Gulf of Saint Lawrence,BMV,NA,BMV-NA-2011-9-29,2011,9,29,48.4416,-69.2849,Fucus vesiculosus,Random,NA,NA,NA,NA,0
2492,merinov_gosl,Gulf of Saint Lawrence,BMV,NA,BMV-NA-2011-9-29,2011,9,29,48.4416,-69.2842,Ascophyllum nodosum,Random,NA,NA,NA,NA,0
2493,merinov_gosl,Gulf of Saint Lawrence,BMV,NA,BMV-NA-2011-9-29,2011,9,29,48.4416,-69.2842,Fucus distichus subsp. evanescens,Random,NA,NA,7,7,0.21
2494,merinov_gosl,Gulf of Saint Lawrence,BMV,NA,BMV-NA-2011-9-29,2011,9,29,48.4416,-69.2842,Fucus vesiculosus,Random,NA,NA,NA,NA,0
2495,merinov_gosl,Gulf of Saint Lawrence,BMV,NA,BMV-NA-2011-9-29,2011,9,29,48.4416,-69.2835,Ascophyllum nodosum,Random,NA,NA,NA,NA,0
2496,merinov_gosl,Gulf of Saint Lawrence,BMV,NA,BMV-NA-2011-9-29,2011,9,29,48.4416,-69.2835,Fucus distichus subsp. evanescens,Random,NA,NA,3,3,0.01
2497,merinov_gosl,Gulf of Saint Lawrence,BMV,NA,BMV-NA-2011-9-29,2011,9,29,48.4416,-69.2835,Fucus vesiculosus,Random,NA,NA,NA,NA,0
2498,merinov_gosl,Gulf of Saint Lawrence,BMV,NA,BMV-NA-2011-9-29,2011,9,29,48.4416,-69.2829,Ascophyllum nodosum,Random,NA,NA,NA,NA,0
2499,merinov_gosl,Gulf of Saint Lawrence,BMV,NA,BMV-NA-2011-9-29,2011,9,29,48.4416,-69.2829,Fucus distichus subsp. evanescens,Random,NA,NA,24,24,0.77
2500,merinov_gosl,Gulf of Saint Lawrence,BMV,NA,BMV-NA-2011-9-29,2011,9,29,48.4416,-69.2829,Fucus vesiculosus,Random,NA,NA,1,1,0.22
2501,merinov_gosl,Gulf of Saint Lawrence,BMV,NA,BMV-NA-2011-9-29,2011,9,29,48.4416,-69.2822,Ascophyllum nodosum,Random,NA,NA,NA,NA,0
2502,merinov_gosl,Gulf of Saint Lawrence,BMV,NA,BMV-NA-2011-9-29,2011,9,29,48.4416,-69.2822,Fucus distichus subsp. evanescens,Random,NA,NA,NA,NA,0
2503,merinov_gosl,Gulf of Saint Lawrence,BMV,NA,BMV-NA-2011-9-29,2011,9,29,48.4416,-69.2822,Fucus vesiculosus,Random,NA,NA,NA,NA,0
2504,merinov_gosl,Gulf of Saint Lawrence,BMV,NA,BMV-NA-2011-9-29,2011,9,29,48.4416,-69.2815,Ascophyllum nodosum,Random,NA,NA,NA,NA,0
2505,merinov_gosl,Gulf of Saint Lawrence,BMV,NA,BMV-NA-2011-9-29,2011,9,29,48.4416,-69.2815,Fucus distichus subsp. evanescens,Random,NA,NA,36,36,2.46
2506,merinov_gosl,Gulf of Saint Lawrence,BMV,NA,BMV-NA-2011-9-29,2011,9,29,48.4416,-69.2815,Fucus vesiculosus,Random,NA,NA,NA,NA,0
2507,merinov_gosl,Gulf of Saint Lawrence,BMV,NA,BMV-NA-2011-9-30,2011,9,30,48.4443,-69.3018,Ascophyllum nodosum,Random,NA,NA,NA,NA,0
2508,merinov_gosl,Gulf of Saint Lawrence,BMV,NA,BMV-NA-2011-9-30,2011,9,30,48.4443,-69.3018,Fucus distichus subsp. evanescens,Random,NA,NA,NA,NA,0
2509,merinov_gosl,Gulf of Saint Lawrence,BMV,NA,BMV-NA-2011-9-30,2011,9,30,48.4443,-69.3018,Fucus vesiculosus,Random,NA,NA,NA,NA,0
2510,merinov_gosl,Gulf of Saint Lawrence,BMV,NA,BMV-NA-2011-9-30,2011,9,30,48.4443,-69.3011,Ascophyllum nodosum,Random,NA,NA,NA,NA,0
2511,merinov_gosl,Gulf of Saint Lawrence,BMV,NA,BMV-NA-2011-9-30,2011,9,30,48.4443,-69.3011,Fucus distichus subsp. evanescens,Random,NA,NA,NA,NA,0
2512,merinov_gosl,Gulf of Saint Lawrence,BMV,NA,BMV-NA-2011-9-30,2011,9,30,48.4443,-69.3011,Fucus vesiculosus,Random,NA,NA,NA,NA,0
2513,merinov_gosl,Gulf of Saint Lawrence,BMV,NA,BMV-NA-2011-9-30,2011,9,30,48.4443,-69.3005,Ascophyllum nodosum,Random,NA,NA,44,44,8.74
2514,merinov_gosl,Gulf of Saint Lawrence,BMV,NA,BMV-NA-2011-9-30,2011,9,30,48.4443,-69.3005,Fucus distichus subsp. evanescens,Random,NA,NA,NA,NA,0
2515,merinov_gosl,Gulf of Saint Lawrence,BMV,NA,BMV-NA-2011-9-30,2011,9,30,48.4443,-69.3005,Fucus vesiculosus,Random,NA,NA,NA,NA,0
2516,merinov_gosl,Gulf of Saint Lawrence,BMV,NA,BMV-NA-2011-9-30,2011,9,30,48.4443,-69.2998,Ascophyllum nodosum,Random,NA,NA,NA,NA,0
2517,merinov_gosl,Gulf of Saint Lawrence,BMV,NA,BMV-NA-2011-9-30,2011,9,30,48.4443,-69.2998,Fucus distichus subsp. evanescens,Random,NA,NA,4,4,0.31
2518,merinov_gosl,Gulf of Saint Lawrence,BMV,NA,BMV-NA-2011-9-30,2011,9,30,48.4443,-69.2998,Fucus vesiculosus,Random,NA,NA,NA,NA,0
2519,merinov_gosl,Gulf of Saint Lawrence,BMV,NA,BMV-NA-2011-9-30,2011,9,30,48.4443,-69.2991,Ascophyllum nodosum,Random,NA,NA,NA,NA,0
2520,merinov_gosl,Gulf of Saint Lawrence,BMV,NA,BMV-NA-2011-9-30,2011,9,30,48.4443,-69.2991,Fucus distichus subsp. evanescens,Random,NA,NA,NA,NA,0
2521,merinov_gosl,Gulf of Saint Lawrence,BMV,NA,BMV-NA-2011-9-30,2011,9,30,48.4443,-69.2991,Fucus vesiculosus,Random,NA,NA,NA,NA,0
2522,merinov_gosl,Gulf of Saint Lawrence,BMV,NA,BMV-NA-2011-9-30,2011,9,30,48.4443,-69.2985,Ascophyllum nodosum,Random,NA,NA,NA,NA,0
2523,merinov_gosl,Gulf of Saint Lawrence,BMV,NA,BMV-NA-2011-9-30,2011,9,30,48.4443,-69.2985,Fucus distichus subsp. evanescens,Random,NA,NA,NA,NA,0
2524,merinov_gosl,Gulf of Saint Lawrence,BMV,NA,BMV-NA-2011-9-30,2011,9,30,48.4443,-69.2985,Fucus vesiculosus,Random,NA,NA,NA,NA,0
2525,merinov_gosl,Gulf of Saint Lawrence,BMV,NA,BMV-NA-2011-9-30,2011,9,30,48.4443,-69.2978,Ascophyllum nodosum,Random,NA,NA,NA,NA,0
2526,merinov_gosl,Gulf of Saint Lawrence,BMV,NA,BMV-NA-2011-9-30,2011,9,30,48.4443,-69.2978,Fucus distichus subsp. evanescens,Random,NA,NA,NA,NA,0
2527,merinov_gosl,Gulf of Saint Lawrence,BMV,NA,BMV-NA-2011-9-30,2011,9,30,48.4443,-69.2978,Fucus vesiculosus,Random,NA,NA,NA,NA,0
2528,merinov_gosl,Gulf of Saint Lawrence,BMV,NA,BMV-NA-2012-7-3,2012,7,3,48.4443,-69.2971,Ascophyllum nodosum,Random,NA,NA,NA,NA,0
2529,merinov_gosl,Gulf of Saint Lawrence,BMV,NA,BMV-NA-2012-7-3,2012,7,3,48.4443,-69.2971,Fucus distichus subsp. edentatus,Random,NA,NA,NA,NA,0
2530,merinov_gosl,Gulf of Saint Lawrence,BMV,NA,BMV-NA-2012-7-3,2012,7,3,48.4443,-69.2971,Fucus distichus subsp. evanescens,Random,NA,NA,NA,NA,0
2531,merinov_gosl,Gulf of Saint Lawrence,BMV,NA,BMV-NA-2012-7-3,2012,7,3,48.4443,-69.2971,Fucus vesiculosus,Random,NA,NA,NA,NA,0
2532,merinov_gosl,Gulf of Saint Lawrence,BMV,NA,BMV-NA-2012-7-3,2012,7,3,48.4443,-69.2965,Ascophyllum nodosum,Random,NA,NA,NA,NA,0
2533,merinov_gosl,Gulf of Saint Lawrence,BMV,NA,BMV-NA-2012-7-3,2012,7,3,48.4443,-69.2965,Fucus distichus subsp. edentatus,Random,NA,NA,NA,NA,0
2534,merinov_gosl,Gulf of Saint Lawrence,BMV,NA,BMV-NA-2012-7-3,2012,7,3,48.4443,-69.2965,Fucus distichus subsp. evanescens,Random,NA,NA,NA,NA,0
2535,merinov_gosl,Gulf of Saint Lawrence,BMV,NA,BMV-NA-2012-7-3,2012,7,3,48.4443,-69.2965,Fucus vesiculosus,Random,NA,NA,NA,NA,0
2536,merinov_gosl,Gulf of Saint Lawrence,BMV,NA,BMV-NA-2012-7-3,2012,7,3,48.4443,-69.2958,Ascophyllum nodosum,Random,NA,NA,26,26,2.04
2537,merinov_gosl,Gulf of Saint Lawrence,BMV,NA,BMV-NA-2012-7-3,2012,7,3,48.4443,-69.2958,Fucus distichus subsp. edentatus,Random,NA,NA,NA,NA,0
2538,merinov_gosl,Gulf of Saint Lawrence,BMV,NA,BMV-NA-2012-7-3,2012,7,3,48.4443,-69.2958,Fucus distichus subsp. evanescens,Random,NA,NA,64,64,2.49
2539,merinov_gosl,Gulf of Saint Lawrence,BMV,NA,BMV-NA-2012-7-3,2012,7,3,48.4443,-69.2958,Fucus vesiculosus,Random,NA,NA,2,2,0.12
2540,merinov_gosl,Gulf of Saint Lawrence,BMV,NA,BMV-NA-2012-7-3,2012,7,3,48.4443,-69.2951,Ascophyllum nodosum,Random,NA,NA,NA,NA,0
2541,merinov_gosl,Gulf of Saint Lawrence,BMV,NA,BMV-NA-2012-7-3,2012,7,3,48.4443,-69.2951,Fucus distichus subsp. edentatus,Random,NA,NA,NA,NA,0
2542,merinov_gosl,Gulf of Saint Lawrence,BMV,NA,BMV-NA-2012-7-3,2012,7,3,48.4443,-69.2951,Fucus distichus subsp. evanescens,Random,NA,NA,17,17,0.75
2543,merinov_gosl,Gulf of Saint Lawrence,BMV,NA,BMV-NA-2012-7-3,2012,7,3,48.4443,-69.2951,Fucus vesiculosus,Random,NA,NA,NA,NA,0
2544,merinov_gosl,Gulf of Saint Lawrence,BMV,NA,BMV-NA-2012-7-3,2012,7,3,48.4443,-69.2945,Ascophyllum nodosum,Random,NA,NA,NA,NA,0
2545,merinov_gosl,Gulf of Saint Lawrence,BMV,NA,BMV-NA-2012-7-3,2012,7,3,48.4443,-69.2945,Fucus distichus subsp. edentatus,Random,NA,NA,NA,NA,0
2546,merinov_gosl,Gulf of Saint Lawrence,BMV,NA,BMV-NA-2012-7-3,2012,7,3,48.4443,-69.2945,Fucus distichus subsp. evanescens,Random,NA,NA,1,1,0.01
2547,merinov_gosl,Gulf of Saint Lawrence,BMV,NA,BMV-NA-2012-7-3,2012,7,3,48.4443,-69.2945,Fucus vesiculosus,Random,NA,NA,NA,NA,0
2548,merinov_gosl,Gulf of Saint Lawrence,BMV,NA,BMV-NA-2012-7-3,2012,7,3,48.4443,-69.2938,Ascophyllum nodosum,Random,NA,NA,NA,NA,0
2549,merinov_gosl,Gulf of Saint Lawrence,BMV,NA,BMV-NA-2012-7-3,2012,7,3,48.4443,-69.2938,Fucus distichus subsp. edentatus,Random,NA,NA,NA,NA,0
2550,merinov_gosl,Gulf of Saint Lawrence,BMV,NA,BMV-NA-2012-7-3,2012,7,3,48.4443,-69.2938,Fucus distichus subsp. evanescens,Random,NA,NA,5,5,0.74
2551,merinov_gosl,Gulf of Saint Lawrence,BMV,NA,BMV-NA-2012-7-3,2012,7,3,48.4443,-69.2938,Fucus vesiculosus,Random,NA,NA,NA,NA,0
2552,merinov_gosl,Gulf of Saint Lawrence,BMV,NA,BMV-NA-2012-7-3,2012,7,3,48.4443,-69.2931,Ascophyllum nodosum,Random,NA,NA,NA,NA,0
2553,merinov_gosl,Gulf of Saint Lawrence,BMV,NA,BMV-NA-2012-7-3,2012,7,3,48.4443,-69.2931,Fucus distichus subsp. edentatus,Random,NA,NA,NA,NA,0
2554,merinov_gosl,Gulf of Saint Lawrence,BMV,NA,BMV-NA-2012-7-3,2012,7,3,48.4443,-69.2931,Fucus distichus subsp. evanescens,Random,NA,NA,13,13,0.77
2555,merinov_gosl,Gulf of Saint Lawrence,BMV,NA,BMV-NA-2012-7-3,2012,7,3,48.4443,-69.2931,Fucus vesiculosus,Random,NA,NA,NA,NA,0
2556,merinov_gosl,Gulf of Saint Lawrence,BMV,NA,BMV-NA-2012-7-3,2012,7,3,48.4443,-69.2925,Ascophyllum nodosum,Random,NA,NA,NA,NA,0
2557,merinov_gosl,Gulf of Saint Lawrence,BMV,NA,BMV-NA-2012-7-3,2012,7,3,48.4443,-69.2925,Fucus distichus subsp. edentatus,Random,NA,NA,NA,NA,0
2558,merinov_gosl,Gulf of Saint Lawrence,BMV,NA,BMV-NA-2012-7-3,2012,7,3,48.4443,-69.2925,Fucus distichus subsp. evanescens,Random,NA,NA,18,18,1.08
2559,merinov_gosl,Gulf of Saint Lawrence,BMV,NA,BMV-NA-2012-7-3,2012,7,3,48.4443,-69.2925,Fucus vesiculosus,Random,NA,NA,NA,NA,0
2560,merinov_gosl,Gulf of Saint Lawrence,BMV,NA,BMV-NA-2012-7-3,2012,7,3,48.4443,-69.2918,Ascophyllum nodosum,Random,NA,NA,NA,NA,0
2561,merinov_gosl,Gulf of Saint Lawrence,BMV,NA,BMV-NA-2012-7-3,2012,7,3,48.4443,-69.2918,Fucus distichus subsp. edentatus,Random,NA,NA,NA,NA,0
2562,merinov_gosl,Gulf of Saint Lawrence,BMV,NA,BMV-NA-2012-7-3,2012,7,3,48.4443,-69.2918,Fucus distichus subsp. evanescens,Random,NA,NA,3,3,0.15
2563,merinov_gosl,Gulf of Saint Lawrence,BMV,NA,BMV-NA-2012-7-3,2012,7,3,48.4443,-69.2918,Fucus vesiculosus,Random,NA,NA,NA,NA,0
2564,merinov_gosl,Gulf of Saint Lawrence,BMV,NA,BMV-NA-2012-7-3,2012,7,3,48.4443,-69.2911,Ascophyllum nodosum,Random,NA,NA,NA,NA,0
2565,merinov_gosl,Gulf of Saint Lawrence,BMV,NA,BMV-NA-2012-7-3,2012,7,3,48.4443,-69.2911,Fucus distichus subsp. edentatus,Random,NA,NA,NA,NA,0
2566,merinov_gosl,Gulf of Saint Lawrence,BMV,NA,BMV-NA-2012-7-3,2012,7,3,48.4443,-69.2911,Fucus distichus subsp. evanescens,Random,NA,NA,NA,NA,0
2567,merinov_gosl,Gulf of Saint Lawrence,BMV,NA,BMV-NA-2012-7-3,2012,7,3,48.4443,-69.2911,Fucus vesiculosus,Random,NA,NA,NA,NA,0
2568,merinov_gosl,Gulf of Saint Lawrence,BMV,NA,BMV-NA-2012-7-3,2012,7,3,48.4443,-69.2905,Ascophyllum nodosum,Random,NA,NA,NA,NA,0
2569,merinov_gosl,Gulf of Saint Lawrence,BMV,NA,BMV-NA-2012-7-3,2012,7,3,48.4443,-69.2905,Fucus distichus subsp. edentatus,Random,NA,NA,NA,NA,0
2570,merinov_gosl,Gulf of Saint Lawrence,BMV,NA,BMV-NA-2012-7-3,2012,7,3,48.4443,-69.2905,Fucus distichus subsp. evanescens,Random,NA,NA,7,7,0.35
2571,merinov_gosl,Gulf of Saint Lawrence,BMV,NA,BMV-NA-2012-7-3,2012,7,3,48.4443,-69.2905,Fucus vesiculosus,Random,NA,NA,NA,NA,0
2572,merinov_gosl,Gulf of Saint Lawrence,BMV,NA,BMV-NA-2012-7-3,2012,7,3,48.4443,-69.2898,Ascophyllum nodosum,Random,NA,NA,NA,NA,0
2573,merinov_gosl,Gulf of Saint Lawrence,BMV,NA,BMV-NA-2012-7-3,2012,7,3,48.4443,-69.2898,Fucus distichus subsp. edentatus,Random,NA,NA,NA,NA,0
2574,merinov_gosl,Gulf of Saint Lawrence,BMV,NA,BMV-NA-2012-7-3,2012,7,3,48.4443,-69.2898,Fucus distichus subsp. evanescens,Random,NA,NA,NA,NA,0
2575,merinov_gosl,Gulf of Saint Lawrence,BMV,NA,BMV-NA-2012-7-3,2012,7,3,48.4443,-69.2898,Fucus vesiculosus,Random,NA,NA,NA,NA,0
2576,merinov_gosl,Gulf of Saint Lawrence,BMV,NA,BMV-NA-2012-7-3,2012,7,3,48.4443,-69.2891,Ascophyllum nodosum,Random,NA,NA,NA,NA,0
2577,merinov_gosl,Gulf of Saint Lawrence,BMV,NA,BMV-NA-2012-7-3,2012,7,3,48.4443,-69.2891,Fucus distichus subsp. edentatus,Random,NA,NA,NA,NA,0
2578,merinov_gosl,Gulf of Saint Lawrence,BMV,NA,BMV-NA-2012-7-3,2012,7,3,48.4443,-69.2891,Fucus distichus subsp. evanescens,Random,NA,NA,1,1,0.02
2579,merinov_gosl,Gulf of Saint Lawrence,BMV,NA,BMV-NA-2012-7-3,2012,7,3,48.4443,-69.2891,Fucus vesiculosus,Random,NA,NA,NA,NA,0
2580,merinov_gosl,Gulf of Saint Lawrence,BMV,NA,BMV-NA-2012-7-3,2012,7,3,48.4443,-69.2885,Ascophyllum nodosum,Random,NA,NA,NA,NA,0
2581,merinov_gosl,Gulf of Saint Lawrence,BMV,NA,BMV-NA-2012-7-3,2012,7,3,48.4443,-69.2885,Fucus distichus subsp. edentatus,Random,NA,NA,NA,NA,0
2582,merinov_gosl,Gulf of Saint Lawrence,BMV,NA,BMV-NA-2012-7-3,2012,7,3,48.4443,-69.2885,Fucus distichus subsp. evanescens,Random,NA,NA,3,3,0.06
2583,merinov_gosl,Gulf of Saint Lawrence,BMV,NA,BMV-NA-2012-7-3,2012,7,3,48.4443,-69.2885,Fucus vesiculosus,Random,NA,NA,NA,NA,0
2584,merinov_gosl,Gulf of Saint Lawrence,BMV,NA,BMV-NA-2012-7-3,2012,7,3,48.4443,-69.2878,Ascophyllum nodosum,Random,NA,NA,NA,NA,0
2585,merinov_gosl,Gulf of Saint Lawrence,BMV,NA,BMV-NA-2012-7-3,2012,7,3,48.4443,-69.2878,Fucus distichus subsp. edentatus,Random,NA,NA,NA,NA,0
2586,merinov_gosl,Gulf of Saint Lawrence,BMV,NA,BMV-NA-2012-7-3,2012,7,3,48.4443,-69.2878,Fucus distichus subsp. evanescens,Random,NA,NA,65,65,7.47
2587,merinov_gosl,Gulf of Saint Lawrence,BMV,NA,BMV-NA-2012-7-3,2012,7,3,48.4443,-69.2878,Fucus vesiculosus,Random,NA,NA,NA,NA,0
2588,merinov_gosl,Gulf of Saint Lawrence,BMV,NA,BMV-NA-2012-7-3,2012,7,3,48.4443,-69.2871,Ascophyllum nodosum,Random,NA,NA,NA,NA,0
2589,merinov_gosl,Gulf of Saint Lawrence,BMV,NA,BMV-NA-2012-7-3,2012,7,3,48.4443,-69.2871,Fucus distichus subsp. edentatus,Random,NA,NA,NA,NA,0
2590,merinov_gosl,Gulf of Saint Lawrence,BMV,NA,BMV-NA-2012-7-3,2012,7,3,48.4443,-69.2871,Fucus distichus subsp. evanescens,Random,NA,NA,NA,NA,0
2591,merinov_gosl,Gulf of Saint Lawrence,BMV,NA,BMV-NA-2012-7-3,2012,7,3,48.4443,-69.2871,Fucus vesiculosus,Random,NA,NA,NA,NA,0
2592,merinov_gosl,Gulf of Saint Lawrence,BMV,NA,BMV-NA-2012-7-3,2012,7,3,48.4443,-69.2865,Ascophyllum nodosum,Random,NA,NA,NA,NA,0
2593,merinov_gosl,Gulf of Saint Lawrence,BMV,NA,BMV-NA-2012-7-3,2012,7,3,48.4443,-69.2865,Fucus distichus subsp. edentatus,Random,NA,NA,NA,NA,0
2594,merinov_gosl,Gulf of Saint Lawrence,BMV,NA,BMV-NA-2012-7-3,2012,7,3,48.4443,-69.2865,Fucus distichus subsp. evanescens,Random,NA,NA,NA,NA,0
2595,merinov_gosl,Gulf of Saint Lawrence,BMV,NA,BMV-NA-2012-7-3,2012,7,3,48.4443,-69.2865,Fucus vesiculosus,Random,NA,NA,NA,NA,0
2596,merinov_gosl,Gulf of Saint Lawrence,BMV,NA,BMV-NA-2012-7-3,2012,7,3,48.4443,-69.2858,Ascophyllum nodosum,Random,NA,NA,NA,NA,0
2597,merinov_gosl,Gulf of Saint Lawrence,BMV,NA,BMV-NA-2012-7-3,2012,7,3,48.4443,-69.2858,Fucus distichus subsp. edentatus,Random,NA,NA,NA,NA,0
2598,merinov_gosl,Gulf of Saint Lawrence,BMV,NA,BMV-NA-2012-7-3,2012,7,3,48.4443,-69.2858,Fucus distichus subsp. evanescens,Random,NA,NA,1,1,0.01
2599,merinov_gosl,Gulf of Saint Lawrence,BMV,NA,BMV-NA-2012-7-3,2012,7,3,48.4443,-69.2858,Fucus vesiculosus,Random,NA,NA,NA,NA,0
2600,merinov_gosl,Gulf of Saint Lawrence,BMV,NA,BMV-NA-2012-7-3,2012,7,3,48.4443,-69.2851,Ascophyllum nodosum,Random,NA,NA,NA,NA,0
2601,merinov_gosl,Gulf of Saint Lawrence,BMV,NA,BMV-NA-2012-7-3,2012,7,3,48.4443,-69.2851,Fucus distichus subsp. edentatus,Random,NA,NA,NA,NA,0
2602,merinov_gosl,Gulf of Saint Lawrence,BMV,NA,BMV-NA-2012-7-3,2012,7,3,48.4443,-69.2851,Fucus distichus subsp. evanescens,Random,NA,NA,75,75,5.96
2603,merinov_gosl,Gulf of Saint Lawrence,BMV,NA,BMV-NA-2012-7-3,2012,7,3,48.4443,-69.2851,Fucus vesiculosus,Random,NA,NA,NA,NA,0
2604,merinov_gosl,Gulf of Saint Lawrence,BMV,NA,BMV-NA-2012-7-3,2012,7,3,48.4443,-69.2845,Ascophyllum nodosum,Random,NA,NA,NA,NA,0
2605,merinov_gosl,Gulf of Saint Lawrence,BMV,NA,BMV-NA-2012-7-3,2012,7,3,48.4443,-69.2845,Fucus distichus subsp. edentatus,Random,NA,NA,NA,NA,0
2606,merinov_gosl,Gulf of Saint Lawrence,BMV,NA,BMV-NA-2012-7-3,2012,7,3,48.4443,-69.2845,Fucus distichus subsp. evanescens,Random,NA,NA,NA,NA,0
2607,merinov_gosl,Gulf of Saint Lawrence,BMV,NA,BMV-NA-2012-7-3,2012,7,3,48.4443,-69.2845,Fucus vesiculosus,Random,NA,NA,NA,NA,0
2608,merinov_gosl,Gulf of Saint Lawrence,BMV,NA,BMV-NA-2012-7-3,2012,7,3,48.4443,-69.2838,Ascophyllum nodosum,Random,NA,NA,NA,NA,0
2609,merinov_gosl,Gulf of Saint Lawrence,BMV,NA,BMV-NA-2012-7-3,2012,7,3,48.4443,-69.2838,Fucus distichus subsp. edentatus,Random,NA,NA,NA,NA,0
2610,merinov_gosl,Gulf of Saint Lawrence,BMV,NA,BMV-NA-2012-7-3,2012,7,3,48.4443,-69.2838,Fucus distichus subsp. evanescens,Random,NA,NA,NA,NA,0
2611,merinov_gosl,Gulf of Saint Lawrence,BMV,NA,BMV-NA-2012-7-3,2012,7,3,48.4443,-69.2838,Fucus vesiculosus,Random,NA,NA,NA,NA,0
2612,merinov_gosl,Gulf of Saint Lawrence,BMV,NA,BMV-NA-2012-7-2,2012,7,2,48.4488,-69.2973,Ascophyllum nodosum,Random,NA,NA,NA,NA,0
2613,merinov_gosl,Gulf of Saint Lawrence,BMV,NA,BMV-NA-2012-7-2,2012,7,2,48.4488,-69.2973,Fucus distichus subsp. edentatus,Random,NA,NA,NA,NA,0
2614,merinov_gosl,Gulf of Saint Lawrence,BMV,NA,BMV-NA-2012-7-2,2012,7,2,48.4488,-69.2973,Fucus distichus subsp. evanescens,Random,NA,NA,2,2,0
2615,merinov_gosl,Gulf of Saint Lawrence,BMV,NA,BMV-NA-2012-7-2,2012,7,2,48.4488,-69.2973,Fucus vesiculosus,Random,NA,NA,NA,NA,0
2616,merinov_gosl,Gulf of Saint Lawrence,BMV,NA,BMV-NA-2012-7-2,2012,7,2,48.4488,-69.2966,Ascophyllum nodosum,Random,NA,NA,NA,NA,0
2617,merinov_gosl,Gulf of Saint Lawrence,BMV,NA,BMV-NA-2012-7-2,2012,7,2,48.4488,-69.2966,Fucus distichus subsp. edentatus,Random,NA,NA,NA,NA,0
2618,merinov_gosl,Gulf of Saint Lawrence,BMV,NA,BMV-NA-2012-7-2,2012,7,2,48.4488,-69.2966,Fucus distichus subsp. evanescens,Random,NA,NA,NA,NA,0
2619,merinov_gosl,Gulf of Saint Lawrence,BMV,NA,BMV-NA-2012-7-2,2012,7,2,48.4488,-69.2966,Fucus vesiculosus,Random,NA,NA,NA,NA,0
2620,merinov_gosl,Gulf of Saint Lawrence,BMV,NA,BMV-NA-2012-7-2,2012,7,2,48.4488,-69.296,Ascophyllum nodosum,Random,NA,NA,6,6,0.27
2621,merinov_gosl,Gulf of Saint Lawrence,BMV,NA,BMV-NA-2012-7-2,2012,7,2,48.4488,-69.296,Fucus distichus subsp. edentatus,Random,NA,NA,NA,NA,0
2622,merinov_gosl,Gulf of Saint Lawrence,BMV,NA,BMV-NA-2012-7-2,2012,7,2,48.4488,-69.296,Fucus distichus subsp. evanescens,Random,NA,NA,2,2,0.18
2623,merinov_gosl,Gulf of Saint Lawrence,BMV,NA,BMV-NA-2012-7-2,2012,7,2,48.4488,-69.296,Fucus vesiculosus,Random,NA,NA,2,2,1.36
2624,merinov_gosl,Gulf of Saint Lawrence,BMV,NA,BMV-NA-2012-7-2,2012,7,2,48.4488,-69.2953,Ascophyllum nodosum,Random,NA,NA,13,13,0.23
2625,merinov_gosl,Gulf of Saint Lawrence,BMV,NA,BMV-NA-2012-7-2,2012,7,2,48.4488,-69.2953,Fucus distichus subsp. edentatus,Random,NA,NA,NA,NA,0
2626,merinov_gosl,Gulf of Saint Lawrence,BMV,NA,BMV-NA-2012-7-2,2012,7,2,48.4488,-69.2953,Fucus distichus subsp. evanescens,Random,NA,NA,27,27,1.4
2627,merinov_gosl,Gulf of Saint Lawrence,BMV,NA,BMV-NA-2012-7-2,2012,7,2,48.4488,-69.2953,Fucus vesiculosus,Random,NA,NA,NA,NA,0
2628,merinov_gosl,Gulf of Saint Lawrence,BMV,NA,BMV-NA-2012-7-2,2012,7,2,48.4488,-69.2946,Ascophyllum nodosum,Random,NA,NA,2,2,0.23
2629,merinov_gosl,Gulf of Saint Lawrence,BMV,NA,BMV-NA-2012-7-2,2012,7,2,48.4488,-69.2946,Fucus distichus subsp. edentatus,Random,NA,NA,NA,NA,0
2630,merinov_gosl,Gulf of Saint Lawrence,BMV,NA,BMV-NA-2012-7-2,2012,7,2,48.4488,-69.2946,Fucus distichus subsp. evanescens,Random,NA,NA,3,3,0.11
2631,merinov_gosl,Gulf of Saint Lawrence,BMV,NA,BMV-NA-2012-7-2,2012,7,2,48.4488,-69.2946,Fucus vesiculosus,Random,NA,NA,NA,NA,0
2632,merinov_gosl,Gulf of Saint Lawrence,BMV,NA,BMV-NA-2012-7-2,2012,7,2,48.4488,-69.294,Ascophyllum nodosum,Random,NA,NA,NA,NA,0
2633,merinov_gosl,Gulf of Saint Lawrence,BMV,NA,BMV-NA-2012-7-2,2012,7,2,48.4488,-69.294,Fucus distichus subsp. edentatus,Random,NA,NA,NA,NA,0
2634,merinov_gosl,Gulf of Saint Lawrence,BMV,NA,BMV-NA-2012-7-2,2012,7,2,48.4488,-69.294,Fucus distichus subsp. evanescens,Random,NA,NA,1,1,0.03
2635,merinov_gosl,Gulf of Saint Lawrence,BMV,NA,BMV-NA-2012-7-2,2012,7,2,48.4488,-69.294,Fucus vesiculosus,Random,NA,NA,NA,NA,0
2636,merinov_gosl,Gulf of Saint Lawrence,BMV,NA,BMV-NA-2012-7-2,2012,7,2,48.4488,-69.2933,Ascophyllum nodosum,Random,NA,NA,NA,NA,0
2637,merinov_gosl,Gulf of Saint Lawrence,BMV,NA,BMV-NA-2012-7-2,2012,7,2,48.4488,-69.2933,Fucus distichus subsp. edentatus,Random,NA,NA,NA,NA,0
2638,merinov_gosl,Gulf of Saint Lawrence,BMV,NA,BMV-NA-2012-7-2,2012,7,2,48.4488,-69.2933,Fucus distichus subsp. evanescens,Random,NA,NA,15,15,0.65
2639,merinov_gosl,Gulf of Saint Lawrence,BMV,NA,BMV-NA-2012-7-2,2012,7,2,48.4488,-69.2933,Fucus vesiculosus,Random,NA,NA,NA,NA,0
2640,merinov_gosl,Gulf of Saint Lawrence,BMV,NA,BMV-NA-2012-7-2,2012,7,2,48.4488,-69.2926,Ascophyllum nodosum,Random,NA,NA,NA,NA,0
2641,merinov_gosl,Gulf of Saint Lawrence,BMV,NA,BMV-NA-2012-7-2,2012,7,2,48.4488,-69.2926,Fucus distichus subsp. edentatus,Random,NA,NA,NA,NA,0
2642,merinov_gosl,Gulf of Saint Lawrence,BMV,NA,BMV-NA-2012-7-2,2012,7,2,48.4488,-69.2926,Fucus distichus subsp. evanescens,Random,NA,NA,1,1,0.03
2643,merinov_gosl,Gulf of Saint Lawrence,BMV,NA,BMV-NA-2012-7-2,2012,7,2,48.4488,-69.2926,Fucus vesiculosus,Random,NA,NA,NA,NA,0
2644,merinov_gosl,Gulf of Saint Lawrence,BMV,NA,BMV-NA-2012-7-2,2012,7,2,48.4488,-69.292,Ascophyllum nodosum,Random,NA,NA,NA,NA,0
2645,merinov_gosl,Gulf of Saint Lawrence,BMV,NA,BMV-NA-2012-7-2,2012,7,2,48.4488,-69.292,Fucus distichus subsp. edentatus,Random,NA,NA,NA,NA,0
2646,merinov_gosl,Gulf of Saint Lawrence,BMV,NA,BMV-NA-2012-7-2,2012,7,2,48.4488,-69.292,Fucus distichus subsp. evanescens,Random,NA,NA,NA,NA,0
2647,merinov_gosl,Gulf of Saint Lawrence,BMV,NA,BMV-NA-2012-7-2,2012,7,2,48.4488,-69.292,Fucus vesiculosus,Random,NA,NA,NA,NA,0
2648,merinov_gosl,Gulf of Saint Lawrence,BMV,NA,BMV-NA-2012-7-2,2012,7,2,48.4488,-69.2913,Ascophyllum nodosum,Random,NA,NA,18,18,0.9
2649,merinov_gosl,Gulf of Saint Lawrence,BMV,NA,BMV-NA-2012-7-2,2012,7,2,48.4488,-69.2913,Fucus distichus subsp. edentatus,Random,NA,NA,NA,NA,0
2650,merinov_gosl,Gulf of Saint Lawrence,BMV,NA,BMV-NA-2012-7-2,2012,7,2,48.4488,-69.2913,Fucus distichus subsp. evanescens,Random,NA,NA,31,31,1.07
2651,merinov_gosl,Gulf of Saint Lawrence,BMV,NA,BMV-NA-2012-7-2,2012,7,2,48.4488,-69.2913,Fucus vesiculosus,Random,NA,NA,NA,NA,0
2652,merinov_gosl,Gulf of Saint Lawrence,BMV,NA,BMV-NA-2012-7-2,2012,7,2,48.4488,-69.2906,Ascophyllum nodosum,Random,NA,NA,NA,NA,0
2653,merinov_gosl,Gulf of Saint Lawrence,BMV,NA,BMV-NA-2012-7-2,2012,7,2,48.4488,-69.2906,Fucus distichus subsp. edentatus,Random,NA,NA,NA,NA,0
2654,merinov_gosl,Gulf of Saint Lawrence,BMV,NA,BMV-NA-2012-7-2,2012,7,2,48.4488,-69.2906,Fucus distichus subsp. evanescens,Random,NA,NA,NA,NA,0
2655,merinov_gosl,Gulf of Saint Lawrence,BMV,NA,BMV-NA-2012-7-2,2012,7,2,48.4488,-69.2906,Fucus vesiculosus,Random,NA,NA,NA,NA,0
2656,merinov_gosl,Gulf of Saint Lawrence,BMV,NA,BMV-NA-2012-7-2,2012,7,2,48.4488,-69.29,Ascophyllum nodosum,Random,NA,NA,NA,NA,0
2657,merinov_gosl,Gulf of Saint Lawrence,BMV,NA,BMV-NA-2012-7-2,2012,7,2,48.4488,-69.29,Fucus distichus subsp. edentatus,Random,NA,NA,NA,NA,0
2658,merinov_gosl,Gulf of Saint Lawrence,BMV,NA,BMV-NA-2012-7-2,2012,7,2,48.4488,-69.29,Fucus distichus subsp. evanescens,Random,NA,NA,15,15,0.94
2659,merinov_gosl,Gulf of Saint Lawrence,BMV,NA,BMV-NA-2012-7-2,2012,7,2,48.4488,-69.29,Fucus vesiculosus,Random,NA,NA,NA,NA,0
2660,merinov_gosl,Gulf of Saint Lawrence,BMV,NA,BMV-NA-2012-7-2,2012,7,2,48.4488,-69.2893,Ascophyllum nodosum,Random,NA,NA,4,4,0.15
2661,merinov_gosl,Gulf of Saint Lawrence,BMV,NA,BMV-NA-2012-7-2,2012,7,2,48.4488,-69.2893,Fucus distichus subsp. edentatus,Random,NA,NA,NA,NA,0
2662,merinov_gosl,Gulf of Saint Lawrence,BMV,NA,BMV-NA-2012-7-2,2012,7,2,48.4488,-69.2893,Fucus distichus subsp. evanescens,Random,NA,NA,41,41,1.58
2663,merinov_gosl,Gulf of Saint Lawrence,BMV,NA,BMV-NA-2012-7-2,2012,7,2,48.4488,-69.2893,Fucus vesiculosus,Random,NA,NA,NA,NA,0
2664,merinov_gosl,Gulf of Saint Lawrence,BMV,NA,BMV-NA-2012-7-2,2012,7,2,48.4488,-69.2886,Ascophyllum nodosum,Random,NA,NA,NA,NA,0
2665,merinov_gosl,Gulf of Saint Lawrence,BMV,NA,BMV-NA-2012-7-2,2012,7,2,48.4488,-69.2886,Fucus distichus subsp. edentatus,Random,NA,NA,NA,NA,0
2666,merinov_gosl,Gulf of Saint Lawrence,BMV,NA,BMV-NA-2012-7-2,2012,7,2,48.4488,-69.2886,Fucus distichus subsp. evanescens,Random,NA,NA,6,6,0.27
2667,merinov_gosl,Gulf of Saint Lawrence,BMV,NA,BMV-NA-2012-7-2,2012,7,2,48.4488,-69.2886,Fucus vesiculosus,Random,NA,NA,NA,NA,0
2668,merinov_gosl,Gulf of Saint Lawrence,BMV,NA,BMV-NA-2012-7-2,2012,7,2,48.4488,-69.288,Ascophyllum nodosum,Random,NA,NA,NA,NA,0
2669,merinov_gosl,Gulf of Saint Lawrence,BMV,NA,BMV-NA-2012-7-2,2012,7,2,48.4488,-69.288,Fucus distichus subsp. edentatus,Random,NA,NA,NA,NA,0
2670,merinov_gosl,Gulf of Saint Lawrence,BMV,NA,BMV-NA-2012-7-2,2012,7,2,48.4488,-69.288,Fucus distichus subsp. evanescens,Random,NA,NA,2,2,0.02
2671,merinov_gosl,Gulf of Saint Lawrence,BMV,NA,BMV-NA-2012-7-2,2012,7,2,48.4488,-69.288,Fucus vesiculosus,Random,NA,NA,NA,NA,0
2672,merinov_gosl,Gulf of Saint Lawrence,BMV,NA,BMV-NA-2012-7-2,2012,7,2,48.4488,-69.2873,Ascophyllum nodosum,Random,NA,NA,NA,NA,0
2673,merinov_gosl,Gulf of Saint Lawrence,BMV,NA,BMV-NA-2012-7-2,2012,7,2,48.4488,-69.2873,Fucus distichus subsp. edentatus,Random,NA,NA,NA,NA,0
2674,merinov_gosl,Gulf of Saint Lawrence,BMV,NA,BMV-NA-2012-7-2,2012,7,2,48.4488,-69.2873,Fucus distichus subsp. evanescens,Random,NA,NA,1,1,0.13
2675,merinov_gosl,Gulf of Saint Lawrence,BMV,NA,BMV-NA-2012-7-2,2012,7,2,48.4488,-69.2873,Fucus vesiculosus,Random,NA,NA,NA,NA,0
2676,merinov_gosl,Gulf of Saint Lawrence,BMV,NA,BMV-NA-2012-7-2,2012,7,2,48.4488,-69.2866,Ascophyllum nodosum,Random,NA,NA,NA,NA,0
2677,merinov_gosl,Gulf of Saint Lawrence,BMV,NA,BMV-NA-2012-7-2,2012,7,2,48.4488,-69.2866,Fucus distichus subsp. edentatus,Random,NA,NA,NA,NA,0
2678,merinov_gosl,Gulf of Saint Lawrence,BMV,NA,BMV-NA-2012-7-2,2012,7,2,48.4488,-69.2866,Fucus distichus subsp. evanescens,Random,NA,NA,3,3,0.11
2679,merinov_gosl,Gulf of Saint Lawrence,BMV,NA,BMV-NA-2012-7-2,2012,7,2,48.4488,-69.2866,Fucus vesiculosus,Random,NA,NA,NA,NA,0
2680,merinov_gosl,Gulf of Saint Lawrence,BMV,NA,BMV-NA-2012-7-2,2012,7,2,48.4488,-69.286,Ascophyllum nodosum,Random,NA,NA,NA,NA,0
2681,merinov_gosl,Gulf of Saint Lawrence,BMV,NA,BMV-NA-2012-7-2,2012,7,2,48.4488,-69.286,Fucus distichus subsp. edentatus,Random,NA,NA,NA,NA,0
2682,merinov_gosl,Gulf of Saint Lawrence,BMV,NA,BMV-NA-2012-7-2,2012,7,2,48.4488,-69.286,Fucus distichus subsp. evanescens,Random,NA,NA,6,6,0.42
2683,merinov_gosl,Gulf of Saint Lawrence,BMV,NA,BMV-NA-2012-7-2,2012,7,2,48.4488,-69.286,Fucus vesiculosus,Random,NA,NA,NA,NA,0
2684,merinov_gosl,Gulf of Saint Lawrence,BMV,NA,BMV-NA-2012-7-2,2012,7,2,48.4488,-69.2853,Ascophyllum nodosum,Random,NA,NA,NA,NA,0
2685,merinov_gosl,Gulf of Saint Lawrence,BMV,NA,BMV-NA-2012-7-2,2012,7,2,48.4488,-69.2853,Fucus distichus subsp. edentatus,Random,NA,NA,NA,NA,0
2686,merinov_gosl,Gulf of Saint Lawrence,BMV,NA,BMV-NA-2012-7-2,2012,7,2,48.4488,-69.2853,Fucus distichus subsp. evanescens,Random,NA,NA,8,8,0.13
2687,merinov_gosl,Gulf of Saint Lawrence,BMV,NA,BMV-NA-2012-7-2,2012,7,2,48.4488,-69.2853,Fucus vesiculosus,Random,NA,NA,NA,NA,0
2688,merinov_gosl,Gulf of Saint Lawrence,BMV,NA,BMV-NA-2012-7-2,2012,7,2,48.4488,-69.2846,Ascophyllum nodosum,Random,NA,NA,1,1,0.06
2689,merinov_gosl,Gulf of Saint Lawrence,BMV,NA,BMV-NA-2012-7-2,2012,7,2,48.4488,-69.2846,Fucus distichus subsp. edentatus,Random,NA,NA,NA,NA,0
2690,merinov_gosl,Gulf of Saint Lawrence,BMV,NA,BMV-NA-2012-7-2,2012,7,2,48.4488,-69.2846,Fucus distichus subsp. evanescens,Random,NA,NA,8,8,0.21
2691,merinov_gosl,Gulf of Saint Lawrence,BMV,NA,BMV-NA-2012-7-2,2012,7,2,48.4488,-69.2846,Fucus vesiculosus,Random,NA,NA,14,14,0.99
2692,merinov_gosl,Gulf of Saint Lawrence,BMV,NA,BMV-NA-2012-7-2,2012,7,2,48.4488,-69.284,Ascophyllum nodosum,Random,NA,NA,1,1,0.04
2693,merinov_gosl,Gulf of Saint Lawrence,BMV,NA,BMV-NA-2012-7-2,2012,7,2,48.4488,-69.284,Fucus distichus subsp. edentatus,Random,NA,NA,NA,NA,0
2694,merinov_gosl,Gulf of Saint Lawrence,BMV,NA,BMV-NA-2012-7-2,2012,7,2,48.4488,-69.284,Fucus distichus subsp. evanescens,Random,NA,NA,15,15,0.92
2695,merinov_gosl,Gulf of Saint Lawrence,BMV,NA,BMV-NA-2012-7-2,2012,7,2,48.4488,-69.284,Fucus vesiculosus,Random,NA,NA,4,4,0.62
2696,merinov_gosl,Gulf of Saint Lawrence,BMV,NA,BMV-NA-2012-7-2,2012,7,2,48.4488,-69.2833,Ascophyllum nodosum,Random,NA,NA,NA,NA,0
2697,merinov_gosl,Gulf of Saint Lawrence,BMV,NA,BMV-NA-2012-7-2,2012,7,2,48.4488,-69.2833,Fucus distichus subsp. edentatus,Random,NA,NA,NA,NA,0
2698,merinov_gosl,Gulf of Saint Lawrence,BMV,NA,BMV-NA-2012-7-2,2012,7,2,48.4488,-69.2833,Fucus distichus subsp. evanescens,Random,NA,NA,NA,NA,0
2699,merinov_gosl,Gulf of Saint Lawrence,BMV,NA,BMV-NA-2012-7-2,2012,7,2,48.4488,-69.2833,Fucus vesiculosus,Random,NA,NA,NA,NA,0
2700,merinov_gosl,Gulf of Saint Lawrence,BMV,NA,BMV-NA-2012-7-2,2012,7,2,48.4488,-69.2826,Ascophyllum nodosum,Random,NA,NA,NA,NA,0
2701,merinov_gosl,Gulf of Saint Lawrence,BMV,NA,BMV-NA-2012-7-2,2012,7,2,48.4488,-69.2826,Fucus distichus subsp. edentatus,Random,NA,NA,NA,NA,0
2702,merinov_gosl,Gulf of Saint Lawrence,BMV,NA,BMV-NA-2012-7-2,2012,7,2,48.4488,-69.2826,Fucus distichus subsp. evanescens,Random,NA,NA,NA,NA,0
2703,merinov_gosl,Gulf of Saint Lawrence,BMV,NA,BMV-NA-2012-7-2,2012,7,2,48.4488,-69.2826,Fucus vesiculosus,Random,NA,NA,NA,NA,0
2704,merinov_gosl,Gulf of Saint Lawrence,BMV,NA,BMV-NA-2012-7-2,2012,7,2,48.4488,-69.282,Ascophyllum nodosum,Random,NA,NA,NA,NA,0
2705,merinov_gosl,Gulf of Saint Lawrence,BMV,NA,BMV-NA-2012-7-2,2012,7,2,48.4488,-69.282,Fucus distichus subsp. edentatus,Random,NA,NA,NA,NA,0
2706,merinov_gosl,Gulf of Saint Lawrence,BMV,NA,BMV-NA-2012-7-2,2012,7,2,48.4488,-69.282,Fucus distichus subsp. evanescens,Random,NA,NA,NA,NA,0
2707,merinov_gosl,Gulf of Saint Lawrence,BMV,NA,BMV-NA-2012-7-2,2012,7,2,48.4488,-69.282,Fucus vesiculosus,Random,NA,NA,NA,NA,0
2708,merinov_gosl,Gulf of Saint Lawrence,BMV,NA,BMV-NA-2012-7-2,2012,7,2,48.4488,-69.2813,Ascophyllum nodosum,Random,NA,NA,NA,NA,0
2709,merinov_gosl,Gulf of Saint Lawrence,BMV,NA,BMV-NA-2012-7-2,2012,7,2,48.4488,-69.2813,Fucus distichus subsp. edentatus,Random,NA,NA,NA,NA,0
2710,merinov_gosl,Gulf of Saint Lawrence,BMV,NA,BMV-NA-2012-7-2,2012,7,2,48.4488,-69.2813,Fucus distichus subsp. evanescens,Random,NA,NA,NA,NA,0
2711,merinov_gosl,Gulf of Saint Lawrence,BMV,NA,BMV-NA-2012-7-2,2012,7,2,48.4488,-69.2813,Fucus vesiculosus,Random,NA,NA,NA,NA,0
2712,merinov_gosl,Gulf of Saint Lawrence,BMV,NA,BMV-NA-2012-7-3,2012,7,3,48.4488,-69.2806,Ascophyllum nodosum,Random,NA,NA,NA,NA,0
2713,merinov_gosl,Gulf of Saint Lawrence,BMV,NA,BMV-NA-2012-7-3,2012,7,3,48.4488,-69.2806,Fucus distichus subsp. edentatus,Random,NA,NA,NA,NA,0
2714,merinov_gosl,Gulf of Saint Lawrence,BMV,NA,BMV-NA-2012-7-3,2012,7,3,48.4488,-69.2806,Fucus distichus subsp. evanescens,Random,NA,NA,NA,NA,0
2715,merinov_gosl,Gulf of Saint Lawrence,BMV,NA,BMV-NA-2012-7-3,2012,7,3,48.4488,-69.2806,Fucus vesiculosus,Random,NA,NA,NA,NA,0
2716,merinov_gosl,Gulf of Saint Lawrence,BMV,NA,BMV-NA-2012-7-3,2012,7,3,48.4488,-69.28,Ascophyllum nodosum,Random,NA,NA,NA,NA,0
2717,merinov_gosl,Gulf of Saint Lawrence,BMV,NA,BMV-NA-2012-7-3,2012,7,3,48.4488,-69.28,Fucus distichus subsp. edentatus,Random,NA,NA,NA,NA,0
2718,merinov_gosl,Gulf of Saint Lawrence,BMV,NA,BMV-NA-2012-7-3,2012,7,3,48.4488,-69.28,Fucus distichus subsp. evanescens,Random,NA,NA,NA,NA,0
2719,merinov_gosl,Gulf of Saint Lawrence,BMV,NA,BMV-NA-2012-7-3,2012,7,3,48.4488,-69.28,Fucus vesiculosus,Random,NA,NA,NA,NA,0
2720,merinov_gosl,Gulf of Saint Lawrence,BMV,NA,BMV-NA-2012-7-3,2012,7,3,48.4488,-69.2793,Ascophyllum nodosum,Random,NA,NA,NA,NA,0
2721,merinov_gosl,Gulf of Saint Lawrence,BMV,NA,BMV-NA-2012-7-3,2012,7,3,48.4488,-69.2793,Fucus distichus subsp. edentatus,Random,NA,NA,NA,NA,0
2722,merinov_gosl,Gulf of Saint Lawrence,BMV,NA,BMV-NA-2012-7-3,2012,7,3,48.4488,-69.2793,Fucus distichus subsp. evanescens,Random,NA,NA,2,2,0.01
2723,merinov_gosl,Gulf of Saint Lawrence,BMV,NA,BMV-NA-2012-7-3,2012,7,3,48.4488,-69.2793,Fucus vesiculosus,Random,NA,NA,1,1,0.01
2724,merinov_gosl,Gulf of Saint Lawrence,BMV,NA,BMV-NA-2012-7-3,2012,7,3,48.4488,-69.2786,Ascophyllum nodosum,Random,NA,NA,NA,NA,0
2725,merinov_gosl,Gulf of Saint Lawrence,BMV,NA,BMV-NA-2012-7-3,2012,7,3,48.4488,-69.2786,Fucus distichus subsp. edentatus,Random,NA,NA,NA,NA,0
2726,merinov_gosl,Gulf of Saint Lawrence,BMV,NA,BMV-NA-2012-7-3,2012,7,3,48.4488,-69.2786,Fucus distichus subsp. evanescens,Random,NA,NA,NA,NA,0
2727,merinov_gosl,Gulf of Saint Lawrence,BMV,NA,BMV-NA-2012-7-3,2012,7,3,48.4488,-69.2786,Fucus vesiculosus,Random,NA,NA,NA,NA,0
2728,merinov_gosl,Gulf of Saint Lawrence,BMV,NA,BMV-NA-2012-7-3,2012,7,3,48.4488,-69.278,Ascophyllum nodosum,Random,NA,NA,NA,NA,0
2729,merinov_gosl,Gulf of Saint Lawrence,BMV,NA,BMV-NA-2012-7-3,2012,7,3,48.4488,-69.278,Fucus distichus subsp. edentatus,Random,NA,NA,NA,NA,0
2730,merinov_gosl,Gulf of Saint Lawrence,BMV,NA,BMV-NA-2012-7-3,2012,7,3,48.4488,-69.278,Fucus distichus subsp. evanescens,Random,NA,NA,5,5,0.05
2731,merinov_gosl,Gulf of Saint Lawrence,BMV,NA,BMV-NA-2012-7-3,2012,7,3,48.4488,-69.278,Fucus vesiculosus,Random,NA,NA,NA,NA,0
2732,merinov_gosl,Gulf of Saint Lawrence,BMV,NA,BMV-NA-2012-7-3,2012,7,3,48.4488,-69.2773,Ascophyllum nodosum,Random,NA,NA,3,3,0.05
2733,merinov_gosl,Gulf of Saint Lawrence,BMV,NA,BMV-NA-2012-7-3,2012,7,3,48.4488,-69.2773,Fucus distichus subsp. edentatus,Random,NA,NA,NA,NA,0
2734,merinov_gosl,Gulf of Saint Lawrence,BMV,NA,BMV-NA-2012-7-3,2012,7,3,48.4488,-69.2773,Fucus distichus subsp. evanescens,Random,NA,NA,47,47,5.09
2735,merinov_gosl,Gulf of Saint Lawrence,BMV,NA,BMV-NA-2012-7-3,2012,7,3,48.4488,-69.2773,Fucus vesiculosus,Random,NA,NA,1,1,0.03
2736,merinov_gosl,Gulf of Saint Lawrence,BMV,NA,BMV-NA-2012-7-3,2012,7,3,48.4533,-69.2935,Ascophyllum nodosum,Random,NA,NA,NA,NA,0
2737,merinov_gosl,Gulf of Saint Lawrence,BMV,NA,BMV-NA-2012-7-3,2012,7,3,48.4533,-69.2935,Fucus distichus subsp. edentatus,Random,NA,NA,NA,NA,0
2738,merinov_gosl,Gulf of Saint Lawrence,BMV,NA,BMV-NA-2012-7-3,2012,7,3,48.4533,-69.2935,Fucus distichus subsp. evanescens,Random,NA,NA,3,3,0.02
2739,merinov_gosl,Gulf of Saint Lawrence,BMV,NA,BMV-NA-2012-7-3,2012,7,3,48.4533,-69.2935,Fucus vesiculosus,Random,NA,NA,NA,NA,0
2740,merinov_gosl,Gulf of Saint Lawrence,BMV,NA,BMV-NA-2012-7-3,2012,7,3,48.4533,-69.2929,Ascophyllum nodosum,Random,NA,NA,6,6,0.22
2741,merinov_gosl,Gulf of Saint Lawrence,BMV,NA,BMV-NA-2012-7-3,2012,7,3,48.4533,-69.2929,Fucus distichus subsp. edentatus,Random,NA,NA,NA,NA,0
2742,merinov_gosl,Gulf of Saint Lawrence,BMV,NA,BMV-NA-2012-7-3,2012,7,3,48.4533,-69.2929,Fucus distichus subsp. evanescens,Random,NA,NA,NA,NA,0
2743,merinov_gosl,Gulf of Saint Lawrence,BMV,NA,BMV-NA-2012-7-3,2012,7,3,48.4533,-69.2929,Fucus vesiculosus,Random,NA,NA,28,28,3.68
2744,merinov_gosl,Gulf of Saint Lawrence,BMV,NA,BMV-NA-2012-7-3,2012,7,3,48.4533,-69.2922,Ascophyllum nodosum,Random,NA,NA,NA,NA,0
2745,merinov_gosl,Gulf of Saint Lawrence,BMV,NA,BMV-NA-2012-7-3,2012,7,3,48.4533,-69.2922,Fucus distichus subsp. edentatus,Random,NA,NA,NA,NA,0
2746,merinov_gosl,Gulf of Saint Lawrence,BMV,NA,BMV-NA-2012-7-3,2012,7,3,48.4533,-69.2922,Fucus distichus subsp. evanescens,Random,NA,NA,NA,NA,0
2747,merinov_gosl,Gulf of Saint Lawrence,BMV,NA,BMV-NA-2012-7-3,2012,7,3,48.4533,-69.2922,Fucus vesiculosus,Random,NA,NA,NA,NA,0
2748,merinov_gosl,Gulf of Saint Lawrence,BMV,NA,BMV-NA-2012-7-3,2012,7,3,48.4533,-69.2915,Ascophyllum nodosum,Random,NA,NA,NA,NA,0
2749,merinov_gosl,Gulf of Saint Lawrence,BMV,NA,BMV-NA-2012-7-3,2012,7,3,48.4533,-69.2915,Fucus distichus subsp. edentatus,Random,NA,NA,NA,NA,0
2750,merinov_gosl,Gulf of Saint Lawrence,BMV,NA,BMV-NA-2012-7-3,2012,7,3,48.4533,-69.2915,Fucus distichus subsp. evanescens,Random,NA,NA,9,9,0.34
2751,merinov_gosl,Gulf of Saint Lawrence,BMV,NA,BMV-NA-2012-7-3,2012,7,3,48.4533,-69.2915,Fucus vesiculosus,Random,NA,NA,3,3,0.61
2752,merinov_gosl,Gulf of Saint Lawrence,BMV,NA,BMV-NA-2012-7-3,2012,7,3,48.4533,-69.2909,Ascophyllum nodosum,Random,NA,NA,NA,NA,0
2753,merinov_gosl,Gulf of Saint Lawrence,BMV,NA,BMV-NA-2012-7-3,2012,7,3,48.4533,-69.2909,Fucus distichus subsp. edentatus,Random,NA,NA,NA,NA,0
2754,merinov_gosl,Gulf of Saint Lawrence,BMV,NA,BMV-NA-2012-7-3,2012,7,3,48.4533,-69.2909,Fucus distichus subsp. evanescens,Random,NA,NA,NA,NA,0
2755,merinov_gosl,Gulf of Saint Lawrence,BMV,NA,BMV-NA-2012-7-3,2012,7,3,48.4533,-69.2909,Fucus vesiculosus,Random,NA,NA,NA,NA,0
2756,merinov_gosl,Gulf of Saint Lawrence,BMV,NA,BMV-NA-2012-7-3,2012,7,3,48.4533,-69.2902,Ascophyllum nodosum,Random,NA,NA,NA,NA,0
2757,merinov_gosl,Gulf of Saint Lawrence,BMV,NA,BMV-NA-2012-7-3,2012,7,3,48.4533,-69.2902,Fucus distichus subsp. edentatus,Random,NA,NA,NA,NA,0
2758,merinov_gosl,Gulf of Saint Lawrence,BMV,NA,BMV-NA-2012-7-3,2012,7,3,48.4533,-69.2902,Fucus distichus subsp. evanescens,Random,NA,NA,4,4,0.03
2759,merinov_gosl,Gulf of Saint Lawrence,BMV,NA,BMV-NA-2012-7-3,2012,7,3,48.4533,-69.2902,Fucus vesiculosus,Random,NA,NA,NA,NA,0
2760,merinov_gosl,Gulf of Saint Lawrence,BMV,NA,BMV-NA-2012-7-3,2012,7,3,48.4533,-69.2895,Ascophyllum nodosum,Random,NA,NA,1,1,0.13
2761,merinov_gosl,Gulf of Saint Lawrence,BMV,NA,BMV-NA-2012-7-3,2012,7,3,48.4533,-69.2895,Fucus distichus subsp. edentatus,Random,NA,NA,NA,NA,0
2762,merinov_gosl,Gulf of Saint Lawrence,BMV,NA,BMV-NA-2012-7-3,2012,7,3,48.4533,-69.2895,Fucus distichus subsp. evanescens,Random,NA,NA,26,26,0.97
2763,merinov_gosl,Gulf of Saint Lawrence,BMV,NA,BMV-NA-2012-7-3,2012,7,3,48.4533,-69.2895,Fucus vesiculosus,Random,NA,NA,NA,NA,0
2764,merinov_gosl,Gulf of Saint Lawrence,BMV,NA,BMV-NA-2012-7-3,2012,7,3,48.4533,-69.2889,Ascophyllum nodosum,Random,NA,NA,NA,NA,0
2765,merinov_gosl,Gulf of Saint Lawrence,BMV,NA,BMV-NA-2012-7-3,2012,7,3,48.4533,-69.2889,Fucus distichus subsp. edentatus,Random,NA,NA,NA,NA,0
2766,merinov_gosl,Gulf of Saint Lawrence,BMV,NA,BMV-NA-2012-7-3,2012,7,3,48.4533,-69.2889,Fucus distichus subsp. evanescens,Random,NA,NA,18,18,0.24
2767,merinov_gosl,Gulf of Saint Lawrence,BMV,NA,BMV-NA-2012-7-3,2012,7,3,48.4533,-69.2889,Fucus vesiculosus,Random,NA,NA,NA,NA,0
2768,merinov_gosl,Gulf of Saint Lawrence,BMV,NA,BMV-NA-2012-7-3,2012,7,3,48.4533,-69.2882,Ascophyllum nodosum,Random,NA,NA,NA,NA,0
2769,merinov_gosl,Gulf of Saint Lawrence,BMV,NA,BMV-NA-2012-7-3,2012,7,3,48.4533,-69.2882,Fucus distichus subsp. edentatus,Random,NA,NA,NA,NA,0
2770,merinov_gosl,Gulf of Saint Lawrence,BMV,NA,BMV-NA-2012-7-3,2012,7,3,48.4533,-69.2882,Fucus distichus subsp. evanescens,Random,NA,NA,NA,NA,0
2771,merinov_gosl,Gulf of Saint Lawrence,BMV,NA,BMV-NA-2012-7-3,2012,7,3,48.4533,-69.2882,Fucus vesiculosus,Random,NA,NA,NA,NA,0
2772,merinov_gosl,Gulf of Saint Lawrence,BMV,NA,BMV-NA-2012-7-3,2012,7,3,48.4533,-69.2875,Ascophyllum nodosum,Random,NA,NA,NA,NA,0
2773,merinov_gosl,Gulf of Saint Lawrence,BMV,NA,BMV-NA-2012-7-3,2012,7,3,48.4533,-69.2875,Fucus distichus subsp. edentatus,Random,NA,NA,NA,NA,0
2774,merinov_gosl,Gulf of Saint Lawrence,BMV,NA,BMV-NA-2012-7-3,2012,7,3,48.4533,-69.2875,Fucus distichus subsp. evanescens,Random,NA,NA,NA,NA,0
2775,merinov_gosl,Gulf of Saint Lawrence,BMV,NA,BMV-NA-2012-7-3,2012,7,3,48.4533,-69.2875,Fucus vesiculosus,Random,NA,NA,NA,NA,0
2776,merinov_gosl,Gulf of Saint Lawrence,BMV,NA,BMV-NA-2012-7-3,2012,7,3,48.4533,-69.2869,Ascophyllum nodosum,Random,NA,NA,NA,NA,0
2777,merinov_gosl,Gulf of Saint Lawrence,BMV,NA,BMV-NA-2012-7-3,2012,7,3,48.4533,-69.2869,Fucus distichus subsp. edentatus,Random,NA,NA,NA,NA,0
2778,merinov_gosl,Gulf of Saint Lawrence,BMV,NA,BMV-NA-2012-7-3,2012,7,3,48.4533,-69.2869,Fucus distichus subsp. evanescens,Random,NA,NA,6,6,0.44
2779,merinov_gosl,Gulf of Saint Lawrence,BMV,NA,BMV-NA-2012-7-3,2012,7,3,48.4533,-69.2869,Fucus vesiculosus,Random,NA,NA,NA,NA,0
2780,merinov_gosl,Gulf of Saint Lawrence,BMV,NA,BMV-NA-2012-7-3,2012,7,3,48.4533,-69.2862,Ascophyllum nodosum,Random,NA,NA,NA,NA,0
2781,merinov_gosl,Gulf of Saint Lawrence,BMV,NA,BMV-NA-2012-7-3,2012,7,3,48.4533,-69.2862,Fucus distichus subsp. edentatus,Random,NA,NA,NA,NA,0
2782,merinov_gosl,Gulf of Saint Lawrence,BMV,NA,BMV-NA-2012-7-3,2012,7,3,48.4533,-69.2862,Fucus distichus subsp. evanescens,Random,NA,NA,90,90,1.44
2783,merinov_gosl,Gulf of Saint Lawrence,BMV,NA,BMV-NA-2012-7-3,2012,7,3,48.4533,-69.2862,Fucus vesiculosus,Random,NA,NA,NA,NA,0
2784,merinov_gosl,Gulf of Saint Lawrence,BMV,NA,BMV-NA-2012-7-3,2012,7,3,48.4533,-69.2855,Ascophyllum nodosum,Random,NA,NA,NA,NA,0
2785,merinov_gosl,Gulf of Saint Lawrence,BMV,NA,BMV-NA-2012-7-3,2012,7,3,48.4533,-69.2855,Fucus distichus subsp. edentatus,Random,NA,NA,NA,NA,0
2786,merinov_gosl,Gulf of Saint Lawrence,BMV,NA,BMV-NA-2012-7-3,2012,7,3,48.4533,-69.2855,Fucus distichus subsp. evanescens,Random,NA,NA,NA,NA,0
2787,merinov_gosl,Gulf of Saint Lawrence,BMV,NA,BMV-NA-2012-7-3,2012,7,3,48.4533,-69.2855,Fucus vesiculosus,Random,NA,NA,NA,NA,0
2788,merinov_gosl,Gulf of Saint Lawrence,BMV,NA,BMV-NA-2012-7-3,2012,7,3,48.4533,-69.2849,Ascophyllum nodosum,Random,NA,NA,NA,NA,0
2789,merinov_gosl,Gulf of Saint Lawrence,BMV,NA,BMV-NA-2012-7-3,2012,7,3,48.4533,-69.2849,Fucus distichus subsp. edentatus,Random,NA,NA,NA,NA,0
2790,merinov_gosl,Gulf of Saint Lawrence,BMV,NA,BMV-NA-2012-7-3,2012,7,3,48.4533,-69.2849,Fucus distichus subsp. evanescens,Random,NA,NA,NA,NA,0
2791,merinov_gosl,Gulf of Saint Lawrence,BMV,NA,BMV-NA-2012-7-3,2012,7,3,48.4533,-69.2849,Fucus vesiculosus,Random,NA,NA,NA,NA,0
2792,merinov_gosl,Gulf of Saint Lawrence,BMV,NA,BMV-NA-2012-7-3,2012,7,3,48.4533,-69.2842,Ascophyllum nodosum,Random,NA,NA,NA,NA,0
2793,merinov_gosl,Gulf of Saint Lawrence,BMV,NA,BMV-NA-2012-7-3,2012,7,3,48.4533,-69.2842,Fucus distichus subsp. edentatus,Random,NA,NA,NA,NA,0
2794,merinov_gosl,Gulf of Saint Lawrence,BMV,NA,BMV-NA-2012-7-3,2012,7,3,48.4533,-69.2842,Fucus distichus subsp. evanescens,Random,NA,NA,NA,NA,0
2795,merinov_gosl,Gulf of Saint Lawrence,BMV,NA,BMV-NA-2012-7-3,2012,7,3,48.4533,-69.2842,Fucus vesiculosus,Random,NA,NA,NA,NA,0
2796,merinov_gosl,Gulf of Saint Lawrence,BMV,NA,BMV-NA-2012-7-3,2012,7,3,48.4533,-69.2835,Ascophyllum nodosum,Random,NA,NA,NA,NA,0
2797,merinov_gosl,Gulf of Saint Lawrence,BMV,NA,BMV-NA-2012-7-3,2012,7,3,48.4533,-69.2835,Fucus distichus subsp. edentatus,Random,NA,NA,NA,NA,0
2798,merinov_gosl,Gulf of Saint Lawrence,BMV,NA,BMV-NA-2012-7-3,2012,7,3,48.4533,-69.2835,Fucus distichus subsp. evanescens,Random,NA,NA,NA,NA,0
2799,merinov_gosl,Gulf of Saint Lawrence,BMV,NA,BMV-NA-2012-7-3,2012,7,3,48.4533,-69.2835,Fucus vesiculosus,Random,NA,NA,NA,NA,0
2800,merinov_gosl,Gulf of Saint Lawrence,BMV,NA,BMV-NA-2012-7-3,2012,7,3,48.4533,-69.2829,Ascophyllum nodosum,Random,NA,NA,NA,NA,0
2801,merinov_gosl,Gulf of Saint Lawrence,BMV,NA,BMV-NA-2012-7-3,2012,7,3,48.4533,-69.2829,Fucus distichus subsp. edentatus,Random,NA,NA,NA,NA,0
2802,merinov_gosl,Gulf of Saint Lawrence,BMV,NA,BMV-NA-2012-7-3,2012,7,3,48.4533,-69.2829,Fucus distichus subsp. evanescens,Random,NA,NA,NA,NA,0
2803,merinov_gosl,Gulf of Saint Lawrence,BMV,NA,BMV-NA-2012-7-3,2012,7,3,48.4533,-69.2829,Fucus vesiculosus,Random,NA,NA,NA,NA,0
2804,merinov_gosl,Gulf of Saint Lawrence,BMV,NA,BMV-NA-2012-7-3,2012,7,3,48.4533,-69.2822,Ascophyllum nodosum,Random,NA,NA,NA,NA,0
2805,merinov_gosl,Gulf of Saint Lawrence,BMV,NA,BMV-NA-2012-7-3,2012,7,3,48.4533,-69.2822,Fucus distichus subsp. edentatus,Random,NA,NA,NA,NA,0
2806,merinov_gosl,Gulf of Saint Lawrence,BMV,NA,BMV-NA-2012-7-3,2012,7,3,48.4533,-69.2822,Fucus distichus subsp. evanescens,Random,NA,NA,NA,NA,0
2807,merinov_gosl,Gulf of Saint Lawrence,BMV,NA,BMV-NA-2012-7-3,2012,7,3,48.4533,-69.2822,Fucus vesiculosus,Random,NA,NA,NA,NA,0
2808,merinov_gosl,Gulf of Saint Lawrence,BMV,NA,BMV-NA-2012-7-3,2012,7,3,48.4533,-69.2815,Ascophyllum nodosum,Random,NA,NA,NA,NA,0
2809,merinov_gosl,Gulf of Saint Lawrence,BMV,NA,BMV-NA-2012-7-3,2012,7,3,48.4533,-69.2815,Fucus distichus subsp. edentatus,Random,NA,NA,NA,NA,0
2810,merinov_gosl,Gulf of Saint Lawrence,BMV,NA,BMV-NA-2012-7-3,2012,7,3,48.4533,-69.2815,Fucus distichus subsp. evanescens,Random,NA,NA,NA,NA,0
2811,merinov_gosl,Gulf of Saint Lawrence,BMV,NA,BMV-NA-2012-7-3,2012,7,3,48.4533,-69.2815,Fucus vesiculosus,Random,NA,NA,NA,NA,0
2812,merinov_gosl,Gulf of Saint Lawrence,BMV,NA,BMV-NA-2012-7-3,2012,7,3,48.4533,-69.2809,Ascophyllum nodosum,Random,NA,NA,NA,NA,0
2813,merinov_gosl,Gulf of Saint Lawrence,BMV,NA,BMV-NA-2012-7-3,2012,7,3,48.4533,-69.2809,Fucus distichus subsp. edentatus,Random,NA,NA,NA,NA,0
2814,merinov_gosl,Gulf of Saint Lawrence,BMV,NA,BMV-NA-2012-7-3,2012,7,3,48.4533,-69.2809,Fucus distichus subsp. evanescens,Random,NA,NA,NA,NA,0
2815,merinov_gosl,Gulf of Saint Lawrence,BMV,NA,BMV-NA-2012-7-3,2012,7,3,48.4533,-69.2809,Fucus vesiculosus,Random,NA,NA,NA,NA,0
2816,merinov_gosl,Gulf of Saint Lawrence,BMV,NA,BMV-NA-2012-7-3,2012,7,3,48.4533,-69.2802,Ascophyllum nodosum,Random,NA,NA,NA,NA,0
2817,merinov_gosl,Gulf of Saint Lawrence,BMV,NA,BMV-NA-2012-7-3,2012,7,3,48.4533,-69.2802,Fucus distichus subsp. edentatus,Random,NA,NA,NA,NA,0
2818,merinov_gosl,Gulf of Saint Lawrence,BMV,NA,BMV-NA-2012-7-3,2012,7,3,48.4533,-69.2802,Fucus distichus subsp. evanescens,Random,NA,NA,NA,NA,0
2819,merinov_gosl,Gulf of Saint Lawrence,BMV,NA,BMV-NA-2012-7-3,2012,7,3,48.4533,-69.2802,Fucus vesiculosus,Random,NA,NA,NA,NA,0
2820,merinov_gosl,Gulf of Saint Lawrence,BMV,NA,BMV-NA-2012-7-3,2012,7,3,48.4533,-69.2795,Ascophyllum nodosum,Random,NA,NA,NA,NA,0
2821,merinov_gosl,Gulf of Saint Lawrence,BMV,NA,BMV-NA-2012-7-3,2012,7,3,48.4533,-69.2795,Fucus distichus subsp. edentatus,Random,NA,NA,NA,NA,0
2822,merinov_gosl,Gulf of Saint Lawrence,BMV,NA,BMV-NA-2012-7-3,2012,7,3,48.4533,-69.2795,Fucus distichus subsp. evanescens,Random,NA,NA,NA,NA,0
2823,merinov_gosl,Gulf of Saint Lawrence,BMV,NA,BMV-NA-2012-7-3,2012,7,3,48.4533,-69.2795,Fucus vesiculosus,Random,NA,NA,NA,NA,0
2824,merinov_gosl,Gulf of Saint Lawrence,BMV,NA,BMV-NA-2012-7-3,2012,7,3,48.4533,-69.2789,Ascophyllum nodosum,Random,NA,NA,NA,NA,0
2825,merinov_gosl,Gulf of Saint Lawrence,BMV,NA,BMV-NA-2012-7-3,2012,7,3,48.4533,-69.2789,Fucus distichus subsp. edentatus,Random,NA,NA,NA,NA,0
2826,merinov_gosl,Gulf of Saint Lawrence,BMV,NA,BMV-NA-2012-7-3,2012,7,3,48.4533,-69.2789,Fucus distichus subsp. evanescens,Random,NA,NA,NA,NA,0
2827,merinov_gosl,Gulf of Saint Lawrence,BMV,NA,BMV-NA-2012-7-3,2012,7,3,48.4533,-69.2789,Fucus vesiculosus,Random,NA,NA,NA,NA,0
2828,merinov_gosl,Gulf of Saint Lawrence,BMV,NA,BMV-NA-2012-7-3,2012,7,3,48.4533,-69.2782,Ascophyllum nodosum,Random,NA,NA,NA,NA,0
2829,merinov_gosl,Gulf of Saint Lawrence,BMV,NA,BMV-NA-2012-7-3,2012,7,3,48.4533,-69.2782,Fucus distichus subsp. edentatus,Random,NA,NA,NA,NA,0
2830,merinov_gosl,Gulf of Saint Lawrence,BMV,NA,BMV-NA-2012-7-3,2012,7,3,48.4533,-69.2782,Fucus distichus subsp. evanescens,Random,NA,NA,NA,NA,0
2831,merinov_gosl,Gulf of Saint Lawrence,BMV,NA,BMV-NA-2012-7-3,2012,7,3,48.4533,-69.2782,Fucus vesiculosus,Random,NA,NA,NA,NA,0
2832,merinov_gosl,Gulf of Saint Lawrence,BMV,NA,BMV-NA-2012-7-3,2012,7,3,48.4533,-69.2775,Ascophyllum nodosum,Random,NA,NA,NA,NA,0
2833,merinov_gosl,Gulf of Saint Lawrence,BMV,NA,BMV-NA-2012-7-3,2012,7,3,48.4533,-69.2775,Fucus distichus subsp. edentatus,Random,NA,NA,NA,NA,0
2834,merinov_gosl,Gulf of Saint Lawrence,BMV,NA,BMV-NA-2012-7-3,2012,7,3,48.4533,-69.2775,Fucus distichus subsp. evanescens,Random,NA,NA,NA,NA,0
2835,merinov_gosl,Gulf of Saint Lawrence,BMV,NA,BMV-NA-2012-7-3,2012,7,3,48.4533,-69.2775,Fucus vesiculosus,Random,NA,NA,NA,NA,0
2836,merinov_gosl,Gulf of Saint Lawrence,BMV,NA,BMV-NA-2012-7-3,2012,7,3,48.4533,-69.2769,Ascophyllum nodosum,Random,NA,NA,NA,NA,0
2837,merinov_gosl,Gulf of Saint Lawrence,BMV,NA,BMV-NA-2012-7-3,2012,7,3,48.4533,-69.2769,Fucus distichus subsp. edentatus,Random,NA,NA,NA,NA,0
2838,merinov_gosl,Gulf of Saint Lawrence,BMV,NA,BMV-NA-2012-7-3,2012,7,3,48.4533,-69.2769,Fucus distichus subsp. evanescens,Random,NA,NA,2,2,0.03
2839,merinov_gosl,Gulf of Saint Lawrence,BMV,NA,BMV-NA-2012-7-3,2012,7,3,48.4533,-69.2769,Fucus vesiculosus,Random,NA,NA,NA,NA,0
2840,merinov_gosl,Gulf of Saint Lawrence,BMV,NA,BMV-NA-2012-7-3,2012,7,3,48.4533,-69.2762,Ascophyllum nodosum,Random,NA,NA,NA,NA,0
2841,merinov_gosl,Gulf of Saint Lawrence,BMV,NA,BMV-NA-2012-7-3,2012,7,3,48.4533,-69.2762,Fucus distichus subsp. edentatus,Random,NA,NA,NA,NA,0
2842,merinov_gosl,Gulf of Saint Lawrence,BMV,NA,BMV-NA-2012-7-3,2012,7,3,48.4533,-69.2762,Fucus distichus subsp. evanescens,Random,NA,NA,NA,NA,0
2843,merinov_gosl,Gulf of Saint Lawrence,BMV,NA,BMV-NA-2012-7-3,2012,7,3,48.4533,-69.2762,Fucus vesiculosus,Random,NA,NA,NA,NA,0
2844,merinov_gosl,Gulf of Saint Lawrence,BMV,NA,BMV-NA-2012-7-3,2012,7,3,48.4533,-69.2755,Ascophyllum nodosum,Random,NA,NA,NA,NA,0
2845,merinov_gosl,Gulf of Saint Lawrence,BMV,NA,BMV-NA-2012-7-3,2012,7,3,48.4533,-69.2755,Fucus distichus subsp. edentatus,Random,NA,NA,NA,NA,0
2846,merinov_gosl,Gulf of Saint Lawrence,BMV,NA,BMV-NA-2012-7-3,2012,7,3,48.4533,-69.2755,Fucus distichus subsp. evanescens,Random,NA,NA,51,51,5.13
2847,merinov_gosl,Gulf of Saint Lawrence,BMV,NA,BMV-NA-2012-7-3,2012,7,3,48.4533,-69.2755,Fucus vesiculosus,Random,NA,NA,20,20,1.75
2848,merinov_gosl,Gulf of Saint Lawrence,BMV,NA,BMV-NA-2012-7-3,2012,7,3,48.4533,-69.2749,Ascophyllum nodosum,Random,NA,NA,NA,NA,0
2849,merinov_gosl,Gulf of Saint Lawrence,BMV,NA,BMV-NA-2012-7-3,2012,7,3,48.4533,-69.2749,Fucus distichus subsp. edentatus,Random,NA,NA,NA,NA,0
2850,merinov_gosl,Gulf of Saint Lawrence,BMV,NA,BMV-NA-2012-7-3,2012,7,3,48.4533,-69.2749,Fucus distichus subsp. evanescens,Random,NA,NA,12,12,0.1
2851,merinov_gosl,Gulf of Saint Lawrence,BMV,NA,BMV-NA-2012-7-3,2012,7,3,48.4533,-69.2749,Fucus vesiculosus,Random,NA,NA,NA,NA,0
2852,merinov_gosl,Gulf of Saint Lawrence,BMV,NA,BMV-NA-2012-7-4,2012,7,4,48.4668,-69.2849,Ascophyllum nodosum,Random,NA,NA,NA,NA,0
2853,merinov_gosl,Gulf of Saint Lawrence,BMV,NA,BMV-NA-2012-7-4,2012,7,4,48.4668,-69.2849,Fucus distichus subsp. edentatus,Random,NA,NA,NA,NA,0
2854,merinov_gosl,Gulf of Saint Lawrence,BMV,NA,BMV-NA-2012-7-4,2012,7,4,48.4668,-69.2849,Fucus distichus subsp. evanescens,Random,NA,NA,2,2,0.08
2855,merinov_gosl,Gulf of Saint Lawrence,BMV,NA,BMV-NA-2012-7-4,2012,7,4,48.4668,-69.2849,Fucus vesiculosus,Random,NA,NA,NA,NA,0
2856,merinov_gosl,Gulf of Saint Lawrence,BMV,NA,BMV-NA-2012-7-4,2012,7,4,48.4668,-69.2842,Ascophyllum nodosum,Random,NA,NA,NA,NA,0
2857,merinov_gosl,Gulf of Saint Lawrence,BMV,NA,BMV-NA-2012-7-4,2012,7,4,48.4668,-69.2842,Fucus distichus subsp. edentatus,Random,NA,NA,NA,NA,0
2858,merinov_gosl,Gulf of Saint Lawrence,BMV,NA,BMV-NA-2012-7-4,2012,7,4,48.4668,-69.2842,Fucus distichus subsp. evanescens,Random,NA,NA,7,7,0.18
2859,merinov_gosl,Gulf of Saint Lawrence,BMV,NA,BMV-NA-2012-7-4,2012,7,4,48.4668,-69.2842,Fucus vesiculosus,Random,NA,NA,NA,NA,0
2860,merinov_gosl,Gulf of Saint Lawrence,BMV,NA,BMV-NA-2012-7-4,2012,7,4,48.4668,-69.2835,Ascophyllum nodosum,Random,NA,NA,NA,NA,0
2861,merinov_gosl,Gulf of Saint Lawrence,BMV,NA,BMV-NA-2012-7-4,2012,7,4,48.4668,-69.2835,Fucus distichus subsp. edentatus,Random,NA,NA,NA,NA,0
2862,merinov_gosl,Gulf of Saint Lawrence,BMV,NA,BMV-NA-2012-7-4,2012,7,4,48.4668,-69.2835,Fucus distichus subsp. evanescens,Random,NA,NA,3,3,0.03
2863,merinov_gosl,Gulf of Saint Lawrence,BMV,NA,BMV-NA-2012-7-4,2012,7,4,48.4668,-69.2835,Fucus vesiculosus,Random,NA,NA,7,7,0.51
2864,merinov_gosl,Gulf of Saint Lawrence,BMV,NA,BMV-NA-2012-7-4,2012,7,4,48.4668,-69.2829,Ascophyllum nodosum,Random,NA,NA,20,20,1.03
2865,merinov_gosl,Gulf of Saint Lawrence,BMV,NA,BMV-NA-2012-7-4,2012,7,4,48.4668,-69.2829,Fucus distichus subsp. edentatus,Random,NA,NA,NA,NA,0
2866,merinov_gosl,Gulf of Saint Lawrence,BMV,NA,BMV-NA-2012-7-4,2012,7,4,48.4668,-69.2829,Fucus distichus subsp. evanescens,Random,NA,NA,5,5,0.19
2867,merinov_gosl,Gulf of Saint Lawrence,BMV,NA,BMV-NA-2012-7-4,2012,7,4,48.4668,-69.2829,Fucus vesiculosus,Random,NA,NA,19,19,0.39
2868,merinov_gosl,Gulf of Saint Lawrence,BMV,NA,BMV-NA-2012-7-4,2012,7,4,48.4668,-69.2822,Ascophyllum nodosum,Random,NA,NA,NA,NA,0
2869,merinov_gosl,Gulf of Saint Lawrence,BMV,NA,BMV-NA-2012-7-4,2012,7,4,48.4668,-69.2822,Fucus distichus subsp. edentatus,Random,NA,NA,NA,NA,0
2870,merinov_gosl,Gulf of Saint Lawrence,BMV,NA,BMV-NA-2012-7-4,2012,7,4,48.4668,-69.2822,Fucus distichus subsp. evanescens,Random,NA,NA,12,12,0.61
2871,merinov_gosl,Gulf of Saint Lawrence,BMV,NA,BMV-NA-2012-7-4,2012,7,4,48.4668,-69.2822,Fucus vesiculosus,Random,NA,NA,NA,NA,0
2872,merinov_gosl,Gulf of Saint Lawrence,BMV,NA,BMV-NA-2012-7-4,2012,7,4,48.4668,-69.2815,Ascophyllum nodosum,Random,NA,NA,NA,NA,0
2873,merinov_gosl,Gulf of Saint Lawrence,BMV,NA,BMV-NA-2012-7-4,2012,7,4,48.4668,-69.2815,Fucus distichus subsp. edentatus,Random,NA,NA,NA,NA,0
2874,merinov_gosl,Gulf of Saint Lawrence,BMV,NA,BMV-NA-2012-7-4,2012,7,4,48.4668,-69.2815,Fucus distichus subsp. evanescens,Random,NA,NA,10,10,0.13
2875,merinov_gosl,Gulf of Saint Lawrence,BMV,NA,BMV-NA-2012-7-4,2012,7,4,48.4668,-69.2815,Fucus vesiculosus,Random,NA,NA,NA,NA,0
2876,merinov_gosl,Gulf of Saint Lawrence,BMV,NA,BMV-NA-2012-7-4,2012,7,4,48.4668,-69.2809,Ascophyllum nodosum,Random,NA,NA,NA,NA,0
2877,merinov_gosl,Gulf of Saint Lawrence,BMV,NA,BMV-NA-2012-7-4,2012,7,4,48.4668,-69.2809,Fucus distichus subsp. edentatus,Random,NA,NA,NA,NA,0
2878,merinov_gosl,Gulf of Saint Lawrence,BMV,NA,BMV-NA-2012-7-4,2012,7,4,48.4668,-69.2809,Fucus distichus subsp. evanescens,Random,NA,NA,NA,NA,0
2879,merinov_gosl,Gulf of Saint Lawrence,BMV,NA,BMV-NA-2012-7-4,2012,7,4,48.4668,-69.2809,Fucus vesiculosus,Random,NA,NA,1,1,0.23
2880,merinov_gosl,Gulf of Saint Lawrence,BMV,NA,BMV-NA-2012-7-4,2012,7,4,48.4668,-69.2802,Ascophyllum nodosum,Random,NA,NA,6,6,0.18
2881,merinov_gosl,Gulf of Saint Lawrence,BMV,NA,BMV-NA-2012-7-4,2012,7,4,48.4668,-69.2802,Fucus distichus subsp. edentatus,Random,NA,NA,NA,NA,0
2882,merinov_gosl,Gulf of Saint Lawrence,BMV,NA,BMV-NA-2012-7-4,2012,7,4,48.4668,-69.2802,Fucus distichus subsp. evanescens,Random,NA,NA,15,15,0.17
2883,merinov_gosl,Gulf of Saint Lawrence,BMV,NA,BMV-NA-2012-7-4,2012,7,4,48.4668,-69.2802,Fucus vesiculosus,Random,NA,NA,9,9,0.32
2884,merinov_gosl,Gulf of Saint Lawrence,BMV,NA,BMV-NA-2012-7-4,2012,7,4,48.4668,-69.2795,Ascophyllum nodosum,Random,NA,NA,NA,NA,0
2885,merinov_gosl,Gulf of Saint Lawrence,BMV,NA,BMV-NA-2012-7-4,2012,7,4,48.4668,-69.2795,Fucus distichus subsp. edentatus,Random,NA,NA,NA,NA,0
2886,merinov_gosl,Gulf of Saint Lawrence,BMV,NA,BMV-NA-2012-7-4,2012,7,4,48.4668,-69.2795,Fucus distichus subsp. evanescens,Random,NA,NA,3,3,0.03
2887,merinov_gosl,Gulf of Saint Lawrence,BMV,NA,BMV-NA-2012-7-4,2012,7,4,48.4668,-69.2795,Fucus vesiculosus,Random,NA,NA,NA,NA,0
2888,merinov_gosl,Gulf of Saint Lawrence,BMV,NA,BMV-NA-2012-7-4,2012,7,4,48.4668,-69.2789,Ascophyllum nodosum,Random,NA,NA,22,22,3.06
2889,merinov_gosl,Gulf of Saint Lawrence,BMV,NA,BMV-NA-2012-7-4,2012,7,4,48.4668,-69.2789,Fucus distichus subsp. edentatus,Random,NA,NA,NA,NA,0
2890,merinov_gosl,Gulf of Saint Lawrence,BMV,NA,BMV-NA-2012-7-4,2012,7,4,48.4668,-69.2789,Fucus distichus subsp. evanescens,Random,NA,NA,63,63,1.64
2891,merinov_gosl,Gulf of Saint Lawrence,BMV,NA,BMV-NA-2012-7-4,2012,7,4,48.4668,-69.2789,Fucus vesiculosus,Random,NA,NA,7,7,0.14
2892,merinov_gosl,Gulf of Saint Lawrence,BMV,NA,BMV-NA-2012-7-4,2012,7,4,48.4668,-69.2782,Ascophyllum nodosum,Random,NA,NA,NA,NA,0
2893,merinov_gosl,Gulf of Saint Lawrence,BMV,NA,BMV-NA-2012-7-4,2012,7,4,48.4668,-69.2782,Fucus distichus subsp. edentatus,Random,NA,NA,NA,NA,0
2894,merinov_gosl,Gulf of Saint Lawrence,BMV,NA,BMV-NA-2012-7-4,2012,7,4,48.4668,-69.2782,Fucus distichus subsp. evanescens,Random,NA,NA,7,7,0.06
2895,merinov_gosl,Gulf of Saint Lawrence,BMV,NA,BMV-NA-2012-7-4,2012,7,4,48.4668,-69.2782,Fucus vesiculosus,Random,NA,NA,NA,NA,0
2896,merinov_gosl,Gulf of Saint Lawrence,BMV,NA,BMV-NA-2012-7-4,2012,7,4,48.4668,-69.2775,Ascophyllum nodosum,Random,NA,NA,NA,NA,0
2897,merinov_gosl,Gulf of Saint Lawrence,BMV,NA,BMV-NA-2012-7-4,2012,7,4,48.4668,-69.2775,Fucus distichus subsp. edentatus,Random,NA,NA,NA,NA,0
2898,merinov_gosl,Gulf of Saint Lawrence,BMV,NA,BMV-NA-2012-7-4,2012,7,4,48.4668,-69.2775,Fucus distichus subsp. evanescens,Random,NA,NA,3,3,0.07
2899,merinov_gosl,Gulf of Saint Lawrence,BMV,NA,BMV-NA-2012-7-4,2012,7,4,48.4668,-69.2775,Fucus vesiculosus,Random,NA,NA,NA,NA,0
2900,merinov_gosl,Gulf of Saint Lawrence,BMV,NA,BMV-NA-2012-7-4,2012,7,4,48.4668,-69.2769,Ascophyllum nodosum,Random,NA,NA,NA,NA,0
2901,merinov_gosl,Gulf of Saint Lawrence,BMV,NA,BMV-NA-2012-7-4,2012,7,4,48.4668,-69.2769,Fucus distichus subsp. edentatus,Random,NA,NA,NA,NA,0
2902,merinov_gosl,Gulf of Saint Lawrence,BMV,NA,BMV-NA-2012-7-4,2012,7,4,48.4668,-69.2769,Fucus distichus subsp. evanescens,Random,NA,NA,NA,NA,0
2903,merinov_gosl,Gulf of Saint Lawrence,BMV,NA,BMV-NA-2012-7-4,2012,7,4,48.4668,-69.2769,Fucus vesiculosus,Random,NA,NA,NA,NA,0
2904,merinov_gosl,Gulf of Saint Lawrence,BMV,NA,BMV-NA-2012-7-4,2012,7,4,48.4668,-69.2762,Ascophyllum nodosum,Random,NA,NA,5,5,0.08
2905,merinov_gosl,Gulf of Saint Lawrence,BMV,NA,BMV-NA-2012-7-4,2012,7,4,48.4668,-69.2762,Fucus distichus subsp. edentatus,Random,NA,NA,NA,NA,0
2906,merinov_gosl,Gulf of Saint Lawrence,BMV,NA,BMV-NA-2012-7-4,2012,7,4,48.4668,-69.2762,Fucus distichus subsp. evanescens,Random,NA,NA,26,26,0.5
2907,merinov_gosl,Gulf of Saint Lawrence,BMV,NA,BMV-NA-2012-7-4,2012,7,4,48.4668,-69.2762,Fucus vesiculosus,Random,NA,NA,2,2,0.07
2908,merinov_gosl,Gulf of Saint Lawrence,BMV,NA,BMV-NA-2012-7-4,2012,7,4,48.4668,-69.2755,Ascophyllum nodosum,Random,NA,NA,NA,NA,0
2909,merinov_gosl,Gulf of Saint Lawrence,BMV,NA,BMV-NA-2012-7-4,2012,7,4,48.4668,-69.2755,Fucus distichus subsp. edentatus,Random,NA,NA,NA,NA,0
2910,merinov_gosl,Gulf of Saint Lawrence,BMV,NA,BMV-NA-2012-7-4,2012,7,4,48.4668,-69.2755,Fucus distichus subsp. evanescens,Random,NA,NA,8,8,0.1
2911,merinov_gosl,Gulf of Saint Lawrence,BMV,NA,BMV-NA-2012-7-4,2012,7,4,48.4668,-69.2755,Fucus vesiculosus,Random,NA,NA,NA,NA,0
2912,merinov_gosl,Gulf of Saint Lawrence,BMV,NA,BMV-NA-2012-7-4,2012,7,4,48.4668,-69.2749,Ascophyllum nodosum,Random,NA,NA,2,2,0.04
2913,merinov_gosl,Gulf of Saint Lawrence,BMV,NA,BMV-NA-2012-7-4,2012,7,4,48.4668,-69.2749,Fucus distichus subsp. edentatus,Random,NA,NA,NA,NA,0
2914,merinov_gosl,Gulf of Saint Lawrence,BMV,NA,BMV-NA-2012-7-4,2012,7,4,48.4668,-69.2749,Fucus distichus subsp. evanescens,Random,NA,NA,38,38,1
2915,merinov_gosl,Gulf of Saint Lawrence,BMV,NA,BMV-NA-2012-7-4,2012,7,4,48.4668,-69.2749,Fucus vesiculosus,Random,NA,NA,NA,NA,0
2916,merinov_gosl,Gulf of Saint Lawrence,BMV,NA,BMV-NA-2012-7-4,2012,7,4,48.4668,-69.2742,Ascophyllum nodosum,Random,NA,NA,NA,NA,0
2917,merinov_gosl,Gulf of Saint Lawrence,BMV,NA,BMV-NA-2012-7-4,2012,7,4,48.4668,-69.2742,Fucus distichus subsp. edentatus,Random,NA,NA,NA,NA,0
2918,merinov_gosl,Gulf of Saint Lawrence,BMV,NA,BMV-NA-2012-7-4,2012,7,4,48.4668,-69.2742,Fucus distichus subsp. evanescens,Random,NA,NA,2,2,0.01
2919,merinov_gosl,Gulf of Saint Lawrence,BMV,NA,BMV-NA-2012-7-4,2012,7,4,48.4668,-69.2742,Fucus vesiculosus,Random,NA,NA,NA,NA,0
2920,merinov_gosl,Gulf of Saint Lawrence,BMV,NA,BMV-NA-2012-7-4,2012,7,4,48.4668,-69.2735,Ascophyllum nodosum,Random,NA,NA,NA,NA,0
2921,merinov_gosl,Gulf of Saint Lawrence,BMV,NA,BMV-NA-2012-7-4,2012,7,4,48.4668,-69.2735,Fucus distichus subsp. edentatus,Random,NA,NA,NA,NA,0
2922,merinov_gosl,Gulf of Saint Lawrence,BMV,NA,BMV-NA-2012-7-4,2012,7,4,48.4668,-69.2735,Fucus distichus subsp. evanescens,Random,NA,NA,NA,NA,0
2923,merinov_gosl,Gulf of Saint Lawrence,BMV,NA,BMV-NA-2012-7-4,2012,7,4,48.4668,-69.2735,Fucus vesiculosus,Random,NA,NA,NA,NA,0
2924,merinov_gosl,Gulf of Saint Lawrence,BMV,NA,BMV-NA-2012-7-5,2012,7,5,48.4668,-69.2729,Ascophyllum nodosum,Random,NA,NA,15,15,0.83
2925,merinov_gosl,Gulf of Saint Lawrence,BMV,NA,BMV-NA-2012-7-5,2012,7,5,48.4668,-69.2729,Fucus distichus subsp. edentatus,Random,NA,NA,NA,NA,0
2926,merinov_gosl,Gulf of Saint Lawrence,BMV,NA,BMV-NA-2012-7-5,2012,7,5,48.4668,-69.2729,Fucus distichus subsp. evanescens,Random,NA,NA,31,31,1
2927,merinov_gosl,Gulf of Saint Lawrence,BMV,NA,BMV-NA-2012-7-5,2012,7,5,48.4668,-69.2729,Fucus vesiculosus,Random,NA,NA,NA,NA,0
2928,merinov_gosl,Gulf of Saint Lawrence,BMV,NA,BMV-NA-2012-7-5,2012,7,5,48.4668,-69.2722,Ascophyllum nodosum,Random,NA,NA,NA,NA,0
2929,merinov_gosl,Gulf of Saint Lawrence,BMV,NA,BMV-NA-2012-7-5,2012,7,5,48.4668,-69.2722,Fucus distichus subsp. edentatus,Random,NA,NA,NA,NA,0
2930,merinov_gosl,Gulf of Saint Lawrence,BMV,NA,BMV-NA-2012-7-5,2012,7,5,48.4668,-69.2722,Fucus distichus subsp. evanescens,Random,NA,NA,28,28,2.24
2931,merinov_gosl,Gulf of Saint Lawrence,BMV,NA,BMV-NA-2012-7-5,2012,7,5,48.4668,-69.2722,Fucus vesiculosus,Random,NA,NA,NA,NA,0
2932,merinov_gosl,Gulf of Saint Lawrence,BMV,NA,BMV-NA-2012-7-5,2012,7,5,48.4668,-69.2715,Ascophyllum nodosum,Random,NA,NA,NA,NA,0
2933,merinov_gosl,Gulf of Saint Lawrence,BMV,NA,BMV-NA-2012-7-5,2012,7,5,48.4668,-69.2715,Fucus distichus subsp. edentatus,Random,NA,NA,NA,NA,0
2934,merinov_gosl,Gulf of Saint Lawrence,BMV,NA,BMV-NA-2012-7-5,2012,7,5,48.4668,-69.2715,Fucus distichus subsp. evanescens,Random,NA,NA,NA,NA,0
2935,merinov_gosl,Gulf of Saint Lawrence,BMV,NA,BMV-NA-2012-7-5,2012,7,5,48.4668,-69.2715,Fucus vesiculosus,Random,NA,NA,NA,NA,0
2936,merinov_gosl,Gulf of Saint Lawrence,BMV,NA,BMV-NA-2012-7-5,2012,7,5,48.4668,-69.2709,Ascophyllum nodosum,Random,NA,NA,NA,NA,0
2937,merinov_gosl,Gulf of Saint Lawrence,BMV,NA,BMV-NA-2012-7-5,2012,7,5,48.4668,-69.2709,Fucus distichus subsp. edentatus,Random,NA,NA,NA,NA,0
2938,merinov_gosl,Gulf of Saint Lawrence,BMV,NA,BMV-NA-2012-7-5,2012,7,5,48.4668,-69.2709,Fucus distichus subsp. evanescens,Random,NA,NA,NA,NA,0
2939,merinov_gosl,Gulf of Saint Lawrence,BMV,NA,BMV-NA-2012-7-5,2012,7,5,48.4668,-69.2709,Fucus vesiculosus,Random,NA,NA,NA,NA,0
2940,merinov_gosl,Gulf of Saint Lawrence,BMV,NA,BMV-NA-2012-7-5,2012,7,5,48.4668,-69.2702,Ascophyllum nodosum,Random,NA,NA,NA,NA,0
2941,merinov_gosl,Gulf of Saint Lawrence,BMV,NA,BMV-NA-2012-7-5,2012,7,5,48.4668,-69.2702,Fucus distichus subsp. edentatus,Random,NA,NA,NA,NA,0
2942,merinov_gosl,Gulf of Saint Lawrence,BMV,NA,BMV-NA-2012-7-5,2012,7,5,48.4668,-69.2702,Fucus distichus subsp. evanescens,Random,NA,NA,7,7,1.13
2943,merinov_gosl,Gulf of Saint Lawrence,BMV,NA,BMV-NA-2012-7-5,2012,7,5,48.4668,-69.2702,Fucus vesiculosus,Random,NA,NA,NA,NA,0
2944,merinov_gosl,Gulf of Saint Lawrence,BMV,NA,BMV-NA-2012-7-5,2012,7,5,48.4668,-69.2695,Ascophyllum nodosum,Random,NA,NA,NA,NA,0
2945,merinov_gosl,Gulf of Saint Lawrence,BMV,NA,BMV-NA-2012-7-5,2012,7,5,48.4668,-69.2695,Fucus distichus subsp. edentatus,Random,NA,NA,NA,NA,0
2946,merinov_gosl,Gulf of Saint Lawrence,BMV,NA,BMV-NA-2012-7-5,2012,7,5,48.4668,-69.2695,Fucus distichus subsp. evanescens,Random,NA,NA,74,74,0.92
2947,merinov_gosl,Gulf of Saint Lawrence,BMV,NA,BMV-NA-2012-7-5,2012,7,5,48.4668,-69.2695,Fucus vesiculosus,Random,NA,NA,4,4,0.47
2948,merinov_gosl,Gulf of Saint Lawrence,BMV,NA,BMV-NA-2012-7-5,2012,7,5,48.4668,-69.2689,Ascophyllum nodosum,Random,NA,NA,NA,NA,0
2949,merinov_gosl,Gulf of Saint Lawrence,BMV,NA,BMV-NA-2012-7-5,2012,7,5,48.4668,-69.2689,Fucus distichus subsp. edentatus,Random,NA,NA,NA,NA,0
2950,merinov_gosl,Gulf of Saint Lawrence,BMV,NA,BMV-NA-2012-7-5,2012,7,5,48.4668,-69.2689,Fucus distichus subsp. evanescens,Random,NA,NA,9,9,0.32
2951,merinov_gosl,Gulf of Saint Lawrence,BMV,NA,BMV-NA-2012-7-5,2012,7,5,48.4668,-69.2689,Fucus vesiculosus,Random,NA,NA,NA,NA,0
2952,merinov_gosl,Gulf of Saint Lawrence,BMV,NA,BMV-NA-2012-7-5,2012,7,5,48.4668,-69.2682,Ascophyllum nodosum,Random,NA,NA,NA,NA,0
2953,merinov_gosl,Gulf of Saint Lawrence,BMV,NA,BMV-NA-2012-7-5,2012,7,5,48.4668,-69.2682,Fucus distichus subsp. edentatus,Random,NA,NA,NA,NA,0
2954,merinov_gosl,Gulf of Saint Lawrence,BMV,NA,BMV-NA-2012-7-5,2012,7,5,48.4668,-69.2682,Fucus distichus subsp. evanescens,Random,NA,NA,NA,NA,0
2955,merinov_gosl,Gulf of Saint Lawrence,BMV,NA,BMV-NA-2012-7-5,2012,7,5,48.4668,-69.2682,Fucus vesiculosus,Random,NA,NA,NA,NA,0
2956,merinov_gosl,Gulf of Saint Lawrence,BMV,NA,BMV-NA-2012-7-5,2012,7,5,48.4668,-69.2675,Ascophyllum nodosum,Random,NA,NA,NA,NA,0
2957,merinov_gosl,Gulf of Saint Lawrence,BMV,NA,BMV-NA-2012-7-5,2012,7,5,48.4668,-69.2675,Fucus distichus subsp. edentatus,Random,NA,NA,NA,NA,0
2958,merinov_gosl,Gulf of Saint Lawrence,BMV,NA,BMV-NA-2012-7-5,2012,7,5,48.4668,-69.2675,Fucus distichus subsp. evanescens,Random,NA,NA,7,7,0.63
2959,merinov_gosl,Gulf of Saint Lawrence,BMV,NA,BMV-NA-2012-7-5,2012,7,5,48.4668,-69.2675,Fucus vesiculosus,Random,NA,NA,NA,NA,0
2960,merinov_gosl,Gulf of Saint Lawrence,BMV,NA,BMV-NA-2012-7-5,2012,7,5,48.4668,-69.2669,Ascophyllum nodosum,Random,NA,NA,NA,NA,0
2961,merinov_gosl,Gulf of Saint Lawrence,BMV,NA,BMV-NA-2012-7-5,2012,7,5,48.4668,-69.2669,Fucus distichus subsp. edentatus,Random,NA,NA,NA,NA,0
2962,merinov_gosl,Gulf of Saint Lawrence,BMV,NA,BMV-NA-2012-7-5,2012,7,5,48.4668,-69.2669,Fucus distichus subsp. evanescens,Random,NA,NA,NA,NA,0
2963,merinov_gosl,Gulf of Saint Lawrence,BMV,NA,BMV-NA-2012-7-5,2012,7,5,48.4668,-69.2669,Fucus vesiculosus,Random,NA,NA,NA,NA,0
2964,merinov_gosl,Gulf of Saint Lawrence,BMV,NA,BMV-NA-2012-7-5,2012,7,5,48.4668,-69.2662,Ascophyllum nodosum,Random,NA,NA,NA,NA,0
2965,merinov_gosl,Gulf of Saint Lawrence,BMV,NA,BMV-NA-2012-7-5,2012,7,5,48.4668,-69.2662,Fucus distichus subsp. edentatus,Random,NA,NA,NA,NA,0
2966,merinov_gosl,Gulf of Saint Lawrence,BMV,NA,BMV-NA-2012-7-5,2012,7,5,48.4668,-69.2662,Fucus distichus subsp. evanescens,Random,NA,NA,NA,NA,0
2967,merinov_gosl,Gulf of Saint Lawrence,BMV,NA,BMV-NA-2012-7-5,2012,7,5,48.4668,-69.2662,Fucus vesiculosus,Random,NA,NA,NA,NA,0
2968,merinov_gosl,Gulf of Saint Lawrence,BMV,NA,BMV-NA-2012-7-5,2012,7,5,48.4668,-69.2655,Ascophyllum nodosum,Random,NA,NA,NA,NA,0
2969,merinov_gosl,Gulf of Saint Lawrence,BMV,NA,BMV-NA-2012-7-5,2012,7,5,48.4668,-69.2655,Fucus distichus subsp. edentatus,Random,NA,NA,NA,NA,0
2970,merinov_gosl,Gulf of Saint Lawrence,BMV,NA,BMV-NA-2012-7-5,2012,7,5,48.4668,-69.2655,Fucus distichus subsp. evanescens,Random,NA,NA,NA,NA,0
2971,merinov_gosl,Gulf of Saint Lawrence,BMV,NA,BMV-NA-2012-7-5,2012,7,5,48.4668,-69.2655,Fucus vesiculosus,Random,NA,NA,NA,NA,0
2972,merinov_gosl,Gulf of Saint Lawrence,BMV,NA,BMV-NA-2012-7-5,2012,7,5,48.4713,-69.2826,Ascophyllum nodosum,Random,NA,NA,NA,NA,0
2973,merinov_gosl,Gulf of Saint Lawrence,BMV,NA,BMV-NA-2012-7-5,2012,7,5,48.4713,-69.2826,Fucus distichus subsp. edentatus,Random,NA,NA,NA,NA,0
2974,merinov_gosl,Gulf of Saint Lawrence,BMV,NA,BMV-NA-2012-7-5,2012,7,5,48.4713,-69.2826,Fucus distichus subsp. evanescens,Random,NA,NA,NA,NA,0
2975,merinov_gosl,Gulf of Saint Lawrence,BMV,NA,BMV-NA-2012-7-5,2012,7,5,48.4713,-69.2826,Fucus vesiculosus,Random,NA,NA,NA,NA,0
2976,merinov_gosl,Gulf of Saint Lawrence,BMV,NA,BMV-NA-2012-7-5,2012,7,5,48.4713,-69.282,Ascophyllum nodosum,Random,NA,NA,NA,NA,0
2977,merinov_gosl,Gulf of Saint Lawrence,BMV,NA,BMV-NA-2012-7-5,2012,7,5,48.4713,-69.282,Fucus distichus subsp. edentatus,Random,NA,NA,NA,NA,0
2978,merinov_gosl,Gulf of Saint Lawrence,BMV,NA,BMV-NA-2012-7-5,2012,7,5,48.4713,-69.282,Fucus distichus subsp. evanescens,Random,NA,NA,1,1,0.01
2979,merinov_gosl,Gulf of Saint Lawrence,BMV,NA,BMV-NA-2012-7-5,2012,7,5,48.4713,-69.282,Fucus vesiculosus,Random,NA,NA,NA,NA,0
2980,merinov_gosl,Gulf of Saint Lawrence,BMV,NA,BMV-NA-2012-7-5,2012,7,5,48.4713,-69.2813,Ascophyllum nodosum,Random,NA,NA,NA,NA,0
2981,merinov_gosl,Gulf of Saint Lawrence,BMV,NA,BMV-NA-2012-7-5,2012,7,5,48.4713,-69.2813,Fucus distichus subsp. edentatus,Random,NA,NA,NA,NA,0
2982,merinov_gosl,Gulf of Saint Lawrence,BMV,NA,BMV-NA-2012-7-5,2012,7,5,48.4713,-69.2813,Fucus distichus subsp. evanescens,Random,NA,NA,0,0,0.15
2983,merinov_gosl,Gulf of Saint Lawrence,BMV,NA,BMV-NA-2012-7-5,2012,7,5,48.4713,-69.2813,Fucus vesiculosus,Random,NA,NA,NA,NA,0
2984,merinov_gosl,Gulf of Saint Lawrence,BMV,NA,BMV-NA-2012-7-5,2012,7,5,48.4713,-69.2806,Ascophyllum nodosum,Random,NA,NA,67,67,5.86
2985,merinov_gosl,Gulf of Saint Lawrence,BMV,NA,BMV-NA-2012-7-5,2012,7,5,48.4713,-69.2806,Fucus distichus subsp. edentatus,Random,NA,NA,NA,NA,0
2986,merinov_gosl,Gulf of Saint Lawrence,BMV,NA,BMV-NA-2012-7-5,2012,7,5,48.4713,-69.2806,Fucus distichus subsp. evanescens,Random,NA,NA,NA,NA,0
2987,merinov_gosl,Gulf of Saint Lawrence,BMV,NA,BMV-NA-2012-7-5,2012,7,5,48.4713,-69.2806,Fucus vesiculosus,Random,NA,NA,12,12,2.04
2988,merinov_gosl,Gulf of Saint Lawrence,BMV,NA,BMV-NA-2012-7-5,2012,7,5,48.4713,-69.28,Ascophyllum nodosum,Random,NA,NA,NA,NA,0
2989,merinov_gosl,Gulf of Saint Lawrence,BMV,NA,BMV-NA-2012-7-5,2012,7,5,48.4713,-69.28,Fucus distichus subsp. edentatus,Random,NA,NA,NA,NA,0
2990,merinov_gosl,Gulf of Saint Lawrence,BMV,NA,BMV-NA-2012-7-5,2012,7,5,48.4713,-69.28,Fucus distichus subsp. evanescens,Random,NA,NA,12,12,0.06
2991,merinov_gosl,Gulf of Saint Lawrence,BMV,NA,BMV-NA-2012-7-5,2012,7,5,48.4713,-69.28,Fucus vesiculosus,Random,NA,NA,2,2,0.01
2992,merinov_gosl,Gulf of Saint Lawrence,BMV,NA,BMV-NA-2012-7-5,2012,7,5,48.4713,-69.2793,Ascophyllum nodosum,Random,NA,NA,NA,NA,0
2993,merinov_gosl,Gulf of Saint Lawrence,BMV,NA,BMV-NA-2012-7-5,2012,7,5,48.4713,-69.2793,Fucus distichus subsp. edentatus,Random,NA,NA,NA,NA,0
2994,merinov_gosl,Gulf of Saint Lawrence,BMV,NA,BMV-NA-2012-7-5,2012,7,5,48.4713,-69.2793,Fucus distichus subsp. evanescens,Random,NA,NA,19,19,0.37
2995,merinov_gosl,Gulf of Saint Lawrence,BMV,NA,BMV-NA-2012-7-5,2012,7,5,48.4713,-69.2793,Fucus vesiculosus,Random,NA,NA,NA,NA,0
2996,merinov_gosl,Gulf of Saint Lawrence,BMV,NA,BMV-NA-2012-7-5,2012,7,5,48.4713,-69.2786,Ascophyllum nodosum,Random,NA,NA,79,79,5.89
2997,merinov_gosl,Gulf of Saint Lawrence,BMV,NA,BMV-NA-2012-7-5,2012,7,5,48.4713,-69.2786,Fucus distichus subsp. edentatus,Random,NA,NA,NA,NA,0
2998,merinov_gosl,Gulf of Saint Lawrence,BMV,NA,BMV-NA-2012-7-5,2012,7,5,48.4713,-69.2786,Fucus distichus subsp. evanescens,Random,NA,NA,7,7,0.15
2999,merinov_gosl,Gulf of Saint Lawrence,BMV,NA,BMV-NA-2012-7-5,2012,7,5,48.4713,-69.2786,Fucus vesiculosus,Random,NA,NA,12,12,0.56
3000,merinov_gosl,Gulf of Saint Lawrence,BMV,NA,BMV-NA-2012-7-5,2012,7,5,48.4713,-69.278,Ascophyllum nodosum,Random,NA,NA,NA,NA,0
3001,merinov_gosl,Gulf of Saint Lawrence,BMV,NA,BMV-NA-2012-7-5,2012,7,5,48.4713,-69.278,Fucus distichus subsp. edentatus,Random,NA,NA,NA,NA,0
3002,merinov_gosl,Gulf of Saint Lawrence,BMV,NA,BMV-NA-2012-7-5,2012,7,5,48.4713,-69.278,Fucus distichus subsp. evanescens,Random,NA,NA,NA,NA,0
3003,merinov_gosl,Gulf of Saint Lawrence,BMV,NA,BMV-NA-2012-7-5,2012,7,5,48.4713,-69.278,Fucus vesiculosus,Random,NA,NA,NA,NA,0
3004,merinov_gosl,Gulf of Saint Lawrence,BMV,NA,BMV-NA-2012-7-5,2012,7,5,48.4713,-69.2773,Ascophyllum nodosum,Random,NA,NA,2,2,0.01
3005,merinov_gosl,Gulf of Saint Lawrence,BMV,NA,BMV-NA-2012-7-5,2012,7,5,48.4713,-69.2773,Fucus distichus subsp. edentatus,Random,NA,NA,NA,NA,0
3006,merinov_gosl,Gulf of Saint Lawrence,BMV,NA,BMV-NA-2012-7-5,2012,7,5,48.4713,-69.2773,Fucus distichus subsp. evanescens,Random,NA,NA,3,3,0.02
3007,merinov_gosl,Gulf of Saint Lawrence,BMV,NA,BMV-NA-2012-7-5,2012,7,5,48.4713,-69.2773,Fucus vesiculosus,Random,NA,NA,1,1,0.04
3008,merinov_gosl,Gulf of Saint Lawrence,BMV,NA,BMV-NA-2012-7-5,2012,7,5,48.4713,-69.2766,Ascophyllum nodosum,Random,NA,NA,NA,NA,0
3009,merinov_gosl,Gulf of Saint Lawrence,BMV,NA,BMV-NA-2012-7-5,2012,7,5,48.4713,-69.2766,Fucus distichus subsp. edentatus,Random,NA,NA,NA,NA,0
3010,merinov_gosl,Gulf of Saint Lawrence,BMV,NA,BMV-NA-2012-7-5,2012,7,5,48.4713,-69.2766,Fucus distichus subsp. evanescens,Random,NA,NA,6,6,0.09
3011,merinov_gosl,Gulf of Saint Lawrence,BMV,NA,BMV-NA-2012-7-5,2012,7,5,48.4713,-69.2766,Fucus vesiculosus,Random,NA,NA,NA,NA,0
3012,merinov_gosl,Gulf of Saint Lawrence,BMV,NA,BMV-NA-2012-7-5,2012,7,5,48.4713,-69.276,Ascophyllum nodosum,Random,NA,NA,NA,NA,0
3013,merinov_gosl,Gulf of Saint Lawrence,BMV,NA,BMV-NA-2012-7-5,2012,7,5,48.4713,-69.276,Fucus distichus subsp. edentatus,Random,NA,NA,NA,NA,0
3014,merinov_gosl,Gulf of Saint Lawrence,BMV,NA,BMV-NA-2012-7-5,2012,7,5,48.4713,-69.276,Fucus distichus subsp. evanescens,Random,NA,NA,9,9,0.34
3015,merinov_gosl,Gulf of Saint Lawrence,BMV,NA,BMV-NA-2012-7-5,2012,7,5,48.4713,-69.276,Fucus vesiculosus,Random,NA,NA,NA,NA,0
3016,merinov_gosl,Gulf of Saint Lawrence,BMV,NA,BMV-NA-2012-7-5,2012,7,5,48.4713,-69.2753,Ascophyllum nodosum,Random,NA,NA,1,1,0.02
3017,merinov_gosl,Gulf of Saint Lawrence,BMV,NA,BMV-NA-2012-7-5,2012,7,5,48.4713,-69.2753,Fucus distichus subsp. edentatus,Random,NA,NA,NA,NA,0
3018,merinov_gosl,Gulf of Saint Lawrence,BMV,NA,BMV-NA-2012-7-5,2012,7,5,48.4713,-69.2753,Fucus distichus subsp. evanescens,Random,NA,NA,14,14,0.41
3019,merinov_gosl,Gulf of Saint Lawrence,BMV,NA,BMV-NA-2012-7-5,2012,7,5,48.4713,-69.2753,Fucus vesiculosus,Random,NA,NA,1,1,0.02
3020,merinov_gosl,Gulf of Saint Lawrence,BMV,NA,BMV-NA-2012-7-5,2012,7,5,48.4713,-69.2746,Ascophyllum nodosum,Random,NA,NA,NA,NA,0
3021,merinov_gosl,Gulf of Saint Lawrence,BMV,NA,BMV-NA-2012-7-5,2012,7,5,48.4713,-69.2746,Fucus distichus subsp. edentatus,Random,NA,NA,NA,NA,0
3022,merinov_gosl,Gulf of Saint Lawrence,BMV,NA,BMV-NA-2012-7-5,2012,7,5,48.4713,-69.2746,Fucus distichus subsp. evanescens,Random,NA,NA,12,12,0.12
3023,merinov_gosl,Gulf of Saint Lawrence,BMV,NA,BMV-NA-2012-7-5,2012,7,5,48.4713,-69.2746,Fucus vesiculosus,Random,NA,NA,NA,NA,0
3024,merinov_gosl,Gulf of Saint Lawrence,BMV,NA,BMV-NA-2012-7-5,2012,7,5,48.4713,-69.274,Ascophyllum nodosum,Random,NA,NA,NA,NA,0
3025,merinov_gosl,Gulf of Saint Lawrence,BMV,NA,BMV-NA-2012-7-5,2012,7,5,48.4713,-69.274,Fucus distichus subsp. edentatus,Random,NA,NA,NA,NA,0
3026,merinov_gosl,Gulf of Saint Lawrence,BMV,NA,BMV-NA-2012-7-5,2012,7,5,48.4713,-69.274,Fucus distichus subsp. evanescens,Random,NA,NA,24,24,0.87
3027,merinov_gosl,Gulf of Saint Lawrence,BMV,NA,BMV-NA-2012-7-5,2012,7,5,48.4713,-69.274,Fucus vesiculosus,Random,NA,NA,NA,NA,0
3028,merinov_gosl,Gulf of Saint Lawrence,BMV,NA,BMV-NA-2012-7-5,2012,7,5,48.4713,-69.2733,Ascophyllum nodosum,Random,NA,NA,NA,NA,0
3029,merinov_gosl,Gulf of Saint Lawrence,BMV,NA,BMV-NA-2012-7-5,2012,7,5,48.4713,-69.2733,Fucus distichus subsp. edentatus,Random,NA,NA,NA,NA,0
3030,merinov_gosl,Gulf of Saint Lawrence,BMV,NA,BMV-NA-2012-7-5,2012,7,5,48.4713,-69.2733,Fucus distichus subsp. evanescens,Random,NA,NA,11,11,0.1
3031,merinov_gosl,Gulf of Saint Lawrence,BMV,NA,BMV-NA-2012-7-5,2012,7,5,48.4713,-69.2733,Fucus vesiculosus,Random,NA,NA,NA,NA,0
3032,merinov_gosl,Gulf of Saint Lawrence,BMV,NA,BMV-NA-2012-7-5,2012,7,5,48.4713,-69.2726,Ascophyllum nodosum,Random,NA,NA,NA,NA,0
3033,merinov_gosl,Gulf of Saint Lawrence,BMV,NA,BMV-NA-2012-7-5,2012,7,5,48.4713,-69.2726,Fucus distichus subsp. edentatus,Random,NA,NA,NA,NA,0
3034,merinov_gosl,Gulf of Saint Lawrence,BMV,NA,BMV-NA-2012-7-5,2012,7,5,48.4713,-69.2726,Fucus distichus subsp. evanescens,Random,NA,NA,NA,NA,0
3035,merinov_gosl,Gulf of Saint Lawrence,BMV,NA,BMV-NA-2012-7-5,2012,7,5,48.4713,-69.2726,Fucus vesiculosus,Random,NA,NA,NA,NA,0
3036,merinov_gosl,Gulf of Saint Lawrence,BMV,NA,BMV-NA-2012-7-6,2012,7,6,48.4713,-69.272,Ascophyllum nodosum,Random,NA,NA,NA,NA,0
3037,merinov_gosl,Gulf of Saint Lawrence,BMV,NA,BMV-NA-2012-7-6,2012,7,6,48.4713,-69.272,Fucus distichus subsp. edentatus,Random,NA,NA,NA,NA,0
3038,merinov_gosl,Gulf of Saint Lawrence,BMV,NA,BMV-NA-2012-7-6,2012,7,6,48.4713,-69.272,Fucus distichus subsp. evanescens,Random,NA,NA,4,4,0.08
3039,merinov_gosl,Gulf of Saint Lawrence,BMV,NA,BMV-NA-2012-7-6,2012,7,6,48.4713,-69.272,Fucus vesiculosus,Random,NA,NA,NA,NA,0
3040,merinov_gosl,Gulf of Saint Lawrence,BMV,NA,BMV-NA-2012-7-6,2012,7,6,48.4713,-69.2713,Ascophyllum nodosum,Random,NA,NA,6,6,0.2
3041,merinov_gosl,Gulf of Saint Lawrence,BMV,NA,BMV-NA-2012-7-6,2012,7,6,48.4713,-69.2713,Fucus distichus subsp. edentatus,Random,NA,NA,NA,NA,0
3042,merinov_gosl,Gulf of Saint Lawrence,BMV,NA,BMV-NA-2012-7-6,2012,7,6,48.4713,-69.2713,Fucus distichus subsp. evanescens,Random,NA,NA,74,74,5.19
3043,merinov_gosl,Gulf of Saint Lawrence,BMV,NA,BMV-NA-2012-7-6,2012,7,6,48.4713,-69.2713,Fucus vesiculosus,Random,NA,NA,1,1,0.04
3044,merinov_gosl,Gulf of Saint Lawrence,BMV,NA,BMV-NA-2012-7-6,2012,7,6,48.4713,-69.2706,Ascophyllum nodosum,Random,NA,NA,NA,NA,0
3045,merinov_gosl,Gulf of Saint Lawrence,BMV,NA,BMV-NA-2012-7-6,2012,7,6,48.4713,-69.2706,Fucus distichus subsp. edentatus,Random,NA,NA,NA,NA,0
3046,merinov_gosl,Gulf of Saint Lawrence,BMV,NA,BMV-NA-2012-7-6,2012,7,6,48.4713,-69.2706,Fucus distichus subsp. evanescens,Random,NA,NA,24,24,0.33
3047,merinov_gosl,Gulf of Saint Lawrence,BMV,NA,BMV-NA-2012-7-6,2012,7,6,48.4713,-69.2706,Fucus vesiculosus,Random,NA,NA,NA,NA,0
3048,merinov_gosl,Gulf of Saint Lawrence,BMV,NA,BMV-NA-2012-7-6,2012,7,6,48.4713,-69.27,Ascophyllum nodosum,Random,NA,NA,NA,NA,0
3049,merinov_gosl,Gulf of Saint Lawrence,BMV,NA,BMV-NA-2012-7-6,2012,7,6,48.4713,-69.27,Fucus distichus subsp. edentatus,Random,NA,NA,NA,NA,0
3050,merinov_gosl,Gulf of Saint Lawrence,BMV,NA,BMV-NA-2012-7-6,2012,7,6,48.4713,-69.27,Fucus distichus subsp. evanescens,Random,NA,NA,NA,NA,0
3051,merinov_gosl,Gulf of Saint Lawrence,BMV,NA,BMV-NA-2012-7-6,2012,7,6,48.4713,-69.27,Fucus vesiculosus,Random,NA,NA,NA,NA,0
3052,merinov_gosl,Gulf of Saint Lawrence,BMV,NA,BMV-NA-2012-7-6,2012,7,6,48.4713,-69.2693,Ascophyllum nodosum,Random,NA,NA,NA,NA,0
3053,merinov_gosl,Gulf of Saint Lawrence,BMV,NA,BMV-NA-2012-7-6,2012,7,6,48.4713,-69.2693,Fucus distichus subsp. edentatus,Random,NA,NA,NA,NA,0
3054,merinov_gosl,Gulf of Saint Lawrence,BMV,NA,BMV-NA-2012-7-6,2012,7,6,48.4713,-69.2693,Fucus distichus subsp. evanescens,Random,NA,NA,21,21,0.85
3055,merinov_gosl,Gulf of Saint Lawrence,BMV,NA,BMV-NA-2012-7-6,2012,7,6,48.4713,-69.2693,Fucus vesiculosus,Random,NA,NA,NA,NA,0
3056,merinov_gosl,Gulf of Saint Lawrence,BMV,NA,BMV-NA-2012-7-6,2012,7,6,48.4713,-69.2686,Ascophyllum nodosum,Random,NA,NA,NA,NA,0
3057,merinov_gosl,Gulf of Saint Lawrence,BMV,NA,BMV-NA-2012-7-6,2012,7,6,48.4713,-69.2686,Fucus distichus subsp. edentatus,Random,NA,NA,NA,NA,0
3058,merinov_gosl,Gulf of Saint Lawrence,BMV,NA,BMV-NA-2012-7-6,2012,7,6,48.4713,-69.2686,Fucus distichus subsp. evanescens,Random,NA,NA,6,6,0.33
3059,merinov_gosl,Gulf of Saint Lawrence,BMV,NA,BMV-NA-2012-7-6,2012,7,6,48.4713,-69.2686,Fucus vesiculosus,Random,NA,NA,NA,NA,0
3060,merinov_gosl,Gulf of Saint Lawrence,BMV,NA,BMV-NA-2012-7-6,2012,7,6,48.4713,-69.268,Ascophyllum nodosum,Random,NA,NA,NA,NA,0
3061,merinov_gosl,Gulf of Saint Lawrence,BMV,NA,BMV-NA-2012-7-6,2012,7,6,48.4713,-69.268,Fucus distichus subsp. edentatus,Random,NA,NA,NA,NA,0
3062,merinov_gosl,Gulf of Saint Lawrence,BMV,NA,BMV-NA-2012-7-6,2012,7,6,48.4713,-69.268,Fucus distichus subsp. evanescens,Random,NA,NA,1,1,0.02
3063,merinov_gosl,Gulf of Saint Lawrence,BMV,NA,BMV-NA-2012-7-6,2012,7,6,48.4713,-69.268,Fucus vesiculosus,Random,NA,NA,NA,NA,0
3064,merinov_gosl,Gulf of Saint Lawrence,BMV,NA,BMV-NA-2012-7-6,2012,7,6,48.4713,-69.2673,Ascophyllum nodosum,Random,NA,NA,NA,NA,0
3065,merinov_gosl,Gulf of Saint Lawrence,BMV,NA,BMV-NA-2012-7-6,2012,7,6,48.4713,-69.2673,Fucus distichus subsp. edentatus,Random,NA,NA,NA,NA,0
3066,merinov_gosl,Gulf of Saint Lawrence,BMV,NA,BMV-NA-2012-7-6,2012,7,6,48.4713,-69.2673,Fucus distichus subsp. evanescens,Random,NA,NA,3,3,0.03
3067,merinov_gosl,Gulf of Saint Lawrence,BMV,NA,BMV-NA-2012-7-6,2012,7,6,48.4713,-69.2673,Fucus vesiculosus,Random,NA,NA,NA,NA,0
3068,merinov_gosl,Gulf of Saint Lawrence,BMV,NA,BMV-NA-2012-7-6,2012,7,6,48.4713,-69.2666,Ascophyllum nodosum,Random,NA,NA,NA,NA,0
3069,merinov_gosl,Gulf of Saint Lawrence,BMV,NA,BMV-NA-2012-7-6,2012,7,6,48.4713,-69.2666,Fucus distichus subsp. edentatus,Random,NA,NA,NA,NA,0
3070,merinov_gosl,Gulf of Saint Lawrence,BMV,NA,BMV-NA-2012-7-6,2012,7,6,48.4713,-69.2666,Fucus distichus subsp. evanescens,Random,NA,NA,1,1,0.03
3071,merinov_gosl,Gulf of Saint Lawrence,BMV,NA,BMV-NA-2012-7-6,2012,7,6,48.4713,-69.2666,Fucus vesiculosus,Random,NA,NA,NA,NA,0
3072,merinov_gosl,Gulf of Saint Lawrence,BMV,NA,BMV-NA-2012-7-6,2012,7,6,48.4713,-69.266,Ascophyllum nodosum,Random,NA,NA,NA,NA,0
3073,merinov_gosl,Gulf of Saint Lawrence,BMV,NA,BMV-NA-2012-7-6,2012,7,6,48.4713,-69.266,Fucus distichus subsp. edentatus,Random,NA,NA,NA,NA,0
3074,merinov_gosl,Gulf of Saint Lawrence,BMV,NA,BMV-NA-2012-7-6,2012,7,6,48.4713,-69.266,Fucus distichus subsp. evanescens,Random,NA,NA,NA,NA,0
3075,merinov_gosl,Gulf of Saint Lawrence,BMV,NA,BMV-NA-2012-7-6,2012,7,6,48.4713,-69.266,Fucus vesiculosus,Random,NA,NA,NA,NA,0
3076,merinov_gosl,Gulf of Saint Lawrence,BMV,NA,BMV-NA-2012-7-6,2012,7,6,48.4713,-69.2653,Ascophyllum nodosum,Random,NA,NA,NA,NA,0
3077,merinov_gosl,Gulf of Saint Lawrence,BMV,NA,BMV-NA-2012-7-6,2012,7,6,48.4713,-69.2653,Fucus distichus subsp. edentatus,Random,NA,NA,NA,NA,0
3078,merinov_gosl,Gulf of Saint Lawrence,BMV,NA,BMV-NA-2012-7-6,2012,7,6,48.4713,-69.2653,Fucus distichus subsp. evanescens,Random,NA,NA,1,1,0.01
3079,merinov_gosl,Gulf of Saint Lawrence,BMV,NA,BMV-NA-2012-7-6,2012,7,6,48.4713,-69.2653,Fucus vesiculosus,Random,NA,NA,NA,NA,0
3080,merinov_gosl,Gulf of Saint Lawrence,BMV,NA,BMV-NA-2012-7-6,2012,7,6,48.4713,-69.2646,Ascophyllum nodosum,Random,NA,NA,5,5,0.79
3081,merinov_gosl,Gulf of Saint Lawrence,BMV,NA,BMV-NA-2012-7-6,2012,7,6,48.4713,-69.2646,Fucus distichus subsp. edentatus,Random,NA,NA,NA,NA,0
3082,merinov_gosl,Gulf of Saint Lawrence,BMV,NA,BMV-NA-2012-7-6,2012,7,6,48.4713,-69.2646,Fucus distichus subsp. evanescens,Random,NA,NA,24,24,3.22
3083,merinov_gosl,Gulf of Saint Lawrence,BMV,NA,BMV-NA-2012-7-6,2012,7,6,48.4713,-69.2646,Fucus vesiculosus,Random,NA,NA,5,5,0.23
3084,merinov_gosl,Gulf of Saint Lawrence,BMV,NA,BMV-NA-2012-7-6,2012,7,6,48.4713,-69.264,Ascophyllum nodosum,Random,NA,NA,NA,NA,0
3085,merinov_gosl,Gulf of Saint Lawrence,BMV,NA,BMV-NA-2012-7-6,2012,7,6,48.4713,-69.264,Fucus distichus subsp. edentatus,Random,NA,NA,NA,NA,0
3086,merinov_gosl,Gulf of Saint Lawrence,BMV,NA,BMV-NA-2012-7-6,2012,7,6,48.4713,-69.264,Fucus distichus subsp. evanescens,Random,NA,NA,NA,NA,0
3087,merinov_gosl,Gulf of Saint Lawrence,BMV,NA,BMV-NA-2012-7-6,2012,7,6,48.4713,-69.264,Fucus vesiculosus,Random,NA,NA,NA,NA,0
3088,merinov_gosl,Gulf of Saint Lawrence,BMV,NA,BMV-NA-2012-7-6,2012,7,6,48.4758,-69.282,Ascophyllum nodosum,Random,NA,NA,NA,NA,0
3089,merinov_gosl,Gulf of Saint Lawrence,BMV,NA,BMV-NA-2012-7-6,2012,7,6,48.4758,-69.282,Fucus distichus subsp. edentatus,Random,NA,NA,NA,NA,0
3090,merinov_gosl,Gulf of Saint Lawrence,BMV,NA,BMV-NA-2012-7-6,2012,7,6,48.4758,-69.282,Fucus distichus subsp. evanescens,Random,NA,NA,NA,NA,0
3091,merinov_gosl,Gulf of Saint Lawrence,BMV,NA,BMV-NA-2012-7-6,2012,7,6,48.4758,-69.282,Fucus vesiculosus,Random,NA,NA,NA,NA,0
3092,merinov_gosl,Gulf of Saint Lawrence,BMV,NA,BMV-NA-2012-7-6,2012,7,6,48.4758,-69.2813,Ascophyllum nodosum,Random,NA,NA,NA,NA,0
3093,merinov_gosl,Gulf of Saint Lawrence,BMV,NA,BMV-NA-2012-7-6,2012,7,6,48.4758,-69.2813,Fucus distichus subsp. edentatus,Random,NA,NA,NA,NA,0
3094,merinov_gosl,Gulf of Saint Lawrence,BMV,NA,BMV-NA-2012-7-6,2012,7,6,48.4758,-69.2813,Fucus distichus subsp. evanescens,Random,NA,NA,NA,NA,0
3095,merinov_gosl,Gulf of Saint Lawrence,BMV,NA,BMV-NA-2012-7-6,2012,7,6,48.4758,-69.2813,Fucus vesiculosus,Random,NA,NA,NA,NA,0
3096,merinov_gosl,Gulf of Saint Lawrence,BMV,NA,BMV-NA-2012-7-6,2012,7,6,48.4758,-69.2807,Ascophyllum nodosum,Random,NA,NA,NA,NA,0
3097,merinov_gosl,Gulf of Saint Lawrence,BMV,NA,BMV-NA-2012-7-6,2012,7,6,48.4758,-69.2807,Fucus distichus subsp. edentatus,Random,NA,NA,NA,NA,0
3098,merinov_gosl,Gulf of Saint Lawrence,BMV,NA,BMV-NA-2012-7-6,2012,7,6,48.4758,-69.2807,Fucus distichus subsp. evanescens,Random,NA,NA,NA,NA,0
3099,merinov_gosl,Gulf of Saint Lawrence,BMV,NA,BMV-NA-2012-7-6,2012,7,6,48.4758,-69.2807,Fucus vesiculosus,Random,NA,NA,NA,NA,0
3100,merinov_gosl,Gulf of Saint Lawrence,BMV,NA,BMV-NA-2012-7-6,2012,7,6,48.4758,-69.28,Ascophyllum nodosum,Random,NA,NA,NA,NA,0
3101,merinov_gosl,Gulf of Saint Lawrence,BMV,NA,BMV-NA-2012-7-6,2012,7,6,48.4758,-69.28,Fucus distichus subsp. edentatus,Random,NA,NA,NA,NA,0
3102,merinov_gosl,Gulf of Saint Lawrence,BMV,NA,BMV-NA-2012-7-6,2012,7,6,48.4758,-69.28,Fucus distichus subsp. evanescens,Random,NA,NA,NA,NA,0
3103,merinov_gosl,Gulf of Saint Lawrence,BMV,NA,BMV-NA-2012-7-6,2012,7,6,48.4758,-69.28,Fucus vesiculosus,Random,NA,NA,NA,NA,0
3104,merinov_gosl,Gulf of Saint Lawrence,BMV,NA,BMV-NA-2012-7-6,2012,7,6,48.4758,-69.2793,Ascophyllum nodosum,Random,NA,NA,NA,NA,0
3105,merinov_gosl,Gulf of Saint Lawrence,BMV,NA,BMV-NA-2012-7-6,2012,7,6,48.4758,-69.2793,Fucus distichus subsp. edentatus,Random,NA,NA,NA,NA,0
3106,merinov_gosl,Gulf of Saint Lawrence,BMV,NA,BMV-NA-2012-7-6,2012,7,6,48.4758,-69.2793,Fucus distichus subsp. evanescens,Random,NA,NA,NA,NA,0
3107,merinov_gosl,Gulf of Saint Lawrence,BMV,NA,BMV-NA-2012-7-6,2012,7,6,48.4758,-69.2793,Fucus vesiculosus,Random,NA,NA,NA,NA,0
3108,merinov_gosl,Gulf of Saint Lawrence,BMV,NA,BMV-NA-2012-7-6,2012,7,6,48.4758,-69.2787,Ascophyllum nodosum,Random,NA,NA,NA,NA,0
3109,merinov_gosl,Gulf of Saint Lawrence,BMV,NA,BMV-NA-2012-7-6,2012,7,6,48.4758,-69.2787,Fucus distichus subsp. edentatus,Random,NA,NA,NA,NA,0
3110,merinov_gosl,Gulf of Saint Lawrence,BMV,NA,BMV-NA-2012-7-6,2012,7,6,48.4758,-69.2787,Fucus distichus subsp. evanescens,Random,NA,NA,3,3,0.05
3111,merinov_gosl,Gulf of Saint Lawrence,BMV,NA,BMV-NA-2012-7-6,2012,7,6,48.4758,-69.2787,Fucus vesiculosus,Random,NA,NA,NA,NA,0
3112,merinov_gosl,Gulf of Saint Lawrence,BMV,NA,BMV-NA-2012-7-6,2012,7,6,48.4758,-69.278,Ascophyllum nodosum,Random,NA,NA,NA,NA,0
3113,merinov_gosl,Gulf of Saint Lawrence,BMV,NA,BMV-NA-2012-7-6,2012,7,6,48.4758,-69.278,Fucus distichus subsp. edentatus,Random,NA,NA,NA,NA,0
3114,merinov_gosl,Gulf of Saint Lawrence,BMV,NA,BMV-NA-2012-7-6,2012,7,6,48.4758,-69.278,Fucus distichus subsp. evanescens,Random,NA,NA,10,10,0.06
3115,merinov_gosl,Gulf of Saint Lawrence,BMV,NA,BMV-NA-2012-7-6,2012,7,6,48.4758,-69.278,Fucus vesiculosus,Random,NA,NA,NA,NA,0
3116,merinov_gosl,Gulf of Saint Lawrence,BMV,NA,BMV-NA-2012-7-6,2012,7,6,48.4758,-69.2773,Ascophyllum nodosum,Random,NA,NA,NA,NA,0
3117,merinov_gosl,Gulf of Saint Lawrence,BMV,NA,BMV-NA-2012-7-6,2012,7,6,48.4758,-69.2773,Fucus distichus subsp. edentatus,Random,NA,NA,NA,NA,0
3118,merinov_gosl,Gulf of Saint Lawrence,BMV,NA,BMV-NA-2012-7-6,2012,7,6,48.4758,-69.2773,Fucus distichus subsp. evanescens,Random,NA,NA,20,20,0.31
3119,merinov_gosl,Gulf of Saint Lawrence,BMV,NA,BMV-NA-2012-7-6,2012,7,6,48.4758,-69.2773,Fucus vesiculosus,Random,NA,NA,NA,NA,0
3120,merinov_gosl,Gulf of Saint Lawrence,BMV,NA,BMV-NA-2012-7-6,2012,7,6,48.4758,-69.2767,Ascophyllum nodosum,Random,NA,NA,NA,NA,0
3121,merinov_gosl,Gulf of Saint Lawrence,BMV,NA,BMV-NA-2012-7-6,2012,7,6,48.4758,-69.2767,Fucus distichus subsp. edentatus,Random,NA,NA,NA,NA,0
3122,merinov_gosl,Gulf of Saint Lawrence,BMV,NA,BMV-NA-2012-7-6,2012,7,6,48.4758,-69.2767,Fucus distichus subsp. evanescens,Random,NA,NA,1,1,0.01
3123,merinov_gosl,Gulf of Saint Lawrence,BMV,NA,BMV-NA-2012-7-6,2012,7,6,48.4758,-69.2767,Fucus vesiculosus,Random,NA,NA,NA,NA,0
3124,merinov_gosl,Gulf of Saint Lawrence,BMV,NA,BMV-NA-2012-7-6,2012,7,6,48.4758,-69.276,Ascophyllum nodosum,Random,NA,NA,NA,NA,0
3125,merinov_gosl,Gulf of Saint Lawrence,BMV,NA,BMV-NA-2012-7-6,2012,7,6,48.4758,-69.276,Fucus distichus subsp. edentatus,Random,NA,NA,NA,NA,0
3126,merinov_gosl,Gulf of Saint Lawrence,BMV,NA,BMV-NA-2012-7-6,2012,7,6,48.4758,-69.276,Fucus distichus subsp. evanescens,Random,NA,NA,NA,NA,0
3127,merinov_gosl,Gulf of Saint Lawrence,BMV,NA,BMV-NA-2012-7-6,2012,7,6,48.4758,-69.276,Fucus vesiculosus,Random,NA,NA,NA,NA,0
3128,merinov_gosl,Gulf of Saint Lawrence,BMV,NA,BMV-NA-2012-7-6,2012,7,6,48.4758,-69.2753,Ascophyllum nodosum,Random,NA,NA,NA,NA,0
3129,merinov_gosl,Gulf of Saint Lawrence,BMV,NA,BMV-NA-2012-7-6,2012,7,6,48.4758,-69.2753,Fucus distichus subsp. edentatus,Random,NA,NA,NA,NA,0
3130,merinov_gosl,Gulf of Saint Lawrence,BMV,NA,BMV-NA-2012-7-6,2012,7,6,48.4758,-69.2753,Fucus distichus subsp. evanescens,Random,NA,NA,6,6,0.13
3131,merinov_gosl,Gulf of Saint Lawrence,BMV,NA,BMV-NA-2012-7-6,2012,7,6,48.4758,-69.2753,Fucus vesiculosus,Random,NA,NA,NA,NA,0
3132,merinov_gosl,Gulf of Saint Lawrence,BMV,NA,BMV-NA-2012-7-6,2012,7,6,48.4758,-69.2747,Ascophyllum nodosum,Random,NA,NA,NA,NA,0
3133,merinov_gosl,Gulf of Saint Lawrence,BMV,NA,BMV-NA-2012-7-6,2012,7,6,48.4758,-69.2747,Fucus distichus subsp. edentatus,Random,NA,NA,NA,NA,0
3134,merinov_gosl,Gulf of Saint Lawrence,BMV,NA,BMV-NA-2012-7-6,2012,7,6,48.4758,-69.2747,Fucus distichus subsp. evanescens,Random,NA,NA,1,1,0.01
3135,merinov_gosl,Gulf of Saint Lawrence,BMV,NA,BMV-NA-2012-7-6,2012,7,6,48.4758,-69.2747,Fucus vesiculosus,Random,NA,NA,NA,NA,0
3136,merinov_gosl,Gulf of Saint Lawrence,BMV,NA,BMV-NA-2012-7-6,2012,7,6,48.4758,-69.274,Ascophyllum nodosum,Random,NA,NA,NA,NA,0
3137,merinov_gosl,Gulf of Saint Lawrence,BMV,NA,BMV-NA-2012-7-6,2012,7,6,48.4758,-69.274,Fucus distichus subsp. edentatus,Random,NA,NA,NA,NA,0
3138,merinov_gosl,Gulf of Saint Lawrence,BMV,NA,BMV-NA-2012-7-6,2012,7,6,48.4758,-69.274,Fucus distichus subsp. evanescens,Random,NA,NA,2,2,0.01
3139,merinov_gosl,Gulf of Saint Lawrence,BMV,NA,BMV-NA-2012-7-6,2012,7,6,48.4758,-69.274,Fucus vesiculosus,Random,NA,NA,NA,NA,0
3140,merinov_gosl,Gulf of Saint Lawrence,BMV,NA,BMV-NA-2012-7-6,2012,7,6,48.4758,-69.2733,Ascophyllum nodosum,Random,NA,NA,NA,NA,0
3141,merinov_gosl,Gulf of Saint Lawrence,BMV,NA,BMV-NA-2012-7-6,2012,7,6,48.4758,-69.2733,Fucus distichus subsp. edentatus,Random,NA,NA,NA,NA,0
3142,merinov_gosl,Gulf of Saint Lawrence,BMV,NA,BMV-NA-2012-7-6,2012,7,6,48.4758,-69.2733,Fucus distichus subsp. evanescens,Random,NA,NA,9,9,0.11
3143,merinov_gosl,Gulf of Saint Lawrence,BMV,NA,BMV-NA-2012-7-6,2012,7,6,48.4758,-69.2733,Fucus vesiculosus,Random,NA,NA,NA,NA,0
3144,merinov_gosl,Gulf of Saint Lawrence,BMV,NA,BMV-NA-2012-7-6,2012,7,6,48.4758,-69.2727,Ascophyllum nodosum,Random,NA,NA,NA,NA,0
3145,merinov_gosl,Gulf of Saint Lawrence,BMV,NA,BMV-NA-2012-7-6,2012,7,6,48.4758,-69.2727,Fucus distichus subsp. edentatus,Random,NA,NA,NA,NA,0
3146,merinov_gosl,Gulf of Saint Lawrence,BMV,NA,BMV-NA-2012-7-6,2012,7,6,48.4758,-69.2727,Fucus distichus subsp. evanescens,Random,NA,NA,18,18,0.1
3147,merinov_gosl,Gulf of Saint Lawrence,BMV,NA,BMV-NA-2012-7-6,2012,7,6,48.4758,-69.2727,Fucus vesiculosus,Random,NA,NA,NA,NA,0
3148,merinov_gosl,Gulf of Saint Lawrence,BMV,NA,BMV-NA-2012-7-6,2012,7,6,48.4758,-69.272,Ascophyllum nodosum,Random,NA,NA,NA,NA,0
3149,merinov_gosl,Gulf of Saint Lawrence,BMV,NA,BMV-NA-2012-7-6,2012,7,6,48.4758,-69.272,Fucus distichus subsp. edentatus,Random,NA,NA,NA,NA,0
3150,merinov_gosl,Gulf of Saint Lawrence,BMV,NA,BMV-NA-2012-7-6,2012,7,6,48.4758,-69.272,Fucus distichus subsp. evanescens,Random,NA,NA,4,4,0.64
3151,merinov_gosl,Gulf of Saint Lawrence,BMV,NA,BMV-NA-2012-7-6,2012,7,6,48.4758,-69.272,Fucus vesiculosus,Random,NA,NA,21,21,4.4
3152,merinov_gosl,Gulf of Saint Lawrence,BMV,NA,BMV-NA-2012-7-6,2012,7,6,48.4758,-69.2713,Ascophyllum nodosum,Random,NA,NA,NA,NA,0
3153,merinov_gosl,Gulf of Saint Lawrence,BMV,NA,BMV-NA-2012-7-6,2012,7,6,48.4758,-69.2713,Fucus distichus subsp. edentatus,Random,NA,NA,NA,NA,0
3154,merinov_gosl,Gulf of Saint Lawrence,BMV,NA,BMV-NA-2012-7-6,2012,7,6,48.4758,-69.2713,Fucus distichus subsp. evanescens,Random,NA,NA,22,22,0.99
3155,merinov_gosl,Gulf of Saint Lawrence,BMV,NA,BMV-NA-2012-7-6,2012,7,6,48.4758,-69.2713,Fucus vesiculosus,Random,NA,NA,NA,NA,0
3156,merinov_gosl,Gulf of Saint Lawrence,BMV,NA,BMV-NA-2012-7-6,2012,7,6,48.4758,-69.2707,Ascophyllum nodosum,Random,NA,NA,NA,NA,0
3157,merinov_gosl,Gulf of Saint Lawrence,BMV,NA,BMV-NA-2012-7-6,2012,7,6,48.4758,-69.2707,Fucus distichus subsp. edentatus,Random,NA,NA,NA,NA,0
3158,merinov_gosl,Gulf of Saint Lawrence,BMV,NA,BMV-NA-2012-7-6,2012,7,6,48.4758,-69.2707,Fucus distichus subsp. evanescens,Random,NA,NA,1,1,0.07
3159,merinov_gosl,Gulf of Saint Lawrence,BMV,NA,BMV-NA-2012-7-6,2012,7,6,48.4758,-69.2707,Fucus vesiculosus,Random,NA,NA,NA,NA,0
3160,merinov_gosl,Gulf of Saint Lawrence,BMV,NA,BMV-NA-2012-7-6,2012,7,6,48.4758,-69.27,Ascophyllum nodosum,Random,NA,NA,NA,NA,0
3161,merinov_gosl,Gulf of Saint Lawrence,BMV,NA,BMV-NA-2012-7-6,2012,7,6,48.4758,-69.27,Fucus distichus subsp. edentatus,Random,NA,NA,NA,NA,0
3162,merinov_gosl,Gulf of Saint Lawrence,BMV,NA,BMV-NA-2012-7-6,2012,7,6,48.4758,-69.27,Fucus distichus subsp. evanescens,Random,NA,NA,11,11,0.37
3163,merinov_gosl,Gulf of Saint Lawrence,BMV,NA,BMV-NA-2012-7-6,2012,7,6,48.4758,-69.27,Fucus vesiculosus,Random,NA,NA,NA,NA,0
3164,merinov_gosl,Gulf of Saint Lawrence,BMV,NA,BMV-NA-2012-7-6,2012,7,6,48.4758,-69.2693,Ascophyllum nodosum,Random,NA,NA,NA,NA,0
3165,merinov_gosl,Gulf of Saint Lawrence,BMV,NA,BMV-NA-2012-7-6,2012,7,6,48.4758,-69.2693,Fucus distichus subsp. edentatus,Random,NA,NA,NA,NA,0
3166,merinov_gosl,Gulf of Saint Lawrence,BMV,NA,BMV-NA-2012-7-6,2012,7,6,48.4758,-69.2693,Fucus distichus subsp. evanescens,Random,NA,NA,13,13,0.78
3167,merinov_gosl,Gulf of Saint Lawrence,BMV,NA,BMV-NA-2012-7-6,2012,7,6,48.4758,-69.2693,Fucus vesiculosus,Random,NA,NA,NA,NA,0
3168,merinov_gosl,Gulf of Saint Lawrence,BMV,NA,BMV-NA-2012-7-6,2012,7,6,48.4758,-69.2687,Ascophyllum nodosum,Random,NA,NA,NA,NA,0
3169,merinov_gosl,Gulf of Saint Lawrence,BMV,NA,BMV-NA-2012-7-6,2012,7,6,48.4758,-69.2687,Fucus distichus subsp. edentatus,Random,NA,NA,NA,NA,0
3170,merinov_gosl,Gulf of Saint Lawrence,BMV,NA,BMV-NA-2012-7-6,2012,7,6,48.4758,-69.2687,Fucus distichus subsp. evanescens,Random,NA,NA,3,3,0.03
3171,merinov_gosl,Gulf of Saint Lawrence,BMV,NA,BMV-NA-2012-7-6,2012,7,6,48.4758,-69.2687,Fucus vesiculosus,Random,NA,NA,NA,NA,0
3172,merinov_gosl,Gulf of Saint Lawrence,BMV,NA,BMV-NA-2012-7-6,2012,7,6,48.4758,-69.268,Ascophyllum nodosum,Random,NA,NA,NA,NA,0
3173,merinov_gosl,Gulf of Saint Lawrence,BMV,NA,BMV-NA-2012-7-6,2012,7,6,48.4758,-69.268,Fucus distichus subsp. edentatus,Random,NA,NA,NA,NA,0
3174,merinov_gosl,Gulf of Saint Lawrence,BMV,NA,BMV-NA-2012-7-6,2012,7,6,48.4758,-69.268,Fucus distichus subsp. evanescens,Random,NA,NA,12,12,0.38
3175,merinov_gosl,Gulf of Saint Lawrence,BMV,NA,BMV-NA-2012-7-6,2012,7,6,48.4758,-69.268,Fucus vesiculosus,Random,NA,NA,NA,NA,0
3176,merinov_gosl,Gulf of Saint Lawrence,BMV,NA,BMV-NA-2012-7-6,2012,7,6,48.4758,-69.2673,Ascophyllum nodosum,Random,NA,NA,NA,NA,0
3177,merinov_gosl,Gulf of Saint Lawrence,BMV,NA,BMV-NA-2012-7-6,2012,7,6,48.4758,-69.2673,Fucus distichus subsp. edentatus,Random,NA,NA,NA,NA,0
3178,merinov_gosl,Gulf of Saint Lawrence,BMV,NA,BMV-NA-2012-7-6,2012,7,6,48.4758,-69.2673,Fucus distichus subsp. evanescens,Random,NA,NA,5,5,0.21
3179,merinov_gosl,Gulf of Saint Lawrence,BMV,NA,BMV-NA-2012-7-6,2012,7,6,48.4758,-69.2673,Fucus vesiculosus,Random,NA,NA,NA,NA,0
3180,merinov_gosl,Gulf of Saint Lawrence,BMV,NA,BMV-NA-2012-7-6,2012,7,6,48.4758,-69.2667,Ascophyllum nodosum,Random,NA,NA,NA,NA,0
3181,merinov_gosl,Gulf of Saint Lawrence,BMV,NA,BMV-NA-2012-7-6,2012,7,6,48.4758,-69.2667,Fucus distichus subsp. edentatus,Random,NA,NA,NA,NA,0
3182,merinov_gosl,Gulf of Saint Lawrence,BMV,NA,BMV-NA-2012-7-6,2012,7,6,48.4758,-69.2667,Fucus distichus subsp. evanescens,Random,NA,NA,3,3,0.09
3183,merinov_gosl,Gulf of Saint Lawrence,BMV,NA,BMV-NA-2012-7-6,2012,7,6,48.4758,-69.2667,Fucus vesiculosus,Random,NA,NA,5,5,0.22
3184,merinov_gosl,Gulf of Saint Lawrence,BMV,NA,BMV-NA-2012-7-6,2012,7,6,48.4758,-69.266,Ascophyllum nodosum,Random,NA,NA,NA,NA,0
3185,merinov_gosl,Gulf of Saint Lawrence,BMV,NA,BMV-NA-2012-7-6,2012,7,6,48.4758,-69.266,Fucus distichus subsp. edentatus,Random,NA,NA,NA,NA,0
3186,merinov_gosl,Gulf of Saint Lawrence,BMV,NA,BMV-NA-2012-7-6,2012,7,6,48.4758,-69.266,Fucus distichus subsp. evanescens,Random,NA,NA,15,15,0.62
3187,merinov_gosl,Gulf of Saint Lawrence,BMV,NA,BMV-NA-2012-7-6,2012,7,6,48.4758,-69.266,Fucus vesiculosus,Random,NA,NA,9,9,0.45
3188,merinov_gosl,Gulf of Saint Lawrence,BMV,NA,BMV-NA-2012-7-6,2012,7,6,48.4758,-69.2653,Ascophyllum nodosum,Random,NA,NA,NA,NA,0
3189,merinov_gosl,Gulf of Saint Lawrence,BMV,NA,BMV-NA-2012-7-6,2012,7,6,48.4758,-69.2653,Fucus distichus subsp. edentatus,Random,NA,NA,NA,NA,0
3190,merinov_gosl,Gulf of Saint Lawrence,BMV,NA,BMV-NA-2012-7-6,2012,7,6,48.4758,-69.2653,Fucus distichus subsp. evanescens,Random,NA,NA,13,13,0.49
3191,merinov_gosl,Gulf of Saint Lawrence,BMV,NA,BMV-NA-2012-7-6,2012,7,6,48.4758,-69.2653,Fucus vesiculosus,Random,NA,NA,NA,NA,0
3192,merinov_gosl,Gulf of Saint Lawrence,BMV,NA,BMV-NA-2012-7-6,2012,7,6,48.4758,-69.2647,Ascophyllum nodosum,Random,NA,NA,NA,NA,0
3193,merinov_gosl,Gulf of Saint Lawrence,BMV,NA,BMV-NA-2012-7-6,2012,7,6,48.4758,-69.2647,Fucus distichus subsp. edentatus,Random,NA,NA,NA,NA,0
3194,merinov_gosl,Gulf of Saint Lawrence,BMV,NA,BMV-NA-2012-7-6,2012,7,6,48.4758,-69.2647,Fucus distichus subsp. evanescens,Random,NA,NA,1,1,0.07
3195,merinov_gosl,Gulf of Saint Lawrence,BMV,NA,BMV-NA-2012-7-6,2012,7,6,48.4758,-69.2647,Fucus vesiculosus,Random,NA,NA,NA,NA,0
3196,merinov_gosl,Gulf of Saint Lawrence,BMV,NA,BMV-NA-2012-7-6,2012,7,6,48.4758,-69.264,Ascophyllum nodosum,Random,NA,NA,NA,NA,0
3197,merinov_gosl,Gulf of Saint Lawrence,BMV,NA,BMV-NA-2012-7-6,2012,7,6,48.4758,-69.264,Fucus distichus subsp. edentatus,Random,NA,NA,NA,NA,0
3198,merinov_gosl,Gulf of Saint Lawrence,BMV,NA,BMV-NA-2012-7-6,2012,7,6,48.4758,-69.264,Fucus distichus subsp. evanescens,Random,NA,NA,2,2,0.22
3199,merinov_gosl,Gulf of Saint Lawrence,BMV,NA,BMV-NA-2012-7-6,2012,7,6,48.4758,-69.264,Fucus vesiculosus,Random,NA,NA,NA,NA,0
3200,merinov_gosl,Gulf of Saint Lawrence,BMV,NA,BMV-NA-2012-7-6,2012,7,6,48.4758,-69.2633,Ascophyllum nodosum,Random,NA,NA,NA,NA,0
3201,merinov_gosl,Gulf of Saint Lawrence,BMV,NA,BMV-NA-2012-7-6,2012,7,6,48.4758,-69.2633,Fucus distichus subsp. edentatus,Random,NA,NA,NA,NA,0
3202,merinov_gosl,Gulf of Saint Lawrence,BMV,NA,BMV-NA-2012-7-6,2012,7,6,48.4758,-69.2633,Fucus distichus subsp. evanescens,Random,NA,NA,NA,NA,0
3203,merinov_gosl,Gulf of Saint Lawrence,BMV,NA,BMV-NA-2012-7-6,2012,7,6,48.4758,-69.2633,Fucus vesiculosus,Random,NA,NA,NA,NA,0
3204,merinov_gosl,Gulf of Saint Lawrence,BMV,NA,BMV-NA-2012-7-6,2012,7,6,48.4758,-69.2627,Ascophyllum nodosum,Random,NA,NA,1,1,0.01
3205,merinov_gosl,Gulf of Saint Lawrence,BMV,NA,BMV-NA-2012-7-6,2012,7,6,48.4758,-69.2627,Fucus distichus subsp. edentatus,Random,NA,NA,NA,NA,0
3206,merinov_gosl,Gulf of Saint Lawrence,BMV,NA,BMV-NA-2012-7-6,2012,7,6,48.4758,-69.2627,Fucus distichus subsp. evanescens,Random,NA,NA,1,1,0.01
3207,merinov_gosl,Gulf of Saint Lawrence,BMV,NA,BMV-NA-2012-7-6,2012,7,6,48.4758,-69.2627,Fucus vesiculosus,Random,NA,NA,NA,NA,0
3208,merinov_gosl,Gulf of Saint Lawrence,BMV,NA,BMV-NA-2012-7-6,2012,7,6,48.4758,-69.262,Ascophyllum nodosum,Random,NA,NA,NA,NA,0
3209,merinov_gosl,Gulf of Saint Lawrence,BMV,NA,BMV-NA-2012-7-6,2012,7,6,48.4758,-69.262,Fucus distichus subsp. edentatus,Random,NA,NA,NA,NA,0
3210,merinov_gosl,Gulf of Saint Lawrence,BMV,NA,BMV-NA-2012-7-6,2012,7,6,48.4758,-69.262,Fucus distichus subsp. evanescens,Random,NA,NA,2,2,0.03
3211,merinov_gosl,Gulf of Saint Lawrence,BMV,NA,BMV-NA-2012-7-6,2012,7,6,48.4758,-69.262,Fucus vesiculosus,Random,NA,NA,NA,NA,0
3212,merinov_gosl,Gulf of Saint Lawrence,BMV,NA,BMV-NA-2012-7-6,2012,7,6,48.4758,-69.2613,Ascophyllum nodosum,Random,NA,NA,12,12,0.85
3213,merinov_gosl,Gulf of Saint Lawrence,BMV,NA,BMV-NA-2012-7-6,2012,7,6,48.4758,-69.2613,Fucus distichus subsp. edentatus,Random,NA,NA,NA,NA,0
3214,merinov_gosl,Gulf of Saint Lawrence,BMV,NA,BMV-NA-2012-7-6,2012,7,6,48.4758,-69.2613,Fucus distichus subsp. evanescens,Random,NA,NA,17,17,0.31
3215,merinov_gosl,Gulf of Saint Lawrence,BMV,NA,BMV-NA-2012-7-6,2012,7,6,48.4758,-69.2613,Fucus vesiculosus,Random,NA,NA,32,32,5.67
3216,merinov_gosl,Gulf of Saint Lawrence,BMV,NA,BMV-NA-2012-7-6,2012,7,6,48.4758,-69.2607,Ascophyllum nodosum,Random,NA,NA,NA,NA,0
3217,merinov_gosl,Gulf of Saint Lawrence,BMV,NA,BMV-NA-2012-7-6,2012,7,6,48.4758,-69.2607,Fucus distichus subsp. edentatus,Random,NA,NA,NA,NA,0
3218,merinov_gosl,Gulf of Saint Lawrence,BMV,NA,BMV-NA-2012-7-6,2012,7,6,48.4758,-69.2607,Fucus distichus subsp. evanescens,Random,NA,NA,NA,NA,0
3219,merinov_gosl,Gulf of Saint Lawrence,BMV,NA,BMV-NA-2012-7-6,2012,7,6,48.4758,-69.2607,Fucus vesiculosus,Random,NA,NA,NA,NA,0
3220,merinov_gosl,Gulf of Saint Lawrence,BMV,NA,BMV-NA-2012-7-6,2012,7,6,48.4758,-69.26,Ascophyllum nodosum,Random,NA,NA,NA,NA,0
3221,merinov_gosl,Gulf of Saint Lawrence,BMV,NA,BMV-NA-2012-7-6,2012,7,6,48.4758,-69.26,Fucus distichus subsp. edentatus,Random,NA,NA,NA,NA,0
3222,merinov_gosl,Gulf of Saint Lawrence,BMV,NA,BMV-NA-2012-7-6,2012,7,6,48.4758,-69.26,Fucus distichus subsp. evanescens,Random,NA,NA,1,1,0.01
3223,merinov_gosl,Gulf of Saint Lawrence,BMV,NA,BMV-NA-2012-7-6,2012,7,6,48.4758,-69.26,Fucus vesiculosus,Random,NA,NA,NA,NA,0
3224,merinov_gosl,Gulf of Saint Lawrence,BMV,NA,BMV-NA-2012-7-6,2012,7,6,48.4758,-69.2593,Ascophyllum nodosum,Random,NA,NA,NA,NA,0
3225,merinov_gosl,Gulf of Saint Lawrence,BMV,NA,BMV-NA-2012-7-6,2012,7,6,48.4758,-69.2593,Fucus distichus subsp. edentatus,Random,NA,NA,NA,NA,0
3226,merinov_gosl,Gulf of Saint Lawrence,BMV,NA,BMV-NA-2012-7-6,2012,7,6,48.4758,-69.2593,Fucus distichus subsp. evanescens,Random,NA,NA,NA,NA,0
3227,merinov_gosl,Gulf of Saint Lawrence,BMV,NA,BMV-NA-2012-7-6,2012,7,6,48.4758,-69.2593,Fucus vesiculosus,Random,NA,NA,NA,NA,0
3228,merinov_gosl,Gulf of Saint Lawrence,BMV,NA,BMV-NA-2012-7-7,2012,7,7,48.4848,-69.2807,Ascophyllum nodosum,Random,NA,NA,NA,NA,0
3229,merinov_gosl,Gulf of Saint Lawrence,BMV,NA,BMV-NA-2012-7-7,2012,7,7,48.4848,-69.2807,Fucus distichus subsp. edentatus,Random,NA,NA,NA,NA,0
3230,merinov_gosl,Gulf of Saint Lawrence,BMV,NA,BMV-NA-2012-7-7,2012,7,7,48.4848,-69.2807,Fucus distichus subsp. evanescens,Random,NA,NA,NA,NA,0
3231,merinov_gosl,Gulf of Saint Lawrence,BMV,NA,BMV-NA-2012-7-7,2012,7,7,48.4848,-69.2807,Fucus vesiculosus,Random,NA,NA,NA,NA,0
3232,merinov_gosl,Gulf of Saint Lawrence,BMV,NA,BMV-NA-2012-7-7,2012,7,7,48.4848,-69.2801,Ascophyllum nodosum,Random,NA,NA,NA,NA,0
3233,merinov_gosl,Gulf of Saint Lawrence,BMV,NA,BMV-NA-2012-7-7,2012,7,7,48.4848,-69.2801,Fucus distichus subsp. edentatus,Random,NA,NA,NA,NA,0
3234,merinov_gosl,Gulf of Saint Lawrence,BMV,NA,BMV-NA-2012-7-7,2012,7,7,48.4848,-69.2801,Fucus distichus subsp. evanescens,Random,NA,NA,1,1,0.03
3235,merinov_gosl,Gulf of Saint Lawrence,BMV,NA,BMV-NA-2012-7-7,2012,7,7,48.4848,-69.2801,Fucus vesiculosus,Random,NA,NA,NA,NA,0
3236,merinov_gosl,Gulf of Saint Lawrence,BMV,NA,BMV-NA-2012-7-7,2012,7,7,48.4848,-69.2794,Ascophyllum nodosum,Random,NA,NA,NA,NA,0
3237,merinov_gosl,Gulf of Saint Lawrence,BMV,NA,BMV-NA-2012-7-7,2012,7,7,48.4848,-69.2794,Fucus distichus subsp. edentatus,Random,NA,NA,NA,NA,0
3238,merinov_gosl,Gulf of Saint Lawrence,BMV,NA,BMV-NA-2012-7-7,2012,7,7,48.4848,-69.2794,Fucus distichus subsp. evanescens,Random,NA,NA,NA,NA,0
3239,merinov_gosl,Gulf of Saint Lawrence,BMV,NA,BMV-NA-2012-7-7,2012,7,7,48.4848,-69.2794,Fucus vesiculosus,Random,NA,NA,NA,NA,0
3240,merinov_gosl,Gulf of Saint Lawrence,BMV,NA,BMV-NA-2012-7-7,2012,7,7,48.4848,-69.2787,Ascophyllum nodosum,Random,NA,NA,NA,NA,0
3241,merinov_gosl,Gulf of Saint Lawrence,BMV,NA,BMV-NA-2012-7-7,2012,7,7,48.4848,-69.2787,Fucus distichus subsp. edentatus,Random,NA,NA,NA,NA,0
3242,merinov_gosl,Gulf of Saint Lawrence,BMV,NA,BMV-NA-2012-7-7,2012,7,7,48.4848,-69.2787,Fucus distichus subsp. evanescens,Random,NA,NA,NA,NA,0
3243,merinov_gosl,Gulf of Saint Lawrence,BMV,NA,BMV-NA-2012-7-7,2012,7,7,48.4848,-69.2787,Fucus vesiculosus,Random,NA,NA,NA,NA,0
3244,merinov_gosl,Gulf of Saint Lawrence,BMV,NA,BMV-NA-2012-7-7,2012,7,7,48.4848,-69.2781,Ascophyllum nodosum,Random,NA,NA,NA,NA,0
3245,merinov_gosl,Gulf of Saint Lawrence,BMV,NA,BMV-NA-2012-7-7,2012,7,7,48.4848,-69.2781,Fucus distichus subsp. edentatus,Random,NA,NA,NA,NA,0
3246,merinov_gosl,Gulf of Saint Lawrence,BMV,NA,BMV-NA-2012-7-7,2012,7,7,48.4848,-69.2781,Fucus distichus subsp. evanescens,Random,NA,NA,2,2,0.01
3247,merinov_gosl,Gulf of Saint Lawrence,BMV,NA,BMV-NA-2012-7-7,2012,7,7,48.4848,-69.2781,Fucus vesiculosus,Random,NA,NA,NA,NA,0
3248,merinov_gosl,Gulf of Saint Lawrence,BMV,NA,BMV-NA-2012-7-7,2012,7,7,48.4848,-69.2774,Ascophyllum nodosum,Random,NA,NA,NA,NA,0
3249,merinov_gosl,Gulf of Saint Lawrence,BMV,NA,BMV-NA-2012-7-7,2012,7,7,48.4848,-69.2774,Fucus distichus subsp. edentatus,Random,NA,NA,NA,NA,0
3250,merinov_gosl,Gulf of Saint Lawrence,BMV,NA,BMV-NA-2012-7-7,2012,7,7,48.4848,-69.2774,Fucus distichus subsp. evanescens,Random,NA,NA,7,7,0.22
3251,merinov_gosl,Gulf of Saint Lawrence,BMV,NA,BMV-NA-2012-7-7,2012,7,7,48.4848,-69.2774,Fucus vesiculosus,Random,NA,NA,NA,NA,0
3252,merinov_gosl,Gulf of Saint Lawrence,BMV,NA,BMV-NA-2012-7-7,2012,7,7,48.4848,-69.2767,Ascophyllum nodosum,Random,NA,NA,NA,NA,0
3253,merinov_gosl,Gulf of Saint Lawrence,BMV,NA,BMV-NA-2012-7-7,2012,7,7,48.4848,-69.2767,Fucus distichus subsp. edentatus,Random,NA,NA,NA,NA,0
3254,merinov_gosl,Gulf of Saint Lawrence,BMV,NA,BMV-NA-2012-7-7,2012,7,7,48.4848,-69.2767,Fucus distichus subsp. evanescens,Random,NA,NA,3,3,0.03
3255,merinov_gosl,Gulf of Saint Lawrence,BMV,NA,BMV-NA-2012-7-7,2012,7,7,48.4848,-69.2767,Fucus vesiculosus,Random,NA,NA,NA,NA,0
3256,merinov_gosl,Gulf of Saint Lawrence,BMV,NA,BMV-NA-2012-7-7,2012,7,7,48.4848,-69.2761,Ascophyllum nodosum,Random,NA,NA,NA,NA,0
3257,merinov_gosl,Gulf of Saint Lawrence,BMV,NA,BMV-NA-2012-7-7,2012,7,7,48.4848,-69.2761,Fucus distichus subsp. edentatus,Random,NA,NA,NA,NA,0
3258,merinov_gosl,Gulf of Saint Lawrence,BMV,NA,BMV-NA-2012-7-7,2012,7,7,48.4848,-69.2761,Fucus distichus subsp. evanescens,Random,NA,NA,2,2,0.01
3259,merinov_gosl,Gulf of Saint Lawrence,BMV,NA,BMV-NA-2012-7-7,2012,7,7,48.4848,-69.2761,Fucus vesiculosus,Random,NA,NA,NA,NA,0
3260,merinov_gosl,Gulf of Saint Lawrence,BMV,NA,BMV-NA-2012-7-7,2012,7,7,48.4848,-69.2754,Ascophyllum nodosum,Random,NA,NA,NA,NA,0
3261,merinov_gosl,Gulf of Saint Lawrence,BMV,NA,BMV-NA-2012-7-7,2012,7,7,48.4848,-69.2754,Fucus distichus subsp. edentatus,Random,NA,NA,NA,NA,0
3262,merinov_gosl,Gulf of Saint Lawrence,BMV,NA,BMV-NA-2012-7-7,2012,7,7,48.4848,-69.2754,Fucus distichus subsp. evanescens,Random,NA,NA,8,8,0.04
3263,merinov_gosl,Gulf of Saint Lawrence,BMV,NA,BMV-NA-2012-7-7,2012,7,7,48.4848,-69.2754,Fucus vesiculosus,Random,NA,NA,NA,NA,0
3264,merinov_gosl,Gulf of Saint Lawrence,BMV,NA,BMV-NA-2012-7-7,2012,7,7,48.4848,-69.2747,Ascophyllum nodosum,Random,NA,NA,NA,NA,0
3265,merinov_gosl,Gulf of Saint Lawrence,BMV,NA,BMV-NA-2012-7-7,2012,7,7,48.4848,-69.2747,Fucus distichus subsp. edentatus,Random,NA,NA,NA,NA,0
3266,merinov_gosl,Gulf of Saint Lawrence,BMV,NA,BMV-NA-2012-7-7,2012,7,7,48.4848,-69.2747,Fucus distichus subsp. evanescens,Random,NA,NA,4,4,0.01
3267,merinov_gosl,Gulf of Saint Lawrence,BMV,NA,BMV-NA-2012-7-7,2012,7,7,48.4848,-69.2747,Fucus vesiculosus,Random,NA,NA,NA,NA,0
3268,merinov_gosl,Gulf of Saint Lawrence,BMV,NA,BMV-NA-2012-7-7,2012,7,7,48.4848,-69.2741,Ascophyllum nodosum,Random,NA,NA,NA,NA,0
3269,merinov_gosl,Gulf of Saint Lawrence,BMV,NA,BMV-NA-2012-7-7,2012,7,7,48.4848,-69.2741,Fucus distichus subsp. edentatus,Random,NA,NA,NA,NA,0
3270,merinov_gosl,Gulf of Saint Lawrence,BMV,NA,BMV-NA-2012-7-7,2012,7,7,48.4848,-69.2741,Fucus distichus subsp. evanescens,Random,NA,NA,3,3,0.01
3271,merinov_gosl,Gulf of Saint Lawrence,BMV,NA,BMV-NA-2012-7-7,2012,7,7,48.4848,-69.2741,Fucus vesiculosus,Random,NA,NA,NA,NA,0
3272,merinov_gosl,Gulf of Saint Lawrence,BMV,NA,BMV-NA-2012-7-7,2012,7,7,48.4848,-69.2734,Ascophyllum nodosum,Random,NA,NA,NA,NA,0
3273,merinov_gosl,Gulf of Saint Lawrence,BMV,NA,BMV-NA-2012-7-7,2012,7,7,48.4848,-69.2734,Fucus distichus subsp. edentatus,Random,NA,NA,NA,NA,0
3274,merinov_gosl,Gulf of Saint Lawrence,BMV,NA,BMV-NA-2012-7-7,2012,7,7,48.4848,-69.2734,Fucus distichus subsp. evanescens,Random,NA,NA,NA,NA,0
3275,merinov_gosl,Gulf of Saint Lawrence,BMV,NA,BMV-NA-2012-7-7,2012,7,7,48.4848,-69.2734,Fucus vesiculosus,Random,NA,NA,NA,NA,0
3276,merinov_gosl,Gulf of Saint Lawrence,BMV,NA,BMV-NA-2012-7-7,2012,7,7,48.4848,-69.2727,Ascophyllum nodosum,Random,NA,NA,22,22,1.02
3277,merinov_gosl,Gulf of Saint Lawrence,BMV,NA,BMV-NA-2012-7-7,2012,7,7,48.4848,-69.2727,Fucus distichus subsp. edentatus,Random,NA,NA,NA,NA,0
3278,merinov_gosl,Gulf of Saint Lawrence,BMV,NA,BMV-NA-2012-7-7,2012,7,7,48.4848,-69.2727,Fucus distichus subsp. evanescens,Random,NA,NA,16,16,0.21
3279,merinov_gosl,Gulf of Saint Lawrence,BMV,NA,BMV-NA-2012-7-7,2012,7,7,48.4848,-69.2727,Fucus vesiculosus,Random,NA,NA,22,22,1.84
3280,merinov_gosl,Gulf of Saint Lawrence,BMV,NA,BMV-NA-2012-7-7,2012,7,7,48.4848,-69.2721,Ascophyllum nodosum,Random,NA,NA,6,6,0.14
3281,merinov_gosl,Gulf of Saint Lawrence,BMV,NA,BMV-NA-2012-7-7,2012,7,7,48.4848,-69.2721,Fucus distichus subsp. edentatus,Random,NA,NA,NA,NA,0
3282,merinov_gosl,Gulf of Saint Lawrence,BMV,NA,BMV-NA-2012-7-7,2012,7,7,48.4848,-69.2721,Fucus distichus subsp. evanescens,Random,NA,NA,32,32,1.56
3283,merinov_gosl,Gulf of Saint Lawrence,BMV,NA,BMV-NA-2012-7-7,2012,7,7,48.4848,-69.2721,Fucus vesiculosus,Random,NA,NA,29,29,2.89
3284,merinov_gosl,Gulf of Saint Lawrence,BMV,NA,BMV-NA-2012-7-7,2012,7,7,48.4848,-69.2714,Ascophyllum nodosum,Random,NA,NA,90,90,4.55
3285,merinov_gosl,Gulf of Saint Lawrence,BMV,NA,BMV-NA-2012-7-7,2012,7,7,48.4848,-69.2714,Fucus distichus subsp. edentatus,Random,NA,NA,NA,NA,0
3286,merinov_gosl,Gulf of Saint Lawrence,BMV,NA,BMV-NA-2012-7-7,2012,7,7,48.4848,-69.2714,Fucus distichus subsp. evanescens,Random,NA,NA,14,14,0.12
3287,merinov_gosl,Gulf of Saint Lawrence,BMV,NA,BMV-NA-2012-7-7,2012,7,7,48.4848,-69.2714,Fucus vesiculosus,Random,NA,NA,16,16,0.81
3288,merinov_gosl,Gulf of Saint Lawrence,BMV,NA,BMV-NA-2012-7-7,2012,7,7,48.4848,-69.2707,Ascophyllum nodosum,Random,NA,NA,NA,NA,0
3289,merinov_gosl,Gulf of Saint Lawrence,BMV,NA,BMV-NA-2012-7-7,2012,7,7,48.4848,-69.2707,Fucus distichus subsp. edentatus,Random,NA,NA,NA,NA,0
3290,merinov_gosl,Gulf of Saint Lawrence,BMV,NA,BMV-NA-2012-7-7,2012,7,7,48.4848,-69.2707,Fucus distichus subsp. evanescens,Random,NA,NA,2,2,0.01
3291,merinov_gosl,Gulf of Saint Lawrence,BMV,NA,BMV-NA-2012-7-7,2012,7,7,48.4848,-69.2707,Fucus vesiculosus,Random,NA,NA,NA,NA,0
3292,merinov_gosl,Gulf of Saint Lawrence,BMV,NA,BMV-NA-2012-7-7,2012,7,7,48.4848,-69.2701,Ascophyllum nodosum,Random,NA,NA,NA,NA,0
3293,merinov_gosl,Gulf of Saint Lawrence,BMV,NA,BMV-NA-2012-7-7,2012,7,7,48.4848,-69.2701,Fucus distichus subsp. edentatus,Random,NA,NA,NA,NA,0
3294,merinov_gosl,Gulf of Saint Lawrence,BMV,NA,BMV-NA-2012-7-7,2012,7,7,48.4848,-69.2701,Fucus distichus subsp. evanescens,Random,NA,NA,2,2,0.01
3295,merinov_gosl,Gulf of Saint Lawrence,BMV,NA,BMV-NA-2012-7-7,2012,7,7,48.4848,-69.2701,Fucus vesiculosus,Random,NA,NA,NA,NA,0
3296,merinov_gosl,Gulf of Saint Lawrence,BMV,NA,BMV-NA-2012-7-7,2012,7,7,48.4848,-69.2694,Ascophyllum nodosum,Random,NA,NA,NA,NA,0
3297,merinov_gosl,Gulf of Saint Lawrence,BMV,NA,BMV-NA-2012-7-7,2012,7,7,48.4848,-69.2694,Fucus distichus subsp. edentatus,Random,NA,NA,NA,NA,0
3298,merinov_gosl,Gulf of Saint Lawrence,BMV,NA,BMV-NA-2012-7-7,2012,7,7,48.4848,-69.2694,Fucus distichus subsp. evanescens,Random,NA,NA,1,1,0.01
3299,merinov_gosl,Gulf of Saint Lawrence,BMV,NA,BMV-NA-2012-7-7,2012,7,7,48.4848,-69.2694,Fucus vesiculosus,Random,NA,NA,NA,NA,0
3300,merinov_gosl,Gulf of Saint Lawrence,BMV,NA,BMV-NA-2012-7-7,2012,7,7,48.4848,-69.2687,Ascophyllum nodosum,Random,NA,NA,NA,NA,0
3301,merinov_gosl,Gulf of Saint Lawrence,BMV,NA,BMV-NA-2012-7-7,2012,7,7,48.4848,-69.2687,Fucus distichus subsp. edentatus,Random,NA,NA,NA,NA,0
3302,merinov_gosl,Gulf of Saint Lawrence,BMV,NA,BMV-NA-2012-7-7,2012,7,7,48.4848,-69.2687,Fucus distichus subsp. evanescens,Random,NA,NA,1,1,0.01
3303,merinov_gosl,Gulf of Saint Lawrence,BMV,NA,BMV-NA-2012-7-7,2012,7,7,48.4848,-69.2687,Fucus vesiculosus,Random,NA,NA,NA,NA,0
3304,merinov_gosl,Gulf of Saint Lawrence,BMV,NA,BMV-NA-2012-7-7,2012,7,7,48.4848,-69.2681,Ascophyllum nodosum,Random,NA,NA,6,6,0.26
3305,merinov_gosl,Gulf of Saint Lawrence,BMV,NA,BMV-NA-2012-7-7,2012,7,7,48.4848,-69.2681,Fucus distichus subsp. edentatus,Random,NA,NA,NA,NA,0
3306,merinov_gosl,Gulf of Saint Lawrence,BMV,NA,BMV-NA-2012-7-7,2012,7,7,48.4848,-69.2681,Fucus distichus subsp. evanescens,Random,NA,NA,15,15,0.6
3307,merinov_gosl,Gulf of Saint Lawrence,BMV,NA,BMV-NA-2012-7-7,2012,7,7,48.4848,-69.2681,Fucus vesiculosus,Random,NA,NA,33,33,8.01
3308,merinov_gosl,Gulf of Saint Lawrence,BMV,NA,BMV-NA-2012-7-7,2012,7,7,48.4848,-69.2674,Ascophyllum nodosum,Random,NA,NA,NA,NA,0
3309,merinov_gosl,Gulf of Saint Lawrence,BMV,NA,BMV-NA-2012-7-7,2012,7,7,48.4848,-69.2674,Fucus distichus subsp. edentatus,Random,NA,NA,NA,NA,0
3310,merinov_gosl,Gulf of Saint Lawrence,BMV,NA,BMV-NA-2012-7-7,2012,7,7,48.4848,-69.2674,Fucus distichus subsp. evanescens,Random,NA,NA,6,6,0.44
3311,merinov_gosl,Gulf of Saint Lawrence,BMV,NA,BMV-NA-2012-7-7,2012,7,7,48.4848,-69.2674,Fucus vesiculosus,Random,NA,NA,NA,NA,0
3312,merinov_gosl,Gulf of Saint Lawrence,BMV,NA,BMV-NA-2012-7-7,2012,7,7,48.4848,-69.2667,Ascophyllum nodosum,Random,NA,NA,NA,NA,0
3313,merinov_gosl,Gulf of Saint Lawrence,BMV,NA,BMV-NA-2012-7-7,2012,7,7,48.4848,-69.2667,Fucus distichus subsp. edentatus,Random,NA,NA,NA,NA,0
3314,merinov_gosl,Gulf of Saint Lawrence,BMV,NA,BMV-NA-2012-7-7,2012,7,7,48.4848,-69.2667,Fucus distichus subsp. evanescens,Random,NA,NA,NA,NA,0
3315,merinov_gosl,Gulf of Saint Lawrence,BMV,NA,BMV-NA-2012-7-7,2012,7,7,48.4848,-69.2667,Fucus vesiculosus,Random,NA,NA,NA,NA,0
3316,merinov_gosl,Gulf of Saint Lawrence,BMV,NA,BMV-NA-2012-7-7,2012,7,7,48.4848,-69.2661,Ascophyllum nodosum,Random,NA,NA,NA,NA,0
3317,merinov_gosl,Gulf of Saint Lawrence,BMV,NA,BMV-NA-2012-7-7,2012,7,7,48.4848,-69.2661,Fucus distichus subsp. edentatus,Random,NA,NA,NA,NA,0
3318,merinov_gosl,Gulf of Saint Lawrence,BMV,NA,BMV-NA-2012-7-7,2012,7,7,48.4848,-69.2661,Fucus distichus subsp. evanescens,Random,NA,NA,10,10,0.53
3319,merinov_gosl,Gulf of Saint Lawrence,BMV,NA,BMV-NA-2012-7-7,2012,7,7,48.4848,-69.2661,Fucus vesiculosus,Random,NA,NA,NA,NA,0
3320,merinov_gosl,Gulf of Saint Lawrence,BMV,NA,BMV-NA-2012-7-7,2012,7,7,48.4848,-69.2654,Ascophyllum nodosum,Random,NA,NA,16,16,1.56
3321,merinov_gosl,Gulf of Saint Lawrence,BMV,NA,BMV-NA-2012-7-7,2012,7,7,48.4848,-69.2654,Fucus distichus subsp. edentatus,Random,NA,NA,NA,NA,0
3322,merinov_gosl,Gulf of Saint Lawrence,BMV,NA,BMV-NA-2012-7-7,2012,7,7,48.4848,-69.2654,Fucus distichus subsp. evanescens,Random,NA,NA,23,23,0.52
3323,merinov_gosl,Gulf of Saint Lawrence,BMV,NA,BMV-NA-2012-7-7,2012,7,7,48.4848,-69.2654,Fucus vesiculosus,Random,NA,NA,27,27,2.42
3324,merinov_gosl,Gulf of Saint Lawrence,BMV,NA,BMV-NA-2012-7-7,2012,7,7,48.4848,-69.2647,Ascophyllum nodosum,Random,NA,NA,NA,NA,0
3325,merinov_gosl,Gulf of Saint Lawrence,BMV,NA,BMV-NA-2012-7-7,2012,7,7,48.4848,-69.2647,Fucus distichus subsp. edentatus,Random,NA,NA,NA,NA,0
3326,merinov_gosl,Gulf of Saint Lawrence,BMV,NA,BMV-NA-2012-7-7,2012,7,7,48.4848,-69.2647,Fucus distichus subsp. evanescens,Random,NA,NA,NA,NA,0
3327,merinov_gosl,Gulf of Saint Lawrence,BMV,NA,BMV-NA-2012-7-7,2012,7,7,48.4848,-69.2647,Fucus vesiculosus,Random,NA,NA,NA,NA,0
3328,merinov_gosl,Gulf of Saint Lawrence,BMV,NA,BMV-NA-2012-7-7,2012,7,7,48.4848,-69.2641,Ascophyllum nodosum,Random,NA,NA,NA,NA,0
3329,merinov_gosl,Gulf of Saint Lawrence,BMV,NA,BMV-NA-2012-7-7,2012,7,7,48.4848,-69.2641,Fucus distichus subsp. edentatus,Random,NA,NA,NA,NA,0
3330,merinov_gosl,Gulf of Saint Lawrence,BMV,NA,BMV-NA-2012-7-7,2012,7,7,48.4848,-69.2641,Fucus distichus subsp. evanescens,Random,NA,NA,2,2,0.04
3331,merinov_gosl,Gulf of Saint Lawrence,BMV,NA,BMV-NA-2012-7-7,2012,7,7,48.4848,-69.2641,Fucus vesiculosus,Random,NA,NA,NA,NA,0
3332,merinov_gosl,Gulf of Saint Lawrence,BMV,NA,BMV-NA-2012-7-7,2012,7,7,48.4848,-69.2634,Ascophyllum nodosum,Random,NA,NA,NA,NA,0
3333,merinov_gosl,Gulf of Saint Lawrence,BMV,NA,BMV-NA-2012-7-7,2012,7,7,48.4848,-69.2634,Fucus distichus subsp. edentatus,Random,NA,NA,NA,NA,0
3334,merinov_gosl,Gulf of Saint Lawrence,BMV,NA,BMV-NA-2012-7-7,2012,7,7,48.4848,-69.2634,Fucus distichus subsp. evanescens,Random,NA,NA,5,5,0.14
3335,merinov_gosl,Gulf of Saint Lawrence,BMV,NA,BMV-NA-2012-7-7,2012,7,7,48.4848,-69.2634,Fucus vesiculosus,Random,NA,NA,NA,NA,0
3336,merinov_gosl,Gulf of Saint Lawrence,BMV,NA,BMV-NA-2012-7-7,2012,7,7,48.4848,-69.2627,Ascophyllum nodosum,Random,NA,NA,NA,NA,0
3337,merinov_gosl,Gulf of Saint Lawrence,BMV,NA,BMV-NA-2012-7-7,2012,7,7,48.4848,-69.2627,Fucus distichus subsp. edentatus,Random,NA,NA,NA,NA,0
3338,merinov_gosl,Gulf of Saint Lawrence,BMV,NA,BMV-NA-2012-7-7,2012,7,7,48.4848,-69.2627,Fucus distichus subsp. evanescens,Random,NA,NA,NA,NA,0
3339,merinov_gosl,Gulf of Saint Lawrence,BMV,NA,BMV-NA-2012-7-7,2012,7,7,48.4848,-69.2627,Fucus vesiculosus,Random,NA,NA,NA,NA,0
3340,merinov_gosl,Gulf of Saint Lawrence,BMV,NA,BMV-NA-2012-7-7,2012,7,7,48.4848,-69.2621,Ascophyllum nodosum,Random,NA,NA,1,1,0.01
3341,merinov_gosl,Gulf of Saint Lawrence,BMV,NA,BMV-NA-2012-7-7,2012,7,7,48.4848,-69.2621,Fucus distichus subsp. edentatus,Random,NA,NA,NA,NA,0
3342,merinov_gosl,Gulf of Saint Lawrence,BMV,NA,BMV-NA-2012-7-7,2012,7,7,48.4848,-69.2621,Fucus distichus subsp. evanescens,Random,NA,NA,21,21,0.75
3343,merinov_gosl,Gulf of Saint Lawrence,BMV,NA,BMV-NA-2012-7-7,2012,7,7,48.4848,-69.2621,Fucus vesiculosus,Random,NA,NA,NA,NA,0
3344,merinov_gosl,Gulf of Saint Lawrence,BMV,NA,BMV-NA-2012-7-7,2012,7,7,48.4848,-69.2614,Ascophyllum nodosum,Random,NA,NA,NA,NA,0
3345,merinov_gosl,Gulf of Saint Lawrence,BMV,NA,BMV-NA-2012-7-7,2012,7,7,48.4848,-69.2614,Fucus distichus subsp. edentatus,Random,NA,NA,NA,NA,0
3346,merinov_gosl,Gulf of Saint Lawrence,BMV,NA,BMV-NA-2012-7-7,2012,7,7,48.4848,-69.2614,Fucus distichus subsp. evanescens,Random,NA,NA,8,8,0.31
3347,merinov_gosl,Gulf of Saint Lawrence,BMV,NA,BMV-NA-2012-7-7,2012,7,7,48.4848,-69.2614,Fucus vesiculosus,Random,NA,NA,NA,NA,0
3348,merinov_gosl,Gulf of Saint Lawrence,BMV,NA,BMV-NA-2012-7-7,2012,7,7,48.4848,-69.2607,Ascophyllum nodosum,Random,NA,NA,NA,NA,0
3349,merinov_gosl,Gulf of Saint Lawrence,BMV,NA,BMV-NA-2012-7-7,2012,7,7,48.4848,-69.2607,Fucus distichus subsp. edentatus,Random,NA,NA,NA,NA,0
3350,merinov_gosl,Gulf of Saint Lawrence,BMV,NA,BMV-NA-2012-7-7,2012,7,7,48.4848,-69.2607,Fucus distichus subsp. evanescens,Random,NA,NA,3,3,0.42
3351,merinov_gosl,Gulf of Saint Lawrence,BMV,NA,BMV-NA-2012-7-7,2012,7,7,48.4848,-69.2607,Fucus vesiculosus,Random,NA,NA,NA,NA,0
3352,merinov_gosl,Gulf of Saint Lawrence,BMV,NA,BMV-NA-2012-7-7,2012,7,7,48.4848,-69.2601,Ascophyllum nodosum,Random,NA,NA,NA,NA,0
3353,merinov_gosl,Gulf of Saint Lawrence,BMV,NA,BMV-NA-2012-7-7,2012,7,7,48.4848,-69.2601,Fucus distichus subsp. edentatus,Random,NA,NA,NA,NA,0
3354,merinov_gosl,Gulf of Saint Lawrence,BMV,NA,BMV-NA-2012-7-7,2012,7,7,48.4848,-69.2601,Fucus distichus subsp. evanescens,Random,NA,NA,15,15,1.54
3355,merinov_gosl,Gulf of Saint Lawrence,BMV,NA,BMV-NA-2012-7-7,2012,7,7,48.4848,-69.2601,Fucus vesiculosus,Random,NA,NA,21,21,0.98
3356,merinov_gosl,Gulf of Saint Lawrence,BMV,NA,BMV-NA-2012-7-7,2012,7,7,48.4848,-69.2594,Ascophyllum nodosum,Random,NA,NA,NA,NA,0
3357,merinov_gosl,Gulf of Saint Lawrence,BMV,NA,BMV-NA-2012-7-7,2012,7,7,48.4848,-69.2594,Fucus distichus subsp. edentatus,Random,NA,NA,NA,NA,0
3358,merinov_gosl,Gulf of Saint Lawrence,BMV,NA,BMV-NA-2012-7-7,2012,7,7,48.4848,-69.2594,Fucus distichus subsp. evanescens,Random,NA,NA,2,2,0.01
3359,merinov_gosl,Gulf of Saint Lawrence,BMV,NA,BMV-NA-2012-7-7,2012,7,7,48.4848,-69.2594,Fucus vesiculosus,Random,NA,NA,NA,NA,0
3360,merinov_gosl,Gulf of Saint Lawrence,BMV,NA,BMV-NA-2012-7-7,2012,7,7,48.4848,-69.2587,Ascophyllum nodosum,Random,NA,NA,NA,NA,0
3361,merinov_gosl,Gulf of Saint Lawrence,BMV,NA,BMV-NA-2012-7-7,2012,7,7,48.4848,-69.2587,Fucus distichus subsp. edentatus,Random,NA,NA,NA,NA,0
3362,merinov_gosl,Gulf of Saint Lawrence,BMV,NA,BMV-NA-2012-7-7,2012,7,7,48.4848,-69.2587,Fucus distichus subsp. evanescens,Random,NA,NA,NA,NA,0
3363,merinov_gosl,Gulf of Saint Lawrence,BMV,NA,BMV-NA-2012-7-7,2012,7,7,48.4848,-69.2587,Fucus vesiculosus,Random,NA,NA,NA,NA,0
3364,merinov_gosl,Gulf of Saint Lawrence,BMV,NA,BMV-NA-2012-7-7,2012,7,7,48.4848,-69.2581,Ascophyllum nodosum,Random,NA,NA,NA,NA,0
3365,merinov_gosl,Gulf of Saint Lawrence,BMV,NA,BMV-NA-2012-7-7,2012,7,7,48.4848,-69.2581,Fucus distichus subsp. edentatus,Random,NA,NA,NA,NA,0
3366,merinov_gosl,Gulf of Saint Lawrence,BMV,NA,BMV-NA-2012-7-7,2012,7,7,48.4848,-69.2581,Fucus distichus subsp. evanescens,Random,NA,NA,NA,NA,0
3367,merinov_gosl,Gulf of Saint Lawrence,BMV,NA,BMV-NA-2012-7-7,2012,7,7,48.4848,-69.2581,Fucus vesiculosus,Random,NA,NA,NA,NA,0
3368,merinov_gosl,Gulf of Saint Lawrence,BMV,NA,BMV-NA-2012-7-7,2012,7,7,48.4893,-69.2783,Ascophyllum nodosum,Random,NA,NA,NA,NA,0
3369,merinov_gosl,Gulf of Saint Lawrence,BMV,NA,BMV-NA-2012-7-7,2012,7,7,48.4893,-69.2783,Fucus distichus subsp. edentatus,Random,NA,NA,NA,NA,0
3370,merinov_gosl,Gulf of Saint Lawrence,BMV,NA,BMV-NA-2012-7-7,2012,7,7,48.4893,-69.2783,Fucus distichus subsp. evanescens,Random,NA,NA,NA,NA,0
3371,merinov_gosl,Gulf of Saint Lawrence,BMV,NA,BMV-NA-2012-7-7,2012,7,7,48.4893,-69.2783,Fucus vesiculosus,Random,NA,NA,NA,NA,0
3372,merinov_gosl,Gulf of Saint Lawrence,BMV,NA,BMV-NA-2012-7-7,2012,7,7,48.4893,-69.2777,Ascophyllum nodosum,Random,NA,NA,NA,NA,0
3373,merinov_gosl,Gulf of Saint Lawrence,BMV,NA,BMV-NA-2012-7-7,2012,7,7,48.4893,-69.2777,Fucus distichus subsp. edentatus,Random,NA,NA,NA,NA,0
3374,merinov_gosl,Gulf of Saint Lawrence,BMV,NA,BMV-NA-2012-7-7,2012,7,7,48.4893,-69.2777,Fucus distichus subsp. evanescens,Random,NA,NA,NA,NA,0
3375,merinov_gosl,Gulf of Saint Lawrence,BMV,NA,BMV-NA-2012-7-7,2012,7,7,48.4893,-69.2777,Fucus vesiculosus,Random,NA,NA,NA,NA,0
3376,merinov_gosl,Gulf of Saint Lawrence,BMV,NA,BMV-NA-2012-7-7,2012,7,7,48.4893,-69.277,Ascophyllum nodosum,Random,NA,NA,NA,NA,0
3377,merinov_gosl,Gulf of Saint Lawrence,BMV,NA,BMV-NA-2012-7-7,2012,7,7,48.4893,-69.277,Fucus distichus subsp. edentatus,Random,NA,NA,NA,NA,0
3378,merinov_gosl,Gulf of Saint Lawrence,BMV,NA,BMV-NA-2012-7-7,2012,7,7,48.4893,-69.277,Fucus distichus subsp. evanescens,Random,NA,NA,NA,NA,0
3379,merinov_gosl,Gulf of Saint Lawrence,BMV,NA,BMV-NA-2012-7-7,2012,7,7,48.4893,-69.277,Fucus vesiculosus,Random,NA,NA,NA,NA,0
3380,merinov_gosl,Gulf of Saint Lawrence,BMV,NA,BMV-NA-2012-7-7,2012,7,7,48.4893,-69.2763,Ascophyllum nodosum,Random,NA,NA,NA,NA,0
3381,merinov_gosl,Gulf of Saint Lawrence,BMV,NA,BMV-NA-2012-7-7,2012,7,7,48.4893,-69.2763,Fucus distichus subsp. edentatus,Random,NA,NA,NA,NA,0
3382,merinov_gosl,Gulf of Saint Lawrence,BMV,NA,BMV-NA-2012-7-7,2012,7,7,48.4893,-69.2763,Fucus distichus subsp. evanescens,Random,NA,NA,NA,NA,0
3383,merinov_gosl,Gulf of Saint Lawrence,BMV,NA,BMV-NA-2012-7-7,2012,7,7,48.4893,-69.2763,Fucus vesiculosus,Random,NA,NA,NA,NA,0
3384,merinov_gosl,Gulf of Saint Lawrence,BMV,NA,BMV-NA-2012-7-7,2012,7,7,48.4893,-69.2757,Ascophyllum nodosum,Random,NA,NA,NA,NA,0
3385,merinov_gosl,Gulf of Saint Lawrence,BMV,NA,BMV-NA-2012-7-7,2012,7,7,48.4893,-69.2757,Fucus distichus subsp. edentatus,Random,NA,NA,NA,NA,0
3386,merinov_gosl,Gulf of Saint Lawrence,BMV,NA,BMV-NA-2012-7-7,2012,7,7,48.4893,-69.2757,Fucus distichus subsp. evanescens,Random,NA,NA,2,2,0.01
3387,merinov_gosl,Gulf of Saint Lawrence,BMV,NA,BMV-NA-2012-7-7,2012,7,7,48.4893,-69.2757,Fucus vesiculosus,Random,NA,NA,NA,NA,0
3388,merinov_gosl,Gulf of Saint Lawrence,BMV,NA,BMV-NA-2012-7-7,2012,7,7,48.4893,-69.275,Ascophyllum nodosum,Random,NA,NA,NA,NA,0
3389,merinov_gosl,Gulf of Saint Lawrence,BMV,NA,BMV-NA-2012-7-7,2012,7,7,48.4893,-69.275,Fucus distichus subsp. edentatus,Random,NA,NA,NA,NA,0
3390,merinov_gosl,Gulf of Saint Lawrence,BMV,NA,BMV-NA-2012-7-7,2012,7,7,48.4893,-69.275,Fucus distichus subsp. evanescens,Random,NA,NA,NA,NA,0
3391,merinov_gosl,Gulf of Saint Lawrence,BMV,NA,BMV-NA-2012-7-7,2012,7,7,48.4893,-69.275,Fucus vesiculosus,Random,NA,NA,NA,NA,0
3392,merinov_gosl,Gulf of Saint Lawrence,BMV,NA,BMV-NA-2012-7-7,2012,7,7,48.4893,-69.2743,Ascophyllum nodosum,Random,NA,NA,NA,NA,0
3393,merinov_gosl,Gulf of Saint Lawrence,BMV,NA,BMV-NA-2012-7-7,2012,7,7,48.4893,-69.2743,Fucus distichus subsp. edentatus,Random,NA,NA,NA,NA,0
3394,merinov_gosl,Gulf of Saint Lawrence,BMV,NA,BMV-NA-2012-7-7,2012,7,7,48.4893,-69.2743,Fucus distichus subsp. evanescens,Random,NA,NA,NA,NA,0
3395,merinov_gosl,Gulf of Saint Lawrence,BMV,NA,BMV-NA-2012-7-7,2012,7,7,48.4893,-69.2743,Fucus vesiculosus,Random,NA,NA,NA,NA,0
3396,merinov_gosl,Gulf of Saint Lawrence,BMV,NA,BMV-NA-2012-7-7,2012,7,7,48.4893,-69.2737,Ascophyllum nodosum,Random,NA,NA,NA,NA,0
3397,merinov_gosl,Gulf of Saint Lawrence,BMV,NA,BMV-NA-2012-7-7,2012,7,7,48.4893,-69.2737,Fucus distichus subsp. edentatus,Random,NA,NA,NA,NA,0
3398,merinov_gosl,Gulf of Saint Lawrence,BMV,NA,BMV-NA-2012-7-7,2012,7,7,48.4893,-69.2737,Fucus distichus subsp. evanescens,Random,NA,NA,7,7,0.12
3399,merinov_gosl,Gulf of Saint Lawrence,BMV,NA,BMV-NA-2012-7-7,2012,7,7,48.4893,-69.2737,Fucus vesiculosus,Random,NA,NA,NA,NA,0
3400,merinov_gosl,Gulf of Saint Lawrence,BMV,NA,BMV-NA-2012-7-7,2012,7,7,48.4893,-69.273,Ascophyllum nodosum,Random,NA,NA,NA,NA,0
3401,merinov_gosl,Gulf of Saint Lawrence,BMV,NA,BMV-NA-2012-7-7,2012,7,7,48.4893,-69.273,Fucus distichus subsp. edentatus,Random,NA,NA,NA,NA,0
3402,merinov_gosl,Gulf of Saint Lawrence,BMV,NA,BMV-NA-2012-7-7,2012,7,7,48.4893,-69.273,Fucus distichus subsp. evanescens,Random,NA,NA,NA,NA,0
3403,merinov_gosl,Gulf of Saint Lawrence,BMV,NA,BMV-NA-2012-7-7,2012,7,7,48.4893,-69.273,Fucus vesiculosus,Random,NA,NA,NA,NA,0
3404,merinov_gosl,Gulf of Saint Lawrence,BMV,NA,BMV-NA-2012-7-7,2012,7,7,48.4893,-69.2723,Ascophyllum nodosum,Random,NA,NA,8,8,0.36
3405,merinov_gosl,Gulf of Saint Lawrence,BMV,NA,BMV-NA-2012-7-7,2012,7,7,48.4893,-69.2723,Fucus distichus subsp. edentatus,Random,NA,NA,NA,NA,0
3406,merinov_gosl,Gulf of Saint Lawrence,BMV,NA,BMV-NA-2012-7-7,2012,7,7,48.4893,-69.2723,Fucus distichus subsp. evanescens,Random,NA,NA,2,2,0.37
3407,merinov_gosl,Gulf of Saint Lawrence,BMV,NA,BMV-NA-2012-7-7,2012,7,7,48.4893,-69.2723,Fucus vesiculosus,Random,NA,NA,4,4,0.25
3408,merinov_gosl,Gulf of Saint Lawrence,BMV,NA,BMV-NA-2012-7-7,2012,7,7,48.4893,-69.2717,Ascophyllum nodosum,Random,NA,NA,NA,NA,0
3409,merinov_gosl,Gulf of Saint Lawrence,BMV,NA,BMV-NA-2012-7-7,2012,7,7,48.4893,-69.2717,Fucus distichus subsp. edentatus,Random,NA,NA,NA,NA,0
3410,merinov_gosl,Gulf of Saint Lawrence,BMV,NA,BMV-NA-2012-7-7,2012,7,7,48.4893,-69.2717,Fucus distichus subsp. evanescens,Random,NA,NA,NA,NA,0
3411,merinov_gosl,Gulf of Saint Lawrence,BMV,NA,BMV-NA-2012-7-7,2012,7,7,48.4893,-69.2717,Fucus vesiculosus,Random,NA,NA,NA,NA,0
3412,merinov_gosl,Gulf of Saint Lawrence,BMV,NA,BMV-NA-2012-7-7,2012,7,7,48.4893,-69.271,Ascophyllum nodosum,Random,NA,NA,NA,NA,0
3413,merinov_gosl,Gulf of Saint Lawrence,BMV,NA,BMV-NA-2012-7-7,2012,7,7,48.4893,-69.271,Fucus distichus subsp. edentatus,Random,NA,NA,NA,NA,0
3414,merinov_gosl,Gulf of Saint Lawrence,BMV,NA,BMV-NA-2012-7-7,2012,7,7,48.4893,-69.271,Fucus distichus subsp. evanescens,Random,NA,NA,NA,NA,0
3415,merinov_gosl,Gulf of Saint Lawrence,BMV,NA,BMV-NA-2012-7-7,2012,7,7,48.4893,-69.271,Fucus vesiculosus,Random,NA,NA,NA,NA,0
3416,merinov_gosl,Gulf of Saint Lawrence,BMV,NA,BMV-NA-2012-7-7,2012,7,7,48.4893,-69.2703,Ascophyllum nodosum,Random,NA,NA,NA,NA,0
3417,merinov_gosl,Gulf of Saint Lawrence,BMV,NA,BMV-NA-2012-7-7,2012,7,7,48.4893,-69.2703,Fucus distichus subsp. edentatus,Random,NA,NA,NA,NA,0
3418,merinov_gosl,Gulf of Saint Lawrence,BMV,NA,BMV-NA-2012-7-7,2012,7,7,48.4893,-69.2703,Fucus distichus subsp. evanescens,Random,NA,NA,NA,NA,0
3419,merinov_gosl,Gulf of Saint Lawrence,BMV,NA,BMV-NA-2012-7-7,2012,7,7,48.4893,-69.2703,Fucus vesiculosus,Random,NA,NA,NA,NA,0
3420,merinov_gosl,Gulf of Saint Lawrence,BMV,NA,BMV-NA-2012-7-7,2012,7,7,48.4893,-69.2697,Ascophyllum nodosum,Random,NA,NA,2,2,0.03
3421,merinov_gosl,Gulf of Saint Lawrence,BMV,NA,BMV-NA-2012-7-7,2012,7,7,48.4893,-69.2697,Fucus distichus subsp. edentatus,Random,NA,NA,NA,NA,0
3422,merinov_gosl,Gulf of Saint Lawrence,BMV,NA,BMV-NA-2012-7-7,2012,7,7,48.4893,-69.2697,Fucus distichus subsp. evanescens,Random,NA,NA,7,7,0.46
3423,merinov_gosl,Gulf of Saint Lawrence,BMV,NA,BMV-NA-2012-7-7,2012,7,7,48.4893,-69.2697,Fucus vesiculosus,Random,NA,NA,4,4,1.16
3424,merinov_gosl,Gulf of Saint Lawrence,BMV,NA,BMV-NA-2012-7-7,2012,7,7,48.4893,-69.269,Ascophyllum nodosum,Random,NA,NA,NA,NA,0
3425,merinov_gosl,Gulf of Saint Lawrence,BMV,NA,BMV-NA-2012-7-7,2012,7,7,48.4893,-69.269,Fucus distichus subsp. edentatus,Random,NA,NA,NA,NA,0
3426,merinov_gosl,Gulf of Saint Lawrence,BMV,NA,BMV-NA-2012-7-7,2012,7,7,48.4893,-69.269,Fucus distichus subsp. evanescens,Random,NA,NA,1,1,0.01
3427,merinov_gosl,Gulf of Saint Lawrence,BMV,NA,BMV-NA-2012-7-7,2012,7,7,48.4893,-69.269,Fucus vesiculosus,Random,NA,NA,NA,NA,0
3428,merinov_gosl,Gulf of Saint Lawrence,BMV,NA,BMV-NA-2012-7-7,2012,7,7,48.4893,-69.2683,Ascophyllum nodosum,Random,NA,NA,NA,NA,0
3429,merinov_gosl,Gulf of Saint Lawrence,BMV,NA,BMV-NA-2012-7-7,2012,7,7,48.4893,-69.2683,Fucus distichus subsp. edentatus,Random,NA,NA,NA,NA,0
3430,merinov_gosl,Gulf of Saint Lawrence,BMV,NA,BMV-NA-2012-7-7,2012,7,7,48.4893,-69.2683,Fucus distichus subsp. evanescens,Random,NA,NA,4,4,0.01
3431,merinov_gosl,Gulf of Saint Lawrence,BMV,NA,BMV-NA-2012-7-7,2012,7,7,48.4893,-69.2683,Fucus vesiculosus,Random,NA,NA,3,3,0.02
3432,merinov_gosl,Gulf of Saint Lawrence,BMV,NA,BMV-NA-2012-7-7,2012,7,7,48.4893,-69.2677,Ascophyllum nodosum,Random,NA,NA,15,15,2.42
3433,merinov_gosl,Gulf of Saint Lawrence,BMV,NA,BMV-NA-2012-7-7,2012,7,7,48.4893,-69.2677,Fucus distichus subsp. edentatus,Random,NA,NA,NA,NA,0
3434,merinov_gosl,Gulf of Saint Lawrence,BMV,NA,BMV-NA-2012-7-7,2012,7,7,48.4893,-69.2677,Fucus distichus subsp. evanescens,Random,NA,NA,NA,NA,0
3435,merinov_gosl,Gulf of Saint Lawrence,BMV,NA,BMV-NA-2012-7-7,2012,7,7,48.4893,-69.2677,Fucus vesiculosus,Random,NA,NA,20,20,3.84
3436,merinov_gosl,Gulf of Saint Lawrence,BMV,NA,BMV-NA-2012-7-7,2012,7,7,48.4893,-69.267,Ascophyllum nodosum,Random,NA,NA,NA,NA,0
3437,merinov_gosl,Gulf of Saint Lawrence,BMV,NA,BMV-NA-2012-7-7,2012,7,7,48.4893,-69.267,Fucus distichus subsp. edentatus,Random,NA,NA,NA,NA,0
3438,merinov_gosl,Gulf of Saint Lawrence,BMV,NA,BMV-NA-2012-7-7,2012,7,7,48.4893,-69.267,Fucus distichus subsp. evanescens,Random,NA,NA,NA,NA,0
3439,merinov_gosl,Gulf of Saint Lawrence,BMV,NA,BMV-NA-2012-7-7,2012,7,7,48.4893,-69.267,Fucus vesiculosus,Random,NA,NA,NA,NA,0
3440,merinov_gosl,Gulf of Saint Lawrence,BMV,NA,BMV-NA-2012-7-7,2012,7,7,48.4893,-69.2663,Ascophyllum nodosum,Random,NA,NA,NA,NA,0
3441,merinov_gosl,Gulf of Saint Lawrence,BMV,NA,BMV-NA-2012-7-7,2012,7,7,48.4893,-69.2663,Fucus distichus subsp. edentatus,Random,NA,NA,NA,NA,0
3442,merinov_gosl,Gulf of Saint Lawrence,BMV,NA,BMV-NA-2012-7-7,2012,7,7,48.4893,-69.2663,Fucus distichus subsp. evanescens,Random,NA,NA,2,2,0.01
3443,merinov_gosl,Gulf of Saint Lawrence,BMV,NA,BMV-NA-2012-7-7,2012,7,7,48.4893,-69.2663,Fucus vesiculosus,Random,NA,NA,NA,NA,0
3444,merinov_gosl,Gulf of Saint Lawrence,BMV,NA,BMV-NA-2012-7-7,2012,7,7,48.4893,-69.2657,Ascophyllum nodosum,Random,NA,NA,NA,NA,0
3445,merinov_gosl,Gulf of Saint Lawrence,BMV,NA,BMV-NA-2012-7-7,2012,7,7,48.4893,-69.2657,Fucus distichus subsp. edentatus,Random,NA,NA,NA,NA,0
3446,merinov_gosl,Gulf of Saint Lawrence,BMV,NA,BMV-NA-2012-7-7,2012,7,7,48.4893,-69.2657,Fucus distichus subsp. evanescens,Random,NA,NA,9,9,0.17
3447,merinov_gosl,Gulf of Saint Lawrence,BMV,NA,BMV-NA-2012-7-7,2012,7,7,48.4893,-69.2657,Fucus vesiculosus,Random,NA,NA,NA,NA,0
3448,merinov_gosl,Gulf of Saint Lawrence,BMV,NA,BMV-NA-2012-7-7,2012,7,7,48.4893,-69.265,Ascophyllum nodosum,Random,NA,NA,NA,NA,0
3449,merinov_gosl,Gulf of Saint Lawrence,BMV,NA,BMV-NA-2012-7-7,2012,7,7,48.4893,-69.265,Fucus distichus subsp. edentatus,Random,NA,NA,NA,NA,0
3450,merinov_gosl,Gulf of Saint Lawrence,BMV,NA,BMV-NA-2012-7-7,2012,7,7,48.4893,-69.265,Fucus distichus subsp. evanescens,Random,NA,NA,3,3,0.03
3451,merinov_gosl,Gulf of Saint Lawrence,BMV,NA,BMV-NA-2012-7-7,2012,7,7,48.4893,-69.265,Fucus vesiculosus,Random,NA,NA,2,2,0.01
3452,merinov_gosl,Gulf of Saint Lawrence,BMV,NA,BMV-NA-2012-7-7,2012,7,7,48.4893,-69.2643,Ascophyllum nodosum,Random,NA,NA,NA,NA,0
3453,merinov_gosl,Gulf of Saint Lawrence,BMV,NA,BMV-NA-2012-7-7,2012,7,7,48.4893,-69.2643,Fucus distichus subsp. edentatus,Random,NA,NA,NA,NA,0
3454,merinov_gosl,Gulf of Saint Lawrence,BMV,NA,BMV-NA-2012-7-7,2012,7,7,48.4893,-69.2643,Fucus distichus subsp. evanescens,Random,NA,NA,NA,NA,0
3455,merinov_gosl,Gulf of Saint Lawrence,BMV,NA,BMV-NA-2012-7-7,2012,7,7,48.4893,-69.2643,Fucus vesiculosus,Random,NA,NA,NA,NA,0
3456,merinov_gosl,Gulf of Saint Lawrence,BMV,NA,BMV-NA-2012-7-7,2012,7,7,48.4893,-69.2637,Ascophyllum nodosum,Random,NA,NA,NA,NA,0
3457,merinov_gosl,Gulf of Saint Lawrence,BMV,NA,BMV-NA-2012-7-7,2012,7,7,48.4893,-69.2637,Fucus distichus subsp. edentatus,Random,NA,NA,NA,NA,0
3458,merinov_gosl,Gulf of Saint Lawrence,BMV,NA,BMV-NA-2012-7-7,2012,7,7,48.4893,-69.2637,Fucus distichus subsp. evanescens,Random,NA,NA,NA,NA,0
3459,merinov_gosl,Gulf of Saint Lawrence,BMV,NA,BMV-NA-2012-7-7,2012,7,7,48.4893,-69.2637,Fucus vesiculosus,Random,NA,NA,NA,NA,0
3460,merinov_gosl,Gulf of Saint Lawrence,BMV,NA,BMV-NA-2012-7-7,2012,7,7,48.4893,-69.263,Ascophyllum nodosum,Random,NA,NA,NA,NA,0
3461,merinov_gosl,Gulf of Saint Lawrence,BMV,NA,BMV-NA-2012-7-7,2012,7,7,48.4893,-69.263,Fucus distichus subsp. edentatus,Random,NA,NA,NA,NA,0
3462,merinov_gosl,Gulf of Saint Lawrence,BMV,NA,BMV-NA-2012-7-7,2012,7,7,48.4893,-69.263,Fucus distichus subsp. evanescens,Random,NA,NA,NA,NA,0
3463,merinov_gosl,Gulf of Saint Lawrence,BMV,NA,BMV-NA-2012-7-7,2012,7,7,48.4893,-69.263,Fucus vesiculosus,Random,NA,NA,NA,NA,0
3464,merinov_gosl,Gulf of Saint Lawrence,BMV,NA,BMV-NA-2012-7-7,2012,7,7,48.4893,-69.2623,Ascophyllum nodosum,Random,NA,NA,NA,NA,0
3465,merinov_gosl,Gulf of Saint Lawrence,BMV,NA,BMV-NA-2012-7-7,2012,7,7,48.4893,-69.2623,Fucus distichus subsp. edentatus,Random,NA,NA,NA,NA,0
3466,merinov_gosl,Gulf of Saint Lawrence,BMV,NA,BMV-NA-2012-7-7,2012,7,7,48.4893,-69.2623,Fucus distichus subsp. evanescens,Random,NA,NA,NA,NA,0
3467,merinov_gosl,Gulf of Saint Lawrence,BMV,NA,BMV-NA-2012-7-7,2012,7,7,48.4893,-69.2623,Fucus vesiculosus,Random,NA,NA,NA,NA,0
3468,merinov_gosl,Gulf of Saint Lawrence,BMV,NA,BMV-NA-2012-7-7,2012,7,7,48.4893,-69.2617,Ascophyllum nodosum,Random,NA,NA,NA,NA,0
3469,merinov_gosl,Gulf of Saint Lawrence,BMV,NA,BMV-NA-2012-7-7,2012,7,7,48.4893,-69.2617,Fucus distichus subsp. edentatus,Random,NA,NA,NA,NA,0
3470,merinov_gosl,Gulf of Saint Lawrence,BMV,NA,BMV-NA-2012-7-7,2012,7,7,48.4893,-69.2617,Fucus distichus subsp. evanescens,Random,NA,NA,25,25,0.62
3471,merinov_gosl,Gulf of Saint Lawrence,BMV,NA,BMV-NA-2012-7-7,2012,7,7,48.4893,-69.2617,Fucus vesiculosus,Random,NA,NA,NA,NA,0
3472,merinov_gosl,Gulf of Saint Lawrence,BMV,NA,BMV-NA-2012-7-7,2012,7,7,48.4893,-69.261,Ascophyllum nodosum,Random,NA,NA,NA,NA,0
3473,merinov_gosl,Gulf of Saint Lawrence,BMV,NA,BMV-NA-2012-7-7,2012,7,7,48.4893,-69.261,Fucus distichus subsp. edentatus,Random,NA,NA,NA,NA,0
3474,merinov_gosl,Gulf of Saint Lawrence,BMV,NA,BMV-NA-2012-7-7,2012,7,7,48.4893,-69.261,Fucus distichus subsp. evanescens,Random,NA,NA,NA,NA,0
3475,merinov_gosl,Gulf of Saint Lawrence,BMV,NA,BMV-NA-2012-7-7,2012,7,7,48.4893,-69.261,Fucus vesiculosus,Random,NA,NA,NA,NA,0
3476,merinov_gosl,Gulf of Saint Lawrence,BMV,NA,BMV-NA-2012-7-7,2012,7,7,48.4893,-69.2603,Ascophyllum nodosum,Random,NA,NA,NA,NA,0
3477,merinov_gosl,Gulf of Saint Lawrence,BMV,NA,BMV-NA-2012-7-7,2012,7,7,48.4893,-69.2603,Fucus distichus subsp. edentatus,Random,NA,NA,NA,NA,0
3478,merinov_gosl,Gulf of Saint Lawrence,BMV,NA,BMV-NA-2012-7-7,2012,7,7,48.4893,-69.2603,Fucus distichus subsp. evanescens,Random,NA,NA,NA,NA,0
3479,merinov_gosl,Gulf of Saint Lawrence,BMV,NA,BMV-NA-2012-7-7,2012,7,7,48.4893,-69.2603,Fucus vesiculosus,Random,NA,NA,NA,NA,0
3480,merinov_gosl,Gulf of Saint Lawrence,BMV,NA,BMV-NA-2012-7-7,2012,7,7,48.4893,-69.2597,Ascophyllum nodosum,Random,NA,NA,NA,NA,0
3481,merinov_gosl,Gulf of Saint Lawrence,BMV,NA,BMV-NA-2012-7-7,2012,7,7,48.4893,-69.2597,Fucus distichus subsp. edentatus,Random,NA,NA,NA,NA,0
3482,merinov_gosl,Gulf of Saint Lawrence,BMV,NA,BMV-NA-2012-7-7,2012,7,7,48.4893,-69.2597,Fucus distichus subsp. evanescens,Random,NA,NA,40,40,3.87
3483,merinov_gosl,Gulf of Saint Lawrence,BMV,NA,BMV-NA-2012-7-7,2012,7,7,48.4893,-69.2597,Fucus vesiculosus,Random,NA,NA,6,6,1.24
3484,merinov_gosl,Gulf of Saint Lawrence,BMV,NA,BMV-NA-2012-7-19,2012,7,19,48.4938,-69.2777,Ascophyllum nodosum,Random,NA,NA,NA,NA,0
3485,merinov_gosl,Gulf of Saint Lawrence,BMV,NA,BMV-NA-2012-7-19,2012,7,19,48.4938,-69.2777,Fucus distichus subsp. edentatus,Random,NA,NA,NA,NA,0
3486,merinov_gosl,Gulf of Saint Lawrence,BMV,NA,BMV-NA-2012-7-19,2012,7,19,48.4938,-69.2777,Fucus distichus subsp. evanescens,Random,NA,NA,NA,NA,0
3487,merinov_gosl,Gulf of Saint Lawrence,BMV,NA,BMV-NA-2012-7-19,2012,7,19,48.4938,-69.2777,Fucus vesiculosus,Random,NA,NA,NA,NA,0
3488,merinov_gosl,Gulf of Saint Lawrence,BMV,NA,BMV-NA-2012-7-19,2012,7,19,48.4938,-69.2771,Ascophyllum nodosum,Random,NA,NA,NA,NA,0
3489,merinov_gosl,Gulf of Saint Lawrence,BMV,NA,BMV-NA-2012-7-19,2012,7,19,48.4938,-69.2771,Fucus distichus subsp. edentatus,Random,NA,NA,NA,NA,0
3490,merinov_gosl,Gulf of Saint Lawrence,BMV,NA,BMV-NA-2012-7-19,2012,7,19,48.4938,-69.2771,Fucus distichus subsp. evanescens,Random,NA,NA,NA,NA,0
3491,merinov_gosl,Gulf of Saint Lawrence,BMV,NA,BMV-NA-2012-7-19,2012,7,19,48.4938,-69.2771,Fucus vesiculosus,Random,NA,NA,NA,NA,0
3492,merinov_gosl,Gulf of Saint Lawrence,BMV,NA,BMV-NA-2012-7-19,2012,7,19,48.4938,-69.2764,Ascophyllum nodosum,Random,NA,NA,NA,NA,0
3493,merinov_gosl,Gulf of Saint Lawrence,BMV,NA,BMV-NA-2012-7-19,2012,7,19,48.4938,-69.2764,Fucus distichus subsp. edentatus,Random,NA,NA,NA,NA,0
3494,merinov_gosl,Gulf of Saint Lawrence,BMV,NA,BMV-NA-2012-7-19,2012,7,19,48.4938,-69.2764,Fucus distichus subsp. evanescens,Random,NA,NA,NA,NA,0
3495,merinov_gosl,Gulf of Saint Lawrence,BMV,NA,BMV-NA-2012-7-19,2012,7,19,48.4938,-69.2764,Fucus vesiculosus,Random,NA,NA,NA,NA,0
3496,merinov_gosl,Gulf of Saint Lawrence,BMV,NA,BMV-NA-2012-7-19,2012,7,19,48.4938,-69.2757,Ascophyllum nodosum,Random,NA,NA,NA,NA,0
3497,merinov_gosl,Gulf of Saint Lawrence,BMV,NA,BMV-NA-2012-7-19,2012,7,19,48.4938,-69.2757,Fucus distichus subsp. edentatus,Random,NA,NA,NA,NA,0
3498,merinov_gosl,Gulf of Saint Lawrence,BMV,NA,BMV-NA-2012-7-19,2012,7,19,48.4938,-69.2757,Fucus distichus subsp. evanescens,Random,NA,NA,1,1,0.01
3499,merinov_gosl,Gulf of Saint Lawrence,BMV,NA,BMV-NA-2012-7-19,2012,7,19,48.4938,-69.2757,Fucus vesiculosus,Random,NA,NA,NA,NA,0
3500,merinov_gosl,Gulf of Saint Lawrence,BMV,NA,BMV-NA-2012-7-19,2012,7,19,48.4938,-69.2751,Ascophyllum nodosum,Random,NA,NA,NA,NA,0
3501,merinov_gosl,Gulf of Saint Lawrence,BMV,NA,BMV-NA-2012-7-19,2012,7,19,48.4938,-69.2751,Fucus distichus subsp. edentatus,Random,NA,NA,NA,NA,0
3502,merinov_gosl,Gulf of Saint Lawrence,BMV,NA,BMV-NA-2012-7-19,2012,7,19,48.4938,-69.2751,Fucus distichus subsp. evanescens,Random,NA,NA,5,5,0.04
3503,merinov_gosl,Gulf of Saint Lawrence,BMV,NA,BMV-NA-2012-7-19,2012,7,19,48.4938,-69.2751,Fucus vesiculosus,Random,NA,NA,NA,NA,0
3504,merinov_gosl,Gulf of Saint Lawrence,BMV,NA,BMV-NA-2012-7-19,2012,7,19,48.4938,-69.2744,Ascophyllum nodosum,Random,NA,NA,NA,NA,0
3505,merinov_gosl,Gulf of Saint Lawrence,BMV,NA,BMV-NA-2012-7-19,2012,7,19,48.4938,-69.2744,Fucus distichus subsp. edentatus,Random,NA,NA,NA,NA,0
3506,merinov_gosl,Gulf of Saint Lawrence,BMV,NA,BMV-NA-2012-7-19,2012,7,19,48.4938,-69.2744,Fucus distichus subsp. evanescens,Random,NA,NA,2,2,0.01
3507,merinov_gosl,Gulf of Saint Lawrence,BMV,NA,BMV-NA-2012-7-19,2012,7,19,48.4938,-69.2744,Fucus vesiculosus,Random,NA,NA,NA,NA,0
3508,merinov_gosl,Gulf of Saint Lawrence,BMV,NA,BMV-NA-2012-7-19,2012,7,19,48.4938,-69.2737,Ascophyllum nodosum,Random,NA,NA,2,2,0.05
3509,merinov_gosl,Gulf of Saint Lawrence,BMV,NA,BMV-NA-2012-7-19,2012,7,19,48.4938,-69.2737,Fucus distichus subsp. edentatus,Random,NA,NA,NA,NA,0
3510,merinov_gosl,Gulf of Saint Lawrence,BMV,NA,BMV-NA-2012-7-19,2012,7,19,48.4938,-69.2737,Fucus distichus subsp. evanescens,Random,NA,NA,5,5,0.03
3511,merinov_gosl,Gulf of Saint Lawrence,BMV,NA,BMV-NA-2012-7-19,2012,7,19,48.4938,-69.2737,Fucus vesiculosus,Random,NA,NA,14,14,1.62
3512,merinov_gosl,Gulf of Saint Lawrence,BMV,NA,BMV-NA-2012-7-19,2012,7,19,48.4938,-69.2731,Ascophyllum nodosum,Random,NA,NA,55,55,3.95
3513,merinov_gosl,Gulf of Saint Lawrence,BMV,NA,BMV-NA-2012-7-19,2012,7,19,48.4938,-69.2731,Fucus distichus subsp. edentatus,Random,NA,NA,NA,NA,0
3514,merinov_gosl,Gulf of Saint Lawrence,BMV,NA,BMV-NA-2012-7-19,2012,7,19,48.4938,-69.2731,Fucus distichus subsp. evanescens,Random,NA,NA,11,11,0.19
3515,merinov_gosl,Gulf of Saint Lawrence,BMV,NA,BMV-NA-2012-7-19,2012,7,19,48.4938,-69.2731,Fucus vesiculosus,Random,NA,NA,5,5,1
3516,merinov_gosl,Gulf of Saint Lawrence,BMV,NA,BMV-NA-2012-7-19,2012,7,19,48.4938,-69.2724,Ascophyllum nodosum,Random,NA,NA,NA,NA,0
3517,merinov_gosl,Gulf of Saint Lawrence,BMV,NA,BMV-NA-2012-7-19,2012,7,19,48.4938,-69.2724,Fucus distichus subsp. edentatus,Random,NA,NA,NA,NA,0
3518,merinov_gosl,Gulf of Saint Lawrence,BMV,NA,BMV-NA-2012-7-19,2012,7,19,48.4938,-69.2724,Fucus distichus subsp. evanescens,Random,NA,NA,5,5,0.38
3519,merinov_gosl,Gulf of Saint Lawrence,BMV,NA,BMV-NA-2012-7-19,2012,7,19,48.4938,-69.2724,Fucus vesiculosus,Random,NA,NA,NA,NA,0
3520,merinov_gosl,Gulf of Saint Lawrence,BMV,NA,BMV-NA-2012-7-19,2012,7,19,48.4938,-69.2717,Ascophyllum nodosum,Random,NA,NA,NA,NA,0
3521,merinov_gosl,Gulf of Saint Lawrence,BMV,NA,BMV-NA-2012-7-19,2012,7,19,48.4938,-69.2717,Fucus distichus subsp. edentatus,Random,NA,NA,NA,NA,0
3522,merinov_gosl,Gulf of Saint Lawrence,BMV,NA,BMV-NA-2012-7-19,2012,7,19,48.4938,-69.2717,Fucus distichus subsp. evanescens,Random,NA,NA,3,3,0.01
3523,merinov_gosl,Gulf of Saint Lawrence,BMV,NA,BMV-NA-2012-7-19,2012,7,19,48.4938,-69.2717,Fucus vesiculosus,Random,NA,NA,NA,NA,0
3524,merinov_gosl,Gulf of Saint Lawrence,BMV,NA,BMV-NA-2012-7-19,2012,7,19,48.4938,-69.2711,Ascophyllum nodosum,Random,NA,NA,NA,NA,0
3525,merinov_gosl,Gulf of Saint Lawrence,BMV,NA,BMV-NA-2012-7-19,2012,7,19,48.4938,-69.2711,Fucus distichus subsp. edentatus,Random,NA,NA,NA,NA,0
3526,merinov_gosl,Gulf of Saint Lawrence,BMV,NA,BMV-NA-2012-7-19,2012,7,19,48.4938,-69.2711,Fucus distichus subsp. evanescens,Random,NA,NA,15,15,0.04
3527,merinov_gosl,Gulf of Saint Lawrence,BMV,NA,BMV-NA-2012-7-19,2012,7,19,48.4938,-69.2711,Fucus vesiculosus,Random,NA,NA,NA,NA,0
3528,merinov_gosl,Gulf of Saint Lawrence,BMV,NA,BMV-NA-2012-7-19,2012,7,19,48.4938,-69.2704,Ascophyllum nodosum,Random,NA,NA,53,53,6.18
3529,merinov_gosl,Gulf of Saint Lawrence,BMV,NA,BMV-NA-2012-7-19,2012,7,19,48.4938,-69.2704,Fucus distichus subsp. edentatus,Random,NA,NA,NA,NA,0
3530,merinov_gosl,Gulf of Saint Lawrence,BMV,NA,BMV-NA-2012-7-19,2012,7,19,48.4938,-69.2704,Fucus distichus subsp. evanescens,Random,NA,NA,8,8,0.27
3531,merinov_gosl,Gulf of Saint Lawrence,BMV,NA,BMV-NA-2012-7-19,2012,7,19,48.4938,-69.2704,Fucus vesiculosus,Random,NA,NA,19,19,3.08
3532,merinov_gosl,Gulf of Saint Lawrence,BMV,NA,BMV-NA-2012-7-19,2012,7,19,48.4938,-69.2697,Ascophyllum nodosum,Random,NA,NA,NA,NA,0
3533,merinov_gosl,Gulf of Saint Lawrence,BMV,NA,BMV-NA-2012-7-19,2012,7,19,48.4938,-69.2697,Fucus distichus subsp. edentatus,Random,NA,NA,NA,NA,0
3534,merinov_gosl,Gulf of Saint Lawrence,BMV,NA,BMV-NA-2012-7-19,2012,7,19,48.4938,-69.2697,Fucus distichus subsp. evanescens,Random,NA,NA,NA,NA,0
3535,merinov_gosl,Gulf of Saint Lawrence,BMV,NA,BMV-NA-2012-7-19,2012,7,19,48.4938,-69.2697,Fucus vesiculosus,Random,NA,NA,NA,NA,0
3536,merinov_gosl,Gulf of Saint Lawrence,BMV,NA,BMV-NA-2012-7-19,2012,7,19,48.4938,-69.2691,Ascophyllum nodosum,Random,NA,NA,NA,NA,0
3537,merinov_gosl,Gulf of Saint Lawrence,BMV,NA,BMV-NA-2012-7-19,2012,7,19,48.4938,-69.2691,Fucus distichus subsp. edentatus,Random,NA,NA,NA,NA,0
3538,merinov_gosl,Gulf of Saint Lawrence,BMV,NA,BMV-NA-2012-7-19,2012,7,19,48.4938,-69.2691,Fucus distichus subsp. evanescens,Random,NA,NA,NA,NA,0
3539,merinov_gosl,Gulf of Saint Lawrence,BMV,NA,BMV-NA-2012-7-19,2012,7,19,48.4938,-69.2691,Fucus vesiculosus,Random,NA,NA,NA,NA,0
3540,merinov_gosl,Gulf of Saint Lawrence,BMV,NA,BMV-NA-2012-7-19,2012,7,19,48.4938,-69.2684,Ascophyllum nodosum,Random,NA,NA,NA,NA,0
3541,merinov_gosl,Gulf of Saint Lawrence,BMV,NA,BMV-NA-2012-7-19,2012,7,19,48.4938,-69.2684,Fucus distichus subsp. edentatus,Random,NA,NA,NA,NA,0
3542,merinov_gosl,Gulf of Saint Lawrence,BMV,NA,BMV-NA-2012-7-19,2012,7,19,48.4938,-69.2684,Fucus distichus subsp. evanescens,Random,NA,NA,3,3,0.03
3543,merinov_gosl,Gulf of Saint Lawrence,BMV,NA,BMV-NA-2012-7-19,2012,7,19,48.4938,-69.2684,Fucus vesiculosus,Random,NA,NA,NA,NA,0
3544,merinov_gosl,Gulf of Saint Lawrence,BMV,NA,BMV-NA-2012-7-19,2012,7,19,48.4938,-69.2677,Ascophyllum nodosum,Random,NA,NA,NA,NA,0
3545,merinov_gosl,Gulf of Saint Lawrence,BMV,NA,BMV-NA-2012-7-19,2012,7,19,48.4938,-69.2677,Fucus distichus subsp. edentatus,Random,NA,NA,NA,NA,0
3546,merinov_gosl,Gulf of Saint Lawrence,BMV,NA,BMV-NA-2012-7-19,2012,7,19,48.4938,-69.2677,Fucus distichus subsp. evanescens,Random,NA,NA,NA,NA,0
3547,merinov_gosl,Gulf of Saint Lawrence,BMV,NA,BMV-NA-2012-7-19,2012,7,19,48.4938,-69.2677,Fucus vesiculosus,Random,NA,NA,NA,NA,0
3548,merinov_gosl,Gulf of Saint Lawrence,BMV,NA,BMV-NA-2012-7-19,2012,7,19,48.4938,-69.2671,Ascophyllum nodosum,Random,NA,NA,5,5,0.46
3549,merinov_gosl,Gulf of Saint Lawrence,BMV,NA,BMV-NA-2012-7-19,2012,7,19,48.4938,-69.2671,Fucus distichus subsp. edentatus,Random,NA,NA,NA,NA,0
3550,merinov_gosl,Gulf of Saint Lawrence,BMV,NA,BMV-NA-2012-7-19,2012,7,19,48.4938,-69.2671,Fucus distichus subsp. evanescens,Random,NA,NA,2,2,0.02
3551,merinov_gosl,Gulf of Saint Lawrence,BMV,NA,BMV-NA-2012-7-19,2012,7,19,48.4938,-69.2671,Fucus vesiculosus,Random,NA,NA,NA,NA,0
3552,merinov_gosl,Gulf of Saint Lawrence,BMV,NA,BMV-NA-2012-7-19,2012,7,19,48.4938,-69.2664,Ascophyllum nodosum,Random,NA,NA,NA,NA,0
3553,merinov_gosl,Gulf of Saint Lawrence,BMV,NA,BMV-NA-2012-7-19,2012,7,19,48.4938,-69.2664,Fucus distichus subsp. edentatus,Random,NA,NA,NA,NA,0
3554,merinov_gosl,Gulf of Saint Lawrence,BMV,NA,BMV-NA-2012-7-19,2012,7,19,48.4938,-69.2664,Fucus distichus subsp. evanescens,Random,NA,NA,17,17,1.03
3555,merinov_gosl,Gulf of Saint Lawrence,BMV,NA,BMV-NA-2012-7-19,2012,7,19,48.4938,-69.2664,Fucus vesiculosus,Random,NA,NA,NA,NA,0
3556,merinov_gosl,Gulf of Saint Lawrence,BMV,NA,BMV-NA-2012-7-19,2012,7,19,48.4938,-69.2657,Ascophyllum nodosum,Random,NA,NA,NA,NA,0
3557,merinov_gosl,Gulf of Saint Lawrence,BMV,NA,BMV-NA-2012-7-19,2012,7,19,48.4938,-69.2657,Fucus distichus subsp. edentatus,Random,NA,NA,NA,NA,0
3558,merinov_gosl,Gulf of Saint Lawrence,BMV,NA,BMV-NA-2012-7-19,2012,7,19,48.4938,-69.2657,Fucus distichus subsp. evanescens,Random,NA,NA,2,2,0.02
3559,merinov_gosl,Gulf of Saint Lawrence,BMV,NA,BMV-NA-2012-7-19,2012,7,19,48.4938,-69.2657,Fucus vesiculosus,Random,NA,NA,NA,NA,0
3560,merinov_gosl,Gulf of Saint Lawrence,BMV,NA,BMV-NA-2012-7-19,2012,7,19,48.4938,-69.2651,Ascophyllum nodosum,Random,NA,NA,NA,NA,0
3561,merinov_gosl,Gulf of Saint Lawrence,BMV,NA,BMV-NA-2012-7-19,2012,7,19,48.4938,-69.2651,Fucus distichus subsp. edentatus,Random,NA,NA,NA,NA,0
3562,merinov_gosl,Gulf of Saint Lawrence,BMV,NA,BMV-NA-2012-7-19,2012,7,19,48.4938,-69.2651,Fucus distichus subsp. evanescens,Random,NA,NA,1,1,0.03
3563,merinov_gosl,Gulf of Saint Lawrence,BMV,NA,BMV-NA-2012-7-19,2012,7,19,48.4938,-69.2651,Fucus vesiculosus,Random,NA,NA,NA,NA,0
3564,merinov_gosl,Gulf of Saint Lawrence,BMV,NA,BMV-NA-2012-7-19,2012,7,19,48.4938,-69.2644,Ascophyllum nodosum,Random,NA,NA,NA,NA,0
3565,merinov_gosl,Gulf of Saint Lawrence,BMV,NA,BMV-NA-2012-7-19,2012,7,19,48.4938,-69.2644,Fucus distichus subsp. edentatus,Random,NA,NA,NA,NA,0
3566,merinov_gosl,Gulf of Saint Lawrence,BMV,NA,BMV-NA-2012-7-19,2012,7,19,48.4938,-69.2644,Fucus distichus subsp. evanescens,Random,NA,NA,NA,NA,0
3567,merinov_gosl,Gulf of Saint Lawrence,BMV,NA,BMV-NA-2012-7-19,2012,7,19,48.4938,-69.2644,Fucus vesiculosus,Random,NA,NA,NA,NA,0
3568,merinov_gosl,Gulf of Saint Lawrence,BMV,NA,BMV-NA-2012-7-19,2012,7,19,48.4938,-69.2637,Ascophyllum nodosum,Random,NA,NA,NA,NA,0
3569,merinov_gosl,Gulf of Saint Lawrence,BMV,NA,BMV-NA-2012-7-19,2012,7,19,48.4938,-69.2637,Fucus distichus subsp. edentatus,Random,NA,NA,NA,NA,0
3570,merinov_gosl,Gulf of Saint Lawrence,BMV,NA,BMV-NA-2012-7-19,2012,7,19,48.4938,-69.2637,Fucus distichus subsp. evanescens,Random,NA,NA,18,18,2.02
3571,merinov_gosl,Gulf of Saint Lawrence,BMV,NA,BMV-NA-2012-7-19,2012,7,19,48.4938,-69.2637,Fucus vesiculosus,Random,NA,NA,NA,NA,0
3572,merinov_gosl,Gulf of Saint Lawrence,BMV,NA,BMV-NA-2012-7-19,2012,7,19,48.4938,-69.2631,Ascophyllum nodosum,Random,NA,NA,NA,NA,0
3573,merinov_gosl,Gulf of Saint Lawrence,BMV,NA,BMV-NA-2012-7-19,2012,7,19,48.4938,-69.2631,Fucus distichus subsp. edentatus,Random,NA,NA,NA,NA,0
3574,merinov_gosl,Gulf of Saint Lawrence,BMV,NA,BMV-NA-2012-7-19,2012,7,19,48.4938,-69.2631,Fucus distichus subsp. evanescens,Random,NA,NA,NA,NA,0
3575,merinov_gosl,Gulf of Saint Lawrence,BMV,NA,BMV-NA-2012-7-19,2012,7,19,48.4938,-69.2631,Fucus vesiculosus,Random,NA,NA,NA,NA,0
3576,merinov_gosl,Gulf of Saint Lawrence,BMV,NA,BMV-NA-2012-7-19,2012,7,19,48.4938,-69.2624,Ascophyllum nodosum,Random,NA,NA,NA,NA,0
3577,merinov_gosl,Gulf of Saint Lawrence,BMV,NA,BMV-NA-2012-7-19,2012,7,19,48.4938,-69.2624,Fucus distichus subsp. edentatus,Random,NA,NA,NA,NA,0
3578,merinov_gosl,Gulf of Saint Lawrence,BMV,NA,BMV-NA-2012-7-19,2012,7,19,48.4938,-69.2624,Fucus distichus subsp. evanescens,Random,NA,NA,NA,NA,0
3579,merinov_gosl,Gulf of Saint Lawrence,BMV,NA,BMV-NA-2012-7-19,2012,7,19,48.4938,-69.2624,Fucus vesiculosus,Random,NA,NA,NA,NA,0
3580,merinov_gosl,Gulf of Saint Lawrence,BMV,NA,BMV-NA-2012-7-19,2012,7,19,48.4938,-69.2617,Ascophyllum nodosum,Random,NA,NA,NA,NA,0
3581,merinov_gosl,Gulf of Saint Lawrence,BMV,NA,BMV-NA-2012-7-19,2012,7,19,48.4938,-69.2617,Fucus distichus subsp. edentatus,Random,NA,NA,NA,NA,0
3582,merinov_gosl,Gulf of Saint Lawrence,BMV,NA,BMV-NA-2012-7-19,2012,7,19,48.4938,-69.2617,Fucus distichus subsp. evanescens,Random,NA,NA,NA,NA,0
3583,merinov_gosl,Gulf of Saint Lawrence,BMV,NA,BMV-NA-2012-7-19,2012,7,19,48.4938,-69.2617,Fucus vesiculosus,Random,NA,NA,NA,NA,0
3584,merinov_gosl,Gulf of Saint Lawrence,BMV,NA,BMV-NA-2012-7-19,2012,7,19,48.4938,-69.2611,Ascophyllum nodosum,Random,NA,NA,NA,NA,0
3585,merinov_gosl,Gulf of Saint Lawrence,BMV,NA,BMV-NA-2012-7-19,2012,7,19,48.4938,-69.2611,Fucus distichus subsp. edentatus,Random,NA,NA,NA,NA,0
3586,merinov_gosl,Gulf of Saint Lawrence,BMV,NA,BMV-NA-2012-7-19,2012,7,19,48.4938,-69.2611,Fucus distichus subsp. evanescens,Random,NA,NA,NA,NA,0
3587,merinov_gosl,Gulf of Saint Lawrence,BMV,NA,BMV-NA-2012-7-19,2012,7,19,48.4938,-69.2611,Fucus vesiculosus,Random,NA,NA,NA,NA,0
3588,merinov_gosl,Gulf of Saint Lawrence,BMV,NA,BMV-NA-2012-7-19,2012,7,19,48.4938,-69.2604,Ascophyllum nodosum,Random,NA,NA,NA,NA,0
3589,merinov_gosl,Gulf of Saint Lawrence,BMV,NA,BMV-NA-2012-7-19,2012,7,19,48.4938,-69.2604,Fucus distichus subsp. edentatus,Random,NA,NA,NA,NA,0
3590,merinov_gosl,Gulf of Saint Lawrence,BMV,NA,BMV-NA-2012-7-19,2012,7,19,48.4938,-69.2604,Fucus distichus subsp. evanescens,Random,NA,NA,NA,NA,0
3591,merinov_gosl,Gulf of Saint Lawrence,BMV,NA,BMV-NA-2012-7-19,2012,7,19,48.4938,-69.2604,Fucus vesiculosus,Random,NA,NA,NA,NA,0
3592,merinov_gosl,Gulf of Saint Lawrence,BMV,NA,BMV-NA-2012-7-19,2012,7,19,48.4938,-69.2597,Ascophyllum nodosum,Random,NA,NA,NA,NA,0
3593,merinov_gosl,Gulf of Saint Lawrence,BMV,NA,BMV-NA-2012-7-19,2012,7,19,48.4938,-69.2597,Fucus distichus subsp. edentatus,Random,NA,NA,NA,NA,0
3594,merinov_gosl,Gulf of Saint Lawrence,BMV,NA,BMV-NA-2012-7-19,2012,7,19,48.4938,-69.2597,Fucus distichus subsp. evanescens,Random,NA,NA,11,11,0.45
3595,merinov_gosl,Gulf of Saint Lawrence,BMV,NA,BMV-NA-2012-7-19,2012,7,19,48.4938,-69.2597,Fucus vesiculosus,Random,NA,NA,NA,NA,0
3596,merinov_gosl,Gulf of Saint Lawrence,BMV,NA,BMV-NA-2012-7-19,2012,7,19,48.4938,-69.2591,Ascophyllum nodosum,Random,NA,NA,NA,NA,0
3597,merinov_gosl,Gulf of Saint Lawrence,BMV,NA,BMV-NA-2012-7-19,2012,7,19,48.4938,-69.2591,Fucus distichus subsp. edentatus,Random,NA,NA,NA,NA,0
3598,merinov_gosl,Gulf of Saint Lawrence,BMV,NA,BMV-NA-2012-7-19,2012,7,19,48.4938,-69.2591,Fucus distichus subsp. evanescens,Random,NA,NA,NA,NA,0
3599,merinov_gosl,Gulf of Saint Lawrence,BMV,NA,BMV-NA-2012-7-19,2012,7,19,48.4938,-69.2591,Fucus vesiculosus,Random,NA,NA,NA,NA,0
3600,merinov_gosl,Gulf of Saint Lawrence,BMV,NA,BMV-NA-2012-7-19,2012,7,19,48.4983,-69.2792,Ascophyllum nodosum,Random,NA,NA,NA,NA,0
3601,merinov_gosl,Gulf of Saint Lawrence,BMV,NA,BMV-NA-2012-7-19,2012,7,19,48.4983,-69.2792,Fucus distichus subsp. edentatus,Random,NA,NA,NA,NA,0
3602,merinov_gosl,Gulf of Saint Lawrence,BMV,NA,BMV-NA-2012-7-19,2012,7,19,48.4983,-69.2792,Fucus distichus subsp. evanescens,Random,NA,NA,NA,NA,0
3603,merinov_gosl,Gulf of Saint Lawrence,BMV,NA,BMV-NA-2012-7-19,2012,7,19,48.4983,-69.2792,Fucus vesiculosus,Random,NA,NA,NA,NA,0
3604,merinov_gosl,Gulf of Saint Lawrence,BMV,NA,BMV-NA-2012-7-19,2012,7,19,48.4983,-69.2785,Ascophyllum nodosum,Random,NA,NA,NA,NA,0
3605,merinov_gosl,Gulf of Saint Lawrence,BMV,NA,BMV-NA-2012-7-19,2012,7,19,48.4983,-69.2785,Fucus distichus subsp. edentatus,Random,NA,NA,NA,NA,0
3606,merinov_gosl,Gulf of Saint Lawrence,BMV,NA,BMV-NA-2012-7-19,2012,7,19,48.4983,-69.2785,Fucus distichus subsp. evanescens,Random,NA,NA,NA,NA,0
3607,merinov_gosl,Gulf of Saint Lawrence,BMV,NA,BMV-NA-2012-7-19,2012,7,19,48.4983,-69.2785,Fucus vesiculosus,Random,NA,NA,NA,NA,0
3608,merinov_gosl,Gulf of Saint Lawrence,BMV,NA,BMV-NA-2012-7-19,2012,7,19,48.4983,-69.2779,Ascophyllum nodosum,Random,NA,NA,NA,NA,0
3609,merinov_gosl,Gulf of Saint Lawrence,BMV,NA,BMV-NA-2012-7-19,2012,7,19,48.4983,-69.2779,Fucus distichus subsp. edentatus,Random,NA,NA,NA,NA,0
3610,merinov_gosl,Gulf of Saint Lawrence,BMV,NA,BMV-NA-2012-7-19,2012,7,19,48.4983,-69.2779,Fucus distichus subsp. evanescens,Random,NA,NA,NA,NA,0
3611,merinov_gosl,Gulf of Saint Lawrence,BMV,NA,BMV-NA-2012-7-19,2012,7,19,48.4983,-69.2779,Fucus vesiculosus,Random,NA,NA,NA,NA,0
3612,merinov_gosl,Gulf of Saint Lawrence,BMV,NA,BMV-NA-2012-7-19,2012,7,19,48.4983,-69.2772,Ascophyllum nodosum,Random,NA,NA,NA,NA,0
3613,merinov_gosl,Gulf of Saint Lawrence,BMV,NA,BMV-NA-2012-7-19,2012,7,19,48.4983,-69.2772,Fucus distichus subsp. edentatus,Random,NA,NA,NA,NA,0
3614,merinov_gosl,Gulf of Saint Lawrence,BMV,NA,BMV-NA-2012-7-19,2012,7,19,48.4983,-69.2772,Fucus distichus subsp. evanescens,Random,NA,NA,NA,NA,0
3615,merinov_gosl,Gulf of Saint Lawrence,BMV,NA,BMV-NA-2012-7-19,2012,7,19,48.4983,-69.2772,Fucus vesiculosus,Random,NA,NA,NA,NA,0
3616,merinov_gosl,Gulf of Saint Lawrence,BMV,NA,BMV-NA-2012-7-19,2012,7,19,48.4983,-69.2765,Ascophyllum nodosum,Random,NA,NA,NA,NA,0
3617,merinov_gosl,Gulf of Saint Lawrence,BMV,NA,BMV-NA-2012-7-19,2012,7,19,48.4983,-69.2765,Fucus distichus subsp. edentatus,Random,NA,NA,NA,NA,0
3618,merinov_gosl,Gulf of Saint Lawrence,BMV,NA,BMV-NA-2012-7-19,2012,7,19,48.4983,-69.2765,Fucus distichus subsp. evanescens,Random,NA,NA,NA,NA,0
3619,merinov_gosl,Gulf of Saint Lawrence,BMV,NA,BMV-NA-2012-7-19,2012,7,19,48.4983,-69.2765,Fucus vesiculosus,Random,NA,NA,NA,NA,0
3620,merinov_gosl,Gulf of Saint Lawrence,BMV,NA,BMV-NA-2012-7-19,2012,7,19,48.4983,-69.2759,Ascophyllum nodosum,Random,NA,NA,NA,NA,0
3621,merinov_gosl,Gulf of Saint Lawrence,BMV,NA,BMV-NA-2012-7-19,2012,7,19,48.4983,-69.2759,Fucus distichus subsp. edentatus,Random,NA,NA,NA,NA,0
3622,merinov_gosl,Gulf of Saint Lawrence,BMV,NA,BMV-NA-2012-7-19,2012,7,19,48.4983,-69.2759,Fucus distichus subsp. evanescens,Random,NA,NA,NA,NA,0
3623,merinov_gosl,Gulf of Saint Lawrence,BMV,NA,BMV-NA-2012-7-19,2012,7,19,48.4983,-69.2759,Fucus vesiculosus,Random,NA,NA,NA,NA,0
3624,merinov_gosl,Gulf of Saint Lawrence,BMV,NA,BMV-NA-2012-7-19,2012,7,19,48.4983,-69.2752,Ascophyllum nodosum,Random,NA,NA,NA,NA,0
3625,merinov_gosl,Gulf of Saint Lawrence,BMV,NA,BMV-NA-2012-7-19,2012,7,19,48.4983,-69.2752,Fucus distichus subsp. edentatus,Random,NA,NA,NA,NA,0
3626,merinov_gosl,Gulf of Saint Lawrence,BMV,NA,BMV-NA-2012-7-19,2012,7,19,48.4983,-69.2752,Fucus distichus subsp. evanescens,Random,NA,NA,NA,NA,0
3627,merinov_gosl,Gulf of Saint Lawrence,BMV,NA,BMV-NA-2012-7-19,2012,7,19,48.4983,-69.2752,Fucus vesiculosus,Random,NA,NA,NA,NA,0
3628,merinov_gosl,Gulf of Saint Lawrence,BMV,NA,BMV-NA-2012-7-19,2012,7,19,48.4983,-69.2745,Ascophyllum nodosum,Random,NA,NA,NA,NA,0
3629,merinov_gosl,Gulf of Saint Lawrence,BMV,NA,BMV-NA-2012-7-19,2012,7,19,48.4983,-69.2745,Fucus distichus subsp. edentatus,Random,NA,NA,NA,NA,0
3630,merinov_gosl,Gulf of Saint Lawrence,BMV,NA,BMV-NA-2012-7-19,2012,7,19,48.4983,-69.2745,Fucus distichus subsp. evanescens,Random,NA,NA,NA,NA,0
3631,merinov_gosl,Gulf of Saint Lawrence,BMV,NA,BMV-NA-2012-7-19,2012,7,19,48.4983,-69.2745,Fucus vesiculosus,Random,NA,NA,NA,NA,0
3632,merinov_gosl,Gulf of Saint Lawrence,BMV,NA,BMV-NA-2012-7-19,2012,7,19,48.4983,-69.2739,Ascophyllum nodosum,Random,NA,NA,NA,NA,0
3633,merinov_gosl,Gulf of Saint Lawrence,BMV,NA,BMV-NA-2012-7-19,2012,7,19,48.4983,-69.2739,Fucus distichus subsp. edentatus,Random,NA,NA,NA,NA,0
3634,merinov_gosl,Gulf of Saint Lawrence,BMV,NA,BMV-NA-2012-7-19,2012,7,19,48.4983,-69.2739,Fucus distichus subsp. evanescens,Random,NA,NA,NA,NA,0
3635,merinov_gosl,Gulf of Saint Lawrence,BMV,NA,BMV-NA-2012-7-19,2012,7,19,48.4983,-69.2739,Fucus vesiculosus,Random,NA,NA,NA,NA,0
3636,merinov_gosl,Gulf of Saint Lawrence,BMV,NA,BMV-NA-2012-7-19,2012,7,19,48.4983,-69.2732,Ascophyllum nodosum,Random,NA,NA,NA,NA,0
3637,merinov_gosl,Gulf of Saint Lawrence,BMV,NA,BMV-NA-2012-7-19,2012,7,19,48.4983,-69.2732,Fucus distichus subsp. edentatus,Random,NA,NA,NA,NA,0
3638,merinov_gosl,Gulf of Saint Lawrence,BMV,NA,BMV-NA-2012-7-19,2012,7,19,48.4983,-69.2732,Fucus distichus subsp. evanescens,Random,NA,NA,10,10,0.35
3639,merinov_gosl,Gulf of Saint Lawrence,BMV,NA,BMV-NA-2012-7-19,2012,7,19,48.4983,-69.2732,Fucus vesiculosus,Random,NA,NA,1,1,0.08
3640,merinov_gosl,Gulf of Saint Lawrence,BMV,NA,BMV-NA-2012-7-19,2012,7,19,48.4983,-69.2725,Ascophyllum nodosum,Random,NA,NA,1,1,0.02
3641,merinov_gosl,Gulf of Saint Lawrence,BMV,NA,BMV-NA-2012-7-19,2012,7,19,48.4983,-69.2725,Fucus distichus subsp. edentatus,Random,NA,NA,NA,NA,0
3642,merinov_gosl,Gulf of Saint Lawrence,BMV,NA,BMV-NA-2012-7-19,2012,7,19,48.4983,-69.2725,Fucus distichus subsp. evanescens,Random,NA,NA,2,2,0.08
3643,merinov_gosl,Gulf of Saint Lawrence,BMV,NA,BMV-NA-2012-7-19,2012,7,19,48.4983,-69.2725,Fucus vesiculosus,Random,NA,NA,NA,NA,0
3644,merinov_gosl,Gulf of Saint Lawrence,BMV,NA,BMV-NA-2012-7-19,2012,7,19,48.4983,-69.2719,Ascophyllum nodosum,Random,NA,NA,16,16,3.13
3645,merinov_gosl,Gulf of Saint Lawrence,BMV,NA,BMV-NA-2012-7-19,2012,7,19,48.4983,-69.2719,Fucus distichus subsp. edentatus,Random,NA,NA,NA,NA,0
3646,merinov_gosl,Gulf of Saint Lawrence,BMV,NA,BMV-NA-2012-7-19,2012,7,19,48.4983,-69.2719,Fucus distichus subsp. evanescens,Random,NA,NA,12,12,0.33
3647,merinov_gosl,Gulf of Saint Lawrence,BMV,NA,BMV-NA-2012-7-19,2012,7,19,48.4983,-69.2719,Fucus vesiculosus,Random,NA,NA,15,15,0.82
3648,merinov_gosl,Gulf of Saint Lawrence,BMV,NA,BMV-NA-2012-7-19,2012,7,19,48.4983,-69.2712,Ascophyllum nodosum,Random,NA,NA,NA,NA,0
3649,merinov_gosl,Gulf of Saint Lawrence,BMV,NA,BMV-NA-2012-7-19,2012,7,19,48.4983,-69.2712,Fucus distichus subsp. edentatus,Random,NA,NA,NA,NA,0
3650,merinov_gosl,Gulf of Saint Lawrence,BMV,NA,BMV-NA-2012-7-19,2012,7,19,48.4983,-69.2712,Fucus distichus subsp. evanescens,Random,NA,NA,2,2,0.01
3651,merinov_gosl,Gulf of Saint Lawrence,BMV,NA,BMV-NA-2012-7-19,2012,7,19,48.4983,-69.2712,Fucus vesiculosus,Random,NA,NA,NA,NA,0
3652,merinov_gosl,Gulf of Saint Lawrence,BMV,NA,BMV-NA-2012-7-19,2012,7,19,48.4983,-69.2705,Ascophyllum nodosum,Random,NA,NA,NA,NA,0
3653,merinov_gosl,Gulf of Saint Lawrence,BMV,NA,BMV-NA-2012-7-19,2012,7,19,48.4983,-69.2705,Fucus distichus subsp. edentatus,Random,NA,NA,NA,NA,0
3654,merinov_gosl,Gulf of Saint Lawrence,BMV,NA,BMV-NA-2012-7-19,2012,7,19,48.4983,-69.2705,Fucus distichus subsp. evanescens,Random,NA,NA,1,1,0.01
3655,merinov_gosl,Gulf of Saint Lawrence,BMV,NA,BMV-NA-2012-7-19,2012,7,19,48.4983,-69.2705,Fucus vesiculosus,Random,NA,NA,NA,NA,0
3656,merinov_gosl,Gulf of Saint Lawrence,BMV,NA,BMV-NA-2012-7-19,2012,7,19,48.4983,-69.2699,Ascophyllum nodosum,Random,NA,NA,NA,NA,0
3657,merinov_gosl,Gulf of Saint Lawrence,BMV,NA,BMV-NA-2012-7-19,2012,7,19,48.4983,-69.2699,Fucus distichus subsp. edentatus,Random,NA,NA,NA,NA,0
3658,merinov_gosl,Gulf of Saint Lawrence,BMV,NA,BMV-NA-2012-7-19,2012,7,19,48.4983,-69.2699,Fucus distichus subsp. evanescens,Random,NA,NA,1,1,0.03
3659,merinov_gosl,Gulf of Saint Lawrence,BMV,NA,BMV-NA-2012-7-19,2012,7,19,48.4983,-69.2699,Fucus vesiculosus,Random,NA,NA,NA,NA,0
3660,merinov_gosl,Gulf of Saint Lawrence,BMV,NA,BMV-NA-2012-7-19,2012,7,19,48.4983,-69.2692,Ascophyllum nodosum,Random,NA,NA,NA,NA,0
3661,merinov_gosl,Gulf of Saint Lawrence,BMV,NA,BMV-NA-2012-7-19,2012,7,19,48.4983,-69.2692,Fucus distichus subsp. edentatus,Random,NA,NA,NA,NA,0
3662,merinov_gosl,Gulf of Saint Lawrence,BMV,NA,BMV-NA-2012-7-19,2012,7,19,48.4983,-69.2692,Fucus distichus subsp. evanescens,Random,NA,NA,NA,NA,0
3663,merinov_gosl,Gulf of Saint Lawrence,BMV,NA,BMV-NA-2012-7-19,2012,7,19,48.4983,-69.2692,Fucus vesiculosus,Random,NA,NA,NA,NA,0
3664,merinov_gosl,Gulf of Saint Lawrence,BMV,NA,BMV-NA-2012-7-19,2012,7,19,48.4983,-69.2685,Ascophyllum nodosum,Random,NA,NA,NA,NA,0
3665,merinov_gosl,Gulf of Saint Lawrence,BMV,NA,BMV-NA-2012-7-19,2012,7,19,48.4983,-69.2685,Fucus distichus subsp. edentatus,Random,NA,NA,NA,NA,0
3666,merinov_gosl,Gulf of Saint Lawrence,BMV,NA,BMV-NA-2012-7-19,2012,7,19,48.4983,-69.2685,Fucus distichus subsp. evanescens,Random,NA,NA,24,24,0.67
3667,merinov_gosl,Gulf of Saint Lawrence,BMV,NA,BMV-NA-2012-7-19,2012,7,19,48.4983,-69.2685,Fucus vesiculosus,Random,NA,NA,NA,NA,0
3668,merinov_gosl,Gulf of Saint Lawrence,BMV,NA,BMV-NA-2012-7-19,2012,7,19,48.4983,-69.2679,Ascophyllum nodosum,Random,NA,NA,NA,NA,0
3669,merinov_gosl,Gulf of Saint Lawrence,BMV,NA,BMV-NA-2012-7-19,2012,7,19,48.4983,-69.2679,Fucus distichus subsp. edentatus,Random,NA,NA,NA,NA,0
3670,merinov_gosl,Gulf of Saint Lawrence,BMV,NA,BMV-NA-2012-7-19,2012,7,19,48.4983,-69.2679,Fucus distichus subsp. evanescens,Random,NA,NA,1,1,0.01
3671,merinov_gosl,Gulf of Saint Lawrence,BMV,NA,BMV-NA-2012-7-19,2012,7,19,48.4983,-69.2679,Fucus vesiculosus,Random,NA,NA,NA,NA,0
3672,merinov_gosl,Gulf of Saint Lawrence,BMV,NA,BMV-NA-2012-7-19,2012,7,19,48.4983,-69.2672,Ascophyllum nodosum,Random,NA,NA,NA,NA,0
3673,merinov_gosl,Gulf of Saint Lawrence,BMV,NA,BMV-NA-2012-7-19,2012,7,19,48.4983,-69.2672,Fucus distichus subsp. edentatus,Random,NA,NA,NA,NA,0
3674,merinov_gosl,Gulf of Saint Lawrence,BMV,NA,BMV-NA-2012-7-19,2012,7,19,48.4983,-69.2672,Fucus distichus subsp. evanescens,Random,NA,NA,4,4,0.18
3675,merinov_gosl,Gulf of Saint Lawrence,BMV,NA,BMV-NA-2012-7-19,2012,7,19,48.4983,-69.2672,Fucus vesiculosus,Random,NA,NA,NA,NA,0
3676,merinov_gosl,Gulf of Saint Lawrence,BMV,NA,BMV-NA-2012-7-19,2012,7,19,48.4983,-69.2665,Ascophyllum nodosum,Random,NA,NA,NA,NA,0
3677,merinov_gosl,Gulf of Saint Lawrence,BMV,NA,BMV-NA-2012-7-19,2012,7,19,48.4983,-69.2665,Fucus distichus subsp. edentatus,Random,NA,NA,NA,NA,0
3678,merinov_gosl,Gulf of Saint Lawrence,BMV,NA,BMV-NA-2012-7-19,2012,7,19,48.4983,-69.2665,Fucus distichus subsp. evanescens,Random,NA,NA,2,2,0.03
3679,merinov_gosl,Gulf of Saint Lawrence,BMV,NA,BMV-NA-2012-7-19,2012,7,19,48.4983,-69.2665,Fucus vesiculosus,Random,NA,NA,NA,NA,0
3680,merinov_gosl,Gulf of Saint Lawrence,BMV,NA,BMV-NA-2012-7-19,2012,7,19,48.4983,-69.2659,Ascophyllum nodosum,Random,NA,NA,NA,NA,0
3681,merinov_gosl,Gulf of Saint Lawrence,BMV,NA,BMV-NA-2012-7-19,2012,7,19,48.4983,-69.2659,Fucus distichus subsp. edentatus,Random,NA,NA,NA,NA,0
3682,merinov_gosl,Gulf of Saint Lawrence,BMV,NA,BMV-NA-2012-7-19,2012,7,19,48.4983,-69.2659,Fucus distichus subsp. evanescens,Random,NA,NA,NA,NA,0
3683,merinov_gosl,Gulf of Saint Lawrence,BMV,NA,BMV-NA-2012-7-19,2012,7,19,48.4983,-69.2659,Fucus vesiculosus,Random,NA,NA,NA,NA,0
3684,merinov_gosl,Gulf of Saint Lawrence,BMV,NA,BMV-NA-2012-7-19,2012,7,19,48.4983,-69.2652,Ascophyllum nodosum,Random,NA,NA,NA,NA,0
3685,merinov_gosl,Gulf of Saint Lawrence,BMV,NA,BMV-NA-2012-7-19,2012,7,19,48.4983,-69.2652,Fucus distichus subsp. edentatus,Random,NA,NA,NA,NA,0
3686,merinov_gosl,Gulf of Saint Lawrence,BMV,NA,BMV-NA-2012-7-19,2012,7,19,48.4983,-69.2652,Fucus distichus subsp. evanescens,Random,NA,NA,NA,NA,0
3687,merinov_gosl,Gulf of Saint Lawrence,BMV,NA,BMV-NA-2012-7-19,2012,7,19,48.4983,-69.2652,Fucus vesiculosus,Random,NA,NA,NA,NA,0
3688,merinov_gosl,Gulf of Saint Lawrence,BMV,NA,BMV-NA-2012-7-19,2012,7,19,48.4983,-69.2645,Ascophyllum nodosum,Random,NA,NA,NA,NA,0
3689,merinov_gosl,Gulf of Saint Lawrence,BMV,NA,BMV-NA-2012-7-19,2012,7,19,48.4983,-69.2645,Fucus distichus subsp. edentatus,Random,NA,NA,NA,NA,0
3690,merinov_gosl,Gulf of Saint Lawrence,BMV,NA,BMV-NA-2012-7-19,2012,7,19,48.4983,-69.2645,Fucus distichus subsp. evanescens,Random,NA,NA,1,1,0.37
3691,merinov_gosl,Gulf of Saint Lawrence,BMV,NA,BMV-NA-2012-7-19,2012,7,19,48.4983,-69.2645,Fucus vesiculosus,Random,NA,NA,NA,NA,0
3692,merinov_gosl,Gulf of Saint Lawrence,BMV,NA,BMV-NA-2012-7-19,2012,7,19,48.4983,-69.2639,Ascophyllum nodosum,Random,NA,NA,NA,NA,0
3693,merinov_gosl,Gulf of Saint Lawrence,BMV,NA,BMV-NA-2012-7-19,2012,7,19,48.4983,-69.2639,Fucus distichus subsp. edentatus,Random,NA,NA,NA,NA,0
3694,merinov_gosl,Gulf of Saint Lawrence,BMV,NA,BMV-NA-2012-7-19,2012,7,19,48.4983,-69.2639,Fucus distichus subsp. evanescens,Random,NA,NA,9,9,0.49
3695,merinov_gosl,Gulf of Saint Lawrence,BMV,NA,BMV-NA-2012-7-19,2012,7,19,48.4983,-69.2639,Fucus vesiculosus,Random,NA,NA,NA,NA,0
3696,merinov_gosl,Gulf of Saint Lawrence,BMV,NA,BMV-NA-2012-7-19,2012,7,19,48.4983,-69.2632,Ascophyllum nodosum,Random,NA,NA,NA,NA,0
3697,merinov_gosl,Gulf of Saint Lawrence,BMV,NA,BMV-NA-2012-7-19,2012,7,19,48.4983,-69.2632,Fucus distichus subsp. edentatus,Random,NA,NA,NA,NA,0
3698,merinov_gosl,Gulf of Saint Lawrence,BMV,NA,BMV-NA-2012-7-19,2012,7,19,48.4983,-69.2632,Fucus distichus subsp. evanescens,Random,NA,NA,NA,NA,0
3699,merinov_gosl,Gulf of Saint Lawrence,BMV,NA,BMV-NA-2012-7-19,2012,7,19,48.4983,-69.2632,Fucus vesiculosus,Random,NA,NA,NA,NA,0
3700,merinov_gosl,Gulf of Saint Lawrence,BMV,NA,BMV-NA-2012-7-19,2012,7,19,48.4983,-69.2625,Ascophyllum nodosum,Random,NA,NA,NA,NA,0
3701,merinov_gosl,Gulf of Saint Lawrence,BMV,NA,BMV-NA-2012-7-19,2012,7,19,48.4983,-69.2625,Fucus distichus subsp. edentatus,Random,NA,NA,NA,NA,0
3702,merinov_gosl,Gulf of Saint Lawrence,BMV,NA,BMV-NA-2012-7-19,2012,7,19,48.4983,-69.2625,Fucus distichus subsp. evanescens,Random,NA,NA,NA,NA,0
3703,merinov_gosl,Gulf of Saint Lawrence,BMV,NA,BMV-NA-2012-7-19,2012,7,19,48.4983,-69.2625,Fucus vesiculosus,Random,NA,NA,NA,NA,0
3704,merinov_gosl,Gulf of Saint Lawrence,BMV,NA,BMV-NA-2012-7-19,2012,7,19,48.4983,-69.2619,Ascophyllum nodosum,Random,NA,NA,NA,NA,0
3705,merinov_gosl,Gulf of Saint Lawrence,BMV,NA,BMV-NA-2012-7-19,2012,7,19,48.4983,-69.2619,Fucus distichus subsp. edentatus,Random,NA,NA,NA,NA,0
3706,merinov_gosl,Gulf of Saint Lawrence,BMV,NA,BMV-NA-2012-7-19,2012,7,19,48.4983,-69.2619,Fucus distichus subsp. evanescens,Random,NA,NA,11,11,0.52
3707,merinov_gosl,Gulf of Saint Lawrence,BMV,NA,BMV-NA-2012-7-19,2012,7,19,48.4983,-69.2619,Fucus vesiculosus,Random,NA,NA,18,18,0.98
3708,merinov_gosl,Gulf of Saint Lawrence,BMV,NA,BMV-NA-2012-7-19,2012,7,19,48.4983,-69.2612,Ascophyllum nodosum,Random,NA,NA,NA,NA,0
3709,merinov_gosl,Gulf of Saint Lawrence,BMV,NA,BMV-NA-2012-7-19,2012,7,19,48.4983,-69.2612,Fucus distichus subsp. edentatus,Random,NA,NA,NA,NA,0
3710,merinov_gosl,Gulf of Saint Lawrence,BMV,NA,BMV-NA-2012-7-19,2012,7,19,48.4983,-69.2612,Fucus distichus subsp. evanescens,Random,NA,NA,3,3,0.04
3711,merinov_gosl,Gulf of Saint Lawrence,BMV,NA,BMV-NA-2012-7-19,2012,7,19,48.4983,-69.2612,Fucus vesiculosus,Random,NA,NA,NA,NA,0
3712,merinov_gosl,Gulf of Saint Lawrence,BMV,NA,BMV-NA-2012-7-19,2012,7,19,48.4983,-69.2605,Ascophyllum nodosum,Random,NA,NA,NA,NA,0
3713,merinov_gosl,Gulf of Saint Lawrence,BMV,NA,BMV-NA-2012-7-19,2012,7,19,48.4983,-69.2605,Fucus distichus subsp. edentatus,Random,NA,NA,NA,NA,0
3714,merinov_gosl,Gulf of Saint Lawrence,BMV,NA,BMV-NA-2012-7-19,2012,7,19,48.4983,-69.2605,Fucus distichus subsp. evanescens,Random,NA,NA,7,7,0.2
3715,merinov_gosl,Gulf of Saint Lawrence,BMV,NA,BMV-NA-2012-7-19,2012,7,19,48.4983,-69.2605,Fucus vesiculosus,Random,NA,NA,NA,NA,0
3716,merinov_gosl,Gulf of Saint Lawrence,BMV,NA,BMV-NA-2012-7-19,2012,7,19,48.4983,-69.2599,Ascophyllum nodosum,Random,NA,NA,NA,NA,0
3717,merinov_gosl,Gulf of Saint Lawrence,BMV,NA,BMV-NA-2012-7-19,2012,7,19,48.4983,-69.2599,Fucus distichus subsp. edentatus,Random,NA,NA,NA,NA,0
3718,merinov_gosl,Gulf of Saint Lawrence,BMV,NA,BMV-NA-2012-7-19,2012,7,19,48.4983,-69.2599,Fucus distichus subsp. evanescens,Random,NA,NA,NA,NA,0
3719,merinov_gosl,Gulf of Saint Lawrence,BMV,NA,BMV-NA-2012-7-19,2012,7,19,48.4983,-69.2599,Fucus vesiculosus,Random,NA,NA,NA,NA,0
3720,merinov_gosl,Gulf of Saint Lawrence,BMV,NA,BMV-NA-2012-7-19,2012,7,19,48.4983,-69.2592,Ascophyllum nodosum,Random,NA,NA,NA,NA,0
3721,merinov_gosl,Gulf of Saint Lawrence,BMV,NA,BMV-NA-2012-7-19,2012,7,19,48.4983,-69.2592,Fucus distichus subsp. edentatus,Random,NA,NA,NA,NA,0
3722,merinov_gosl,Gulf of Saint Lawrence,BMV,NA,BMV-NA-2012-7-19,2012,7,19,48.4983,-69.2592,Fucus distichus subsp. evanescens,Random,NA,NA,11,11,0.11
3723,merinov_gosl,Gulf of Saint Lawrence,BMV,NA,BMV-NA-2012-7-19,2012,7,19,48.4983,-69.2592,Fucus vesiculosus,Random,NA,NA,NA,NA,0
3724,merinov_gosl,Gulf of Saint Lawrence,BMV,NA,BMV-NA-2012-7-19,2012,7,19,48.4983,-69.2585,Ascophyllum nodosum,Random,NA,NA,NA,NA,0
3725,merinov_gosl,Gulf of Saint Lawrence,BMV,NA,BMV-NA-2012-7-19,2012,7,19,48.4983,-69.2585,Fucus distichus subsp. edentatus,Random,NA,NA,NA,NA,0
3726,merinov_gosl,Gulf of Saint Lawrence,BMV,NA,BMV-NA-2012-7-19,2012,7,19,48.4983,-69.2585,Fucus distichus subsp. evanescens,Random,NA,NA,NA,NA,0
3727,merinov_gosl,Gulf of Saint Lawrence,BMV,NA,BMV-NA-2012-7-19,2012,7,19,48.4983,-69.2585,Fucus vesiculosus,Random,NA,NA,NA,NA,0
3728,merinov_gosl,Gulf of Saint Lawrence,BMV,NA,BMV-NA-2012-7-19,2012,7,19,48.4983,-69.2579,Ascophyllum nodosum,Random,NA,NA,NA,NA,0
3729,merinov_gosl,Gulf of Saint Lawrence,BMV,NA,BMV-NA-2012-7-19,2012,7,19,48.4983,-69.2579,Fucus distichus subsp. edentatus,Random,NA,NA,NA,NA,0
3730,merinov_gosl,Gulf of Saint Lawrence,BMV,NA,BMV-NA-2012-7-19,2012,7,19,48.4983,-69.2579,Fucus distichus subsp. evanescens,Random,NA,NA,NA,NA,0
3731,merinov_gosl,Gulf of Saint Lawrence,BMV,NA,BMV-NA-2012-7-19,2012,7,19,48.4983,-69.2579,Fucus vesiculosus,Random,NA,NA,NA,NA,0
3732,merinov_gosl,Gulf of Saint Lawrence,BMV,NA,BMV-NA-2012-7-21,2012,7,21,48.5028,-69.2795,Ascophyllum nodosum,Random,NA,NA,NA,NA,0
3733,merinov_gosl,Gulf of Saint Lawrence,BMV,NA,BMV-NA-2012-7-21,2012,7,21,48.5028,-69.2795,Fucus distichus subsp. edentatus,Random,NA,NA,NA,NA,0
3734,merinov_gosl,Gulf of Saint Lawrence,BMV,NA,BMV-NA-2012-7-21,2012,7,21,48.5028,-69.2795,Fucus distichus subsp. evanescens,Random,NA,NA,NA,NA,0
3735,merinov_gosl,Gulf of Saint Lawrence,BMV,NA,BMV-NA-2012-7-21,2012,7,21,48.5028,-69.2795,Fucus vesiculosus,Random,NA,NA,NA,NA,0
3736,merinov_gosl,Gulf of Saint Lawrence,BMV,NA,BMV-NA-2012-7-21,2012,7,21,48.5028,-69.2789,Ascophyllum nodosum,Random,NA,NA,NA,NA,0
3737,merinov_gosl,Gulf of Saint Lawrence,BMV,NA,BMV-NA-2012-7-21,2012,7,21,48.5028,-69.2789,Fucus distichus subsp. edentatus,Random,NA,NA,NA,NA,0
3738,merinov_gosl,Gulf of Saint Lawrence,BMV,NA,BMV-NA-2012-7-21,2012,7,21,48.5028,-69.2789,Fucus distichus subsp. evanescens,Random,NA,NA,NA,NA,0
3739,merinov_gosl,Gulf of Saint Lawrence,BMV,NA,BMV-NA-2012-7-21,2012,7,21,48.5028,-69.2789,Fucus vesiculosus,Random,NA,NA,NA,NA,0
3740,merinov_gosl,Gulf of Saint Lawrence,BMV,NA,BMV-NA-2012-7-21,2012,7,21,48.5028,-69.2782,Ascophyllum nodosum,Random,NA,NA,NA,NA,0
3741,merinov_gosl,Gulf of Saint Lawrence,BMV,NA,BMV-NA-2012-7-21,2012,7,21,48.5028,-69.2782,Fucus distichus subsp. edentatus,Random,NA,NA,NA,NA,0
3742,merinov_gosl,Gulf of Saint Lawrence,BMV,NA,BMV-NA-2012-7-21,2012,7,21,48.5028,-69.2782,Fucus distichus subsp. evanescens,Random,NA,NA,NA,NA,0
3743,merinov_gosl,Gulf of Saint Lawrence,BMV,NA,BMV-NA-2012-7-21,2012,7,21,48.5028,-69.2782,Fucus vesiculosus,Random,NA,NA,NA,NA,0
3744,merinov_gosl,Gulf of Saint Lawrence,BMV,NA,BMV-NA-2012-7-21,2012,7,21,48.5028,-69.2775,Ascophyllum nodosum,Random,NA,NA,NA,NA,0
3745,merinov_gosl,Gulf of Saint Lawrence,BMV,NA,BMV-NA-2012-7-21,2012,7,21,48.5028,-69.2775,Fucus distichus subsp. edentatus,Random,NA,NA,NA,NA,0
3746,merinov_gosl,Gulf of Saint Lawrence,BMV,NA,BMV-NA-2012-7-21,2012,7,21,48.5028,-69.2775,Fucus distichus subsp. evanescens,Random,NA,NA,NA,NA,0
3747,merinov_gosl,Gulf of Saint Lawrence,BMV,NA,BMV-NA-2012-7-21,2012,7,21,48.5028,-69.2775,Fucus vesiculosus,Random,NA,NA,NA,NA,0
3748,merinov_gosl,Gulf of Saint Lawrence,BMV,NA,BMV-NA-2012-7-21,2012,7,21,48.5028,-69.2769,Ascophyllum nodosum,Random,NA,NA,NA,NA,0
3749,merinov_gosl,Gulf of Saint Lawrence,BMV,NA,BMV-NA-2012-7-21,2012,7,21,48.5028,-69.2769,Fucus distichus subsp. edentatus,Random,NA,NA,2,2,0.33
3750,merinov_gosl,Gulf of Saint Lawrence,BMV,NA,BMV-NA-2012-7-21,2012,7,21,48.5028,-69.2769,Fucus distichus subsp. evanescens,Random,NA,NA,5,5,0.15
3751,merinov_gosl,Gulf of Saint Lawrence,BMV,NA,BMV-NA-2012-7-21,2012,7,21,48.5028,-69.2769,Fucus vesiculosus,Random,NA,NA,5,5,0.54
3752,merinov_gosl,Gulf of Saint Lawrence,BMV,NA,BMV-NA-2012-7-21,2012,7,21,48.5028,-69.2762,Ascophyllum nodosum,Random,NA,NA,NA,NA,0
3753,merinov_gosl,Gulf of Saint Lawrence,BMV,NA,BMV-NA-2012-7-21,2012,7,21,48.5028,-69.2762,Fucus distichus subsp. edentatus,Random,NA,NA,NA,NA,0
3754,merinov_gosl,Gulf of Saint Lawrence,BMV,NA,BMV-NA-2012-7-21,2012,7,21,48.5028,-69.2762,Fucus distichus subsp. evanescens,Random,NA,NA,NA,NA,0
3755,merinov_gosl,Gulf of Saint Lawrence,BMV,NA,BMV-NA-2012-7-21,2012,7,21,48.5028,-69.2762,Fucus vesiculosus,Random,NA,NA,NA,NA,0
3756,merinov_gosl,Gulf of Saint Lawrence,BMV,NA,BMV-NA-2012-7-21,2012,7,21,48.5028,-69.2755,Ascophyllum nodosum,Random,NA,NA,NA,NA,0
3757,merinov_gosl,Gulf of Saint Lawrence,BMV,NA,BMV-NA-2012-7-21,2012,7,21,48.5028,-69.2755,Fucus distichus subsp. edentatus,Random,NA,NA,NA,NA,0
3758,merinov_gosl,Gulf of Saint Lawrence,BMV,NA,BMV-NA-2012-7-21,2012,7,21,48.5028,-69.2755,Fucus distichus subsp. evanescens,Random,NA,NA,NA,NA,0
3759,merinov_gosl,Gulf of Saint Lawrence,BMV,NA,BMV-NA-2012-7-21,2012,7,21,48.5028,-69.2755,Fucus vesiculosus,Random,NA,NA,NA,NA,0
3760,merinov_gosl,Gulf of Saint Lawrence,BMV,NA,BMV-NA-2012-7-21,2012,7,21,48.5028,-69.2749,Ascophyllum nodosum,Random,NA,NA,NA,NA,0
3761,merinov_gosl,Gulf of Saint Lawrence,BMV,NA,BMV-NA-2012-7-21,2012,7,21,48.5028,-69.2749,Fucus distichus subsp. edentatus,Random,NA,NA,NA,NA,0
3762,merinov_gosl,Gulf of Saint Lawrence,BMV,NA,BMV-NA-2012-7-21,2012,7,21,48.5028,-69.2749,Fucus distichus subsp. evanescens,Random,NA,NA,NA,NA,0
3763,merinov_gosl,Gulf of Saint Lawrence,BMV,NA,BMV-NA-2012-7-21,2012,7,21,48.5028,-69.2749,Fucus vesiculosus,Random,NA,NA,NA,NA,0
3764,merinov_gosl,Gulf of Saint Lawrence,BMV,NA,BMV-NA-2012-7-21,2012,7,21,48.5028,-69.2742,Ascophyllum nodosum,Random,NA,NA,NA,NA,0
3765,merinov_gosl,Gulf of Saint Lawrence,BMV,NA,BMV-NA-2012-7-21,2012,7,21,48.5028,-69.2742,Fucus distichus subsp. edentatus,Random,NA,NA,NA,NA,0
3766,merinov_gosl,Gulf of Saint Lawrence,BMV,NA,BMV-NA-2012-7-21,2012,7,21,48.5028,-69.2742,Fucus distichus subsp. evanescens,Random,NA,NA,5,5,0.23
3767,merinov_gosl,Gulf of Saint Lawrence,BMV,NA,BMV-NA-2012-7-21,2012,7,21,48.5028,-69.2742,Fucus vesiculosus,Random,NA,NA,NA,NA,0
3768,merinov_gosl,Gulf of Saint Lawrence,BMV,NA,BMV-NA-2012-7-21,2012,7,21,48.5028,-69.2735,Ascophyllum nodosum,Random,NA,NA,NA,NA,0
3769,merinov_gosl,Gulf of Saint Lawrence,BMV,NA,BMV-NA-2012-7-21,2012,7,21,48.5028,-69.2735,Fucus distichus subsp. edentatus,Random,NA,NA,NA,NA,0
3770,merinov_gosl,Gulf of Saint Lawrence,BMV,NA,BMV-NA-2012-7-21,2012,7,21,48.5028,-69.2735,Fucus distichus subsp. evanescens,Random,NA,NA,NA,NA,0
3771,merinov_gosl,Gulf of Saint Lawrence,BMV,NA,BMV-NA-2012-7-21,2012,7,21,48.5028,-69.2735,Fucus vesiculosus,Random,NA,NA,NA,NA,0
3772,merinov_gosl,Gulf of Saint Lawrence,BMV,NA,BMV-NA-2012-7-21,2012,7,21,48.5028,-69.2729,Ascophyllum nodosum,Random,NA,NA,NA,NA,0
3773,merinov_gosl,Gulf of Saint Lawrence,BMV,NA,BMV-NA-2012-7-21,2012,7,21,48.5028,-69.2729,Fucus distichus subsp. edentatus,Random,NA,NA,1,1,0.15
3774,merinov_gosl,Gulf of Saint Lawrence,BMV,NA,BMV-NA-2012-7-21,2012,7,21,48.5028,-69.2729,Fucus distichus subsp. evanescens,Random,NA,NA,21,21,1.21
3775,merinov_gosl,Gulf of Saint Lawrence,BMV,NA,BMV-NA-2012-7-21,2012,7,21,48.5028,-69.2729,Fucus vesiculosus,Random,NA,NA,NA,NA,0
3776,merinov_gosl,Gulf of Saint Lawrence,BMV,NA,BMV-NA-2012-7-21,2012,7,21,48.5028,-69.2722,Ascophyllum nodosum,Random,NA,NA,NA,NA,0
3777,merinov_gosl,Gulf of Saint Lawrence,BMV,NA,BMV-NA-2012-7-21,2012,7,21,48.5028,-69.2722,Fucus distichus subsp. edentatus,Random,NA,NA,NA,NA,0
3778,merinov_gosl,Gulf of Saint Lawrence,BMV,NA,BMV-NA-2012-7-21,2012,7,21,48.5028,-69.2722,Fucus distichus subsp. evanescens,Random,NA,NA,6,6,0.2
3779,merinov_gosl,Gulf of Saint Lawrence,BMV,NA,BMV-NA-2012-7-21,2012,7,21,48.5028,-69.2722,Fucus vesiculosus,Random,NA,NA,NA,NA,0
3780,merinov_gosl,Gulf of Saint Lawrence,BMV,NA,BMV-NA-2012-7-21,2012,7,21,48.5028,-69.2715,Ascophyllum nodosum,Random,NA,NA,NA,NA,0
3781,merinov_gosl,Gulf of Saint Lawrence,BMV,NA,BMV-NA-2012-7-21,2012,7,21,48.5028,-69.2715,Fucus distichus subsp. edentatus,Random,NA,NA,NA,NA,0
3782,merinov_gosl,Gulf of Saint Lawrence,BMV,NA,BMV-NA-2012-7-21,2012,7,21,48.5028,-69.2715,Fucus distichus subsp. evanescens,Random,NA,NA,9,9,0.4
3783,merinov_gosl,Gulf of Saint Lawrence,BMV,NA,BMV-NA-2012-7-21,2012,7,21,48.5028,-69.2715,Fucus vesiculosus,Random,NA,NA,NA,NA,0
3784,merinov_gosl,Gulf of Saint Lawrence,BMV,NA,BMV-NA-2012-7-21,2012,7,21,48.5028,-69.2709,Ascophyllum nodosum,Random,NA,NA,NA,NA,0
3785,merinov_gosl,Gulf of Saint Lawrence,BMV,NA,BMV-NA-2012-7-21,2012,7,21,48.5028,-69.2709,Fucus distichus subsp. edentatus,Random,NA,NA,NA,NA,0
3786,merinov_gosl,Gulf of Saint Lawrence,BMV,NA,BMV-NA-2012-7-21,2012,7,21,48.5028,-69.2709,Fucus distichus subsp. evanescens,Random,NA,NA,1,1,0.01
3787,merinov_gosl,Gulf of Saint Lawrence,BMV,NA,BMV-NA-2012-7-21,2012,7,21,48.5028,-69.2709,Fucus vesiculosus,Random,NA,NA,NA,NA,0
3788,merinov_gosl,Gulf of Saint Lawrence,BMV,NA,BMV-NA-2012-7-21,2012,7,21,48.5028,-69.2702,Ascophyllum nodosum,Random,NA,NA,NA,NA,0
3789,merinov_gosl,Gulf of Saint Lawrence,BMV,NA,BMV-NA-2012-7-21,2012,7,21,48.5028,-69.2702,Fucus distichus subsp. edentatus,Random,NA,NA,NA,NA,0
3790,merinov_gosl,Gulf of Saint Lawrence,BMV,NA,BMV-NA-2012-7-21,2012,7,21,48.5028,-69.2702,Fucus distichus subsp. evanescens,Random,NA,NA,3,3,0.19
3791,merinov_gosl,Gulf of Saint Lawrence,BMV,NA,BMV-NA-2012-7-21,2012,7,21,48.5028,-69.2702,Fucus vesiculosus,Random,NA,NA,NA,NA,0
3792,merinov_gosl,Gulf of Saint Lawrence,BMV,NA,BMV-NA-2012-7-21,2012,7,21,48.5028,-69.2695,Ascophyllum nodosum,Random,NA,NA,NA,NA,0
3793,merinov_gosl,Gulf of Saint Lawrence,BMV,NA,BMV-NA-2012-7-21,2012,7,21,48.5028,-69.2695,Fucus distichus subsp. edentatus,Random,NA,NA,NA,NA,0
3794,merinov_gosl,Gulf of Saint Lawrence,BMV,NA,BMV-NA-2012-7-21,2012,7,21,48.5028,-69.2695,Fucus distichus subsp. evanescens,Random,NA,NA,5,5,0.54
3795,merinov_gosl,Gulf of Saint Lawrence,BMV,NA,BMV-NA-2012-7-21,2012,7,21,48.5028,-69.2695,Fucus vesiculosus,Random,NA,NA,NA,NA,0
3796,merinov_gosl,Gulf of Saint Lawrence,BMV,NA,BMV-NA-2012-7-21,2012,7,21,48.5028,-69.2689,Ascophyllum nodosum,Random,NA,NA,NA,NA,0
3797,merinov_gosl,Gulf of Saint Lawrence,BMV,NA,BMV-NA-2012-7-21,2012,7,21,48.5028,-69.2689,Fucus distichus subsp. edentatus,Random,NA,NA,NA,NA,0
3798,merinov_gosl,Gulf of Saint Lawrence,BMV,NA,BMV-NA-2012-7-21,2012,7,21,48.5028,-69.2689,Fucus distichus subsp. evanescens,Random,NA,NA,NA,NA,0
3799,merinov_gosl,Gulf of Saint Lawrence,BMV,NA,BMV-NA-2012-7-21,2012,7,21,48.5028,-69.2689,Fucus vesiculosus,Random,NA,NA,NA,NA,0
3800,merinov_gosl,Gulf of Saint Lawrence,BMV,NA,BMV-NA-2012-7-21,2012,7,21,48.5028,-69.2682,Ascophyllum nodosum,Random,NA,NA,NA,NA,0
3801,merinov_gosl,Gulf of Saint Lawrence,BMV,NA,BMV-NA-2012-7-21,2012,7,21,48.5028,-69.2682,Fucus distichus subsp. edentatus,Random,NA,NA,NA,NA,0
3802,merinov_gosl,Gulf of Saint Lawrence,BMV,NA,BMV-NA-2012-7-21,2012,7,21,48.5028,-69.2682,Fucus distichus subsp. evanescens,Random,NA,NA,7,7,0.21
3803,merinov_gosl,Gulf of Saint Lawrence,BMV,NA,BMV-NA-2012-7-21,2012,7,21,48.5028,-69.2682,Fucus vesiculosus,Random,NA,NA,NA,NA,0
3804,merinov_gosl,Gulf of Saint Lawrence,BMV,NA,BMV-NA-2012-7-21,2012,7,21,48.5028,-69.2675,Ascophyllum nodosum,Random,NA,NA,NA,NA,0
3805,merinov_gosl,Gulf of Saint Lawrence,BMV,NA,BMV-NA-2012-7-21,2012,7,21,48.5028,-69.2675,Fucus distichus subsp. edentatus,Random,NA,NA,NA,NA,0
3806,merinov_gosl,Gulf of Saint Lawrence,BMV,NA,BMV-NA-2012-7-21,2012,7,21,48.5028,-69.2675,Fucus distichus subsp. evanescens,Random,NA,NA,NA,NA,0
3807,merinov_gosl,Gulf of Saint Lawrence,BMV,NA,BMV-NA-2012-7-21,2012,7,21,48.5028,-69.2675,Fucus vesiculosus,Random,NA,NA,NA,NA,0
3808,merinov_gosl,Gulf of Saint Lawrence,BMV,NA,BMV-NA-2012-7-21,2012,7,21,48.5028,-69.2669,Ascophyllum nodosum,Random,NA,NA,NA,NA,0
3809,merinov_gosl,Gulf of Saint Lawrence,BMV,NA,BMV-NA-2012-7-21,2012,7,21,48.5028,-69.2669,Fucus distichus subsp. edentatus,Random,NA,NA,NA,NA,0
3810,merinov_gosl,Gulf of Saint Lawrence,BMV,NA,BMV-NA-2012-7-21,2012,7,21,48.5028,-69.2669,Fucus distichus subsp. evanescens,Random,NA,NA,NA,NA,0
3811,merinov_gosl,Gulf of Saint Lawrence,BMV,NA,BMV-NA-2012-7-21,2012,7,21,48.5028,-69.2669,Fucus vesiculosus,Random,NA,NA,NA,NA,0
3812,merinov_gosl,Gulf of Saint Lawrence,BMV,NA,BMV-NA-2012-7-21,2012,7,21,48.5028,-69.2662,Ascophyllum nodosum,Random,NA,NA,NA,NA,0
3813,merinov_gosl,Gulf of Saint Lawrence,BMV,NA,BMV-NA-2012-7-21,2012,7,21,48.5028,-69.2662,Fucus distichus subsp. edentatus,Random,NA,NA,NA,NA,0
3814,merinov_gosl,Gulf of Saint Lawrence,BMV,NA,BMV-NA-2012-7-21,2012,7,21,48.5028,-69.2662,Fucus distichus subsp. evanescens,Random,NA,NA,1,1,0.04
3815,merinov_gosl,Gulf of Saint Lawrence,BMV,NA,BMV-NA-2012-7-21,2012,7,21,48.5028,-69.2662,Fucus vesiculosus,Random,NA,NA,NA,NA,0
3816,merinov_gosl,Gulf of Saint Lawrence,BMV,NA,BMV-NA-2012-7-21,2012,7,21,48.5028,-69.2655,Ascophyllum nodosum,Random,NA,NA,NA,NA,0
3817,merinov_gosl,Gulf of Saint Lawrence,BMV,NA,BMV-NA-2012-7-21,2012,7,21,48.5028,-69.2655,Fucus distichus subsp. edentatus,Random,NA,NA,NA,NA,0
3818,merinov_gosl,Gulf of Saint Lawrence,BMV,NA,BMV-NA-2012-7-21,2012,7,21,48.5028,-69.2655,Fucus distichus subsp. evanescens,Random,NA,NA,NA,NA,0
3819,merinov_gosl,Gulf of Saint Lawrence,BMV,NA,BMV-NA-2012-7-21,2012,7,21,48.5028,-69.2655,Fucus vesiculosus,Random,NA,NA,NA,NA,0
3820,merinov_gosl,Gulf of Saint Lawrence,BMV,NA,BMV-NA-2012-7-21,2012,7,21,48.5028,-69.2649,Ascophyllum nodosum,Random,NA,NA,NA,NA,0
3821,merinov_gosl,Gulf of Saint Lawrence,BMV,NA,BMV-NA-2012-7-21,2012,7,21,48.5028,-69.2649,Fucus distichus subsp. edentatus,Random,NA,NA,NA,NA,0
3822,merinov_gosl,Gulf of Saint Lawrence,BMV,NA,BMV-NA-2012-7-21,2012,7,21,48.5028,-69.2649,Fucus distichus subsp. evanescens,Random,NA,NA,NA,NA,0
3823,merinov_gosl,Gulf of Saint Lawrence,BMV,NA,BMV-NA-2012-7-21,2012,7,21,48.5028,-69.2649,Fucus vesiculosus,Random,NA,NA,NA,NA,0
3824,merinov_gosl,Gulf of Saint Lawrence,BMV,NA,BMV-NA-2012-7-21,2012,7,21,48.5028,-69.2642,Ascophyllum nodosum,Random,NA,NA,NA,NA,0
3825,merinov_gosl,Gulf of Saint Lawrence,BMV,NA,BMV-NA-2012-7-21,2012,7,21,48.5028,-69.2642,Fucus distichus subsp. edentatus,Random,NA,NA,NA,NA,0
3826,merinov_gosl,Gulf of Saint Lawrence,BMV,NA,BMV-NA-2012-7-21,2012,7,21,48.5028,-69.2642,Fucus distichus subsp. evanescens,Random,NA,NA,NA,NA,0
3827,merinov_gosl,Gulf of Saint Lawrence,BMV,NA,BMV-NA-2012-7-21,2012,7,21,48.5028,-69.2642,Fucus vesiculosus,Random,NA,NA,NA,NA,0
3828,merinov_gosl,Gulf of Saint Lawrence,BMV,NA,BMV-NA-2012-7-21,2012,7,21,48.5028,-69.2635,Ascophyllum nodosum,Random,NA,NA,NA,NA,0
3829,merinov_gosl,Gulf of Saint Lawrence,BMV,NA,BMV-NA-2012-7-21,2012,7,21,48.5028,-69.2635,Fucus distichus subsp. edentatus,Random,NA,NA,NA,NA,0
3830,merinov_gosl,Gulf of Saint Lawrence,BMV,NA,BMV-NA-2012-7-21,2012,7,21,48.5028,-69.2635,Fucus distichus subsp. evanescens,Random,NA,NA,NA,NA,0
3831,merinov_gosl,Gulf of Saint Lawrence,BMV,NA,BMV-NA-2012-7-21,2012,7,21,48.5028,-69.2635,Fucus vesiculosus,Random,NA,NA,NA,NA,0
3832,merinov_gosl,Gulf of Saint Lawrence,BMV,NA,BMV-NA-2012-7-21,2012,7,21,48.5028,-69.2629,Ascophyllum nodosum,Random,NA,NA,NA,NA,0
3833,merinov_gosl,Gulf of Saint Lawrence,BMV,NA,BMV-NA-2012-7-21,2012,7,21,48.5028,-69.2629,Fucus distichus subsp. edentatus,Random,NA,NA,NA,NA,0
3834,merinov_gosl,Gulf of Saint Lawrence,BMV,NA,BMV-NA-2012-7-21,2012,7,21,48.5028,-69.2629,Fucus distichus subsp. evanescens,Random,NA,NA,NA,NA,0
3835,merinov_gosl,Gulf of Saint Lawrence,BMV,NA,BMV-NA-2012-7-21,2012,7,21,48.5028,-69.2629,Fucus vesiculosus,Random,NA,NA,NA,NA,0
3836,merinov_gosl,Gulf of Saint Lawrence,BMV,NA,BMV-NA-2012-7-21,2012,7,21,48.5028,-69.2622,Ascophyllum nodosum,Random,NA,NA,NA,NA,0
3837,merinov_gosl,Gulf of Saint Lawrence,BMV,NA,BMV-NA-2012-7-21,2012,7,21,48.5028,-69.2622,Fucus distichus subsp. edentatus,Random,NA,NA,NA,NA,0
3838,merinov_gosl,Gulf of Saint Lawrence,BMV,NA,BMV-NA-2012-7-21,2012,7,21,48.5028,-69.2622,Fucus distichus subsp. evanescens,Random,NA,NA,2,2,0.09
3839,merinov_gosl,Gulf of Saint Lawrence,BMV,NA,BMV-NA-2012-7-21,2012,7,21,48.5028,-69.2622,Fucus vesiculosus,Random,NA,NA,NA,NA,0
3840,merinov_gosl,Gulf of Saint Lawrence,BMV,NA,BMV-NA-2012-7-21,2012,7,21,48.5028,-69.2615,Ascophyllum nodosum,Random,NA,NA,NA,NA,0
3841,merinov_gosl,Gulf of Saint Lawrence,BMV,NA,BMV-NA-2012-7-21,2012,7,21,48.5028,-69.2615,Fucus distichus subsp. edentatus,Random,NA,NA,NA,NA,0
3842,merinov_gosl,Gulf of Saint Lawrence,BMV,NA,BMV-NA-2012-7-21,2012,7,21,48.5028,-69.2615,Fucus distichus subsp. evanescens,Random,NA,NA,1,1,0.03
3843,merinov_gosl,Gulf of Saint Lawrence,BMV,NA,BMV-NA-2012-7-21,2012,7,21,48.5028,-69.2615,Fucus vesiculosus,Random,NA,NA,NA,NA,0
3844,merinov_gosl,Gulf of Saint Lawrence,BMV,NA,BMV-NA-2012-7-21,2012,7,21,48.5028,-69.2609,Ascophyllum nodosum,Random,NA,NA,NA,NA,0
3845,merinov_gosl,Gulf of Saint Lawrence,BMV,NA,BMV-NA-2012-7-21,2012,7,21,48.5028,-69.2609,Fucus distichus subsp. edentatus,Random,NA,NA,NA,NA,0
3846,merinov_gosl,Gulf of Saint Lawrence,BMV,NA,BMV-NA-2012-7-21,2012,7,21,48.5028,-69.2609,Fucus distichus subsp. evanescens,Random,NA,NA,NA,NA,0
3847,merinov_gosl,Gulf of Saint Lawrence,BMV,NA,BMV-NA-2012-7-21,2012,7,21,48.5028,-69.2609,Fucus vesiculosus,Random,NA,NA,NA,NA,0
3848,merinov_gosl,Gulf of Saint Lawrence,BMV,NA,BMV-NA-2012-7-21,2012,7,21,48.5028,-69.2602,Ascophyllum nodosum,Random,NA,NA,NA,NA,0
3849,merinov_gosl,Gulf of Saint Lawrence,BMV,NA,BMV-NA-2012-7-21,2012,7,21,48.5028,-69.2602,Fucus distichus subsp. edentatus,Random,NA,NA,NA,NA,0
3850,merinov_gosl,Gulf of Saint Lawrence,BMV,NA,BMV-NA-2012-7-21,2012,7,21,48.5028,-69.2602,Fucus distichus subsp. evanescens,Random,NA,NA,NA,NA,0
3851,merinov_gosl,Gulf of Saint Lawrence,BMV,NA,BMV-NA-2012-7-21,2012,7,21,48.5028,-69.2602,Fucus vesiculosus,Random,NA,NA,NA,NA,0
3852,merinov_gosl,Gulf of Saint Lawrence,BMV,NA,BMV-NA-2012-7-21,2012,7,21,48.5028,-69.2595,Ascophyllum nodosum,Random,NA,NA,NA,NA,0
3853,merinov_gosl,Gulf of Saint Lawrence,BMV,NA,BMV-NA-2012-7-21,2012,7,21,48.5028,-69.2595,Fucus distichus subsp. edentatus,Random,NA,NA,NA,NA,0
3854,merinov_gosl,Gulf of Saint Lawrence,BMV,NA,BMV-NA-2012-7-21,2012,7,21,48.5028,-69.2595,Fucus distichus subsp. evanescens,Random,NA,NA,NA,NA,0
3855,merinov_gosl,Gulf of Saint Lawrence,BMV,NA,BMV-NA-2012-7-21,2012,7,21,48.5028,-69.2595,Fucus vesiculosus,Random,NA,NA,NA,NA,0
3856,merinov_gosl,Gulf of Saint Lawrence,BMV,NA,BMV-NA-2012-7-21,2012,7,21,48.5028,-69.2589,Ascophyllum nodosum,Random,NA,NA,NA,NA,0
3857,merinov_gosl,Gulf of Saint Lawrence,BMV,NA,BMV-NA-2012-7-21,2012,7,21,48.5028,-69.2589,Fucus distichus subsp. edentatus,Random,NA,NA,4,4,0.24
3858,merinov_gosl,Gulf of Saint Lawrence,BMV,NA,BMV-NA-2012-7-21,2012,7,21,48.5028,-69.2589,Fucus distichus subsp. evanescens,Random,NA,NA,13,13,0.3
3859,merinov_gosl,Gulf of Saint Lawrence,BMV,NA,BMV-NA-2012-7-21,2012,7,21,48.5028,-69.2589,Fucus vesiculosus,Random,NA,NA,NA,NA,0
3860,merinov_gosl,Gulf of Saint Lawrence,BMV,NA,BMV-NA-2012-7-21,2012,7,21,48.5028,-69.2582,Ascophyllum nodosum,Random,NA,NA,NA,NA,0
3861,merinov_gosl,Gulf of Saint Lawrence,BMV,NA,BMV-NA-2012-7-21,2012,7,21,48.5028,-69.2582,Fucus distichus subsp. edentatus,Random,NA,NA,NA,NA,0
3862,merinov_gosl,Gulf of Saint Lawrence,BMV,NA,BMV-NA-2012-7-21,2012,7,21,48.5028,-69.2582,Fucus distichus subsp. evanescens,Random,NA,NA,NA,NA,0
3863,merinov_gosl,Gulf of Saint Lawrence,BMV,NA,BMV-NA-2012-7-21,2012,7,21,48.5028,-69.2582,Fucus vesiculosus,Random,NA,NA,NA,NA,0
3864,merinov_gosl,Gulf of Saint Lawrence,BMV,NA,BMV-NA-2012-7-21,2012,7,21,48.5028,-69.2575,Ascophyllum nodosum,Random,NA,NA,NA,NA,0
3865,merinov_gosl,Gulf of Saint Lawrence,BMV,NA,BMV-NA-2012-7-21,2012,7,21,48.5028,-69.2575,Fucus distichus subsp. edentatus,Random,NA,NA,NA,NA,0
3866,merinov_gosl,Gulf of Saint Lawrence,BMV,NA,BMV-NA-2012-7-21,2012,7,21,48.5028,-69.2575,Fucus distichus subsp. evanescens,Random,NA,NA,3,3,0.03
3867,merinov_gosl,Gulf of Saint Lawrence,BMV,NA,BMV-NA-2012-7-21,2012,7,21,48.5028,-69.2575,Fucus vesiculosus,Random,NA,NA,NA,NA,0
3868,merinov_gosl,Gulf of Saint Lawrence,BMV,NA,BMV-NA-2012-7-21,2012,7,21,48.5028,-69.2569,Ascophyllum nodosum,Random,NA,NA,NA,NA,0
3869,merinov_gosl,Gulf of Saint Lawrence,BMV,NA,BMV-NA-2012-7-21,2012,7,21,48.5028,-69.2569,Fucus distichus subsp. edentatus,Random,NA,NA,NA,NA,0
3870,merinov_gosl,Gulf of Saint Lawrence,BMV,NA,BMV-NA-2012-7-21,2012,7,21,48.5028,-69.2569,Fucus distichus subsp. evanescens,Random,NA,NA,NA,NA,0
3871,merinov_gosl,Gulf of Saint Lawrence,BMV,NA,BMV-NA-2012-7-21,2012,7,21,48.5028,-69.2569,Fucus vesiculosus,Random,NA,NA,NA,NA,0
3872,merinov_gosl,Gulf of Saint Lawrence,BMV,NA,BMV-NA-2012-7-21,2012,7,21,48.5028,-69.2562,Ascophyllum nodosum,Random,NA,NA,NA,NA,0
3873,merinov_gosl,Gulf of Saint Lawrence,BMV,NA,BMV-NA-2012-7-21,2012,7,21,48.5028,-69.2562,Fucus distichus subsp. edentatus,Random,NA,NA,NA,NA,0
3874,merinov_gosl,Gulf of Saint Lawrence,BMV,NA,BMV-NA-2012-7-21,2012,7,21,48.5028,-69.2562,Fucus distichus subsp. evanescens,Random,NA,NA,NA,NA,0
3875,merinov_gosl,Gulf of Saint Lawrence,BMV,NA,BMV-NA-2012-7-21,2012,7,21,48.5028,-69.2562,Fucus vesiculosus,Random,NA,NA,NA,NA,0
3876,merinov_gosl,Gulf of Saint Lawrence,BMV,NA,BMV-NA-2012-7-21,2012,7,21,48.5028,-69.2552,Ascophyllum nodosum,Random,NA,NA,NA,NA,0
3877,merinov_gosl,Gulf of Saint Lawrence,BMV,NA,BMV-NA-2012-7-21,2012,7,21,48.5028,-69.2552,Fucus distichus subsp. edentatus,Random,NA,NA,NA,NA,0
3878,merinov_gosl,Gulf of Saint Lawrence,BMV,NA,BMV-NA-2012-7-21,2012,7,21,48.5028,-69.2552,Fucus distichus subsp. evanescens,Random,NA,NA,NA,NA,0
3879,merinov_gosl,Gulf of Saint Lawrence,BMV,NA,BMV-NA-2012-7-21,2012,7,21,48.5028,-69.2552,Fucus vesiculosus,Random,NA,NA,NA,NA,0
3880,merinov_gosl,Gulf of Saint Lawrence,BMV,NA,BMV-NA-2012-7-20,2012,7,20,48.5073,-69.2806,Ascophyllum nodosum,Random,NA,NA,NA,NA,0
3881,merinov_gosl,Gulf of Saint Lawrence,BMV,NA,BMV-NA-2012-7-20,2012,7,20,48.5073,-69.2806,Fucus distichus subsp. edentatus,Random,NA,NA,NA,NA,0
3882,merinov_gosl,Gulf of Saint Lawrence,BMV,NA,BMV-NA-2012-7-20,2012,7,20,48.5073,-69.2806,Fucus distichus subsp. evanescens,Random,NA,NA,NA,NA,0
3883,merinov_gosl,Gulf of Saint Lawrence,BMV,NA,BMV-NA-2012-7-20,2012,7,20,48.5073,-69.2806,Fucus vesiculosus,Random,NA,NA,NA,NA,0
3884,merinov_gosl,Gulf of Saint Lawrence,BMV,NA,BMV-NA-2012-7-20,2012,7,20,48.5073,-69.2799,Ascophyllum nodosum,Random,NA,NA,NA,NA,0
3885,merinov_gosl,Gulf of Saint Lawrence,BMV,NA,BMV-NA-2012-7-20,2012,7,20,48.5073,-69.2799,Fucus distichus subsp. edentatus,Random,NA,NA,NA,NA,0
3886,merinov_gosl,Gulf of Saint Lawrence,BMV,NA,BMV-NA-2012-7-20,2012,7,20,48.5073,-69.2799,Fucus distichus subsp. evanescens,Random,NA,NA,NA,NA,0
3887,merinov_gosl,Gulf of Saint Lawrence,BMV,NA,BMV-NA-2012-7-20,2012,7,20,48.5073,-69.2799,Fucus vesiculosus,Random,NA,NA,NA,NA,0
3888,merinov_gosl,Gulf of Saint Lawrence,BMV,NA,BMV-NA-2012-7-20,2012,7,20,48.5073,-69.2792,Ascophyllum nodosum,Random,NA,NA,NA,NA,0
3889,merinov_gosl,Gulf of Saint Lawrence,BMV,NA,BMV-NA-2012-7-20,2012,7,20,48.5073,-69.2792,Fucus distichus subsp. edentatus,Random,NA,NA,NA,NA,0
3890,merinov_gosl,Gulf of Saint Lawrence,BMV,NA,BMV-NA-2012-7-20,2012,7,20,48.5073,-69.2792,Fucus distichus subsp. evanescens,Random,NA,NA,NA,NA,0
3891,merinov_gosl,Gulf of Saint Lawrence,BMV,NA,BMV-NA-2012-7-20,2012,7,20,48.5073,-69.2792,Fucus vesiculosus,Random,NA,NA,NA,NA,0
3892,merinov_gosl,Gulf of Saint Lawrence,BMV,NA,BMV-NA-2012-7-20,2012,7,20,48.5073,-69.2786,Ascophyllum nodosum,Random,NA,NA,NA,NA,0
3893,merinov_gosl,Gulf of Saint Lawrence,BMV,NA,BMV-NA-2012-7-20,2012,7,20,48.5073,-69.2786,Fucus distichus subsp. edentatus,Random,NA,NA,NA,NA,0
3894,merinov_gosl,Gulf of Saint Lawrence,BMV,NA,BMV-NA-2012-7-20,2012,7,20,48.5073,-69.2786,Fucus distichus subsp. evanescens,Random,NA,NA,NA,NA,0
3895,merinov_gosl,Gulf of Saint Lawrence,BMV,NA,BMV-NA-2012-7-20,2012,7,20,48.5073,-69.2786,Fucus vesiculosus,Random,NA,NA,NA,NA,0
3896,merinov_gosl,Gulf of Saint Lawrence,BMV,NA,BMV-NA-2012-7-20,2012,7,20,48.5073,-69.2779,Ascophyllum nodosum,Random,NA,NA,NA,NA,0
3897,merinov_gosl,Gulf of Saint Lawrence,BMV,NA,BMV-NA-2012-7-20,2012,7,20,48.5073,-69.2779,Fucus distichus subsp. edentatus,Random,NA,NA,24,24,1.785
3898,merinov_gosl,Gulf of Saint Lawrence,BMV,NA,BMV-NA-2012-7-20,2012,7,20,48.5073,-69.2779,Fucus distichus subsp. evanescens,Random,NA,NA,30,30,0.545
3899,merinov_gosl,Gulf of Saint Lawrence,BMV,NA,BMV-NA-2012-7-20,2012,7,20,48.5073,-69.2779,Fucus vesiculosus,Random,NA,NA,NA,NA,0
3900,merinov_gosl,Gulf of Saint Lawrence,BMV,NA,BMV-NA-2012-7-20,2012,7,20,48.5073,-69.2772,Ascophyllum nodosum,Random,NA,NA,NA,NA,0
3901,merinov_gosl,Gulf of Saint Lawrence,BMV,NA,BMV-NA-2012-7-20,2012,7,20,48.5073,-69.2772,Fucus distichus subsp. edentatus,Random,NA,NA,NA,NA,0
3902,merinov_gosl,Gulf of Saint Lawrence,BMV,NA,BMV-NA-2012-7-20,2012,7,20,48.5073,-69.2772,Fucus distichus subsp. evanescens,Random,NA,NA,NA,NA,0
3903,merinov_gosl,Gulf of Saint Lawrence,BMV,NA,BMV-NA-2012-7-20,2012,7,20,48.5073,-69.2772,Fucus vesiculosus,Random,NA,NA,NA,NA,0
3904,merinov_gosl,Gulf of Saint Lawrence,BMV,NA,BMV-NA-2012-7-20,2012,7,20,48.5073,-69.2766,Ascophyllum nodosum,Random,NA,NA,NA,NA,0
3905,merinov_gosl,Gulf of Saint Lawrence,BMV,NA,BMV-NA-2012-7-20,2012,7,20,48.5073,-69.2766,Fucus distichus subsp. edentatus,Random,NA,NA,NA,NA,0
3906,merinov_gosl,Gulf of Saint Lawrence,BMV,NA,BMV-NA-2012-7-20,2012,7,20,48.5073,-69.2766,Fucus distichus subsp. evanescens,Random,NA,NA,NA,NA,0
3907,merinov_gosl,Gulf of Saint Lawrence,BMV,NA,BMV-NA-2012-7-20,2012,7,20,48.5073,-69.2766,Fucus vesiculosus,Random,NA,NA,NA,NA,0
3908,merinov_gosl,Gulf of Saint Lawrence,BMV,NA,BMV-NA-2012-7-20,2012,7,20,48.5073,-69.2759,Ascophyllum nodosum,Random,NA,NA,NA,NA,0
3909,merinov_gosl,Gulf of Saint Lawrence,BMV,NA,BMV-NA-2012-7-20,2012,7,20,48.5073,-69.2759,Fucus distichus subsp. edentatus,Random,NA,NA,NA,NA,0
3910,merinov_gosl,Gulf of Saint Lawrence,BMV,NA,BMV-NA-2012-7-20,2012,7,20,48.5073,-69.2759,Fucus distichus subsp. evanescens,Random,NA,NA,1,1,0.02
3911,merinov_gosl,Gulf of Saint Lawrence,BMV,NA,BMV-NA-2012-7-20,2012,7,20,48.5073,-69.2759,Fucus vesiculosus,Random,NA,NA,NA,NA,0
3912,merinov_gosl,Gulf of Saint Lawrence,BMV,NA,BMV-NA-2012-7-20,2012,7,20,48.5073,-69.2752,Ascophyllum nodosum,Random,NA,NA,NA,NA,0
3913,merinov_gosl,Gulf of Saint Lawrence,BMV,NA,BMV-NA-2012-7-20,2012,7,20,48.5073,-69.2752,Fucus distichus subsp. edentatus,Random,NA,NA,NA,NA,0
3914,merinov_gosl,Gulf of Saint Lawrence,BMV,NA,BMV-NA-2012-7-20,2012,7,20,48.5073,-69.2752,Fucus distichus subsp. evanescens,Random,NA,NA,NA,NA,0
3915,merinov_gosl,Gulf of Saint Lawrence,BMV,NA,BMV-NA-2012-7-20,2012,7,20,48.5073,-69.2752,Fucus vesiculosus,Random,NA,NA,NA,NA,0
3916,merinov_gosl,Gulf of Saint Lawrence,BMV,NA,BMV-NA-2012-7-20,2012,7,20,48.5073,-69.2746,Ascophyllum nodosum,Random,NA,NA,NA,NA,0
3917,merinov_gosl,Gulf of Saint Lawrence,BMV,NA,BMV-NA-2012-7-20,2012,7,20,48.5073,-69.2746,Fucus distichus subsp. edentatus,Random,NA,NA,NA,NA,0
3918,merinov_gosl,Gulf of Saint Lawrence,BMV,NA,BMV-NA-2012-7-20,2012,7,20,48.5073,-69.2746,Fucus distichus subsp. evanescens,Random,NA,NA,NA,NA,0
3919,merinov_gosl,Gulf of Saint Lawrence,BMV,NA,BMV-NA-2012-7-20,2012,7,20,48.5073,-69.2746,Fucus vesiculosus,Random,NA,NA,NA,NA,0
3920,merinov_gosl,Gulf of Saint Lawrence,BMV,NA,BMV-NA-2012-7-20,2012,7,20,48.5073,-69.2739,Ascophyllum nodosum,Random,NA,NA,NA,NA,0
3921,merinov_gosl,Gulf of Saint Lawrence,BMV,NA,BMV-NA-2012-7-20,2012,7,20,48.5073,-69.2739,Fucus distichus subsp. edentatus,Random,NA,NA,NA,NA,0
3922,merinov_gosl,Gulf of Saint Lawrence,BMV,NA,BMV-NA-2012-7-20,2012,7,20,48.5073,-69.2739,Fucus distichus subsp. evanescens,Random,NA,NA,NA,NA,0
3923,merinov_gosl,Gulf of Saint Lawrence,BMV,NA,BMV-NA-2012-7-20,2012,7,20,48.5073,-69.2739,Fucus vesiculosus,Random,NA,NA,NA,NA,0
3924,merinov_gosl,Gulf of Saint Lawrence,BMV,NA,BMV-NA-2012-7-20,2012,7,20,48.5073,-69.2732,Ascophyllum nodosum,Random,NA,NA,NA,NA,0
3925,merinov_gosl,Gulf of Saint Lawrence,BMV,NA,BMV-NA-2012-7-20,2012,7,20,48.5073,-69.2732,Fucus distichus subsp. edentatus,Random,NA,NA,NA,NA,0
3926,merinov_gosl,Gulf of Saint Lawrence,BMV,NA,BMV-NA-2012-7-20,2012,7,20,48.5073,-69.2732,Fucus distichus subsp. evanescens,Random,NA,NA,17,17,0.88
3927,merinov_gosl,Gulf of Saint Lawrence,BMV,NA,BMV-NA-2012-7-20,2012,7,20,48.5073,-69.2732,Fucus vesiculosus,Random,NA,NA,NA,NA,0
3928,merinov_gosl,Gulf of Saint Lawrence,BMV,NA,BMV-NA-2012-7-20,2012,7,20,48.5073,-69.2726,Ascophyllum nodosum,Random,NA,NA,NA,NA,0
3929,merinov_gosl,Gulf of Saint Lawrence,BMV,NA,BMV-NA-2012-7-20,2012,7,20,48.5073,-69.2726,Fucus distichus subsp. edentatus,Random,NA,NA,NA,NA,0
3930,merinov_gosl,Gulf of Saint Lawrence,BMV,NA,BMV-NA-2012-7-20,2012,7,20,48.5073,-69.2726,Fucus distichus subsp. evanescens,Random,NA,NA,3,3,0.03
3931,merinov_gosl,Gulf of Saint Lawrence,BMV,NA,BMV-NA-2012-7-20,2012,7,20,48.5073,-69.2726,Fucus vesiculosus,Random,NA,NA,NA,NA,0
3932,merinov_gosl,Gulf of Saint Lawrence,BMV,NA,BMV-NA-2012-7-20,2012,7,20,48.5073,-69.2719,Ascophyllum nodosum,Random,NA,NA,NA,NA,0
3933,merinov_gosl,Gulf of Saint Lawrence,BMV,NA,BMV-NA-2012-7-20,2012,7,20,48.5073,-69.2719,Fucus distichus subsp. edentatus,Random,NA,NA,NA,NA,0
3934,merinov_gosl,Gulf of Saint Lawrence,BMV,NA,BMV-NA-2012-7-20,2012,7,20,48.5073,-69.2719,Fucus distichus subsp. evanescens,Random,NA,NA,NA,NA,0
3935,merinov_gosl,Gulf of Saint Lawrence,BMV,NA,BMV-NA-2012-7-20,2012,7,20,48.5073,-69.2719,Fucus vesiculosus,Random,NA,NA,NA,NA,0
3936,merinov_gosl,Gulf of Saint Lawrence,BMV,NA,BMV-NA-2012-7-20,2012,7,20,48.5073,-69.2712,Ascophyllum nodosum,Random,NA,NA,NA,NA,0
3937,merinov_gosl,Gulf of Saint Lawrence,BMV,NA,BMV-NA-2012-7-20,2012,7,20,48.5073,-69.2712,Fucus distichus subsp. edentatus,Random,NA,NA,NA,NA,0
3938,merinov_gosl,Gulf of Saint Lawrence,BMV,NA,BMV-NA-2012-7-20,2012,7,20,48.5073,-69.2712,Fucus distichus subsp. evanescens,Random,NA,NA,3,3,0.08
3939,merinov_gosl,Gulf of Saint Lawrence,BMV,NA,BMV-NA-2012-7-20,2012,7,20,48.5073,-69.2712,Fucus vesiculosus,Random,NA,NA,NA,NA,0
3940,merinov_gosl,Gulf of Saint Lawrence,BMV,NA,BMV-NA-2012-7-20,2012,7,20,48.5073,-69.2706,Ascophyllum nodosum,Random,NA,NA,NA,NA,0
3941,merinov_gosl,Gulf of Saint Lawrence,BMV,NA,BMV-NA-2012-7-20,2012,7,20,48.5073,-69.2706,Fucus distichus subsp. edentatus,Random,NA,NA,NA,NA,0
3942,merinov_gosl,Gulf of Saint Lawrence,BMV,NA,BMV-NA-2012-7-20,2012,7,20,48.5073,-69.2706,Fucus distichus subsp. evanescens,Random,NA,NA,6,6,0.13
3943,merinov_gosl,Gulf of Saint Lawrence,BMV,NA,BMV-NA-2012-7-20,2012,7,20,48.5073,-69.2706,Fucus vesiculosus,Random,NA,NA,NA,NA,0
3944,merinov_gosl,Gulf of Saint Lawrence,BMV,NA,BMV-NA-2012-7-20,2012,7,20,48.5073,-69.2699,Ascophyllum nodosum,Random,NA,NA,NA,NA,0
3945,merinov_gosl,Gulf of Saint Lawrence,BMV,NA,BMV-NA-2012-7-20,2012,7,20,48.5073,-69.2699,Fucus distichus subsp. edentatus,Random,NA,NA,NA,NA,0
3946,merinov_gosl,Gulf of Saint Lawrence,BMV,NA,BMV-NA-2012-7-20,2012,7,20,48.5073,-69.2699,Fucus distichus subsp. evanescens,Random,NA,NA,1,1,0.01
3947,merinov_gosl,Gulf of Saint Lawrence,BMV,NA,BMV-NA-2012-7-20,2012,7,20,48.5073,-69.2699,Fucus vesiculosus,Random,NA,NA,NA,NA,0
3948,merinov_gosl,Gulf of Saint Lawrence,BMV,NA,BMV-NA-2012-7-20,2012,7,20,48.5073,-69.2692,Ascophyllum nodosum,Random,NA,NA,NA,NA,0
3949,merinov_gosl,Gulf of Saint Lawrence,BMV,NA,BMV-NA-2012-7-20,2012,7,20,48.5073,-69.2692,Fucus distichus subsp. edentatus,Random,NA,NA,NA,NA,0
3950,merinov_gosl,Gulf of Saint Lawrence,BMV,NA,BMV-NA-2012-7-20,2012,7,20,48.5073,-69.2692,Fucus distichus subsp. evanescens,Random,NA,NA,NA,NA,0
3951,merinov_gosl,Gulf of Saint Lawrence,BMV,NA,BMV-NA-2012-7-20,2012,7,20,48.5073,-69.2692,Fucus vesiculosus,Random,NA,NA,NA,NA,0
3952,merinov_gosl,Gulf of Saint Lawrence,BMV,NA,BMV-NA-2012-7-20,2012,7,20,48.5073,-69.2686,Ascophyllum nodosum,Random,NA,NA,NA,NA,0
3953,merinov_gosl,Gulf of Saint Lawrence,BMV,NA,BMV-NA-2012-7-20,2012,7,20,48.5073,-69.2686,Fucus distichus subsp. edentatus,Random,NA,NA,NA,NA,0
3954,merinov_gosl,Gulf of Saint Lawrence,BMV,NA,BMV-NA-2012-7-20,2012,7,20,48.5073,-69.2686,Fucus distichus subsp. evanescens,Random,NA,NA,NA,NA,0
3955,merinov_gosl,Gulf of Saint Lawrence,BMV,NA,BMV-NA-2012-7-20,2012,7,20,48.5073,-69.2686,Fucus vesiculosus,Random,NA,NA,NA,NA,0
3956,merinov_gosl,Gulf of Saint Lawrence,BMV,NA,BMV-NA-2012-7-20,2012,7,20,48.5073,-69.2679,Ascophyllum nodosum,Random,NA,NA,NA,NA,0
3957,merinov_gosl,Gulf of Saint Lawrence,BMV,NA,BMV-NA-2012-7-20,2012,7,20,48.5073,-69.2679,Fucus distichus subsp. edentatus,Random,NA,NA,NA,NA,0
3958,merinov_gosl,Gulf of Saint Lawrence,BMV,NA,BMV-NA-2012-7-20,2012,7,20,48.5073,-69.2679,Fucus distichus subsp. evanescens,Random,NA,NA,34,34,1.53
3959,merinov_gosl,Gulf of Saint Lawrence,BMV,NA,BMV-NA-2012-7-20,2012,7,20,48.5073,-69.2679,Fucus vesiculosus,Random,NA,NA,NA,NA,0
3960,merinov_gosl,Gulf of Saint Lawrence,BMV,NA,BMV-NA-2012-7-20,2012,7,20,48.5073,-69.2672,Ascophyllum nodosum,Random,NA,NA,NA,NA,0
3961,merinov_gosl,Gulf of Saint Lawrence,BMV,NA,BMV-NA-2012-7-20,2012,7,20,48.5073,-69.2672,Fucus distichus subsp. edentatus,Random,NA,NA,NA,NA,0
3962,merinov_gosl,Gulf of Saint Lawrence,BMV,NA,BMV-NA-2012-7-20,2012,7,20,48.5073,-69.2672,Fucus distichus subsp. evanescens,Random,NA,NA,NA,NA,0
3963,merinov_gosl,Gulf of Saint Lawrence,BMV,NA,BMV-NA-2012-7-20,2012,7,20,48.5073,-69.2672,Fucus vesiculosus,Random,NA,NA,NA,NA,0
3964,merinov_gosl,Gulf of Saint Lawrence,BMV,NA,BMV-NA-2012-7-20,2012,7,20,48.5073,-69.2666,Ascophyllum nodosum,Random,NA,NA,NA,NA,0
3965,merinov_gosl,Gulf of Saint Lawrence,BMV,NA,BMV-NA-2012-7-20,2012,7,20,48.5073,-69.2666,Fucus distichus subsp. edentatus,Random,NA,NA,NA,NA,0
3966,merinov_gosl,Gulf of Saint Lawrence,BMV,NA,BMV-NA-2012-7-20,2012,7,20,48.5073,-69.2666,Fucus distichus subsp. evanescens,Random,NA,NA,NA,NA,0
3967,merinov_gosl,Gulf of Saint Lawrence,BMV,NA,BMV-NA-2012-7-20,2012,7,20,48.5073,-69.2666,Fucus vesiculosus,Random,NA,NA,NA,NA,0
3968,merinov_gosl,Gulf of Saint Lawrence,BMV,NA,BMV-NA-2012-7-20,2012,7,20,48.5073,-69.2659,Ascophyllum nodosum,Random,NA,NA,NA,NA,0
3969,merinov_gosl,Gulf of Saint Lawrence,BMV,NA,BMV-NA-2012-7-20,2012,7,20,48.5073,-69.2659,Fucus distichus subsp. edentatus,Random,NA,NA,NA,NA,0
3970,merinov_gosl,Gulf of Saint Lawrence,BMV,NA,BMV-NA-2012-7-20,2012,7,20,48.5073,-69.2659,Fucus distichus subsp. evanescens,Random,NA,NA,5,5,0.47
3971,merinov_gosl,Gulf of Saint Lawrence,BMV,NA,BMV-NA-2012-7-20,2012,7,20,48.5073,-69.2659,Fucus vesiculosus,Random,NA,NA,NA,NA,0
3972,merinov_gosl,Gulf of Saint Lawrence,BMV,NA,BMV-NA-2012-7-20,2012,7,20,48.5073,-69.2652,Ascophyllum nodosum,Random,NA,NA,NA,NA,0
3973,merinov_gosl,Gulf of Saint Lawrence,BMV,NA,BMV-NA-2012-7-20,2012,7,20,48.5073,-69.2652,Fucus distichus subsp. edentatus,Random,NA,NA,NA,NA,0
3974,merinov_gosl,Gulf of Saint Lawrence,BMV,NA,BMV-NA-2012-7-20,2012,7,20,48.5073,-69.2652,Fucus distichus subsp. evanescens,Random,NA,NA,14,14,1.35
3975,merinov_gosl,Gulf of Saint Lawrence,BMV,NA,BMV-NA-2012-7-20,2012,7,20,48.5073,-69.2652,Fucus vesiculosus,Random,NA,NA,NA,NA,0
3976,merinov_gosl,Gulf of Saint Lawrence,BMV,NA,BMV-NA-2012-7-20,2012,7,20,48.5073,-69.2646,Ascophyllum nodosum,Random,NA,NA,NA,NA,0
3977,merinov_gosl,Gulf of Saint Lawrence,BMV,NA,BMV-NA-2012-7-20,2012,7,20,48.5073,-69.2646,Fucus distichus subsp. edentatus,Random,NA,NA,20,20,0.32
3978,merinov_gosl,Gulf of Saint Lawrence,BMV,NA,BMV-NA-2012-7-20,2012,7,20,48.5073,-69.2646,Fucus distichus subsp. evanescens,Random,NA,NA,12,12,0.08
3979,merinov_gosl,Gulf of Saint Lawrence,BMV,NA,BMV-NA-2012-7-20,2012,7,20,48.5073,-69.2646,Fucus vesiculosus,Random,NA,NA,3,3,0.34
3980,merinov_gosl,Gulf of Saint Lawrence,BMV,NA,BMV-NA-2012-7-20,2012,7,20,48.5073,-69.2639,Ascophyllum nodosum,Random,NA,NA,NA,NA,0
3981,merinov_gosl,Gulf of Saint Lawrence,BMV,NA,BMV-NA-2012-7-20,2012,7,20,48.5073,-69.2639,Fucus distichus subsp. edentatus,Random,NA,NA,NA,NA,0
3982,merinov_gosl,Gulf of Saint Lawrence,BMV,NA,BMV-NA-2012-7-20,2012,7,20,48.5073,-69.2639,Fucus distichus subsp. evanescens,Random,NA,NA,10,10,0.87
3983,merinov_gosl,Gulf of Saint Lawrence,BMV,NA,BMV-NA-2012-7-20,2012,7,20,48.5073,-69.2639,Fucus vesiculosus,Random,NA,NA,NA,NA,0
3984,merinov_gosl,Gulf of Saint Lawrence,BMV,NA,BMV-NA-2012-7-20,2012,7,20,48.5073,-69.2632,Ascophyllum nodosum,Random,NA,NA,NA,NA,0
3985,merinov_gosl,Gulf of Saint Lawrence,BMV,NA,BMV-NA-2012-7-20,2012,7,20,48.5073,-69.2632,Fucus distichus subsp. edentatus,Random,NA,NA,NA,NA,0
3986,merinov_gosl,Gulf of Saint Lawrence,BMV,NA,BMV-NA-2012-7-20,2012,7,20,48.5073,-69.2632,Fucus distichus subsp. evanescens,Random,NA,NA,1,1,0.01
3987,merinov_gosl,Gulf of Saint Lawrence,BMV,NA,BMV-NA-2012-7-20,2012,7,20,48.5073,-69.2632,Fucus vesiculosus,Random,NA,NA,NA,NA,0
3988,merinov_gosl,Gulf of Saint Lawrence,BMV,NA,BMV-NA-2012-7-20,2012,7,20,48.5073,-69.2626,Ascophyllum nodosum,Random,NA,NA,NA,NA,0
3989,merinov_gosl,Gulf of Saint Lawrence,BMV,NA,BMV-NA-2012-7-20,2012,7,20,48.5073,-69.2626,Fucus distichus subsp. edentatus,Random,NA,NA,NA,NA,0
3990,merinov_gosl,Gulf of Saint Lawrence,BMV,NA,BMV-NA-2012-7-20,2012,7,20,48.5073,-69.2626,Fucus distichus subsp. evanescens,Random,NA,NA,NA,NA,0
3991,merinov_gosl,Gulf of Saint Lawrence,BMV,NA,BMV-NA-2012-7-20,2012,7,20,48.5073,-69.2626,Fucus vesiculosus,Random,NA,NA,NA,NA,0
3992,merinov_gosl,Gulf of Saint Lawrence,BMV,NA,BMV-NA-2012-7-20,2012,7,20,48.5073,-69.2619,Ascophyllum nodosum,Random,NA,NA,NA,NA,0
3993,merinov_gosl,Gulf of Saint Lawrence,BMV,NA,BMV-NA-2012-7-20,2012,7,20,48.5073,-69.2619,Fucus distichus subsp. edentatus,Random,NA,NA,NA,NA,0
3994,merinov_gosl,Gulf of Saint Lawrence,BMV,NA,BMV-NA-2012-7-20,2012,7,20,48.5073,-69.2619,Fucus distichus subsp. evanescens,Random,NA,NA,NA,NA,0
3995,merinov_gosl,Gulf of Saint Lawrence,BMV,NA,BMV-NA-2012-7-20,2012,7,20,48.5073,-69.2619,Fucus vesiculosus,Random,NA,NA,NA,NA,0
3996,merinov_gosl,Gulf of Saint Lawrence,BMV,NA,BMV-NA-2012-7-20,2012,7,20,48.5073,-69.2606,Ascophyllum nodosum,Random,NA,NA,NA,NA,0
3997,merinov_gosl,Gulf of Saint Lawrence,BMV,NA,BMV-NA-2012-7-20,2012,7,20,48.5073,-69.2606,Fucus distichus subsp. edentatus,Random,NA,NA,NA,NA,0
3998,merinov_gosl,Gulf of Saint Lawrence,BMV,NA,BMV-NA-2012-7-20,2012,7,20,48.5073,-69.2606,Fucus distichus subsp. evanescens,Random,NA,NA,NA,NA,0
3999,merinov_gosl,Gulf of Saint Lawrence,BMV,NA,BMV-NA-2012-7-20,2012,7,20,48.5073,-69.2606,Fucus vesiculosus,Random,NA,NA,NA,NA,0
4000,merinov_gosl,Gulf of Saint Lawrence,BMV,NA,BMV-NA-2012-7-20,2012,7,20,48.5073,-69.2599,Ascophyllum nodosum,Random,NA,NA,NA,NA,0
4001,merinov_gosl,Gulf of Saint Lawrence,BMV,NA,BMV-NA-2012-7-20,2012,7,20,48.5073,-69.2599,Fucus distichus subsp. edentatus,Random,NA,NA,NA,NA,0
4002,merinov_gosl,Gulf of Saint Lawrence,BMV,NA,BMV-NA-2012-7-20,2012,7,20,48.5073,-69.2599,Fucus distichus subsp. evanescens,Random,NA,NA,NA,NA,0
4003,merinov_gosl,Gulf of Saint Lawrence,BMV,NA,BMV-NA-2012-7-20,2012,7,20,48.5073,-69.2599,Fucus vesiculosus,Random,NA,NA,NA,NA,0
4004,merinov_gosl,Gulf of Saint Lawrence,BMV,NA,BMV-NA-2012-7-20,2012,7,20,48.5073,-69.2579,Ascophyllum nodosum,Random,NA,NA,NA,NA,0
4005,merinov_gosl,Gulf of Saint Lawrence,BMV,NA,BMV-NA-2012-7-20,2012,7,20,48.5073,-69.2579,Fucus distichus subsp. edentatus,Random,NA,NA,NA,NA,0
4006,merinov_gosl,Gulf of Saint Lawrence,BMV,NA,BMV-NA-2012-7-20,2012,7,20,48.5073,-69.2579,Fucus distichus subsp. evanescens,Random,NA,NA,1,1,0.03
4007,merinov_gosl,Gulf of Saint Lawrence,BMV,NA,BMV-NA-2012-7-20,2012,7,20,48.5073,-69.2579,Fucus vesiculosus,Random,NA,NA,NA,NA,0
4008,merinov_gosl,Gulf of Saint Lawrence,BMV,NA,BMV-NA-2012-7-20,2012,7,20,48.5073,-69.2572,Ascophyllum nodosum,Random,NA,NA,NA,NA,0
4009,merinov_gosl,Gulf of Saint Lawrence,BMV,NA,BMV-NA-2012-7-20,2012,7,20,48.5073,-69.2572,Fucus distichus subsp. edentatus,Random,NA,NA,NA,NA,0
4010,merinov_gosl,Gulf of Saint Lawrence,BMV,NA,BMV-NA-2012-7-20,2012,7,20,48.5073,-69.2572,Fucus distichus subsp. evanescens,Random,NA,NA,NA,NA,0
4011,merinov_gosl,Gulf of Saint Lawrence,BMV,NA,BMV-NA-2012-7-20,2012,7,20,48.5073,-69.2572,Fucus vesiculosus,Random,NA,NA,NA,NA,0
4012,merinov_gosl,Gulf of Saint Lawrence,BMV,NA,BMV-NA-2012-7-20,2012,7,20,48.5073,-69.2566,Ascophyllum nodosum,Random,NA,NA,NA,NA,0
4013,merinov_gosl,Gulf of Saint Lawrence,BMV,NA,BMV-NA-2012-7-20,2012,7,20,48.5073,-69.2566,Fucus distichus subsp. edentatus,Random,NA,NA,NA,NA,0
4014,merinov_gosl,Gulf of Saint Lawrence,BMV,NA,BMV-NA-2012-7-20,2012,7,20,48.5073,-69.2566,Fucus distichus subsp. evanescens,Random,NA,NA,NA,NA,0
4015,merinov_gosl,Gulf of Saint Lawrence,BMV,NA,BMV-NA-2012-7-20,2012,7,20,48.5073,-69.2566,Fucus vesiculosus,Random,NA,NA,NA,NA,0
4016,merinov_gosl,Gulf of Saint Lawrence,BMV,NA,BMV-NA-2012-7-20,2012,7,20,48.5073,-69.2559,Ascophyllum nodosum,Random,NA,NA,NA,NA,0
4017,merinov_gosl,Gulf of Saint Lawrence,BMV,NA,BMV-NA-2012-7-20,2012,7,20,48.5073,-69.2559,Fucus distichus subsp. edentatus,Random,NA,NA,NA,NA,0
4018,merinov_gosl,Gulf of Saint Lawrence,BMV,NA,BMV-NA-2012-7-20,2012,7,20,48.5073,-69.2559,Fucus distichus subsp. evanescens,Random,NA,NA,NA,NA,0
4019,merinov_gosl,Gulf of Saint Lawrence,BMV,NA,BMV-NA-2012-7-20,2012,7,20,48.5073,-69.2559,Fucus vesiculosus,Random,NA,NA,NA,NA,0
4020,merinov_gosl,Gulf of Saint Lawrence,BMV,NA,BMV-NA-2012-7-20,2012,7,20,48.5073,-69.2552,Ascophyllum nodosum,Random,NA,NA,NA,NA,0
4021,merinov_gosl,Gulf of Saint Lawrence,BMV,NA,BMV-NA-2012-7-20,2012,7,20,48.5073,-69.2552,Fucus distichus subsp. edentatus,Random,NA,NA,NA,NA,0
4022,merinov_gosl,Gulf of Saint Lawrence,BMV,NA,BMV-NA-2012-7-20,2012,7,20,48.5073,-69.2552,Fucus distichus subsp. evanescens,Random,NA,NA,2,2,0.16
4023,merinov_gosl,Gulf of Saint Lawrence,BMV,NA,BMV-NA-2012-7-20,2012,7,20,48.5073,-69.2552,Fucus vesiculosus,Random,NA,NA,NA,NA,0
4024,merinov_gosl,Gulf of Saint Lawrence,BMV,NA,BMV-NA-2012-7-20,2012,7,20,48.5073,-69.2546,Ascophyllum nodosum,Random,NA,NA,NA,NA,0
4025,merinov_gosl,Gulf of Saint Lawrence,BMV,NA,BMV-NA-2012-7-20,2012,7,20,48.5073,-69.2546,Fucus distichus subsp. edentatus,Random,NA,NA,NA,NA,0
4026,merinov_gosl,Gulf of Saint Lawrence,BMV,NA,BMV-NA-2012-7-20,2012,7,20,48.5073,-69.2546,Fucus distichus subsp. evanescens,Random,NA,NA,NA,NA,0
4027,merinov_gosl,Gulf of Saint Lawrence,BMV,NA,BMV-NA-2012-7-20,2012,7,20,48.5073,-69.2546,Fucus vesiculosus,Random,NA,NA,NA,NA,0
4028,merinov_gosl,Gulf of Saint Lawrence,BMV,NA,BMV-NA-2012-7-20,2012,7,20,48.5073,-69.2539,Ascophyllum nodosum,Random,NA,NA,NA,NA,0
4029,merinov_gosl,Gulf of Saint Lawrence,BMV,NA,BMV-NA-2012-7-20,2012,7,20,48.5073,-69.2539,Fucus distichus subsp. edentatus,Random,NA,NA,NA,NA,0
4030,merinov_gosl,Gulf of Saint Lawrence,BMV,NA,BMV-NA-2012-7-20,2012,7,20,48.5073,-69.2539,Fucus distichus subsp. evanescens,Random,NA,NA,5,5,0.41
4031,merinov_gosl,Gulf of Saint Lawrence,BMV,NA,BMV-NA-2012-7-20,2012,7,20,48.5073,-69.2539,Fucus vesiculosus,Random,NA,NA,NA,NA,0
4032,merinov_gosl,Gulf of Saint Lawrence,BMV,NA,BMV-NA-2012-7-20,2012,7,20,48.5073,-69.2532,Ascophyllum nodosum,Random,NA,NA,NA,NA,0
4033,merinov_gosl,Gulf of Saint Lawrence,BMV,NA,BMV-NA-2012-7-20,2012,7,20,48.5073,-69.2532,Fucus distichus subsp. edentatus,Random,NA,NA,NA,NA,0
4034,merinov_gosl,Gulf of Saint Lawrence,BMV,NA,BMV-NA-2012-7-20,2012,7,20,48.5073,-69.2532,Fucus distichus subsp. evanescens,Random,NA,NA,NA,NA,0
4035,merinov_gosl,Gulf of Saint Lawrence,BMV,NA,BMV-NA-2012-7-20,2012,7,20,48.5073,-69.2532,Fucus vesiculosus,Random,NA,NA,NA,NA,0
4036,merinov_gosl,Gulf of Saint Lawrence,BMV,NA,BMV-NA-2012-7-20,2012,7,20,48.5073,-69.2526,Ascophyllum nodosum,Random,NA,NA,NA,NA,0
4037,merinov_gosl,Gulf of Saint Lawrence,BMV,NA,BMV-NA-2012-7-20,2012,7,20,48.5073,-69.2526,Fucus distichus subsp. edentatus,Random,NA,NA,NA,NA,0
4038,merinov_gosl,Gulf of Saint Lawrence,BMV,NA,BMV-NA-2012-7-20,2012,7,20,48.5073,-69.2526,Fucus distichus subsp. evanescens,Random,NA,NA,NA,NA,0
4039,merinov_gosl,Gulf of Saint Lawrence,BMV,NA,BMV-NA-2012-7-20,2012,7,20,48.5073,-69.2526,Fucus vesiculosus,Random,NA,NA,NA,NA,0
4040,merinov_gosl,Gulf of Saint Lawrence,BMV,NA,BMV-NA-2012-7-20,2012,7,20,48.5073,-69.2519,Ascophyllum nodosum,Random,NA,NA,NA,NA,0
4041,merinov_gosl,Gulf of Saint Lawrence,BMV,NA,BMV-NA-2012-7-20,2012,7,20,48.5073,-69.2519,Fucus distichus subsp. edentatus,Random,NA,NA,NA,NA,0
4042,merinov_gosl,Gulf of Saint Lawrence,BMV,NA,BMV-NA-2012-7-20,2012,7,20,48.5073,-69.2519,Fucus distichus subsp. evanescens,Random,NA,NA,NA,NA,0
4043,merinov_gosl,Gulf of Saint Lawrence,BMV,NA,BMV-NA-2012-7-20,2012,7,20,48.5073,-69.2519,Fucus vesiculosus,Random,NA,NA,NA,NA,0
4044,merinov_gosl,Gulf of Saint Lawrence,BMV,NA,BMV-NA-2012-7-20,2012,7,20,48.5073,-69.2512,Ascophyllum nodosum,Random,NA,NA,NA,NA,0
4045,merinov_gosl,Gulf of Saint Lawrence,BMV,NA,BMV-NA-2012-7-20,2012,7,20,48.5073,-69.2512,Fucus distichus subsp. edentatus,Random,NA,NA,NA,NA,0
4046,merinov_gosl,Gulf of Saint Lawrence,BMV,NA,BMV-NA-2012-7-20,2012,7,20,48.5073,-69.2512,Fucus distichus subsp. evanescens,Random,NA,NA,NA,NA,0
4047,merinov_gosl,Gulf of Saint Lawrence,BMV,NA,BMV-NA-2012-7-20,2012,7,20,48.5073,-69.2512,Fucus vesiculosus,Random,NA,NA,NA,NA,0
4048,merinov_gosl,Gulf of Saint Lawrence,BMV,NA,BMV-NA-2012-7-20,2012,7,20,48.5073,-69.2506,Ascophyllum nodosum,Random,NA,NA,NA,NA,0
4049,merinov_gosl,Gulf of Saint Lawrence,BMV,NA,BMV-NA-2012-7-20,2012,7,20,48.5073,-69.2506,Fucus distichus subsp. edentatus,Random,NA,NA,NA,NA,0
4050,merinov_gosl,Gulf of Saint Lawrence,BMV,NA,BMV-NA-2012-7-20,2012,7,20,48.5073,-69.2506,Fucus distichus subsp. evanescens,Random,NA,NA,NA,NA,0
4051,merinov_gosl,Gulf of Saint Lawrence,BMV,NA,BMV-NA-2012-7-20,2012,7,20,48.5073,-69.2506,Fucus vesiculosus,Random,NA,NA,NA,NA,0
4052,merinov_gosl,Gulf of Saint Lawrence,BMV,NA,BMV-NA-2012-7-20,2012,7,20,48.5073,-69.2489,Ascophyllum nodosum,Random,NA,NA,NA,NA,0
4053,merinov_gosl,Gulf of Saint Lawrence,BMV,NA,BMV-NA-2012-7-20,2012,7,20,48.5073,-69.2489,Fucus distichus subsp. edentatus,Random,NA,NA,NA,NA,0
4054,merinov_gosl,Gulf of Saint Lawrence,BMV,NA,BMV-NA-2012-7-20,2012,7,20,48.5073,-69.2489,Fucus distichus subsp. evanescens,Random,NA,NA,NA,NA,0
4055,merinov_gosl,Gulf of Saint Lawrence,BMV,NA,BMV-NA-2012-7-20,2012,7,20,48.5073,-69.2489,Fucus vesiculosus,Random,NA,NA,NA,NA,0
4056,merinov_gosl,Gulf of Saint Lawrence,ESC,NA,ESC-NA-2011-8-3,2011,8,3,48.351,-69.3925,Ascophyllum nodosum,Random,NA,NA,NA,NA,0
4057,merinov_gosl,Gulf of Saint Lawrence,ESC,NA,ESC-NA-2011-8-3,2011,8,3,48.351,-69.3925,Fucus distichus subsp. evanescens,Random,NA,NA,7,7,1.33
4058,merinov_gosl,Gulf of Saint Lawrence,ESC,NA,ESC-NA-2011-8-3,2011,8,3,48.351,-69.3925,Fucus vesiculosus,Random,NA,NA,19,19,2.39
4059,merinov_gosl,Gulf of Saint Lawrence,ESC,NA,ESC-NA-2011-8-3,2011,8,3,48.3512,-69.3945,Ascophyllum nodosum,Random,NA,NA,1,1,2.21
4060,merinov_gosl,Gulf of Saint Lawrence,ESC,NA,ESC-NA-2011-8-3,2011,8,3,48.3512,-69.3945,Fucus distichus subsp. evanescens,Random,NA,NA,19,19,2.36
4061,merinov_gosl,Gulf of Saint Lawrence,ESC,NA,ESC-NA-2011-8-3,2011,8,3,48.3512,-69.3945,Fucus vesiculosus,Random,NA,NA,NA,NA,0
4062,merinov_gosl,Gulf of Saint Lawrence,ESC,NA,ESC-NA-2011-8-3,2011,8,3,48.3514,-69.3952,Ascophyllum nodosum,Random,NA,NA,NA,NA,0
4063,merinov_gosl,Gulf of Saint Lawrence,ESC,NA,ESC-NA-2011-8-3,2011,8,3,48.3514,-69.3952,Fucus distichus subsp. evanescens,Random,NA,NA,5,5,0.76
4064,merinov_gosl,Gulf of Saint Lawrence,ESC,NA,ESC-NA-2011-8-3,2011,8,3,48.3514,-69.3952,Fucus vesiculosus,Random,NA,NA,NA,NA,0
4065,merinov_gosl,Gulf of Saint Lawrence,ESC,NA,ESC-NA-2011-8-3,2011,8,3,48.3517,-69.3958,Ascophyllum nodosum,Random,NA,NA,57,57,6.4
4066,merinov_gosl,Gulf of Saint Lawrence,ESC,NA,ESC-NA-2011-8-3,2011,8,3,48.3517,-69.3958,Fucus distichus subsp. evanescens,Random,NA,NA,19,19,1.74
4067,merinov_gosl,Gulf of Saint Lawrence,ESC,NA,ESC-NA-2011-8-3,2011,8,3,48.3517,-69.3958,Fucus vesiculosus,Random,NA,NA,54,54,6.72
4068,merinov_gosl,Gulf of Saint Lawrence,ESC,NA,ESC-NA-2011-8-3,2011,8,3,48.3519,-69.3965,Ascophyllum nodosum,Random,NA,NA,NA,NA,0
4069,merinov_gosl,Gulf of Saint Lawrence,ESC,NA,ESC-NA-2011-8-3,2011,8,3,48.3519,-69.3965,Fucus distichus subsp. evanescens,Random,NA,NA,8,8,0.06
4070,merinov_gosl,Gulf of Saint Lawrence,ESC,NA,ESC-NA-2011-8-3,2011,8,3,48.3519,-69.3965,Fucus vesiculosus,Random,NA,NA,NA,NA,0
4071,merinov_gosl,Gulf of Saint Lawrence,ESC,NA,ESC-NA-2011-8-4,2011,8,4,48.3519,-69.3902,Ascophyllum nodosum,Random,NA,NA,NA,NA,0
4072,merinov_gosl,Gulf of Saint Lawrence,ESC,NA,ESC-NA-2011-8-4,2011,8,4,48.3519,-69.3902,Fucus distichus subsp. evanescens,Random,NA,NA,18,18,10.3
4073,merinov_gosl,Gulf of Saint Lawrence,ESC,NA,ESC-NA-2011-8-4,2011,8,4,48.3519,-69.3902,Fucus vesiculosus,Random,NA,NA,3,3,0.5
4074,merinov_gosl,Gulf of Saint Lawrence,ESC,NA,ESC-NA-2011-8-3,2011,8,3,48.3521,-69.3971,Ascophyllum nodosum,Random,NA,NA,NA,NA,0
4075,merinov_gosl,Gulf of Saint Lawrence,ESC,NA,ESC-NA-2011-8-3,2011,8,3,48.3521,-69.3971,Fucus distichus subsp. evanescens,Random,NA,NA,NA,NA,0
4076,merinov_gosl,Gulf of Saint Lawrence,ESC,NA,ESC-NA-2011-8-3,2011,8,3,48.3521,-69.3971,Fucus vesiculosus,Random,NA,NA,NA,NA,0
4077,merinov_gosl,Gulf of Saint Lawrence,ESC,NA,ESC-NA-2011-8-4,2011,8,4,48.3521,-69.3908,Ascophyllum nodosum,Random,NA,NA,NA,NA,0
4078,merinov_gosl,Gulf of Saint Lawrence,ESC,NA,ESC-NA-2011-8-4,2011,8,4,48.3521,-69.3908,Fucus distichus subsp. evanescens,Random,NA,NA,NA,NA,0
4079,merinov_gosl,Gulf of Saint Lawrence,ESC,NA,ESC-NA-2011-8-4,2011,8,4,48.3521,-69.3908,Fucus vesiculosus,Random,NA,NA,10,10,2
4080,merinov_gosl,Gulf of Saint Lawrence,ESC,NA,ESC-NA-2011-8-3,2011,8,3,48.3523,-69.3978,Ascophyllum nodosum,Random,NA,NA,NA,NA,0
4081,merinov_gosl,Gulf of Saint Lawrence,ESC,NA,ESC-NA-2011-8-3,2011,8,3,48.3523,-69.3978,Fucus distichus subsp. evanescens,Random,NA,NA,NA,NA,0
4082,merinov_gosl,Gulf of Saint Lawrence,ESC,NA,ESC-NA-2011-8-3,2011,8,3,48.3523,-69.3978,Fucus vesiculosus,Random,NA,NA,NA,NA,0
4083,merinov_gosl,Gulf of Saint Lawrence,ESC,NA,ESC-NA-2011-8-4,2011,8,4,48.3523,-69.3915,Ascophyllum nodosum,Random,NA,NA,NA,NA,0
4084,merinov_gosl,Gulf of Saint Lawrence,ESC,NA,ESC-NA-2011-8-4,2011,8,4,48.3523,-69.3915,Fucus distichus subsp. evanescens,Random,NA,NA,13,13,2.49
4085,merinov_gosl,Gulf of Saint Lawrence,ESC,NA,ESC-NA-2011-8-4,2011,8,4,48.3523,-69.3915,Fucus vesiculosus,Random,NA,NA,22,22,1.1
4086,merinov_gosl,Gulf of Saint Lawrence,ESC,NA,ESC-NA-2011-8-4,2011,8,4,48.3525,-69.392,Ascophyllum nodosum,Random,NA,NA,NA,NA,0
4087,merinov_gosl,Gulf of Saint Lawrence,ESC,NA,ESC-NA-2011-8-4,2011,8,4,48.3525,-69.392,Fucus distichus subsp. evanescens,Random,NA,NA,NA,NA,0
4088,merinov_gosl,Gulf of Saint Lawrence,ESC,NA,ESC-NA-2011-8-4,2011,8,4,48.3525,-69.392,Fucus vesiculosus,Random,NA,NA,12,12,2.1
4089,merinov_gosl,Gulf of Saint Lawrence,ESC,NA,ESC-NA-2011-8-3,2011,8,3,48.3527,-69.3982,Ascophyllum nodosum,Random,NA,NA,NA,NA,0
4090,merinov_gosl,Gulf of Saint Lawrence,ESC,NA,ESC-NA-2011-8-3,2011,8,3,48.3527,-69.3982,Fucus distichus subsp. evanescens,Random,NA,NA,NA,NA,0
4091,merinov_gosl,Gulf of Saint Lawrence,ESC,NA,ESC-NA-2011-8-3,2011,8,3,48.3527,-69.3982,Fucus vesiculosus,Random,NA,NA,NA,NA,0
4092,merinov_gosl,Gulf of Saint Lawrence,ESC,NA,ESC-NA-2011-8-4,2011,8,4,48.3528,-69.3927,Ascophyllum nodosum,Random,NA,NA,NA,NA,0
4093,merinov_gosl,Gulf of Saint Lawrence,ESC,NA,ESC-NA-2011-8-4,2011,8,4,48.3528,-69.3927,Fucus distichus subsp. evanescens,Random,NA,NA,20,20,3.85
4094,merinov_gosl,Gulf of Saint Lawrence,ESC,NA,ESC-NA-2011-8-4,2011,8,4,48.3528,-69.3927,Fucus vesiculosus,Random,NA,NA,1,1,0.37
4095,merinov_gosl,Gulf of Saint Lawrence,ESC,NA,ESC-NA-2011-8-4,2011,8,4,48.353,-69.3934,Ascophyllum nodosum,Random,NA,NA,NA,NA,0
4096,merinov_gosl,Gulf of Saint Lawrence,ESC,NA,ESC-NA-2011-8-4,2011,8,4,48.353,-69.3934,Fucus distichus subsp. evanescens,Random,NA,NA,42,42,3.8
4097,merinov_gosl,Gulf of Saint Lawrence,ESC,NA,ESC-NA-2011-8-4,2011,8,4,48.353,-69.3934,Fucus vesiculosus,Random,NA,NA,NA,NA,0
4098,merinov_gosl,Gulf of Saint Lawrence,ESC,NA,ESC-NA-2011-8-4,2011,8,4,48.3531,-69.394,Ascophyllum nodosum,Random,NA,NA,NA,NA,0
4099,merinov_gosl,Gulf of Saint Lawrence,ESC,NA,ESC-NA-2011-8-4,2011,8,4,48.3531,-69.394,Fucus distichus subsp. evanescens,Random,NA,NA,33,33,2.23
4100,merinov_gosl,Gulf of Saint Lawrence,ESC,NA,ESC-NA-2011-8-4,2011,8,4,48.3531,-69.394,Fucus vesiculosus,Random,NA,NA,50,50,3.67
4101,merinov_gosl,Gulf of Saint Lawrence,ESC,NA,ESC-NA-2011-8-3,2011,8,3,48.3533,-69.3948,Ascophyllum nodosum,Random,NA,NA,NA,NA,0
4102,merinov_gosl,Gulf of Saint Lawrence,ESC,NA,ESC-NA-2011-8-3,2011,8,3,48.3533,-69.3948,Fucus distichus subsp. evanescens,Random,NA,NA,NA,NA,0
4103,merinov_gosl,Gulf of Saint Lawrence,ESC,NA,ESC-NA-2011-8-3,2011,8,3,48.3533,-69.3948,Fucus vesiculosus,Random,NA,NA,NA,NA,0
4104,merinov_gosl,Gulf of Saint Lawrence,ESC,NA,ESC-NA-2011-8-3,2011,8,3,48.3536,-69.3955,Ascophyllum nodosum,Random,NA,NA,NA,NA,0
4105,merinov_gosl,Gulf of Saint Lawrence,ESC,NA,ESC-NA-2011-8-3,2011,8,3,48.3536,-69.3955,Fucus distichus subsp. evanescens,Random,NA,NA,NA,NA,0
4106,merinov_gosl,Gulf of Saint Lawrence,ESC,NA,ESC-NA-2011-8-3,2011,8,3,48.3536,-69.3955,Fucus vesiculosus,Random,NA,NA,NA,NA,0
4107,merinov_gosl,Gulf of Saint Lawrence,ESC,NA,ESC-NA-2011-8-3,2011,8,3,48.3537,-69.3962,Ascophyllum nodosum,Random,NA,NA,NA,NA,0
4108,merinov_gosl,Gulf of Saint Lawrence,ESC,NA,ESC-NA-2011-8-3,2011,8,3,48.3537,-69.3962,Fucus distichus subsp. evanescens,Random,NA,NA,4,4,0.87
4109,merinov_gosl,Gulf of Saint Lawrence,ESC,NA,ESC-NA-2011-8-3,2011,8,3,48.3537,-69.3962,Fucus vesiculosus,Random,NA,NA,NA,NA,0
4110,merinov_gosl,Gulf of Saint Lawrence,ESC,NA,ESC-NA-2011-8-3,2011,8,3,48.3541,-69.3968,Ascophyllum nodosum,Random,NA,NA,NA,NA,0
4111,merinov_gosl,Gulf of Saint Lawrence,ESC,NA,ESC-NA-2011-8-3,2011,8,3,48.3541,-69.3968,Fucus distichus subsp. evanescens,Random,NA,NA,NA,NA,0
4112,merinov_gosl,Gulf of Saint Lawrence,ESC,NA,ESC-NA-2011-8-3,2011,8,3,48.3541,-69.3968,Fucus vesiculosus,Random,NA,NA,NA,NA,0
4113,merinov_gosl,Gulf of Saint Lawrence,ESC,NA,ESC-NA-2011-8-3,2011,8,3,48.3544,-69.3975,Ascophyllum nodosum,Random,NA,NA,NA,NA,0
4114,merinov_gosl,Gulf of Saint Lawrence,ESC,NA,ESC-NA-2011-8-3,2011,8,3,48.3544,-69.3975,Fucus distichus subsp. evanescens,Random,NA,NA,NA,NA,0
4115,merinov_gosl,Gulf of Saint Lawrence,ESC,NA,ESC-NA-2011-8-3,2011,8,3,48.3544,-69.3975,Fucus vesiculosus,Random,NA,NA,NA,NA,0
4116,merinov_gosl,Gulf of Saint Lawrence,ESC,NA,ESC-NA-2011-8-3,2011,8,3,48.3546,-69.3982,Ascophyllum nodosum,Random,NA,NA,NA,NA,0
4117,merinov_gosl,Gulf of Saint Lawrence,ESC,NA,ESC-NA-2011-8-3,2011,8,3,48.3546,-69.3982,Fucus distichus subsp. evanescens,Random,NA,NA,NA,NA,0
4118,merinov_gosl,Gulf of Saint Lawrence,ESC,NA,ESC-NA-2011-8-3,2011,8,3,48.3546,-69.3982,Fucus vesiculosus,Random,NA,NA,NA,NA,0
4119,merinov_gosl,Gulf of Saint Lawrence,ESC,NA,ESC-NA-2011-8-4,2011,8,4,48.3562,-69.3987,Ascophyllum nodosum,Random,NA,NA,NA,NA,0
4120,merinov_gosl,Gulf of Saint Lawrence,ESC,NA,ESC-NA-2011-8-4,2011,8,4,48.3562,-69.3987,Fucus distichus subsp. evanescens,Random,NA,NA,NA,NA,0
4121,merinov_gosl,Gulf of Saint Lawrence,ESC,NA,ESC-NA-2011-8-4,2011,8,4,48.3562,-69.3987,Fucus vesiculosus,Random,NA,NA,NA,NA,0
4122,merinov_gosl,Gulf of Saint Lawrence,ESC,NA,ESC-NA-2011-8-4,2011,8,4,48.3562,-69.3976,Ascophyllum nodosum,Random,NA,NA,NA,NA,0
4123,merinov_gosl,Gulf of Saint Lawrence,ESC,NA,ESC-NA-2011-8-4,2011,8,4,48.3562,-69.3976,Fucus distichus subsp. evanescens,Random,NA,NA,NA,NA,0
4124,merinov_gosl,Gulf of Saint Lawrence,ESC,NA,ESC-NA-2011-8-4,2011,8,4,48.3562,-69.3976,Fucus vesiculosus,Random,NA,NA,NA,NA,0
4125,merinov_gosl,Gulf of Saint Lawrence,ESC,NA,ESC-NA-2011-8-4,2011,8,4,48.3562,-69.3968,Ascophyllum nodosum,Random,NA,NA,NA,NA,0
4126,merinov_gosl,Gulf of Saint Lawrence,ESC,NA,ESC-NA-2011-8-4,2011,8,4,48.3562,-69.3968,Fucus distichus subsp. evanescens,Random,NA,NA,NA,NA,0
4127,merinov_gosl,Gulf of Saint Lawrence,ESC,NA,ESC-NA-2011-8-4,2011,8,4,48.3562,-69.3968,Fucus vesiculosus,Random,NA,NA,NA,NA,0
4128,merinov_gosl,Gulf of Saint Lawrence,ESC,NA,ESC-NA-2011-8-4,2011,8,4,48.3562,-69.3961,Ascophyllum nodosum,Random,NA,NA,NA,NA,0
4129,merinov_gosl,Gulf of Saint Lawrence,ESC,NA,ESC-NA-2011-8-4,2011,8,4,48.3562,-69.3961,Fucus distichus subsp. evanescens,Random,NA,NA,NA,NA,0
4130,merinov_gosl,Gulf of Saint Lawrence,ESC,NA,ESC-NA-2011-8-4,2011,8,4,48.3562,-69.3961,Fucus vesiculosus,Random,NA,NA,NA,NA,0
4131,merinov_gosl,Gulf of Saint Lawrence,ESC,NA,ESC-NA-2011-8-4,2011,8,4,48.3562,-69.3955,Ascophyllum nodosum,Random,NA,NA,NA,NA,0
4132,merinov_gosl,Gulf of Saint Lawrence,ESC,NA,ESC-NA-2011-8-4,2011,8,4,48.3562,-69.3955,Fucus distichus subsp. evanescens,Random,NA,NA,NA,NA,0
4133,merinov_gosl,Gulf of Saint Lawrence,ESC,NA,ESC-NA-2011-8-4,2011,8,4,48.3562,-69.3955,Fucus vesiculosus,Random,NA,NA,NA,NA,0
4134,merinov_gosl,Gulf of Saint Lawrence,ESC,NA,ESC-NA-2011-8-5,2011,8,5,48.3562,-69.3948,Ascophyllum nodosum,Random,NA,NA,NA,NA,0
4135,merinov_gosl,Gulf of Saint Lawrence,ESC,NA,ESC-NA-2011-8-5,2011,8,5,48.3562,-69.3948,Fucus distichus subsp. evanescens,Random,NA,NA,NA,NA,0
4136,merinov_gosl,Gulf of Saint Lawrence,ESC,NA,ESC-NA-2011-8-5,2011,8,5,48.3562,-69.3948,Fucus vesiculosus,Random,NA,NA,NA,NA,0
4137,merinov_gosl,Gulf of Saint Lawrence,ESC,NA,ESC-NA-2011-8-5,2011,8,5,48.3562,-69.3941,Ascophyllum nodosum,Random,NA,NA,NA,NA,0
4138,merinov_gosl,Gulf of Saint Lawrence,ESC,NA,ESC-NA-2011-8-5,2011,8,5,48.3562,-69.3941,Fucus distichus subsp. evanescens,Random,NA,NA,7,7,0.2
4139,merinov_gosl,Gulf of Saint Lawrence,ESC,NA,ESC-NA-2011-8-5,2011,8,5,48.3562,-69.3941,Fucus vesiculosus,Random,NA,NA,NA,NA,0
4140,merinov_gosl,Gulf of Saint Lawrence,ESC,NA,ESC-NA-2011-8-5,2011,8,5,48.3562,-69.3934,Ascophyllum nodosum,Random,NA,NA,NA,NA,0
4141,merinov_gosl,Gulf of Saint Lawrence,ESC,NA,ESC-NA-2011-8-5,2011,8,5,48.3562,-69.3934,Fucus distichus subsp. evanescens,Random,NA,NA,NA,NA,0
4142,merinov_gosl,Gulf of Saint Lawrence,ESC,NA,ESC-NA-2011-8-5,2011,8,5,48.3562,-69.3934,Fucus vesiculosus,Random,NA,NA,NA,NA,0
4143,merinov_gosl,Gulf of Saint Lawrence,ESC,NA,ESC-NA-2011-8-5,2011,8,5,48.3562,-69.3927,Ascophyllum nodosum,Random,NA,NA,27,27,5.12
4144,merinov_gosl,Gulf of Saint Lawrence,ESC,NA,ESC-NA-2011-8-5,2011,8,5,48.3562,-69.3927,Fucus distichus subsp. evanescens,Random,NA,NA,NA,NA,0
4145,merinov_gosl,Gulf of Saint Lawrence,ESC,NA,ESC-NA-2011-8-5,2011,8,5,48.3562,-69.3927,Fucus vesiculosus,Random,NA,NA,NA,NA,0
4146,merinov_gosl,Gulf of Saint Lawrence,ESC,NA,ESC-NA-2011-8-5,2011,8,5,48.3562,-69.392,Ascophyllum nodosum,Random,NA,NA,NA,NA,0
4147,merinov_gosl,Gulf of Saint Lawrence,ESC,NA,ESC-NA-2011-8-5,2011,8,5,48.3562,-69.392,Fucus distichus subsp. evanescens,Random,NA,NA,NA,NA,0
4148,merinov_gosl,Gulf of Saint Lawrence,ESC,NA,ESC-NA-2011-8-5,2011,8,5,48.3562,-69.392,Fucus vesiculosus,Random,NA,NA,NA,NA,0
4149,merinov_gosl,Gulf of Saint Lawrence,ESC,NA,ESC-NA-2011-8-5,2011,8,5,48.3562,-69.3912,Ascophyllum nodosum,Random,NA,NA,NA,NA,0
4150,merinov_gosl,Gulf of Saint Lawrence,ESC,NA,ESC-NA-2011-8-5,2011,8,5,48.3562,-69.3912,Fucus distichus subsp. evanescens,Random,NA,NA,NA,NA,0
4151,merinov_gosl,Gulf of Saint Lawrence,ESC,NA,ESC-NA-2011-8-5,2011,8,5,48.3562,-69.3912,Fucus vesiculosus,Random,NA,NA,1,1,1
4152,merinov_gosl,Gulf of Saint Lawrence,ESC,NA,ESC-NA-2011-8-5,2011,8,5,48.3562,-69.3905,Ascophyllum nodosum,Random,NA,NA,8,8,4.75
4153,merinov_gosl,Gulf of Saint Lawrence,ESC,NA,ESC-NA-2011-8-5,2011,8,5,48.3562,-69.3905,Fucus distichus subsp. evanescens,Random,NA,NA,2,2,0.15
4154,merinov_gosl,Gulf of Saint Lawrence,ESC,NA,ESC-NA-2011-8-5,2011,8,5,48.3562,-69.3905,Fucus vesiculosus,Random,NA,NA,5,5,1
4155,merinov_gosl,Gulf of Saint Lawrence,ESC,NA,ESC-NA-2011-8-5,2011,8,5,48.3562,-69.3897,Ascophyllum nodosum,Random,NA,NA,NA,NA,0
4156,merinov_gosl,Gulf of Saint Lawrence,ESC,NA,ESC-NA-2011-8-5,2011,8,5,48.3562,-69.3897,Fucus distichus subsp. evanescens,Random,NA,NA,NA,NA,0
4157,merinov_gosl,Gulf of Saint Lawrence,ESC,NA,ESC-NA-2011-8-5,2011,8,5,48.3562,-69.3897,Fucus vesiculosus,Random,NA,NA,NA,NA,0
4158,merinov_gosl,Gulf of Saint Lawrence,ESC,NA,ESC-NA-2011-8-5,2011,8,5,48.3562,-69.3891,Ascophyllum nodosum,Random,NA,NA,NA,NA,0
4159,merinov_gosl,Gulf of Saint Lawrence,ESC,NA,ESC-NA-2011-8-5,2011,8,5,48.3562,-69.3891,Fucus distichus subsp. evanescens,Random,NA,NA,7,7,0.75
4160,merinov_gosl,Gulf of Saint Lawrence,ESC,NA,ESC-NA-2011-8-5,2011,8,5,48.3562,-69.3891,Fucus vesiculosus,Random,NA,NA,27,27,9.47
4161,merinov_gosl,Gulf of Saint Lawrence,ESC,NA,ESC-NA-2011-8-5,2011,8,5,48.3562,-69.3884,Ascophyllum nodosum,Random,NA,NA,NA,NA,0
4162,merinov_gosl,Gulf of Saint Lawrence,ESC,NA,ESC-NA-2011-8-5,2011,8,5,48.3562,-69.3884,Fucus distichus subsp. evanescens,Random,NA,NA,NA,NA,0
4163,merinov_gosl,Gulf of Saint Lawrence,ESC,NA,ESC-NA-2011-8-5,2011,8,5,48.3562,-69.3884,Fucus vesiculosus,Random,NA,NA,NA,NA,0
4164,merinov_gosl,Gulf of Saint Lawrence,ESC,NA,ESC-NA-2011-8-5,2011,8,5,48.3562,-69.3877,Ascophyllum nodosum,Random,NA,NA,NA,NA,0
4165,merinov_gosl,Gulf of Saint Lawrence,ESC,NA,ESC-NA-2011-8-5,2011,8,5,48.3562,-69.3877,Fucus distichus subsp. evanescens,Random,NA,NA,51,51,6.66
4166,merinov_gosl,Gulf of Saint Lawrence,ESC,NA,ESC-NA-2011-8-5,2011,8,5,48.3562,-69.3877,Fucus vesiculosus,Random,NA,NA,NA,NA,0
4167,merinov_gosl,Gulf of Saint Lawrence,ESC,NA,ESC-NA-2011-8-5,2011,8,5,48.3577,-69.3951,Ascophyllum nodosum,Random,NA,NA,NA,NA,0
4168,merinov_gosl,Gulf of Saint Lawrence,ESC,NA,ESC-NA-2011-8-5,2011,8,5,48.3577,-69.3951,Fucus distichus subsp. evanescens,Random,NA,NA,NA,NA,0
4169,merinov_gosl,Gulf of Saint Lawrence,ESC,NA,ESC-NA-2011-8-5,2011,8,5,48.3577,-69.3951,Fucus vesiculosus,Random,NA,NA,NA,NA,0
4170,merinov_gosl,Gulf of Saint Lawrence,ESC,NA,ESC-NA-2011-8-5,2011,8,5,48.3577,-69.3944,Ascophyllum nodosum,Random,NA,NA,NA,NA,0
4171,merinov_gosl,Gulf of Saint Lawrence,ESC,NA,ESC-NA-2011-8-5,2011,8,5,48.3577,-69.3944,Fucus distichus subsp. evanescens,Random,NA,NA,NA,NA,0
4172,merinov_gosl,Gulf of Saint Lawrence,ESC,NA,ESC-NA-2011-8-5,2011,8,5,48.3577,-69.3944,Fucus vesiculosus,Random,NA,NA,NA,NA,0
4173,merinov_gosl,Gulf of Saint Lawrence,ESC,NA,ESC-NA-2011-8-5,2011,8,5,48.3577,-69.3937,Ascophyllum nodosum,Random,NA,NA,NA,NA,0
4174,merinov_gosl,Gulf of Saint Lawrence,ESC,NA,ESC-NA-2011-8-5,2011,8,5,48.3577,-69.3937,Fucus distichus subsp. evanescens,Random,NA,NA,NA,NA,0
4175,merinov_gosl,Gulf of Saint Lawrence,ESC,NA,ESC-NA-2011-8-5,2011,8,5,48.3577,-69.3937,Fucus vesiculosus,Random,NA,NA,NA,NA,0
4176,merinov_gosl,Gulf of Saint Lawrence,ESC,NA,ESC-NA-2011-8-5,2011,8,5,48.3577,-69.393,Ascophyllum nodosum,Random,NA,NA,NA,NA,0
4177,merinov_gosl,Gulf of Saint Lawrence,ESC,NA,ESC-NA-2011-8-5,2011,8,5,48.3577,-69.393,Fucus distichus subsp. evanescens,Random,NA,NA,NA,NA,0
4178,merinov_gosl,Gulf of Saint Lawrence,ESC,NA,ESC-NA-2011-8-5,2011,8,5,48.3577,-69.393,Fucus vesiculosus,Random,NA,NA,NA,NA,0
4179,merinov_gosl,Gulf of Saint Lawrence,ESC,NA,ESC-NA-2011-8-5,2011,8,5,48.3577,-69.3923,Ascophyllum nodosum,Random,NA,NA,NA,NA,0
4180,merinov_gosl,Gulf of Saint Lawrence,ESC,NA,ESC-NA-2011-8-5,2011,8,5,48.3577,-69.3923,Fucus distichus subsp. evanescens,Random,NA,NA,NA,NA,0
4181,merinov_gosl,Gulf of Saint Lawrence,ESC,NA,ESC-NA-2011-8-5,2011,8,5,48.3577,-69.3923,Fucus vesiculosus,Random,NA,NA,NA,NA,0
4182,merinov_gosl,Gulf of Saint Lawrence,ESC,NA,ESC-NA-2011-8-5,2011,8,5,48.3577,-69.3916,Ascophyllum nodosum,Random,NA,NA,NA,NA,0
4183,merinov_gosl,Gulf of Saint Lawrence,ESC,NA,ESC-NA-2011-8-5,2011,8,5,48.3577,-69.3916,Fucus distichus subsp. evanescens,Random,NA,NA,2,2,0.15
4184,merinov_gosl,Gulf of Saint Lawrence,ESC,NA,ESC-NA-2011-8-5,2011,8,5,48.3577,-69.3916,Fucus vesiculosus,Random,NA,NA,NA,NA,0
4185,merinov_gosl,Gulf of Saint Lawrence,ESC,NA,ESC-NA-2011-8-5,2011,8,5,48.3577,-69.3909,Ascophyllum nodosum,Random,NA,NA,1,1,0.14
4186,merinov_gosl,Gulf of Saint Lawrence,ESC,NA,ESC-NA-2011-8-5,2011,8,5,48.3577,-69.3909,Fucus distichus subsp. evanescens,Random,NA,NA,NA,NA,0
4187,merinov_gosl,Gulf of Saint Lawrence,ESC,NA,ESC-NA-2011-8-5,2011,8,5,48.3577,-69.3909,Fucus vesiculosus,Random,NA,NA,12,12,3.92
4188,merinov_gosl,Gulf of Saint Lawrence,ESC,NA,ESC-NA-2011-8-5,2011,8,5,48.3577,-69.3902,Ascophyllum nodosum,Random,NA,NA,3,3,4.57
4189,merinov_gosl,Gulf of Saint Lawrence,ESC,NA,ESC-NA-2011-8-5,2011,8,5,48.3577,-69.3902,Fucus distichus subsp. evanescens,Random,NA,NA,3,3,0.6
4190,merinov_gosl,Gulf of Saint Lawrence,ESC,NA,ESC-NA-2011-8-5,2011,8,5,48.3577,-69.3902,Fucus vesiculosus,Random,NA,NA,24,24,5.1
4191,merinov_gosl,Gulf of Saint Lawrence,ESC,NA,ESC-NA-2011-8-5,2011,8,5,48.3577,-69.3895,Ascophyllum nodosum,Random,NA,NA,NA,NA,0
4192,merinov_gosl,Gulf of Saint Lawrence,ESC,NA,ESC-NA-2011-8-5,2011,8,5,48.3577,-69.3895,Fucus distichus subsp. evanescens,Random,NA,NA,26,26,3.1
4193,merinov_gosl,Gulf of Saint Lawrence,ESC,NA,ESC-NA-2011-8-5,2011,8,5,48.3577,-69.3895,Fucus vesiculosus,Random,NA,NA,NA,NA,0
4194,merinov_gosl,Gulf of Saint Lawrence,ESC,NA,ESC-NA-2011-8-5,2011,8,5,48.3577,-69.3888,Ascophyllum nodosum,Random,NA,NA,NA,NA,0
4195,merinov_gosl,Gulf of Saint Lawrence,ESC,NA,ESC-NA-2011-8-5,2011,8,5,48.3577,-69.3888,Fucus distichus subsp. evanescens,Random,NA,NA,NA,NA,0
4196,merinov_gosl,Gulf of Saint Lawrence,ESC,NA,ESC-NA-2011-8-5,2011,8,5,48.3577,-69.3888,Fucus vesiculosus,Random,NA,NA,NA,NA,0
4197,merinov_gosl,Gulf of Saint Lawrence,ESC,NA,ESC-NA-2011-8-5,2011,8,5,48.3577,-69.3881,Ascophyllum nodosum,Random,NA,NA,NA,NA,0
4198,merinov_gosl,Gulf of Saint Lawrence,ESC,NA,ESC-NA-2011-8-5,2011,8,5,48.3577,-69.3881,Fucus distichus subsp. evanescens,Random,NA,NA,NA,NA,0
4199,merinov_gosl,Gulf of Saint Lawrence,ESC,NA,ESC-NA-2011-8-5,2011,8,5,48.3577,-69.3881,Fucus vesiculosus,Random,NA,NA,NA,NA,0
4200,merinov_gosl,Gulf of Saint Lawrence,ESC,NA,ESC-NA-2011-8-5,2011,8,5,48.3577,-69.3875,Ascophyllum nodosum,Random,NA,NA,NA,NA,0
4201,merinov_gosl,Gulf of Saint Lawrence,ESC,NA,ESC-NA-2011-8-5,2011,8,5,48.3577,-69.3875,Fucus distichus subsp. evanescens,Random,NA,NA,35,35,10.54
4202,merinov_gosl,Gulf of Saint Lawrence,ESC,NA,ESC-NA-2011-8-5,2011,8,5,48.3577,-69.3875,Fucus vesiculosus,Random,NA,NA,NA,NA,0
4203,merinov_gosl,Gulf of Saint Lawrence,ESC,NA,ESC-NA-2011-8-5,2011,8,5,48.3591,-69.3937,Ascophyllum nodosum,Random,NA,NA,NA,NA,0
4204,merinov_gosl,Gulf of Saint Lawrence,ESC,NA,ESC-NA-2011-8-5,2011,8,5,48.3591,-69.3937,Fucus distichus subsp. evanescens,Random,NA,NA,3,3,0.03
4205,merinov_gosl,Gulf of Saint Lawrence,ESC,NA,ESC-NA-2011-8-5,2011,8,5,48.3591,-69.3937,Fucus vesiculosus,Random,NA,NA,1,1,0.37
4206,merinov_gosl,Gulf of Saint Lawrence,ESC,NA,ESC-NA-2011-8-5,2011,8,5,48.3591,-69.393,Ascophyllum nodosum,Random,NA,NA,NA,NA,0
4207,merinov_gosl,Gulf of Saint Lawrence,ESC,NA,ESC-NA-2011-8-5,2011,8,5,48.3591,-69.393,Fucus distichus subsp. evanescens,Random,NA,NA,NA,NA,0
4208,merinov_gosl,Gulf of Saint Lawrence,ESC,NA,ESC-NA-2011-8-5,2011,8,5,48.3591,-69.393,Fucus vesiculosus,Random,NA,NA,NA,NA,0
4209,merinov_gosl,Gulf of Saint Lawrence,ESC,NA,ESC-NA-2011-8-5,2011,8,5,48.3591,-69.3923,Ascophyllum nodosum,Random,NA,NA,NA,NA,0
4210,merinov_gosl,Gulf of Saint Lawrence,ESC,NA,ESC-NA-2011-8-5,2011,8,5,48.3591,-69.3923,Fucus distichus subsp. evanescens,Random,NA,NA,3,3,0.5
4211,merinov_gosl,Gulf of Saint Lawrence,ESC,NA,ESC-NA-2011-8-5,2011,8,5,48.3591,-69.3923,Fucus vesiculosus,Random,NA,NA,NA,NA,0
4212,merinov_gosl,Gulf of Saint Lawrence,ESC,NA,ESC-NA-2011-8-5,2011,8,5,48.3591,-69.3917,Ascophyllum nodosum,Random,NA,NA,NA,NA,0
4213,merinov_gosl,Gulf of Saint Lawrence,ESC,NA,ESC-NA-2011-8-5,2011,8,5,48.3591,-69.3917,Fucus distichus subsp. evanescens,Random,NA,NA,NA,NA,0
4214,merinov_gosl,Gulf of Saint Lawrence,ESC,NA,ESC-NA-2011-8-5,2011,8,5,48.3591,-69.3917,Fucus vesiculosus,Random,NA,NA,NA,NA,0
4215,merinov_gosl,Gulf of Saint Lawrence,ESC,NA,ESC-NA-2011-8-6,2011,8,6,48.3591,-69.391,Ascophyllum nodosum,Random,NA,NA,NA,NA,0
4216,merinov_gosl,Gulf of Saint Lawrence,ESC,NA,ESC-NA-2011-8-6,2011,8,6,48.3591,-69.391,Fucus distichus subsp. evanescens,Random,NA,NA,NA,NA,0
4217,merinov_gosl,Gulf of Saint Lawrence,ESC,NA,ESC-NA-2011-8-6,2011,8,6,48.3591,-69.391,Fucus vesiculosus,Random,NA,NA,NA,NA,0
4218,merinov_gosl,Gulf of Saint Lawrence,ESC,NA,ESC-NA-2011-8-6,2011,8,6,48.3591,-69.3903,Ascophyllum nodosum,Random,NA,NA,NA,NA,0
4219,merinov_gosl,Gulf of Saint Lawrence,ESC,NA,ESC-NA-2011-8-6,2011,8,6,48.3591,-69.3903,Fucus distichus subsp. evanescens,Random,NA,NA,NA,NA,0
4220,merinov_gosl,Gulf of Saint Lawrence,ESC,NA,ESC-NA-2011-8-6,2011,8,6,48.3591,-69.3903,Fucus vesiculosus,Random,NA,NA,12,12,0.35
4221,merinov_gosl,Gulf of Saint Lawrence,ESC,NA,ESC-NA-2011-8-6,2011,8,6,48.3591,-69.3896,Ascophyllum nodosum,Random,NA,NA,NA,NA,0
4222,merinov_gosl,Gulf of Saint Lawrence,ESC,NA,ESC-NA-2011-8-6,2011,8,6,48.3591,-69.3896,Fucus distichus subsp. evanescens,Random,NA,NA,NA,NA,0
4223,merinov_gosl,Gulf of Saint Lawrence,ESC,NA,ESC-NA-2011-8-6,2011,8,6,48.3591,-69.3896,Fucus vesiculosus,Random,NA,NA,NA,NA,0
4224,merinov_gosl,Gulf of Saint Lawrence,ESC,NA,ESC-NA-2011-8-6,2011,8,6,48.3591,-69.3889,Ascophyllum nodosum,Random,NA,NA,NA,NA,0
4225,merinov_gosl,Gulf of Saint Lawrence,ESC,NA,ESC-NA-2011-8-6,2011,8,6,48.3591,-69.3889,Fucus distichus subsp. evanescens,Random,NA,NA,7,7,0.94
4226,merinov_gosl,Gulf of Saint Lawrence,ESC,NA,ESC-NA-2011-8-6,2011,8,6,48.3591,-69.3889,Fucus vesiculosus,Random,NA,NA,2,2,0.31
4227,merinov_gosl,Gulf of Saint Lawrence,ESC,NA,ESC-NA-2011-8-6,2011,8,6,48.3591,-69.3882,Ascophyllum nodosum,Random,NA,NA,NA,NA,0
4228,merinov_gosl,Gulf of Saint Lawrence,ESC,NA,ESC-NA-2011-8-6,2011,8,6,48.3591,-69.3882,Fucus distichus subsp. evanescens,Random,NA,NA,2,2,0.08
4229,merinov_gosl,Gulf of Saint Lawrence,ESC,NA,ESC-NA-2011-8-6,2011,8,6,48.3591,-69.3882,Fucus vesiculosus,Random,NA,NA,10,10,3.07
4230,merinov_gosl,Gulf of Saint Lawrence,ESC,NA,ESC-NA-2011-8-6,2011,8,6,48.3591,-69.3875,Ascophyllum nodosum,Random,NA,NA,NA,NA,0
4231,merinov_gosl,Gulf of Saint Lawrence,ESC,NA,ESC-NA-2011-8-6,2011,8,6,48.3591,-69.3875,Fucus distichus subsp. evanescens,Random,NA,NA,4,4,0.42
4232,merinov_gosl,Gulf of Saint Lawrence,ESC,NA,ESC-NA-2011-8-6,2011,8,6,48.3591,-69.3875,Fucus vesiculosus,Random,NA,NA,12,12,1.12
4233,merinov_gosl,Gulf of Saint Lawrence,ESC,NA,ESC-NA-2011-8-6,2011,8,6,48.3607,-69.3927,Ascophyllum nodosum,Random,NA,NA,NA,NA,0
4234,merinov_gosl,Gulf of Saint Lawrence,ESC,NA,ESC-NA-2011-8-6,2011,8,6,48.3607,-69.3927,Fucus distichus subsp. evanescens,Random,NA,NA,4,4,0.17
4235,merinov_gosl,Gulf of Saint Lawrence,ESC,NA,ESC-NA-2011-8-6,2011,8,6,48.3607,-69.3927,Fucus vesiculosus,Random,NA,NA,NA,NA,0
4236,merinov_gosl,Gulf of Saint Lawrence,ESC,NA,ESC-NA-2011-8-6,2011,8,6,48.3607,-69.3919,Ascophyllum nodosum,Random,NA,NA,NA,NA,0
4237,merinov_gosl,Gulf of Saint Lawrence,ESC,NA,ESC-NA-2011-8-6,2011,8,6,48.3607,-69.3919,Fucus distichus subsp. evanescens,Random,NA,NA,NA,NA,0
4238,merinov_gosl,Gulf of Saint Lawrence,ESC,NA,ESC-NA-2011-8-6,2011,8,6,48.3607,-69.3919,Fucus vesiculosus,Random,NA,NA,NA,NA,0
4239,merinov_gosl,Gulf of Saint Lawrence,ESC,NA,ESC-NA-2011-8-6,2011,8,6,48.3607,-69.3913,Ascophyllum nodosum,Random,NA,NA,NA,NA,0
4240,merinov_gosl,Gulf of Saint Lawrence,ESC,NA,ESC-NA-2011-8-6,2011,8,6,48.3607,-69.3913,Fucus distichus subsp. evanescens,Random,NA,NA,NA,NA,0
4241,merinov_gosl,Gulf of Saint Lawrence,ESC,NA,ESC-NA-2011-8-6,2011,8,6,48.3607,-69.3913,Fucus vesiculosus,Random,NA,NA,NA,NA,0
4242,merinov_gosl,Gulf of Saint Lawrence,ESC,NA,ESC-NA-2011-8-6,2011,8,6,48.3607,-69.3906,Ascophyllum nodosum,Random,NA,NA,NA,NA,0
4243,merinov_gosl,Gulf of Saint Lawrence,ESC,NA,ESC-NA-2011-8-6,2011,8,6,48.3607,-69.3906,Fucus distichus subsp. evanescens,Random,NA,NA,NA,NA,0
4244,merinov_gosl,Gulf of Saint Lawrence,ESC,NA,ESC-NA-2011-8-6,2011,8,6,48.3607,-69.3906,Fucus vesiculosus,Random,NA,NA,NA,NA,0
4245,merinov_gosl,Gulf of Saint Lawrence,ESC,NA,ESC-NA-2011-8-6,2011,8,6,48.3607,-69.3899,Ascophyllum nodosum,Random,NA,NA,NA,NA,0
4246,merinov_gosl,Gulf of Saint Lawrence,ESC,NA,ESC-NA-2011-8-6,2011,8,6,48.3607,-69.3899,Fucus distichus subsp. evanescens,Random,NA,NA,NA,NA,0
4247,merinov_gosl,Gulf of Saint Lawrence,ESC,NA,ESC-NA-2011-8-6,2011,8,6,48.3607,-69.3899,Fucus vesiculosus,Random,NA,NA,4,4,0.47
4248,merinov_gosl,Gulf of Saint Lawrence,ESC,NA,ESC-NA-2011-8-6,2011,8,6,48.3607,-69.3893,Ascophyllum nodosum,Random,NA,NA,NA,NA,0
4249,merinov_gosl,Gulf of Saint Lawrence,ESC,NA,ESC-NA-2011-8-6,2011,8,6,48.3607,-69.3893,Fucus distichus subsp. evanescens,Random,NA,NA,1,1,0.57
4250,merinov_gosl,Gulf of Saint Lawrence,ESC,NA,ESC-NA-2011-8-6,2011,8,6,48.3607,-69.3893,Fucus vesiculosus,Random,NA,NA,2,2,0.11
4251,merinov_gosl,Gulf of Saint Lawrence,ESC,NA,ESC-NA-2011-8-6,2011,8,6,48.3607,-69.3885,Ascophyllum nodosum,Random,NA,NA,NA,NA,0
4252,merinov_gosl,Gulf of Saint Lawrence,ESC,NA,ESC-NA-2011-8-6,2011,8,6,48.3607,-69.3885,Fucus distichus subsp. evanescens,Random,NA,NA,NA,NA,0
4253,merinov_gosl,Gulf of Saint Lawrence,ESC,NA,ESC-NA-2011-8-6,2011,8,6,48.3607,-69.3885,Fucus vesiculosus,Random,NA,NA,NA,NA,0
4254,merinov_gosl,Gulf of Saint Lawrence,ESC,NA,ESC-NA-2011-8-6,2011,8,6,48.3607,-69.3879,Ascophyllum nodosum,Random,NA,NA,NA,NA,0
4255,merinov_gosl,Gulf of Saint Lawrence,ESC,NA,ESC-NA-2011-8-6,2011,8,6,48.3607,-69.3879,Fucus distichus subsp. evanescens,Random,NA,NA,NA,NA,0
4256,merinov_gosl,Gulf of Saint Lawrence,ESC,NA,ESC-NA-2011-8-6,2011,8,6,48.3607,-69.3879,Fucus vesiculosus,Random,NA,NA,NA,NA,0
4257,merinov_gosl,Gulf of Saint Lawrence,ESC,NA,ESC-NA-2011-8-6,2011,8,6,48.3607,-69.3872,Ascophyllum nodosum,Random,NA,NA,NA,NA,0
4258,merinov_gosl,Gulf of Saint Lawrence,ESC,NA,ESC-NA-2011-8-6,2011,8,6,48.3607,-69.3872,Fucus distichus subsp. evanescens,Random,NA,NA,39,39,5.16
4259,merinov_gosl,Gulf of Saint Lawrence,ESC,NA,ESC-NA-2011-8-6,2011,8,6,48.3607,-69.3872,Fucus vesiculosus,Random,NA,NA,24,24,2.76
4260,merinov_gosl,Gulf of Saint Lawrence,ESC,NA,ESC-NA-2011-8-6,2011,8,6,48.3625,-69.3919,Ascophyllum nodosum,Random,NA,NA,NA,NA,0
4261,merinov_gosl,Gulf of Saint Lawrence,ESC,NA,ESC-NA-2011-8-6,2011,8,6,48.3625,-69.3919,Fucus distichus subsp. evanescens,Random,NA,NA,NA,NA,0
4262,merinov_gosl,Gulf of Saint Lawrence,ESC,NA,ESC-NA-2011-8-6,2011,8,6,48.3625,-69.3919,Fucus vesiculosus,Random,NA,NA,NA,NA,0
4263,merinov_gosl,Gulf of Saint Lawrence,ESC,NA,ESC-NA-2011-8-6,2011,8,6,48.3625,-69.3912,Ascophyllum nodosum,Random,NA,NA,NA,NA,0
4264,merinov_gosl,Gulf of Saint Lawrence,ESC,NA,ESC-NA-2011-8-6,2011,8,6,48.3625,-69.3912,Fucus distichus subsp. evanescens,Random,NA,NA,NA,NA,0
4265,merinov_gosl,Gulf of Saint Lawrence,ESC,NA,ESC-NA-2011-8-6,2011,8,6,48.3625,-69.3912,Fucus vesiculosus,Random,NA,NA,NA,NA,0
4266,merinov_gosl,Gulf of Saint Lawrence,ESC,NA,ESC-NA-2011-8-6,2011,8,6,48.3625,-69.3905,Ascophyllum nodosum,Random,NA,NA,NA,NA,0
4267,merinov_gosl,Gulf of Saint Lawrence,ESC,NA,ESC-NA-2011-8-6,2011,8,6,48.3625,-69.3905,Fucus distichus subsp. evanescens,Random,NA,NA,5,5,0.44
4268,merinov_gosl,Gulf of Saint Lawrence,ESC,NA,ESC-NA-2011-8-6,2011,8,6,48.3625,-69.3905,Fucus vesiculosus,Random,NA,NA,NA,NA,0
4269,merinov_gosl,Gulf of Saint Lawrence,ESC,NA,ESC-NA-2011-8-6,2011,8,6,48.3625,-69.3898,Ascophyllum nodosum,Random,NA,NA,NA,NA,0
4270,merinov_gosl,Gulf of Saint Lawrence,ESC,NA,ESC-NA-2011-8-6,2011,8,6,48.3625,-69.3898,Fucus distichus subsp. evanescens,Random,NA,NA,1,1,0.01
4271,merinov_gosl,Gulf of Saint Lawrence,ESC,NA,ESC-NA-2011-8-6,2011,8,6,48.3625,-69.3898,Fucus vesiculosus,Random,NA,NA,NA,NA,0
4272,merinov_gosl,Gulf of Saint Lawrence,ESC,NA,ESC-NA-2011-8-6,2011,8,6,48.3625,-69.3891,Ascophyllum nodosum,Random,NA,NA,NA,NA,0
4273,merinov_gosl,Gulf of Saint Lawrence,ESC,NA,ESC-NA-2011-8-6,2011,8,6,48.3625,-69.3891,Fucus distichus subsp. evanescens,Random,NA,NA,NA,NA,0
4274,merinov_gosl,Gulf of Saint Lawrence,ESC,NA,ESC-NA-2011-8-6,2011,8,6,48.3625,-69.3891,Fucus vesiculosus,Random,NA,NA,NA,NA,0
4275,merinov_gosl,Gulf of Saint Lawrence,ESC,NA,ESC-NA-2011-8-6,2011,8,6,48.3625,-69.3884,Ascophyllum nodosum,Random,NA,NA,NA,NA,0
4276,merinov_gosl,Gulf of Saint Lawrence,ESC,NA,ESC-NA-2011-8-6,2011,8,6,48.3625,-69.3884,Fucus distichus subsp. evanescens,Random,NA,NA,NA,NA,0
4277,merinov_gosl,Gulf of Saint Lawrence,ESC,NA,ESC-NA-2011-8-6,2011,8,6,48.3625,-69.3884,Fucus vesiculosus,Random,NA,NA,NA,NA,0
4278,merinov_gosl,Gulf of Saint Lawrence,ESC,NA,ESC-NA-2011-8-6,2011,8,6,48.3625,-69.3878,Ascophyllum nodosum,Random,NA,NA,1,1,0.5
4279,merinov_gosl,Gulf of Saint Lawrence,ESC,NA,ESC-NA-2011-8-6,2011,8,6,48.3625,-69.3878,Fucus distichus subsp. evanescens,Random,NA,NA,12,12,5.05
4280,merinov_gosl,Gulf of Saint Lawrence,ESC,NA,ESC-NA-2011-8-6,2011,8,6,48.3625,-69.3878,Fucus vesiculosus,Random,NA,NA,32,32,6.7
4281,merinov_gosl,Gulf of Saint Lawrence,ESC,NA,ESC-NA-2011-8-6,2011,8,6,48.3625,-69.3871,Ascophyllum nodosum,Random,NA,NA,NA,NA,0
4282,merinov_gosl,Gulf of Saint Lawrence,ESC,NA,ESC-NA-2011-8-6,2011,8,6,48.3625,-69.3871,Fucus distichus subsp. evanescens,Random,NA,NA,NA,NA,0
4283,merinov_gosl,Gulf of Saint Lawrence,ESC,NA,ESC-NA-2011-8-6,2011,8,6,48.3625,-69.3871,Fucus vesiculosus,Random,NA,NA,NA,NA,0
4284,merinov_gosl,Gulf of Saint Lawrence,ESC,NA,ESC-NA-2011-8-6,2011,8,6,48.3625,-69.3864,Ascophyllum nodosum,Random,NA,NA,NA,NA,0
4285,merinov_gosl,Gulf of Saint Lawrence,ESC,NA,ESC-NA-2011-8-6,2011,8,6,48.3625,-69.3864,Fucus distichus subsp. evanescens,Random,NA,NA,NA,NA,0
4286,merinov_gosl,Gulf of Saint Lawrence,ESC,NA,ESC-NA-2011-8-6,2011,8,6,48.3625,-69.3864,Fucus vesiculosus,Random,NA,NA,NA,NA,0
4287,merinov_gosl,Gulf of Saint Lawrence,ESC,NA,ESC-NA-2011-8-6,2011,8,6,48.3625,-69.3857,Ascophyllum nodosum,Random,NA,NA,NA,NA,0
4288,merinov_gosl,Gulf of Saint Lawrence,ESC,NA,ESC-NA-2011-8-6,2011,8,6,48.3625,-69.3857,Fucus distichus subsp. evanescens,Random,NA,NA,17,17,4.2
4289,merinov_gosl,Gulf of Saint Lawrence,ESC,NA,ESC-NA-2011-8-6,2011,8,6,48.3625,-69.3857,Fucus vesiculosus,Random,NA,NA,7,7,1.25
4290,merinov_gosl,Gulf of Saint Lawrence,ESC,NA,ESC-NA-2011-8-6,2011,8,6,48.3641,-69.3908,Ascophyllum nodosum,Random,NA,NA,NA,NA,0
4291,merinov_gosl,Gulf of Saint Lawrence,ESC,NA,ESC-NA-2011-8-6,2011,8,6,48.3641,-69.3908,Fucus distichus subsp. evanescens,Random,NA,NA,NA,NA,0
4292,merinov_gosl,Gulf of Saint Lawrence,ESC,NA,ESC-NA-2011-8-6,2011,8,6,48.3641,-69.3908,Fucus vesiculosus,Random,NA,NA,NA,NA,0
4293,merinov_gosl,Gulf of Saint Lawrence,ESC,NA,ESC-NA-2011-8-6,2011,8,6,48.3641,-69.3901,Ascophyllum nodosum,Random,NA,NA,NA,NA,0
4294,merinov_gosl,Gulf of Saint Lawrence,ESC,NA,ESC-NA-2011-8-6,2011,8,6,48.3641,-69.3901,Fucus distichus subsp. evanescens,Random,NA,NA,NA,NA,0
4295,merinov_gosl,Gulf of Saint Lawrence,ESC,NA,ESC-NA-2011-8-6,2011,8,6,48.3641,-69.3901,Fucus vesiculosus,Random,NA,NA,NA,NA,0
4296,merinov_gosl,Gulf of Saint Lawrence,ESC,NA,ESC-NA-2011-8-6,2011,8,6,48.3641,-69.3894,Ascophyllum nodosum,Random,NA,NA,NA,NA,0
4297,merinov_gosl,Gulf of Saint Lawrence,ESC,NA,ESC-NA-2011-8-6,2011,8,6,48.3641,-69.3894,Fucus distichus subsp. evanescens,Random,NA,NA,3,3,0.4
4298,merinov_gosl,Gulf of Saint Lawrence,ESC,NA,ESC-NA-2011-8-6,2011,8,6,48.3641,-69.3894,Fucus vesiculosus,Random,NA,NA,NA,NA,0
4299,merinov_gosl,Gulf of Saint Lawrence,ESC,NA,ESC-NA-2011-8-6,2011,8,6,48.3641,-69.3887,Ascophyllum nodosum,Random,NA,NA,9,9,1
4300,merinov_gosl,Gulf of Saint Lawrence,ESC,NA,ESC-NA-2011-8-6,2011,8,6,48.3641,-69.3887,Fucus distichus subsp. evanescens,Random,NA,NA,NA,NA,0
4301,merinov_gosl,Gulf of Saint Lawrence,ESC,NA,ESC-NA-2011-8-6,2011,8,6,48.3641,-69.3887,Fucus vesiculosus,Random,NA,NA,18,18,2.2
4302,merinov_gosl,Gulf of Saint Lawrence,ESC,NA,ESC-NA-2011-8-6,2011,8,6,48.3641,-69.388,Ascophyllum nodosum,Random,NA,NA,NA,NA,0
4303,merinov_gosl,Gulf of Saint Lawrence,ESC,NA,ESC-NA-2011-8-6,2011,8,6,48.3641,-69.388,Fucus distichus subsp. evanescens,Random,NA,NA,NA,NA,0
4304,merinov_gosl,Gulf of Saint Lawrence,ESC,NA,ESC-NA-2011-8-6,2011,8,6,48.3641,-69.388,Fucus vesiculosus,Random,NA,NA,NA,NA,0
4305,merinov_gosl,Gulf of Saint Lawrence,ESC,NA,ESC-NA-2011-8-6,2011,8,6,48.3641,-69.3873,Ascophyllum nodosum,Random,NA,NA,NA,NA,0
4306,merinov_gosl,Gulf of Saint Lawrence,ESC,NA,ESC-NA-2011-8-6,2011,8,6,48.3641,-69.3873,Fucus distichus subsp. evanescens,Random,NA,NA,10,10,0.5
4307,merinov_gosl,Gulf of Saint Lawrence,ESC,NA,ESC-NA-2011-8-6,2011,8,6,48.3641,-69.3873,Fucus vesiculosus,Random,NA,NA,NA,NA,0
4308,merinov_gosl,Gulf of Saint Lawrence,ESC,NA,ESC-NA-2011-8-6,2011,8,6,48.3641,-69.3866,Ascophyllum nodosum,Random,NA,NA,NA,NA,0
4309,merinov_gosl,Gulf of Saint Lawrence,ESC,NA,ESC-NA-2011-8-6,2011,8,6,48.3641,-69.3866,Fucus distichus subsp. evanescens,Random,NA,NA,9,9,1.8
4310,merinov_gosl,Gulf of Saint Lawrence,ESC,NA,ESC-NA-2011-8-6,2011,8,6,48.3641,-69.3866,Fucus vesiculosus,Random,NA,NA,33,33,3.9
4311,merinov_gosl,Gulf of Saint Lawrence,ESC,NA,ESC-NA-2011-8-7,2011,8,7,48.3641,-69.3859,Ascophyllum nodosum,Random,NA,NA,NA,NA,0
4312,merinov_gosl,Gulf of Saint Lawrence,ESC,NA,ESC-NA-2011-8-7,2011,8,7,48.3641,-69.3859,Fucus distichus subsp. evanescens,Random,NA,NA,NA,NA,0
4313,merinov_gosl,Gulf of Saint Lawrence,ESC,NA,ESC-NA-2011-8-7,2011,8,7,48.3641,-69.3859,Fucus vesiculosus,Random,NA,NA,NA,NA,0
4314,merinov_gosl,Gulf of Saint Lawrence,ESC,NA,ESC-NA-2011-8-7,2011,8,7,48.3641,-69.3853,Ascophyllum nodosum,Random,NA,NA,NA,NA,0
4315,merinov_gosl,Gulf of Saint Lawrence,ESC,NA,ESC-NA-2011-8-7,2011,8,7,48.3641,-69.3853,Fucus distichus subsp. evanescens,Random,NA,NA,NA,NA,0
4316,merinov_gosl,Gulf of Saint Lawrence,ESC,NA,ESC-NA-2011-8-7,2011,8,7,48.3641,-69.3853,Fucus vesiculosus,Random,NA,NA,NA,NA,0
4317,merinov_gosl,Gulf of Saint Lawrence,ESC,NA,ESC-NA-2011-8-7,2011,8,7,48.3641,-69.3846,Ascophyllum nodosum,Random,NA,NA,NA,NA,0
4318,merinov_gosl,Gulf of Saint Lawrence,ESC,NA,ESC-NA-2011-8-7,2011,8,7,48.3641,-69.3846,Fucus distichus subsp. evanescens,Random,NA,NA,NA,NA,0
4319,merinov_gosl,Gulf of Saint Lawrence,ESC,NA,ESC-NA-2011-8-7,2011,8,7,48.3641,-69.3846,Fucus vesiculosus,Random,NA,NA,NA,NA,0
4320,merinov_gosl,Gulf of Saint Lawrence,ESC,NA,ESC-NA-2011-8-7,2011,8,7,48.3657,-69.3896,Ascophyllum nodosum,Random,NA,NA,NA,NA,0
4321,merinov_gosl,Gulf of Saint Lawrence,ESC,NA,ESC-NA-2011-8-7,2011,8,7,48.3657,-69.3896,Fucus distichus subsp. evanescens,Random,NA,NA,NA,NA,0
4322,merinov_gosl,Gulf of Saint Lawrence,ESC,NA,ESC-NA-2011-8-7,2011,8,7,48.3657,-69.3896,Fucus vesiculosus,Random,NA,NA,1,1,0.3
4323,merinov_gosl,Gulf of Saint Lawrence,ESC,NA,ESC-NA-2011-8-7,2011,8,7,48.3657,-69.3889,Ascophyllum nodosum,Random,NA,NA,NA,NA,0
4324,merinov_gosl,Gulf of Saint Lawrence,ESC,NA,ESC-NA-2011-8-7,2011,8,7,48.3657,-69.3889,Fucus distichus subsp. evanescens,Random,NA,NA,NA,NA,0
4325,merinov_gosl,Gulf of Saint Lawrence,ESC,NA,ESC-NA-2011-8-7,2011,8,7,48.3657,-69.3889,Fucus vesiculosus,Random,NA,NA,NA,NA,0
4326,merinov_gosl,Gulf of Saint Lawrence,ESC,NA,ESC-NA-2011-8-7,2011,8,7,48.3657,-69.3882,Ascophyllum nodosum,Random,NA,NA,NA,NA,0
4327,merinov_gosl,Gulf of Saint Lawrence,ESC,NA,ESC-NA-2011-8-7,2011,8,7,48.3657,-69.3882,Fucus distichus subsp. evanescens,Random,NA,NA,NA,NA,0
4328,merinov_gosl,Gulf of Saint Lawrence,ESC,NA,ESC-NA-2011-8-7,2011,8,7,48.3657,-69.3882,Fucus vesiculosus,Random,NA,NA,NA,NA,0
4329,merinov_gosl,Gulf of Saint Lawrence,ESC,NA,ESC-NA-2011-8-7,2011,8,7,48.3657,-69.3875,Ascophyllum nodosum,Random,NA,NA,NA,NA,0
4330,merinov_gosl,Gulf of Saint Lawrence,ESC,NA,ESC-NA-2011-8-7,2011,8,7,48.3657,-69.3875,Fucus distichus subsp. evanescens,Random,NA,NA,NA,NA,0
4331,merinov_gosl,Gulf of Saint Lawrence,ESC,NA,ESC-NA-2011-8-7,2011,8,7,48.3657,-69.3875,Fucus vesiculosus,Random,NA,NA,NA,NA,0
4332,merinov_gosl,Gulf of Saint Lawrence,ESC,NA,ESC-NA-2011-8-7,2011,8,7,48.3657,-69.3868,Ascophyllum nodosum,Random,NA,NA,NA,NA,0
4333,merinov_gosl,Gulf of Saint Lawrence,ESC,NA,ESC-NA-2011-8-7,2011,8,7,48.3657,-69.3868,Fucus distichus subsp. evanescens,Random,NA,NA,NA,NA,0
4334,merinov_gosl,Gulf of Saint Lawrence,ESC,NA,ESC-NA-2011-8-7,2011,8,7,48.3657,-69.3868,Fucus vesiculosus,Random,NA,NA,NA,NA,0
4335,merinov_gosl,Gulf of Saint Lawrence,ESC,NA,ESC-NA-2011-8-7,2011,8,7,48.3657,-69.3861,Ascophyllum nodosum,Random,NA,NA,NA,NA,0
4336,merinov_gosl,Gulf of Saint Lawrence,ESC,NA,ESC-NA-2011-8-7,2011,8,7,48.3657,-69.3861,Fucus distichus subsp. evanescens,Random,NA,NA,NA,NA,0
4337,merinov_gosl,Gulf of Saint Lawrence,ESC,NA,ESC-NA-2011-8-7,2011,8,7,48.3657,-69.3861,Fucus vesiculosus,Random,NA,NA,NA,NA,0
4338,merinov_gosl,Gulf of Saint Lawrence,ESC,NA,ESC-NA-2011-8-7,2011,8,7,48.3657,-69.3854,Ascophyllum nodosum,Random,NA,NA,3,3,0.6
4339,merinov_gosl,Gulf of Saint Lawrence,ESC,NA,ESC-NA-2011-8-7,2011,8,7,48.3657,-69.3854,Fucus distichus subsp. evanescens,Random,NA,NA,NA,NA,0
4340,merinov_gosl,Gulf of Saint Lawrence,ESC,NA,ESC-NA-2011-8-7,2011,8,7,48.3657,-69.3854,Fucus vesiculosus,Random,NA,NA,3,3,0.2
4341,merinov_gosl,Gulf of Saint Lawrence,ESC,NA,ESC-NA-2011-8-7,2011,8,7,48.3657,-69.3847,Ascophyllum nodosum,Random,NA,NA,18,18,16.8
4342,merinov_gosl,Gulf of Saint Lawrence,ESC,NA,ESC-NA-2011-8-7,2011,8,7,48.3657,-69.3847,Fucus distichus subsp. evanescens,Random,NA,NA,NA,NA,0
4343,merinov_gosl,Gulf of Saint Lawrence,ESC,NA,ESC-NA-2011-8-7,2011,8,7,48.3657,-69.3847,Fucus vesiculosus,Random,NA,NA,NA,NA,0
4344,merinov_gosl,Gulf of Saint Lawrence,ESC,NA,ESC-NA-2011-8-7,2011,8,7,48.3657,-69.384,Ascophyllum nodosum,Random,NA,NA,NA,NA,0
4345,merinov_gosl,Gulf of Saint Lawrence,ESC,NA,ESC-NA-2011-8-7,2011,8,7,48.3657,-69.384,Fucus distichus subsp. evanescens,Random,NA,NA,4,4,0.7
4346,merinov_gosl,Gulf of Saint Lawrence,ESC,NA,ESC-NA-2011-8-7,2011,8,7,48.3657,-69.384,Fucus vesiculosus,Random,NA,NA,NA,NA,0
4347,merinov_gosl,Gulf of Saint Lawrence,ESC,NA,ESC-NA-2011-8-7,2011,8,7,48.3657,-69.3833,Ascophyllum nodosum,Random,NA,NA,NA,NA,0
4348,merinov_gosl,Gulf of Saint Lawrence,ESC,NA,ESC-NA-2011-8-7,2011,8,7,48.3657,-69.3833,Fucus distichus subsp. evanescens,Random,NA,NA,NA,NA,0
4349,merinov_gosl,Gulf of Saint Lawrence,ESC,NA,ESC-NA-2011-8-7,2011,8,7,48.3657,-69.3833,Fucus vesiculosus,Random,NA,NA,NA,NA,0
4350,merinov_gosl,Gulf of Saint Lawrence,ESC,NA,ESC-NA-2011-8-10,2011,8,10,48.3657,-69.3826,Ascophyllum nodosum,Random,NA,NA,NA,NA,0
4351,merinov_gosl,Gulf of Saint Lawrence,ESC,NA,ESC-NA-2011-8-10,2011,8,10,48.3657,-69.3826,Fucus distichus subsp. evanescens,Random,NA,NA,10,10,1.05
4352,merinov_gosl,Gulf of Saint Lawrence,ESC,NA,ESC-NA-2011-8-10,2011,8,10,48.3657,-69.3826,Fucus vesiculosus,Random,NA,NA,NA,NA,0
4353,merinov_gosl,Gulf of Saint Lawrence,ESC,NA,ESC-NA-2011-8-7,2011,8,7,48.3673,-69.3883,Ascophyllum nodosum,Random,NA,NA,NA,NA,0
4354,merinov_gosl,Gulf of Saint Lawrence,ESC,NA,ESC-NA-2011-8-7,2011,8,7,48.3673,-69.3883,Fucus distichus subsp. evanescens,Random,NA,NA,NA,NA,0
4355,merinov_gosl,Gulf of Saint Lawrence,ESC,NA,ESC-NA-2011-8-7,2011,8,7,48.3673,-69.3883,Fucus vesiculosus,Random,NA,NA,9,9,1.4
4356,merinov_gosl,Gulf of Saint Lawrence,ESC,NA,ESC-NA-2011-8-10,2011,8,10,48.3673,-69.3875,Ascophyllum nodosum,Random,NA,NA,NA,NA,0
4357,merinov_gosl,Gulf of Saint Lawrence,ESC,NA,ESC-NA-2011-8-10,2011,8,10,48.3673,-69.3875,Fucus distichus subsp. evanescens,Random,NA,NA,NA,NA,0
4358,merinov_gosl,Gulf of Saint Lawrence,ESC,NA,ESC-NA-2011-8-10,2011,8,10,48.3673,-69.3875,Fucus vesiculosus,Random,NA,NA,NA,NA,0
4359,merinov_gosl,Gulf of Saint Lawrence,ESC,NA,ESC-NA-2011-8-10,2011,8,10,48.3673,-69.3868,Ascophyllum nodosum,Random,NA,NA,NA,NA,0
4360,merinov_gosl,Gulf of Saint Lawrence,ESC,NA,ESC-NA-2011-8-10,2011,8,10,48.3673,-69.3868,Fucus distichus subsp. evanescens,Random,NA,NA,NA,NA,0
4361,merinov_gosl,Gulf of Saint Lawrence,ESC,NA,ESC-NA-2011-8-10,2011,8,10,48.3673,-69.3868,Fucus vesiculosus,Random,NA,NA,NA,NA,0
4362,merinov_gosl,Gulf of Saint Lawrence,ESC,NA,ESC-NA-2011-8-10,2011,8,10,48.3673,-69.3861,Ascophyllum nodosum,Random,NA,NA,6,6,3.4
4363,merinov_gosl,Gulf of Saint Lawrence,ESC,NA,ESC-NA-2011-8-10,2011,8,10,48.3673,-69.3861,Fucus distichus subsp. evanescens,Random,NA,NA,NA,NA,0
4364,merinov_gosl,Gulf of Saint Lawrence,ESC,NA,ESC-NA-2011-8-10,2011,8,10,48.3673,-69.3861,Fucus vesiculosus,Random,NA,NA,NA,NA,0
4365,merinov_gosl,Gulf of Saint Lawrence,ESC,NA,ESC-NA-2011-8-10,2011,8,10,48.3673,-69.3854,Ascophyllum nodosum,Random,NA,NA,NA,NA,0
4366,merinov_gosl,Gulf of Saint Lawrence,ESC,NA,ESC-NA-2011-8-10,2011,8,10,48.3673,-69.3854,Fucus distichus subsp. evanescens,Random,NA,NA,2,2,0.1
4367,merinov_gosl,Gulf of Saint Lawrence,ESC,NA,ESC-NA-2011-8-10,2011,8,10,48.3673,-69.3854,Fucus vesiculosus,Random,NA,NA,NA,NA,0
4368,merinov_gosl,Gulf of Saint Lawrence,ESC,NA,ESC-NA-2011-8-10,2011,8,10,48.3673,-69.3847,Ascophyllum nodosum,Random,NA,NA,5,5,0.78
4369,merinov_gosl,Gulf of Saint Lawrence,ESC,NA,ESC-NA-2011-8-10,2011,8,10,48.3673,-69.3847,Fucus distichus subsp. evanescens,Random,NA,NA,12,12,1.79
4370,merinov_gosl,Gulf of Saint Lawrence,ESC,NA,ESC-NA-2011-8-10,2011,8,10,48.3673,-69.3847,Fucus vesiculosus,Random,NA,NA,21,21,2.22
4371,merinov_gosl,Gulf of Saint Lawrence,ESC,NA,ESC-NA-2011-8-10,2011,8,10,48.3673,-69.384,Ascophyllum nodosum,Random,NA,NA,NA,NA,0
4372,merinov_gosl,Gulf of Saint Lawrence,ESC,NA,ESC-NA-2011-8-10,2011,8,10,48.3673,-69.384,Fucus distichus subsp. evanescens,Random,NA,NA,11,11,1.54
4373,merinov_gosl,Gulf of Saint Lawrence,ESC,NA,ESC-NA-2011-8-10,2011,8,10,48.3673,-69.384,Fucus vesiculosus,Random,NA,NA,NA,NA,0
4374,merinov_gosl,Gulf of Saint Lawrence,ESC,NA,ESC-NA-2011-8-10,2011,8,10,48.3673,-69.3833,Ascophyllum nodosum,Random,NA,NA,NA,NA,0
4375,merinov_gosl,Gulf of Saint Lawrence,ESC,NA,ESC-NA-2011-8-10,2011,8,10,48.3673,-69.3833,Fucus distichus subsp. evanescens,Random,NA,NA,3,3,0.28
4376,merinov_gosl,Gulf of Saint Lawrence,ESC,NA,ESC-NA-2011-8-10,2011,8,10,48.3673,-69.3833,Fucus vesiculosus,Random,NA,NA,NA,NA,0
4377,merinov_gosl,Gulf of Saint Lawrence,ESC,NA,ESC-NA-2011-8-10,2011,8,10,48.3673,-69.3826,Ascophyllum nodosum,Random,NA,NA,3,3,0.89
4378,merinov_gosl,Gulf of Saint Lawrence,ESC,NA,ESC-NA-2011-8-10,2011,8,10,48.3673,-69.3826,Fucus distichus subsp. evanescens,Random,NA,NA,10,10,1.02
4379,merinov_gosl,Gulf of Saint Lawrence,ESC,NA,ESC-NA-2011-8-10,2011,8,10,48.3673,-69.3826,Fucus vesiculosus,Random,NA,NA,2,2,0.26
4380,merinov_gosl,Gulf of Saint Lawrence,ESC,NA,ESC-NA-2011-8-10,2011,8,10,48.3673,-69.3819,Ascophyllum nodosum,Random,NA,NA,NA,NA,0
4381,merinov_gosl,Gulf of Saint Lawrence,ESC,NA,ESC-NA-2011-8-10,2011,8,10,48.3673,-69.3819,Fucus distichus subsp. evanescens,Random,NA,NA,2,2,0.13
4382,merinov_gosl,Gulf of Saint Lawrence,ESC,NA,ESC-NA-2011-8-10,2011,8,10,48.3673,-69.3819,Fucus vesiculosus,Random,NA,NA,NA,NA,0
4383,merinov_gosl,Gulf of Saint Lawrence,ESC,NA,ESC-NA-2011-8-10,2011,8,10,48.3673,-69.3812,Ascophyllum nodosum,Random,NA,NA,NA,NA,0
4384,merinov_gosl,Gulf of Saint Lawrence,ESC,NA,ESC-NA-2011-8-10,2011,8,10,48.3673,-69.3812,Fucus distichus subsp. evanescens,Random,NA,NA,NA,NA,0
4385,merinov_gosl,Gulf of Saint Lawrence,ESC,NA,ESC-NA-2011-8-10,2011,8,10,48.3673,-69.3812,Fucus vesiculosus,Random,NA,NA,NA,NA,0
4386,merinov_gosl,Gulf of Saint Lawrence,ESC,NA,ESC-NA-2011-8-10,2011,8,10,48.3673,-69.3805,Ascophyllum nodosum,Random,NA,NA,1,1,2.51
4387,merinov_gosl,Gulf of Saint Lawrence,ESC,NA,ESC-NA-2011-8-10,2011,8,10,48.3673,-69.3805,Fucus distichus subsp. evanescens,Random,NA,NA,14,14,1.48
4388,merinov_gosl,Gulf of Saint Lawrence,ESC,NA,ESC-NA-2011-8-10,2011,8,10,48.3673,-69.3805,Fucus vesiculosus,Random,NA,NA,16,16,3.36
4389,merinov_gosl,Gulf of Saint Lawrence,ESC,NA,ESC-NA-2011-8-10,2011,8,10,48.3673,-69.3797,Ascophyllum nodosum,Random,NA,NA,NA,NA,0
4390,merinov_gosl,Gulf of Saint Lawrence,ESC,NA,ESC-NA-2011-8-10,2011,8,10,48.3673,-69.3797,Fucus distichus subsp. evanescens,Random,NA,NA,20,20,6.1
4391,merinov_gosl,Gulf of Saint Lawrence,ESC,NA,ESC-NA-2011-8-10,2011,8,10,48.3673,-69.3797,Fucus vesiculosus,Random,NA,NA,NA,NA,0
4392,merinov_gosl,Gulf of Saint Lawrence,ESC-E,NA,ESC-E-NA-2011-8-11,2011,8,11,48.3725,-69.3685,Ascophyllum nodosum,Random,NA,NA,NA,NA,0
4393,merinov_gosl,Gulf of Saint Lawrence,ESC-E,NA,ESC-E-NA-2011-8-11,2011,8,11,48.3725,-69.3685,Fucus distichus subsp. evanescens,Random,NA,NA,NA,NA,0
4394,merinov_gosl,Gulf of Saint Lawrence,ESC-E,NA,ESC-E-NA-2011-8-11,2011,8,11,48.3725,-69.3685,Fucus vesiculosus,Random,NA,NA,2,2,0.14
4395,merinov_gosl,Gulf of Saint Lawrence,ESC-E,NA,ESC-E-NA-2011-8-11,2011,8,11,48.3725,-69.3678,Ascophyllum nodosum,Random,NA,NA,33,33,3.75
4396,merinov_gosl,Gulf of Saint Lawrence,ESC-E,NA,ESC-E-NA-2011-8-11,2011,8,11,48.3725,-69.3678,Fucus distichus subsp. evanescens,Random,NA,NA,80,80,3.73
4397,merinov_gosl,Gulf of Saint Lawrence,ESC-E,NA,ESC-E-NA-2011-8-11,2011,8,11,48.3725,-69.3678,Fucus vesiculosus,Random,NA,NA,10,10,1.31
4398,merinov_gosl,Gulf of Saint Lawrence,ESC-E,NA,ESC-E-NA-2011-8-11,2011,8,11,48.3743,-69.3688,Ascophyllum nodosum,Random,NA,NA,NA,NA,0
4399,merinov_gosl,Gulf of Saint Lawrence,ESC-E,NA,ESC-E-NA-2011-8-11,2011,8,11,48.3743,-69.3688,Fucus distichus subsp. evanescens,Random,NA,NA,NA,NA,0
4400,merinov_gosl,Gulf of Saint Lawrence,ESC-E,NA,ESC-E-NA-2011-8-11,2011,8,11,48.3743,-69.3688,Fucus vesiculosus,Random,NA,NA,NA,NA,0
4401,merinov_gosl,Gulf of Saint Lawrence,ESC-E,NA,ESC-E-NA-2011-8-11,2011,8,11,48.3743,-69.3681,Ascophyllum nodosum,Random,NA,NA,NA,NA,0
4402,merinov_gosl,Gulf of Saint Lawrence,ESC-E,NA,ESC-E-NA-2011-8-11,2011,8,11,48.3743,-69.3681,Fucus distichus subsp. evanescens,Random,NA,NA,NA,NA,0
4403,merinov_gosl,Gulf of Saint Lawrence,ESC-E,NA,ESC-E-NA-2011-8-11,2011,8,11,48.3743,-69.3681,Fucus vesiculosus,Random,NA,NA,NA,NA,0
4404,merinov_gosl,Gulf of Saint Lawrence,ESC-E,NA,ESC-E-NA-2011-8-11,2011,8,11,48.3743,-69.3674,Ascophyllum nodosum,Random,NA,NA,NA,NA,0
4405,merinov_gosl,Gulf of Saint Lawrence,ESC-E,NA,ESC-E-NA-2011-8-11,2011,8,11,48.3743,-69.3674,Fucus distichus subsp. evanescens,Random,NA,NA,NA,NA,0
4406,merinov_gosl,Gulf of Saint Lawrence,ESC-E,NA,ESC-E-NA-2011-8-11,2011,8,11,48.3743,-69.3674,Fucus vesiculosus,Random,NA,NA,NA,NA,0
4407,merinov_gosl,Gulf of Saint Lawrence,ESC-E,NA,ESC-E-NA-2011-8-11,2011,8,11,48.3743,-69.3667,Ascophyllum nodosum,Random,NA,NA,NA,NA,0
4408,merinov_gosl,Gulf of Saint Lawrence,ESC-E,NA,ESC-E-NA-2011-8-11,2011,8,11,48.3743,-69.3667,Fucus distichus subsp. evanescens,Random,NA,NA,14,14,0.73
4409,merinov_gosl,Gulf of Saint Lawrence,ESC-E,NA,ESC-E-NA-2011-8-11,2011,8,11,48.3743,-69.3667,Fucus vesiculosus,Random,NA,NA,NA,NA,0
4410,merinov_gosl,Gulf of Saint Lawrence,ESC-E,NA,ESC-E-NA-2011-8-11,2011,8,11,48.3743,-69.366,Ascophyllum nodosum,Random,NA,NA,NA,NA,0
4411,merinov_gosl,Gulf of Saint Lawrence,ESC-E,NA,ESC-E-NA-2011-8-11,2011,8,11,48.3743,-69.366,Fucus distichus subsp. evanescens,Random,NA,NA,4,4,0.36
4412,merinov_gosl,Gulf of Saint Lawrence,ESC-E,NA,ESC-E-NA-2011-8-11,2011,8,11,48.3743,-69.366,Fucus vesiculosus,Random,NA,NA,NA,NA,0
4413,merinov_gosl,Gulf of Saint Lawrence,ESC-E,NA,ESC-E-NA-2011-8-11,2011,8,11,48.3743,-69.3653,Ascophyllum nodosum,Random,NA,NA,NA,NA,0
4414,merinov_gosl,Gulf of Saint Lawrence,ESC-E,NA,ESC-E-NA-2011-8-11,2011,8,11,48.3743,-69.3653,Fucus distichus subsp. evanescens,Random,NA,NA,7,7,3.02
4415,merinov_gosl,Gulf of Saint Lawrence,ESC-E,NA,ESC-E-NA-2011-8-11,2011,8,11,48.3743,-69.3653,Fucus vesiculosus,Random,NA,NA,27,27,9.4
4416,merinov_gosl,Gulf of Saint Lawrence,FEST,NA,FEST-NA-2012-7-18,2012,7,18,49.2842,-67.8914,Ascophyllum nodosum,Random,NA,NA,NA,NA,0
4417,merinov_gosl,Gulf of Saint Lawrence,FEST,NA,FEST-NA-2012-7-18,2012,7,18,49.2842,-67.8914,Fucus distichus subsp. edentatus,Random,NA,NA,NA,NA,0
4418,merinov_gosl,Gulf of Saint Lawrence,FEST,NA,FEST-NA-2012-7-18,2012,7,18,49.2842,-67.8914,Fucus distichus subsp. evanescens,Random,NA,NA,NA,NA,0
4419,merinov_gosl,Gulf of Saint Lawrence,FEST,NA,FEST-NA-2012-7-18,2012,7,18,49.2842,-67.8914,Fucus vesiculosus,Random,NA,NA,NA,NA,0
4420,merinov_gosl,Gulf of Saint Lawrence,FEST,NA,FEST-NA-2012-7-18,2012,7,18,49.2846,-67.8914,Ascophyllum nodosum,Random,NA,NA,NA,NA,0
4421,merinov_gosl,Gulf of Saint Lawrence,FEST,NA,FEST-NA-2012-7-18,2012,7,18,49.2846,-67.8914,Fucus distichus subsp. edentatus,Random,NA,NA,NA,NA,0
4422,merinov_gosl,Gulf of Saint Lawrence,FEST,NA,FEST-NA-2012-7-18,2012,7,18,49.2846,-67.8914,Fucus distichus subsp. evanescens,Random,NA,NA,NA,NA,0
4423,merinov_gosl,Gulf of Saint Lawrence,FEST,NA,FEST-NA-2012-7-18,2012,7,18,49.2846,-67.8914,Fucus vesiculosus,Random,NA,NA,NA,NA,0
4424,merinov_gosl,Gulf of Saint Lawrence,FEST,NA,FEST-NA-2012-7-18,2012,7,18,49.2851,-67.8914,Ascophyllum nodosum,Random,NA,NA,NA,NA,0
4425,merinov_gosl,Gulf of Saint Lawrence,FEST,NA,FEST-NA-2012-7-18,2012,7,18,49.2851,-67.8914,Fucus distichus subsp. edentatus,Random,NA,NA,NA,NA,0
4426,merinov_gosl,Gulf of Saint Lawrence,FEST,NA,FEST-NA-2012-7-18,2012,7,18,49.2851,-67.8914,Fucus distichus subsp. evanescens,Random,NA,NA,NA,NA,0
4427,merinov_gosl,Gulf of Saint Lawrence,FEST,NA,FEST-NA-2012-7-18,2012,7,18,49.2851,-67.8914,Fucus vesiculosus,Random,NA,NA,NA,NA,0
4428,merinov_gosl,Gulf of Saint Lawrence,FEST,NA,FEST-NA-2012-7-9,2012,7,9,49.2853,-67.8941,Ascophyllum nodosum,Random,NA,NA,NA,NA,0
4429,merinov_gosl,Gulf of Saint Lawrence,FEST,NA,FEST-NA-2012-7-9,2012,7,9,49.2853,-67.8941,Fucus distichus subsp. edentatus,Random,NA,NA,NA,NA,0
4430,merinov_gosl,Gulf of Saint Lawrence,FEST,NA,FEST-NA-2012-7-9,2012,7,9,49.2853,-67.8941,Fucus distichus subsp. evanescens,Random,NA,NA,46,46,1.76
4431,merinov_gosl,Gulf of Saint Lawrence,FEST,NA,FEST-NA-2012-7-9,2012,7,9,49.2853,-67.8941,Fucus vesiculosus,Random,NA,NA,4,4,0.1
4432,merinov_gosl,Gulf of Saint Lawrence,FEST,NA,FEST-NA-2012-7-18,2012,7,18,49.2855,-67.8914,Ascophyllum nodosum,Random,NA,NA,NA,NA,0
4433,merinov_gosl,Gulf of Saint Lawrence,FEST,NA,FEST-NA-2012-7-18,2012,7,18,49.2855,-67.8914,Fucus distichus subsp. edentatus,Random,NA,NA,NA,NA,0
4434,merinov_gosl,Gulf of Saint Lawrence,FEST,NA,FEST-NA-2012-7-18,2012,7,18,49.2855,-67.8914,Fucus distichus subsp. evanescens,Random,NA,NA,NA,NA,0
4435,merinov_gosl,Gulf of Saint Lawrence,FEST,NA,FEST-NA-2012-7-18,2012,7,18,49.2855,-67.8914,Fucus vesiculosus,Random,NA,NA,NA,NA,0
4436,merinov_gosl,Gulf of Saint Lawrence,FEST,NA,FEST-NA-2012-7-9,2012,7,9,49.2858,-67.8941,Ascophyllum nodosum,Random,NA,NA,NA,NA,0
4437,merinov_gosl,Gulf of Saint Lawrence,FEST,NA,FEST-NA-2012-7-9,2012,7,9,49.2858,-67.8941,Fucus distichus subsp. edentatus,Random,NA,NA,NA,NA,0
4438,merinov_gosl,Gulf of Saint Lawrence,FEST,NA,FEST-NA-2012-7-9,2012,7,9,49.2858,-67.8941,Fucus distichus subsp. evanescens,Random,NA,NA,NA,NA,0
4439,merinov_gosl,Gulf of Saint Lawrence,FEST,NA,FEST-NA-2012-7-9,2012,7,9,49.2858,-67.8941,Fucus vesiculosus,Random,NA,NA,NA,NA,0
4440,merinov_gosl,Gulf of Saint Lawrence,FEST,NA,FEST-NA-2012-7-18,2012,7,18,49.286,-67.8914,Ascophyllum nodosum,Random,NA,NA,NA,NA,0
4441,merinov_gosl,Gulf of Saint Lawrence,FEST,NA,FEST-NA-2012-7-18,2012,7,18,49.286,-67.8914,Fucus distichus subsp. edentatus,Random,NA,NA,NA,NA,0
4442,merinov_gosl,Gulf of Saint Lawrence,FEST,NA,FEST-NA-2012-7-18,2012,7,18,49.286,-67.8914,Fucus distichus subsp. evanescens,Random,NA,NA,17,17,0.61
4443,merinov_gosl,Gulf of Saint Lawrence,FEST,NA,FEST-NA-2012-7-18,2012,7,18,49.286,-67.8914,Fucus vesiculosus,Random,NA,NA,NA,NA,0
4444,merinov_gosl,Gulf of Saint Lawrence,FEST,NA,FEST-NA-2012-7-9,2012,7,9,49.2862,-67.8941,Ascophyllum nodosum,Random,NA,NA,NA,NA,0
4445,merinov_gosl,Gulf of Saint Lawrence,FEST,NA,FEST-NA-2012-7-9,2012,7,9,49.2862,-67.8941,Fucus distichus subsp. edentatus,Random,NA,NA,NA,NA,0
4446,merinov_gosl,Gulf of Saint Lawrence,FEST,NA,FEST-NA-2012-7-9,2012,7,9,49.2862,-67.8941,Fucus distichus subsp. evanescens,Random,NA,NA,1,1,0.01
4447,merinov_gosl,Gulf of Saint Lawrence,FEST,NA,FEST-NA-2012-7-9,2012,7,9,49.2862,-67.8941,Fucus vesiculosus,Random,NA,NA,NA,NA,0
4448,merinov_gosl,Gulf of Saint Lawrence,FEST,NA,FEST-NA-2012-7-18,2012,7,18,49.2864,-67.8914,Ascophyllum nodosum,Random,NA,NA,NA,NA,0
4449,merinov_gosl,Gulf of Saint Lawrence,FEST,NA,FEST-NA-2012-7-18,2012,7,18,49.2864,-67.8914,Fucus distichus subsp. edentatus,Random,NA,NA,NA,NA,0
4450,merinov_gosl,Gulf of Saint Lawrence,FEST,NA,FEST-NA-2012-7-18,2012,7,18,49.2864,-67.8914,Fucus distichus subsp. evanescens,Random,NA,NA,NA,NA,0
4451,merinov_gosl,Gulf of Saint Lawrence,FEST,NA,FEST-NA-2012-7-18,2012,7,18,49.2864,-67.8914,Fucus vesiculosus,Random,NA,NA,NA,NA,0
4452,merinov_gosl,Gulf of Saint Lawrence,FEST,NA,FEST-NA-2012-7-9,2012,7,9,49.2867,-67.8941,Ascophyllum nodosum,Random,NA,NA,NA,NA,0
4453,merinov_gosl,Gulf of Saint Lawrence,FEST,NA,FEST-NA-2012-7-9,2012,7,9,49.2867,-67.8941,Fucus distichus subsp. edentatus,Random,NA,NA,NA,NA,0
4454,merinov_gosl,Gulf of Saint Lawrence,FEST,NA,FEST-NA-2012-7-9,2012,7,9,49.2867,-67.8941,Fucus distichus subsp. evanescens,Random,NA,NA,NA,NA,0
4455,merinov_gosl,Gulf of Saint Lawrence,FEST,NA,FEST-NA-2012-7-9,2012,7,9,49.2867,-67.8941,Fucus vesiculosus,Random,NA,NA,NA,NA,0
4456,merinov_gosl,Gulf of Saint Lawrence,FEST,NA,FEST-NA-2012-7-18,2012,7,18,49.2869,-67.8914,Ascophyllum nodosum,Random,NA,NA,NA,NA,0
4457,merinov_gosl,Gulf of Saint Lawrence,FEST,NA,FEST-NA-2012-7-18,2012,7,18,49.2869,-67.8914,Fucus distichus subsp. edentatus,Random,NA,NA,NA,NA,0
4458,merinov_gosl,Gulf of Saint Lawrence,FEST,NA,FEST-NA-2012-7-18,2012,7,18,49.2869,-67.8914,Fucus distichus subsp. evanescens,Random,NA,NA,NA,NA,0
4459,merinov_gosl,Gulf of Saint Lawrence,FEST,NA,FEST-NA-2012-7-18,2012,7,18,49.2869,-67.8914,Fucus vesiculosus,Random,NA,NA,NA,NA,0
4460,merinov_gosl,Gulf of Saint Lawrence,FEST,NA,FEST-NA-2012-7-18,2012,7,18,49.2869,-67.8887,Ascophyllum nodosum,Random,NA,NA,31,31,2.86
4461,merinov_gosl,Gulf of Saint Lawrence,FEST,NA,FEST-NA-2012-7-18,2012,7,18,49.2869,-67.8887,Fucus distichus subsp. edentatus,Random,NA,NA,NA,NA,0
4462,merinov_gosl,Gulf of Saint Lawrence,FEST,NA,FEST-NA-2012-7-18,2012,7,18,49.2869,-67.8887,Fucus distichus subsp. evanescens,Random,NA,NA,2,2,0.14
4463,merinov_gosl,Gulf of Saint Lawrence,FEST,NA,FEST-NA-2012-7-18,2012,7,18,49.2869,-67.8887,Fucus vesiculosus,Random,NA,NA,11,11,0.6
4464,merinov_gosl,Gulf of Saint Lawrence,FEST,NA,FEST-NA-2012-7-9,2012,7,9,49.2871,-67.8941,Ascophyllum nodosum,Random,NA,NA,NA,NA,0
4465,merinov_gosl,Gulf of Saint Lawrence,FEST,NA,FEST-NA-2012-7-9,2012,7,9,49.2871,-67.8941,Fucus distichus subsp. edentatus,Random,NA,NA,NA,NA,0
4466,merinov_gosl,Gulf of Saint Lawrence,FEST,NA,FEST-NA-2012-7-9,2012,7,9,49.2871,-67.8941,Fucus distichus subsp. evanescens,Random,NA,NA,NA,NA,0
4467,merinov_gosl,Gulf of Saint Lawrence,FEST,NA,FEST-NA-2012-7-9,2012,7,9,49.2871,-67.8941,Fucus vesiculosus,Random,NA,NA,NA,NA,0
4468,merinov_gosl,Gulf of Saint Lawrence,FEST,NA,FEST-NA-2012-7-18,2012,7,18,49.2873,-67.8914,Ascophyllum nodosum,Random,NA,NA,NA,NA,0
4469,merinov_gosl,Gulf of Saint Lawrence,FEST,NA,FEST-NA-2012-7-18,2012,7,18,49.2873,-67.8914,Fucus distichus subsp. edentatus,Random,NA,NA,NA,NA,0
4470,merinov_gosl,Gulf of Saint Lawrence,FEST,NA,FEST-NA-2012-7-18,2012,7,18,49.2873,-67.8914,Fucus distichus subsp. evanescens,Random,NA,NA,NA,NA,0
4471,merinov_gosl,Gulf of Saint Lawrence,FEST,NA,FEST-NA-2012-7-18,2012,7,18,49.2873,-67.8914,Fucus vesiculosus,Random,NA,NA,NA,NA,0
4472,merinov_gosl,Gulf of Saint Lawrence,FEST,NA,FEST-NA-2012-7-18,2012,7,18,49.2874,-67.8887,Ascophyllum nodosum,Random,NA,NA,6,6,1.91
4473,merinov_gosl,Gulf of Saint Lawrence,FEST,NA,FEST-NA-2012-7-18,2012,7,18,49.2874,-67.8887,Fucus distichus subsp. edentatus,Random,NA,NA,NA,NA,0
4474,merinov_gosl,Gulf of Saint Lawrence,FEST,NA,FEST-NA-2012-7-18,2012,7,18,49.2874,-67.8887,Fucus distichus subsp. evanescens,Random,NA,NA,NA,NA,0
4475,merinov_gosl,Gulf of Saint Lawrence,FEST,NA,FEST-NA-2012-7-18,2012,7,18,49.2874,-67.8887,Fucus vesiculosus,Random,NA,NA,10,10,1.9
4476,merinov_gosl,Gulf of Saint Lawrence,FEST,NA,FEST-NA-2012-7-9,2012,7,9,49.2876,-67.8941,Ascophyllum nodosum,Random,NA,NA,28,28,5.41
4477,merinov_gosl,Gulf of Saint Lawrence,FEST,NA,FEST-NA-2012-7-9,2012,7,9,49.2876,-67.8941,Fucus distichus subsp. edentatus,Random,NA,NA,NA,NA,0
4478,merinov_gosl,Gulf of Saint Lawrence,FEST,NA,FEST-NA-2012-7-9,2012,7,9,49.2876,-67.8941,Fucus distichus subsp. evanescens,Random,NA,NA,NA,NA,0
4479,merinov_gosl,Gulf of Saint Lawrence,FEST,NA,FEST-NA-2012-7-9,2012,7,9,49.2876,-67.8941,Fucus vesiculosus,Random,NA,NA,42,42,10.21
4480,merinov_gosl,Gulf of Saint Lawrence,FEST,NA,FEST-NA-2012-7-18,2012,7,18,49.2878,-67.8914,Ascophyllum nodosum,Random,NA,NA,NA,NA,0
4481,merinov_gosl,Gulf of Saint Lawrence,FEST,NA,FEST-NA-2012-7-18,2012,7,18,49.2878,-67.8914,Fucus distichus subsp. edentatus,Random,NA,NA,NA,NA,0
4482,merinov_gosl,Gulf of Saint Lawrence,FEST,NA,FEST-NA-2012-7-18,2012,7,18,49.2878,-67.8914,Fucus distichus subsp. evanescens,Random,NA,NA,NA,NA,0
4483,merinov_gosl,Gulf of Saint Lawrence,FEST,NA,FEST-NA-2012-7-18,2012,7,18,49.2878,-67.8914,Fucus vesiculosus,Random,NA,NA,NA,NA,0
4484,merinov_gosl,Gulf of Saint Lawrence,FEST,NA,FEST-NA-2012-7-18,2012,7,18,49.2878,-67.8887,Ascophyllum nodosum,Random,NA,NA,8,8,0.4
4485,merinov_gosl,Gulf of Saint Lawrence,FEST,NA,FEST-NA-2012-7-18,2012,7,18,49.2878,-67.8887,Fucus distichus subsp. edentatus,Random,NA,NA,NA,NA,0
4486,merinov_gosl,Gulf of Saint Lawrence,FEST,NA,FEST-NA-2012-7-18,2012,7,18,49.2878,-67.8887,Fucus distichus subsp. evanescens,Random,NA,NA,NA,NA,0
4487,merinov_gosl,Gulf of Saint Lawrence,FEST,NA,FEST-NA-2012-7-18,2012,7,18,49.2878,-67.8887,Fucus vesiculosus,Random,NA,NA,23,23,3.82
4488,merinov_gosl,Gulf of Saint Lawrence,FEST,NA,FEST-NA-2012-7-9,2012,7,9,49.288,-67.8941,Ascophyllum nodosum,Random,NA,NA,NA,NA,0
4489,merinov_gosl,Gulf of Saint Lawrence,FEST,NA,FEST-NA-2012-7-9,2012,7,9,49.288,-67.8941,Fucus distichus subsp. edentatus,Random,NA,NA,NA,NA,0
4490,merinov_gosl,Gulf of Saint Lawrence,FEST,NA,FEST-NA-2012-7-9,2012,7,9,49.288,-67.8941,Fucus distichus subsp. evanescens,Random,NA,NA,NA,NA,0
4491,merinov_gosl,Gulf of Saint Lawrence,FEST,NA,FEST-NA-2012-7-9,2012,7,9,49.288,-67.8941,Fucus vesiculosus,Random,NA,NA,NA,NA,0
4492,merinov_gosl,Gulf of Saint Lawrence,FEST,NA,FEST-NA-2012-7-18,2012,7,18,49.2882,-67.8914,Ascophyllum nodosum,Random,NA,NA,NA,NA,0
4493,merinov_gosl,Gulf of Saint Lawrence,FEST,NA,FEST-NA-2012-7-18,2012,7,18,49.2882,-67.8914,Fucus distichus subsp. edentatus,Random,NA,NA,NA,NA,0
4494,merinov_gosl,Gulf of Saint Lawrence,FEST,NA,FEST-NA-2012-7-18,2012,7,18,49.2882,-67.8914,Fucus distichus subsp. evanescens,Random,NA,NA,1,1,0.01
4495,merinov_gosl,Gulf of Saint Lawrence,FEST,NA,FEST-NA-2012-7-18,2012,7,18,49.2882,-67.8914,Fucus vesiculosus,Random,NA,NA,NA,NA,0
4496,merinov_gosl,Gulf of Saint Lawrence,FEST,NA,FEST-NA-2012-7-18,2012,7,18,49.2883,-67.8887,Ascophyllum nodosum,Random,NA,NA,NA,NA,0
4497,merinov_gosl,Gulf of Saint Lawrence,FEST,NA,FEST-NA-2012-7-18,2012,7,18,49.2883,-67.8887,Fucus distichus subsp. edentatus,Random,NA,NA,NA,NA,0
4498,merinov_gosl,Gulf of Saint Lawrence,FEST,NA,FEST-NA-2012-7-18,2012,7,18,49.2883,-67.8887,Fucus distichus subsp. evanescens,Random,NA,NA,NA,NA,0
4499,merinov_gosl,Gulf of Saint Lawrence,FEST,NA,FEST-NA-2012-7-18,2012,7,18,49.2883,-67.8887,Fucus vesiculosus,Random,NA,NA,NA,NA,0
4500,merinov_gosl,Gulf of Saint Lawrence,FEST,NA,FEST-NA-2012-7-9,2012,7,9,49.2885,-67.8941,Ascophyllum nodosum,Random,NA,NA,NA,NA,0
4501,merinov_gosl,Gulf of Saint Lawrence,FEST,NA,FEST-NA-2012-7-9,2012,7,9,49.2885,-67.8941,Fucus distichus subsp. edentatus,Random,NA,NA,NA,NA,0
4502,merinov_gosl,Gulf of Saint Lawrence,FEST,NA,FEST-NA-2012-7-9,2012,7,9,49.2885,-67.8941,Fucus distichus subsp. evanescens,Random,NA,NA,NA,NA,0
4503,merinov_gosl,Gulf of Saint Lawrence,FEST,NA,FEST-NA-2012-7-9,2012,7,9,49.2885,-67.8941,Fucus vesiculosus,Random,NA,NA,NA,NA,0
4504,merinov_gosl,Gulf of Saint Lawrence,FEST,NA,FEST-NA-2012-7-18,2012,7,18,49.2887,-67.8914,Ascophyllum nodosum,Random,NA,NA,NA,NA,0
4505,merinov_gosl,Gulf of Saint Lawrence,FEST,NA,FEST-NA-2012-7-18,2012,7,18,49.2887,-67.8914,Fucus distichus subsp. edentatus,Random,NA,NA,NA,NA,0
4506,merinov_gosl,Gulf of Saint Lawrence,FEST,NA,FEST-NA-2012-7-18,2012,7,18,49.2887,-67.8914,Fucus distichus subsp. evanescens,Random,NA,NA,1,1,0.01
4507,merinov_gosl,Gulf of Saint Lawrence,FEST,NA,FEST-NA-2012-7-18,2012,7,18,49.2887,-67.8914,Fucus vesiculosus,Random,NA,NA,NA,NA,0
4508,merinov_gosl,Gulf of Saint Lawrence,FEST,NA,FEST-NA-2012-7-18,2012,7,18,49.2887,-67.8887,Ascophyllum nodosum,Random,NA,NA,NA,NA,0
4509,merinov_gosl,Gulf of Saint Lawrence,FEST,NA,FEST-NA-2012-7-18,2012,7,18,49.2887,-67.8887,Fucus distichus subsp. edentatus,Random,NA,NA,NA,NA,0
4510,merinov_gosl,Gulf of Saint Lawrence,FEST,NA,FEST-NA-2012-7-18,2012,7,18,49.2887,-67.8887,Fucus distichus subsp. evanescens,Random,NA,NA,NA,NA,0
4511,merinov_gosl,Gulf of Saint Lawrence,FEST,NA,FEST-NA-2012-7-18,2012,7,18,49.2887,-67.8887,Fucus vesiculosus,Random,NA,NA,NA,NA,0
4512,merinov_gosl,Gulf of Saint Lawrence,FEST,NA,FEST-NA-2012-7-9,2012,7,9,49.2889,-67.8941,Ascophyllum nodosum,Random,NA,NA,NA,NA,0
4513,merinov_gosl,Gulf of Saint Lawrence,FEST,NA,FEST-NA-2012-7-9,2012,7,9,49.2889,-67.8941,Fucus distichus subsp. edentatus,Random,NA,NA,NA,NA,0
4514,merinov_gosl,Gulf of Saint Lawrence,FEST,NA,FEST-NA-2012-7-9,2012,7,9,49.2889,-67.8941,Fucus distichus subsp. evanescens,Random,NA,NA,NA,NA,0
4515,merinov_gosl,Gulf of Saint Lawrence,FEST,NA,FEST-NA-2012-7-9,2012,7,9,49.2889,-67.8941,Fucus vesiculosus,Random,NA,NA,NA,NA,0
4516,merinov_gosl,Gulf of Saint Lawrence,FEST,NA,FEST-NA-2012-7-18,2012,7,18,49.2891,-67.8914,Ascophyllum nodosum,Random,NA,NA,NA,NA,0
4517,merinov_gosl,Gulf of Saint Lawrence,FEST,NA,FEST-NA-2012-7-18,2012,7,18,49.2891,-67.8914,Fucus distichus subsp. edentatus,Random,NA,NA,NA,NA,0
4518,merinov_gosl,Gulf of Saint Lawrence,FEST,NA,FEST-NA-2012-7-18,2012,7,18,49.2891,-67.8914,Fucus distichus subsp. evanescens,Random,NA,NA,NA,NA,0
4519,merinov_gosl,Gulf of Saint Lawrence,FEST,NA,FEST-NA-2012-7-18,2012,7,18,49.2891,-67.8914,Fucus vesiculosus,Random,NA,NA,NA,NA,0
4520,merinov_gosl,Gulf of Saint Lawrence,FEST,NA,FEST-NA-2012-7-18,2012,7,18,49.2892,-67.8887,Ascophyllum nodosum,Random,NA,NA,NA,NA,0
4521,merinov_gosl,Gulf of Saint Lawrence,FEST,NA,FEST-NA-2012-7-18,2012,7,18,49.2892,-67.8887,Fucus distichus subsp. edentatus,Random,NA,NA,NA,NA,0
4522,merinov_gosl,Gulf of Saint Lawrence,FEST,NA,FEST-NA-2012-7-18,2012,7,18,49.2892,-67.8887,Fucus distichus subsp. evanescens,Random,NA,NA,NA,NA,0
4523,merinov_gosl,Gulf of Saint Lawrence,FEST,NA,FEST-NA-2012-7-18,2012,7,18,49.2892,-67.8887,Fucus vesiculosus,Random,NA,NA,NA,NA,0
4524,merinov_gosl,Gulf of Saint Lawrence,FEST,NA,FEST-NA-2012-7-18,2012,7,18,49.2896,-67.8914,Ascophyllum nodosum,Random,NA,NA,NA,NA,0
4525,merinov_gosl,Gulf of Saint Lawrence,FEST,NA,FEST-NA-2012-7-18,2012,7,18,49.2896,-67.8914,Fucus distichus subsp. edentatus,Random,NA,NA,NA,NA,0
4526,merinov_gosl,Gulf of Saint Lawrence,FEST,NA,FEST-NA-2012-7-18,2012,7,18,49.2896,-67.8914,Fucus distichus subsp. evanescens,Random,NA,NA,NA,NA,0
4527,merinov_gosl,Gulf of Saint Lawrence,FEST,NA,FEST-NA-2012-7-18,2012,7,18,49.2896,-67.8914,Fucus vesiculosus,Random,NA,NA,NA,NA,0
4528,merinov_gosl,Gulf of Saint Lawrence,FEST,NA,FEST-NA-2012-7-18,2012,7,18,49.2896,-67.8887,Ascophyllum nodosum,Random,NA,NA,NA,NA,0
4529,merinov_gosl,Gulf of Saint Lawrence,FEST,NA,FEST-NA-2012-7-18,2012,7,18,49.2896,-67.8887,Fucus distichus subsp. edentatus,Random,NA,NA,NA,NA,0
4530,merinov_gosl,Gulf of Saint Lawrence,FEST,NA,FEST-NA-2012-7-18,2012,7,18,49.2896,-67.8887,Fucus distichus subsp. evanescens,Random,NA,NA,NA,NA,0
4531,merinov_gosl,Gulf of Saint Lawrence,FEST,NA,FEST-NA-2012-7-18,2012,7,18,49.2896,-67.8887,Fucus vesiculosus,Random,NA,NA,NA,NA,0
4532,merinov_gosl,Gulf of Saint Lawrence,FEST,NA,FEST-NA-2012-7-18,2012,7,18,49.29,-67.8914,Ascophyllum nodosum,Random,NA,NA,NA,NA,0
4533,merinov_gosl,Gulf of Saint Lawrence,FEST,NA,FEST-NA-2012-7-18,2012,7,18,49.29,-67.8914,Fucus distichus subsp. edentatus,Random,NA,NA,NA,NA,0
4534,merinov_gosl,Gulf of Saint Lawrence,FEST,NA,FEST-NA-2012-7-18,2012,7,18,49.29,-67.8914,Fucus distichus subsp. evanescens,Random,NA,NA,NA,NA,0
4535,merinov_gosl,Gulf of Saint Lawrence,FEST,NA,FEST-NA-2012-7-18,2012,7,18,49.29,-67.8914,Fucus vesiculosus,Random,NA,NA,NA,NA,0
4536,merinov_gosl,Gulf of Saint Lawrence,FEST,NA,FEST-NA-2012-8-6,2012,8,6,49.2857,-67.8777,Ascophyllum nodosum,Random,NA,NA,1,1,0.04
4537,merinov_gosl,Gulf of Saint Lawrence,FEST,NA,FEST-NA-2012-8-6,2012,8,6,49.2857,-67.8777,Fucus distichus subsp. edentatus,Random,NA,NA,NA,NA,0
4538,merinov_gosl,Gulf of Saint Lawrence,FEST,NA,FEST-NA-2012-8-6,2012,8,6,49.2857,-67.8777,Fucus distichus subsp. evanescens,Random,NA,NA,28,28,0.52
4539,merinov_gosl,Gulf of Saint Lawrence,FEST,NA,FEST-NA-2012-8-6,2012,8,6,49.2857,-67.8777,Fucus vesiculosus,Random,NA,NA,23,23,3.41
4540,merinov_gosl,Gulf of Saint Lawrence,FEST,NA,FEST-NA-2012-8-6,2012,8,6,49.2862,-67.8777,Ascophyllum nodosum,Random,NA,NA,NA,NA,0
4541,merinov_gosl,Gulf of Saint Lawrence,FEST,NA,FEST-NA-2012-8-6,2012,8,6,49.2862,-67.8777,Fucus distichus subsp. edentatus,Random,NA,NA,NA,NA,0
4542,merinov_gosl,Gulf of Saint Lawrence,FEST,NA,FEST-NA-2012-8-6,2012,8,6,49.2862,-67.8777,Fucus distichus subsp. evanescens,Random,NA,NA,1,1,0.01
4543,merinov_gosl,Gulf of Saint Lawrence,FEST,NA,FEST-NA-2012-8-6,2012,8,6,49.2862,-67.8777,Fucus vesiculosus,Random,NA,NA,NA,NA,0
4544,merinov_gosl,Gulf of Saint Lawrence,FEST,NA,FEST-NA-2012-8-6,2012,8,6,49.2864,-67.8805,Ascophyllum nodosum,Random,NA,NA,NA,NA,0
4545,merinov_gosl,Gulf of Saint Lawrence,FEST,NA,FEST-NA-2012-8-6,2012,8,6,49.2864,-67.8805,Fucus distichus subsp. edentatus,Random,NA,NA,NA,NA,0
4546,merinov_gosl,Gulf of Saint Lawrence,FEST,NA,FEST-NA-2012-8-6,2012,8,6,49.2864,-67.8805,Fucus distichus subsp. evanescens,Random,NA,NA,45,45,0.15
4547,merinov_gosl,Gulf of Saint Lawrence,FEST,NA,FEST-NA-2012-8-6,2012,8,6,49.2864,-67.8805,Fucus vesiculosus,Random,NA,NA,26,26,4.7
4548,merinov_gosl,Gulf of Saint Lawrence,FEST,NA,FEST-NA-2012-8-6,2012,8,6,49.2868,-67.8805,Ascophyllum nodosum,Random,NA,NA,NA,NA,0
4549,merinov_gosl,Gulf of Saint Lawrence,FEST,NA,FEST-NA-2012-8-6,2012,8,6,49.2868,-67.8805,Fucus distichus subsp. edentatus,Random,NA,NA,NA,NA,0
4550,merinov_gosl,Gulf of Saint Lawrence,FEST,NA,FEST-NA-2012-8-6,2012,8,6,49.2868,-67.8805,Fucus distichus subsp. evanescens,Random,NA,NA,NA,NA,0
4551,merinov_gosl,Gulf of Saint Lawrence,FEST,NA,FEST-NA-2012-8-6,2012,8,6,49.2868,-67.8805,Fucus vesiculosus,Random,NA,NA,NA,NA,0
4552,merinov_gosl,Gulf of Saint Lawrence,FEST,NA,FEST-NA-2012-8-6,2012,8,6,49.2872,-67.8832,Ascophyllum nodosum,Random,NA,NA,NA,NA,0
4553,merinov_gosl,Gulf of Saint Lawrence,FEST,NA,FEST-NA-2012-8-6,2012,8,6,49.2872,-67.8832,Fucus distichus subsp. edentatus,Random,NA,NA,NA,NA,0
4554,merinov_gosl,Gulf of Saint Lawrence,FEST,NA,FEST-NA-2012-8-6,2012,8,6,49.2872,-67.8832,Fucus distichus subsp. evanescens,Random,NA,NA,21,21,0.46
4555,merinov_gosl,Gulf of Saint Lawrence,FEST,NA,FEST-NA-2012-8-6,2012,8,6,49.2872,-67.8832,Fucus vesiculosus,Random,NA,NA,2,2,0.14
4556,merinov_gosl,Gulf of Saint Lawrence,FEST,NA,FEST-NA-2012-8-6,2012,8,6,49.2877,-67.8832,Ascophyllum nodosum,Random,NA,NA,NA,NA,0
4557,merinov_gosl,Gulf of Saint Lawrence,FEST,NA,FEST-NA-2012-8-6,2012,8,6,49.2877,-67.8832,Fucus distichus subsp. edentatus,Random,NA,NA,NA,NA,0
4558,merinov_gosl,Gulf of Saint Lawrence,FEST,NA,FEST-NA-2012-8-6,2012,8,6,49.2877,-67.8832,Fucus distichus subsp. evanescens,Random,NA,NA,2,2,0.09
4559,merinov_gosl,Gulf of Saint Lawrence,FEST,NA,FEST-NA-2012-8-6,2012,8,6,49.2877,-67.8832,Fucus vesiculosus,Random,NA,NA,NA,NA,0
4560,merinov_gosl,Gulf of Saint Lawrence,FEST,NA,FEST-NA-2012-8-6,2012,8,6,49.2879,-67.8859,Ascophyllum nodosum,Random,NA,NA,NA,NA,0
4561,merinov_gosl,Gulf of Saint Lawrence,FEST,NA,FEST-NA-2012-8-6,2012,8,6,49.2879,-67.8859,Fucus distichus subsp. edentatus,Random,NA,NA,NA,NA,0
4562,merinov_gosl,Gulf of Saint Lawrence,FEST,NA,FEST-NA-2012-8-6,2012,8,6,49.2879,-67.8859,Fucus distichus subsp. evanescens,Random,NA,NA,38,38,0.95
4563,merinov_gosl,Gulf of Saint Lawrence,FEST,NA,FEST-NA-2012-8-6,2012,8,6,49.2879,-67.8859,Fucus vesiculosus,Random,NA,NA,NA,NA,0
4564,merinov_gosl,Gulf of Saint Lawrence,FEST,NA,FEST-NA-2012-8-6,2012,8,6,49.2881,-67.8832,Ascophyllum nodosum,Random,NA,NA,NA,NA,0
4565,merinov_gosl,Gulf of Saint Lawrence,FEST,NA,FEST-NA-2012-8-6,2012,8,6,49.2881,-67.8832,Fucus distichus subsp. edentatus,Random,NA,NA,NA,NA,0
4566,merinov_gosl,Gulf of Saint Lawrence,FEST,NA,FEST-NA-2012-8-6,2012,8,6,49.2881,-67.8832,Fucus distichus subsp. evanescens,Random,NA,NA,NA,NA,0
4567,merinov_gosl,Gulf of Saint Lawrence,FEST,NA,FEST-NA-2012-8-6,2012,8,6,49.2881,-67.8832,Fucus vesiculosus,Random,NA,NA,NA,NA,0
4568,merinov_gosl,Gulf of Saint Lawrence,FEST,NA,FEST-NA-2012-8-6,2012,8,6,49.2884,-67.8859,Ascophyllum nodosum,Random,NA,NA,NA,NA,0
4569,merinov_gosl,Gulf of Saint Lawrence,FEST,NA,FEST-NA-2012-8-6,2012,8,6,49.2884,-67.8859,Fucus distichus subsp. edentatus,Random,NA,NA,NA,NA,0
4570,merinov_gosl,Gulf of Saint Lawrence,FEST,NA,FEST-NA-2012-8-6,2012,8,6,49.2884,-67.8859,Fucus distichus subsp. evanescens,Random,NA,NA,NA,NA,0
4571,merinov_gosl,Gulf of Saint Lawrence,FEST,NA,FEST-NA-2012-8-6,2012,8,6,49.2884,-67.8859,Fucus vesiculosus,Random,NA,NA,NA,NA,0
4572,merinov_gosl,Gulf of Saint Lawrence,FEST,NA,FEST-NA-2012-8-6,2012,8,6,49.2888,-67.8859,Ascophyllum nodosum,Random,NA,NA,NA,NA,0
4573,merinov_gosl,Gulf of Saint Lawrence,FEST,NA,FEST-NA-2012-8-6,2012,8,6,49.2888,-67.8859,Fucus distichus subsp. edentatus,Random,NA,NA,NA,NA,0
4574,merinov_gosl,Gulf of Saint Lawrence,FEST,NA,FEST-NA-2012-8-6,2012,8,6,49.2888,-67.8859,Fucus distichus subsp. evanescens,Random,NA,NA,NA,NA,0
4575,merinov_gosl,Gulf of Saint Lawrence,FEST,NA,FEST-NA-2012-8-6,2012,8,6,49.2888,-67.8859,Fucus vesiculosus,Random,NA,NA,NA,NA,0
4576,merinov_gosl,Gulf of Saint Lawrence,FEST,NA,FEST-NA-2012-8-6,2012,8,6,49.2893,-67.8859,Ascophyllum nodosum,Random,NA,NA,NA,NA,0
4577,merinov_gosl,Gulf of Saint Lawrence,FEST,NA,FEST-NA-2012-8-6,2012,8,6,49.2893,-67.8859,Fucus distichus subsp. edentatus,Random,NA,NA,NA,NA,0
4578,merinov_gosl,Gulf of Saint Lawrence,FEST,NA,FEST-NA-2012-8-6,2012,8,6,49.2893,-67.8859,Fucus distichus subsp. evanescens,Random,NA,NA,NA,NA,0
4579,merinov_gosl,Gulf of Saint Lawrence,FEST,NA,FEST-NA-2012-8-6,2012,8,6,49.2893,-67.8859,Fucus vesiculosus,Random,NA,NA,12,12,0.68
4580,merinov_gosl,Gulf of Saint Lawrence,FOUEST,NA,FOUEST-NA-2012-8-22,2012,8,22,49.2778,-67.9512,Ascophyllum nodosum,Random,NA,NA,NA,NA,0
4581,merinov_gosl,Gulf of Saint Lawrence,FOUEST,NA,FOUEST-NA-2012-8-22,2012,8,22,49.2778,-67.9512,Fucus distichus subsp. edentatus,Random,NA,NA,NA,NA,0
4582,merinov_gosl,Gulf of Saint Lawrence,FOUEST,NA,FOUEST-NA-2012-8-22,2012,8,22,49.2778,-67.9512,Fucus distichus subsp. evanescens,Random,NA,NA,42,42,0.86
4583,merinov_gosl,Gulf of Saint Lawrence,FOUEST,NA,FOUEST-NA-2012-8-22,2012,8,22,49.2778,-67.9512,Fucus vesiculosus,Random,NA,NA,1,1,0.01
4584,merinov_gosl,Gulf of Saint Lawrence,FOUEST,NA,FOUEST-NA-2012-8-22,2012,8,22,49.2782,-67.9512,Ascophyllum nodosum,Random,NA,NA,NA,NA,0
4585,merinov_gosl,Gulf of Saint Lawrence,FOUEST,NA,FOUEST-NA-2012-8-22,2012,8,22,49.2782,-67.9512,Fucus distichus subsp. edentatus,Random,NA,NA,NA,NA,0
4586,merinov_gosl,Gulf of Saint Lawrence,FOUEST,NA,FOUEST-NA-2012-8-22,2012,8,22,49.2782,-67.9512,Fucus distichus subsp. evanescens,Random,NA,NA,5,5,0.56
4587,merinov_gosl,Gulf of Saint Lawrence,FOUEST,NA,FOUEST-NA-2012-8-22,2012,8,22,49.2782,-67.9512,Fucus vesiculosus,Random,NA,NA,11,11,1.38
4588,merinov_gosl,Gulf of Saint Lawrence,FOUEST,NA,FOUEST-NA-2012-8-22,2012,8,22,49.2787,-67.9512,Ascophyllum nodosum,Random,NA,NA,17,17,6.93
4589,merinov_gosl,Gulf of Saint Lawrence,FOUEST,NA,FOUEST-NA-2012-8-22,2012,8,22,49.2787,-67.9512,Fucus distichus subsp. edentatus,Random,NA,NA,NA,NA,0
4590,merinov_gosl,Gulf of Saint Lawrence,FOUEST,NA,FOUEST-NA-2012-8-22,2012,8,22,49.2787,-67.9512,Fucus distichus subsp. evanescens,Random,NA,NA,8,8,1.1
4591,merinov_gosl,Gulf of Saint Lawrence,FOUEST,NA,FOUEST-NA-2012-8-22,2012,8,22,49.2787,-67.9512,Fucus vesiculosus,Random,NA,NA,21,21,1.33
4592,merinov_gosl,Gulf of Saint Lawrence,FOUEST,NA,FOUEST-NA-2012-8-22,2012,8,22,49.2791,-67.9512,Ascophyllum nodosum,Random,NA,NA,23,23,6.06
4593,merinov_gosl,Gulf of Saint Lawrence,FOUEST,NA,FOUEST-NA-2012-8-22,2012,8,22,49.2791,-67.9512,Fucus distichus subsp. edentatus,Random,NA,NA,NA,NA,0
4594,merinov_gosl,Gulf of Saint Lawrence,FOUEST,NA,FOUEST-NA-2012-8-22,2012,8,22,49.2791,-67.9512,Fucus distichus subsp. evanescens,Random,NA,NA,NA,NA,0
4595,merinov_gosl,Gulf of Saint Lawrence,FOUEST,NA,FOUEST-NA-2012-8-22,2012,8,22,49.2791,-67.9512,Fucus vesiculosus,Random,NA,NA,7,7,1.09
4596,merinov_gosl,Gulf of Saint Lawrence,FOUEST,NA,FOUEST-NA-2012-8-22,2012,8,22,49.2794,-67.9485,Ascophyllum nodosum,Random,NA,NA,NA,NA,0
4597,merinov_gosl,Gulf of Saint Lawrence,FOUEST,NA,FOUEST-NA-2012-8-22,2012,8,22,49.2794,-67.9485,Fucus distichus subsp. edentatus,Random,NA,NA,71,71,7.17
4598,merinov_gosl,Gulf of Saint Lawrence,FOUEST,NA,FOUEST-NA-2012-8-22,2012,8,22,49.2794,-67.9485,Fucus distichus subsp. evanescens,Random,NA,NA,NA,NA,0
4599,merinov_gosl,Gulf of Saint Lawrence,FOUEST,NA,FOUEST-NA-2012-8-22,2012,8,22,49.2794,-67.9485,Fucus vesiculosus,Random,NA,NA,NA,NA,0
4600,merinov_gosl,Gulf of Saint Lawrence,FOUEST,NA,FOUEST-NA-2012-8-7,2012,8,7,49.2795,-67.9403,Ascophyllum nodosum,Random,NA,NA,NA,NA,0
4601,merinov_gosl,Gulf of Saint Lawrence,FOUEST,NA,FOUEST-NA-2012-8-7,2012,8,7,49.2795,-67.9403,Fucus distichus subsp. edentatus,Random,NA,NA,2,2,0.29
4602,merinov_gosl,Gulf of Saint Lawrence,FOUEST,NA,FOUEST-NA-2012-8-7,2012,8,7,49.2795,-67.9403,Fucus distichus subsp. evanescens,Random,NA,NA,5,5,0.09
4603,merinov_gosl,Gulf of Saint Lawrence,FOUEST,NA,FOUEST-NA-2012-8-7,2012,8,7,49.2795,-67.9403,Fucus vesiculosus,Random,NA,NA,13,13,3.05
4604,merinov_gosl,Gulf of Saint Lawrence,FOUEST,NA,FOUEST-NA-2012-8-22,2012,8,22,49.2796,-67.9512,Ascophyllum nodosum,Random,NA,NA,NA,NA,0
4605,merinov_gosl,Gulf of Saint Lawrence,FOUEST,NA,FOUEST-NA-2012-8-22,2012,8,22,49.2796,-67.9512,Fucus distichus subsp. edentatus,Random,NA,NA,NA,NA,0
4606,merinov_gosl,Gulf of Saint Lawrence,FOUEST,NA,FOUEST-NA-2012-8-22,2012,8,22,49.2796,-67.9512,Fucus distichus subsp. evanescens,Random,NA,NA,NA,NA,0
4607,merinov_gosl,Gulf of Saint Lawrence,FOUEST,NA,FOUEST-NA-2012-8-22,2012,8,22,49.2796,-67.9512,Fucus vesiculosus,Random,NA,NA,NA,NA,0
4608,merinov_gosl,Gulf of Saint Lawrence,FOUEST,NA,FOUEST-NA-2012-8-22,2012,8,22,49.2798,-67.9485,Ascophyllum nodosum,Random,NA,NA,NA,NA,0
4609,merinov_gosl,Gulf of Saint Lawrence,FOUEST,NA,FOUEST-NA-2012-8-22,2012,8,22,49.2798,-67.9485,Fucus distichus subsp. edentatus,Random,NA,NA,17,17,2.05
4610,merinov_gosl,Gulf of Saint Lawrence,FOUEST,NA,FOUEST-NA-2012-8-22,2012,8,22,49.2798,-67.9485,Fucus distichus subsp. evanescens,Random,NA,NA,2,2,0.27
4611,merinov_gosl,Gulf of Saint Lawrence,FOUEST,NA,FOUEST-NA-2012-8-22,2012,8,22,49.2798,-67.9485,Fucus vesiculosus,Random,NA,NA,NA,NA,0
4612,merinov_gosl,Gulf of Saint Lawrence,FOUEST,NA,FOUEST-NA-2012-8-22,2012,8,22,49.2799,-67.9539,Ascophyllum nodosum,Random,NA,NA,1,1,0.03
4613,merinov_gosl,Gulf of Saint Lawrence,FOUEST,NA,FOUEST-NA-2012-8-22,2012,8,22,49.2799,-67.9539,Fucus distichus subsp. edentatus,Random,NA,NA,NA,NA,0
4614,merinov_gosl,Gulf of Saint Lawrence,FOUEST,NA,FOUEST-NA-2012-8-22,2012,8,22,49.2799,-67.9539,Fucus distichus subsp. evanescens,Random,NA,NA,NA,NA,0
4615,merinov_gosl,Gulf of Saint Lawrence,FOUEST,NA,FOUEST-NA-2012-8-22,2012,8,22,49.2799,-67.9539,Fucus vesiculosus,Random,NA,NA,6,6,1.01
4616,merinov_gosl,Gulf of Saint Lawrence,FOUEST,NA,FOUEST-NA-2012-8-7,2012,8,7,49.2799,-67.9403,Ascophyllum nodosum,Random,NA,NA,NA,NA,0
4617,merinov_gosl,Gulf of Saint Lawrence,FOUEST,NA,FOUEST-NA-2012-8-7,2012,8,7,49.2799,-67.9403,Fucus distichus subsp. edentatus,Random,NA,NA,NA,NA,0
4618,merinov_gosl,Gulf of Saint Lawrence,FOUEST,NA,FOUEST-NA-2012-8-7,2012,8,7,49.2799,-67.9403,Fucus distichus subsp. evanescens,Random,NA,NA,39,39,0.63
4619,merinov_gosl,Gulf of Saint Lawrence,FOUEST,NA,FOUEST-NA-2012-8-7,2012,8,7,49.2799,-67.9403,Fucus vesiculosus,Random,NA,NA,NA,NA,0
4620,merinov_gosl,Gulf of Saint Lawrence,FOUEST,NA,FOUEST-NA-2012-8-7,2012,8,7,49.2799,-67.9375,Ascophyllum nodosum,Random,NA,NA,22,22,6.19
4621,merinov_gosl,Gulf of Saint Lawrence,FOUEST,NA,FOUEST-NA-2012-8-7,2012,8,7,49.2799,-67.9375,Fucus distichus subsp. edentatus,Random,NA,NA,11,11,0.98
4622,merinov_gosl,Gulf of Saint Lawrence,FOUEST,NA,FOUEST-NA-2012-8-7,2012,8,7,49.2799,-67.9375,Fucus distichus subsp. evanescens,Random,NA,NA,19,19,0.46
4623,merinov_gosl,Gulf of Saint Lawrence,FOUEST,NA,FOUEST-NA-2012-8-7,2012,8,7,49.2799,-67.9375,Fucus vesiculosus,Random,NA,NA,15,15,1.5
4624,merinov_gosl,Gulf of Saint Lawrence,FOUEST,NA,FOUEST-NA-2012-8-22,2012,8,22,49.28,-67.9512,Ascophyllum nodosum,Random,NA,NA,NA,NA,0
4625,merinov_gosl,Gulf of Saint Lawrence,FOUEST,NA,FOUEST-NA-2012-8-22,2012,8,22,49.28,-67.9512,Fucus distichus subsp. edentatus,Random,NA,NA,NA,NA,0
4626,merinov_gosl,Gulf of Saint Lawrence,FOUEST,NA,FOUEST-NA-2012-8-22,2012,8,22,49.28,-67.9512,Fucus distichus subsp. evanescens,Random,NA,NA,NA,NA,0
4627,merinov_gosl,Gulf of Saint Lawrence,FOUEST,NA,FOUEST-NA-2012-8-22,2012,8,22,49.28,-67.9512,Fucus vesiculosus,Random,NA,NA,NA,NA,0
4628,merinov_gosl,Gulf of Saint Lawrence,FOUEST,NA,FOUEST-NA-2012-8-7,2012,8,7,49.2802,-67.9457,Ascophyllum nodosum,Random,NA,NA,NA,NA,0
4629,merinov_gosl,Gulf of Saint Lawrence,FOUEST,NA,FOUEST-NA-2012-8-7,2012,8,7,49.2802,-67.9457,Fucus distichus subsp. edentatus,Random,NA,NA,NA,NA,0
4630,merinov_gosl,Gulf of Saint Lawrence,FOUEST,NA,FOUEST-NA-2012-8-7,2012,8,7,49.2802,-67.9457,Fucus distichus subsp. evanescens,Random,NA,NA,NA,NA,0
4631,merinov_gosl,Gulf of Saint Lawrence,FOUEST,NA,FOUEST-NA-2012-8-7,2012,8,7,49.2802,-67.9457,Fucus vesiculosus,Random,NA,NA,2,2,0.15
4632,merinov_gosl,Gulf of Saint Lawrence,FOUEST,NA,FOUEST-NA-2012-8-22,2012,8,22,49.2803,-67.9485,Ascophyllum nodosum,Random,NA,NA,NA,NA,0
4633,merinov_gosl,Gulf of Saint Lawrence,FOUEST,NA,FOUEST-NA-2012-8-22,2012,8,22,49.2803,-67.9485,Fucus distichus subsp. edentatus,Random,NA,NA,NA,NA,0
4634,merinov_gosl,Gulf of Saint Lawrence,FOUEST,NA,FOUEST-NA-2012-8-22,2012,8,22,49.2803,-67.9485,Fucus distichus subsp. evanescens,Random,NA,NA,19,19,0.67
4635,merinov_gosl,Gulf of Saint Lawrence,FOUEST,NA,FOUEST-NA-2012-8-22,2012,8,22,49.2803,-67.9485,Fucus vesiculosus,Random,NA,NA,NA,NA,0
4636,merinov_gosl,Gulf of Saint Lawrence,FOUEST,NA,FOUEST-NA-2012-8-7,2012,8,7,49.2803,-67.9403,Ascophyllum nodosum,Random,NA,NA,1,1,0.01
4637,merinov_gosl,Gulf of Saint Lawrence,FOUEST,NA,FOUEST-NA-2012-8-7,2012,8,7,49.2803,-67.9403,Fucus distichus subsp. edentatus,Random,NA,NA,NA,NA,0
4638,merinov_gosl,Gulf of Saint Lawrence,FOUEST,NA,FOUEST-NA-2012-8-7,2012,8,7,49.2803,-67.9403,Fucus distichus subsp. evanescens,Random,NA,NA,31,31,0.3
4639,merinov_gosl,Gulf of Saint Lawrence,FOUEST,NA,FOUEST-NA-2012-8-7,2012,8,7,49.2803,-67.9403,Fucus vesiculosus,Random,NA,NA,36,36,5.52
4640,merinov_gosl,Gulf of Saint Lawrence,FOUEST,NA,FOUEST-NA-2012-8-7,2012,8,7,49.2803,-67.9375,Ascophyllum nodosum,Random,NA,NA,2,2,1.46
4641,merinov_gosl,Gulf of Saint Lawrence,FOUEST,NA,FOUEST-NA-2012-8-7,2012,8,7,49.2803,-67.9375,Fucus distichus subsp. edentatus,Random,NA,NA,NA,NA,0
4642,merinov_gosl,Gulf of Saint Lawrence,FOUEST,NA,FOUEST-NA-2012-8-7,2012,8,7,49.2803,-67.9375,Fucus distichus subsp. evanescens,Random,NA,NA,3,3,0.1
4643,merinov_gosl,Gulf of Saint Lawrence,FOUEST,NA,FOUEST-NA-2012-8-7,2012,8,7,49.2803,-67.9375,Fucus vesiculosus,Random,NA,NA,24,24,3.11
4644,merinov_gosl,Gulf of Saint Lawrence,FOUEST,NA,FOUEST-NA-2012-8-22,2012,8,22,49.2804,-67.9539,Ascophyllum nodosum,Random,NA,NA,134,134,14.59
4645,merinov_gosl,Gulf of Saint Lawrence,FOUEST,NA,FOUEST-NA-2012-8-22,2012,8,22,49.2804,-67.9539,Fucus distichus subsp. edentatus,Random,NA,NA,NA,NA,0
4646,merinov_gosl,Gulf of Saint Lawrence,FOUEST,NA,FOUEST-NA-2012-8-22,2012,8,22,49.2804,-67.9539,Fucus distichus subsp. evanescens,Random,NA,NA,4,4,0.08
4647,merinov_gosl,Gulf of Saint Lawrence,FOUEST,NA,FOUEST-NA-2012-8-22,2012,8,22,49.2804,-67.9539,Fucus vesiculosus,Random,NA,NA,5,5,0.12
4648,merinov_gosl,Gulf of Saint Lawrence,FOUEST,NA,FOUEST-NA-2012-8-22,2012,8,22,49.2805,-67.9512,Ascophyllum nodosum,Random,NA,NA,NA,NA,0
4649,merinov_gosl,Gulf of Saint Lawrence,FOUEST,NA,FOUEST-NA-2012-8-22,2012,8,22,49.2805,-67.9512,Fucus distichus subsp. edentatus,Random,NA,NA,NA,NA,0
4650,merinov_gosl,Gulf of Saint Lawrence,FOUEST,NA,FOUEST-NA-2012-8-22,2012,8,22,49.2805,-67.9512,Fucus distichus subsp. evanescens,Random,NA,NA,NA,NA,0
4651,merinov_gosl,Gulf of Saint Lawrence,FOUEST,NA,FOUEST-NA-2012-8-22,2012,8,22,49.2805,-67.9512,Fucus vesiculosus,Random,NA,NA,NA,NA,0
4652,merinov_gosl,Gulf of Saint Lawrence,FOUEST,NA,FOUEST-NA-2012-8-22,2012,8,22,49.2807,-67.9485,Ascophyllum nodosum,Random,NA,NA,NA,NA,0
4653,merinov_gosl,Gulf of Saint Lawrence,FOUEST,NA,FOUEST-NA-2012-8-22,2012,8,22,49.2807,-67.9485,Fucus distichus subsp. edentatus,Random,NA,NA,NA,NA,0
4654,merinov_gosl,Gulf of Saint Lawrence,FOUEST,NA,FOUEST-NA-2012-8-22,2012,8,22,49.2807,-67.9485,Fucus distichus subsp. evanescens,Random,NA,NA,26,26,0.99
4655,merinov_gosl,Gulf of Saint Lawrence,FOUEST,NA,FOUEST-NA-2012-8-22,2012,8,22,49.2807,-67.9485,Fucus vesiculosus,Random,NA,NA,NA,NA,0
4656,merinov_gosl,Gulf of Saint Lawrence,FOUEST,NA,FOUEST-NA-2012-8-7,2012,8,7,49.2807,-67.9457,Ascophyllum nodosum,Random,NA,NA,NA,NA,0
4657,merinov_gosl,Gulf of Saint Lawrence,FOUEST,NA,FOUEST-NA-2012-8-7,2012,8,7,49.2807,-67.9457,Fucus distichus subsp. edentatus,Random,NA,NA,NA,NA,0
4658,merinov_gosl,Gulf of Saint Lawrence,FOUEST,NA,FOUEST-NA-2012-8-7,2012,8,7,49.2807,-67.9457,Fucus distichus subsp. evanescens,Random,NA,NA,50,50,1.84
4659,merinov_gosl,Gulf of Saint Lawrence,FOUEST,NA,FOUEST-NA-2012-8-7,2012,8,7,49.2807,-67.9457,Fucus vesiculosus,Random,NA,NA,NA,NA,0
4660,merinov_gosl,Gulf of Saint Lawrence,FOUEST,NA,FOUEST-NA-2012-8-22,2012,8,22,49.2808,-67.9539,Ascophyllum nodosum,Random,NA,NA,34,34,2.7
4661,merinov_gosl,Gulf of Saint Lawrence,FOUEST,NA,FOUEST-NA-2012-8-22,2012,8,22,49.2808,-67.9539,Fucus distichus subsp. edentatus,Random,NA,NA,NA,NA,0
4662,merinov_gosl,Gulf of Saint Lawrence,FOUEST,NA,FOUEST-NA-2012-8-22,2012,8,22,49.2808,-67.9539,Fucus distichus subsp. evanescens,Random,NA,NA,NA,NA,0
4663,merinov_gosl,Gulf of Saint Lawrence,FOUEST,NA,FOUEST-NA-2012-8-22,2012,8,22,49.2808,-67.9539,Fucus vesiculosus,Random,NA,NA,NA,NA,0
4664,merinov_gosl,Gulf of Saint Lawrence,FOUEST,NA,FOUEST-NA-2012-8-7,2012,8,7,49.2808,-67.9403,Ascophyllum nodosum,Random,NA,NA,NA,NA,0
4665,merinov_gosl,Gulf of Saint Lawrence,FOUEST,NA,FOUEST-NA-2012-8-7,2012,8,7,49.2808,-67.9403,Fucus distichus subsp. edentatus,Random,NA,NA,NA,NA,0
4666,merinov_gosl,Gulf of Saint Lawrence,FOUEST,NA,FOUEST-NA-2012-8-7,2012,8,7,49.2808,-67.9403,Fucus distichus subsp. evanescens,Random,NA,NA,2,2,0.06
4667,merinov_gosl,Gulf of Saint Lawrence,FOUEST,NA,FOUEST-NA-2012-8-7,2012,8,7,49.2808,-67.9403,Fucus vesiculosus,Random,NA,NA,8,8,1.41
4668,merinov_gosl,Gulf of Saint Lawrence,FOUEST,NA,FOUEST-NA-2012-8-7,2012,8,7,49.2808,-67.9375,Ascophyllum nodosum,Random,NA,NA,NA,NA,0
4669,merinov_gosl,Gulf of Saint Lawrence,FOUEST,NA,FOUEST-NA-2012-8-7,2012,8,7,49.2808,-67.9375,Fucus distichus subsp. edentatus,Random,NA,NA,NA,NA,0
4670,merinov_gosl,Gulf of Saint Lawrence,FOUEST,NA,FOUEST-NA-2012-8-7,2012,8,7,49.2808,-67.9375,Fucus distichus subsp. evanescens,Random,NA,NA,3,3,0.11
4671,merinov_gosl,Gulf of Saint Lawrence,FOUEST,NA,FOUEST-NA-2012-8-7,2012,8,7,49.2808,-67.9375,Fucus vesiculosus,Random,NA,NA,12,12,2.28
4672,merinov_gosl,Gulf of Saint Lawrence,FOUEST,NA,FOUEST-NA-2012-8-22,2012,8,22,49.2809,-67.9512,Ascophyllum nodosum,Random,NA,NA,NA,NA,0
4673,merinov_gosl,Gulf of Saint Lawrence,FOUEST,NA,FOUEST-NA-2012-8-22,2012,8,22,49.2809,-67.9512,Fucus distichus subsp. edentatus,Random,NA,NA,NA,NA,0
4674,merinov_gosl,Gulf of Saint Lawrence,FOUEST,NA,FOUEST-NA-2012-8-22,2012,8,22,49.2809,-67.9512,Fucus distichus subsp. evanescens,Random,NA,NA,1,1,0.01
4675,merinov_gosl,Gulf of Saint Lawrence,FOUEST,NA,FOUEST-NA-2012-8-22,2012,8,22,49.2809,-67.9512,Fucus vesiculosus,Random,NA,NA,NA,NA,0
4676,merinov_gosl,Gulf of Saint Lawrence,FOUEST,NA,FOUEST-NA-2012-8-7,2012,8,7,49.2811,-67.9457,Ascophyllum nodosum,Random,NA,NA,NA,NA,0
4677,merinov_gosl,Gulf of Saint Lawrence,FOUEST,NA,FOUEST-NA-2012-8-7,2012,8,7,49.2811,-67.9457,Fucus distichus subsp. edentatus,Random,NA,NA,NA,NA,0
4678,merinov_gosl,Gulf of Saint Lawrence,FOUEST,NA,FOUEST-NA-2012-8-7,2012,8,7,49.2811,-67.9457,Fucus distichus subsp. evanescens,Random,NA,NA,NA,NA,0
4679,merinov_gosl,Gulf of Saint Lawrence,FOUEST,NA,FOUEST-NA-2012-8-7,2012,8,7,49.2811,-67.9457,Fucus vesiculosus,Random,NA,NA,NA,NA,0
4680,merinov_gosl,Gulf of Saint Lawrence,FOUEST,NA,FOUEST-NA-2012-8-22,2012,8,22,49.2812,-67.9485,Ascophyllum nodosum,Random,NA,NA,NA,NA,0
4681,merinov_gosl,Gulf of Saint Lawrence,FOUEST,NA,FOUEST-NA-2012-8-22,2012,8,22,49.2812,-67.9485,Fucus distichus subsp. edentatus,Random,NA,NA,NA,NA,0
4682,merinov_gosl,Gulf of Saint Lawrence,FOUEST,NA,FOUEST-NA-2012-8-22,2012,8,22,49.2812,-67.9485,Fucus distichus subsp. evanescens,Random,NA,NA,9,9,0.19
4683,merinov_gosl,Gulf of Saint Lawrence,FOUEST,NA,FOUEST-NA-2012-8-22,2012,8,22,49.2812,-67.9485,Fucus vesiculosus,Random,NA,NA,NA,NA,0
4684,merinov_gosl,Gulf of Saint Lawrence,FOUEST,NA,FOUEST-NA-2012-8-7,2012,8,7,49.2812,-67.9403,Ascophyllum nodosum,Random,NA,NA,7,7,0.81
4685,merinov_gosl,Gulf of Saint Lawrence,FOUEST,NA,FOUEST-NA-2012-8-7,2012,8,7,49.2812,-67.9403,Fucus distichus subsp. edentatus,Random,NA,NA,NA,NA,0
4686,merinov_gosl,Gulf of Saint Lawrence,FOUEST,NA,FOUEST-NA-2012-8-7,2012,8,7,49.2812,-67.9403,Fucus distichus subsp. evanescens,Random,NA,NA,9,9,0.12
4687,merinov_gosl,Gulf of Saint Lawrence,FOUEST,NA,FOUEST-NA-2012-8-7,2012,8,7,49.2812,-67.9403,Fucus vesiculosus,Random,NA,NA,19,19,2.24
4688,merinov_gosl,Gulf of Saint Lawrence,FOUEST,NA,FOUEST-NA-2012-8-7,2012,8,7,49.2812,-67.9375,Ascophyllum nodosum,Random,NA,NA,NA,NA,0
4689,merinov_gosl,Gulf of Saint Lawrence,FOUEST,NA,FOUEST-NA-2012-8-7,2012,8,7,49.2812,-67.9375,Fucus distichus subsp. edentatus,Random,NA,NA,NA,NA,0
4690,merinov_gosl,Gulf of Saint Lawrence,FOUEST,NA,FOUEST-NA-2012-8-7,2012,8,7,49.2812,-67.9375,Fucus distichus subsp. evanescens,Random,NA,NA,NA,NA,0
4691,merinov_gosl,Gulf of Saint Lawrence,FOUEST,NA,FOUEST-NA-2012-8-7,2012,8,7,49.2812,-67.9375,Fucus vesiculosus,Random,NA,NA,NA,NA,0
4692,merinov_gosl,Gulf of Saint Lawrence,FOUEST,NA,FOUEST-NA-2012-8-22,2012,8,22,49.2813,-67.9539,Ascophyllum nodosum,Random,NA,NA,NA,NA,0
4693,merinov_gosl,Gulf of Saint Lawrence,FOUEST,NA,FOUEST-NA-2012-8-22,2012,8,22,49.2813,-67.9539,Fucus distichus subsp. edentatus,Random,NA,NA,NA,NA,0
4694,merinov_gosl,Gulf of Saint Lawrence,FOUEST,NA,FOUEST-NA-2012-8-22,2012,8,22,49.2813,-67.9539,Fucus distichus subsp. evanescens,Random,NA,NA,NA,NA,0
4695,merinov_gosl,Gulf of Saint Lawrence,FOUEST,NA,FOUEST-NA-2012-8-22,2012,8,22,49.2813,-67.9539,Fucus vesiculosus,Random,NA,NA,NA,NA,0
4696,merinov_gosl,Gulf of Saint Lawrence,FOUEST,NA,FOUEST-NA-2012-8-22,2012,8,22,49.2814,-67.9512,Ascophyllum nodosum,Random,NA,NA,NA,NA,0
4697,merinov_gosl,Gulf of Saint Lawrence,FOUEST,NA,FOUEST-NA-2012-8-22,2012,8,22,49.2814,-67.9512,Fucus distichus subsp. edentatus,Random,NA,NA,NA,NA,0
4698,merinov_gosl,Gulf of Saint Lawrence,FOUEST,NA,FOUEST-NA-2012-8-22,2012,8,22,49.2814,-67.9512,Fucus distichus subsp. evanescens,Random,NA,NA,NA,NA,0
4699,merinov_gosl,Gulf of Saint Lawrence,FOUEST,NA,FOUEST-NA-2012-8-22,2012,8,22,49.2814,-67.9512,Fucus vesiculosus,Random,NA,NA,NA,NA,0
4700,merinov_gosl,Gulf of Saint Lawrence,FOUEST,NA,FOUEST-NA-2012-8-22,2012,8,22,49.2816,-67.9485,Ascophyllum nodosum,Random,NA,NA,NA,NA,0
4701,merinov_gosl,Gulf of Saint Lawrence,FOUEST,NA,FOUEST-NA-2012-8-22,2012,8,22,49.2816,-67.9485,Fucus distichus subsp. edentatus,Random,NA,NA,NA,NA,0
4702,merinov_gosl,Gulf of Saint Lawrence,FOUEST,NA,FOUEST-NA-2012-8-22,2012,8,22,49.2816,-67.9485,Fucus distichus subsp. evanescens,Random,NA,NA,2,2,0.02
4703,merinov_gosl,Gulf of Saint Lawrence,FOUEST,NA,FOUEST-NA-2012-8-22,2012,8,22,49.2816,-67.9485,Fucus vesiculosus,Random,NA,NA,NA,NA,0
4704,merinov_gosl,Gulf of Saint Lawrence,FOUEST,NA,FOUEST-NA-2012-8-7,2012,8,7,49.2816,-67.9457,Ascophyllum nodosum,Random,NA,NA,NA,NA,0
4705,merinov_gosl,Gulf of Saint Lawrence,FOUEST,NA,FOUEST-NA-2012-8-7,2012,8,7,49.2816,-67.9457,Fucus distichus subsp. edentatus,Random,NA,NA,3,3,0.91
4706,merinov_gosl,Gulf of Saint Lawrence,FOUEST,NA,FOUEST-NA-2012-8-7,2012,8,7,49.2816,-67.9457,Fucus distichus subsp. evanescens,Random,NA,NA,16,16,1.52
4707,merinov_gosl,Gulf of Saint Lawrence,FOUEST,NA,FOUEST-NA-2012-8-7,2012,8,7,49.2816,-67.9457,Fucus vesiculosus,Random,NA,NA,NA,NA,0
4708,merinov_gosl,Gulf of Saint Lawrence,FOUEST,NA,FOUEST-NA-2012-8-7,2012,8,7,49.2816,-67.943,Ascophyllum nodosum,Random,NA,NA,NA,NA,0
4709,merinov_gosl,Gulf of Saint Lawrence,FOUEST,NA,FOUEST-NA-2012-8-7,2012,8,7,49.2816,-67.943,Fucus distichus subsp. edentatus,Random,NA,NA,NA,NA,0
4710,merinov_gosl,Gulf of Saint Lawrence,FOUEST,NA,FOUEST-NA-2012-8-7,2012,8,7,49.2816,-67.943,Fucus distichus subsp. evanescens,Random,NA,NA,NA,NA,0
4711,merinov_gosl,Gulf of Saint Lawrence,FOUEST,NA,FOUEST-NA-2012-8-7,2012,8,7,49.2816,-67.943,Fucus vesiculosus,Random,NA,NA,NA,NA,0
4712,merinov_gosl,Gulf of Saint Lawrence,FOUEST,NA,FOUEST-NA-2012-8-22,2012,8,22,49.2817,-67.9539,Ascophyllum nodosum,Random,NA,NA,NA,NA,0
4713,merinov_gosl,Gulf of Saint Lawrence,FOUEST,NA,FOUEST-NA-2012-8-22,2012,8,22,49.2817,-67.9539,Fucus distichus subsp. edentatus,Random,NA,NA,NA,NA,0
4714,merinov_gosl,Gulf of Saint Lawrence,FOUEST,NA,FOUEST-NA-2012-8-22,2012,8,22,49.2817,-67.9539,Fucus distichus subsp. evanescens,Random,NA,NA,NA,NA,0
4715,merinov_gosl,Gulf of Saint Lawrence,FOUEST,NA,FOUEST-NA-2012-8-22,2012,8,22,49.2817,-67.9539,Fucus vesiculosus,Random,NA,NA,41,41,0.47
4716,merinov_gosl,Gulf of Saint Lawrence,FOUEST,NA,FOUEST-NA-2012-8-22,2012,8,22,49.2818,-67.9512,Ascophyllum nodosum,Random,NA,NA,NA,NA,0
4717,merinov_gosl,Gulf of Saint Lawrence,FOUEST,NA,FOUEST-NA-2012-8-22,2012,8,22,49.2818,-67.9512,Fucus distichus subsp. edentatus,Random,NA,NA,NA,NA,0
4718,merinov_gosl,Gulf of Saint Lawrence,FOUEST,NA,FOUEST-NA-2012-8-22,2012,8,22,49.2818,-67.9512,Fucus distichus subsp. evanescens,Random,NA,NA,NA,NA,0
4719,merinov_gosl,Gulf of Saint Lawrence,FOUEST,NA,FOUEST-NA-2012-8-22,2012,8,22,49.2818,-67.9512,Fucus vesiculosus,Random,NA,NA,NA,NA,0
4720,merinov_gosl,Gulf of Saint Lawrence,FOUEST,NA,FOUEST-NA-2012-8-7,2012,8,7,49.282,-67.9457,Ascophyllum nodosum,Random,NA,NA,3,3,0.05
4721,merinov_gosl,Gulf of Saint Lawrence,FOUEST,NA,FOUEST-NA-2012-8-7,2012,8,7,49.282,-67.9457,Fucus distichus subsp. edentatus,Random,NA,NA,1,1,0.5
4722,merinov_gosl,Gulf of Saint Lawrence,FOUEST,NA,FOUEST-NA-2012-8-7,2012,8,7,49.282,-67.9457,Fucus distichus subsp. evanescens,Random,NA,NA,41,41,1.06
4723,merinov_gosl,Gulf of Saint Lawrence,FOUEST,NA,FOUEST-NA-2012-8-7,2012,8,7,49.282,-67.9457,Fucus vesiculosus,Random,NA,NA,9,9,0.51
4724,merinov_gosl,Gulf of Saint Lawrence,FOUEST,NA,FOUEST-NA-2012-8-7,2012,8,7,49.282,-67.943,Ascophyllum nodosum,Random,NA,NA,NA,NA,0
4725,merinov_gosl,Gulf of Saint Lawrence,FOUEST,NA,FOUEST-NA-2012-8-7,2012,8,7,49.282,-67.943,Fucus distichus subsp. edentatus,Random,NA,NA,NA,NA,0
4726,merinov_gosl,Gulf of Saint Lawrence,FOUEST,NA,FOUEST-NA-2012-8-7,2012,8,7,49.282,-67.943,Fucus distichus subsp. evanescens,Random,NA,NA,NA,NA,0
4727,merinov_gosl,Gulf of Saint Lawrence,FOUEST,NA,FOUEST-NA-2012-8-7,2012,8,7,49.282,-67.943,Fucus vesiculosus,Random,NA,NA,NA,NA,0
4728,merinov_gosl,Gulf of Saint Lawrence,FOUEST,NA,FOUEST-NA-2012-8-7,2012,8,7,49.282,-67.9403,Ascophyllum nodosum,Random,NA,NA,NA,NA,0
4729,merinov_gosl,Gulf of Saint Lawrence,FOUEST,NA,FOUEST-NA-2012-8-7,2012,8,7,49.282,-67.9403,Fucus distichus subsp. edentatus,Random,NA,NA,NA,NA,0
4730,merinov_gosl,Gulf of Saint Lawrence,FOUEST,NA,FOUEST-NA-2012-8-7,2012,8,7,49.282,-67.9403,Fucus distichus subsp. evanescens,Random,NA,NA,3,3,0.54
4731,merinov_gosl,Gulf of Saint Lawrence,FOUEST,NA,FOUEST-NA-2012-8-7,2012,8,7,49.282,-67.9403,Fucus vesiculosus,Random,NA,NA,1,1,0.03
4732,merinov_gosl,Gulf of Saint Lawrence,FOUEST,NA,FOUEST-NA-2012-8-22,2012,8,22,49.2821,-67.9485,Ascophyllum nodosum,Random,NA,NA,1,1,0.18
4733,merinov_gosl,Gulf of Saint Lawrence,FOUEST,NA,FOUEST-NA-2012-8-22,2012,8,22,49.2821,-67.9485,Fucus distichus subsp. edentatus,Random,NA,NA,92,92,6.48
4734,merinov_gosl,Gulf of Saint Lawrence,FOUEST,NA,FOUEST-NA-2012-8-22,2012,8,22,49.2821,-67.9485,Fucus distichus subsp. evanescens,Random,NA,NA,NA,NA,0
4735,merinov_gosl,Gulf of Saint Lawrence,FOUEST,NA,FOUEST-NA-2012-8-22,2012,8,22,49.2821,-67.9485,Fucus vesiculosus,Random,NA,NA,NA,NA,0
4736,merinov_gosl,Gulf of Saint Lawrence,FOUEST,NA,FOUEST-NA-2012-8-22,2012,8,22,49.2822,-67.9539,Ascophyllum nodosum,Random,NA,NA,71,71,11.31
4737,merinov_gosl,Gulf of Saint Lawrence,FOUEST,NA,FOUEST-NA-2012-8-22,2012,8,22,49.2822,-67.9539,Fucus distichus subsp. edentatus,Random,NA,NA,NA,NA,0
4738,merinov_gosl,Gulf of Saint Lawrence,FOUEST,NA,FOUEST-NA-2012-8-22,2012,8,22,49.2822,-67.9539,Fucus distichus subsp. evanescens,Random,NA,NA,2,2,0.08
4739,merinov_gosl,Gulf of Saint Lawrence,FOUEST,NA,FOUEST-NA-2012-8-22,2012,8,22,49.2822,-67.9539,Fucus vesiculosus,Random,NA,NA,27,27,2.27
4740,merinov_gosl,Gulf of Saint Lawrence,FOUEST,NA,FOUEST-NA-2012-8-22,2012,8,22,49.2823,-67.9512,Ascophyllum nodosum,Random,NA,NA,NA,NA,0
4741,merinov_gosl,Gulf of Saint Lawrence,FOUEST,NA,FOUEST-NA-2012-8-22,2012,8,22,49.2823,-67.9512,Fucus distichus subsp. edentatus,Random,NA,NA,NA,NA,0
4742,merinov_gosl,Gulf of Saint Lawrence,FOUEST,NA,FOUEST-NA-2012-8-22,2012,8,22,49.2823,-67.9512,Fucus distichus subsp. evanescens,Random,NA,NA,6,6,0.07
4743,merinov_gosl,Gulf of Saint Lawrence,FOUEST,NA,FOUEST-NA-2012-8-22,2012,8,22,49.2823,-67.9512,Fucus vesiculosus,Random,NA,NA,NA,NA,0
4744,merinov_gosl,Gulf of Saint Lawrence,FOUEST,NA,FOUEST-NA-2012-8-7,2012,8,7,49.2824,-67.9403,Ascophyllum nodosum,Random,NA,NA,NA,NA,0
4745,merinov_gosl,Gulf of Saint Lawrence,FOUEST,NA,FOUEST-NA-2012-8-7,2012,8,7,49.2824,-67.9403,Fucus distichus subsp. edentatus,Random,NA,NA,NA,NA,0
4746,merinov_gosl,Gulf of Saint Lawrence,FOUEST,NA,FOUEST-NA-2012-8-7,2012,8,7,49.2824,-67.9403,Fucus distichus subsp. evanescens,Random,NA,NA,2,2,0.02
4747,merinov_gosl,Gulf of Saint Lawrence,FOUEST,NA,FOUEST-NA-2012-8-7,2012,8,7,49.2824,-67.9403,Fucus vesiculosus,Random,NA,NA,4,4,0.03
4748,merinov_gosl,Gulf of Saint Lawrence,FOUEST,NA,FOUEST-NA-2012-8-22,2012,8,22,49.2825,-67.9485,Ascophyllum nodosum,Random,NA,NA,NA,NA,0
4749,merinov_gosl,Gulf of Saint Lawrence,FOUEST,NA,FOUEST-NA-2012-8-22,2012,8,22,49.2825,-67.9485,Fucus distichus subsp. edentatus,Random,NA,NA,NA,NA,0
4750,merinov_gosl,Gulf of Saint Lawrence,FOUEST,NA,FOUEST-NA-2012-8-22,2012,8,22,49.2825,-67.9485,Fucus distichus subsp. evanescens,Random,NA,NA,NA,NA,0
4751,merinov_gosl,Gulf of Saint Lawrence,FOUEST,NA,FOUEST-NA-2012-8-22,2012,8,22,49.2825,-67.9485,Fucus vesiculosus,Random,NA,NA,NA,NA,0
4752,merinov_gosl,Gulf of Saint Lawrence,FOUEST,NA,FOUEST-NA-2012-8-7,2012,8,7,49.2825,-67.9457,Ascophyllum nodosum,Random,NA,NA,NA,NA,0
4753,merinov_gosl,Gulf of Saint Lawrence,FOUEST,NA,FOUEST-NA-2012-8-7,2012,8,7,49.2825,-67.9457,Fucus distichus subsp. edentatus,Random,NA,NA,NA,NA,0
4754,merinov_gosl,Gulf of Saint Lawrence,FOUEST,NA,FOUEST-NA-2012-8-7,2012,8,7,49.2825,-67.9457,Fucus distichus subsp. evanescens,Random,NA,NA,NA,NA,0
4755,merinov_gosl,Gulf of Saint Lawrence,FOUEST,NA,FOUEST-NA-2012-8-7,2012,8,7,49.2825,-67.9457,Fucus vesiculosus,Random,NA,NA,NA,NA,0
4756,merinov_gosl,Gulf of Saint Lawrence,FOUEST,NA,FOUEST-NA-2012-8-7,2012,8,7,49.2825,-67.943,Ascophyllum nodosum,Random,NA,NA,NA,NA,0
4757,merinov_gosl,Gulf of Saint Lawrence,FOUEST,NA,FOUEST-NA-2012-8-7,2012,8,7,49.2825,-67.943,Fucus distichus subsp. edentatus,Random,NA,NA,NA,NA,0
4758,merinov_gosl,Gulf of Saint Lawrence,FOUEST,NA,FOUEST-NA-2012-8-7,2012,8,7,49.2825,-67.943,Fucus distichus subsp. evanescens,Random,NA,NA,NA,NA,0
4759,merinov_gosl,Gulf of Saint Lawrence,FOUEST,NA,FOUEST-NA-2012-8-7,2012,8,7,49.2825,-67.943,Fucus vesiculosus,Random,NA,NA,NA,NA,0
4760,merinov_gosl,Gulf of Saint Lawrence,FOUEST,NA,FOUEST-NA-2012-8-22,2012,8,22,49.2826,-67.9539,Ascophyllum nodosum,Random,NA,NA,NA,NA,0
4761,merinov_gosl,Gulf of Saint Lawrence,FOUEST,NA,FOUEST-NA-2012-8-22,2012,8,22,49.2826,-67.9539,Fucus distichus subsp. edentatus,Random,NA,NA,NA,NA,0
4762,merinov_gosl,Gulf of Saint Lawrence,FOUEST,NA,FOUEST-NA-2012-8-22,2012,8,22,49.2826,-67.9539,Fucus distichus subsp. evanescens,Random,NA,NA,16,16,3.51
4763,merinov_gosl,Gulf of Saint Lawrence,FOUEST,NA,FOUEST-NA-2012-8-22,2012,8,22,49.2826,-67.9539,Fucus vesiculosus,Random,NA,NA,8,8,0.51
4764,merinov_gosl,Gulf of Saint Lawrence,FOUEST,NA,FOUEST-NA-2012-8-22,2012,8,22,49.2827,-67.9512,Ascophyllum nodosum,Random,NA,NA,NA,NA,0
4765,merinov_gosl,Gulf of Saint Lawrence,FOUEST,NA,FOUEST-NA-2012-8-22,2012,8,22,49.2827,-67.9512,Fucus distichus subsp. edentatus,Random,NA,NA,NA,NA,0
4766,merinov_gosl,Gulf of Saint Lawrence,FOUEST,NA,FOUEST-NA-2012-8-22,2012,8,22,49.2827,-67.9512,Fucus distichus subsp. evanescens,Random,NA,NA,NA,NA,0
4767,merinov_gosl,Gulf of Saint Lawrence,FOUEST,NA,FOUEST-NA-2012-8-22,2012,8,22,49.2827,-67.9512,Fucus vesiculosus,Random,NA,NA,NA,NA,0
4768,merinov_gosl,Gulf of Saint Lawrence,FOUEST,NA,FOUEST-NA-2012-8-7,2012,8,7,49.2829,-67.9457,Ascophyllum nodosum,Random,NA,NA,21,21,1.22
4769,merinov_gosl,Gulf of Saint Lawrence,FOUEST,NA,FOUEST-NA-2012-8-7,2012,8,7,49.2829,-67.9457,Fucus distichus subsp. edentatus,Random,NA,NA,NA,NA,0
4770,merinov_gosl,Gulf of Saint Lawrence,FOUEST,NA,FOUEST-NA-2012-8-7,2012,8,7,49.2829,-67.9457,Fucus distichus subsp. evanescens,Random,NA,NA,26,26,0.38
4771,merinov_gosl,Gulf of Saint Lawrence,FOUEST,NA,FOUEST-NA-2012-8-7,2012,8,7,49.2829,-67.9457,Fucus vesiculosus,Random,NA,NA,3,3,0.27
4772,merinov_gosl,Gulf of Saint Lawrence,FOUEST,NA,FOUEST-NA-2012-8-7,2012,8,7,49.2829,-67.943,Ascophyllum nodosum,Random,NA,NA,NA,NA,0
4773,merinov_gosl,Gulf of Saint Lawrence,FOUEST,NA,FOUEST-NA-2012-8-7,2012,8,7,49.2829,-67.943,Fucus distichus subsp. edentatus,Random,NA,NA,NA,NA,0
4774,merinov_gosl,Gulf of Saint Lawrence,FOUEST,NA,FOUEST-NA-2012-8-7,2012,8,7,49.2829,-67.943,Fucus distichus subsp. evanescens,Random,NA,NA,NA,NA,0
4775,merinov_gosl,Gulf of Saint Lawrence,FOUEST,NA,FOUEST-NA-2012-8-7,2012,8,7,49.2829,-67.943,Fucus vesiculosus,Random,NA,NA,NA,NA,0
4776,merinov_gosl,Gulf of Saint Lawrence,FOUEST,NA,FOUEST-NA-2012-8-7,2012,8,7,49.2829,-67.9403,Ascophyllum nodosum,Random,NA,NA,NA,NA,0
4777,merinov_gosl,Gulf of Saint Lawrence,FOUEST,NA,FOUEST-NA-2012-8-7,2012,8,7,49.2829,-67.9403,Fucus distichus subsp. edentatus,Random,NA,NA,NA,NA,0
4778,merinov_gosl,Gulf of Saint Lawrence,FOUEST,NA,FOUEST-NA-2012-8-7,2012,8,7,49.2829,-67.9403,Fucus distichus subsp. evanescens,Random,NA,NA,1,1,0.04
4779,merinov_gosl,Gulf of Saint Lawrence,FOUEST,NA,FOUEST-NA-2012-8-7,2012,8,7,49.2829,-67.9403,Fucus vesiculosus,Random,NA,NA,4,4,0.06
4780,merinov_gosl,Gulf of Saint Lawrence,FOUEST,NA,FOUEST-NA-2012-8-22,2012,8,22,49.283,-67.9485,Ascophyllum nodosum,Random,NA,NA,NA,NA,0
4781,merinov_gosl,Gulf of Saint Lawrence,FOUEST,NA,FOUEST-NA-2012-8-22,2012,8,22,49.283,-67.9485,Fucus distichus subsp. edentatus,Random,NA,NA,NA,NA,0
4782,merinov_gosl,Gulf of Saint Lawrence,FOUEST,NA,FOUEST-NA-2012-8-22,2012,8,22,49.283,-67.9485,Fucus distichus subsp. evanescens,Random,NA,NA,NA,NA,0
4783,merinov_gosl,Gulf of Saint Lawrence,FOUEST,NA,FOUEST-NA-2012-8-22,2012,8,22,49.283,-67.9485,Fucus vesiculosus,Random,NA,NA,NA,NA,0
4784,merinov_gosl,Gulf of Saint Lawrence,FOUEST,NA,FOUEST-NA-2012-8-22,2012,8,22,49.2831,-67.9539,Ascophyllum nodosum,Random,NA,NA,NA,NA,0
4785,merinov_gosl,Gulf of Saint Lawrence,FOUEST,NA,FOUEST-NA-2012-8-22,2012,8,22,49.2831,-67.9539,Fucus distichus subsp. edentatus,Random,NA,NA,NA,NA,0
4786,merinov_gosl,Gulf of Saint Lawrence,FOUEST,NA,FOUEST-NA-2012-8-22,2012,8,22,49.2831,-67.9539,Fucus distichus subsp. evanescens,Random,NA,NA,NA,NA,0
4787,merinov_gosl,Gulf of Saint Lawrence,FOUEST,NA,FOUEST-NA-2012-8-22,2012,8,22,49.2831,-67.9539,Fucus vesiculosus,Random,NA,NA,NA,NA,0
4788,merinov_gosl,Gulf of Saint Lawrence,FOUEST,NA,FOUEST-NA-2012-8-7,2012,8,7,49.2833,-67.9403,Ascophyllum nodosum,Random,NA,NA,NA,NA,0
4789,merinov_gosl,Gulf of Saint Lawrence,FOUEST,NA,FOUEST-NA-2012-8-7,2012,8,7,49.2833,-67.9403,Fucus distichus subsp. edentatus,Random,NA,NA,NA,NA,0
4790,merinov_gosl,Gulf of Saint Lawrence,FOUEST,NA,FOUEST-NA-2012-8-7,2012,8,7,49.2833,-67.9403,Fucus distichus subsp. evanescens,Random,NA,NA,NA,NA,0
4791,merinov_gosl,Gulf of Saint Lawrence,FOUEST,NA,FOUEST-NA-2012-8-7,2012,8,7,49.2833,-67.9403,Fucus vesiculosus,Random,NA,NA,NA,NA,0
4792,merinov_gosl,Gulf of Saint Lawrence,FOUEST,NA,FOUEST-NA-2012-8-7,2012,8,7,49.2834,-67.9457,Ascophyllum nodosum,Random,NA,NA,NA,NA,0
4793,merinov_gosl,Gulf of Saint Lawrence,FOUEST,NA,FOUEST-NA-2012-8-7,2012,8,7,49.2834,-67.9457,Fucus distichus subsp. edentatus,Random,NA,NA,NA,NA,0
4794,merinov_gosl,Gulf of Saint Lawrence,FOUEST,NA,FOUEST-NA-2012-8-7,2012,8,7,49.2834,-67.9457,Fucus distichus subsp. evanescens,Random,NA,NA,1,1,0.01
4795,merinov_gosl,Gulf of Saint Lawrence,FOUEST,NA,FOUEST-NA-2012-8-7,2012,8,7,49.2834,-67.9457,Fucus vesiculosus,Random,NA,NA,NA,NA,0
4796,merinov_gosl,Gulf of Saint Lawrence,FOUEST,NA,FOUEST-NA-2012-8-7,2012,8,7,49.2834,-67.943,Ascophyllum nodosum,Random,NA,NA,NA,NA,0
4797,merinov_gosl,Gulf of Saint Lawrence,FOUEST,NA,FOUEST-NA-2012-8-7,2012,8,7,49.2834,-67.943,Fucus distichus subsp. edentatus,Random,NA,NA,NA,NA,0
4798,merinov_gosl,Gulf of Saint Lawrence,FOUEST,NA,FOUEST-NA-2012-8-7,2012,8,7,49.2834,-67.943,Fucus distichus subsp. evanescens,Random,NA,NA,1,1,0.12
4799,merinov_gosl,Gulf of Saint Lawrence,FOUEST,NA,FOUEST-NA-2012-8-7,2012,8,7,49.2834,-67.943,Fucus vesiculosus,Random,NA,NA,NA,NA,0
4800,merinov_gosl,Gulf of Saint Lawrence,FOUEST,NA,FOUEST-NA-2012-8-22,2012,8,22,49.2835,-67.9539,Ascophyllum nodosum,Random,NA,NA,NA,NA,0
4801,merinov_gosl,Gulf of Saint Lawrence,FOUEST,NA,FOUEST-NA-2012-8-22,2012,8,22,49.2835,-67.9539,Fucus distichus subsp. edentatus,Random,NA,NA,NA,NA,0
4802,merinov_gosl,Gulf of Saint Lawrence,FOUEST,NA,FOUEST-NA-2012-8-22,2012,8,22,49.2835,-67.9539,Fucus distichus subsp. evanescens,Random,NA,NA,NA,NA,0
4803,merinov_gosl,Gulf of Saint Lawrence,FOUEST,NA,FOUEST-NA-2012-8-22,2012,8,22,49.2835,-67.9539,Fucus vesiculosus,Random,NA,NA,NA,NA,0
4804,merinov_gosl,Gulf of Saint Lawrence,FOUEST,NA,FOUEST-NA-2012-8-7,2012,8,7,49.2838,-67.9457,Ascophyllum nodosum,Random,NA,NA,NA,NA,0
4805,merinov_gosl,Gulf of Saint Lawrence,FOUEST,NA,FOUEST-NA-2012-8-7,2012,8,7,49.2838,-67.9457,Fucus distichus subsp. edentatus,Random,NA,NA,NA,NA,0
4806,merinov_gosl,Gulf of Saint Lawrence,FOUEST,NA,FOUEST-NA-2012-8-7,2012,8,7,49.2838,-67.9457,Fucus distichus subsp. evanescens,Random,NA,NA,NA,NA,0
4807,merinov_gosl,Gulf of Saint Lawrence,FOUEST,NA,FOUEST-NA-2012-8-7,2012,8,7,49.2838,-67.9457,Fucus vesiculosus,Random,NA,NA,NA,NA,0
4808,merinov_gosl,Gulf of Saint Lawrence,FOUEST,NA,FOUEST-NA-2012-8-7,2012,8,7,49.2838,-67.943,Ascophyllum nodosum,Random,NA,NA,NA,NA,0
4809,merinov_gosl,Gulf of Saint Lawrence,FOUEST,NA,FOUEST-NA-2012-8-7,2012,8,7,49.2838,-67.943,Fucus distichus subsp. edentatus,Random,NA,NA,NA,NA,0
4810,merinov_gosl,Gulf of Saint Lawrence,FOUEST,NA,FOUEST-NA-2012-8-7,2012,8,7,49.2838,-67.943,Fucus distichus subsp. evanescens,Random,NA,NA,NA,NA,0
4811,merinov_gosl,Gulf of Saint Lawrence,FOUEST,NA,FOUEST-NA-2012-8-7,2012,8,7,49.2838,-67.943,Fucus vesiculosus,Random,NA,NA,NA,NA,0
4812,merinov_gosl,Gulf of Saint Lawrence,FOUEST,NA,FOUEST-NA-2012-8-22,2012,8,22,49.284,-67.9539,Ascophyllum nodosum,Random,NA,NA,NA,NA,0
4813,merinov_gosl,Gulf of Saint Lawrence,FOUEST,NA,FOUEST-NA-2012-8-22,2012,8,22,49.284,-67.9539,Fucus distichus subsp. edentatus,Random,NA,NA,NA,NA,0
4814,merinov_gosl,Gulf of Saint Lawrence,FOUEST,NA,FOUEST-NA-2012-8-22,2012,8,22,49.284,-67.9539,Fucus distichus subsp. evanescens,Random,NA,NA,NA,NA,0
4815,merinov_gosl,Gulf of Saint Lawrence,FOUEST,NA,FOUEST-NA-2012-8-22,2012,8,22,49.284,-67.9539,Fucus vesiculosus,Random,NA,NA,NA,NA,0
4816,merinov_gosl,Gulf of Saint Lawrence,FOUEST,NA,FOUEST-NA-2012-8-7,2012,8,7,49.2843,-67.9457,Ascophyllum nodosum,Random,NA,NA,NA,NA,0
4817,merinov_gosl,Gulf of Saint Lawrence,FOUEST,NA,FOUEST-NA-2012-8-7,2012,8,7,49.2843,-67.9457,Fucus distichus subsp. edentatus,Random,NA,NA,NA,NA,0
4818,merinov_gosl,Gulf of Saint Lawrence,FOUEST,NA,FOUEST-NA-2012-8-7,2012,8,7,49.2843,-67.9457,Fucus distichus subsp. evanescens,Random,NA,NA,13,13,0.36
4819,merinov_gosl,Gulf of Saint Lawrence,FOUEST,NA,FOUEST-NA-2012-8-7,2012,8,7,49.2843,-67.9457,Fucus vesiculosus,Random,NA,NA,6,6,0.17
4820,merinov_gosl,Gulf of Saint Lawrence,FOUEST,NA,FOUEST-NA-2012-8-7,2012,8,7,49.2843,-67.943,Ascophyllum nodosum,Random,NA,NA,NA,NA,0
4821,merinov_gosl,Gulf of Saint Lawrence,FOUEST,NA,FOUEST-NA-2012-8-7,2012,8,7,49.2843,-67.943,Fucus distichus subsp. edentatus,Random,NA,NA,NA,NA,0
4822,merinov_gosl,Gulf of Saint Lawrence,FOUEST,NA,FOUEST-NA-2012-8-7,2012,8,7,49.2843,-67.943,Fucus distichus subsp. evanescens,Random,NA,NA,NA,NA,0
4823,merinov_gosl,Gulf of Saint Lawrence,FOUEST,NA,FOUEST-NA-2012-8-7,2012,8,7,49.2843,-67.943,Fucus vesiculosus,Random,NA,NA,NA,NA,0
4824,merinov_gosl,Gulf of Saint Lawrence,FOUEST,NA,FOUEST-NA-2012-8-22,2012,8,22,49.2844,-67.9539,Ascophyllum nodosum,Random,NA,NA,NA,NA,0
4825,merinov_gosl,Gulf of Saint Lawrence,FOUEST,NA,FOUEST-NA-2012-8-22,2012,8,22,49.2844,-67.9539,Fucus distichus subsp. edentatus,Random,NA,NA,NA,NA,0
4826,merinov_gosl,Gulf of Saint Lawrence,FOUEST,NA,FOUEST-NA-2012-8-22,2012,8,22,49.2844,-67.9539,Fucus distichus subsp. evanescens,Random,NA,NA,NA,NA,0
4827,merinov_gosl,Gulf of Saint Lawrence,FOUEST,NA,FOUEST-NA-2012-8-22,2012,8,22,49.2844,-67.9539,Fucus vesiculosus,Random,NA,NA,NA,NA,0
4828,merinov_gosl,Gulf of Saint Lawrence,FOUEST,NA,FOUEST-NA-2012-8-7,2012,8,7,49.2847,-67.9457,Ascophyllum nodosum,Random,NA,NA,NA,NA,0
4829,merinov_gosl,Gulf of Saint Lawrence,FOUEST,NA,FOUEST-NA-2012-8-7,2012,8,7,49.2847,-67.9457,Fucus distichus subsp. edentatus,Random,NA,NA,NA,NA,0
4830,merinov_gosl,Gulf of Saint Lawrence,FOUEST,NA,FOUEST-NA-2012-8-7,2012,8,7,49.2847,-67.9457,Fucus distichus subsp. evanescens,Random,NA,NA,NA,NA,0
4831,merinov_gosl,Gulf of Saint Lawrence,FOUEST,NA,FOUEST-NA-2012-8-7,2012,8,7,49.2847,-67.9457,Fucus vesiculosus,Random,NA,NA,NA,NA,0
4832,merinov_gosl,Gulf of Saint Lawrence,FOUEST,NA,FOUEST-NA-2012-8-22,2012,8,22,49.2849,-67.9539,Ascophyllum nodosum,Random,NA,NA,NA,NA,0
4833,merinov_gosl,Gulf of Saint Lawrence,FOUEST,NA,FOUEST-NA-2012-8-22,2012,8,22,49.2849,-67.9539,Fucus distichus subsp. edentatus,Random,NA,NA,NA,NA,0
4834,merinov_gosl,Gulf of Saint Lawrence,FOUEST,NA,FOUEST-NA-2012-8-22,2012,8,22,49.2849,-67.9539,Fucus distichus subsp. evanescens,Random,NA,NA,NA,NA,0
4835,merinov_gosl,Gulf of Saint Lawrence,FOUEST,NA,FOUEST-NA-2012-8-22,2012,8,22,49.2849,-67.9539,Fucus vesiculosus,Random,NA,NA,NA,NA,0
4836,merinov_gosl,Gulf of Saint Lawrence,FOUEST,NA,FOUEST-NA-2012-8-7,2012,8,7,49.2852,-67.9457,Ascophyllum nodosum,Random,NA,NA,NA,NA,0
4837,merinov_gosl,Gulf of Saint Lawrence,FOUEST,NA,FOUEST-NA-2012-8-7,2012,8,7,49.2852,-67.9457,Fucus distichus subsp. edentatus,Random,NA,NA,NA,NA,0
4838,merinov_gosl,Gulf of Saint Lawrence,FOUEST,NA,FOUEST-NA-2012-8-7,2012,8,7,49.2852,-67.9457,Fucus distichus subsp. evanescens,Random,NA,NA,NA,NA,0
4839,merinov_gosl,Gulf of Saint Lawrence,FOUEST,NA,FOUEST-NA-2012-8-7,2012,8,7,49.2852,-67.9457,Fucus vesiculosus,Random,NA,NA,NA,NA,0
4840,merinov_gosl,Gulf of Saint Lawrence,GOEL,NA,GOEL-NA-2012-8-24,2012,8,24,49.9196,-66.9766,Ascophyllum nodosum,Random,NA,NA,NA,NA,0
4841,merinov_gosl,Gulf of Saint Lawrence,GOEL,NA,GOEL-NA-2012-8-24,2012,8,24,49.9196,-66.9766,Fucus distichus subsp. edentatus,Random,NA,NA,NA,NA,0
4842,merinov_gosl,Gulf of Saint Lawrence,GOEL,NA,GOEL-NA-2012-8-24,2012,8,24,49.9196,-66.9766,Fucus distichus subsp. evanescens,Random,NA,NA,NA,NA,0
4843,merinov_gosl,Gulf of Saint Lawrence,GOEL,NA,GOEL-NA-2012-8-24,2012,8,24,49.9196,-66.9766,Fucus vesiculosus,Random,NA,NA,NA,NA,0
4844,merinov_gosl,Gulf of Saint Lawrence,GOEL,NA,GOEL-NA-2012-8-24,2012,8,24,49.9197,-66.9739,Ascophyllum nodosum,Random,NA,NA,NA,NA,0
4845,merinov_gosl,Gulf of Saint Lawrence,GOEL,NA,GOEL-NA-2012-8-24,2012,8,24,49.9197,-66.9739,Fucus distichus subsp. edentatus,Random,NA,NA,NA,NA,0
4846,merinov_gosl,Gulf of Saint Lawrence,GOEL,NA,GOEL-NA-2012-8-24,2012,8,24,49.9197,-66.9739,Fucus distichus subsp. evanescens,Random,NA,NA,NA,NA,0
4847,merinov_gosl,Gulf of Saint Lawrence,GOEL,NA,GOEL-NA-2012-8-24,2012,8,24,49.9197,-66.9739,Fucus vesiculosus,Random,NA,NA,NA,NA,0
4848,merinov_gosl,Gulf of Saint Lawrence,GOEL,NA,GOEL-NA-2012-8-24,2012,8,24,49.92,-66.9766,Ascophyllum nodosum,Random,NA,NA,NA,NA,0
4849,merinov_gosl,Gulf of Saint Lawrence,GOEL,NA,GOEL-NA-2012-8-24,2012,8,24,49.92,-66.9766,Fucus distichus subsp. edentatus,Random,NA,NA,NA,NA,0
4850,merinov_gosl,Gulf of Saint Lawrence,GOEL,NA,GOEL-NA-2012-8-24,2012,8,24,49.92,-66.9766,Fucus distichus subsp. evanescens,Random,NA,NA,NA,NA,0
4851,merinov_gosl,Gulf of Saint Lawrence,GOEL,NA,GOEL-NA-2012-8-24,2012,8,24,49.92,-66.9766,Fucus vesiculosus,Random,NA,NA,4,4,0.3
4852,merinov_gosl,Gulf of Saint Lawrence,GOEL,NA,GOEL-NA-2012-8-24,2012,8,24,49.9202,-66.9739,Ascophyllum nodosum,Random,NA,NA,NA,NA,0
4853,merinov_gosl,Gulf of Saint Lawrence,GOEL,NA,GOEL-NA-2012-8-24,2012,8,24,49.9202,-66.9739,Fucus distichus subsp. edentatus,Random,NA,NA,NA,NA,0
4854,merinov_gosl,Gulf of Saint Lawrence,GOEL,NA,GOEL-NA-2012-8-24,2012,8,24,49.9202,-66.9739,Fucus distichus subsp. evanescens,Random,NA,NA,NA,NA,0
4855,merinov_gosl,Gulf of Saint Lawrence,GOEL,NA,GOEL-NA-2012-8-24,2012,8,24,49.9202,-66.9739,Fucus vesiculosus,Random,NA,NA,NA,NA,0
4856,merinov_gosl,Gulf of Saint Lawrence,GOEL,NA,GOEL-NA-2012-8-24,2012,8,24,49.9205,-66.9766,Ascophyllum nodosum,Random,NA,NA,NA,NA,0
4857,merinov_gosl,Gulf of Saint Lawrence,GOEL,NA,GOEL-NA-2012-8-24,2012,8,24,49.9205,-66.9766,Fucus distichus subsp. edentatus,Random,NA,NA,NA,NA,0
4858,merinov_gosl,Gulf of Saint Lawrence,GOEL,NA,GOEL-NA-2012-8-24,2012,8,24,49.9205,-66.9766,Fucus distichus subsp. evanescens,Random,NA,NA,NA,NA,0
4859,merinov_gosl,Gulf of Saint Lawrence,GOEL,NA,GOEL-NA-2012-8-24,2012,8,24,49.9205,-66.9766,Fucus vesiculosus,Random,NA,NA,NA,NA,0
4860,merinov_gosl,Gulf of Saint Lawrence,GOEL,NA,GOEL-NA-2012-8-24,2012,8,24,49.9205,-66.9684,Ascophyllum nodosum,Random,NA,NA,NA,NA,0
4861,merinov_gosl,Gulf of Saint Lawrence,GOEL,NA,GOEL-NA-2012-8-24,2012,8,24,49.9205,-66.9684,Fucus distichus subsp. edentatus,Random,NA,NA,NA,NA,0
4862,merinov_gosl,Gulf of Saint Lawrence,GOEL,NA,GOEL-NA-2012-8-24,2012,8,24,49.9205,-66.9684,Fucus distichus subsp. evanescens,Random,NA,NA,NA,NA,0
4863,merinov_gosl,Gulf of Saint Lawrence,GOEL,NA,GOEL-NA-2012-8-24,2012,8,24,49.9205,-66.9684,Fucus vesiculosus,Random,NA,NA,NA,NA,0
4864,merinov_gosl,Gulf of Saint Lawrence,GOEL,NA,GOEL-NA-2012-8-24,2012,8,24,49.9206,-66.9739,Ascophyllum nodosum,Random,NA,NA,5,5,0.54
4865,merinov_gosl,Gulf of Saint Lawrence,GOEL,NA,GOEL-NA-2012-8-24,2012,8,24,49.9206,-66.9739,Fucus distichus subsp. edentatus,Random,NA,NA,NA,NA,0
4866,merinov_gosl,Gulf of Saint Lawrence,GOEL,NA,GOEL-NA-2012-8-24,2012,8,24,49.9206,-66.9739,Fucus distichus subsp. evanescens,Random,NA,NA,3,3,0.03
4867,merinov_gosl,Gulf of Saint Lawrence,GOEL,NA,GOEL-NA-2012-8-24,2012,8,24,49.9206,-66.9739,Fucus vesiculosus,Random,NA,NA,NA,NA,0
4868,merinov_gosl,Gulf of Saint Lawrence,GOEL,NA,GOEL-NA-2012-8-24,2012,8,24,49.9209,-66.9766,Ascophyllum nodosum,Random,NA,NA,NA,NA,0
4869,merinov_gosl,Gulf of Saint Lawrence,GOEL,NA,GOEL-NA-2012-8-24,2012,8,24,49.9209,-66.9766,Fucus distichus subsp. edentatus,Random,NA,NA,NA,NA,0
4870,merinov_gosl,Gulf of Saint Lawrence,GOEL,NA,GOEL-NA-2012-8-24,2012,8,24,49.9209,-66.9766,Fucus distichus subsp. evanescens,Random,NA,NA,NA,NA,0
4871,merinov_gosl,Gulf of Saint Lawrence,GOEL,NA,GOEL-NA-2012-8-24,2012,8,24,49.9209,-66.9766,Fucus vesiculosus,Random,NA,NA,NA,NA,0
4872,merinov_gosl,Gulf of Saint Lawrence,GOEL,NA,GOEL-NA-2012-8-24,2012,8,24,49.9209,-66.9684,Ascophyllum nodosum,Random,NA,NA,NA,NA,0
4873,merinov_gosl,Gulf of Saint Lawrence,GOEL,NA,GOEL-NA-2012-8-24,2012,8,24,49.9209,-66.9684,Fucus distichus subsp. edentatus,Random,NA,NA,NA,NA,0
4874,merinov_gosl,Gulf of Saint Lawrence,GOEL,NA,GOEL-NA-2012-8-24,2012,8,24,49.9209,-66.9684,Fucus distichus subsp. evanescens,Random,NA,NA,NA,NA,0
4875,merinov_gosl,Gulf of Saint Lawrence,GOEL,NA,GOEL-NA-2012-8-24,2012,8,24,49.9209,-66.9684,Fucus vesiculosus,Random,NA,NA,NA,NA,0
4876,merinov_gosl,Gulf of Saint Lawrence,GOEL,NA,GOEL-NA-2012-8-24,2012,8,24,49.9211,-66.9739,Ascophyllum nodosum,Random,NA,NA,NA,NA,0
4877,merinov_gosl,Gulf of Saint Lawrence,GOEL,NA,GOEL-NA-2012-8-24,2012,8,24,49.9211,-66.9739,Fucus distichus subsp. edentatus,Random,NA,NA,NA,NA,0
4878,merinov_gosl,Gulf of Saint Lawrence,GOEL,NA,GOEL-NA-2012-8-24,2012,8,24,49.9211,-66.9739,Fucus distichus subsp. evanescens,Random,NA,NA,NA,NA,0
4879,merinov_gosl,Gulf of Saint Lawrence,GOEL,NA,GOEL-NA-2012-8-24,2012,8,24,49.9211,-66.9739,Fucus vesiculosus,Random,NA,NA,7,7,0.58
4880,merinov_gosl,Gulf of Saint Lawrence,GOEL,NA,GOEL-NA-2012-8-24,2012,8,24,49.9212,-66.9711,Ascophyllum nodosum,Random,NA,NA,9,9,1.3
4881,merinov_gosl,Gulf of Saint Lawrence,GOEL,NA,GOEL-NA-2012-8-24,2012,8,24,49.9212,-66.9711,Fucus distichus subsp. edentatus,Random,NA,NA,NA,NA,0
4882,merinov_gosl,Gulf of Saint Lawrence,GOEL,NA,GOEL-NA-2012-8-24,2012,8,24,49.9212,-66.9711,Fucus distichus subsp. evanescens,Random,NA,NA,NA,NA,0
4883,merinov_gosl,Gulf of Saint Lawrence,GOEL,NA,GOEL-NA-2012-8-24,2012,8,24,49.9212,-66.9711,Fucus vesiculosus,Random,NA,NA,35,35,1.3
4884,merinov_gosl,Gulf of Saint Lawrence,GOEL,NA,GOEL-NA-2012-8-24,2012,8,24,49.9214,-66.9684,Ascophyllum nodosum,Random,NA,NA,NA,NA,0
4885,merinov_gosl,Gulf of Saint Lawrence,GOEL,NA,GOEL-NA-2012-8-24,2012,8,24,49.9214,-66.9684,Fucus distichus subsp. edentatus,Random,NA,NA,NA,NA,0
4886,merinov_gosl,Gulf of Saint Lawrence,GOEL,NA,GOEL-NA-2012-8-24,2012,8,24,49.9214,-66.9684,Fucus distichus subsp. evanescens,Random,NA,NA,NA,NA,0
4887,merinov_gosl,Gulf of Saint Lawrence,GOEL,NA,GOEL-NA-2012-8-24,2012,8,24,49.9214,-66.9684,Fucus vesiculosus,Random,NA,NA,NA,NA,0
4888,merinov_gosl,Gulf of Saint Lawrence,GOEL,NA,GOEL-NA-2012-8-24,2012,8,24,49.9215,-66.9739,Ascophyllum nodosum,Random,NA,NA,NA,NA,0
4889,merinov_gosl,Gulf of Saint Lawrence,GOEL,NA,GOEL-NA-2012-8-24,2012,8,24,49.9215,-66.9739,Fucus distichus subsp. edentatus,Random,NA,NA,NA,NA,0
4890,merinov_gosl,Gulf of Saint Lawrence,GOEL,NA,GOEL-NA-2012-8-24,2012,8,24,49.9215,-66.9739,Fucus distichus subsp. evanescens,Random,NA,NA,4,4,0.04
4891,merinov_gosl,Gulf of Saint Lawrence,GOEL,NA,GOEL-NA-2012-8-24,2012,8,24,49.9215,-66.9739,Fucus vesiculosus,Random,NA,NA,NA,NA,0
4892,merinov_gosl,Gulf of Saint Lawrence,GOEL,NA,GOEL-NA-2012-8-24,2012,8,24,49.9216,-66.9711,Ascophyllum nodosum,Random,NA,NA,15,15,6.68
4893,merinov_gosl,Gulf of Saint Lawrence,GOEL,NA,GOEL-NA-2012-8-24,2012,8,24,49.9216,-66.9711,Fucus distichus subsp. edentatus,Random,NA,NA,NA,NA,0
4894,merinov_gosl,Gulf of Saint Lawrence,GOEL,NA,GOEL-NA-2012-8-24,2012,8,24,49.9216,-66.9711,Fucus distichus subsp. evanescens,Random,NA,NA,NA,NA,0
4895,merinov_gosl,Gulf of Saint Lawrence,GOEL,NA,GOEL-NA-2012-8-24,2012,8,24,49.9216,-66.9711,Fucus vesiculosus,Random,NA,NA,6,6,0.31
4896,merinov_gosl,Gulf of Saint Lawrence,GOEL,NA,GOEL-NA-2012-8-24,2012,8,24,49.922,-66.9739,Ascophyllum nodosum,Random,NA,NA,NA,NA,0
4897,merinov_gosl,Gulf of Saint Lawrence,GOEL,NA,GOEL-NA-2012-8-24,2012,8,24,49.922,-66.9739,Fucus distichus subsp. edentatus,Random,NA,NA,NA,NA,0
4898,merinov_gosl,Gulf of Saint Lawrence,GOEL,NA,GOEL-NA-2012-8-24,2012,8,24,49.922,-66.9739,Fucus distichus subsp. evanescens,Random,NA,NA,NA,NA,0
4899,merinov_gosl,Gulf of Saint Lawrence,GOEL,NA,GOEL-NA-2012-8-24,2012,8,24,49.922,-66.9739,Fucus vesiculosus,Random,NA,NA,NA,NA,0
4900,merinov_gosl,Gulf of Saint Lawrence,GOEL,NA,GOEL-NA-2012-8-24,2012,8,24,49.9221,-66.9711,Ascophyllum nodosum,Random,NA,NA,NA,NA,0
4901,merinov_gosl,Gulf of Saint Lawrence,GOEL,NA,GOEL-NA-2012-8-24,2012,8,24,49.9221,-66.9711,Fucus distichus subsp. edentatus,Random,NA,NA,NA,NA,0
4902,merinov_gosl,Gulf of Saint Lawrence,GOEL,NA,GOEL-NA-2012-8-24,2012,8,24,49.9221,-66.9711,Fucus distichus subsp. evanescens,Random,NA,NA,NA,NA,0
4903,merinov_gosl,Gulf of Saint Lawrence,GOEL,NA,GOEL-NA-2012-8-24,2012,8,24,49.9221,-66.9711,Fucus vesiculosus,Random,NA,NA,NA,NA,0
4904,merinov_gosl,Gulf of Saint Lawrence,GOEL,NA,GOEL-NA-2012-8-24,2012,8,24,49.9224,-66.9739,Ascophyllum nodosum,Random,NA,NA,NA,NA,0
4905,merinov_gosl,Gulf of Saint Lawrence,GOEL,NA,GOEL-NA-2012-8-24,2012,8,24,49.9224,-66.9739,Fucus distichus subsp. edentatus,Random,NA,NA,NA,NA,0
4906,merinov_gosl,Gulf of Saint Lawrence,GOEL,NA,GOEL-NA-2012-8-24,2012,8,24,49.9224,-66.9739,Fucus distichus subsp. evanescens,Random,NA,NA,NA,NA,0
4907,merinov_gosl,Gulf of Saint Lawrence,GOEL,NA,GOEL-NA-2012-8-24,2012,8,24,49.9224,-66.9739,Fucus vesiculosus,Random,NA,NA,NA,NA,0
4908,merinov_gosl,Gulf of Saint Lawrence,GOEL,NA,GOEL-NA-2012-8-24,2012,8,24,49.9225,-66.9711,Ascophyllum nodosum,Random,NA,NA,NA,NA,0
4909,merinov_gosl,Gulf of Saint Lawrence,GOEL,NA,GOEL-NA-2012-8-24,2012,8,24,49.9225,-66.9711,Fucus distichus subsp. edentatus,Random,NA,NA,NA,NA,0
4910,merinov_gosl,Gulf of Saint Lawrence,GOEL,NA,GOEL-NA-2012-8-24,2012,8,24,49.9225,-66.9711,Fucus distichus subsp. evanescens,Random,NA,NA,NA,NA,0
4911,merinov_gosl,Gulf of Saint Lawrence,GOEL,NA,GOEL-NA-2012-8-24,2012,8,24,49.9225,-66.9711,Fucus vesiculosus,Random,NA,NA,NA,NA,0
4912,merinov_gosl,Gulf of Saint Lawrence,GOEL,NA,GOEL-NA-2012-8-24,2012,8,24,49.9229,-66.9739,Ascophyllum nodosum,Random,NA,NA,31,31,2.53
4913,merinov_gosl,Gulf of Saint Lawrence,GOEL,NA,GOEL-NA-2012-8-24,2012,8,24,49.9229,-66.9739,Fucus distichus subsp. edentatus,Random,NA,NA,NA,NA,0
4914,merinov_gosl,Gulf of Saint Lawrence,GOEL,NA,GOEL-NA-2012-8-24,2012,8,24,49.9229,-66.9739,Fucus distichus subsp. evanescens,Random,NA,NA,1,1,0.03
4915,merinov_gosl,Gulf of Saint Lawrence,GOEL,NA,GOEL-NA-2012-8-24,2012,8,24,49.9229,-66.9739,Fucus vesiculosus,Random,NA,NA,101,101,10.28
4916,merinov_gosl,Gulf of Saint Lawrence,GOEL,NA,GOEL-NA-2012-8-24,2012,8,24,49.9233,-66.9739,Ascophyllum nodosum,Random,NA,NA,NA,NA,0
4917,merinov_gosl,Gulf of Saint Lawrence,GOEL,NA,GOEL-NA-2012-8-24,2012,8,24,49.9233,-66.9739,Fucus distichus subsp. edentatus,Random,NA,NA,NA,NA,0
4918,merinov_gosl,Gulf of Saint Lawrence,GOEL,NA,GOEL-NA-2012-8-24,2012,8,24,49.9233,-66.9739,Fucus distichus subsp. evanescens,Random,NA,NA,NA,NA,0
4919,merinov_gosl,Gulf of Saint Lawrence,GOEL,NA,GOEL-NA-2012-8-24,2012,8,24,49.9233,-66.9739,Fucus vesiculosus,Random,NA,NA,NA,NA,0
4920,merinov_gosl,Gulf of Saint Lawrence,GOEL,NA,GOEL-NA-2012-8-24,2012,8,24,49.9238,-66.9739,Ascophyllum nodosum,Random,NA,NA,NA,NA,0
4921,merinov_gosl,Gulf of Saint Lawrence,GOEL,NA,GOEL-NA-2012-8-24,2012,8,24,49.9238,-66.9739,Fucus distichus subsp. edentatus,Random,NA,NA,NA,NA,0
4922,merinov_gosl,Gulf of Saint Lawrence,GOEL,NA,GOEL-NA-2012-8-24,2012,8,24,49.9238,-66.9739,Fucus distichus subsp. evanescens,Random,NA,NA,NA,NA,0
4923,merinov_gosl,Gulf of Saint Lawrence,GOEL,NA,GOEL-NA-2012-8-24,2012,8,24,49.9238,-66.9739,Fucus vesiculosus,Random,NA,NA,NA,NA,0
4924,merinov_gosl,Gulf of Saint Lawrence,PAA,NA,PAA-NA-2011-8-20,2011,8,20,49.663,-67.1672,Ascophyllum nodosum,Random,NA,NA,NA,NA,0
4925,merinov_gosl,Gulf of Saint Lawrence,PAA,NA,PAA-NA-2011-8-20,2011,8,20,49.663,-67.1672,Fucus distichus subsp. evanescens,Random,NA,NA,NA,NA,0
4926,merinov_gosl,Gulf of Saint Lawrence,PAA,NA,PAA-NA-2011-8-20,2011,8,20,49.663,-67.1672,Fucus vesiculosus,Random,NA,NA,NA,NA,0
4927,merinov_gosl,Gulf of Saint Lawrence,PAA,NA,PAA-NA-2011-8-20,2011,8,20,49.6633,-67.1672,Ascophyllum nodosum,Random,NA,NA,NA,NA,0
4928,merinov_gosl,Gulf of Saint Lawrence,PAA,NA,PAA-NA-2011-8-20,2011,8,20,49.6633,-67.1672,Fucus distichus subsp. evanescens,Random,NA,NA,NA,NA,0
4929,merinov_gosl,Gulf of Saint Lawrence,PAA,NA,PAA-NA-2011-8-20,2011,8,20,49.6633,-67.1672,Fucus vesiculosus,Random,NA,NA,45,45,5.9
4930,merinov_gosl,Gulf of Saint Lawrence,PAA,NA,PAA-NA-2011-8-20,2011,8,20,49.6637,-67.1672,Ascophyllum nodosum,Random,NA,NA,1,1,1.72
4931,merinov_gosl,Gulf of Saint Lawrence,PAA,NA,PAA-NA-2011-8-20,2011,8,20,49.6637,-67.1672,Fucus distichus subsp. evanescens,Random,NA,NA,64,64,9.51
4932,merinov_gosl,Gulf of Saint Lawrence,PAA,NA,PAA-NA-2011-8-20,2011,8,20,49.6637,-67.1672,Fucus vesiculosus,Random,NA,NA,NA,NA,0
4933,merinov_gosl,Gulf of Saint Lawrence,PAA,NA,PAA-NA-2011-8-18,2011,8,18,49.6638,-67.1713,Ascophyllum nodosum,Random,NA,NA,1,1,0.06
4934,merinov_gosl,Gulf of Saint Lawrence,PAA,NA,PAA-NA-2011-8-18,2011,8,18,49.6638,-67.1713,Fucus distichus subsp. evanescens,Random,NA,NA,NA,NA,0
4935,merinov_gosl,Gulf of Saint Lawrence,PAA,NA,PAA-NA-2011-8-18,2011,8,18,49.6638,-67.1713,Fucus vesiculosus,Random,NA,NA,61,61,5.79
4936,merinov_gosl,Gulf of Saint Lawrence,PAA,NA,PAA-NA-2011-8-20,2011,8,20,49.6642,-67.1672,Ascophyllum nodosum,Random,NA,NA,NA,NA,0
4937,merinov_gosl,Gulf of Saint Lawrence,PAA,NA,PAA-NA-2011-8-20,2011,8,20,49.6642,-67.1672,Fucus distichus subsp. evanescens,Random,NA,NA,3,3,0.32
4938,merinov_gosl,Gulf of Saint Lawrence,PAA,NA,PAA-NA-2011-8-20,2011,8,20,49.6642,-67.1672,Fucus vesiculosus,Random,NA,NA,NA,NA,0
4939,merinov_gosl,Gulf of Saint Lawrence,PAA,NA,PAA-NA-2011-8-18,2011,8,18,49.6643,-67.1713,Ascophyllum nodosum,Random,NA,NA,NA,NA,0
4940,merinov_gosl,Gulf of Saint Lawrence,PAA,NA,PAA-NA-2011-8-18,2011,8,18,49.6643,-67.1713,Fucus distichus subsp. evanescens,Random,NA,NA,NA,NA,0
4941,merinov_gosl,Gulf of Saint Lawrence,PAA,NA,PAA-NA-2011-8-18,2011,8,18,49.6643,-67.1713,Fucus vesiculosus,Random,NA,NA,27,27,3.81
4942,merinov_gosl,Gulf of Saint Lawrence,PAA,NA,PAA-NA-2011-8-20,2011,8,20,49.6645,-67.1672,Ascophyllum nodosum,Random,NA,NA,NA,NA,0
4943,merinov_gosl,Gulf of Saint Lawrence,PAA,NA,PAA-NA-2011-8-20,2011,8,20,49.6645,-67.1672,Fucus distichus subsp. evanescens,Random,NA,NA,NA,NA,0
4944,merinov_gosl,Gulf of Saint Lawrence,PAA,NA,PAA-NA-2011-8-20,2011,8,20,49.6645,-67.1672,Fucus vesiculosus,Random,NA,NA,16,16,0.9
4945,merinov_gosl,Gulf of Saint Lawrence,PAA,NA,PAA-NA-2011-8-18,2011,8,18,49.6648,-67.1713,Ascophyllum nodosum,Random,NA,NA,NA,NA,0
4946,merinov_gosl,Gulf of Saint Lawrence,PAA,NA,PAA-NA-2011-8-18,2011,8,18,49.6648,-67.1713,Fucus distichus subsp. evanescens,Random,NA,NA,NA,NA,0
4947,merinov_gosl,Gulf of Saint Lawrence,PAA,NA,PAA-NA-2011-8-18,2011,8,18,49.6648,-67.1713,Fucus vesiculosus,Random,NA,NA,NA,NA,0
4948,merinov_gosl,Gulf of Saint Lawrence,PAA,NA,PAA-NA-2011-8-20,2011,8,20,49.6648,-67.1672,Ascophyllum nodosum,Random,NA,NA,21,21,3.6
4949,merinov_gosl,Gulf of Saint Lawrence,PAA,NA,PAA-NA-2011-8-20,2011,8,20,49.6648,-67.1672,Fucus distichus subsp. evanescens,Random,NA,NA,8,8,0.32
4950,merinov_gosl,Gulf of Saint Lawrence,PAA,NA,PAA-NA-2011-8-20,2011,8,20,49.6648,-67.1672,Fucus vesiculosus,Random,NA,NA,20,20,0.95
4951,merinov_gosl,Gulf of Saint Lawrence,PAA,NA,PAA-NA-2011-8-20,2011,8,20,49.6654,-67.1672,Ascophyllum nodosum,Random,NA,NA,NA,NA,0
4952,merinov_gosl,Gulf of Saint Lawrence,PAA,NA,PAA-NA-2011-8-20,2011,8,20,49.6654,-67.1672,Fucus distichus subsp. evanescens,Random,NA,NA,NA,NA,0
4953,merinov_gosl,Gulf of Saint Lawrence,PAA,NA,PAA-NA-2011-8-20,2011,8,20,49.6654,-67.1672,Fucus vesiculosus,Random,NA,NA,NA,NA,0
4954,merinov_gosl,Gulf of Saint Lawrence,PAA,NA,PAA-NA-2011-8-20,2011,8,20,49.6658,-67.1672,Ascophyllum nodosum,Random,NA,NA,NA,NA,0
4955,merinov_gosl,Gulf of Saint Lawrence,PAA,NA,PAA-NA-2011-8-20,2011,8,20,49.6658,-67.1672,Fucus distichus subsp. evanescens,Random,NA,NA,NA,NA,0
4956,merinov_gosl,Gulf of Saint Lawrence,PAA,NA,PAA-NA-2011-8-20,2011,8,20,49.6658,-67.1672,Fucus vesiculosus,Random,NA,NA,NA,NA,0
4957,merinov_gosl,Gulf of Saint Lawrence,PAA,NA,PAA-NA-2011-8-20,2011,8,20,49.6659,-67.1672,Ascophyllum nodosum,Random,NA,NA,NA,NA,0
4958,merinov_gosl,Gulf of Saint Lawrence,PAA,NA,PAA-NA-2011-8-20,2011,8,20,49.6659,-67.1672,Fucus distichus subsp. evanescens,Random,NA,NA,NA,NA,0
4959,merinov_gosl,Gulf of Saint Lawrence,PAA,NA,PAA-NA-2011-8-20,2011,8,20,49.6659,-67.1672,Fucus vesiculosus,Random,NA,NA,NA,NA,0
4960,merinov_gosl,Gulf of Saint Lawrence,PAA,NA,PAA-NA-2011-8-20,2011,8,20,49.6669,-67.1672,Ascophyllum nodosum,Random,NA,NA,NA,NA,0
4961,merinov_gosl,Gulf of Saint Lawrence,PAA,NA,PAA-NA-2011-8-20,2011,8,20,49.6669,-67.1672,Fucus distichus subsp. evanescens,Random,NA,NA,NA,NA,0
4962,merinov_gosl,Gulf of Saint Lawrence,PAA,NA,PAA-NA-2011-8-20,2011,8,20,49.6669,-67.1672,Fucus vesiculosus,Random,NA,NA,NA,NA,0
4963,merinov_gosl,Gulf of Saint Lawrence,PAA,NA,PAA-NA-2011-8-21,2011,8,21,49.6709,-67.1654,Ascophyllum nodosum,Random,NA,NA,NA,NA,0
4964,merinov_gosl,Gulf of Saint Lawrence,PAA,NA,PAA-NA-2011-8-21,2011,8,21,49.6709,-67.1654,Fucus distichus subsp. evanescens,Random,NA,NA,NA,NA,0
4965,merinov_gosl,Gulf of Saint Lawrence,PAA,NA,PAA-NA-2011-8-21,2011,8,21,49.6709,-67.1654,Fucus vesiculosus,Random,NA,NA,NA,NA,0
4966,merinov_gosl,Gulf of Saint Lawrence,PAA,NA,PAA-NA-2011-8-21,2011,8,21,49.6709,-67.1647,Ascophyllum nodosum,Random,NA,NA,NA,NA,0
4967,merinov_gosl,Gulf of Saint Lawrence,PAA,NA,PAA-NA-2011-8-21,2011,8,21,49.6709,-67.1647,Fucus distichus subsp. evanescens,Random,NA,NA,NA,NA,0
4968,merinov_gosl,Gulf of Saint Lawrence,PAA,NA,PAA-NA-2011-8-21,2011,8,21,49.6709,-67.1647,Fucus vesiculosus,Random,NA,NA,NA,NA,0
4969,merinov_gosl,Gulf of Saint Lawrence,PAA,NA,PAA-NA-2011-8-21,2011,8,21,49.6709,-67.1641,Ascophyllum nodosum,Random,NA,NA,NA,NA,0
4970,merinov_gosl,Gulf of Saint Lawrence,PAA,NA,PAA-NA-2011-8-21,2011,8,21,49.6709,-67.1641,Fucus distichus subsp. evanescens,Random,NA,NA,3,3,0.19
4971,merinov_gosl,Gulf of Saint Lawrence,PAA,NA,PAA-NA-2011-8-21,2011,8,21,49.6709,-67.1641,Fucus vesiculosus,Random,NA,NA,NA,NA,0
4972,merinov_gosl,Gulf of Saint Lawrence,PAA,NA,PAA-NA-2011-8-21,2011,8,21,49.6709,-67.1634,Ascophyllum nodosum,Random,NA,NA,NA,NA,0
4973,merinov_gosl,Gulf of Saint Lawrence,PAA,NA,PAA-NA-2011-8-21,2011,8,21,49.6709,-67.1634,Fucus distichus subsp. evanescens,Random,NA,NA,4,4,1.2
4974,merinov_gosl,Gulf of Saint Lawrence,PAA,NA,PAA-NA-2011-8-21,2011,8,21,49.6709,-67.1634,Fucus vesiculosus,Random,NA,NA,NA,NA,0
4975,merinov_gosl,Gulf of Saint Lawrence,PAA,NA,PAA-NA-2011-8-21,2011,8,21,49.6709,-67.1628,Ascophyllum nodosum,Random,NA,NA,3,3,1.92
4976,merinov_gosl,Gulf of Saint Lawrence,PAA,NA,PAA-NA-2011-8-21,2011,8,21,49.6709,-67.1628,Fucus distichus subsp. evanescens,Random,NA,NA,5,5,0.52
4977,merinov_gosl,Gulf of Saint Lawrence,PAA,NA,PAA-NA-2011-8-21,2011,8,21,49.6709,-67.1628,Fucus vesiculosus,Random,NA,NA,7,7,0.9
4978,merinov_gosl,Gulf of Saint Lawrence,PAA,NA,PAA-NA-2011-8-21,2011,8,21,49.6709,-67.1622,Ascophyllum nodosum,Random,NA,NA,NA,NA,0
4979,merinov_gosl,Gulf of Saint Lawrence,PAA,NA,PAA-NA-2011-8-21,2011,8,21,49.6709,-67.1622,Fucus distichus subsp. evanescens,Random,NA,NA,11,11,0.74
4980,merinov_gosl,Gulf of Saint Lawrence,PAA,NA,PAA-NA-2011-8-21,2011,8,21,49.6709,-67.1622,Fucus vesiculosus,Random,NA,NA,20,20,2.58
4981,merinov_gosl,Gulf of Saint Lawrence,PAA,NA,PAA-NA-2011-8-21,2011,8,21,49.6709,-67.1616,Ascophyllum nodosum,Random,NA,NA,NA,NA,0
4982,merinov_gosl,Gulf of Saint Lawrence,PAA,NA,PAA-NA-2011-8-21,2011,8,21,49.6709,-67.1616,Fucus distichus subsp. evanescens,Random,NA,NA,26,26,1.54
4983,merinov_gosl,Gulf of Saint Lawrence,PAA,NA,PAA-NA-2011-8-21,2011,8,21,49.6709,-67.1616,Fucus vesiculosus,Random,NA,NA,NA,NA,0
4984,merinov_gosl,Gulf of Saint Lawrence,PAA,NA,PAA-NA-2011-8-21,2011,8,21,49.6709,-67.161,Ascophyllum nodosum,Random,NA,NA,NA,NA,0
4985,merinov_gosl,Gulf of Saint Lawrence,PAA,NA,PAA-NA-2011-8-21,2011,8,21,49.6709,-67.161,Fucus distichus subsp. evanescens,Random,NA,NA,19,19,1.6
4986,merinov_gosl,Gulf of Saint Lawrence,PAA,NA,PAA-NA-2011-8-21,2011,8,21,49.6709,-67.161,Fucus vesiculosus,Random,NA,NA,NA,NA,0
4987,merinov_gosl,Gulf of Saint Lawrence,PAA,NA,PAA-NA-2011-8-21,2011,8,21,49.675,-67.166,Ascophyllum nodosum,Random,NA,NA,NA,NA,0
4988,merinov_gosl,Gulf of Saint Lawrence,PAA,NA,PAA-NA-2011-8-21,2011,8,21,49.675,-67.166,Fucus distichus subsp. evanescens,Random,NA,NA,NA,NA,0
4989,merinov_gosl,Gulf of Saint Lawrence,PAA,NA,PAA-NA-2011-8-21,2011,8,21,49.675,-67.166,Fucus vesiculosus,Random,NA,NA,NA,NA,0
4990,merinov_gosl,Gulf of Saint Lawrence,PAA,NA,PAA-NA-2011-8-21,2011,8,21,49.675,-67.1653,Ascophyllum nodosum,Random,NA,NA,NA,NA,0
4991,merinov_gosl,Gulf of Saint Lawrence,PAA,NA,PAA-NA-2011-8-21,2011,8,21,49.675,-67.1653,Fucus distichus subsp. evanescens,Random,NA,NA,NA,NA,0
4992,merinov_gosl,Gulf of Saint Lawrence,PAA,NA,PAA-NA-2011-8-21,2011,8,21,49.675,-67.1653,Fucus vesiculosus,Random,NA,NA,NA,NA,0
4993,merinov_gosl,Gulf of Saint Lawrence,PAA,NA,PAA-NA-2011-8-21,2011,8,21,49.675,-67.1647,Ascophyllum nodosum,Random,NA,NA,NA,NA,0
4994,merinov_gosl,Gulf of Saint Lawrence,PAA,NA,PAA-NA-2011-8-21,2011,8,21,49.675,-67.1647,Fucus distichus subsp. evanescens,Random,NA,NA,NA,NA,0
4995,merinov_gosl,Gulf of Saint Lawrence,PAA,NA,PAA-NA-2011-8-21,2011,8,21,49.675,-67.1647,Fucus vesiculosus,Random,NA,NA,22,22,1.73
4996,merinov_gosl,Gulf of Saint Lawrence,PAA,NA,PAA-NA-2011-8-21,2011,8,21,49.675,-67.164,Ascophyllum nodosum,Random,NA,NA,2,2,0.4
4997,merinov_gosl,Gulf of Saint Lawrence,PAA,NA,PAA-NA-2011-8-21,2011,8,21,49.675,-67.164,Fucus distichus subsp. evanescens,Random,NA,NA,NA,NA,0
4998,merinov_gosl,Gulf of Saint Lawrence,PAA,NA,PAA-NA-2011-8-21,2011,8,21,49.675,-67.164,Fucus vesiculosus,Random,NA,NA,25,25,4.95
4999,merinov_gosl,Gulf of Saint Lawrence,PAA,NA,PAA-NA-2011-8-21,2011,8,21,49.675,-67.1633,Ascophyllum nodosum,Random,NA,NA,NA,NA,0
5000,merinov_gosl,Gulf of Saint Lawrence,PAA,NA,PAA-NA-2011-8-21,2011,8,21,49.675,-67.1633,Fucus distichus subsp. evanescens,Random,NA,NA,NA,NA,0
5001,merinov_gosl,Gulf of Saint Lawrence,PAA,NA,PAA-NA-2011-8-21,2011,8,21,49.675,-67.1633,Fucus vesiculosus,Random,NA,NA,7,7,0.58
5002,merinov_gosl,Gulf of Saint Lawrence,PAA,NA,PAA-NA-2011-8-21,2011,8,21,49.675,-67.1627,Ascophyllum nodosum,Random,NA,NA,NA,NA,0
5003,merinov_gosl,Gulf of Saint Lawrence,PAA,NA,PAA-NA-2011-8-21,2011,8,21,49.675,-67.1627,Fucus distichus subsp. evanescens,Random,NA,NA,NA,NA,0
5004,merinov_gosl,Gulf of Saint Lawrence,PAA,NA,PAA-NA-2011-8-21,2011,8,21,49.675,-67.1627,Fucus vesiculosus,Random,NA,NA,NA,NA,0
5005,merinov_gosl,Gulf of Saint Lawrence,PAA,NA,PAA-NA-2011-8-21,2011,8,21,49.6791,-67.1658,Ascophyllum nodosum,Random,NA,NA,NA,NA,0
5006,merinov_gosl,Gulf of Saint Lawrence,PAA,NA,PAA-NA-2011-8-21,2011,8,21,49.6791,-67.1658,Fucus distichus subsp. evanescens,Random,NA,NA,NA,NA,0
5007,merinov_gosl,Gulf of Saint Lawrence,PAA,NA,PAA-NA-2011-8-21,2011,8,21,49.6791,-67.1658,Fucus vesiculosus,Random,NA,NA,NA,NA,0
5008,merinov_gosl,Gulf of Saint Lawrence,PDM,NA,PDM-NA-2012-8-20,2012,8,20,49.3176,-67.3944,Ascophyllum nodosum,Random,NA,NA,NA,NA,0
5009,merinov_gosl,Gulf of Saint Lawrence,PDM,NA,PDM-NA-2012-8-20,2012,8,20,49.3176,-67.3944,Fucus distichus subsp. edentatus,Random,NA,NA,NA,NA,0
5010,merinov_gosl,Gulf of Saint Lawrence,PDM,NA,PDM-NA-2012-8-20,2012,8,20,49.3176,-67.3944,Fucus distichus subsp. evanescens,Random,NA,NA,20,20,0.68
5011,merinov_gosl,Gulf of Saint Lawrence,PDM,NA,PDM-NA-2012-8-20,2012,8,20,49.3176,-67.3944,Fucus vesiculosus,Random,NA,NA,2,2,0.11
5012,merinov_gosl,Gulf of Saint Lawrence,PDM,NA,PDM-NA-2012-8-20,2012,8,20,49.318,-67.3944,Ascophyllum nodosum,Random,NA,NA,NA,NA,0
5013,merinov_gosl,Gulf of Saint Lawrence,PDM,NA,PDM-NA-2012-8-20,2012,8,20,49.318,-67.3944,Fucus distichus subsp. edentatus,Random,NA,NA,NA,NA,0
5014,merinov_gosl,Gulf of Saint Lawrence,PDM,NA,PDM-NA-2012-8-20,2012,8,20,49.318,-67.3944,Fucus distichus subsp. evanescens,Random,NA,NA,11,11,0.03
5015,merinov_gosl,Gulf of Saint Lawrence,PDM,NA,PDM-NA-2012-8-20,2012,8,20,49.318,-67.3944,Fucus vesiculosus,Random,NA,NA,NA,NA,0
5016,merinov_gosl,Gulf of Saint Lawrence,PDM,NA,PDM-NA-2012-8-20,2012,8,20,49.3183,-67.3917,Ascophyllum nodosum,Random,NA,NA,NA,NA,0
5017,merinov_gosl,Gulf of Saint Lawrence,PDM,NA,PDM-NA-2012-8-20,2012,8,20,49.3183,-67.3917,Fucus distichus subsp. edentatus,Random,NA,NA,NA,NA,0
5018,merinov_gosl,Gulf of Saint Lawrence,PDM,NA,PDM-NA-2012-8-20,2012,8,20,49.3183,-67.3917,Fucus distichus subsp. evanescens,Random,NA,NA,NA,NA,0
5019,merinov_gosl,Gulf of Saint Lawrence,PDM,NA,PDM-NA-2012-8-20,2012,8,20,49.3183,-67.3917,Fucus vesiculosus,Random,NA,NA,NA,NA,0
5020,merinov_gosl,Gulf of Saint Lawrence,PDM,NA,PDM-NA-2012-8-20,2012,8,20,49.3185,-67.3944,Ascophyllum nodosum,Random,NA,NA,NA,NA,0
5021,merinov_gosl,Gulf of Saint Lawrence,PDM,NA,PDM-NA-2012-8-20,2012,8,20,49.3185,-67.3944,Fucus distichus subsp. edentatus,Random,NA,NA,NA,NA,0
5022,merinov_gosl,Gulf of Saint Lawrence,PDM,NA,PDM-NA-2012-8-20,2012,8,20,49.3185,-67.3944,Fucus distichus subsp. evanescens,Random,NA,NA,NA,NA,0
5023,merinov_gosl,Gulf of Saint Lawrence,PDM,NA,PDM-NA-2012-8-20,2012,8,20,49.3185,-67.3944,Fucus vesiculosus,Random,NA,NA,NA,NA,0
5024,merinov_gosl,Gulf of Saint Lawrence,PDM,NA,PDM-NA-2012-8-20,2012,8,20,49.3185,-67.3862,Ascophyllum nodosum,Random,NA,NA,NA,NA,0
5025,merinov_gosl,Gulf of Saint Lawrence,PDM,NA,PDM-NA-2012-8-20,2012,8,20,49.3185,-67.3862,Fucus distichus subsp. edentatus,Random,NA,NA,6,6,0.8
5026,merinov_gosl,Gulf of Saint Lawrence,PDM,NA,PDM-NA-2012-8-20,2012,8,20,49.3185,-67.3862,Fucus distichus subsp. evanescens,Random,NA,NA,36,36,1.32
5027,merinov_gosl,Gulf of Saint Lawrence,PDM,NA,PDM-NA-2012-8-20,2012,8,20,49.3185,-67.3862,Fucus vesiculosus,Random,NA,NA,19,19,0.92
5028,merinov_gosl,Gulf of Saint Lawrence,PDM,NA,PDM-NA-2012-8-20,2012,8,20,49.3186,-67.389,Ascophyllum nodosum,Random,NA,NA,NA,NA,0
5029,merinov_gosl,Gulf of Saint Lawrence,PDM,NA,PDM-NA-2012-8-20,2012,8,20,49.3186,-67.389,Fucus distichus subsp. edentatus,Random,NA,NA,8,8,1
5030,merinov_gosl,Gulf of Saint Lawrence,PDM,NA,PDM-NA-2012-8-20,2012,8,20,49.3186,-67.389,Fucus distichus subsp. evanescens,Random,NA,NA,40,40,0.81
5031,merinov_gosl,Gulf of Saint Lawrence,PDM,NA,PDM-NA-2012-8-20,2012,8,20,49.3186,-67.389,Fucus vesiculosus,Random,NA,NA,41,41,2.99
5032,merinov_gosl,Gulf of Saint Lawrence,PDM,NA,PDM-NA-2012-8-20,2012,8,20,49.3189,-67.3862,Ascophyllum nodosum,Random,NA,NA,NA,NA,0
5033,merinov_gosl,Gulf of Saint Lawrence,PDM,NA,PDM-NA-2012-8-20,2012,8,20,49.3189,-67.3862,Fucus distichus subsp. edentatus,Random,NA,NA,NA,NA,0
5034,merinov_gosl,Gulf of Saint Lawrence,PDM,NA,PDM-NA-2012-8-20,2012,8,20,49.3189,-67.3862,Fucus distichus subsp. evanescens,Random,NA,NA,NA,NA,0
5035,merinov_gosl,Gulf of Saint Lawrence,PDM,NA,PDM-NA-2012-8-20,2012,8,20,49.3189,-67.3862,Fucus vesiculosus,Random,NA,NA,9,9,0.36
5036,merinov_gosl,Gulf of Saint Lawrence,PDM,NA,PDM-NA-2012-8-20,2012,8,20,49.3191,-67.389,Ascophyllum nodosum,Random,NA,NA,NA,NA,0
5037,merinov_gosl,Gulf of Saint Lawrence,PDM,NA,PDM-NA-2012-8-20,2012,8,20,49.3191,-67.389,Fucus distichus subsp. edentatus,Random,NA,NA,NA,NA,0
5038,merinov_gosl,Gulf of Saint Lawrence,PDM,NA,PDM-NA-2012-8-20,2012,8,20,49.3191,-67.389,Fucus distichus subsp. evanescens,Random,NA,NA,38,38,0.65
5039,merinov_gosl,Gulf of Saint Lawrence,PDM,NA,PDM-NA-2012-8-20,2012,8,20,49.3191,-67.389,Fucus vesiculosus,Random,NA,NA,NA,NA,0
5040,merinov_gosl,Gulf of Saint Lawrence,PDM,NA,PDM-NA-2012-8-20,2012,8,20,49.3194,-67.3862,Ascophyllum nodosum,Random,NA,NA,NA,NA,0
5041,merinov_gosl,Gulf of Saint Lawrence,PDM,NA,PDM-NA-2012-8-20,2012,8,20,49.3194,-67.3862,Fucus distichus subsp. edentatus,Random,NA,NA,NA,NA,0
5042,merinov_gosl,Gulf of Saint Lawrence,PDM,NA,PDM-NA-2012-8-20,2012,8,20,49.3194,-67.3862,Fucus distichus subsp. evanescens,Random,NA,NA,NA,NA,0
5043,merinov_gosl,Gulf of Saint Lawrence,PDM,NA,PDM-NA-2012-8-20,2012,8,20,49.3194,-67.3862,Fucus vesiculosus,Random,NA,NA,NA,NA,0
5044,merinov_gosl,Gulf of Saint Lawrence,PDM,NA,PDM-NA-2012-8-20,2012,8,20,49.3195,-67.389,Ascophyllum nodosum,Random,NA,NA,NA,NA,0
5045,merinov_gosl,Gulf of Saint Lawrence,PDM,NA,PDM-NA-2012-8-20,2012,8,20,49.3195,-67.389,Fucus distichus subsp. edentatus,Random,NA,NA,NA,NA,0
5046,merinov_gosl,Gulf of Saint Lawrence,PDM,NA,PDM-NA-2012-8-20,2012,8,20,49.3195,-67.389,Fucus distichus subsp. evanescens,Random,NA,NA,NA,NA,0
5047,merinov_gosl,Gulf of Saint Lawrence,PDM,NA,PDM-NA-2012-8-20,2012,8,20,49.3195,-67.389,Fucus vesiculosus,Random,NA,NA,NA,NA,0
5048,merinov_gosl,Gulf of Saint Lawrence,PET,NA,PET-NA-2011-8-12,2011,8,12,48.3875,-69.352,Ascophyllum nodosum,Random,NA,NA,8,8,0.06
5049,merinov_gosl,Gulf of Saint Lawrence,PET,NA,PET-NA-2011-8-12,2011,8,12,48.3875,-69.352,Fucus distichus subsp. evanescens,Random,NA,NA,NA,NA,0
5050,merinov_gosl,Gulf of Saint Lawrence,PET,NA,PET-NA-2011-8-12,2011,8,12,48.3875,-69.352,Fucus vesiculosus,Random,NA,NA,NA,NA,0
5051,merinov_gosl,Gulf of Saint Lawrence,PET,NA,PET-NA-2011-8-12,2011,8,12,48.3875,-69.3514,Ascophyllum nodosum,Random,NA,NA,4,4,0.08
5052,merinov_gosl,Gulf of Saint Lawrence,PET,NA,PET-NA-2011-8-12,2011,8,12,48.3875,-69.3514,Fucus distichus subsp. evanescens,Random,NA,NA,NA,NA,0
5053,merinov_gosl,Gulf of Saint Lawrence,PET,NA,PET-NA-2011-8-12,2011,8,12,48.3875,-69.3514,Fucus vesiculosus,Random,NA,NA,NA,NA,0
5054,merinov_gosl,Gulf of Saint Lawrence,PET,NA,PET-NA-2011-8-12,2011,8,12,48.3875,-69.3507,Ascophyllum nodosum,Random,NA,NA,2,2,0.37
5055,merinov_gosl,Gulf of Saint Lawrence,PET,NA,PET-NA-2011-8-12,2011,8,12,48.3875,-69.3507,Fucus distichus subsp. evanescens,Random,NA,NA,32,32,12.7
5056,merinov_gosl,Gulf of Saint Lawrence,PET,NA,PET-NA-2011-8-12,2011,8,12,48.3875,-69.3507,Fucus vesiculosus,Random,NA,NA,32,32,3.63
5057,merinov_gosl,Gulf of Saint Lawrence,PET,NA,PET-NA-2011-8-12,2011,8,12,48.3891,-69.354,Ascophyllum nodosum,Random,NA,NA,NA,NA,0
5058,merinov_gosl,Gulf of Saint Lawrence,PET,NA,PET-NA-2011-8-12,2011,8,12,48.3891,-69.354,Fucus distichus subsp. evanescens,Random,NA,NA,NA,NA,0
5059,merinov_gosl,Gulf of Saint Lawrence,PET,NA,PET-NA-2011-8-12,2011,8,12,48.3891,-69.354,Fucus vesiculosus,Random,NA,NA,NA,NA,0
5060,merinov_gosl,Gulf of Saint Lawrence,PET,NA,PET-NA-2011-8-12,2011,8,12,48.3891,-69.3533,Ascophyllum nodosum,Random,NA,NA,NA,NA,0
5061,merinov_gosl,Gulf of Saint Lawrence,PET,NA,PET-NA-2011-8-12,2011,8,12,48.3891,-69.3533,Fucus distichus subsp. evanescens,Random,NA,NA,NA,NA,0
5062,merinov_gosl,Gulf of Saint Lawrence,PET,NA,PET-NA-2011-8-12,2011,8,12,48.3891,-69.3533,Fucus vesiculosus,Random,NA,NA,NA,NA,0
5063,merinov_gosl,Gulf of Saint Lawrence,PET,NA,PET-NA-2011-8-12,2011,8,12,48.3891,-69.3526,Ascophyllum nodosum,Random,NA,NA,NA,NA,0
5064,merinov_gosl,Gulf of Saint Lawrence,PET,NA,PET-NA-2011-8-12,2011,8,12,48.3891,-69.3526,Fucus distichus subsp. evanescens,Random,NA,NA,NA,NA,0
5065,merinov_gosl,Gulf of Saint Lawrence,PET,NA,PET-NA-2011-8-12,2011,8,12,48.3891,-69.3526,Fucus vesiculosus,Random,NA,NA,NA,NA,0
5066,merinov_gosl,Gulf of Saint Lawrence,PET,NA,PET-NA-2011-8-12,2011,8,12,48.3891,-69.3519,Ascophyllum nodosum,Random,NA,NA,NA,NA,0
5067,merinov_gosl,Gulf of Saint Lawrence,PET,NA,PET-NA-2011-8-12,2011,8,12,48.3891,-69.3519,Fucus distichus subsp. evanescens,Random,NA,NA,NA,NA,0
5068,merinov_gosl,Gulf of Saint Lawrence,PET,NA,PET-NA-2011-8-12,2011,8,12,48.3891,-69.3519,Fucus vesiculosus,Random,NA,NA,NA,NA,0
5069,merinov_gosl,Gulf of Saint Lawrence,PET,NA,PET-NA-2011-8-12,2011,8,12,48.3891,-69.3511,Ascophyllum nodosum,Random,NA,NA,NA,NA,0
5070,merinov_gosl,Gulf of Saint Lawrence,PET,NA,PET-NA-2011-8-12,2011,8,12,48.3891,-69.3511,Fucus distichus subsp. evanescens,Random,NA,NA,NA,NA,0
5071,merinov_gosl,Gulf of Saint Lawrence,PET,NA,PET-NA-2011-8-12,2011,8,12,48.3891,-69.3511,Fucus vesiculosus,Random,NA,NA,NA,NA,0
5072,merinov_gosl,Gulf of Saint Lawrence,PET,NA,PET-NA-2011-8-12,2011,8,12,48.3891,-69.3505,Ascophyllum nodosum,Random,NA,NA,NA,NA,0
5073,merinov_gosl,Gulf of Saint Lawrence,PET,NA,PET-NA-2011-8-12,2011,8,12,48.3891,-69.3505,Fucus distichus subsp. evanescens,Random,NA,NA,NA,NA,0
5074,merinov_gosl,Gulf of Saint Lawrence,PET,NA,PET-NA-2011-8-12,2011,8,12,48.3891,-69.3505,Fucus vesiculosus,Random,NA,NA,1,1,0.25
5075,merinov_gosl,Gulf of Saint Lawrence,PET,NA,PET-NA-2011-8-12,2011,8,12,48.3891,-69.3498,Ascophyllum nodosum,Random,NA,NA,3,3,3.68
5076,merinov_gosl,Gulf of Saint Lawrence,PET,NA,PET-NA-2011-8-12,2011,8,12,48.3891,-69.3498,Fucus distichus subsp. evanescens,Random,NA,NA,NA,NA,0
5077,merinov_gosl,Gulf of Saint Lawrence,PET,NA,PET-NA-2011-8-12,2011,8,12,48.3891,-69.3498,Fucus vesiculosus,Random,NA,NA,25,25,5.96
5078,merinov_gosl,Gulf of Saint Lawrence,PET,NA,PET-NA-2011-8-12,2011,8,12,48.3891,-69.3491,Ascophyllum nodosum,Random,NA,NA,NA,NA,0
5079,merinov_gosl,Gulf of Saint Lawrence,PET,NA,PET-NA-2011-8-12,2011,8,12,48.3891,-69.3491,Fucus distichus subsp. evanescens,Random,NA,NA,8,8,2.4
5080,merinov_gosl,Gulf of Saint Lawrence,PET,NA,PET-NA-2011-8-12,2011,8,12,48.3891,-69.3491,Fucus vesiculosus,Random,NA,NA,12,12,1.75
5081,merinov_gosl,Gulf of Saint Lawrence,PET,NA,PET-NA-2011-8-12,2011,8,12,48.3891,-69.3485,Ascophyllum nodosum,Random,NA,NA,NA,NA,0
5082,merinov_gosl,Gulf of Saint Lawrence,PET,NA,PET-NA-2011-8-12,2011,8,12,48.3891,-69.3485,Fucus distichus subsp. evanescens,Random,NA,NA,21,21,6.06
5083,merinov_gosl,Gulf of Saint Lawrence,PET,NA,PET-NA-2011-8-12,2011,8,12,48.3891,-69.3485,Fucus vesiculosus,Random,NA,NA,1,1,0.1
5084,merinov_gosl,Gulf of Saint Lawrence,PET,NA,PET-NA-2011-8-12,2011,8,12,48.3909,-69.3534,Ascophyllum nodosum,Random,NA,NA,NA,NA,0
5085,merinov_gosl,Gulf of Saint Lawrence,PET,NA,PET-NA-2011-8-12,2011,8,12,48.3909,-69.3534,Fucus distichus subsp. evanescens,Random,NA,NA,NA,NA,0
5086,merinov_gosl,Gulf of Saint Lawrence,PET,NA,PET-NA-2011-8-12,2011,8,12,48.3909,-69.3534,Fucus vesiculosus,Random,NA,NA,NA,NA,0
5087,merinov_gosl,Gulf of Saint Lawrence,PET,NA,PET-NA-2011-8-12,2011,8,12,48.3909,-69.3528,Ascophyllum nodosum,Random,NA,NA,NA,NA,0
5088,merinov_gosl,Gulf of Saint Lawrence,PET,NA,PET-NA-2011-8-12,2011,8,12,48.3909,-69.3528,Fucus distichus subsp. evanescens,Random,NA,NA,NA,NA,0
5089,merinov_gosl,Gulf of Saint Lawrence,PET,NA,PET-NA-2011-8-12,2011,8,12,48.3909,-69.3528,Fucus vesiculosus,Random,NA,NA,NA,NA,0
5090,merinov_gosl,Gulf of Saint Lawrence,PET,NA,PET-NA-2011-8-12,2011,8,12,48.3909,-69.352,Ascophyllum nodosum,Random,NA,NA,NA,NA,0
5091,merinov_gosl,Gulf of Saint Lawrence,PET,NA,PET-NA-2011-8-12,2011,8,12,48.3909,-69.352,Fucus distichus subsp. evanescens,Random,NA,NA,NA,NA,0
5092,merinov_gosl,Gulf of Saint Lawrence,PET,NA,PET-NA-2011-8-12,2011,8,12,48.3909,-69.352,Fucus vesiculosus,Random,NA,NA,NA,NA,0
5093,merinov_gosl,Gulf of Saint Lawrence,PET,NA,PET-NA-2011-8-12,2011,8,12,48.3909,-69.3514,Ascophyllum nodosum,Random,NA,NA,6,6,3.18
5094,merinov_gosl,Gulf of Saint Lawrence,PET,NA,PET-NA-2011-8-12,2011,8,12,48.3909,-69.3514,Fucus distichus subsp. evanescens,Random,NA,NA,2,2,1.1
5095,merinov_gosl,Gulf of Saint Lawrence,PET,NA,PET-NA-2011-8-12,2011,8,12,48.3909,-69.3514,Fucus vesiculosus,Random,NA,NA,5,5,0.59
5096,merinov_gosl,Gulf of Saint Lawrence,PET,NA,PET-NA-2011-8-12,2011,8,12,48.3909,-69.3507,Ascophyllum nodosum,Random,NA,NA,NA,NA,0
5097,merinov_gosl,Gulf of Saint Lawrence,PET,NA,PET-NA-2011-8-12,2011,8,12,48.3909,-69.3507,Fucus distichus subsp. evanescens,Random,NA,NA,NA,NA,0
5098,merinov_gosl,Gulf of Saint Lawrence,PET,NA,PET-NA-2011-8-12,2011,8,12,48.3909,-69.3507,Fucus vesiculosus,Random,NA,NA,NA,NA,0
5099,merinov_gosl,Gulf of Saint Lawrence,PET,NA,PET-NA-2011-8-12,2011,8,12,48.3909,-69.35,Ascophyllum nodosum,Random,NA,NA,2,2,0.46
5100,merinov_gosl,Gulf of Saint Lawrence,PET,NA,PET-NA-2011-8-12,2011,8,12,48.3909,-69.35,Fucus distichus subsp. evanescens,Random,NA,NA,40,40,3.37
5101,merinov_gosl,Gulf of Saint Lawrence,PET,NA,PET-NA-2011-8-12,2011,8,12,48.3909,-69.35,Fucus vesiculosus,Random,NA,NA,NA,NA,0
5102,merinov_gosl,Gulf of Saint Lawrence,PET,NA,PET-NA-2011-8-12,2011,8,12,48.3909,-69.3493,Ascophyllum nodosum,Random,NA,NA,NA,NA,0
5103,merinov_gosl,Gulf of Saint Lawrence,PET,NA,PET-NA-2011-8-12,2011,8,12,48.3909,-69.3493,Fucus distichus subsp. evanescens,Random,NA,NA,NA,NA,0
5104,merinov_gosl,Gulf of Saint Lawrence,PET,NA,PET-NA-2011-8-12,2011,8,12,48.3909,-69.3493,Fucus vesiculosus,Random,NA,NA,NA,NA,0
5105,merinov_gosl,Gulf of Saint Lawrence,PET,NA,PET-NA-2011-8-12,2011,8,12,48.3926,-69.3523,Ascophyllum nodosum,Random,NA,NA,NA,NA,0
5106,merinov_gosl,Gulf of Saint Lawrence,PET,NA,PET-NA-2011-8-12,2011,8,12,48.3926,-69.3523,Fucus distichus subsp. evanescens,Random,NA,NA,NA,NA,0
5107,merinov_gosl,Gulf of Saint Lawrence,PET,NA,PET-NA-2011-8-12,2011,8,12,48.3926,-69.3523,Fucus vesiculosus,Random,NA,NA,NA,NA,0
5108,merinov_gosl,Gulf of Saint Lawrence,PET,NA,PET-NA-2011-8-12,2011,8,12,48.3926,-69.3515,Ascophyllum nodosum,Random,NA,NA,NA,NA,0
5109,merinov_gosl,Gulf of Saint Lawrence,PET,NA,PET-NA-2011-8-12,2011,8,12,48.3926,-69.3515,Fucus distichus subsp. evanescens,Random,NA,NA,NA,NA,0
5110,merinov_gosl,Gulf of Saint Lawrence,PET,NA,PET-NA-2011-8-12,2011,8,12,48.3926,-69.3515,Fucus vesiculosus,Random,NA,NA,NA,NA,0
5111,merinov_gosl,Gulf of Saint Lawrence,PET,NA,PET-NA-2011-8-12,2011,8,12,48.3926,-69.3508,Ascophyllum nodosum,Random,NA,NA,NA,NA,0
5112,merinov_gosl,Gulf of Saint Lawrence,PET,NA,PET-NA-2011-8-12,2011,8,12,48.3926,-69.3508,Fucus distichus subsp. evanescens,Random,NA,NA,NA,NA,0
5113,merinov_gosl,Gulf of Saint Lawrence,PET,NA,PET-NA-2011-8-12,2011,8,12,48.3926,-69.3508,Fucus vesiculosus,Random,NA,NA,NA,NA,0
5114,merinov_gosl,Gulf of Saint Lawrence,PET,NA,PET-NA-2011-8-12,2011,8,12,48.3926,-69.3501,Ascophyllum nodosum,Random,NA,NA,3,3,0.62
5115,merinov_gosl,Gulf of Saint Lawrence,PET,NA,PET-NA-2011-8-12,2011,8,12,48.3926,-69.3501,Fucus distichus subsp. evanescens,Random,NA,NA,20,20,0.92
5116,merinov_gosl,Gulf of Saint Lawrence,PET,NA,PET-NA-2011-8-12,2011,8,12,48.3926,-69.3501,Fucus vesiculosus,Random,NA,NA,NA,NA,0
5117,merinov_gosl,Gulf of Saint Lawrence,PET,NA,PET-NA-2011-8-12,2011,8,12,48.3926,-69.3496,Ascophyllum nodosum,Random,NA,NA,NA,NA,0
5118,merinov_gosl,Gulf of Saint Lawrence,PET,NA,PET-NA-2011-8-12,2011,8,12,48.3926,-69.3496,Fucus distichus subsp. evanescens,Random,NA,NA,NA,NA,0
5119,merinov_gosl,Gulf of Saint Lawrence,PET,NA,PET-NA-2011-8-12,2011,8,12,48.3926,-69.3496,Fucus vesiculosus,Random,NA,NA,NA,NA,0
5120,merinov_gosl,Gulf of Saint Lawrence,PET,NA,PET-NA-2011-8-12,2011,8,12,48.3926,-69.3487,Ascophyllum nodosum,Random,NA,NA,NA,NA,0
5121,merinov_gosl,Gulf of Saint Lawrence,PET,NA,PET-NA-2011-8-12,2011,8,12,48.3926,-69.3487,Fucus distichus subsp. evanescens,Random,NA,NA,6,6,1.75
5122,merinov_gosl,Gulf of Saint Lawrence,PET,NA,PET-NA-2011-8-12,2011,8,12,48.3926,-69.3487,Fucus vesiculosus,Random,NA,NA,4,4,2.18
5123,merinov_gosl,Gulf of Saint Lawrence,PET,NA,PET-NA-2011-8-12,2011,8,12,48.3943,-69.3503,Ascophyllum nodosum,Random,NA,NA,NA,NA,0
5124,merinov_gosl,Gulf of Saint Lawrence,PET,NA,PET-NA-2011-8-12,2011,8,12,48.3943,-69.3503,Fucus distichus subsp. evanescens,Random,NA,NA,NA,NA,0
5125,merinov_gosl,Gulf of Saint Lawrence,PET,NA,PET-NA-2011-8-12,2011,8,12,48.3943,-69.3503,Fucus vesiculosus,Random,NA,NA,NA,NA,0
5126,merinov_gosl,Gulf of Saint Lawrence,PET,NA,PET-NA-2011-8-12,2011,8,12,48.3943,-69.3497,Ascophyllum nodosum,Random,NA,NA,NA,NA,0
5127,merinov_gosl,Gulf of Saint Lawrence,PET,NA,PET-NA-2011-8-12,2011,8,12,48.3943,-69.3497,Fucus distichus subsp. evanescens,Random,NA,NA,NA,NA,0
5128,merinov_gosl,Gulf of Saint Lawrence,PET,NA,PET-NA-2011-8-12,2011,8,12,48.3943,-69.3497,Fucus vesiculosus,Random,NA,NA,NA,NA,0
5129,merinov_gosl,Gulf of Saint Lawrence,PET,NA,PET-NA-2011-8-12,2011,8,12,48.3943,-69.349,Ascophyllum nodosum,Random,NA,NA,NA,NA,0
5130,merinov_gosl,Gulf of Saint Lawrence,PET,NA,PET-NA-2011-8-12,2011,8,12,48.3943,-69.349,Fucus distichus subsp. evanescens,Random,NA,NA,NA,NA,0
5131,merinov_gosl,Gulf of Saint Lawrence,PET,NA,PET-NA-2011-8-12,2011,8,12,48.3943,-69.349,Fucus vesiculosus,Random,NA,NA,NA,NA,0
5132,merinov_gosl,Gulf of Saint Lawrence,PET,NA,PET-NA-2011-8-12,2011,8,12,48.3943,-69.3483,Ascophyllum nodosum,Random,NA,NA,20,20,6.46
5133,merinov_gosl,Gulf of Saint Lawrence,PET,NA,PET-NA-2011-8-12,2011,8,12,48.3943,-69.3483,Fucus distichus subsp. evanescens,Random,NA,NA,NA,NA,0
5134,merinov_gosl,Gulf of Saint Lawrence,PET,NA,PET-NA-2011-8-12,2011,8,12,48.3943,-69.3483,Fucus vesiculosus,Random,NA,NA,2,2,0.56
5135,merinov_gosl,Gulf of Saint Lawrence,PET,NA,PET-NA-2011-8-12,2011,8,12,48.3943,-69.3475,Ascophyllum nodosum,Random,NA,NA,NA,NA,0
5136,merinov_gosl,Gulf of Saint Lawrence,PET,NA,PET-NA-2011-8-12,2011,8,12,48.3943,-69.3475,Fucus distichus subsp. evanescens,Random,NA,NA,NA,NA,0
5137,merinov_gosl,Gulf of Saint Lawrence,PET,NA,PET-NA-2011-8-12,2011,8,12,48.3943,-69.3475,Fucus vesiculosus,Random,NA,NA,NA,NA,0
5138,merinov_gosl,Gulf of Saint Lawrence,PET,NA,PET-NA-2011-8-12,2011,8,12,48.3943,-69.3468,Ascophyllum nodosum,Random,NA,NA,NA,NA,0
5139,merinov_gosl,Gulf of Saint Lawrence,PET,NA,PET-NA-2011-8-12,2011,8,12,48.3943,-69.3468,Fucus distichus subsp. evanescens,Random,NA,NA,NA,NA,0
5140,merinov_gosl,Gulf of Saint Lawrence,PET,NA,PET-NA-2011-8-12,2011,8,12,48.3943,-69.3468,Fucus vesiculosus,Random,NA,NA,NA,NA,0
5141,merinov_gosl,Gulf of Saint Lawrence,PET,NA,PET-NA-2011-8-14,2011,8,14,48.3943,-69.3461,Ascophyllum nodosum,Random,NA,NA,NA,NA,0
5142,merinov_gosl,Gulf of Saint Lawrence,PET,NA,PET-NA-2011-8-14,2011,8,14,48.3943,-69.3461,Fucus distichus subsp. evanescens,Random,NA,NA,1,1,0.08
5143,merinov_gosl,Gulf of Saint Lawrence,PET,NA,PET-NA-2011-8-14,2011,8,14,48.3943,-69.3461,Fucus vesiculosus,Random,NA,NA,NA,NA,0
5144,merinov_gosl,Gulf of Saint Lawrence,PET,NA,PET-NA-2011-8-14,2011,8,14,48.3943,-69.3454,Ascophyllum nodosum,Random,NA,NA,6,6,1.98
5145,merinov_gosl,Gulf of Saint Lawrence,PET,NA,PET-NA-2011-8-14,2011,8,14,48.3943,-69.3454,Fucus distichus subsp. evanescens,Random,NA,NA,3,3,0.32
5146,merinov_gosl,Gulf of Saint Lawrence,PET,NA,PET-NA-2011-8-14,2011,8,14,48.3943,-69.3454,Fucus vesiculosus,Random,NA,NA,7,7,0.18
5147,merinov_gosl,Gulf of Saint Lawrence,PET,NA,PET-NA-2011-8-14,2011,8,14,48.3943,-69.3447,Ascophyllum nodosum,Random,NA,NA,NA,NA,0
5148,merinov_gosl,Gulf of Saint Lawrence,PET,NA,PET-NA-2011-8-14,2011,8,14,48.3943,-69.3447,Fucus distichus subsp. evanescens,Random,NA,NA,NA,NA,0
5149,merinov_gosl,Gulf of Saint Lawrence,PET,NA,PET-NA-2011-8-14,2011,8,14,48.3943,-69.3447,Fucus vesiculosus,Random,NA,NA,NA,NA,0
5150,merinov_gosl,Gulf of Saint Lawrence,PET,NA,PET-NA-2011-8-14,2011,8,14,48.3943,-69.344,Ascophyllum nodosum,Random,NA,NA,1,1,0.11
5151,merinov_gosl,Gulf of Saint Lawrence,PET,NA,PET-NA-2011-8-14,2011,8,14,48.3943,-69.344,Fucus distichus subsp. evanescens,Random,NA,NA,35,35,2.74
5152,merinov_gosl,Gulf of Saint Lawrence,PET,NA,PET-NA-2011-8-14,2011,8,14,48.3943,-69.344,Fucus vesiculosus,Random,NA,NA,22,22,2.34
5153,merinov_gosl,Gulf of Saint Lawrence,PET,NA,PET-NA-2011-8-14,2011,8,14,48.3943,-69.3433,Ascophyllum nodosum,Random,NA,NA,6,6,1.63
5154,merinov_gosl,Gulf of Saint Lawrence,PET,NA,PET-NA-2011-8-14,2011,8,14,48.3943,-69.3433,Fucus distichus subsp. evanescens,Random,NA,NA,13,13,2.44
5155,merinov_gosl,Gulf of Saint Lawrence,PET,NA,PET-NA-2011-8-14,2011,8,14,48.3943,-69.3433,Fucus vesiculosus,Random,NA,NA,19,19,2.2
5156,merinov_gosl,Gulf of Saint Lawrence,PET,NA,PET-NA-2011-8-14,2011,8,14,48.3943,-69.3426,Ascophyllum nodosum,Random,NA,NA,NA,NA,0
5157,merinov_gosl,Gulf of Saint Lawrence,PET,NA,PET-NA-2011-8-14,2011,8,14,48.3943,-69.3426,Fucus distichus subsp. evanescens,Random,NA,NA,15,15,2.26
5158,merinov_gosl,Gulf of Saint Lawrence,PET,NA,PET-NA-2011-8-14,2011,8,14,48.3943,-69.3426,Fucus vesiculosus,Random,NA,NA,NA,NA,0
5159,merinov_gosl,Gulf of Saint Lawrence,PET,NA,PET-NA-2011-8-12,2011,8,12,48.396,-69.3479,Ascophyllum nodosum,Random,NA,NA,NA,NA,0
5160,merinov_gosl,Gulf of Saint Lawrence,PET,NA,PET-NA-2011-8-12,2011,8,12,48.396,-69.3479,Fucus distichus subsp. evanescens,Random,NA,NA,NA,NA,0
5161,merinov_gosl,Gulf of Saint Lawrence,PET,NA,PET-NA-2011-8-12,2011,8,12,48.396,-69.3479,Fucus vesiculosus,Random,NA,NA,NA,NA,0
5162,merinov_gosl,Gulf of Saint Lawrence,PET,NA,PET-NA-2011-8-12,2011,8,12,48.396,-69.3472,Ascophyllum nodosum,Random,NA,NA,NA,NA,0
5163,merinov_gosl,Gulf of Saint Lawrence,PET,NA,PET-NA-2011-8-12,2011,8,12,48.396,-69.3472,Fucus distichus subsp. evanescens,Random,NA,NA,NA,NA,0
5164,merinov_gosl,Gulf of Saint Lawrence,PET,NA,PET-NA-2011-8-12,2011,8,12,48.396,-69.3472,Fucus vesiculosus,Random,NA,NA,NA,NA,0
5165,merinov_gosl,Gulf of Saint Lawrence,PET,NA,PET-NA-2011-8-12,2011,8,12,48.396,-69.3465,Ascophyllum nodosum,Random,NA,NA,NA,NA,0
5166,merinov_gosl,Gulf of Saint Lawrence,PET,NA,PET-NA-2011-8-12,2011,8,12,48.396,-69.3465,Fucus distichus subsp. evanescens,Random,NA,NA,NA,NA,0
5167,merinov_gosl,Gulf of Saint Lawrence,PET,NA,PET-NA-2011-8-12,2011,8,12,48.396,-69.3465,Fucus vesiculosus,Random,NA,NA,NA,NA,0
5168,merinov_gosl,Gulf of Saint Lawrence,PET,NA,PET-NA-2011-8-12,2011,8,12,48.396,-69.3458,Ascophyllum nodosum,Random,NA,NA,28,28,13.45
5169,merinov_gosl,Gulf of Saint Lawrence,PET,NA,PET-NA-2011-8-12,2011,8,12,48.396,-69.3458,Fucus distichus subsp. evanescens,Random,NA,NA,NA,NA,0
5170,merinov_gosl,Gulf of Saint Lawrence,PET,NA,PET-NA-2011-8-12,2011,8,12,48.396,-69.3458,Fucus vesiculosus,Random,NA,NA,NA,NA,0
5171,merinov_gosl,Gulf of Saint Lawrence,PET,NA,PET-NA-2011-8-12,2011,8,12,48.396,-69.3451,Ascophyllum nodosum,Random,NA,NA,NA,NA,0
5172,merinov_gosl,Gulf of Saint Lawrence,PET,NA,PET-NA-2011-8-12,2011,8,12,48.396,-69.3451,Fucus distichus subsp. evanescens,Random,NA,NA,NA,NA,0
5173,merinov_gosl,Gulf of Saint Lawrence,PET,NA,PET-NA-2011-8-12,2011,8,12,48.396,-69.3451,Fucus vesiculosus,Random,NA,NA,2,2,0.98
5174,merinov_gosl,Gulf of Saint Lawrence,PET,NA,PET-NA-2011-8-12,2011,8,12,48.396,-69.3444,Ascophyllum nodosum,Random,NA,NA,NA,NA,0
5175,merinov_gosl,Gulf of Saint Lawrence,PET,NA,PET-NA-2011-8-12,2011,8,12,48.396,-69.3444,Fucus distichus subsp. evanescens,Random,NA,NA,NA,NA,0
5176,merinov_gosl,Gulf of Saint Lawrence,PET,NA,PET-NA-2011-8-12,2011,8,12,48.396,-69.3444,Fucus vesiculosus,Random,NA,NA,NA,NA,0
5177,merinov_gosl,Gulf of Saint Lawrence,PET,NA,PET-NA-2011-8-12,2011,8,12,48.396,-69.3437,Ascophyllum nodosum,Random,NA,NA,14,14,3.87
5178,merinov_gosl,Gulf of Saint Lawrence,PET,NA,PET-NA-2011-8-12,2011,8,12,48.396,-69.3437,Fucus distichus subsp. evanescens,Random,NA,NA,NA,NA,0
5179,merinov_gosl,Gulf of Saint Lawrence,PET,NA,PET-NA-2011-8-12,2011,8,12,48.396,-69.3437,Fucus vesiculosus,Random,NA,NA,13,13,1.86
5180,merinov_gosl,Gulf of Saint Lawrence,PET,NA,PET-NA-2011-8-13,2011,8,13,48.396,-69.3429,Ascophyllum nodosum,Random,NA,NA,NA,NA,0
5181,merinov_gosl,Gulf of Saint Lawrence,PET,NA,PET-NA-2011-8-13,2011,8,13,48.396,-69.3429,Fucus distichus subsp. evanescens,Random,NA,NA,NA,NA,0
5182,merinov_gosl,Gulf of Saint Lawrence,PET,NA,PET-NA-2011-8-13,2011,8,13,48.396,-69.3429,Fucus vesiculosus,Random,NA,NA,NA,NA,0
5183,merinov_gosl,Gulf of Saint Lawrence,PET,NA,PET-NA-2011-8-13,2011,8,13,48.396,-69.3422,Ascophyllum nodosum,Random,NA,NA,NA,NA,0
5184,merinov_gosl,Gulf of Saint Lawrence,PET,NA,PET-NA-2011-8-13,2011,8,13,48.396,-69.3422,Fucus distichus subsp. evanescens,Random,NA,NA,NA,NA,0
5185,merinov_gosl,Gulf of Saint Lawrence,PET,NA,PET-NA-2011-8-13,2011,8,13,48.396,-69.3422,Fucus vesiculosus,Random,NA,NA,NA,NA,0
5186,merinov_gosl,Gulf of Saint Lawrence,PET,NA,PET-NA-2011-8-13,2011,8,13,48.396,-69.3416,Ascophyllum nodosum,Random,NA,NA,5,5,1
5187,merinov_gosl,Gulf of Saint Lawrence,PET,NA,PET-NA-2011-8-13,2011,8,13,48.396,-69.3416,Fucus distichus subsp. evanescens,Random,NA,NA,NA,NA,0
5188,merinov_gosl,Gulf of Saint Lawrence,PET,NA,PET-NA-2011-8-13,2011,8,13,48.396,-69.3416,Fucus vesiculosus,Random,NA,NA,NA,NA,0
5189,merinov_gosl,Gulf of Saint Lawrence,PET,NA,PET-NA-2011-8-14,2011,8,14,48.396,-69.341,Ascophyllum nodosum,Random,NA,NA,NA,NA,0
5190,merinov_gosl,Gulf of Saint Lawrence,PET,NA,PET-NA-2011-8-14,2011,8,14,48.396,-69.341,Fucus distichus subsp. evanescens,Random,NA,NA,NA,NA,0
5191,merinov_gosl,Gulf of Saint Lawrence,PET,NA,PET-NA-2011-8-14,2011,8,14,48.396,-69.341,Fucus vesiculosus,Random,NA,NA,NA,NA,0
5192,merinov_gosl,Gulf of Saint Lawrence,PET,NA,PET-NA-2011-8-14,2011,8,14,48.396,-69.3402,Ascophyllum nodosum,Random,NA,NA,NA,NA,0
5193,merinov_gosl,Gulf of Saint Lawrence,PET,NA,PET-NA-2011-8-14,2011,8,14,48.396,-69.3402,Fucus distichus subsp. evanescens,Random,NA,NA,NA,NA,0
5194,merinov_gosl,Gulf of Saint Lawrence,PET,NA,PET-NA-2011-8-14,2011,8,14,48.396,-69.3402,Fucus vesiculosus,Random,NA,NA,NA,NA,0
5195,merinov_gosl,Gulf of Saint Lawrence,PET,NA,PET-NA-2011-8-14,2011,8,14,48.396,-69.3396,Ascophyllum nodosum,Random,NA,NA,2,2,0.27
5196,merinov_gosl,Gulf of Saint Lawrence,PET,NA,PET-NA-2011-8-14,2011,8,14,48.396,-69.3396,Fucus distichus subsp. evanescens,Random,NA,NA,13,13,0.62
5197,merinov_gosl,Gulf of Saint Lawrence,PET,NA,PET-NA-2011-8-14,2011,8,14,48.396,-69.3396,Fucus vesiculosus,Random,NA,NA,11,11,1.08
5198,merinov_gosl,Gulf of Saint Lawrence,PET,NA,PET-NA-2011-8-14,2011,8,14,48.396,-69.3388,Ascophyllum nodosum,Random,NA,NA,NA,NA,0
5199,merinov_gosl,Gulf of Saint Lawrence,PET,NA,PET-NA-2011-8-14,2011,8,14,48.396,-69.3388,Fucus distichus subsp. evanescens,Random,NA,NA,NA,NA,0
5200,merinov_gosl,Gulf of Saint Lawrence,PET,NA,PET-NA-2011-8-14,2011,8,14,48.396,-69.3388,Fucus vesiculosus,Random,NA,NA,NA,NA,0
5201,merinov_gosl,Gulf of Saint Lawrence,PET,NA,PET-NA-2011-8-14,2011,8,14,48.396,-69.3382,Ascophyllum nodosum,Random,NA,NA,3,3,0.24
5202,merinov_gosl,Gulf of Saint Lawrence,PET,NA,PET-NA-2011-8-14,2011,8,14,48.396,-69.3382,Fucus distichus subsp. evanescens,Random,NA,NA,20,20,1.54
5203,merinov_gosl,Gulf of Saint Lawrence,PET,NA,PET-NA-2011-8-14,2011,8,14,48.396,-69.3382,Fucus vesiculosus,Random,NA,NA,2,2,0.21
5204,merinov_gosl,Gulf of Saint Lawrence,PET,NA,PET-NA-2011-8-14,2011,8,14,48.396,-69.3374,Ascophyllum nodosum,Random,NA,NA,NA,NA,0
5205,merinov_gosl,Gulf of Saint Lawrence,PET,NA,PET-NA-2011-8-14,2011,8,14,48.396,-69.3374,Fucus distichus subsp. evanescens,Random,NA,NA,NA,NA,0
5206,merinov_gosl,Gulf of Saint Lawrence,PET,NA,PET-NA-2011-8-14,2011,8,14,48.396,-69.3374,Fucus vesiculosus,Random,NA,NA,NA,NA,0
5207,merinov_gosl,Gulf of Saint Lawrence,PET,NA,PET-NA-2011-8-14,2011,8,14,48.396,-69.3368,Ascophyllum nodosum,Random,NA,NA,NA,NA,0
5208,merinov_gosl,Gulf of Saint Lawrence,PET,NA,PET-NA-2011-8-14,2011,8,14,48.396,-69.3368,Fucus distichus subsp. evanescens,Random,NA,NA,3,3,0.07
5209,merinov_gosl,Gulf of Saint Lawrence,PET,NA,PET-NA-2011-8-14,2011,8,14,48.396,-69.3368,Fucus vesiculosus,Random,NA,NA,NA,NA,0
5210,merinov_gosl,Gulf of Saint Lawrence,PET,NA,PET-NA-2011-8-14,2011,8,14,48.396,-69.3361,Ascophyllum nodosum,Random,NA,NA,NA,NA,0
5211,merinov_gosl,Gulf of Saint Lawrence,PET,NA,PET-NA-2011-8-14,2011,8,14,48.396,-69.3361,Fucus distichus subsp. evanescens,Random,NA,NA,NA,NA,0
5212,merinov_gosl,Gulf of Saint Lawrence,PET,NA,PET-NA-2011-8-14,2011,8,14,48.396,-69.3361,Fucus vesiculosus,Random,NA,NA,NA,NA,0
5213,merinov_gosl,Gulf of Saint Lawrence,PET,NA,PET-NA-2011-8-12,2011,8,12,48.3977,-69.3452,Ascophyllum nodosum,Random,NA,NA,NA,NA,0
5214,merinov_gosl,Gulf of Saint Lawrence,PET,NA,PET-NA-2011-8-12,2011,8,12,48.3977,-69.3452,Fucus distichus subsp. evanescens,Random,NA,NA,NA,NA,0
5215,merinov_gosl,Gulf of Saint Lawrence,PET,NA,PET-NA-2011-8-12,2011,8,12,48.3977,-69.3452,Fucus vesiculosus,Random,NA,NA,NA,NA,0
5216,merinov_gosl,Gulf of Saint Lawrence,PET,NA,PET-NA-2011-8-12,2011,8,12,48.3977,-69.3445,Ascophyllum nodosum,Random,NA,NA,NA,NA,0
5217,merinov_gosl,Gulf of Saint Lawrence,PET,NA,PET-NA-2011-8-12,2011,8,12,48.3977,-69.3445,Fucus distichus subsp. evanescens,Random,NA,NA,NA,NA,0
5218,merinov_gosl,Gulf of Saint Lawrence,PET,NA,PET-NA-2011-8-12,2011,8,12,48.3977,-69.3445,Fucus vesiculosus,Random,NA,NA,NA,NA,0
5219,merinov_gosl,Gulf of Saint Lawrence,PET,NA,PET-NA-2011-8-12,2011,8,12,48.3977,-69.344,Ascophyllum nodosum,Random,NA,NA,NA,NA,0
5220,merinov_gosl,Gulf of Saint Lawrence,PET,NA,PET-NA-2011-8-12,2011,8,12,48.3977,-69.344,Fucus distichus subsp. evanescens,Random,NA,NA,NA,NA,0
5221,merinov_gosl,Gulf of Saint Lawrence,PET,NA,PET-NA-2011-8-12,2011,8,12,48.3977,-69.344,Fucus vesiculosus,Random,NA,NA,NA,NA,0
5222,merinov_gosl,Gulf of Saint Lawrence,PET,NA,PET-NA-2011-8-13,2011,8,13,48.3977,-69.3433,Ascophyllum nodosum,Random,NA,NA,3,3,0.92
5223,merinov_gosl,Gulf of Saint Lawrence,PET,NA,PET-NA-2011-8-13,2011,8,13,48.3977,-69.3433,Fucus distichus subsp. evanescens,Random,NA,NA,NA,NA,0
5224,merinov_gosl,Gulf of Saint Lawrence,PET,NA,PET-NA-2011-8-13,2011,8,13,48.3977,-69.3433,Fucus vesiculosus,Random,NA,NA,3,3,0.26
5225,merinov_gosl,Gulf of Saint Lawrence,PET,NA,PET-NA-2011-8-13,2011,8,13,48.3977,-69.3425,Ascophyllum nodosum,Random,NA,NA,NA,NA,0
5226,merinov_gosl,Gulf of Saint Lawrence,PET,NA,PET-NA-2011-8-13,2011,8,13,48.3977,-69.3425,Fucus distichus subsp. evanescens,Random,NA,NA,NA,NA,0
5227,merinov_gosl,Gulf of Saint Lawrence,PET,NA,PET-NA-2011-8-13,2011,8,13,48.3977,-69.3425,Fucus vesiculosus,Random,NA,NA,NA,NA,0
5228,merinov_gosl,Gulf of Saint Lawrence,PET,NA,PET-NA-2011-8-13,2011,8,13,48.3977,-69.3418,Ascophyllum nodosum,Random,NA,NA,NA,NA,0
5229,merinov_gosl,Gulf of Saint Lawrence,PET,NA,PET-NA-2011-8-13,2011,8,13,48.3977,-69.3418,Fucus distichus subsp. evanescens,Random,NA,NA,NA,NA,0
5230,merinov_gosl,Gulf of Saint Lawrence,PET,NA,PET-NA-2011-8-13,2011,8,13,48.3977,-69.3418,Fucus vesiculosus,Random,NA,NA,NA,NA,0
5231,merinov_gosl,Gulf of Saint Lawrence,PET,NA,PET-NA-2011-8-13,2011,8,13,48.3977,-69.3411,Ascophyllum nodosum,Random,NA,NA,NA,NA,0
5232,merinov_gosl,Gulf of Saint Lawrence,PET,NA,PET-NA-2011-8-13,2011,8,13,48.3977,-69.3411,Fucus distichus subsp. evanescens,Random,NA,NA,NA,NA,0
5233,merinov_gosl,Gulf of Saint Lawrence,PET,NA,PET-NA-2011-8-13,2011,8,13,48.3977,-69.3411,Fucus vesiculosus,Random,NA,NA,NA,NA,0
5234,merinov_gosl,Gulf of Saint Lawrence,PET,NA,PET-NA-2011-8-13,2011,8,13,48.3977,-69.3404,Ascophyllum nodosum,Random,NA,NA,NA,NA,0
5235,merinov_gosl,Gulf of Saint Lawrence,PET,NA,PET-NA-2011-8-13,2011,8,13,48.3977,-69.3404,Fucus distichus subsp. evanescens,Random,NA,NA,NA,NA,0
5236,merinov_gosl,Gulf of Saint Lawrence,PET,NA,PET-NA-2011-8-13,2011,8,13,48.3977,-69.3404,Fucus vesiculosus,Random,NA,NA,NA,NA,0
5237,merinov_gosl,Gulf of Saint Lawrence,PET,NA,PET-NA-2011-8-13,2011,8,13,48.3977,-69.3398,Ascophyllum nodosum,Random,NA,NA,3,3,0.77
5238,merinov_gosl,Gulf of Saint Lawrence,PET,NA,PET-NA-2011-8-13,2011,8,13,48.3977,-69.3398,Fucus distichus subsp. evanescens,Random,NA,NA,NA,NA,0
5239,merinov_gosl,Gulf of Saint Lawrence,PET,NA,PET-NA-2011-8-13,2011,8,13,48.3977,-69.3398,Fucus vesiculosus,Random,NA,NA,NA,NA,0
5240,merinov_gosl,Gulf of Saint Lawrence,PET,NA,PET-NA-2011-8-13,2011,8,13,48.3977,-69.339,Ascophyllum nodosum,Random,NA,NA,NA,NA,0
5241,merinov_gosl,Gulf of Saint Lawrence,PET,NA,PET-NA-2011-8-13,2011,8,13,48.3977,-69.339,Fucus distichus subsp. evanescens,Random,NA,NA,NA,NA,0
5242,merinov_gosl,Gulf of Saint Lawrence,PET,NA,PET-NA-2011-8-13,2011,8,13,48.3977,-69.339,Fucus vesiculosus,Random,NA,NA,NA,NA,0
5243,merinov_gosl,Gulf of Saint Lawrence,PET,NA,PET-NA-2011-8-13,2011,8,13,48.3977,-69.3383,Ascophyllum nodosum,Random,NA,NA,3,3,0.55
5244,merinov_gosl,Gulf of Saint Lawrence,PET,NA,PET-NA-2011-8-13,2011,8,13,48.3977,-69.3383,Fucus distichus subsp. evanescens,Random,NA,NA,44,44,2.2
5245,merinov_gosl,Gulf of Saint Lawrence,PET,NA,PET-NA-2011-8-13,2011,8,13,48.3977,-69.3383,Fucus vesiculosus,Random,NA,NA,5,5,0.52
5246,merinov_gosl,Gulf of Saint Lawrence,PET,NA,PET-NA-2011-8-13,2011,8,13,48.3977,-69.3376,Ascophyllum nodosum,Random,NA,NA,NA,NA,0
5247,merinov_gosl,Gulf of Saint Lawrence,PET,NA,PET-NA-2011-8-13,2011,8,13,48.3977,-69.3376,Fucus distichus subsp. evanescens,Random,NA,NA,NA,NA,0
5248,merinov_gosl,Gulf of Saint Lawrence,PET,NA,PET-NA-2011-8-13,2011,8,13,48.3977,-69.3376,Fucus vesiculosus,Random,NA,NA,NA,NA,0
5249,merinov_gosl,Gulf of Saint Lawrence,PET,NA,PET-NA-2011-8-13,2011,8,13,48.3977,-69.3369,Ascophyllum nodosum,Random,NA,NA,NA,NA,0
5250,merinov_gosl,Gulf of Saint Lawrence,PET,NA,PET-NA-2011-8-13,2011,8,13,48.3977,-69.3369,Fucus distichus subsp. evanescens,Random,NA,NA,NA,NA,0
5251,merinov_gosl,Gulf of Saint Lawrence,PET,NA,PET-NA-2011-8-13,2011,8,13,48.3977,-69.3369,Fucus vesiculosus,Random,NA,NA,NA,NA,0
5252,merinov_gosl,Gulf of Saint Lawrence,PET,NA,PET-NA-2011-8-13,2011,8,13,48.3977,-69.3362,Ascophyllum nodosum,Random,NA,NA,NA,NA,0
5253,merinov_gosl,Gulf of Saint Lawrence,PET,NA,PET-NA-2011-8-13,2011,8,13,48.3977,-69.3362,Fucus distichus subsp. evanescens,Random,NA,NA,NA,NA,0
5254,merinov_gosl,Gulf of Saint Lawrence,PET,NA,PET-NA-2011-8-13,2011,8,13,48.3977,-69.3362,Fucus vesiculosus,Random,NA,NA,NA,NA,0
5255,merinov_gosl,Gulf of Saint Lawrence,PET,NA,PET-NA-2011-8-13,2011,8,13,48.3977,-69.3355,Ascophyllum nodosum,Random,NA,NA,1,1,0.03
5256,merinov_gosl,Gulf of Saint Lawrence,PET,NA,PET-NA-2011-8-13,2011,8,13,48.3977,-69.3355,Fucus distichus subsp. evanescens,Random,NA,NA,12,12,1.06
5257,merinov_gosl,Gulf of Saint Lawrence,PET,NA,PET-NA-2011-8-13,2011,8,13,48.3977,-69.3355,Fucus vesiculosus,Random,NA,NA,NA,NA,0
5258,merinov_gosl,Gulf of Saint Lawrence,PET,NA,PET-NA-2011-8-13,2011,8,13,48.3977,-69.3348,Ascophyllum nodosum,Random,NA,NA,NA,NA,0
5259,merinov_gosl,Gulf of Saint Lawrence,PET,NA,PET-NA-2011-8-13,2011,8,13,48.3977,-69.3348,Fucus distichus subsp. evanescens,Random,NA,NA,14,14,1.1
5260,merinov_gosl,Gulf of Saint Lawrence,PET,NA,PET-NA-2011-8-13,2011,8,13,48.3977,-69.3348,Fucus vesiculosus,Random,NA,NA,NA,NA,0
5261,merinov_gosl,Gulf of Saint Lawrence,PET,NA,PET-NA-2011-8-13,2011,8,13,48.3977,-69.3341,Ascophyllum nodosum,Random,NA,NA,NA,NA,0
5262,merinov_gosl,Gulf of Saint Lawrence,PET,NA,PET-NA-2011-8-13,2011,8,13,48.3977,-69.3341,Fucus distichus subsp. evanescens,Random,NA,NA,NA,NA,0
5263,merinov_gosl,Gulf of Saint Lawrence,PET,NA,PET-NA-2011-8-13,2011,8,13,48.3977,-69.3341,Fucus vesiculosus,Random,NA,NA,NA,NA,0
5264,merinov_gosl,Gulf of Saint Lawrence,PET,NA,PET-NA-2011-8-13,2011,8,13,48.3977,-69.3333,Ascophyllum nodosum,Random,NA,NA,NA,NA,0
5265,merinov_gosl,Gulf of Saint Lawrence,PET,NA,PET-NA-2011-8-13,2011,8,13,48.3977,-69.3333,Fucus distichus subsp. evanescens,Random,NA,NA,NA,NA,0
5266,merinov_gosl,Gulf of Saint Lawrence,PET,NA,PET-NA-2011-8-13,2011,8,13,48.3977,-69.3333,Fucus vesiculosus,Random,NA,NA,NA,NA,0
5267,merinov_gosl,Gulf of Saint Lawrence,PET,NA,PET-NA-2011-8-13,2011,8,13,48.3977,-69.3326,Ascophyllum nodosum,Random,NA,NA,NA,NA,0
5268,merinov_gosl,Gulf of Saint Lawrence,PET,NA,PET-NA-2011-8-13,2011,8,13,48.3977,-69.3326,Fucus distichus subsp. evanescens,Random,NA,NA,37,37,6.1
5269,merinov_gosl,Gulf of Saint Lawrence,PET,NA,PET-NA-2011-8-13,2011,8,13,48.3977,-69.3326,Fucus vesiculosus,Random,NA,NA,3,3,0.55
5270,merinov_gosl,Gulf of Saint Lawrence,PET,NA,PET-NA-2011-8-13,2011,8,13,48.3977,-69.3319,Ascophyllum nodosum,Random,NA,NA,NA,NA,0
5271,merinov_gosl,Gulf of Saint Lawrence,PET,NA,PET-NA-2011-8-13,2011,8,13,48.3977,-69.3319,Fucus distichus subsp. evanescens,Random,NA,NA,2,2,0.6
5272,merinov_gosl,Gulf of Saint Lawrence,PET,NA,PET-NA-2011-8-13,2011,8,13,48.3977,-69.3319,Fucus vesiculosus,Random,NA,NA,2,2,0.5
5273,merinov_gosl,Gulf of Saint Lawrence,PET,NA,PET-NA-2011-8-13,2011,8,13,48.3977,-69.3312,Ascophyllum nodosum,Random,NA,NA,NA,NA,0
5274,merinov_gosl,Gulf of Saint Lawrence,PET,NA,PET-NA-2011-8-13,2011,8,13,48.3977,-69.3312,Fucus distichus subsp. evanescens,Random,NA,NA,6,6,0.7
5275,merinov_gosl,Gulf of Saint Lawrence,PET,NA,PET-NA-2011-8-13,2011,8,13,48.3977,-69.3312,Fucus vesiculosus,Random,NA,NA,27,27,6.5
5276,merinov_gosl,Gulf of Saint Lawrence,PET,NA,PET-NA-2011-8-13,2011,8,13,48.3977,-69.3305,Ascophyllum nodosum,Random,NA,NA,4,4,0.7
5277,merinov_gosl,Gulf of Saint Lawrence,PET,NA,PET-NA-2011-8-13,2011,8,13,48.3977,-69.3305,Fucus distichus subsp. evanescens,Random,NA,NA,9,9,2.1
5278,merinov_gosl,Gulf of Saint Lawrence,PET,NA,PET-NA-2011-8-13,2011,8,13,48.3977,-69.3305,Fucus vesiculosus,Random,NA,NA,22,22,7.5
5279,merinov_gosl,Gulf of Saint Lawrence,PET,NA,PET-NA-2011-8-13,2011,8,13,48.3977,-69.3297,Ascophyllum nodosum,Random,NA,NA,NA,NA,0
5280,merinov_gosl,Gulf of Saint Lawrence,PET,NA,PET-NA-2011-8-13,2011,8,13,48.3977,-69.3297,Fucus distichus subsp. evanescens,Random,NA,NA,5,5,0.7
5281,merinov_gosl,Gulf of Saint Lawrence,PET,NA,PET-NA-2011-8-13,2011,8,13,48.3977,-69.3297,Fucus vesiculosus,Random,NA,NA,NA,NA,0
5282,merinov_gosl,Gulf of Saint Lawrence,PET,NA,PET-NA-2011-8-13,2011,8,13,48.3977,-69.3291,Ascophyllum nodosum,Random,NA,NA,31,31,12.45
5283,merinov_gosl,Gulf of Saint Lawrence,PET,NA,PET-NA-2011-8-13,2011,8,13,48.3977,-69.3291,Fucus distichus subsp. evanescens,Random,NA,NA,NA,NA,0
5284,merinov_gosl,Gulf of Saint Lawrence,PET,NA,PET-NA-2011-8-13,2011,8,13,48.3977,-69.3291,Fucus vesiculosus,Random,NA,NA,NA,NA,0
5285,merinov_gosl,Gulf of Saint Lawrence,PET,NA,PET-NA-2011-8-14,2011,8,14,48.3994,-69.3391,Ascophyllum nodosum,Random,NA,NA,1,1,0.01
5286,merinov_gosl,Gulf of Saint Lawrence,PET,NA,PET-NA-2011-8-14,2011,8,14,48.3994,-69.3391,Fucus distichus subsp. evanescens,Random,NA,NA,NA,NA,0
5287,merinov_gosl,Gulf of Saint Lawrence,PET,NA,PET-NA-2011-8-14,2011,8,14,48.3994,-69.3391,Fucus vesiculosus,Random,NA,NA,1,1,0.3
5288,merinov_gosl,Gulf of Saint Lawrence,PET,NA,PET-NA-2011-8-14,2011,8,14,48.3994,-69.3384,Ascophyllum nodosum,Random,NA,NA,NA,NA,0
5289,merinov_gosl,Gulf of Saint Lawrence,PET,NA,PET-NA-2011-8-14,2011,8,14,48.3994,-69.3384,Fucus distichus subsp. evanescens,Random,NA,NA,NA,NA,0
5290,merinov_gosl,Gulf of Saint Lawrence,PET,NA,PET-NA-2011-8-14,2011,8,14,48.3994,-69.3384,Fucus vesiculosus,Random,NA,NA,NA,NA,0
5291,merinov_gosl,Gulf of Saint Lawrence,PET,NA,PET-NA-2011-8-14,2011,8,14,48.3994,-69.3378,Ascophyllum nodosum,Random,NA,NA,NA,NA,0
5292,merinov_gosl,Gulf of Saint Lawrence,PET,NA,PET-NA-2011-8-14,2011,8,14,48.3994,-69.3378,Fucus distichus subsp. evanescens,Random,NA,NA,1,1,0.05
5293,merinov_gosl,Gulf of Saint Lawrence,PET,NA,PET-NA-2011-8-14,2011,8,14,48.3994,-69.3378,Fucus vesiculosus,Random,NA,NA,NA,NA,0
5294,merinov_gosl,Gulf of Saint Lawrence,PET,NA,PET-NA-2011-8-14,2011,8,14,48.3994,-69.3371,Ascophyllum nodosum,Random,NA,NA,NA,NA,0
5295,merinov_gosl,Gulf of Saint Lawrence,PET,NA,PET-NA-2011-8-14,2011,8,14,48.3994,-69.3371,Fucus distichus subsp. evanescens,Random,NA,NA,NA,NA,0
5296,merinov_gosl,Gulf of Saint Lawrence,PET,NA,PET-NA-2011-8-14,2011,8,14,48.3994,-69.3371,Fucus vesiculosus,Random,NA,NA,NA,NA,0
5297,merinov_gosl,Gulf of Saint Lawrence,PET,NA,PET-NA-2011-8-14,2011,8,14,48.3994,-69.3363,Ascophyllum nodosum,Random,NA,NA,NA,NA,0
5298,merinov_gosl,Gulf of Saint Lawrence,PET,NA,PET-NA-2011-8-14,2011,8,14,48.3994,-69.3363,Fucus distichus subsp. evanescens,Random,NA,NA,NA,NA,0
5299,merinov_gosl,Gulf of Saint Lawrence,PET,NA,PET-NA-2011-8-14,2011,8,14,48.3994,-69.3363,Fucus vesiculosus,Random,NA,NA,NA,NA,0
5300,merinov_gosl,Gulf of Saint Lawrence,PET,NA,PET-NA-2011-8-14,2011,8,14,48.3994,-69.3357,Ascophyllum nodosum,Random,NA,NA,5,5,1.3
5301,merinov_gosl,Gulf of Saint Lawrence,PET,NA,PET-NA-2011-8-14,2011,8,14,48.3994,-69.3357,Fucus distichus subsp. evanescens,Random,NA,NA,3,3,0.4
5302,merinov_gosl,Gulf of Saint Lawrence,PET,NA,PET-NA-2011-8-14,2011,8,14,48.3994,-69.3357,Fucus vesiculosus,Random,NA,NA,29,29,2.95
5303,merinov_gosl,Gulf of Saint Lawrence,PET,NA,PET-NA-2011-8-14,2011,8,14,48.3994,-69.3349,Ascophyllum nodosum,Random,NA,NA,NA,NA,0
5304,merinov_gosl,Gulf of Saint Lawrence,PET,NA,PET-NA-2011-8-14,2011,8,14,48.3994,-69.3349,Fucus distichus subsp. evanescens,Random,NA,NA,NA,NA,0
5305,merinov_gosl,Gulf of Saint Lawrence,PET,NA,PET-NA-2011-8-14,2011,8,14,48.3994,-69.3349,Fucus vesiculosus,Random,NA,NA,NA,NA,0
5306,merinov_gosl,Gulf of Saint Lawrence,PET,NA,PET-NA-2011-8-14,2011,8,14,48.3994,-69.3342,Ascophyllum nodosum,Random,NA,NA,NA,NA,0
5307,merinov_gosl,Gulf of Saint Lawrence,PET,NA,PET-NA-2011-8-14,2011,8,14,48.3994,-69.3342,Fucus distichus subsp. evanescens,Random,NA,NA,NA,NA,0
5308,merinov_gosl,Gulf of Saint Lawrence,PET,NA,PET-NA-2011-8-14,2011,8,14,48.3994,-69.3342,Fucus vesiculosus,Random,NA,NA,NA,NA,0
5309,merinov_gosl,Gulf of Saint Lawrence,PET,NA,PET-NA-2011-8-14,2011,8,14,48.3994,-69.3336,Ascophyllum nodosum,Random,NA,NA,17,17,6.93
5310,merinov_gosl,Gulf of Saint Lawrence,PET,NA,PET-NA-2011-8-14,2011,8,14,48.3994,-69.3336,Fucus distichus subsp. evanescens,Random,NA,NA,7,7,0.57
5311,merinov_gosl,Gulf of Saint Lawrence,PET,NA,PET-NA-2011-8-14,2011,8,14,48.3994,-69.3336,Fucus vesiculosus,Random,NA,NA,5,5,0.25
5312,merinov_gosl,Gulf of Saint Lawrence,PET,NA,PET-NA-2011-8-14,2011,8,14,48.3994,-69.3329,Ascophyllum nodosum,Random,NA,NA,10,10,1.13
5313,merinov_gosl,Gulf of Saint Lawrence,PET,NA,PET-NA-2011-8-14,2011,8,14,48.3994,-69.3329,Fucus distichus subsp. evanescens,Random,NA,NA,2,2,0.14
5314,merinov_gosl,Gulf of Saint Lawrence,PET,NA,PET-NA-2011-8-14,2011,8,14,48.3994,-69.3329,Fucus vesiculosus,Random,NA,NA,7,7,0.69
5315,merinov_gosl,Gulf of Saint Lawrence,PET,NA,PET-NA-2011-8-14,2011,8,14,48.3994,-69.3321,Ascophyllum nodosum,Random,NA,NA,13,13,4.35
5316,merinov_gosl,Gulf of Saint Lawrence,PET,NA,PET-NA-2011-8-14,2011,8,14,48.3994,-69.3321,Fucus distichus subsp. evanescens,Random,NA,NA,8,8,0.5
5317,merinov_gosl,Gulf of Saint Lawrence,PET,NA,PET-NA-2011-8-14,2011,8,14,48.3994,-69.3321,Fucus vesiculosus,Random,NA,NA,NA,NA,0
5318,merinov_gosl,Gulf of Saint Lawrence,PET,NA,PET-NA-2011-8-14,2011,8,14,48.3994,-69.3316,Ascophyllum nodosum,Random,NA,NA,NA,NA,0
5319,merinov_gosl,Gulf of Saint Lawrence,PET,NA,PET-NA-2011-8-14,2011,8,14,48.3994,-69.3316,Fucus distichus subsp. evanescens,Random,NA,NA,NA,NA,0
5320,merinov_gosl,Gulf of Saint Lawrence,PET,NA,PET-NA-2011-8-14,2011,8,14,48.3994,-69.3316,Fucus vesiculosus,Random,NA,NA,NA,NA,0
5321,merinov_gosl,Gulf of Saint Lawrence,PET,NA,PET-NA-2011-8-14,2011,8,14,48.3994,-69.3307,Ascophyllum nodosum,Random,NA,NA,3,3,0.33
5322,merinov_gosl,Gulf of Saint Lawrence,PET,NA,PET-NA-2011-8-14,2011,8,14,48.3994,-69.3307,Fucus distichus subsp. evanescens,Random,NA,NA,NA,NA,0
5323,merinov_gosl,Gulf of Saint Lawrence,PET,NA,PET-NA-2011-8-14,2011,8,14,48.3994,-69.3307,Fucus vesiculosus,Random,NA,NA,1,1,0.07
5324,merinov_gosl,Gulf of Saint Lawrence,PET,NA,PET-NA-2011-8-14,2011,8,14,48.3994,-69.33,Ascophyllum nodosum,Random,NA,NA,NA,NA,0
5325,merinov_gosl,Gulf of Saint Lawrence,PET,NA,PET-NA-2011-8-14,2011,8,14,48.3994,-69.33,Fucus distichus subsp. evanescens,Random,NA,NA,NA,NA,0
5326,merinov_gosl,Gulf of Saint Lawrence,PET,NA,PET-NA-2011-8-14,2011,8,14,48.3994,-69.33,Fucus vesiculosus,Random,NA,NA,NA,NA,0
5327,merinov_gosl,Gulf of Saint Lawrence,PET,NA,PET-NA-2011-8-14,2011,8,14,48.3994,-69.3293,Ascophyllum nodosum,Random,NA,NA,NA,NA,0
5328,merinov_gosl,Gulf of Saint Lawrence,PET,NA,PET-NA-2011-8-14,2011,8,14,48.3994,-69.3293,Fucus distichus subsp. evanescens,Random,NA,NA,NA,NA,0
5329,merinov_gosl,Gulf of Saint Lawrence,PET,NA,PET-NA-2011-8-14,2011,8,14,48.3994,-69.3293,Fucus vesiculosus,Random,NA,NA,NA,NA,0
5330,merinov_gosl,Gulf of Saint Lawrence,PET,NA,PET-NA-2011-8-14,2011,8,14,48.3994,-69.3286,Ascophyllum nodosum,Random,NA,NA,13,13,4.49
5331,merinov_gosl,Gulf of Saint Lawrence,PET,NA,PET-NA-2011-8-14,2011,8,14,48.3994,-69.3286,Fucus distichus subsp. evanescens,Random,NA,NA,2,2,0.35
5332,merinov_gosl,Gulf of Saint Lawrence,PET,NA,PET-NA-2011-8-14,2011,8,14,48.3994,-69.3286,Fucus vesiculosus,Random,NA,NA,17,17,3.05
5333,merinov_gosl,Gulf of Saint Lawrence,PET,NA,PET-NA-2011-8-14,2011,8,14,48.4011,-69.339,Ascophyllum nodosum,Random,NA,NA,NA,NA,0
5334,merinov_gosl,Gulf of Saint Lawrence,PET,NA,PET-NA-2011-8-14,2011,8,14,48.4011,-69.339,Fucus distichus subsp. evanescens,Random,NA,NA,NA,NA,0
5335,merinov_gosl,Gulf of Saint Lawrence,PET,NA,PET-NA-2011-8-14,2011,8,14,48.4011,-69.339,Fucus vesiculosus,Random,NA,NA,NA,NA,0
5336,merinov_gosl,Gulf of Saint Lawrence,PET,NA,PET-NA-2011-8-14,2011,8,14,48.4011,-69.3382,Ascophyllum nodosum,Random,NA,NA,NA,NA,0
5337,merinov_gosl,Gulf of Saint Lawrence,PET,NA,PET-NA-2011-8-14,2011,8,14,48.4011,-69.3382,Fucus distichus subsp. evanescens,Random,NA,NA,NA,NA,0
5338,merinov_gosl,Gulf of Saint Lawrence,PET,NA,PET-NA-2011-8-14,2011,8,14,48.4011,-69.3382,Fucus vesiculosus,Random,NA,NA,NA,NA,0
5339,merinov_gosl,Gulf of Saint Lawrence,PET,NA,PET-NA-2011-8-14,2011,8,14,48.4011,-69.3376,Ascophyllum nodosum,Random,NA,NA,NA,NA,0
5340,merinov_gosl,Gulf of Saint Lawrence,PET,NA,PET-NA-2011-8-14,2011,8,14,48.4011,-69.3376,Fucus distichus subsp. evanescens,Random,NA,NA,NA,NA,0
5341,merinov_gosl,Gulf of Saint Lawrence,PET,NA,PET-NA-2011-8-14,2011,8,14,48.4011,-69.3376,Fucus vesiculosus,Random,NA,NA,NA,NA,0
5342,merinov_gosl,Gulf of Saint Lawrence,PET,NA,PET-NA-2011-8-14,2011,8,14,48.4011,-69.3367,Ascophyllum nodosum,Random,NA,NA,19,19,6.15
5343,merinov_gosl,Gulf of Saint Lawrence,PET,NA,PET-NA-2011-8-14,2011,8,14,48.4011,-69.3367,Fucus distichus subsp. evanescens,Random,NA,NA,NA,NA,0
5344,merinov_gosl,Gulf of Saint Lawrence,PET,NA,PET-NA-2011-8-14,2011,8,14,48.4011,-69.3367,Fucus vesiculosus,Random,NA,NA,NA,NA,0
5345,merinov_gosl,Gulf of Saint Lawrence,PET,NA,PET-NA-2011-8-14,2011,8,14,48.4011,-69.336,Ascophyllum nodosum,Random,NA,NA,NA,NA,0
5346,merinov_gosl,Gulf of Saint Lawrence,PET,NA,PET-NA-2011-8-14,2011,8,14,48.4011,-69.336,Fucus distichus subsp. evanescens,Random,NA,NA,9,9,0.14
5347,merinov_gosl,Gulf of Saint Lawrence,PET,NA,PET-NA-2011-8-14,2011,8,14,48.4011,-69.336,Fucus vesiculosus,Random,NA,NA,NA,NA,0
5348,merinov_gosl,Gulf of Saint Lawrence,PET,NA,PET-NA-2011-8-14,2011,8,14,48.4011,-69.3353,Ascophyllum nodosum,Random,NA,NA,NA,NA,0
5349,merinov_gosl,Gulf of Saint Lawrence,PET,NA,PET-NA-2011-8-14,2011,8,14,48.4011,-69.3353,Fucus distichus subsp. evanescens,Random,NA,NA,NA,NA,0
5350,merinov_gosl,Gulf of Saint Lawrence,PET,NA,PET-NA-2011-8-14,2011,8,14,48.4011,-69.3353,Fucus vesiculosus,Random,NA,NA,NA,NA,0
5351,merinov_gosl,Gulf of Saint Lawrence,PET,NA,PET-NA-2011-8-14,2011,8,14,48.4011,-69.3346,Ascophyllum nodosum,Random,NA,NA,NA,NA,0
5352,merinov_gosl,Gulf of Saint Lawrence,PET,NA,PET-NA-2011-8-14,2011,8,14,48.4011,-69.3346,Fucus distichus subsp. evanescens,Random,NA,NA,NA,NA,0
5353,merinov_gosl,Gulf of Saint Lawrence,PET,NA,PET-NA-2011-8-14,2011,8,14,48.4011,-69.3346,Fucus vesiculosus,Random,NA,NA,NA,NA,0
5354,merinov_gosl,Gulf of Saint Lawrence,PET,NA,PET-NA-2011-8-14,2011,8,14,48.4011,-69.3339,Ascophyllum nodosum,Random,NA,NA,NA,NA,0
5355,merinov_gosl,Gulf of Saint Lawrence,PET,NA,PET-NA-2011-8-14,2011,8,14,48.4011,-69.3339,Fucus distichus subsp. evanescens,Random,NA,NA,NA,NA,0
5356,merinov_gosl,Gulf of Saint Lawrence,PET,NA,PET-NA-2011-8-14,2011,8,14,48.4011,-69.3339,Fucus vesiculosus,Random,NA,NA,NA,NA,0
5357,merinov_gosl,Gulf of Saint Lawrence,PET,NA,PET-NA-2011-8-14,2011,8,14,48.4011,-69.3332,Ascophyllum nodosum,Random,NA,NA,NA,NA,0
5358,merinov_gosl,Gulf of Saint Lawrence,PET,NA,PET-NA-2011-8-14,2011,8,14,48.4011,-69.3332,Fucus distichus subsp. evanescens,Random,NA,NA,NA,NA,0
5359,merinov_gosl,Gulf of Saint Lawrence,PET,NA,PET-NA-2011-8-14,2011,8,14,48.4011,-69.3332,Fucus vesiculosus,Random,NA,NA,NA,NA,0
5360,merinov_gosl,Gulf of Saint Lawrence,PET,NA,PET-NA-2011-8-14,2011,8,14,48.4011,-69.3325,Ascophyllum nodosum,Random,NA,NA,NA,NA,0
5361,merinov_gosl,Gulf of Saint Lawrence,PET,NA,PET-NA-2011-8-14,2011,8,14,48.4011,-69.3325,Fucus distichus subsp. evanescens,Random,NA,NA,NA,NA,0
5362,merinov_gosl,Gulf of Saint Lawrence,PET,NA,PET-NA-2011-8-14,2011,8,14,48.4011,-69.3325,Fucus vesiculosus,Random,NA,NA,NA,NA,0
5363,merinov_gosl,Gulf of Saint Lawrence,PET,NA,PET-NA-2011-8-15,2011,8,15,48.4011,-69.3318,Ascophyllum nodosum,Random,NA,NA,4,4,0.52
5364,merinov_gosl,Gulf of Saint Lawrence,PET,NA,PET-NA-2011-8-15,2011,8,15,48.4011,-69.3318,Fucus distichus subsp. evanescens,Random,NA,NA,7,7,1.02
5365,merinov_gosl,Gulf of Saint Lawrence,PET,NA,PET-NA-2011-8-15,2011,8,15,48.4011,-69.3318,Fucus vesiculosus,Random,NA,NA,10,10,0.74
5366,merinov_gosl,Gulf of Saint Lawrence,PET,NA,PET-NA-2011-8-15,2011,8,15,48.4011,-69.3312,Ascophyllum nodosum,Random,NA,NA,NA,NA,0
5367,merinov_gosl,Gulf of Saint Lawrence,PET,NA,PET-NA-2011-8-15,2011,8,15,48.4011,-69.3312,Fucus distichus subsp. evanescens,Random,NA,NA,NA,NA,0
5368,merinov_gosl,Gulf of Saint Lawrence,PET,NA,PET-NA-2011-8-15,2011,8,15,48.4011,-69.3312,Fucus vesiculosus,Random,NA,NA,21,21,1.71
5369,merinov_gosl,Gulf of Saint Lawrence,PET,NA,PET-NA-2011-8-15,2011,8,15,48.4011,-69.3305,Ascophyllum nodosum,Random,NA,NA,NA,NA,0
5370,merinov_gosl,Gulf of Saint Lawrence,PET,NA,PET-NA-2011-8-15,2011,8,15,48.4011,-69.3305,Fucus distichus subsp. evanescens,Random,NA,NA,19,19,1.01
5371,merinov_gosl,Gulf of Saint Lawrence,PET,NA,PET-NA-2011-8-15,2011,8,15,48.4011,-69.3305,Fucus vesiculosus,Random,NA,NA,NA,NA,0
5372,merinov_gosl,Gulf of Saint Lawrence,PET,NA,PET-NA-2011-8-15,2011,8,15,48.4011,-69.3298,Ascophyllum nodosum,Random,NA,NA,NA,NA,0
5373,merinov_gosl,Gulf of Saint Lawrence,PET,NA,PET-NA-2011-8-15,2011,8,15,48.4011,-69.3298,Fucus distichus subsp. evanescens,Random,NA,NA,NA,NA,0
5374,merinov_gosl,Gulf of Saint Lawrence,PET,NA,PET-NA-2011-8-15,2011,8,15,48.4011,-69.3298,Fucus vesiculosus,Random,NA,NA,NA,NA,0
5375,merinov_gosl,Gulf of Saint Lawrence,PET,NA,PET-NA-2011-8-15,2011,8,15,48.4011,-69.3291,Ascophyllum nodosum,Random,NA,NA,NA,NA,0
5376,merinov_gosl,Gulf of Saint Lawrence,PET,NA,PET-NA-2011-8-15,2011,8,15,48.4011,-69.3291,Fucus distichus subsp. evanescens,Random,NA,NA,NA,NA,0
5377,merinov_gosl,Gulf of Saint Lawrence,PET,NA,PET-NA-2011-8-15,2011,8,15,48.4011,-69.3291,Fucus vesiculosus,Random,NA,NA,NA,NA,0
5378,merinov_gosl,Gulf of Saint Lawrence,PET,NA,PET-NA-2011-8-15,2011,8,15,48.4011,-69.3284,Ascophyllum nodosum,Random,NA,NA,NA,NA,0
5379,merinov_gosl,Gulf of Saint Lawrence,PET,NA,PET-NA-2011-8-15,2011,8,15,48.4011,-69.3284,Fucus distichus subsp. evanescens,Random,NA,NA,3,3,0.04
5380,merinov_gosl,Gulf of Saint Lawrence,PET,NA,PET-NA-2011-8-15,2011,8,15,48.4011,-69.3284,Fucus vesiculosus,Random,NA,NA,NA,NA,0
5381,merinov_gosl,Gulf of Saint Lawrence,PET,NA,PET-NA-2011-8-15,2011,8,15,48.4011,-69.3277,Ascophyllum nodosum,Random,NA,NA,NA,NA,0
5382,merinov_gosl,Gulf of Saint Lawrence,PET,NA,PET-NA-2011-8-15,2011,8,15,48.4011,-69.3277,Fucus distichus subsp. evanescens,Random,NA,NA,69,69,4.61
5383,merinov_gosl,Gulf of Saint Lawrence,PET,NA,PET-NA-2011-8-15,2011,8,15,48.4011,-69.3277,Fucus vesiculosus,Random,NA,NA,9,9,1.99
5384,merinov_gosl,Gulf of Saint Lawrence,PET,NA,PET-NA-2011-8-15,2011,8,15,48.4011,-69.327,Ascophyllum nodosum,Random,NA,NA,NA,NA,0
5385,merinov_gosl,Gulf of Saint Lawrence,PET,NA,PET-NA-2011-8-15,2011,8,15,48.4011,-69.327,Fucus distichus subsp. evanescens,Random,NA,NA,1,1,0.03
5386,merinov_gosl,Gulf of Saint Lawrence,PET,NA,PET-NA-2011-8-15,2011,8,15,48.4011,-69.327,Fucus vesiculosus,Random,NA,NA,NA,NA,0
5387,merinov_gosl,Gulf of Saint Lawrence,PET,NA,PET-NA-2011-8-15,2011,8,15,48.4011,-69.3265,Ascophyllum nodosum,Random,NA,NA,NA,NA,0
5388,merinov_gosl,Gulf of Saint Lawrence,PET,NA,PET-NA-2011-8-15,2011,8,15,48.4011,-69.3265,Fucus distichus subsp. evanescens,Random,NA,NA,NA,NA,0
5389,merinov_gosl,Gulf of Saint Lawrence,PET,NA,PET-NA-2011-8-15,2011,8,15,48.4011,-69.3265,Fucus vesiculosus,Random,NA,NA,NA,NA,0
5390,merinov_gosl,Gulf of Saint Lawrence,PET,NA,PET-NA-2011-8-15,2011,8,15,48.4011,-69.3257,Ascophyllum nodosum,Random,NA,NA,21,21,3.8
5391,merinov_gosl,Gulf of Saint Lawrence,PET,NA,PET-NA-2011-8-15,2011,8,15,48.4011,-69.3257,Fucus distichus subsp. evanescens,Random,NA,NA,38,38,4.44
5392,merinov_gosl,Gulf of Saint Lawrence,PET,NA,PET-NA-2011-8-15,2011,8,15,48.4011,-69.3257,Fucus vesiculosus,Random,NA,NA,17,17,1.67
5393,merinov_gosl,Gulf of Saint Lawrence,PET,NA,PET-NA-2011-8-15,2011,8,15,48.4028,-69.3381,Ascophyllum nodosum,Random,NA,NA,NA,NA,0
5394,merinov_gosl,Gulf of Saint Lawrence,PET,NA,PET-NA-2011-8-15,2011,8,15,48.4028,-69.3381,Fucus distichus subsp. evanescens,Random,NA,NA,NA,NA,0
5395,merinov_gosl,Gulf of Saint Lawrence,PET,NA,PET-NA-2011-8-15,2011,8,15,48.4028,-69.3381,Fucus vesiculosus,Random,NA,NA,NA,NA,0
5396,merinov_gosl,Gulf of Saint Lawrence,PET,NA,PET-NA-2011-8-15,2011,8,15,48.4028,-69.3375,Ascophyllum nodosum,Random,NA,NA,NA,NA,0
5397,merinov_gosl,Gulf of Saint Lawrence,PET,NA,PET-NA-2011-8-15,2011,8,15,48.4028,-69.3375,Fucus distichus subsp. evanescens,Random,NA,NA,NA,NA,0
5398,merinov_gosl,Gulf of Saint Lawrence,PET,NA,PET-NA-2011-8-15,2011,8,15,48.4028,-69.3375,Fucus vesiculosus,Random,NA,NA,NA,NA,0
5399,merinov_gosl,Gulf of Saint Lawrence,PET,NA,PET-NA-2011-8-15,2011,8,15,48.4028,-69.3367,Ascophyllum nodosum,Random,NA,NA,NA,NA,0
5400,merinov_gosl,Gulf of Saint Lawrence,PET,NA,PET-NA-2011-8-15,2011,8,15,48.4028,-69.3367,Fucus distichus subsp. evanescens,Random,NA,NA,NA,NA,0
5401,merinov_gosl,Gulf of Saint Lawrence,PET,NA,PET-NA-2011-8-15,2011,8,15,48.4028,-69.3367,Fucus vesiculosus,Random,NA,NA,NA,NA,0
5402,merinov_gosl,Gulf of Saint Lawrence,PET,NA,PET-NA-2011-8-15,2011,8,15,48.4028,-69.3361,Ascophyllum nodosum,Random,NA,NA,NA,NA,0
5403,merinov_gosl,Gulf of Saint Lawrence,PET,NA,PET-NA-2011-8-15,2011,8,15,48.4028,-69.3361,Fucus distichus subsp. evanescens,Random,NA,NA,NA,NA,0
5404,merinov_gosl,Gulf of Saint Lawrence,PET,NA,PET-NA-2011-8-15,2011,8,15,48.4028,-69.3361,Fucus vesiculosus,Random,NA,NA,NA,NA,0
5405,merinov_gosl,Gulf of Saint Lawrence,PET,NA,PET-NA-2011-8-15,2011,8,15,48.4028,-69.3353,Ascophyllum nodosum,Random,NA,NA,NA,NA,0
5406,merinov_gosl,Gulf of Saint Lawrence,PET,NA,PET-NA-2011-8-15,2011,8,15,48.4028,-69.3353,Fucus distichus subsp. evanescens,Random,NA,NA,NA,NA,0
5407,merinov_gosl,Gulf of Saint Lawrence,PET,NA,PET-NA-2011-8-15,2011,8,15,48.4028,-69.3353,Fucus vesiculosus,Random,NA,NA,NA,NA,0
5408,merinov_gosl,Gulf of Saint Lawrence,PET,NA,PET-NA-2011-8-15,2011,8,15,48.4028,-69.3347,Ascophyllum nodosum,Random,NA,NA,NA,NA,0
5409,merinov_gosl,Gulf of Saint Lawrence,PET,NA,PET-NA-2011-8-15,2011,8,15,48.4028,-69.3347,Fucus distichus subsp. evanescens,Random,NA,NA,NA,NA,0
5410,merinov_gosl,Gulf of Saint Lawrence,PET,NA,PET-NA-2011-8-15,2011,8,15,48.4028,-69.3347,Fucus vesiculosus,Random,NA,NA,10,10,1.4
5411,merinov_gosl,Gulf of Saint Lawrence,PET,NA,PET-NA-2011-8-15,2011,8,15,48.4028,-69.334,Ascophyllum nodosum,Random,NA,NA,6,6,0.04
5412,merinov_gosl,Gulf of Saint Lawrence,PET,NA,PET-NA-2011-8-15,2011,8,15,48.4028,-69.334,Fucus distichus subsp. evanescens,Random,NA,NA,8,8,0.34
5413,merinov_gosl,Gulf of Saint Lawrence,PET,NA,PET-NA-2011-8-15,2011,8,15,48.4028,-69.334,Fucus vesiculosus,Random,NA,NA,5,5,0.25
5414,merinov_gosl,Gulf of Saint Lawrence,PET,NA,PET-NA-2011-8-15,2011,8,15,48.4028,-69.3333,Ascophyllum nodosum,Random,NA,NA,2,2,0.01
5415,merinov_gosl,Gulf of Saint Lawrence,PET,NA,PET-NA-2011-8-15,2011,8,15,48.4028,-69.3333,Fucus distichus subsp. evanescens,Random,NA,NA,8,8,0.23
5416,merinov_gosl,Gulf of Saint Lawrence,PET,NA,PET-NA-2011-8-15,2011,8,15,48.4028,-69.3333,Fucus vesiculosus,Random,NA,NA,24,24,1.83
5417,merinov_gosl,Gulf of Saint Lawrence,PET,NA,PET-NA-2011-8-15,2011,8,15,48.4028,-69.3326,Ascophyllum nodosum,Random,NA,NA,3,3,0.09
5418,merinov_gosl,Gulf of Saint Lawrence,PET,NA,PET-NA-2011-8-15,2011,8,15,48.4028,-69.3326,Fucus distichus subsp. evanescens,Random,NA,NA,4,4,0.35
5419,merinov_gosl,Gulf of Saint Lawrence,PET,NA,PET-NA-2011-8-15,2011,8,15,48.4028,-69.3326,Fucus vesiculosus,Random,NA,NA,18,18,1.24
5420,merinov_gosl,Gulf of Saint Lawrence,PET,NA,PET-NA-2011-8-15,2011,8,15,48.4028,-69.3319,Ascophyllum nodosum,Random,NA,NA,NA,NA,0
5421,merinov_gosl,Gulf of Saint Lawrence,PET,NA,PET-NA-2011-8-15,2011,8,15,48.4028,-69.3319,Fucus distichus subsp. evanescens,Random,NA,NA,NA,NA,0
5422,merinov_gosl,Gulf of Saint Lawrence,PET,NA,PET-NA-2011-8-15,2011,8,15,48.4028,-69.3319,Fucus vesiculosus,Random,NA,NA,NA,NA,0
5423,merinov_gosl,Gulf of Saint Lawrence,PET,NA,PET-NA-2011-8-15,2011,8,15,48.4028,-69.3312,Ascophyllum nodosum,Random,NA,NA,25,25,7.13
5424,merinov_gosl,Gulf of Saint Lawrence,PET,NA,PET-NA-2011-8-15,2011,8,15,48.4028,-69.3312,Fucus distichus subsp. evanescens,Random,NA,NA,NA,NA,0
5425,merinov_gosl,Gulf of Saint Lawrence,PET,NA,PET-NA-2011-8-15,2011,8,15,48.4028,-69.3312,Fucus vesiculosus,Random,NA,NA,8,8,0.17
5426,merinov_gosl,Gulf of Saint Lawrence,PET,NA,PET-NA-2011-8-15,2011,8,15,48.4028,-69.3305,Ascophyllum nodosum,Random,NA,NA,10,10,1.54
5427,merinov_gosl,Gulf of Saint Lawrence,PET,NA,PET-NA-2011-8-15,2011,8,15,48.4028,-69.3305,Fucus distichus subsp. evanescens,Random,NA,NA,24,24,1.36
5428,merinov_gosl,Gulf of Saint Lawrence,PET,NA,PET-NA-2011-8-15,2011,8,15,48.4028,-69.3305,Fucus vesiculosus,Random,NA,NA,NA,NA,0
5429,merinov_gosl,Gulf of Saint Lawrence,PET,NA,PET-NA-2011-8-15,2011,8,15,48.4028,-69.3298,Ascophyllum nodosum,Random,NA,NA,2,2,0.01
5430,merinov_gosl,Gulf of Saint Lawrence,PET,NA,PET-NA-2011-8-15,2011,8,15,48.4028,-69.3298,Fucus distichus subsp. evanescens,Random,NA,NA,10,10,0.47
5431,merinov_gosl,Gulf of Saint Lawrence,PET,NA,PET-NA-2011-8-15,2011,8,15,48.4028,-69.3298,Fucus vesiculosus,Random,NA,NA,3,3,0.38
5432,merinov_gosl,Gulf of Saint Lawrence,PET,NA,PET-NA-2011-8-15,2011,8,15,48.4028,-69.329,Ascophyllum nodosum,Random,NA,NA,12,12,1.84
5433,merinov_gosl,Gulf of Saint Lawrence,PET,NA,PET-NA-2011-8-15,2011,8,15,48.4028,-69.329,Fucus distichus subsp. evanescens,Random,NA,NA,16,16,3.94
5434,merinov_gosl,Gulf of Saint Lawrence,PET,NA,PET-NA-2011-8-15,2011,8,15,48.4028,-69.329,Fucus vesiculosus,Random,NA,NA,6,6,0.34
5435,merinov_gosl,Gulf of Saint Lawrence,PET,NA,PET-NA-2011-8-15,2011,8,15,48.4028,-69.3283,Ascophyllum nodosum,Random,NA,NA,NA,NA,0
5436,merinov_gosl,Gulf of Saint Lawrence,PET,NA,PET-NA-2011-8-15,2011,8,15,48.4028,-69.3283,Fucus distichus subsp. evanescens,Random,NA,NA,NA,NA,0
5437,merinov_gosl,Gulf of Saint Lawrence,PET,NA,PET-NA-2011-8-15,2011,8,15,48.4028,-69.3283,Fucus vesiculosus,Random,NA,NA,NA,NA,0
5438,merinov_gosl,Gulf of Saint Lawrence,PET,NA,PET-NA-2011-8-15,2011,8,15,48.4028,-69.3276,Ascophyllum nodosum,Random,NA,NA,NA,NA,0
5439,merinov_gosl,Gulf of Saint Lawrence,PET,NA,PET-NA-2011-8-15,2011,8,15,48.4028,-69.3276,Fucus distichus subsp. evanescens,Random,NA,NA,NA,NA,0
5440,merinov_gosl,Gulf of Saint Lawrence,PET,NA,PET-NA-2011-8-15,2011,8,15,48.4028,-69.3276,Fucus vesiculosus,Random,NA,NA,NA,NA,0
5441,merinov_gosl,Gulf of Saint Lawrence,PET,NA,PET-NA-2011-8-15,2011,8,15,48.4028,-69.327,Ascophyllum nodosum,Random,NA,NA,3,3,0.59
5442,merinov_gosl,Gulf of Saint Lawrence,PET,NA,PET-NA-2011-8-15,2011,8,15,48.4028,-69.327,Fucus distichus subsp. evanescens,Random,NA,NA,24,24,2.95
5443,merinov_gosl,Gulf of Saint Lawrence,PET,NA,PET-NA-2011-8-15,2011,8,15,48.4028,-69.327,Fucus vesiculosus,Random,NA,NA,6,6,0.23
5444,merinov_gosl,Gulf of Saint Lawrence,PET,NA,PET-NA-2011-8-15,2011,8,15,48.4028,-69.3262,Ascophyllum nodosum,Random,NA,NA,NA,NA,0
5445,merinov_gosl,Gulf of Saint Lawrence,PET,NA,PET-NA-2011-8-15,2011,8,15,48.4028,-69.3262,Fucus distichus subsp. evanescens,Random,NA,NA,NA,NA,0
5446,merinov_gosl,Gulf of Saint Lawrence,PET,NA,PET-NA-2011-8-15,2011,8,15,48.4028,-69.3262,Fucus vesiculosus,Random,NA,NA,NA,NA,0
5447,merinov_gosl,Gulf of Saint Lawrence,PET,NA,PET-NA-2011-8-15,2011,8,15,48.4028,-69.3256,Ascophyllum nodosum,Random,NA,NA,NA,NA,0
5448,merinov_gosl,Gulf of Saint Lawrence,PET,NA,PET-NA-2011-8-15,2011,8,15,48.4028,-69.3256,Fucus distichus subsp. evanescens,Random,NA,NA,NA,NA,0
5449,merinov_gosl,Gulf of Saint Lawrence,PET,NA,PET-NA-2011-8-15,2011,8,15,48.4028,-69.3256,Fucus vesiculosus,Random,NA,NA,NA,NA,0
5450,merinov_gosl,Gulf of Saint Lawrence,PET,NA,PET-NA-2011-8-15,2011,8,15,48.4045,-69.3374,Ascophyllum nodosum,Random,NA,NA,NA,NA,0
5451,merinov_gosl,Gulf of Saint Lawrence,PET,NA,PET-NA-2011-8-15,2011,8,15,48.4045,-69.3374,Fucus distichus subsp. evanescens,Random,NA,NA,NA,NA,0
5452,merinov_gosl,Gulf of Saint Lawrence,PET,NA,PET-NA-2011-8-15,2011,8,15,48.4045,-69.3374,Fucus vesiculosus,Random,NA,NA,NA,NA,0
5453,merinov_gosl,Gulf of Saint Lawrence,PET,NA,PET-NA-2011-8-15,2011,8,15,48.4045,-69.3367,Ascophyllum nodosum,Random,NA,NA,20,20,16.85
5454,merinov_gosl,Gulf of Saint Lawrence,PET,NA,PET-NA-2011-8-15,2011,8,15,48.4045,-69.3367,Fucus distichus subsp. evanescens,Random,NA,NA,NA,NA,0
5455,merinov_gosl,Gulf of Saint Lawrence,PET,NA,PET-NA-2011-8-15,2011,8,15,48.4045,-69.3367,Fucus vesiculosus,Random,NA,NA,NA,NA,0
5456,merinov_gosl,Gulf of Saint Lawrence,PET,NA,PET-NA-2011-8-15,2011,8,15,48.4045,-69.3359,Ascophyllum nodosum,Random,NA,NA,NA,NA,0
5457,merinov_gosl,Gulf of Saint Lawrence,PET,NA,PET-NA-2011-8-15,2011,8,15,48.4045,-69.3359,Fucus distichus subsp. evanescens,Random,NA,NA,NA,NA,0
5458,merinov_gosl,Gulf of Saint Lawrence,PET,NA,PET-NA-2011-8-15,2011,8,15,48.4045,-69.3359,Fucus vesiculosus,Random,NA,NA,NA,NA,0
5459,merinov_gosl,Gulf of Saint Lawrence,PET,NA,PET-NA-2011-8-15,2011,8,15,48.4045,-69.3353,Ascophyllum nodosum,Random,NA,NA,NA,NA,0
5460,merinov_gosl,Gulf of Saint Lawrence,PET,NA,PET-NA-2011-8-15,2011,8,15,48.4045,-69.3353,Fucus distichus subsp. evanescens,Random,NA,NA,NA,NA,0
5461,merinov_gosl,Gulf of Saint Lawrence,PET,NA,PET-NA-2011-8-15,2011,8,15,48.4045,-69.3353,Fucus vesiculosus,Random,NA,NA,NA,NA,0
5462,merinov_gosl,Gulf of Saint Lawrence,PET,NA,PET-NA-2011-8-15,2011,8,15,48.4045,-69.3343,Ascophyllum nodosum,Random,NA,NA,NA,NA,0
5463,merinov_gosl,Gulf of Saint Lawrence,PET,NA,PET-NA-2011-8-15,2011,8,15,48.4045,-69.3343,Fucus distichus subsp. evanescens,Random,NA,NA,NA,NA,0
5464,merinov_gosl,Gulf of Saint Lawrence,PET,NA,PET-NA-2011-8-15,2011,8,15,48.4045,-69.3343,Fucus vesiculosus,Random,NA,NA,NA,NA,0
5465,merinov_gosl,Gulf of Saint Lawrence,PET,NA,PET-NA-2011-8-15,2011,8,15,48.4045,-69.3337,Ascophyllum nodosum,Random,NA,NA,NA,NA,0
5466,merinov_gosl,Gulf of Saint Lawrence,PET,NA,PET-NA-2011-8-15,2011,8,15,48.4045,-69.3337,Fucus distichus subsp. evanescens,Random,NA,NA,NA,NA,0
5467,merinov_gosl,Gulf of Saint Lawrence,PET,NA,PET-NA-2011-8-15,2011,8,15,48.4045,-69.3337,Fucus vesiculosus,Random,NA,NA,NA,NA,0
5468,merinov_gosl,Gulf of Saint Lawrence,PET,NA,PET-NA-2011-8-15,2011,8,15,48.4045,-69.3329,Ascophyllum nodosum,Random,NA,NA,NA,NA,0
5469,merinov_gosl,Gulf of Saint Lawrence,PET,NA,PET-NA-2011-8-15,2011,8,15,48.4045,-69.3329,Fucus distichus subsp. evanescens,Random,NA,NA,NA,NA,0
5470,merinov_gosl,Gulf of Saint Lawrence,PET,NA,PET-NA-2011-8-15,2011,8,15,48.4045,-69.3329,Fucus vesiculosus,Random,NA,NA,NA,NA,0
5471,merinov_gosl,Gulf of Saint Lawrence,PET,NA,PET-NA-2011-8-15,2011,8,15,48.4045,-69.3322,Ascophyllum nodosum,Random,NA,NA,NA,NA,0
5472,merinov_gosl,Gulf of Saint Lawrence,PET,NA,PET-NA-2011-8-15,2011,8,15,48.4045,-69.3322,Fucus distichus subsp. evanescens,Random,NA,NA,NA,NA,0
5473,merinov_gosl,Gulf of Saint Lawrence,PET,NA,PET-NA-2011-8-15,2011,8,15,48.4045,-69.3322,Fucus vesiculosus,Random,NA,NA,NA,NA,0
5474,merinov_gosl,Gulf of Saint Lawrence,PET,NA,PET-NA-2011-8-16,2011,8,16,48.4045,-69.3315,Ascophyllum nodosum,Random,NA,NA,NA,NA,0
5475,merinov_gosl,Gulf of Saint Lawrence,PET,NA,PET-NA-2011-8-16,2011,8,16,48.4045,-69.3315,Fucus distichus subsp. evanescens,Random,NA,NA,NA,NA,0
5476,merinov_gosl,Gulf of Saint Lawrence,PET,NA,PET-NA-2011-8-16,2011,8,16,48.4045,-69.3315,Fucus vesiculosus,Random,NA,NA,NA,NA,0
5477,merinov_gosl,Gulf of Saint Lawrence,PET,NA,PET-NA-2011-8-16,2011,8,16,48.4045,-69.3308,Ascophyllum nodosum,Random,NA,NA,NA,NA,0
5478,merinov_gosl,Gulf of Saint Lawrence,PET,NA,PET-NA-2011-8-16,2011,8,16,48.4045,-69.3308,Fucus distichus subsp. evanescens,Random,NA,NA,NA,NA,0
5479,merinov_gosl,Gulf of Saint Lawrence,PET,NA,PET-NA-2011-8-16,2011,8,16,48.4045,-69.3308,Fucus vesiculosus,Random,NA,NA,NA,NA,0
5480,merinov_gosl,Gulf of Saint Lawrence,PET,NA,PET-NA-2011-8-16,2011,8,16,48.4045,-69.3301,Ascophyllum nodosum,Random,NA,NA,NA,NA,0
5481,merinov_gosl,Gulf of Saint Lawrence,PET,NA,PET-NA-2011-8-16,2011,8,16,48.4045,-69.3301,Fucus distichus subsp. evanescens,Random,NA,NA,NA,NA,0
5482,merinov_gosl,Gulf of Saint Lawrence,PET,NA,PET-NA-2011-8-16,2011,8,16,48.4045,-69.3301,Fucus vesiculosus,Random,NA,NA,NA,NA,0
5483,merinov_gosl,Gulf of Saint Lawrence,PET,NA,PET-NA-2011-8-16,2011,8,16,48.4045,-69.3294,Ascophyllum nodosum,Random,NA,NA,NA,NA,0
5484,merinov_gosl,Gulf of Saint Lawrence,PET,NA,PET-NA-2011-8-16,2011,8,16,48.4045,-69.3294,Fucus distichus subsp. evanescens,Random,NA,NA,NA,NA,0
5485,merinov_gosl,Gulf of Saint Lawrence,PET,NA,PET-NA-2011-8-16,2011,8,16,48.4045,-69.3294,Fucus vesiculosus,Random,NA,NA,NA,NA,0
5486,merinov_gosl,Gulf of Saint Lawrence,PET,NA,PET-NA-2011-8-16,2011,8,16,48.4045,-69.3288,Ascophyllum nodosum,Random,NA,NA,NA,NA,0
5487,merinov_gosl,Gulf of Saint Lawrence,PET,NA,PET-NA-2011-8-16,2011,8,16,48.4045,-69.3288,Fucus distichus subsp. evanescens,Random,NA,NA,NA,NA,0
5488,merinov_gosl,Gulf of Saint Lawrence,PET,NA,PET-NA-2011-8-16,2011,8,16,48.4045,-69.3288,Fucus vesiculosus,Random,NA,NA,NA,NA,0
5489,merinov_gosl,Gulf of Saint Lawrence,PET,NA,PET-NA-2011-8-16,2011,8,16,48.4045,-69.3281,Ascophyllum nodosum,Random,NA,NA,NA,NA,0
5490,merinov_gosl,Gulf of Saint Lawrence,PET,NA,PET-NA-2011-8-16,2011,8,16,48.4045,-69.3281,Fucus distichus subsp. evanescens,Random,NA,NA,NA,NA,0
5491,merinov_gosl,Gulf of Saint Lawrence,PET,NA,PET-NA-2011-8-16,2011,8,16,48.4045,-69.3281,Fucus vesiculosus,Random,NA,NA,NA,NA,0
5492,merinov_gosl,Gulf of Saint Lawrence,PET,NA,PET-NA-2011-8-16,2011,8,16,48.4045,-69.3273,Ascophyllum nodosum,Random,NA,NA,NA,NA,0
5493,merinov_gosl,Gulf of Saint Lawrence,PET,NA,PET-NA-2011-8-16,2011,8,16,48.4045,-69.3273,Fucus distichus subsp. evanescens,Random,NA,NA,NA,NA,0
5494,merinov_gosl,Gulf of Saint Lawrence,PET,NA,PET-NA-2011-8-16,2011,8,16,48.4045,-69.3273,Fucus vesiculosus,Random,NA,NA,NA,NA,0
5495,merinov_gosl,Gulf of Saint Lawrence,PET,NA,PET-NA-2011-8-16,2011,8,16,48.4045,-69.3267,Ascophyllum nodosum,Random,NA,NA,NA,NA,0
5496,merinov_gosl,Gulf of Saint Lawrence,PET,NA,PET-NA-2011-8-16,2011,8,16,48.4045,-69.3267,Fucus distichus subsp. evanescens,Random,NA,NA,NA,NA,0
5497,merinov_gosl,Gulf of Saint Lawrence,PET,NA,PET-NA-2011-8-16,2011,8,16,48.4045,-69.3267,Fucus vesiculosus,Random,NA,NA,NA,NA,0
5498,merinov_gosl,Gulf of Saint Lawrence,PET,NA,PET-NA-2011-8-16,2011,8,16,48.4045,-69.326,Ascophyllum nodosum,Random,NA,NA,NA,NA,0
5499,merinov_gosl,Gulf of Saint Lawrence,PET,NA,PET-NA-2011-8-16,2011,8,16,48.4045,-69.326,Fucus distichus subsp. evanescens,Random,NA,NA,NA,NA,0
5500,merinov_gosl,Gulf of Saint Lawrence,PET,NA,PET-NA-2011-8-16,2011,8,16,48.4045,-69.326,Fucus vesiculosus,Random,NA,NA,NA,NA,0
5501,merinov_gosl,Gulf of Saint Lawrence,PET,NA,PET-NA-2011-8-16,2011,8,16,48.4045,-69.3253,Ascophyllum nodosum,Random,NA,NA,NA,NA,0
5502,merinov_gosl,Gulf of Saint Lawrence,PET,NA,PET-NA-2011-8-16,2011,8,16,48.4045,-69.3253,Fucus distichus subsp. evanescens,Random,NA,NA,28,28,2.37
5503,merinov_gosl,Gulf of Saint Lawrence,PET,NA,PET-NA-2011-8-16,2011,8,16,48.4045,-69.3253,Fucus vesiculosus,Random,NA,NA,NA,NA,0
5504,merinov_gosl,Gulf of Saint Lawrence,PET,NA,PET-NA-2011-8-16,2011,8,16,48.4045,-69.3246,Ascophyllum nodosum,Random,NA,NA,2,2,1.55
5505,merinov_gosl,Gulf of Saint Lawrence,PET,NA,PET-NA-2011-8-16,2011,8,16,48.4045,-69.3246,Fucus distichus subsp. evanescens,Random,NA,NA,14,14,1.01
5506,merinov_gosl,Gulf of Saint Lawrence,PET,NA,PET-NA-2011-8-16,2011,8,16,48.4045,-69.3246,Fucus vesiculosus,Random,NA,NA,7,7,0.59
5507,merinov_gosl,Gulf of Saint Lawrence,PET,NA,PET-NA-2011-8-16,2011,8,16,48.4045,-69.3239,Ascophyllum nodosum,Random,NA,NA,NA,NA,0
5508,merinov_gosl,Gulf of Saint Lawrence,PET,NA,PET-NA-2011-8-16,2011,8,16,48.4045,-69.3239,Fucus distichus subsp. evanescens,Random,NA,NA,NA,NA,0
5509,merinov_gosl,Gulf of Saint Lawrence,PET,NA,PET-NA-2011-8-16,2011,8,16,48.4045,-69.3239,Fucus vesiculosus,Random,NA,NA,NA,NA,0
5510,merinov_gosl,Gulf of Saint Lawrence,PET,NA,PET-NA-2011-8-16,2011,8,16,48.4062,-69.3358,Ascophyllum nodosum,Random,NA,NA,NA,NA,0
5511,merinov_gosl,Gulf of Saint Lawrence,PET,NA,PET-NA-2011-8-16,2011,8,16,48.4062,-69.3358,Fucus distichus subsp. evanescens,Random,NA,NA,NA,NA,0
5512,merinov_gosl,Gulf of Saint Lawrence,PET,NA,PET-NA-2011-8-16,2011,8,16,48.4062,-69.3358,Fucus vesiculosus,Random,NA,NA,NA,NA,0
5513,merinov_gosl,Gulf of Saint Lawrence,PET,NA,PET-NA-2011-8-16,2011,8,16,48.4062,-69.3351,Ascophyllum nodosum,Random,NA,NA,NA,NA,0
5514,merinov_gosl,Gulf of Saint Lawrence,PET,NA,PET-NA-2011-8-16,2011,8,16,48.4062,-69.3351,Fucus distichus subsp. evanescens,Random,NA,NA,NA,NA,0
5515,merinov_gosl,Gulf of Saint Lawrence,PET,NA,PET-NA-2011-8-16,2011,8,16,48.4062,-69.3351,Fucus vesiculosus,Random,NA,NA,NA,NA,0
5516,merinov_gosl,Gulf of Saint Lawrence,PET,NA,PET-NA-2011-8-16,2011,8,16,48.4062,-69.3344,Ascophyllum nodosum,Random,NA,NA,35,35,9.22
5517,merinov_gosl,Gulf of Saint Lawrence,PET,NA,PET-NA-2011-8-16,2011,8,16,48.4062,-69.3344,Fucus distichus subsp. evanescens,Random,NA,NA,NA,NA,0
5518,merinov_gosl,Gulf of Saint Lawrence,PET,NA,PET-NA-2011-8-16,2011,8,16,48.4062,-69.3344,Fucus vesiculosus,Random,NA,NA,9,9,0.99
5519,merinov_gosl,Gulf of Saint Lawrence,PET,NA,PET-NA-2011-8-16,2011,8,16,48.4062,-69.3338,Ascophyllum nodosum,Random,NA,NA,NA,NA,0
5520,merinov_gosl,Gulf of Saint Lawrence,PET,NA,PET-NA-2011-8-16,2011,8,16,48.4062,-69.3338,Fucus distichus subsp. evanescens,Random,NA,NA,NA,NA,0
5521,merinov_gosl,Gulf of Saint Lawrence,PET,NA,PET-NA-2011-8-16,2011,8,16,48.4062,-69.3338,Fucus vesiculosus,Random,NA,NA,NA,NA,0
5522,merinov_gosl,Gulf of Saint Lawrence,PET,NA,PET-NA-2011-8-16,2011,8,16,48.4062,-69.3331,Ascophyllum nodosum,Random,NA,NA,NA,NA,0
5523,merinov_gosl,Gulf of Saint Lawrence,PET,NA,PET-NA-2011-8-16,2011,8,16,48.4062,-69.3331,Fucus distichus subsp. evanescens,Random,NA,NA,NA,NA,0
5524,merinov_gosl,Gulf of Saint Lawrence,PET,NA,PET-NA-2011-8-16,2011,8,16,48.4062,-69.3331,Fucus vesiculosus,Random,NA,NA,NA,NA,0
5525,merinov_gosl,Gulf of Saint Lawrence,PET,NA,PET-NA-2011-8-16,2011,8,16,48.4062,-69.3325,Ascophyllum nodosum,Random,NA,NA,NA,NA,0
5526,merinov_gosl,Gulf of Saint Lawrence,PET,NA,PET-NA-2011-8-16,2011,8,16,48.4062,-69.3325,Fucus distichus subsp. evanescens,Random,NA,NA,NA,NA,0
5527,merinov_gosl,Gulf of Saint Lawrence,PET,NA,PET-NA-2011-8-16,2011,8,16,48.4062,-69.3325,Fucus vesiculosus,Random,NA,NA,NA,NA,0
5528,merinov_gosl,Gulf of Saint Lawrence,PET,NA,PET-NA-2011-8-16,2011,8,16,48.4062,-69.3318,Ascophyllum nodosum,Random,NA,NA,NA,NA,0
5529,merinov_gosl,Gulf of Saint Lawrence,PET,NA,PET-NA-2011-8-16,2011,8,16,48.4062,-69.3318,Fucus distichus subsp. evanescens,Random,NA,NA,NA,NA,0
5530,merinov_gosl,Gulf of Saint Lawrence,PET,NA,PET-NA-2011-8-16,2011,8,16,48.4062,-69.3318,Fucus vesiculosus,Random,NA,NA,NA,NA,0
5531,merinov_gosl,Gulf of Saint Lawrence,PET,NA,PET-NA-2011-8-16,2011,8,16,48.4062,-69.3312,Ascophyllum nodosum,Random,NA,NA,NA,NA,0
5532,merinov_gosl,Gulf of Saint Lawrence,PET,NA,PET-NA-2011-8-16,2011,8,16,48.4062,-69.3312,Fucus distichus subsp. evanescens,Random,NA,NA,19,19,1.42
5533,merinov_gosl,Gulf of Saint Lawrence,PET,NA,PET-NA-2011-8-16,2011,8,16,48.4062,-69.3312,Fucus vesiculosus,Random,NA,NA,2,2,0.14
5534,merinov_gosl,Gulf of Saint Lawrence,PET,NA,PET-NA-2011-8-16,2011,8,16,48.4062,-69.3304,Ascophyllum nodosum,Random,NA,NA,NA,NA,0
5535,merinov_gosl,Gulf of Saint Lawrence,PET,NA,PET-NA-2011-8-16,2011,8,16,48.4062,-69.3304,Fucus distichus subsp. evanescens,Random,NA,NA,1,1,0.03
5536,merinov_gosl,Gulf of Saint Lawrence,PET,NA,PET-NA-2011-8-16,2011,8,16,48.4062,-69.3304,Fucus vesiculosus,Random,NA,NA,NA,NA,0
5537,merinov_gosl,Gulf of Saint Lawrence,PET,NA,PET-NA-2011-8-16,2011,8,16,48.4062,-69.3297,Ascophyllum nodosum,Random,NA,NA,NA,NA,0
5538,merinov_gosl,Gulf of Saint Lawrence,PET,NA,PET-NA-2011-8-16,2011,8,16,48.4062,-69.3297,Fucus distichus subsp. evanescens,Random,NA,NA,2,2,0.03
5539,merinov_gosl,Gulf of Saint Lawrence,PET,NA,PET-NA-2011-8-16,2011,8,16,48.4062,-69.3297,Fucus vesiculosus,Random,NA,NA,NA,NA,0
5540,merinov_gosl,Gulf of Saint Lawrence,PET,NA,PET-NA-2011-8-16,2011,8,16,48.4062,-69.329,Ascophyllum nodosum,Random,NA,NA,3,3,0.11
5541,merinov_gosl,Gulf of Saint Lawrence,PET,NA,PET-NA-2011-8-16,2011,8,16,48.4062,-69.329,Fucus distichus subsp. evanescens,Random,NA,NA,14,14,0.8
5542,merinov_gosl,Gulf of Saint Lawrence,PET,NA,PET-NA-2011-8-16,2011,8,16,48.4062,-69.329,Fucus vesiculosus,Random,NA,NA,18,18,0.54
5543,merinov_gosl,Gulf of Saint Lawrence,PET,NA,PET-NA-2011-8-16,2011,8,16,48.4062,-69.3284,Ascophyllum nodosum,Random,NA,NA,NA,NA,0
5544,merinov_gosl,Gulf of Saint Lawrence,PET,NA,PET-NA-2011-8-16,2011,8,16,48.4062,-69.3284,Fucus distichus subsp. evanescens,Random,NA,NA,NA,NA,0
5545,merinov_gosl,Gulf of Saint Lawrence,PET,NA,PET-NA-2011-8-16,2011,8,16,48.4062,-69.3284,Fucus vesiculosus,Random,NA,NA,NA,NA,0
5546,merinov_gosl,Gulf of Saint Lawrence,PET,NA,PET-NA-2011-8-16,2011,8,16,48.4062,-69.3277,Ascophyllum nodosum,Random,NA,NA,NA,NA,0
5547,merinov_gosl,Gulf of Saint Lawrence,PET,NA,PET-NA-2011-8-16,2011,8,16,48.4062,-69.3277,Fucus distichus subsp. evanescens,Random,NA,NA,NA,NA,0
5548,merinov_gosl,Gulf of Saint Lawrence,PET,NA,PET-NA-2011-8-16,2011,8,16,48.4062,-69.3277,Fucus vesiculosus,Random,NA,NA,NA,NA,0
5549,merinov_gosl,Gulf of Saint Lawrence,PET,NA,PET-NA-2011-8-16,2011,8,16,48.4062,-69.327,Ascophyllum nodosum,Random,NA,NA,NA,NA,0
5550,merinov_gosl,Gulf of Saint Lawrence,PET,NA,PET-NA-2011-8-16,2011,8,16,48.4062,-69.327,Fucus distichus subsp. evanescens,Random,NA,NA,NA,NA,0
5551,merinov_gosl,Gulf of Saint Lawrence,PET,NA,PET-NA-2011-8-16,2011,8,16,48.4062,-69.327,Fucus vesiculosus,Random,NA,NA,NA,NA,0
5552,merinov_gosl,Gulf of Saint Lawrence,PET,NA,PET-NA-2011-8-16,2011,8,16,48.4062,-69.3263,Ascophyllum nodosum,Random,NA,NA,6,6,2.38
5553,merinov_gosl,Gulf of Saint Lawrence,PET,NA,PET-NA-2011-8-16,2011,8,16,48.4062,-69.3263,Fucus distichus subsp. evanescens,Random,NA,NA,3,3,0.22
5554,merinov_gosl,Gulf of Saint Lawrence,PET,NA,PET-NA-2011-8-16,2011,8,16,48.4062,-69.3263,Fucus vesiculosus,Random,NA,NA,23,23,2.5
5555,merinov_gosl,Gulf of Saint Lawrence,PET,NA,PET-NA-2011-8-16,2011,8,16,48.4062,-69.3256,Ascophyllum nodosum,Random,NA,NA,NA,NA,0
5556,merinov_gosl,Gulf of Saint Lawrence,PET,NA,PET-NA-2011-8-16,2011,8,16,48.4062,-69.3256,Fucus distichus subsp. evanescens,Random,NA,NA,2,2,0.05
5557,merinov_gosl,Gulf of Saint Lawrence,PET,NA,PET-NA-2011-8-16,2011,8,16,48.4062,-69.3256,Fucus vesiculosus,Random,NA,NA,NA,NA,0
5558,merinov_gosl,Gulf of Saint Lawrence,PET,NA,PET-NA-2011-8-16,2011,8,16,48.4062,-69.3249,Ascophyllum nodosum,Random,NA,NA,NA,NA,0
5559,merinov_gosl,Gulf of Saint Lawrence,PET,NA,PET-NA-2011-8-16,2011,8,16,48.4062,-69.3249,Fucus distichus subsp. evanescens,Random,NA,NA,NA,NA,0
5560,merinov_gosl,Gulf of Saint Lawrence,PET,NA,PET-NA-2011-8-16,2011,8,16,48.4062,-69.3249,Fucus vesiculosus,Random,NA,NA,NA,NA,0
5561,merinov_gosl,Gulf of Saint Lawrence,PET,NA,PET-NA-2011-8-16,2011,8,16,48.4062,-69.3243,Ascophyllum nodosum,Random,NA,NA,NA,NA,0
5562,merinov_gosl,Gulf of Saint Lawrence,PET,NA,PET-NA-2011-8-16,2011,8,16,48.4062,-69.3243,Fucus distichus subsp. evanescens,Random,NA,NA,31,31,2.75
5563,merinov_gosl,Gulf of Saint Lawrence,PET,NA,PET-NA-2011-8-16,2011,8,16,48.4062,-69.3243,Fucus vesiculosus,Random,NA,NA,NA,NA,0
5564,merinov_gosl,Gulf of Saint Lawrence,PET,NA,PET-NA-2011-8-16,2011,8,16,48.4062,-69.3235,Ascophyllum nodosum,Random,NA,NA,NA,NA,0
5565,merinov_gosl,Gulf of Saint Lawrence,PET,NA,PET-NA-2011-8-16,2011,8,16,48.4062,-69.3235,Fucus distichus subsp. evanescens,Random,NA,NA,NA,NA,0
5566,merinov_gosl,Gulf of Saint Lawrence,PET,NA,PET-NA-2011-8-16,2011,8,16,48.4062,-69.3235,Fucus vesiculosus,Random,NA,NA,NA,NA,0
5567,merinov_gosl,Gulf of Saint Lawrence,PET,NA,PET-NA-2011-8-16,2011,8,16,48.4062,-69.3228,Ascophyllum nodosum,Random,NA,NA,NA,NA,0
5568,merinov_gosl,Gulf of Saint Lawrence,PET,NA,PET-NA-2011-8-16,2011,8,16,48.4062,-69.3228,Fucus distichus subsp. evanescens,Random,NA,NA,NA,NA,0
5569,merinov_gosl,Gulf of Saint Lawrence,PET,NA,PET-NA-2011-8-16,2011,8,16,48.4062,-69.3228,Fucus vesiculosus,Random,NA,NA,NA,NA,0
5570,merinov_gosl,Gulf of Saint Lawrence,PET,NA,PET-NA-2011-8-16,2011,8,16,48.4062,-69.3221,Ascophyllum nodosum,Random,NA,NA,NA,NA,0
5571,merinov_gosl,Gulf of Saint Lawrence,PET,NA,PET-NA-2011-8-16,2011,8,16,48.4062,-69.3221,Fucus distichus subsp. evanescens,Random,NA,NA,NA,NA,0
5572,merinov_gosl,Gulf of Saint Lawrence,PET,NA,PET-NA-2011-8-16,2011,8,16,48.4062,-69.3221,Fucus vesiculosus,Random,NA,NA,NA,NA,0
5573,merinov_gosl,Gulf of Saint Lawrence,PET,NA,PET-NA-2011-8-16,2011,8,16,48.4062,-69.3215,Ascophyllum nodosum,Random,NA,NA,NA,NA,0
5574,merinov_gosl,Gulf of Saint Lawrence,PET,NA,PET-NA-2011-8-16,2011,8,16,48.4062,-69.3215,Fucus distichus subsp. evanescens,Random,NA,NA,87,87,3.57
5575,merinov_gosl,Gulf of Saint Lawrence,PET,NA,PET-NA-2011-8-16,2011,8,16,48.4062,-69.3215,Fucus vesiculosus,Random,NA,NA,NA,NA,0
5576,merinov_gosl,Gulf of Saint Lawrence,PET,NA,PET-NA-2011-8-16,2011,8,16,48.4079,-69.3324,Ascophyllum nodosum,Random,NA,NA,NA,NA,0
5577,merinov_gosl,Gulf of Saint Lawrence,PET,NA,PET-NA-2011-8-16,2011,8,16,48.4079,-69.3324,Fucus distichus subsp. evanescens,Random,NA,NA,NA,NA,0
5578,merinov_gosl,Gulf of Saint Lawrence,PET,NA,PET-NA-2011-8-16,2011,8,16,48.4079,-69.3324,Fucus vesiculosus,Random,NA,NA,NA,NA,0
5579,merinov_gosl,Gulf of Saint Lawrence,PET,NA,PET-NA-2011-8-16,2011,8,16,48.4079,-69.3317,Ascophyllum nodosum,Random,NA,NA,NA,NA,0
5580,merinov_gosl,Gulf of Saint Lawrence,PET,NA,PET-NA-2011-8-16,2011,8,16,48.4079,-69.3317,Fucus distichus subsp. evanescens,Random,NA,NA,NA,NA,0
5581,merinov_gosl,Gulf of Saint Lawrence,PET,NA,PET-NA-2011-8-16,2011,8,16,48.4079,-69.3317,Fucus vesiculosus,Random,NA,NA,NA,NA,0
5582,merinov_gosl,Gulf of Saint Lawrence,PET,NA,PET-NA-2011-8-16,2011,8,16,48.4079,-69.3309,Ascophyllum nodosum,Random,NA,NA,NA,NA,0
5583,merinov_gosl,Gulf of Saint Lawrence,PET,NA,PET-NA-2011-8-16,2011,8,16,48.4079,-69.3309,Fucus distichus subsp. evanescens,Random,NA,NA,NA,NA,0
5584,merinov_gosl,Gulf of Saint Lawrence,PET,NA,PET-NA-2011-8-16,2011,8,16,48.4079,-69.3309,Fucus vesiculosus,Random,NA,NA,NA,NA,0
5585,merinov_gosl,Gulf of Saint Lawrence,PET,NA,PET-NA-2011-8-16,2011,8,16,48.4079,-69.3302,Ascophyllum nodosum,Random,NA,NA,NA,NA,0
5586,merinov_gosl,Gulf of Saint Lawrence,PET,NA,PET-NA-2011-8-16,2011,8,16,48.4079,-69.3302,Fucus distichus subsp. evanescens,Random,NA,NA,NA,NA,0
5587,merinov_gosl,Gulf of Saint Lawrence,PET,NA,PET-NA-2011-8-16,2011,8,16,48.4079,-69.3302,Fucus vesiculosus,Random,NA,NA,NA,NA,0
5588,merinov_gosl,Gulf of Saint Lawrence,PET,NA,PET-NA-2011-8-16,2011,8,16,48.4079,-69.3296,Ascophyllum nodosum,Random,NA,NA,NA,NA,0
5589,merinov_gosl,Gulf of Saint Lawrence,PET,NA,PET-NA-2011-8-16,2011,8,16,48.4079,-69.3296,Fucus distichus subsp. evanescens,Random,NA,NA,2,2,0.11
5590,merinov_gosl,Gulf of Saint Lawrence,PET,NA,PET-NA-2011-8-16,2011,8,16,48.4079,-69.3296,Fucus vesiculosus,Random,NA,NA,NA,NA,0
5591,merinov_gosl,Gulf of Saint Lawrence,PET,NA,PET-NA-2011-8-16,2011,8,16,48.4079,-69.3289,Ascophyllum nodosum,Random,NA,NA,NA,NA,0
5592,merinov_gosl,Gulf of Saint Lawrence,PET,NA,PET-NA-2011-8-16,2011,8,16,48.4079,-69.3289,Fucus distichus subsp. evanescens,Random,NA,NA,NA,NA,0
5593,merinov_gosl,Gulf of Saint Lawrence,PET,NA,PET-NA-2011-8-16,2011,8,16,48.4079,-69.3289,Fucus vesiculosus,Random,NA,NA,NA,NA,0
5594,merinov_gosl,Gulf of Saint Lawrence,PET,NA,PET-NA-2011-8-16,2011,8,16,48.4079,-69.3282,Ascophyllum nodosum,Random,NA,NA,NA,NA,0
5595,merinov_gosl,Gulf of Saint Lawrence,PET,NA,PET-NA-2011-8-16,2011,8,16,48.4079,-69.3282,Fucus distichus subsp. evanescens,Random,NA,NA,NA,NA,0
5596,merinov_gosl,Gulf of Saint Lawrence,PET,NA,PET-NA-2011-8-16,2011,8,16,48.4079,-69.3282,Fucus vesiculosus,Random,NA,NA,NA,NA,0
5597,merinov_gosl,Gulf of Saint Lawrence,PET,NA,PET-NA-2011-8-16,2011,8,16,48.4079,-69.3275,Ascophyllum nodosum,Random,NA,NA,NA,NA,0
5598,merinov_gosl,Gulf of Saint Lawrence,PET,NA,PET-NA-2011-8-16,2011,8,16,48.4079,-69.3275,Fucus distichus subsp. evanescens,Random,NA,NA,NA,NA,0
5599,merinov_gosl,Gulf of Saint Lawrence,PET,NA,PET-NA-2011-8-16,2011,8,16,48.4079,-69.3275,Fucus vesiculosus,Random,NA,NA,NA,NA,0
5600,merinov_gosl,Gulf of Saint Lawrence,PET,NA,PET-NA-2011-8-16,2011,8,16,48.4079,-69.3268,Ascophyllum nodosum,Random,NA,NA,NA,NA,0
5601,merinov_gosl,Gulf of Saint Lawrence,PET,NA,PET-NA-2011-8-16,2011,8,16,48.4079,-69.3268,Fucus distichus subsp. evanescens,Random,NA,NA,NA,NA,0
5602,merinov_gosl,Gulf of Saint Lawrence,PET,NA,PET-NA-2011-8-16,2011,8,16,48.4079,-69.3268,Fucus vesiculosus,Random,NA,NA,NA,NA,0
5603,merinov_gosl,Gulf of Saint Lawrence,PET,NA,PET-NA-2011-8-16,2011,8,16,48.4079,-69.3254,Ascophyllum nodosum,Random,NA,NA,NA,NA,0
5604,merinov_gosl,Gulf of Saint Lawrence,PET,NA,PET-NA-2011-8-16,2011,8,16,48.4079,-69.3254,Fucus distichus subsp. evanescens,Random,NA,NA,NA,NA,0
5605,merinov_gosl,Gulf of Saint Lawrence,PET,NA,PET-NA-2011-8-16,2011,8,16,48.4079,-69.3254,Fucus vesiculosus,Random,NA,NA,NA,NA,0
5606,merinov_gosl,Gulf of Saint Lawrence,PET,NA,PET-NA-2011-8-16,2011,8,16,48.4079,-69.3248,Ascophyllum nodosum,Random,NA,NA,NA,NA,0
5607,merinov_gosl,Gulf of Saint Lawrence,PET,NA,PET-NA-2011-8-16,2011,8,16,48.4079,-69.3248,Fucus distichus subsp. evanescens,Random,NA,NA,17,17,3.64
5608,merinov_gosl,Gulf of Saint Lawrence,PET,NA,PET-NA-2011-8-16,2011,8,16,48.4079,-69.3248,Fucus vesiculosus,Random,NA,NA,3,3,0.43
5609,merinov_gosl,Gulf of Saint Lawrence,PET,NA,PET-NA-2011-8-16,2011,8,16,48.4079,-69.3245,Ascophyllum nodosum,Random,NA,NA,NA,NA,0
5610,merinov_gosl,Gulf of Saint Lawrence,PET,NA,PET-NA-2011-8-16,2011,8,16,48.4079,-69.3245,Fucus distichus subsp. evanescens,Random,NA,NA,NA,NA,0
5611,merinov_gosl,Gulf of Saint Lawrence,PET,NA,PET-NA-2011-8-16,2011,8,16,48.4079,-69.3245,Fucus vesiculosus,Random,NA,NA,NA,NA,0
5612,merinov_gosl,Gulf of Saint Lawrence,PET,NA,PET-NA-2011-8-16,2011,8,16,48.4079,-69.3241,Ascophyllum nodosum,Random,NA,NA,NA,NA,0
5613,merinov_gosl,Gulf of Saint Lawrence,PET,NA,PET-NA-2011-8-16,2011,8,16,48.4079,-69.3241,Fucus distichus subsp. evanescens,Random,NA,NA,NA,NA,0
5614,merinov_gosl,Gulf of Saint Lawrence,PET,NA,PET-NA-2011-8-16,2011,8,16,48.4079,-69.3241,Fucus vesiculosus,Random,NA,NA,NA,NA,0
5615,merinov_gosl,Gulf of Saint Lawrence,PET,NA,PET-NA-2011-8-17,2011,8,17,48.4079,-69.3234,Ascophyllum nodosum,Random,NA,NA,NA,NA,0
5616,merinov_gosl,Gulf of Saint Lawrence,PET,NA,PET-NA-2011-8-17,2011,8,17,48.4079,-69.3234,Fucus distichus subsp. evanescens,Random,NA,NA,12,12,1.67
5617,merinov_gosl,Gulf of Saint Lawrence,PET,NA,PET-NA-2011-8-17,2011,8,17,48.4079,-69.3234,Fucus vesiculosus,Random,NA,NA,7,7,0.96
5618,merinov_gosl,Gulf of Saint Lawrence,PET,NA,PET-NA-2011-8-17,2011,8,17,48.4079,-69.3227,Ascophyllum nodosum,Random,NA,NA,NA,NA,0
5619,merinov_gosl,Gulf of Saint Lawrence,PET,NA,PET-NA-2011-8-17,2011,8,17,48.4079,-69.3227,Fucus distichus subsp. evanescens,Random,NA,NA,NA,NA,0
5620,merinov_gosl,Gulf of Saint Lawrence,PET,NA,PET-NA-2011-8-17,2011,8,17,48.4079,-69.3227,Fucus vesiculosus,Random,NA,NA,NA,NA,0
5621,merinov_gosl,Gulf of Saint Lawrence,PET,NA,PET-NA-2011-8-17,2011,8,17,48.4079,-69.322,Ascophyllum nodosum,Random,NA,NA,NA,NA,0
5622,merinov_gosl,Gulf of Saint Lawrence,PET,NA,PET-NA-2011-8-17,2011,8,17,48.4079,-69.322,Fucus distichus subsp. evanescens,Random,NA,NA,NA,NA,0
5623,merinov_gosl,Gulf of Saint Lawrence,PET,NA,PET-NA-2011-8-17,2011,8,17,48.4079,-69.322,Fucus vesiculosus,Random,NA,NA,NA,NA,0
5624,merinov_gosl,Gulf of Saint Lawrence,PET,NA,PET-NA-2011-8-17,2011,8,17,48.4079,-69.3213,Ascophyllum nodosum,Random,NA,NA,NA,NA,0
5625,merinov_gosl,Gulf of Saint Lawrence,PET,NA,PET-NA-2011-8-17,2011,8,17,48.4079,-69.3213,Fucus distichus subsp. evanescens,Random,NA,NA,5,5,0.07
5626,merinov_gosl,Gulf of Saint Lawrence,PET,NA,PET-NA-2011-8-17,2011,8,17,48.4079,-69.3213,Fucus vesiculosus,Random,NA,NA,NA,NA,0
5627,merinov_gosl,Gulf of Saint Lawrence,PET,NA,PET-NA-2011-8-17,2011,8,17,48.4079,-69.3206,Ascophyllum nodosum,Random,NA,NA,NA,NA,0
5628,merinov_gosl,Gulf of Saint Lawrence,PET,NA,PET-NA-2011-8-17,2011,8,17,48.4079,-69.3206,Fucus distichus subsp. evanescens,Random,NA,NA,NA,NA,0
5629,merinov_gosl,Gulf of Saint Lawrence,PET,NA,PET-NA-2011-8-17,2011,8,17,48.4079,-69.3206,Fucus vesiculosus,Random,NA,NA,NA,NA,0
5630,merinov_gosl,Gulf of Saint Lawrence,PET,NA,PET-NA-2011-8-17,2011,8,17,48.4096,-69.3304,Ascophyllum nodosum,Random,NA,NA,NA,NA,0
5631,merinov_gosl,Gulf of Saint Lawrence,PET,NA,PET-NA-2011-8-17,2011,8,17,48.4096,-69.3304,Fucus distichus subsp. evanescens,Random,NA,NA,NA,NA,0
5632,merinov_gosl,Gulf of Saint Lawrence,PET,NA,PET-NA-2011-8-17,2011,8,17,48.4096,-69.3304,Fucus vesiculosus,Random,NA,NA,NA,NA,0
5633,merinov_gosl,Gulf of Saint Lawrence,PET,NA,PET-NA-2011-8-17,2011,8,17,48.4096,-69.3297,Ascophyllum nodosum,Random,NA,NA,NA,NA,0
5634,merinov_gosl,Gulf of Saint Lawrence,PET,NA,PET-NA-2011-8-17,2011,8,17,48.4096,-69.3297,Fucus distichus subsp. evanescens,Random,NA,NA,NA,NA,0
5635,merinov_gosl,Gulf of Saint Lawrence,PET,NA,PET-NA-2011-8-17,2011,8,17,48.4096,-69.3297,Fucus vesiculosus,Random,NA,NA,NA,NA,0
5636,merinov_gosl,Gulf of Saint Lawrence,PET,NA,PET-NA-2011-8-17,2011,8,17,48.4096,-69.3293,Ascophyllum nodosum,Random,NA,NA,NA,NA,0
5637,merinov_gosl,Gulf of Saint Lawrence,PET,NA,PET-NA-2011-8-17,2011,8,17,48.4096,-69.3293,Fucus distichus subsp. evanescens,Random,NA,NA,17,17,0.58
5638,merinov_gosl,Gulf of Saint Lawrence,PET,NA,PET-NA-2011-8-17,2011,8,17,48.4096,-69.3293,Fucus vesiculosus,Random,NA,NA,NA,NA,0
5639,merinov_gosl,Gulf of Saint Lawrence,PET,NA,PET-NA-2011-8-17,2011,8,17,48.4096,-69.3282,Ascophyllum nodosum,Random,NA,NA,NA,NA,0
5640,merinov_gosl,Gulf of Saint Lawrence,PET,NA,PET-NA-2011-8-17,2011,8,17,48.4096,-69.3282,Fucus distichus subsp. evanescens,Random,NA,NA,1,1,0.05
5641,merinov_gosl,Gulf of Saint Lawrence,PET,NA,PET-NA-2011-8-17,2011,8,17,48.4096,-69.3282,Fucus vesiculosus,Random,NA,NA,NA,NA,0
5642,merinov_gosl,Gulf of Saint Lawrence,PET,NA,PET-NA-2011-8-17,2011,8,17,48.4096,-69.3276,Ascophyllum nodosum,Random,NA,NA,NA,NA,0
5643,merinov_gosl,Gulf of Saint Lawrence,PET,NA,PET-NA-2011-8-17,2011,8,17,48.4096,-69.3276,Fucus distichus subsp. evanescens,Random,NA,NA,NA,NA,0
5644,merinov_gosl,Gulf of Saint Lawrence,PET,NA,PET-NA-2011-8-17,2011,8,17,48.4096,-69.3276,Fucus vesiculosus,Random,NA,NA,NA,NA,0
5645,merinov_gosl,Gulf of Saint Lawrence,PET,NA,PET-NA-2011-8-17,2011,8,17,48.4096,-69.3269,Ascophyllum nodosum,Random,NA,NA,3,3,0.61
5646,merinov_gosl,Gulf of Saint Lawrence,PET,NA,PET-NA-2011-8-17,2011,8,17,48.4096,-69.3269,Fucus distichus subsp. evanescens,Random,NA,NA,24,24,0.85
5647,merinov_gosl,Gulf of Saint Lawrence,PET,NA,PET-NA-2011-8-17,2011,8,17,48.4096,-69.3269,Fucus vesiculosus,Random,NA,NA,NA,NA,0
5648,merinov_gosl,Gulf of Saint Lawrence,PET,NA,PET-NA-2011-8-17,2011,8,17,48.4096,-69.3263,Ascophyllum nodosum,Random,NA,NA,NA,NA,0
5649,merinov_gosl,Gulf of Saint Lawrence,PET,NA,PET-NA-2011-8-17,2011,8,17,48.4096,-69.3263,Fucus distichus subsp. evanescens,Random,NA,NA,5,5,0.69
5650,merinov_gosl,Gulf of Saint Lawrence,PET,NA,PET-NA-2011-8-17,2011,8,17,48.4096,-69.3263,Fucus vesiculosus,Random,NA,NA,NA,NA,0
5651,merinov_gosl,Gulf of Saint Lawrence,PET,NA,PET-NA-2011-8-17,2011,8,17,48.4096,-69.3256,Ascophyllum nodosum,Random,NA,NA,NA,NA,0
5652,merinov_gosl,Gulf of Saint Lawrence,PET,NA,PET-NA-2011-8-17,2011,8,17,48.4096,-69.3256,Fucus distichus subsp. evanescens,Random,NA,NA,NA,NA,0
5653,merinov_gosl,Gulf of Saint Lawrence,PET,NA,PET-NA-2011-8-17,2011,8,17,48.4096,-69.3256,Fucus vesiculosus,Random,NA,NA,NA,NA,0
5654,merinov_gosl,Gulf of Saint Lawrence,PET,NA,PET-NA-2011-8-17,2011,8,17,48.4096,-69.3249,Ascophyllum nodosum,Random,NA,NA,NA,NA,0
5655,merinov_gosl,Gulf of Saint Lawrence,PET,NA,PET-NA-2011-8-17,2011,8,17,48.4096,-69.3249,Fucus distichus subsp. evanescens,Random,NA,NA,20,20,1.79
5656,merinov_gosl,Gulf of Saint Lawrence,PET,NA,PET-NA-2011-8-17,2011,8,17,48.4096,-69.3249,Fucus vesiculosus,Random,NA,NA,NA,NA,0
5657,merinov_gosl,Gulf of Saint Lawrence,PET,NA,PET-NA-2011-8-17,2011,8,17,48.4096,-69.3241,Ascophyllum nodosum,Random,NA,NA,NA,NA,0
5658,merinov_gosl,Gulf of Saint Lawrence,PET,NA,PET-NA-2011-8-17,2011,8,17,48.4096,-69.3241,Fucus distichus subsp. evanescens,Random,NA,NA,NA,NA,0
5659,merinov_gosl,Gulf of Saint Lawrence,PET,NA,PET-NA-2011-8-17,2011,8,17,48.4096,-69.3241,Fucus vesiculosus,Random,NA,NA,NA,NA,0
5660,merinov_gosl,Gulf of Saint Lawrence,PET,NA,PET-NA-2011-8-17,2011,8,17,48.4096,-69.3235,Ascophyllum nodosum,Random,NA,NA,NA,NA,0
5661,merinov_gosl,Gulf of Saint Lawrence,PET,NA,PET-NA-2011-8-17,2011,8,17,48.4096,-69.3235,Fucus distichus subsp. evanescens,Random,NA,NA,NA,NA,0
5662,merinov_gosl,Gulf of Saint Lawrence,PET,NA,PET-NA-2011-8-17,2011,8,17,48.4096,-69.3235,Fucus vesiculosus,Random,NA,NA,NA,NA,0
5663,merinov_gosl,Gulf of Saint Lawrence,PET,NA,PET-NA-2011-8-17,2011,8,17,48.4096,-69.3228,Ascophyllum nodosum,Random,NA,NA,NA,NA,0
5664,merinov_gosl,Gulf of Saint Lawrence,PET,NA,PET-NA-2011-8-17,2011,8,17,48.4096,-69.3228,Fucus distichus subsp. evanescens,Random,NA,NA,1,1,0.01
5665,merinov_gosl,Gulf of Saint Lawrence,PET,NA,PET-NA-2011-8-17,2011,8,17,48.4096,-69.3228,Fucus vesiculosus,Random,NA,NA,NA,NA,0
5666,merinov_gosl,Gulf of Saint Lawrence,PET,NA,PET-NA-2011-8-17,2011,8,17,48.4096,-69.322,Ascophyllum nodosum,Random,NA,NA,NA,NA,0
5667,merinov_gosl,Gulf of Saint Lawrence,PET,NA,PET-NA-2011-8-17,2011,8,17,48.4096,-69.322,Fucus distichus subsp. evanescens,Random,NA,NA,NA,NA,0
5668,merinov_gosl,Gulf of Saint Lawrence,PET,NA,PET-NA-2011-8-17,2011,8,17,48.4096,-69.322,Fucus vesiculosus,Random,NA,NA,NA,NA,0
5669,merinov_gosl,Gulf of Saint Lawrence,PET,NA,PET-NA-2011-8-17,2011,8,17,48.4096,-69.3213,Ascophyllum nodosum,Random,NA,NA,NA,NA,0
5670,merinov_gosl,Gulf of Saint Lawrence,PET,NA,PET-NA-2011-8-17,2011,8,17,48.4096,-69.3213,Fucus distichus subsp. evanescens,Random,NA,NA,NA,NA,0
5671,merinov_gosl,Gulf of Saint Lawrence,PET,NA,PET-NA-2011-8-17,2011,8,17,48.4096,-69.3213,Fucus vesiculosus,Random,NA,NA,NA,NA,0
5672,merinov_gosl,Gulf of Saint Lawrence,PET,NA,PET-NA-2011-8-17,2011,8,17,48.4096,-69.3207,Ascophyllum nodosum,Random,NA,NA,NA,NA,0
5673,merinov_gosl,Gulf of Saint Lawrence,PET,NA,PET-NA-2011-8-17,2011,8,17,48.4096,-69.3207,Fucus distichus subsp. evanescens,Random,NA,NA,32,32,2.47
5674,merinov_gosl,Gulf of Saint Lawrence,PET,NA,PET-NA-2011-8-17,2011,8,17,48.4096,-69.3207,Fucus vesiculosus,Random,NA,NA,NA,NA,0
5675,merinov_gosl,Gulf of Saint Lawrence,PET,NA,PET-NA-2011-8-17,2011,8,17,48.4096,-69.32,Ascophyllum nodosum,Random,NA,NA,NA,NA,0
5676,merinov_gosl,Gulf of Saint Lawrence,PET,NA,PET-NA-2011-8-17,2011,8,17,48.4096,-69.32,Fucus distichus subsp. evanescens,Random,NA,NA,4,4,0.25
5677,merinov_gosl,Gulf of Saint Lawrence,PET,NA,PET-NA-2011-8-17,2011,8,17,48.4096,-69.32,Fucus vesiculosus,Random,NA,NA,NA,NA,0
5678,merinov_gosl,Gulf of Saint Lawrence,PET,NA,PET-NA-2011-8-17,2011,8,17,48.4096,-69.3194,Ascophyllum nodosum,Random,NA,NA,NA,NA,0
5679,merinov_gosl,Gulf of Saint Lawrence,PET,NA,PET-NA-2011-8-17,2011,8,17,48.4096,-69.3194,Fucus distichus subsp. evanescens,Random,NA,NA,NA,NA,0
5680,merinov_gosl,Gulf of Saint Lawrence,PET,NA,PET-NA-2011-8-17,2011,8,17,48.4096,-69.3194,Fucus vesiculosus,Random,NA,NA,NA,NA,0
5681,merinov_gosl,Gulf of Saint Lawrence,PET,NA,PET-NA-2011-8-17,2011,8,17,48.4096,-69.3186,Ascophyllum nodosum,Random,NA,NA,NA,NA,0
5682,merinov_gosl,Gulf of Saint Lawrence,PET,NA,PET-NA-2011-8-17,2011,8,17,48.4096,-69.3186,Fucus distichus subsp. evanescens,Random,NA,NA,NA,NA,0
5683,merinov_gosl,Gulf of Saint Lawrence,PET,NA,PET-NA-2011-8-17,2011,8,17,48.4096,-69.3186,Fucus vesiculosus,Random,NA,NA,NA,NA,0
5684,merinov_gosl,Gulf of Saint Lawrence,PET,NA,PET-NA-2011-8-17,2011,8,17,48.4096,-69.318,Ascophyllum nodosum,Random,NA,NA,NA,NA,0
5685,merinov_gosl,Gulf of Saint Lawrence,PET,NA,PET-NA-2011-8-17,2011,8,17,48.4096,-69.318,Fucus distichus subsp. evanescens,Random,NA,NA,6,6,0.34
5686,merinov_gosl,Gulf of Saint Lawrence,PET,NA,PET-NA-2011-8-17,2011,8,17,48.4096,-69.318,Fucus vesiculosus,Random,NA,NA,NA,NA,0
5687,merinov_gosl,Gulf of Saint Lawrence,PET,NA,PET-NA-2011-8-17,2011,8,17,48.4113,-69.3284,Ascophyllum nodosum,Random,NA,NA,NA,NA,0
5688,merinov_gosl,Gulf of Saint Lawrence,PET,NA,PET-NA-2011-8-17,2011,8,17,48.4113,-69.3284,Fucus distichus subsp. evanescens,Random,NA,NA,NA,NA,0
5689,merinov_gosl,Gulf of Saint Lawrence,PET,NA,PET-NA-2011-8-17,2011,8,17,48.4113,-69.3284,Fucus vesiculosus,Random,NA,NA,NA,NA,0
5690,merinov_gosl,Gulf of Saint Lawrence,PET,NA,PET-NA-2011-8-17,2011,8,17,48.4113,-69.3278,Ascophyllum nodosum,Random,NA,NA,NA,NA,0
5691,merinov_gosl,Gulf of Saint Lawrence,PET,NA,PET-NA-2011-8-17,2011,8,17,48.4113,-69.3278,Fucus distichus subsp. evanescens,Random,NA,NA,NA,NA,0
5692,merinov_gosl,Gulf of Saint Lawrence,PET,NA,PET-NA-2011-8-17,2011,8,17,48.4113,-69.3278,Fucus vesiculosus,Random,NA,NA,NA,NA,0
5693,merinov_gosl,Gulf of Saint Lawrence,PET,NA,PET-NA-2011-8-17,2011,8,17,48.4113,-69.3271,Ascophyllum nodosum,Random,NA,NA,NA,NA,0
5694,merinov_gosl,Gulf of Saint Lawrence,PET,NA,PET-NA-2011-8-17,2011,8,17,48.4113,-69.3271,Fucus distichus subsp. evanescens,Random,NA,NA,NA,NA,0
5695,merinov_gosl,Gulf of Saint Lawrence,PET,NA,PET-NA-2011-8-17,2011,8,17,48.4113,-69.3271,Fucus vesiculosus,Random,NA,NA,NA,NA,0
5696,merinov_gosl,Gulf of Saint Lawrence,PET,NA,PET-NA-2011-8-17,2011,8,17,48.4113,-69.3264,Ascophyllum nodosum,Random,NA,NA,NA,NA,0
5697,merinov_gosl,Gulf of Saint Lawrence,PET,NA,PET-NA-2011-8-17,2011,8,17,48.4113,-69.3264,Fucus distichus subsp. evanescens,Random,NA,NA,NA,NA,0
5698,merinov_gosl,Gulf of Saint Lawrence,PET,NA,PET-NA-2011-8-17,2011,8,17,48.4113,-69.3264,Fucus vesiculosus,Random,NA,NA,NA,NA,0
5699,merinov_gosl,Gulf of Saint Lawrence,PET,NA,PET-NA-2011-8-17,2011,8,17,48.4113,-69.3257,Ascophyllum nodosum,Random,NA,NA,NA,NA,0
5700,merinov_gosl,Gulf of Saint Lawrence,PET,NA,PET-NA-2011-8-17,2011,8,17,48.4113,-69.3257,Fucus distichus subsp. evanescens,Random,NA,NA,NA,NA,0
5701,merinov_gosl,Gulf of Saint Lawrence,PET,NA,PET-NA-2011-8-17,2011,8,17,48.4113,-69.3257,Fucus vesiculosus,Random,NA,NA,NA,NA,0
5702,merinov_gosl,Gulf of Saint Lawrence,PET,NA,PET-NA-2011-8-17,2011,8,17,48.4113,-69.325,Ascophyllum nodosum,Random,NA,NA,30,30,6.69
5703,merinov_gosl,Gulf of Saint Lawrence,PET,NA,PET-NA-2011-8-17,2011,8,17,48.4113,-69.325,Fucus distichus subsp. evanescens,Random,NA,NA,NA,NA,0
5704,merinov_gosl,Gulf of Saint Lawrence,PET,NA,PET-NA-2011-8-17,2011,8,17,48.4113,-69.325,Fucus vesiculosus,Random,NA,NA,8,8,0.4
5705,merinov_gosl,Gulf of Saint Lawrence,PET,NA,PET-NA-2011-8-17,2011,8,17,48.4113,-69.3244,Ascophyllum nodosum,Random,NA,NA,NA,NA,0
5706,merinov_gosl,Gulf of Saint Lawrence,PET,NA,PET-NA-2011-8-17,2011,8,17,48.4113,-69.3244,Fucus distichus subsp. evanescens,Random,NA,NA,NA,NA,0
5707,merinov_gosl,Gulf of Saint Lawrence,PET,NA,PET-NA-2011-8-17,2011,8,17,48.4113,-69.3244,Fucus vesiculosus,Random,NA,NA,NA,NA,0
5708,merinov_gosl,Gulf of Saint Lawrence,PET,NA,PET-NA-2011-8-17,2011,8,17,48.4113,-69.3237,Ascophyllum nodosum,Random,NA,NA,NA,NA,0
5709,merinov_gosl,Gulf of Saint Lawrence,PET,NA,PET-NA-2011-8-17,2011,8,17,48.4113,-69.3237,Fucus distichus subsp. evanescens,Random,NA,NA,NA,NA,0
5710,merinov_gosl,Gulf of Saint Lawrence,PET,NA,PET-NA-2011-8-17,2011,8,17,48.4113,-69.3237,Fucus vesiculosus,Random,NA,NA,NA,NA,0
5711,merinov_gosl,Gulf of Saint Lawrence,PET,NA,PET-NA-2011-8-17,2011,8,17,48.4113,-69.323,Ascophyllum nodosum,Random,NA,NA,NA,NA,0
5712,merinov_gosl,Gulf of Saint Lawrence,PET,NA,PET-NA-2011-8-17,2011,8,17,48.4113,-69.323,Fucus distichus subsp. evanescens,Random,NA,NA,11,11,0.97
5713,merinov_gosl,Gulf of Saint Lawrence,PET,NA,PET-NA-2011-8-17,2011,8,17,48.4113,-69.323,Fucus vesiculosus,Random,NA,NA,NA,NA,0
5714,merinov_gosl,Gulf of Saint Lawrence,PET,NA,PET-NA-2011-8-17,2011,8,17,48.4113,-69.3223,Ascophyllum nodosum,Random,NA,NA,NA,NA,0
5715,merinov_gosl,Gulf of Saint Lawrence,PET,NA,PET-NA-2011-8-17,2011,8,17,48.4113,-69.3223,Fucus distichus subsp. evanescens,Random,NA,NA,NA,NA,0
5716,merinov_gosl,Gulf of Saint Lawrence,PET,NA,PET-NA-2011-8-17,2011,8,17,48.4113,-69.3223,Fucus vesiculosus,Random,NA,NA,NA,NA,0
5717,merinov_gosl,Gulf of Saint Lawrence,PET,NA,PET-NA-2011-8-17,2011,8,17,48.4113,-69.3217,Ascophyllum nodosum,Random,NA,NA,NA,NA,0
5718,merinov_gosl,Gulf of Saint Lawrence,PET,NA,PET-NA-2011-8-17,2011,8,17,48.4113,-69.3217,Fucus distichus subsp. evanescens,Random,NA,NA,NA,NA,0
5719,merinov_gosl,Gulf of Saint Lawrence,PET,NA,PET-NA-2011-8-17,2011,8,17,48.4113,-69.3217,Fucus vesiculosus,Random,NA,NA,NA,NA,0
5720,merinov_gosl,Gulf of Saint Lawrence,PET,NA,PET-NA-2011-8-17,2011,8,17,48.4113,-69.3209,Ascophyllum nodosum,Random,NA,NA,11,11,1.04
5721,merinov_gosl,Gulf of Saint Lawrence,PET,NA,PET-NA-2011-8-17,2011,8,17,48.4113,-69.3209,Fucus distichus subsp. evanescens,Random,NA,NA,2,2,0.89
5722,merinov_gosl,Gulf of Saint Lawrence,PET,NA,PET-NA-2011-8-17,2011,8,17,48.4113,-69.3209,Fucus vesiculosus,Random,NA,NA,25,25,4.99
5723,merinov_gosl,Gulf of Saint Lawrence,PET,NA,PET-NA-2011-8-17,2011,8,17,48.4113,-69.3203,Ascophyllum nodosum,Random,NA,NA,5,5,0.9
5724,merinov_gosl,Gulf of Saint Lawrence,PET,NA,PET-NA-2011-8-17,2011,8,17,48.4113,-69.3203,Fucus distichus subsp. evanescens,Random,NA,NA,2,2,0.39
5725,merinov_gosl,Gulf of Saint Lawrence,PET,NA,PET-NA-2011-8-17,2011,8,17,48.4113,-69.3203,Fucus vesiculosus,Random,NA,NA,21,21,3.16
5726,merinov_gosl,Gulf of Saint Lawrence,PET,NA,PET-NA-2011-8-17,2011,8,17,48.4113,-69.3196,Ascophyllum nodosum,Random,NA,NA,NA,NA,0
5727,merinov_gosl,Gulf of Saint Lawrence,PET,NA,PET-NA-2011-8-17,2011,8,17,48.4113,-69.3196,Fucus distichus subsp. evanescens,Random,NA,NA,NA,NA,0
5728,merinov_gosl,Gulf of Saint Lawrence,PET,NA,PET-NA-2011-8-17,2011,8,17,48.4113,-69.3196,Fucus vesiculosus,Random,NA,NA,NA,NA,0
5729,merinov_gosl,Gulf of Saint Lawrence,PET,NA,PET-NA-2011-8-27,2011,8,27,48.413,-69.322,Ascophyllum nodosum,Random,NA,NA,NA,NA,0
5730,merinov_gosl,Gulf of Saint Lawrence,PET,NA,PET-NA-2011-8-27,2011,8,27,48.413,-69.322,Fucus distichus subsp. evanescens,Random,NA,NA,NA,NA,0
5731,merinov_gosl,Gulf of Saint Lawrence,PET,NA,PET-NA-2011-8-27,2011,8,27,48.413,-69.322,Fucus vesiculosus,Random,NA,NA,NA,NA,0
5732,merinov_gosl,Gulf of Saint Lawrence,PET,NA,PET-NA-2011-8-27,2011,8,27,48.413,-69.3211,Ascophyllum nodosum,Random,NA,NA,1,1,0.03
5733,merinov_gosl,Gulf of Saint Lawrence,PET,NA,PET-NA-2011-8-27,2011,8,27,48.413,-69.3211,Fucus distichus subsp. evanescens,Random,NA,NA,NA,NA,0
5734,merinov_gosl,Gulf of Saint Lawrence,PET,NA,PET-NA-2011-8-27,2011,8,27,48.413,-69.3211,Fucus vesiculosus,Random,NA,NA,NA,NA,0
5735,merinov_gosl,Gulf of Saint Lawrence,PET,NA,PET-NA-2011-8-27,2011,8,27,48.413,-69.3204,Ascophyllum nodosum,Random,NA,NA,NA,NA,0
5736,merinov_gosl,Gulf of Saint Lawrence,PET,NA,PET-NA-2011-8-27,2011,8,27,48.413,-69.3204,Fucus distichus subsp. evanescens,Random,NA,NA,NA,NA,0
5737,merinov_gosl,Gulf of Saint Lawrence,PET,NA,PET-NA-2011-8-27,2011,8,27,48.413,-69.3204,Fucus vesiculosus,Random,NA,NA,NA,NA,0
5738,merinov_gosl,Gulf of Saint Lawrence,PET,NA,PET-NA-2011-8-27,2011,8,27,48.413,-69.3197,Ascophyllum nodosum,Random,NA,NA,39,39,18.6
5739,merinov_gosl,Gulf of Saint Lawrence,PET,NA,PET-NA-2011-8-27,2011,8,27,48.413,-69.3197,Fucus distichus subsp. evanescens,Random,NA,NA,NA,NA,0
5740,merinov_gosl,Gulf of Saint Lawrence,PET,NA,PET-NA-2011-8-27,2011,8,27,48.413,-69.3197,Fucus vesiculosus,Random,NA,NA,2,2,0.41
5741,merinov_gosl,Gulf of Saint Lawrence,PET,NA,PET-NA-2011-8-27,2011,8,27,48.413,-69.3191,Ascophyllum nodosum,Random,NA,NA,20,20,7.91
5742,merinov_gosl,Gulf of Saint Lawrence,PET,NA,PET-NA-2011-8-27,2011,8,27,48.413,-69.3191,Fucus distichus subsp. evanescens,Random,NA,NA,NA,NA,0
5743,merinov_gosl,Gulf of Saint Lawrence,PET,NA,PET-NA-2011-8-27,2011,8,27,48.413,-69.3191,Fucus vesiculosus,Random,NA,NA,NA,NA,0
5744,merinov_gosl,Gulf of Saint Lawrence,PET,NA,PET-NA-2011-8-27,2011,8,27,48.413,-69.3183,Ascophyllum nodosum,Random,NA,NA,NA,NA,0
5745,merinov_gosl,Gulf of Saint Lawrence,PET,NA,PET-NA-2011-8-27,2011,8,27,48.413,-69.3183,Fucus distichus subsp. evanescens,Random,NA,NA,NA,NA,0
5746,merinov_gosl,Gulf of Saint Lawrence,PET,NA,PET-NA-2011-8-27,2011,8,27,48.413,-69.3183,Fucus vesiculosus,Random,NA,NA,NA,NA,0
5747,merinov_gosl,Gulf of Saint Lawrence,PET,NA,PET-NA-2011-8-27,2011,8,27,48.413,-69.3174,Ascophyllum nodosum,Random,NA,NA,NA,NA,0
5748,merinov_gosl,Gulf of Saint Lawrence,PET,NA,PET-NA-2011-8-27,2011,8,27,48.413,-69.3174,Fucus distichus subsp. evanescens,Random,NA,NA,NA,NA,0
5749,merinov_gosl,Gulf of Saint Lawrence,PET,NA,PET-NA-2011-8-27,2011,8,27,48.413,-69.3174,Fucus vesiculosus,Random,NA,NA,NA,NA,0
5750,merinov_gosl,Gulf of Saint Lawrence,PET,NA,PET-NA-2011-8-27,2011,8,27,48.4148,-69.3206,Ascophyllum nodosum,Random,NA,NA,NA,NA,0
5751,merinov_gosl,Gulf of Saint Lawrence,PET,NA,PET-NA-2011-8-27,2011,8,27,48.4148,-69.3206,Fucus distichus subsp. evanescens,Random,NA,NA,NA,NA,0
5752,merinov_gosl,Gulf of Saint Lawrence,PET,NA,PET-NA-2011-8-27,2011,8,27,48.4148,-69.3206,Fucus vesiculosus,Random,NA,NA,NA,NA,0
5753,merinov_gosl,Gulf of Saint Lawrence,PET,NA,PET-NA-2011-8-27,2011,8,27,48.4148,-69.32,Ascophyllum nodosum,Random,NA,NA,21,21,4.29
5754,merinov_gosl,Gulf of Saint Lawrence,PET,NA,PET-NA-2011-8-27,2011,8,27,48.4148,-69.32,Fucus distichus subsp. evanescens,Random,NA,NA,NA,NA,0
5755,merinov_gosl,Gulf of Saint Lawrence,PET,NA,PET-NA-2011-8-27,2011,8,27,48.4148,-69.32,Fucus vesiculosus,Random,NA,NA,14,14,0.79
5756,merinov_gosl,Gulf of Saint Lawrence,PET,NA,PET-NA-2011-8-27,2011,8,27,48.4148,-69.3192,Ascophyllum nodosum,Random,NA,NA,NA,NA,0
5757,merinov_gosl,Gulf of Saint Lawrence,PET,NA,PET-NA-2011-8-27,2011,8,27,48.4148,-69.3192,Fucus distichus subsp. evanescens,Random,NA,NA,NA,NA,0
5758,merinov_gosl,Gulf of Saint Lawrence,PET,NA,PET-NA-2011-8-27,2011,8,27,48.4148,-69.3192,Fucus vesiculosus,Random,NA,NA,NA,NA,0
5759,merinov_gosl,Gulf of Saint Lawrence,PET,NA,PET-NA-2011-8-27,2011,8,27,48.4148,-69.3186,Ascophyllum nodosum,Random,NA,NA,28,28,14.78
5760,merinov_gosl,Gulf of Saint Lawrence,PET,NA,PET-NA-2011-8-27,2011,8,27,48.4148,-69.3186,Fucus distichus subsp. evanescens,Random,NA,NA,6,6,0.15
5761,merinov_gosl,Gulf of Saint Lawrence,PET,NA,PET-NA-2011-8-27,2011,8,27,48.4148,-69.3186,Fucus vesiculosus,Random,NA,NA,NA,NA,0
5762,merinov_gosl,Gulf of Saint Lawrence,PET,NA,PET-NA-2011-8-27,2011,8,27,48.4148,-69.3178,Ascophyllum nodosum,Random,NA,NA,NA,NA,0
5763,merinov_gosl,Gulf of Saint Lawrence,PET,NA,PET-NA-2011-8-27,2011,8,27,48.4148,-69.3178,Fucus distichus subsp. evanescens,Random,NA,NA,NA,NA,0
5764,merinov_gosl,Gulf of Saint Lawrence,PET,NA,PET-NA-2011-8-27,2011,8,27,48.4148,-69.3178,Fucus vesiculosus,Random,NA,NA,NA,NA,0
5765,merinov_gosl,Gulf of Saint Lawrence,PET,NA,PET-NA-2011-8-27,2011,8,27,48.4148,-69.3171,Ascophyllum nodosum,Random,NA,NA,2,2,0.03
5766,merinov_gosl,Gulf of Saint Lawrence,PET,NA,PET-NA-2011-8-27,2011,8,27,48.4148,-69.3171,Fucus distichus subsp. evanescens,Random,NA,NA,NA,NA,0
5767,merinov_gosl,Gulf of Saint Lawrence,PET,NA,PET-NA-2011-8-27,2011,8,27,48.4148,-69.3171,Fucus vesiculosus,Random,NA,NA,12,12,1.37
5768,merinov_gosl,Gulf of Saint Lawrence,PET,NA,PET-NA-2011-8-27,2011,8,27,48.4148,-69.3165,Ascophyllum nodosum,Random,NA,NA,NA,NA,0
5769,merinov_gosl,Gulf of Saint Lawrence,PET,NA,PET-NA-2011-8-27,2011,8,27,48.4148,-69.3165,Fucus distichus subsp. evanescens,Random,NA,NA,NA,NA,0
5770,merinov_gosl,Gulf of Saint Lawrence,PET,NA,PET-NA-2011-8-27,2011,8,27,48.4148,-69.3165,Fucus vesiculosus,Random,NA,NA,1,1,0.01
5771,merinov_gosl,Gulf of Saint Lawrence,PET,NA,PET-NA-2011-8-27,2011,8,27,48.4148,-69.3158,Ascophyllum nodosum,Random,NA,NA,24,24,7.91
5772,merinov_gosl,Gulf of Saint Lawrence,PET,NA,PET-NA-2011-8-27,2011,8,27,48.4148,-69.3158,Fucus distichus subsp. evanescens,Random,NA,NA,NA,NA,0
5773,merinov_gosl,Gulf of Saint Lawrence,PET,NA,PET-NA-2011-8-27,2011,8,27,48.4148,-69.3158,Fucus vesiculosus,Random,NA,NA,7,7,1.01
5774,merinov_gosl,Gulf of Saint Lawrence,PET,NA,PET-NA-2011-8-27,2011,8,27,48.4148,-69.3151,Ascophyllum nodosum,Random,NA,NA,73,73,14.26
5775,merinov_gosl,Gulf of Saint Lawrence,PET,NA,PET-NA-2011-8-27,2011,8,27,48.4148,-69.3151,Fucus distichus subsp. evanescens,Random,NA,NA,NA,NA,0
5776,merinov_gosl,Gulf of Saint Lawrence,PET,NA,PET-NA-2011-8-27,2011,8,27,48.4148,-69.3151,Fucus vesiculosus,Random,NA,NA,4,4,1.28
5777,merinov_gosl,Gulf of Saint Lawrence,MSM,NA,MSM-NA-2009-7-25,2009,7,25,48.683,-67.9764,Alaria esculenta,Random,NA,0,NA,NA,NA
5778,merinov_gosl,Gulf of Saint Lawrence,MSM,NA,MSM-NA-2009-7-25,2009,7,25,48.683,-67.9764,Ascophyllum nodosum,Random,NA,0,NA,NA,NA
5779,merinov_gosl,Gulf of Saint Lawrence,MSM,NA,MSM-NA-2009-7-25,2009,7,25,48.683,-67.9764,Fucus distichus,Random,NA,89,NA,NA,NA
5780,merinov_gosl,Gulf of Saint Lawrence,MSM,NA,MSM-NA-2009-7-25,2009,7,25,48.683,-67.9764,Fucus vesiculosus,Random,NA,0,NA,NA,NA
5781,merinov_gosl,Gulf of Saint Lawrence,MSM,NA,MSM-NA-2009-7-25,2009,7,25,48.683,-67.9764,Laminaria spp,Random,NA,0,NA,NA,NA
5782,merinov_gosl,Gulf of Saint Lawrence,MSM,NA,MSM-NA-2009-7-26,2009,7,26,48.683,-67.9764,Alaria esculenta,Random,NA,0,NA,NA,NA
5783,merinov_gosl,Gulf of Saint Lawrence,MSM,NA,MSM-NA-2009-7-26,2009,7,26,48.683,-67.9764,Ascophyllum nodosum,Random,NA,0,NA,NA,NA
5784,merinov_gosl,Gulf of Saint Lawrence,MSM,NA,MSM-NA-2009-7-26,2009,7,26,48.683,-67.9764,Fucus distichus,Random,NA,94.5,NA,NA,NA
5785,merinov_gosl,Gulf of Saint Lawrence,MSM,NA,MSM-NA-2009-7-26,2009,7,26,48.683,-67.9764,Fucus vesiculosus,Random,NA,0,NA,NA,NA
5786,merinov_gosl,Gulf of Saint Lawrence,MSM,NA,MSM-NA-2009-7-26,2009,7,26,48.683,-67.9764,Laminaria spp,Random,NA,0,NA,NA,NA
5787,merinov_gosl,Gulf of Saint Lawrence,MSM,NA,MSM-NA-2009-7-27,2009,7,27,48.683,-67.9764,Alaria esculenta,Random,NA,0,NA,NA,NA
5788,merinov_gosl,Gulf of Saint Lawrence,MSM,NA,MSM-NA-2009-7-27,2009,7,27,48.683,-67.9764,Ascophyllum nodosum,Random,NA,0,NA,NA,NA
5789,merinov_gosl,Gulf of Saint Lawrence,MSM,NA,MSM-NA-2009-7-27,2009,7,27,48.683,-67.9764,Fucus distichus,Random,NA,85,NA,NA,NA
5790,merinov_gosl,Gulf of Saint Lawrence,MSM,NA,MSM-NA-2009-7-27,2009,7,27,48.683,-67.9764,Fucus vesiculosus,Random,NA,0,NA,NA,NA
5791,merinov_gosl,Gulf of Saint Lawrence,MSM,NA,MSM-NA-2009-7-27,2009,7,27,48.683,-67.9764,Laminaria spp,Random,NA,0,NA,NA,NA
5792,merinov_gosl,Gulf of Saint Lawrence,MSM,NA,MSM-NA-2009-7-28,2009,7,28,48.683,-67.9764,Alaria esculenta,Random,NA,0,NA,NA,NA
5793,merinov_gosl,Gulf of Saint Lawrence,MSM,NA,MSM-NA-2009-7-28,2009,7,28,48.683,-67.9764,Ascophyllum nodosum,Random,NA,0,NA,NA,NA
5794,merinov_gosl,Gulf of Saint Lawrence,MSM,NA,MSM-NA-2009-7-28,2009,7,28,48.683,-67.9764,Fucus distichus,Random,NA,97,NA,NA,NA
5795,merinov_gosl,Gulf of Saint Lawrence,MSM,NA,MSM-NA-2009-7-28,2009,7,28,48.683,-67.9764,Fucus vesiculosus,Random,NA,0,NA,NA,NA
5796,merinov_gosl,Gulf of Saint Lawrence,MSM,NA,MSM-NA-2009-7-28,2009,7,28,48.683,-67.9764,Laminaria spp,Random,NA,0,NA,NA,NA
5797,merinov_gosl,Gulf of Saint Lawrence,MSM,NA,MSM-NA-2010-5-15,2010,5,15,48.683,-67.9764,Alaria esculenta,Random,NA,0,NA,NA,NA
5798,merinov_gosl,Gulf of Saint Lawrence,MSM,NA,MSM-NA-2010-5-15,2010,5,15,48.683,-67.9764,Ascophyllum nodosum,Random,NA,0,NA,NA,NA
5799,merinov_gosl,Gulf of Saint Lawrence,MSM,NA,MSM-NA-2010-5-15,2010,5,15,48.683,-67.9764,Fucus distichus,Random,NA,62,NA,NA,NA
5800,merinov_gosl,Gulf of Saint Lawrence,MSM,NA,MSM-NA-2010-5-15,2010,5,15,48.683,-67.9764,Fucus vesiculosus,Random,NA,0,NA,NA,NA
5801,merinov_gosl,Gulf of Saint Lawrence,MSM,NA,MSM-NA-2010-5-15,2010,5,15,48.683,-67.9764,Laminaria spp,Random,NA,0,NA,NA,NA
5802,merinov_gosl,Gulf of Saint Lawrence,MSM,NA,MSM-NA-2010-5-16,2010,5,16,48.683,-67.9764,Alaria esculenta,Random,NA,0,NA,NA,NA
5803,merinov_gosl,Gulf of Saint Lawrence,MSM,NA,MSM-NA-2010-5-16,2010,5,16,48.683,-67.9764,Ascophyllum nodosum,Random,NA,0,NA,NA,NA
5804,merinov_gosl,Gulf of Saint Lawrence,MSM,NA,MSM-NA-2010-5-16,2010,5,16,48.683,-67.9764,Fucus distichus,Random,NA,71.33333333,NA,NA,NA
5805,merinov_gosl,Gulf of Saint Lawrence,MSM,NA,MSM-NA-2010-5-16,2010,5,16,48.683,-67.9764,Fucus vesiculosus,Random,NA,0,NA,NA,NA
5806,merinov_gosl,Gulf of Saint Lawrence,MSM,NA,MSM-NA-2010-5-16,2010,5,16,48.683,-67.9764,Laminaria spp,Random,NA,0,NA,NA,NA
5807,merinov_gosl,Gulf of Saint Lawrence,MSM,NA,MSM-NA-2010-7-15,2010,7,15,48.683,-67.9764,Alaria esculenta,Random,NA,0,NA,NA,NA
5808,merinov_gosl,Gulf of Saint Lawrence,MSM,NA,MSM-NA-2010-7-15,2010,7,15,48.683,-67.9764,Ascophyllum nodosum,Random,NA,0,NA,NA,NA
5809,merinov_gosl,Gulf of Saint Lawrence,MSM,NA,MSM-NA-2010-7-15,2010,7,15,48.683,-67.9764,Fucus distichus,Random,NA,99,NA,NA,NA
5810,merinov_gosl,Gulf of Saint Lawrence,MSM,NA,MSM-NA-2010-7-15,2010,7,15,48.683,-67.9764,Fucus vesiculosus,Random,NA,0,NA,NA,NA
5811,merinov_gosl,Gulf of Saint Lawrence,MSM,NA,MSM-NA-2010-7-15,2010,7,15,48.683,-67.9764,Laminaria spp,Random,NA,0,NA,NA,NA
5812,merinov_gosl,Gulf of Saint Lawrence,MSM,NA,MSM-NA-2010-7-16,2010,7,16,48.683,-67.9764,Alaria esculenta,Random,NA,0,NA,NA,NA
5813,merinov_gosl,Gulf of Saint Lawrence,MSM,NA,MSM-NA-2010-7-16,2010,7,16,48.683,-67.9764,Ascophyllum nodosum,Random,NA,0,NA,NA,NA
5814,merinov_gosl,Gulf of Saint Lawrence,MSM,NA,MSM-NA-2010-7-16,2010,7,16,48.683,-67.9764,Fucus distichus,Random,NA,99.66666667,NA,NA,NA
5815,merinov_gosl,Gulf of Saint Lawrence,MSM,NA,MSM-NA-2010-7-16,2010,7,16,48.683,-67.9764,Fucus vesiculosus,Random,NA,0,NA,NA,NA
5816,merinov_gosl,Gulf of Saint Lawrence,MSM,NA,MSM-NA-2010-7-16,2010,7,16,48.683,-67.9764,Laminaria spp,Random,NA,0,NA,NA,NA
5817,merinov_gosl,Gulf of Saint Lawrence,MSM,NA,MSM-NA-2010-9-10,2010,9,10,48.683,-67.9764,Alaria esculenta,Random,NA,0,NA,NA,NA
5818,merinov_gosl,Gulf of Saint Lawrence,MSM,NA,MSM-NA-2010-9-10,2010,9,10,48.683,-67.9764,Ascophyllum nodosum,Random,NA,0,NA,NA,NA
5819,merinov_gosl,Gulf of Saint Lawrence,MSM,NA,MSM-NA-2010-9-10,2010,9,10,48.683,-67.9764,Fucus distichus,Random,NA,89.14285714,NA,NA,NA
5820,merinov_gosl,Gulf of Saint Lawrence,MSM,NA,MSM-NA-2010-9-10,2010,9,10,48.683,-67.9764,Fucus vesiculosus,Random,NA,0,NA,NA,NA
5821,merinov_gosl,Gulf of Saint Lawrence,MSM,NA,MSM-NA-2010-9-10,2010,9,10,48.683,-67.9764,Laminaria spp,Random,NA,0,NA,NA,NA
5822,merinov_gosl,Gulf of Saint Lawrence,MSM,NA,MSM-NA-2010-9-11,2010,9,11,48.683,-67.9764,Alaria esculenta,Random,NA,0,NA,NA,NA
5823,merinov_gosl,Gulf of Saint Lawrence,MSM,NA,MSM-NA-2010-9-11,2010,9,11,48.683,-67.9764,Ascophyllum nodosum,Random,NA,0,NA,NA,NA
5824,merinov_gosl,Gulf of Saint Lawrence,MSM,NA,MSM-NA-2010-9-11,2010,9,11,48.683,-67.9764,Fucus distichus,Random,NA,98,NA,NA,NA
5825,merinov_gosl,Gulf of Saint Lawrence,MSM,NA,MSM-NA-2010-9-11,2010,9,11,48.683,-67.9764,Fucus vesiculosus,Random,NA,0,NA,NA,NA
5826,merinov_gosl,Gulf of Saint Lawrence,MSM,NA,MSM-NA-2010-9-11,2010,9,11,48.683,-67.9764,Laminaria spp,Random,NA,0,NA,NA,NA
5827,merinov_gosl,Gulf of Saint Lawrence,MSM,NA,MSM-NA-2011-5-15,2011,5,15,48.6285,-68.1988,Alaria esculenta,Random,NA,0,NA,NA,NA
5828,merinov_gosl,Gulf of Saint Lawrence,MSM,NA,MSM-NA-2011-5-15,2011,5,15,48.6285,-68.1988,Ascophyllum nodosum,Random,NA,0,NA,NA,NA
5829,merinov_gosl,Gulf of Saint Lawrence,MSM,NA,MSM-NA-2011-5-15,2011,5,15,48.6285,-68.1988,Fucus distichus,Random,NA,1,NA,NA,NA
5830,merinov_gosl,Gulf of Saint Lawrence,MSM,NA,MSM-NA-2011-5-15,2011,5,15,48.6285,-68.1988,Fucus vesiculosus,Random,NA,0,NA,NA,NA
5831,merinov_gosl,Gulf of Saint Lawrence,MSM,NA,MSM-NA-2011-5-15,2011,5,15,48.6285,-68.1988,Laminaria spp,Random,NA,0,NA,NA,NA
5832,merinov_gosl,Gulf of Saint Lawrence,MSM,NA,MSM-NA-2011-5-15,2011,5,15,48.683,-67.9764,Alaria esculenta,Random,NA,0,NA,NA,NA
5833,merinov_gosl,Gulf of Saint Lawrence,MSM,NA,MSM-NA-2011-5-15,2011,5,15,48.683,-67.9764,Ascophyllum nodosum,Random,NA,0,NA,NA,NA
5834,merinov_gosl,Gulf of Saint Lawrence,MSM,NA,MSM-NA-2011-5-15,2011,5,15,48.683,-67.9764,Fucus distichus,Random,NA,4.25,NA,NA,NA
5835,merinov_gosl,Gulf of Saint Lawrence,MSM,NA,MSM-NA-2011-5-15,2011,5,15,48.683,-67.9764,Fucus vesiculosus,Random,NA,0,NA,NA,NA
5836,merinov_gosl,Gulf of Saint Lawrence,MSM,NA,MSM-NA-2011-5-15,2011,5,15,48.683,-67.9764,Laminaria spp,Random,NA,0,NA,NA,NA
5837,merinov_gosl,Gulf of Saint Lawrence,MSM,NA,MSM-NA-2011-5-19,2011,5,19,48.683,-67.9764,Alaria esculenta,Random,NA,0,NA,NA,NA
5838,merinov_gosl,Gulf of Saint Lawrence,MSM,NA,MSM-NA-2011-5-19,2011,5,19,48.683,-67.9764,Ascophyllum nodosum,Random,NA,0,NA,NA,NA
5839,merinov_gosl,Gulf of Saint Lawrence,MSM,NA,MSM-NA-2011-5-19,2011,5,19,48.683,-67.9764,Fucus distichus,Random,NA,26,NA,NA,NA
5840,merinov_gosl,Gulf of Saint Lawrence,MSM,NA,MSM-NA-2011-5-19,2011,5,19,48.683,-67.9764,Fucus vesiculosus,Random,NA,0,NA,NA,NA
5841,merinov_gosl,Gulf of Saint Lawrence,MSM,NA,MSM-NA-2011-5-19,2011,5,19,48.683,-67.9764,Laminaria spp,Random,NA,0,NA,NA,NA
5842,merinov_gosl,Gulf of Saint Lawrence,MSM,NA,MSM-NA-2011-8-4,2011,8,4,48.683,-67.9764,Alaria esculenta,Random,NA,0,NA,NA,NA
5843,merinov_gosl,Gulf of Saint Lawrence,MSM,NA,MSM-NA-2011-8-4,2011,8,4,48.683,-67.9764,Ascophyllum nodosum,Random,NA,0,NA,NA,NA
5844,merinov_gosl,Gulf of Saint Lawrence,MSM,NA,MSM-NA-2011-8-4,2011,8,4,48.683,-67.9764,Fucus distichus,Random,NA,59.4,NA,NA,NA
5845,merinov_gosl,Gulf of Saint Lawrence,MSM,NA,MSM-NA-2011-8-4,2011,8,4,48.683,-67.9764,Fucus vesiculosus,Random,NA,0,NA,NA,NA
5846,merinov_gosl,Gulf of Saint Lawrence,MSM,NA,MSM-NA-2011-8-4,2011,8,4,48.683,-67.9764,Laminaria spp,Random,NA,0,NA,NA,NA
5847,merinov_gosl,Gulf of Saint Lawrence,MSM,NA,MSM-NA-2011-9-29,2011,9,29,48.683,-67.9764,Alaria esculenta,Random,NA,0,NA,NA,NA
5848,merinov_gosl,Gulf of Saint Lawrence,MSM,NA,MSM-NA-2011-9-29,2011,9,29,48.683,-67.9764,Ascophyllum nodosum,Random,NA,0,NA,NA,NA
5849,merinov_gosl,Gulf of Saint Lawrence,MSM,NA,MSM-NA-2011-9-29,2011,9,29,48.683,-67.9764,Fucus distichus,Random,NA,92.9,NA,NA,NA
5850,merinov_gosl,Gulf of Saint Lawrence,MSM,NA,MSM-NA-2011-9-29,2011,9,29,48.683,-67.9764,Fucus vesiculosus,Random,NA,0,NA,NA,NA
5851,merinov_gosl,Gulf of Saint Lawrence,MSM,NA,MSM-NA-2011-9-29,2011,9,29,48.683,-67.9764,Laminaria spp,Random,NA,0,NA,NA,NA
5852,merinov_gosl,Gulf of Saint Lawrence,MSM,NA,MSM-NA-2012-5-9,2012,5,9,48.683,-67.9764,Alaria esculenta,Random,NA,0,NA,NA,NA
5853,merinov_gosl,Gulf of Saint Lawrence,MSM,NA,MSM-NA-2012-5-9,2012,5,9,48.683,-67.9764,Ascophyllum nodosum,Random,NA,0,NA,NA,NA
5854,merinov_gosl,Gulf of Saint Lawrence,MSM,NA,MSM-NA-2012-5-9,2012,5,9,48.683,-67.9764,Fucus distichus,Random,NA,23,NA,NA,NA
5855,merinov_gosl,Gulf of Saint Lawrence,MSM,NA,MSM-NA-2012-5-9,2012,5,9,48.683,-67.9764,Fucus vesiculosus,Random,NA,0.1,NA,NA,NA
5856,merinov_gosl,Gulf of Saint Lawrence,MSM,NA,MSM-NA-2012-5-9,2012,5,9,48.683,-67.9764,Laminaria spp,Random,NA,0,NA,NA,NA
5857,merinov_gosl,Gulf of Saint Lawrence,MSM,NA,MSM-NA-2012-7-7,2012,7,7,48.683,-67.9764,Alaria esculenta,Random,NA,0,NA,NA,NA
5858,merinov_gosl,Gulf of Saint Lawrence,MSM,NA,MSM-NA-2012-7-7,2012,7,7,48.683,-67.9764,Ascophyllum nodosum,Random,NA,0,NA,NA,NA
5859,merinov_gosl,Gulf of Saint Lawrence,MSM,NA,MSM-NA-2012-7-7,2012,7,7,48.683,-67.9764,Fucus distichus,Random,NA,71.3,NA,NA,NA
5860,merinov_gosl,Gulf of Saint Lawrence,MSM,NA,MSM-NA-2012-7-7,2012,7,7,48.683,-67.9764,Fucus vesiculosus,Random,NA,0,NA,NA,NA
5861,merinov_gosl,Gulf of Saint Lawrence,MSM,NA,MSM-NA-2012-7-7,2012,7,7,48.683,-67.9764,Laminaria spp,Random,NA,0.3,NA,NA,NA
5862,merinov_gosl,Gulf of Saint Lawrence,MSM,NA,MSM-NA-2012-9-7,2012,9,7,48.683,-67.9764,Alaria esculenta,Random,NA,0,NA,NA,NA
5863,merinov_gosl,Gulf of Saint Lawrence,MSM,NA,MSM-NA-2012-9-7,2012,9,7,48.683,-67.9764,Ascophyllum nodosum,Random,NA,0,NA,NA,NA
5864,merinov_gosl,Gulf of Saint Lawrence,MSM,NA,MSM-NA-2012-9-7,2012,9,7,48.683,-67.9764,Fucus distichus,Random,NA,94.2,NA,NA,NA
5865,merinov_gosl,Gulf of Saint Lawrence,MSM,NA,MSM-NA-2012-9-7,2012,9,7,48.683,-67.9764,Fucus vesiculosus,Random,NA,0,NA,NA,NA
5866,merinov_gosl,Gulf of Saint Lawrence,MSM,NA,MSM-NA-2012-9-7,2012,9,7,48.683,-67.9764,Laminaria spp,Random,NA,1,NA,NA,NA
5867,merinov_gosl,Gulf of Saint Lawrence,MSM,NA,MSM-NA-2012-9-18,2012,9,18,48.683,-67.9764,Alaria esculenta,Random,NA,0,NA,NA,NA
5868,merinov_gosl,Gulf of Saint Lawrence,MSM,NA,MSM-NA-2012-9-18,2012,9,18,48.683,-67.9764,Ascophyllum nodosum,Random,NA,0,NA,NA,NA
5869,merinov_gosl,Gulf of Saint Lawrence,MSM,NA,MSM-NA-2012-9-18,2012,9,18,48.683,-67.9764,Fucus distichus,Random,NA,99.5,NA,NA,NA
5870,merinov_gosl,Gulf of Saint Lawrence,MSM,NA,MSM-NA-2012-9-18,2012,9,18,48.683,-67.9764,Fucus vesiculosus,Random,NA,0,NA,NA,NA
5871,merinov_gosl,Gulf of Saint Lawrence,MSM,NA,MSM-NA-2012-9-18,2012,9,18,48.683,-67.9764,Laminaria spp,Random,NA,0,NA,NA,NA
5872,merinov_gosl,Gulf of Saint Lawrence,PG,NA,PG-NA-2009-5-27,2009,5,27,48.3734,-69.3669,Alaria esculenta,Random,NA,1.25,NA,NA,NA
5873,merinov_gosl,Gulf of Saint Lawrence,PG,NA,PG-NA-2009-5-27,2009,5,27,48.3734,-69.3669,Ascophyllum nodosum,Random,NA,1,NA,NA,NA
5874,merinov_gosl,Gulf of Saint Lawrence,PG,NA,PG-NA-2009-5-27,2009,5,27,48.3734,-69.3669,Fucus distichus,Random,NA,10.5,NA,NA,NA
5875,merinov_gosl,Gulf of Saint Lawrence,PG,NA,PG-NA-2009-5-27,2009,5,27,48.3734,-69.3669,Fucus vesiculosus,Random,NA,73.75,NA,NA,NA
5876,merinov_gosl,Gulf of Saint Lawrence,PG,NA,PG-NA-2009-5-27,2009,5,27,48.3734,-69.3669,Laminaria spp,Random,NA,0,NA,NA,NA
5877,merinov_gosl,Gulf of Saint Lawrence,PG,NA,PG-NA-2009-5-28,2009,5,28,48.3734,-69.3669,Alaria esculenta,Random,NA,0,NA,NA,NA
5878,merinov_gosl,Gulf of Saint Lawrence,PG,NA,PG-NA-2009-5-28,2009,5,28,48.3734,-69.3669,Ascophyllum nodosum,Random,NA,0.666666667,NA,NA,NA
5879,merinov_gosl,Gulf of Saint Lawrence,PG,NA,PG-NA-2009-5-28,2009,5,28,48.3734,-69.3669,Fucus distichus,Random,NA,29,NA,NA,NA
5880,merinov_gosl,Gulf of Saint Lawrence,PG,NA,PG-NA-2009-5-28,2009,5,28,48.3734,-69.3669,Fucus vesiculosus,Random,NA,65.16666667,NA,NA,NA
5881,merinov_gosl,Gulf of Saint Lawrence,PG,NA,PG-NA-2009-5-28,2009,5,28,48.3734,-69.3669,Laminaria spp,Random,NA,0.166666667,NA,NA,NA
5882,merinov_gosl,Gulf of Saint Lawrence,PG,NA,PG-NA-2009-8-21,2009,8,21,48.3734,-69.3669,Alaria esculenta,Random,NA,0,NA,NA,NA
5883,merinov_gosl,Gulf of Saint Lawrence,PG,NA,PG-NA-2009-8-21,2009,8,21,48.3734,-69.3669,Ascophyllum nodosum,Random,NA,2.2,NA,NA,NA
5884,merinov_gosl,Gulf of Saint Lawrence,PG,NA,PG-NA-2009-8-21,2009,8,21,48.3734,-69.3669,Fucus distichus,Random,NA,84.5,NA,NA,NA
5885,merinov_gosl,Gulf of Saint Lawrence,PG,NA,PG-NA-2009-8-21,2009,8,21,48.3734,-69.3669,Fucus vesiculosus,Random,NA,11.9,NA,NA,NA
5886,merinov_gosl,Gulf of Saint Lawrence,PG,NA,PG-NA-2009-8-21,2009,8,21,48.3734,-69.3669,Laminaria spp,Random,NA,0.8,NA,NA,NA
5887,merinov_gosl,Gulf of Saint Lawrence,PG,NA,PG-NA-2010-5-15,2010,5,15,48.3734,-69.3669,Alaria esculenta,Random,NA,3.333333333,NA,NA,NA
5888,merinov_gosl,Gulf of Saint Lawrence,PG,NA,PG-NA-2010-5-15,2010,5,15,48.3734,-69.3669,Ascophyllum nodosum,Random,NA,0,NA,NA,NA
5889,merinov_gosl,Gulf of Saint Lawrence,PG,NA,PG-NA-2010-5-15,2010,5,15,48.3734,-69.3669,Fucus distichus,Random,NA,89.16666667,NA,NA,NA
5890,merinov_gosl,Gulf of Saint Lawrence,PG,NA,PG-NA-2010-5-15,2010,5,15,48.3734,-69.3669,Fucus vesiculosus,Random,NA,3.666666667,NA,NA,NA
5891,merinov_gosl,Gulf of Saint Lawrence,PG,NA,PG-NA-2010-5-15,2010,5,15,48.3734,-69.3669,Laminaria spp,Random,NA,0.666666667,NA,NA,NA
5892,merinov_gosl,Gulf of Saint Lawrence,PG,NA,PG-NA-2010-5-16,2010,5,16,48.3734,-69.3669,Alaria esculenta,Random,NA,0,NA,NA,NA
5893,merinov_gosl,Gulf of Saint Lawrence,PG,NA,PG-NA-2010-5-16,2010,5,16,48.3734,-69.3669,Ascophyllum nodosum,Random,NA,0,NA,NA,NA
5894,merinov_gosl,Gulf of Saint Lawrence,PG,NA,PG-NA-2010-5-16,2010,5,16,48.3734,-69.3669,Fucus distichus,Random,NA,100,NA,NA,NA
5895,merinov_gosl,Gulf of Saint Lawrence,PG,NA,PG-NA-2010-5-16,2010,5,16,48.3734,-69.3669,Fucus vesiculosus,Random,NA,0,NA,NA,NA
5896,merinov_gosl,Gulf of Saint Lawrence,PG,NA,PG-NA-2010-5-16,2010,5,16,48.3734,-69.3669,Laminaria spp,Random,NA,0,NA,NA,NA
5897,merinov_gosl,Gulf of Saint Lawrence,PG,NA,PG-NA-2010-5-18,2010,5,18,48.3734,-69.3669,Alaria esculenta,Random,NA,0.875,NA,NA,NA
5898,merinov_gosl,Gulf of Saint Lawrence,PG,NA,PG-NA-2010-5-18,2010,5,18,48.3734,-69.3669,Ascophyllum nodosum,Random,NA,4.375,NA,NA,NA
5899,merinov_gosl,Gulf of Saint Lawrence,PG,NA,PG-NA-2010-5-18,2010,5,18,48.3734,-69.3669,Fucus distichus,Random,NA,83.375,NA,NA,NA
5900,merinov_gosl,Gulf of Saint Lawrence,PG,NA,PG-NA-2010-5-18,2010,5,18,48.3734,-69.3669,Fucus vesiculosus,Random,NA,12.5,NA,NA,NA
5901,merinov_gosl,Gulf of Saint Lawrence,PG,NA,PG-NA-2010-5-18,2010,5,18,48.3734,-69.3669,Laminaria spp,Random,NA,0,NA,NA,NA
5902,merinov_gosl,Gulf of Saint Lawrence,PG,NA,PG-NA-2010-7-27,2010,7,27,48.3734,-69.3669,Alaria esculenta,Random,NA,0,NA,NA,NA
5903,merinov_gosl,Gulf of Saint Lawrence,PG,NA,PG-NA-2010-7-27,2010,7,27,48.3734,-69.3669,Ascophyllum nodosum,Random,NA,4.833333333,NA,NA,NA
5904,merinov_gosl,Gulf of Saint Lawrence,PG,NA,PG-NA-2010-7-27,2010,7,27,48.3734,-69.3669,Fucus distichus,Random,NA,91,NA,NA,NA
5905,merinov_gosl,Gulf of Saint Lawrence,PG,NA,PG-NA-2010-7-27,2010,7,27,48.3734,-69.3669,Fucus vesiculosus,Random,NA,9.166666667,NA,NA,NA
5906,merinov_gosl,Gulf of Saint Lawrence,PG,NA,PG-NA-2010-7-27,2010,7,27,48.3734,-69.3669,Laminaria spp,Random,NA,0,NA,NA,NA
5907,merinov_gosl,Gulf of Saint Lawrence,PG,NA,PG-NA-2010-7-28,2010,7,28,48.3734,-69.3669,Alaria esculenta,Random,NA,0,NA,NA,NA
5908,merinov_gosl,Gulf of Saint Lawrence,PG,NA,PG-NA-2010-7-28,2010,7,28,48.3734,-69.3669,Ascophyllum nodosum,Random,NA,0,NA,NA,NA
5909,merinov_gosl,Gulf of Saint Lawrence,PG,NA,PG-NA-2010-7-28,2010,7,28,48.3734,-69.3669,Fucus distichus,Random,NA,74,NA,NA,NA
5910,merinov_gosl,Gulf of Saint Lawrence,PG,NA,PG-NA-2010-7-28,2010,7,28,48.3734,-69.3669,Fucus vesiculosus,Random,NA,24.66666667,NA,NA,NA
5911,merinov_gosl,Gulf of Saint Lawrence,PG,NA,PG-NA-2010-7-28,2010,7,28,48.3734,-69.3669,Laminaria spp,Random,NA,0,NA,NA,NA
5912,merinov_gosl,Gulf of Saint Lawrence,PG,NA,PG-NA-2010-7-29,2010,7,29,48.3734,-69.3669,Alaria esculenta,Random,NA,0,NA,NA,NA
5913,merinov_gosl,Gulf of Saint Lawrence,PG,NA,PG-NA-2010-7-29,2010,7,29,48.3734,-69.3669,Ascophyllum nodosum,Random,NA,0,NA,NA,NA
5914,merinov_gosl,Gulf of Saint Lawrence,PG,NA,PG-NA-2010-7-29,2010,7,29,48.3734,-69.3669,Fucus distichus,Random,NA,57,NA,NA,NA
5915,merinov_gosl,Gulf of Saint Lawrence,PG,NA,PG-NA-2010-7-29,2010,7,29,48.3734,-69.3669,Fucus vesiculosus,Random,NA,18,NA,NA,NA
5916,merinov_gosl,Gulf of Saint Lawrence,PG,NA,PG-NA-2010-7-29,2010,7,29,48.3734,-69.3669,Laminaria spp,Random,NA,0,NA,NA,NA
5917,merinov_gosl,Gulf of Saint Lawrence,PG,NA,PG-NA-2010-8-8,2010,8,8,48.3734,-69.3669,Alaria esculenta,Random,NA,0,NA,NA,NA
5918,merinov_gosl,Gulf of Saint Lawrence,PG,NA,PG-NA-2010-8-8,2010,8,8,48.3734,-69.3669,Ascophyllum nodosum,Random,NA,0,NA,NA,NA
5919,merinov_gosl,Gulf of Saint Lawrence,PG,NA,PG-NA-2010-8-8,2010,8,8,48.3734,-69.3669,Fucus distichus,Random,NA,62,NA,NA,NA
5920,merinov_gosl,Gulf of Saint Lawrence,PG,NA,PG-NA-2010-8-8,2010,8,8,48.3734,-69.3669,Fucus vesiculosus,Random,NA,0,NA,NA,NA
5921,merinov_gosl,Gulf of Saint Lawrence,PG,NA,PG-NA-2010-8-8,2010,8,8,48.3734,-69.3669,Laminaria spp,Random,NA,0,NA,NA,NA
5922,merinov_gosl,Gulf of Saint Lawrence,PG,NA,PG-NA-2010-8-9,2010,8,9,48.3734,-69.3669,Alaria esculenta,Random,NA,1,NA,NA,NA
5923,merinov_gosl,Gulf of Saint Lawrence,PG,NA,PG-NA-2010-8-9,2010,8,9,48.3734,-69.3669,Ascophyllum nodosum,Random,NA,0,NA,NA,NA
5924,merinov_gosl,Gulf of Saint Lawrence,PG,NA,PG-NA-2010-8-9,2010,8,9,48.3734,-69.3669,Fucus distichus,Random,NA,75,NA,NA,NA
5925,merinov_gosl,Gulf of Saint Lawrence,PG,NA,PG-NA-2010-8-9,2010,8,9,48.3734,-69.3669,Fucus vesiculosus,Random,NA,0,NA,NA,NA
5926,merinov_gosl,Gulf of Saint Lawrence,PG,NA,PG-NA-2010-8-9,2010,8,9,48.3734,-69.3669,Laminaria spp,Random,NA,0,NA,NA,NA
5927,merinov_gosl,Gulf of Saint Lawrence,PG,NA,PG-NA-2010-8-10,2010,8,10,48.3734,-69.3669,Alaria esculenta,Random,NA,0,NA,NA,NA
5928,merinov_gosl,Gulf of Saint Lawrence,PG,NA,PG-NA-2010-8-10,2010,8,10,48.3734,-69.3669,Ascophyllum nodosum,Random,NA,0,NA,NA,NA
5929,merinov_gosl,Gulf of Saint Lawrence,PG,NA,PG-NA-2010-8-10,2010,8,10,48.3734,-69.3669,Fucus distichus,Random,NA,100,NA,NA,NA
5930,merinov_gosl,Gulf of Saint Lawrence,PG,NA,PG-NA-2010-8-10,2010,8,10,48.3734,-69.3669,Fucus vesiculosus,Random,NA,0,NA,NA,NA
5931,merinov_gosl,Gulf of Saint Lawrence,PG,NA,PG-NA-2010-8-10,2010,8,10,48.3734,-69.3669,Laminaria spp,Random,NA,0,NA,NA,NA
5932,merinov_gosl,Gulf of Saint Lawrence,PG,NA,PG-NA-2010-8-11,2010,8,11,48.3734,-69.3669,Alaria esculenta,Random,NA,0,NA,NA,NA
5933,merinov_gosl,Gulf of Saint Lawrence,PG,NA,PG-NA-2010-8-11,2010,8,11,48.3734,-69.3669,Ascophyllum nodosum,Random,NA,0,NA,NA,NA
5934,merinov_gosl,Gulf of Saint Lawrence,PG,NA,PG-NA-2010-8-11,2010,8,11,48.3734,-69.3669,Fucus distichus,Random,NA,100,NA,NA,NA
5935,merinov_gosl,Gulf of Saint Lawrence,PG,NA,PG-NA-2010-8-11,2010,8,11,48.3734,-69.3669,Fucus vesiculosus,Random,NA,0,NA,NA,NA
5936,merinov_gosl,Gulf of Saint Lawrence,PG,NA,PG-NA-2010-8-11,2010,8,11,48.3734,-69.3669,Laminaria spp,Random,NA,0,NA,NA,NA
5937,merinov_gosl,Gulf of Saint Lawrence,PG,NA,PG-NA-2010-9-6,2010,9,6,48.3734,-69.3669,Alaria esculenta,Random,NA,0,NA,NA,NA
5938,merinov_gosl,Gulf of Saint Lawrence,PG,NA,PG-NA-2010-9-6,2010,9,6,48.3734,-69.3669,Ascophyllum nodosum,Random,NA,2.5,NA,NA,NA
5939,merinov_gosl,Gulf of Saint Lawrence,PG,NA,PG-NA-2010-9-6,2010,9,6,48.3734,-69.3669,Fucus distichus,Random,NA,62.33333333,NA,NA,NA
5940,merinov_gosl,Gulf of Saint Lawrence,PG,NA,PG-NA-2010-9-6,2010,9,6,48.3734,-69.3669,Fucus vesiculosus,Random,NA,8.666666667,NA,NA,NA
5941,merinov_gosl,Gulf of Saint Lawrence,PG,NA,PG-NA-2010-9-6,2010,9,6,48.3734,-69.3669,Laminaria spp,Random,NA,0,NA,NA,NA
5942,merinov_gosl,Gulf of Saint Lawrence,PG,NA,PG-NA-2010-9-7,2010,9,7,48.3734,-69.3669,Alaria esculenta,Random,NA,0,NA,NA,NA
5943,merinov_gosl,Gulf of Saint Lawrence,PG,NA,PG-NA-2010-9-7,2010,9,7,48.3734,-69.3669,Ascophyllum nodosum,Random,NA,1,NA,NA,NA
5944,merinov_gosl,Gulf of Saint Lawrence,PG,NA,PG-NA-2010-9-7,2010,9,7,48.3734,-69.3669,Fucus distichus,Random,NA,83,NA,NA,NA
5945,merinov_gosl,Gulf of Saint Lawrence,PG,NA,PG-NA-2010-9-7,2010,9,7,48.3734,-69.3669,Fucus vesiculosus,Random,NA,10.5,NA,NA,NA
5946,merinov_gosl,Gulf of Saint Lawrence,PG,NA,PG-NA-2010-9-7,2010,9,7,48.3734,-69.3669,Laminaria spp,Random,NA,0,NA,NA,NA
5947,merinov_gosl,Gulf of Saint Lawrence,PG,NA,PG-NA-2010-10-7,2010,10,7,48.3734,-69.3669,Alaria esculenta,Random,NA,0,NA,NA,NA
5948,merinov_gosl,Gulf of Saint Lawrence,PG,NA,PG-NA-2010-10-7,2010,10,7,48.3734,-69.3669,Ascophyllum nodosum,Random,NA,0,NA,NA,NA
5949,merinov_gosl,Gulf of Saint Lawrence,PG,NA,PG-NA-2010-10-7,2010,10,7,48.3734,-69.3669,Fucus distichus,Random,NA,78.66666667,NA,NA,NA
5950,merinov_gosl,Gulf of Saint Lawrence,PG,NA,PG-NA-2010-10-7,2010,10,7,48.3734,-69.3669,Fucus vesiculosus,Random,NA,0.666666667,NA,NA,NA
5951,merinov_gosl,Gulf of Saint Lawrence,PG,NA,PG-NA-2010-10-7,2010,10,7,48.3734,-69.3669,Laminaria spp,Random,NA,2.333333333,NA,NA,NA
5952,merinov_gosl,Gulf of Saint Lawrence,PG,NA,PG-NA-2010-10-9,2010,10,9,48.3734,-69.3669,Alaria esculenta,Random,NA,0,NA,NA,NA
5953,merinov_gosl,Gulf of Saint Lawrence,PG,NA,PG-NA-2010-10-9,2010,10,9,48.3734,-69.3669,Ascophyllum nodosum,Random,NA,0,NA,NA,NA
5954,merinov_gosl,Gulf of Saint Lawrence,PG,NA,PG-NA-2010-10-9,2010,10,9,48.3734,-69.3669,Fucus distichus,Random,NA,83,NA,NA,NA
5955,merinov_gosl,Gulf of Saint Lawrence,PG,NA,PG-NA-2010-10-9,2010,10,9,48.3734,-69.3669,Fucus vesiculosus,Random,NA,2,NA,NA,NA
5956,merinov_gosl,Gulf of Saint Lawrence,PG,NA,PG-NA-2010-10-9,2010,10,9,48.3734,-69.3669,Laminaria spp,Random,NA,0,NA,NA,NA
5957,merinov_gosl,Gulf of Saint Lawrence,PG,NA,PG-NA-2011-6-2,2011,6,2,48.3734,-69.3669,Alaria esculenta,Random,NA,0.3,NA,NA,NA
5958,merinov_gosl,Gulf of Saint Lawrence,PG,NA,PG-NA-2011-6-2,2011,6,2,48.3734,-69.3669,Ascophyllum nodosum,Random,NA,0.1,NA,NA,NA
5959,merinov_gosl,Gulf of Saint Lawrence,PG,NA,PG-NA-2011-6-2,2011,6,2,48.3734,-69.3669,Fucus distichus,Random,NA,1.1,NA,NA,NA
5960,merinov_gosl,Gulf of Saint Lawrence,PG,NA,PG-NA-2011-6-2,2011,6,2,48.3734,-69.3669,Fucus vesiculosus,Random,NA,0.1,NA,NA,NA
5961,merinov_gosl,Gulf of Saint Lawrence,PG,NA,PG-NA-2011-6-2,2011,6,2,48.3734,-69.3669,Laminaria spp,Random,NA,0,NA,NA,NA
5962,merinov_gosl,Gulf of Saint Lawrence,PG,NA,PG-NA-2011-8-14,2011,8,14,48.3734,-69.3669,Alaria esculenta,Random,NA,0,NA,NA,NA
5963,merinov_gosl,Gulf of Saint Lawrence,PG,NA,PG-NA-2011-8-14,2011,8,14,48.3734,-69.3669,Ascophyllum nodosum,Random,NA,0.1,NA,NA,NA
5964,merinov_gosl,Gulf of Saint Lawrence,PG,NA,PG-NA-2011-8-14,2011,8,14,48.3734,-69.3669,Fucus distichus,Random,NA,1.9,NA,NA,NA
5965,merinov_gosl,Gulf of Saint Lawrence,PG,NA,PG-NA-2011-8-14,2011,8,14,48.3734,-69.3669,Fucus vesiculosus,Random,NA,0.9,NA,NA,NA
5966,merinov_gosl,Gulf of Saint Lawrence,PG,NA,PG-NA-2011-8-14,2011,8,14,48.3734,-69.3669,Laminaria spp,Random,NA,0,NA,NA,NA
5967,merinov_gosl,Gulf of Saint Lawrence,PG,NA,PG-NA-2011-10-2,2011,10,2,48.3734,-69.3669,Alaria esculenta,Random,NA,0,NA,NA,NA
5968,merinov_gosl,Gulf of Saint Lawrence,PG,NA,PG-NA-2011-10-2,2011,10,2,48.3734,-69.3669,Ascophyllum nodosum,Random,NA,0,NA,NA,NA
5969,merinov_gosl,Gulf of Saint Lawrence,PG,NA,PG-NA-2011-10-2,2011,10,2,48.3734,-69.3669,Fucus distichus,Random,NA,4.4,NA,NA,NA
5970,merinov_gosl,Gulf of Saint Lawrence,PG,NA,PG-NA-2011-10-2,2011,10,2,48.3734,-69.3669,Fucus vesiculosus,Random,NA,0,NA,NA,NA
5971,merinov_gosl,Gulf of Saint Lawrence,PG,NA,PG-NA-2011-10-2,2011,10,2,48.3734,-69.3669,Laminaria spp,Random,NA,0,NA,NA,NA
5972,merinov_gosl,Gulf of Saint Lawrence,PG,NA,PG-NA-2012-5-11,2012,5,11,48.3734,-69.3669,Alaria esculenta,Random,NA,0.3,NA,NA,NA
5973,merinov_gosl,Gulf of Saint Lawrence,PG,NA,PG-NA-2012-5-11,2012,5,11,48.3734,-69.3669,Ascophyllum nodosum,Random,NA,0,NA,NA,NA
5974,merinov_gosl,Gulf of Saint Lawrence,PG,NA,PG-NA-2012-5-11,2012,5,11,48.3734,-69.3669,Fucus distichus,Random,NA,10.6,NA,NA,NA
5975,merinov_gosl,Gulf of Saint Lawrence,PG,NA,PG-NA-2012-5-11,2012,5,11,48.3734,-69.3669,Fucus vesiculosus,Random,NA,0,NA,NA,NA
5976,merinov_gosl,Gulf of Saint Lawrence,PG,NA,PG-NA-2012-5-11,2012,5,11,48.3734,-69.3669,Laminaria spp,Random,NA,1,NA,NA,NA
5977,merinov_gosl,Gulf of Saint Lawrence,PG,NA,PG-NA-2012-7-24,2012,7,24,48.3734,-69.3669,Alaria esculenta,Random,NA,0,NA,NA,NA
5978,merinov_gosl,Gulf of Saint Lawrence,PG,NA,PG-NA-2012-7-24,2012,7,24,48.3734,-69.3669,Ascophyllum nodosum,Random,NA,0,NA,NA,NA
5979,merinov_gosl,Gulf of Saint Lawrence,PG,NA,PG-NA-2012-7-24,2012,7,24,48.3734,-69.3669,Fucus distichus,Random,NA,36.8,NA,NA,NA
5980,merinov_gosl,Gulf of Saint Lawrence,PG,NA,PG-NA-2012-7-24,2012,7,24,48.3734,-69.3669,Fucus vesiculosus,Random,NA,0,NA,NA,NA
5981,merinov_gosl,Gulf of Saint Lawrence,PG,NA,PG-NA-2012-7-24,2012,7,24,48.3734,-69.3669,Laminaria spp,Random,NA,0,NA,NA,NA
5982,merinov_gosl,Gulf of Saint Lawrence,PG,NA,PG-NA-2012-9-18,2012,9,18,48.3734,-69.3669,Alaria esculenta,Random,NA,0,NA,NA,NA
5983,merinov_gosl,Gulf of Saint Lawrence,PG,NA,PG-NA-2012-9-18,2012,9,18,48.3734,-69.3669,Ascophyllum nodosum,Random,NA,0,NA,NA,NA
5984,merinov_gosl,Gulf of Saint Lawrence,PG,NA,PG-NA-2012-9-18,2012,9,18,48.3734,-69.3669,Fucus distichus,Random,NA,61.4,NA,NA,NA
5985,merinov_gosl,Gulf of Saint Lawrence,PG,NA,PG-NA-2012-9-18,2012,9,18,48.3734,-69.3669,Fucus vesiculosus,Random,NA,4.1,NA,NA,NA
5986,merinov_gosl,Gulf of Saint Lawrence,PG,NA,PG-NA-2012-9-18,2012,9,18,48.3734,-69.3669,Laminaria spp,Random,NA,0,NA,NA,NA
5987,merinov_gosl,Gulf of Saint Lawrence,SF1,NA,SF1-NA-2009-8-22,2009,8,22,48.6285,-68.1988,Alaria esculenta,Random,NA,0,NA,NA,NA
5988,merinov_gosl,Gulf of Saint Lawrence,SF1,NA,SF1-NA-2009-8-22,2009,8,22,48.6285,-68.1988,Ascophyllum nodosum,Random,NA,0,NA,NA,NA
5989,merinov_gosl,Gulf of Saint Lawrence,SF1,NA,SF1-NA-2009-8-22,2009,8,22,48.6285,-68.1988,Fucus distichus,Random,NA,98.2,NA,NA,NA
5990,merinov_gosl,Gulf of Saint Lawrence,SF1,NA,SF1-NA-2009-8-22,2009,8,22,48.6285,-68.1988,Fucus vesiculosus,Random,NA,0.4,NA,NA,NA
5991,merinov_gosl,Gulf of Saint Lawrence,SF1,NA,SF1-NA-2009-8-22,2009,8,22,48.6285,-68.1988,Laminaria spp,Random,NA,0.1,NA,NA,NA
5992,merinov_gosl,Gulf of Saint Lawrence,SF1,NA,SF1-NA-2010-5-14,2010,5,14,48.6285,-68.1988,Alaria esculenta,Random,NA,0,NA,NA,NA
5993,merinov_gosl,Gulf of Saint Lawrence,SF1,NA,SF1-NA-2010-5-14,2010,5,14,48.6285,-68.1988,Ascophyllum nodosum,Random,NA,0,NA,NA,NA
5994,merinov_gosl,Gulf of Saint Lawrence,SF1,NA,SF1-NA-2010-5-14,2010,5,14,48.6285,-68.1988,Fucus distichus,Random,NA,73.5,NA,NA,NA
5995,merinov_gosl,Gulf of Saint Lawrence,SF1,NA,SF1-NA-2010-5-14,2010,5,14,48.6285,-68.1988,Fucus vesiculosus,Random,NA,0.75,NA,NA,NA
5996,merinov_gosl,Gulf of Saint Lawrence,SF1,NA,SF1-NA-2010-5-14,2010,5,14,48.6285,-68.1988,Laminaria spp,Random,NA,0,NA,NA,NA
5997,merinov_gosl,Gulf of Saint Lawrence,SF1,NA,SF1-NA-2010-5-15,2010,5,15,48.6285,-68.1988,Alaria esculenta,Random,NA,0,NA,NA,NA
5998,merinov_gosl,Gulf of Saint Lawrence,SF1,NA,SF1-NA-2010-5-15,2010,5,15,48.6285,-68.1988,Ascophyllum nodosum,Random,NA,0,NA,NA,NA
5999,merinov_gosl,Gulf of Saint Lawrence,SF1,NA,SF1-NA-2010-5-15,2010,5,15,48.6285,-68.1988,Fucus distichus,Random,NA,82.8,NA,NA,NA
6000,merinov_gosl,Gulf of Saint Lawrence,SF1,NA,SF1-NA-2010-5-15,2010,5,15,48.6285,-68.1988,Fucus vesiculosus,Random,NA,0,NA,NA,NA
6001,merinov_gosl,Gulf of Saint Lawrence,SF1,NA,SF1-NA-2010-5-15,2010,5,15,48.6285,-68.1988,Laminaria spp,Random,NA,0,NA,NA,NA
6002,merinov_gosl,Gulf of Saint Lawrence,SF1,NA,SF1-NA-2010-7-9,2010,7,9,48.6285,-68.1988,Alaria esculenta,Random,NA,0,NA,NA,NA
6003,merinov_gosl,Gulf of Saint Lawrence,SF1,NA,SF1-NA-2010-7-9,2010,7,9,48.6285,-68.1988,Ascophyllum nodosum,Random,NA,0,NA,NA,NA
6004,merinov_gosl,Gulf of Saint Lawrence,SF1,NA,SF1-NA-2010-7-9,2010,7,9,48.6285,-68.1988,Fucus distichus,Random,NA,100,NA,NA,NA
6005,merinov_gosl,Gulf of Saint Lawrence,SF1,NA,SF1-NA-2010-7-9,2010,7,9,48.6285,-68.1988,Fucus vesiculosus,Random,NA,1,NA,NA,NA
6006,merinov_gosl,Gulf of Saint Lawrence,SF1,NA,SF1-NA-2010-7-9,2010,7,9,48.6285,-68.1988,Laminaria spp,Random,NA,0,NA,NA,NA
6007,merinov_gosl,Gulf of Saint Lawrence,SF1,NA,SF1-NA-2010-7-10,2010,7,10,48.6285,-68.1988,Alaria esculenta,Random,NA,0,NA,NA,NA
6008,merinov_gosl,Gulf of Saint Lawrence,SF1,NA,SF1-NA-2010-7-10,2010,7,10,48.6285,-68.1988,Ascophyllum nodosum,Random,NA,0,NA,NA,NA
6009,merinov_gosl,Gulf of Saint Lawrence,SF1,NA,SF1-NA-2010-7-10,2010,7,10,48.6285,-68.1988,Fucus distichus,Random,NA,100,NA,NA,NA
6010,merinov_gosl,Gulf of Saint Lawrence,SF1,NA,SF1-NA-2010-7-10,2010,7,10,48.6285,-68.1988,Fucus vesiculosus,Random,NA,0,NA,NA,NA
6011,merinov_gosl,Gulf of Saint Lawrence,SF1,NA,SF1-NA-2010-7-10,2010,7,10,48.6285,-68.1988,Laminaria spp,Random,NA,0,NA,NA,NA
6012,merinov_gosl,Gulf of Saint Lawrence,SF1,NA,SF1-NA-2010-7-13,2010,7,13,48.6285,-68.1988,Alaria esculenta,Random,NA,0,NA,NA,NA
6013,merinov_gosl,Gulf of Saint Lawrence,SF1,NA,SF1-NA-2010-7-13,2010,7,13,48.6285,-68.1988,Ascophyllum nodosum,Random,NA,0,NA,NA,NA
6014,merinov_gosl,Gulf of Saint Lawrence,SF1,NA,SF1-NA-2010-7-13,2010,7,13,48.6285,-68.1988,Fucus distichus,Random,NA,95,NA,NA,NA
6015,merinov_gosl,Gulf of Saint Lawrence,SF1,NA,SF1-NA-2010-7-13,2010,7,13,48.6285,-68.1988,Fucus vesiculosus,Random,NA,0,NA,NA,NA
6016,merinov_gosl,Gulf of Saint Lawrence,SF1,NA,SF1-NA-2010-7-13,2010,7,13,48.6285,-68.1988,Laminaria spp,Random,NA,4,NA,NA,NA
6017,merinov_gosl,Gulf of Saint Lawrence,SF1,NA,SF1-NA-2010-7-14,2010,7,14,48.6285,-68.1988,Alaria esculenta,Random,NA,0,NA,NA,NA
6018,merinov_gosl,Gulf of Saint Lawrence,SF1,NA,SF1-NA-2010-7-14,2010,7,14,48.6285,-68.1988,Ascophyllum nodosum,Random,NA,0,NA,NA,NA
6019,merinov_gosl,Gulf of Saint Lawrence,SF1,NA,SF1-NA-2010-7-14,2010,7,14,48.6285,-68.1988,Fucus distichus,Random,NA,98,NA,NA,NA
6020,merinov_gosl,Gulf of Saint Lawrence,SF1,NA,SF1-NA-2010-7-14,2010,7,14,48.6285,-68.1988,Fucus vesiculosus,Random,NA,0,NA,NA,NA
6021,merinov_gosl,Gulf of Saint Lawrence,SF1,NA,SF1-NA-2010-7-14,2010,7,14,48.6285,-68.1988,Laminaria spp,Random,NA,0,NA,NA,NA
6022,merinov_gosl,Gulf of Saint Lawrence,SF1,NA,SF1-NA-2010-7-15,2010,7,15,48.6285,-68.1988,Alaria esculenta,Random,NA,0,NA,NA,NA
6023,merinov_gosl,Gulf of Saint Lawrence,SF1,NA,SF1-NA-2010-7-15,2010,7,15,48.6285,-68.1988,Ascophyllum nodosum,Random,NA,0,NA,NA,NA
6024,merinov_gosl,Gulf of Saint Lawrence,SF1,NA,SF1-NA-2010-7-15,2010,7,15,48.6285,-68.1988,Fucus distichus,Random,NA,100,NA,NA,NA
6025,merinov_gosl,Gulf of Saint Lawrence,SF1,NA,SF1-NA-2010-7-15,2010,7,15,48.6285,-68.1988,Fucus vesiculosus,Random,NA,0,NA,NA,NA
6026,merinov_gosl,Gulf of Saint Lawrence,SF1,NA,SF1-NA-2010-7-15,2010,7,15,48.6285,-68.1988,Laminaria spp,Random,NA,0,NA,NA,NA
6027,merinov_gosl,Gulf of Saint Lawrence,SF1,NA,SF1-NA-2010-9-8,2010,9,8,48.6285,-68.1988,Alaria esculenta,Random,NA,0,NA,NA,NA
6028,merinov_gosl,Gulf of Saint Lawrence,SF1,NA,SF1-NA-2010-9-8,2010,9,8,48.6285,-68.1988,Ascophyllum nodosum,Random,NA,0,NA,NA,NA
6029,merinov_gosl,Gulf of Saint Lawrence,SF1,NA,SF1-NA-2010-9-8,2010,9,8,48.6285,-68.1988,Fucus distichus,Random,NA,91.66666667,NA,NA,NA
6030,merinov_gosl,Gulf of Saint Lawrence,SF1,NA,SF1-NA-2010-9-8,2010,9,8,48.6285,-68.1988,Fucus vesiculosus,Random,NA,0,NA,NA,NA
6031,merinov_gosl,Gulf of Saint Lawrence,SF1,NA,SF1-NA-2010-9-8,2010,9,8,48.6285,-68.1988,Laminaria spp,Random,NA,0,NA,NA,NA
6032,merinov_gosl,Gulf of Saint Lawrence,SF1,NA,SF1-NA-2010-9-9,2010,9,9,48.6285,-68.1988,Alaria esculenta,Random,NA,0,NA,NA,NA
6033,merinov_gosl,Gulf of Saint Lawrence,SF1,NA,SF1-NA-2010-9-9,2010,9,9,48.6285,-68.1988,Ascophyllum nodosum,Random,NA,0,NA,NA,NA
6034,merinov_gosl,Gulf of Saint Lawrence,SF1,NA,SF1-NA-2010-9-9,2010,9,9,48.6285,-68.1988,Fucus distichus,Random,NA,96.75,NA,NA,NA
6035,merinov_gosl,Gulf of Saint Lawrence,SF1,NA,SF1-NA-2010-9-9,2010,9,9,48.6285,-68.1988,Fucus vesiculosus,Random,NA,0,NA,NA,NA
6036,merinov_gosl,Gulf of Saint Lawrence,SF1,NA,SF1-NA-2010-9-9,2010,9,9,48.6285,-68.1988,Laminaria spp,Random,NA,0,NA,NA,NA
6037,merinov_gosl,Gulf of Saint Lawrence,SF1,NA,SF1-NA-2011-5-15,2011,5,15,48.6285,-68.1988,Alaria esculenta,Random,NA,0,NA,NA,NA
6038,merinov_gosl,Gulf of Saint Lawrence,SF1,NA,SF1-NA-2011-5-15,2011,5,15,48.6285,-68.1988,Ascophyllum nodosum,Random,NA,0,NA,NA,NA
6039,merinov_gosl,Gulf of Saint Lawrence,SF1,NA,SF1-NA-2011-5-15,2011,5,15,48.6285,-68.1988,Fucus distichus,Random,NA,4.6,NA,NA,NA
6040,merinov_gosl,Gulf of Saint Lawrence,SF1,NA,SF1-NA-2011-5-15,2011,5,15,48.6285,-68.1988,Fucus vesiculosus,Random,NA,0,NA,NA,NA
6041,merinov_gosl,Gulf of Saint Lawrence,SF1,NA,SF1-NA-2011-5-15,2011,5,15,48.6285,-68.1988,Laminaria spp,Random,NA,0,NA,NA,NA
6042,merinov_gosl,Gulf of Saint Lawrence,SF1,NA,SF1-NA-2011-5-17,2011,5,17,48.6285,-68.1988,Alaria esculenta,Random,NA,0,NA,NA,NA
6043,merinov_gosl,Gulf of Saint Lawrence,SF1,NA,SF1-NA-2011-5-17,2011,5,17,48.6285,-68.1988,Ascophyllum nodosum,Random,NA,0,NA,NA,NA
6044,merinov_gosl,Gulf of Saint Lawrence,SF1,NA,SF1-NA-2011-5-17,2011,5,17,48.6285,-68.1988,Fucus distichus,Random,NA,3,NA,NA,NA
6045,merinov_gosl,Gulf of Saint Lawrence,SF1,NA,SF1-NA-2011-5-17,2011,5,17,48.6285,-68.1988,Fucus vesiculosus,Random,NA,0,NA,NA,NA
6046,merinov_gosl,Gulf of Saint Lawrence,SF1,NA,SF1-NA-2011-5-17,2011,5,17,48.6285,-68.1988,Laminaria spp,Random,NA,0,NA,NA,NA
6047,merinov_gosl,Gulf of Saint Lawrence,SF1,NA,SF1-NA-2011-8-2,2011,8,2,48.6285,-68.1988,Alaria esculenta,Random,NA,0.111111111,NA,NA,NA
6048,merinov_gosl,Gulf of Saint Lawrence,SF1,NA,SF1-NA-2011-8-2,2011,8,2,48.6285,-68.1988,Ascophyllum nodosum,Random,NA,0,NA,NA,NA
6049,merinov_gosl,Gulf of Saint Lawrence,SF1,NA,SF1-NA-2011-8-2,2011,8,2,48.6285,-68.1988,Fucus distichus,Random,NA,69.22222222,NA,NA,NA
6050,merinov_gosl,Gulf of Saint Lawrence,SF1,NA,SF1-NA-2011-8-2,2011,8,2,48.6285,-68.1988,Fucus vesiculosus,Random,NA,0.222222222,NA,NA,NA
6051,merinov_gosl,Gulf of Saint Lawrence,SF1,NA,SF1-NA-2011-8-2,2011,8,2,48.6285,-68.1988,Laminaria spp,Random,NA,0.444444444,NA,NA,NA
6052,merinov_gosl,Gulf of Saint Lawrence,SF1,NA,SF1-NA-2011-8-3,2011,8,3,48.6285,-68.1988,Alaria esculenta,Random,NA,0,NA,NA,NA
6053,merinov_gosl,Gulf of Saint Lawrence,SF1,NA,SF1-NA-2011-8-3,2011,8,3,48.6285,-68.1988,Ascophyllum nodosum,Random,NA,0,NA,NA,NA
6054,merinov_gosl,Gulf of Saint Lawrence,SF1,NA,SF1-NA-2011-8-3,2011,8,3,48.6285,-68.1988,Fucus distichus,Random,NA,79,NA,NA,NA
6055,merinov_gosl,Gulf of Saint Lawrence,SF1,NA,SF1-NA-2011-8-3,2011,8,3,48.6285,-68.1988,Fucus vesiculosus,Random,NA,0,NA,NA,NA
6056,merinov_gosl,Gulf of Saint Lawrence,SF1,NA,SF1-NA-2011-8-3,2011,8,3,48.6285,-68.1988,Laminaria spp,Random,NA,0,NA,NA,NA
6057,merinov_gosl,Gulf of Saint Lawrence,SF1,NA,SF1-NA-2011-9-28,2011,9,28,48.6285,-68.1988,Alaria esculenta,Random,NA,0,NA,NA,NA
6058,merinov_gosl,Gulf of Saint Lawrence,SF1,NA,SF1-NA-2011-9-28,2011,9,28,48.6285,-68.1988,Ascophyllum nodosum,Random,NA,0,NA,NA,NA
6059,merinov_gosl,Gulf of Saint Lawrence,SF1,NA,SF1-NA-2011-9-28,2011,9,28,48.6285,-68.1988,Fucus distichus,Random,NA,88.14285714,NA,NA,NA
6060,merinov_gosl,Gulf of Saint Lawrence,SF1,NA,SF1-NA-2011-9-28,2011,9,28,48.6285,-68.1988,Fucus vesiculosus,Random,NA,0,NA,NA,NA
6061,merinov_gosl,Gulf of Saint Lawrence,SF1,NA,SF1-NA-2011-9-28,2011,9,28,48.6285,-68.1988,Laminaria spp,Random,NA,0,NA,NA,NA
6062,merinov_gosl,Gulf of Saint Lawrence,SF1,NA,SF1-NA-2011-9-30,2011,9,30,48.6285,-68.1988,Alaria esculenta,Random,NA,0,NA,NA,NA
6063,merinov_gosl,Gulf of Saint Lawrence,SF1,NA,SF1-NA-2011-9-30,2011,9,30,48.6285,-68.1988,Ascophyllum nodosum,Random,NA,0,NA,NA,NA
6064,merinov_gosl,Gulf of Saint Lawrence,SF1,NA,SF1-NA-2011-9-30,2011,9,30,48.6285,-68.1988,Fucus distichus,Random,NA,91.66666667,NA,NA,NA
6065,merinov_gosl,Gulf of Saint Lawrence,SF1,NA,SF1-NA-2011-9-30,2011,9,30,48.6285,-68.1988,Fucus vesiculosus,Random,NA,0,NA,NA,NA
6066,merinov_gosl,Gulf of Saint Lawrence,SF1,NA,SF1-NA-2011-9-30,2011,9,30,48.6285,-68.1988,Laminaria spp,Random,NA,0,NA,NA,NA
6067,merinov_gosl,Gulf of Saint Lawrence,SF1,NA,SF1-NA-2012-5-7,2012,5,7,48.6285,-68.1988,Alaria esculenta,Random,NA,0,NA,NA,NA
6068,merinov_gosl,Gulf of Saint Lawrence,SF1,NA,SF1-NA-2012-5-7,2012,5,7,48.6285,-68.1988,Ascophyllum nodosum,Random,NA,0,NA,NA,NA
6069,merinov_gosl,Gulf of Saint Lawrence,SF1,NA,SF1-NA-2012-5-7,2012,5,7,48.6285,-68.1988,Fucus distichus,Random,NA,66.22222222,NA,NA,NA
6070,merinov_gosl,Gulf of Saint Lawrence,SF1,NA,SF1-NA-2012-5-7,2012,5,7,48.6285,-68.1988,Fucus vesiculosus,Random,NA,2.222222222,NA,NA,NA
6071,merinov_gosl,Gulf of Saint Lawrence,SF1,NA,SF1-NA-2012-5-7,2012,5,7,48.6285,-68.1988,Laminaria spp,Random,NA,0,NA,NA,NA
6072,merinov_gosl,Gulf of Saint Lawrence,SF1,NA,SF1-NA-2012-7-6,2012,7,6,48.6285,-68.1988,Alaria esculenta,Random,NA,0,NA,NA,NA
6073,merinov_gosl,Gulf of Saint Lawrence,SF1,NA,SF1-NA-2012-7-6,2012,7,6,48.6285,-68.1988,Ascophyllum nodosum,Random,NA,0,NA,NA,NA
6074,merinov_gosl,Gulf of Saint Lawrence,SF1,NA,SF1-NA-2012-7-6,2012,7,6,48.6285,-68.1988,Fucus distichus,Random,NA,92.7,NA,NA,NA
6075,merinov_gosl,Gulf of Saint Lawrence,SF1,NA,SF1-NA-2012-7-6,2012,7,6,48.6285,-68.1988,Fucus vesiculosus,Random,NA,0.2,NA,NA,NA
6076,merinov_gosl,Gulf of Saint Lawrence,SF1,NA,SF1-NA-2012-7-6,2012,7,6,48.6285,-68.1988,Laminaria spp,Random,NA,0.5,NA,NA,NA
6077,merinov_gosl,Gulf of Saint Lawrence,SF1,NA,SF1-NA-2012-9-15,2012,9,15,48.6285,-68.1988,Alaria esculenta,Random,NA,0,NA,NA,NA
6078,merinov_gosl,Gulf of Saint Lawrence,SF1,NA,SF1-NA-2012-9-15,2012,9,15,48.6285,-68.1988,Ascophyllum nodosum,Random,NA,0,NA,NA,NA
6079,merinov_gosl,Gulf of Saint Lawrence,SF1,NA,SF1-NA-2012-9-15,2012,9,15,48.6285,-68.1988,Fucus distichus,Random,NA,99.25,NA,NA,NA
6080,merinov_gosl,Gulf of Saint Lawrence,SF1,NA,SF1-NA-2012-9-15,2012,9,15,48.6285,-68.1988,Fucus vesiculosus,Random,NA,0,NA,NA,NA
6081,merinov_gosl,Gulf of Saint Lawrence,SF1,NA,SF1-NA-2012-9-15,2012,9,15,48.6285,-68.1988,Laminaria spp,Random,NA,0,NA,NA,NA
6082,merinov_gosl,Gulf of Saint Lawrence,SF1,NA,SF1-NA-2012-9-16,2012,9,16,48.6285,-68.1988,Alaria esculenta,Random,NA,0,NA,NA,NA
6083,merinov_gosl,Gulf of Saint Lawrence,SF1,NA,SF1-NA-2012-9-16,2012,9,16,48.6285,-68.1988,Ascophyllum nodosum,Random,NA,0,NA,NA,NA
6084,merinov_gosl,Gulf of Saint Lawrence,SF1,NA,SF1-NA-2012-9-16,2012,9,16,48.6285,-68.1988,Fucus distichus,Random,NA,93.33333333,NA,NA,NA
6085,merinov_gosl,Gulf of Saint Lawrence,SF1,NA,SF1-NA-2012-9-16,2012,9,16,48.6285,-68.1988,Fucus vesiculosus,Random,NA,0,NA,NA,NA
6086,merinov_gosl,Gulf of Saint Lawrence,SF1,NA,SF1-NA-2012-9-16,2012,9,16,48.6285,-68.1988,Laminaria spp,Random,NA,0,NA,NA,NA
6087,merinov_gosl,Gulf of Saint Lawrence,SF1,NA,SF1-NA-2012-9-20,2012,9,20,48.6285,-68.1988,Alaria esculenta,Random,NA,0,NA,NA,NA
6088,merinov_gosl,Gulf of Saint Lawrence,SF1,NA,SF1-NA-2012-9-20,2012,9,20,48.6285,-68.1988,Ascophyllum nodosum,Random,NA,0,NA,NA,NA
6089,merinov_gosl,Gulf of Saint Lawrence,SF1,NA,SF1-NA-2012-9-20,2012,9,20,48.6285,-68.1988,Fucus distichus,Random,NA,95,NA,NA,NA
6090,merinov_gosl,Gulf of Saint Lawrence,SF1,NA,SF1-NA-2012-9-20,2012,9,20,48.6285,-68.1988,Fucus vesiculosus,Random,NA,0,NA,NA,NA
6091,merinov_gosl,Gulf of Saint Lawrence,SF1,NA,SF1-NA-2012-9-20,2012,9,20,48.6285,-68.1988,Laminaria spp,Random,NA,0.666666667,NA,NA,NA
6092,merinov_gosl,Gulf of Saint Lawrence,SF2,NA,SF2-NA-2010-6-11,2010,6,11,48.6273,-68.2008,Alaria esculenta,Random,NA,0,NA,NA,NA
6093,merinov_gosl,Gulf of Saint Lawrence,SF2,NA,SF2-NA-2010-6-11,2010,6,11,48.6273,-68.2008,Ascophyllum nodosum,Random,NA,0,NA,NA,NA
6094,merinov_gosl,Gulf of Saint Lawrence,SF2,NA,SF2-NA-2010-6-11,2010,6,11,48.6273,-68.2008,Fucus distichus,Random,NA,93.2,NA,NA,NA
6095,merinov_gosl,Gulf of Saint Lawrence,SF2,NA,SF2-NA-2010-6-11,2010,6,11,48.6273,-68.2008,Fucus vesiculosus,Random,NA,6.8,NA,NA,NA
6096,merinov_gosl,Gulf of Saint Lawrence,SF2,NA,SF2-NA-2010-6-11,2010,6,11,48.6273,-68.2008,Laminaria spp,Random,NA,0,NA,NA,NA
6097,merinov_gosl,Gulf of Saint Lawrence,SF2,NA,SF2-NA-2010-6-12,2010,6,12,48.6273,-68.2008,Alaria esculenta,Random,NA,0,NA,NA,NA
6098,merinov_gosl,Gulf of Saint Lawrence,SF2,NA,SF2-NA-2010-6-12,2010,6,12,48.6273,-68.2008,Ascophyllum nodosum,Random,NA,0,NA,NA,NA
6099,merinov_gosl,Gulf of Saint Lawrence,SF2,NA,SF2-NA-2010-6-12,2010,6,12,48.6273,-68.2008,Fucus distichus,Random,NA,97,NA,NA,NA
6100,merinov_gosl,Gulf of Saint Lawrence,SF2,NA,SF2-NA-2010-6-12,2010,6,12,48.6273,-68.2008,Fucus vesiculosus,Random,NA,2.8,NA,NA,NA
6101,merinov_gosl,Gulf of Saint Lawrence,SF2,NA,SF2-NA-2010-6-12,2010,6,12,48.6273,-68.2008,Laminaria spp,Random,NA,0,NA,NA,NA
6102,merinov_gosl,Gulf of Saint Lawrence,SF2,NA,SF2-NA-2010-6-15,2010,6,15,48.6273,-68.2008,Alaria esculenta,Random,NA,0,NA,NA,NA
6103,merinov_gosl,Gulf of Saint Lawrence,SF2,NA,SF2-NA-2010-6-15,2010,6,15,48.6273,-68.2008,Ascophyllum nodosum,Random,NA,0,NA,NA,NA
6104,merinov_gosl,Gulf of Saint Lawrence,SF2,NA,SF2-NA-2010-6-15,2010,6,15,48.6273,-68.2008,Fucus distichus,Random,NA,67.33333333,NA,NA,NA
6105,merinov_gosl,Gulf of Saint Lawrence,SF2,NA,SF2-NA-2010-6-15,2010,6,15,48.6273,-68.2008,Fucus vesiculosus,Random,NA,31.66666667,NA,NA,NA
6106,merinov_gosl,Gulf of Saint Lawrence,SF2,NA,SF2-NA-2010-6-15,2010,6,15,48.6273,-68.2008,Laminaria spp,Random,NA,0,NA,NA,NA
6107,merinov_gosl,Gulf of Saint Lawrence,SF2,NA,SF2-NA-2010-6-17,2010,6,17,48.6273,-68.2008,Alaria esculenta,Random,NA,0,NA,NA,NA
6108,merinov_gosl,Gulf of Saint Lawrence,SF2,NA,SF2-NA-2010-6-17,2010,6,17,48.6273,-68.2008,Ascophyllum nodosum,Random,NA,0,NA,NA,NA
6109,merinov_gosl,Gulf of Saint Lawrence,SF2,NA,SF2-NA-2010-6-17,2010,6,17,48.6273,-68.2008,Fucus distichus,Random,NA,68.5,NA,NA,NA
6110,merinov_gosl,Gulf of Saint Lawrence,SF2,NA,SF2-NA-2010-6-17,2010,6,17,48.6273,-68.2008,Fucus vesiculosus,Random,NA,40.25,NA,NA,NA
6111,merinov_gosl,Gulf of Saint Lawrence,SF2,NA,SF2-NA-2010-6-17,2010,6,17,48.6273,-68.2008,Laminaria spp,Random,NA,0,NA,NA,NA
6112,merinov_gosl,Gulf of Saint Lawrence,SF2,NA,SF2-NA-2010-8-10,2010,8,10,48.6273,-68.2008,Alaria esculenta,Random,NA,0,NA,NA,NA
6113,merinov_gosl,Gulf of Saint Lawrence,SF2,NA,SF2-NA-2010-8-10,2010,8,10,48.6273,-68.2008,Ascophyllum nodosum,Random,NA,0,NA,NA,NA
6114,merinov_gosl,Gulf of Saint Lawrence,SF2,NA,SF2-NA-2010-8-10,2010,8,10,48.6273,-68.2008,Fucus distichus,Random,NA,93.42857143,NA,NA,NA
6115,merinov_gosl,Gulf of Saint Lawrence,SF2,NA,SF2-NA-2010-8-10,2010,8,10,48.6273,-68.2008,Fucus vesiculosus,Random,NA,6.428571429,NA,NA,NA
6116,merinov_gosl,Gulf of Saint Lawrence,SF2,NA,SF2-NA-2010-8-10,2010,8,10,48.6273,-68.2008,Laminaria spp,Random,NA,0,NA,NA,NA
6117,merinov_gosl,Gulf of Saint Lawrence,SF2,NA,SF2-NA-2010-8-11,2010,8,11,48.6273,-68.2008,Alaria esculenta,Random,NA,0,NA,NA,NA
6118,merinov_gosl,Gulf of Saint Lawrence,SF2,NA,SF2-NA-2010-8-11,2010,8,11,48.6273,-68.2008,Ascophyllum nodosum,Random,NA,0,NA,NA,NA
6119,merinov_gosl,Gulf of Saint Lawrence,SF2,NA,SF2-NA-2010-8-11,2010,8,11,48.6273,-68.2008,Fucus distichus,Random,NA,81.375,NA,NA,NA
6120,merinov_gosl,Gulf of Saint Lawrence,SF2,NA,SF2-NA-2010-8-11,2010,8,11,48.6273,-68.2008,Fucus vesiculosus,Random,NA,20,NA,NA,NA
6121,merinov_gosl,Gulf of Saint Lawrence,SF2,NA,SF2-NA-2010-8-11,2010,8,11,48.6273,-68.2008,Laminaria spp,Random,NA,0,NA,NA,NA
6122,merinov_gosl,Gulf of Saint Lawrence,SF2,NA,SF2-NA-2010-8-14,2010,8,14,48.6273,-68.2008,Alaria esculenta,Random,NA,0,NA,NA,NA
6123,merinov_gosl,Gulf of Saint Lawrence,SF2,NA,SF2-NA-2010-8-14,2010,8,14,48.6273,-68.2008,Ascophyllum nodosum,Random,NA,0,NA,NA,NA
6124,merinov_gosl,Gulf of Saint Lawrence,SF2,NA,SF2-NA-2010-8-14,2010,8,14,48.6273,-68.2008,Fucus distichus,Random,NA,74.5,NA,NA,NA
6125,merinov_gosl,Gulf of Saint Lawrence,SF2,NA,SF2-NA-2010-8-14,2010,8,14,48.6273,-68.2008,Fucus vesiculosus,Random,NA,29.75,NA,NA,NA
6126,merinov_gosl,Gulf of Saint Lawrence,SF2,NA,SF2-NA-2010-8-14,2010,8,14,48.6273,-68.2008,Laminaria spp,Random,NA,0,NA,NA,NA
6127,merinov_gosl,Gulf of Saint Lawrence,SF2,NA,SF2-NA-2010-10-6,2010,10,6,48.6273,-68.2008,Alaria esculenta,Random,NA,0,NA,NA,NA
6128,merinov_gosl,Gulf of Saint Lawrence,SF2,NA,SF2-NA-2010-10-6,2010,10,6,48.6273,-68.2008,Ascophyllum nodosum,Random,NA,0,NA,NA,NA
6129,merinov_gosl,Gulf of Saint Lawrence,SF2,NA,SF2-NA-2010-10-6,2010,10,6,48.6273,-68.2008,Fucus distichus,Random,NA,98.75,NA,NA,NA
6130,merinov_gosl,Gulf of Saint Lawrence,SF2,NA,SF2-NA-2010-10-6,2010,10,6,48.6273,-68.2008,Fucus vesiculosus,Random,NA,0,NA,NA,NA
6131,merinov_gosl,Gulf of Saint Lawrence,SF2,NA,SF2-NA-2010-10-6,2010,10,6,48.6273,-68.2008,Laminaria spp,Random,NA,0,NA,NA,NA
6132,merinov_gosl,Gulf of Saint Lawrence,SF2,NA,SF2-NA-2010-10-7,2010,10,7,48.6273,-68.2008,Alaria esculenta,Random,NA,0,NA,NA,NA
6133,merinov_gosl,Gulf of Saint Lawrence,SF2,NA,SF2-NA-2010-10-7,2010,10,7,48.6273,-68.2008,Ascophyllum nodosum,Random,NA,0,NA,NA,NA
6134,merinov_gosl,Gulf of Saint Lawrence,SF2,NA,SF2-NA-2010-10-7,2010,10,7,48.6273,-68.2008,Fucus distichus,Random,NA,75.875,NA,NA,NA
6135,merinov_gosl,Gulf of Saint Lawrence,SF2,NA,SF2-NA-2010-10-7,2010,10,7,48.6273,-68.2008,Fucus vesiculosus,Random,NA,20.75,NA,NA,NA
6136,merinov_gosl,Gulf of Saint Lawrence,SF2,NA,SF2-NA-2010-10-7,2010,10,7,48.6273,-68.2008,Laminaria spp,Random,NA,0,NA,NA,NA
6137,merinov_gosl,Gulf of Saint Lawrence,SF2,NA,SF2-NA-2010-10-8,2010,10,8,48.6273,-68.2008,Alaria esculenta,Random,NA,0,NA,NA,NA
6138,merinov_gosl,Gulf of Saint Lawrence,SF2,NA,SF2-NA-2010-10-8,2010,10,8,48.6273,-68.2008,Ascophyllum nodosum,Random,NA,0,NA,NA,NA
6139,merinov_gosl,Gulf of Saint Lawrence,SF2,NA,SF2-NA-2010-10-8,2010,10,8,48.6273,-68.2008,Fucus distichus,Random,NA,71.75,NA,NA,NA
6140,merinov_gosl,Gulf of Saint Lawrence,SF2,NA,SF2-NA-2010-10-8,2010,10,8,48.6273,-68.2008,Fucus vesiculosus,Random,NA,23.125,NA,NA,NA
6141,merinov_gosl,Gulf of Saint Lawrence,SF2,NA,SF2-NA-2010-10-8,2010,10,8,48.6273,-68.2008,Laminaria spp,Random,NA,0,NA,NA,NA
6142,merinov_gosl,Gulf of Saint Lawrence,SF2,NA,SF2-NA-2011-5-16,2011,5,16,48.6273,-68.2008,Alaria esculenta,Random,NA,0,NA,NA,NA
6143,merinov_gosl,Gulf of Saint Lawrence,SF2,NA,SF2-NA-2011-5-16,2011,5,16,48.6273,-68.2008,Ascophyllum nodosum,Random,NA,0,NA,NA,NA
6144,merinov_gosl,Gulf of Saint Lawrence,SF2,NA,SF2-NA-2011-5-16,2011,5,16,48.6273,-68.2008,Fucus distichus,Random,NA,13.0625,NA,NA,NA
6145,merinov_gosl,Gulf of Saint Lawrence,SF2,NA,SF2-NA-2011-5-16,2011,5,16,48.6273,-68.2008,Fucus vesiculosus,Random,NA,3.1875,NA,NA,NA
6146,merinov_gosl,Gulf of Saint Lawrence,SF2,NA,SF2-NA-2011-5-16,2011,5,16,48.6273,-68.2008,Laminaria spp,Random,NA,0,NA,NA,NA
6147,merinov_gosl,Gulf of Saint Lawrence,SF2,NA,SF2-NA-2011-5-17,2011,5,17,48.6273,-68.2008,Alaria esculenta,Random,NA,0,NA,NA,NA
6148,merinov_gosl,Gulf of Saint Lawrence,SF2,NA,SF2-NA-2011-5-17,2011,5,17,48.6273,-68.2008,Ascophyllum nodosum,Random,NA,0,NA,NA,NA
6149,merinov_gosl,Gulf of Saint Lawrence,SF2,NA,SF2-NA-2011-5-17,2011,5,17,48.6273,-68.2008,Fucus distichus,Random,NA,12,NA,NA,NA
6150,merinov_gosl,Gulf of Saint Lawrence,SF2,NA,SF2-NA-2011-5-17,2011,5,17,48.6273,-68.2008,Fucus vesiculosus,Random,NA,4.75,NA,NA,NA
6151,merinov_gosl,Gulf of Saint Lawrence,SF2,NA,SF2-NA-2011-5-17,2011,5,17,48.6273,-68.2008,Laminaria spp,Random,NA,0,NA,NA,NA
6152,merinov_gosl,Gulf of Saint Lawrence,SF2,NA,SF2-NA-2011-7-4,2011,7,4,48.6273,-68.2008,Alaria esculenta,Random,NA,0,NA,NA,NA
6153,merinov_gosl,Gulf of Saint Lawrence,SF2,NA,SF2-NA-2011-7-4,2011,7,4,48.6273,-68.2008,Ascophyllum nodosum,Random,NA,0,NA,NA,NA
6154,merinov_gosl,Gulf of Saint Lawrence,SF2,NA,SF2-NA-2011-7-4,2011,7,4,48.6273,-68.2008,Fucus distichus,Random,NA,32.73684211,NA,NA,NA
6155,merinov_gosl,Gulf of Saint Lawrence,SF2,NA,SF2-NA-2011-7-4,2011,7,4,48.6273,-68.2008,Fucus vesiculosus,Random,NA,5.526315789,NA,NA,NA
6156,merinov_gosl,Gulf of Saint Lawrence,SF2,NA,SF2-NA-2011-7-4,2011,7,4,48.6273,-68.2008,Laminaria spp,Random,NA,0,NA,NA,NA
6157,merinov_gosl,Gulf of Saint Lawrence,SF2,NA,SF2-NA-2011-9-26,2011,9,26,48.6273,-68.2008,Alaria esculenta,Random,NA,0,NA,NA,NA
6158,merinov_gosl,Gulf of Saint Lawrence,SF2,NA,SF2-NA-2011-9-26,2011,9,26,48.6273,-68.2008,Ascophyllum nodosum,Random,NA,0,NA,NA,NA
6159,merinov_gosl,Gulf of Saint Lawrence,SF2,NA,SF2-NA-2011-9-26,2011,9,26,48.6273,-68.2008,Fucus distichus,Random,NA,65.09090909,NA,NA,NA
6160,merinov_gosl,Gulf of Saint Lawrence,SF2,NA,SF2-NA-2011-9-26,2011,9,26,48.6273,-68.2008,Fucus vesiculosus,Random,NA,7.727272727,NA,NA,NA
6161,merinov_gosl,Gulf of Saint Lawrence,SF2,NA,SF2-NA-2011-9-26,2011,9,26,48.6273,-68.2008,Laminaria spp,Random,NA,0,NA,NA,NA
6162,merinov_gosl,Gulf of Saint Lawrence,SF2,NA,SF2-NA-2011-9-27,2011,9,27,48.6273,-68.2008,Alaria esculenta,Random,NA,0,NA,NA,NA
6163,merinov_gosl,Gulf of Saint Lawrence,SF2,NA,SF2-NA-2011-9-27,2011,9,27,48.6273,-68.2008,Ascophyllum nodosum,Random,NA,0,NA,NA,NA
6164,merinov_gosl,Gulf of Saint Lawrence,SF2,NA,SF2-NA-2011-9-27,2011,9,27,48.6273,-68.2008,Fucus distichus,Random,NA,58.11111111,NA,NA,NA
6165,merinov_gosl,Gulf of Saint Lawrence,SF2,NA,SF2-NA-2011-9-27,2011,9,27,48.6273,-68.2008,Fucus vesiculosus,Random,NA,9.444444444,NA,NA,NA
6166,merinov_gosl,Gulf of Saint Lawrence,SF2,NA,SF2-NA-2011-9-27,2011,9,27,48.6273,-68.2008,Laminaria spp,Random,NA,0,NA,NA,NA
6167,merinov_gosl,Gulf of Saint Lawrence,SF2,NA,SF2-NA-2012-6-2,2012,6,2,48.6273,-68.2008,Alaria esculenta,Random,NA,0,NA,NA,NA
6168,merinov_gosl,Gulf of Saint Lawrence,SF2,NA,SF2-NA-2012-6-2,2012,6,2,48.6273,-68.2008,Ascophyllum nodosum,Random,NA,0,NA,NA,NA
6169,merinov_gosl,Gulf of Saint Lawrence,SF2,NA,SF2-NA-2012-6-2,2012,6,2,48.6273,-68.2008,Fucus distichus,Random,NA,100,NA,NA,NA
6170,merinov_gosl,Gulf of Saint Lawrence,SF2,NA,SF2-NA-2012-6-2,2012,6,2,48.6273,-68.2008,Fucus vesiculosus,Random,NA,0,NA,NA,NA
6171,merinov_gosl,Gulf of Saint Lawrence,SF2,NA,SF2-NA-2012-6-2,2012,6,2,48.6273,-68.2008,Laminaria spp,Random,NA,0,NA,NA,NA
6172,merinov_gosl,Gulf of Saint Lawrence,SF2,NA,SF2-NA-2012-6-4,2012,6,4,48.6273,-68.2008,Alaria esculenta,Random,NA,0,NA,NA,NA
6173,merinov_gosl,Gulf of Saint Lawrence,SF2,NA,SF2-NA-2012-6-4,2012,6,4,48.6273,-68.2008,Ascophyllum nodosum,Random,NA,0,NA,NA,NA
6174,merinov_gosl,Gulf of Saint Lawrence,SF2,NA,SF2-NA-2012-6-4,2012,6,4,48.6273,-68.2008,Fucus distichus,Random,NA,100,NA,NA,NA
6175,merinov_gosl,Gulf of Saint Lawrence,SF2,NA,SF2-NA-2012-6-4,2012,6,4,48.6273,-68.2008,Fucus vesiculosus,Random,NA,0,NA,NA,NA
6176,merinov_gosl,Gulf of Saint Lawrence,SF2,NA,SF2-NA-2012-6-4,2012,6,4,48.6273,-68.2008,Laminaria spp,Random,NA,0,NA,NA,NA
6177,merinov_gosl,Gulf of Saint Lawrence,SF2,NA,SF2-NA-2012-6-6,2012,6,6,48.6273,-68.2008,Alaria esculenta,Random,NA,0,NA,NA,NA
6178,merinov_gosl,Gulf of Saint Lawrence,SF2,NA,SF2-NA-2012-6-6,2012,6,6,48.6273,-68.2008,Ascophyllum nodosum,Random,NA,0,NA,NA,NA
6179,merinov_gosl,Gulf of Saint Lawrence,SF2,NA,SF2-NA-2012-6-6,2012,6,6,48.6273,-68.2008,Fucus distichus,Random,NA,99,NA,NA,NA
6180,merinov_gosl,Gulf of Saint Lawrence,SF2,NA,SF2-NA-2012-6-6,2012,6,6,48.6273,-68.2008,Fucus vesiculosus,Random,NA,0,NA,NA,NA
6181,merinov_gosl,Gulf of Saint Lawrence,SF2,NA,SF2-NA-2012-6-6,2012,6,6,48.6273,-68.2008,Laminaria spp,Random,NA,0,NA,NA,NA
6182,merinov_gosl,Gulf of Saint Lawrence,SF2,NA,SF2-NA-2012-7-2,2012,7,2,48.6273,-68.2008,Alaria esculenta,Random,NA,0,NA,NA,NA
6183,merinov_gosl,Gulf of Saint Lawrence,SF2,NA,SF2-NA-2012-7-2,2012,7,2,48.6273,-68.2008,Ascophyllum nodosum,Random,NA,0,NA,NA,NA
6184,merinov_gosl,Gulf of Saint Lawrence,SF2,NA,SF2-NA-2012-7-2,2012,7,2,48.6273,-68.2008,Fucus distichus,Random,NA,100,NA,NA,NA
6185,merinov_gosl,Gulf of Saint Lawrence,SF2,NA,SF2-NA-2012-7-2,2012,7,2,48.6273,-68.2008,Fucus vesiculosus,Random,NA,0,NA,NA,NA
6186,merinov_gosl,Gulf of Saint Lawrence,SF2,NA,SF2-NA-2012-7-2,2012,7,2,48.6273,-68.2008,Laminaria spp,Random,NA,0,NA,NA,NA
6187,merinov_gosl,Gulf of Saint Lawrence,SF2,NA,SF2-NA-2012-7-3,2012,7,3,48.6273,-68.2008,Alaria esculenta,Random,NA,0,NA,NA,NA
6188,merinov_gosl,Gulf of Saint Lawrence,SF2,NA,SF2-NA-2012-7-3,2012,7,3,48.6273,-68.2008,Ascophyllum nodosum,Random,NA,0,NA,NA,NA
6189,merinov_gosl,Gulf of Saint Lawrence,SF2,NA,SF2-NA-2012-7-3,2012,7,3,48.6273,-68.2008,Fucus distichus,Random,NA,100,NA,NA,NA
6190,merinov_gosl,Gulf of Saint Lawrence,SF2,NA,SF2-NA-2012-7-3,2012,7,3,48.6273,-68.2008,Fucus vesiculosus,Random,NA,0,NA,NA,NA
6191,merinov_gosl,Gulf of Saint Lawrence,SF2,NA,SF2-NA-2012-7-3,2012,7,3,48.6273,-68.2008,Laminaria spp,Random,NA,0,NA,NA,NA
6192,merinov_gosl,Gulf of Saint Lawrence,SF2,NA,SF2-NA-2012-7-5,2012,7,5,48.6273,-68.2008,Alaria esculenta,Random,NA,0,NA,NA,NA
6193,merinov_gosl,Gulf of Saint Lawrence,SF2,NA,SF2-NA-2012-7-5,2012,7,5,48.6273,-68.2008,Ascophyllum nodosum,Random,NA,0,NA,NA,NA
6194,merinov_gosl,Gulf of Saint Lawrence,SF2,NA,SF2-NA-2012-7-5,2012,7,5,48.6273,-68.2008,Fucus distichus,Random,NA,100,NA,NA,NA
6195,merinov_gosl,Gulf of Saint Lawrence,SF2,NA,SF2-NA-2012-7-5,2012,7,5,48.6273,-68.2008,Fucus vesiculosus,Random,NA,0,NA,NA,NA
6196,merinov_gosl,Gulf of Saint Lawrence,SF2,NA,SF2-NA-2012-7-5,2012,7,5,48.6273,-68.2008,Laminaria spp,Random,NA,0,NA,NA,NA
6197,merinov_gosl,Gulf of Saint Lawrence,SF2,NA,SF2-NA-2012-7-8,2012,7,8,48.6273,-68.2008,Alaria esculenta,Random,NA,0,NA,NA,NA
6198,merinov_gosl,Gulf of Saint Lawrence,SF2,NA,SF2-NA-2012-7-8,2012,7,8,48.6273,-68.2008,Ascophyllum nodosum,Random,NA,0,NA,NA,NA
6199,merinov_gosl,Gulf of Saint Lawrence,SF2,NA,SF2-NA-2012-7-8,2012,7,8,48.6273,-68.2008,Fucus distichus,Random,NA,99,NA,NA,NA
6200,merinov_gosl,Gulf of Saint Lawrence,SF2,NA,SF2-NA-2012-7-8,2012,7,8,48.6273,-68.2008,Fucus vesiculosus,Random,NA,0,NA,NA,NA
6201,merinov_gosl,Gulf of Saint Lawrence,SF2,NA,SF2-NA-2012-7-8,2012,7,8,48.6273,-68.2008,Laminaria spp,Random,NA,0,NA,NA,NA
6202,merinov_gosl,Gulf of Saint Lawrence,SF2,NA,SF2-NA-2012-7-31,2012,7,31,48.6273,-68.2008,Alaria esculenta,Random,NA,0,NA,NA,NA
6203,merinov_gosl,Gulf of Saint Lawrence,SF2,NA,SF2-NA-2012-7-31,2012,7,31,48.6273,-68.2008,Ascophyllum nodosum,Random,NA,0,NA,NA,NA
6204,merinov_gosl,Gulf of Saint Lawrence,SF2,NA,SF2-NA-2012-7-31,2012,7,31,48.6273,-68.2008,Fucus distichus,Random,NA,100,NA,NA,NA
6205,merinov_gosl,Gulf of Saint Lawrence,SF2,NA,SF2-NA-2012-7-31,2012,7,31,48.6273,-68.2008,Fucus vesiculosus,Random,NA,0,NA,NA,NA
6206,merinov_gosl,Gulf of Saint Lawrence,SF2,NA,SF2-NA-2012-7-31,2012,7,31,48.6273,-68.2008,Laminaria spp,Random,NA,0,NA,NA,NA
6207,merinov_gosl,Gulf of Saint Lawrence,SF2,NA,SF2-NA-2012-8-1,2012,8,1,48.6273,-68.2008,Alaria esculenta,Random,NA,0,NA,NA,NA
6208,merinov_gosl,Gulf of Saint Lawrence,SF2,NA,SF2-NA-2012-8-1,2012,8,1,48.6273,-68.2008,Ascophyllum nodosum,Random,NA,0,NA,NA,NA
6209,merinov_gosl,Gulf of Saint Lawrence,SF2,NA,SF2-NA-2012-8-1,2012,8,1,48.6273,-68.2008,Fucus distichus,Random,NA,100,NA,NA,NA
6210,merinov_gosl,Gulf of Saint Lawrence,SF2,NA,SF2-NA-2012-8-1,2012,8,1,48.6273,-68.2008,Fucus vesiculosus,Random,NA,0,NA,NA,NA
6211,merinov_gosl,Gulf of Saint Lawrence,SF2,NA,SF2-NA-2012-8-1,2012,8,1,48.6273,-68.2008,Laminaria spp,Random,NA,0,NA,NA,NA
6212,merinov_gosl,Gulf of Saint Lawrence,SF2,NA,SF2-NA-2012-8-4,2012,8,4,48.6273,-68.2008,Alaria esculenta,Random,NA,0,NA,NA,NA
6213,merinov_gosl,Gulf of Saint Lawrence,SF2,NA,SF2-NA-2012-8-4,2012,8,4,48.6273,-68.2008,Ascophyllum nodosum,Random,NA,0,NA,NA,NA
6214,merinov_gosl,Gulf of Saint Lawrence,SF2,NA,SF2-NA-2012-8-4,2012,8,4,48.6273,-68.2008,Fucus distichus,Random,NA,100,NA,NA,NA
6215,merinov_gosl,Gulf of Saint Lawrence,SF2,NA,SF2-NA-2012-8-4,2012,8,4,48.6273,-68.2008,Fucus vesiculosus,Random,NA,0,NA,NA,NA
6216,merinov_gosl,Gulf of Saint Lawrence,SF2,NA,SF2-NA-2012-8-4,2012,8,4,48.6273,-68.2008,Laminaria spp,Random,NA,0,NA,NA,NA
6217,merinov_gosl,Gulf of Saint Lawrence,SF2,NA,SF2-NA-2012-8-29,2012,8,29,48.6273,-68.2008,Alaria esculenta,Random,NA,0,NA,NA,NA
6218,merinov_gosl,Gulf of Saint Lawrence,SF2,NA,SF2-NA-2012-8-29,2012,8,29,48.6273,-68.2008,Ascophyllum nodosum,Random,NA,0,NA,NA,NA
6219,merinov_gosl,Gulf of Saint Lawrence,SF2,NA,SF2-NA-2012-8-29,2012,8,29,48.6273,-68.2008,Fucus distichus,Random,NA,96,NA,NA,NA
6220,merinov_gosl,Gulf of Saint Lawrence,SF2,NA,SF2-NA-2012-8-29,2012,8,29,48.6273,-68.2008,Fucus vesiculosus,Random,NA,0,NA,NA,NA
6221,merinov_gosl,Gulf of Saint Lawrence,SF2,NA,SF2-NA-2012-8-29,2012,8,29,48.6273,-68.2008,Laminaria spp,Random,NA,0,NA,NA,NA
6222,merinov_gosl,Gulf of Saint Lawrence,SF2,NA,SF2-NA-2012-8-31,2012,8,31,48.6273,-68.2008,Alaria esculenta,Random,NA,0,NA,NA,NA
6223,merinov_gosl,Gulf of Saint Lawrence,SF2,NA,SF2-NA-2012-8-31,2012,8,31,48.6273,-68.2008,Ascophyllum nodosum,Random,NA,0,NA,NA,NA
6224,merinov_gosl,Gulf of Saint Lawrence,SF2,NA,SF2-NA-2012-8-31,2012,8,31,48.6273,-68.2008,Fucus distichus,Random,NA,98,NA,NA,NA
6225,merinov_gosl,Gulf of Saint Lawrence,SF2,NA,SF2-NA-2012-8-31,2012,8,31,48.6273,-68.2008,Fucus vesiculosus,Random,NA,0,NA,NA,NA
6226,merinov_gosl,Gulf of Saint Lawrence,SF2,NA,SF2-NA-2012-8-31,2012,8,31,48.6273,-68.2008,Laminaria spp,Random,NA,0,NA,NA,NA
6227,merinov_gosl,Gulf of Saint Lawrence,SF2,NA,SF2-NA-2012-9-3,2012,9,3,48.6273,-68.2008,Alaria esculenta,Random,NA,0,NA,NA,NA
6228,merinov_gosl,Gulf of Saint Lawrence,SF2,NA,SF2-NA-2012-9-3,2012,9,3,48.6273,-68.2008,Ascophyllum nodosum,Random,NA,0,NA,NA,NA
6229,merinov_gosl,Gulf of Saint Lawrence,SF2,NA,SF2-NA-2012-9-3,2012,9,3,48.6273,-68.2008,Fucus distichus,Random,NA,96,NA,NA,NA
6230,merinov_gosl,Gulf of Saint Lawrence,SF2,NA,SF2-NA-2012-9-3,2012,9,3,48.6273,-68.2008,Fucus vesiculosus,Random,NA,0,NA,NA,NA
6231,merinov_gosl,Gulf of Saint Lawrence,SF2,NA,SF2-NA-2012-9-3,2012,9,3,48.6273,-68.2008,Laminaria spp,Random,NA,0,NA,NA,NA
6232,merinov_gosl,Gulf of Saint Lawrence,SU,NA,SU-NA-2010-6-13,2010,6,13,48.8104,-67.6439,Alaria esculenta,Random,NA,0,NA,NA,NA
6233,merinov_gosl,Gulf of Saint Lawrence,SU,NA,SU-NA-2010-6-13,2010,6,13,48.8104,-67.6439,Ascophyllum nodosum,Random,NA,0,NA,NA,NA
6234,merinov_gosl,Gulf of Saint Lawrence,SU,NA,SU-NA-2010-6-13,2010,6,13,48.8104,-67.6439,Fucus distichus,Random,NA,60.85714286,NA,NA,NA
6235,merinov_gosl,Gulf of Saint Lawrence,SU,NA,SU-NA-2010-6-13,2010,6,13,48.8104,-67.6439,Fucus vesiculosus,Random,NA,37.14285714,NA,NA,NA
6236,merinov_gosl,Gulf of Saint Lawrence,SU,NA,SU-NA-2010-6-13,2010,6,13,48.8104,-67.6439,Laminaria spp,Random,NA,0,NA,NA,NA
6237,merinov_gosl,Gulf of Saint Lawrence,SU,NA,SU-NA-2010-6-14,2010,6,14,48.8104,-67.6439,Alaria esculenta,Random,NA,0,NA,NA,NA
6238,merinov_gosl,Gulf of Saint Lawrence,SU,NA,SU-NA-2010-6-14,2010,6,14,48.8104,-67.6439,Ascophyllum nodosum,Random,NA,0,NA,NA,NA
6239,merinov_gosl,Gulf of Saint Lawrence,SU,NA,SU-NA-2010-6-14,2010,6,14,48.8104,-67.6439,Fucus distichus,Random,NA,58.875,NA,NA,NA
6240,merinov_gosl,Gulf of Saint Lawrence,SU,NA,SU-NA-2010-6-14,2010,6,14,48.8104,-67.6439,Fucus vesiculosus,Random,NA,47.875,NA,NA,NA
6241,merinov_gosl,Gulf of Saint Lawrence,SU,NA,SU-NA-2010-6-14,2010,6,14,48.8104,-67.6439,Laminaria spp,Random,NA,0,NA,NA,NA
6242,merinov_gosl,Gulf of Saint Lawrence,SU,NA,SU-NA-2010-6-16,2010,6,16,48.8104,-67.6439,Alaria esculenta,Random,NA,0,NA,NA,NA
6243,merinov_gosl,Gulf of Saint Lawrence,SU,NA,SU-NA-2010-6-16,2010,6,16,48.8104,-67.6439,Ascophyllum nodosum,Random,NA,0,NA,NA,NA
6244,merinov_gosl,Gulf of Saint Lawrence,SU,NA,SU-NA-2010-6-16,2010,6,16,48.8104,-67.6439,Fucus distichus,Random,NA,53.4,NA,NA,NA
6245,merinov_gosl,Gulf of Saint Lawrence,SU,NA,SU-NA-2010-6-16,2010,6,16,48.8104,-67.6439,Fucus vesiculosus,Random,NA,50.2,NA,NA,NA
6246,merinov_gosl,Gulf of Saint Lawrence,SU,NA,SU-NA-2010-6-16,2010,6,16,48.8104,-67.6439,Laminaria spp,Random,NA,0,NA,NA,NA
6247,merinov_gosl,Gulf of Saint Lawrence,SU,NA,SU-NA-2010-8-12,2010,8,12,48.8104,-67.6439,Alaria esculenta,Random,NA,0,NA,NA,NA
6248,merinov_gosl,Gulf of Saint Lawrence,SU,NA,SU-NA-2010-8-12,2010,8,12,48.8104,-67.6439,Ascophyllum nodosum,Random,NA,0,NA,NA,NA
6249,merinov_gosl,Gulf of Saint Lawrence,SU,NA,SU-NA-2010-8-12,2010,8,12,48.8104,-67.6439,Fucus distichus,Random,NA,75.92307692,NA,NA,NA
6250,merinov_gosl,Gulf of Saint Lawrence,SU,NA,SU-NA-2010-8-12,2010,8,12,48.8104,-67.6439,Fucus vesiculosus,Random,NA,29,NA,NA,NA
6251,merinov_gosl,Gulf of Saint Lawrence,SU,NA,SU-NA-2010-8-12,2010,8,12,48.8104,-67.6439,Laminaria spp,Random,NA,0,NA,NA,NA
6252,merinov_gosl,Gulf of Saint Lawrence,SU,NA,SU-NA-2010-8-13,2010,8,13,48.8104,-67.6439,Alaria esculenta,Random,NA,0,NA,NA,NA
6253,merinov_gosl,Gulf of Saint Lawrence,SU,NA,SU-NA-2010-8-13,2010,8,13,48.8104,-67.6439,Ascophyllum nodosum,Random,NA,0,NA,NA,NA
6254,merinov_gosl,Gulf of Saint Lawrence,SU,NA,SU-NA-2010-8-13,2010,8,13,48.8104,-67.6439,Fucus distichus,Random,NA,84.42857143,NA,NA,NA
6255,merinov_gosl,Gulf of Saint Lawrence,SU,NA,SU-NA-2010-8-13,2010,8,13,48.8104,-67.6439,Fucus vesiculosus,Random,NA,33.71428571,NA,NA,NA
6256,merinov_gosl,Gulf of Saint Lawrence,SU,NA,SU-NA-2010-8-13,2010,8,13,48.8104,-67.6439,Laminaria spp,Random,NA,0,NA,NA,NA
6257,merinov_gosl,Gulf of Saint Lawrence,SU,NA,SU-NA-2010-10-9,2010,10,9,48.8104,-67.6439,Alaria esculenta,Random,NA,0,NA,NA,NA
6258,merinov_gosl,Gulf of Saint Lawrence,SU,NA,SU-NA-2010-10-9,2010,10,9,48.8104,-67.6439,Ascophyllum nodosum,Random,NA,0,NA,NA,NA
6259,merinov_gosl,Gulf of Saint Lawrence,SU,NA,SU-NA-2010-10-9,2010,10,9,48.8104,-67.6439,Fucus distichus,Random,NA,66.53846154,NA,NA,NA
6260,merinov_gosl,Gulf of Saint Lawrence,SU,NA,SU-NA-2010-10-9,2010,10,9,48.8104,-67.6439,Fucus vesiculosus,Random,NA,33.07692308,NA,NA,NA
6261,merinov_gosl,Gulf of Saint Lawrence,SU,NA,SU-NA-2010-10-9,2010,10,9,48.8104,-67.6439,Laminaria spp,Random,NA,0,NA,NA,NA
6262,merinov_gosl,Gulf of Saint Lawrence,SU,NA,SU-NA-2010-10-10,2010,10,10,48.8104,-67.6439,Alaria esculenta,Random,NA,0,NA,NA,NA
6263,merinov_gosl,Gulf of Saint Lawrence,SU,NA,SU-NA-2010-10-10,2010,10,10,48.8104,-67.6439,Ascophyllum nodosum,Random,NA,0,NA,NA,NA
6264,merinov_gosl,Gulf of Saint Lawrence,SU,NA,SU-NA-2010-10-10,2010,10,10,48.8104,-67.6439,Fucus distichus,Random,NA,59.28571429,NA,NA,NA
6265,merinov_gosl,Gulf of Saint Lawrence,SU,NA,SU-NA-2010-10-10,2010,10,10,48.8104,-67.6439,Fucus vesiculosus,Random,NA,36,NA,NA,NA
6266,merinov_gosl,Gulf of Saint Lawrence,SU,NA,SU-NA-2010-10-10,2010,10,10,48.8104,-67.6439,Laminaria spp,Random,NA,0,NA,NA,NA
6267,merinov_gosl,Gulf of Saint Lawrence,SU,NA,SU-NA-2011-5-15,2011,5,15,48.8104,-67.6439,Alaria esculenta,Random,NA,0,NA,NA,NA
6268,merinov_gosl,Gulf of Saint Lawrence,SU,NA,SU-NA-2011-5-15,2011,5,15,48.8104,-67.6439,Ascophyllum nodosum,Random,NA,0,NA,NA,NA
6269,merinov_gosl,Gulf of Saint Lawrence,SU,NA,SU-NA-2011-5-15,2011,5,15,48.8104,-67.6439,Fucus distichus,Random,NA,36.6,NA,NA,NA
6270,merinov_gosl,Gulf of Saint Lawrence,SU,NA,SU-NA-2011-5-15,2011,5,15,48.8104,-67.6439,Fucus vesiculosus,Random,NA,13.6,NA,NA,NA
6271,merinov_gosl,Gulf of Saint Lawrence,SU,NA,SU-NA-2011-5-15,2011,5,15,48.8104,-67.6439,Laminaria spp,Random,NA,0,NA,NA,NA
6272,merinov_gosl,Gulf of Saint Lawrence,SU,NA,SU-NA-2011-5-18,2011,5,18,48.8104,-67.6439,Alaria esculenta,Random,NA,0,NA,NA,NA
6273,merinov_gosl,Gulf of Saint Lawrence,SU,NA,SU-NA-2011-5-18,2011,5,18,48.8104,-67.6439,Ascophyllum nodosum,Random,NA,0,NA,NA,NA
6274,merinov_gosl,Gulf of Saint Lawrence,SU,NA,SU-NA-2011-5-18,2011,5,18,48.8104,-67.6439,Fucus distichus,Random,NA,26.93333333,NA,NA,NA
6275,merinov_gosl,Gulf of Saint Lawrence,SU,NA,SU-NA-2011-5-18,2011,5,18,48.8104,-67.6439,Fucus vesiculosus,Random,NA,10.53333333,NA,NA,NA
6276,merinov_gosl,Gulf of Saint Lawrence,SU,NA,SU-NA-2011-5-18,2011,5,18,48.8104,-67.6439,Laminaria spp,Random,NA,0,NA,NA,NA
6277,merinov_gosl,Gulf of Saint Lawrence,SU,NA,SU-NA-2011-7-3,2011,7,3,48.8104,-67.6439,Alaria esculenta,Random,NA,0,NA,NA,NA
6278,merinov_gosl,Gulf of Saint Lawrence,SU,NA,SU-NA-2011-7-3,2011,7,3,48.8104,-67.6439,Ascophyllum nodosum,Random,NA,0,NA,NA,NA
6279,merinov_gosl,Gulf of Saint Lawrence,SU,NA,SU-NA-2011-7-3,2011,7,3,48.8104,-67.6439,Fucus distichus,Random,NA,33.41176471,NA,NA,NA
6280,merinov_gosl,Gulf of Saint Lawrence,SU,NA,SU-NA-2011-7-3,2011,7,3,48.8104,-67.6439,Fucus vesiculosus,Random,NA,15.94117647,NA,NA,NA
6281,merinov_gosl,Gulf of Saint Lawrence,SU,NA,SU-NA-2011-7-3,2011,7,3,48.8104,-67.6439,Laminaria spp,Random,NA,0,NA,NA,NA
6282,merinov_gosl,Gulf of Saint Lawrence,SU,NA,SU-NA-2011-7-5,2011,7,5,48.8104,-67.6439,Alaria esculenta,Random,NA,0,NA,NA,NA
6283,merinov_gosl,Gulf of Saint Lawrence,SU,NA,SU-NA-2011-7-5,2011,7,5,48.8104,-67.6439,Ascophyllum nodosum,Random,NA,0,NA,NA,NA
6284,merinov_gosl,Gulf of Saint Lawrence,SU,NA,SU-NA-2011-7-5,2011,7,5,48.8104,-67.6439,Fucus distichus,Random,NA,70,NA,NA,NA
6285,merinov_gosl,Gulf of Saint Lawrence,SU,NA,SU-NA-2011-7-5,2011,7,5,48.8104,-67.6439,Fucus vesiculosus,Random,NA,34.5,NA,NA,NA
6286,merinov_gosl,Gulf of Saint Lawrence,SU,NA,SU-NA-2011-7-5,2011,7,5,48.8104,-67.6439,Laminaria spp,Random,NA,0,NA,NA,NA
6287,merinov_gosl,Gulf of Saint Lawrence,SU,NA,SU-NA-2011-7-19,2011,7,19,48.8104,-67.6439,Alaria esculenta,Random,NA,0,NA,NA,NA
6288,merinov_gosl,Gulf of Saint Lawrence,SU,NA,SU-NA-2011-7-19,2011,7,19,48.8104,-67.6439,Ascophyllum nodosum,Random,NA,0,NA,NA,NA
6289,merinov_gosl,Gulf of Saint Lawrence,SU,NA,SU-NA-2011-7-19,2011,7,19,48.8104,-67.6439,Fucus distichus,Random,NA,94,NA,NA,NA
6290,merinov_gosl,Gulf of Saint Lawrence,SU,NA,SU-NA-2011-7-19,2011,7,19,48.8104,-67.6439,Fucus vesiculosus,Random,NA,8,NA,NA,NA
6291,merinov_gosl,Gulf of Saint Lawrence,SU,NA,SU-NA-2011-7-19,2011,7,19,48.8104,-67.6439,Laminaria spp,Random,NA,0,NA,NA,NA
6292,merinov_gosl,Gulf of Saint Lawrence,SU,NA,SU-NA-2011-9-30,2011,9,30,48.8104,-67.6439,Alaria esculenta,Random,NA,0,NA,NA,NA
6293,merinov_gosl,Gulf of Saint Lawrence,SU,NA,SU-NA-2011-9-30,2011,9,30,48.8104,-67.6439,Ascophyllum nodosum,Random,NA,0,NA,NA,NA
6294,merinov_gosl,Gulf of Saint Lawrence,SU,NA,SU-NA-2011-9-30,2011,9,30,48.8104,-67.6439,Fucus distichus,Random,NA,55.69230769,NA,NA,NA
6295,merinov_gosl,Gulf of Saint Lawrence,SU,NA,SU-NA-2011-9-30,2011,9,30,48.8104,-67.6439,Fucus vesiculosus,Random,NA,10,NA,NA,NA
6296,merinov_gosl,Gulf of Saint Lawrence,SU,NA,SU-NA-2011-9-30,2011,9,30,48.8104,-67.6439,Laminaria spp,Random,NA,0,NA,NA,NA
6297,merinov_gosl,Gulf of Saint Lawrence,SU,NA,SU-NA-2011-10-1,2011,10,1,48.8104,-67.6439,Alaria esculenta,Random,NA,0,NA,NA,NA
6298,merinov_gosl,Gulf of Saint Lawrence,SU,NA,SU-NA-2011-10-1,2011,10,1,48.8104,-67.6439,Ascophyllum nodosum,Random,NA,0.285714286,NA,NA,NA
6299,merinov_gosl,Gulf of Saint Lawrence,SU,NA,SU-NA-2011-10-1,2011,10,1,48.8104,-67.6439,Fucus distichus,Random,NA,67,NA,NA,NA
6300,merinov_gosl,Gulf of Saint Lawrence,SU,NA,SU-NA-2011-10-1,2011,10,1,48.8104,-67.6439,Fucus vesiculosus,Random,NA,9.571428571,NA,NA,NA
6301,merinov_gosl,Gulf of Saint Lawrence,SU,NA,SU-NA-2011-10-1,2011,10,1,48.8104,-67.6439,Laminaria spp,Random,NA,0,NA,NA,NA
6303,merinov_gosl,Gulf of Saint Lawrence,FAN,2,FAN-2-2012-6-21,2012,6,21,50.222,-63.691,Alaria esculenta,Random,NA,NA,16,16,0.466666667
6304,merinov_gosl,Gulf of Saint Lawrence,FAN,2,FAN-2-2012-6-21,2012,6,21,50.222,-63.691,Laminaria digitata,Random,NA,NA,0,0,0
6305,merinov_gosl,Gulf of Saint Lawrence,FAN,2,FAN-2-2012-7-13,2012,7,13,50.222,-63.691,Alaria esculenta,Random,NA,NA,14.66666667,14.66666667,0.564666667
6306,merinov_gosl,Gulf of Saint Lawrence,FAN,2,FAN-2-2012-7-13,2012,7,13,50.222,-63.691,Laminaria digitata,Random,NA,NA,0,0,0
6307,merinov_gosl,Gulf of Saint Lawrence,FAN,2,FAN-2-2012-7-13,2012,7,13,50.222,-63.691,Saccharina latissima,Random,NA,NA,2.666666667,2.666666667,0.07
6308,merinov_gosl,Gulf of Saint Lawrence,FAN,2,FAN-2-2012-8-12,2012,8,12,50.222,-63.691,Alaria esculenta,Random,NA,NA,81.33333333,81.33333333,2.017
6309,merinov_gosl,Gulf of Saint Lawrence,FAN,2,FAN-2-2012-8-12,2012,8,12,50.222,-63.691,Laminaria digitata,Random,NA,NA,2.666666667,2.666666667,0.017
6310,merinov_gosl,Gulf of Saint Lawrence,FIR,2,FIR-2-2012-8-25,2012,8,25,50.203,-63.68,Alaria esculenta,Random,NA,NA,12,12,0.795333333
6311,merinov_gosl,Gulf of Saint Lawrence,FIR,2,FIR-2-2012-8-25,2012,8,25,50.203,-63.68,Laminaria digitata,Random,NA,NA,40,40,8.938333333
6312,merinov_gosl,Gulf of Saint Lawrence,FIR,2,FIR-2-2012-8-25,2012,8,25,50.203,-63.68,Saccharina latissima,Random,NA,NA,6.666666667,6.666666667,0.141666667
6313,merinov_gosl,Gulf of Saint Lawrence,GIM,2,GIM-2-2012-8-19,2012,8,19,50.214,-63.538,Alaria esculenta,Random,NA,NA,16,16,0.787666667
6314,merinov_gosl,Gulf of Saint Lawrence,GIM,2,GIM-2-2012-8-19,2012,8,19,50.214,-63.538,Laminaria digitata,Random,NA,NA,44,44,1.432666667
6315,merinov_gosl,Gulf of Saint Lawrence,GIM,2,GIM-2-2012-8-19,2012,8,19,50.214,-63.538,Saccharina latissima,Random,NA,NA,2.666666667,2.666666667,0.339
6316,merinov_gosl,Gulf of Saint Lawrence,IAG,2,IAG-2-2012-8-19,2012,8,19,50.201,-63.588,Alaria esculenta,Random,NA,NA,85.33333333,85.33333333,3.452333333
6317,merinov_gosl,Gulf of Saint Lawrence,IAG,2,IAG-2-2012-8-19,2012,8,19,50.201,-63.588,Laminaria digitata,Random,NA,NA,1.333333333,1.333333333,0.051666667
6318,merinov_gosl,Gulf of Saint Lawrence,IAG,2,IAG-2-2012-9-6,2012,9,6,50.201,-63.588,Alaria esculenta,Random,NA,NA,8,8,0.422
6319,merinov_gosl,Gulf of Saint Lawrence,IAG,2,IAG-2-2012-9-6,2012,9,6,50.201,-63.588,Laminaria digitata,Random,NA,NA,18.66666667,18.66666667,4.243333333
6320,merinov_gosl,Gulf of Saint Lawrence,IAG,2,IAG-2-2012-9-6,2012,9,6,50.201,-63.588,Saccharina latissima,Random,NA,NA,6.666666667,6.666666667,2.342333333
6321,merinov_gosl,Gulf of Saint Lawrence,IPE,2,IPE-2-2012-7-20,2012,7,20,50.201,-63.557,Alaria esculenta,Random,NA,NA,49.33333333,49.33333333,2.249666667
6322,merinov_gosl,Gulf of Saint Lawrence,IPE,2,IPE-2-2012-7-20,2012,7,20,50.201,-63.557,Laminaria digitata,Random,NA,NA,0,0,0
6323,merinov_gosl,Gulf of Saint Lawrence,IPE,2,IPE-2-2012-8-11,2012,8,11,50.201,-63.557,Alaria esculenta,Random,NA,NA,60,60,4.354333333
6324,merinov_gosl,Gulf of Saint Lawrence,IPE,2,IPE-2-2012-8-11,2012,8,11,50.201,-63.557,Laminaria digitata,Random,NA,NA,6.666666667,6.666666667,0.417
6325,merinov_gosl,Gulf of Saint Lawrence,IPE,2,IPE-2-2012-9-5,2012,9,5,50.201,-63.557,Alaria esculenta,Random,NA,NA,109.3333333,109.3333333,5.71
6326,merinov_gosl,Gulf of Saint Lawrence,IPE,2,IPE-2-2012-9-5,2012,9,5,50.201,-63.557,Laminaria digitata,Random,NA,NA,8,8,0.428666667
6327,merinov_gosl,Gulf of Saint Lawrence,IPW,2,IPW-2-2012-8-19,2012,8,19,50.206,-63.562,Alaria esculenta,Random,NA,NA,16,16,0.620666667
6328,merinov_gosl,Gulf of Saint Lawrence,IPW,2,IPW-2-2012-8-19,2012,8,19,50.206,-63.562,Laminaria digitata,Random,NA,NA,1.333333333,1.333333333,0.051666667
6329,merinov_gosl,Gulf of Saint Lawrence,NIA,2,NIA-2-2012-6-22,2012,6,22,50.188,-63.753,Alaria esculenta,Random,NA,NA,144,144,4.346
6330,merinov_gosl,Gulf of Saint Lawrence,NIA,2,NIA-2-2012-6-22,2012,6,22,50.188,-63.753,Laminaria digitata,Random,NA,NA,0,0,0
6331,merinov_gosl,Gulf of Saint Lawrence,NIA,2,NIA-2-2012-8-12,2012,8,12,50.188,-63.753,Alaria esculenta,Random,NA,NA,42.66666667,42.66666667,2.866666667
6332,merinov_gosl,Gulf of Saint Lawrence,NIA,2,NIA-2-2012-8-12,2012,8,12,50.188,-63.753,Laminaria digitata,Random,NA,NA,76,76,6.433333333
6333,merinov_gosl,Gulf of Saint Lawrence,BDC,6.4,BDC-6.4-1980-8-18,1980,8,18,48.0766,-65.6239,Laminaria digitata,Random,NA,NA,0,0,0
6334,merinov_gosl,Gulf of Saint Lawrence,BDC,6.4,BDC-6.4-1980-8-18,1980,8,18,48.0766,-65.6239,Saccharina latissima,Random,NA,NA,NA,NA,2.057
6335,merinov_gosl,Gulf of Saint Lawrence,BDC,6.4,BDC-6.4-1980-8-18,1980,8,18,48.077,-65.6236,Laminaria digitata,Random,NA,NA,0,0,0
6336,merinov_gosl,Gulf of Saint Lawrence,BDC,6.4,BDC-6.4-1980-8-18,1980,8,18,48.077,-65.6236,Saccharina latissima,Random,NA,NA,NA,NA,5.569
6337,merinov_gosl,Gulf of Saint Lawrence,BDC,4.9,BDC-4.9-1980-8-18,1980,8,18,48.0774,-65.6234,Laminaria digitata,Random,NA,NA,0,0,0
6338,merinov_gosl,Gulf of Saint Lawrence,BDC,4.9,BDC-4.9-1980-8-18,1980,8,18,48.0774,-65.6234,Saccharina latissima,Random,NA,NA,NA,NA,1.553
6339,merinov_gosl,Gulf of Saint Lawrence,BDC,4.8,BDC-4.8-1980-8-18,1980,8,18,48.0778,-65.6231,Laminaria digitata,Random,NA,NA,8,8,0.009
6340,merinov_gosl,Gulf of Saint Lawrence,BDC,4.8,BDC-4.8-1980-8-18,1980,8,18,48.0778,-65.6231,Saccharina latissima,Random,NA,NA,NA,NA,2.487
6341,merinov_gosl,Gulf of Saint Lawrence,BDC,3.9,BDC-3.9-1980-8-18,1980,8,18,48.0782,-65.6228,Laminaria digitata,Random,NA,NA,15,15,0.016
6342,merinov_gosl,Gulf of Saint Lawrence,BDC,3.9,BDC-3.9-1980-8-18,1980,8,18,48.0782,-65.6228,Saccharina latissima,Random,NA,NA,NA,NA,1.687
6343,merinov_gosl,Gulf of Saint Lawrence,BDC,3.8,BDC-3.8-1980-8-18,1980,8,18,48.0786,-65.6225,Laminaria digitata,Random,NA,NA,0,0,0
6344,merinov_gosl,Gulf of Saint Lawrence,BDC,3.8,BDC-3.8-1980-8-18,1980,8,18,48.0786,-65.6225,Saccharina latissima,Random,NA,NA,NA,NA,1.333
6345,merinov_gosl,Gulf of Saint Lawrence,BDC,1.5,BDC-1.5-1980-8-18,1980,8,18,48.079,-65.6223,Laminaria digitata,Random,NA,NA,7,7,0.169
6346,merinov_gosl,Gulf of Saint Lawrence,BDC,1.5,BDC-1.5-1980-8-18,1980,8,18,48.079,-65.6223,Saccharina latissima,Random,NA,NA,NA,NA,1.477
6347,merinov_gosl,Gulf of Saint Lawrence,BDC,1.9,BDC-1.9-1980-8-18,1980,8,18,48.0795,-65.622,Laminaria digitata,Random,NA,NA,0,0,0
6348,merinov_gosl,Gulf of Saint Lawrence,BDC,1.9,BDC-1.9-1980-8-18,1980,8,18,48.0795,-65.622,Saccharina latissima,Random,NA,NA,NA,NA,0.543
6349,merinov_gosl,Gulf of Saint Lawrence,BDC,8.2,BDC-8.2-1980-8-21,1980,8,21,48.0831,-65.6403,Laminaria digitata,Random,NA,NA,0,0,0
6350,merinov_gosl,Gulf of Saint Lawrence,BDC,8.2,BDC-8.2-1980-8-21,1980,8,21,48.0831,-65.6403,Saccharina latissima,Random,NA,NA,NA,NA,0
6351,merinov_gosl,Gulf of Saint Lawrence,BDC,7.6,BDC-7.6-1980-8-21,1980,8,21,48.0835,-65.64,Laminaria digitata,Random,NA,NA,14,14,0.016
6352,merinov_gosl,Gulf of Saint Lawrence,BDC,7.6,BDC-7.6-1980-8-21,1980,8,21,48.0835,-65.64,Saccharina latissima,Random,NA,NA,NA,NA,2.203
6353,merinov_gosl,Gulf of Saint Lawrence,BDC,6.2,BDC-6.2-1980-8-21,1980,8,21,48.084,-65.6397,Laminaria digitata,Random,NA,NA,5,5,0.001
6354,merinov_gosl,Gulf of Saint Lawrence,BDC,6.2,BDC-6.2-1980-8-21,1980,8,21,48.084,-65.6397,Saccharina latissima,Random,NA,NA,NA,NA,1.473
6355,merinov_gosl,Gulf of Saint Lawrence,BDC,5.1,BDC-5.1-1980-8-21,1980,8,21,48.0844,-65.6394,Laminaria digitata,Random,NA,NA,41,41,0.033
6356,merinov_gosl,Gulf of Saint Lawrence,BDC,5.1,BDC-5.1-1980-8-21,1980,8,21,48.0844,-65.6394,Saccharina latissima,Random,NA,NA,NA,NA,0.226
6357,merinov_gosl,Gulf of Saint Lawrence,BDC,5.2,BDC-5.2-1980-8-21,1980,8,21,48.0848,-65.6392,Laminaria digitata,Random,NA,NA,93,93,0.155
6358,merinov_gosl,Gulf of Saint Lawrence,BDC,5.2,BDC-5.2-1980-8-21,1980,8,21,48.0848,-65.6392,Saccharina latissima,Random,NA,NA,NA,NA,1.627
6359,merinov_gosl,Gulf of Saint Lawrence,BDC,4.7,BDC-4.7-1980-8-21,1980,8,21,48.0852,-65.6389,Laminaria digitata,Random,NA,NA,0,0,0
6360,merinov_gosl,Gulf of Saint Lawrence,BDC,4.7,BDC-4.7-1980-8-21,1980,8,21,48.0852,-65.6389,Saccharina latissima,Random,NA,NA,NA,NA,2.91
6361,merinov_gosl,Gulf of Saint Lawrence,BDC,3.1,BDC-3.1-1980-8-21,1980,8,21,48.0856,-65.6386,Laminaria digitata,Random,NA,NA,2,2,0.002
6362,merinov_gosl,Gulf of Saint Lawrence,BDC,3.1,BDC-3.1-1980-8-21,1980,8,21,48.0856,-65.6386,Saccharina latissima,Random,NA,NA,NA,NA,0.672
6363,merinov_gosl,Gulf of Saint Lawrence,BDC,1.2,BDC-1.2-1980-8-21,1980,8,21,48.086,-65.6383,Laminaria digitata,Random,NA,NA,44,44,0.041
6364,merinov_gosl,Gulf of Saint Lawrence,BDC,1.2,BDC-1.2-1980-8-21,1980,8,21,48.086,-65.6383,Saccharina latissima,Random,NA,NA,NA,NA,0
6365,merinov_gosl,Gulf of Saint Lawrence,BDC,0,BDC-0-1980-8-21,1980,8,21,48.0864,-65.6381,Laminaria digitata,Random,NA,NA,10,10,0.004
6366,merinov_gosl,Gulf of Saint Lawrence,BDC,0,BDC-0-1980-8-21,1980,8,21,48.0864,-65.6381,Saccharina latissima,Random,NA,NA,NA,NA,0.022
6367,merinov_gosl,Gulf of Saint Lawrence,BDC,12.4,BDC-12.4-1980-8-22,1980,8,22,48.0966,-65.6952,Laminaria digitata,Random,NA,NA,0,0,0
6368,merinov_gosl,Gulf of Saint Lawrence,BDC,12.4,BDC-12.4-1980-8-22,1980,8,22,48.0966,-65.6952,Saccharina latissima,Random,NA,NA,NA,NA,0
6369,merinov_gosl,Gulf of Saint Lawrence,BDC,11.8,BDC-11.8-1980-8-22,1980,8,22,48.0971,-65.695,Laminaria digitata,Random,NA,NA,3,3,0.002
6370,merinov_gosl,Gulf of Saint Lawrence,BDC,11.8,BDC-11.8-1980-8-22,1980,8,22,48.0971,-65.695,Saccharina latissima,Random,NA,NA,NA,NA,0.111
6371,merinov_gosl,Gulf of Saint Lawrence,BDC,15.4,BDC-15.4-1980-8-28,1980,8,28,48.0972,-65.7164,Laminaria digitata,Random,NA,NA,0,0,0
6372,merinov_gosl,Gulf of Saint Lawrence,BDC,15.4,BDC-15.4-1980-8-28,1980,8,28,48.0972,-65.7164,Saccharina latissima,Random,NA,NA,NA,NA,0
6373,merinov_gosl,Gulf of Saint Lawrence,BDC,11,BDC-11-1980-8-22,1980,8,22,48.0975,-65.6948,Laminaria digitata,Random,NA,NA,0,0,0
6374,merinov_gosl,Gulf of Saint Lawrence,BDC,11,BDC-11-1980-8-22,1980,8,22,48.0975,-65.6948,Saccharina latissima,Random,NA,NA,NA,NA,0
6375,merinov_gosl,Gulf of Saint Lawrence,BDC,14.8,BDC-14.8-1980-8-28,1980,8,28,48.0976,-65.7162,Laminaria digitata,Random,NA,NA,1,1,0.003
6376,merinov_gosl,Gulf of Saint Lawrence,BDC,14.8,BDC-14.8-1980-8-28,1980,8,28,48.0976,-65.7162,Saccharina latissima,Random,NA,NA,NA,NA,0
6377,merinov_gosl,Gulf of Saint Lawrence,BDC,10.1,BDC-10.1-1980-8-22,1980,8,22,48.0979,-65.6946,Laminaria digitata,Random,NA,NA,2,2,0.004
6378,merinov_gosl,Gulf of Saint Lawrence,BDC,10.1,BDC-10.1-1980-8-22,1980,8,22,48.0979,-65.6946,Saccharina latissima,Random,NA,NA,NA,NA,0.396
6379,merinov_gosl,Gulf of Saint Lawrence,BDC,13,BDC-13-1980-8-28,1980,8,28,48.098,-65.716,Laminaria digitata,Random,NA,NA,0,0,0
6380,merinov_gosl,Gulf of Saint Lawrence,BDC,13,BDC-13-1980-8-28,1980,8,28,48.098,-65.716,Saccharina latissima,Random,NA,NA,NA,NA,0
6381,merinov_gosl,Gulf of Saint Lawrence,BDC,NA,BDC-NA-1980-8-22,1980,8,22,48.0984,-65.6944,Laminaria digitata,Random,NA,NA,2,2,0.013
6382,merinov_gosl,Gulf of Saint Lawrence,BDC,NA,BDC-NA-1980-8-22,1980,8,22,48.0984,-65.6944,Saccharina latissima,Random,NA,NA,NA,NA,1.384
6383,merinov_gosl,Gulf of Saint Lawrence,BDC,12.3,BDC-12.3-1980-8-28,1980,8,28,48.0985,-65.7158,Laminaria digitata,Random,NA,NA,0,0,0
6384,merinov_gosl,Gulf of Saint Lawrence,BDC,12.3,BDC-12.3-1980-8-28,1980,8,28,48.0985,-65.7158,Saccharina latissima,Random,NA,NA,NA,NA,0
6385,merinov_gosl,Gulf of Saint Lawrence,BDC,8.4,BDC-8.4-1980-8-22,1980,8,22,48.0988,-65.6941,Laminaria digitata,Random,NA,NA,0,0,0
6386,merinov_gosl,Gulf of Saint Lawrence,BDC,8.4,BDC-8.4-1980-8-22,1980,8,22,48.0988,-65.6941,Saccharina latissima,Random,NA,NA,NA,NA,2.061
6387,merinov_gosl,Gulf of Saint Lawrence,BDC,10.8,BDC-10.8-1980-8-28,1980,8,28,48.0989,-65.7156,Laminaria digitata,Random,NA,NA,1,1,0.019
6388,merinov_gosl,Gulf of Saint Lawrence,BDC,10.8,BDC-10.8-1980-8-28,1980,8,28,48.0989,-65.7156,Saccharina latissima,Random,NA,NA,NA,NA,0.166
6389,merinov_gosl,Gulf of Saint Lawrence,BDC,7.1,BDC-7.1-1980-8-22,1980,8,22,48.0992,-65.6939,Laminaria digitata,Random,NA,NA,0,0,0
6390,merinov_gosl,Gulf of Saint Lawrence,BDC,7.1,BDC-7.1-1980-8-22,1980,8,22,48.0992,-65.6939,Saccharina latissima,Random,NA,NA,NA,NA,0.533
6391,merinov_gosl,Gulf of Saint Lawrence,BDC,10.2,BDC-10.2-1980-8-28,1980,8,28,48.0993,-65.7154,Laminaria digitata,Random,NA,NA,2,2,0.043
6392,merinov_gosl,Gulf of Saint Lawrence,BDC,10.2,BDC-10.2-1980-8-28,1980,8,28,48.0993,-65.7154,Saccharina latissima,Random,NA,NA,NA,NA,0.909
6393,merinov_gosl,Gulf of Saint Lawrence,BDC,7.9,BDC-7.9-1980-8-22,1980,8,22,48.0996,-65.6937,Laminaria digitata,Random,NA,NA,0,0,0
6394,merinov_gosl,Gulf of Saint Lawrence,BDC,7.9,BDC-7.9-1980-8-22,1980,8,22,48.0996,-65.6937,Saccharina latissima,Random,NA,NA,NA,NA,0.631
6395,merinov_gosl,Gulf of Saint Lawrence,BDC,10,BDC-10-1980-8-28,1980,8,28,48.0997,-65.7152,Laminaria digitata,Random,NA,NA,0,0,0
6396,merinov_gosl,Gulf of Saint Lawrence,BDC,10,BDC-10-1980-8-28,1980,8,28,48.0997,-65.7152,Saccharina latissima,Random,NA,NA,NA,NA,0.066
6397,merinov_gosl,Gulf of Saint Lawrence,BDC,7.5,BDC-7.5-1980-8-22,1980,8,22,48.1001,-65.6935,Laminaria digitata,Random,NA,NA,0,0,0
6398,merinov_gosl,Gulf of Saint Lawrence,BDC,7.5,BDC-7.5-1980-8-22,1980,8,22,48.1001,-65.6935,Saccharina latissima,Random,NA,NA,NA,NA,0.745
6399,merinov_gosl,Gulf of Saint Lawrence,BDC,8.5,BDC-8.5-1980-8-28,1980,8,28,48.1002,-65.715,Laminaria digitata,Random,NA,NA,0,0,0
6400,merinov_gosl,Gulf of Saint Lawrence,BDC,8.5,BDC-8.5-1980-8-28,1980,8,28,48.1002,-65.715,Saccharina latissima,Random,NA,NA,NA,NA,2.541
6401,merinov_gosl,Gulf of Saint Lawrence,BDC,7.4,BDC-7.4-1980-8-22,1980,8,22,48.1005,-65.6933,Laminaria digitata,Random,NA,NA,1,1,0.001
6402,merinov_gosl,Gulf of Saint Lawrence,BDC,7.4,BDC-7.4-1980-8-22,1980,8,22,48.1005,-65.6933,Saccharina latissima,Random,NA,NA,NA,NA,1.24
6403,merinov_gosl,Gulf of Saint Lawrence,BDC,9.4,BDC-9.4-1980-8-28,1980,8,28,48.1006,-65.7148,Laminaria digitata,Random,NA,NA,0,0,0
6404,merinov_gosl,Gulf of Saint Lawrence,BDC,9.4,BDC-9.4-1980-8-28,1980,8,28,48.1006,-65.7148,Saccharina latissima,Random,NA,NA,NA,NA,0.106
6405,merinov_gosl,Gulf of Saint Lawrence,BDC,6.2,BDC-6.2-1980-8-22,1980,8,22,48.1009,-65.6931,Laminaria digitata,Random,NA,NA,1,1,0.002
6406,merinov_gosl,Gulf of Saint Lawrence,BDC,6.2,BDC-6.2-1980-8-22,1980,8,22,48.1009,-65.6931,Saccharina latissima,Random,NA,NA,NA,NA,2.853
6407,merinov_gosl,Gulf of Saint Lawrence,BDC,8.3,BDC-8.3-1980-8-28,1980,8,28,48.101,-65.7146,Laminaria digitata,Random,NA,NA,0,0,0
6408,merinov_gosl,Gulf of Saint Lawrence,BDC,8.3,BDC-8.3-1980-8-28,1980,8,28,48.101,-65.7146,Saccharina latissima,Random,NA,NA,NA,NA,2.104
6409,merinov_gosl,Gulf of Saint Lawrence,BDC,5.5,BDC-5.5-1980-8-22,1980,8,22,48.1013,-65.6929,Laminaria digitata,Random,NA,NA,5,5,0.001
6410,merinov_gosl,Gulf of Saint Lawrence,BDC,5.5,BDC-5.5-1980-8-22,1980,8,22,48.1013,-65.6929,Saccharina latissima,Random,NA,NA,NA,NA,0.733
6411,merinov_gosl,Gulf of Saint Lawrence,BDC,8.5,BDC-8.5-1980-8-28,1980,8,28,48.1015,-65.7145,Laminaria digitata,Random,NA,NA,0,0,0
6412,merinov_gosl,Gulf of Saint Lawrence,BDC,8.5,BDC-8.5-1980-8-28,1980,8,28,48.1015,-65.7145,Saccharina latissima,Random,NA,NA,NA,NA,1.322
6413,merinov_gosl,Gulf of Saint Lawrence,BDC,5.1,BDC-5.1-1980-8-22,1980,8,22,48.1018,-65.6927,Laminaria digitata,Random,NA,NA,12,12,0.247
6414,merinov_gosl,Gulf of Saint Lawrence,BDC,5.1,BDC-5.1-1980-8-22,1980,8,22,48.1018,-65.6927,Saccharina latissima,Random,NA,NA,NA,NA,1.535
6415,merinov_gosl,Gulf of Saint Lawrence,BDC,6.9,BDC-6.9-1980-8-28,1980,8,28,48.1019,-65.7143,Laminaria digitata,Random,NA,NA,1,1,0.012
6416,merinov_gosl,Gulf of Saint Lawrence,BDC,6.9,BDC-6.9-1980-8-28,1980,8,28,48.1019,-65.7143,Saccharina latissima,Random,NA,NA,NA,NA,1.645
6417,merinov_gosl,Gulf of Saint Lawrence,BDC,3.9,BDC-3.9-1980-8-22,1980,8,22,48.1022,-65.6925,Laminaria digitata,Random,NA,NA,146,146,0.071
6418,merinov_gosl,Gulf of Saint Lawrence,BDC,3.9,BDC-3.9-1980-8-22,1980,8,22,48.1022,-65.6925,Saccharina latissima,Random,NA,NA,NA,NA,0
6419,merinov_gosl,Gulf of Saint Lawrence,BDC,8.9,BDC-8.9-1980-8-28,1980,8,28,48.1023,-65.7141,Laminaria digitata,Random,NA,NA,0,0,0
6420,merinov_gosl,Gulf of Saint Lawrence,BDC,8.9,BDC-8.9-1980-8-28,1980,8,28,48.1023,-65.7141,Saccharina latissima,Random,NA,NA,NA,NA,3.441
6421,merinov_gosl,Gulf of Saint Lawrence,BDC,2.1,BDC-2.1-1980-8-22,1980,8,22,48.1026,-65.6923,Laminaria digitata,Random,NA,NA,6,6,0.026
6422,merinov_gosl,Gulf of Saint Lawrence,BDC,2.1,BDC-2.1-1980-8-22,1980,8,22,48.1026,-65.6923,Saccharina latissima,Random,NA,NA,NA,NA,0
6423,merinov_gosl,Gulf of Saint Lawrence,BDC,8.3,BDC-8.3-1980-8-28,1980,8,28,48.1028,-65.7139,Laminaria digitata,Random,NA,NA,0,0,0
6424,merinov_gosl,Gulf of Saint Lawrence,BDC,8.3,BDC-8.3-1980-8-28,1980,8,28,48.1028,-65.7139,Saccharina latissima,Random,NA,NA,NA,NA,1.532
6425,merinov_gosl,Gulf of Saint Lawrence,BDC,1,BDC-1-1980-8-22,1980,8,22,48.1031,-65.6921,Laminaria digitata,Random,NA,NA,2,2,0.005
6426,merinov_gosl,Gulf of Saint Lawrence,BDC,1,BDC-1-1980-8-22,1980,8,22,48.1031,-65.6921,Saccharina latissima,Random,NA,NA,NA,NA,0.058
6427,merinov_gosl,Gulf of Saint Lawrence,BDC,6.9,BDC-6.9-1980-8-28,1980,8,28,48.1032,-65.7137,Laminaria digitata,Random,NA,NA,0,0,0
6428,merinov_gosl,Gulf of Saint Lawrence,BDC,6.9,BDC-6.9-1980-8-28,1980,8,28,48.1032,-65.7137,Saccharina latissima,Random,NA,NA,NA,NA,0.909
6429,merinov_gosl,Gulf of Saint Lawrence,BDC,0.6,BDC-0.6-1980-8-22,1980,8,22,48.1035,-65.6919,Laminaria digitata,Random,NA,NA,31,31,0.058
6430,merinov_gosl,Gulf of Saint Lawrence,BDC,0.6,BDC-0.6-1980-8-22,1980,8,22,48.1035,-65.6919,Saccharina latissima,Random,NA,NA,NA,NA,0
6431,merinov_gosl,Gulf of Saint Lawrence,BDC,7.4,BDC-7.4-1980-8-28,1980,8,28,48.1036,-65.7135,Laminaria digitata,Random,NA,NA,0,0,0
6432,merinov_gosl,Gulf of Saint Lawrence,BDC,7.4,BDC-7.4-1980-8-28,1980,8,28,48.1036,-65.7135,Saccharina latissima,Random,NA,NA,NA,NA,0.923
6433,merinov_gosl,Gulf of Saint Lawrence,BDC,5.5,BDC-5.5-1980-8-28,1980,8,28,48.104,-65.7133,Laminaria digitata,Random,NA,NA,0,0,0
6434,merinov_gosl,Gulf of Saint Lawrence,BDC,5.5,BDC-5.5-1980-8-28,1980,8,28,48.104,-65.7133,Saccharina latissima,Random,NA,NA,NA,NA,2.214
6435,merinov_gosl,Gulf of Saint Lawrence,BDC,4.9,BDC-4.9-1980-8-28,1980,8,28,48.1045,-65.7131,Laminaria digitata,Random,NA,NA,0,0,0
6436,merinov_gosl,Gulf of Saint Lawrence,BDC,4.9,BDC-4.9-1980-8-28,1980,8,28,48.1045,-65.7131,Saccharina latissima,Random,NA,NA,NA,NA,7.708
6437,merinov_gosl,Gulf of Saint Lawrence,BDC,4.9,BDC-4.9-1980-8-28,1980,8,28,48.1049,-65.7129,Laminaria digitata,Random,NA,NA,0,0,0
6438,merinov_gosl,Gulf of Saint Lawrence,BDC,4.9,BDC-4.9-1980-8-28,1980,8,28,48.1049,-65.7129,Saccharina latissima,Random,NA,NA,NA,NA,1.021
6439,merinov_gosl,Gulf of Saint Lawrence,BDC,4.8,BDC-4.8-1980-8-28,1980,8,28,48.1053,-65.7127,Laminaria digitata,Random,NA,NA,0,0,0
6440,merinov_gosl,Gulf of Saint Lawrence,BDC,4.8,BDC-4.8-1980-8-28,1980,8,28,48.1053,-65.7127,Saccharina latissima,Random,NA,NA,NA,NA,0
6441,merinov_gosl,Gulf of Saint Lawrence,BDC,4,BDC-4-1980-8-28,1980,8,28,48.1058,-65.7125,Laminaria digitata,Random,NA,NA,0,0,0
6442,merinov_gosl,Gulf of Saint Lawrence,BDC,4,BDC-4-1980-8-28,1980,8,28,48.1058,-65.7125,Saccharina latissima,Random,NA,NA,NA,NA,5.579
6443,merinov_gosl,Gulf of Saint Lawrence,BDC,4.1,BDC-4.1-1980-8-28,1980,8,28,48.1062,-65.7123,Laminaria digitata,Random,NA,NA,18,18,0.117
6444,merinov_gosl,Gulf of Saint Lawrence,BDC,4.1,BDC-4.1-1980-8-28,1980,8,28,48.1062,-65.7123,Saccharina latissima,Random,NA,NA,NA,NA,7.244
6445,merinov_gosl,Gulf of Saint Lawrence,BDC,3.5,BDC-3.5-1980-8-28,1980,8,28,48.1066,-65.7121,Laminaria digitata,Random,NA,NA,0,0,0
6446,merinov_gosl,Gulf of Saint Lawrence,BDC,3.5,BDC-3.5-1980-8-28,1980,8,28,48.1066,-65.7121,Saccharina latissima,Random,NA,NA,NA,NA,0
6447,merinov_gosl,Gulf of Saint Lawrence,BDC,2.6,BDC-2.6-1980-8-28,1980,8,28,48.1071,-65.7119,Laminaria digitata,Random,NA,NA,12,12,0.013
6448,merinov_gosl,Gulf of Saint Lawrence,BDC,2.6,BDC-2.6-1980-8-28,1980,8,28,48.1071,-65.7119,Saccharina latissima,Random,NA,NA,NA,NA,2.936
6449,merinov_gosl,Gulf of Saint Lawrence,BDC,1.7,BDC-1.7-1980-8-28,1980,8,28,48.1075,-65.7117,Laminaria digitata,Random,NA,NA,37,37,0.088
6450,merinov_gosl,Gulf of Saint Lawrence,BDC,1.7,BDC-1.7-1980-8-28,1980,8,28,48.1075,-65.7117,Saccharina latissima,Random,NA,NA,NA,NA,0.597
6451,merinov_gosl,Gulf of Saint Lawrence,BDC,10.5,BDC-10.5-1980-9-26,1980,9,26,48.0504,-65.5451,Laminaria digitata,Random,NA,NA,0,0,0
6452,merinov_gosl,Gulf of Saint Lawrence,BDC,10.5,BDC-10.5-1980-9-26,1980,9,26,48.0504,-65.5451,Saccharina latissima,Random,NA,NA,NA,NA,0
6453,merinov_gosl,Gulf of Saint Lawrence,BDC,10.2,BDC-10.2-1980-9-26,1980,9,26,48.0508,-65.5448,Laminaria digitata,Random,NA,NA,0,0,0
6454,merinov_gosl,Gulf of Saint Lawrence,BDC,10.2,BDC-10.2-1980-9-26,1980,9,26,48.0508,-65.5448,Saccharina latissima,Random,NA,NA,NA,NA,0
6455,merinov_gosl,Gulf of Saint Lawrence,BDC,9.6,BDC-9.6-1980-9-26,1980,9,26,48.0512,-65.5445,Laminaria digitata,Random,NA,NA,1,1,0.001
6456,merinov_gosl,Gulf of Saint Lawrence,BDC,9.6,BDC-9.6-1980-9-26,1980,9,26,48.0512,-65.5445,Saccharina latissima,Random,NA,NA,NA,NA,0
6457,merinov_gosl,Gulf of Saint Lawrence,BDC,9.3,BDC-9.3-1980-9-26,1980,9,26,48.0516,-65.5443,Laminaria digitata,Random,NA,NA,1,1,0.001
6458,merinov_gosl,Gulf of Saint Lawrence,BDC,9.3,BDC-9.3-1980-9-26,1980,9,26,48.0516,-65.5443,Saccharina latissima,Random,NA,NA,NA,NA,0.082
6459,merinov_gosl,Gulf of Saint Lawrence,BDC,8.8,BDC-8.8-1980-9-26,1980,9,26,48.0521,-65.544,Laminaria digitata,Random,NA,NA,3,3,0.001
6460,merinov_gosl,Gulf of Saint Lawrence,BDC,8.8,BDC-8.8-1980-9-26,1980,9,26,48.0521,-65.544,Saccharina latissima,Random,NA,NA,NA,NA,0.11
6461,merinov_gosl,Gulf of Saint Lawrence,BDC,8.6,BDC-8.6-1980-9-26,1980,9,26,48.0525,-65.5437,Laminaria digitata,Random,NA,NA,0,0,0
6462,merinov_gosl,Gulf of Saint Lawrence,BDC,8.6,BDC-8.6-1980-9-26,1980,9,26,48.0525,-65.5437,Saccharina latissima,Random,NA,NA,NA,NA,4.082
6463,merinov_gosl,Gulf of Saint Lawrence,BDC,8.6,BDC-8.6-1980-9-26,1980,9,26,48.0529,-65.5435,Laminaria digitata,Random,NA,NA,3,3,0.002
6464,merinov_gosl,Gulf of Saint Lawrence,BDC,8.6,BDC-8.6-1980-9-26,1980,9,26,48.0529,-65.5435,Saccharina latissima,Random,NA,NA,NA,NA,0.606
6465,merinov_gosl,Gulf of Saint Lawrence,BDC,8.6,BDC-8.6-1980-9-26,1980,9,26,48.0533,-65.5432,Laminaria digitata,Random,NA,NA,5,5,0.005
6466,merinov_gosl,Gulf of Saint Lawrence,BDC,8.6,BDC-8.6-1980-9-26,1980,9,26,48.0533,-65.5432,Saccharina latissima,Random,NA,NA,NA,NA,0
6467,merinov_gosl,Gulf of Saint Lawrence,BDC,8,BDC-8-1980-9-26,1980,9,26,48.0537,-65.543,Laminaria digitata,Random,NA,NA,9,9,0.002
6468,merinov_gosl,Gulf of Saint Lawrence,BDC,8,BDC-8-1980-9-26,1980,9,26,48.0537,-65.543,Saccharina latissima,Random,NA,NA,NA,NA,0.064
6469,merinov_gosl,Gulf of Saint Lawrence,BDC,7.6,BDC-7.6-1980-9-26,1980,9,26,48.0541,-65.5427,Laminaria digitata,Random,NA,NA,0,0,0
6470,merinov_gosl,Gulf of Saint Lawrence,BDC,7.6,BDC-7.6-1980-9-26,1980,9,26,48.0541,-65.5427,Saccharina latissima,Random,NA,NA,NA,NA,2.439
6471,merinov_gosl,Gulf of Saint Lawrence,BDC,7.1,BDC-7.1-1980-9-26,1980,9,26,48.0545,-65.5424,Laminaria digitata,Random,NA,NA,0,0,0
6472,merinov_gosl,Gulf of Saint Lawrence,BDC,7.1,BDC-7.1-1980-9-26,1980,9,26,48.0545,-65.5424,Saccharina latissima,Random,NA,NA,NA,NA,9.925
6473,merinov_gosl,Gulf of Saint Lawrence,BDC,7.3,BDC-7.3-1980-9-26,1980,9,26,48.055,-65.5422,Laminaria digitata,Random,NA,NA,0,0,0
6474,merinov_gosl,Gulf of Saint Lawrence,BDC,7.3,BDC-7.3-1980-9-26,1980,9,26,48.055,-65.5422,Saccharina latissima,Random,NA,NA,NA,NA,1.363
6475,merinov_gosl,Gulf of Saint Lawrence,BDC,7,BDC-7-1980-9-26,1980,9,26,48.0554,-65.5419,Laminaria digitata,Random,NA,NA,8,8,0.01
6476,merinov_gosl,Gulf of Saint Lawrence,BDC,7,BDC-7-1980-9-26,1980,9,26,48.0554,-65.5419,Saccharina latissima,Random,NA,NA,NA,NA,0
6477,merinov_gosl,Gulf of Saint Lawrence,BDC,6.9,BDC-6.9-1980-9-26,1980,9,26,48.0558,-65.5416,Laminaria digitata,Random,NA,NA,9,9,0.006
6478,merinov_gosl,Gulf of Saint Lawrence,BDC,6.9,BDC-6.9-1980-9-26,1980,9,26,48.0558,-65.5416,Saccharina latissima,Random,NA,NA,NA,NA,1.72
6479,merinov_gosl,Gulf of Saint Lawrence,BDC,9.9,BDC-9.9-1980-9-19,1980,9,19,48.056,-65.5616,Laminaria digitata,Random,NA,NA,0,0,0
6480,merinov_gosl,Gulf of Saint Lawrence,BDC,9.9,BDC-9.9-1980-9-19,1980,9,19,48.056,-65.5616,Saccharina latissima,Random,NA,NA,NA,NA,0
6481,merinov_gosl,Gulf of Saint Lawrence,BDC,6.6,BDC-6.6-1980-9-26,1980,9,26,48.0562,-65.5414,Laminaria digitata,Random,NA,NA,0,0,0
6482,merinov_gosl,Gulf of Saint Lawrence,BDC,6.6,BDC-6.6-1980-9-26,1980,9,26,48.0562,-65.5414,Saccharina latissima,Random,NA,NA,NA,NA,0.369
6483,merinov_gosl,Gulf of Saint Lawrence,BDC,9.5,BDC-9.5-1980-9-19,1980,9,19,48.0564,-65.5614,Laminaria digitata,Random,NA,NA,0,0,0
6484,merinov_gosl,Gulf of Saint Lawrence,BDC,9.5,BDC-9.5-1980-9-19,1980,9,19,48.0564,-65.5614,Saccharina latissima,Random,NA,NA,NA,NA,0
6485,merinov_gosl,Gulf of Saint Lawrence,BDC,6,BDC-6-1980-9-26,1980,9,26,48.0566,-65.5411,Laminaria digitata,Random,NA,NA,0,0,0
6486,merinov_gosl,Gulf of Saint Lawrence,BDC,6,BDC-6-1980-9-26,1980,9,26,48.0566,-65.5411,Saccharina latissima,Random,NA,NA,NA,NA,0
6487,merinov_gosl,Gulf of Saint Lawrence,BDC,9.6,BDC-9.6-1980-9-19,1980,9,19,48.0569,-65.5613,Laminaria digitata,Random,NA,NA,3,3,0.001
6488,merinov_gosl,Gulf of Saint Lawrence,BDC,9.6,BDC-9.6-1980-9-19,1980,9,19,48.0569,-65.5613,Saccharina latissima,Random,NA,NA,NA,NA,0
6489,merinov_gosl,Gulf of Saint Lawrence,BDC,5.9,BDC-5.9-1980-9-26,1980,9,26,48.057,-65.5409,Laminaria digitata,Random,NA,NA,0,0,0
6490,merinov_gosl,Gulf of Saint Lawrence,BDC,5.9,BDC-5.9-1980-9-26,1980,9,26,48.057,-65.5409,Saccharina latissima,Random,NA,NA,NA,NA,1.447
6491,merinov_gosl,Gulf of Saint Lawrence,BDC,9.5,BDC-9.5-1980-9-19,1980,9,19,48.0573,-65.5612,Laminaria digitata,Random,NA,NA,1,1,0.001
6492,merinov_gosl,Gulf of Saint Lawrence,BDC,9.5,BDC-9.5-1980-9-19,1980,9,19,48.0573,-65.5612,Saccharina latissima,Random,NA,NA,NA,NA,0
6493,merinov_gosl,Gulf of Saint Lawrence,BDC,6.8,BDC-6.8-1980-9-26,1980,9,26,48.0574,-65.5406,Laminaria digitata,Random,NA,NA,0,0,0
6494,merinov_gosl,Gulf of Saint Lawrence,BDC,6.8,BDC-6.8-1980-9-26,1980,9,26,48.0574,-65.5406,Saccharina latissima,Random,NA,NA,NA,NA,0.054
6495,merinov_gosl,Gulf of Saint Lawrence,BDC,9,BDC-9-1980-9-19,1980,9,19,48.0578,-65.5611,Laminaria digitata,Random,NA,NA,7,7,0.005
6496,merinov_gosl,Gulf of Saint Lawrence,BDC,9,BDC-9-1980-9-19,1980,9,19,48.0578,-65.5611,Saccharina latissima,Random,NA,NA,NA,NA,1.28
6497,merinov_gosl,Gulf of Saint Lawrence,BDC,7,BDC-7-1980-9-26,1980,9,26,48.0579,-65.5403,Laminaria digitata,Random,NA,NA,0,0,0
6498,merinov_gosl,Gulf of Saint Lawrence,BDC,7,BDC-7-1980-9-26,1980,9,26,48.0579,-65.5403,Saccharina latissima,Random,NA,NA,NA,NA,0.766
6499,merinov_gosl,Gulf of Saint Lawrence,BDC,9,BDC-9-1980-9-19,1980,9,19,48.0582,-65.561,Laminaria digitata,Random,NA,NA,3,3,0.008
6500,merinov_gosl,Gulf of Saint Lawrence,BDC,9,BDC-9-1980-9-19,1980,9,19,48.0582,-65.561,Saccharina latissima,Random,NA,NA,NA,NA,0.665
6501,merinov_gosl,Gulf of Saint Lawrence,BDC,6.7,BDC-6.7-1980-9-26,1980,9,26,48.0583,-65.5401,Laminaria digitata,Random,NA,NA,1,1,0.001
6502,merinov_gosl,Gulf of Saint Lawrence,BDC,6.7,BDC-6.7-1980-9-26,1980,9,26,48.0583,-65.5401,Saccharina latissima,Random,NA,NA,NA,NA,1.308
6503,merinov_gosl,Gulf of Saint Lawrence,BDC,8.7,BDC-8.7-1980-9-19,1980,9,19,48.0587,-65.5609,Laminaria digitata,Random,NA,NA,4,4,0.008
6504,merinov_gosl,Gulf of Saint Lawrence,BDC,8.7,BDC-8.7-1980-9-19,1980,9,19,48.0587,-65.5609,Saccharina latissima,Random,NA,NA,NA,NA,0
6505,merinov_gosl,Gulf of Saint Lawrence,BDC,6.9,BDC-6.9-1980-9-26,1980,9,26,48.0587,-65.5398,Laminaria digitata,Random,NA,NA,0,0,0
6506,merinov_gosl,Gulf of Saint Lawrence,BDC,6.9,BDC-6.9-1980-9-26,1980,9,26,48.0587,-65.5398,Saccharina latissima,Random,NA,NA,NA,NA,3.151
6507,merinov_gosl,Gulf of Saint Lawrence,BDC,9.7,BDC-9.7-1980-9-19,1980,9,19,48.0591,-65.5607,Laminaria digitata,Random,NA,NA,4,4,0.01
6508,merinov_gosl,Gulf of Saint Lawrence,BDC,9.7,BDC-9.7-1980-9-19,1980,9,19,48.0591,-65.5607,Saccharina latissima,Random,NA,NA,NA,NA,0.236
6509,merinov_gosl,Gulf of Saint Lawrence,BDC,6.8,BDC-6.8-1980-9-26,1980,9,26,48.0591,-65.5395,Laminaria digitata,Random,NA,NA,1,1,0.001
6510,merinov_gosl,Gulf of Saint Lawrence,BDC,6.8,BDC-6.8-1980-9-26,1980,9,26,48.0591,-65.5395,Saccharina latissima,Random,NA,NA,NA,NA,0.052
6511,merinov_gosl,Gulf of Saint Lawrence,BDC,7.5,BDC-7.5-1980-9-26,1980,9,26,48.0595,-65.5393,Laminaria digitata,Random,NA,NA,0,0,0
6512,merinov_gosl,Gulf of Saint Lawrence,BDC,7.5,BDC-7.5-1980-9-26,1980,9,26,48.0595,-65.5393,Saccharina latissima,Random,NA,NA,NA,NA,0.137
6513,merinov_gosl,Gulf of Saint Lawrence,BDC,10.3,BDC-10.3-1980-9-19,1980,9,19,48.0596,-65.5606,Laminaria digitata,Random,NA,NA,5,5,0.025
6514,merinov_gosl,Gulf of Saint Lawrence,BDC,10.3,BDC-10.3-1980-9-19,1980,9,19,48.0596,-65.5606,Saccharina latissima,Random,NA,NA,NA,NA,3.468
6515,merinov_gosl,Gulf of Saint Lawrence,BDC,7,BDC-7-1980-9-26,1980,9,26,48.0599,-65.539,Laminaria digitata,Random,NA,NA,3,3,0.001
6516,merinov_gosl,Gulf of Saint Lawrence,BDC,7,BDC-7-1980-9-26,1980,9,26,48.0599,-65.539,Saccharina latissima,Random,NA,NA,NA,NA,0
6517,merinov_gosl,Gulf of Saint Lawrence,BDC,8.9,BDC-8.9-1980-9-19,1980,9,19,48.06,-65.5605,Laminaria digitata,Random,NA,NA,4,4,0.003
6518,merinov_gosl,Gulf of Saint Lawrence,BDC,8.9,BDC-8.9-1980-9-19,1980,9,19,48.06,-65.5605,Saccharina latissima,Random,NA,NA,NA,NA,0
6519,merinov_gosl,Gulf of Saint Lawrence,BDC,7,BDC-7-1980-9-26,1980,9,26,48.0603,-65.5387,Laminaria digitata,Random,NA,NA,0,0,0
6520,merinov_gosl,Gulf of Saint Lawrence,BDC,7,BDC-7-1980-9-26,1980,9,26,48.0603,-65.5387,Saccharina latissima,Random,NA,NA,NA,NA,5.447
6521,merinov_gosl,Gulf of Saint Lawrence,BDC,8,BDC-8-1980-9-19,1980,9,19,48.0604,-65.5604,Laminaria digitata,Random,NA,NA,2,2,0.001
6522,merinov_gosl,Gulf of Saint Lawrence,BDC,8,BDC-8-1980-9-19,1980,9,19,48.0604,-65.5604,Saccharina latissima,Random,NA,NA,NA,NA,0
6523,merinov_gosl,Gulf of Saint Lawrence,BDC,5.2,BDC-5.2-1980-9-26,1980,9,26,48.0607,-65.5385,Laminaria digitata,Random,NA,NA,0,0,0
6524,merinov_gosl,Gulf of Saint Lawrence,BDC,5.2,BDC-5.2-1980-9-26,1980,9,26,48.0607,-65.5385,Saccharina latissima,Random,NA,NA,NA,NA,4.562
6525,merinov_gosl,Gulf of Saint Lawrence,BDC,7.9,BDC-7.9-1980-9-19,1980,9,19,48.0609,-65.5603,Laminaria digitata,Random,NA,NA,0,0,0
6526,merinov_gosl,Gulf of Saint Lawrence,BDC,7.9,BDC-7.9-1980-9-19,1980,9,19,48.0609,-65.5603,Saccharina latissima,Random,NA,NA,NA,NA,0.026
6527,merinov_gosl,Gulf of Saint Lawrence,BDC,2.9,BDC-2.9-1980-9-26,1980,9,26,48.0612,-65.5382,Laminaria digitata,Random,NA,NA,0,0,0
6528,merinov_gosl,Gulf of Saint Lawrence,BDC,2.9,BDC-2.9-1980-9-26,1980,9,26,48.0612,-65.5382,Saccharina latissima,Random,NA,NA,NA,NA,0
6529,merinov_gosl,Gulf of Saint Lawrence,BDC,8.7,BDC-8.7-1980-9-19,1980,9,19,48.0613,-65.5602,Laminaria digitata,Random,NA,NA,0,0,0
6530,merinov_gosl,Gulf of Saint Lawrence,BDC,8.7,BDC-8.7-1980-9-19,1980,9,19,48.0613,-65.5602,Saccharina latissima,Random,NA,NA,NA,NA,0
6531,merinov_gosl,Gulf of Saint Lawrence,BDC,2.5,BDC-2.5-1980-9-26,1980,9,26,48.0616,-65.538,Laminaria digitata,Random,NA,NA,0,0,0
6532,merinov_gosl,Gulf of Saint Lawrence,BDC,2.5,BDC-2.5-1980-9-26,1980,9,26,48.0616,-65.538,Saccharina latissima,Random,NA,NA,NA,NA,0
6533,merinov_gosl,Gulf of Saint Lawrence,BDC,8.6,BDC-8.6-1980-9-19,1980,9,19,48.0618,-65.56,Laminaria digitata,Random,NA,NA,0,0,0
6534,merinov_gosl,Gulf of Saint Lawrence,BDC,8.6,BDC-8.6-1980-9-19,1980,9,19,48.0618,-65.56,Saccharina latissima,Random,NA,NA,NA,NA,0
6535,merinov_gosl,Gulf of Saint Lawrence,BDC,1.9,BDC-1.9-1980-9-26,1980,9,26,48.062,-65.5377,Laminaria digitata,Random,NA,NA,0,0,0
6536,merinov_gosl,Gulf of Saint Lawrence,BDC,1.9,BDC-1.9-1980-9-26,1980,9,26,48.062,-65.5377,Saccharina latissima,Random,NA,NA,NA,NA,0
6537,merinov_gosl,Gulf of Saint Lawrence,BDC,6.2,BDC-6.2-1980-9-19,1980,9,19,48.0622,-65.5599,Laminaria digitata,Random,NA,NA,0,0,0
6538,merinov_gosl,Gulf of Saint Lawrence,BDC,6.2,BDC-6.2-1980-9-19,1980,9,19,48.0622,-65.5599,Saccharina latissima,Random,NA,NA,NA,NA,0
6539,merinov_gosl,Gulf of Saint Lawrence,BDC,1.1,BDC-1.1-1980-9-26,1980,9,26,48.0624,-65.5374,Laminaria digitata,Random,NA,NA,0,0,0
6540,merinov_gosl,Gulf of Saint Lawrence,BDC,1.1,BDC-1.1-1980-9-26,1980,9,26,48.0624,-65.5374,Saccharina latissima,Random,NA,NA,NA,NA,0
6541,merinov_gosl,Gulf of Saint Lawrence,BDC,6.1,BDC-6.1-1980-9-19,1980,9,19,48.0627,-65.5598,Laminaria digitata,Random,NA,NA,0,0,0
6542,merinov_gosl,Gulf of Saint Lawrence,BDC,6.1,BDC-6.1-1980-9-19,1980,9,19,48.0627,-65.5598,Saccharina latissima,Random,NA,NA,NA,NA,0
6543,merinov_gosl,Gulf of Saint Lawrence,BDC,6.1,BDC-6.1-1980-9-19,1980,9,19,48.0631,-65.5597,Laminaria digitata,Random,NA,NA,0,0,0
6544,merinov_gosl,Gulf of Saint Lawrence,BDC,6.1,BDC-6.1-1980-9-19,1980,9,19,48.0631,-65.5597,Saccharina latissima,Random,NA,NA,NA,NA,0.042
6545,merinov_gosl,Gulf of Saint Lawrence,BDC,6,BDC-6-1980-9-19,1980,9,19,48.0635,-65.5596,Laminaria digitata,Random,NA,NA,3,3,0.002
6546,merinov_gosl,Gulf of Saint Lawrence,BDC,6,BDC-6-1980-9-19,1980,9,19,48.0635,-65.5596,Saccharina latissima,Random,NA,NA,NA,NA,0
6547,merinov_gosl,Gulf of Saint Lawrence,BDC,12.4,BDC-12.4-1980-9-15,1980,9,15,48.0666,-65.5858,Laminaria digitata,Random,NA,NA,0,0,0
6548,merinov_gosl,Gulf of Saint Lawrence,BDC,12.4,BDC-12.4-1980-9-15,1980,9,15,48.0666,-65.5858,Saccharina latissima,Random,NA,NA,NA,NA,0
6549,merinov_gosl,Gulf of Saint Lawrence,BDC,11.7,BDC-11.7-1980-9-15,1980,9,15,48.0671,-65.5857,Laminaria digitata,Random,NA,NA,5,5,0.002
6550,merinov_gosl,Gulf of Saint Lawrence,BDC,11.7,BDC-11.7-1980-9-15,1980,9,15,48.0671,-65.5857,Saccharina latissima,Random,NA,NA,NA,NA,0.267
6551,merinov_gosl,Gulf of Saint Lawrence,BDC,10.6,BDC-10.6-1980-9-15,1980,9,15,48.0675,-65.5855,Laminaria digitata,Random,NA,NA,2,2,0.001
6552,merinov_gosl,Gulf of Saint Lawrence,BDC,10.6,BDC-10.6-1980-9-15,1980,9,15,48.0675,-65.5855,Saccharina latissima,Random,NA,NA,NA,NA,0.02
6553,merinov_gosl,Gulf of Saint Lawrence,BDC,10,BDC-10-1980-9-15,1980,9,15,48.068,-65.5854,Laminaria digitata,Random,NA,NA,2,2,0.003
6554,merinov_gosl,Gulf of Saint Lawrence,BDC,10,BDC-10-1980-9-15,1980,9,15,48.068,-65.5854,Saccharina latissima,Random,NA,NA,NA,NA,0.555
6555,merinov_gosl,Gulf of Saint Lawrence,BDC,9,BDC-9-1980-9-15,1980,9,15,48.0684,-65.5853,Laminaria digitata,Random,NA,NA,0,0,0
6556,merinov_gosl,Gulf of Saint Lawrence,BDC,9,BDC-9-1980-9-15,1980,9,15,48.0684,-65.5853,Saccharina latissima,Random,NA,NA,NA,NA,0.242
6557,merinov_gosl,Gulf of Saint Lawrence,BDC,8.4,BDC-8.4-1980-9-15,1980,9,15,48.0688,-65.5852,Laminaria digitata,Random,NA,NA,0,0,0
6558,merinov_gosl,Gulf of Saint Lawrence,BDC,8.4,BDC-8.4-1980-9-15,1980,9,15,48.0688,-65.5852,Saccharina latissima,Random,NA,NA,NA,NA,0.383
6559,merinov_gosl,Gulf of Saint Lawrence,BDC,5.9,BDC-5.9-1980-9-15,1980,9,15,48.0693,-65.5851,Laminaria digitata,Random,NA,NA,0,0,0
6560,merinov_gosl,Gulf of Saint Lawrence,BDC,5.9,BDC-5.9-1980-9-15,1980,9,15,48.0693,-65.5851,Saccharina latissima,Random,NA,NA,NA,NA,0.84
6561,merinov_gosl,Gulf of Saint Lawrence,BDC,4.5,BDC-4.5-1980-9-15,1980,9,15,48.0697,-65.5849,Laminaria digitata,Random,NA,NA,3,3,0.017
6562,merinov_gosl,Gulf of Saint Lawrence,BDC,4.5,BDC-4.5-1980-9-15,1980,9,15,48.0697,-65.5849,Saccharina latissima,Random,NA,NA,NA,NA,0
6563,merinov_gosl,Gulf of Saint Lawrence,BDC,3.5,BDC-3.5-1980-9-15,1980,9,15,48.0702,-65.5848,Laminaria digitata,Random,NA,NA,0,0,0
6564,merinov_gosl,Gulf of Saint Lawrence,BDC,3.5,BDC-3.5-1980-9-15,1980,9,15,48.0702,-65.5848,Saccharina latissima,Random,NA,NA,NA,NA,0
6565,merinov_gosl,Gulf of Saint Lawrence,BDC,2.9,BDC-2.9-1980-9-15,1980,9,15,48.0706,-65.5847,Laminaria digitata,Random,NA,NA,175,175,0.233
6566,merinov_gosl,Gulf of Saint Lawrence,BDC,2.9,BDC-2.9-1980-9-15,1980,9,15,48.0706,-65.5847,Saccharina latissima,Random,NA,NA,NA,NA,0.15
6567,merinov_gosl,Gulf of Saint Lawrence,BDC,3.1,BDC-3.1-1980-9-15,1980,9,15,48.0711,-65.5846,Laminaria digitata,Random,NA,NA,5,5,0.003
6568,merinov_gosl,Gulf of Saint Lawrence,BDC,3.1,BDC-3.1-1980-9-15,1980,9,15,48.0711,-65.5846,Saccharina latissima,Random,NA,NA,NA,NA,0.012
6569,merinov_gosl,Gulf of Saint Lawrence,BDC,1.1,BDC-1.1-1980-9-15,1980,9,15,48.0715,-65.5845,Laminaria digitata,Random,NA,NA,0,0,0
6570,merinov_gosl,Gulf of Saint Lawrence,BDC,1.1,BDC-1.1-1980-9-15,1980,9,15,48.0715,-65.5845,Saccharina latissima,Random,NA,NA,NA,NA,0
6571,merinov_gosl,Gulf of Saint Lawrence,BDC,0.6,BDC-0.6-1980-9-15,1980,9,15,48.0719,-65.5844,Laminaria digitata,Random,NA,NA,0,0,0
6572,merinov_gosl,Gulf of Saint Lawrence,BDC,0.6,BDC-0.6-1980-9-15,1980,9,15,48.0719,-65.5844,Saccharina latissima,Random,NA,NA,NA,NA,0
6573,merinov_gosl,Gulf of Saint Lawrence,BDC,12,BDC-12-1980-9-13,1980,9,13,48.0734,-65.6198,Laminaria digitata,Random,NA,NA,0,0,0
6574,merinov_gosl,Gulf of Saint Lawrence,BDC,12,BDC-12-1980-9-13,1980,9,13,48.0734,-65.6198,Saccharina latissima,Random,NA,NA,NA,NA,0
6575,merinov_gosl,Gulf of Saint Lawrence,BDC,11.5,BDC-11.5-1980-9-13,1980,9,13,48.0739,-65.6195,Laminaria digitata,Random,NA,NA,0,0,0
6576,merinov_gosl,Gulf of Saint Lawrence,BDC,11.5,BDC-11.5-1980-9-13,1980,9,13,48.0739,-65.6195,Saccharina latissima,Random,NA,NA,NA,NA,0.075
6577,merinov_gosl,Gulf of Saint Lawrence,BDC,9.9,BDC-9.9-1980-9-13,1980,9,13,48.0743,-65.6193,Laminaria digitata,Random,NA,NA,4,4,0.001
6578,merinov_gosl,Gulf of Saint Lawrence,BDC,9.9,BDC-9.9-1980-9-13,1980,9,13,48.0743,-65.6193,Saccharina latissima,Random,NA,NA,NA,NA,0
6579,merinov_gosl,Gulf of Saint Lawrence,BDC,9.8,BDC-9.8-1980-9-13,1980,9,13,48.0747,-65.619,Laminaria digitata,Random,NA,NA,4,4,0.02
6580,merinov_gosl,Gulf of Saint Lawrence,BDC,9.8,BDC-9.8-1980-9-13,1980,9,13,48.0747,-65.619,Saccharina latissima,Random,NA,NA,NA,NA,0.438
6581,merinov_gosl,Gulf of Saint Lawrence,BDC,9.1,BDC-9.1-1980-9-13,1980,9,13,48.0751,-65.6188,Laminaria digitata,Random,NA,NA,1,1,0.001
6582,merinov_gosl,Gulf of Saint Lawrence,BDC,9.1,BDC-9.1-1980-9-13,1980,9,13,48.0751,-65.6188,Saccharina latissima,Random,NA,NA,NA,NA,0
6583,merinov_gosl,Gulf of Saint Lawrence,BDC,8.1,BDC-8.1-1980-9-13,1980,9,13,48.0755,-65.6185,Laminaria digitata,Random,NA,NA,1,1,0.001
6584,merinov_gosl,Gulf of Saint Lawrence,BDC,8.1,BDC-8.1-1980-9-13,1980,9,13,48.0755,-65.6185,Saccharina latissima,Random,NA,NA,NA,NA,0
6585,merinov_gosl,Gulf of Saint Lawrence,BDC,6.7,BDC-6.7-1980-9-13,1980,9,13,48.0759,-65.6182,Laminaria digitata,Random,NA,NA,7,7,0.005
6586,merinov_gosl,Gulf of Saint Lawrence,BDC,6.7,BDC-6.7-1980-9-13,1980,9,13,48.0759,-65.6182,Saccharina latissima,Random,NA,NA,NA,NA,0.004
6587,merinov_gosl,Gulf of Saint Lawrence,BDC,5.3,BDC-5.3-1980-9-13,1980,9,13,48.0764,-65.618,Laminaria digitata,Random,NA,NA,21,21,0.018
6588,merinov_gosl,Gulf of Saint Lawrence,BDC,5.3,BDC-5.3-1980-9-13,1980,9,13,48.0764,-65.618,Saccharina latissima,Random,NA,NA,NA,NA,0.032
6589,merinov_gosl,Gulf of Saint Lawrence,BDC,3.9,BDC-3.9-1980-9-13,1980,9,13,48.0768,-65.6177,Laminaria digitata,Random,NA,NA,14,14,0.027
6590,merinov_gosl,Gulf of Saint Lawrence,BDC,3.9,BDC-3.9-1980-9-13,1980,9,13,48.0768,-65.6177,Saccharina latissima,Random,NA,NA,NA,NA,5.926
6591,merinov_gosl,Gulf of Saint Lawrence,BDC,2.8,BDC-2.8-1980-9-13,1980,9,13,48.0772,-65.6175,Laminaria digitata,Random,NA,NA,7,7,0.007
6592,merinov_gosl,Gulf of Saint Lawrence,BDC,2.8,BDC-2.8-1980-9-13,1980,9,13,48.0772,-65.6175,Saccharina latissima,Random,NA,NA,NA,NA,1.24
6593,merinov_gosl,Gulf of Saint Lawrence,BDC,2.9,BDC-2.9-1980-9-13,1980,9,13,48.0776,-65.6172,Laminaria digitata,Random,NA,NA,7,7,0.003
6594,merinov_gosl,Gulf of Saint Lawrence,BDC,2.9,BDC-2.9-1980-9-13,1980,9,13,48.0776,-65.6172,Saccharina latissima,Random,NA,NA,NA,NA,0.225
6595,merinov_gosl,Gulf of Saint Lawrence,BDC,1.3,BDC-1.3-1980-9-13,1980,9,13,48.078,-65.617,Laminaria digitata,Random,NA,NA,6,6,0.001
6596,merinov_gosl,Gulf of Saint Lawrence,BDC,1.3,BDC-1.3-1980-9-13,1980,9,13,48.078,-65.617,Saccharina latissima,Random,NA,NA,NA,NA,0.027
6597,merinov_gosl,Gulf of Saint Lawrence,BDC,11.1,BDC-11.1-1980-9-5,1980,9,5,48.0997,-65.7321,Laminaria digitata,Random,NA,NA,1,1,0.001
6598,merinov_gosl,Gulf of Saint Lawrence,BDC,11.1,BDC-11.1-1980-9-5,1980,9,5,48.0997,-65.7321,Saccharina latissima,Random,NA,NA,NA,NA,0
6599,merinov_gosl,Gulf of Saint Lawrence,BDC,10.4,BDC-10.4-1980-9-5,1980,9,5,48.1001,-65.732,Laminaria digitata,Random,NA,NA,4,4,0.015
6600,merinov_gosl,Gulf of Saint Lawrence,BDC,10.4,BDC-10.4-1980-9-5,1980,9,5,48.1001,-65.732,Saccharina latissima,Random,NA,NA,NA,NA,0.695
6601,merinov_gosl,Gulf of Saint Lawrence,BDC,10.5,BDC-10.5-1980-9-5,1980,9,5,48.1006,-65.7318,Laminaria digitata,Random,NA,NA,1,1,0
6602,merinov_gosl,Gulf of Saint Lawrence,BDC,10.5,BDC-10.5-1980-9-5,1980,9,5,48.1006,-65.7318,Saccharina latissima,Random,NA,NA,NA,NA,0
6603,merinov_gosl,Gulf of Saint Lawrence,BDC,10,BDC-10-1980-9-5,1980,9,5,48.101,-65.7317,Laminaria digitata,Random,NA,NA,0,0,0
6604,merinov_gosl,Gulf of Saint Lawrence,BDC,10,BDC-10-1980-9-5,1980,9,5,48.101,-65.7317,Saccharina latissima,Random,NA,NA,NA,NA,6.037
6605,merinov_gosl,Gulf of Saint Lawrence,BDC,8.6,BDC-8.6-1980-9-5,1980,9,5,48.1015,-65.7315,Laminaria digitata,Random,NA,NA,1,1,0.003
6606,merinov_gosl,Gulf of Saint Lawrence,BDC,8.6,BDC-8.6-1980-9-5,1980,9,5,48.1015,-65.7315,Saccharina latissima,Random,NA,NA,NA,NA,8.252
6607,merinov_gosl,Gulf of Saint Lawrence,BDC,8.5,BDC-8.5-1980-9-5,1980,9,5,48.1019,-65.7314,Laminaria digitata,Random,NA,NA,7,7,0.018
6608,merinov_gosl,Gulf of Saint Lawrence,BDC,8.5,BDC-8.5-1980-9-5,1980,9,5,48.1019,-65.7314,Saccharina latissima,Random,NA,NA,NA,NA,0
6609,merinov_gosl,Gulf of Saint Lawrence,BDC,7.7,BDC-7.7-1980-9-5,1980,9,5,48.1023,-65.7312,Laminaria digitata,Random,NA,NA,0,0,0
6610,merinov_gosl,Gulf of Saint Lawrence,BDC,7.7,BDC-7.7-1980-9-5,1980,9,5,48.1023,-65.7312,Saccharina latissima,Random,NA,NA,NA,NA,11.616
6611,merinov_gosl,Gulf of Saint Lawrence,BDC,7.2,BDC-7.2-1980-9-5,1980,9,5,48.1028,-65.7311,Laminaria digitata,Random,NA,NA,1,1,0.001
6612,merinov_gosl,Gulf of Saint Lawrence,BDC,7.2,BDC-7.2-1980-9-5,1980,9,5,48.1028,-65.7311,Saccharina latissima,Random,NA,NA,NA,NA,0
6613,merinov_gosl,Gulf of Saint Lawrence,BDC,7.1,BDC-7.1-1980-9-5,1980,9,5,48.1032,-65.7309,Laminaria digitata,Random,NA,NA,0,0,0
6614,merinov_gosl,Gulf of Saint Lawrence,BDC,7.1,BDC-7.1-1980-9-5,1980,9,5,48.1032,-65.7309,Saccharina latissima,Random,NA,NA,NA,NA,0.137
6615,merinov_gosl,Gulf of Saint Lawrence,BDC,6.9,BDC-6.9-1980-9-5,1980,9,5,48.1036,-65.7308,Laminaria digitata,Random,NA,NA,0,0,0
6616,merinov_gosl,Gulf of Saint Lawrence,BDC,6.9,BDC-6.9-1980-9-5,1980,9,5,48.1036,-65.7308,Saccharina latissima,Random,NA,NA,NA,NA,0.162
6617,merinov_gosl,Gulf of Saint Lawrence,BDC,6.8,BDC-6.8-1980-9-5,1980,9,5,48.1041,-65.7306,Laminaria digitata,Random,NA,NA,1,1,0.001
6618,merinov_gosl,Gulf of Saint Lawrence,BDC,6.8,BDC-6.8-1980-9-5,1980,9,5,48.1041,-65.7306,Saccharina latissima,Random,NA,NA,NA,NA,0.511
6619,merinov_gosl,Gulf of Saint Lawrence,BDC,5.4,BDC-5.4-1980-9-5,1980,9,5,48.1045,-65.7305,Laminaria digitata,Random,NA,NA,134,134,0.31
6620,merinov_gosl,Gulf of Saint Lawrence,BDC,5.4,BDC-5.4-1980-9-5,1980,9,5,48.1045,-65.7305,Saccharina latissima,Random,NA,NA,NA,NA,0.592
6621,merinov_gosl,Gulf of Saint Lawrence,BDC,6.1,BDC-6.1-1980-9-5,1980,9,5,48.105,-65.7303,Laminaria digitata,Random,NA,NA,9,9,0.019
6622,merinov_gosl,Gulf of Saint Lawrence,BDC,6.1,BDC-6.1-1980-9-5,1980,9,5,48.105,-65.7303,Saccharina latissima,Random,NA,NA,NA,NA,0.216
6623,merinov_gosl,Gulf of Saint Lawrence,BDC,4.7,BDC-4.7-1980-9-5,1980,9,5,48.1054,-65.7302,Laminaria digitata,Random,NA,NA,0,0,0
6624,merinov_gosl,Gulf of Saint Lawrence,BDC,4.7,BDC-4.7-1980-9-5,1980,9,5,48.1054,-65.7302,Saccharina latissima,Random,NA,NA,NA,NA,7.66
6625,merinov_gosl,Gulf of Saint Lawrence,BDC,4.8,BDC-4.8-1980-9-5,1980,9,5,48.1058,-65.73,Laminaria digitata,Random,NA,NA,0,0,0
6626,merinov_gosl,Gulf of Saint Lawrence,BDC,4.8,BDC-4.8-1980-9-5,1980,9,5,48.1058,-65.73,Saccharina latissima,Random,NA,NA,NA,NA,1.928
6627,merinov_gosl,Gulf of Saint Lawrence,BDC,4.3,BDC-4.3-1980-9-5,1980,9,5,48.1063,-65.7299,Laminaria digitata,Random,NA,NA,0,0,0
6628,merinov_gosl,Gulf of Saint Lawrence,BDC,4.3,BDC-4.3-1980-9-5,1980,9,5,48.1063,-65.7299,Saccharina latissima,Random,NA,NA,NA,NA,1.88
6629,merinov_gosl,Gulf of Saint Lawrence,BDC,2.8,BDC-2.8-1980-9-5,1980,9,5,48.1067,-65.7297,Laminaria digitata,Random,NA,NA,0,0,0
6630,merinov_gosl,Gulf of Saint Lawrence,BDC,2.8,BDC-2.8-1980-9-5,1980,9,5,48.1067,-65.7297,Saccharina latissima,Random,NA,NA,NA,NA,2.009
6631,merinov_gosl,Gulf of Saint Lawrence,BDC,3.3,BDC-3.3-1980-9-5,1980,9,5,48.1071,-65.7296,Laminaria digitata,Random,NA,NA,0,0,0
6632,merinov_gosl,Gulf of Saint Lawrence,BDC,3.3,BDC-3.3-1980-9-5,1980,9,5,48.1071,-65.7296,Saccharina latissima,Random,NA,NA,NA,NA,0.692
6633,merinov_gosl,Gulf of Saint Lawrence,BDC,3.2,BDC-3.2-1980-9-5,1980,9,5,48.1076,-65.7294,Laminaria digitata,Random,NA,NA,3,3,0.011
6634,merinov_gosl,Gulf of Saint Lawrence,BDC,3.2,BDC-3.2-1980-9-5,1980,9,5,48.1076,-65.7294,Saccharina latissima,Random,NA,NA,NA,NA,3.207
6635,merinov_gosl,Gulf of Saint Lawrence,BDC,1.6,BDC-1.6-1980-9-5,1980,9,5,48.108,-65.7293,Laminaria digitata,Random,NA,NA,4,4,0.011
6636,merinov_gosl,Gulf of Saint Lawrence,BDC,1.6,BDC-1.6-1980-9-5,1980,9,5,48.108,-65.7293,Saccharina latissima,Random,NA,NA,NA,NA,0.831
6637,merinov_gosl,Gulf of Saint Lawrence,BDC,0.3,BDC-0.3-1980-9-5,1980,9,5,48.1085,-65.7291,Laminaria digitata,Random,NA,NA,5,5,0.006
6638,merinov_gosl,Gulf of Saint Lawrence,BDC,0.3,BDC-0.3-1980-9-5,1980,9,5,48.1085,-65.7291,Saccharina latissima,Random,NA,NA,NA,NA,0
6639,merinov_gosl,Gulf of Saint Lawrence,BDC,0.3,BDC-0.3-1980-9-5,1980,9,5,48.1089,-65.729,Laminaria digitata,Random,NA,NA,3,3,0.009
6640,merinov_gosl,Gulf of Saint Lawrence,BDC,0.3,BDC-0.3-1980-9-5,1980,9,5,48.1089,-65.729,Saccharina latissima,Random,NA,NA,NA,NA,0.07
6641,merinov_gosl,Gulf of Saint Lawrence,BDC,0.4,BDC-0.4-1980-9-5,1980,9,5,48.1093,-65.7288,Laminaria digitata,Random,NA,NA,0,0,0
6642,merinov_gosl,Gulf of Saint Lawrence,BDC,0.4,BDC-0.4-1980-9-5,1980,9,5,48.1093,-65.7288,Saccharina latissima,Random,NA,NA,NA,NA,0
6643,merinov_gosl,Gulf of Saint Lawrence,BDC,0.5,BDC-0.5-1980-9-5,1980,9,5,48.1098,-65.7287,Laminaria digitata,Random,NA,NA,3,3,0.002
6644,merinov_gosl,Gulf of Saint Lawrence,BDC,0.5,BDC-0.5-1980-9-5,1980,9,5,48.1098,-65.7287,Saccharina latissima,Random,NA,NA,NA,NA,0
6645,merinov_gosl,Gulf of Saint Lawrence,BDC,0.4,BDC-0.4-1980-9-5,1980,9,5,48.1102,-65.7285,Laminaria digitata,Random,NA,NA,3,3,0.011
6646,merinov_gosl,Gulf of Saint Lawrence,BDC,0.4,BDC-0.4-1980-9-5,1980,9,5,48.1102,-65.7285,Saccharina latissima,Random,NA,NA,NA,NA,0
6647,merinov_gosl,Gulf of Saint Lawrence,BDC,0.4,BDC-0.4-1980-9-5,1980,9,5,48.1107,-65.7284,Laminaria digitata,Random,NA,NA,0,0,0
6648,merinov_gosl,Gulf of Saint Lawrence,BDC,0.4,BDC-0.4-1980-9-5,1980,9,5,48.1107,-65.7284,Saccharina latissima,Random,NA,NA,NA,NA,0
6649,merinov_gosl,Gulf of Saint Lawrence,BDC,0.1,BDC-0.1-1980-9-5,1980,9,5,48.1111,-65.7282,Laminaria digitata,Random,NA,NA,0,0,0
6650,merinov_gosl,Gulf of Saint Lawrence,BDC,0.1,BDC-0.1-1980-9-5,1980,9,5,48.1111,-65.7282,Saccharina latissima,Random,NA,NA,NA,NA,0.231
6651,merinov_gosl,Gulf of Saint Lawrence,BDC,12.2,BDC-12.2-1980-10-21,1980,10,21,48.0318,-65.5207,Laminaria digitata,Random,NA,NA,0,0,0
6652,merinov_gosl,Gulf of Saint Lawrence,BDC,12.2,BDC-12.2-1980-10-21,1980,10,21,48.0318,-65.5207,Saccharina latissima,Random,NA,NA,NA,NA,0
6653,merinov_gosl,Gulf of Saint Lawrence,BDC,11.2,BDC-11.2-1980-10-21,1980,10,21,48.0321,-65.5201,Laminaria digitata,Random,NA,NA,0,0,0
6654,merinov_gosl,Gulf of Saint Lawrence,BDC,11.2,BDC-11.2-1980-10-21,1980,10,21,48.0321,-65.5201,Saccharina latissima,Random,NA,NA,NA,NA,0
6655,merinov_gosl,Gulf of Saint Lawrence,BDC,11.2,BDC-11.2-1980-10-21,1980,10,21,48.0323,-65.5196,Laminaria digitata,Random,NA,NA,2,2,0.006
6656,merinov_gosl,Gulf of Saint Lawrence,BDC,11.2,BDC-11.2-1980-10-21,1980,10,21,48.0323,-65.5196,Saccharina latissima,Random,NA,NA,NA,NA,0
6657,merinov_gosl,Gulf of Saint Lawrence,BDC,10.9,BDC-10.9-1980-10-21,1980,10,21,48.0326,-65.5191,Laminaria digitata,Random,NA,NA,1,1,0.001
6658,merinov_gosl,Gulf of Saint Lawrence,BDC,10.9,BDC-10.9-1980-10-21,1980,10,21,48.0326,-65.5191,Saccharina latissima,Random,NA,NA,NA,NA,0
6659,merinov_gosl,Gulf of Saint Lawrence,BDC,9.4,BDC-9.4-1980-10-21,1980,10,21,48.0329,-65.5185,Laminaria digitata,Random,NA,NA,0,0,0
6660,merinov_gosl,Gulf of Saint Lawrence,BDC,9.4,BDC-9.4-1980-10-21,1980,10,21,48.0329,-65.5185,Saccharina latissima,Random,NA,NA,NA,NA,1.738
6661,merinov_gosl,Gulf of Saint Lawrence,BDC,8.7,BDC-8.7-1980-10-21,1980,10,21,48.0331,-65.518,Laminaria digitata,Random,NA,NA,0,0,0
6662,merinov_gosl,Gulf of Saint Lawrence,BDC,8.7,BDC-8.7-1980-10-21,1980,10,21,48.0331,-65.518,Saccharina latissima,Random,NA,NA,NA,NA,2.629
6663,merinov_gosl,Gulf of Saint Lawrence,BDC,9.2,BDC-9.2-1980-10-21,1980,10,21,48.0334,-65.5175,Laminaria digitata,Random,NA,NA,0,0,0
6664,merinov_gosl,Gulf of Saint Lawrence,BDC,9.2,BDC-9.2-1980-10-21,1980,10,21,48.0334,-65.5175,Saccharina latissima,Random,NA,NA,NA,NA,2.359
6665,merinov_gosl,Gulf of Saint Lawrence,BDC,8.5,BDC-8.5-1980-10-21,1980,10,21,48.0337,-65.5169,Laminaria digitata,Random,NA,NA,0,0,0
6666,merinov_gosl,Gulf of Saint Lawrence,BDC,8.5,BDC-8.5-1980-10-21,1980,10,21,48.0337,-65.5169,Saccharina latissima,Random,NA,NA,NA,NA,0.451
6667,merinov_gosl,Gulf of Saint Lawrence,BDC,7.1,BDC-7.1-1980-10-21,1980,10,21,48.0339,-65.5164,Laminaria digitata,Random,NA,NA,0,0,0
6668,merinov_gosl,Gulf of Saint Lawrence,BDC,7.1,BDC-7.1-1980-10-21,1980,10,21,48.0339,-65.5164,Saccharina latissima,Random,NA,NA,NA,NA,0
6669,merinov_gosl,Gulf of Saint Lawrence,BDC,7.1,BDC-7.1-1980-10-21,1980,10,21,48.0342,-65.5159,Laminaria digitata,Random,NA,NA,2,2,0.002
6670,merinov_gosl,Gulf of Saint Lawrence,BDC,7.1,BDC-7.1-1980-10-21,1980,10,21,48.0342,-65.5159,Saccharina latissima,Random,NA,NA,NA,NA,0.494
6671,merinov_gosl,Gulf of Saint Lawrence,BDC,6.7,BDC-6.7-1980-10-21,1980,10,21,48.0345,-65.5153,Laminaria digitata,Random,NA,NA,12,12,0.009
6672,merinov_gosl,Gulf of Saint Lawrence,BDC,6.7,BDC-6.7-1980-10-21,1980,10,21,48.0345,-65.5153,Saccharina latissima,Random,NA,NA,NA,NA,0.165
6673,merinov_gosl,Gulf of Saint Lawrence,BDC,0,BDC-0-1980-10-21,1980,10,21,48.0348,-65.5148,Laminaria digitata,Random,NA,NA,0,0,0
6674,merinov_gosl,Gulf of Saint Lawrence,BDC,0,BDC-0-1980-10-21,1980,10,21,48.0348,-65.5148,Saccharina latissima,Random,NA,NA,NA,NA,0
6675,merinov_gosl,Gulf of Saint Lawrence,BDC,6.4,BDC-6.4-1980-10-21,1980,10,21,48.035,-65.5142,Laminaria digitata,Random,NA,NA,0,0,0
6676,merinov_gosl,Gulf of Saint Lawrence,BDC,6.4,BDC-6.4-1980-10-21,1980,10,21,48.035,-65.5142,Saccharina latissima,Random,NA,NA,NA,NA,0.256
6677,merinov_gosl,Gulf of Saint Lawrence,BDC,6.6,BDC-6.6-1980-10-21,1980,10,21,48.0353,-65.5137,Laminaria digitata,Random,NA,NA,2,2,0.001
6678,merinov_gosl,Gulf of Saint Lawrence,BDC,6.6,BDC-6.6-1980-10-21,1980,10,21,48.0353,-65.5137,Saccharina latissima,Random,NA,NA,NA,NA,0.018
6679,merinov_gosl,Gulf of Saint Lawrence,BDC,5.9,BDC-5.9-1980-10-21,1980,10,21,48.0356,-65.5132,Laminaria digitata,Random,NA,NA,5,5,0.005
6680,merinov_gosl,Gulf of Saint Lawrence,BDC,5.9,BDC-5.9-1980-10-21,1980,10,21,48.0356,-65.5132,Saccharina latissima,Random,NA,NA,NA,NA,0.063
6681,merinov_gosl,Gulf of Saint Lawrence,BDC,6.1,BDC-6.1-1980-10-21,1980,10,21,48.0358,-65.5126,Laminaria digitata,Random,NA,NA,5,5,0.01
6682,merinov_gosl,Gulf of Saint Lawrence,BDC,6.1,BDC-6.1-1980-10-21,1980,10,21,48.0358,-65.5126,Saccharina latissima,Random,NA,NA,NA,NA,0.386
6683,merinov_gosl,Gulf of Saint Lawrence,BDC,6.2,BDC-6.2-1980-10-21,1980,10,21,48.0361,-65.5121,Laminaria digitata,Random,NA,NA,30,30,0.015
6684,merinov_gosl,Gulf of Saint Lawrence,BDC,6.2,BDC-6.2-1980-10-21,1980,10,21,48.0361,-65.5121,Saccharina latissima,Random,NA,NA,NA,NA,0.463
6685,merinov_gosl,Gulf of Saint Lawrence,BDC,5.8,BDC-5.8-1980-10-21,1980,10,21,48.0364,-65.5116,Laminaria digitata,Random,NA,NA,23,23,0.019
6686,merinov_gosl,Gulf of Saint Lawrence,BDC,5.8,BDC-5.8-1980-10-21,1980,10,21,48.0364,-65.5116,Saccharina latissima,Random,NA,NA,NA,NA,0.057
6687,merinov_gosl,Gulf of Saint Lawrence,BDC,6.5,BDC-6.5-1980-10-21,1980,10,21,48.0366,-65.511,Laminaria digitata,Random,NA,NA,30,30,0.015
6688,merinov_gosl,Gulf of Saint Lawrence,BDC,6.5,BDC-6.5-1980-10-21,1980,10,21,48.0366,-65.511,Saccharina latissima,Random,NA,NA,NA,NA,0.057
6689,merinov_gosl,Gulf of Saint Lawrence,BDC,6.4,BDC-6.4-1980-10-21,1980,10,21,48.0369,-65.5105,Laminaria digitata,Random,NA,NA,27,27,0.012
6690,merinov_gosl,Gulf of Saint Lawrence,BDC,6.4,BDC-6.4-1980-10-21,1980,10,21,48.0369,-65.5105,Saccharina latissima,Random,NA,NA,NA,NA,0.009
6691,merinov_gosl,Gulf of Saint Lawrence,BDC,5.9,BDC-5.9-1980-10-21,1980,10,21,48.0372,-65.51,Laminaria digitata,Random,NA,NA,24,24,0.024
6692,merinov_gosl,Gulf of Saint Lawrence,BDC,5.9,BDC-5.9-1980-10-21,1980,10,21,48.0372,-65.51,Saccharina latissima,Random,NA,NA,NA,NA,0.2
6693,merinov_gosl,Gulf of Saint Lawrence,BDC,5.2,BDC-5.2-1980-10-21,1980,10,21,48.0375,-65.5094,Laminaria digitata,Random,NA,NA,19,19,0.021
6694,merinov_gosl,Gulf of Saint Lawrence,BDC,5.2,BDC-5.2-1980-10-21,1980,10,21,48.0375,-65.5094,Saccharina latissima,Random,NA,NA,NA,NA,0.215
6695,merinov_gosl,Gulf of Saint Lawrence,BDC,5.4,BDC-5.4-1980-10-21,1980,10,21,48.0377,-65.5089,Laminaria digitata,Random,NA,NA,9,9,0.003
6696,merinov_gosl,Gulf of Saint Lawrence,BDC,5.4,BDC-5.4-1980-10-21,1980,10,21,48.0377,-65.5089,Saccharina latissima,Random,NA,NA,NA,NA,0.145
6697,merinov_gosl,Gulf of Saint Lawrence,BDC,5.6,BDC-5.6-1980-10-21,1980,10,21,48.038,-65.5083,Laminaria digitata,Random,NA,NA,0,0,0
6698,merinov_gosl,Gulf of Saint Lawrence,BDC,5.6,BDC-5.6-1980-10-21,1980,10,21,48.038,-65.5083,Saccharina latissima,Random,NA,NA,NA,NA,2.052
6699,merinov_gosl,Gulf of Saint Lawrence,BDC,6.2,BDC-6.2-1980-10-21,1980,10,21,48.0383,-65.5078,Laminaria digitata,Random,NA,NA,0,0,0
6700,merinov_gosl,Gulf of Saint Lawrence,BDC,6.2,BDC-6.2-1980-10-21,1980,10,21,48.0383,-65.5078,Saccharina latissima,Random,NA,NA,NA,NA,0.008
6701,merinov_gosl,Gulf of Saint Lawrence,BDC,5.5,BDC-5.5-1980-10-21,1980,10,21,48.0385,-65.5073,Laminaria digitata,Random,NA,NA,0,0,0
6702,merinov_gosl,Gulf of Saint Lawrence,BDC,5.5,BDC-5.5-1980-10-21,1980,10,21,48.0385,-65.5073,Saccharina latissima,Random,NA,NA,NA,NA,2.065
6703,merinov_gosl,Gulf of Saint Lawrence,BDC,5.2,BDC-5.2-1980-10-21,1980,10,21,48.0388,-65.5067,Laminaria digitata,Random,NA,NA,7,7,0.016
6704,merinov_gosl,Gulf of Saint Lawrence,BDC,5.2,BDC-5.2-1980-10-21,1980,10,21,48.0388,-65.5067,Saccharina latissima,Random,NA,NA,NA,NA,2.432
6705,merinov_gosl,Gulf of Saint Lawrence,BDC,4.3,BDC-4.3-1980-10-21,1980,10,21,48.0391,-65.5062,Laminaria digitata,Random,NA,NA,0,0,0
6706,merinov_gosl,Gulf of Saint Lawrence,BDC,4.3,BDC-4.3-1980-10-21,1980,10,21,48.0391,-65.5062,Saccharina latissima,Random,NA,NA,NA,NA,2.267
6707,merinov_gosl,Gulf of Saint Lawrence,BDC,3.8,BDC-3.8-1980-10-21,1980,10,21,48.0393,-65.5057,Laminaria digitata,Random,NA,NA,1,1,0.002
6708,merinov_gosl,Gulf of Saint Lawrence,BDC,3.8,BDC-3.8-1980-10-21,1980,10,21,48.0393,-65.5057,Saccharina latissima,Random,NA,NA,NA,NA,0.43
6709,merinov_gosl,Gulf of Saint Lawrence,BDC,2.9,BDC-2.9-1980-10-21,1980,10,21,48.0396,-65.5051,Laminaria digitata,Random,NA,NA,4,4,0.004
6710,merinov_gosl,Gulf of Saint Lawrence,BDC,2.9,BDC-2.9-1980-10-21,1980,10,21,48.0396,-65.5051,Saccharina latissima,Random,NA,NA,NA,NA,0.176
6711,merinov_gosl,Gulf of Saint Lawrence,BDC,2.4,BDC-2.4-1980-10-21,1980,10,21,48.0399,-65.5046,Laminaria digitata,Random,NA,NA,9,9,0.029
6712,merinov_gosl,Gulf of Saint Lawrence,BDC,2.4,BDC-2.4-1980-10-21,1980,10,21,48.0399,-65.5046,Saccharina latissima,Random,NA,NA,NA,NA,0.192
6713,merinov_gosl,Gulf of Saint Lawrence,BDC,2.5,BDC-2.5-1980-10-21,1980,10,21,48.0402,-65.5041,Laminaria digitata,Random,NA,NA,1,1,0.003
6714,merinov_gosl,Gulf of Saint Lawrence,BDC,2.5,BDC-2.5-1980-10-21,1980,10,21,48.0402,-65.5041,Saccharina latissima,Random,NA,NA,NA,NA,0.022
6715,merinov_gosl,Gulf of Saint Lawrence,BDC,1.6,BDC-1.6-1980-10-21,1980,10,21,48.0404,-65.5035,Laminaria digitata,Random,NA,NA,1,1,0.007
6716,merinov_gosl,Gulf of Saint Lawrence,BDC,1.6,BDC-1.6-1980-10-21,1980,10,21,48.0404,-65.5035,Saccharina latissima,Random,NA,NA,NA,NA,0
6717,merinov_gosl,Gulf of Saint Lawrence,BDC,1.8,BDC-1.8-1980-10-21,1980,10,21,48.0407,-65.503,Laminaria digitata,Random,NA,NA,0,0,0
6718,merinov_gosl,Gulf of Saint Lawrence,BDC,1.8,BDC-1.8-1980-10-21,1980,10,21,48.0407,-65.503,Saccharina latissima,Random,NA,NA,NA,NA,0.014
6719,merinov_gosl,Gulf of Saint Lawrence,BDC,1.9,BDC-1.9-1980-10-21,1980,10,21,48.041,-65.5024,Laminaria digitata,Random,NA,NA,6,6,0.001
6720,merinov_gosl,Gulf of Saint Lawrence,BDC,1.9,BDC-1.9-1980-10-21,1980,10,21,48.041,-65.5024,Saccharina latissima,Random,NA,NA,NA,NA,0.217
6721,merinov_gosl,Gulf of Saint Lawrence,BDC,10.3,BDC-10.3-1980-10-2,1980,10,2,48.0437,-65.5323,Laminaria digitata,Random,NA,NA,0,0,0
6722,merinov_gosl,Gulf of Saint Lawrence,BDC,10.3,BDC-10.3-1980-10-2,1980,10,2,48.0437,-65.5323,Saccharina latissima,Random,NA,NA,NA,NA,0
6723,merinov_gosl,Gulf of Saint Lawrence,BDC,9.2,BDC-9.2-1980-10-2,1980,10,2,48.044,-65.5319,Laminaria digitata,Random,NA,NA,0,0,0
6724,merinov_gosl,Gulf of Saint Lawrence,BDC,9.2,BDC-9.2-1980-10-2,1980,10,2,48.044,-65.5319,Saccharina latissima,Random,NA,NA,NA,NA,0.113
6725,merinov_gosl,Gulf of Saint Lawrence,BDC,8,BDC-8-1980-10-2,1980,10,2,48.0443,-65.5314,Laminaria digitata,Random,NA,NA,4,4,0.003
6726,merinov_gosl,Gulf of Saint Lawrence,BDC,8,BDC-8-1980-10-2,1980,10,2,48.0443,-65.5314,Saccharina latissima,Random,NA,NA,NA,NA,0.397
6727,merinov_gosl,Gulf of Saint Lawrence,BDC,9.6,BDC-9.6-1980-10-2,1980,10,2,48.0446,-65.5309,Laminaria digitata,Random,NA,NA,11,11,0.014
6728,merinov_gosl,Gulf of Saint Lawrence,BDC,9.6,BDC-9.6-1980-10-2,1980,10,2,48.0446,-65.5309,Saccharina latissima,Random,NA,NA,NA,NA,0.213
6729,merinov_gosl,Gulf of Saint Lawrence,BDC,9.4,BDC-9.4-1980-10-2,1980,10,2,48.0449,-65.5304,Laminaria digitata,Random,NA,NA,2,2,0.004
6730,merinov_gosl,Gulf of Saint Lawrence,BDC,9.4,BDC-9.4-1980-10-2,1980,10,2,48.0449,-65.5304,Saccharina latissima,Random,NA,NA,NA,NA,0.211
6731,merinov_gosl,Gulf of Saint Lawrence,BDC,8.2,BDC-8.2-1980-10-2,1980,10,2,48.0452,-65.5299,Laminaria digitata,Random,NA,NA,1,1,0.001
6732,merinov_gosl,Gulf of Saint Lawrence,BDC,8.2,BDC-8.2-1980-10-2,1980,10,2,48.0452,-65.5299,Saccharina latissima,Random,NA,NA,NA,NA,0.899
6733,merinov_gosl,Gulf of Saint Lawrence,BDC,7.2,BDC-7.2-1980-10-2,1980,10,2,48.0456,-65.5294,Laminaria digitata,Random,NA,NA,4,4,0.013
6734,merinov_gosl,Gulf of Saint Lawrence,BDC,7.2,BDC-7.2-1980-10-2,1980,10,2,48.0456,-65.5294,Saccharina latissima,Random,NA,NA,NA,NA,1.403
6735,merinov_gosl,Gulf of Saint Lawrence,BDC,6.7,BDC-6.7-1980-10-2,1980,10,2,48.0459,-65.529,Laminaria digitata,Random,NA,NA,4,4,0.012
6736,merinov_gosl,Gulf of Saint Lawrence,BDC,6.7,BDC-6.7-1980-10-2,1980,10,2,48.0459,-65.529,Saccharina latissima,Random,NA,NA,NA,NA,0.913
6737,merinov_gosl,Gulf of Saint Lawrence,BDC,8.9,BDC-8.9-1980-10-2,1980,10,2,48.0462,-65.5285,Laminaria digitata,Random,NA,NA,11,11,0.021
6738,merinov_gosl,Gulf of Saint Lawrence,BDC,8.9,BDC-8.9-1980-10-2,1980,10,2,48.0462,-65.5285,Saccharina latissima,Random,NA,NA,NA,NA,2.948
6739,merinov_gosl,Gulf of Saint Lawrence,BDC,7,BDC-7-1980-10-2,1980,10,2,48.0465,-65.528,Laminaria digitata,Random,NA,NA,0,0,0
6740,merinov_gosl,Gulf of Saint Lawrence,BDC,7,BDC-7-1980-10-2,1980,10,2,48.0465,-65.528,Saccharina latissima,Random,NA,NA,NA,NA,3.63
6741,merinov_gosl,Gulf of Saint Lawrence,BDC,7.3,BDC-7.3-1980-10-2,1980,10,2,48.0468,-65.5275,Laminaria digitata,Random,NA,NA,4,4,0.016
6742,merinov_gosl,Gulf of Saint Lawrence,BDC,7.3,BDC-7.3-1980-10-2,1980,10,2,48.0468,-65.5275,Saccharina latissima,Random,NA,NA,NA,NA,4.083
6743,merinov_gosl,Gulf of Saint Lawrence,BDC,6.6,BDC-6.6-1980-10-2,1980,10,2,48.0471,-65.527,Laminaria digitata,Random,NA,NA,0,0,0
6744,merinov_gosl,Gulf of Saint Lawrence,BDC,6.6,BDC-6.6-1980-10-2,1980,10,2,48.0471,-65.527,Saccharina latissima,Random,NA,NA,NA,NA,0.543
6745,merinov_gosl,Gulf of Saint Lawrence,BDC,7.2,BDC-7.2-1980-10-2,1980,10,2,48.0474,-65.5265,Laminaria digitata,Random,NA,NA,0,0,0
6746,merinov_gosl,Gulf of Saint Lawrence,BDC,7.2,BDC-7.2-1980-10-2,1980,10,2,48.0474,-65.5265,Saccharina latissima,Random,NA,NA,NA,NA,0.064
6747,merinov_gosl,Gulf of Saint Lawrence,BDC,7.4,BDC-7.4-1980-10-2,1980,10,2,48.0477,-65.5261,Laminaria digitata,Random,NA,NA,2,2,0.009
6748,merinov_gosl,Gulf of Saint Lawrence,BDC,7.4,BDC-7.4-1980-10-2,1980,10,2,48.0477,-65.5261,Saccharina latissima,Random,NA,NA,NA,NA,0.738
6749,merinov_gosl,Gulf of Saint Lawrence,BDC,5.8,BDC-5.8-1980-10-2,1980,10,2,48.0481,-65.5256,Laminaria digitata,Random,NA,NA,0,0,0
6750,merinov_gosl,Gulf of Saint Lawrence,BDC,5.8,BDC-5.8-1980-10-2,1980,10,2,48.0481,-65.5256,Saccharina latissima,Random,NA,NA,NA,NA,1.59
6751,merinov_gosl,Gulf of Saint Lawrence,BDC,4.8,BDC-4.8-1980-10-2,1980,10,2,48.0484,-65.5251,Laminaria digitata,Random,NA,NA,8,8,0.005
6752,merinov_gosl,Gulf of Saint Lawrence,BDC,4.8,BDC-4.8-1980-10-2,1980,10,2,48.0484,-65.5251,Saccharina latissima,Random,NA,NA,NA,NA,0.525
6753,merinov_gosl,Gulf of Saint Lawrence,BDC,3.6,BDC-3.6-1980-10-2,1980,10,2,48.0487,-65.5246,Laminaria digitata,Random,NA,NA,0,0,0
6754,merinov_gosl,Gulf of Saint Lawrence,BDC,3.6,BDC-3.6-1980-10-2,1980,10,2,48.0487,-65.5246,Saccharina latissima,Random,NA,NA,NA,NA,0.65
6755,merinov_gosl,Gulf of Saint Lawrence,BDC,2.8,BDC-2.8-1980-10-2,1980,10,2,48.049,-65.5241,Laminaria digitata,Random,NA,NA,0,0,0
6756,merinov_gosl,Gulf of Saint Lawrence,BDC,2.8,BDC-2.8-1980-10-2,1980,10,2,48.049,-65.5241,Saccharina latissima,Random,NA,NA,NA,NA,0
6757,merinov_gosl,Gulf of Saint Lawrence,BDC,3.5,BDC-3.5-1980-10-2,1980,10,2,48.0493,-65.5236,Laminaria digitata,Random,NA,NA,0,0,0
6758,merinov_gosl,Gulf of Saint Lawrence,BDC,3.5,BDC-3.5-1980-10-2,1980,10,2,48.0493,-65.5236,Saccharina latissima,Random,NA,NA,NA,NA,0
6759,merinov_gosl,Gulf of Saint Lawrence,BDC,2.3,BDC-2.3-1980-10-2,1980,10,2,48.0496,-65.5232,Laminaria digitata,Random,NA,NA,0,0,0
6760,merinov_gosl,Gulf of Saint Lawrence,BDC,2.3,BDC-2.3-1980-10-2,1980,10,2,48.0496,-65.5232,Saccharina latissima,Random,NA,NA,NA,NA,0
6761,merinov_gosl,Gulf of Saint Lawrence,BDC,2.4,BDC-2.4-1980-10-2,1980,10,2,48.0499,-65.5227,Laminaria digitata,Random,NA,NA,0,0,0
6762,merinov_gosl,Gulf of Saint Lawrence,BDC,2.4,BDC-2.4-1980-10-2,1980,10,2,48.0499,-65.5227,Saccharina latissima,Random,NA,NA,NA,NA,0
6763,merinov_gosl,Gulf of Saint Lawrence,BDC,3.8,BDC-3.8-1980-10-2,1980,10,2,48.0502,-65.5222,Laminaria digitata,Random,NA,NA,25,25,0.058
6764,merinov_gosl,Gulf of Saint Lawrence,BDC,3.8,BDC-3.8-1980-10-2,1980,10,2,48.0502,-65.5222,Saccharina latissima,Random,NA,NA,NA,NA,1.153
6765,merinov_gosl,Gulf of Saint Lawrence,BDC,2.3,BDC-2.3-1980-10-2,1980,10,2,48.0505,-65.5217,Laminaria digitata,Random,NA,NA,0,0,0
6766,merinov_gosl,Gulf of Saint Lawrence,BDC,2.3,BDC-2.3-1980-10-2,1980,10,2,48.0505,-65.5217,Saccharina latissima,Random,NA,NA,NA,NA,0
6767,merinov_gosl,Gulf of Saint Lawrence,BDC,1.9,BDC-1.9-1980-10-2,1980,10,2,48.0509,-65.5212,Laminaria digitata,Random,NA,NA,0,0,0
6768,merinov_gosl,Gulf of Saint Lawrence,BDC,1.9,BDC-1.9-1980-10-2,1980,10,2,48.0509,-65.5212,Saccharina latissima,Random,NA,NA,NA,NA,0
6769,merinov_gosl,Gulf of Saint Lawrence,BDC,1.8,BDC-1.8-1980-10-2,1980,10,2,48.0512,-65.5207,Laminaria digitata,Random,NA,NA,0,0,0
6770,merinov_gosl,Gulf of Saint Lawrence,BDC,1.8,BDC-1.8-1980-10-2,1980,10,2,48.0512,-65.5207,Saccharina latissima,Random,NA,NA,NA,NA,0
6771,merinov_gosl,Gulf of Saint Lawrence,BDC,2,BDC-2-1980-10-2,1980,10,2,48.0515,-65.5203,Laminaria digitata,Random,NA,NA,0,0,0
6772,merinov_gosl,Gulf of Saint Lawrence,BDC,2,BDC-2-1980-10-2,1980,10,2,48.0515,-65.5203,Saccharina latissima,Random,NA,NA,NA,NA,0
6773,merinov_gosl,Gulf of Saint Lawrence,BDC,2.2,BDC-2.2-1980-10-2,1980,10,2,48.0518,-65.5198,Laminaria digitata,Random,NA,NA,1,1,0.003
6774,merinov_gosl,Gulf of Saint Lawrence,BDC,2.2,BDC-2.2-1980-10-2,1980,10,2,48.0518,-65.5198,Saccharina latissima,Random,NA,NA,NA,NA,0
6775,merinov_gosl,Gulf of Saint Lawrence,BDC,1.6,BDC-1.6-1980-11-10,1980,11,10,48.0863,-65.6543,Laminaria digitata,Random,NA,NA,17,17,0.122
6776,merinov_gosl,Gulf of Saint Lawrence,BDC,1.6,BDC-1.6-1980-11-10,1980,11,10,48.0863,-65.6543,Saccharina latissima,Random,NA,NA,NA,NA,0.111
6777,merinov_gosl,Gulf of Saint Lawrence,BDC,2.3,BDC-2.3-1980-11-10,1980,11,10,48.0867,-65.654,Laminaria digitata,Random,NA,NA,16,16,0.07
6778,merinov_gosl,Gulf of Saint Lawrence,BDC,2.3,BDC-2.3-1980-11-10,1980,11,10,48.0867,-65.654,Saccharina latissima,Random,NA,NA,NA,NA,0.305
6779,merinov_gosl,Gulf of Saint Lawrence,BDC,3.6,BDC-3.6-1980-11-10,1980,11,10,48.0871,-65.6538,Laminaria digitata,Random,NA,NA,55,55,0.266
6780,merinov_gosl,Gulf of Saint Lawrence,BDC,3.6,BDC-3.6-1980-11-10,1980,11,10,48.0871,-65.6538,Saccharina latissima,Random,NA,NA,NA,NA,1.028
6781,merinov_gosl,Gulf of Saint Lawrence,BDC,4.9,BDC-4.9-1980-11-10,1980,11,10,48.0875,-65.6535,Laminaria digitata,Random,NA,NA,133,133,0.61
6782,merinov_gosl,Gulf of Saint Lawrence,BDC,4.9,BDC-4.9-1980-11-10,1980,11,10,48.0875,-65.6535,Saccharina latissima,Random,NA,NA,NA,NA,0.879
6783,merinov_gosl,Gulf of Saint Lawrence,BDC,7.8,BDC-7.8-1980-11-10,1980,11,10,48.0879,-65.6532,Laminaria digitata,Random,NA,NA,0,0,0
6784,merinov_gosl,Gulf of Saint Lawrence,BDC,7.8,BDC-7.8-1980-11-10,1980,11,10,48.0879,-65.6532,Saccharina latissima,Random,NA,NA,NA,NA,0
6785,merinov_gosl,Gulf of Saint Lawrence,BDC,9.8,BDC-9.8-1980-11-10,1980,11,10,48.0884,-65.6529,Laminaria digitata,Random,NA,NA,4,4,0.008
6786,merinov_gosl,Gulf of Saint Lawrence,BDC,9.8,BDC-9.8-1980-11-10,1980,11,10,48.0884,-65.6529,Saccharina latissima,Random,NA,NA,NA,NA,0.719
6787,merinov_gosl,Gulf of Saint Lawrence,BDC,10.5,BDC-10.5-1980-11-10,1980,11,10,48.0888,-65.6527,Laminaria digitata,Random,NA,NA,1,1,0.002
6788,merinov_gosl,Gulf of Saint Lawrence,BDC,10.5,BDC-10.5-1980-11-10,1980,11,10,48.0888,-65.6527,Saccharina latissima,Random,NA,NA,NA,NA,0.073
6789,merinov_gosl,Gulf of Saint Lawrence,BDC,NA,BDC-NA-1980-11-10,1980,11,10,48.0892,-65.6524,Laminaria digitata,Random,NA,NA,0,0,0
6790,merinov_gosl,Gulf of Saint Lawrence,BDC,NA,BDC-NA-1980-11-10,1980,11,10,48.0892,-65.6524,Saccharina latissima,Random,NA,NA,NA,NA,0
6791,merinov_gosl,Gulf of Saint Lawrence,BDC,13.4,BDC-13.4-1980-11-10,1980,11,10,48.0896,-65.6521,Laminaria digitata,Random,NA,NA,0,0,0
6792,merinov_gosl,Gulf of Saint Lawrence,BDC,13.4,BDC-13.4-1980-11-10,1980,11,10,48.0896,-65.6521,Saccharina latissima,Random,NA,NA,NA,NA,0.113
6793,merinov_gosl,Gulf of Saint Lawrence,BDC,11.9,BDC-11.9-1981-6-12,1981,6,12,47.9939,-65.4545,Laminaria digitata,Random,NA,NA,0,0,0
6794,merinov_gosl,Gulf of Saint Lawrence,BDC,11.9,BDC-11.9-1981-6-12,1981,6,12,47.9939,-65.4545,Saccharina latissima,Random,NA,NA,NA,NA,0
6795,merinov_gosl,Gulf of Saint Lawrence,BDC,10.5,BDC-10.5-1981-6-16,1981,6,16,47.9941,-65.4316,Laminaria digitata,Random,NA,NA,0,0,0
6796,merinov_gosl,Gulf of Saint Lawrence,BDC,10.5,BDC-10.5-1981-6-16,1981,6,16,47.9941,-65.4316,Saccharina latissima,Random,NA,NA,NA,NA,0
6797,merinov_gosl,Gulf of Saint Lawrence,BDC,11.2,BDC-11.2-1981-6-12,1981,6,12,47.9947,-65.4541,Laminaria digitata,Random,NA,NA,0,0,0
6798,merinov_gosl,Gulf of Saint Lawrence,BDC,11.2,BDC-11.2-1981-6-12,1981,6,12,47.9947,-65.4541,Saccharina latissima,Random,NA,NA,NA,NA,0
6799,merinov_gosl,Gulf of Saint Lawrence,BDC,10.1,BDC-10.1-1981-6-16,1981,6,16,47.995,-65.4314,Laminaria digitata,Random,NA,NA,0,0,0
6800,merinov_gosl,Gulf of Saint Lawrence,BDC,10.1,BDC-10.1-1981-6-16,1981,6,16,47.995,-65.4314,Saccharina latissima,Random,NA,NA,NA,NA,0.063
6801,merinov_gosl,Gulf of Saint Lawrence,BDC,10.3,BDC-10.3-1981-6-12,1981,6,12,47.9956,-65.4537,Laminaria digitata,Random,NA,NA,0,0,0
6802,merinov_gosl,Gulf of Saint Lawrence,BDC,10.3,BDC-10.3-1981-6-12,1981,6,12,47.9956,-65.4537,Saccharina latissima,Random,NA,NA,NA,NA,0
6803,merinov_gosl,Gulf of Saint Lawrence,BDC,9.8,BDC-9.8-1981-6-16,1981,6,16,47.9959,-65.4313,Laminaria digitata,Random,NA,NA,0,0,0
6804,merinov_gosl,Gulf of Saint Lawrence,BDC,9.8,BDC-9.8-1981-6-16,1981,6,16,47.9959,-65.4313,Saccharina latissima,Random,NA,NA,NA,NA,0
6805,merinov_gosl,Gulf of Saint Lawrence,BDC,9.5,BDC-9.5-1981-6-12,1981,6,12,47.9964,-65.4533,Laminaria digitata,Random,NA,NA,4,4,0.001
6806,merinov_gosl,Gulf of Saint Lawrence,BDC,9.5,BDC-9.5-1981-6-12,1981,6,12,47.9964,-65.4533,Saccharina latissima,Random,NA,NA,NA,NA,0.011
6807,merinov_gosl,Gulf of Saint Lawrence,BDC,9.5,BDC-9.5-1981-6-16,1981,6,16,47.9968,-65.4311,Laminaria digitata,Random,NA,NA,0,0,0
6808,merinov_gosl,Gulf of Saint Lawrence,BDC,9.5,BDC-9.5-1981-6-16,1981,6,16,47.9968,-65.4311,Saccharina latissima,Random,NA,NA,NA,NA,0.046
6809,merinov_gosl,Gulf of Saint Lawrence,BDC,8.4,BDC-8.4-1981-6-12,1981,6,12,47.9973,-65.4529,Laminaria digitata,Random,NA,NA,0,0,0
6810,merinov_gosl,Gulf of Saint Lawrence,BDC,8.4,BDC-8.4-1981-6-12,1981,6,12,47.9973,-65.4529,Saccharina latissima,Random,NA,NA,NA,NA,0
6811,merinov_gosl,Gulf of Saint Lawrence,BDC,10.1,BDC-10.1-1981-6-16,1981,6,16,47.9976,-65.431,Laminaria digitata,Random,NA,NA,0,0,0
6812,merinov_gosl,Gulf of Saint Lawrence,BDC,10.1,BDC-10.1-1981-6-16,1981,6,16,47.9976,-65.431,Saccharina latissima,Random,NA,NA,NA,NA,0.027
6813,merinov_gosl,Gulf of Saint Lawrence,BDC,7.1,BDC-7.1-1981-6-12,1981,6,12,47.9982,-65.4525,Laminaria digitata,Random,NA,NA,0,0,0
6814,merinov_gosl,Gulf of Saint Lawrence,BDC,7.1,BDC-7.1-1981-6-12,1981,6,12,47.9982,-65.4525,Saccharina latissima,Random,NA,NA,NA,NA,0
6815,merinov_gosl,Gulf of Saint Lawrence,BDC,10.2,BDC-10.2-1981-6-16,1981,6,16,47.9985,-65.4308,Laminaria digitata,Random,NA,NA,0,0,0
6816,merinov_gosl,Gulf of Saint Lawrence,BDC,10.2,BDC-10.2-1981-6-16,1981,6,16,47.9985,-65.4308,Saccharina latissima,Random,NA,NA,NA,NA,0
6817,merinov_gosl,Gulf of Saint Lawrence,BDC,5.2,BDC-5.2-1981-6-12,1981,6,12,47.999,-65.4521,Laminaria digitata,Random,NA,NA,0,0,0
6818,merinov_gosl,Gulf of Saint Lawrence,BDC,5.2,BDC-5.2-1981-6-12,1981,6,12,47.999,-65.4521,Saccharina latissima,Random,NA,NA,NA,NA,0
6819,merinov_gosl,Gulf of Saint Lawrence,BDC,8.7,BDC-8.7-1981-6-16,1981,6,16,47.9994,-65.4307,Laminaria digitata,Random,NA,NA,3,3,0.003
6820,merinov_gosl,Gulf of Saint Lawrence,BDC,8.7,BDC-8.7-1981-6-16,1981,6,16,47.9994,-65.4307,Saccharina latissima,Random,NA,NA,NA,NA,0
6821,merinov_gosl,Gulf of Saint Lawrence,BDC,5,BDC-5-1981-6-12,1981,6,12,47.9999,-65.4517,Laminaria digitata,Random,NA,NA,0,0,0
6822,merinov_gosl,Gulf of Saint Lawrence,BDC,5,BDC-5-1981-6-12,1981,6,12,47.9999,-65.4517,Saccharina latissima,Random,NA,NA,NA,NA,0.598
6823,merinov_gosl,Gulf of Saint Lawrence,BDC,6.8,BDC-6.8-1981-6-16,1981,6,16,48.0003,-65.4306,Laminaria digitata,Random,NA,NA,2,2,0.001
6824,merinov_gosl,Gulf of Saint Lawrence,BDC,6.8,BDC-6.8-1981-6-16,1981,6,16,48.0003,-65.4306,Saccharina latissima,Random,NA,NA,NA,NA,0.005
6825,merinov_gosl,Gulf of Saint Lawrence,BDC,3.6,BDC-3.6-1981-6-12,1981,6,12,48.0007,-65.4513,Laminaria digitata,Random,NA,NA,0,0,0
6826,merinov_gosl,Gulf of Saint Lawrence,BDC,3.6,BDC-3.6-1981-6-12,1981,6,12,48.0007,-65.4513,Saccharina latissima,Random,NA,NA,NA,NA,0.021
6827,merinov_gosl,Gulf of Saint Lawrence,BDC,5.2,BDC-5.2-1981-6-16,1981,6,16,48.0012,-65.4304,Laminaria digitata,Random,NA,NA,0,0,0
6828,merinov_gosl,Gulf of Saint Lawrence,BDC,5.2,BDC-5.2-1981-6-16,1981,6,16,48.0012,-65.4304,Saccharina latissima,Random,NA,NA,NA,NA,0.537
6829,merinov_gosl,Gulf of Saint Lawrence,BDC,2.4,BDC-2.4-1981-6-12,1981,6,12,48.0016,-65.4509,Laminaria digitata,Random,NA,NA,0,0,0
6830,merinov_gosl,Gulf of Saint Lawrence,BDC,2.4,BDC-2.4-1981-6-12,1981,6,12,48.0016,-65.4509,Saccharina latissima,Random,NA,NA,NA,NA,0.435
6831,merinov_gosl,Gulf of Saint Lawrence,BDC,3,BDC-3-1981-6-16,1981,6,16,48.0021,-65.4303,Laminaria digitata,Random,NA,NA,2,2,0.001
6832,merinov_gosl,Gulf of Saint Lawrence,BDC,3,BDC-3-1981-6-16,1981,6,16,48.0021,-65.4303,Saccharina latissima,Random,NA,NA,NA,NA,0.026
6833,merinov_gosl,Gulf of Saint Lawrence,BDC,2.1,BDC-2.1-1981-6-12,1981,6,12,48.0025,-65.4506,Laminaria digitata,Random,NA,NA,0,0,0
6834,merinov_gosl,Gulf of Saint Lawrence,BDC,2.1,BDC-2.1-1981-6-12,1981,6,12,48.0025,-65.4506,Saccharina latissima,Random,NA,NA,NA,NA,0
6835,merinov_gosl,Gulf of Saint Lawrence,BDC,1.9,BDC-1.9-1981-6-16,1981,6,16,48.003,-65.4301,Laminaria digitata,Random,NA,NA,0,0,0
6836,merinov_gosl,Gulf of Saint Lawrence,BDC,1.9,BDC-1.9-1981-6-16,1981,6,16,48.003,-65.4301,Saccharina latissima,Random,NA,NA,NA,NA,0
6837,merinov_gosl,Gulf of Saint Lawrence,BDC,12.7,BDC-12.7-1981-6-10,1981,6,10,48.0039,-65.4885,Laminaria digitata,Random,NA,NA,0,0,0
6838,merinov_gosl,Gulf of Saint Lawrence,BDC,12.7,BDC-12.7-1981-6-10,1981,6,10,48.0039,-65.4885,Saccharina latissima,Random,NA,NA,NA,NA,0
6839,merinov_gosl,Gulf of Saint Lawrence,BDC,1.3,BDC-1.3-1981-6-16,1981,6,16,48.0039,-65.43,Laminaria digitata,Random,NA,NA,7,7,0.001
6840,merinov_gosl,Gulf of Saint Lawrence,BDC,1.3,BDC-1.3-1981-6-16,1981,6,16,48.0039,-65.43,Saccharina latissima,Random,NA,NA,NA,NA,0.023
6841,merinov_gosl,Gulf of Saint Lawrence,BDC,11.3,BDC-11.3-1981-6-10,1981,6,10,48.0045,-65.4875,Laminaria digitata,Random,NA,NA,0,0,0
6842,merinov_gosl,Gulf of Saint Lawrence,BDC,11.3,BDC-11.3-1981-6-10,1981,6,10,48.0045,-65.4875,Saccharina latissima,Random,NA,NA,NA,NA,0
6843,merinov_gosl,Gulf of Saint Lawrence,BDC,11,BDC-11-1981-6-10,1981,6,10,48.0051,-65.4866,Laminaria digitata,Random,NA,NA,0,0,0
6844,merinov_gosl,Gulf of Saint Lawrence,BDC,11,BDC-11-1981-6-10,1981,6,10,48.0051,-65.4866,Saccharina latissima,Random,NA,NA,NA,NA,0.59
6845,merinov_gosl,Gulf of Saint Lawrence,BDC,8.2,BDC-8.2-1981-6-10,1981,6,10,48.0058,-65.4856,Laminaria digitata,Random,NA,NA,0,0,0
6846,merinov_gosl,Gulf of Saint Lawrence,BDC,8.2,BDC-8.2-1981-6-10,1981,6,10,48.0058,-65.4856,Saccharina latissima,Random,NA,NA,NA,NA,2.035
6847,merinov_gosl,Gulf of Saint Lawrence,BDC,8.2,BDC-8.2-1981-6-10,1981,6,10,48.0064,-65.4847,Laminaria digitata,Random,NA,NA,0,0,0
6848,merinov_gosl,Gulf of Saint Lawrence,BDC,8.2,BDC-8.2-1981-6-10,1981,6,10,48.0064,-65.4847,Saccharina latissima,Random,NA,NA,NA,NA,0.247
6849,merinov_gosl,Gulf of Saint Lawrence,BDC,7.8,BDC-7.8-1981-6-10,1981,6,10,48.007,-65.4837,Laminaria digitata,Random,NA,NA,3,3,0.003
6850,merinov_gosl,Gulf of Saint Lawrence,BDC,7.8,BDC-7.8-1981-6-10,1981,6,10,48.007,-65.4837,Saccharina latissima,Random,NA,NA,NA,NA,0.452
6851,merinov_gosl,Gulf of Saint Lawrence,BDC,8.7,BDC-8.7-1981-6-10,1981,6,10,48.0077,-65.4828,Laminaria digitata,Random,NA,NA,0,0,0
6852,merinov_gosl,Gulf of Saint Lawrence,BDC,8.7,BDC-8.7-1981-6-10,1981,6,10,48.0077,-65.4828,Saccharina latissima,Random,NA,NA,NA,NA,0.383
6853,merinov_gosl,Gulf of Saint Lawrence,BDC,8.4,BDC-8.4-1981-6-10,1981,6,10,48.0083,-65.4818,Laminaria digitata,Random,NA,NA,5,5,0.003
6854,merinov_gosl,Gulf of Saint Lawrence,BDC,8.4,BDC-8.4-1981-6-10,1981,6,10,48.0083,-65.4818,Saccharina latissima,Random,NA,NA,NA,NA,0.114
6855,merinov_gosl,Gulf of Saint Lawrence,BDC,6.5,BDC-6.5-1981-6-10,1981,6,10,48.0089,-65.4809,Laminaria digitata,Random,NA,NA,0,0,0
6856,merinov_gosl,Gulf of Saint Lawrence,BDC,6.5,BDC-6.5-1981-6-10,1981,6,10,48.0089,-65.4809,Saccharina latissima,Random,NA,NA,NA,NA,0
6857,merinov_gosl,Gulf of Saint Lawrence,BDC,5.2,BDC-5.2-1981-6-10,1981,6,10,48.0096,-65.4799,Laminaria digitata,Random,NA,NA,8,8,0.001
6858,merinov_gosl,Gulf of Saint Lawrence,BDC,5.2,BDC-5.2-1981-6-10,1981,6,10,48.0096,-65.4799,Saccharina latissima,Random,NA,NA,NA,NA,0
6859,merinov_gosl,Gulf of Saint Lawrence,BDC,4.6,BDC-4.6-1981-6-10,1981,6,10,48.0102,-65.479,Laminaria digitata,Random,NA,NA,0,0,0
6860,merinov_gosl,Gulf of Saint Lawrence,BDC,4.6,BDC-4.6-1981-6-10,1981,6,10,48.0102,-65.479,Saccharina latissima,Random,NA,NA,NA,NA,0
6861,merinov_gosl,Gulf of Saint Lawrence,BDC,4.3,BDC-4.3-1981-6-10,1981,6,10,48.0108,-65.478,Laminaria digitata,Random,NA,NA,25,25,0.03
6862,merinov_gosl,Gulf of Saint Lawrence,BDC,4.3,BDC-4.3-1981-6-10,1981,6,10,48.0108,-65.478,Saccharina latissima,Random,NA,NA,NA,NA,1.253
6863,merinov_gosl,Gulf of Saint Lawrence,BDC,4.6,BDC-4.6-1981-6-10,1981,6,10,48.0115,-65.4771,Laminaria digitata,Random,NA,NA,0,0,0
6864,merinov_gosl,Gulf of Saint Lawrence,BDC,4.6,BDC-4.6-1981-6-10,1981,6,10,48.0115,-65.4771,Saccharina latissima,Random,NA,NA,NA,NA,0
6865,merinov_gosl,Gulf of Saint Lawrence,BDC,3.4,BDC-3.4-1981-6-10,1981,6,10,48.0121,-65.4761,Laminaria digitata,Random,NA,NA,0,0,0
6866,merinov_gosl,Gulf of Saint Lawrence,BDC,3.4,BDC-3.4-1981-6-10,1981,6,10,48.0121,-65.4761,Saccharina latissima,Random,NA,NA,NA,NA,0
6867,merinov_gosl,Gulf of Saint Lawrence,BDC,3.1,BDC-3.1-1981-6-10,1981,6,10,48.0127,-65.4752,Laminaria digitata,Random,NA,NA,0,0,0
6868,merinov_gosl,Gulf of Saint Lawrence,BDC,3.1,BDC-3.1-1981-6-10,1981,6,10,48.0127,-65.4752,Saccharina latissima,Random,NA,NA,NA,NA,0
6869,merinov_gosl,Gulf of Saint Lawrence,BDC,3.4,BDC-3.4-1981-6-10,1981,6,10,48.0134,-65.4742,Laminaria digitata,Random,NA,NA,0,0,0
6870,merinov_gosl,Gulf of Saint Lawrence,BDC,3.4,BDC-3.4-1981-6-10,1981,6,10,48.0134,-65.4742,Saccharina latissima,Random,NA,NA,NA,NA,0
6871,merinov_gosl,Gulf of Saint Lawrence,BDC,1.8,BDC-1.8-1981-6-10,1981,6,10,48.014,-65.4733,Laminaria digitata,Random,NA,NA,0,0,0
6872,merinov_gosl,Gulf of Saint Lawrence,BDC,1.8,BDC-1.8-1981-6-10,1981,6,10,48.014,-65.4733,Saccharina latissima,Random,NA,NA,NA,NA,0
6873,merinov_gosl,Gulf of Saint Lawrence,BDC,0.9,BDC-0.9-1981-6-10,1981,6,10,48.0147,-65.4723,Laminaria digitata,Random,NA,NA,0,0,0
6874,merinov_gosl,Gulf of Saint Lawrence,BDC,0.9,BDC-0.9-1981-6-10,1981,6,10,48.0147,-65.4723,Saccharina latissima,Random,NA,NA,NA,NA,0
6875,merinov_gosl,Gulf of Saint Lawrence,BDC,10.9,BDC-10.9-1981-6-3,1981,6,3,48.0196,-65.5096,Laminaria digitata,Random,NA,NA,0,0,0
6876,merinov_gosl,Gulf of Saint Lawrence,BDC,10.9,BDC-10.9-1981-6-3,1981,6,3,48.0196,-65.5096,Saccharina latissima,Random,NA,NA,NA,NA,0
6877,merinov_gosl,Gulf of Saint Lawrence,BDC,10.1,BDC-10.1-1981-6-3,1981,6,3,48.02,-65.5084,Laminaria digitata,Random,NA,NA,0,0,0
6878,merinov_gosl,Gulf of Saint Lawrence,BDC,10.1,BDC-10.1-1981-6-3,1981,6,3,48.02,-65.5084,Saccharina latissima,Random,NA,NA,NA,NA,0
6879,merinov_gosl,Gulf of Saint Lawrence,BDC,10.4,BDC-10.4-1981-6-3,1981,6,3,48.0204,-65.5072,Laminaria digitata,Random,NA,NA,3,3,0.001
6880,merinov_gosl,Gulf of Saint Lawrence,BDC,10.4,BDC-10.4-1981-6-3,1981,6,3,48.0204,-65.5072,Saccharina latissima,Random,NA,NA,NA,NA,0
6881,merinov_gosl,Gulf of Saint Lawrence,BDC,12.1,BDC-12.1-1981-6-3,1981,6,3,48.0208,-65.506,Laminaria digitata,Random,NA,NA,0,0,0
6882,merinov_gosl,Gulf of Saint Lawrence,BDC,12.1,BDC-12.1-1981-6-3,1981,6,3,48.0208,-65.506,Saccharina latissima,Random,NA,NA,NA,NA,0.008
6883,merinov_gosl,Gulf of Saint Lawrence,BDC,12.1,BDC-12.1-1981-6-3,1981,6,3,48.0213,-65.5049,Laminaria digitata,Random,NA,NA,1,1,0
6884,merinov_gosl,Gulf of Saint Lawrence,BDC,12.1,BDC-12.1-1981-6-3,1981,6,3,48.0213,-65.5049,Saccharina latissima,Random,NA,NA,NA,NA,0.449
6885,merinov_gosl,Gulf of Saint Lawrence,BDC,9.6,BDC-9.6-1981-6-3,1981,6,3,48.0217,-65.5037,Laminaria digitata,Random,NA,NA,2,2,0.003
6886,merinov_gosl,Gulf of Saint Lawrence,BDC,9.6,BDC-9.6-1981-6-3,1981,6,3,48.0217,-65.5037,Saccharina latissima,Random,NA,NA,NA,NA,0.096
6887,merinov_gosl,Gulf of Saint Lawrence,BDC,9.5,BDC-9.5-1981-6-3,1981,6,3,48.0221,-65.5025,Laminaria digitata,Random,NA,NA,2,2,0.002
6888,merinov_gosl,Gulf of Saint Lawrence,BDC,9.5,BDC-9.5-1981-6-3,1981,6,3,48.0221,-65.5025,Saccharina latissima,Random,NA,NA,NA,NA,0.063
6889,merinov_gosl,Gulf of Saint Lawrence,BDC,8,BDC-8-1981-6-3,1981,6,3,48.0225,-65.5013,Laminaria digitata,Random,NA,NA,0,0,0
6890,merinov_gosl,Gulf of Saint Lawrence,BDC,8,BDC-8-1981-6-3,1981,6,3,48.0225,-65.5013,Saccharina latissima,Random,NA,NA,NA,NA,3.605
6891,merinov_gosl,Gulf of Saint Lawrence,BDC,8,BDC-8-1981-6-3,1981,6,3,48.0229,-65.5001,Laminaria digitata,Random,NA,NA,0,0,0
6892,merinov_gosl,Gulf of Saint Lawrence,BDC,8,BDC-8-1981-6-3,1981,6,3,48.0229,-65.5001,Saccharina latissima,Random,NA,NA,NA,NA,0.032
6893,merinov_gosl,Gulf of Saint Lawrence,BDC,7.3,BDC-7.3-1981-6-3,1981,6,3,48.0234,-65.4989,Laminaria digitata,Random,NA,NA,0,0,0
6894,merinov_gosl,Gulf of Saint Lawrence,BDC,7.3,BDC-7.3-1981-6-3,1981,6,3,48.0234,-65.4989,Saccharina latissima,Random,NA,NA,NA,NA,0
6895,merinov_gosl,Gulf of Saint Lawrence,BDC,7.5,BDC-7.5-1981-6-3,1981,6,3,48.0238,-65.4977,Laminaria digitata,Random,NA,NA,0,0,0
6896,merinov_gosl,Gulf of Saint Lawrence,BDC,7.5,BDC-7.5-1981-6-3,1981,6,3,48.0238,-65.4977,Saccharina latissima,Random,NA,NA,NA,NA,0.05
6897,merinov_gosl,Gulf of Saint Lawrence,BDC,7.1,BDC-7.1-1981-6-3,1981,6,3,48.0242,-65.4966,Laminaria digitata,Random,NA,NA,0,0,0
6898,merinov_gosl,Gulf of Saint Lawrence,BDC,7.1,BDC-7.1-1981-6-3,1981,6,3,48.0242,-65.4966,Saccharina latissima,Random,NA,NA,NA,NA,0.52
6899,merinov_gosl,Gulf of Saint Lawrence,BDC,6.6,BDC-6.6-1981-6-3,1981,6,3,48.0246,-65.4954,Laminaria digitata,Random,NA,NA,0,0,0
6900,merinov_gosl,Gulf of Saint Lawrence,BDC,6.6,BDC-6.6-1981-6-3,1981,6,3,48.0246,-65.4954,Saccharina latissima,Random,NA,NA,NA,NA,0.026
6901,merinov_gosl,Gulf of Saint Lawrence,BDC,7.2,BDC-7.2-1981-6-3,1981,6,3,48.025,-65.4942,Laminaria digitata,Random,NA,NA,0,0,0
6902,merinov_gosl,Gulf of Saint Lawrence,BDC,7.2,BDC-7.2-1981-6-3,1981,6,3,48.025,-65.4942,Saccharina latissima,Random,NA,NA,NA,NA,0
6903,merinov_gosl,Gulf of Saint Lawrence,BDC,6.9,BDC-6.9-1981-6-3,1981,6,3,48.0255,-65.493,Laminaria digitata,Random,NA,NA,0,0,0
6904,merinov_gosl,Gulf of Saint Lawrence,BDC,6.9,BDC-6.9-1981-6-3,1981,6,3,48.0255,-65.493,Saccharina latissima,Random,NA,NA,NA,NA,0.579
6905,merinov_gosl,Gulf of Saint Lawrence,BDC,6.3,BDC-6.3-1981-6-3,1981,6,3,48.0259,-65.4918,Laminaria digitata,Random,NA,NA,0,0,0
6906,merinov_gosl,Gulf of Saint Lawrence,BDC,6.3,BDC-6.3-1981-6-3,1981,6,3,48.0259,-65.4918,Saccharina latissima,Random,NA,NA,NA,NA,0.291
6907,merinov_gosl,Gulf of Saint Lawrence,BDC,5.5,BDC-5.5-1981-6-3,1981,6,3,48.0263,-65.4906,Laminaria digitata,Random,NA,NA,0,0,0
6908,merinov_gosl,Gulf of Saint Lawrence,BDC,5.5,BDC-5.5-1981-6-3,1981,6,3,48.0263,-65.4906,Saccharina latissima,Random,NA,NA,NA,NA,0
6909,merinov_gosl,Gulf of Saint Lawrence,BDC,7.1,BDC-7.1-1981-6-3,1981,6,3,48.0267,-65.4894,Laminaria digitata,Random,NA,NA,0,0,0
6910,merinov_gosl,Gulf of Saint Lawrence,BDC,7.1,BDC-7.1-1981-6-3,1981,6,3,48.0267,-65.4894,Saccharina latissima,Random,NA,NA,NA,NA,7.888
6911,merinov_gosl,Gulf of Saint Lawrence,BDC,6.3,BDC-6.3-1981-6-3,1981,6,3,48.0271,-65.4883,Laminaria digitata,Random,NA,NA,0,0,0
6912,merinov_gosl,Gulf of Saint Lawrence,BDC,6.3,BDC-6.3-1981-6-3,1981,6,3,48.0271,-65.4883,Saccharina latissima,Random,NA,NA,NA,NA,0.72
6913,merinov_gosl,Gulf of Saint Lawrence,BDC,6.5,BDC-6.5-1981-6-3,1981,6,3,48.0276,-65.4871,Laminaria digitata,Random,NA,NA,0,0,0
6914,merinov_gosl,Gulf of Saint Lawrence,BDC,6.5,BDC-6.5-1981-6-3,1981,6,3,48.0276,-65.4871,Saccharina latissima,Random,NA,NA,NA,NA,0.324
6915,merinov_gosl,Gulf of Saint Lawrence,BDC,6.1,BDC-6.1-1981-6-3,1981,6,3,48.028,-65.4859,Laminaria digitata,Random,NA,NA,0,0,0
6916,merinov_gosl,Gulf of Saint Lawrence,BDC,6.1,BDC-6.1-1981-6-3,1981,6,3,48.028,-65.4859,Saccharina latissima,Random,NA,NA,NA,NA,0.47
6917,merinov_gosl,Gulf of Saint Lawrence,BDC,4.7,BDC-4.7-1981-6-3,1981,6,3,48.0284,-65.4847,Laminaria digitata,Random,NA,NA,0,0,0
6918,merinov_gosl,Gulf of Saint Lawrence,BDC,4.7,BDC-4.7-1981-6-3,1981,6,3,48.0284,-65.4847,Saccharina latissima,Random,NA,NA,NA,NA,0.126
6919,merinov_gosl,Gulf of Saint Lawrence,BDC,4.2,BDC-4.2-1981-6-3,1981,6,3,48.0288,-65.4835,Laminaria digitata,Random,NA,NA,0,0,0
6920,merinov_gosl,Gulf of Saint Lawrence,BDC,4.2,BDC-4.2-1981-6-3,1981,6,3,48.0288,-65.4835,Saccharina latissima,Random,NA,NA,NA,NA,0
6921,merinov_gosl,Gulf of Saint Lawrence,BDC,2.8,BDC-2.8-1981-6-3,1981,6,3,48.0292,-65.4823,Laminaria digitata,Random,NA,NA,0,0,0
6922,merinov_gosl,Gulf of Saint Lawrence,BDC,2.8,BDC-2.8-1981-6-3,1981,6,3,48.0292,-65.4823,Saccharina latissima,Random,NA,NA,NA,NA,0
6923,merinov_gosl,Gulf of Saint Lawrence,BDC,1.2,BDC-1.2-1981-6-3,1981,6,3,48.0297,-65.4811,Laminaria digitata,Random,NA,NA,0,0,0
6924,merinov_gosl,Gulf of Saint Lawrence,BDC,1.2,BDC-1.2-1981-6-3,1981,6,3,48.0297,-65.4811,Saccharina latissima,Random,NA,NA,NA,NA,0
6925,merinov_gosl,Gulf of Saint Lawrence,BDC,14.5,BDC-14.5-1981-6-22,1981,6,22,48.1033,-65.74,Laminaria digitata,Random,NA,NA,NA,NA,0
6926,merinov_gosl,Gulf of Saint Lawrence,BDC,14.5,BDC-14.5-1981-6-22,1981,6,22,48.1033,-65.74,Saccharina latissima,Random,NA,NA,NA,NA,0
6927,merinov_gosl,Gulf of Saint Lawrence,BDC,16.3,BDC-16.3-1981-6-22,1981,6,22,48.1038,-65.74,Laminaria digitata,Random,NA,NA,NA,NA,0
6928,merinov_gosl,Gulf of Saint Lawrence,BDC,16.3,BDC-16.3-1981-6-22,1981,6,22,48.1038,-65.74,Saccharina latissima,Random,NA,NA,NA,NA,0
6929,merinov_gosl,Gulf of Saint Lawrence,BDC,12.3,BDC-12.3-1981-6-22,1981,6,22,48.1042,-65.74,Laminaria digitata,Random,NA,NA,NA,NA,0
6930,merinov_gosl,Gulf of Saint Lawrence,BDC,12.3,BDC-12.3-1981-6-22,1981,6,22,48.1042,-65.74,Saccharina latissima,Random,NA,NA,NA,NA,0
6931,merinov_gosl,Gulf of Saint Lawrence,BDC,8.5,BDC-8.5-1981-6-22,1981,6,22,48.1047,-65.74,Laminaria digitata,Random,NA,NA,11,11,0.001
6932,merinov_gosl,Gulf of Saint Lawrence,BDC,8.5,BDC-8.5-1981-6-22,1981,6,22,48.1047,-65.74,Saccharina latissima,Random,NA,NA,NA,NA,0
6933,merinov_gosl,Gulf of Saint Lawrence,BDC,9.1,BDC-9.1-1981-6-22,1981,6,22,48.1051,-65.7401,Laminaria digitata,Random,NA,NA,1,1,0.001
6934,merinov_gosl,Gulf of Saint Lawrence,BDC,9.1,BDC-9.1-1981-6-22,1981,6,22,48.1051,-65.7401,Saccharina latissima,Random,NA,NA,NA,NA,0
6935,merinov_gosl,Gulf of Saint Lawrence,BDC,9.5,BDC-9.5-1981-6-22,1981,6,22,48.1056,-65.7401,Laminaria digitata,Random,NA,NA,0,0,0
6936,merinov_gosl,Gulf of Saint Lawrence,BDC,9.5,BDC-9.5-1981-6-22,1981,6,22,48.1056,-65.7401,Saccharina latissima,Random,NA,NA,NA,NA,0.314
6937,merinov_gosl,Gulf of Saint Lawrence,BDC,8.9,BDC-8.9-1981-6-22,1981,6,22,48.106,-65.7401,Laminaria digitata,Random,NA,NA,2,2,0.001
6938,merinov_gosl,Gulf of Saint Lawrence,BDC,8.9,BDC-8.9-1981-6-22,1981,6,22,48.106,-65.7401,Saccharina latissima,Random,NA,NA,NA,NA,0.42
6939,merinov_gosl,Gulf of Saint Lawrence,BDC,8.4,BDC-8.4-1981-6-22,1981,6,22,48.1065,-65.7401,Laminaria digitata,Random,NA,NA,2,2,0
6940,merinov_gosl,Gulf of Saint Lawrence,BDC,8.4,BDC-8.4-1981-6-22,1981,6,22,48.1065,-65.7401,Saccharina latissima,Random,NA,NA,NA,NA,0
6941,merinov_gosl,Gulf of Saint Lawrence,BDC,8.4,BDC-8.4-1981-6-22,1981,6,22,48.1069,-65.7402,Laminaria digitata,Random,NA,NA,5,5,0.001
6942,merinov_gosl,Gulf of Saint Lawrence,BDC,8.4,BDC-8.4-1981-6-22,1981,6,22,48.1069,-65.7402,Saccharina latissima,Random,NA,NA,NA,NA,0.411
6943,merinov_gosl,Gulf of Saint Lawrence,BDC,8.6,BDC-8.6-1981-6-22,1981,6,22,48.1074,-65.7402,Laminaria digitata,Random,NA,NA,0,0,0
6944,merinov_gosl,Gulf of Saint Lawrence,BDC,8.6,BDC-8.6-1981-6-22,1981,6,22,48.1074,-65.7402,Saccharina latissima,Random,NA,NA,NA,NA,0.014
6945,merinov_gosl,Gulf of Saint Lawrence,BDC,8.4,BDC-8.4-1981-6-22,1981,6,22,48.1078,-65.7402,Laminaria digitata,Random,NA,NA,1,1,0.001
6946,merinov_gosl,Gulf of Saint Lawrence,BDC,8.4,BDC-8.4-1981-6-22,1981,6,22,48.1078,-65.7402,Saccharina latissima,Random,NA,NA,NA,NA,0.758
6947,merinov_gosl,Gulf of Saint Lawrence,BDC,9,BDC-9-1981-6-22,1981,6,22,48.1083,-65.7402,Laminaria digitata,Random,NA,NA,NA,NA,0.002
6948,merinov_gosl,Gulf of Saint Lawrence,BDC,9,BDC-9-1981-6-22,1981,6,22,48.1083,-65.7402,Saccharina latissima,Random,NA,NA,NA,NA,0.166
6949,merinov_gosl,Gulf of Saint Lawrence,BDC,7.9,BDC-7.9-1981-6-22,1981,6,22,48.1087,-65.7402,Laminaria digitata,Random,NA,NA,NA,NA,0
6950,merinov_gosl,Gulf of Saint Lawrence,BDC,7.9,BDC-7.9-1981-6-22,1981,6,22,48.1087,-65.7402,Saccharina latissima,Random,NA,NA,NA,NA,0
6951,merinov_gosl,Gulf of Saint Lawrence,BDC,7.8,BDC-7.8-1981-6-22,1981,6,22,48.1092,-65.7403,Laminaria digitata,Random,NA,NA,NA,NA,0
6952,merinov_gosl,Gulf of Saint Lawrence,BDC,7.8,BDC-7.8-1981-6-22,1981,6,22,48.1092,-65.7403,Saccharina latissima,Random,NA,NA,NA,NA,0
6953,merinov_gosl,Gulf of Saint Lawrence,BDC,6.5,BDC-6.5-1981-6-22,1981,6,22,48.1096,-65.7403,Laminaria digitata,Random,NA,NA,NA,NA,0
6954,merinov_gosl,Gulf of Saint Lawrence,BDC,6.5,BDC-6.5-1981-6-22,1981,6,22,48.1096,-65.7403,Saccharina latissima,Random,NA,NA,NA,NA,0
6955,merinov_gosl,Gulf of Saint Lawrence,BDC,5.4,BDC-5.4-1981-6-22,1981,6,22,48.1101,-65.7403,Laminaria digitata,Random,NA,NA,NA,NA,0
6956,merinov_gosl,Gulf of Saint Lawrence,BDC,5.4,BDC-5.4-1981-6-22,1981,6,22,48.1101,-65.7403,Saccharina latissima,Random,NA,NA,NA,NA,0
6957,merinov_gosl,Gulf of Saint Lawrence,BDC,4.4,BDC-4.4-1981-6-22,1981,6,22,48.1105,-65.7403,Laminaria digitata,Random,NA,NA,NA,NA,0
6958,merinov_gosl,Gulf of Saint Lawrence,BDC,4.4,BDC-4.4-1981-6-22,1981,6,22,48.1105,-65.7403,Saccharina latissima,Random,NA,NA,NA,NA,0
6959,merinov_gosl,Gulf of Saint Lawrence,BDC,3.3,BDC-3.3-1981-6-22,1981,6,22,48.111,-65.7404,Laminaria digitata,Random,NA,NA,NA,NA,0
6960,merinov_gosl,Gulf of Saint Lawrence,BDC,3.3,BDC-3.3-1981-6-22,1981,6,22,48.111,-65.7404,Saccharina latissima,Random,NA,NA,NA,NA,0
6961,merinov_gosl,Gulf of Saint Lawrence,BDC,11.6,BDC-11.6-1981-6-26,1981,6,26,48.1113,-65.7671,Laminaria digitata,Random,NA,NA,0,0,0
6962,merinov_gosl,Gulf of Saint Lawrence,BDC,11.6,BDC-11.6-1981-6-26,1981,6,26,48.1113,-65.7671,Saccharina latissima,Random,NA,NA,NA,NA,0
6963,merinov_gosl,Gulf of Saint Lawrence,BDC,2.6,BDC-2.6-1981-6-22,1981,6,22,48.1114,-65.7404,Laminaria digitata,Random,NA,NA,0,0,0
6964,merinov_gosl,Gulf of Saint Lawrence,BDC,2.6,BDC-2.6-1981-6-22,1981,6,22,48.1114,-65.7404,Saccharina latissima,Random,NA,NA,NA,NA,0
6965,merinov_gosl,Gulf of Saint Lawrence,BDC,10.1,BDC-10.1-1981-6-26,1981,6,26,48.1117,-65.7671,Laminaria digitata,Random,NA,NA,3,3,0.001
6966,merinov_gosl,Gulf of Saint Lawrence,BDC,10.1,BDC-10.1-1981-6-26,1981,6,26,48.1117,-65.7671,Saccharina latissima,Random,NA,NA,NA,NA,0.24
6967,merinov_gosl,Gulf of Saint Lawrence,BDC,4.4,BDC-4.4-1981-6-22,1981,6,22,48.1119,-65.7404,Laminaria digitata,Random,NA,NA,0,0,0
6968,merinov_gosl,Gulf of Saint Lawrence,BDC,4.4,BDC-4.4-1981-6-22,1981,6,22,48.1119,-65.7404,Saccharina latissima,Random,NA,NA,NA,NA,0
6969,merinov_gosl,Gulf of Saint Lawrence,BDC,9.4,BDC-9.4-1981-6-26,1981,6,26,48.1122,-65.7671,Laminaria digitata,Random,NA,NA,0,0,0
6970,merinov_gosl,Gulf of Saint Lawrence,BDC,9.4,BDC-9.4-1981-6-26,1981,6,26,48.1122,-65.7671,Saccharina latissima,Random,NA,NA,NA,NA,1.327
6971,merinov_gosl,Gulf of Saint Lawrence,BDC,3.3,BDC-3.3-1981-6-22,1981,6,22,48.1123,-65.7404,Laminaria digitata,Random,NA,NA,9,9,0.006
6972,merinov_gosl,Gulf of Saint Lawrence,BDC,3.3,BDC-3.3-1981-6-22,1981,6,22,48.1123,-65.7404,Saccharina latissima,Random,NA,NA,NA,NA,0.053
6973,merinov_gosl,Gulf of Saint Lawrence,BDC,9.5,BDC-9.5-1981-6-26,1981,6,26,48.1126,-65.7671,Laminaria digitata,Random,NA,NA,2,2,0.001
6974,merinov_gosl,Gulf of Saint Lawrence,BDC,9.5,BDC-9.5-1981-6-26,1981,6,26,48.1126,-65.7671,Saccharina latissima,Random,NA,NA,NA,NA,0.801
6975,merinov_gosl,Gulf of Saint Lawrence,BDC,1.6,BDC-1.6-1981-6-22,1981,6,22,48.1128,-65.7405,Laminaria digitata,Random,NA,NA,10,10,0.002
6976,merinov_gosl,Gulf of Saint Lawrence,BDC,1.6,BDC-1.6-1981-6-22,1981,6,22,48.1128,-65.7405,Saccharina latissima,Random,NA,NA,NA,NA,1.339
6977,merinov_gosl,Gulf of Saint Lawrence,BDC,8.1,BDC-8.1-1981-6-26,1981,6,26,48.1131,-65.7672,Laminaria digitata,Random,NA,NA,8,8,0.002
6978,merinov_gosl,Gulf of Saint Lawrence,BDC,8.1,BDC-8.1-1981-6-26,1981,6,26,48.1131,-65.7672,Saccharina latissima,Random,NA,NA,NA,NA,0.718
6979,merinov_gosl,Gulf of Saint Lawrence,BDC,0.5,BDC-0.5-1981-6-22,1981,6,22,48.1132,-65.7405,Laminaria digitata,Random,NA,NA,21,21,0.003
6980,merinov_gosl,Gulf of Saint Lawrence,BDC,0.5,BDC-0.5-1981-6-22,1981,6,22,48.1132,-65.7405,Saccharina latissima,Random,NA,NA,NA,NA,0.136
6981,merinov_gosl,Gulf of Saint Lawrence,BDC,6.7,BDC-6.7-1981-6-26,1981,6,26,48.1135,-65.7672,Laminaria digitata,Random,NA,NA,0,0,0
6982,merinov_gosl,Gulf of Saint Lawrence,BDC,6.7,BDC-6.7-1981-6-26,1981,6,26,48.1135,-65.7672,Saccharina latissima,Random,NA,NA,NA,NA,0
6983,merinov_gosl,Gulf of Saint Lawrence,BDC,0,BDC-0-1981-6-22,1981,6,22,48.1137,-65.7405,Laminaria digitata,Random,NA,NA,4,4,0.001
6984,merinov_gosl,Gulf of Saint Lawrence,BDC,0,BDC-0-1981-6-22,1981,6,22,48.1137,-65.7405,Saccharina latissima,Random,NA,NA,NA,NA,0.371
6985,merinov_gosl,Gulf of Saint Lawrence,BDC,5.5,BDC-5.5-1981-6-26,1981,6,26,48.114,-65.7672,Laminaria digitata,Random,NA,NA,1,1,0
6986,merinov_gosl,Gulf of Saint Lawrence,BDC,5.5,BDC-5.5-1981-6-26,1981,6,26,48.114,-65.7672,Saccharina latissima,Random,NA,NA,NA,NA,0
6987,merinov_gosl,Gulf of Saint Lawrence,BDC,0,BDC-0-1981-6-22,1981,6,22,48.1141,-65.7405,Laminaria digitata,Random,NA,NA,8,8,0.001
6988,merinov_gosl,Gulf of Saint Lawrence,BDC,0,BDC-0-1981-6-22,1981,6,22,48.1141,-65.7405,Saccharina latissima,Random,NA,NA,NA,NA,0
6989,merinov_gosl,Gulf of Saint Lawrence,BDC,4,BDC-4-1981-6-26,1981,6,26,48.1144,-65.7672,Laminaria digitata,Random,NA,NA,5,5,0.001
6990,merinov_gosl,Gulf of Saint Lawrence,BDC,4,BDC-4-1981-6-26,1981,6,26,48.1144,-65.7672,Saccharina latissima,Random,NA,NA,NA,NA,0.001
6991,merinov_gosl,Gulf of Saint Lawrence,BDC,11.3,BDC-11.3-1981-6-30,1981,6,30,48.1146,-65.7806,Laminaria digitata,Random,NA,NA,0,0,0
6992,merinov_gosl,Gulf of Saint Lawrence,BDC,11.3,BDC-11.3-1981-6-30,1981,6,30,48.1146,-65.7806,Saccharina latissima,Random,NA,NA,NA,NA,0
6993,merinov_gosl,Gulf of Saint Lawrence,BDC,3.2,BDC-3.2-1981-6-26,1981,6,26,48.1149,-65.7673,Laminaria digitata,Random,NA,NA,3,3,0.001
6994,merinov_gosl,Gulf of Saint Lawrence,BDC,3.2,BDC-3.2-1981-6-26,1981,6,26,48.1149,-65.7673,Saccharina latissima,Random,NA,NA,NA,NA,0.009
6995,merinov_gosl,Gulf of Saint Lawrence,BDC,10,BDC-10-1981-6-30,1981,6,30,48.1151,-65.7807,Laminaria digitata,Random,NA,NA,0,0,0
6996,merinov_gosl,Gulf of Saint Lawrence,BDC,10,BDC-10-1981-6-30,1981,6,30,48.1151,-65.7807,Saccharina latissima,Random,NA,NA,NA,NA,0
6997,merinov_gosl,Gulf of Saint Lawrence,BDC,2.4,BDC-2.4-1981-6-26,1981,6,26,48.1153,-65.7673,Laminaria digitata,Random,NA,NA,0,0,0
6998,merinov_gosl,Gulf of Saint Lawrence,BDC,2.4,BDC-2.4-1981-6-26,1981,6,26,48.1153,-65.7673,Saccharina latissima,Random,NA,NA,NA,NA,0
6999,merinov_gosl,Gulf of Saint Lawrence,BDC,8.4,BDC-8.4-1981-6-30,1981,6,30,48.1155,-65.7807,Laminaria digitata,Random,NA,NA,1,1,0.001
7000,merinov_gosl,Gulf of Saint Lawrence,BDC,8.4,BDC-8.4-1981-6-30,1981,6,30,48.1155,-65.7807,Saccharina latissima,Random,NA,NA,NA,NA,0.104
7001,merinov_gosl,Gulf of Saint Lawrence,BDC,0.2,BDC-0.2-1981-6-26,1981,6,26,48.1158,-65.7673,Laminaria digitata,Random,NA,NA,9,9,0.002
7002,merinov_gosl,Gulf of Saint Lawrence,BDC,0.2,BDC-0.2-1981-6-26,1981,6,26,48.1158,-65.7673,Saccharina latissima,Random,NA,NA,NA,NA,0.009
7003,merinov_gosl,Gulf of Saint Lawrence,BDC,7.2,BDC-7.2-1981-6-30,1981,6,30,48.116,-65.7807,Laminaria digitata,Random,NA,NA,0,0,0
7004,merinov_gosl,Gulf of Saint Lawrence,BDC,7.2,BDC-7.2-1981-6-30,1981,6,30,48.116,-65.7807,Saccharina latissima,Random,NA,NA,NA,NA,0
7005,merinov_gosl,Gulf of Saint Lawrence,BDC,0,BDC-0-1981-6-26,1981,6,26,48.1162,-65.7673,Laminaria digitata,Random,NA,NA,1,1,0.001
7006,merinov_gosl,Gulf of Saint Lawrence,BDC,0,BDC-0-1981-6-26,1981,6,26,48.1162,-65.7673,Saccharina latissima,Random,NA,NA,NA,NA,0
7007,merinov_gosl,Gulf of Saint Lawrence,BDC,4.5,BDC-4.5-1981-6-30,1981,6,30,48.1164,-65.7807,Laminaria digitata,Random,NA,NA,2,2,0.001
7008,merinov_gosl,Gulf of Saint Lawrence,BDC,4.5,BDC-4.5-1981-6-30,1981,6,30,48.1164,-65.7807,Saccharina latissima,Random,NA,NA,NA,NA,0
7009,merinov_gosl,Gulf of Saint Lawrence,BDC,4.2,BDC-4.2-1981-6-30,1981,6,30,48.1169,-65.7808,Laminaria digitata,Random,NA,NA,5,5,0.004
7010,merinov_gosl,Gulf of Saint Lawrence,BDC,4.2,BDC-4.2-1981-6-30,1981,6,30,48.1169,-65.7808,Saccharina latissima,Random,NA,NA,NA,NA,0.418
7011,merinov_gosl,Gulf of Saint Lawrence,BDC,1.7,BDC-1.7-1981-6-30,1981,6,30,48.1173,-65.7808,Laminaria digitata,Random,NA,NA,76,76,0.206
7012,merinov_gosl,Gulf of Saint Lawrence,BDC,1.7,BDC-1.7-1981-6-30,1981,6,30,48.1173,-65.7808,Saccharina latissima,Random,NA,NA,NA,NA,0
7013,merinov_gosl,Gulf of Saint Lawrence,BDC,0.3,BDC-0.3-1981-6-30,1981,6,30,48.1178,-65.7808,Laminaria digitata,Random,NA,NA,22,22,0.001
7014,merinov_gosl,Gulf of Saint Lawrence,BDC,0.3,BDC-0.3-1981-6-30,1981,6,30,48.1178,-65.7808,Saccharina latissima,Random,NA,NA,NA,NA,0
7015,merinov_gosl,Gulf of Saint Lawrence,BDC,13.3,BDC-13.3-1981-7-2,1981,7,2,48.1171,-65.7938,Laminaria digitata,Random,NA,NA,0,0,0
7016,merinov_gosl,Gulf of Saint Lawrence,BDC,13.3,BDC-13.3-1981-7-2,1981,7,2,48.1171,-65.7938,Saccharina latissima,Random,NA,NA,NA,NA,0
7017,merinov_gosl,Gulf of Saint Lawrence,BDC,13,BDC-13-1981-7-2,1981,7,2,48.1176,-65.7938,Laminaria digitata,Random,NA,NA,0,0,0
7018,merinov_gosl,Gulf of Saint Lawrence,BDC,13,BDC-13-1981-7-2,1981,7,2,48.1176,-65.7938,Saccharina latissima,Random,NA,NA,NA,NA,0
7019,merinov_gosl,Gulf of Saint Lawrence,BDC,11.1,BDC-11.1-1981-7-2,1981,7,2,48.118,-65.7939,Laminaria digitata,Random,NA,NA,0,0,0
7020,merinov_gosl,Gulf of Saint Lawrence,BDC,11.1,BDC-11.1-1981-7-2,1981,7,2,48.118,-65.7939,Saccharina latissima,Random,NA,NA,NA,NA,0
7021,merinov_gosl,Gulf of Saint Lawrence,BDC,8.8,BDC-8.8-1981-7-2,1981,7,2,48.1185,-65.7939,Laminaria digitata,Random,NA,NA,0,0,0
7022,merinov_gosl,Gulf of Saint Lawrence,BDC,8.8,BDC-8.8-1981-7-2,1981,7,2,48.1185,-65.7939,Saccharina latissima,Random,NA,NA,NA,NA,0
7023,merinov_gosl,Gulf of Saint Lawrence,BDC,6.3,BDC-6.3-1981-7-2,1981,7,2,48.1189,-65.7939,Laminaria digitata,Random,NA,NA,0,0,0
7024,merinov_gosl,Gulf of Saint Lawrence,BDC,6.3,BDC-6.3-1981-7-2,1981,7,2,48.1189,-65.7939,Saccharina latissima,Random,NA,NA,NA,NA,0
7025,merinov_gosl,Gulf of Saint Lawrence,BDC,3.5,BDC-3.5-1981-7-2,1981,7,2,48.1194,-65.7939,Laminaria digitata,Random,NA,NA,0,0,0
7026,merinov_gosl,Gulf of Saint Lawrence,BDC,3.5,BDC-3.5-1981-7-2,1981,7,2,48.1194,-65.7939,Saccharina latissima,Random,NA,NA,NA,NA,0
7027,merinov_gosl,Gulf of Saint Lawrence,BDC,15.4,BDC-15.4-1981-7-2,1981,7,2,48.1218,-65.816,Laminaria digitata,Random,NA,NA,0,0,0
7028,merinov_gosl,Gulf of Saint Lawrence,BDC,15.4,BDC-15.4-1981-7-2,1981,7,2,48.1218,-65.816,Saccharina latissima,Random,NA,NA,NA,NA,0
7029,merinov_gosl,Gulf of Saint Lawrence,BDC,10.6,BDC-10.6-1981-7-2,1981,7,2,48.1223,-65.8159,Laminaria digitata,Random,NA,NA,0,0,0
7030,merinov_gosl,Gulf of Saint Lawrence,BDC,10.6,BDC-10.6-1981-7-2,1981,7,2,48.1223,-65.8159,Saccharina latissima,Random,NA,NA,NA,NA,0.151
7031,merinov_gosl,Gulf of Saint Lawrence,BDC,7.2,BDC-7.2-1981-7-2,1981,7,2,48.1227,-65.8157,Laminaria digitata,Random,NA,NA,3,3,0.01
7032,merinov_gosl,Gulf of Saint Lawrence,BDC,7.2,BDC-7.2-1981-7-2,1981,7,2,48.1227,-65.8157,Saccharina latissima,Random,NA,NA,NA,NA,0
7033,merinov_gosl,Gulf of Saint Lawrence,BDC,5,BDC-5-1981-7-2,1981,7,2,48.1231,-65.8156,Laminaria digitata,Random,NA,NA,0,0,0
7034,merinov_gosl,Gulf of Saint Lawrence,BDC,5,BDC-5-1981-7-2,1981,7,2,48.1231,-65.8156,Saccharina latissima,Random,NA,NA,NA,NA,0