"Entry","Study","Region","Site","Depth.m","Sample.ID","Sample.Year","Sample.Month","Sample.Day","Latitude","Longitude","Taxon","Fixed.or.Random","Sample.Unit.Size.sq.m","Percent.Cover","Stipe.Density.num.per.sq.m","Individual.Density.num.per.sq.m","Biomass.kg.wet.per.sq.m"
1,"sw_newfoundland_gagnon",NA,"Margaree",4.1,"Margaree-112-2024-8",2024,8,27,47.5733402757153,-59.0624698910257,"Agarum_clathratum","Random",0.25,0,NA,NA,NA
2,"sw_newfoundland_gagnon",NA,"Margaree",4.1,"Margaree-112-2024-8",2024,8,27,47.5733402757153,-59.0624698910257,"Alaria_esculenta","Random",0.25,0,NA,NA,NA
3,"sw_newfoundland_gagnon",NA,"Margaree",4.1,"Margaree-112-2024-8",2024,8,27,47.5733402757153,-59.0624698910257,"Laminaria_digitata","Random",0.25,0,NA,NA,NA
4,"sw_newfoundland_gagnon",NA,"Margaree",4.1,"Margaree-112-2024-8",2024,8,27,47.5733402757153,-59.0624698910257,"Laminaria_solidungula","Random",0.25,0,NA,NA,NA
5,"sw_newfoundland_gagnon",NA,"Margaree",4.1,"Margaree-112-2024-8",2024,8,27,47.5733402757153,-59.0624698910257,"Saccharina_longicruris","Random",0.25,0,NA,NA,NA
6,"sw_newfoundland_gagnon",NA,"Margaree",4.1,"Margaree-112-2024-8",2024,8,27,47.5733402757153,-59.0624698910257,"Saccharina_latissima","Random",0.25,0,NA,NA,NA
7,"sw_newfoundland_gagnon",NA,"Margaree",4.1,"Margaree-112-2024-8",2024,8,27,47.5733402757153,-59.0624698910257,"Unidentified_kelp","Random",0.25,0,NA,NA,NA
8,"sw_newfoundland_gagnon",NA,"Margaree",4.1,"Margaree-113-2024-8",2024,8,27,47.5734679731005,-59.062352717177,"Agarum_clathratum","Random",0.25,0,NA,NA,NA
9,"sw_newfoundland_gagnon",NA,"Margaree",4.1,"Margaree-113-2024-8",2024,8,27,47.5734679731005,-59.062352717177,"Alaria_esculenta","Random",0.25,0,NA,NA,NA
10,"sw_newfoundland_gagnon",NA,"Margaree",4.1,"Margaree-113-2024-8",2024,8,27,47.5734679731005,-59.062352717177,"Laminaria_digitata","Random",0.25,0,NA,NA,NA
11,"sw_newfoundland_gagnon",NA,"Margaree",4.1,"Margaree-113-2024-8",2024,8,27,47.5734679731005,-59.062352717177,"Laminaria_solidungula","Random",0.25,0,NA,NA,NA
12,"sw_newfoundland_gagnon",NA,"Margaree",4.1,"Margaree-113-2024-8",2024,8,27,47.5734679731005,-59.062352717177,"Saccharina_longicruris","Random",0.25,0,NA,NA,NA
13,"sw_newfoundland_gagnon",NA,"Margaree",4.1,"Margaree-113-2024-8",2024,8,27,47.5734679731005,-59.062352717177,"Saccharina_latissima","Random",0.25,0,NA,NA,NA
14,"sw_newfoundland_gagnon",NA,"Margaree",4.1,"Margaree-113-2024-8",2024,8,27,47.5734679731005,-59.062352717177,"Unidentified_kelp","Random",0.25,0,NA,NA,NA
15,"sw_newfoundland_gagnon",NA,"Margaree",4,"Margaree-114-2024-8",2024,8,27,47.5736686397911,-59.0621904764635,"Agarum_clathratum","Random",0.25,0,NA,NA,NA
16,"sw_newfoundland_gagnon",NA,"Margaree",4,"Margaree-114-2024-8",2024,8,27,47.5736686397911,-59.0621904764635,"Alaria_esculenta","Random",0.25,0,NA,NA,NA
17,"sw_newfoundland_gagnon",NA,"Margaree",4,"Margaree-114-2024-8",2024,8,27,47.5736686397911,-59.0621904764635,"Laminaria_digitata","Random",0.25,0,NA,NA,NA
18,"sw_newfoundland_gagnon",NA,"Margaree",4,"Margaree-114-2024-8",2024,8,27,47.5736686397911,-59.0621904764635,"Laminaria_solidungula","Random",0.25,0,NA,NA,NA
19,"sw_newfoundland_gagnon",NA,"Margaree",4,"Margaree-114-2024-8",2024,8,27,47.5736686397911,-59.0621904764635,"Saccharina_longicruris","Random",0.25,0,NA,NA,NA
20,"sw_newfoundland_gagnon",NA,"Margaree",4,"Margaree-114-2024-8",2024,8,27,47.5736686397911,-59.0621904764635,"Saccharina_latissima","Random",0.25,0,NA,NA,NA
21,"sw_newfoundland_gagnon",NA,"Margaree",4,"Margaree-114-2024-8",2024,8,27,47.5736686397911,-59.0621904764635,"Unidentified_kelp","Random",0.25,0,NA,NA,NA
22,"sw_newfoundland_gagnon",NA,"Margaree",4,"Margaree-115-2024-8",2024,8,27,47.5738510633879,-59.0620282357499,"Agarum_clathratum","Random",0.25,4,NA,NA,NA
23,"sw_newfoundland_gagnon",NA,"Margaree",4,"Margaree-115-2024-8",2024,8,27,47.5738510633879,-59.0620282357499,"Alaria_esculenta","Random",0.25,0,NA,NA,NA
24,"sw_newfoundland_gagnon",NA,"Margaree",4,"Margaree-115-2024-8",2024,8,27,47.5738510633879,-59.0620282357499,"Laminaria_digitata","Random",0.25,0,NA,NA,NA
25,"sw_newfoundland_gagnon",NA,"Margaree",4,"Margaree-115-2024-8",2024,8,27,47.5738510633879,-59.0620282357499,"Laminaria_solidungula","Random",0.25,0,NA,NA,NA
26,"sw_newfoundland_gagnon",NA,"Margaree",4,"Margaree-115-2024-8",2024,8,27,47.5738510633879,-59.0620282357499,"Saccharina_longicruris","Random",0.25,0,NA,NA,NA
27,"sw_newfoundland_gagnon",NA,"Margaree",4,"Margaree-115-2024-8",2024,8,27,47.5738510633879,-59.0620282357499,"Saccharina_latissima","Random",0.25,0,NA,NA,NA
28,"sw_newfoundland_gagnon",NA,"Margaree",4,"Margaree-115-2024-8",2024,8,27,47.5738510633879,-59.0620282357499,"Unidentified_kelp","Random",0.25,0,NA,NA,NA
29,"sw_newfoundland_gagnon",NA,"Margaree",3.1,"Margaree-116-2024-8",2024,8,27,47.5739726787661,-59.0618119147986,"Agarum_clathratum","Random",0.25,0,NA,NA,NA
30,"sw_newfoundland_gagnon",NA,"Margaree",3.1,"Margaree-116-2024-8",2024,8,27,47.5739726787661,-59.0618119147986,"Alaria_esculenta","Random",0.25,0,NA,NA,NA
31,"sw_newfoundland_gagnon",NA,"Margaree",3.1,"Margaree-116-2024-8",2024,8,27,47.5739726787661,-59.0618119147986,"Laminaria_digitata","Random",0.25,0,NA,NA,NA
32,"sw_newfoundland_gagnon",NA,"Margaree",3.1,"Margaree-116-2024-8",2024,8,27,47.5739726787661,-59.0618119147986,"Laminaria_solidungula","Random",0.25,0,NA,NA,NA
33,"sw_newfoundland_gagnon",NA,"Margaree",3.1,"Margaree-116-2024-8",2024,8,27,47.5739726787661,-59.0618119147986,"Saccharina_longicruris","Random",0.25,0,NA,NA,NA
34,"sw_newfoundland_gagnon",NA,"Margaree",3.1,"Margaree-116-2024-8",2024,8,27,47.5739726787661,-59.0618119147986,"Saccharina_latissima","Random",0.25,0,NA,NA,NA
35,"sw_newfoundland_gagnon",NA,"Margaree",3.1,"Margaree-116-2024-8",2024,8,27,47.5739726787661,-59.0618119147986,"Unidentified_kelp","Random",0.25,0,NA,NA,NA
36,"sw_newfoundland_gagnon",NA,"Margaree",3.6,"Margaree-117-2024-8",2024,8,27,47.5738997095731,-59.0616046072201,"Agarum_clathratum","Random",0.25,24,NA,NA,NA
37,"sw_newfoundland_gagnon",NA,"Margaree",3.6,"Margaree-117-2024-8",2024,8,27,47.5738997095731,-59.0616046072201,"Alaria_esculenta","Random",0.25,0,NA,NA,NA
38,"sw_newfoundland_gagnon",NA,"Margaree",3.6,"Margaree-117-2024-8",2024,8,27,47.5738997095731,-59.0616046072201,"Laminaria_digitata","Random",0.25,0,NA,NA,NA
39,"sw_newfoundland_gagnon",NA,"Margaree",3.6,"Margaree-117-2024-8",2024,8,27,47.5738997095731,-59.0616046072201,"Laminaria_solidungula","Random",0.25,4,NA,NA,NA
40,"sw_newfoundland_gagnon",NA,"Margaree",3.6,"Margaree-117-2024-8",2024,8,27,47.5738997095731,-59.0616046072201,"Saccharina_longicruris","Random",0.25,0,NA,NA,NA
41,"sw_newfoundland_gagnon",NA,"Margaree",3.6,"Margaree-117-2024-8",2024,8,27,47.5738997095731,-59.0616046072201,"Saccharina_latissima","Random",0.25,0,NA,NA,NA
42,"sw_newfoundland_gagnon",NA,"Margaree",3.6,"Margaree-117-2024-8",2024,8,27,47.5738997095731,-59.0616046072201,"Unidentified_kelp","Random",0.25,0,NA,NA,NA
43,"sw_newfoundland_gagnon",NA,"Margaree",3.5,"Margaree-118-2024-8",2024,8,27,47.5737841748095,-59.0614063130147,"Agarum_clathratum","Random",0.25,0,NA,NA,NA
44,"sw_newfoundland_gagnon",NA,"Margaree",3.5,"Margaree-118-2024-8",2024,8,27,47.5737841748095,-59.0614063130147,"Alaria_esculenta","Random",0.25,0,NA,NA,NA
45,"sw_newfoundland_gagnon",NA,"Margaree",3.5,"Margaree-118-2024-8",2024,8,27,47.5737841748095,-59.0614063130147,"Laminaria_digitata","Random",0.25,0,NA,NA,NA
46,"sw_newfoundland_gagnon",NA,"Margaree",3.5,"Margaree-118-2024-8",2024,8,27,47.5737841748095,-59.0614063130147,"Laminaria_solidungula","Random",0.25,0,NA,NA,NA
47,"sw_newfoundland_gagnon",NA,"Margaree",3.5,"Margaree-118-2024-8",2024,8,27,47.5737841748095,-59.0614063130147,"Saccharina_longicruris","Random",0.25,0,NA,NA,NA
48,"sw_newfoundland_gagnon",NA,"Margaree",3.5,"Margaree-118-2024-8",2024,8,27,47.5737841748095,-59.0614063130147,"Saccharina_latissima","Random",0.25,0,NA,NA,NA
49,"sw_newfoundland_gagnon",NA,"Margaree",3.5,"Margaree-118-2024-8",2024,8,27,47.5737841748095,-59.0614063130147,"Unidentified_kelp","Random",0.25,0,NA,NA,NA
50,"sw_newfoundland_gagnon",NA,"Margaree",2.6,"Margaree-119-2024-8",2024,8,27,47.573699043768,-59.0611539385714,"Agarum_clathratum","Random",0.25,0,NA,NA,NA
51,"sw_newfoundland_gagnon",NA,"Margaree",2.6,"Margaree-119-2024-8",2024,8,27,47.573699043768,-59.0611539385714,"Alaria_esculenta","Random",0.25,0,NA,NA,NA
52,"sw_newfoundland_gagnon",NA,"Margaree",2.6,"Margaree-119-2024-8",2024,8,27,47.573699043768,-59.0611539385714,"Laminaria_digitata","Random",0.25,0,NA,NA,NA
53,"sw_newfoundland_gagnon",NA,"Margaree",2.6,"Margaree-119-2024-8",2024,8,27,47.573699043768,-59.0611539385714,"Laminaria_solidungula","Random",0.25,0,NA,NA,NA
54,"sw_newfoundland_gagnon",NA,"Margaree",2.6,"Margaree-119-2024-8",2024,8,27,47.573699043768,-59.0611539385714,"Saccharina_longicruris","Random",0.25,96,NA,NA,NA
55,"sw_newfoundland_gagnon",NA,"Margaree",2.6,"Margaree-119-2024-8",2024,8,27,47.573699043768,-59.0611539385714,"Saccharina_latissima","Random",0.25,0,NA,NA,NA
56,"sw_newfoundland_gagnon",NA,"Margaree",2.6,"Margaree-119-2024-8",2024,8,27,47.573699043768,-59.0611539385714,"Unidentified_kelp","Random",0.25,0,NA,NA,NA
57,"sw_newfoundland_gagnon",NA,"Margaree",2.2,"Margaree-120-2024-8",2024,8,27,47.5737294477273,-59.0605410292092,"Agarum_clathratum","Random",0.25,0,NA,NA,NA
58,"sw_newfoundland_gagnon",NA,"Margaree",2.2,"Margaree-120-2024-8",2024,8,27,47.5737294477273,-59.0605410292092,"Alaria_esculenta","Random",0.25,0,NA,NA,NA
59,"sw_newfoundland_gagnon",NA,"Margaree",2.2,"Margaree-120-2024-8",2024,8,27,47.5737294477273,-59.0605410292092,"Laminaria_digitata","Random",0.25,0,NA,NA,NA
60,"sw_newfoundland_gagnon",NA,"Margaree",2.2,"Margaree-120-2024-8",2024,8,27,47.5737294477273,-59.0605410292092,"Laminaria_solidungula","Random",0.25,0,NA,NA,NA
61,"sw_newfoundland_gagnon",NA,"Margaree",2.2,"Margaree-120-2024-8",2024,8,27,47.5737294477273,-59.0605410292092,"Saccharina_longicruris","Random",0.25,0,NA,NA,NA
62,"sw_newfoundland_gagnon",NA,"Margaree",2.2,"Margaree-120-2024-8",2024,8,27,47.5737294477273,-59.0605410292092,"Saccharina_latissima","Random",0.25,0,NA,NA,NA
63,"sw_newfoundland_gagnon",NA,"Margaree",2.2,"Margaree-120-2024-8",2024,8,27,47.5737294477273,-59.0605410292092,"Unidentified_kelp","Random",0.25,0,NA,NA,NA
64,"sw_newfoundland_gagnon",NA,"Margaree",2.5,"Margaree-121-2024-8",2024,8,27,47.5734314881651,-59.0603697751227,"Agarum_clathratum","Random",0.25,0,NA,NA,NA
65,"sw_newfoundland_gagnon",NA,"Margaree",2.5,"Margaree-121-2024-8",2024,8,27,47.5734314881651,-59.0603697751227,"Alaria_esculenta","Random",0.25,0,NA,NA,NA
66,"sw_newfoundland_gagnon",NA,"Margaree",2.5,"Margaree-121-2024-8",2024,8,27,47.5734314881651,-59.0603697751227,"Laminaria_digitata","Random",0.25,0,NA,NA,NA
67,"sw_newfoundland_gagnon",NA,"Margaree",2.5,"Margaree-121-2024-8",2024,8,27,47.5734314881651,-59.0603697751227,"Laminaria_solidungula","Random",0.25,0,NA,NA,NA
68,"sw_newfoundland_gagnon",NA,"Margaree",2.5,"Margaree-121-2024-8",2024,8,27,47.5734314881651,-59.0603697751227,"Saccharina_longicruris","Random",0.25,64,NA,NA,NA
69,"sw_newfoundland_gagnon",NA,"Margaree",2.5,"Margaree-121-2024-8",2024,8,27,47.5734314881651,-59.0603697751227,"Saccharina_latissima","Random",0.25,0,NA,NA,NA
70,"sw_newfoundland_gagnon",NA,"Margaree",2.5,"Margaree-121-2024-8",2024,8,27,47.5734314881651,-59.0603697751227,"Unidentified_kelp","Random",0.25,0,NA,NA,NA
71,"sw_newfoundland_gagnon",NA,"Margaree",2.2,"Margaree-122-2024-8",2024,8,27,47.5732733864844,-59.0601714809172,"Agarum_clathratum","Random",0.25,0,NA,NA,NA
72,"sw_newfoundland_gagnon",NA,"Margaree",2.2,"Margaree-122-2024-8",2024,8,27,47.5732733864844,-59.0601714809172,"Alaria_esculenta","Random",0.25,0,NA,NA,NA
73,"sw_newfoundland_gagnon",NA,"Margaree",2.2,"Margaree-122-2024-8",2024,8,27,47.5732733864844,-59.0601714809172,"Laminaria_digitata","Random",0.25,0,NA,NA,NA
74,"sw_newfoundland_gagnon",NA,"Margaree",2.2,"Margaree-122-2024-8",2024,8,27,47.5732733864844,-59.0601714809172,"Laminaria_solidungula","Random",0.25,0,NA,NA,NA
75,"sw_newfoundland_gagnon",NA,"Margaree",2.2,"Margaree-122-2024-8",2024,8,27,47.5732733864844,-59.0601714809172,"Saccharina_longicruris","Random",0.25,84,NA,NA,NA
76,"sw_newfoundland_gagnon",NA,"Margaree",2.2,"Margaree-122-2024-8",2024,8,27,47.5732733864844,-59.0601714809172,"Saccharina_latissima","Random",0.25,0,NA,NA,NA
77,"sw_newfoundland_gagnon",NA,"Margaree",2.2,"Margaree-122-2024-8",2024,8,27,47.5732733864844,-59.0601714809172,"Unidentified_kelp","Random",0.25,0,NA,NA,NA
78,"sw_newfoundland_gagnon",NA,"Margaree",2.2,"Margaree-123-2024-8",2024,8,27,47.5730301521976,-59.0596306785388,"Agarum_clathratum","Random",0.25,0,NA,NA,NA
79,"sw_newfoundland_gagnon",NA,"Margaree",2.2,"Margaree-123-2024-8",2024,8,27,47.5730301521976,-59.0596306785388,"Alaria_esculenta","Random",0.25,0,NA,NA,NA
80,"sw_newfoundland_gagnon",NA,"Margaree",2.2,"Margaree-123-2024-8",2024,8,27,47.5730301521976,-59.0596306785388,"Laminaria_digitata","Random",0.25,0,NA,NA,NA
81,"sw_newfoundland_gagnon",NA,"Margaree",2.2,"Margaree-123-2024-8",2024,8,27,47.5730301521976,-59.0596306785388,"Laminaria_solidungula","Random",0.25,0,NA,NA,NA
82,"sw_newfoundland_gagnon",NA,"Margaree",2.2,"Margaree-123-2024-8",2024,8,27,47.5730301521976,-59.0596306785388,"Saccharina_longicruris","Random",0.25,68,NA,NA,NA
83,"sw_newfoundland_gagnon",NA,"Margaree",2.2,"Margaree-123-2024-8",2024,8,27,47.5730301521976,-59.0596306785388,"Saccharina_latissima","Random",0.25,0,NA,NA,NA
84,"sw_newfoundland_gagnon",NA,"Margaree",2.2,"Margaree-123-2024-8",2024,8,27,47.5730301521976,-59.0596306785388,"Unidentified_kelp","Random",0.25,0,NA,NA,NA
85,"sw_newfoundland_gagnon",NA,"Margaree",2.3,"Margaree-124-2024-8",2024,8,27,47.5728112403734,-59.0595044913171,"Agarum_clathratum","Random",0.25,0,NA,NA,NA
86,"sw_newfoundland_gagnon",NA,"Margaree",2.3,"Margaree-124-2024-8",2024,8,27,47.5728112403734,-59.0595044913171,"Alaria_esculenta","Random",0.25,0,NA,NA,NA
87,"sw_newfoundland_gagnon",NA,"Margaree",2.3,"Margaree-124-2024-8",2024,8,27,47.5728112403734,-59.0595044913171,"Laminaria_digitata","Random",0.25,0,NA,NA,NA
88,"sw_newfoundland_gagnon",NA,"Margaree",2.3,"Margaree-124-2024-8",2024,8,27,47.5728112403734,-59.0595044913171,"Laminaria_solidungula","Random",0.25,0,NA,NA,NA
89,"sw_newfoundland_gagnon",NA,"Margaree",2.3,"Margaree-124-2024-8",2024,8,27,47.5728112403734,-59.0595044913171,"Saccharina_longicruris","Random",0.25,84,NA,NA,NA
90,"sw_newfoundland_gagnon",NA,"Margaree",2.3,"Margaree-124-2024-8",2024,8,27,47.5728112403734,-59.0595044913171,"Saccharina_latissima","Random",0.25,0,NA,NA,NA
91,"sw_newfoundland_gagnon",NA,"Margaree",2.3,"Margaree-124-2024-8",2024,8,27,47.5728112403734,-59.0595044913171,"Unidentified_kelp","Random",0.25,0,NA,NA,NA
92,"sw_newfoundland_gagnon",NA,"Margaree",3.6,"Margaree-125-2024-8",2024,8,27,47.5725923276342,-59.0594954779442,"Agarum_clathratum","Random",0.25,0,NA,NA,NA
93,"sw_newfoundland_gagnon",NA,"Margaree",3.6,"Margaree-125-2024-8",2024,8,27,47.5725923276342,-59.0594954779442,"Alaria_esculenta","Random",0.25,0,NA,NA,NA
94,"sw_newfoundland_gagnon",NA,"Margaree",3.6,"Margaree-125-2024-8",2024,8,27,47.5725923276342,-59.0594954779442,"Laminaria_digitata","Random",0.25,0,NA,NA,NA
95,"sw_newfoundland_gagnon",NA,"Margaree",3.6,"Margaree-125-2024-8",2024,8,27,47.5725923276342,-59.0594954779442,"Laminaria_solidungula","Random",0.25,0,NA,NA,NA
96,"sw_newfoundland_gagnon",NA,"Margaree",3.6,"Margaree-125-2024-8",2024,8,27,47.5725923276342,-59.0594954779442,"Saccharina_longicruris","Random",0.25,80,NA,NA,NA
97,"sw_newfoundland_gagnon",NA,"Margaree",3.6,"Margaree-125-2024-8",2024,8,27,47.5725923276342,-59.0594954779442,"Saccharina_latissima","Random",0.25,0,NA,NA,NA
98,"sw_newfoundland_gagnon",NA,"Margaree",3.6,"Margaree-125-2024-8",2024,8,27,47.5725923276342,-59.0594954779442,"Unidentified_kelp","Random",0.25,0,NA,NA,NA
99,"sw_newfoundland_gagnon",NA,"Margaree",3.2,"Margaree-126-2024-8",2024,8,27,47.5725315183775,-59.0591439563982,"Agarum_clathratum","Random",0.25,0,NA,NA,NA
100,"sw_newfoundland_gagnon",NA,"Margaree",3.2,"Margaree-126-2024-8",2024,8,27,47.5725315183775,-59.0591439563982,"Alaria_esculenta","Random",0.25,0,NA,NA,NA
101,"sw_newfoundland_gagnon",NA,"Margaree",3.2,"Margaree-126-2024-8",2024,8,27,47.5725315183775,-59.0591439563982,"Laminaria_digitata","Random",0.25,0,NA,NA,NA
102,"sw_newfoundland_gagnon",NA,"Margaree",3.2,"Margaree-126-2024-8",2024,8,27,47.5725315183775,-59.0591439563982,"Laminaria_solidungula","Random",0.25,0,NA,NA,NA
103,"sw_newfoundland_gagnon",NA,"Margaree",3.2,"Margaree-126-2024-8",2024,8,27,47.5725315183775,-59.0591439563982,"Saccharina_longicruris","Random",0.25,24,NA,NA,NA
104,"sw_newfoundland_gagnon",NA,"Margaree",3.2,"Margaree-126-2024-8",2024,8,27,47.5725315183775,-59.0591439563982,"Saccharina_latissima","Random",0.25,0,NA,NA,NA
105,"sw_newfoundland_gagnon",NA,"Margaree",3.2,"Margaree-126-2024-8",2024,8,27,47.5725315183775,-59.0591439563982,"Unidentified_kelp","Random",0.25,0,NA,NA,NA
106,"sw_newfoundland_gagnon",NA,"Margaree",4.9,"Margaree-127-2024-8",2024,8,27,47.5722761187286,-59.0587834214792,"Agarum_clathratum","Random",0.25,0,NA,NA,NA
107,"sw_newfoundland_gagnon",NA,"Margaree",4.9,"Margaree-127-2024-8",2024,8,27,47.5722761187286,-59.0587834214792,"Alaria_esculenta","Random",0.25,0,NA,NA,NA
108,"sw_newfoundland_gagnon",NA,"Margaree",4.9,"Margaree-127-2024-8",2024,8,27,47.5722761187286,-59.0587834214792,"Laminaria_digitata","Random",0.25,0,NA,NA,NA
109,"sw_newfoundland_gagnon",NA,"Margaree",4.9,"Margaree-127-2024-8",2024,8,27,47.5722761187286,-59.0587834214792,"Laminaria_solidungula","Random",0.25,0,NA,NA,NA
110,"sw_newfoundland_gagnon",NA,"Margaree",4.9,"Margaree-127-2024-8",2024,8,27,47.5722761187286,-59.0587834214792,"Saccharina_longicruris","Random",0.25,60,NA,NA,NA
111,"sw_newfoundland_gagnon",NA,"Margaree",4.9,"Margaree-127-2024-8",2024,8,27,47.5722761187286,-59.0587834214792,"Saccharina_latissima","Random",0.25,0,NA,NA,NA
112,"sw_newfoundland_gagnon",NA,"Margaree",4.9,"Margaree-127-2024-8",2024,8,27,47.5722761187286,-59.0587834214792,"Unidentified_kelp","Random",0.25,0,NA,NA,NA
113,"sw_newfoundland_gagnon",NA,"Margaree",4.3,"Margaree-128-2024-8",2024,8,27,47.5722396329628,-59.0583057127116,"Agarum_clathratum","Random",0.25,0,NA,NA,NA
114,"sw_newfoundland_gagnon",NA,"Margaree",4.3,"Margaree-128-2024-8",2024,8,27,47.5722396329628,-59.0583057127116,"Alaria_esculenta","Random",0.25,0,NA,NA,NA
115,"sw_newfoundland_gagnon",NA,"Margaree",4.3,"Margaree-128-2024-8",2024,8,27,47.5722396329628,-59.0583057127116,"Laminaria_digitata","Random",0.25,0,NA,NA,NA
116,"sw_newfoundland_gagnon",NA,"Margaree",4.3,"Margaree-128-2024-8",2024,8,27,47.5722396329628,-59.0583057127116,"Laminaria_solidungula","Random",0.25,0,NA,NA,NA
117,"sw_newfoundland_gagnon",NA,"Margaree",4.3,"Margaree-128-2024-8",2024,8,27,47.5722396329628,-59.0583057127116,"Saccharina_longicruris","Random",0.25,72,NA,NA,NA
118,"sw_newfoundland_gagnon",NA,"Margaree",4.3,"Margaree-128-2024-8",2024,8,27,47.5722396329628,-59.0583057127116,"Saccharina_latissima","Random",0.25,0,NA,NA,NA
119,"sw_newfoundland_gagnon",NA,"Margaree",4.3,"Margaree-128-2024-8",2024,8,27,47.5722396329628,-59.0583057127116,"Unidentified_kelp","Random",0.25,0,NA,NA,NA
120,"sw_newfoundland_gagnon",NA,"Margaree",3.7,"Margaree-129-2024-8",2024,8,27,47.5722031471715,-59.0579271510466,"Agarum_clathratum","Random",0.25,0,NA,NA,NA
121,"sw_newfoundland_gagnon",NA,"Margaree",3.7,"Margaree-129-2024-8",2024,8,27,47.5722031471715,-59.0579271510466,"Alaria_esculenta","Random",0.25,0,NA,NA,NA
122,"sw_newfoundland_gagnon",NA,"Margaree",3.7,"Margaree-129-2024-8",2024,8,27,47.5722031471715,-59.0579271510466,"Laminaria_digitata","Random",0.25,0,NA,NA,NA
123,"sw_newfoundland_gagnon",NA,"Margaree",3.7,"Margaree-129-2024-8",2024,8,27,47.5722031471715,-59.0579271510466,"Laminaria_solidungula","Random",0.25,0,NA,NA,NA
124,"sw_newfoundland_gagnon",NA,"Margaree",3.7,"Margaree-129-2024-8",2024,8,27,47.5722031471715,-59.0579271510466,"Saccharina_longicruris","Random",0.25,28,NA,NA,NA
125,"sw_newfoundland_gagnon",NA,"Margaree",3.7,"Margaree-129-2024-8",2024,8,27,47.5722031471715,-59.0579271510466,"Saccharina_latissima","Random",0.25,0,NA,NA,NA
126,"sw_newfoundland_gagnon",NA,"Margaree",3.7,"Margaree-129-2024-8",2024,8,27,47.5722031471715,-59.0579271510466,"Unidentified_kelp","Random",0.25,0,NA,NA,NA
127,"sw_newfoundland_gagnon",NA,"Margaree",3.2,"Margaree-130-2024-8",2024,8,27,47.5720815276838,-59.0576026696196,"Agarum_clathratum","Random",0.25,0,NA,NA,NA
128,"sw_newfoundland_gagnon",NA,"Margaree",3.2,"Margaree-130-2024-8",2024,8,27,47.5720815276838,-59.0576026696196,"Alaria_esculenta","Random",0.25,0,NA,NA,NA
129,"sw_newfoundland_gagnon",NA,"Margaree",3.2,"Margaree-130-2024-8",2024,8,27,47.5720815276838,-59.0576026696196,"Laminaria_digitata","Random",0.25,0,NA,NA,NA
130,"sw_newfoundland_gagnon",NA,"Margaree",3.2,"Margaree-130-2024-8",2024,8,27,47.5720815276838,-59.0576026696196,"Laminaria_solidungula","Random",0.25,0,NA,NA,NA
131,"sw_newfoundland_gagnon",NA,"Margaree",3.2,"Margaree-130-2024-8",2024,8,27,47.5720815276838,-59.0576026696196,"Saccharina_longicruris","Random",0.25,68,NA,NA,NA
132,"sw_newfoundland_gagnon",NA,"Margaree",3.2,"Margaree-130-2024-8",2024,8,27,47.5720815276838,-59.0576026696196,"Saccharina_latissima","Random",0.25,0,NA,NA,NA
133,"sw_newfoundland_gagnon",NA,"Margaree",3.2,"Margaree-130-2024-8",2024,8,27,47.5720815276838,-59.0576026696196,"Unidentified_kelp","Random",0.25,0,NA,NA,NA
134,"sw_newfoundland_gagnon",NA,"Margaree",3.3,"Margaree-131-2024-8",2024,8,27,47.571886935916,-59.057449442279,"Agarum_clathratum","Random",0.25,0,NA,NA,NA
135,"sw_newfoundland_gagnon",NA,"Margaree",3.3,"Margaree-131-2024-8",2024,8,27,47.571886935916,-59.057449442279,"Alaria_esculenta","Random",0.25,0,NA,NA,NA
136,"sw_newfoundland_gagnon",NA,"Margaree",3.3,"Margaree-131-2024-8",2024,8,27,47.571886935916,-59.057449442279,"Laminaria_digitata","Random",0.25,0,NA,NA,NA
137,"sw_newfoundland_gagnon",NA,"Margaree",3.3,"Margaree-131-2024-8",2024,8,27,47.571886935916,-59.057449442279,"Laminaria_solidungula","Random",0.25,0,NA,NA,NA
138,"sw_newfoundland_gagnon",NA,"Margaree",3.3,"Margaree-131-2024-8",2024,8,27,47.571886935916,-59.057449442279,"Saccharina_longicruris","Random",0.25,44,NA,NA,NA
139,"sw_newfoundland_gagnon",NA,"Margaree",3.3,"Margaree-131-2024-8",2024,8,27,47.571886935916,-59.057449442279,"Saccharina_latissima","Random",0.25,0,NA,NA,NA
140,"sw_newfoundland_gagnon",NA,"Margaree",3.3,"Margaree-131-2024-8",2024,8,27,47.571886935916,-59.057449442279,"Unidentified_kelp","Random",0.25,0,NA,NA,NA
141,"sw_newfoundland_gagnon",NA,"Margaree",3.9,"Margaree-132-2024-8",2024,8,27,47.5716862623981,-59.0575305626358,"Agarum_clathratum","Random",0.25,0,NA,NA,NA
142,"sw_newfoundland_gagnon",NA,"Margaree",3.9,"Margaree-132-2024-8",2024,8,27,47.5716862623981,-59.0575305626358,"Alaria_esculenta","Random",0.25,0,NA,NA,NA
143,"sw_newfoundland_gagnon",NA,"Margaree",3.9,"Margaree-132-2024-8",2024,8,27,47.5716862623981,-59.0575305626358,"Laminaria_digitata","Random",0.25,0,NA,NA,NA
144,"sw_newfoundland_gagnon",NA,"Margaree",3.9,"Margaree-132-2024-8",2024,8,27,47.5716862623981,-59.0575305626358,"Laminaria_solidungula","Random",0.25,0,NA,NA,NA
145,"sw_newfoundland_gagnon",NA,"Margaree",3.9,"Margaree-132-2024-8",2024,8,27,47.5716862623981,-59.0575305626358,"Saccharina_longicruris","Random",0.25,48,NA,NA,NA
146,"sw_newfoundland_gagnon",NA,"Margaree",3.9,"Margaree-132-2024-8",2024,8,27,47.5716862623981,-59.0575305626358,"Saccharina_latissima","Random",0.25,0,NA,NA,NA
147,"sw_newfoundland_gagnon",NA,"Margaree",3.9,"Margaree-132-2024-8",2024,8,27,47.5716862623981,-59.0575305626358,"Unidentified_kelp","Random",0.25,0,NA,NA,NA
148,"sw_newfoundland_gagnon",NA,"Margaree",3.1,"Margaree-133-2024-8",2024,8,27,47.5714916691616,-59.0578640574358,"Agarum_clathratum","Random",0.25,0,NA,NA,NA
149,"sw_newfoundland_gagnon",NA,"Margaree",3.1,"Margaree-133-2024-8",2024,8,27,47.5714916691616,-59.0578640574358,"Alaria_esculenta","Random",0.25,0,NA,NA,NA
150,"sw_newfoundland_gagnon",NA,"Margaree",3.1,"Margaree-133-2024-8",2024,8,27,47.5714916691616,-59.0578640574358,"Laminaria_digitata","Random",0.25,0,NA,NA,NA
151,"sw_newfoundland_gagnon",NA,"Margaree",3.1,"Margaree-133-2024-8",2024,8,27,47.5714916691616,-59.0578640574358,"Laminaria_solidungula","Random",0.25,0,NA,NA,NA
152,"sw_newfoundland_gagnon",NA,"Margaree",3.1,"Margaree-133-2024-8",2024,8,27,47.5714916691616,-59.0578640574358,"Saccharina_longicruris","Random",0.25,84,NA,NA,NA
153,"sw_newfoundland_gagnon",NA,"Margaree",3.1,"Margaree-133-2024-8",2024,8,27,47.5714916691616,-59.0578640574358,"Saccharina_latissima","Random",0.25,0,NA,NA,NA
154,"sw_newfoundland_gagnon",NA,"Margaree",3.1,"Margaree-133-2024-8",2024,8,27,47.5714916691616,-59.0578640574358,"Unidentified_kelp","Random",0.25,0,NA,NA,NA
155,"sw_newfoundland_gagnon",NA,"Margaree",2.1,"Margaree-134-2024-8",2024,8,27,47.5713092373457,-59.0579992580304,"Agarum_clathratum","Random",0.25,0,NA,NA,NA
156,"sw_newfoundland_gagnon",NA,"Margaree",2.1,"Margaree-134-2024-8",2024,8,27,47.5713092373457,-59.0579992580304,"Alaria_esculenta","Random",0.25,0,NA,NA,NA
157,"sw_newfoundland_gagnon",NA,"Margaree",2.1,"Margaree-134-2024-8",2024,8,27,47.5713092373457,-59.0579992580304,"Laminaria_digitata","Random",0.25,0,NA,NA,NA
158,"sw_newfoundland_gagnon",NA,"Margaree",2.1,"Margaree-134-2024-8",2024,8,27,47.5713092373457,-59.0579992580304,"Laminaria_solidungula","Random",0.25,0,NA,NA,NA
159,"sw_newfoundland_gagnon",NA,"Margaree",2.1,"Margaree-134-2024-8",2024,8,27,47.5713092373457,-59.0579992580304,"Saccharina_longicruris","Random",0.25,96,NA,NA,NA
160,"sw_newfoundland_gagnon",NA,"Margaree",2.1,"Margaree-134-2024-8",2024,8,27,47.5713092373457,-59.0579992580304,"Saccharina_latissima","Random",0.25,0,NA,NA,NA
161,"sw_newfoundland_gagnon",NA,"Margaree",2.1,"Margaree-134-2024-8",2024,8,27,47.5713092373457,-59.0579992580304,"Unidentified_kelp","Random",0.25,0,NA,NA,NA
162,"sw_newfoundland_gagnon",NA,"Margaree",6.1,"Margaree-135-2024-8",2024,8,27,47.5715342364939,-59.0581885388629,"Agarum_clathratum","Random",0.25,0,NA,NA,NA
163,"sw_newfoundland_gagnon",NA,"Margaree",6.1,"Margaree-135-2024-8",2024,8,27,47.5715342364939,-59.0581885388629,"Alaria_esculenta","Random",0.25,0,NA,NA,NA
164,"sw_newfoundland_gagnon",NA,"Margaree",6.1,"Margaree-135-2024-8",2024,8,27,47.5715342364939,-59.0581885388629,"Laminaria_digitata","Random",0.25,0,NA,NA,NA
165,"sw_newfoundland_gagnon",NA,"Margaree",6.1,"Margaree-135-2024-8",2024,8,27,47.5715342364939,-59.0581885388629,"Laminaria_solidungula","Random",0.25,0,NA,NA,NA
166,"sw_newfoundland_gagnon",NA,"Margaree",6.1,"Margaree-135-2024-8",2024,8,27,47.5715342364939,-59.0581885388629,"Saccharina_longicruris","Random",0.25,48,NA,NA,NA
167,"sw_newfoundland_gagnon",NA,"Margaree",6.1,"Margaree-135-2024-8",2024,8,27,47.5715342364939,-59.0581885388629,"Saccharina_latissima","Random",0.25,0,NA,NA,NA
168,"sw_newfoundland_gagnon",NA,"Margaree",6.1,"Margaree-135-2024-8",2024,8,27,47.5715342364939,-59.0581885388629,"Unidentified_kelp","Random",0.25,0,NA,NA,NA
169,"sw_newfoundland_gagnon",NA,"Margaree",2.8,"Margaree-136-2024-8",2024,8,27,47.5717349105943,-59.0579632045385,"Agarum_clathratum","Random",0.25,0,NA,NA,NA
170,"sw_newfoundland_gagnon",NA,"Margaree",2.8,"Margaree-136-2024-8",2024,8,27,47.5717349105943,-59.0579632045385,"Alaria_esculenta","Random",0.25,0,NA,NA,NA
171,"sw_newfoundland_gagnon",NA,"Margaree",2.8,"Margaree-136-2024-8",2024,8,27,47.5717349105943,-59.0579632045385,"Laminaria_digitata","Random",0.25,0,NA,NA,NA
172,"sw_newfoundland_gagnon",NA,"Margaree",2.8,"Margaree-136-2024-8",2024,8,27,47.5717349105943,-59.0579632045385,"Laminaria_solidungula","Random",0.25,0,NA,NA,NA
173,"sw_newfoundland_gagnon",NA,"Margaree",2.8,"Margaree-136-2024-8",2024,8,27,47.5717349105943,-59.0579632045385,"Saccharina_longicruris","Random",0.25,24,NA,NA,NA
174,"sw_newfoundland_gagnon",NA,"Margaree",2.8,"Margaree-136-2024-8",2024,8,27,47.5717349105943,-59.0579632045385,"Saccharina_latissima","Random",0.25,0,NA,NA,NA
175,"sw_newfoundland_gagnon",NA,"Margaree",2.8,"Margaree-136-2024-8",2024,8,27,47.5717349105943,-59.0579632045385,"Unidentified_kelp","Random",0.25,0,NA,NA,NA
176,"sw_newfoundland_gagnon",NA,"Margaree",4.2,"Margaree-137-2024-8",2024,8,27,47.5719112599265,-59.0580984051332,"Agarum_clathratum","Random",0.25,0,NA,NA,NA
177,"sw_newfoundland_gagnon",NA,"Margaree",4.2,"Margaree-137-2024-8",2024,8,27,47.5719112599265,-59.0580984051332,"Alaria_esculenta","Random",0.25,0,NA,NA,NA
178,"sw_newfoundland_gagnon",NA,"Margaree",4.2,"Margaree-137-2024-8",2024,8,27,47.5719112599265,-59.0580984051332,"Laminaria_digitata","Random",0.25,0,NA,NA,NA
179,"sw_newfoundland_gagnon",NA,"Margaree",4.2,"Margaree-137-2024-8",2024,8,27,47.5719112599265,-59.0580984051332,"Laminaria_solidungula","Random",0.25,0,NA,NA,NA
180,"sw_newfoundland_gagnon",NA,"Margaree",4.2,"Margaree-137-2024-8",2024,8,27,47.5719112599265,-59.0580984051332,"Saccharina_longicruris","Random",0.25,88,NA,NA,NA
181,"sw_newfoundland_gagnon",NA,"Margaree",4.2,"Margaree-137-2024-8",2024,8,27,47.5719112599265,-59.0580984051332,"Saccharina_latissima","Random",0.25,0,NA,NA,NA
182,"sw_newfoundland_gagnon",NA,"Margaree",4.2,"Margaree-137-2024-8",2024,8,27,47.5719112599265,-59.0580984051332,"Unidentified_kelp","Random",0.25,0,NA,NA,NA
183,"sw_newfoundland_gagnon",NA,"Margaree",4.9,"Margaree-138-2024-8",2024,8,27,47.5720024748653,-59.0584138731873,"Agarum_clathratum","Random",0.25,0,NA,NA,NA
184,"sw_newfoundland_gagnon",NA,"Margaree",4.9,"Margaree-138-2024-8",2024,8,27,47.5720024748653,-59.0584138731873,"Alaria_esculenta","Random",0.25,0,NA,NA,NA
185,"sw_newfoundland_gagnon",NA,"Margaree",4.9,"Margaree-138-2024-8",2024,8,27,47.5720024748653,-59.0584138731873,"Laminaria_digitata","Random",0.25,0,NA,NA,NA
186,"sw_newfoundland_gagnon",NA,"Margaree",4.9,"Margaree-138-2024-8",2024,8,27,47.5720024748653,-59.0584138731873,"Laminaria_solidungula","Random",0.25,0,NA,NA,NA
187,"sw_newfoundland_gagnon",NA,"Margaree",4.9,"Margaree-138-2024-8",2024,8,27,47.5720024748653,-59.0584138731873,"Saccharina_longicruris","Random",0.25,36,NA,NA,NA
188,"sw_newfoundland_gagnon",NA,"Margaree",4.9,"Margaree-138-2024-8",2024,8,27,47.5720024748653,-59.0584138731873,"Saccharina_latissima","Random",0.25,0,NA,NA,NA
189,"sw_newfoundland_gagnon",NA,"Margaree",4.9,"Margaree-138-2024-8",2024,8,27,47.5720024748653,-59.0584138731873,"Unidentified_kelp","Random",0.25,0,NA,NA,NA
190,"sw_newfoundland_gagnon",NA,"Margaree",4,"Margaree-139-2024-8",2024,8,27,47.5720450417824,-59.0587924348522,"Agarum_clathratum","Random",0.25,24,NA,NA,NA
191,"sw_newfoundland_gagnon",NA,"Margaree",4,"Margaree-139-2024-8",2024,8,27,47.5720450417824,-59.0587924348522,"Alaria_esculenta","Random",0.25,0,NA,NA,NA
192,"sw_newfoundland_gagnon",NA,"Margaree",4,"Margaree-139-2024-8",2024,8,27,47.5720450417824,-59.0587924348522,"Laminaria_digitata","Random",0.25,0,NA,NA,NA
193,"sw_newfoundland_gagnon",NA,"Margaree",4,"Margaree-139-2024-8",2024,8,27,47.5720450417824,-59.0587924348522,"Laminaria_solidungula","Random",0.25,0,NA,NA,NA
194,"sw_newfoundland_gagnon",NA,"Margaree",4,"Margaree-139-2024-8",2024,8,27,47.5720450417824,-59.0587924348522,"Saccharina_longicruris","Random",0.25,36,NA,NA,NA
195,"sw_newfoundland_gagnon",NA,"Margaree",4,"Margaree-139-2024-8",2024,8,27,47.5720450417824,-59.0587924348522,"Saccharina_latissima","Random",0.25,0,NA,NA,NA
196,"sw_newfoundland_gagnon",NA,"Margaree",4,"Margaree-139-2024-8",2024,8,27,47.5720450417824,-59.0587924348522,"Unidentified_kelp","Random",0.25,0,NA,NA,NA
197,"sw_newfoundland_gagnon",NA,"Margaree",4.3,"Margaree-140-2024-8",2024,8,27,47.5722821996871,-59.0591619831441,"Agarum_clathratum","Random",0.25,0,NA,NA,NA
198,"sw_newfoundland_gagnon",NA,"Margaree",4.3,"Margaree-140-2024-8",2024,8,27,47.5722821996871,-59.0591619831441,"Alaria_esculenta","Random",0.25,0,NA,NA,NA
199,"sw_newfoundland_gagnon",NA,"Margaree",4.3,"Margaree-140-2024-8",2024,8,27,47.5722821996871,-59.0591619831441,"Laminaria_digitata","Random",0.25,0,NA,NA,NA
200,"sw_newfoundland_gagnon",NA,"Margaree",4.3,"Margaree-140-2024-8",2024,8,27,47.5722821996871,-59.0591619831441,"Laminaria_solidungula","Random",0.25,0,NA,NA,NA
201,"sw_newfoundland_gagnon",NA,"Margaree",4.3,"Margaree-140-2024-8",2024,8,27,47.5722821996871,-59.0591619831441,"Saccharina_longicruris","Random",0.25,64,NA,NA,NA
202,"sw_newfoundland_gagnon",NA,"Margaree",4.3,"Margaree-140-2024-8",2024,8,27,47.5722821996871,-59.0591619831441,"Saccharina_latissima","Random",0.25,0,NA,NA,NA
203,"sw_newfoundland_gagnon",NA,"Margaree",4.3,"Margaree-140-2024-8",2024,8,27,47.5722821996871,-59.0591619831441,"Unidentified_kelp","Random",0.25,0,NA,NA,NA
204,"sw_newfoundland_gagnon",NA,"Margaree",5.2,"Margaree-141-2024-8",2024,8,27,47.5724038187087,-59.0595315314361,"Agarum_clathratum","Random",0.25,0,NA,NA,NA
205,"sw_newfoundland_gagnon",NA,"Margaree",5.2,"Margaree-141-2024-8",2024,8,27,47.5724038187087,-59.0595315314361,"Alaria_esculenta","Random",0.25,0,NA,NA,NA
206,"sw_newfoundland_gagnon",NA,"Margaree",5.2,"Margaree-141-2024-8",2024,8,27,47.5724038187087,-59.0595315314361,"Laminaria_digitata","Random",0.25,0,NA,NA,NA
207,"sw_newfoundland_gagnon",NA,"Margaree",5.2,"Margaree-141-2024-8",2024,8,27,47.5724038187087,-59.0595315314361,"Laminaria_solidungula","Random",0.25,0,NA,NA,NA
208,"sw_newfoundland_gagnon",NA,"Margaree",5.2,"Margaree-141-2024-8",2024,8,27,47.5724038187087,-59.0595315314361,"Saccharina_longicruris","Random",0.25,0,NA,NA,NA
209,"sw_newfoundland_gagnon",NA,"Margaree",5.2,"Margaree-141-2024-8",2024,8,27,47.5724038187087,-59.0595315314361,"Saccharina_latissima","Random",0.25,0,NA,NA,NA
210,"sw_newfoundland_gagnon",NA,"Margaree",5.2,"Margaree-141-2024-8",2024,8,27,47.5724038187087,-59.0595315314361,"Unidentified_kelp","Random",0.25,0,NA,NA,NA
211,"sw_newfoundland_gagnon",NA,"Margaree",3.9,"Margaree-142-2024-8",2024,8,27,47.5727261077502,-59.0597478523874,"Agarum_clathratum","Random",0.25,0,NA,NA,NA
212,"sw_newfoundland_gagnon",NA,"Margaree",3.9,"Margaree-142-2024-8",2024,8,27,47.5727261077502,-59.0597478523874,"Alaria_esculenta","Random",0.25,0,NA,NA,NA
213,"sw_newfoundland_gagnon",NA,"Margaree",3.9,"Margaree-142-2024-8",2024,8,27,47.5727261077502,-59.0597478523874,"Laminaria_digitata","Random",0.25,0,NA,NA,NA
214,"sw_newfoundland_gagnon",NA,"Margaree",3.9,"Margaree-142-2024-8",2024,8,27,47.5727261077502,-59.0597478523874,"Laminaria_solidungula","Random",0.25,0,NA,NA,NA
215,"sw_newfoundland_gagnon",NA,"Margaree",3.9,"Margaree-142-2024-8",2024,8,27,47.5727261077502,-59.0597478523874,"Saccharina_longicruris","Random",0.25,64,NA,NA,NA
216,"sw_newfoundland_gagnon",NA,"Margaree",3.9,"Margaree-142-2024-8",2024,8,27,47.5727261077502,-59.0597478523874,"Saccharina_latissima","Random",0.25,0,NA,NA,NA
217,"sw_newfoundland_gagnon",NA,"Margaree",3.9,"Margaree-142-2024-8",2024,8,27,47.5727261077502,-59.0597478523874,"Unidentified_kelp","Random",0.25,0,NA,NA,NA
218,"sw_newfoundland_gagnon",NA,"Margaree",3.8,"Margaree-143-2024-8",2024,8,27,47.5729571816912,-59.0601264140524,"Agarum_clathratum","Random",0.25,12,NA,NA,NA
219,"sw_newfoundland_gagnon",NA,"Margaree",3.8,"Margaree-143-2024-8",2024,8,27,47.5729571816912,-59.0601264140524,"Alaria_esculenta","Random",0.25,0,NA,NA,NA
220,"sw_newfoundland_gagnon",NA,"Margaree",3.8,"Margaree-143-2024-8",2024,8,27,47.5729571816912,-59.0601264140524,"Laminaria_digitata","Random",0.25,0,NA,NA,NA
221,"sw_newfoundland_gagnon",NA,"Margaree",3.8,"Margaree-143-2024-8",2024,8,27,47.5729571816912,-59.0601264140524,"Laminaria_solidungula","Random",0.25,0,NA,NA,NA
222,"sw_newfoundland_gagnon",NA,"Margaree",3.8,"Margaree-143-2024-8",2024,8,27,47.5729571816912,-59.0601264140524,"Saccharina_longicruris","Random",0.25,28,NA,NA,NA
223,"sw_newfoundland_gagnon",NA,"Margaree",3.8,"Margaree-143-2024-8",2024,8,27,47.5729571816912,-59.0601264140524,"Saccharina_latissima","Random",0.25,0,NA,NA,NA
224,"sw_newfoundland_gagnon",NA,"Margaree",3.8,"Margaree-143-2024-8",2024,8,27,47.5729571816912,-59.0601264140524,"Unidentified_kelp","Random",0.25,0,NA,NA,NA
225,"sw_newfoundland_gagnon",NA,"Margaree",3,"Margaree-144-2024-8",2024,8,27,47.5731639311952,-59.0604869489713,"Agarum_clathratum","Random",0.25,0,NA,NA,NA
226,"sw_newfoundland_gagnon",NA,"Margaree",3,"Margaree-144-2024-8",2024,8,27,47.5731639311952,-59.0604869489713,"Alaria_esculenta","Random",0.25,0,NA,NA,NA
227,"sw_newfoundland_gagnon",NA,"Margaree",3,"Margaree-144-2024-8",2024,8,27,47.5731639311952,-59.0604869489713,"Laminaria_digitata","Random",0.25,0,NA,NA,NA
228,"sw_newfoundland_gagnon",NA,"Margaree",3,"Margaree-144-2024-8",2024,8,27,47.5731639311952,-59.0604869489713,"Laminaria_solidungula","Random",0.25,0,NA,NA,NA
229,"sw_newfoundland_gagnon",NA,"Margaree",3,"Margaree-144-2024-8",2024,8,27,47.5731639311952,-59.0604869489713,"Saccharina_longicruris","Random",0.25,0,NA,NA,NA
230,"sw_newfoundland_gagnon",NA,"Margaree",3,"Margaree-144-2024-8",2024,8,27,47.5731639311952,-59.0604869489713,"Saccharina_latissima","Random",0.25,0,NA,NA,NA
231,"sw_newfoundland_gagnon",NA,"Margaree",3,"Margaree-144-2024-8",2024,8,27,47.5731639311952,-59.0604869489713,"Unidentified_kelp","Random",0.25,0,NA,NA,NA
232,"sw_newfoundland_gagnon",NA,"Margaree",2.9,"Margaree-145-2024-8",2024,8,27,47.5734193265143,-59.0607934036525,"Agarum_clathratum","Random",0.25,0,NA,NA,NA
233,"sw_newfoundland_gagnon",NA,"Margaree",2.9,"Margaree-145-2024-8",2024,8,27,47.5734193265143,-59.0607934036525,"Alaria_esculenta","Random",0.25,0,NA,NA,NA
234,"sw_newfoundland_gagnon",NA,"Margaree",2.9,"Margaree-145-2024-8",2024,8,27,47.5734193265143,-59.0607934036525,"Laminaria_digitata","Random",0.25,0,NA,NA,NA
235,"sw_newfoundland_gagnon",NA,"Margaree",2.9,"Margaree-145-2024-8",2024,8,27,47.5734193265143,-59.0607934036525,"Laminaria_solidungula","Random",0.25,0,NA,NA,NA
236,"sw_newfoundland_gagnon",NA,"Margaree",2.9,"Margaree-145-2024-8",2024,8,27,47.5734193265143,-59.0607934036525,"Saccharina_longicruris","Random",0.25,28,NA,NA,NA
237,"sw_newfoundland_gagnon",NA,"Margaree",2.9,"Margaree-145-2024-8",2024,8,27,47.5734193265143,-59.0607934036525,"Saccharina_latissima","Random",0.25,0,NA,NA,NA
238,"sw_newfoundland_gagnon",NA,"Margaree",2.9,"Margaree-145-2024-8",2024,8,27,47.5734193265143,-59.0607934036525,"Unidentified_kelp","Random",0.25,8,NA,NA,NA
239,"sw_newfoundland_gagnon",NA,"Margaree",1.6,"Margaree-146-2024-8",2024,8,27,47.5735287812698,-59.0611899920633,"Agarum_clathratum","Random",0.25,0,NA,NA,NA
240,"sw_newfoundland_gagnon",NA,"Margaree",1.6,"Margaree-146-2024-8",2024,8,27,47.5735287812698,-59.0611899920633,"Alaria_esculenta","Random",0.25,0,NA,NA,NA
241,"sw_newfoundland_gagnon",NA,"Margaree",1.6,"Margaree-146-2024-8",2024,8,27,47.5735287812698,-59.0611899920633,"Laminaria_digitata","Random",0.25,0,NA,NA,NA
242,"sw_newfoundland_gagnon",NA,"Margaree",1.6,"Margaree-146-2024-8",2024,8,27,47.5735287812698,-59.0611899920633,"Laminaria_solidungula","Random",0.25,0,NA,NA,NA
243,"sw_newfoundland_gagnon",NA,"Margaree",1.6,"Margaree-146-2024-8",2024,8,27,47.5735287812698,-59.0611899920633,"Saccharina_longicruris","Random",0.25,32,NA,NA,NA
244,"sw_newfoundland_gagnon",NA,"Margaree",1.6,"Margaree-146-2024-8",2024,8,27,47.5735287812698,-59.0611899920633,"Saccharina_latissima","Random",0.25,0,NA,NA,NA
245,"sw_newfoundland_gagnon",NA,"Margaree",1.6,"Margaree-146-2024-8",2024,8,27,47.5735287812698,-59.0611899920633,"Unidentified_kelp","Random",0.25,0,NA,NA,NA
246,"sw_newfoundland_gagnon",NA,"Margaree",3.3,"Margaree-147-2024-8",2024,8,27,47.5736321549954,-59.0615685537283,"Agarum_clathratum","Random",0.25,0,NA,NA,NA
247,"sw_newfoundland_gagnon",NA,"Margaree",3.3,"Margaree-147-2024-8",2024,8,27,47.5736321549954,-59.0615685537283,"Alaria_esculenta","Random",0.25,0,NA,NA,NA
248,"sw_newfoundland_gagnon",NA,"Margaree",3.3,"Margaree-147-2024-8",2024,8,27,47.5736321549954,-59.0615685537283,"Laminaria_digitata","Random",0.25,0,NA,NA,NA
249,"sw_newfoundland_gagnon",NA,"Margaree",3.3,"Margaree-147-2024-8",2024,8,27,47.5736321549954,-59.0615685537283,"Laminaria_solidungula","Random",0.25,0,NA,NA,NA
250,"sw_newfoundland_gagnon",NA,"Margaree",3.3,"Margaree-147-2024-8",2024,8,27,47.5736321549954,-59.0615685537283,"Saccharina_longicruris","Random",0.25,0,NA,NA,NA
251,"sw_newfoundland_gagnon",NA,"Margaree",3.3,"Margaree-147-2024-8",2024,8,27,47.5736321549954,-59.0615685537283,"Saccharina_latissima","Random",0.25,0,NA,NA,NA
252,"sw_newfoundland_gagnon",NA,"Margaree",3.3,"Margaree-147-2024-8",2024,8,27,47.5736321549954,-59.0615685537283,"Unidentified_kelp","Random",0.25,20,NA,NA,NA
253,"sw_newfoundland_gagnon",NA,"Margaree",4.3,"Margaree-148-2024-8",2024,8,27,47.5737659324551,-59.0618029014256,"Agarum_clathratum","Random",0.25,0,NA,NA,NA
254,"sw_newfoundland_gagnon",NA,"Margaree",4.3,"Margaree-148-2024-8",2024,8,27,47.5737659324551,-59.0618029014256,"Alaria_esculenta","Random",0.25,0,NA,NA,NA
255,"sw_newfoundland_gagnon",NA,"Margaree",4.3,"Margaree-148-2024-8",2024,8,27,47.5737659324551,-59.0618029014256,"Laminaria_digitata","Random",0.25,0,NA,NA,NA
256,"sw_newfoundland_gagnon",NA,"Margaree",4.3,"Margaree-148-2024-8",2024,8,27,47.5737659324551,-59.0618029014256,"Laminaria_solidungula","Random",0.25,0,NA,NA,NA
257,"sw_newfoundland_gagnon",NA,"Margaree",4.3,"Margaree-148-2024-8",2024,8,27,47.5737659324551,-59.0618029014256,"Saccharina_longicruris","Random",0.25,4,NA,NA,NA
258,"sw_newfoundland_gagnon",NA,"Margaree",4.3,"Margaree-148-2024-8",2024,8,27,47.5737659324551,-59.0618029014256,"Saccharina_latissima","Random",0.25,0,NA,NA,NA
259,"sw_newfoundland_gagnon",NA,"Margaree",4.3,"Margaree-148-2024-8",2024,8,27,47.5737659324551,-59.0618029014256,"Unidentified_kelp","Random",0.25,0,NA,NA,NA
260,"sw_newfoundland_gagnon",NA,"Margaree",4.1,"Margaree-149-2024-8",2024,8,27,47.5735348620828,-59.0617938880526,"Agarum_clathratum","Random",0.25,0,NA,NA,NA
261,"sw_newfoundland_gagnon",NA,"Margaree",4.1,"Margaree-149-2024-8",2024,8,27,47.5735348620828,-59.0617938880526,"Alaria_esculenta","Random",0.25,0,NA,NA,NA
262,"sw_newfoundland_gagnon",NA,"Margaree",4.1,"Margaree-149-2024-8",2024,8,27,47.5735348620828,-59.0617938880526,"Laminaria_digitata","Random",0.25,0,NA,NA,NA
263,"sw_newfoundland_gagnon",NA,"Margaree",4.1,"Margaree-149-2024-8",2024,8,27,47.5735348620828,-59.0617938880526,"Laminaria_solidungula","Random",0.25,0,NA,NA,NA
264,"sw_newfoundland_gagnon",NA,"Margaree",4.1,"Margaree-149-2024-8",2024,8,27,47.5735348620828,-59.0617938880526,"Saccharina_longicruris","Random",0.25,0,NA,NA,NA
265,"sw_newfoundland_gagnon",NA,"Margaree",4.1,"Margaree-149-2024-8",2024,8,27,47.5735348620828,-59.0617938880526,"Saccharina_latissima","Random",0.25,0,NA,NA,NA
266,"sw_newfoundland_gagnon",NA,"Margaree",4.1,"Margaree-149-2024-8",2024,8,27,47.5735348620828,-59.0617938880526,"Unidentified_kelp","Random",0.25,0,NA,NA,NA
267,"sw_newfoundland_gagnon",NA,"Margaree",2.4,"Margaree-150-2024-8",2024,8,27,47.573358518218,-59.0614333531336,"Agarum_clathratum","Random",0.25,0,NA,NA,NA
268,"sw_newfoundland_gagnon",NA,"Margaree",2.4,"Margaree-150-2024-8",2024,8,27,47.573358518218,-59.0614333531336,"Alaria_esculenta","Random",0.25,0,NA,NA,NA
269,"sw_newfoundland_gagnon",NA,"Margaree",2.4,"Margaree-150-2024-8",2024,8,27,47.573358518218,-59.0614333531336,"Laminaria_digitata","Random",0.25,0,NA,NA,NA
270,"sw_newfoundland_gagnon",NA,"Margaree",2.4,"Margaree-150-2024-8",2024,8,27,47.573358518218,-59.0614333531336,"Laminaria_solidungula","Random",0.25,0,NA,NA,NA
271,"sw_newfoundland_gagnon",NA,"Margaree",2.4,"Margaree-150-2024-8",2024,8,27,47.573358518218,-59.0614333531336,"Saccharina_longicruris","Random",0.25,32,NA,NA,NA
272,"sw_newfoundland_gagnon",NA,"Margaree",2.4,"Margaree-150-2024-8",2024,8,27,47.573358518218,-59.0614333531336,"Saccharina_latissima","Random",0.25,0,NA,NA,NA
273,"sw_newfoundland_gagnon",NA,"Margaree",2.4,"Margaree-150-2024-8",2024,8,27,47.573358518218,-59.0614333531336,"Unidentified_kelp","Random",0.25,0,NA,NA,NA
274,"sw_newfoundland_gagnon",NA,"Margaree",2.9,"Margaree-151-2024-8",2024,8,27,47.5731943354651,-59.0609916978579,"Agarum_clathratum","Random",0.25,0,NA,NA,NA
275,"sw_newfoundland_gagnon",NA,"Margaree",2.9,"Margaree-151-2024-8",2024,8,27,47.5731943354651,-59.0609916978579,"Alaria_esculenta","Random",0.25,0,NA,NA,NA
276,"sw_newfoundland_gagnon",NA,"Margaree",2.9,"Margaree-151-2024-8",2024,8,27,47.5731943354651,-59.0609916978579,"Laminaria_digitata","Random",0.25,0,NA,NA,NA
277,"sw_newfoundland_gagnon",NA,"Margaree",2.9,"Margaree-151-2024-8",2024,8,27,47.5731943354651,-59.0609916978579,"Laminaria_solidungula","Random",0.25,0,NA,NA,NA
278,"sw_newfoundland_gagnon",NA,"Margaree",2.9,"Margaree-151-2024-8",2024,8,27,47.5731943354651,-59.0609916978579,"Saccharina_longicruris","Random",0.25,40,NA,NA,NA
279,"sw_newfoundland_gagnon",NA,"Margaree",2.9,"Margaree-151-2024-8",2024,8,27,47.5731943354651,-59.0609916978579,"Saccharina_latissima","Random",0.25,0,NA,NA,NA
280,"sw_newfoundland_gagnon",NA,"Margaree",2.9,"Margaree-151-2024-8",2024,8,27,47.5731943354651,-59.0609916978579,"Unidentified_kelp","Random",0.25,0,NA,NA,NA
281,"sw_newfoundland_gagnon",NA,"Margaree",2.8,"Margaree-152-2024-8",2024,8,27,47.5729875860812,-59.0606582030579,"Agarum_clathratum","Random",0.25,0,NA,NA,NA
282,"sw_newfoundland_gagnon",NA,"Margaree",2.8,"Margaree-152-2024-8",2024,8,27,47.5729875860812,-59.0606582030579,"Alaria_esculenta","Random",0.25,0,NA,NA,NA
283,"sw_newfoundland_gagnon",NA,"Margaree",2.8,"Margaree-152-2024-8",2024,8,27,47.5729875860812,-59.0606582030579,"Laminaria_digitata","Random",0.25,0,NA,NA,NA
284,"sw_newfoundland_gagnon",NA,"Margaree",2.8,"Margaree-152-2024-8",2024,8,27,47.5729875860812,-59.0606582030579,"Laminaria_solidungula","Random",0.25,0,NA,NA,NA
285,"sw_newfoundland_gagnon",NA,"Margaree",2.8,"Margaree-152-2024-8",2024,8,27,47.5729875860812,-59.0606582030579,"Saccharina_longicruris","Random",0.25,76,NA,NA,NA
286,"sw_newfoundland_gagnon",NA,"Margaree",2.8,"Margaree-152-2024-8",2024,8,27,47.5729875860812,-59.0606582030579,"Saccharina_latissima","Random",0.25,0,NA,NA,NA
287,"sw_newfoundland_gagnon",NA,"Margaree",2.8,"Margaree-152-2024-8",2024,8,27,47.5729875860812,-59.0606582030579,"Unidentified_kelp","Random",0.25,0,NA,NA,NA
288,"sw_newfoundland_gagnon",NA,"Margaree",4.5,"Margaree-153-2024-8",2024,8,27,47.5727686740791,-59.0603247082578,"Agarum_clathratum","Random",0.25,0,NA,NA,NA
289,"sw_newfoundland_gagnon",NA,"Margaree",4.5,"Margaree-153-2024-8",2024,8,27,47.5727686740791,-59.0603247082578,"Alaria_esculenta","Random",0.25,0,NA,NA,NA
290,"sw_newfoundland_gagnon",NA,"Margaree",4.5,"Margaree-153-2024-8",2024,8,27,47.5727686740791,-59.0603247082578,"Laminaria_digitata","Random",0.25,0,NA,NA,NA
291,"sw_newfoundland_gagnon",NA,"Margaree",4.5,"Margaree-153-2024-8",2024,8,27,47.5727686740791,-59.0603247082578,"Laminaria_solidungula","Random",0.25,0,NA,NA,NA
292,"sw_newfoundland_gagnon",NA,"Margaree",4.5,"Margaree-153-2024-8",2024,8,27,47.5727686740791,-59.0603247082578,"Saccharina_longicruris","Random",0.25,0,NA,NA,NA
293,"sw_newfoundland_gagnon",NA,"Margaree",4.5,"Margaree-153-2024-8",2024,8,27,47.5727686740791,-59.0603247082578,"Saccharina_latissima","Random",0.25,0,NA,NA,NA
294,"sw_newfoundland_gagnon",NA,"Margaree",4.5,"Margaree-153-2024-8",2024,8,27,47.5727686740791,-59.0603247082578,"Unidentified_kelp","Random",0.25,0,NA,NA,NA
295,"sw_newfoundland_gagnon",NA,"Margaree",4.6,"Margaree-154-2024-8",2024,8,27,47.5725558420887,-59.0600362803226,"Agarum_clathratum","Random",0.25,0,NA,NA,NA
296,"sw_newfoundland_gagnon",NA,"Margaree",4.6,"Margaree-154-2024-8",2024,8,27,47.5725558420887,-59.0600362803226,"Alaria_esculenta","Random",0.25,0,NA,NA,NA
297,"sw_newfoundland_gagnon",NA,"Margaree",4.6,"Margaree-154-2024-8",2024,8,27,47.5725558420887,-59.0600362803226,"Laminaria_digitata","Random",0.25,0,NA,NA,NA
298,"sw_newfoundland_gagnon",NA,"Margaree",4.6,"Margaree-154-2024-8",2024,8,27,47.5725558420887,-59.0600362803226,"Laminaria_solidungula","Random",0.25,0,NA,NA,NA
299,"sw_newfoundland_gagnon",NA,"Margaree",4.6,"Margaree-154-2024-8",2024,8,27,47.5725558420887,-59.0600362803226,"Saccharina_longicruris","Random",0.25,0,NA,NA,NA
300,"sw_newfoundland_gagnon",NA,"Margaree",4.6,"Margaree-154-2024-8",2024,8,27,47.5725558420887,-59.0600362803226,"Saccharina_latissima","Random",0.25,0,NA,NA,NA
301,"sw_newfoundland_gagnon",NA,"Margaree",4.6,"Margaree-154-2024-8",2024,8,27,47.5725558420887,-59.0600362803226,"Unidentified_kelp","Random",0.25,0,NA,NA,NA
302,"sw_newfoundland_gagnon",NA,"Margaree",6.7,"Margaree-155-2024-8",2024,8,27,47.5721727423261,-59.059540544809,"Agarum_clathratum","Random",0.25,0,NA,NA,NA
303,"sw_newfoundland_gagnon",NA,"Margaree",6.7,"Margaree-155-2024-8",2024,8,27,47.5721727423261,-59.059540544809,"Alaria_esculenta","Random",0.25,0,NA,NA,NA
304,"sw_newfoundland_gagnon",NA,"Margaree",6.7,"Margaree-155-2024-8",2024,8,27,47.5721727423261,-59.059540544809,"Laminaria_digitata","Random",0.25,0,NA,NA,NA
305,"sw_newfoundland_gagnon",NA,"Margaree",6.7,"Margaree-155-2024-8",2024,8,27,47.5721727423261,-59.059540544809,"Laminaria_solidungula","Random",0.25,0,NA,NA,NA
306,"sw_newfoundland_gagnon",NA,"Margaree",6.7,"Margaree-155-2024-8",2024,8,27,47.5721727423261,-59.059540544809,"Saccharina_longicruris","Random",0.25,0,NA,NA,NA
307,"sw_newfoundland_gagnon",NA,"Margaree",6.7,"Margaree-155-2024-8",2024,8,27,47.5721727423261,-59.059540544809,"Saccharina_latissima","Random",0.25,0,NA,NA,NA
308,"sw_newfoundland_gagnon",NA,"Margaree",6.7,"Margaree-155-2024-8",2024,8,27,47.5721727423261,-59.059540544809,"Unidentified_kelp","Random",0.25,0,NA,NA,NA
309,"sw_newfoundland_gagnon",NA,"Margaree",6.8,"Margaree-156-2024-8",2024,8,27,47.5719781508972,-59.059216063382,"Agarum_clathratum","Random",0.25,0,NA,NA,NA
310,"sw_newfoundland_gagnon",NA,"Margaree",6.8,"Margaree-156-2024-8",2024,8,27,47.5719781508972,-59.059216063382,"Alaria_esculenta","Random",0.25,0,NA,NA,NA
311,"sw_newfoundland_gagnon",NA,"Margaree",6.8,"Margaree-156-2024-8",2024,8,27,47.5719781508972,-59.059216063382,"Laminaria_digitata","Random",0.25,0,NA,NA,NA
312,"sw_newfoundland_gagnon",NA,"Margaree",6.8,"Margaree-156-2024-8",2024,8,27,47.5719781508972,-59.059216063382,"Laminaria_solidungula","Random",0.25,0,NA,NA,NA
313,"sw_newfoundland_gagnon",NA,"Margaree",6.8,"Margaree-156-2024-8",2024,8,27,47.5719781508972,-59.059216063382,"Saccharina_longicruris","Random",0.25,0,NA,NA,NA
314,"sw_newfoundland_gagnon",NA,"Margaree",6.8,"Margaree-156-2024-8",2024,8,27,47.5719781508972,-59.059216063382,"Saccharina_latissima","Random",0.25,0,NA,NA,NA
315,"sw_newfoundland_gagnon",NA,"Margaree",6.8,"Margaree-156-2024-8",2024,8,27,47.5719781508972,-59.059216063382,"Unidentified_kelp","Random",0.25,0,NA,NA,NA
316,"sw_newfoundland_gagnon",NA,"Margaree",5.6,"Margaree-157-2024-8",2024,8,27,47.5718200448288,-59.05884651509,"Agarum_clathratum","Random",0.25,0,NA,NA,NA
317,"sw_newfoundland_gagnon",NA,"Margaree",5.6,"Margaree-157-2024-8",2024,8,27,47.5718200448288,-59.05884651509,"Alaria_esculenta","Random",0.25,0,NA,NA,NA
318,"sw_newfoundland_gagnon",NA,"Margaree",5.6,"Margaree-157-2024-8",2024,8,27,47.5718200448288,-59.05884651509,"Laminaria_digitata","Random",0.25,0,NA,NA,NA
319,"sw_newfoundland_gagnon",NA,"Margaree",5.6,"Margaree-157-2024-8",2024,8,27,47.5718200448288,-59.05884651509,"Laminaria_solidungula","Random",0.25,0,NA,NA,NA
320,"sw_newfoundland_gagnon",NA,"Margaree",5.6,"Margaree-157-2024-8",2024,8,27,47.5718200448288,-59.05884651509,"Saccharina_longicruris","Random",0.25,0,NA,NA,NA
321,"sw_newfoundland_gagnon",NA,"Margaree",5.6,"Margaree-157-2024-8",2024,8,27,47.5718200448288,-59.05884651509,"Saccharina_latissima","Random",0.25,0,NA,NA,NA
322,"sw_newfoundland_gagnon",NA,"Margaree",5.6,"Margaree-157-2024-8",2024,8,27,47.5718200448288,-59.05884651509,"Unidentified_kelp","Random",0.25,0,NA,NA,NA
323,"sw_newfoundland_gagnon",NA,"Margaree",5.4,"Margaree-158-2024-8",2024,8,27,47.5717105865019,-59.0584318999332,"Agarum_clathratum","Random",0.25,0,NA,NA,NA
324,"sw_newfoundland_gagnon",NA,"Margaree",5.4,"Margaree-158-2024-8",2024,8,27,47.5717105865019,-59.0584318999332,"Alaria_esculenta","Random",0.25,0,NA,NA,NA
325,"sw_newfoundland_gagnon",NA,"Margaree",5.4,"Margaree-158-2024-8",2024,8,27,47.5717105865019,-59.0584318999332,"Laminaria_digitata","Random",0.25,0,NA,NA,NA
326,"sw_newfoundland_gagnon",NA,"Margaree",5.4,"Margaree-158-2024-8",2024,8,27,47.5717105865019,-59.0584318999332,"Laminaria_solidungula","Random",0.25,0,NA,NA,NA
327,"sw_newfoundland_gagnon",NA,"Margaree",5.4,"Margaree-158-2024-8",2024,8,27,47.5717105865019,-59.0584318999332,"Saccharina_longicruris","Random",0.25,4,NA,NA,NA
328,"sw_newfoundland_gagnon",NA,"Margaree",5.4,"Margaree-158-2024-8",2024,8,27,47.5717105865019,-59.0584318999332,"Saccharina_latissima","Random",0.25,0,NA,NA,NA
329,"sw_newfoundland_gagnon",NA,"Margaree",5.4,"Margaree-158-2024-8",2024,8,27,47.5717105865019,-59.0584318999332,"Unidentified_kelp","Random",0.25,0,NA,NA,NA
330,"sw_newfoundland_gagnon",NA,"Margaree",6.3,"Margaree-159-2024-8",2024,8,27,47.5714795070604,-59.0584138731873,"Agarum_clathratum","Random",0.25,0,NA,NA,NA
331,"sw_newfoundland_gagnon",NA,"Margaree",6.3,"Margaree-159-2024-8",2024,8,27,47.5714795070604,-59.0584138731873,"Alaria_esculenta","Random",0.25,0,NA,NA,NA
332,"sw_newfoundland_gagnon",NA,"Margaree",6.3,"Margaree-159-2024-8",2024,8,27,47.5714795070604,-59.0584138731873,"Laminaria_digitata","Random",0.25,0,NA,NA,NA
333,"sw_newfoundland_gagnon",NA,"Margaree",6.3,"Margaree-159-2024-8",2024,8,27,47.5714795070604,-59.0584138731873,"Laminaria_solidungula","Random",0.25,0,NA,NA,NA
334,"sw_newfoundland_gagnon",NA,"Margaree",6.3,"Margaree-159-2024-8",2024,8,27,47.5714795070604,-59.0584138731873,"Saccharina_longicruris","Random",0.25,52,NA,NA,NA
335,"sw_newfoundland_gagnon",NA,"Margaree",6.3,"Margaree-159-2024-8",2024,8,27,47.5714795070604,-59.0584138731873,"Saccharina_latissima","Random",0.25,0,NA,NA,NA
336,"sw_newfoundland_gagnon",NA,"Margaree",6.3,"Margaree-159-2024-8",2024,8,27,47.5714795070604,-59.0584138731873,"Unidentified_kelp","Random",0.25,0,NA,NA,NA
337,"sw_newfoundland_gagnon",NA,"Margaree",6.5,"Margaree-160-2024-8",2024,8,27,47.5715768037916,-59.0588104615981,"Agarum_clathratum","Random",0.25,0,NA,NA,NA
338,"sw_newfoundland_gagnon",NA,"Margaree",6.5,"Margaree-160-2024-8",2024,8,27,47.5715768037916,-59.0588104615981,"Alaria_esculenta","Random",0.25,0,NA,NA,NA
339,"sw_newfoundland_gagnon",NA,"Margaree",6.5,"Margaree-160-2024-8",2024,8,27,47.5715768037916,-59.0588104615981,"Laminaria_digitata","Random",0.25,0,NA,NA,NA
340,"sw_newfoundland_gagnon",NA,"Margaree",6.5,"Margaree-160-2024-8",2024,8,27,47.5715768037916,-59.0588104615981,"Laminaria_solidungula","Random",0.25,0,NA,NA,NA
341,"sw_newfoundland_gagnon",NA,"Margaree",6.5,"Margaree-160-2024-8",2024,8,27,47.5715768037916,-59.0588104615981,"Saccharina_longicruris","Random",0.25,88,NA,NA,NA
342,"sw_newfoundland_gagnon",NA,"Margaree",6.5,"Margaree-160-2024-8",2024,8,27,47.5715768037916,-59.0588104615981,"Saccharina_latissima","Random",0.25,0,NA,NA,NA
343,"sw_newfoundland_gagnon",NA,"Margaree",6.5,"Margaree-160-2024-8",2024,8,27,47.5715768037916,-59.0588104615981,"Unidentified_kelp","Random",0.25,0,NA,NA,NA
344,"sw_newfoundland_gagnon",NA,"Margaree",7.2,"Margaree-161-2024-8",2024,8,27,47.5717713967118,-59.0590808627873,"Agarum_clathratum","Random",0.25,0,NA,NA,NA
345,"sw_newfoundland_gagnon",NA,"Margaree",7.2,"Margaree-161-2024-8",2024,8,27,47.5717713967118,-59.0590808627873,"Alaria_esculenta","Random",0.25,0,NA,NA,NA
346,"sw_newfoundland_gagnon",NA,"Margaree",7.2,"Margaree-161-2024-8",2024,8,27,47.5717713967118,-59.0590808627873,"Laminaria_digitata","Random",0.25,0,NA,NA,NA
347,"sw_newfoundland_gagnon",NA,"Margaree",7.2,"Margaree-161-2024-8",2024,8,27,47.5717713967118,-59.0590808627873,"Laminaria_solidungula","Random",0.25,0,NA,NA,NA
348,"sw_newfoundland_gagnon",NA,"Margaree",7.2,"Margaree-161-2024-8",2024,8,27,47.5717713967118,-59.0590808627873,"Saccharina_longicruris","Random",0.25,48,NA,NA,NA
349,"sw_newfoundland_gagnon",NA,"Margaree",7.2,"Margaree-161-2024-8",2024,8,27,47.5717713967118,-59.0590808627873,"Saccharina_latissima","Random",0.25,0,NA,NA,NA
350,"sw_newfoundland_gagnon",NA,"Margaree",7.2,"Margaree-161-2024-8",2024,8,27,47.5717713967118,-59.0590808627873,"Unidentified_kelp","Random",0.25,0,NA,NA,NA
351,"sw_newfoundland_gagnon",NA,"Margaree",8.6,"Margaree-162-2024-8",2024,8,27,47.5718626118942,-59.0594774511982,"Agarum_clathratum","Random",0.25,0,NA,NA,NA
352,"sw_newfoundland_gagnon",NA,"Margaree",8.6,"Margaree-162-2024-8",2024,8,27,47.5718626118942,-59.0594774511982,"Alaria_esculenta","Random",0.25,0,NA,NA,NA
353,"sw_newfoundland_gagnon",NA,"Margaree",8.6,"Margaree-162-2024-8",2024,8,27,47.5718626118942,-59.0594774511982,"Laminaria_digitata","Random",0.25,0,NA,NA,NA
354,"sw_newfoundland_gagnon",NA,"Margaree",8.6,"Margaree-162-2024-8",2024,8,27,47.5718626118942,-59.0594774511982,"Laminaria_solidungula","Random",0.25,0,NA,NA,NA
355,"sw_newfoundland_gagnon",NA,"Margaree",8.6,"Margaree-162-2024-8",2024,8,27,47.5718626118942,-59.0594774511982,"Saccharina_longicruris","Random",0.25,0,NA,NA,NA
356,"sw_newfoundland_gagnon",NA,"Margaree",8.6,"Margaree-162-2024-8",2024,8,27,47.5718626118942,-59.0594774511982,"Saccharina_latissima","Random",0.25,0,NA,NA,NA
357,"sw_newfoundland_gagnon",NA,"Margaree",8.6,"Margaree-162-2024-8",2024,8,27,47.5718626118942,-59.0594774511982,"Unidentified_kelp","Random",0.25,0,NA,NA,NA
358,"sw_newfoundland_gagnon",NA,"Margaree",7.4,"Margaree-163-2024-8",2024,8,27,47.5721119325822,-59.0597929192523,"Agarum_clathratum","Random",0.25,0,NA,NA,NA
359,"sw_newfoundland_gagnon",NA,"Margaree",7.4,"Margaree-163-2024-8",2024,8,27,47.5721119325822,-59.0597929192523,"Alaria_esculenta","Random",0.25,0,NA,NA,NA
360,"sw_newfoundland_gagnon",NA,"Margaree",7.4,"Margaree-163-2024-8",2024,8,27,47.5721119325822,-59.0597929192523,"Laminaria_digitata","Random",0.25,0,NA,NA,NA
361,"sw_newfoundland_gagnon",NA,"Margaree",7.4,"Margaree-163-2024-8",2024,8,27,47.5721119325822,-59.0597929192523,"Laminaria_solidungula","Random",0.25,0,NA,NA,NA
362,"sw_newfoundland_gagnon",NA,"Margaree",7.4,"Margaree-163-2024-8",2024,8,27,47.5721119325822,-59.0597929192523,"Saccharina_longicruris","Random",0.25,0,NA,NA,NA
363,"sw_newfoundland_gagnon",NA,"Margaree",7.4,"Margaree-163-2024-8",2024,8,27,47.5721119325822,-59.0597929192523,"Saccharina_latissima","Random",0.25,0,NA,NA,NA
364,"sw_newfoundland_gagnon",NA,"Margaree",7.4,"Margaree-163-2024-8",2024,8,27,47.5721119325822,-59.0597929192523,"Unidentified_kelp","Random",0.25,0,NA,NA,NA
365,"sw_newfoundland_gagnon",NA,"Margaree",4.4,"Margaree-164-2024-8",2024,8,27,47.5724767899862,-59.0599281198469,"Agarum_clathratum","Random",0.25,0,NA,NA,NA
366,"sw_newfoundland_gagnon",NA,"Margaree",4.4,"Margaree-164-2024-8",2024,8,27,47.5724767899862,-59.0599281198469,"Alaria_esculenta","Random",0.25,0,NA,NA,NA
367,"sw_newfoundland_gagnon",NA,"Margaree",4.4,"Margaree-164-2024-8",2024,8,27,47.5724767899862,-59.0599281198469,"Laminaria_digitata","Random",0.25,0,NA,NA,NA
368,"sw_newfoundland_gagnon",NA,"Margaree",4.4,"Margaree-164-2024-8",2024,8,27,47.5724767899862,-59.0599281198469,"Laminaria_solidungula","Random",0.25,0,NA,NA,NA
369,"sw_newfoundland_gagnon",NA,"Margaree",4.4,"Margaree-164-2024-8",2024,8,27,47.5724767899862,-59.0599281198469,"Saccharina_longicruris","Random",0.25,88,NA,NA,NA
370,"sw_newfoundland_gagnon",NA,"Margaree",4.4,"Margaree-164-2024-8",2024,8,27,47.5724767899862,-59.0599281198469,"Saccharina_latissima","Random",0.25,0,NA,NA,NA
371,"sw_newfoundland_gagnon",NA,"Margaree",4.4,"Margaree-164-2024-8",2024,8,27,47.5724767899862,-59.0599281198469,"Unidentified_kelp","Random",0.25,0,NA,NA,NA
372,"sw_newfoundland_gagnon",NA,"Margaree",6.6,"Margaree-165-2024-8",2024,8,27,47.5722457139255,-59.0598019326253,"Agarum_clathratum","Random",0.25,0,NA,NA,NA
373,"sw_newfoundland_gagnon",NA,"Margaree",6.6,"Margaree-165-2024-8",2024,8,27,47.5722457139255,-59.0598019326253,"Alaria_esculenta","Random",0.25,0,NA,NA,NA
374,"sw_newfoundland_gagnon",NA,"Margaree",6.6,"Margaree-165-2024-8",2024,8,27,47.5722457139255,-59.0598019326253,"Laminaria_digitata","Random",0.25,0,NA,NA,NA
375,"sw_newfoundland_gagnon",NA,"Margaree",6.6,"Margaree-165-2024-8",2024,8,27,47.5722457139255,-59.0598019326253,"Laminaria_solidungula","Random",0.25,0,NA,NA,NA
376,"sw_newfoundland_gagnon",NA,"Margaree",6.6,"Margaree-165-2024-8",2024,8,27,47.5722457139255,-59.0598019326253,"Saccharina_longicruris","Random",0.25,4,NA,NA,NA
377,"sw_newfoundland_gagnon",NA,"Margaree",6.6,"Margaree-165-2024-8",2024,8,27,47.5722457139255,-59.0598019326253,"Saccharina_latissima","Random",0.25,0,NA,NA,NA
378,"sw_newfoundland_gagnon",NA,"Margaree",6.6,"Margaree-165-2024-8",2024,8,27,47.5722457139255,-59.0598019326253,"Unidentified_kelp","Random",0.25,0,NA,NA,NA
379,"sw_newfoundland_gagnon",NA,"Margaree",5.1,"Margaree-166-2024-8",2024,8,27,47.5723855758735,-59.0602706280199,"Agarum_clathratum","Random",0.25,0,NA,NA,NA
380,"sw_newfoundland_gagnon",NA,"Margaree",5.1,"Margaree-166-2024-8",2024,8,27,47.5723855758735,-59.0602706280199,"Alaria_esculenta","Random",0.25,0,NA,NA,NA
381,"sw_newfoundland_gagnon",NA,"Margaree",5.1,"Margaree-166-2024-8",2024,8,27,47.5723855758735,-59.0602706280199,"Laminaria_digitata","Random",0.25,0,NA,NA,NA
382,"sw_newfoundland_gagnon",NA,"Margaree",5.1,"Margaree-166-2024-8",2024,8,27,47.5723855758735,-59.0602706280199,"Laminaria_solidungula","Random",0.25,0,NA,NA,NA
383,"sw_newfoundland_gagnon",NA,"Margaree",5.1,"Margaree-166-2024-8",2024,8,27,47.5723855758735,-59.0602706280199,"Saccharina_longicruris","Random",0.25,72,NA,NA,NA
384,"sw_newfoundland_gagnon",NA,"Margaree",5.1,"Margaree-166-2024-8",2024,8,27,47.5723855758735,-59.0602706280199,"Saccharina_latissima","Random",0.25,0,NA,NA,NA
385,"sw_newfoundland_gagnon",NA,"Margaree",5.1,"Margaree-166-2024-8",2024,8,27,47.5723855758735,-59.0602706280199,"Unidentified_kelp","Random",0.25,0,NA,NA,NA
386,"sw_newfoundland_gagnon",NA,"Margaree",NA,"Margaree-167-2024-8",2024,8,27,NA,NA,"Agarum_clathratum","Random",0.25,0,NA,NA,NA
387,"sw_newfoundland_gagnon",NA,"Margaree",NA,"Margaree-167-2024-8",2024,8,27,NA,NA,"Alaria_esculenta","Random",0.25,0,NA,NA,NA
388,"sw_newfoundland_gagnon",NA,"Margaree",NA,"Margaree-167-2024-8",2024,8,27,NA,NA,"Laminaria_digitata","Random",0.25,0,NA,NA,NA
389,"sw_newfoundland_gagnon",NA,"Margaree",NA,"Margaree-167-2024-8",2024,8,27,NA,NA,"Laminaria_solidungula","Random",0.25,0,NA,NA,NA
390,"sw_newfoundland_gagnon",NA,"Margaree",NA,"Margaree-167-2024-8",2024,8,27,NA,NA,"Saccharina_longicruris","Random",0.25,0,NA,NA,NA
391,"sw_newfoundland_gagnon",NA,"Margaree",NA,"Margaree-167-2024-8",2024,8,27,NA,NA,"Saccharina_latissima","Random",0.25,0,NA,NA,NA
392,"sw_newfoundland_gagnon",NA,"Margaree",NA,"Margaree-167-2024-8",2024,8,27,NA,NA,"Unidentified_kelp","Random",0.25,0,NA,NA,NA
393,"sw_newfoundland_gagnon",NA,"Margaree",4,"Margaree-168-2024-8",2024,8,27,47.5727017841182,-59.0606311629389,"Agarum_clathratum","Random",0.25,0,NA,NA,NA
394,"sw_newfoundland_gagnon",NA,"Margaree",4,"Margaree-168-2024-8",2024,8,27,47.5727017841182,-59.0606311629389,"Alaria_esculenta","Random",0.25,0,NA,NA,NA
395,"sw_newfoundland_gagnon",NA,"Margaree",4,"Margaree-168-2024-8",2024,8,27,47.5727017841182,-59.0606311629389,"Laminaria_digitata","Random",0.25,0,NA,NA,NA
396,"sw_newfoundland_gagnon",NA,"Margaree",4,"Margaree-168-2024-8",2024,8,27,47.5727017841182,-59.0606311629389,"Laminaria_solidungula","Random",0.25,0,NA,NA,NA
397,"sw_newfoundland_gagnon",NA,"Margaree",4,"Margaree-168-2024-8",2024,8,27,47.5727017841182,-59.0606311629389,"Saccharina_longicruris","Random",0.25,52,NA,NA,NA
398,"sw_newfoundland_gagnon",NA,"Margaree",4,"Margaree-168-2024-8",2024,8,27,47.5727017841182,-59.0606311629389,"Saccharina_latissima","Random",0.25,0,NA,NA,NA
399,"sw_newfoundland_gagnon",NA,"Margaree",4,"Margaree-168-2024-8",2024,8,27,47.5727017841182,-59.0606311629389,"Unidentified_kelp","Random",0.25,0,NA,NA,NA
400,"sw_newfoundland_gagnon",NA,"Margaree",2.1,"Margaree-169-2024-8",2024,8,27,47.5728294830604,-59.060946630993,"Agarum_clathratum","Random",0.25,0,NA,NA,NA
401,"sw_newfoundland_gagnon",NA,"Margaree",2.1,"Margaree-169-2024-8",2024,8,27,47.5728294830604,-59.060946630993,"Alaria_esculenta","Random",0.25,0,NA,NA,NA
402,"sw_newfoundland_gagnon",NA,"Margaree",2.1,"Margaree-169-2024-8",2024,8,27,47.5728294830604,-59.060946630993,"Laminaria_digitata","Random",0.25,0,NA,NA,NA
403,"sw_newfoundland_gagnon",NA,"Margaree",2.1,"Margaree-169-2024-8",2024,8,27,47.5728294830604,-59.060946630993,"Laminaria_solidungula","Random",0.25,0,NA,NA,NA
404,"sw_newfoundland_gagnon",NA,"Margaree",2.1,"Margaree-169-2024-8",2024,8,27,47.5728294830604,-59.060946630993,"Saccharina_longicruris","Random",0.25,48,NA,NA,NA
405,"sw_newfoundland_gagnon",NA,"Margaree",2.1,"Margaree-169-2024-8",2024,8,27,47.5728294830604,-59.060946630993,"Saccharina_latissima","Random",0.25,0,NA,NA,NA
406,"sw_newfoundland_gagnon",NA,"Margaree",2.1,"Margaree-169-2024-8",2024,8,27,47.5728294830604,-59.060946630993,"Unidentified_kelp","Random",0.25,0,NA,NA,NA
407,"sw_newfoundland_gagnon",NA,"Margaree",2,"Margaree-170-2024-8",2024,8,27,47.5730058287067,-59.0612530856742,"Agarum_clathratum","Random",0.25,0,NA,NA,NA
408,"sw_newfoundland_gagnon",NA,"Margaree",2,"Margaree-170-2024-8",2024,8,27,47.5730058287067,-59.0612530856742,"Alaria_esculenta","Random",0.25,0,NA,NA,NA
409,"sw_newfoundland_gagnon",NA,"Margaree",2,"Margaree-170-2024-8",2024,8,27,47.5730058287067,-59.0612530856742,"Laminaria_digitata","Random",0.25,0,NA,NA,NA
410,"sw_newfoundland_gagnon",NA,"Margaree",2,"Margaree-170-2024-8",2024,8,27,47.5730058287067,-59.0612530856742,"Laminaria_solidungula","Random",0.25,0,NA,NA,NA
411,"sw_newfoundland_gagnon",NA,"Margaree",2,"Margaree-170-2024-8",2024,8,27,47.5730058287067,-59.0612530856742,"Saccharina_longicruris","Random",0.25,60,NA,NA,NA
412,"sw_newfoundland_gagnon",NA,"Margaree",2,"Margaree-170-2024-8",2024,8,27,47.5730058287067,-59.0612530856742,"Saccharina_latissima","Random",0.25,0,NA,NA,NA
413,"sw_newfoundland_gagnon",NA,"Margaree",2,"Margaree-170-2024-8",2024,8,27,47.5730058287067,-59.0612530856742,"Unidentified_kelp","Random",0.25,0,NA,NA,NA
414,"sw_newfoundland_gagnon",NA,"Margaree",3.2,"Margaree-171-2024-8",2024,8,27,47.5731456886247,-59.0616046072201,"Agarum_clathratum","Random",0.25,0,NA,NA,NA
415,"sw_newfoundland_gagnon",NA,"Margaree",3.2,"Margaree-171-2024-8",2024,8,27,47.5731456886247,-59.0616046072201,"Alaria_esculenta","Random",0.25,0,NA,NA,NA
416,"sw_newfoundland_gagnon",NA,"Margaree",3.2,"Margaree-171-2024-8",2024,8,27,47.5731456886247,-59.0616046072201,"Laminaria_digitata","Random",0.25,0,NA,NA,NA
417,"sw_newfoundland_gagnon",NA,"Margaree",3.2,"Margaree-171-2024-8",2024,8,27,47.5731456886247,-59.0616046072201,"Laminaria_solidungula","Random",0.25,0,NA,NA,NA
418,"sw_newfoundland_gagnon",NA,"Margaree",3.2,"Margaree-171-2024-8",2024,8,27,47.5731456886247,-59.0616046072201,"Saccharina_longicruris","Random",0.25,48,NA,NA,NA
419,"sw_newfoundland_gagnon",NA,"Margaree",3.2,"Margaree-171-2024-8",2024,8,27,47.5731456886247,-59.0616046072201,"Saccharina_latissima","Random",0.25,0,NA,NA,NA
420,"sw_newfoundland_gagnon",NA,"Margaree",3.2,"Margaree-171-2024-8",2024,8,27,47.5731456886247,-59.0616046072201,"Unidentified_kelp","Random",0.25,4,NA,NA,NA
421,"sw_newfoundland_gagnon",NA,"Margaree",3.6,"Margaree-172-2024-8",2024,8,27,47.5732308205658,-59.0618299415445,"Agarum_clathratum","Random",0.25,0,NA,NA,NA
422,"sw_newfoundland_gagnon",NA,"Margaree",3.6,"Margaree-172-2024-8",2024,8,27,47.5732308205658,-59.0618299415445,"Alaria_esculenta","Random",0.25,0,NA,NA,NA
423,"sw_newfoundland_gagnon",NA,"Margaree",3.6,"Margaree-172-2024-8",2024,8,27,47.5732308205658,-59.0618299415445,"Laminaria_digitata","Random",0.25,0,NA,NA,NA
424,"sw_newfoundland_gagnon",NA,"Margaree",3.6,"Margaree-172-2024-8",2024,8,27,47.5732308205658,-59.0618299415445,"Laminaria_solidungula","Random",0.25,0,NA,NA,NA
425,"sw_newfoundland_gagnon",NA,"Margaree",3.6,"Margaree-172-2024-8",2024,8,27,47.5732308205658,-59.0618299415445,"Saccharina_longicruris","Random",0.25,24,NA,NA,NA
426,"sw_newfoundland_gagnon",NA,"Margaree",3.6,"Margaree-172-2024-8",2024,8,27,47.5732308205658,-59.0618299415445,"Saccharina_latissima","Random",0.25,0,NA,NA,NA
427,"sw_newfoundland_gagnon",NA,"Margaree",3.6,"Margaree-172-2024-8",2024,8,27,47.5732308205658,-59.0618299415445,"Unidentified_kelp","Random",0.25,0,NA,NA,NA
428,"sw_newfoundland_gagnon",NA,"Margaree",4.4,"Margaree-173-2024-8",2024,8,27,47.5733767607143,-59.0621454095986,"Agarum_clathratum","Random",0.25,0,NA,NA,NA
429,"sw_newfoundland_gagnon",NA,"Margaree",4.4,"Margaree-173-2024-8",2024,8,27,47.5733767607143,-59.0621454095986,"Alaria_esculenta","Random",0.25,0,NA,NA,NA
430,"sw_newfoundland_gagnon",NA,"Margaree",4.4,"Margaree-173-2024-8",2024,8,27,47.5733767607143,-59.0621454095986,"Laminaria_digitata","Random",0.25,0,NA,NA,NA
431,"sw_newfoundland_gagnon",NA,"Margaree",4.4,"Margaree-173-2024-8",2024,8,27,47.5733767607143,-59.0621454095986,"Laminaria_solidungula","Random",0.25,0,NA,NA,NA
432,"sw_newfoundland_gagnon",NA,"Margaree",4.4,"Margaree-173-2024-8",2024,8,27,47.5733767607143,-59.0621454095986,"Saccharina_longicruris","Random",0.25,0,NA,NA,NA
433,"sw_newfoundland_gagnon",NA,"Margaree",4.4,"Margaree-173-2024-8",2024,8,27,47.5733767607143,-59.0621454095986,"Saccharina_latissima","Random",0.25,0,NA,NA,NA
434,"sw_newfoundland_gagnon",NA,"Margaree",4.4,"Margaree-173-2024-8",2024,8,27,47.5733767607143,-59.0621454095986,"Unidentified_kelp","Random",0.25,0,NA,NA,NA
435,"sw_newfoundland_gagnon",NA,"Margaree",3.5,"Margaree-174-2024-8",2024,8,27,47.5731821737593,-59.0621183694797,"Agarum_clathratum","Random",0.25,0,NA,NA,NA
436,"sw_newfoundland_gagnon",NA,"Margaree",3.5,"Margaree-174-2024-8",2024,8,27,47.5731821737593,-59.0621183694797,"Alaria_esculenta","Random",0.25,0,NA,NA,NA
437,"sw_newfoundland_gagnon",NA,"Margaree",3.5,"Margaree-174-2024-8",2024,8,27,47.5731821737593,-59.0621183694797,"Laminaria_digitata","Random",0.25,0,NA,NA,NA
438,"sw_newfoundland_gagnon",NA,"Margaree",3.5,"Margaree-174-2024-8",2024,8,27,47.5731821737593,-59.0621183694797,"Laminaria_solidungula","Random",0.25,0,NA,NA,NA
439,"sw_newfoundland_gagnon",NA,"Margaree",3.5,"Margaree-174-2024-8",2024,8,27,47.5731821737593,-59.0621183694797,"Saccharina_longicruris","Random",0.25,0,NA,NA,NA
440,"sw_newfoundland_gagnon",NA,"Margaree",3.5,"Margaree-174-2024-8",2024,8,27,47.5731821737593,-59.0621183694797,"Saccharina_latissima","Random",0.25,0,NA,NA,NA
441,"sw_newfoundland_gagnon",NA,"Margaree",3.5,"Margaree-174-2024-8",2024,8,27,47.5731821737593,-59.0621183694797,"Unidentified_kelp","Random",0.25,0,NA,NA,NA
442,"sw_newfoundland_gagnon",NA,"Margaree",2.3,"Margaree-175-2024-8",2024,8,27,47.5728598875245,-59.0615144734904,"Agarum_clathratum","Random",0.25,0,NA,NA,NA
443,"sw_newfoundland_gagnon",NA,"Margaree",2.3,"Margaree-175-2024-8",2024,8,27,47.5728598875245,-59.0615144734904,"Alaria_esculenta","Random",0.25,0,NA,NA,NA
444,"sw_newfoundland_gagnon",NA,"Margaree",2.3,"Margaree-175-2024-8",2024,8,27,47.5728598875245,-59.0615144734904,"Laminaria_digitata","Random",0.25,0,NA,NA,NA
445,"sw_newfoundland_gagnon",NA,"Margaree",2.3,"Margaree-175-2024-8",2024,8,27,47.5728598875245,-59.0615144734904,"Laminaria_solidungula","Random",0.25,0,NA,NA,NA
446,"sw_newfoundland_gagnon",NA,"Margaree",2.3,"Margaree-175-2024-8",2024,8,27,47.5728598875245,-59.0615144734904,"Saccharina_longicruris","Random",0.25,88,NA,NA,NA
447,"sw_newfoundland_gagnon",NA,"Margaree",2.3,"Margaree-175-2024-8",2024,8,27,47.5728598875245,-59.0615144734904,"Saccharina_latissima","Random",0.25,0,NA,NA,NA
448,"sw_newfoundland_gagnon",NA,"Margaree",2.3,"Margaree-175-2024-8",2024,8,27,47.5728598875245,-59.0615144734904,"Unidentified_kelp","Random",0.25,0,NA,NA,NA
449,"sw_newfoundland_gagnon",NA,"Margaree",2.4,"Margaree-176-2024-8",2024,8,27,47.5727139459356,-59.061325192658,"Agarum_clathratum","Random",0.25,0,NA,NA,NA
450,"sw_newfoundland_gagnon",NA,"Margaree",2.4,"Margaree-176-2024-8",2024,8,27,47.5727139459356,-59.061325192658,"Alaria_esculenta","Random",0.25,0,NA,NA,NA
451,"sw_newfoundland_gagnon",NA,"Margaree",2.4,"Margaree-176-2024-8",2024,8,27,47.5727139459356,-59.061325192658,"Laminaria_digitata","Random",0.25,0,NA,NA,NA
452,"sw_newfoundland_gagnon",NA,"Margaree",2.4,"Margaree-176-2024-8",2024,8,27,47.5727139459356,-59.061325192658,"Laminaria_solidungula","Random",0.25,0,NA,NA,NA
453,"sw_newfoundland_gagnon",NA,"Margaree",2.4,"Margaree-176-2024-8",2024,8,27,47.5727139459356,-59.061325192658,"Saccharina_longicruris","Random",0.25,40,NA,NA,NA
454,"sw_newfoundland_gagnon",NA,"Margaree",2.4,"Margaree-176-2024-8",2024,8,27,47.5727139459356,-59.061325192658,"Saccharina_latissima","Random",0.25,0,NA,NA,NA
455,"sw_newfoundland_gagnon",NA,"Margaree",2.4,"Margaree-176-2024-8",2024,8,27,47.5727139459356,-59.061325192658,"Unidentified_kelp","Random",0.25,0,NA,NA,NA
456,"sw_newfoundland_gagnon",NA,"Margaree",3.6,"Margaree-177-2024-8",2024,8,27,47.5724038187087,-59.0610908449606,"Agarum_clathratum","Random",0.25,0,NA,NA,NA
457,"sw_newfoundland_gagnon",NA,"Margaree",3.6,"Margaree-177-2024-8",2024,8,27,47.5724038187087,-59.0610908449606,"Alaria_esculenta","Random",0.25,0,NA,NA,NA
458,"sw_newfoundland_gagnon",NA,"Margaree",3.6,"Margaree-177-2024-8",2024,8,27,47.5724038187087,-59.0610908449606,"Laminaria_digitata","Random",0.25,0,NA,NA,NA
459,"sw_newfoundland_gagnon",NA,"Margaree",3.6,"Margaree-177-2024-8",2024,8,27,47.5724038187087,-59.0610908449606,"Laminaria_solidungula","Random",0.25,0,NA,NA,NA
460,"sw_newfoundland_gagnon",NA,"Margaree",3.6,"Margaree-177-2024-8",2024,8,27,47.5724038187087,-59.0610908449606,"Saccharina_longicruris","Random",0.25,56,NA,NA,NA
461,"sw_newfoundland_gagnon",NA,"Margaree",3.6,"Margaree-177-2024-8",2024,8,27,47.5724038187087,-59.0610908449606,"Saccharina_latissima","Random",0.25,0,NA,NA,NA
462,"sw_newfoundland_gagnon",NA,"Margaree",3.6,"Margaree-177-2024-8",2024,8,27,47.5724038187087,-59.0610908449606,"Unidentified_kelp","Random",0.25,0,NA,NA,NA
463,"sw_newfoundland_gagnon",NA,"Margaree",4,"Margaree-178-2024-8",2024,8,27,47.5722457139255,-59.0606672164308,"Agarum_clathratum","Random",0.25,0,NA,NA,NA
464,"sw_newfoundland_gagnon",NA,"Margaree",4,"Margaree-178-2024-8",2024,8,27,47.5722457139255,-59.0606672164308,"Alaria_esculenta","Random",0.25,0,NA,NA,NA
465,"sw_newfoundland_gagnon",NA,"Margaree",4,"Margaree-178-2024-8",2024,8,27,47.5722457139255,-59.0606672164308,"Laminaria_digitata","Random",0.25,0,NA,NA,NA
466,"sw_newfoundland_gagnon",NA,"Margaree",4,"Margaree-178-2024-8",2024,8,27,47.5722457139255,-59.0606672164308,"Laminaria_solidungula","Random",0.25,0,NA,NA,NA
467,"sw_newfoundland_gagnon",NA,"Margaree",4,"Margaree-178-2024-8",2024,8,27,47.5722457139255,-59.0606672164308,"Saccharina_longicruris","Random",0.25,32,NA,NA,NA
468,"sw_newfoundland_gagnon",NA,"Margaree",4,"Margaree-178-2024-8",2024,8,27,47.5722457139255,-59.0606672164308,"Saccharina_latissima","Random",0.25,0,NA,NA,NA
469,"sw_newfoundland_gagnon",NA,"Margaree",4,"Margaree-178-2024-8",2024,8,27,47.5722457139255,-59.0606672164308,"Unidentified_kelp","Random",0.25,0,NA,NA,NA
470,"sw_newfoundland_gagnon",NA,"Margaree",8.6,"Margaree-179-2024-8",2024,8,27,47.572075446702,-59.060243587901,"Agarum_clathratum","Random",0.25,0,NA,NA,NA
471,"sw_newfoundland_gagnon",NA,"Margaree",8.6,"Margaree-179-2024-8",2024,8,27,47.572075446702,-59.060243587901,"Alaria_esculenta","Random",0.25,0,NA,NA,NA
472,"sw_newfoundland_gagnon",NA,"Margaree",8.6,"Margaree-179-2024-8",2024,8,27,47.572075446702,-59.060243587901,"Laminaria_digitata","Random",0.25,0,NA,NA,NA
473,"sw_newfoundland_gagnon",NA,"Margaree",8.6,"Margaree-179-2024-8",2024,8,27,47.572075446702,-59.060243587901,"Laminaria_solidungula","Random",0.25,0,NA,NA,NA
474,"sw_newfoundland_gagnon",NA,"Margaree",8.6,"Margaree-179-2024-8",2024,8,27,47.572075446702,-59.060243587901,"Saccharina_longicruris","Random",0.25,0,NA,NA,NA
475,"sw_newfoundland_gagnon",NA,"Margaree",8.6,"Margaree-179-2024-8",2024,8,27,47.572075446702,-59.060243587901,"Saccharina_latissima","Random",0.25,0,NA,NA,NA
476,"sw_newfoundland_gagnon",NA,"Margaree",8.6,"Margaree-179-2024-8",2024,8,27,47.572075446702,-59.060243587901,"Unidentified_kelp","Random",0.25,0,NA,NA,NA
477,"sw_newfoundland_gagnon",NA,"Margaree",11.4,"Margaree-180-2024-8",2024,8,27,47.5716984244514,-59.0599461465929,"Agarum_clathratum","Random",0.25,0,NA,NA,NA
478,"sw_newfoundland_gagnon",NA,"Margaree",11.4,"Margaree-180-2024-8",2024,8,27,47.5716984244514,-59.0599461465929,"Alaria_esculenta","Random",0.25,0,NA,NA,NA
479,"sw_newfoundland_gagnon",NA,"Margaree",11.4,"Margaree-180-2024-8",2024,8,27,47.5716984244514,-59.0599461465929,"Laminaria_digitata","Random",0.25,0,NA,NA,NA
480,"sw_newfoundland_gagnon",NA,"Margaree",11.4,"Margaree-180-2024-8",2024,8,27,47.5716984244514,-59.0599461465929,"Laminaria_solidungula","Random",0.25,0,NA,NA,NA
481,"sw_newfoundland_gagnon",NA,"Margaree",11.4,"Margaree-180-2024-8",2024,8,27,47.5716984244514,-59.0599461465929,"Saccharina_longicruris","Random",0.25,0,NA,NA,NA
482,"sw_newfoundland_gagnon",NA,"Margaree",11.4,"Margaree-180-2024-8",2024,8,27,47.5716984244514,-59.0599461465929,"Saccharina_latissima","Random",0.25,0,NA,NA,NA
483,"sw_newfoundland_gagnon",NA,"Margaree",11.4,"Margaree-180-2024-8",2024,8,27,47.5716984244514,-59.0599461465929,"Unidentified_kelp","Random",0.25,0,NA,NA,NA
484,"sw_newfoundland_gagnon",NA,"Margaree",7.5,"Margaree-181-2024-8",2024,8,27,47.5714247775696,-59.0594413977063,"Agarum_clathratum","Random",0.25,0,NA,NA,NA
485,"sw_newfoundland_gagnon",NA,"Margaree",7.5,"Margaree-181-2024-8",2024,8,27,47.5714247775696,-59.0594413977063,"Alaria_esculenta","Random",0.25,0,NA,NA,NA
486,"sw_newfoundland_gagnon",NA,"Margaree",7.5,"Margaree-181-2024-8",2024,8,27,47.5714247775696,-59.0594413977063,"Laminaria_digitata","Random",0.25,0,NA,NA,NA
487,"sw_newfoundland_gagnon",NA,"Margaree",7.5,"Margaree-181-2024-8",2024,8,27,47.5714247775696,-59.0594413977063,"Laminaria_solidungula","Random",0.25,0,NA,NA,NA
488,"sw_newfoundland_gagnon",NA,"Margaree",7.5,"Margaree-181-2024-8",2024,8,27,47.5714247775696,-59.0594413977063,"Saccharina_longicruris","Random",0.25,60,NA,NA,NA
489,"sw_newfoundland_gagnon",NA,"Margaree",7.5,"Margaree-181-2024-8",2024,8,27,47.5714247775696,-59.0594413977063,"Saccharina_latissima","Random",0.25,0,NA,NA,NA
490,"sw_newfoundland_gagnon",NA,"Margaree",7.5,"Margaree-181-2024-8",2024,8,27,47.5714247775696,-59.0594413977063,"Unidentified_kelp","Random",0.25,0,NA,NA,NA
491,"sw_newfoundland_gagnon",NA,"Margaree",5.3,"Margaree-182-2024-8",2024,8,27,47.5712119401174,-59.0589997424306,"Agarum_clathratum","Random",0.25,0,NA,NA,NA
492,"sw_newfoundland_gagnon",NA,"Margaree",5.3,"Margaree-182-2024-8",2024,8,27,47.5712119401174,-59.0589997424306,"Alaria_esculenta","Random",0.25,0,NA,NA,NA
493,"sw_newfoundland_gagnon",NA,"Margaree",5.3,"Margaree-182-2024-8",2024,8,27,47.5712119401174,-59.0589997424306,"Laminaria_digitata","Random",0.25,0,NA,NA,NA
494,"sw_newfoundland_gagnon",NA,"Margaree",5.3,"Margaree-182-2024-8",2024,8,27,47.5712119401174,-59.0589997424306,"Laminaria_solidungula","Random",0.25,4,NA,NA,NA
495,"sw_newfoundland_gagnon",NA,"Margaree",5.3,"Margaree-182-2024-8",2024,8,27,47.5712119401174,-59.0589997424306,"Saccharina_longicruris","Random",0.25,64,NA,NA,NA
496,"sw_newfoundland_gagnon",NA,"Margaree",5.3,"Margaree-182-2024-8",2024,8,27,47.5712119401174,-59.0589997424306,"Saccharina_latissima","Random",0.25,0,NA,NA,NA
497,"sw_newfoundland_gagnon",NA,"Margaree",5.3,"Margaree-182-2024-8",2024,8,27,47.5712119401174,-59.0589997424306,"Unidentified_kelp","Random",0.25,0,NA,NA,NA
498,"sw_newfoundland_gagnon",NA,"Margaree",3.4,"Margaree-183-2024-8",2024,8,27,47.5709991018002,-59.0585490737819,"Agarum_clathratum","Random",0.25,0,NA,NA,NA
499,"sw_newfoundland_gagnon",NA,"Margaree",3.4,"Margaree-183-2024-8",2024,8,27,47.5709991018002,-59.0585490737819,"Alaria_esculenta","Random",0.25,0,NA,NA,NA
500,"sw_newfoundland_gagnon",NA,"Margaree",3.4,"Margaree-183-2024-8",2024,8,27,47.5709991018002,-59.0585490737819,"Laminaria_digitata","Random",0.25,0,NA,NA,NA
501,"sw_newfoundland_gagnon",NA,"Margaree",3.4,"Margaree-183-2024-8",2024,8,27,47.5709991018002,-59.0585490737819,"Laminaria_solidungula","Random",0.25,0,NA,NA,NA
502,"sw_newfoundland_gagnon",NA,"Margaree",3.4,"Margaree-183-2024-8",2024,8,27,47.5709991018002,-59.0585490737819,"Saccharina_longicruris","Random",0.25,80,NA,NA,NA
503,"sw_newfoundland_gagnon",NA,"Margaree",3.4,"Margaree-183-2024-8",2024,8,27,47.5709991018002,-59.0585490737819,"Saccharina_latissima","Random",0.25,0,NA,NA,NA
504,"sw_newfoundland_gagnon",NA,"Margaree",3.4,"Margaree-183-2024-8",2024,8,27,47.5709991018002,-59.0585490737819,"Unidentified_kelp","Random",0.25,0,NA,NA,NA
505,"sw_newfoundland_gagnon",NA,"Margaree",3.6,"Margaree-184-2024-8",2024,8,27,47.5708105871398,-59.0582155789818,"Agarum_clathratum","Random",0.25,0,NA,NA,NA
506,"sw_newfoundland_gagnon",NA,"Margaree",3.6,"Margaree-184-2024-8",2024,8,27,47.5708105871398,-59.0582155789818,"Alaria_esculenta","Random",0.25,0,NA,NA,NA
507,"sw_newfoundland_gagnon",NA,"Margaree",3.6,"Margaree-184-2024-8",2024,8,27,47.5708105871398,-59.0582155789818,"Laminaria_digitata","Random",0.25,0,NA,NA,NA
508,"sw_newfoundland_gagnon",NA,"Margaree",3.6,"Margaree-184-2024-8",2024,8,27,47.5708105871398,-59.0582155789818,"Laminaria_solidungula","Random",0.25,0,NA,NA,NA
509,"sw_newfoundland_gagnon",NA,"Margaree",3.6,"Margaree-184-2024-8",2024,8,27,47.5708105871398,-59.0582155789818,"Saccharina_longicruris","Random",0.25,56,NA,NA,NA
510,"sw_newfoundland_gagnon",NA,"Margaree",3.6,"Margaree-184-2024-8",2024,8,27,47.5708105871398,-59.0582155789818,"Saccharina_latissima","Random",0.25,0,NA,NA,NA
511,"sw_newfoundland_gagnon",NA,"Margaree",3.6,"Margaree-184-2024-8",2024,8,27,47.5708105871398,-59.0582155789818,"Unidentified_kelp","Random",0.25,0,NA,NA,NA
512,"sw_newfoundland_gagnon",NA,"Margaree",6.2,"Margaree-185-2024-8",2024,8,27,47.5707132889851,-59.0587924348522,"Agarum_clathratum","Random",0.25,0,NA,NA,NA
513,"sw_newfoundland_gagnon",NA,"Margaree",6.2,"Margaree-185-2024-8",2024,8,27,47.5707132889851,-59.0587924348522,"Alaria_esculenta","Random",0.25,0,NA,NA,NA
514,"sw_newfoundland_gagnon",NA,"Margaree",6.2,"Margaree-185-2024-8",2024,8,27,47.5707132889851,-59.0587924348522,"Laminaria_digitata","Random",0.25,0,NA,NA,NA
515,"sw_newfoundland_gagnon",NA,"Margaree",6.2,"Margaree-185-2024-8",2024,8,27,47.5707132889851,-59.0587924348522,"Laminaria_solidungula","Random",0.25,0,NA,NA,NA
516,"sw_newfoundland_gagnon",NA,"Margaree",6.2,"Margaree-185-2024-8",2024,8,27,47.5707132889851,-59.0587924348522,"Saccharina_longicruris","Random",0.25,84,NA,NA,NA
517,"sw_newfoundland_gagnon",NA,"Margaree",6.2,"Margaree-185-2024-8",2024,8,27,47.5707132889851,-59.0587924348522,"Saccharina_latissima","Random",0.25,0,NA,NA,NA
518,"sw_newfoundland_gagnon",NA,"Margaree",6.2,"Margaree-185-2024-8",2024,8,27,47.5707132889851,-59.0587924348522,"Unidentified_kelp","Random",0.25,0,NA,NA,NA
519,"sw_newfoundland_gagnon",NA,"Margaree",5,"Margaree-186-2024-8",2024,8,27,47.5708653172724,-59.0592971837387,"Agarum_clathratum","Random",0.25,4,NA,NA,NA
520,"sw_newfoundland_gagnon",NA,"Margaree",5,"Margaree-186-2024-8",2024,8,27,47.5708653172724,-59.0592971837387,"Alaria_esculenta","Random",0.25,12,NA,NA,NA
521,"sw_newfoundland_gagnon",NA,"Margaree",5,"Margaree-186-2024-8",2024,8,27,47.5708653172724,-59.0592971837387,"Laminaria_digitata","Random",0.25,0,NA,NA,NA
522,"sw_newfoundland_gagnon",NA,"Margaree",5,"Margaree-186-2024-8",2024,8,27,47.5708653172724,-59.0592971837387,"Laminaria_solidungula","Random",0.25,0,NA,NA,NA
523,"sw_newfoundland_gagnon",NA,"Margaree",5,"Margaree-186-2024-8",2024,8,27,47.5708653172724,-59.0592971837387,"Saccharina_longicruris","Random",0.25,72,NA,NA,NA
524,"sw_newfoundland_gagnon",NA,"Margaree",5,"Margaree-186-2024-8",2024,8,27,47.5708653172724,-59.0592971837387,"Saccharina_latissima","Random",0.25,0,NA,NA,NA
525,"sw_newfoundland_gagnon",NA,"Margaree",5,"Margaree-186-2024-8",2024,8,27,47.5708653172724,-59.0592971837387,"Unidentified_kelp","Random",0.25,0,NA,NA,NA
526,"sw_newfoundland_gagnon",NA,"Margaree",2,"Margaree-187-2024-8",2024,8,27,47.5711268048943,-59.0597298256415,"Agarum_clathratum","Random",0.25,0,NA,NA,NA
527,"sw_newfoundland_gagnon",NA,"Margaree",2,"Margaree-187-2024-8",2024,8,27,47.5711268048943,-59.0597298256415,"Alaria_esculenta","Random",0.25,0,NA,NA,NA
528,"sw_newfoundland_gagnon",NA,"Margaree",2,"Margaree-187-2024-8",2024,8,27,47.5711268048943,-59.0597298256415,"Laminaria_digitata","Random",0.25,0,NA,NA,NA
529,"sw_newfoundland_gagnon",NA,"Margaree",2,"Margaree-187-2024-8",2024,8,27,47.5711268048943,-59.0597298256415,"Laminaria_solidungula","Random",0.25,0,NA,NA,NA
530,"sw_newfoundland_gagnon",NA,"Margaree",2,"Margaree-187-2024-8",2024,8,27,47.5711268048943,-59.0597298256415,"Saccharina_longicruris","Random",0.25,80,NA,NA,NA
531,"sw_newfoundland_gagnon",NA,"Margaree",2,"Margaree-187-2024-8",2024,8,27,47.5711268048943,-59.0597298256415,"Saccharina_latissima","Random",0.25,8,NA,NA,NA
532,"sw_newfoundland_gagnon",NA,"Margaree",2,"Margaree-187-2024-8",2024,8,27,47.5711268048943,-59.0597298256415,"Unidentified_kelp","Random",0.25,0,NA,NA,NA
533,"sw_newfoundland_gagnon",NA,"Margaree",5.5,"Margaree-188-2024-8",2024,8,27,47.5713882912107,-59.0601534541713,"Agarum_clathratum","Random",0.25,0,NA,NA,NA
534,"sw_newfoundland_gagnon",NA,"Margaree",5.5,"Margaree-188-2024-8",2024,8,27,47.5713882912107,-59.0601534541713,"Alaria_esculenta","Random",0.25,0,NA,NA,NA
535,"sw_newfoundland_gagnon",NA,"Margaree",5.5,"Margaree-188-2024-8",2024,8,27,47.5713882912107,-59.0601534541713,"Laminaria_digitata","Random",0.25,0,NA,NA,NA
536,"sw_newfoundland_gagnon",NA,"Margaree",5.5,"Margaree-188-2024-8",2024,8,27,47.5713882912107,-59.0601534541713,"Laminaria_solidungula","Random",0.25,0,NA,NA,NA
537,"sw_newfoundland_gagnon",NA,"Margaree",5.5,"Margaree-188-2024-8",2024,8,27,47.5713882912107,-59.0601534541713,"Saccharina_longicruris","Random",0.25,68,NA,NA,NA
538,"sw_newfoundland_gagnon",NA,"Margaree",5.5,"Margaree-188-2024-8",2024,8,27,47.5713882912107,-59.0601534541713,"Saccharina_latissima","Random",0.25,0,NA,NA,NA
539,"sw_newfoundland_gagnon",NA,"Margaree",5.5,"Margaree-188-2024-8",2024,8,27,47.5713882912107,-59.0601534541713,"Unidentified_kelp","Random",0.25,0,NA,NA,NA
540,"sw_newfoundland_gagnon",NA,"Margaree",9.7,"Margaree-189-2024-8",2024,8,27,47.5716862623981,-59.0605410292092,"Agarum_clathratum","Random",0.25,0,NA,NA,NA
541,"sw_newfoundland_gagnon",NA,"Margaree",9.7,"Margaree-189-2024-8",2024,8,27,47.5716862623981,-59.0605410292092,"Alaria_esculenta","Random",0.25,0,NA,NA,NA
542,"sw_newfoundland_gagnon",NA,"Margaree",9.7,"Margaree-189-2024-8",2024,8,27,47.5716862623981,-59.0605410292092,"Laminaria_digitata","Random",0.25,0,NA,NA,NA
543,"sw_newfoundland_gagnon",NA,"Margaree",9.7,"Margaree-189-2024-8",2024,8,27,47.5716862623981,-59.0605410292092,"Laminaria_solidungula","Random",0.25,0,NA,NA,NA
544,"sw_newfoundland_gagnon",NA,"Margaree",9.7,"Margaree-189-2024-8",2024,8,27,47.5716862623981,-59.0605410292092,"Saccharina_longicruris","Random",0.25,0,NA,NA,NA
545,"sw_newfoundland_gagnon",NA,"Margaree",9.7,"Margaree-189-2024-8",2024,8,27,47.5716862623981,-59.0605410292092,"Saccharina_latissima","Random",0.25,0,NA,NA,NA
546,"sw_newfoundland_gagnon",NA,"Margaree",9.7,"Margaree-189-2024-8",2024,8,27,47.5716862623981,-59.0605410292092,"Unidentified_kelp","Random",0.25,0,NA,NA,NA
547,"sw_newfoundland_gagnon",NA,"Margaree",6.8,"Margaree-190-2024-8",2024,8,27,47.5719355839258,-59.0608835373822,"Agarum_clathratum","Random",0.25,40,NA,NA,NA
548,"sw_newfoundland_gagnon",NA,"Margaree",6.8,"Margaree-190-2024-8",2024,8,27,47.5719355839258,-59.0608835373822,"Alaria_esculenta","Random",0.25,0,NA,NA,NA
549,"sw_newfoundland_gagnon",NA,"Margaree",6.8,"Margaree-190-2024-8",2024,8,27,47.5719355839258,-59.0608835373822,"Laminaria_digitata","Random",0.25,0,NA,NA,NA
550,"sw_newfoundland_gagnon",NA,"Margaree",6.8,"Margaree-190-2024-8",2024,8,27,47.5719355839258,-59.0608835373822,"Laminaria_solidungula","Random",0.25,0,NA,NA,NA
551,"sw_newfoundland_gagnon",NA,"Margaree",6.8,"Margaree-190-2024-8",2024,8,27,47.5719355839258,-59.0608835373822,"Saccharina_longicruris","Random",0.25,8,NA,NA,NA
552,"sw_newfoundland_gagnon",NA,"Margaree",6.8,"Margaree-190-2024-8",2024,8,27,47.5719355839258,-59.0608835373822,"Saccharina_latissima","Random",0.25,0,NA,NA,NA
553,"sw_newfoundland_gagnon",NA,"Margaree",6.8,"Margaree-190-2024-8",2024,8,27,47.5719355839258,-59.0608835373822,"Unidentified_kelp","Random",0.25,0,NA,NA,NA
554,"sw_newfoundland_gagnon",NA,"Margaree",6.3,"Margaree-191-2024-8",2024,8,27,47.5705551790981,-59.0592701436198,"Agarum_clathratum","Random",0.25,0,NA,NA,NA
555,"sw_newfoundland_gagnon",NA,"Margaree",6.3,"Margaree-191-2024-8",2024,8,27,47.5705551790981,-59.0592701436198,"Alaria_esculenta","Random",0.25,0,NA,NA,NA
556,"sw_newfoundland_gagnon",NA,"Margaree",6.3,"Margaree-191-2024-8",2024,8,27,47.5705551790981,-59.0592701436198,"Laminaria_digitata","Random",0.25,0,NA,NA,NA
557,"sw_newfoundland_gagnon",NA,"Margaree",6.3,"Margaree-191-2024-8",2024,8,27,47.5705551790981,-59.0592701436198,"Laminaria_solidungula","Random",0.25,0,NA,NA,NA
558,"sw_newfoundland_gagnon",NA,"Margaree",6.3,"Margaree-191-2024-8",2024,8,27,47.5705551790981,-59.0592701436198,"Saccharina_longicruris","Random",0.25,16,NA,NA,NA
559,"sw_newfoundland_gagnon",NA,"Margaree",6.3,"Margaree-191-2024-8",2024,8,27,47.5705551790981,-59.0592701436198,"Saccharina_latissima","Random",0.25,0,NA,NA,NA
560,"sw_newfoundland_gagnon",NA,"Margaree",6.3,"Margaree-191-2024-8",2024,8,27,47.5705551790981,-59.0592701436198,"Unidentified_kelp","Random",0.25,0,NA,NA,NA
561,"sw_newfoundland_gagnon",NA,"Margaree",7.3,"Margaree-192-2024-8",2024,8,27,47.5703545004772,-59.0596487052847,"Agarum_clathratum","Random",0.25,0,NA,NA,NA
562,"sw_newfoundland_gagnon",NA,"Margaree",7.3,"Margaree-192-2024-8",2024,8,27,47.5703545004772,-59.0596487052847,"Alaria_esculenta","Random",0.25,0,NA,NA,NA
563,"sw_newfoundland_gagnon",NA,"Margaree",7.3,"Margaree-192-2024-8",2024,8,27,47.5703545004772,-59.0596487052847,"Laminaria_digitata","Random",0.25,0,NA,NA,NA
564,"sw_newfoundland_gagnon",NA,"Margaree",7.3,"Margaree-192-2024-8",2024,8,27,47.5703545004772,-59.0596487052847,"Laminaria_solidungula","Random",0.25,0,NA,NA,NA
565,"sw_newfoundland_gagnon",NA,"Margaree",7.3,"Margaree-192-2024-8",2024,8,27,47.5703545004772,-59.0596487052847,"Saccharina_longicruris","Random",0.25,0,NA,NA,NA
566,"sw_newfoundland_gagnon",NA,"Margaree",7.3,"Margaree-192-2024-8",2024,8,27,47.5703545004772,-59.0596487052847,"Saccharina_latissima","Random",0.25,0,NA,NA,NA
567,"sw_newfoundland_gagnon",NA,"Margaree",7.3,"Margaree-192-2024-8",2024,8,27,47.5703545004772,-59.0596487052847,"Unidentified_kelp","Random",0.25,0,NA,NA,NA
568,"sw_newfoundland_gagnon",NA,"Margaree",3.8,"Margaree-193-2024-8",2024,8,27,47.5702511202815,-59.0600452936956,"Agarum_clathratum","Random",0.25,0,NA,NA,NA
569,"sw_newfoundland_gagnon",NA,"Margaree",3.8,"Margaree-193-2024-8",2024,8,27,47.5702511202815,-59.0600452936956,"Alaria_esculenta","Random",0.25,0,NA,NA,NA
570,"sw_newfoundland_gagnon",NA,"Margaree",3.8,"Margaree-193-2024-8",2024,8,27,47.5702511202815,-59.0600452936956,"Laminaria_digitata","Random",0.25,0,NA,NA,NA
571,"sw_newfoundland_gagnon",NA,"Margaree",3.8,"Margaree-193-2024-8",2024,8,27,47.5702511202815,-59.0600452936956,"Laminaria_solidungula","Random",0.25,0,NA,NA,NA
572,"sw_newfoundland_gagnon",NA,"Margaree",3.8,"Margaree-193-2024-8",2024,8,27,47.5702511202815,-59.0600452936956,"Saccharina_longicruris","Random",0.25,0,NA,NA,NA
573,"sw_newfoundland_gagnon",NA,"Margaree",3.8,"Margaree-193-2024-8",2024,8,27,47.5702511202815,-59.0600452936956,"Saccharina_latissima","Random",0.25,0,NA,NA,NA
574,"sw_newfoundland_gagnon",NA,"Margaree",3.8,"Margaree-193-2024-8",2024,8,27,47.5702511202815,-59.0600452936956,"Unidentified_kelp","Random",0.25,0,NA,NA,NA
575,"sw_newfoundland_gagnon",NA,"Margaree",3.5,"Margaree-194-2024-8",2024,8,27,47.5703058509987,-59.0603427350038,"Agarum_clathratum","Random",0.25,0,NA,NA,NA
576,"sw_newfoundland_gagnon",NA,"Margaree",3.5,"Margaree-194-2024-8",2024,8,27,47.5703058509987,-59.0603427350038,"Alaria_esculenta","Random",0.25,0,NA,NA,NA
577,"sw_newfoundland_gagnon",NA,"Margaree",3.5,"Margaree-194-2024-8",2024,8,27,47.5703058509987,-59.0603427350038,"Laminaria_digitata","Random",0.25,0,NA,NA,NA
578,"sw_newfoundland_gagnon",NA,"Margaree",3.5,"Margaree-194-2024-8",2024,8,27,47.5703058509987,-59.0603427350038,"Laminaria_solidungula","Random",0.25,0,NA,NA,NA
579,"sw_newfoundland_gagnon",NA,"Margaree",3.5,"Margaree-194-2024-8",2024,8,27,47.5703058509987,-59.0603427350038,"Saccharina_longicruris","Random",0.25,0,NA,NA,NA
580,"sw_newfoundland_gagnon",NA,"Margaree",3.5,"Margaree-194-2024-8",2024,8,27,47.5703058509987,-59.0603427350038,"Saccharina_latissima","Random",0.25,0,NA,NA,NA
581,"sw_newfoundland_gagnon",NA,"Margaree",3.5,"Margaree-194-2024-8",2024,8,27,47.5703058509987,-59.0603427350038,"Unidentified_kelp","Random",0.25,0,NA,NA,NA
582,"sw_newfoundland_gagnon",NA,"Margaree",3.5,"Margaree-195-2024-8",2024,8,27,47.5704517992985,-59.0600002268307,"Agarum_clathratum","Random",0.25,0,NA,NA,NA
583,"sw_newfoundland_gagnon",NA,"Margaree",3.5,"Margaree-195-2024-8",2024,8,27,47.5704517992985,-59.0600002268307,"Alaria_esculenta","Random",0.25,0,NA,NA,NA
584,"sw_newfoundland_gagnon",NA,"Margaree",3.5,"Margaree-195-2024-8",2024,8,27,47.5704517992985,-59.0600002268307,"Laminaria_digitata","Random",0.25,0,NA,NA,NA
585,"sw_newfoundland_gagnon",NA,"Margaree",3.5,"Margaree-195-2024-8",2024,8,27,47.5704517992985,-59.0600002268307,"Laminaria_solidungula","Random",0.25,0,NA,NA,NA
586,"sw_newfoundland_gagnon",NA,"Margaree",3.5,"Margaree-195-2024-8",2024,8,27,47.5704517992985,-59.0600002268307,"Saccharina_longicruris","Random",0.25,60,NA,NA,NA
587,"sw_newfoundland_gagnon",NA,"Margaree",3.5,"Margaree-195-2024-8",2024,8,27,47.5704517992985,-59.0600002268307,"Saccharina_latissima","Random",0.25,0,NA,NA,NA
588,"sw_newfoundland_gagnon",NA,"Margaree",3.5,"Margaree-195-2024-8",2024,8,27,47.5704517992985,-59.0600002268307,"Unidentified_kelp","Random",0.25,0,NA,NA,NA
589,"sw_newfoundland_gagnon",NA,"Margaree",3,"Margaree-196-2024-8",2024,8,27,47.5706707209855,-59.0596577186577,"Agarum_clathratum","Random",0.25,0,NA,NA,NA
590,"sw_newfoundland_gagnon",NA,"Margaree",3,"Margaree-196-2024-8",2024,8,27,47.5706707209855,-59.0596577186577,"Alaria_esculenta","Random",0.25,0,NA,NA,NA
591,"sw_newfoundland_gagnon",NA,"Margaree",3,"Margaree-196-2024-8",2024,8,27,47.5706707209855,-59.0596577186577,"Laminaria_digitata","Random",0.25,0,NA,NA,NA
592,"sw_newfoundland_gagnon",NA,"Margaree",3,"Margaree-196-2024-8",2024,8,27,47.5706707209855,-59.0596577186577,"Laminaria_solidungula","Random",0.25,0,NA,NA,NA
593,"sw_newfoundland_gagnon",NA,"Margaree",3,"Margaree-196-2024-8",2024,8,27,47.5706707209855,-59.0596577186577,"Saccharina_longicruris","Random",0.25,28,NA,NA,NA
594,"sw_newfoundland_gagnon",NA,"Margaree",3,"Margaree-196-2024-8",2024,8,27,47.5706707209855,-59.0596577186577,"Saccharina_latissima","Random",0.25,0,NA,NA,NA
595,"sw_newfoundland_gagnon",NA,"Margaree",3,"Margaree-196-2024-8",2024,8,27,47.5706707209855,-59.0596577186577,"Unidentified_kelp","Random",0.25,0,NA,NA,NA
596,"sw_newfoundland_gagnon",NA,"Margaree",2.8,"Margaree-197-2024-8",2024,8,27,47.5709078851138,-59.0597478523874,"Agarum_clathratum","Random",0.25,0,NA,NA,NA
597,"sw_newfoundland_gagnon",NA,"Margaree",2.8,"Margaree-197-2024-8",2024,8,27,47.5709078851138,-59.0597478523874,"Alaria_esculenta","Random",0.25,0,NA,NA,NA
598,"sw_newfoundland_gagnon",NA,"Margaree",2.8,"Margaree-197-2024-8",2024,8,27,47.5709078851138,-59.0597478523874,"Laminaria_digitata","Random",0.25,0,NA,NA,NA
599,"sw_newfoundland_gagnon",NA,"Margaree",2.8,"Margaree-197-2024-8",2024,8,27,47.5709078851138,-59.0597478523874,"Laminaria_solidungula","Random",0.25,0,NA,NA,NA
600,"sw_newfoundland_gagnon",NA,"Margaree",2.8,"Margaree-197-2024-8",2024,8,27,47.5709078851138,-59.0597478523874,"Saccharina_longicruris","Random",0.25,68,NA,NA,NA
601,"sw_newfoundland_gagnon",NA,"Margaree",2.8,"Margaree-197-2024-8",2024,8,27,47.5709078851138,-59.0597478523874,"Saccharina_latissima","Random",0.25,0,NA,NA,NA
602,"sw_newfoundland_gagnon",NA,"Margaree",2.8,"Margaree-197-2024-8",2024,8,27,47.5709078851138,-59.0597478523874,"Unidentified_kelp","Random",0.25,0,NA,NA,NA
603,"sw_newfoundland_gagnon",NA,"Margaree",4.3,"Margaree-198-2024-8",2024,8,27,47.571096399424,-59.0602345745281,"Agarum_clathratum","Random",0.25,0,NA,NA,NA
604,"sw_newfoundland_gagnon",NA,"Margaree",4.3,"Margaree-198-2024-8",2024,8,27,47.571096399424,-59.0602345745281,"Alaria_esculenta","Random",0.25,0,NA,NA,NA
605,"sw_newfoundland_gagnon",NA,"Margaree",4.3,"Margaree-198-2024-8",2024,8,27,47.571096399424,-59.0602345745281,"Laminaria_digitata","Random",0.25,0,NA,NA,NA
606,"sw_newfoundland_gagnon",NA,"Margaree",4.3,"Margaree-198-2024-8",2024,8,27,47.571096399424,-59.0602345745281,"Laminaria_solidungula","Random",0.25,0,NA,NA,NA
607,"sw_newfoundland_gagnon",NA,"Margaree",4.3,"Margaree-198-2024-8",2024,8,27,47.571096399424,-59.0602345745281,"Saccharina_longicruris","Random",0.25,0,NA,NA,NA
608,"sw_newfoundland_gagnon",NA,"Margaree",4.3,"Margaree-198-2024-8",2024,8,27,47.571096399424,-59.0602345745281,"Saccharina_latissima","Random",0.25,0,NA,NA,NA
609,"sw_newfoundland_gagnon",NA,"Margaree",4.3,"Margaree-198-2024-8",2024,8,27,47.571096399424,-59.0602345745281,"Unidentified_kelp","Random",0.25,0,NA,NA,NA
610,"sw_newfoundland_gagnon",NA,"Margaree",5.1,"Margaree-199-2024-8",2024,8,27,47.5712849130556,-59.060613136193,"Agarum_clathratum","Random",0.25,24,NA,NA,NA
611,"sw_newfoundland_gagnon",NA,"Margaree",5.1,"Margaree-199-2024-8",2024,8,27,47.5712849130556,-59.060613136193,"Alaria_esculenta","Random",0.25,0,NA,NA,NA
612,"sw_newfoundland_gagnon",NA,"Margaree",5.1,"Margaree-199-2024-8",2024,8,27,47.5712849130556,-59.060613136193,"Laminaria_digitata","Random",0.25,0,NA,NA,NA
613,"sw_newfoundland_gagnon",NA,"Margaree",5.1,"Margaree-199-2024-8",2024,8,27,47.5712849130556,-59.060613136193,"Laminaria_solidungula","Random",0.25,0,NA,NA,NA
614,"sw_newfoundland_gagnon",NA,"Margaree",5.1,"Margaree-199-2024-8",2024,8,27,47.5712849130556,-59.060613136193,"Saccharina_longicruris","Random",0.25,36,NA,NA,NA
615,"sw_newfoundland_gagnon",NA,"Margaree",5.1,"Margaree-199-2024-8",2024,8,27,47.5712849130556,-59.060613136193,"Saccharina_latissima","Random",0.25,0,NA,NA,NA
616,"sw_newfoundland_gagnon",NA,"Margaree",5.1,"Margaree-199-2024-8",2024,8,27,47.5712849130556,-59.060613136193,"Unidentified_kelp","Random",0.25,0,NA,NA,NA
617,"sw_newfoundland_gagnon",NA,"Margaree",8.7,"Margaree-200-2024-8",2024,8,27,47.5715159933557,-59.0609286042471,"Agarum_clathratum","Random",0.25,0,NA,NA,NA
618,"sw_newfoundland_gagnon",NA,"Margaree",8.7,"Margaree-200-2024-8",2024,8,27,47.5715159933557,-59.0609286042471,"Alaria_esculenta","Random",0.25,0,NA,NA,NA
619,"sw_newfoundland_gagnon",NA,"Margaree",8.7,"Margaree-200-2024-8",2024,8,27,47.5715159933557,-59.0609286042471,"Laminaria_digitata","Random",0.25,0,NA,NA,NA
620,"sw_newfoundland_gagnon",NA,"Margaree",8.7,"Margaree-200-2024-8",2024,8,27,47.5715159933557,-59.0609286042471,"Laminaria_solidungula","Random",0.25,0,NA,NA,NA
621,"sw_newfoundland_gagnon",NA,"Margaree",8.7,"Margaree-200-2024-8",2024,8,27,47.5715159933557,-59.0609286042471,"Saccharina_longicruris","Random",0.25,0,NA,NA,NA
622,"sw_newfoundland_gagnon",NA,"Margaree",8.7,"Margaree-200-2024-8",2024,8,27,47.5715159933557,-59.0609286042471,"Saccharina_latissima","Random",0.25,0,NA,NA,NA
623,"sw_newfoundland_gagnon",NA,"Margaree",8.7,"Margaree-200-2024-8",2024,8,27,47.5715159933557,-59.0609286042471,"Unidentified_kelp","Random",0.25,0,NA,NA,NA
624,"sw_newfoundland_gagnon",NA,"Margaree",6.5,"Margaree-201-2024-8",2024,8,27,47.5717349105943,-59.0612440723012,"Agarum_clathratum","Random",0.25,0,NA,NA,NA
625,"sw_newfoundland_gagnon",NA,"Margaree",6.5,"Margaree-201-2024-8",2024,8,27,47.5717349105943,-59.0612440723012,"Alaria_esculenta","Random",0.25,0,NA,NA,NA
626,"sw_newfoundland_gagnon",NA,"Margaree",6.5,"Margaree-201-2024-8",2024,8,27,47.5717349105943,-59.0612440723012,"Laminaria_digitata","Random",0.25,0,NA,NA,NA
627,"sw_newfoundland_gagnon",NA,"Margaree",6.5,"Margaree-201-2024-8",2024,8,27,47.5717349105943,-59.0612440723012,"Laminaria_solidungula","Random",0.25,0,NA,NA,NA
628,"sw_newfoundland_gagnon",NA,"Margaree",6.5,"Margaree-201-2024-8",2024,8,27,47.5717349105943,-59.0612440723012,"Saccharina_longicruris","Random",0.25,0,NA,NA,NA
629,"sw_newfoundland_gagnon",NA,"Margaree",6.5,"Margaree-201-2024-8",2024,8,27,47.5717349105943,-59.0612440723012,"Saccharina_latissima","Random",0.25,0,NA,NA,NA
630,"sw_newfoundland_gagnon",NA,"Margaree",6.5,"Margaree-201-2024-8",2024,8,27,47.5717349105943,-59.0612440723012,"Unidentified_kelp","Random",0.25,0,NA,NA,NA
631,"sw_newfoundland_gagnon",NA,"Margaree",3.9,"Margaree-202-2024-8",2024,8,27,47.5720450417824,-59.0615325002364,"Agarum_clathratum","Random",0.25,4,NA,NA,NA
632,"sw_newfoundland_gagnon",NA,"Margaree",3.9,"Margaree-202-2024-8",2024,8,27,47.5720450417824,-59.0615325002364,"Alaria_esculenta","Random",0.25,0,NA,NA,NA
633,"sw_newfoundland_gagnon",NA,"Margaree",3.9,"Margaree-202-2024-8",2024,8,27,47.5720450417824,-59.0615325002364,"Laminaria_digitata","Random",0.25,0,NA,NA,NA
634,"sw_newfoundland_gagnon",NA,"Margaree",3.9,"Margaree-202-2024-8",2024,8,27,47.5720450417824,-59.0615325002364,"Laminaria_solidungula","Random",0.25,0,NA,NA,NA
635,"sw_newfoundland_gagnon",NA,"Margaree",3.9,"Margaree-202-2024-8",2024,8,27,47.5720450417824,-59.0615325002364,"Saccharina_longicruris","Random",0.25,68,NA,NA,NA
636,"sw_newfoundland_gagnon",NA,"Margaree",3.9,"Margaree-202-2024-8",2024,8,27,47.5720450417824,-59.0615325002364,"Saccharina_latissima","Random",0.25,0,NA,NA,NA
637,"sw_newfoundland_gagnon",NA,"Margaree",3.9,"Margaree-202-2024-8",2024,8,27,47.5720450417824,-59.0615325002364,"Unidentified_kelp","Random",0.25,0,NA,NA,NA
638,"sw_newfoundland_gagnon",NA,"Margaree",5,"Margaree-203-2024-8",2024,8,27,47.5722639568095,-59.0620552758689,"Agarum_clathratum","Random",0.25,28,NA,NA,NA
639,"sw_newfoundland_gagnon",NA,"Margaree",5,"Margaree-203-2024-8",2024,8,27,47.5722639568095,-59.0620552758689,"Alaria_esculenta","Random",0.25,0,NA,NA,NA
640,"sw_newfoundland_gagnon",NA,"Margaree",5,"Margaree-203-2024-8",2024,8,27,47.5722639568095,-59.0620552758689,"Laminaria_digitata","Random",0.25,0,NA,NA,NA
641,"sw_newfoundland_gagnon",NA,"Margaree",5,"Margaree-203-2024-8",2024,8,27,47.5722639568095,-59.0620552758689,"Laminaria_solidungula","Random",0.25,0,NA,NA,NA
642,"sw_newfoundland_gagnon",NA,"Margaree",5,"Margaree-203-2024-8",2024,8,27,47.5722639568095,-59.0620552758689,"Saccharina_longicruris","Random",0.25,44,NA,NA,NA
643,"sw_newfoundland_gagnon",NA,"Margaree",5,"Margaree-203-2024-8",2024,8,27,47.5722639568095,-59.0620552758689,"Saccharina_latissima","Random",0.25,0,NA,NA,NA
644,"sw_newfoundland_gagnon",NA,"Margaree",5,"Margaree-203-2024-8",2024,8,27,47.5722639568095,-59.0620552758689,"Unidentified_kelp","Random",0.25,0,NA,NA,NA
645,"sw_newfoundland_gagnon",NA,"Margaree",4.7,"Margaree-204-2024-8",2024,8,27,47.5722213900703,-59.0624518642797,"Agarum_clathratum","Random",0.25,16,NA,NA,NA
646,"sw_newfoundland_gagnon",NA,"Margaree",4.7,"Margaree-204-2024-8",2024,8,27,47.5722213900703,-59.0624518642797,"Alaria_esculenta","Random",0.25,0,NA,NA,NA
647,"sw_newfoundland_gagnon",NA,"Margaree",4.7,"Margaree-204-2024-8",2024,8,27,47.5722213900703,-59.0624518642797,"Laminaria_digitata","Random",0.25,0,NA,NA,NA
648,"sw_newfoundland_gagnon",NA,"Margaree",4.7,"Margaree-204-2024-8",2024,8,27,47.5722213900703,-59.0624518642797,"Laminaria_solidungula","Random",0.25,0,NA,NA,NA
649,"sw_newfoundland_gagnon",NA,"Margaree",4.7,"Margaree-204-2024-8",2024,8,27,47.5722213900703,-59.0624518642797,"Saccharina_longicruris","Random",0.25,68,NA,NA,NA
650,"sw_newfoundland_gagnon",NA,"Margaree",4.7,"Margaree-204-2024-8",2024,8,27,47.5722213900703,-59.0624518642797,"Saccharina_latissima","Random",0.25,0,NA,NA,NA
651,"sw_newfoundland_gagnon",NA,"Margaree",4.7,"Margaree-204-2024-8",2024,8,27,47.5722213900703,-59.0624518642797,"Unidentified_kelp","Random",0.25,0,NA,NA,NA
652,"sw_newfoundland_gagnon",NA,"Margaree",2.6,"Margaree-205-2024-8",2024,8,27,47.5719477459211,-59.0629205596744,"Agarum_clathratum","Random",0.25,0,NA,NA,NA
653,"sw_newfoundland_gagnon",NA,"Margaree",2.6,"Margaree-205-2024-8",2024,8,27,47.5719477459211,-59.0629205596744,"Alaria_esculenta","Random",0.25,0,NA,NA,NA
654,"sw_newfoundland_gagnon",NA,"Margaree",2.6,"Margaree-205-2024-8",2024,8,27,47.5719477459211,-59.0629205596744,"Laminaria_digitata","Random",0.25,0,NA,NA,NA
655,"sw_newfoundland_gagnon",NA,"Margaree",2.6,"Margaree-205-2024-8",2024,8,27,47.5719477459211,-59.0629205596744,"Laminaria_solidungula","Random",0.25,0,NA,NA,NA
656,"sw_newfoundland_gagnon",NA,"Margaree",2.6,"Margaree-205-2024-8",2024,8,27,47.5719477459211,-59.0629205596744,"Saccharina_longicruris","Random",0.25,24,NA,NA,NA
657,"sw_newfoundland_gagnon",NA,"Margaree",2.6,"Margaree-205-2024-8",2024,8,27,47.5719477459211,-59.0629205596744,"Saccharina_latissima","Random",0.25,0,NA,NA,NA
658,"sw_newfoundland_gagnon",NA,"Margaree",2.6,"Margaree-205-2024-8",2024,8,27,47.5719477459211,-59.0629205596744,"Unidentified_kelp","Random",0.25,0,NA,NA,NA
659,"sw_newfoundland_gagnon",NA,"Margaree",5.9,"Margaree-206-2024-8",2024,8,27,47.5719112599265,-59.0624698910257,"Agarum_clathratum","Random",0.25,44,NA,NA,NA
660,"sw_newfoundland_gagnon",NA,"Margaree",5.9,"Margaree-206-2024-8",2024,8,27,47.5719112599265,-59.0624698910257,"Alaria_esculenta","Random",0.25,0,NA,NA,NA
661,"sw_newfoundland_gagnon",NA,"Margaree",5.9,"Margaree-206-2024-8",2024,8,27,47.5719112599265,-59.0624698910257,"Laminaria_digitata","Random",0.25,0,NA,NA,NA
662,"sw_newfoundland_gagnon",NA,"Margaree",5.9,"Margaree-206-2024-8",2024,8,27,47.5719112599265,-59.0624698910257,"Laminaria_solidungula","Random",0.25,0,NA,NA,NA
663,"sw_newfoundland_gagnon",NA,"Margaree",5.9,"Margaree-206-2024-8",2024,8,27,47.5719112599265,-59.0624698910257,"Saccharina_longicruris","Random",0.25,24,NA,NA,NA
664,"sw_newfoundland_gagnon",NA,"Margaree",5.9,"Margaree-206-2024-8",2024,8,27,47.5719112599265,-59.0624698910257,"Saccharina_latissima","Random",0.25,0,NA,NA,NA
665,"sw_newfoundland_gagnon",NA,"Margaree",5.9,"Margaree-206-2024-8",2024,8,27,47.5719112599265,-59.0624698910257,"Unidentified_kelp","Random",0.25,0,NA,NA,NA
666,"sw_newfoundland_gagnon",NA,"Margaree",5.6,"Margaree-207-2024-8",2024,8,27,47.5718626118942,-59.0619471153932,"Agarum_clathratum","Random",0.25,4,NA,NA,NA
667,"sw_newfoundland_gagnon",NA,"Margaree",5.6,"Margaree-207-2024-8",2024,8,27,47.5718626118942,-59.0619471153932,"Alaria_esculenta","Random",0.25,0,NA,NA,NA
668,"sw_newfoundland_gagnon",NA,"Margaree",5.6,"Margaree-207-2024-8",2024,8,27,47.5718626118942,-59.0619471153932,"Laminaria_digitata","Random",0.25,0,NA,NA,NA
669,"sw_newfoundland_gagnon",NA,"Margaree",5.6,"Margaree-207-2024-8",2024,8,27,47.5718626118942,-59.0619471153932,"Laminaria_solidungula","Random",0.25,0,NA,NA,NA
670,"sw_newfoundland_gagnon",NA,"Margaree",5.6,"Margaree-207-2024-8",2024,8,27,47.5718626118942,-59.0619471153932,"Saccharina_longicruris","Random",0.25,36,NA,NA,NA
671,"sw_newfoundland_gagnon",NA,"Margaree",5.6,"Margaree-207-2024-8",2024,8,27,47.5718626118942,-59.0619471153932,"Saccharina_latissima","Random",0.25,0,NA,NA,NA
672,"sw_newfoundland_gagnon",NA,"Margaree",5.6,"Margaree-207-2024-8",2024,8,27,47.5718626118942,-59.0619471153932,"Unidentified_kelp","Random",0.25,0,NA,NA,NA
673,"sw_newfoundland_gagnon",NA,"Margaree",6.7,"Margaree-208-2024-8",2024,8,27,47.5716436951895,-59.0616046072201,"Agarum_clathratum","Random",0.25,0,NA,NA,NA
674,"sw_newfoundland_gagnon",NA,"Margaree",6.7,"Margaree-208-2024-8",2024,8,27,47.5716436951895,-59.0616046072201,"Alaria_esculenta","Random",0.25,0,NA,NA,NA
675,"sw_newfoundland_gagnon",NA,"Margaree",6.7,"Margaree-208-2024-8",2024,8,27,47.5716436951895,-59.0616046072201,"Laminaria_digitata","Random",0.25,0,NA,NA,NA
676,"sw_newfoundland_gagnon",NA,"Margaree",6.7,"Margaree-208-2024-8",2024,8,27,47.5716436951895,-59.0616046072201,"Laminaria_solidungula","Random",0.25,0,NA,NA,NA
677,"sw_newfoundland_gagnon",NA,"Margaree",6.7,"Margaree-208-2024-8",2024,8,27,47.5716436951895,-59.0616046072201,"Saccharina_longicruris","Random",0.25,0,NA,NA,NA
678,"sw_newfoundland_gagnon",NA,"Margaree",6.7,"Margaree-208-2024-8",2024,8,27,47.5716436951895,-59.0616046072201,"Saccharina_latissima","Random",0.25,0,NA,NA,NA
679,"sw_newfoundland_gagnon",NA,"Margaree",6.7,"Margaree-208-2024-8",2024,8,27,47.5716436951895,-59.0616046072201,"Unidentified_kelp","Random",0.25,0,NA,NA,NA
680,"sw_newfoundland_gagnon",NA,"Margaree",8.5,"Margaree-209-2024-8",2024,8,27,47.5714430207395,-59.0611629519444,"Agarum_clathratum","Random",0.25,0,NA,NA,NA
681,"sw_newfoundland_gagnon",NA,"Margaree",8.5,"Margaree-209-2024-8",2024,8,27,47.5714430207395,-59.0611629519444,"Alaria_esculenta","Random",0.25,0,NA,NA,NA
682,"sw_newfoundland_gagnon",NA,"Margaree",8.5,"Margaree-209-2024-8",2024,8,27,47.5714430207395,-59.0611629519444,"Laminaria_digitata","Random",0.25,0,NA,NA,NA
683,"sw_newfoundland_gagnon",NA,"Margaree",8.5,"Margaree-209-2024-8",2024,8,27,47.5714430207395,-59.0611629519444,"Laminaria_solidungula","Random",0.25,0,NA,NA,NA
684,"sw_newfoundland_gagnon",NA,"Margaree",8.5,"Margaree-209-2024-8",2024,8,27,47.5714430207395,-59.0611629519444,"Saccharina_longicruris","Random",0.25,0,NA,NA,NA
685,"sw_newfoundland_gagnon",NA,"Margaree",8.5,"Margaree-209-2024-8",2024,8,27,47.5714430207395,-59.0611629519444,"Saccharina_latissima","Random",0.25,0,NA,NA,NA
686,"sw_newfoundland_gagnon",NA,"Margaree",8.5,"Margaree-209-2024-8",2024,8,27,47.5714430207395,-59.0611629519444,"Unidentified_kelp","Random",0.25,4,NA,NA,NA
687,"sw_newfoundland_gagnon",NA,"Margaree",4.8,"Margaree-210-2024-8",2024,8,27,47.5712301833615,-59.0609376176201,"Agarum_clathratum","Random",0.25,0,NA,NA,NA
688,"sw_newfoundland_gagnon",NA,"Margaree",4.8,"Margaree-210-2024-8",2024,8,27,47.5712301833615,-59.0609376176201,"Alaria_esculenta","Random",0.25,0,NA,NA,NA
689,"sw_newfoundland_gagnon",NA,"Margaree",4.8,"Margaree-210-2024-8",2024,8,27,47.5712301833615,-59.0609376176201,"Laminaria_digitata","Random",0.25,0,NA,NA,NA
690,"sw_newfoundland_gagnon",NA,"Margaree",4.8,"Margaree-210-2024-8",2024,8,27,47.5712301833615,-59.0609376176201,"Laminaria_solidungula","Random",0.25,0,NA,NA,NA
691,"sw_newfoundland_gagnon",NA,"Margaree",4.8,"Margaree-210-2024-8",2024,8,27,47.5712301833615,-59.0609376176201,"Saccharina_longicruris","Random",0.25,52,NA,NA,NA
692,"sw_newfoundland_gagnon",NA,"Margaree",4.8,"Margaree-210-2024-8",2024,8,27,47.5712301833615,-59.0609376176201,"Saccharina_latissima","Random",0.25,0,NA,NA,NA
693,"sw_newfoundland_gagnon",NA,"Margaree",4.8,"Margaree-210-2024-8",2024,8,27,47.5712301833615,-59.0609376176201,"Unidentified_kelp","Random",0.25,0,NA,NA,NA
694,"sw_newfoundland_gagnon",NA,"Margaree",5.2,"Margaree-211-2024-8",2024,8,27,47.571096399424,-59.061298152539,"Agarum_clathratum","Random",0.25,0,NA,NA,NA
695,"sw_newfoundland_gagnon",NA,"Margaree",5.2,"Margaree-211-2024-8",2024,8,27,47.571096399424,-59.061298152539,"Alaria_esculenta","Random",0.25,0,NA,NA,NA
696,"sw_newfoundland_gagnon",NA,"Margaree",5.2,"Margaree-211-2024-8",2024,8,27,47.571096399424,-59.061298152539,"Laminaria_digitata","Random",0.25,0,NA,NA,NA
697,"sw_newfoundland_gagnon",NA,"Margaree",5.2,"Margaree-211-2024-8",2024,8,27,47.571096399424,-59.061298152539,"Laminaria_solidungula","Random",0.25,0,NA,NA,NA
698,"sw_newfoundland_gagnon",NA,"Margaree",5.2,"Margaree-211-2024-8",2024,8,27,47.571096399424,-59.061298152539,"Saccharina_longicruris","Random",0.25,68,NA,NA,NA
699,"sw_newfoundland_gagnon",NA,"Margaree",5.2,"Margaree-211-2024-8",2024,8,27,47.571096399424,-59.061298152539,"Saccharina_latissima","Random",0.25,0,NA,NA,NA
700,"sw_newfoundland_gagnon",NA,"Margaree",5.2,"Margaree-211-2024-8",2024,8,27,47.571096399424,-59.061298152539,"Unidentified_kelp","Random",0.25,0,NA,NA,NA
701,"sw_newfoundland_gagnon",NA,"Margaree",6.1,"Margaree-212-2024-8",2024,8,27,47.5712788319813,-59.061649674085,"Agarum_clathratum","Random",0.25,0,NA,NA,NA
702,"sw_newfoundland_gagnon",NA,"Margaree",6.1,"Margaree-212-2024-8",2024,8,27,47.5712788319813,-59.061649674085,"Alaria_esculenta","Random",0.25,0,NA,NA,NA
703,"sw_newfoundland_gagnon",NA,"Margaree",6.1,"Margaree-212-2024-8",2024,8,27,47.5712788319813,-59.061649674085,"Laminaria_digitata","Random",0.25,0,NA,NA,NA
704,"sw_newfoundland_gagnon",NA,"Margaree",6.1,"Margaree-212-2024-8",2024,8,27,47.5712788319813,-59.061649674085,"Laminaria_solidungula","Random",0.25,0,NA,NA,NA
705,"sw_newfoundland_gagnon",NA,"Margaree",6.1,"Margaree-212-2024-8",2024,8,27,47.5712788319813,-59.061649674085,"Saccharina_longicruris","Random",0.25,72,NA,NA,NA
706,"sw_newfoundland_gagnon",NA,"Margaree",6.1,"Margaree-212-2024-8",2024,8,27,47.5712788319813,-59.061649674085,"Saccharina_latissima","Random",0.25,0,NA,NA,NA
707,"sw_newfoundland_gagnon",NA,"Margaree",6.1,"Margaree-212-2024-8",2024,8,27,47.5712788319813,-59.061649674085,"Unidentified_kelp","Random",0.25,0,NA,NA,NA
708,"sw_newfoundland_gagnon",NA,"Margaree",8.2,"Margaree-213-2024-8",2024,8,27,47.5715403175386,-59.0620733026148,"Agarum_clathratum","Random",0.25,0,NA,NA,NA
709,"sw_newfoundland_gagnon",NA,"Margaree",8.2,"Margaree-213-2024-8",2024,8,27,47.5715403175386,-59.0620733026148,"Alaria_esculenta","Random",0.25,0,NA,NA,NA
710,"sw_newfoundland_gagnon",NA,"Margaree",8.2,"Margaree-213-2024-8",2024,8,27,47.5715403175386,-59.0620733026148,"Laminaria_digitata","Random",0.25,0,NA,NA,NA
711,"sw_newfoundland_gagnon",NA,"Margaree",8.2,"Margaree-213-2024-8",2024,8,27,47.5715403175386,-59.0620733026148,"Laminaria_solidungula","Random",0.25,0,NA,NA,NA
712,"sw_newfoundland_gagnon",NA,"Margaree",8.2,"Margaree-213-2024-8",2024,8,27,47.5715403175386,-59.0620733026148,"Saccharina_longicruris","Random",0.25,16,NA,NA,NA
713,"sw_newfoundland_gagnon",NA,"Margaree",8.2,"Margaree-213-2024-8",2024,8,27,47.5715403175386,-59.0620733026148,"Saccharina_latissima","Random",0.25,0,NA,NA,NA
714,"sw_newfoundland_gagnon",NA,"Margaree",8.2,"Margaree-213-2024-8",2024,8,27,47.5715403175386,-59.0620733026148,"Unidentified_kelp","Random",0.25,0,NA,NA,NA
715,"sw_newfoundland_gagnon",NA,"Margaree",7.6,"Margaree-214-2024-8",2024,8,27,47.5716923434251,-59.0625329846365,"Agarum_clathratum","Random",0.25,0,NA,NA,NA
716,"sw_newfoundland_gagnon",NA,"Margaree",7.6,"Margaree-214-2024-8",2024,8,27,47.5716923434251,-59.0625329846365,"Alaria_esculenta","Random",0.25,0,NA,NA,NA
717,"sw_newfoundland_gagnon",NA,"Margaree",7.6,"Margaree-214-2024-8",2024,8,27,47.5716923434251,-59.0625329846365,"Laminaria_digitata","Random",0.25,0,NA,NA,NA
718,"sw_newfoundland_gagnon",NA,"Margaree",7.6,"Margaree-214-2024-8",2024,8,27,47.5716923434251,-59.0625329846365,"Laminaria_solidungula","Random",0.25,0,NA,NA,NA
719,"sw_newfoundland_gagnon",NA,"Margaree",7.6,"Margaree-214-2024-8",2024,8,27,47.5716923434251,-59.0625329846365,"Saccharina_longicruris","Random",0.25,0,NA,NA,NA
720,"sw_newfoundland_gagnon",NA,"Margaree",7.6,"Margaree-214-2024-8",2024,8,27,47.5716923434251,-59.0625329846365,"Saccharina_latissima","Random",0.25,0,NA,NA,NA
721,"sw_newfoundland_gagnon",NA,"Margaree",7.6,"Margaree-214-2024-8",2024,8,27,47.5716923434251,-59.0625329846365,"Unidentified_kelp","Random",0.25,0,NA,NA,NA
722,"sw_newfoundland_gagnon",NA,"Margaree",3.9,"Margaree-215-2024-8",2024,8,27,47.5717713967118,-59.0629566131663,"Agarum_clathratum","Random",0.25,8,NA,NA,NA
723,"sw_newfoundland_gagnon",NA,"Margaree",3.9,"Margaree-215-2024-8",2024,8,27,47.5717713967118,-59.0629566131663,"Alaria_esculenta","Random",0.25,0,NA,NA,NA
724,"sw_newfoundland_gagnon",NA,"Margaree",3.9,"Margaree-215-2024-8",2024,8,27,47.5717713967118,-59.0629566131663,"Laminaria_digitata","Random",0.25,0,NA,NA,NA
725,"sw_newfoundland_gagnon",NA,"Margaree",3.9,"Margaree-215-2024-8",2024,8,27,47.5717713967118,-59.0629566131663,"Laminaria_solidungula","Random",0.25,0,NA,NA,NA
726,"sw_newfoundland_gagnon",NA,"Margaree",3.9,"Margaree-215-2024-8",2024,8,27,47.5717713967118,-59.0629566131663,"Saccharina_longicruris","Random",0.25,64,NA,NA,NA
727,"sw_newfoundland_gagnon",NA,"Margaree",3.9,"Margaree-215-2024-8",2024,8,27,47.5717713967118,-59.0629566131663,"Saccharina_latissima","Random",0.25,0,NA,NA,NA
728,"sw_newfoundland_gagnon",NA,"Margaree",3.9,"Margaree-215-2024-8",2024,8,27,47.5717713967118,-59.0629566131663,"Unidentified_kelp","Random",0.25,0,NA,NA,NA
729,"sw_newfoundland_gagnon",NA,"Margaree",3.9,"Margaree-216-2024-8",2024,8,27,47.5731274460479,-59.0622085032094,"Agarum_clathratum","Random",0.25,0,NA,NA,NA
730,"sw_newfoundland_gagnon",NA,"Margaree",3.9,"Margaree-216-2024-8",2024,8,27,47.5731274460479,-59.0622085032094,"Alaria_esculenta","Random",0.25,0,NA,NA,NA
731,"sw_newfoundland_gagnon",NA,"Margaree",3.9,"Margaree-216-2024-8",2024,8,27,47.5731274460479,-59.0622085032094,"Laminaria_digitata","Random",0.25,0,NA,NA,NA
732,"sw_newfoundland_gagnon",NA,"Margaree",3.9,"Margaree-216-2024-8",2024,8,27,47.5731274460479,-59.0622085032094,"Laminaria_solidungula","Random",0.25,0,NA,NA,NA
733,"sw_newfoundland_gagnon",NA,"Margaree",3.9,"Margaree-216-2024-8",2024,8,27,47.5731274460479,-59.0622085032094,"Saccharina_longicruris","Random",0.25,0,NA,NA,NA
734,"sw_newfoundland_gagnon",NA,"Margaree",3.9,"Margaree-216-2024-8",2024,8,27,47.5731274460479,-59.0622085032094,"Saccharina_latissima","Random",0.25,0,NA,NA,NA
735,"sw_newfoundland_gagnon",NA,"Margaree",3.9,"Margaree-216-2024-8",2024,8,27,47.5731274460479,-59.0622085032094,"Unidentified_kelp","Random",0.25,0,NA,NA,NA
736,"sw_newfoundland_gagnon",NA,"Margaree",3.4,"Margaree-217-2024-8",2024,8,27,47.5731943354651,-59.0623887706689,"Agarum_clathratum","Random",0.25,0,NA,NA,NA
737,"sw_newfoundland_gagnon",NA,"Margaree",3.4,"Margaree-217-2024-8",2024,8,27,47.5731943354651,-59.0623887706689,"Alaria_esculenta","Random",0.25,0,NA,NA,NA
738,"sw_newfoundland_gagnon",NA,"Margaree",3.4,"Margaree-217-2024-8",2024,8,27,47.5731943354651,-59.0623887706689,"Laminaria_digitata","Random",0.25,0,NA,NA,NA
739,"sw_newfoundland_gagnon",NA,"Margaree",3.4,"Margaree-217-2024-8",2024,8,27,47.5731943354651,-59.0623887706689,"Laminaria_solidungula","Random",0.25,0,NA,NA,NA
740,"sw_newfoundland_gagnon",NA,"Margaree",3.4,"Margaree-217-2024-8",2024,8,27,47.5731943354651,-59.0623887706689,"Saccharina_longicruris","Random",0.25,76,NA,NA,NA
741,"sw_newfoundland_gagnon",NA,"Margaree",3.4,"Margaree-217-2024-8",2024,8,27,47.5731943354651,-59.0623887706689,"Saccharina_latissima","Random",0.25,0,NA,NA,NA
742,"sw_newfoundland_gagnon",NA,"Margaree",3.4,"Margaree-217-2024-8",2024,8,27,47.5731943354651,-59.0623887706689,"Unidentified_kelp","Random",0.25,0,NA,NA,NA
743,"sw_newfoundland_gagnon",NA,"Margaree",NA,"Margaree-218-2024-8",2024,8,27,NA,NA,"Agarum_clathratum","Random",0.25,0,NA,NA,NA
744,"sw_newfoundland_gagnon",NA,"Margaree",NA,"Margaree-218-2024-8",2024,8,27,NA,NA,"Alaria_esculenta","Random",0.25,0,NA,NA,NA
745,"sw_newfoundland_gagnon",NA,"Margaree",NA,"Margaree-218-2024-8",2024,8,27,NA,NA,"Laminaria_digitata","Random",0.25,0,NA,NA,NA
746,"sw_newfoundland_gagnon",NA,"Margaree",NA,"Margaree-218-2024-8",2024,8,27,NA,NA,"Laminaria_solidungula","Random",0.25,0,NA,NA,NA
747,"sw_newfoundland_gagnon",NA,"Margaree",NA,"Margaree-218-2024-8",2024,8,27,NA,NA,"Saccharina_longicruris","Random",0.25,0,NA,NA,NA
748,"sw_newfoundland_gagnon",NA,"Margaree",NA,"Margaree-218-2024-8",2024,8,27,NA,NA,"Saccharina_latissima","Random",0.25,0,NA,NA,NA
749,"sw_newfoundland_gagnon",NA,"Margaree",NA,"Margaree-218-2024-8",2024,8,27,NA,NA,"Unidentified_kelp","Random",0.25,0,NA,NA,NA
750,"sw_newfoundland_gagnon",NA,"Margaree",4,"Margaree-187-2022-7",2022,7,24,47.5733646,-59.06229864,"Agarum_clathratum","Random",0.25,0,NA,NA,NA
751,"sw_newfoundland_gagnon",NA,"Margaree",4,"Margaree-187-2022-7",2022,7,24,47.5733646,-59.06229864,"Alaria_esculenta","Random",0.25,0,NA,NA,NA
752,"sw_newfoundland_gagnon",NA,"Margaree",4,"Margaree-187-2022-7",2022,7,24,47.5733646,-59.06229864,"Laminaria_digitata","Random",0.25,0,NA,NA,NA
753,"sw_newfoundland_gagnon",NA,"Margaree",4,"Margaree-187-2022-7",2022,7,24,47.5733646,-59.06229864,"Laminaria_solidungula","Random",0.25,0,NA,NA,NA
754,"sw_newfoundland_gagnon",NA,"Margaree",4,"Margaree-187-2022-7",2022,7,24,47.5733646,-59.06229864,"Saccharina_longicruris","Random",0.25,0,NA,NA,NA
755,"sw_newfoundland_gagnon",NA,"Margaree",4,"Margaree-187-2022-7",2022,7,24,47.5733646,-59.06229864,"Saccharina_latissima","Random",0.25,0,NA,NA,NA
756,"sw_newfoundland_gagnon",NA,"Margaree",4,"Margaree-187-2022-7",2022,7,24,47.5733646,-59.06229864,"Unidentified_kelp","Random",0.25,0,NA,NA,NA
757,"sw_newfoundland_gagnon",NA,"Margaree",3.9,"Margaree-188-2022-7",2022,7,24,47.57358351,-59.06201922,"Agarum_clathratum","Random",0.25,0,NA,NA,NA
758,"sw_newfoundland_gagnon",NA,"Margaree",3.9,"Margaree-188-2022-7",2022,7,24,47.57358351,-59.06201922,"Alaria_esculenta","Random",0.25,0,NA,NA,NA
759,"sw_newfoundland_gagnon",NA,"Margaree",3.9,"Margaree-188-2022-7",2022,7,24,47.57358351,-59.06201922,"Laminaria_digitata","Random",0.25,0,NA,NA,NA
760,"sw_newfoundland_gagnon",NA,"Margaree",3.9,"Margaree-188-2022-7",2022,7,24,47.57358351,-59.06201922,"Laminaria_solidungula","Random",0.25,0,NA,NA,NA
761,"sw_newfoundland_gagnon",NA,"Margaree",3.9,"Margaree-188-2022-7",2022,7,24,47.57358351,-59.06201922,"Saccharina_longicruris","Random",0.25,92,NA,NA,NA
762,"sw_newfoundland_gagnon",NA,"Margaree",3.9,"Margaree-188-2022-7",2022,7,24,47.57358351,-59.06201922,"Saccharina_latissima","Random",0.25,0,NA,NA,NA
763,"sw_newfoundland_gagnon",NA,"Margaree",3.9,"Margaree-188-2022-7",2022,7,24,47.57358351,-59.06201922,"Unidentified_kelp","Random",0.25,0,NA,NA,NA
764,"sw_newfoundland_gagnon",NA,"Margaree",4.1,"Margaree-189-2022-7",2022,7,24,47.57375985,-59.06171277,"Agarum_clathratum","Random",0.25,0,NA,NA,NA
765,"sw_newfoundland_gagnon",NA,"Margaree",4.1,"Margaree-189-2022-7",2022,7,24,47.57375985,-59.06171277,"Alaria_esculenta","Random",0.25,0,NA,NA,NA
766,"sw_newfoundland_gagnon",NA,"Margaree",4.1,"Margaree-189-2022-7",2022,7,24,47.57375985,-59.06171277,"Laminaria_digitata","Random",0.25,0,NA,NA,NA
767,"sw_newfoundland_gagnon",NA,"Margaree",4.1,"Margaree-189-2022-7",2022,7,24,47.57375985,-59.06171277,"Laminaria_solidungula","Random",0.25,0,NA,NA,NA
768,"sw_newfoundland_gagnon",NA,"Margaree",4.1,"Margaree-189-2022-7",2022,7,24,47.57375985,-59.06171277,"Saccharina_longicruris","Random",0.25,0,NA,NA,NA
769,"sw_newfoundland_gagnon",NA,"Margaree",4.1,"Margaree-189-2022-7",2022,7,24,47.57375985,-59.06171277,"Saccharina_latissima","Random",0.25,0,NA,NA,NA
770,"sw_newfoundland_gagnon",NA,"Margaree",4.1,"Margaree-189-2022-7",2022,7,24,47.57375985,-59.06171277,"Unidentified_kelp","Random",0.25,0,NA,NA,NA
771,"sw_newfoundland_gagnon",NA,"Margaree",2.9,"Margaree-190-2022-7",2022,7,24,47.57366864,-59.06115394,"Agarum_clathratum","Random",0.25,0,NA,NA,NA
772,"sw_newfoundland_gagnon",NA,"Margaree",2.9,"Margaree-190-2022-7",2022,7,24,47.57366864,-59.06115394,"Alaria_esculenta","Random",0.25,0,NA,NA,NA
773,"sw_newfoundland_gagnon",NA,"Margaree",2.9,"Margaree-190-2022-7",2022,7,24,47.57366864,-59.06115394,"Laminaria_digitata","Random",0.25,0,NA,NA,NA
774,"sw_newfoundland_gagnon",NA,"Margaree",2.9,"Margaree-190-2022-7",2022,7,24,47.57366864,-59.06115394,"Laminaria_solidungula","Random",0.25,0,NA,NA,NA
775,"sw_newfoundland_gagnon",NA,"Margaree",2.9,"Margaree-190-2022-7",2022,7,24,47.57366864,-59.06115394,"Saccharina_longicruris","Random",0.25,92,NA,NA,NA
776,"sw_newfoundland_gagnon",NA,"Margaree",2.9,"Margaree-190-2022-7",2022,7,24,47.57366864,-59.06115394,"Saccharina_latissima","Random",0.25,0,NA,NA,NA
777,"sw_newfoundland_gagnon",NA,"Margaree",2.9,"Margaree-190-2022-7",2022,7,24,47.57366864,-59.06115394,"Unidentified_kelp","Random",0.25,0,NA,NA,NA
778,"sw_newfoundland_gagnon",NA,"Margaree",2.2,"Margaree-191-2022-7",2022,7,24,47.57363824,-59.06087452,"Agarum_clathratum","Random",0.25,0,NA,NA,NA
779,"sw_newfoundland_gagnon",NA,"Margaree",2.2,"Margaree-191-2022-7",2022,7,24,47.57363824,-59.06087452,"Alaria_esculenta","Random",0.25,0,NA,NA,NA
780,"sw_newfoundland_gagnon",NA,"Margaree",2.2,"Margaree-191-2022-7",2022,7,24,47.57363824,-59.06087452,"Laminaria_digitata","Random",0.25,0,NA,NA,NA
781,"sw_newfoundland_gagnon",NA,"Margaree",2.2,"Margaree-191-2022-7",2022,7,24,47.57363824,-59.06087452,"Laminaria_solidungula","Random",0.25,0,NA,NA,NA
782,"sw_newfoundland_gagnon",NA,"Margaree",2.2,"Margaree-191-2022-7",2022,7,24,47.57363824,-59.06087452,"Saccharina_longicruris","Random",0.25,8,NA,NA,NA
783,"sw_newfoundland_gagnon",NA,"Margaree",2.2,"Margaree-191-2022-7",2022,7,24,47.57363824,-59.06087452,"Saccharina_latissima","Random",0.25,0,NA,NA,NA
784,"sw_newfoundland_gagnon",NA,"Margaree",2.2,"Margaree-191-2022-7",2022,7,24,47.57363824,-59.06087452,"Unidentified_kelp","Random",0.25,0,NA,NA,NA
785,"sw_newfoundland_gagnon",NA,"Margaree",1.6,"Margaree-192-2022-7",2022,7,24,47.57357135,-59.06075735,"Agarum_clathratum","Random",0.25,0,NA,NA,NA
786,"sw_newfoundland_gagnon",NA,"Margaree",1.6,"Margaree-192-2022-7",2022,7,24,47.57357135,-59.06075735,"Alaria_esculenta","Random",0.25,0,NA,NA,NA
787,"sw_newfoundland_gagnon",NA,"Margaree",1.6,"Margaree-192-2022-7",2022,7,24,47.57357135,-59.06075735,"Laminaria_digitata","Random",0.25,0,NA,NA,NA
788,"sw_newfoundland_gagnon",NA,"Margaree",1.6,"Margaree-192-2022-7",2022,7,24,47.57357135,-59.06075735,"Laminaria_solidungula","Random",0.25,0,NA,NA,NA
789,"sw_newfoundland_gagnon",NA,"Margaree",1.6,"Margaree-192-2022-7",2022,7,24,47.57357135,-59.06075735,"Saccharina_longicruris","Random",0.25,84,NA,NA,NA
790,"sw_newfoundland_gagnon",NA,"Margaree",1.6,"Margaree-192-2022-7",2022,7,24,47.57357135,-59.06075735,"Saccharina_latissima","Random",0.25,0,NA,NA,NA
791,"sw_newfoundland_gagnon",NA,"Margaree",1.6,"Margaree-192-2022-7",2022,7,24,47.57357135,-59.06075735,"Unidentified_kelp","Random",0.25,0,NA,NA,NA
792,"sw_newfoundland_gagnon",NA,"Margaree",1.9,"Margaree-193-2022-7",2022,7,24,47.57344365,-59.06086551,"Agarum_clathratum","Random",0.25,0,NA,NA,NA
793,"sw_newfoundland_gagnon",NA,"Margaree",1.9,"Margaree-193-2022-7",2022,7,24,47.57344365,-59.06086551,"Alaria_esculenta","Random",0.25,0,NA,NA,NA
794,"sw_newfoundland_gagnon",NA,"Margaree",1.9,"Margaree-193-2022-7",2022,7,24,47.57344365,-59.06086551,"Laminaria_digitata","Random",0.25,0,NA,NA,NA
795,"sw_newfoundland_gagnon",NA,"Margaree",1.9,"Margaree-193-2022-7",2022,7,24,47.57344365,-59.06086551,"Laminaria_solidungula","Random",0.25,0,NA,NA,NA
796,"sw_newfoundland_gagnon",NA,"Margaree",1.9,"Margaree-193-2022-7",2022,7,24,47.57344365,-59.06086551,"Saccharina_longicruris","Random",0.25,92,NA,NA,NA
797,"sw_newfoundland_gagnon",NA,"Margaree",1.9,"Margaree-193-2022-7",2022,7,24,47.57344365,-59.06086551,"Saccharina_latissima","Random",0.25,0,NA,NA,NA
798,"sw_newfoundland_gagnon",NA,"Margaree",1.9,"Margaree-193-2022-7",2022,7,24,47.57344365,-59.06086551,"Unidentified_kelp","Random",0.25,0,NA,NA,NA
799,"sw_newfoundland_gagnon",NA,"Margaree",2.4,"Margaree-194-2022-7",2022,7,24,47.57332811,-59.06084748,"Agarum_clathratum","Random",0.25,0,NA,NA,NA
800,"sw_newfoundland_gagnon",NA,"Margaree",2.4,"Margaree-194-2022-7",2022,7,24,47.57332811,-59.06084748,"Alaria_esculenta","Random",0.25,0,NA,NA,NA
801,"sw_newfoundland_gagnon",NA,"Margaree",2.4,"Margaree-194-2022-7",2022,7,24,47.57332811,-59.06084748,"Laminaria_digitata","Random",0.25,0,NA,NA,NA
802,"sw_newfoundland_gagnon",NA,"Margaree",2.4,"Margaree-194-2022-7",2022,7,24,47.57332811,-59.06084748,"Laminaria_solidungula","Random",0.25,0,NA,NA,NA
803,"sw_newfoundland_gagnon",NA,"Margaree",2.4,"Margaree-194-2022-7",2022,7,24,47.57332811,-59.06084748,"Saccharina_longicruris","Random",0.25,76,NA,NA,NA
804,"sw_newfoundland_gagnon",NA,"Margaree",2.4,"Margaree-194-2022-7",2022,7,24,47.57332811,-59.06084748,"Saccharina_latissima","Random",0.25,0,NA,NA,NA
805,"sw_newfoundland_gagnon",NA,"Margaree",2.4,"Margaree-194-2022-7",2022,7,24,47.57332811,-59.06084748,"Unidentified_kelp","Random",0.25,0,NA,NA,NA
806,"sw_newfoundland_gagnon",NA,"Margaree",1.9,"Margaree-195-2022-7",2022,7,24,47.57310312,-59.06074834,"Agarum_clathratum","Random",0.25,0,NA,NA,NA
807,"sw_newfoundland_gagnon",NA,"Margaree",1.9,"Margaree-195-2022-7",2022,7,24,47.57310312,-59.06074834,"Alaria_esculenta","Random",0.25,0,NA,NA,NA
808,"sw_newfoundland_gagnon",NA,"Margaree",1.9,"Margaree-195-2022-7",2022,7,24,47.57310312,-59.06074834,"Laminaria_digitata","Random",0.25,0,NA,NA,NA
809,"sw_newfoundland_gagnon",NA,"Margaree",1.9,"Margaree-195-2022-7",2022,7,24,47.57310312,-59.06074834,"Laminaria_solidungula","Random",0.25,0,NA,NA,NA
810,"sw_newfoundland_gagnon",NA,"Margaree",1.9,"Margaree-195-2022-7",2022,7,24,47.57310312,-59.06074834,"Saccharina_longicruris","Random",0.25,96,NA,NA,NA
811,"sw_newfoundland_gagnon",NA,"Margaree",1.9,"Margaree-195-2022-7",2022,7,24,47.57310312,-59.06074834,"Saccharina_latissima","Random",0.25,0,NA,NA,NA
812,"sw_newfoundland_gagnon",NA,"Margaree",1.9,"Margaree-195-2022-7",2022,7,24,47.57310312,-59.06074834,"Unidentified_kelp","Random",0.25,0,NA,NA,NA
813,"sw_newfoundland_gagnon",NA,"Margaree",2.5,"Margaree-197-2022-7",2022,7,24,47.57286597,-59.06045991,"Agarum_clathratum","Random",0.25,0,NA,NA,NA
814,"sw_newfoundland_gagnon",NA,"Margaree",2.5,"Margaree-197-2022-7",2022,7,24,47.57286597,-59.06045991,"Alaria_esculenta","Random",0.25,0,NA,NA,NA
815,"sw_newfoundland_gagnon",NA,"Margaree",2.5,"Margaree-197-2022-7",2022,7,24,47.57286597,-59.06045991,"Laminaria_digitata","Random",0.25,0,NA,NA,NA
816,"sw_newfoundland_gagnon",NA,"Margaree",2.5,"Margaree-197-2022-7",2022,7,24,47.57286597,-59.06045991,"Laminaria_solidungula","Random",0.25,0,NA,NA,NA
817,"sw_newfoundland_gagnon",NA,"Margaree",2.5,"Margaree-197-2022-7",2022,7,24,47.57286597,-59.06045991,"Saccharina_longicruris","Random",0.25,48,NA,NA,NA
818,"sw_newfoundland_gagnon",NA,"Margaree",2.5,"Margaree-197-2022-7",2022,7,24,47.57286597,-59.06045991,"Saccharina_latissima","Random",0.25,0,NA,NA,NA
819,"sw_newfoundland_gagnon",NA,"Margaree",2.5,"Margaree-197-2022-7",2022,7,24,47.57286597,-59.06045991,"Unidentified_kelp","Random",0.25,0,NA,NA,NA
820,"sw_newfoundland_gagnon",NA,"Margaree",4,"Margaree-198-2022-7",2022,7,24,47.57278084,-59.06020753,"Agarum_clathratum","Random",0.25,0,NA,NA,NA
821,"sw_newfoundland_gagnon",NA,"Margaree",4,"Margaree-198-2022-7",2022,7,24,47.57278084,-59.06020753,"Alaria_esculenta","Random",0.25,0,NA,NA,NA
822,"sw_newfoundland_gagnon",NA,"Margaree",4,"Margaree-198-2022-7",2022,7,24,47.57278084,-59.06020753,"Laminaria_digitata","Random",0.25,0,NA,NA,NA
823,"sw_newfoundland_gagnon",NA,"Margaree",4,"Margaree-198-2022-7",2022,7,24,47.57278084,-59.06020753,"Laminaria_solidungula","Random",0.25,0,NA,NA,NA
824,"sw_newfoundland_gagnon",NA,"Margaree",4,"Margaree-198-2022-7",2022,7,24,47.57278084,-59.06020753,"Saccharina_longicruris","Random",0.25,0,NA,NA,NA
825,"sw_newfoundland_gagnon",NA,"Margaree",4,"Margaree-198-2022-7",2022,7,24,47.57278084,-59.06020753,"Saccharina_latissima","Random",0.25,0,NA,NA,NA
826,"sw_newfoundland_gagnon",NA,"Margaree",4,"Margaree-198-2022-7",2022,7,24,47.57278084,-59.06020753,"Unidentified_kelp","Random",0.25,0,NA,NA,NA
827,"sw_newfoundland_gagnon",NA,"Margaree",3.7,"Margaree-199-2022-7",2022,7,24,47.57267138,-59.05987404,"Agarum_clathratum","Random",0.25,0,NA,NA,NA
828,"sw_newfoundland_gagnon",NA,"Margaree",3.7,"Margaree-199-2022-7",2022,7,24,47.57267138,-59.05987404,"Alaria_esculenta","Random",0.25,0,NA,NA,NA
829,"sw_newfoundland_gagnon",NA,"Margaree",3.7,"Margaree-199-2022-7",2022,7,24,47.57267138,-59.05987404,"Laminaria_digitata","Random",0.25,0,NA,NA,NA
830,"sw_newfoundland_gagnon",NA,"Margaree",3.7,"Margaree-199-2022-7",2022,7,24,47.57267138,-59.05987404,"Laminaria_solidungula","Random",0.25,0,NA,NA,NA
831,"sw_newfoundland_gagnon",NA,"Margaree",3.7,"Margaree-199-2022-7",2022,7,24,47.57267138,-59.05987404,"Saccharina_longicruris","Random",0.25,72,NA,NA,NA
832,"sw_newfoundland_gagnon",NA,"Margaree",3.7,"Margaree-199-2022-7",2022,7,24,47.57267138,-59.05987404,"Saccharina_latissima","Random",0.25,0,NA,NA,NA
833,"sw_newfoundland_gagnon",NA,"Margaree",3.7,"Margaree-199-2022-7",2022,7,24,47.57267138,-59.05987404,"Unidentified_kelp","Random",0.25,0,NA,NA,NA
834,"sw_newfoundland_gagnon",NA,"Margaree",4.3,"Margaree-200-2022-7",2022,7,24,47.57253152,-59.0595766,"Agarum_clathratum","Random",0.25,0,NA,NA,NA
835,"sw_newfoundland_gagnon",NA,"Margaree",4.3,"Margaree-200-2022-7",2022,7,24,47.57253152,-59.0595766,"Alaria_esculenta","Random",0.25,0,NA,NA,NA
836,"sw_newfoundland_gagnon",NA,"Margaree",4.3,"Margaree-200-2022-7",2022,7,24,47.57253152,-59.0595766,"Laminaria_digitata","Random",0.25,0,NA,NA,NA
837,"sw_newfoundland_gagnon",NA,"Margaree",4.3,"Margaree-200-2022-7",2022,7,24,47.57253152,-59.0595766,"Laminaria_solidungula","Random",0.25,0,NA,NA,NA
838,"sw_newfoundland_gagnon",NA,"Margaree",4.3,"Margaree-200-2022-7",2022,7,24,47.57253152,-59.0595766,"Saccharina_longicruris","Random",0.25,64,NA,NA,NA
839,"sw_newfoundland_gagnon",NA,"Margaree",4.3,"Margaree-200-2022-7",2022,7,24,47.57253152,-59.0595766,"Saccharina_latissima","Random",0.25,0,NA,NA,NA
840,"sw_newfoundland_gagnon",NA,"Margaree",4.3,"Margaree-200-2022-7",2022,7,24,47.57253152,-59.0595766,"Unidentified_kelp","Random",0.25,0,NA,NA,NA
841,"sw_newfoundland_gagnon",NA,"Margaree",5.1,"Margaree-201-2022-7",2022,7,24,47.57236733,-59.05936028,"Agarum_clathratum","Random",0.25,0,NA,NA,NA
842,"sw_newfoundland_gagnon",NA,"Margaree",5.1,"Margaree-201-2022-7",2022,7,24,47.57236733,-59.05936028,"Alaria_esculenta","Random",0.25,0,NA,NA,NA
843,"sw_newfoundland_gagnon",NA,"Margaree",5.1,"Margaree-201-2022-7",2022,7,24,47.57236733,-59.05936028,"Laminaria_digitata","Random",0.25,0,NA,NA,NA
844,"sw_newfoundland_gagnon",NA,"Margaree",5.1,"Margaree-201-2022-7",2022,7,24,47.57236733,-59.05936028,"Laminaria_solidungula","Random",0.25,0,NA,NA,NA
845,"sw_newfoundland_gagnon",NA,"Margaree",5.1,"Margaree-201-2022-7",2022,7,24,47.57236733,-59.05936028,"Saccharina_longicruris","Random",0.25,24,NA,NA,NA
846,"sw_newfoundland_gagnon",NA,"Margaree",5.1,"Margaree-201-2022-7",2022,7,24,47.57236733,-59.05936028,"Saccharina_latissima","Random",0.25,0,NA,NA,NA
847,"sw_newfoundland_gagnon",NA,"Margaree",5.1,"Margaree-201-2022-7",2022,7,24,47.57236733,-59.05936028,"Unidentified_kelp","Random",0.25,0,NA,NA,NA
848,"sw_newfoundland_gagnon",NA,"Margaree",3.7,"Margaree-202-2022-7",2022,7,24,47.57226396,-59.0590358,"Agarum_clathratum","Random",0.25,0,NA,NA,NA
849,"sw_newfoundland_gagnon",NA,"Margaree",3.7,"Margaree-202-2022-7",2022,7,24,47.57226396,-59.0590358,"Alaria_esculenta","Random",0.25,0,NA,NA,NA
850,"sw_newfoundland_gagnon",NA,"Margaree",3.7,"Margaree-202-2022-7",2022,7,24,47.57226396,-59.0590358,"Laminaria_digitata","Random",0.25,0,NA,NA,NA
851,"sw_newfoundland_gagnon",NA,"Margaree",3.7,"Margaree-202-2022-7",2022,7,24,47.57226396,-59.0590358,"Laminaria_solidungula","Random",0.25,0,NA,NA,NA
852,"sw_newfoundland_gagnon",NA,"Margaree",3.7,"Margaree-202-2022-7",2022,7,24,47.57226396,-59.0590358,"Saccharina_longicruris","Random",0.25,100,NA,NA,NA
853,"sw_newfoundland_gagnon",NA,"Margaree",3.7,"Margaree-202-2022-7",2022,7,24,47.57226396,-59.0590358,"Saccharina_latissima","Random",0.25,0,NA,NA,NA
854,"sw_newfoundland_gagnon",NA,"Margaree",3.7,"Margaree-202-2022-7",2022,7,24,47.57226396,-59.0590358,"Unidentified_kelp","Random",0.25,0,NA,NA,NA
855,"sw_newfoundland_gagnon",NA,"Margaree",3.5,"Margaree-203-2022-7",2022,7,24,47.57213626,-59.05874737,"Agarum_clathratum","Random",0.25,0,NA,NA,NA
856,"sw_newfoundland_gagnon",NA,"Margaree",3.5,"Margaree-203-2022-7",2022,7,24,47.57213626,-59.05874737,"Alaria_esculenta","Random",0.25,0,NA,NA,NA
857,"sw_newfoundland_gagnon",NA,"Margaree",3.5,"Margaree-203-2022-7",2022,7,24,47.57213626,-59.05874737,"Laminaria_digitata","Random",0.25,0,NA,NA,NA
858,"sw_newfoundland_gagnon",NA,"Margaree",3.5,"Margaree-203-2022-7",2022,7,24,47.57213626,-59.05874737,"Laminaria_solidungula","Random",0.25,0,NA,NA,NA
859,"sw_newfoundland_gagnon",NA,"Margaree",3.5,"Margaree-203-2022-7",2022,7,24,47.57213626,-59.05874737,"Saccharina_longicruris","Random",0.25,4,NA,NA,NA
860,"sw_newfoundland_gagnon",NA,"Margaree",3.5,"Margaree-203-2022-7",2022,7,24,47.57213626,-59.05874737,"Saccharina_latissima","Random",0.25,0,NA,NA,NA
861,"sw_newfoundland_gagnon",NA,"Margaree",3.5,"Margaree-203-2022-7",2022,7,24,47.57213626,-59.05874737,"Unidentified_kelp","Random",0.25,0,NA,NA,NA
862,"sw_newfoundland_gagnon",NA,"Margaree",4.9,"Margaree-204-2022-7",2022,7,24,47.57199639,-59.05839585,"Agarum_clathratum","Random",0.25,0,NA,NA,NA
863,"sw_newfoundland_gagnon",NA,"Margaree",4.9,"Margaree-204-2022-7",2022,7,24,47.57199639,-59.05839585,"Alaria_esculenta","Random",0.25,0,NA,NA,NA
864,"sw_newfoundland_gagnon",NA,"Margaree",4.9,"Margaree-204-2022-7",2022,7,24,47.57199639,-59.05839585,"Laminaria_digitata","Random",0.25,0,NA,NA,NA
865,"sw_newfoundland_gagnon",NA,"Margaree",4.9,"Margaree-204-2022-7",2022,7,24,47.57199639,-59.05839585,"Laminaria_solidungula","Random",0.25,0,NA,NA,NA
866,"sw_newfoundland_gagnon",NA,"Margaree",4.9,"Margaree-204-2022-7",2022,7,24,47.57199639,-59.05839585,"Saccharina_longicruris","Random",0.25,4,NA,NA,NA
867,"sw_newfoundland_gagnon",NA,"Margaree",4.9,"Margaree-204-2022-7",2022,7,24,47.57199639,-59.05839585,"Saccharina_latissima","Random",0.25,0,NA,NA,NA
868,"sw_newfoundland_gagnon",NA,"Margaree",4.9,"Margaree-204-2022-7",2022,7,24,47.57199639,-59.05839585,"Unidentified_kelp","Random",0.25,0,NA,NA,NA
869,"sw_newfoundland_gagnon",NA,"Margaree",4.2,"Margaree-205-2022-7",2022,7,24,47.57195383,-59.05806235,"Agarum_clathratum","Random",0.25,0,NA,NA,NA
870,"sw_newfoundland_gagnon",NA,"Margaree",4.2,"Margaree-205-2022-7",2022,7,24,47.57195383,-59.05806235,"Alaria_esculenta","Random",0.25,0,NA,NA,NA
871,"sw_newfoundland_gagnon",NA,"Margaree",4.2,"Margaree-205-2022-7",2022,7,24,47.57195383,-59.05806235,"Laminaria_digitata","Random",0.25,0,NA,NA,NA
872,"sw_newfoundland_gagnon",NA,"Margaree",4.2,"Margaree-205-2022-7",2022,7,24,47.57195383,-59.05806235,"Laminaria_solidungula","Random",0.25,0,NA,NA,NA
873,"sw_newfoundland_gagnon",NA,"Margaree",4.2,"Margaree-205-2022-7",2022,7,24,47.57195383,-59.05806235,"Saccharina_longicruris","Random",0.25,52,NA,NA,NA
874,"sw_newfoundland_gagnon",NA,"Margaree",4.2,"Margaree-205-2022-7",2022,7,24,47.57195383,-59.05806235,"Saccharina_latissima","Random",0.25,0,NA,NA,NA
875,"sw_newfoundland_gagnon",NA,"Margaree",4.2,"Margaree-205-2022-7",2022,7,24,47.57195383,-59.05806235,"Unidentified_kelp","Random",0.25,0,NA,NA,NA
876,"sw_newfoundland_gagnon",NA,"Margaree",3,"Margaree-206-2022-7",2022,7,24,47.57191126,-59.057828,"Agarum_clathratum","Random",0.25,0,NA,NA,NA
877,"sw_newfoundland_gagnon",NA,"Margaree",3,"Margaree-206-2022-7",2022,7,24,47.57191126,-59.057828,"Alaria_esculenta","Random",0.25,0,NA,NA,NA
878,"sw_newfoundland_gagnon",NA,"Margaree",3,"Margaree-206-2022-7",2022,7,24,47.57191126,-59.057828,"Laminaria_digitata","Random",0.25,0,NA,NA,NA
879,"sw_newfoundland_gagnon",NA,"Margaree",3,"Margaree-206-2022-7",2022,7,24,47.57191126,-59.057828,"Laminaria_solidungula","Random",0.25,0,NA,NA,NA
880,"sw_newfoundland_gagnon",NA,"Margaree",3,"Margaree-206-2022-7",2022,7,24,47.57191126,-59.057828,"Saccharina_longicruris","Random",0.25,96,NA,NA,NA
881,"sw_newfoundland_gagnon",NA,"Margaree",3,"Margaree-206-2022-7",2022,7,24,47.57191126,-59.057828,"Saccharina_latissima","Random",0.25,0,NA,NA,NA
882,"sw_newfoundland_gagnon",NA,"Margaree",3,"Margaree-206-2022-7",2022,7,24,47.57191126,-59.057828,"Unidentified_kelp","Random",0.25,0,NA,NA,NA
883,"sw_newfoundland_gagnon",NA,"Margaree",2,"Margaree-207-2022-7",2022,7,24,47.57183221,-59.05791814,"Agarum_clathratum","Random",0.25,0,NA,NA,NA
884,"sw_newfoundland_gagnon",NA,"Margaree",2,"Margaree-207-2022-7",2022,7,24,47.57183221,-59.05791814,"Alaria_esculenta","Random",0.25,0,NA,NA,NA
885,"sw_newfoundland_gagnon",NA,"Margaree",2,"Margaree-207-2022-7",2022,7,24,47.57183221,-59.05791814,"Laminaria_digitata","Random",0.25,0,NA,NA,NA
886,"sw_newfoundland_gagnon",NA,"Margaree",2,"Margaree-207-2022-7",2022,7,24,47.57183221,-59.05791814,"Laminaria_solidungula","Random",0.25,0,NA,NA,NA
887,"sw_newfoundland_gagnon",NA,"Margaree",2,"Margaree-207-2022-7",2022,7,24,47.57183221,-59.05791814,"Saccharina_longicruris","Random",0.25,92,NA,NA,NA
888,"sw_newfoundland_gagnon",NA,"Margaree",2,"Margaree-207-2022-7",2022,7,24,47.57183221,-59.05791814,"Saccharina_latissima","Random",0.25,0,NA,NA,NA
889,"sw_newfoundland_gagnon",NA,"Margaree",2,"Margaree-207-2022-7",2022,7,24,47.57183221,-59.05791814,"Unidentified_kelp","Random",0.25,0,NA,NA,NA
890,"sw_newfoundland_gagnon",NA,"Margaree",4.4,"Margaree-208-2022-7",2022,7,24,47.57160113,-59.0580263,"Agarum_clathratum","Random",0.25,0,NA,NA,NA
891,"sw_newfoundland_gagnon",NA,"Margaree",4.4,"Margaree-208-2022-7",2022,7,24,47.57160113,-59.0580263,"Alaria_esculenta","Random",0.25,0,NA,NA,NA
892,"sw_newfoundland_gagnon",NA,"Margaree",4.4,"Margaree-208-2022-7",2022,7,24,47.57160113,-59.0580263,"Laminaria_digitata","Random",0.25,0,NA,NA,NA
893,"sw_newfoundland_gagnon",NA,"Margaree",4.4,"Margaree-208-2022-7",2022,7,24,47.57160113,-59.0580263,"Laminaria_solidungula","Random",0.25,0,NA,NA,NA
894,"sw_newfoundland_gagnon",NA,"Margaree",4.4,"Margaree-208-2022-7",2022,7,24,47.57160113,-59.0580263,"Saccharina_longicruris","Random",0.25,84,NA,NA,NA
895,"sw_newfoundland_gagnon",NA,"Margaree",4.4,"Margaree-208-2022-7",2022,7,24,47.57160113,-59.0580263,"Saccharina_latissima","Random",0.25,0,NA,NA,NA
896,"sw_newfoundland_gagnon",NA,"Margaree",4.4,"Margaree-208-2022-7",2022,7,24,47.57160113,-59.0580263,"Unidentified_kelp","Random",0.25,0,NA,NA,NA
897,"sw_newfoundland_gagnon",NA,"Margaree",3.1,"Margaree-209-2022-7",2022,7,24,47.5714187,-59.05807137,"Agarum_clathratum","Random",0.25,8,NA,NA,NA
898,"sw_newfoundland_gagnon",NA,"Margaree",3.1,"Margaree-209-2022-7",2022,7,24,47.5714187,-59.05807137,"Alaria_esculenta","Random",0.25,0,NA,NA,NA
899,"sw_newfoundland_gagnon",NA,"Margaree",3.1,"Margaree-209-2022-7",2022,7,24,47.5714187,-59.05807137,"Laminaria_digitata","Random",0.25,0,NA,NA,NA
900,"sw_newfoundland_gagnon",NA,"Margaree",3.1,"Margaree-209-2022-7",2022,7,24,47.5714187,-59.05807137,"Laminaria_solidungula","Random",0.25,0,NA,NA,NA
901,"sw_newfoundland_gagnon",NA,"Margaree",3.1,"Margaree-209-2022-7",2022,7,24,47.5714187,-59.05807137,"Saccharina_longicruris","Random",0.25,84,NA,NA,NA
902,"sw_newfoundland_gagnon",NA,"Margaree",3.1,"Margaree-209-2022-7",2022,7,24,47.5714187,-59.05807137,"Saccharina_latissima","Random",0.25,0,NA,NA,NA
903,"sw_newfoundland_gagnon",NA,"Margaree",3.1,"Margaree-209-2022-7",2022,7,24,47.5714187,-59.05807137,"Unidentified_kelp","Random",0.25,0,NA,NA,NA
904,"sw_newfoundland_gagnon",NA,"Margaree",2.6,"Margaree-210-2022-7",2022,7,24,47.5712241,-59.05823361,"Agarum_clathratum","Random",0.25,0,NA,NA,NA
905,"sw_newfoundland_gagnon",NA,"Margaree",2.6,"Margaree-210-2022-7",2022,7,24,47.5712241,-59.05823361,"Alaria_esculenta","Random",0.25,0,NA,NA,NA
906,"sw_newfoundland_gagnon",NA,"Margaree",2.6,"Margaree-210-2022-7",2022,7,24,47.5712241,-59.05823361,"Laminaria_digitata","Random",0.25,0,NA,NA,NA
907,"sw_newfoundland_gagnon",NA,"Margaree",2.6,"Margaree-210-2022-7",2022,7,24,47.5712241,-59.05823361,"Laminaria_solidungula","Random",0.25,0,NA,NA,NA
908,"sw_newfoundland_gagnon",NA,"Margaree",2.6,"Margaree-210-2022-7",2022,7,24,47.5712241,-59.05823361,"Saccharina_longicruris","Random",0.25,44,NA,NA,NA
909,"sw_newfoundland_gagnon",NA,"Margaree",2.6,"Margaree-210-2022-7",2022,7,24,47.5712241,-59.05823361,"Saccharina_latissima","Random",0.25,0,NA,NA,NA
910,"sw_newfoundland_gagnon",NA,"Margaree",2.6,"Margaree-210-2022-7",2022,7,24,47.5712241,-59.05823361,"Unidentified_kelp","Random",0.25,0,NA,NA,NA
911,"sw_newfoundland_gagnon",NA,"Margaree",3.2,"Margaree-211-2022-7",2022,7,24,47.57104775,-59.05839585,"Agarum_clathratum","Random",0.25,0,NA,NA,NA
912,"sw_newfoundland_gagnon",NA,"Margaree",3.2,"Margaree-211-2022-7",2022,7,24,47.57104775,-59.05839585,"Alaria_esculenta","Random",0.25,0,NA,NA,NA
913,"sw_newfoundland_gagnon",NA,"Margaree",3.2,"Margaree-211-2022-7",2022,7,24,47.57104775,-59.05839585,"Laminaria_digitata","Random",0.25,0,NA,NA,NA
914,"sw_newfoundland_gagnon",NA,"Margaree",3.2,"Margaree-211-2022-7",2022,7,24,47.57104775,-59.05839585,"Laminaria_solidungula","Random",0.25,0,NA,NA,NA
915,"sw_newfoundland_gagnon",NA,"Margaree",3.2,"Margaree-211-2022-7",2022,7,24,47.57104775,-59.05839585,"Saccharina_longicruris","Random",0.25,64,NA,NA,NA
916,"sw_newfoundland_gagnon",NA,"Margaree",3.2,"Margaree-211-2022-7",2022,7,24,47.57104775,-59.05839585,"Saccharina_latissima","Random",0.25,0,NA,NA,NA
917,"sw_newfoundland_gagnon",NA,"Margaree",3.2,"Margaree-211-2022-7",2022,7,24,47.57104775,-59.05839585,"Unidentified_kelp","Random",0.25,0,NA,NA,NA
918,"sw_newfoundland_gagnon",NA,"Margaree",3.7,"Margaree-212-2022-7",2022,7,24,47.5709018,-59.05863019,"Agarum_clathratum","Random",0.25,0,NA,NA,NA
919,"sw_newfoundland_gagnon",NA,"Margaree",3.7,"Margaree-212-2022-7",2022,7,24,47.5709018,-59.05863019,"Alaria_esculenta","Random",0.25,0,NA,NA,NA
920,"sw_newfoundland_gagnon",NA,"Margaree",3.7,"Margaree-212-2022-7",2022,7,24,47.5709018,-59.05863019,"Laminaria_digitata","Random",0.25,0,NA,NA,NA
921,"sw_newfoundland_gagnon",NA,"Margaree",3.7,"Margaree-212-2022-7",2022,7,24,47.5709018,-59.05863019,"Laminaria_solidungula","Random",0.25,0,NA,NA,NA
922,"sw_newfoundland_gagnon",NA,"Margaree",3.7,"Margaree-212-2022-7",2022,7,24,47.5709018,-59.05863019,"Saccharina_longicruris","Random",0.25,48,NA,NA,NA
923,"sw_newfoundland_gagnon",NA,"Margaree",3.7,"Margaree-212-2022-7",2022,7,24,47.5709018,-59.05863019,"Saccharina_latissima","Random",0.25,0,NA,NA,NA
924,"sw_newfoundland_gagnon",NA,"Margaree",3.7,"Margaree-212-2022-7",2022,7,24,47.5709018,-59.05863019,"Unidentified_kelp","Random",0.25,0,NA,NA,NA
925,"sw_newfoundland_gagnon",NA,"Margaree",3.6,"Margaree-213-2022-7",2022,7,24,47.57110248,-59.05887356,"Agarum_clathratum","Random",0.25,0,NA,NA,NA
926,"sw_newfoundland_gagnon",NA,"Margaree",3.6,"Margaree-213-2022-7",2022,7,24,47.57110248,-59.05887356,"Alaria_esculenta","Random",0.25,0,NA,NA,NA
927,"sw_newfoundland_gagnon",NA,"Margaree",3.6,"Margaree-213-2022-7",2022,7,24,47.57110248,-59.05887356,"Laminaria_digitata","Random",0.25,0,NA,NA,NA
928,"sw_newfoundland_gagnon",NA,"Margaree",3.6,"Margaree-213-2022-7",2022,7,24,47.57110248,-59.05887356,"Laminaria_solidungula","Random",0.25,0,NA,NA,NA
929,"sw_newfoundland_gagnon",NA,"Margaree",3.6,"Margaree-213-2022-7",2022,7,24,47.57110248,-59.05887356,"Saccharina_longicruris","Random",0.25,100,NA,NA,NA
930,"sw_newfoundland_gagnon",NA,"Margaree",3.6,"Margaree-213-2022-7",2022,7,24,47.57110248,-59.05887356,"Saccharina_latissima","Random",0.25,0,NA,NA,NA
931,"sw_newfoundland_gagnon",NA,"Margaree",3.6,"Margaree-213-2022-7",2022,7,24,47.57110248,-59.05887356,"Unidentified_kelp","Random",0.25,0,NA,NA,NA
932,"sw_newfoundland_gagnon",NA,"Margaree",4.3,"Margaree-214-2022-7",2022,7,24,47.57130924,-59.05855809,"Agarum_clathratum","Random",0.25,0,NA,NA,NA
933,"sw_newfoundland_gagnon",NA,"Margaree",4.3,"Margaree-214-2022-7",2022,7,24,47.57130924,-59.05855809,"Alaria_esculenta","Random",0.25,0,NA,NA,NA
934,"sw_newfoundland_gagnon",NA,"Margaree",4.3,"Margaree-214-2022-7",2022,7,24,47.57130924,-59.05855809,"Laminaria_digitata","Random",0.25,0,NA,NA,NA
935,"sw_newfoundland_gagnon",NA,"Margaree",4.3,"Margaree-214-2022-7",2022,7,24,47.57130924,-59.05855809,"Laminaria_solidungula","Random",0.25,0,NA,NA,NA
936,"sw_newfoundland_gagnon",NA,"Margaree",4.3,"Margaree-214-2022-7",2022,7,24,47.57130924,-59.05855809,"Saccharina_longicruris","Random",0.25,4,NA,NA,NA
937,"sw_newfoundland_gagnon",NA,"Margaree",4.3,"Margaree-214-2022-7",2022,7,24,47.57130924,-59.05855809,"Saccharina_latissima","Random",0.25,0,NA,NA,NA
938,"sw_newfoundland_gagnon",NA,"Margaree",4.3,"Margaree-214-2022-7",2022,7,24,47.57130924,-59.05855809,"Unidentified_kelp","Random",0.25,0,NA,NA,NA
939,"sw_newfoundland_gagnon",NA,"Margaree",5.8,"Margaree-215-2022-7",2022,7,24,47.57149775,-59.05821558,"Agarum_clathratum","Random",0.25,0,NA,NA,NA
940,"sw_newfoundland_gagnon",NA,"Margaree",5.8,"Margaree-215-2022-7",2022,7,24,47.57149775,-59.05821558,"Alaria_esculenta","Random",0.25,0,NA,NA,NA
941,"sw_newfoundland_gagnon",NA,"Margaree",5.8,"Margaree-215-2022-7",2022,7,24,47.57149775,-59.05821558,"Laminaria_digitata","Random",0.25,0,NA,NA,NA
942,"sw_newfoundland_gagnon",NA,"Margaree",5.8,"Margaree-215-2022-7",2022,7,24,47.57149775,-59.05821558,"Laminaria_solidungula","Random",0.25,0,NA,NA,NA
943,"sw_newfoundland_gagnon",NA,"Margaree",5.8,"Margaree-215-2022-7",2022,7,24,47.57149775,-59.05821558,"Saccharina_longicruris","Random",0.25,4,NA,NA,NA
944,"sw_newfoundland_gagnon",NA,"Margaree",5.8,"Margaree-215-2022-7",2022,7,24,47.57149775,-59.05821558,"Saccharina_latissima","Random",0.25,0,NA,NA,NA
945,"sw_newfoundland_gagnon",NA,"Margaree",5.8,"Margaree-215-2022-7",2022,7,24,47.57149775,-59.05821558,"Unidentified_kelp","Random",0.25,0,NA,NA,NA
946,"sw_newfoundland_gagnon",NA,"Margaree",4,"Margaree-216-2022-7",2022,7,24,47.57169234,-59.05814347,"Agarum_clathratum","Random",0.25,0,NA,NA,NA
947,"sw_newfoundland_gagnon",NA,"Margaree",4,"Margaree-216-2022-7",2022,7,24,47.57169234,-59.05814347,"Alaria_esculenta","Random",0.25,0,NA,NA,NA
948,"sw_newfoundland_gagnon",NA,"Margaree",4,"Margaree-216-2022-7",2022,7,24,47.57169234,-59.05814347,"Laminaria_digitata","Random",0.25,0,NA,NA,NA
949,"sw_newfoundland_gagnon",NA,"Margaree",4,"Margaree-216-2022-7",2022,7,24,47.57169234,-59.05814347,"Laminaria_solidungula","Random",0.25,0,NA,NA,NA
950,"sw_newfoundland_gagnon",NA,"Margaree",4,"Margaree-216-2022-7",2022,7,24,47.57169234,-59.05814347,"Saccharina_longicruris","Random",0.25,84,NA,NA,NA
951,"sw_newfoundland_gagnon",NA,"Margaree",4,"Margaree-216-2022-7",2022,7,24,47.57169234,-59.05814347,"Saccharina_latissima","Random",0.25,0,NA,NA,NA
952,"sw_newfoundland_gagnon",NA,"Margaree",4,"Margaree-216-2022-7",2022,7,24,47.57169234,-59.05814347,"Unidentified_kelp","Random",0.25,0,NA,NA,NA
953,"sw_newfoundland_gagnon",NA,"Margaree",5.2,"Margaree-217-2022-7",2022,7,24,47.57182613,-59.05849499,"Agarum_clathratum","Random",0.25,0,NA,NA,NA
954,"sw_newfoundland_gagnon",NA,"Margaree",5.2,"Margaree-217-2022-7",2022,7,24,47.57182613,-59.05849499,"Alaria_esculenta","Random",0.25,0,NA,NA,NA
955,"sw_newfoundland_gagnon",NA,"Margaree",5.2,"Margaree-217-2022-7",2022,7,24,47.57182613,-59.05849499,"Laminaria_digitata","Random",0.25,0,NA,NA,NA
956,"sw_newfoundland_gagnon",NA,"Margaree",5.2,"Margaree-217-2022-7",2022,7,24,47.57182613,-59.05849499,"Laminaria_solidungula","Random",0.25,0,NA,NA,NA
957,"sw_newfoundland_gagnon",NA,"Margaree",5.2,"Margaree-217-2022-7",2022,7,24,47.57182613,-59.05849499,"Saccharina_longicruris","Random",0.25,12,NA,NA,NA
958,"sw_newfoundland_gagnon",NA,"Margaree",5.2,"Margaree-217-2022-7",2022,7,24,47.57182613,-59.05849499,"Saccharina_latissima","Random",0.25,0,NA,NA,NA
959,"sw_newfoundland_gagnon",NA,"Margaree",5.2,"Margaree-217-2022-7",2022,7,24,47.57182613,-59.05849499,"Unidentified_kelp","Random",0.25,0,NA,NA,NA
960,"sw_newfoundland_gagnon",NA,"Margaree",5.6,"Margaree-218-2022-7",2022,7,24,47.5719295,-59.05899974,"Agarum_clathratum","Random",0.25,0,NA,NA,NA
961,"sw_newfoundland_gagnon",NA,"Margaree",5.6,"Margaree-218-2022-7",2022,7,24,47.5719295,-59.05899974,"Alaria_esculenta","Random",0.25,0,NA,NA,NA
962,"sw_newfoundland_gagnon",NA,"Margaree",5.6,"Margaree-218-2022-7",2022,7,24,47.5719295,-59.05899974,"Laminaria_digitata","Random",0.25,0,NA,NA,NA
963,"sw_newfoundland_gagnon",NA,"Margaree",5.6,"Margaree-218-2022-7",2022,7,24,47.5719295,-59.05899974,"Laminaria_solidungula","Random",0.25,0,NA,NA,NA
964,"sw_newfoundland_gagnon",NA,"Margaree",5.6,"Margaree-218-2022-7",2022,7,24,47.5719295,-59.05899974,"Saccharina_longicruris","Random",0.25,24,NA,NA,NA
965,"sw_newfoundland_gagnon",NA,"Margaree",5.6,"Margaree-218-2022-7",2022,7,24,47.5719295,-59.05899974,"Saccharina_latissima","Random",0.25,0,NA,NA,NA
966,"sw_newfoundland_gagnon",NA,"Margaree",5.6,"Margaree-218-2022-7",2022,7,24,47.5719295,-59.05899974,"Unidentified_kelp","Random",0.25,0,NA,NA,NA
967,"sw_newfoundland_gagnon",NA,"Margaree",6.4,"Margaree-219-2022-7",2022,7,24,47.57211801,-59.05938732,"Agarum_clathratum","Random",0.25,0,NA,NA,NA
968,"sw_newfoundland_gagnon",NA,"Margaree",6.4,"Margaree-219-2022-7",2022,7,24,47.57211801,-59.05938732,"Alaria_esculenta","Random",0.25,0,NA,NA,NA
969,"sw_newfoundland_gagnon",NA,"Margaree",6.4,"Margaree-219-2022-7",2022,7,24,47.57211801,-59.05938732,"Laminaria_digitata","Random",0.25,0,NA,NA,NA
970,"sw_newfoundland_gagnon",NA,"Margaree",6.4,"Margaree-219-2022-7",2022,7,24,47.57211801,-59.05938732,"Laminaria_solidungula","Random",0.25,0,NA,NA,NA
971,"sw_newfoundland_gagnon",NA,"Margaree",6.4,"Margaree-219-2022-7",2022,7,24,47.57211801,-59.05938732,"Saccharina_longicruris","Random",0.25,0,NA,NA,NA
972,"sw_newfoundland_gagnon",NA,"Margaree",6.4,"Margaree-219-2022-7",2022,7,24,47.57211801,-59.05938732,"Saccharina_latissima","Random",0.25,0,NA,NA,NA
973,"sw_newfoundland_gagnon",NA,"Margaree",6.4,"Margaree-219-2022-7",2022,7,24,47.57211801,-59.05938732,"Unidentified_kelp","Random",0.25,0,NA,NA,NA
974,"sw_newfoundland_gagnon",NA,"Margaree",5.8,"Margaree-220-2022-7",2022,7,24,47.5722822,-59.05977489,"Agarum_clathratum","Random",0.25,0,NA,NA,NA
975,"sw_newfoundland_gagnon",NA,"Margaree",5.8,"Margaree-220-2022-7",2022,7,24,47.5722822,-59.05977489,"Alaria_esculenta","Random",0.25,0,NA,NA,NA
976,"sw_newfoundland_gagnon",NA,"Margaree",5.8,"Margaree-220-2022-7",2022,7,24,47.5722822,-59.05977489,"Laminaria_digitata","Random",0.25,0,NA,NA,NA
977,"sw_newfoundland_gagnon",NA,"Margaree",5.8,"Margaree-220-2022-7",2022,7,24,47.5722822,-59.05977489,"Laminaria_solidungula","Random",0.25,0,NA,NA,NA
978,"sw_newfoundland_gagnon",NA,"Margaree",5.8,"Margaree-220-2022-7",2022,7,24,47.5722822,-59.05977489,"Saccharina_longicruris","Random",0.25,20,NA,NA,NA
979,"sw_newfoundland_gagnon",NA,"Margaree",5.8,"Margaree-220-2022-7",2022,7,24,47.5722822,-59.05977489,"Saccharina_latissima","Random",0.25,0,NA,NA,NA
980,"sw_newfoundland_gagnon",NA,"Margaree",5.8,"Margaree-220-2022-7",2022,7,24,47.5722822,-59.05977489,"Unidentified_kelp","Random",0.25,0,NA,NA,NA
981,"sw_newfoundland_gagnon",NA,"Margaree",2.5,"Margaree-221-2022-7",2022,7,24,47.57242814,-59.06010839,"Agarum_clathratum","Random",0.25,0,NA,NA,NA
982,"sw_newfoundland_gagnon",NA,"Margaree",2.5,"Margaree-221-2022-7",2022,7,24,47.57242814,-59.06010839,"Alaria_esculenta","Random",0.25,0,NA,NA,NA
983,"sw_newfoundland_gagnon",NA,"Margaree",2.5,"Margaree-221-2022-7",2022,7,24,47.57242814,-59.06010839,"Laminaria_digitata","Random",0.25,0,NA,NA,NA
984,"sw_newfoundland_gagnon",NA,"Margaree",2.5,"Margaree-221-2022-7",2022,7,24,47.57242814,-59.06010839,"Laminaria_solidungula","Random",0.25,0,NA,NA,NA
985,"sw_newfoundland_gagnon",NA,"Margaree",2.5,"Margaree-221-2022-7",2022,7,24,47.57242814,-59.06010839,"Saccharina_longicruris","Random",0.25,84,NA,NA,NA
986,"sw_newfoundland_gagnon",NA,"Margaree",2.5,"Margaree-221-2022-7",2022,7,24,47.57242814,-59.06010839,"Saccharina_latissima","Random",0.25,0,NA,NA,NA
987,"sw_newfoundland_gagnon",NA,"Margaree",2.5,"Margaree-221-2022-7",2022,7,24,47.57242814,-59.06010839,"Unidentified_kelp","Random",0.25,0,NA,NA,NA
988,"sw_newfoundland_gagnon",NA,"Margaree",3.7,"Margaree-222-2022-7",2022,7,24,47.57258625,-59.06060412,"Agarum_clathratum","Random",0.25,0,NA,NA,NA
989,"sw_newfoundland_gagnon",NA,"Margaree",3.7,"Margaree-222-2022-7",2022,7,24,47.57258625,-59.06060412,"Alaria_esculenta","Random",0.25,0,NA,NA,NA
990,"sw_newfoundland_gagnon",NA,"Margaree",3.7,"Margaree-222-2022-7",2022,7,24,47.57258625,-59.06060412,"Laminaria_digitata","Random",0.25,0,NA,NA,NA
991,"sw_newfoundland_gagnon",NA,"Margaree",3.7,"Margaree-222-2022-7",2022,7,24,47.57258625,-59.06060412,"Laminaria_solidungula","Random",0.25,0,NA,NA,NA
992,"sw_newfoundland_gagnon",NA,"Margaree",3.7,"Margaree-222-2022-7",2022,7,24,47.57258625,-59.06060412,"Saccharina_longicruris","Random",0.25,0,NA,NA,NA
993,"sw_newfoundland_gagnon",NA,"Margaree",3.7,"Margaree-222-2022-7",2022,7,24,47.57258625,-59.06060412,"Saccharina_latissima","Random",0.25,0,NA,NA,NA
994,"sw_newfoundland_gagnon",NA,"Margaree",3.7,"Margaree-222-2022-7",2022,7,24,47.57258625,-59.06060412,"Unidentified_kelp","Random",0.25,0,NA,NA,NA
995,"sw_newfoundland_gagnon",NA,"Margaree",2.9,"Margaree-223-2022-7",2022,7,24,47.57270178,-59.06083847,"Agarum_clathratum","Random",0.25,0,NA,NA,NA
996,"sw_newfoundland_gagnon",NA,"Margaree",2.9,"Margaree-223-2022-7",2022,7,24,47.57270178,-59.06083847,"Alaria_esculenta","Random",0.25,0,NA,NA,NA
997,"sw_newfoundland_gagnon",NA,"Margaree",2.9,"Margaree-223-2022-7",2022,7,24,47.57270178,-59.06083847,"Laminaria_digitata","Random",0.25,0,NA,NA,NA
998,"sw_newfoundland_gagnon",NA,"Margaree",2.9,"Margaree-223-2022-7",2022,7,24,47.57270178,-59.06083847,"Laminaria_solidungula","Random",0.25,0,NA,NA,NA
999,"sw_newfoundland_gagnon",NA,"Margaree",2.9,"Margaree-223-2022-7",2022,7,24,47.57270178,-59.06083847,"Saccharina_longicruris","Random",0.25,96,NA,NA,NA
1000,"sw_newfoundland_gagnon",NA,"Margaree",2.9,"Margaree-223-2022-7",2022,7,24,47.57270178,-59.06083847,"Saccharina_latissima","Random",0.25,0,NA,NA,NA
1001,"sw_newfoundland_gagnon",NA,"Margaree",2.9,"Margaree-223-2022-7",2022,7,24,47.57270178,-59.06083847,"Unidentified_kelp","Random",0.25,0,NA,NA,NA
1002,"sw_newfoundland_gagnon",NA,"Margaree",2.2,"Margaree-224-2022-7",2022,7,24,47.57281732,-59.06100972,"Agarum_clathratum","Random",0.25,0,NA,NA,NA
1003,"sw_newfoundland_gagnon",NA,"Margaree",2.2,"Margaree-224-2022-7",2022,7,24,47.57281732,-59.06100972,"Alaria_esculenta","Random",0.25,0,NA,NA,NA
1004,"sw_newfoundland_gagnon",NA,"Margaree",2.2,"Margaree-224-2022-7",2022,7,24,47.57281732,-59.06100972,"Laminaria_digitata","Random",0.25,0,NA,NA,NA
1005,"sw_newfoundland_gagnon",NA,"Margaree",2.2,"Margaree-224-2022-7",2022,7,24,47.57281732,-59.06100972,"Laminaria_solidungula","Random",0.25,0,NA,NA,NA
1006,"sw_newfoundland_gagnon",NA,"Margaree",2.2,"Margaree-224-2022-7",2022,7,24,47.57281732,-59.06100972,"Saccharina_longicruris","Random",0.25,96,NA,NA,NA
1007,"sw_newfoundland_gagnon",NA,"Margaree",2.2,"Margaree-224-2022-7",2022,7,24,47.57281732,-59.06100972,"Saccharina_latissima","Random",0.25,0,NA,NA,NA
1008,"sw_newfoundland_gagnon",NA,"Margaree",2.2,"Margaree-224-2022-7",2022,7,24,47.57281732,-59.06100972,"Unidentified_kelp","Random",0.25,0,NA,NA,NA
1009,"sw_newfoundland_gagnon",NA,"Margaree",2.3,"Margaree-225-2022-7",2022,7,24,47.57296326,-59.06115394,"Agarum_clathratum","Random",0.25,0,NA,NA,NA
1010,"sw_newfoundland_gagnon",NA,"Margaree",2.3,"Margaree-225-2022-7",2022,7,24,47.57296326,-59.06115394,"Alaria_esculenta","Random",0.25,0,NA,NA,NA
1011,"sw_newfoundland_gagnon",NA,"Margaree",2.3,"Margaree-225-2022-7",2022,7,24,47.57296326,-59.06115394,"Laminaria_digitata","Random",0.25,0,NA,NA,NA
1012,"sw_newfoundland_gagnon",NA,"Margaree",2.3,"Margaree-225-2022-7",2022,7,24,47.57296326,-59.06115394,"Laminaria_solidungula","Random",0.25,0,NA,NA,NA
1013,"sw_newfoundland_gagnon",NA,"Margaree",2.3,"Margaree-225-2022-7",2022,7,24,47.57296326,-59.06115394,"Saccharina_longicruris","Random",0.25,96,NA,NA,NA
1014,"sw_newfoundland_gagnon",NA,"Margaree",2.3,"Margaree-225-2022-7",2022,7,24,47.57296326,-59.06115394,"Saccharina_latissima","Random",0.25,0,NA,NA,NA
1015,"sw_newfoundland_gagnon",NA,"Margaree",2.3,"Margaree-225-2022-7",2022,7,24,47.57296326,-59.06115394,"Unidentified_kelp","Random",0.25,0,NA,NA,NA
1016,"sw_newfoundland_gagnon",NA,"Margaree",2.6,"Margaree-226-2022-7",2022,7,24,47.57310312,-59.06098268,"Agarum_clathratum","Random",0.25,0,NA,NA,NA
1017,"sw_newfoundland_gagnon",NA,"Margaree",2.6,"Margaree-226-2022-7",2022,7,24,47.57310312,-59.06098268,"Alaria_esculenta","Random",0.25,0,NA,NA,NA
1018,"sw_newfoundland_gagnon",NA,"Margaree",2.6,"Margaree-226-2022-7",2022,7,24,47.57310312,-59.06098268,"Laminaria_digitata","Random",0.25,0,NA,NA,NA
1019,"sw_newfoundland_gagnon",NA,"Margaree",2.6,"Margaree-226-2022-7",2022,7,24,47.57310312,-59.06098268,"Laminaria_solidungula","Random",0.25,0,NA,NA,NA
1020,"sw_newfoundland_gagnon",NA,"Margaree",2.6,"Margaree-226-2022-7",2022,7,24,47.57310312,-59.06098268,"Saccharina_longicruris","Random",0.25,36,NA,NA,NA
1021,"sw_newfoundland_gagnon",NA,"Margaree",2.6,"Margaree-226-2022-7",2022,7,24,47.57310312,-59.06098268,"Saccharina_latissima","Random",0.25,0,NA,NA,NA
1022,"sw_newfoundland_gagnon",NA,"Margaree",2.6,"Margaree-226-2022-7",2022,7,24,47.57310312,-59.06098268,"Unidentified_kelp","Random",0.25,0,NA,NA,NA
1023,"sw_newfoundland_gagnon",NA,"Margaree",2.2,"Margaree-227-2022-7",2022,7,24,47.57268962,-59.06108183,"Agarum_clathratum","Random",0.25,0,NA,NA,NA
1024,"sw_newfoundland_gagnon",NA,"Margaree",2.2,"Margaree-227-2022-7",2022,7,24,47.57268962,-59.06108183,"Alaria_esculenta","Random",0.25,0,NA,NA,NA
1025,"sw_newfoundland_gagnon",NA,"Margaree",2.2,"Margaree-227-2022-7",2022,7,24,47.57268962,-59.06108183,"Laminaria_digitata","Random",0.25,0,NA,NA,NA
1026,"sw_newfoundland_gagnon",NA,"Margaree",2.2,"Margaree-227-2022-7",2022,7,24,47.57268962,-59.06108183,"Laminaria_solidungula","Random",0.25,0,NA,NA,NA
1027,"sw_newfoundland_gagnon",NA,"Margaree",2.2,"Margaree-227-2022-7",2022,7,24,47.57268962,-59.06108183,"Saccharina_longicruris","Random",0.25,100,NA,NA,NA
1028,"sw_newfoundland_gagnon",NA,"Margaree",2.2,"Margaree-227-2022-7",2022,7,24,47.57268962,-59.06108183,"Saccharina_latissima","Random",0.25,0,NA,NA,NA
1029,"sw_newfoundland_gagnon",NA,"Margaree",2.2,"Margaree-227-2022-7",2022,7,24,47.57268962,-59.06108183,"Unidentified_kelp","Random",0.25,0,NA,NA,NA
1030,"sw_newfoundland_gagnon",NA,"Margaree",3.3,"Margaree-228-2022-7",2022,7,24,47.57245247,-59.06108183,"Agarum_clathratum","Random",0.25,0,NA,NA,NA
1031,"sw_newfoundland_gagnon",NA,"Margaree",3.3,"Margaree-228-2022-7",2022,7,24,47.57245247,-59.06108183,"Alaria_esculenta","Random",0.25,0,NA,NA,NA
1032,"sw_newfoundland_gagnon",NA,"Margaree",3.3,"Margaree-228-2022-7",2022,7,24,47.57245247,-59.06108183,"Laminaria_digitata","Random",0.25,0,NA,NA,NA
1033,"sw_newfoundland_gagnon",NA,"Margaree",3.3,"Margaree-228-2022-7",2022,7,24,47.57245247,-59.06108183,"Laminaria_solidungula","Random",0.25,0,NA,NA,NA
1034,"sw_newfoundland_gagnon",NA,"Margaree",3.3,"Margaree-228-2022-7",2022,7,24,47.57245247,-59.06108183,"Saccharina_longicruris","Random",0.25,24,NA,NA,NA
1035,"sw_newfoundland_gagnon",NA,"Margaree",3.3,"Margaree-228-2022-7",2022,7,24,47.57245247,-59.06108183,"Saccharina_latissima","Random",0.25,0,NA,NA,NA
1036,"sw_newfoundland_gagnon",NA,"Margaree",3.3,"Margaree-228-2022-7",2022,7,24,47.57245247,-59.06108183,"Unidentified_kelp","Random",0.25,0,NA,NA,NA
1037,"sw_newfoundland_gagnon",NA,"Margaree",4.5,"Margaree-229-2022-7",2022,7,24,47.57220315,-59.06093762,"Agarum_clathratum","Random",0.25,0,NA,NA,NA
1038,"sw_newfoundland_gagnon",NA,"Margaree",4.5,"Margaree-229-2022-7",2022,7,24,47.57220315,-59.06093762,"Alaria_esculenta","Random",0.25,0,NA,NA,NA
1039,"sw_newfoundland_gagnon",NA,"Margaree",4.5,"Margaree-229-2022-7",2022,7,24,47.57220315,-59.06093762,"Laminaria_digitata","Random",0.25,0,NA,NA,NA
1040,"sw_newfoundland_gagnon",NA,"Margaree",4.5,"Margaree-229-2022-7",2022,7,24,47.57220315,-59.06093762,"Laminaria_solidungula","Random",0.25,0,NA,NA,NA
1041,"sw_newfoundland_gagnon",NA,"Margaree",4.5,"Margaree-229-2022-7",2022,7,24,47.57220315,-59.06093762,"Saccharina_longicruris","Random",0.25,100,NA,NA,NA
1042,"sw_newfoundland_gagnon",NA,"Margaree",4.5,"Margaree-229-2022-7",2022,7,24,47.57220315,-59.06093762,"Saccharina_latissima","Random",0.25,0,NA,NA,NA
1043,"sw_newfoundland_gagnon",NA,"Margaree",4.5,"Margaree-229-2022-7",2022,7,24,47.57220315,-59.06093762,"Unidentified_kelp","Random",0.25,0,NA,NA,NA
1044,"sw_newfoundland_gagnon",NA,"Margaree",7.9,"Margaree-230-2022-7",2022,7,24,47.57204504,-59.06041484,"Agarum_clathratum","Random",0.25,0,NA,NA,NA
1045,"sw_newfoundland_gagnon",NA,"Margaree",7.9,"Margaree-230-2022-7",2022,7,24,47.57204504,-59.06041484,"Alaria_esculenta","Random",0.25,0,NA,NA,NA
1046,"sw_newfoundland_gagnon",NA,"Margaree",7.9,"Margaree-230-2022-7",2022,7,24,47.57204504,-59.06041484,"Laminaria_digitata","Random",0.25,0,NA,NA,NA
1047,"sw_newfoundland_gagnon",NA,"Margaree",7.9,"Margaree-230-2022-7",2022,7,24,47.57204504,-59.06041484,"Laminaria_solidungula","Random",0.25,0,NA,NA,NA
1048,"sw_newfoundland_gagnon",NA,"Margaree",7.9,"Margaree-230-2022-7",2022,7,24,47.57204504,-59.06041484,"Saccharina_longicruris","Random",0.25,64,NA,NA,NA
1049,"sw_newfoundland_gagnon",NA,"Margaree",7.9,"Margaree-230-2022-7",2022,7,24,47.57204504,-59.06041484,"Saccharina_latissima","Random",0.25,0,NA,NA,NA
1050,"sw_newfoundland_gagnon",NA,"Margaree",7.9,"Margaree-230-2022-7",2022,7,24,47.57204504,-59.06041484,"Unidentified_kelp","Random",0.25,0,NA,NA,NA
1051,"sw_newfoundland_gagnon",NA,"Margaree",9,"Margaree-231-2022-7",2022,7,24,47.57191734,-59.05993713,"Agarum_clathratum","Random",0.25,16,NA,NA,NA
1052,"sw_newfoundland_gagnon",NA,"Margaree",9,"Margaree-231-2022-7",2022,7,24,47.57191734,-59.05993713,"Alaria_esculenta","Random",0.25,0,NA,NA,NA
1053,"sw_newfoundland_gagnon",NA,"Margaree",9,"Margaree-231-2022-7",2022,7,24,47.57191734,-59.05993713,"Laminaria_digitata","Random",0.25,0,NA,NA,NA
1054,"sw_newfoundland_gagnon",NA,"Margaree",9,"Margaree-231-2022-7",2022,7,24,47.57191734,-59.05993713,"Laminaria_solidungula","Random",0.25,0,NA,NA,NA
1055,"sw_newfoundland_gagnon",NA,"Margaree",9,"Margaree-231-2022-7",2022,7,24,47.57191734,-59.05993713,"Saccharina_longicruris","Random",0.25,4,NA,NA,NA
1056,"sw_newfoundland_gagnon",NA,"Margaree",9,"Margaree-231-2022-7",2022,7,24,47.57191734,-59.05993713,"Saccharina_latissima","Random",0.25,0,NA,NA,NA
1057,"sw_newfoundland_gagnon",NA,"Margaree",9,"Margaree-231-2022-7",2022,7,24,47.57191734,-59.05993713,"Unidentified_kelp","Random",0.25,0,NA,NA,NA
1058,"sw_newfoundland_gagnon",NA,"Margaree",10.5,"Margaree-232-2022-7",2022,7,24,47.57178356,-59.05958561,"Agarum_clathratum","Random",0.25,0,NA,NA,NA
1059,"sw_newfoundland_gagnon",NA,"Margaree",10.5,"Margaree-232-2022-7",2022,7,24,47.57178356,-59.05958561,"Alaria_esculenta","Random",0.25,0,NA,NA,NA
1060,"sw_newfoundland_gagnon",NA,"Margaree",10.5,"Margaree-232-2022-7",2022,7,24,47.57178356,-59.05958561,"Laminaria_digitata","Random",0.25,0,NA,NA,NA
1061,"sw_newfoundland_gagnon",NA,"Margaree",10.5,"Margaree-232-2022-7",2022,7,24,47.57178356,-59.05958561,"Laminaria_solidungula","Random",0.25,0,NA,NA,NA
1062,"sw_newfoundland_gagnon",NA,"Margaree",10.5,"Margaree-232-2022-7",2022,7,24,47.57178356,-59.05958561,"Saccharina_longicruris","Random",0.25,8,NA,NA,NA
1063,"sw_newfoundland_gagnon",NA,"Margaree",10.5,"Margaree-232-2022-7",2022,7,24,47.57178356,-59.05958561,"Saccharina_latissima","Random",0.25,0,NA,NA,NA
1064,"sw_newfoundland_gagnon",NA,"Margaree",10.5,"Margaree-232-2022-7",2022,7,24,47.57178356,-59.05958561,"Unidentified_kelp","Random",0.25,0,NA,NA,NA
1065,"sw_newfoundland_gagnon",NA,"Margaree",8.9,"Margaree-233-2022-7",2022,7,24,47.57165586,-59.05932422,"Agarum_clathratum","Random",0.25,0,NA,NA,NA
1066,"sw_newfoundland_gagnon",NA,"Margaree",8.9,"Margaree-233-2022-7",2022,7,24,47.57165586,-59.05932422,"Alaria_esculenta","Random",0.25,0,NA,NA,NA
1067,"sw_newfoundland_gagnon",NA,"Margaree",8.9,"Margaree-233-2022-7",2022,7,24,47.57165586,-59.05932422,"Laminaria_digitata","Random",0.25,0,NA,NA,NA
1068,"sw_newfoundland_gagnon",NA,"Margaree",8.9,"Margaree-233-2022-7",2022,7,24,47.57165586,-59.05932422,"Laminaria_solidungula","Random",0.25,0,NA,NA,NA
1069,"sw_newfoundland_gagnon",NA,"Margaree",8.9,"Margaree-233-2022-7",2022,7,24,47.57165586,-59.05932422,"Saccharina_longicruris","Random",0.25,0,NA,NA,NA
1070,"sw_newfoundland_gagnon",NA,"Margaree",8.9,"Margaree-233-2022-7",2022,7,24,47.57165586,-59.05932422,"Saccharina_latissima","Random",0.25,0,NA,NA,NA
1071,"sw_newfoundland_gagnon",NA,"Margaree",8.9,"Margaree-233-2022-7",2022,7,24,47.57165586,-59.05932422,"Unidentified_kelp","Random",0.25,0,NA,NA,NA
1072,"sw_newfoundland_gagnon",NA,"Margaree",7.1,"Margaree-234-2022-7",2022,7,24,47.57154032,-59.05908086,"Agarum_clathratum","Random",0.25,0,NA,NA,NA
1073,"sw_newfoundland_gagnon",NA,"Margaree",7.1,"Margaree-234-2022-7",2022,7,24,47.57154032,-59.05908086,"Alaria_esculenta","Random",0.25,0,NA,NA,NA
1074,"sw_newfoundland_gagnon",NA,"Margaree",7.1,"Margaree-234-2022-7",2022,7,24,47.57154032,-59.05908086,"Laminaria_digitata","Random",0.25,0,NA,NA,NA
1075,"sw_newfoundland_gagnon",NA,"Margaree",7.1,"Margaree-234-2022-7",2022,7,24,47.57154032,-59.05908086,"Laminaria_solidungula","Random",0.25,0,NA,NA,NA
1076,"sw_newfoundland_gagnon",NA,"Margaree",7.1,"Margaree-234-2022-7",2022,7,24,47.57154032,-59.05908086,"Saccharina_longicruris","Random",0.25,76,NA,NA,NA
1077,"sw_newfoundland_gagnon",NA,"Margaree",7.1,"Margaree-234-2022-7",2022,7,24,47.57154032,-59.05908086,"Saccharina_latissima","Random",0.25,0,NA,NA,NA
1078,"sw_newfoundland_gagnon",NA,"Margaree",7.1,"Margaree-234-2022-7",2022,7,24,47.57154032,-59.05908086,"Unidentified_kelp","Random",0.25,0,NA,NA,NA
1079,"sw_newfoundland_gagnon",NA,"Margaree",6.4,"Margaree-235-2022-7",2022,7,24,47.57137613,-59.05874737,"Agarum_clathratum","Random",0.25,0,NA,NA,NA
1080,"sw_newfoundland_gagnon",NA,"Margaree",6.4,"Margaree-235-2022-7",2022,7,24,47.57137613,-59.05874737,"Alaria_esculenta","Random",0.25,0,NA,NA,NA
1081,"sw_newfoundland_gagnon",NA,"Margaree",6.4,"Margaree-235-2022-7",2022,7,24,47.57137613,-59.05874737,"Laminaria_digitata","Random",0.25,0,NA,NA,NA
1082,"sw_newfoundland_gagnon",NA,"Margaree",6.4,"Margaree-235-2022-7",2022,7,24,47.57137613,-59.05874737,"Laminaria_solidungula","Random",0.25,0,NA,NA,NA
1083,"sw_newfoundland_gagnon",NA,"Margaree",6.4,"Margaree-235-2022-7",2022,7,24,47.57137613,-59.05874737,"Saccharina_longicruris","Random",0.25,0,NA,NA,NA
1084,"sw_newfoundland_gagnon",NA,"Margaree",6.4,"Margaree-235-2022-7",2022,7,24,47.57137613,-59.05874737,"Saccharina_latissima","Random",0.25,0,NA,NA,NA
1085,"sw_newfoundland_gagnon",NA,"Margaree",6.4,"Margaree-235-2022-7",2022,7,24,47.57137613,-59.05874737,"Unidentified_kelp","Random",0.25,0,NA,NA,NA
1086,"sw_newfoundland_gagnon",NA,"Margaree",4.9,"Margaree-236-2022-7",2022,7,24,47.57121802,-59.05916198,"Agarum_clathratum","Random",0.25,0,NA,NA,NA
1087,"sw_newfoundland_gagnon",NA,"Margaree",4.9,"Margaree-236-2022-7",2022,7,24,47.57121802,-59.05916198,"Alaria_esculenta","Random",0.25,0,NA,NA,NA
1088,"sw_newfoundland_gagnon",NA,"Margaree",4.9,"Margaree-236-2022-7",2022,7,24,47.57121802,-59.05916198,"Laminaria_digitata","Random",0.25,0,NA,NA,NA
1089,"sw_newfoundland_gagnon",NA,"Margaree",4.9,"Margaree-236-2022-7",2022,7,24,47.57121802,-59.05916198,"Laminaria_solidungula","Random",0.25,0,NA,NA,NA
1090,"sw_newfoundland_gagnon",NA,"Margaree",4.9,"Margaree-236-2022-7",2022,7,24,47.57121802,-59.05916198,"Saccharina_longicruris","Random",0.25,68,NA,NA,NA
1091,"sw_newfoundland_gagnon",NA,"Margaree",4.9,"Margaree-236-2022-7",2022,7,24,47.57121802,-59.05916198,"Saccharina_latissima","Random",0.25,0,NA,NA,NA
1092,"sw_newfoundland_gagnon",NA,"Margaree",4.9,"Margaree-236-2022-7",2022,7,24,47.57121802,-59.05916198,"Unidentified_kelp","Random",0.25,0,NA,NA,NA
1093,"sw_newfoundland_gagnon",NA,"Margaree",6,"Margaree-237-2022-7",2022,7,24,47.57138829,-59.05948646,"Agarum_clathratum","Random",0.25,12,NA,NA,NA
1094,"sw_newfoundland_gagnon",NA,"Margaree",6,"Margaree-237-2022-7",2022,7,24,47.57138829,-59.05948646,"Alaria_esculenta","Random",0.25,0,NA,NA,NA
1095,"sw_newfoundland_gagnon",NA,"Margaree",6,"Margaree-237-2022-7",2022,7,24,47.57138829,-59.05948646,"Laminaria_digitata","Random",0.25,0,NA,NA,NA
1096,"sw_newfoundland_gagnon",NA,"Margaree",6,"Margaree-237-2022-7",2022,7,24,47.57138829,-59.05948646,"Laminaria_solidungula","Random",0.25,0,NA,NA,NA
1097,"sw_newfoundland_gagnon",NA,"Margaree",6,"Margaree-237-2022-7",2022,7,24,47.57138829,-59.05948646,"Saccharina_longicruris","Random",0.25,68,NA,NA,NA
1098,"sw_newfoundland_gagnon",NA,"Margaree",6,"Margaree-237-2022-7",2022,7,24,47.57138829,-59.05948646,"Saccharina_latissima","Random",0.25,0,NA,NA,NA
1099,"sw_newfoundland_gagnon",NA,"Margaree",6,"Margaree-237-2022-7",2022,7,24,47.57138829,-59.05948646,"Unidentified_kelp","Random",0.25,0,NA,NA,NA
1100,"sw_newfoundland_gagnon",NA,"Margaree",8.3,"Margaree-238-2022-7",2022,7,24,47.57153424,-59.05979292,"Agarum_clathratum","Random",0.25,0,NA,NA,NA
1101,"sw_newfoundland_gagnon",NA,"Margaree",8.3,"Margaree-238-2022-7",2022,7,24,47.57153424,-59.05979292,"Alaria_esculenta","Random",0.25,0,NA,NA,NA
1102,"sw_newfoundland_gagnon",NA,"Margaree",8.3,"Margaree-238-2022-7",2022,7,24,47.57153424,-59.05979292,"Laminaria_digitata","Random",0.25,0,NA,NA,NA
1103,"sw_newfoundland_gagnon",NA,"Margaree",8.3,"Margaree-238-2022-7",2022,7,24,47.57153424,-59.05979292,"Laminaria_solidungula","Random",0.25,0,NA,NA,NA
1104,"sw_newfoundland_gagnon",NA,"Margaree",8.3,"Margaree-238-2022-7",2022,7,24,47.57153424,-59.05979292,"Saccharina_longicruris","Random",0.25,100,NA,NA,NA
1105,"sw_newfoundland_gagnon",NA,"Margaree",8.3,"Margaree-238-2022-7",2022,7,24,47.57153424,-59.05979292,"Saccharina_latissima","Random",0.25,0,NA,NA,NA
1106,"sw_newfoundland_gagnon",NA,"Margaree",8.3,"Margaree-238-2022-7",2022,7,24,47.57153424,-59.05979292,"Unidentified_kelp","Random",0.25,0,NA,NA,NA
1107,"sw_newfoundland_gagnon",NA,"Margaree",10.4,"Margaree-239-2022-7",2022,7,24,47.57168018,-59.06018951,"Agarum_clathratum","Random",0.25,0,NA,NA,NA
1108,"sw_newfoundland_gagnon",NA,"Margaree",10.4,"Margaree-239-2022-7",2022,7,24,47.57168018,-59.06018951,"Alaria_esculenta","Random",0.25,0,NA,NA,NA
1109,"sw_newfoundland_gagnon",NA,"Margaree",10.4,"Margaree-239-2022-7",2022,7,24,47.57168018,-59.06018951,"Laminaria_digitata","Random",0.25,0,NA,NA,NA
1110,"sw_newfoundland_gagnon",NA,"Margaree",10.4,"Margaree-239-2022-7",2022,7,24,47.57168018,-59.06018951,"Laminaria_solidungula","Random",0.25,0,NA,NA,NA
1111,"sw_newfoundland_gagnon",NA,"Margaree",10.4,"Margaree-239-2022-7",2022,7,24,47.57168018,-59.06018951,"Saccharina_longicruris","Random",0.25,0,NA,NA,NA
1112,"sw_newfoundland_gagnon",NA,"Margaree",10.4,"Margaree-239-2022-7",2022,7,24,47.57168018,-59.06018951,"Saccharina_latissima","Random",0.25,0,NA,NA,NA
1113,"sw_newfoundland_gagnon",NA,"Margaree",10.4,"Margaree-239-2022-7",2022,7,24,47.57168018,-59.06018951,"Unidentified_kelp","Random",0.25,0,NA,NA,NA
1114,"sw_newfoundland_gagnon",NA,"Margaree",8.6,"Margaree-240-2022-7",2022,7,24,47.5718018,-59.06059511,"Agarum_clathratum","Random",0.25,0,NA,NA,NA
1115,"sw_newfoundland_gagnon",NA,"Margaree",8.6,"Margaree-240-2022-7",2022,7,24,47.5718018,-59.06059511,"Alaria_esculenta","Random",0.25,0,NA,NA,NA
1116,"sw_newfoundland_gagnon",NA,"Margaree",8.6,"Margaree-240-2022-7",2022,7,24,47.5718018,-59.06059511,"Laminaria_digitata","Random",0.25,0,NA,NA,NA
1117,"sw_newfoundland_gagnon",NA,"Margaree",8.6,"Margaree-240-2022-7",2022,7,24,47.5718018,-59.06059511,"Laminaria_solidungula","Random",0.25,0,NA,NA,NA
1118,"sw_newfoundland_gagnon",NA,"Margaree",8.6,"Margaree-240-2022-7",2022,7,24,47.5718018,-59.06059511,"Saccharina_longicruris","Random",0.25,8,NA,NA,NA
1119,"sw_newfoundland_gagnon",NA,"Margaree",8.6,"Margaree-240-2022-7",2022,7,24,47.5718018,-59.06059511,"Saccharina_latissima","Random",0.25,0,NA,NA,NA
1120,"sw_newfoundland_gagnon",NA,"Margaree",8.6,"Margaree-240-2022-7",2022,7,24,47.5718018,-59.06059511,"Unidentified_kelp","Random",0.25,0,NA,NA,NA
1121,"sw_newfoundland_gagnon",NA,"Margaree",4.3,"Margaree-241-2022-7",2022,7,24,47.57200247,-59.06090156,"Agarum_clathratum","Random",0.25,0,NA,NA,NA
1122,"sw_newfoundland_gagnon",NA,"Margaree",4.3,"Margaree-241-2022-7",2022,7,24,47.57200247,-59.06090156,"Alaria_esculenta","Random",0.25,0,NA,NA,NA
1123,"sw_newfoundland_gagnon",NA,"Margaree",4.3,"Margaree-241-2022-7",2022,7,24,47.57200247,-59.06090156,"Laminaria_digitata","Random",0.25,0,NA,NA,NA
1124,"sw_newfoundland_gagnon",NA,"Margaree",4.3,"Margaree-241-2022-7",2022,7,24,47.57200247,-59.06090156,"Laminaria_solidungula","Random",0.25,0,NA,NA,NA
1125,"sw_newfoundland_gagnon",NA,"Margaree",4.3,"Margaree-241-2022-7",2022,7,24,47.57200247,-59.06090156,"Saccharina_longicruris","Random",0.25,92,NA,NA,NA
1126,"sw_newfoundland_gagnon",NA,"Margaree",4.3,"Margaree-241-2022-7",2022,7,24,47.57200247,-59.06090156,"Saccharina_latissima","Random",0.25,0,NA,NA,NA
1127,"sw_newfoundland_gagnon",NA,"Margaree",4.3,"Margaree-241-2022-7",2022,7,24,47.57200247,-59.06090156,"Unidentified_kelp","Random",0.25,0,NA,NA,NA
1128,"sw_newfoundland_gagnon",NA,"Margaree",5.6,"Margaree-242-2022-7",2022,7,24,47.57189302,-59.06130717,"Agarum_clathratum","Random",0.25,0,NA,NA,NA
1129,"sw_newfoundland_gagnon",NA,"Margaree",5.6,"Margaree-242-2022-7",2022,7,24,47.57189302,-59.06130717,"Alaria_esculenta","Random",0.25,0,NA,NA,NA
1130,"sw_newfoundland_gagnon",NA,"Margaree",5.6,"Margaree-242-2022-7",2022,7,24,47.57189302,-59.06130717,"Laminaria_digitata","Random",0.25,0,NA,NA,NA
1131,"sw_newfoundland_gagnon",NA,"Margaree",5.6,"Margaree-242-2022-7",2022,7,24,47.57189302,-59.06130717,"Laminaria_solidungula","Random",0.25,0,NA,NA,NA
1132,"sw_newfoundland_gagnon",NA,"Margaree",5.6,"Margaree-242-2022-7",2022,7,24,47.57189302,-59.06130717,"Saccharina_longicruris","Random",0.25,0,NA,NA,NA
1133,"sw_newfoundland_gagnon",NA,"Margaree",5.6,"Margaree-242-2022-7",2022,7,24,47.57189302,-59.06130717,"Saccharina_latissima","Random",0.25,0,NA,NA,NA
1134,"sw_newfoundland_gagnon",NA,"Margaree",5.6,"Margaree-242-2022-7",2022,7,24,47.57189302,-59.06130717,"Unidentified_kelp","Random",0.25,0,NA,NA,NA
1135,"sw_newfoundland_gagnon",NA,"Margaree",6.2,"Margaree-243-2022-7",2022,7,24,47.57174099,-59.06171277,"Agarum_clathratum","Random",0.25,0,NA,NA,NA
1136,"sw_newfoundland_gagnon",NA,"Margaree",6.2,"Margaree-243-2022-7",2022,7,24,47.57174099,-59.06171277,"Alaria_esculenta","Random",0.25,0,NA,NA,NA
1137,"sw_newfoundland_gagnon",NA,"Margaree",6.2,"Margaree-243-2022-7",2022,7,24,47.57174099,-59.06171277,"Laminaria_digitata","Random",0.25,0,NA,NA,NA
1138,"sw_newfoundland_gagnon",NA,"Margaree",6.2,"Margaree-243-2022-7",2022,7,24,47.57174099,-59.06171277,"Laminaria_solidungula","Random",0.25,0,NA,NA,NA
1139,"sw_newfoundland_gagnon",NA,"Margaree",6.2,"Margaree-243-2022-7",2022,7,24,47.57174099,-59.06171277,"Saccharina_longicruris","Random",0.25,0,NA,NA,NA
1140,"sw_newfoundland_gagnon",NA,"Margaree",6.2,"Margaree-243-2022-7",2022,7,24,47.57174099,-59.06171277,"Saccharina_latissima","Random",0.25,0,NA,NA,NA
1141,"sw_newfoundland_gagnon",NA,"Margaree",6.2,"Margaree-243-2022-7",2022,7,24,47.57174099,-59.06171277,"Unidentified_kelp","Random",0.25,0,NA,NA,NA
1142,"sw_newfoundland_gagnon",NA,"Margaree",5.3,"Margaree-244-2022-7",2022,7,24,47.57176532,-59.06219949,"Agarum_clathratum","Random",0.25,0,NA,NA,NA
1143,"sw_newfoundland_gagnon",NA,"Margaree",5.3,"Margaree-244-2022-7",2022,7,24,47.57176532,-59.06219949,"Alaria_esculenta","Random",0.25,0,NA,NA,NA
1144,"sw_newfoundland_gagnon",NA,"Margaree",5.3,"Margaree-244-2022-7",2022,7,24,47.57176532,-59.06219949,"Laminaria_digitata","Random",0.25,0,NA,NA,NA
1145,"sw_newfoundland_gagnon",NA,"Margaree",5.3,"Margaree-244-2022-7",2022,7,24,47.57176532,-59.06219949,"Laminaria_solidungula","Random",0.25,0,NA,NA,NA
1146,"sw_newfoundland_gagnon",NA,"Margaree",5.3,"Margaree-244-2022-7",2022,7,24,47.57176532,-59.06219949,"Saccharina_longicruris","Random",0.25,80,NA,NA,NA
1147,"sw_newfoundland_gagnon",NA,"Margaree",5.3,"Margaree-244-2022-7",2022,7,24,47.57176532,-59.06219949,"Saccharina_latissima","Random",0.25,0,NA,NA,NA
1148,"sw_newfoundland_gagnon",NA,"Margaree",5.3,"Margaree-244-2022-7",2022,7,24,47.57176532,-59.06219949,"Unidentified_kelp","Random",0.25,0,NA,NA,NA
1149,"sw_newfoundland_gagnon",NA,"Margaree",6.8,"Margaree-245-2022-7",2022,7,24,47.57175315,-59.06263213,"Agarum_clathratum","Random",0.25,0,NA,NA,NA
1150,"sw_newfoundland_gagnon",NA,"Margaree",6.8,"Margaree-245-2022-7",2022,7,24,47.57175315,-59.06263213,"Alaria_esculenta","Random",0.25,0,NA,NA,NA
1151,"sw_newfoundland_gagnon",NA,"Margaree",6.8,"Margaree-245-2022-7",2022,7,24,47.57175315,-59.06263213,"Laminaria_digitata","Random",0.25,0,NA,NA,NA
1152,"sw_newfoundland_gagnon",NA,"Margaree",6.8,"Margaree-245-2022-7",2022,7,24,47.57175315,-59.06263213,"Laminaria_solidungula","Random",0.25,0,NA,NA,NA
1153,"sw_newfoundland_gagnon",NA,"Margaree",6.8,"Margaree-245-2022-7",2022,7,24,47.57175315,-59.06263213,"Saccharina_longicruris","Random",0.25,0,NA,NA,NA
1154,"sw_newfoundland_gagnon",NA,"Margaree",6.8,"Margaree-245-2022-7",2022,7,24,47.57175315,-59.06263213,"Saccharina_latissima","Random",0.25,0,NA,NA,NA
1155,"sw_newfoundland_gagnon",NA,"Margaree",6.8,"Margaree-245-2022-7",2022,7,24,47.57175315,-59.06263213,"Unidentified_kelp","Random",0.25,0,NA,NA,NA
1156,"sw_newfoundland_gagnon",NA,"Margaree",4.1,"Margaree-246-2022-7",2022,7,24,47.57194166,-59.06256904,"Agarum_clathratum","Random",0.25,0,NA,NA,NA
1157,"sw_newfoundland_gagnon",NA,"Margaree",4.1,"Margaree-246-2022-7",2022,7,24,47.57194166,-59.06256904,"Alaria_esculenta","Random",0.25,0,NA,NA,NA
1158,"sw_newfoundland_gagnon",NA,"Margaree",4.1,"Margaree-246-2022-7",2022,7,24,47.57194166,-59.06256904,"Laminaria_digitata","Random",0.25,0,NA,NA,NA
1159,"sw_newfoundland_gagnon",NA,"Margaree",4.1,"Margaree-246-2022-7",2022,7,24,47.57194166,-59.06256904,"Laminaria_solidungula","Random",0.25,0,NA,NA,NA
1160,"sw_newfoundland_gagnon",NA,"Margaree",4.1,"Margaree-246-2022-7",2022,7,24,47.57194166,-59.06256904,"Saccharina_longicruris","Random",0.25,72,NA,NA,NA
1161,"sw_newfoundland_gagnon",NA,"Margaree",4.1,"Margaree-246-2022-7",2022,7,24,47.57194166,-59.06256904,"Saccharina_latissima","Random",0.25,0,NA,NA,NA
1162,"sw_newfoundland_gagnon",NA,"Margaree",4.1,"Margaree-246-2022-7",2022,7,24,47.57194166,-59.06256904,"Unidentified_kelp","Random",0.25,0,NA,NA,NA
1163,"sw_newfoundland_gagnon",NA,"Margaree",5.5,"Margaree-247-2022-7",2022,7,24,47.5720572,-59.06196514,"Agarum_clathratum","Random",0.25,0,NA,NA,NA
1164,"sw_newfoundland_gagnon",NA,"Margaree",5.5,"Margaree-247-2022-7",2022,7,24,47.5720572,-59.06196514,"Alaria_esculenta","Random",0.25,0,NA,NA,NA
1165,"sw_newfoundland_gagnon",NA,"Margaree",5.5,"Margaree-247-2022-7",2022,7,24,47.5720572,-59.06196514,"Laminaria_digitata","Random",0.25,0,NA,NA,NA
1166,"sw_newfoundland_gagnon",NA,"Margaree",5.5,"Margaree-247-2022-7",2022,7,24,47.5720572,-59.06196514,"Laminaria_solidungula","Random",0.25,0,NA,NA,NA
1167,"sw_newfoundland_gagnon",NA,"Margaree",5.5,"Margaree-247-2022-7",2022,7,24,47.5720572,-59.06196514,"Saccharina_longicruris","Random",0.25,92,NA,NA,NA
1168,"sw_newfoundland_gagnon",NA,"Margaree",5.5,"Margaree-247-2022-7",2022,7,24,47.5720572,-59.06196514,"Saccharina_latissima","Random",0.25,0,NA,NA,NA
1169,"sw_newfoundland_gagnon",NA,"Margaree",5.5,"Margaree-247-2022-7",2022,7,24,47.5720572,-59.06196514,"Unidentified_kelp","Random",0.25,0,NA,NA,NA
1170,"sw_newfoundland_gagnon",NA,"Margaree",4.3,"Margaree-249-2022-7",2022,7,24,47.5718991,-59.06150546,"Agarum_clathratum","Random",0.25,0,NA,NA,NA
1171,"sw_newfoundland_gagnon",NA,"Margaree",4.3,"Margaree-249-2022-7",2022,7,24,47.5718991,-59.06150546,"Alaria_esculenta","Random",0.25,0,NA,NA,NA
1172,"sw_newfoundland_gagnon",NA,"Margaree",4.3,"Margaree-249-2022-7",2022,7,24,47.5718991,-59.06150546,"Laminaria_digitata","Random",0.25,0,NA,NA,NA
1173,"sw_newfoundland_gagnon",NA,"Margaree",4.3,"Margaree-249-2022-7",2022,7,24,47.5718991,-59.06150546,"Laminaria_solidungula","Random",0.25,0,NA,NA,NA
1174,"sw_newfoundland_gagnon",NA,"Margaree",4.3,"Margaree-249-2022-7",2022,7,24,47.5718991,-59.06150546,"Saccharina_longicruris","Random",0.25,56,NA,NA,NA
1175,"sw_newfoundland_gagnon",NA,"Margaree",4.3,"Margaree-249-2022-7",2022,7,24,47.5718991,-59.06150546,"Saccharina_latissima","Random",0.25,0,NA,NA,NA
1176,"sw_newfoundland_gagnon",NA,"Margaree",4.3,"Margaree-249-2022-7",2022,7,24,47.5718991,-59.06150546,"Unidentified_kelp","Random",0.25,0,NA,NA,NA
1177,"sw_newfoundland_gagnon",NA,"Margaree",6.1,"Margaree-250-2022-7",2022,7,24,47.57163761,-59.06127111,"Agarum_clathratum","Random",0.25,0,NA,NA,NA
1178,"sw_newfoundland_gagnon",NA,"Margaree",6.1,"Margaree-250-2022-7",2022,7,24,47.57163761,-59.06127111,"Alaria_esculenta","Random",0.25,0,NA,NA,NA
1179,"sw_newfoundland_gagnon",NA,"Margaree",6.1,"Margaree-250-2022-7",2022,7,24,47.57163761,-59.06127111,"Laminaria_digitata","Random",0.25,0,NA,NA,NA
1180,"sw_newfoundland_gagnon",NA,"Margaree",6.1,"Margaree-250-2022-7",2022,7,24,47.57163761,-59.06127111,"Laminaria_solidungula","Random",0.25,0,NA,NA,NA
1181,"sw_newfoundland_gagnon",NA,"Margaree",6.1,"Margaree-250-2022-7",2022,7,24,47.57163761,-59.06127111,"Saccharina_longicruris","Random",0.25,52,NA,NA,NA
1182,"sw_newfoundland_gagnon",NA,"Margaree",6.1,"Margaree-250-2022-7",2022,7,24,47.57163761,-59.06127111,"Saccharina_latissima","Random",0.25,0,NA,NA,NA
1183,"sw_newfoundland_gagnon",NA,"Margaree",6.1,"Margaree-250-2022-7",2022,7,24,47.57163761,-59.06127111,"Unidentified_kelp","Random",0.25,0,NA,NA,NA
1184,"sw_newfoundland_gagnon",NA,"Margaree",8.2,"Margaree-251-2022-7",2022,7,24,47.57146126,-59.06093762,"Agarum_clathratum","Random",0.25,0,NA,NA,NA
1185,"sw_newfoundland_gagnon",NA,"Margaree",8.2,"Margaree-251-2022-7",2022,7,24,47.57146126,-59.06093762,"Alaria_esculenta","Random",0.25,0,NA,NA,NA
1186,"sw_newfoundland_gagnon",NA,"Margaree",8.2,"Margaree-251-2022-7",2022,7,24,47.57146126,-59.06093762,"Laminaria_digitata","Random",0.25,0,NA,NA,NA
1187,"sw_newfoundland_gagnon",NA,"Margaree",8.2,"Margaree-251-2022-7",2022,7,24,47.57146126,-59.06093762,"Laminaria_solidungula","Random",0.25,0,NA,NA,NA
1188,"sw_newfoundland_gagnon",NA,"Margaree",8.2,"Margaree-251-2022-7",2022,7,24,47.57146126,-59.06093762,"Saccharina_longicruris","Random",0.25,12,NA,NA,NA
1189,"sw_newfoundland_gagnon",NA,"Margaree",8.2,"Margaree-251-2022-7",2022,7,24,47.57146126,-59.06093762,"Saccharina_latissima","Random",0.25,0,NA,NA,NA
1190,"sw_newfoundland_gagnon",NA,"Margaree",8.2,"Margaree-251-2022-7",2022,7,24,47.57146126,-59.06093762,"Unidentified_kelp","Random",0.25,0,NA,NA,NA
1191,"sw_newfoundland_gagnon",NA,"Margaree",5.7,"Margaree-252-2022-7",2022,7,24,47.57137005,-59.06051399,"Agarum_clathratum","Random",0.25,0,NA,NA,NA
1192,"sw_newfoundland_gagnon",NA,"Margaree",5.7,"Margaree-252-2022-7",2022,7,24,47.57137005,-59.06051399,"Alaria_esculenta","Random",0.25,0,NA,NA,NA
1193,"sw_newfoundland_gagnon",NA,"Margaree",5.7,"Margaree-252-2022-7",2022,7,24,47.57137005,-59.06051399,"Laminaria_digitata","Random",0.25,0,NA,NA,NA
1194,"sw_newfoundland_gagnon",NA,"Margaree",5.7,"Margaree-252-2022-7",2022,7,24,47.57137005,-59.06051399,"Laminaria_solidungula","Random",0.25,0,NA,NA,NA
1195,"sw_newfoundland_gagnon",NA,"Margaree",5.7,"Margaree-252-2022-7",2022,7,24,47.57137005,-59.06051399,"Saccharina_longicruris","Random",0.25,0,NA,NA,NA
1196,"sw_newfoundland_gagnon",NA,"Margaree",5.7,"Margaree-252-2022-7",2022,7,24,47.57137005,-59.06051399,"Saccharina_latissima","Random",0.25,0,NA,NA,NA
1197,"sw_newfoundland_gagnon",NA,"Margaree",5.7,"Margaree-252-2022-7",2022,7,24,47.57137005,-59.06051399,"Unidentified_kelp","Random",0.25,0,NA,NA,NA
1198,"sw_newfoundland_gagnon",NA,"Margaree",2.9,"Margaree-253-2022-7",2022,7,24,47.57116329,-59.06010839,"Agarum_clathratum","Random",0.25,0,NA,NA,NA
1199,"sw_newfoundland_gagnon",NA,"Margaree",2.9,"Margaree-253-2022-7",2022,7,24,47.57116329,-59.06010839,"Alaria_esculenta","Random",0.25,0,NA,NA,NA
1200,"sw_newfoundland_gagnon",NA,"Margaree",2.9,"Margaree-253-2022-7",2022,7,24,47.57116329,-59.06010839,"Laminaria_digitata","Random",0.25,0,NA,NA,NA
1201,"sw_newfoundland_gagnon",NA,"Margaree",2.9,"Margaree-253-2022-7",2022,7,24,47.57116329,-59.06010839,"Laminaria_solidungula","Random",0.25,0,NA,NA,NA
1202,"sw_newfoundland_gagnon",NA,"Margaree",2.9,"Margaree-253-2022-7",2022,7,24,47.57116329,-59.06010839,"Saccharina_longicruris","Random",0.25,32,NA,NA,NA
1203,"sw_newfoundland_gagnon",NA,"Margaree",2.9,"Margaree-253-2022-7",2022,7,24,47.57116329,-59.06010839,"Saccharina_latissima","Random",0.25,0,NA,NA,NA
1204,"sw_newfoundland_gagnon",NA,"Margaree",2.9,"Margaree-253-2022-7",2022,7,24,47.57116329,-59.06010839,"Unidentified_kelp","Random",0.25,0,NA,NA,NA
1205,"sw_newfoundland_gagnon",NA,"Margaree",1.5,"Margaree-254-2022-7",2022,7,24,47.57107208,-59.05981095,"Agarum_clathratum","Random",0.25,0,NA,NA,NA
1206,"sw_newfoundland_gagnon",NA,"Margaree",1.5,"Margaree-254-2022-7",2022,7,24,47.57107208,-59.05981095,"Alaria_esculenta","Random",0.25,0,NA,NA,NA
1207,"sw_newfoundland_gagnon",NA,"Margaree",1.5,"Margaree-254-2022-7",2022,7,24,47.57107208,-59.05981095,"Laminaria_digitata","Random",0.25,0,NA,NA,NA
1208,"sw_newfoundland_gagnon",NA,"Margaree",1.5,"Margaree-254-2022-7",2022,7,24,47.57107208,-59.05981095,"Laminaria_solidungula","Random",0.25,0,NA,NA,NA
1209,"sw_newfoundland_gagnon",NA,"Margaree",1.5,"Margaree-254-2022-7",2022,7,24,47.57107208,-59.05981095,"Saccharina_longicruris","Random",0.25,44,NA,NA,NA
1210,"sw_newfoundland_gagnon",NA,"Margaree",1.5,"Margaree-254-2022-7",2022,7,24,47.57107208,-59.05981095,"Saccharina_latissima","Random",0.25,0,NA,NA,NA
1211,"sw_newfoundland_gagnon",NA,"Margaree",1.5,"Margaree-254-2022-7",2022,7,24,47.57107208,-59.05981095,"Unidentified_kelp","Random",0.25,0,NA,NA,NA
1212,"sw_newfoundland_gagnon",NA,"Margaree",3.6,"Margaree-255-2022-7",2022,7,24,47.5709687,-59.05963068,"Agarum_clathratum","Random",0.25,0,NA,NA,NA
1213,"sw_newfoundland_gagnon",NA,"Margaree",3.6,"Margaree-255-2022-7",2022,7,24,47.5709687,-59.05963068,"Alaria_esculenta","Random",0.25,0,NA,NA,NA
1214,"sw_newfoundland_gagnon",NA,"Margaree",3.6,"Margaree-255-2022-7",2022,7,24,47.5709687,-59.05963068,"Laminaria_digitata","Random",0.25,0,NA,NA,NA
1215,"sw_newfoundland_gagnon",NA,"Margaree",3.6,"Margaree-255-2022-7",2022,7,24,47.5709687,-59.05963068,"Laminaria_solidungula","Random",0.25,0,NA,NA,NA
1216,"sw_newfoundland_gagnon",NA,"Margaree",3.6,"Margaree-255-2022-7",2022,7,24,47.5709687,-59.05963068,"Saccharina_longicruris","Random",0.25,100,NA,NA,NA
1217,"sw_newfoundland_gagnon",NA,"Margaree",3.6,"Margaree-255-2022-7",2022,7,24,47.5709687,-59.05963068,"Saccharina_latissima","Random",0.25,0,NA,NA,NA
1218,"sw_newfoundland_gagnon",NA,"Margaree",3.6,"Margaree-255-2022-7",2022,7,24,47.5709687,-59.05963068,"Unidentified_kelp","Random",0.25,0,NA,NA,NA
1219,"sw_newfoundland_gagnon",NA,"Margaree",3,"Margaree-256-2022-7",2022,7,24,47.57094437,-59.0593062,"Agarum_clathratum","Random",0.25,0,NA,NA,NA
1220,"sw_newfoundland_gagnon",NA,"Margaree",3,"Margaree-256-2022-7",2022,7,24,47.57094437,-59.0593062,"Alaria_esculenta","Random",0.25,0,NA,NA,NA
1221,"sw_newfoundland_gagnon",NA,"Margaree",3,"Margaree-256-2022-7",2022,7,24,47.57094437,-59.0593062,"Laminaria_digitata","Random",0.25,0,NA,NA,NA
1222,"sw_newfoundland_gagnon",NA,"Margaree",3,"Margaree-256-2022-7",2022,7,24,47.57094437,-59.0593062,"Laminaria_solidungula","Random",0.25,0,NA,NA,NA
1223,"sw_newfoundland_gagnon",NA,"Margaree",3,"Margaree-256-2022-7",2022,7,24,47.57094437,-59.0593062,"Saccharina_longicruris","Random",0.25,96,NA,NA,NA
1224,"sw_newfoundland_gagnon",NA,"Margaree",3,"Margaree-256-2022-7",2022,7,24,47.57094437,-59.0593062,"Saccharina_latissima","Random",0.25,0,NA,NA,NA
1225,"sw_newfoundland_gagnon",NA,"Margaree",3,"Margaree-256-2022-7",2022,7,24,47.57094437,-59.0593062,"Unidentified_kelp","Random",0.25,0,NA,NA,NA
1226,"sw_newfoundland_gagnon",NA,"Margaree",5.3,"Margaree-257-2022-7",2022,7,24,47.57074369,-59.05904481,"Agarum_clathratum","Random",0.25,0,NA,NA,NA
1227,"sw_newfoundland_gagnon",NA,"Margaree",5.3,"Margaree-257-2022-7",2022,7,24,47.57074369,-59.05904481,"Alaria_esculenta","Random",0.25,0,NA,NA,NA
1228,"sw_newfoundland_gagnon",NA,"Margaree",5.3,"Margaree-257-2022-7",2022,7,24,47.57074369,-59.05904481,"Laminaria_digitata","Random",0.25,0,NA,NA,NA
1229,"sw_newfoundland_gagnon",NA,"Margaree",5.3,"Margaree-257-2022-7",2022,7,24,47.57074369,-59.05904481,"Laminaria_solidungula","Random",0.25,0,NA,NA,NA
1230,"sw_newfoundland_gagnon",NA,"Margaree",5.3,"Margaree-257-2022-7",2022,7,24,47.57074369,-59.05904481,"Saccharina_longicruris","Random",0.25,12,NA,NA,NA
1231,"sw_newfoundland_gagnon",NA,"Margaree",5.3,"Margaree-257-2022-7",2022,7,24,47.57074369,-59.05904481,"Saccharina_latissima","Random",0.25,0,NA,NA,NA
1232,"sw_newfoundland_gagnon",NA,"Margaree",5.3,"Margaree-257-2022-7",2022,7,24,47.57074369,-59.05904481,"Unidentified_kelp","Random",0.25,0,NA,NA,NA
1233,"sw_newfoundland_gagnon",NA,"Margaree",5.4,"Margaree-258-2022-7",2022,7,24,47.57069505,-59.05866625,"Agarum_clathratum","Random",0.25,24,NA,NA,NA
1234,"sw_newfoundland_gagnon",NA,"Margaree",5.4,"Margaree-258-2022-7",2022,7,24,47.57069505,-59.05866625,"Alaria_esculenta","Random",0.25,0,NA,NA,NA
1235,"sw_newfoundland_gagnon",NA,"Margaree",5.4,"Margaree-258-2022-7",2022,7,24,47.57069505,-59.05866625,"Laminaria_digitata","Random",0.25,0,NA,NA,NA
1236,"sw_newfoundland_gagnon",NA,"Margaree",5.4,"Margaree-258-2022-7",2022,7,24,47.57069505,-59.05866625,"Laminaria_solidungula","Random",0.25,0,NA,NA,NA
1237,"sw_newfoundland_gagnon",NA,"Margaree",5.4,"Margaree-258-2022-7",2022,7,24,47.57069505,-59.05866625,"Saccharina_longicruris","Random",0.25,72,NA,NA,NA
1238,"sw_newfoundland_gagnon",NA,"Margaree",5.4,"Margaree-258-2022-7",2022,7,24,47.57069505,-59.05866625,"Saccharina_latissima","Random",0.25,0,NA,NA,NA
1239,"sw_newfoundland_gagnon",NA,"Margaree",5.4,"Margaree-258-2022-7",2022,7,24,47.57069505,-59.05866625,"Unidentified_kelp","Random",0.25,0,NA,NA,NA
1240,"sw_newfoundland_gagnon",NA,"Magaree",4.3,"Magaree-4-2023-7",2023,7,6,47.5734071648607,-59.0618750084094,"Agarum_clathratum","Random",0.25,0,NA,NA,NA
1241,"sw_newfoundland_gagnon",NA,"Magaree",4.3,"Magaree-4-2023-7",2023,7,6,47.5734071648607,-59.0618750084094,"Alaria_esculenta","Random",0.25,0,NA,NA,NA
1242,"sw_newfoundland_gagnon",NA,"Magaree",4.3,"Magaree-4-2023-7",2023,7,6,47.5734071648607,-59.0618750084094,"Laminaria_digitata","Random",0.25,0,NA,NA,NA
1243,"sw_newfoundland_gagnon",NA,"Magaree",4.3,"Magaree-4-2023-7",2023,7,6,47.5734071648607,-59.0618750084094,"Laminaria_solidungula","Random",0.25,0,NA,NA,NA
1244,"sw_newfoundland_gagnon",NA,"Magaree",4.3,"Magaree-4-2023-7",2023,7,6,47.5734071648607,-59.0618750084094,"Saccharina_longicruris","Random",0.25,0,NA,NA,NA
1245,"sw_newfoundland_gagnon",NA,"Magaree",4.3,"Magaree-4-2023-7",2023,7,6,47.5734071648607,-59.0618750084094,"Saccharina_latissima","Random",0.25,0,NA,NA,NA
1246,"sw_newfoundland_gagnon",NA,"Magaree",4.3,"Magaree-4-2023-7",2023,7,6,47.5734071648607,-59.0618750084094,"Unidentified_kelp","Random",0.25,0,NA,NA,NA
1247,"sw_newfoundland_gagnon",NA,"Magaree",4.4,"Magaree-5-2023-7",2023,7,6,47.573449730636,-59.061649674085,"Agarum_clathratum","Random",0.25,0,NA,NA,NA
1248,"sw_newfoundland_gagnon",NA,"Magaree",4.4,"Magaree-5-2023-7",2023,7,6,47.573449730636,-59.061649674085,"Alaria_esculenta","Random",0.25,0,NA,NA,NA
1249,"sw_newfoundland_gagnon",NA,"Magaree",4.4,"Magaree-5-2023-7",2023,7,6,47.573449730636,-59.061649674085,"Laminaria_digitata","Random",0.25,0,NA,NA,NA
1250,"sw_newfoundland_gagnon",NA,"Magaree",4.4,"Magaree-5-2023-7",2023,7,6,47.573449730636,-59.061649674085,"Laminaria_solidungula","Random",0.25,0,NA,NA,NA
1251,"sw_newfoundland_gagnon",NA,"Magaree",4.4,"Magaree-5-2023-7",2023,7,6,47.573449730636,-59.061649674085,"Saccharina_longicruris","Random",0.25,76,NA,NA,NA
1252,"sw_newfoundland_gagnon",NA,"Magaree",4.4,"Magaree-5-2023-7",2023,7,6,47.573449730636,-59.061649674085,"Saccharina_latissima","Random",0.25,0,NA,NA,NA
1253,"sw_newfoundland_gagnon",NA,"Magaree",4.4,"Magaree-5-2023-7",2023,7,6,47.573449730636,-59.061649674085,"Unidentified_kelp","Random",0.25,4,NA,NA,NA
1254,"sw_newfoundland_gagnon",NA,"Magaree",2,"Magaree-6-2023-7",2023,7,6,47.5733950032042,-59.0613612461499,"Agarum_clathratum","Random",0.25,0,NA,NA,NA
1255,"sw_newfoundland_gagnon",NA,"Magaree",2,"Magaree-6-2023-7",2023,7,6,47.5733950032042,-59.0613612461499,"Alaria_esculenta","Random",0.25,0,NA,NA,NA
1256,"sw_newfoundland_gagnon",NA,"Magaree",2,"Magaree-6-2023-7",2023,7,6,47.5733950032042,-59.0613612461499,"Laminaria_digitata","Random",0.25,0,NA,NA,NA
1257,"sw_newfoundland_gagnon",NA,"Magaree",2,"Magaree-6-2023-7",2023,7,6,47.5733950032042,-59.0613612461499,"Laminaria_solidungula","Random",0.25,0,NA,NA,NA
1258,"sw_newfoundland_gagnon",NA,"Magaree",2,"Magaree-6-2023-7",2023,7,6,47.5733950032042,-59.0613612461499,"Saccharina_longicruris","Random",0.25,100,NA,NA,NA
1259,"sw_newfoundland_gagnon",NA,"Magaree",2,"Magaree-6-2023-7",2023,7,6,47.5733950032042,-59.0613612461499,"Saccharina_latissima","Random",0.25,0,NA,NA,NA
1260,"sw_newfoundland_gagnon",NA,"Magaree",2,"Magaree-6-2023-7",2023,7,6,47.5733950032042,-59.0613612461499,"Unidentified_kelp","Random",0.25,0,NA,NA,NA
1261,"sw_newfoundland_gagnon",NA,"Magaree",2,"Magaree-7-2023-7",2023,7,6,47.5733341948796,-59.0610908449606,"Agarum_clathratum","Random",0.25,0,NA,NA,NA
1262,"sw_newfoundland_gagnon",NA,"Magaree",2,"Magaree-7-2023-7",2023,7,6,47.5733341948796,-59.0610908449606,"Alaria_esculenta","Random",0.25,0,NA,NA,NA
1263,"sw_newfoundland_gagnon",NA,"Magaree",2,"Magaree-7-2023-7",2023,7,6,47.5733341948796,-59.0610908449606,"Laminaria_digitata","Random",0.25,0,NA,NA,NA
1264,"sw_newfoundland_gagnon",NA,"Magaree",2,"Magaree-7-2023-7",2023,7,6,47.5733341948796,-59.0610908449606,"Laminaria_solidungula","Random",0.25,0,NA,NA,NA
1265,"sw_newfoundland_gagnon",NA,"Magaree",2,"Magaree-7-2023-7",2023,7,6,47.5733341948796,-59.0610908449606,"Saccharina_longicruris","Random",0.25,88,NA,NA,NA
1266,"sw_newfoundland_gagnon",NA,"Magaree",2,"Magaree-7-2023-7",2023,7,6,47.5733341948796,-59.0610908449606,"Saccharina_latissima","Random",0.25,0,NA,NA,NA
1267,"sw_newfoundland_gagnon",NA,"Magaree",2,"Magaree-7-2023-7",2023,7,6,47.5733341948796,-59.0610908449606,"Unidentified_kelp","Random",0.25,0,NA,NA,NA
1268,"sw_newfoundland_gagnon",NA,"Magaree",2.7,"Magaree-8-2023-7",2023,7,6,47.5732490631066,-59.0608564972633,"Agarum_clathratum","Random",0.25,0,NA,NA,NA
1269,"sw_newfoundland_gagnon",NA,"Magaree",2.7,"Magaree-8-2023-7",2023,7,6,47.5732490631066,-59.0608564972633,"Alaria_esculenta","Random",0.25,0,NA,NA,NA
1270,"sw_newfoundland_gagnon",NA,"Magaree",2.7,"Magaree-8-2023-7",2023,7,6,47.5732490631066,-59.0608564972633,"Laminaria_digitata","Random",0.25,0,NA,NA,NA
1271,"sw_newfoundland_gagnon",NA,"Magaree",2.7,"Magaree-8-2023-7",2023,7,6,47.5732490631066,-59.0608564972633,"Laminaria_solidungula","Random",0.25,0,NA,NA,NA
1272,"sw_newfoundland_gagnon",NA,"Magaree",2.7,"Magaree-8-2023-7",2023,7,6,47.5732490631066,-59.0608564972633,"Saccharina_longicruris","Random",0.25,88,NA,NA,NA
1273,"sw_newfoundland_gagnon",NA,"Magaree",2.7,"Magaree-8-2023-7",2023,7,6,47.5732490631066,-59.0608564972633,"Saccharina_latissima","Random",0.25,0,NA,NA,NA
1274,"sw_newfoundland_gagnon",NA,"Magaree",2.7,"Magaree-8-2023-7",2023,7,6,47.5732490631066,-59.0608564972633,"Unidentified_kelp","Random",0.25,0,NA,NA,NA
1275,"sw_newfoundland_gagnon",NA,"Magaree",3.5,"Magaree-9-2023-7",2023,7,6,47.5730423139387,-59.0602976681389,"Agarum_clathratum","Random",0.25,0,NA,NA,NA
1276,"sw_newfoundland_gagnon",NA,"Magaree",3.5,"Magaree-9-2023-7",2023,7,6,47.5730423139387,-59.0602976681389,"Alaria_esculenta","Random",0.25,0,NA,NA,NA
1277,"sw_newfoundland_gagnon",NA,"Magaree",3.5,"Magaree-9-2023-7",2023,7,6,47.5730423139387,-59.0602976681389,"Laminaria_digitata","Random",0.25,0,NA,NA,NA
1278,"sw_newfoundland_gagnon",NA,"Magaree",3.5,"Magaree-9-2023-7",2023,7,6,47.5730423139387,-59.0602976681389,"Laminaria_solidungula","Random",0.25,0,NA,NA,NA
1279,"sw_newfoundland_gagnon",NA,"Magaree",3.5,"Magaree-9-2023-7",2023,7,6,47.5730423139387,-59.0602976681389,"Saccharina_longicruris","Random",0.25,100,NA,NA,NA
1280,"sw_newfoundland_gagnon",NA,"Magaree",3.5,"Magaree-9-2023-7",2023,7,6,47.5730423139387,-59.0602976681389,"Saccharina_latissima","Random",0.25,0,NA,NA,NA
1281,"sw_newfoundland_gagnon",NA,"Magaree",3.5,"Magaree-9-2023-7",2023,7,6,47.5730423139387,-59.0602976681389,"Unidentified_kelp","Random",0.25,0,NA,NA,NA
1282,"sw_newfoundland_gagnon",NA,"Magaree",3,"Magaree-10-2023-7",2023,7,6,47.5732733864844,-59.0605320158362,"Agarum_clathratum","Random",0.25,0,NA,NA,NA
1283,"sw_newfoundland_gagnon",NA,"Magaree",3,"Magaree-10-2023-7",2023,7,6,47.5732733864844,-59.0605320158362,"Alaria_esculenta","Random",0.25,0,NA,NA,NA
1284,"sw_newfoundland_gagnon",NA,"Magaree",3,"Magaree-10-2023-7",2023,7,6,47.5732733864844,-59.0605320158362,"Laminaria_digitata","Random",0.25,0,NA,NA,NA
1285,"sw_newfoundland_gagnon",NA,"Magaree",3,"Magaree-10-2023-7",2023,7,6,47.5732733864844,-59.0605320158362,"Laminaria_solidungula","Random",0.25,0,NA,NA,NA
1286,"sw_newfoundland_gagnon",NA,"Magaree",3,"Magaree-10-2023-7",2023,7,6,47.5732733864844,-59.0605320158362,"Saccharina_longicruris","Random",0.25,84,NA,NA,NA
1287,"sw_newfoundland_gagnon",NA,"Magaree",3,"Magaree-10-2023-7",2023,7,6,47.5732733864844,-59.0605320158362,"Saccharina_latissima","Random",0.25,0,NA,NA,NA
1288,"sw_newfoundland_gagnon",NA,"Magaree",3,"Magaree-10-2023-7",2023,7,6,47.5732733864844,-59.0605320158362,"Unidentified_kelp","Random",0.25,0,NA,NA,NA
1289,"sw_newfoundland_gagnon",NA,"Magaree",4.1,"Magaree-12-2023-7",2023,7,6,47.5729450199302,-59.0600272669497,"Agarum_clathratum","Random",0.25,0,NA,NA,NA
1290,"sw_newfoundland_gagnon",NA,"Magaree",4.1,"Magaree-12-2023-7",2023,7,6,47.5729450199302,-59.0600272669497,"Alaria_esculenta","Random",0.25,0,NA,NA,NA
1291,"sw_newfoundland_gagnon",NA,"Magaree",4.1,"Magaree-12-2023-7",2023,7,6,47.5729450199302,-59.0600272669497,"Laminaria_digitata","Random",0.25,0,NA,NA,NA
1292,"sw_newfoundland_gagnon",NA,"Magaree",4.1,"Magaree-12-2023-7",2023,7,6,47.5729450199302,-59.0600272669497,"Laminaria_solidungula","Random",0.25,0,NA,NA,NA
1293,"sw_newfoundland_gagnon",NA,"Magaree",4.1,"Magaree-12-2023-7",2023,7,6,47.5729450199302,-59.0600272669497,"Saccharina_longicruris","Random",0.25,96,NA,NA,NA
1294,"sw_newfoundland_gagnon",NA,"Magaree",4.1,"Magaree-12-2023-7",2023,7,6,47.5729450199302,-59.0600272669497,"Saccharina_latissima","Random",0.25,0,NA,NA,NA
1295,"sw_newfoundland_gagnon",NA,"Magaree",4.1,"Magaree-12-2023-7",2023,7,6,47.5729450199302,-59.0600272669497,"Unidentified_kelp","Random",0.25,0,NA,NA,NA
1296,"sw_newfoundland_gagnon",NA,"Magaree",4.3,"Magaree-13-2023-7",2023,7,6,47.5728234021654,-59.0597388390145,"Agarum_clathratum","Random",0.25,0,NA,NA,NA
1297,"sw_newfoundland_gagnon",NA,"Magaree",4.3,"Magaree-13-2023-7",2023,7,6,47.5728234021654,-59.0597388390145,"Alaria_esculenta","Random",0.25,0,NA,NA,NA
1298,"sw_newfoundland_gagnon",NA,"Magaree",4.3,"Magaree-13-2023-7",2023,7,6,47.5728234021654,-59.0597388390145,"Laminaria_digitata","Random",0.25,0,NA,NA,NA
1299,"sw_newfoundland_gagnon",NA,"Magaree",4.3,"Magaree-13-2023-7",2023,7,6,47.5728234021654,-59.0597388390145,"Laminaria_solidungula","Random",0.25,0,NA,NA,NA
1300,"sw_newfoundland_gagnon",NA,"Magaree",4.3,"Magaree-13-2023-7",2023,7,6,47.5728234021654,-59.0597388390145,"Saccharina_longicruris","Random",0.25,60,NA,NA,NA
1301,"sw_newfoundland_gagnon",NA,"Magaree",4.3,"Magaree-13-2023-7",2023,7,6,47.5728234021654,-59.0597388390145,"Saccharina_latissima","Random",0.25,0,NA,NA,NA
1302,"sw_newfoundland_gagnon",NA,"Magaree",4.3,"Magaree-13-2023-7",2023,7,6,47.5728234021654,-59.0597388390145,"Unidentified_kelp","Random",0.25,0,NA,NA,NA
1303,"sw_newfoundland_gagnon",NA,"Magaree",2.1,"Magaree-14-2023-7",2023,7,6,47.5726957032084,-59.0595044913171,"Agarum_clathratum","Random",0.25,0,NA,NA,NA
1304,"sw_newfoundland_gagnon",NA,"Magaree",2.1,"Magaree-14-2023-7",2023,7,6,47.5726957032084,-59.0595044913171,"Alaria_esculenta","Random",0.25,0,NA,NA,NA
1305,"sw_newfoundland_gagnon",NA,"Magaree",2.1,"Magaree-14-2023-7",2023,7,6,47.5726957032084,-59.0595044913171,"Laminaria_digitata","Random",0.25,0,NA,NA,NA
1306,"sw_newfoundland_gagnon",NA,"Magaree",2.1,"Magaree-14-2023-7",2023,7,6,47.5726957032084,-59.0595044913171,"Laminaria_solidungula","Random",0.25,0,NA,NA,NA
1307,"sw_newfoundland_gagnon",NA,"Magaree",2.1,"Magaree-14-2023-7",2023,7,6,47.5726957032084,-59.0595044913171,"Saccharina_longicruris","Random",0.25,96,NA,NA,NA
1308,"sw_newfoundland_gagnon",NA,"Magaree",2.1,"Magaree-14-2023-7",2023,7,6,47.5726957032084,-59.0595044913171,"Saccharina_latissima","Random",0.25,0,NA,NA,NA
1309,"sw_newfoundland_gagnon",NA,"Magaree",2.1,"Magaree-14-2023-7",2023,7,6,47.5726957032084,-59.0595044913171,"Unidentified_kelp","Random",0.25,0,NA,NA,NA
1310,"sw_newfoundland_gagnon",NA,"Magaree",5.4,"Magaree-15-2023-7",2023,7,6,47.5725497611619,-59.0592521168739,"Agarum_clathratum","Random",0.25,0,NA,NA,NA
1311,"sw_newfoundland_gagnon",NA,"Magaree",5.4,"Magaree-15-2023-7",2023,7,6,47.5725497611619,-59.0592521168739,"Alaria_esculenta","Random",0.25,0,NA,NA,NA
1312,"sw_newfoundland_gagnon",NA,"Magaree",5.4,"Magaree-15-2023-7",2023,7,6,47.5725497611619,-59.0592521168739,"Laminaria_digitata","Random",0.25,0,NA,NA,NA
1313,"sw_newfoundland_gagnon",NA,"Magaree",5.4,"Magaree-15-2023-7",2023,7,6,47.5725497611619,-59.0592521168739,"Laminaria_solidungula","Random",0.25,0,NA,NA,NA
1314,"sw_newfoundland_gagnon",NA,"Magaree",5.4,"Magaree-15-2023-7",2023,7,6,47.5725497611619,-59.0592521168739,"Saccharina_longicruris","Random",0.25,20,NA,NA,NA
1315,"sw_newfoundland_gagnon",NA,"Magaree",5.4,"Magaree-15-2023-7",2023,7,6,47.5725497611619,-59.0592521168739,"Saccharina_latissima","Random",0.25,0,NA,NA,NA
1316,"sw_newfoundland_gagnon",NA,"Magaree",5.4,"Magaree-15-2023-7",2023,7,6,47.5725497611619,-59.0592521168739,"Unidentified_kelp","Random",0.25,0,NA,NA,NA
1317,"sw_newfoundland_gagnon",NA,"Magaree",2.5,"Magaree-16-2023-7",2023,7,6,47.57243422342,-59.0589997424306,"Agarum_clathratum","Random",0.25,0,NA,NA,NA
1318,"sw_newfoundland_gagnon",NA,"Magaree",2.5,"Magaree-16-2023-7",2023,7,6,47.57243422342,-59.0589997424306,"Alaria_esculenta","Random",0.25,0,NA,NA,NA
1319,"sw_newfoundland_gagnon",NA,"Magaree",2.5,"Magaree-16-2023-7",2023,7,6,47.57243422342,-59.0589997424306,"Laminaria_digitata","Random",0.25,0,NA,NA,NA
1320,"sw_newfoundland_gagnon",NA,"Magaree",2.5,"Magaree-16-2023-7",2023,7,6,47.57243422342,-59.0589997424306,"Laminaria_solidungula","Random",0.25,0,NA,NA,NA
1321,"sw_newfoundland_gagnon",NA,"Magaree",2.5,"Magaree-16-2023-7",2023,7,6,47.57243422342,-59.0589997424306,"Saccharina_longicruris","Random",0.25,68,NA,NA,NA
1322,"sw_newfoundland_gagnon",NA,"Magaree",2.5,"Magaree-16-2023-7",2023,7,6,47.57243422342,-59.0589997424306,"Saccharina_latissima","Random",0.25,0,NA,NA,NA
1323,"sw_newfoundland_gagnon",NA,"Magaree",2.5,"Magaree-16-2023-7",2023,7,6,47.57243422342,-59.0589997424306,"Unidentified_kelp","Random",0.25,0,NA,NA,NA
1324,"sw_newfoundland_gagnon",NA,"Magaree",5.8,"Magaree-17-2023-7",2023,7,6,47.5724098996524,-59.0595135046901,"Agarum_clathratum","Random",0.25,0,NA,NA,NA
1325,"sw_newfoundland_gagnon",NA,"Magaree",5.8,"Magaree-17-2023-7",2023,7,6,47.5724098996524,-59.0595135046901,"Alaria_esculenta","Random",0.25,0,NA,NA,NA
1326,"sw_newfoundland_gagnon",NA,"Magaree",5.8,"Magaree-17-2023-7",2023,7,6,47.5724098996524,-59.0595135046901,"Laminaria_digitata","Random",0.25,0,NA,NA,NA
1327,"sw_newfoundland_gagnon",NA,"Magaree",5.8,"Magaree-17-2023-7",2023,7,6,47.5724098996524,-59.0595135046901,"Laminaria_solidungula","Random",0.25,0,NA,NA,NA
1328,"sw_newfoundland_gagnon",NA,"Magaree",5.8,"Magaree-17-2023-7",2023,7,6,47.5724098996524,-59.0595135046901,"Saccharina_longicruris","Random",0.25,4,NA,NA,NA
1329,"sw_newfoundland_gagnon",NA,"Magaree",5.8,"Magaree-17-2023-7",2023,7,6,47.5724098996524,-59.0595135046901,"Saccharina_latissima","Random",0.25,0,NA,NA,NA
1330,"sw_newfoundland_gagnon",NA,"Magaree",5.8,"Magaree-17-2023-7",2023,7,6,47.5724098996524,-59.0595135046901,"Unidentified_kelp","Random",0.25,0,NA,NA,NA
1331,"sw_newfoundland_gagnon",NA,"Magaree",5.2,"Magaree-18-2023-7",2023,7,6,47.5725436802345,-59.0598740396091,"Agarum_clathratum","Random",0.25,0,NA,NA,NA
1332,"sw_newfoundland_gagnon",NA,"Magaree",5.2,"Magaree-18-2023-7",2023,7,6,47.5725436802345,-59.0598740396091,"Alaria_esculenta","Random",0.25,0,NA,NA,NA
1333,"sw_newfoundland_gagnon",NA,"Magaree",5.2,"Magaree-18-2023-7",2023,7,6,47.5725436802345,-59.0598740396091,"Laminaria_digitata","Random",0.25,0,NA,NA,NA
1334,"sw_newfoundland_gagnon",NA,"Magaree",5.2,"Magaree-18-2023-7",2023,7,6,47.5725436802345,-59.0598740396091,"Laminaria_solidungula","Random",0.25,0,NA,NA,NA
1335,"sw_newfoundland_gagnon",NA,"Magaree",5.2,"Magaree-18-2023-7",2023,7,6,47.5725436802345,-59.0598740396091,"Saccharina_longicruris","Random",0.25,0,NA,NA,NA
1336,"sw_newfoundland_gagnon",NA,"Magaree",5.2,"Magaree-18-2023-7",2023,7,6,47.5725436802345,-59.0598740396091,"Saccharina_latissima","Random",0.25,0,NA,NA,NA
1337,"sw_newfoundland_gagnon",NA,"Magaree",5.2,"Magaree-18-2023-7",2023,7,6,47.5725436802345,-59.0598740396091,"Unidentified_kelp","Random",0.25,0,NA,NA,NA
1338,"sw_newfoundland_gagnon",NA,"Magaree",5.4,"Magaree-19-2023-7",2023,7,6,47.5726835413867,-59.0602255611551,"Agarum_clathratum","Random",0.25,0,NA,NA,NA
1339,"sw_newfoundland_gagnon",NA,"Magaree",5.4,"Magaree-19-2023-7",2023,7,6,47.5726835413867,-59.0602255611551,"Alaria_esculenta","Random",0.25,0,NA,NA,NA
1340,"sw_newfoundland_gagnon",NA,"Magaree",5.4,"Magaree-19-2023-7",2023,7,6,47.5726835413867,-59.0602255611551,"Laminaria_digitata","Random",0.25,0,NA,NA,NA
1341,"sw_newfoundland_gagnon",NA,"Magaree",5.4,"Magaree-19-2023-7",2023,7,6,47.5726835413867,-59.0602255611551,"Laminaria_solidungula","Random",0.25,0,NA,NA,NA
1342,"sw_newfoundland_gagnon",NA,"Magaree",5.4,"Magaree-19-2023-7",2023,7,6,47.5726835413867,-59.0602255611551,"Saccharina_longicruris","Random",0.25,0,NA,NA,NA
1343,"sw_newfoundland_gagnon",NA,"Magaree",5.4,"Magaree-19-2023-7",2023,7,6,47.5726835413867,-59.0602255611551,"Saccharina_latissima","Random",0.25,0,NA,NA,NA
1344,"sw_newfoundland_gagnon",NA,"Magaree",5.4,"Magaree-19-2023-7",2023,7,6,47.5726835413867,-59.0602255611551,"Unidentified_kelp","Random",0.25,0,NA,NA,NA
1345,"sw_newfoundland_gagnon",NA,"Magaree",3.5,"Magaree-20-2023-7",2023,7,6,47.5728294830604,-59.0605680693281,"Agarum_clathratum","Random",0.25,0,NA,NA,NA
1346,"sw_newfoundland_gagnon",NA,"Magaree",3.5,"Magaree-20-2023-7",2023,7,6,47.5728294830604,-59.0605680693281,"Alaria_esculenta","Random",0.25,0,NA,NA,NA
1347,"sw_newfoundland_gagnon",NA,"Magaree",3.5,"Magaree-20-2023-7",2023,7,6,47.5728294830604,-59.0605680693281,"Laminaria_digitata","Random",0.25,0,NA,NA,NA
1348,"sw_newfoundland_gagnon",NA,"Magaree",3.5,"Magaree-20-2023-7",2023,7,6,47.5728294830604,-59.0605680693281,"Laminaria_solidungula","Random",0.25,0,NA,NA,NA
1349,"sw_newfoundland_gagnon",NA,"Magaree",3.5,"Magaree-20-2023-7",2023,7,6,47.5728294830604,-59.0605680693281,"Saccharina_longicruris","Random",0.25,96,NA,NA,NA
1350,"sw_newfoundland_gagnon",NA,"Magaree",3.5,"Magaree-20-2023-7",2023,7,6,47.5728294830604,-59.0605680693281,"Saccharina_latissima","Random",0.25,0,NA,NA,NA
1351,"sw_newfoundland_gagnon",NA,"Magaree",3.5,"Magaree-20-2023-7",2023,7,6,47.5728294830604,-59.0605680693281,"Unidentified_kelp","Random",0.25,0,NA,NA,NA
1352,"sw_newfoundland_gagnon",NA,"Magaree",3.2,"Magaree-21-2023-7",2023,7,6,47.5729571816912,-59.060946630993,"Agarum_clathratum","Random",0.25,0,NA,NA,NA
1353,"sw_newfoundland_gagnon",NA,"Magaree",3.2,"Magaree-21-2023-7",2023,7,6,47.5729571816912,-59.060946630993,"Alaria_esculenta","Random",0.25,0,NA,NA,NA
1354,"sw_newfoundland_gagnon",NA,"Magaree",3.2,"Magaree-21-2023-7",2023,7,6,47.5729571816912,-59.060946630993,"Laminaria_digitata","Random",0.25,0,NA,NA,NA
1355,"sw_newfoundland_gagnon",NA,"Magaree",3.2,"Magaree-21-2023-7",2023,7,6,47.5729571816912,-59.060946630993,"Laminaria_solidungula","Random",0.25,0,NA,NA,NA
1356,"sw_newfoundland_gagnon",NA,"Magaree",3.2,"Magaree-21-2023-7",2023,7,6,47.5729571816912,-59.060946630993,"Saccharina_longicruris","Random",0.25,44,NA,NA,NA
1357,"sw_newfoundland_gagnon",NA,"Magaree",3.2,"Magaree-21-2023-7",2023,7,6,47.5729571816912,-59.060946630993,"Saccharina_latissima","Random",0.25,0,NA,NA,NA
1358,"sw_newfoundland_gagnon",NA,"Magaree",3.2,"Magaree-21-2023-7",2023,7,6,47.5729571816912,-59.060946630993,"Unidentified_kelp","Random",0.25,0,NA,NA,NA
1359,"sw_newfoundland_gagnon",NA,"Magaree",3.5,"Magaree-22-2023-7",2023,7,6,47.5730787991453,-59.061289139166,"Agarum_clathratum","Random",0.25,0,NA,NA,NA
1360,"sw_newfoundland_gagnon",NA,"Magaree",3.5,"Magaree-22-2023-7",2023,7,6,47.5730787991453,-59.061289139166,"Alaria_esculenta","Random",0.25,0,NA,NA,NA
1361,"sw_newfoundland_gagnon",NA,"Magaree",3.5,"Magaree-22-2023-7",2023,7,6,47.5730787991453,-59.061289139166,"Laminaria_digitata","Random",0.25,0,NA,NA,NA
1362,"sw_newfoundland_gagnon",NA,"Magaree",3.5,"Magaree-22-2023-7",2023,7,6,47.5730787991453,-59.061289139166,"Laminaria_solidungula","Random",0.25,0,NA,NA,NA
1363,"sw_newfoundland_gagnon",NA,"Magaree",3.5,"Magaree-22-2023-7",2023,7,6,47.5730787991453,-59.061289139166,"Saccharina_longicruris","Random",0.25,0,NA,NA,NA
1364,"sw_newfoundland_gagnon",NA,"Magaree",3.5,"Magaree-22-2023-7",2023,7,6,47.5730787991453,-59.061289139166,"Saccharina_latissima","Random",0.25,0,NA,NA,NA
1365,"sw_newfoundland_gagnon",NA,"Magaree",3.5,"Magaree-22-2023-7",2023,7,6,47.5730787991453,-59.061289139166,"Unidentified_kelp","Random",0.25,0,NA,NA,NA
1366,"sw_newfoundland_gagnon",NA,"Magaree",3.4,"Magaree-23-2023-7",2023,7,6,47.5731274460479,-59.0615865804742,"Agarum_clathratum","Random",0.25,0,NA,NA,NA
1367,"sw_newfoundland_gagnon",NA,"Magaree",3.4,"Magaree-23-2023-7",2023,7,6,47.5731274460479,-59.0615865804742,"Alaria_esculenta","Random",0.25,0,NA,NA,NA
1368,"sw_newfoundland_gagnon",NA,"Magaree",3.4,"Magaree-23-2023-7",2023,7,6,47.5731274460479,-59.0615865804742,"Laminaria_digitata","Random",0.25,0,NA,NA,NA
1369,"sw_newfoundland_gagnon",NA,"Magaree",3.4,"Magaree-23-2023-7",2023,7,6,47.5731274460479,-59.0615865804742,"Laminaria_solidungula","Random",0.25,0,NA,NA,NA
1370,"sw_newfoundland_gagnon",NA,"Magaree",3.4,"Magaree-23-2023-7",2023,7,6,47.5731274460479,-59.0615865804742,"Saccharina_longicruris","Random",0.25,84,NA,NA,NA
1371,"sw_newfoundland_gagnon",NA,"Magaree",3.4,"Magaree-23-2023-7",2023,7,6,47.5731274460479,-59.0615865804742,"Saccharina_latissima","Random",0.25,0,NA,NA,NA
1372,"sw_newfoundland_gagnon",NA,"Magaree",3.4,"Magaree-23-2023-7",2023,7,6,47.5731274460479,-59.0615865804742,"Unidentified_kelp","Random",0.25,0,NA,NA,NA
1373,"sw_newfoundland_gagnon",NA,"Magaree",4.6,"Magaree-24-2023-7",2023,7,6,47.573200416317,-59.0618930351553,"Agarum_clathratum","Random",0.25,0,NA,NA,NA
1374,"sw_newfoundland_gagnon",NA,"Magaree",4.6,"Magaree-24-2023-7",2023,7,6,47.573200416317,-59.0618930351553,"Alaria_esculenta","Random",0.25,0,NA,NA,NA
1375,"sw_newfoundland_gagnon",NA,"Magaree",4.6,"Magaree-24-2023-7",2023,7,6,47.573200416317,-59.0618930351553,"Laminaria_digitata","Random",0.25,0,NA,NA,NA
1376,"sw_newfoundland_gagnon",NA,"Magaree",4.6,"Magaree-24-2023-7",2023,7,6,47.573200416317,-59.0618930351553,"Laminaria_solidungula","Random",0.25,0,NA,NA,NA
1377,"sw_newfoundland_gagnon",NA,"Magaree",4.6,"Magaree-24-2023-7",2023,7,6,47.573200416317,-59.0618930351553,"Saccharina_longicruris","Random",0.25,52,NA,NA,NA
1378,"sw_newfoundland_gagnon",NA,"Magaree",4.6,"Magaree-24-2023-7",2023,7,6,47.573200416317,-59.0618930351553,"Saccharina_latissima","Random",0.25,0,NA,NA,NA
1379,"sw_newfoundland_gagnon",NA,"Magaree",4.6,"Magaree-24-2023-7",2023,7,6,47.573200416317,-59.0618930351553,"Unidentified_kelp","Random",0.25,0,NA,NA,NA
1380,"sw_newfoundland_gagnon",NA,"Magaree",4.1,"Magaree-25-2023-7",2023,7,6,47.5731882546125,-59.0621003427337,"Agarum_clathratum","Random",0.25,0,NA,NA,NA
1381,"sw_newfoundland_gagnon",NA,"Magaree",4.1,"Magaree-25-2023-7",2023,7,6,47.5731882546125,-59.0621003427337,"Alaria_esculenta","Random",0.25,0,NA,NA,NA
1382,"sw_newfoundland_gagnon",NA,"Magaree",4.1,"Magaree-25-2023-7",2023,7,6,47.5731882546125,-59.0621003427337,"Laminaria_digitata","Random",0.25,0,NA,NA,NA
1383,"sw_newfoundland_gagnon",NA,"Magaree",4.1,"Magaree-25-2023-7",2023,7,6,47.5731882546125,-59.0621003427337,"Laminaria_solidungula","Random",0.25,0,NA,NA,NA
1384,"sw_newfoundland_gagnon",NA,"Magaree",4.1,"Magaree-25-2023-7",2023,7,6,47.5731882546125,-59.0621003427337,"Saccharina_longicruris","Random",0.25,0,NA,NA,NA
1385,"sw_newfoundland_gagnon",NA,"Magaree",4.1,"Magaree-25-2023-7",2023,7,6,47.5731882546125,-59.0621003427337,"Saccharina_latissima","Random",0.25,0,NA,NA,NA
1386,"sw_newfoundland_gagnon",NA,"Magaree",4.1,"Magaree-25-2023-7",2023,7,6,47.5731882546125,-59.0621003427337,"Unidentified_kelp","Random",0.25,0,NA,NA,NA
1387,"sw_newfoundland_gagnon",NA,"Magaree",3.7,"Magaree-26-2023-7",2023,7,6,47.5731152843265,-59.062370743923,"Agarum_clathratum","Random",0.25,0,NA,NA,NA
1388,"sw_newfoundland_gagnon",NA,"Magaree",3.7,"Magaree-26-2023-7",2023,7,6,47.5731152843265,-59.062370743923,"Alaria_esculenta","Random",0.25,0,NA,NA,NA
1389,"sw_newfoundland_gagnon",NA,"Magaree",3.7,"Magaree-26-2023-7",2023,7,6,47.5731152843265,-59.062370743923,"Laminaria_digitata","Random",0.25,0,NA,NA,NA
1390,"sw_newfoundland_gagnon",NA,"Magaree",3.7,"Magaree-26-2023-7",2023,7,6,47.5731152843265,-59.062370743923,"Laminaria_solidungula","Random",0.25,0,NA,NA,NA
1391,"sw_newfoundland_gagnon",NA,"Magaree",3.7,"Magaree-26-2023-7",2023,7,6,47.5731152843265,-59.062370743923,"Saccharina_longicruris","Random",0.25,68,NA,NA,NA
1392,"sw_newfoundland_gagnon",NA,"Magaree",3.7,"Magaree-26-2023-7",2023,7,6,47.5731152843265,-59.062370743923,"Saccharina_latissima","Random",0.25,0,NA,NA,NA
1393,"sw_newfoundland_gagnon",NA,"Magaree",3.7,"Magaree-26-2023-7",2023,7,6,47.5731152843265,-59.062370743923,"Unidentified_kelp","Random",0.25,0,NA,NA,NA
1394,"sw_newfoundland_gagnon",NA,"Magaree",4.9,"Magaree-27-2023-7",2023,7,6,47.5733281140433,-59.0623437038041,"Agarum_clathratum","Random",0.25,0,NA,NA,NA
1395,"sw_newfoundland_gagnon",NA,"Magaree",4.9,"Magaree-27-2023-7",2023,7,6,47.5733281140433,-59.0623437038041,"Alaria_esculenta","Random",0.25,0,NA,NA,NA
1396,"sw_newfoundland_gagnon",NA,"Magaree",4.9,"Magaree-27-2023-7",2023,7,6,47.5733281140433,-59.0623437038041,"Laminaria_digitata","Random",0.25,0,NA,NA,NA
1397,"sw_newfoundland_gagnon",NA,"Magaree",4.9,"Magaree-27-2023-7",2023,7,6,47.5733281140433,-59.0623437038041,"Laminaria_solidungula","Random",0.25,0,NA,NA,NA
1398,"sw_newfoundland_gagnon",NA,"Magaree",4.9,"Magaree-27-2023-7",2023,7,6,47.5733281140433,-59.0623437038041,"Saccharina_longicruris","Random",0.25,44,NA,NA,NA
1399,"sw_newfoundland_gagnon",NA,"Magaree",4.9,"Magaree-27-2023-7",2023,7,6,47.5733281140433,-59.0623437038041,"Saccharina_latissima","Random",0.25,0,NA,NA,NA
1400,"sw_newfoundland_gagnon",NA,"Magaree",4.9,"Magaree-27-2023-7",2023,7,6,47.5733281140433,-59.0623437038041,"Unidentified_kelp","Random",0.25,0,NA,NA,NA
1401,"sw_newfoundland_gagnon",NA,"Magaree",4.8,"Magaree-28-2023-7",2023,7,6,47.5735713469462,-59.0622625834473,"Agarum_clathratum","Random",0.25,0,NA,NA,NA
1402,"sw_newfoundland_gagnon",NA,"Magaree",4.8,"Magaree-28-2023-7",2023,7,6,47.5735713469462,-59.0622625834473,"Alaria_esculenta","Random",0.25,0,NA,NA,NA
1403,"sw_newfoundland_gagnon",NA,"Magaree",4.8,"Magaree-28-2023-7",2023,7,6,47.5735713469462,-59.0622625834473,"Laminaria_digitata","Random",0.25,0,NA,NA,NA
1404,"sw_newfoundland_gagnon",NA,"Magaree",4.8,"Magaree-28-2023-7",2023,7,6,47.5735713469462,-59.0622625834473,"Laminaria_solidungula","Random",0.25,0,NA,NA,NA
1405,"sw_newfoundland_gagnon",NA,"Magaree",4.8,"Magaree-28-2023-7",2023,7,6,47.5735713469462,-59.0622625834473,"Saccharina_longicruris","Random",0.25,0,NA,NA,NA
1406,"sw_newfoundland_gagnon",NA,"Magaree",4.8,"Magaree-28-2023-7",2023,7,6,47.5735713469462,-59.0622625834473,"Saccharina_latissima","Random",0.25,0,NA,NA,NA
1407,"sw_newfoundland_gagnon",NA,"Magaree",4.8,"Magaree-28-2023-7",2023,7,6,47.5735713469462,-59.0622625834473,"Unidentified_kelp","Random",0.25,0,NA,NA,NA
1408,"sw_newfoundland_gagnon",NA,"Magaree",5,"Magaree-29-2023-7",2023,7,6,47.5736686397911,-59.0619200752743,"Agarum_clathratum","Random",0.25,0,NA,NA,NA
1409,"sw_newfoundland_gagnon",NA,"Magaree",5,"Magaree-29-2023-7",2023,7,6,47.5736686397911,-59.0619200752743,"Alaria_esculenta","Random",0.25,0,NA,NA,NA
1410,"sw_newfoundland_gagnon",NA,"Magaree",5,"Magaree-29-2023-7",2023,7,6,47.5736686397911,-59.0619200752743,"Laminaria_digitata","Random",0.25,0,NA,NA,NA
1411,"sw_newfoundland_gagnon",NA,"Magaree",5,"Magaree-29-2023-7",2023,7,6,47.5736686397911,-59.0619200752743,"Laminaria_solidungula","Random",0.25,0,NA,NA,NA
1412,"sw_newfoundland_gagnon",NA,"Magaree",5,"Magaree-29-2023-7",2023,7,6,47.5736686397911,-59.0619200752743,"Saccharina_longicruris","Random",0.25,64,NA,NA,NA
1413,"sw_newfoundland_gagnon",NA,"Magaree",5,"Magaree-29-2023-7",2023,7,6,47.5736686397911,-59.0619200752743,"Saccharina_latissima","Random",0.25,0,NA,NA,NA
1414,"sw_newfoundland_gagnon",NA,"Magaree",5,"Magaree-29-2023-7",2023,7,6,47.5736686397911,-59.0619200752743,"Unidentified_kelp","Random",0.25,0,NA,NA,NA
1415,"sw_newfoundland_gagnon",NA,"Magaree",4.5,"Magaree-30-2023-7",2023,7,6,47.5736503973964,-59.0615144734904,"Agarum_clathratum","Random",0.25,0,NA,NA,NA
1416,"sw_newfoundland_gagnon",NA,"Magaree",4.5,"Magaree-30-2023-7",2023,7,6,47.5736503973964,-59.0615144734904,"Alaria_esculenta","Random",0.25,0,NA,NA,NA
1417,"sw_newfoundland_gagnon",NA,"Magaree",4.5,"Magaree-30-2023-7",2023,7,6,47.5736503973964,-59.0615144734904,"Laminaria_digitata","Random",0.25,0,NA,NA,NA
1418,"sw_newfoundland_gagnon",NA,"Magaree",4.5,"Magaree-30-2023-7",2023,7,6,47.5736503973964,-59.0615144734904,"Laminaria_solidungula","Random",0.25,0,NA,NA,NA
1419,"sw_newfoundland_gagnon",NA,"Magaree",4.5,"Magaree-30-2023-7",2023,7,6,47.5736503973964,-59.0615144734904,"Saccharina_longicruris","Random",0.25,0,NA,NA,NA
1420,"sw_newfoundland_gagnon",NA,"Magaree",4.5,"Magaree-30-2023-7",2023,7,6,47.5736503973964,-59.0615144734904,"Saccharina_latissima","Random",0.25,0,NA,NA,NA
1421,"sw_newfoundland_gagnon",NA,"Magaree",4.5,"Magaree-30-2023-7",2023,7,6,47.5736503973964,-59.0615144734904,"Unidentified_kelp","Random",0.25,0,NA,NA,NA
1422,"sw_newfoundland_gagnon",NA,"Magaree",2.9,"Magaree-31-2023-7",2023,7,6,47.5735835085617,-59.0611449251985,"Agarum_clathratum","Random",0.25,0,NA,NA,NA
1423,"sw_newfoundland_gagnon",NA,"Magaree",2.9,"Magaree-31-2023-7",2023,7,6,47.5735835085617,-59.0611449251985,"Alaria_esculenta","Random",0.25,0,NA,NA,NA
1424,"sw_newfoundland_gagnon",NA,"Magaree",2.9,"Magaree-31-2023-7",2023,7,6,47.5735835085617,-59.0611449251985,"Laminaria_digitata","Random",0.25,0,NA,NA,NA
1425,"sw_newfoundland_gagnon",NA,"Magaree",2.9,"Magaree-31-2023-7",2023,7,6,47.5735835085617,-59.0611449251985,"Laminaria_solidungula","Random",0.25,0,NA,NA,NA
1426,"sw_newfoundland_gagnon",NA,"Magaree",2.9,"Magaree-31-2023-7",2023,7,6,47.5735835085617,-59.0611449251985,"Saccharina_longicruris","Random",0.25,80,NA,NA,NA
1427,"sw_newfoundland_gagnon",NA,"Magaree",2.9,"Magaree-31-2023-7",2023,7,6,47.5735835085617,-59.0611449251985,"Saccharina_latissima","Random",0.25,0,NA,NA,NA
1428,"sw_newfoundland_gagnon",NA,"Magaree",2.9,"Magaree-31-2023-7",2023,7,6,47.5735835085617,-59.0611449251985,"Unidentified_kelp","Random",0.25,0,NA,NA,NA
1429,"sw_newfoundland_gagnon",NA,"Magaree",2.5,"Magaree-32-2023-7",2023,7,6,47.5734862155587,-59.0607934036525,"Agarum_clathratum","Random",0.25,0,NA,NA,NA
1430,"sw_newfoundland_gagnon",NA,"Magaree",2.5,"Magaree-32-2023-7",2023,7,6,47.5734862155587,-59.0607934036525,"Alaria_esculenta","Random",0.25,0,NA,NA,NA
1431,"sw_newfoundland_gagnon",NA,"Magaree",2.5,"Magaree-32-2023-7",2023,7,6,47.5734862155587,-59.0607934036525,"Laminaria_digitata","Random",0.25,0,NA,NA,NA
1432,"sw_newfoundland_gagnon",NA,"Magaree",2.5,"Magaree-32-2023-7",2023,7,6,47.5734862155587,-59.0607934036525,"Laminaria_solidungula","Random",0.25,0,NA,NA,NA
1433,"sw_newfoundland_gagnon",NA,"Magaree",2.5,"Magaree-32-2023-7",2023,7,6,47.5734862155587,-59.0607934036525,"Saccharina_longicruris","Random",0.25,84,NA,NA,NA
1434,"sw_newfoundland_gagnon",NA,"Magaree",2.5,"Magaree-32-2023-7",2023,7,6,47.5734862155587,-59.0607934036525,"Saccharina_latissima","Random",0.25,0,NA,NA,NA
1435,"sw_newfoundland_gagnon",NA,"Magaree",2.5,"Magaree-32-2023-7",2023,7,6,47.5734862155587,-59.0607934036525,"Unidentified_kelp","Random",0.25,0,NA,NA,NA
1436,"sw_newfoundland_gagnon",NA,"Magaree",3.5,"Magaree-33-2023-7",2023,7,6,47.5734132456879,-59.0604058286146,"Agarum_clathratum","Random",0.25,0,NA,NA,NA
1437,"sw_newfoundland_gagnon",NA,"Magaree",3.5,"Magaree-33-2023-7",2023,7,6,47.5734132456879,-59.0604058286146,"Alaria_esculenta","Random",0.25,0,NA,NA,NA
1438,"sw_newfoundland_gagnon",NA,"Magaree",3.5,"Magaree-33-2023-7",2023,7,6,47.5734132456879,-59.0604058286146,"Laminaria_digitata","Random",0.25,0,NA,NA,NA
1439,"sw_newfoundland_gagnon",NA,"Magaree",3.5,"Magaree-33-2023-7",2023,7,6,47.5734132456879,-59.0604058286146,"Laminaria_solidungula","Random",0.25,12,NA,NA,NA
1440,"sw_newfoundland_gagnon",NA,"Magaree",3.5,"Magaree-33-2023-7",2023,7,6,47.5734132456879,-59.0604058286146,"Saccharina_longicruris","Random",0.25,72,NA,NA,NA
1441,"sw_newfoundland_gagnon",NA,"Magaree",3.5,"Magaree-33-2023-7",2023,7,6,47.5734132456879,-59.0604058286146,"Saccharina_latissima","Random",0.25,0,NA,NA,NA
1442,"sw_newfoundland_gagnon",NA,"Magaree",3.5,"Magaree-33-2023-7",2023,7,6,47.5734132456879,-59.0604058286146,"Unidentified_kelp","Random",0.25,0,NA,NA,NA
1443,"sw_newfoundland_gagnon",NA,"Magaree",2.5,"Magaree-34-2023-7",2023,7,6,47.573297709851,-59.0597929192523,"Agarum_clathratum","Random",0.25,0,NA,NA,NA
1444,"sw_newfoundland_gagnon",NA,"Magaree",2.5,"Magaree-34-2023-7",2023,7,6,47.573297709851,-59.0597929192523,"Alaria_esculenta","Random",0.25,0,NA,NA,NA
1445,"sw_newfoundland_gagnon",NA,"Magaree",2.5,"Magaree-34-2023-7",2023,7,6,47.573297709851,-59.0597929192523,"Laminaria_digitata","Random",0.25,0,NA,NA,NA
1446,"sw_newfoundland_gagnon",NA,"Magaree",2.5,"Magaree-34-2023-7",2023,7,6,47.573297709851,-59.0597929192523,"Laminaria_solidungula","Random",0.25,0,NA,NA,NA
1447,"sw_newfoundland_gagnon",NA,"Magaree",2.5,"Magaree-34-2023-7",2023,7,6,47.573297709851,-59.0597929192523,"Saccharina_longicruris","Random",0.25,100,NA,NA,NA
1448,"sw_newfoundland_gagnon",NA,"Magaree",2.5,"Magaree-34-2023-7",2023,7,6,47.573297709851,-59.0597929192523,"Saccharina_latissima","Random",0.25,0,NA,NA,NA
1449,"sw_newfoundland_gagnon",NA,"Magaree",2.5,"Magaree-34-2023-7",2023,7,6,47.573297709851,-59.0597929192523,"Unidentified_kelp","Random",0.25,0,NA,NA,NA
1450,"sw_newfoundland_gagnon",NA,"Magaree",2.3,"Magaree-35-2023-7",2023,7,6,47.5729875860812,-59.0594053442144,"Agarum_clathratum","Random",0.25,0,NA,NA,NA
1451,"sw_newfoundland_gagnon",NA,"Magaree",2.3,"Magaree-35-2023-7",2023,7,6,47.5729875860812,-59.0594053442144,"Alaria_esculenta","Random",0.25,0,NA,NA,NA
1452,"sw_newfoundland_gagnon",NA,"Magaree",2.3,"Magaree-35-2023-7",2023,7,6,47.5729875860812,-59.0594053442144,"Laminaria_digitata","Random",0.25,0,NA,NA,NA
1453,"sw_newfoundland_gagnon",NA,"Magaree",2.3,"Magaree-35-2023-7",2023,7,6,47.5729875860812,-59.0594053442144,"Laminaria_solidungula","Random",0.25,0,NA,NA,NA
1454,"sw_newfoundland_gagnon",NA,"Magaree",2.3,"Magaree-35-2023-7",2023,7,6,47.5729875860812,-59.0594053442144,"Saccharina_longicruris","Random",0.25,92,NA,NA,NA
1455,"sw_newfoundland_gagnon",NA,"Magaree",2.3,"Magaree-35-2023-7",2023,7,6,47.5729875860812,-59.0594053442144,"Saccharina_latissima","Random",0.25,0,NA,NA,NA
1456,"sw_newfoundland_gagnon",NA,"Magaree",2.3,"Magaree-35-2023-7",2023,7,6,47.5729875860812,-59.0594053442144,"Unidentified_kelp","Random",0.25,0,NA,NA,NA
1457,"sw_newfoundland_gagnon",NA,"Magaree",3.4,"Magaree-36-2023-7",2023,7,6,47.5727686740791,-59.0591709965171,"Agarum_clathratum","Random",0.25,0,NA,NA,NA
1458,"sw_newfoundland_gagnon",NA,"Magaree",3.4,"Magaree-36-2023-7",2023,7,6,47.5727686740791,-59.0591709965171,"Alaria_esculenta","Random",0.25,0,NA,NA,NA
1459,"sw_newfoundland_gagnon",NA,"Magaree",3.4,"Magaree-36-2023-7",2023,7,6,47.5727686740791,-59.0591709965171,"Laminaria_digitata","Random",0.25,0,NA,NA,NA
1460,"sw_newfoundland_gagnon",NA,"Magaree",3.4,"Magaree-36-2023-7",2023,7,6,47.5727686740791,-59.0591709965171,"Laminaria_solidungula","Random",0.25,0,NA,NA,NA
1461,"sw_newfoundland_gagnon",NA,"Magaree",3.4,"Magaree-36-2023-7",2023,7,6,47.5727686740791,-59.0591709965171,"Saccharina_longicruris","Random",0.25,36,NA,NA,NA
1462,"sw_newfoundland_gagnon",NA,"Magaree",3.4,"Magaree-36-2023-7",2023,7,6,47.5727686740791,-59.0591709965171,"Saccharina_latissima","Random",0.25,0,NA,NA,NA
1463,"sw_newfoundland_gagnon",NA,"Magaree",3.4,"Magaree-36-2023-7",2023,7,6,47.5727686740791,-59.0591709965171,"Unidentified_kelp","Random",0.25,0,NA,NA,NA
1464,"sw_newfoundland_gagnon",NA,"Magaree",3.6,"Magaree-37-2023-7",2023,7,6,47.5728051594763,-59.0589005953279,"Agarum_clathratum","Random",0.25,0,NA,NA,NA
1465,"sw_newfoundland_gagnon",NA,"Magaree",3.6,"Magaree-37-2023-7",2023,7,6,47.5728051594763,-59.0589005953279,"Alaria_esculenta","Random",0.25,0,NA,NA,NA
1466,"sw_newfoundland_gagnon",NA,"Magaree",3.6,"Magaree-37-2023-7",2023,7,6,47.5728051594763,-59.0589005953279,"Laminaria_digitata","Random",0.25,0,NA,NA,NA
1467,"sw_newfoundland_gagnon",NA,"Magaree",3.6,"Magaree-37-2023-7",2023,7,6,47.5728051594763,-59.0589005953279,"Laminaria_solidungula","Random",0.25,0,NA,NA,NA
1468,"sw_newfoundland_gagnon",NA,"Magaree",3.6,"Magaree-37-2023-7",2023,7,6,47.5728051594763,-59.0589005953279,"Saccharina_longicruris","Random",0.25,16,NA,NA,NA
1469,"sw_newfoundland_gagnon",NA,"Magaree",3.6,"Magaree-37-2023-7",2023,7,6,47.5728051594763,-59.0589005953279,"Saccharina_latissima","Random",0.25,0,NA,NA,NA
1470,"sw_newfoundland_gagnon",NA,"Magaree",3.6,"Magaree-37-2023-7",2023,7,6,47.5728051594763,-59.0589005953279,"Unidentified_kelp","Random",0.25,0,NA,NA,NA
1471,"sw_newfoundland_gagnon",NA,"Magaree",3.7,"Magaree-38-2023-7",2023,7,6,47.5725984085559,-59.0589005953279,"Agarum_clathratum","Random",0.25,0,NA,NA,NA
1472,"sw_newfoundland_gagnon",NA,"Magaree",3.7,"Magaree-38-2023-7",2023,7,6,47.5725984085559,-59.0589005953279,"Alaria_esculenta","Random",0.25,0,NA,NA,NA
1473,"sw_newfoundland_gagnon",NA,"Magaree",3.7,"Magaree-38-2023-7",2023,7,6,47.5725984085559,-59.0589005953279,"Laminaria_digitata","Random",0.25,0,NA,NA,NA
1474,"sw_newfoundland_gagnon",NA,"Magaree",3.7,"Magaree-38-2023-7",2023,7,6,47.5725984085559,-59.0589005953279,"Laminaria_solidungula","Random",0.25,0,NA,NA,NA
1475,"sw_newfoundland_gagnon",NA,"Magaree",3.7,"Magaree-38-2023-7",2023,7,6,47.5725984085559,-59.0589005953279,"Saccharina_longicruris","Random",0.25,80,NA,NA,NA
1476,"sw_newfoundland_gagnon",NA,"Magaree",3.7,"Magaree-38-2023-7",2023,7,6,47.5725984085559,-59.0589005953279,"Saccharina_latissima","Random",0.25,0,NA,NA,NA
1477,"sw_newfoundland_gagnon",NA,"Magaree",3.7,"Magaree-38-2023-7",2023,7,6,47.5725984085559,-59.0589005953279,"Unidentified_kelp","Random",0.25,0,NA,NA,NA
1478,"sw_newfoundland_gagnon",NA,"Magaree",6,"Magaree-39-2023-7",2023,7,6,47.5722092281385,-59.0592431035009,"Agarum_clathratum","Random",0.25,0,NA,NA,NA
1479,"sw_newfoundland_gagnon",NA,"Magaree",6,"Magaree-39-2023-7",2023,7,6,47.5722092281385,-59.0592431035009,"Alaria_esculenta","Random",0.25,0,NA,NA,NA
1480,"sw_newfoundland_gagnon",NA,"Magaree",6,"Magaree-39-2023-7",2023,7,6,47.5722092281385,-59.0592431035009,"Laminaria_digitata","Random",0.25,0,NA,NA,NA
1481,"sw_newfoundland_gagnon",NA,"Magaree",6,"Magaree-39-2023-7",2023,7,6,47.5722092281385,-59.0592431035009,"Laminaria_solidungula","Random",0.25,0,NA,NA,NA
1482,"sw_newfoundland_gagnon",NA,"Magaree",6,"Magaree-39-2023-7",2023,7,6,47.5722092281385,-59.0592431035009,"Saccharina_longicruris","Random",0.25,8,NA,NA,NA
1483,"sw_newfoundland_gagnon",NA,"Magaree",6,"Magaree-39-2023-7",2023,7,6,47.5722092281385,-59.0592431035009,"Saccharina_latissima","Random",0.25,0,NA,NA,NA
1484,"sw_newfoundland_gagnon",NA,"Magaree",6,"Magaree-39-2023-7",2023,7,6,47.5722092281385,-59.0592431035009,"Unidentified_kelp","Random",0.25,0,NA,NA,NA
1485,"sw_newfoundland_gagnon",NA,"Magaree",7.7,"Magaree-40-2023-7",2023,7,6,47.5721301755128,-59.0596487052847,"Agarum_clathratum","Random",0.25,0,NA,NA,NA
1486,"sw_newfoundland_gagnon",NA,"Magaree",7.7,"Magaree-40-2023-7",2023,7,6,47.5721301755128,-59.0596487052847,"Alaria_esculenta","Random",0.25,0,NA,NA,NA
1487,"sw_newfoundland_gagnon",NA,"Magaree",7.7,"Magaree-40-2023-7",2023,7,6,47.5721301755128,-59.0596487052847,"Laminaria_digitata","Random",0.25,0,NA,NA,NA
1488,"sw_newfoundland_gagnon",NA,"Magaree",7.7,"Magaree-40-2023-7",2023,7,6,47.5721301755128,-59.0596487052847,"Laminaria_solidungula","Random",0.25,0,NA,NA,NA
1489,"sw_newfoundland_gagnon",NA,"Magaree",7.7,"Magaree-40-2023-7",2023,7,6,47.5721301755128,-59.0596487052847,"Saccharina_longicruris","Random",0.25,16,NA,NA,NA
1490,"sw_newfoundland_gagnon",NA,"Magaree",7.7,"Magaree-40-2023-7",2023,7,6,47.5721301755128,-59.0596487052847,"Saccharina_latissima","Random",0.25,0,NA,NA,NA
1491,"sw_newfoundland_gagnon",NA,"Magaree",7.7,"Magaree-40-2023-7",2023,7,6,47.5721301755128,-59.0596487052847,"Unidentified_kelp","Random",0.25,0,NA,NA,NA
1492,"sw_newfoundland_gagnon",NA,"Magaree",7.2,"Magaree-41-2023-7",2023,7,6,47.5722761187286,-59.0600723338145,"Agarum_clathratum","Random",0.25,0,NA,NA,NA
1493,"sw_newfoundland_gagnon",NA,"Magaree",7.2,"Magaree-41-2023-7",2023,7,6,47.5722761187286,-59.0600723338145,"Alaria_esculenta","Random",0.25,0,NA,NA,NA
1494,"sw_newfoundland_gagnon",NA,"Magaree",7.2,"Magaree-41-2023-7",2023,7,6,47.5722761187286,-59.0600723338145,"Laminaria_digitata","Random",0.25,0,NA,NA,NA
1495,"sw_newfoundland_gagnon",NA,"Magaree",7.2,"Magaree-41-2023-7",2023,7,6,47.5722761187286,-59.0600723338145,"Laminaria_solidungula","Random",0.25,0,NA,NA,NA
1496,"sw_newfoundland_gagnon",NA,"Magaree",7.2,"Magaree-41-2023-7",2023,7,6,47.5722761187286,-59.0600723338145,"Saccharina_longicruris","Random",0.25,0,NA,NA,NA
1497,"sw_newfoundland_gagnon",NA,"Magaree",7.2,"Magaree-41-2023-7",2023,7,6,47.5722761187286,-59.0600723338145,"Saccharina_latissima","Random",0.25,0,NA,NA,NA
1498,"sw_newfoundland_gagnon",NA,"Magaree",7.2,"Magaree-41-2023-7",2023,7,6,47.5722761187286,-59.0600723338145,"Unidentified_kelp","Random",0.25,0,NA,NA,NA
1499,"sw_newfoundland_gagnon",NA,"Magaree",5.5,"Magaree-42-2023-7",2023,7,6,47.5723916568193,-59.0605410292092,"Agarum_clathratum","Random",0.25,0,NA,NA,NA
1500,"sw_newfoundland_gagnon",NA,"Magaree",5.5,"Magaree-42-2023-7",2023,7,6,47.5723916568193,-59.0605410292092,"Alaria_esculenta","Random",0.25,0,NA,NA,NA
1501,"sw_newfoundland_gagnon",NA,"Magaree",5.5,"Magaree-42-2023-7",2023,7,6,47.5723916568193,-59.0605410292092,"Laminaria_digitata","Random",0.25,0,NA,NA,NA
1502,"sw_newfoundland_gagnon",NA,"Magaree",5.5,"Magaree-42-2023-7",2023,7,6,47.5723916568193,-59.0605410292092,"Laminaria_solidungula","Random",0.25,0,NA,NA,NA
1503,"sw_newfoundland_gagnon",NA,"Magaree",5.5,"Magaree-42-2023-7",2023,7,6,47.5723916568193,-59.0605410292092,"Saccharina_longicruris","Random",0.25,0,NA,NA,NA
1504,"sw_newfoundland_gagnon",NA,"Magaree",5.5,"Magaree-42-2023-7",2023,7,6,47.5723916568193,-59.0605410292092,"Saccharina_latissima","Random",0.25,0,NA,NA,NA
1505,"sw_newfoundland_gagnon",NA,"Magaree",5.5,"Magaree-42-2023-7",2023,7,6,47.5723916568193,-59.0605410292092,"Unidentified_kelp","Random",0.25,0,NA,NA,NA
1506,"sw_newfoundland_gagnon",NA,"Magaree",3.6,"Magaree-43-2023-7",2023,7,6,47.5725011137227,-59.0610187379768,"Agarum_clathratum","Random",0.25,0,NA,NA,NA
1507,"sw_newfoundland_gagnon",NA,"Magaree",3.6,"Magaree-43-2023-7",2023,7,6,47.5725011137227,-59.0610187379768,"Alaria_esculenta","Random",0.25,0,NA,NA,NA
1508,"sw_newfoundland_gagnon",NA,"Magaree",3.6,"Magaree-43-2023-7",2023,7,6,47.5725011137227,-59.0610187379768,"Laminaria_digitata","Random",0.25,0,NA,NA,NA
1509,"sw_newfoundland_gagnon",NA,"Magaree",3.6,"Magaree-43-2023-7",2023,7,6,47.5725011137227,-59.0610187379768,"Laminaria_solidungula","Random",0.25,0,NA,NA,NA
1510,"sw_newfoundland_gagnon",NA,"Magaree",3.6,"Magaree-43-2023-7",2023,7,6,47.5725011137227,-59.0610187379768,"Saccharina_longicruris","Random",0.25,92,NA,NA,NA
1511,"sw_newfoundland_gagnon",NA,"Magaree",3.6,"Magaree-43-2023-7",2023,7,6,47.5725011137227,-59.0610187379768,"Saccharina_latissima","Random",0.25,0,NA,NA,NA
1512,"sw_newfoundland_gagnon",NA,"Magaree",3.6,"Magaree-43-2023-7",2023,7,6,47.5725011137227,-59.0610187379768,"Unidentified_kelp","Random",0.25,0,NA,NA,NA
1513,"sw_newfoundland_gagnon",NA,"Magaree",3,"Magaree-44-2023-7",2023,7,6,47.5727017841182,-59.0608024170254,"Agarum_clathratum","Random",0.25,0,NA,NA,NA
1514,"sw_newfoundland_gagnon",NA,"Magaree",3,"Magaree-44-2023-7",2023,7,6,47.5727017841182,-59.0608024170254,"Alaria_esculenta","Random",0.25,0,NA,NA,NA
1515,"sw_newfoundland_gagnon",NA,"Magaree",3,"Magaree-44-2023-7",2023,7,6,47.5727017841182,-59.0608024170254,"Laminaria_digitata","Random",0.25,0,NA,NA,NA
1516,"sw_newfoundland_gagnon",NA,"Magaree",3,"Magaree-44-2023-7",2023,7,6,47.5727017841182,-59.0608024170254,"Laminaria_solidungula","Random",0.25,0,NA,NA,NA
1517,"sw_newfoundland_gagnon",NA,"Magaree",3,"Magaree-44-2023-7",2023,7,6,47.5727017841182,-59.0608024170254,"Saccharina_longicruris","Random",0.25,88,NA,NA,NA
1518,"sw_newfoundland_gagnon",NA,"Magaree",3,"Magaree-44-2023-7",2023,7,6,47.5727017841182,-59.0608024170254,"Saccharina_latissima","Random",0.25,0,NA,NA,NA
1519,"sw_newfoundland_gagnon",NA,"Magaree",3,"Magaree-44-2023-7",2023,7,6,47.5727017841182,-59.0608024170254,"Unidentified_kelp","Random",0.25,0,NA,NA,NA
1520,"sw_newfoundland_gagnon",NA,"Magaree",1.9,"Magaree-45-2023-7",2023,7,6,47.5728963728582,-59.0614513798796,"Agarum_clathratum","Random",0.25,0,NA,NA,NA
1521,"sw_newfoundland_gagnon",NA,"Magaree",1.9,"Magaree-45-2023-7",2023,7,6,47.5728963728582,-59.0614513798796,"Alaria_esculenta","Random",0.25,0,NA,NA,NA
1522,"sw_newfoundland_gagnon",NA,"Magaree",1.9,"Magaree-45-2023-7",2023,7,6,47.5728963728582,-59.0614513798796,"Laminaria_digitata","Random",0.25,0,NA,NA,NA
1523,"sw_newfoundland_gagnon",NA,"Magaree",1.9,"Magaree-45-2023-7",2023,7,6,47.5728963728582,-59.0614513798796,"Laminaria_solidungula","Random",0.25,0,NA,NA,NA
1524,"sw_newfoundland_gagnon",NA,"Magaree",1.9,"Magaree-45-2023-7",2023,7,6,47.5728963728582,-59.0614513798796,"Saccharina_longicruris","Random",0.25,56,NA,NA,NA
1525,"sw_newfoundland_gagnon",NA,"Magaree",1.9,"Magaree-45-2023-7",2023,7,6,47.5728963728582,-59.0614513798796,"Saccharina_latissima","Random",0.25,0,NA,NA,NA
1526,"sw_newfoundland_gagnon",NA,"Magaree",1.9,"Magaree-45-2023-7",2023,7,6,47.5728963728582,-59.0614513798796,"Unidentified_kelp","Random",0.25,0,NA,NA,NA
1527,"sw_newfoundland_gagnon",NA,"Magaree",3.9,"Magaree-46-2023-7",2023,7,6,47.5726531368202,-59.061667700831,"Agarum_clathratum","Random",0.25,0,NA,NA,NA
1528,"sw_newfoundland_gagnon",NA,"Magaree",3.9,"Magaree-46-2023-7",2023,7,6,47.5726531368202,-59.061667700831,"Alaria_esculenta","Random",0.25,0,NA,NA,NA
1529,"sw_newfoundland_gagnon",NA,"Magaree",3.9,"Magaree-46-2023-7",2023,7,6,47.5726531368202,-59.061667700831,"Laminaria_digitata","Random",0.25,0,NA,NA,NA
1530,"sw_newfoundland_gagnon",NA,"Magaree",3.9,"Magaree-46-2023-7",2023,7,6,47.5726531368202,-59.061667700831,"Laminaria_solidungula","Random",0.25,0,NA,NA,NA
1531,"sw_newfoundland_gagnon",NA,"Magaree",3.9,"Magaree-46-2023-7",2023,7,6,47.5726531368202,-59.061667700831,"Saccharina_longicruris","Random",0.25,28,NA,NA,NA
1532,"sw_newfoundland_gagnon",NA,"Magaree",3.9,"Magaree-46-2023-7",2023,7,6,47.5726531368202,-59.061667700831,"Saccharina_latissima","Random",0.25,0,NA,NA,NA
1533,"sw_newfoundland_gagnon",NA,"Magaree",3.9,"Magaree-46-2023-7",2023,7,6,47.5726531368202,-59.061667700831,"Unidentified_kelp","Random",0.25,0,NA,NA,NA
1534,"sw_newfoundland_gagnon",NA,"Magaree",2.8,"Magaree-47-2023-7",2023,7,6,47.5724463852996,-59.0618750084094,"Agarum_clathratum","Random",0.25,0,NA,NA,NA
1535,"sw_newfoundland_gagnon",NA,"Magaree",2.8,"Magaree-47-2023-7",2023,7,6,47.5724463852996,-59.0618750084094,"Alaria_esculenta","Random",0.25,0,NA,NA,NA
1536,"sw_newfoundland_gagnon",NA,"Magaree",2.8,"Magaree-47-2023-7",2023,7,6,47.5724463852996,-59.0618750084094,"Laminaria_digitata","Random",0.25,0,NA,NA,NA
1537,"sw_newfoundland_gagnon",NA,"Magaree",2.8,"Magaree-47-2023-7",2023,7,6,47.5724463852996,-59.0618750084094,"Laminaria_solidungula","Random",0.25,0,NA,NA,NA
1538,"sw_newfoundland_gagnon",NA,"Magaree",2.8,"Magaree-47-2023-7",2023,7,6,47.5724463852996,-59.0618750084094,"Saccharina_longicruris","Random",0.25,72,NA,NA,NA
1539,"sw_newfoundland_gagnon",NA,"Magaree",2.8,"Magaree-47-2023-7",2023,7,6,47.5724463852996,-59.0618750084094,"Saccharina_latissima","Random",0.25,0,NA,NA,NA
1540,"sw_newfoundland_gagnon",NA,"Magaree",2.8,"Magaree-47-2023-7",2023,7,6,47.5724463852996,-59.0618750084094,"Unidentified_kelp","Random",0.25,0,NA,NA,NA
1541,"sw_newfoundland_gagnon",NA,"Magaree",5.3,"Magaree-48-2023-7",2023,7,6,47.5722274710352,-59.0619471153932,"Agarum_clathratum","Random",0.25,0,NA,NA,NA
1542,"sw_newfoundland_gagnon",NA,"Magaree",5.3,"Magaree-48-2023-7",2023,7,6,47.5722274710352,-59.0619471153932,"Alaria_esculenta","Random",0.25,0,NA,NA,NA
1543,"sw_newfoundland_gagnon",NA,"Magaree",5.3,"Magaree-48-2023-7",2023,7,6,47.5722274710352,-59.0619471153932,"Laminaria_digitata","Random",0.25,0,NA,NA,NA
1544,"sw_newfoundland_gagnon",NA,"Magaree",5.3,"Magaree-48-2023-7",2023,7,6,47.5722274710352,-59.0619471153932,"Laminaria_solidungula","Random",0.25,0,NA,NA,NA
1545,"sw_newfoundland_gagnon",NA,"Magaree",5.3,"Magaree-48-2023-7",2023,7,6,47.5722274710352,-59.0619471153932,"Saccharina_longicruris","Random",0.25,100,NA,NA,NA
1546,"sw_newfoundland_gagnon",NA,"Magaree",5.3,"Magaree-48-2023-7",2023,7,6,47.5722274710352,-59.0619471153932,"Saccharina_latissima","Random",0.25,0,NA,NA,NA
1547,"sw_newfoundland_gagnon",NA,"Magaree",5.3,"Magaree-48-2023-7",2023,7,6,47.5722274710352,-59.0619471153932,"Unidentified_kelp","Random",0.25,0,NA,NA,NA
1548,"sw_newfoundland_gagnon",NA,"Magaree",5,"Magaree-49-2023-7",2023,7,6,47.5719963938744,-59.0614153263877,"Agarum_clathratum","Random",0.25,0,NA,NA,NA
1549,"sw_newfoundland_gagnon",NA,"Magaree",5,"Magaree-49-2023-7",2023,7,6,47.5719963938744,-59.0614153263877,"Alaria_esculenta","Random",0.25,0,NA,NA,NA
1550,"sw_newfoundland_gagnon",NA,"Magaree",5,"Magaree-49-2023-7",2023,7,6,47.5719963938744,-59.0614153263877,"Laminaria_digitata","Random",0.25,0,NA,NA,NA
1551,"sw_newfoundland_gagnon",NA,"Magaree",5,"Magaree-49-2023-7",2023,7,6,47.5719963938744,-59.0614153263877,"Laminaria_solidungula","Random",0.25,0,NA,NA,NA
1552,"sw_newfoundland_gagnon",NA,"Magaree",5,"Magaree-49-2023-7",2023,7,6,47.5719963938744,-59.0614153263877,"Saccharina_longicruris","Random",0.25,20,NA,NA,NA
1553,"sw_newfoundland_gagnon",NA,"Magaree",5,"Magaree-49-2023-7",2023,7,6,47.5719963938744,-59.0614153263877,"Saccharina_latissima","Random",0.25,0,NA,NA,NA
1554,"sw_newfoundland_gagnon",NA,"Magaree",5,"Magaree-49-2023-7",2023,7,6,47.5719963938744,-59.0614153263877,"Unidentified_kelp","Random",0.25,0,NA,NA,NA
1555,"sw_newfoundland_gagnon",NA,"Magaree",7.9,"Magaree-50-2023-7",2023,7,6,47.5719477459211,-59.0607934036525,"Agarum_clathratum","Random",0.25,0,NA,NA,NA
1556,"sw_newfoundland_gagnon",NA,"Magaree",7.9,"Magaree-50-2023-7",2023,7,6,47.5719477459211,-59.0607934036525,"Alaria_esculenta","Random",0.25,0,NA,NA,NA
1557,"sw_newfoundland_gagnon",NA,"Magaree",7.9,"Magaree-50-2023-7",2023,7,6,47.5719477459211,-59.0607934036525,"Laminaria_digitata","Random",0.25,0,NA,NA,NA
1558,"sw_newfoundland_gagnon",NA,"Magaree",7.9,"Magaree-50-2023-7",2023,7,6,47.5719477459211,-59.0607934036525,"Laminaria_solidungula","Random",0.25,0,NA,NA,NA
1559,"sw_newfoundland_gagnon",NA,"Magaree",7.9,"Magaree-50-2023-7",2023,7,6,47.5719477459211,-59.0607934036525,"Saccharina_longicruris","Random",0.25,16,NA,NA,NA
1560,"sw_newfoundland_gagnon",NA,"Magaree",7.9,"Magaree-50-2023-7",2023,7,6,47.5719477459211,-59.0607934036525,"Saccharina_latissima","Random",0.25,0,NA,NA,NA
1561,"sw_newfoundland_gagnon",NA,"Magaree",7.9,"Magaree-50-2023-7",2023,7,6,47.5719477459211,-59.0607934036525,"Unidentified_kelp","Random",0.25,0,NA,NA,NA
1562,"sw_newfoundland_gagnon",NA,"Magaree",10.8,"Magaree-51-2023-7",2023,7,6,47.5718808549116,-59.0600723338145,"Agarum_clathratum","Random",0.25,0,NA,NA,NA
1563,"sw_newfoundland_gagnon",NA,"Magaree",10.8,"Magaree-51-2023-7",2023,7,6,47.5718808549116,-59.0600723338145,"Alaria_esculenta","Random",0.25,0,NA,NA,NA
1564,"sw_newfoundland_gagnon",NA,"Magaree",10.8,"Magaree-51-2023-7",2023,7,6,47.5718808549116,-59.0600723338145,"Laminaria_digitata","Random",0.25,0,NA,NA,NA
1565,"sw_newfoundland_gagnon",NA,"Magaree",10.8,"Magaree-51-2023-7",2023,7,6,47.5718808549116,-59.0600723338145,"Laminaria_solidungula","Random",0.25,0,NA,NA,NA
1566,"sw_newfoundland_gagnon",NA,"Magaree",10.8,"Magaree-51-2023-7",2023,7,6,47.5718808549116,-59.0600723338145,"Saccharina_longicruris","Random",0.25,0,NA,NA,NA
1567,"sw_newfoundland_gagnon",NA,"Magaree",10.8,"Magaree-51-2023-7",2023,7,6,47.5718808549116,-59.0600723338145,"Saccharina_latissima","Random",0.25,0,NA,NA,NA
1568,"sw_newfoundland_gagnon",NA,"Magaree",10.8,"Magaree-51-2023-7",2023,7,6,47.5718808549116,-59.0600723338145,"Unidentified_kelp","Random",0.25,0,NA,NA,NA
1569,"sw_newfoundland_gagnon",NA,"Magaree",11,"Magaree-52-2023-7",2023,7,6,47.5722578758488,-59.0603247082578,"Agarum_clathratum","Random",0.25,0,NA,NA,NA
1570,"sw_newfoundland_gagnon",NA,"Magaree",11,"Magaree-52-2023-7",2023,7,6,47.5722578758488,-59.0603247082578,"Alaria_esculenta","Random",0.25,0,NA,NA,NA
1571,"sw_newfoundland_gagnon",NA,"Magaree",11,"Magaree-52-2023-7",2023,7,6,47.5722578758488,-59.0603247082578,"Laminaria_digitata","Random",0.25,0,NA,NA,NA
1572,"sw_newfoundland_gagnon",NA,"Magaree",11,"Magaree-52-2023-7",2023,7,6,47.5722578758488,-59.0603247082578,"Laminaria_solidungula","Random",0.25,0,NA,NA,NA
1573,"sw_newfoundland_gagnon",NA,"Magaree",11,"Magaree-52-2023-7",2023,7,6,47.5722578758488,-59.0603247082578,"Saccharina_longicruris","Random",0.25,0,NA,NA,NA
1574,"sw_newfoundland_gagnon",NA,"Magaree",11,"Magaree-52-2023-7",2023,7,6,47.5722578758488,-59.0603247082578,"Saccharina_latissima","Random",0.25,0,NA,NA,NA
1575,"sw_newfoundland_gagnon",NA,"Magaree",11,"Magaree-52-2023-7",2023,7,6,47.5722578758488,-59.0603247082578,"Unidentified_kelp","Random",0.25,0,NA,NA,NA
1576,"sw_newfoundland_gagnon",NA,"Magaree",7.7,"Magaree-54-2023-7",2023,7,6,47.571704505477,-59.0595225180631,"Agarum_clathratum","Random",0.25,0,NA,NA,NA
1577,"sw_newfoundland_gagnon",NA,"Magaree",7.7,"Magaree-54-2023-7",2023,7,6,47.571704505477,-59.0595225180631,"Alaria_esculenta","Random",0.25,0,NA,NA,NA
1578,"sw_newfoundland_gagnon",NA,"Magaree",7.7,"Magaree-54-2023-7",2023,7,6,47.571704505477,-59.0595225180631,"Laminaria_digitata","Random",0.25,0,NA,NA,NA
1579,"sw_newfoundland_gagnon",NA,"Magaree",7.7,"Magaree-54-2023-7",2023,7,6,47.571704505477,-59.0595225180631,"Laminaria_solidungula","Random",0.25,0,NA,NA,NA
1580,"sw_newfoundland_gagnon",NA,"Magaree",7.7,"Magaree-54-2023-7",2023,7,6,47.571704505477,-59.0595225180631,"Saccharina_longicruris","Random",0.25,92,NA,NA,NA
1581,"sw_newfoundland_gagnon",NA,"Magaree",7.7,"Magaree-54-2023-7",2023,7,6,47.571704505477,-59.0595225180631,"Saccharina_latissima","Random",0.25,0,NA,NA,NA
1582,"sw_newfoundland_gagnon",NA,"Magaree",7.7,"Magaree-54-2023-7",2023,7,6,47.571704505477,-59.0595225180631,"Unidentified_kelp","Random",0.25,0,NA,NA,NA
1583,"sw_newfoundland_gagnon",NA,"Magaree",6.1,"Magaree-55-2023-7",2023,7,6,47.5715768037916,-59.0590628360414,"Agarum_clathratum","Random",0.25,0,NA,NA,NA
1584,"sw_newfoundland_gagnon",NA,"Magaree",6.1,"Magaree-55-2023-7",2023,7,6,47.5715768037916,-59.0590628360414,"Alaria_esculenta","Random",0.25,0,NA,NA,NA
1585,"sw_newfoundland_gagnon",NA,"Magaree",6.1,"Magaree-55-2023-7",2023,7,6,47.5715768037916,-59.0590628360414,"Laminaria_digitata","Random",0.25,0,NA,NA,NA
1586,"sw_newfoundland_gagnon",NA,"Magaree",6.1,"Magaree-55-2023-7",2023,7,6,47.5715768037916,-59.0590628360414,"Laminaria_solidungula","Random",0.25,0,NA,NA,NA
1587,"sw_newfoundland_gagnon",NA,"Magaree",6.1,"Magaree-55-2023-7",2023,7,6,47.5715768037916,-59.0590628360414,"Saccharina_longicruris","Random",0.25,8,NA,NA,NA
1588,"sw_newfoundland_gagnon",NA,"Magaree",6.1,"Magaree-55-2023-7",2023,7,6,47.5715768037916,-59.0590628360414,"Saccharina_latissima","Random",0.25,0,NA,NA,NA
1589,"sw_newfoundland_gagnon",NA,"Magaree",6.1,"Magaree-55-2023-7",2023,7,6,47.5715768037916,-59.0590628360414,"Unidentified_kelp","Random",0.25,0,NA,NA,NA
1590,"sw_newfoundland_gagnon",NA,"Magaree",3.6,"Magaree-56-2023-7",2023,7,6,47.5713943722722,-59.0585761139008,"Agarum_clathratum","Random",0.25,0,NA,NA,NA
1591,"sw_newfoundland_gagnon",NA,"Magaree",3.6,"Magaree-56-2023-7",2023,7,6,47.5713943722722,-59.0585761139008,"Alaria_esculenta","Random",0.25,0,NA,NA,NA
1592,"sw_newfoundland_gagnon",NA,"Magaree",3.6,"Magaree-56-2023-7",2023,7,6,47.5713943722722,-59.0585761139008,"Laminaria_digitata","Random",0.25,0,NA,NA,NA
1593,"sw_newfoundland_gagnon",NA,"Magaree",3.6,"Magaree-56-2023-7",2023,7,6,47.5713943722722,-59.0585761139008,"Laminaria_solidungula","Random",0.25,0,NA,NA,NA
1594,"sw_newfoundland_gagnon",NA,"Magaree",3.6,"Magaree-56-2023-7",2023,7,6,47.5713943722722,-59.0585761139008,"Saccharina_longicruris","Random",0.25,64,NA,NA,NA
1595,"sw_newfoundland_gagnon",NA,"Magaree",3.6,"Magaree-56-2023-7",2023,7,6,47.5713943722722,-59.0585761139008,"Saccharina_latissima","Random",0.25,0,NA,NA,NA
1596,"sw_newfoundland_gagnon",NA,"Magaree",3.6,"Magaree-56-2023-7",2023,7,6,47.5713943722722,-59.0585761139008,"Unidentified_kelp","Random",0.25,0,NA,NA,NA
1597,"sw_newfoundland_gagnon",NA,"Magaree",2.4,"Magaree-57-2023-7",2023,7,6,47.5712909941292,-59.0581164318791,"Agarum_clathratum","Random",0.25,0,NA,NA,NA
1598,"sw_newfoundland_gagnon",NA,"Magaree",2.4,"Magaree-57-2023-7",2023,7,6,47.5712909941292,-59.0581164318791,"Alaria_esculenta","Random",0.25,0,NA,NA,NA
1599,"sw_newfoundland_gagnon",NA,"Magaree",2.4,"Magaree-57-2023-7",2023,7,6,47.5712909941292,-59.0581164318791,"Laminaria_digitata","Random",0.25,0,NA,NA,NA
1600,"sw_newfoundland_gagnon",NA,"Magaree",2.4,"Magaree-57-2023-7",2023,7,6,47.5712909941292,-59.0581164318791,"Laminaria_solidungula","Random",0.25,0,NA,NA,NA
1601,"sw_newfoundland_gagnon",NA,"Magaree",2.4,"Magaree-57-2023-7",2023,7,6,47.5712909941292,-59.0581164318791,"Saccharina_longicruris","Random",0.25,60,NA,NA,NA
1602,"sw_newfoundland_gagnon",NA,"Magaree",2.4,"Magaree-57-2023-7",2023,7,6,47.5712909941292,-59.0581164318791,"Saccharina_latissima","Random",0.25,0,NA,NA,NA
1603,"sw_newfoundland_gagnon",NA,"Magaree",2.4,"Magaree-57-2023-7",2023,7,6,47.5712909941292,-59.0581164318791,"Unidentified_kelp","Random",0.25,0,NA,NA,NA
1604,"sw_newfoundland_gagnon",NA,"Magaree",3.9,"Magaree-58-2023-7",2023,7,6,47.5714186965115,-59.0577558969601,"Agarum_clathratum","Random",0.25,0,NA,NA,NA
1605,"sw_newfoundland_gagnon",NA,"Magaree",3.9,"Magaree-58-2023-7",2023,7,6,47.5714186965115,-59.0577558969601,"Alaria_esculenta","Random",0.25,0,NA,NA,NA
1606,"sw_newfoundland_gagnon",NA,"Magaree",3.9,"Magaree-58-2023-7",2023,7,6,47.5714186965115,-59.0577558969601,"Laminaria_digitata","Random",0.25,0,NA,NA,NA
1607,"sw_newfoundland_gagnon",NA,"Magaree",3.9,"Magaree-58-2023-7",2023,7,6,47.5714186965115,-59.0577558969601,"Laminaria_solidungula","Random",0.25,0,NA,NA,NA
1608,"sw_newfoundland_gagnon",NA,"Magaree",3.9,"Magaree-58-2023-7",2023,7,6,47.5714186965115,-59.0577558969601,"Saccharina_longicruris","Random",0.25,96,NA,NA,NA
1609,"sw_newfoundland_gagnon",NA,"Magaree",3.9,"Magaree-58-2023-7",2023,7,6,47.5714186965115,-59.0577558969601,"Saccharina_latissima","Random",0.25,0,NA,NA,NA
1610,"sw_newfoundland_gagnon",NA,"Magaree",3.9,"Magaree-58-2023-7",2023,7,6,47.5714186965115,-59.0577558969601,"Unidentified_kelp","Random",0.25,0,NA,NA,NA
1611,"sw_newfoundland_gagnon",NA,"Magaree",5.7,"Magaree-59-2023-7",2023,7,6,47.5717349105943,-59.0580082714034,"Agarum_clathratum","Random",0.25,0,NA,NA,NA
1612,"sw_newfoundland_gagnon",NA,"Magaree",5.7,"Magaree-59-2023-7",2023,7,6,47.5717349105943,-59.0580082714034,"Alaria_esculenta","Random",0.25,0,NA,NA,NA
1613,"sw_newfoundland_gagnon",NA,"Magaree",5.7,"Magaree-59-2023-7",2023,7,6,47.5717349105943,-59.0580082714034,"Laminaria_digitata","Random",0.25,0,NA,NA,NA
1614,"sw_newfoundland_gagnon",NA,"Magaree",5.7,"Magaree-59-2023-7",2023,7,6,47.5717349105943,-59.0580082714034,"Laminaria_solidungula","Random",0.25,0,NA,NA,NA
1615,"sw_newfoundland_gagnon",NA,"Magaree",5.7,"Magaree-59-2023-7",2023,7,6,47.5717349105943,-59.0580082714034,"Saccharina_longicruris","Random",0.25,0,NA,NA,NA
1616,"sw_newfoundland_gagnon",NA,"Magaree",5.7,"Magaree-59-2023-7",2023,7,6,47.5717349105943,-59.0580082714034,"Saccharina_latissima","Random",0.25,0,NA,NA,NA
1617,"sw_newfoundland_gagnon",NA,"Magaree",5.7,"Magaree-59-2023-7",2023,7,6,47.5717349105943,-59.0580082714034,"Unidentified_kelp","Random",0.25,0,NA,NA,NA
1618,"sw_newfoundland_gagnon",NA,"Magaree",5.5,"Magaree-60-2023-7",2023,7,6,47.5719963938744,-59.0585310470359,"Agarum_clathratum","Random",0.25,0,NA,NA,NA
1619,"sw_newfoundland_gagnon",NA,"Magaree",5.5,"Magaree-60-2023-7",2023,7,6,47.5719963938744,-59.0585310470359,"Alaria_esculenta","Random",0.25,0,NA,NA,NA
1620,"sw_newfoundland_gagnon",NA,"Magaree",5.5,"Magaree-60-2023-7",2023,7,6,47.5719963938744,-59.0585310470359,"Laminaria_digitata","Random",0.25,0,NA,NA,NA
1621,"sw_newfoundland_gagnon",NA,"Magaree",5.5,"Magaree-60-2023-7",2023,7,6,47.5719963938744,-59.0585310470359,"Laminaria_solidungula","Random",0.25,0,NA,NA,NA
1622,"sw_newfoundland_gagnon",NA,"Magaree",5.5,"Magaree-60-2023-7",2023,7,6,47.5719963938744,-59.0585310470359,"Saccharina_longicruris","Random",0.25,4,NA,NA,NA
1623,"sw_newfoundland_gagnon",NA,"Magaree",5.5,"Magaree-60-2023-7",2023,7,6,47.5719963938744,-59.0585310470359,"Saccharina_latissima","Random",0.25,0,NA,NA,NA
1624,"sw_newfoundland_gagnon",NA,"Magaree",5.5,"Magaree-60-2023-7",2023,7,6,47.5719963938744,-59.0585310470359,"Unidentified_kelp","Random",0.25,0,NA,NA,NA
1625,"sw_newfoundland_gagnon",NA,"Magaree",4.8,"Magaree-61-2023-7",2023,7,6,47.5722092281385,-59.0585671005278,"Agarum_clathratum","Random",0.25,0,NA,NA,NA
1626,"sw_newfoundland_gagnon",NA,"Magaree",4.8,"Magaree-61-2023-7",2023,7,6,47.5722092281385,-59.0585671005278,"Alaria_esculenta","Random",0.25,0,NA,NA,NA
1627,"sw_newfoundland_gagnon",NA,"Magaree",4.8,"Magaree-61-2023-7",2023,7,6,47.5722092281385,-59.0585671005278,"Laminaria_digitata","Random",0.25,0,NA,NA,NA
1628,"sw_newfoundland_gagnon",NA,"Magaree",4.8,"Magaree-61-2023-7",2023,7,6,47.5722092281385,-59.0585671005278,"Laminaria_solidungula","Random",0.25,0,NA,NA,NA
1629,"sw_newfoundland_gagnon",NA,"Magaree",4.8,"Magaree-61-2023-7",2023,7,6,47.5722092281385,-59.0585671005278,"Saccharina_longicruris","Random",0.25,0,NA,NA,NA
1630,"sw_newfoundland_gagnon",NA,"Magaree",4.8,"Magaree-61-2023-7",2023,7,6,47.5722092281385,-59.0585671005278,"Saccharina_latissima","Random",0.25,0,NA,NA,NA
1631,"sw_newfoundland_gagnon",NA,"Magaree",4.8,"Magaree-61-2023-7",2023,7,6,47.5722092281385,-59.0585671005278,"Unidentified_kelp","Random",0.25,0,NA,NA,NA
1632,"sw_newfoundland_gagnon",NA,"Magaree",4,"Magaree-62-2023-7",2023,7,6,47.5721666613549,-59.0581254452521,"Agarum_clathratum","Random",0.25,0,NA,NA,NA
1633,"sw_newfoundland_gagnon",NA,"Magaree",4,"Magaree-62-2023-7",2023,7,6,47.5721666613549,-59.0581254452521,"Alaria_esculenta","Random",0.25,0,NA,NA,NA
1634,"sw_newfoundland_gagnon",NA,"Magaree",4,"Magaree-62-2023-7",2023,7,6,47.5721666613549,-59.0581254452521,"Laminaria_digitata","Random",0.25,0,NA,NA,NA
1635,"sw_newfoundland_gagnon",NA,"Magaree",4,"Magaree-62-2023-7",2023,7,6,47.5721666613549,-59.0581254452521,"Laminaria_solidungula","Random",0.25,0,NA,NA,NA
1636,"sw_newfoundland_gagnon",NA,"Magaree",4,"Magaree-62-2023-7",2023,7,6,47.5721666613549,-59.0581254452521,"Saccharina_longicruris","Random",0.25,0,NA,NA,NA
1637,"sw_newfoundland_gagnon",NA,"Magaree",4,"Magaree-62-2023-7",2023,7,6,47.5721666613549,-59.0581254452521,"Saccharina_latissima","Random",0.25,0,NA,NA,NA
1638,"sw_newfoundland_gagnon",NA,"Magaree",4,"Magaree-62-2023-7",2023,7,6,47.5721666613549,-59.0581254452521,"Unidentified_kelp","Random",0.25,0,NA,NA,NA
1639,"sw_newfoundland_gagnon",NA,"Magaree",3.1,"Magaree-63-2023-7",2023,7,6,47.5721849042664,-59.0577018167223,"Agarum_clathratum","Random",0.25,16,NA,NA,NA
1640,"sw_newfoundland_gagnon",NA,"Magaree",3.1,"Magaree-63-2023-7",2023,7,6,47.5721849042664,-59.0577018167223,"Alaria_esculenta","Random",0.25,0,NA,NA,NA
1641,"sw_newfoundland_gagnon",NA,"Magaree",3.1,"Magaree-63-2023-7",2023,7,6,47.5721849042664,-59.0577018167223,"Laminaria_digitata","Random",0.25,0,NA,NA,NA
1642,"sw_newfoundland_gagnon",NA,"Magaree",3.1,"Magaree-63-2023-7",2023,7,6,47.5721849042664,-59.0577018167223,"Laminaria_solidungula","Random",0.25,0,NA,NA,NA
1643,"sw_newfoundland_gagnon",NA,"Magaree",3.1,"Magaree-63-2023-7",2023,7,6,47.5721849042664,-59.0577018167223,"Saccharina_longicruris","Random",0.25,76,NA,NA,NA
1644,"sw_newfoundland_gagnon",NA,"Magaree",3.1,"Magaree-63-2023-7",2023,7,6,47.5721849042664,-59.0577018167223,"Saccharina_latissima","Random",0.25,0,NA,NA,NA
1645,"sw_newfoundland_gagnon",NA,"Magaree",3.1,"Magaree-63-2023-7",2023,7,6,47.5721849042664,-59.0577018167223,"Unidentified_kelp","Random",0.25,0,NA,NA,NA
1646,"sw_newfoundland_gagnon",NA,"Magaree",4.3,"Magaree-64-2023-7",2023,7,6,47.5719781508972,-59.0575125358898,"Agarum_clathratum","Random",0.25,0,NA,NA,NA
1647,"sw_newfoundland_gagnon",NA,"Magaree",4.3,"Magaree-64-2023-7",2023,7,6,47.5719781508972,-59.0575125358898,"Alaria_esculenta","Random",0.25,0,NA,NA,NA
1648,"sw_newfoundland_gagnon",NA,"Magaree",4.3,"Magaree-64-2023-7",2023,7,6,47.5719781508972,-59.0575125358898,"Laminaria_digitata","Random",0.25,0,NA,NA,NA
1649,"sw_newfoundland_gagnon",NA,"Magaree",4.3,"Magaree-64-2023-7",2023,7,6,47.5719781508972,-59.0575125358898,"Laminaria_solidungula","Random",0.25,0,NA,NA,NA
1650,"sw_newfoundland_gagnon",NA,"Magaree",4.3,"Magaree-64-2023-7",2023,7,6,47.5719781508972,-59.0575125358898,"Saccharina_longicruris","Random",0.25,64,NA,NA,NA
1651,"sw_newfoundland_gagnon",NA,"Magaree",4.3,"Magaree-64-2023-7",2023,7,6,47.5719781508972,-59.0575125358898,"Saccharina_latissima","Random",0.25,0,NA,NA,NA
1652,"sw_newfoundland_gagnon",NA,"Magaree",4.3,"Magaree-64-2023-7",2023,7,6,47.5719781508972,-59.0575125358898,"Unidentified_kelp","Random",0.25,0,NA,NA,NA
1653,"sw_newfoundland_gagnon",NA,"Magaree",2.8,"Magaree-65-2023-7",2023,7,6,47.5716680193129,-59.0577829370791,"Agarum_clathratum","Random",0.25,0,NA,NA,NA
1654,"sw_newfoundland_gagnon",NA,"Magaree",2.8,"Magaree-65-2023-7",2023,7,6,47.5716680193129,-59.0577829370791,"Alaria_esculenta","Random",0.25,0,NA,NA,NA
1655,"sw_newfoundland_gagnon",NA,"Magaree",2.8,"Magaree-65-2023-7",2023,7,6,47.5716680193129,-59.0577829370791,"Laminaria_digitata","Random",0.25,0,NA,NA,NA
1656,"sw_newfoundland_gagnon",NA,"Magaree",2.8,"Magaree-65-2023-7",2023,7,6,47.5716680193129,-59.0577829370791,"Laminaria_solidungula","Random",0.25,0,NA,NA,NA
1657,"sw_newfoundland_gagnon",NA,"Magaree",2.8,"Magaree-65-2023-7",2023,7,6,47.5716680193129,-59.0577829370791,"Saccharina_longicruris","Random",0.25,0,NA,NA,NA
1658,"sw_newfoundland_gagnon",NA,"Magaree",2.8,"Magaree-65-2023-7",2023,7,6,47.5716680193129,-59.0577829370791,"Saccharina_latissima","Random",0.25,0,NA,NA,NA
1659,"sw_newfoundland_gagnon",NA,"Magaree",2.8,"Magaree-65-2023-7",2023,7,6,47.5716680193129,-59.0577829370791,"Unidentified_kelp","Random",0.25,0,NA,NA,NA
1660,"sw_newfoundland_gagnon",NA,"Magaree",6.1,"Magaree-66-2023-7",2023,7,6,47.5709930206927,-59.0581795254899,"Agarum_clathratum","Random",0.25,0,NA,NA,NA
1661,"sw_newfoundland_gagnon",NA,"Magaree",6.1,"Magaree-66-2023-7",2023,7,6,47.5709930206927,-59.0581795254899,"Alaria_esculenta","Random",0.25,0,NA,NA,NA
1662,"sw_newfoundland_gagnon",NA,"Magaree",6.1,"Magaree-66-2023-7",2023,7,6,47.5709930206927,-59.0581795254899,"Laminaria_digitata","Random",0.25,0,NA,NA,NA
1663,"sw_newfoundland_gagnon",NA,"Magaree",6.1,"Magaree-66-2023-7",2023,7,6,47.5709930206927,-59.0581795254899,"Laminaria_solidungula","Random",0.25,0,NA,NA,NA
1664,"sw_newfoundland_gagnon",NA,"Magaree",6.1,"Magaree-66-2023-7",2023,7,6,47.5709930206927,-59.0581795254899,"Saccharina_longicruris","Random",0.25,0,NA,NA,NA
1665,"sw_newfoundland_gagnon",NA,"Magaree",6.1,"Magaree-66-2023-7",2023,7,6,47.5709930206927,-59.0581795254899,"Saccharina_latissima","Random",0.25,0,NA,NA,NA
1666,"sw_newfoundland_gagnon",NA,"Magaree",6.1,"Magaree-66-2023-7",2023,7,6,47.5709930206927,-59.0581795254899,"Unidentified_kelp","Random",0.25,4,NA,NA,NA
1667,"sw_newfoundland_gagnon",NA,"Magaree",3.8,"Magaree-67-2023-7",2023,7,6,47.5707801814859,-59.0585310470359,"Agarum_clathratum","Random",0.25,0,NA,NA,NA
1668,"sw_newfoundland_gagnon",NA,"Magaree",3.8,"Magaree-67-2023-7",2023,7,6,47.5707801814859,-59.0585310470359,"Alaria_esculenta","Random",0.25,0,NA,NA,NA
1669,"sw_newfoundland_gagnon",NA,"Magaree",3.8,"Magaree-67-2023-7",2023,7,6,47.5707801814859,-59.0585310470359,"Laminaria_digitata","Random",0.25,0,NA,NA,NA
1670,"sw_newfoundland_gagnon",NA,"Magaree",3.8,"Magaree-67-2023-7",2023,7,6,47.5707801814859,-59.0585310470359,"Laminaria_solidungula","Random",0.25,60,NA,NA,NA
1671,"sw_newfoundland_gagnon",NA,"Magaree",3.8,"Magaree-67-2023-7",2023,7,6,47.5707801814859,-59.0585310470359,"Saccharina_longicruris","Random",0.25,32,NA,NA,NA
1672,"sw_newfoundland_gagnon",NA,"Magaree",3.8,"Magaree-67-2023-7",2023,7,6,47.5707801814859,-59.0585310470359,"Saccharina_latissima","Random",0.25,0,NA,NA,NA
1673,"sw_newfoundland_gagnon",NA,"Magaree",3.8,"Magaree-67-2023-7",2023,7,6,47.5707801814859,-59.0585310470359,"Unidentified_kelp","Random",0.25,0,NA,NA,NA
1674,"sw_newfoundland_gagnon",NA,"Magaree",5.2,"Magaree-68-2023-7",2023,7,6,47.5709747773661,-59.0589727023117,"Agarum_clathratum","Random",0.25,0,NA,NA,NA
1675,"sw_newfoundland_gagnon",NA,"Magaree",5.2,"Magaree-68-2023-7",2023,7,6,47.5709747773661,-59.0589727023117,"Alaria_esculenta","Random",0.25,0,NA,NA,NA
1676,"sw_newfoundland_gagnon",NA,"Magaree",5.2,"Magaree-68-2023-7",2023,7,6,47.5709747773661,-59.0589727023117,"Laminaria_digitata","Random",0.25,0,NA,NA,NA
1677,"sw_newfoundland_gagnon",NA,"Magaree",5.2,"Magaree-68-2023-7",2023,7,6,47.5709747773661,-59.0589727023117,"Laminaria_solidungula","Random",0.25,36,NA,NA,NA
1678,"sw_newfoundland_gagnon",NA,"Magaree",5.2,"Magaree-68-2023-7",2023,7,6,47.5709747773661,-59.0589727023117,"Saccharina_longicruris","Random",0.25,36,NA,NA,NA
1679,"sw_newfoundland_gagnon",NA,"Magaree",5.2,"Magaree-68-2023-7",2023,7,6,47.5709747773661,-59.0589727023117,"Saccharina_latissima","Random",0.25,0,NA,NA,NA
1680,"sw_newfoundland_gagnon",NA,"Magaree",5.2,"Magaree-68-2023-7",2023,7,6,47.5709747773661,-59.0589727023117,"Unidentified_kelp","Random",0.25,0,NA,NA,NA
1681,"sw_newfoundland_gagnon",NA,"Magaree",5.8,"Magaree-69-2023-7",2023,7,6,47.5712666698306,-59.0594684378252,"Agarum_clathratum","Random",0.25,0,NA,NA,NA
1682,"sw_newfoundland_gagnon",NA,"Magaree",5.8,"Magaree-69-2023-7",2023,7,6,47.5712666698306,-59.0594684378252,"Alaria_esculenta","Random",0.25,0,NA,NA,NA
1683,"sw_newfoundland_gagnon",NA,"Magaree",5.8,"Magaree-69-2023-7",2023,7,6,47.5712666698306,-59.0594684378252,"Laminaria_digitata","Random",0.25,0,NA,NA,NA
1684,"sw_newfoundland_gagnon",NA,"Magaree",5.8,"Magaree-69-2023-7",2023,7,6,47.5712666698306,-59.0594684378252,"Laminaria_solidungula","Random",0.25,0,NA,NA,NA
1685,"sw_newfoundland_gagnon",NA,"Magaree",5.8,"Magaree-69-2023-7",2023,7,6,47.5712666698306,-59.0594684378252,"Saccharina_longicruris","Random",0.25,64,NA,NA,NA
1686,"sw_newfoundland_gagnon",NA,"Magaree",5.8,"Magaree-69-2023-7",2023,7,6,47.5712666698306,-59.0594684378252,"Saccharina_latissima","Random",0.25,0,NA,NA,NA
1687,"sw_newfoundland_gagnon",NA,"Magaree",5.8,"Magaree-69-2023-7",2023,7,6,47.5712666698306,-59.0594684378252,"Unidentified_kelp","Random",0.25,0,NA,NA,NA
1688,"sw_newfoundland_gagnon",NA,"Magaree",10.7,"Magaree-70-2023-7",2023,7,6,47.5714004533331,-59.0600362803226,"Agarum_clathratum","Random",0.25,0,NA,NA,NA
1689,"sw_newfoundland_gagnon",NA,"Magaree",10.7,"Magaree-70-2023-7",2023,7,6,47.5714004533331,-59.0600362803226,"Alaria_esculenta","Random",0.25,0,NA,NA,NA
1690,"sw_newfoundland_gagnon",NA,"Magaree",10.7,"Magaree-70-2023-7",2023,7,6,47.5714004533331,-59.0600362803226,"Laminaria_digitata","Random",0.25,0,NA,NA,NA
1691,"sw_newfoundland_gagnon",NA,"Magaree",10.7,"Magaree-70-2023-7",2023,7,6,47.5714004533331,-59.0600362803226,"Laminaria_solidungula","Random",0.25,0,NA,NA,NA
1692,"sw_newfoundland_gagnon",NA,"Magaree",10.7,"Magaree-70-2023-7",2023,7,6,47.5714004533331,-59.0600362803226,"Saccharina_longicruris","Random",0.25,32,NA,NA,NA
1693,"sw_newfoundland_gagnon",NA,"Magaree",10.7,"Magaree-70-2023-7",2023,7,6,47.5714004533331,-59.0600362803226,"Saccharina_latissima","Random",0.25,0,NA,NA,NA
1694,"sw_newfoundland_gagnon",NA,"Magaree",10.7,"Magaree-70-2023-7",2023,7,6,47.5714004533331,-59.0600362803226,"Unidentified_kelp","Random",0.25,0,NA,NA,NA
1695,"sw_newfoundland_gagnon",NA,"Magaree",8,"Magaree-71-2023-7",2023,7,6,47.5716558572526,-59.0605320158362,"Agarum_clathratum","Random",0.25,0,NA,NA,NA
1696,"sw_newfoundland_gagnon",NA,"Magaree",8,"Magaree-71-2023-7",2023,7,6,47.5716558572526,-59.0605320158362,"Alaria_esculenta","Random",0.25,0,NA,NA,NA
1697,"sw_newfoundland_gagnon",NA,"Magaree",8,"Magaree-71-2023-7",2023,7,6,47.5716558572526,-59.0605320158362,"Laminaria_digitata","Random",0.25,0,NA,NA,NA
1698,"sw_newfoundland_gagnon",NA,"Magaree",8,"Magaree-71-2023-7",2023,7,6,47.5716558572526,-59.0605320158362,"Laminaria_solidungula","Random",0.25,0,NA,NA,NA
1699,"sw_newfoundland_gagnon",NA,"Magaree",8,"Magaree-71-2023-7",2023,7,6,47.5716558572526,-59.0605320158362,"Saccharina_longicruris","Random",0.25,0,NA,NA,NA
1700,"sw_newfoundland_gagnon",NA,"Magaree",8,"Magaree-71-2023-7",2023,7,6,47.5716558572526,-59.0605320158362,"Saccharina_latissima","Random",0.25,0,NA,NA,NA
1701,"sw_newfoundland_gagnon",NA,"Magaree",8,"Magaree-71-2023-7",2023,7,6,47.5716558572526,-59.0605320158362,"Unidentified_kelp","Random",0.25,0,NA,NA,NA
1702,"sw_newfoundland_gagnon",NA,"Magaree",6.4,"Magaree-72-2023-7",2023,7,6,47.5717835587453,-59.060964657739,"Agarum_clathratum","Random",0.25,0,NA,NA,NA
1703,"sw_newfoundland_gagnon",NA,"Magaree",6.4,"Magaree-72-2023-7",2023,7,6,47.5717835587453,-59.060964657739,"Alaria_esculenta","Random",0.25,0,NA,NA,NA
1704,"sw_newfoundland_gagnon",NA,"Magaree",6.4,"Magaree-72-2023-7",2023,7,6,47.5717835587453,-59.060964657739,"Laminaria_digitata","Random",0.25,0,NA,NA,NA
1705,"sw_newfoundland_gagnon",NA,"Magaree",6.4,"Magaree-72-2023-7",2023,7,6,47.5717835587453,-59.060964657739,"Laminaria_solidungula","Random",0.25,0,NA,NA,NA
1706,"sw_newfoundland_gagnon",NA,"Magaree",6.4,"Magaree-72-2023-7",2023,7,6,47.5717835587453,-59.060964657739,"Saccharina_longicruris","Random",0.25,0,NA,NA,NA
1707,"sw_newfoundland_gagnon",NA,"Magaree",6.4,"Magaree-72-2023-7",2023,7,6,47.5717835587453,-59.060964657739,"Saccharina_latissima","Random",0.25,0,NA,NA,NA
1708,"sw_newfoundland_gagnon",NA,"Magaree",6.4,"Magaree-72-2023-7",2023,7,6,47.5717835587453,-59.060964657739,"Unidentified_kelp","Random",0.25,0,NA,NA,NA
1709,"sw_newfoundland_gagnon",NA,"Magaree",5,"Magaree-73-2023-7",2023,7,6,47.5717592346754,-59.0615595403553,"Agarum_clathratum","Random",0.25,0,NA,NA,NA
1710,"sw_newfoundland_gagnon",NA,"Magaree",5,"Magaree-73-2023-7",2023,7,6,47.5717592346754,-59.0615595403553,"Alaria_esculenta","Random",0.25,0,NA,NA,NA
1711,"sw_newfoundland_gagnon",NA,"Magaree",5,"Magaree-73-2023-7",2023,7,6,47.5717592346754,-59.0615595403553,"Laminaria_digitata","Random",0.25,0,NA,NA,NA
1712,"sw_newfoundland_gagnon",NA,"Magaree",5,"Magaree-73-2023-7",2023,7,6,47.5717592346754,-59.0615595403553,"Laminaria_solidungula","Random",0.25,0,NA,NA,NA
1713,"sw_newfoundland_gagnon",NA,"Magaree",5,"Magaree-73-2023-7",2023,7,6,47.5717592346754,-59.0615595403553,"Saccharina_longicruris","Random",0.25,72,NA,NA,NA
1714,"sw_newfoundland_gagnon",NA,"Magaree",5,"Magaree-73-2023-7",2023,7,6,47.5717592346754,-59.0615595403553,"Saccharina_latissima","Random",0.25,0,NA,NA,NA
1715,"sw_newfoundland_gagnon",NA,"Magaree",5,"Magaree-73-2023-7",2023,7,6,47.5717592346754,-59.0615595403553,"Unidentified_kelp","Random",0.25,0,NA,NA,NA
1716,"sw_newfoundland_gagnon",NA,"Magaree",4.9,"Magaree-74-2023-7",2023,7,6,47.5718990979227,-59.0619381020202,"Agarum_clathratum","Random",0.25,0,NA,NA,NA
1717,"sw_newfoundland_gagnon",NA,"Magaree",4.9,"Magaree-74-2023-7",2023,7,6,47.5718990979227,-59.0619381020202,"Alaria_esculenta","Random",0.25,0,NA,NA,NA
1718,"sw_newfoundland_gagnon",NA,"Magaree",4.9,"Magaree-74-2023-7",2023,7,6,47.5718990979227,-59.0619381020202,"Laminaria_digitata","Random",0.25,0,NA,NA,NA
1719,"sw_newfoundland_gagnon",NA,"Magaree",4.9,"Magaree-74-2023-7",2023,7,6,47.5718990979227,-59.0619381020202,"Laminaria_solidungula","Random",0.25,0,NA,NA,NA
1720,"sw_newfoundland_gagnon",NA,"Magaree",4.9,"Magaree-74-2023-7",2023,7,6,47.5718990979227,-59.0619381020202,"Saccharina_longicruris","Random",0.25,76,NA,NA,NA
1721,"sw_newfoundland_gagnon",NA,"Magaree",4.9,"Magaree-74-2023-7",2023,7,6,47.5718990979227,-59.0619381020202,"Saccharina_latissima","Random",0.25,0,NA,NA,NA
1722,"sw_newfoundland_gagnon",NA,"Magaree",4.9,"Magaree-74-2023-7",2023,7,6,47.5718990979227,-59.0619381020202,"Unidentified_kelp","Random",0.25,0,NA,NA,NA
1723,"sw_newfoundland_gagnon",NA,"Magaree",3.9,"Magaree-75-2023-7",2023,7,6,47.5720085558556,-59.0623346904311,"Agarum_clathratum","Random",0.25,0,NA,NA,NA
1724,"sw_newfoundland_gagnon",NA,"Magaree",3.9,"Magaree-75-2023-7",2023,7,6,47.5720085558556,-59.0623346904311,"Alaria_esculenta","Random",0.25,0,NA,NA,NA
1725,"sw_newfoundland_gagnon",NA,"Magaree",3.9,"Magaree-75-2023-7",2023,7,6,47.5720085558556,-59.0623346904311,"Laminaria_digitata","Random",0.25,0,NA,NA,NA
1726,"sw_newfoundland_gagnon",NA,"Magaree",3.9,"Magaree-75-2023-7",2023,7,6,47.5720085558556,-59.0623346904311,"Laminaria_solidungula","Random",0.25,0,NA,NA,NA
1727,"sw_newfoundland_gagnon",NA,"Magaree",3.9,"Magaree-75-2023-7",2023,7,6,47.5720085558556,-59.0623346904311,"Saccharina_longicruris","Random",0.25,92,NA,NA,NA
1728,"sw_newfoundland_gagnon",NA,"Magaree",3.9,"Magaree-75-2023-7",2023,7,6,47.5720085558556,-59.0623346904311,"Saccharina_latissima","Random",0.25,0,NA,NA,NA
1729,"sw_newfoundland_gagnon",NA,"Magaree",3.9,"Magaree-75-2023-7",2023,7,6,47.5720085558556,-59.0623346904311,"Unidentified_kelp","Random",0.25,0,NA,NA,NA
1730,"sw_newfoundland_gagnon",NA,"Magaree",6,"Magaree-76-2023-7",2023,7,6,47.5719659889089,-59.062722265469,"Agarum_clathratum","Random",0.25,0,NA,NA,NA
1731,"sw_newfoundland_gagnon",NA,"Magaree",6,"Magaree-76-2023-7",2023,7,6,47.5719659889089,-59.062722265469,"Alaria_esculenta","Random",0.25,0,NA,NA,NA
1732,"sw_newfoundland_gagnon",NA,"Magaree",6,"Magaree-76-2023-7",2023,7,6,47.5719659889089,-59.062722265469,"Laminaria_digitata","Random",0.25,0,NA,NA,NA
1733,"sw_newfoundland_gagnon",NA,"Magaree",6,"Magaree-76-2023-7",2023,7,6,47.5719659889089,-59.062722265469,"Laminaria_solidungula","Random",0.25,0,NA,NA,NA
1734,"sw_newfoundland_gagnon",NA,"Magaree",6,"Magaree-76-2023-7",2023,7,6,47.5719659889089,-59.062722265469,"Saccharina_longicruris","Random",0.25,96,NA,NA,NA
1735,"sw_newfoundland_gagnon",NA,"Magaree",6,"Magaree-76-2023-7",2023,7,6,47.5719659889089,-59.062722265469,"Saccharina_latissima","Random",0.25,0,NA,NA,NA
1736,"sw_newfoundland_gagnon",NA,"Magaree",6,"Magaree-76-2023-7",2023,7,6,47.5719659889089,-59.062722265469,"Unidentified_kelp","Random",0.25,0,NA,NA,NA
1737,"sw_newfoundland_gagnon",NA,"Magaree",9.2,"Magaree-77-2023-7",2023,7,6,47.5716923434251,-59.0628033858257,"Agarum_clathratum","Random",0.25,0,NA,NA,NA
1738,"sw_newfoundland_gagnon",NA,"Magaree",9.2,"Magaree-77-2023-7",2023,7,6,47.5716923434251,-59.0628033858257,"Alaria_esculenta","Random",0.25,0,NA,NA,NA
1739,"sw_newfoundland_gagnon",NA,"Magaree",9.2,"Magaree-77-2023-7",2023,7,6,47.5716923434251,-59.0628033858257,"Laminaria_digitata","Random",0.25,0,NA,NA,NA
1740,"sw_newfoundland_gagnon",NA,"Magaree",9.2,"Magaree-77-2023-7",2023,7,6,47.5716923434251,-59.0628033858257,"Laminaria_solidungula","Random",0.25,0,NA,NA,NA
1741,"sw_newfoundland_gagnon",NA,"Magaree",9.2,"Magaree-77-2023-7",2023,7,6,47.5716923434251,-59.0628033858257,"Saccharina_longicruris","Random",0.25,24,NA,NA,NA
1742,"sw_newfoundland_gagnon",NA,"Magaree",9.2,"Magaree-77-2023-7",2023,7,6,47.5716923434251,-59.0628033858257,"Saccharina_latissima","Random",0.25,0,NA,NA,NA
1743,"sw_newfoundland_gagnon",NA,"Magaree",9.2,"Magaree-77-2023-7",2023,7,6,47.5716923434251,-59.0628033858257,"Unidentified_kelp","Random",0.25,0,NA,NA,NA
1744,"sw_newfoundland_gagnon",NA,"Magaree",7.5,"Magaree-78-2023-7",2023,7,6,47.5713943722722,-59.0624518642797,"Agarum_clathratum","Random",0.25,0,NA,NA,NA
1745,"sw_newfoundland_gagnon",NA,"Magaree",7.5,"Magaree-78-2023-7",2023,7,6,47.5713943722722,-59.0624518642797,"Alaria_esculenta","Random",0.25,0,NA,NA,NA
1746,"sw_newfoundland_gagnon",NA,"Magaree",7.5,"Magaree-78-2023-7",2023,7,6,47.5713943722722,-59.0624518642797,"Laminaria_digitata","Random",0.25,0,NA,NA,NA
1747,"sw_newfoundland_gagnon",NA,"Magaree",7.5,"Magaree-78-2023-7",2023,7,6,47.5713943722722,-59.0624518642797,"Laminaria_solidungula","Random",0.25,0,NA,NA,NA
1748,"sw_newfoundland_gagnon",NA,"Magaree",7.5,"Magaree-78-2023-7",2023,7,6,47.5713943722722,-59.0624518642797,"Saccharina_longicruris","Random",0.25,0,NA,NA,NA
1749,"sw_newfoundland_gagnon",NA,"Magaree",7.5,"Magaree-78-2023-7",2023,7,6,47.5713943722722,-59.0624518642797,"Saccharina_latissima","Random",0.25,0,NA,NA,NA
1750,"sw_newfoundland_gagnon",NA,"Magaree",7.5,"Magaree-78-2023-7",2023,7,6,47.5713943722722,-59.0624518642797,"Unidentified_kelp","Random",0.25,0,NA,NA,NA
1751,"sw_newfoundland_gagnon",NA,"Magaree",6.5,"Magaree-79-2023-7",2023,7,6,47.5712849130556,-59.0617848746796,"Agarum_clathratum","Random",0.25,0,NA,NA,NA
1752,"sw_newfoundland_gagnon",NA,"Magaree",6.5,"Magaree-79-2023-7",2023,7,6,47.5712849130556,-59.0617848746796,"Alaria_esculenta","Random",0.25,0,NA,NA,NA
1753,"sw_newfoundland_gagnon",NA,"Magaree",6.5,"Magaree-79-2023-7",2023,7,6,47.5712849130556,-59.0617848746796,"Laminaria_digitata","Random",0.25,0,NA,NA,NA
1754,"sw_newfoundland_gagnon",NA,"Magaree",6.5,"Magaree-79-2023-7",2023,7,6,47.5712849130556,-59.0617848746796,"Laminaria_solidungula","Random",0.25,0,NA,NA,NA
1755,"sw_newfoundland_gagnon",NA,"Magaree",6.5,"Magaree-79-2023-7",2023,7,6,47.5712849130556,-59.0617848746796,"Saccharina_longicruris","Random",0.25,0,NA,NA,NA
1756,"sw_newfoundland_gagnon",NA,"Magaree",6.5,"Magaree-79-2023-7",2023,7,6,47.5712849130556,-59.0617848746796,"Saccharina_latissima","Random",0.25,0,NA,NA,NA
1757,"sw_newfoundland_gagnon",NA,"Magaree",6.5,"Magaree-79-2023-7",2023,7,6,47.5712849130556,-59.0617848746796,"Unidentified_kelp","Random",0.25,0,NA,NA,NA
1758,"sw_newfoundland_gagnon",NA,"Magaree",4.6,"Magaree-80-2023-7",2023,7,6,47.5712301833615,-59.0611268984525,"Agarum_clathratum","Random",0.25,0,NA,NA,NA
1759,"sw_newfoundland_gagnon",NA,"Magaree",4.6,"Magaree-80-2023-7",2023,7,6,47.5712301833615,-59.0611268984525,"Alaria_esculenta","Random",0.25,0,NA,NA,NA
1760,"sw_newfoundland_gagnon",NA,"Magaree",4.6,"Magaree-80-2023-7",2023,7,6,47.5712301833615,-59.0611268984525,"Laminaria_digitata","Random",0.25,0,NA,NA,NA
1761,"sw_newfoundland_gagnon",NA,"Magaree",4.6,"Magaree-80-2023-7",2023,7,6,47.5712301833615,-59.0611268984525,"Laminaria_solidungula","Random",0.25,0,NA,NA,NA
1762,"sw_newfoundland_gagnon",NA,"Magaree",4.6,"Magaree-80-2023-7",2023,7,6,47.5712301833615,-59.0611268984525,"Saccharina_longicruris","Random",0.25,16,NA,NA,NA
1763,"sw_newfoundland_gagnon",NA,"Magaree",4.6,"Magaree-80-2023-7",2023,7,6,47.5712301833615,-59.0611268984525,"Saccharina_latissima","Random",0.25,0,NA,NA,NA
1764,"sw_newfoundland_gagnon",NA,"Magaree",4.6,"Magaree-80-2023-7",2023,7,6,47.5712301833615,-59.0611268984525,"Unidentified_kelp","Random",0.25,0,NA,NA,NA
1765,"sw_newfoundland_gagnon",NA,"Magaree",4.3,"Magaree-81-2023-7",2023,7,6,47.5711146427083,-59.0603697751227,"Agarum_clathratum","Random",0.25,32,NA,NA,NA
1766,"sw_newfoundland_gagnon",NA,"Magaree",4.3,"Magaree-81-2023-7",2023,7,6,47.5711146427083,-59.0603697751227,"Alaria_esculenta","Random",0.25,0,NA,NA,NA
1767,"sw_newfoundland_gagnon",NA,"Magaree",4.3,"Magaree-81-2023-7",2023,7,6,47.5711146427083,-59.0603697751227,"Laminaria_digitata","Random",0.25,0,NA,NA,NA
1768,"sw_newfoundland_gagnon",NA,"Magaree",4.3,"Magaree-81-2023-7",2023,7,6,47.5711146427083,-59.0603697751227,"Laminaria_solidungula","Random",0.25,0,NA,NA,NA
1769,"sw_newfoundland_gagnon",NA,"Magaree",4.3,"Magaree-81-2023-7",2023,7,6,47.5711146427083,-59.0603697751227,"Saccharina_longicruris","Random",0.25,32,NA,NA,NA
1770,"sw_newfoundland_gagnon",NA,"Magaree",4.3,"Magaree-81-2023-7",2023,7,6,47.5711146427083,-59.0603697751227,"Saccharina_latissima","Random",0.25,0,NA,NA,NA
1771,"sw_newfoundland_gagnon",NA,"Magaree",4.3,"Magaree-81-2023-7",2023,7,6,47.5711146427083,-59.0603697751227,"Unidentified_kelp","Random",0.25,0,NA,NA,NA
1772,"sw_newfoundland_gagnon",NA,"Magaree",6.3,"Magaree-82-2023-7",2023,7,6,47.5709261284638,-59.0596757454037,"Agarum_clathratum","Random",0.25,0,NA,NA,NA
1773,"sw_newfoundland_gagnon",NA,"Magaree",6.3,"Magaree-82-2023-7",2023,7,6,47.5709261284638,-59.0596757454037,"Alaria_esculenta","Random",0.25,0,NA,NA,NA
1774,"sw_newfoundland_gagnon",NA,"Magaree",6.3,"Magaree-82-2023-7",2023,7,6,47.5709261284638,-59.0596757454037,"Laminaria_digitata","Random",0.25,0,NA,NA,NA
1775,"sw_newfoundland_gagnon",NA,"Magaree",6.3,"Magaree-82-2023-7",2023,7,6,47.5709261284638,-59.0596757454037,"Laminaria_solidungula","Random",0.25,0,NA,NA,NA
1776,"sw_newfoundland_gagnon",NA,"Magaree",6.3,"Magaree-82-2023-7",2023,7,6,47.5709261284638,-59.0596757454037,"Saccharina_longicruris","Random",0.25,40,NA,NA,NA
1777,"sw_newfoundland_gagnon",NA,"Magaree",6.3,"Magaree-82-2023-7",2023,7,6,47.5709261284638,-59.0596757454037,"Saccharina_latissima","Random",0.25,0,NA,NA,NA
1778,"sw_newfoundland_gagnon",NA,"Magaree",6.3,"Magaree-82-2023-7",2023,7,6,47.5709261284638,-59.0596757454037,"Unidentified_kelp","Random",0.25,0,NA,NA,NA
