study,site,period,latitude,longitude,sample_unit_size_sq_m,sasdate,max_depth,mean_depth,min_depth,biomass_kg_wet_per_sq_m,stipe_density_num_per_sq_m,individual_density_num_per_sq_m,percent_cover,has_bm,has_sd,has_id,has_pc,use_which,focalKelp,focalUnit,geometry,ecoregion,province,realm,focal_std_by_ecoregion,focal_std_by_province,focal_std_by_realm,ln_focal_std_by_ecoregion,ln_focal_std_by_province,ln_focal_std_by_realm
dmr_rasher_steneck,10_1_23,1,44.29333,-68.43279,1,2008-06-02,10,10,10,NA,NA,NA,37.5,0,0,0,730,4,37.5,percent_cover,"c(-68.43279, 44.29333)",Gulf of Maine/Bay of Fundy,Cold Temperate Northwest Atlantic,Temperate Northern Atlantic,0.375,0.1504706091285139,0.1504706091285139,0.3184537311185346,0.14017108399445294,0.14017108399445294
dmr_rasher_steneck,10_1_23,2,44.29782,-68.43277,1,2011-06-01,10,10,10,NA,NA,NA,1.5,0,0,0,730,4,1.5,percent_cover,"c(-68.43277, 44.29782)",Gulf of Maine/Bay of Fundy,Cold Temperate Northwest Atlantic,Temperate Northern Atlantic,0.015,0.006018824365140556,0.006018824365140556,0.014888612493750559,0.006000783595063385,0.006000783595063385
dmr_rasher_steneck,10_1_23,3,44.2933,-68.4275,1,2014-05-26,10,10,10,NA,NA,NA,1,0,0,0,730,4,1,percent_cover,"c(-68.4275, 44.2933)",Gulf of Maine/Bay of Fundy,Cold Temperate Northwest Atlantic,Temperate Northern Atlantic,0.01,0.00401254957676037,0.00401254957676037,0.009950330853168092,0.0040045207698650356,0.0040045207698650356
dmr_rasher_steneck,10_1_27,1,44.32727,-68.31394,1,2009-05-26,10,10,10,NA,NA,NA,0,0,0,0,730,4,0,percent_cover,"c(-68.31394, 44.32727)",Gulf of Maine/Bay of Fundy,Cold Temperate Northwest Atlantic,Temperate Northern Atlantic,0,0,0,0,0,0
dmr_rasher_steneck,10_1_27,2,44.333,-68.306004,1,2010-05-21,10,10,10,NA,NA,NA,0,0,0,0,730,4,0,percent_cover,"c(-68.306004, 44.333)",Gulf of Maine/Bay of Fundy,Cold Temperate Northwest Atlantic,Temperate Northern Atlantic,0,0,0,0,0,0
dmr_rasher_steneck,10_1_27,3,44.333,-68.306,1,2014-05-27,10,10,10,NA,NA,NA,0,0,0,0,730,4,0,percent_cover,"c(-68.306, 44.333)",Gulf of Maine/Bay of Fundy,Cold Temperate Northwest Atlantic,Temperate Northern Atlantic,0,0,0,0,0,0
dmr_rasher_steneck,10_2_102,1,43.9116,-69.3146,1,2006-05-16,10,10,10,NA,NA,NA,65.5,0,0,0,730,4,65.5,percent_cover,"c(-69.3146, 43.9116)",Gulf of Maine/Bay of Fundy,Cold Temperate Northwest Atlantic,Temperate Northern Atlantic,0.655,0.26282199727780425,0.26282199727780425,0.5038010088290262,0.23334889699708783,0.23334889699708783
dmr_rasher_steneck,10_2_102,2,43.91941,-69.30907,1,2011-05-11,10,10,10,NA,NA,NA,37.5,0,0,0,730,4,37.5,percent_cover,"c(-69.30907, 43.91941)",Gulf of Maine/Bay of Fundy,Cold Temperate Northwest Atlantic,Temperate Northern Atlantic,0.375,0.1504706091285139,0.1504706091285139,0.3184537311185346,0.14017108399445294,0.14017108399445294
dmr_rasher_steneck,10_2_102,3,43.9194,-69.3091,1,2014-05-08,10,10,10,NA,NA,NA,52.5,0,0,0,730,4,52.5,percent_cover,"c(-69.3091, 43.9194)",Gulf of Maine/Bay of Fundy,Cold Temperate Northwest Atlantic,Temperate Northern Atlantic,0.525,0.21065885277991944,0.21065885277991944,0.4219944100593749,0.19116471784850025,0.19116471784850025
dmr_rasher_steneck,10_2_102,4,43.9196,-69.3146,1,2018-05-10,10,10,10,NA,NA,NA,13.5,0,0,0,730,4,13.5,percent_cover,"c(-69.3146, 43.9196)",Gulf of Maine/Bay of Fundy,Cold Temperate Northwest Atlantic,Temperate Northern Atlantic,0.135,0.054169419286265,0.054169419286265,0.126632650933366,0.0527531765627664,0.0527531765627664
dmr_rasher_steneck,10_2_114,1,44.5513,-67.5636,1,2006-06-30,10,10,10,NA,NA,NA,7,0,0,0,730,4,7,percent_cover,"c(-67.5636, 44.5513)",Gulf of Maine/Bay of Fundy,Cold Temperate Northwest Atlantic,Temperate Northern Atlantic,0.07,0.028087847037322592,0.028087847037322592,0.06765864847381486,0.027700617698423028,0.027700617698423028
dmr_rasher_steneck,10_2_114,2,44.54756,-67.56276,1,2009-06-10,10,10,10,NA,NA,NA,1.5,0,0,0,730,4,1.5,percent_cover,"c(-67.56276, 44.54756)",Gulf of Maine/Bay of Fundy,Cold Temperate Northwest Atlantic,Temperate Northern Atlantic,0.015,0.006018824365140556,0.006018824365140556,0.014888612493750559,0.006000783595063385,0.006000783595063385
dmr_rasher_steneck,10_2_114,3,44.54572,-67.5553,1,2012-06-12,10,10,10,NA,NA,NA,3.5,0,0,0,730,4,3.5,percent_cover,"c(-67.5553, 44.54572)",Gulf of Maine/Bay of Fundy,Cold Temperate Northwest Atlantic,Temperate Northern Atlantic,0.035,0.014043923518661296,0.014043923518661296,0.03440142671733232,0.013946221310381505,0.013946221310381505
dmr_rasher_steneck,10_2_114,4,44.5457,-67.5554,1,2014-06-10,10,10,10,NA,NA,NA,14,0,0,0,730,4,14,percent_cover,"c(-67.5554, 44.5457)",Gulf of Maine/Bay of Fundy,Cold Temperate Northwest Atlantic,Temperate Northern Atlantic,0.14,0.056175694074645184,0.056175694074645184,0.1310282624064042,0.05465454840958365,0.05465454840958365
dmr_rasher_steneck,10_2_115,1,44.6472,-67.3317,1,2006-07-01,10,10,10,NA,NA,NA,2.5,0,0,0,730,4,2.5,percent_cover,"c(-67.3317, 44.6472)",Gulf of Maine/Bay of Fundy,Cold Temperate Northwest Atlantic,Temperate Northern Atlantic,0.025,0.010031373941900927,0.010031373941900927,0.024692612590371414,0.00998139367952627,0.00998139367952627
dmr_rasher_steneck,10_2_115,2,44.651207,-67.327633,1,2010-06-10,10,10,10,NA,NA,NA,11.5,0,0,0,730,4,11.5,percent_cover,"c(-67.327633, 44.651207)",Gulf of Maine/Bay of Fundy,Cold Temperate Northwest Atlantic,Temperate Northern Atlantic,0.115,0.046144320132744256,0.046144320132744256,0.10885440491208208,0.045111329483546916,0.045111329483546916
dmr_rasher_steneck,10_2_115,3,44.65176,-67.3328,1,2012-06-20,10,10,10,NA,NA,NA,2,0,0,0,730,4,2,percent_cover,"c(-67.3328, 44.65176)",Gulf of Maine/Bay of Fundy,Cold Temperate Northwest Atlantic,Temperate Northern Atlantic,0.02,0.00802509915352074,0.00802509915352074,0.01980262729617973,0.007993069293067727,0.007993069293067727
dmr_rasher_steneck,10_2_115,4,44.6509,-67.3277,1,2018-05-21,10,10,10,NA,NA,NA,15,0,0,0,730,4,15,percent_cover,"c(-67.3277, 44.6509)",Gulf of Maine/Bay of Fundy,Cold Temperate Northwest Atlantic,Temperate Northern Atlantic,0.15,0.06018824365140556,0.06018824365140556,0.13976194237515863,0.058446480707414004,0.058446480707414004
dmr_rasher_steneck,10_2_133,1,44.5841,-67.358,1,2007-06-27,10,10,10,NA,NA,NA,6.5,0,0,0,730,4,6.5,percent_cover,"c(-67.358, 44.5841)",Gulf of Maine/Bay of Fundy,Cold Temperate Northwest Atlantic,Temperate Northern Atlantic,0.065,0.026081572248942406,0.026081572248942406,0.06297479916138839,0.02574724870414191,0.02574724870414191
dmr_rasher_steneck,10_2_133,2,44.58406,-67.358,1,2013-06-10,10,10,10,NA,NA,NA,8,0,0,0,730,4,8,percent_cover,"c(-67.358, 44.58406)",Gulf of Maine/Bay of Fundy,Cold Temperate Northwest Atlantic,Temperate Northern Atlantic,0.08,0.03210039661408296,0.03210039661408296,0.0769610411361284,0.031595945868412245,0.031595945868412245
dmr_rasher_steneck,10_2_133,3,44.5852,-67.3524,1,2017-06-15,10,10,10,NA,NA,NA,0,0,0,0,730,4,0,percent_cover,"c(-67.3524, 44.5852)",Gulf of Maine/Bay of Fundy,Cold Temperate Northwest Atlantic,Temperate Northern Atlantic,0,0,0,0,0,0
dmr_rasher_steneck,10_2_134,1,44.6147,-67.273,1,2007-06-27,10,10,10,NA,NA,NA,29,0,0,0,730,4,29,percent_cover,"c(-67.273, 44.6147)",Gulf of Maine/Bay of Fundy,Cold Temperate Northwest Atlantic,Temperate Northern Atlantic,0.29,0.11636393772605073,0.11636393772605073,0.25464221837358075,0.11007691987063493,0.11007691987063493
dmr_rasher_steneck,10_2_134,2,44.60883,-67.2639,1,2013-06-14,10,10,10,NA,NA,NA,10,0,0,0,730,4,10,percent_cover,"c(-67.2639, 44.60883)",Gulf of Maine/Bay of Fundy,Cold Temperate Northwest Atlantic,Temperate Northern Atlantic,0.1,0.04012549576760371,0.04012549576760371,0.09531017980432493,0.03934137488067342,0.03934137488067342
dmr_rasher_steneck,10_2_134,3,44.6089,-67.2639,1,2016-06-18,10,10,10,NA,NA,NA,35,0,0,0,730,4,35,percent_cover,"c(-67.2639, 44.6089)",Gulf of Maine/Bay of Fundy,Cold Temperate Northwest Atlantic,Temperate Northern Atlantic,0.35,0.14043923518661297,0.14043923518661297,0.30010459245033816,0.13141348222306698,0.13141348222306698
dmr_rasher_steneck,10_2_144,1,44.20083,-68.95551,1,2008-05-20,10,10,10,NA,NA,NA,0,0,0,0,730,4,0,percent_cover,"c(-68.95551, 44.20083)",Gulf of Maine/Bay of Fundy,Cold Temperate Northwest Atlantic,Temperate Northern Atlantic,0,0,0,0,0,0
dmr_rasher_steneck,10_2_144,2,44.20533,-68.95215,1,2011-05-26,10,10,10,NA,NA,NA,14,0,0,0,730,4,14,percent_cover,"c(-68.95215, 44.20533)",Gulf of Maine/Bay of Fundy,Cold Temperate Northwest Atlantic,Temperate Northern Atlantic,0.14,0.056175694074645184,0.056175694074645184,0.1310282624064042,0.05465454840958365,0.05465454840958365
dmr_rasher_steneck,10_2_144,3,44.2015,-68.9553,1,2015-05-14,10,10,10,NA,NA,NA,2.5,0,0,0,730,4,2.5,percent_cover,"c(-68.9553, 44.2015)",Gulf of Maine/Bay of Fundy,Cold Temperate Northwest Atlantic,Temperate Northern Atlantic,0.025,0.010031373941900927,0.010031373941900927,0.024692612590371414,0.00998139367952627,0.00998139367952627
dmr_rasher_steneck,10_2_15,1,43.91571,-69.37804,1,2001-06-07,10,10,10,NA,NA,NA,22.8,0,0,0,730,4,22.8,percent_cover,"c(-69.37804, 43.91571)",Gulf of Maine/Bay of Fundy,Cold Temperate Northwest Atlantic,Temperate Northern Atlantic,0.228,0.09148613035013645,0.09148613035013645,0.2053868297249507,0.08754018996435728,0.08754018996435728
dmr_rasher_steneck,10_2_15,2,43.91136,-69.3828,1,2012-05-04,10,10,10,NA,NA,NA,1,0,0,0,730,4,1,percent_cover,"c(-69.3828, 43.91136)",Gulf of Maine/Bay of Fundy,Cold Temperate Northwest Atlantic,Temperate Northern Atlantic,0.01,0.00401254957676037,0.00401254957676037,0.009950330853168092,0.0040045207698650356,0.0040045207698650356
dmr_rasher_steneck,10_2_15,3,43.9159,-69.378,1,2014-05-08,10,10,10,NA,NA,NA,55,0,0,0,730,4,55,percent_cover,"c(-69.378, 43.9159)",Gulf of Maine/Bay of Fundy,Cold Temperate Northwest Atlantic,Temperate Northern Atlantic,0.55,0.22069022672182037,0.22069022672182037,0.4382549309311553,0.19941645837158545,0.19941645837158545
dmr_rasher_steneck,10_2_15,4,43.9147,-69.381,1,2016-05-13,10,10,10,NA,NA,NA,64.5,0,0,0,730,4,64.5,percent_cover,"c(-69.381, 43.9147)",Gulf of Maine/Bay of Fundy,Cold Temperate Northwest Atlantic,Temperate Northern Atlantic,0.645,0.25880944770104386,0.25880944770104386,0.49774038421733524,0.2301663915033086,0.2301663915033086
dmr_rasher_steneck,10_2_159,1,44.48321,-67.55694,1,2008-06-12,10,10,10,NA,NA,NA,69,0,0,0,730,4,69,percent_cover,"c(-67.55694, 44.48321)",Gulf of Maine/Bay of Fundy,Cold Temperate Northwest Atlantic,Temperate Northern Atlantic,0.69,0.27686592079646555,0.27686592079646555,0.5247285289349821,0.24440857607712035,0.24440857607712035
dmr_rasher_steneck,10_2_159,2,44.490294,-67.556755,1,2010-06-08,10,10,10,NA,NA,NA,96.5,0,0,0,730,4,96.5,percent_cover,"c(-67.556755, 44.490294)",Gulf of Maine/Bay of Fundy,Cold Temperate Northwest Atlantic,Temperate Northern Atlantic,0.965,0.38721103415737573,0.38721103415737573,0.6754922453212245,0.327295281278203,0.327295281278203
dmr_rasher_steneck,10_2_159,3,44.48813,-67.56432,1,2011-06-09,10,10,10,NA,NA,NA,8.5,0,0,0,730,4,8.5,percent_cover,"c(-67.56432, 44.48813)",Gulf of Maine/Bay of Fundy,Cold Temperate Northwest Atlantic,Temperate Northern Atlantic,0.085,0.03410667140246315,0.03410667140246315,0.08157998699242285,0.0335379345973846,0.0335379345973846
dmr_rasher_steneck,10_2_171,1,44.02038,-69.07162,1,2009-05-12,10,10,10,NA,NA,NA,75,0,0,0,730,4,75,percent_cover,"c(-69.07162, 44.02038)",Gulf of Maine/Bay of Fundy,Cold Temperate Northwest Atlantic,Temperate Northern Atlantic,0.75,0.3009412182570278,0.3009412182570278,0.5596157879354227,0.26308801653963065,0.26308801653963065
dmr_rasher_steneck,10_2_171,2,44.0234,-69.0716,1,2014-05-12,10,10,10,NA,NA,NA,19,0,0,0,730,4,19,percent_cover,"c(-69.0716, 44.0234)",Gulf of Maine/Bay of Fundy,Cold Temperate Northwest Atlantic,Temperate Northern Atlantic,0.19,0.07623844195844703,0.07623844195844703,0.17395330712343798,0.07347203752299476,0.07347203752299476
dmr_rasher_steneck,10_2_171,3,44.02,-69.0657,1,2015-05-12,10,10,10,NA,NA,NA,35.5,0,0,0,730,4,35.5,percent_cover,"c(-69.0657, 44.02)",Gulf of Maine/Bay of Fundy,Cold Temperate Northwest Atlantic,Temperate Northern Atlantic,0.355,0.14244550997499314,0.14244550997499314,0.3038014543316642,0.1331711489726883,0.1331711489726883
dmr_rasher_steneck,10_2_18,1,44.07907,-69.04713,1,2001-06-19,10,10,10,NA,NA,NA,7.9,0,0,0,730,4,7.9,percent_cover,"c(-69.04713, 44.07907)",Gulf of Maine/Bay of Fundy,Cold Temperate Northwest Atlantic,Temperate Northern Atlantic,0.079,0.03169914165640693,0.03169914165640693,0.07603468627599758,0.03120709515370747,0.03120709515370747
dmr_rasher_steneck,10_2_18,2,44.079,-69.0521,1,2014-05-12,10,10,10,NA,NA,NA,4.5,0,0,0,730,4,4.5,percent_cover,"c(-69.0521, 44.079)",Gulf of Maine/Bay of Fundy,Cold Temperate Northwest Atlantic,Temperate Northern Atlantic,0.045,0.018056473095421667,0.018056473095421667,0.04401688541677426,0.01789539114313417,0.01789539114313417
dmr_rasher_steneck,10_2_18,3,44.0791,-69.0471,1,2018-05-11,10,10,10,NA,NA,NA,0,0,0,0,730,4,0,percent_cover,"c(-69.0471, 44.0791)",Gulf of Maine/Bay of Fundy,Cold Temperate Northwest Atlantic,Temperate Northern Atlantic,0,0,0,0,0,0
dmr_rasher_steneck,10_2_182,1,44.39943,-68.14297,1,2009-06-05,10,10,10,NA,NA,NA,56.5,0,0,0,730,4,56.5,percent_cover,"c(-68.14297, 44.39943)",Gulf of Maine/Bay of Fundy,Cold Temperate Northwest Atlantic,Temperate Northern Atlantic,0.565,0.22670905108696093,0.22670905108696093,0.4478858239921165,0.20433501543234966,0.20433501543234966
dmr_rasher_steneck,10_2_182,2,44.40024,-68.13937,1,2011-06-02,10,10,10,NA,NA,NA,12.5,0,0,0,730,4,12.5,percent_cover,"c(-68.13937, 44.40024)",Gulf of Maine/Bay of Fundy,Cold Temperate Northwest Atlantic,Temperate Northern Atlantic,0.125,0.05015686970950463,0.05015686970950463,0.11778303565638346,0.04893955273374259,0.04893955273374259
dmr_rasher_steneck,10_2_182,3,44.4002,-68.1394,1,2014-06-06,10,10,10,NA,NA,NA,67.5,0,0,0,730,4,67.5,percent_cover,"c(-68.1394, 44.4002)",Gulf of Maine/Bay of Fundy,Cold Temperate Northwest Atlantic,Temperate Northern Atlantic,0.675,0.270847096431325,0.270847096431325,0.5158131652770298,0.23968368318552405,0.23968368318552405
dmr_rasher_steneck,10_2_182,4,44.3954,-68.1443,1,2018-05-15,10,10,10,NA,NA,NA,7,0,0,0,730,4,7,percent_cover,"c(-68.1443, 44.3954)",Gulf of Maine/Bay of Fundy,Cold Temperate Northwest Atlantic,Temperate Northern Atlantic,0.07,0.028087847037322592,0.028087847037322592,0.06765864847381486,0.027700617698423028,0.027700617698423028
dmr_rasher_steneck,10_2_185,1,44.50124,-67.63622,1,2009-06-10,10,10,10,NA,NA,NA,7,0,0,0,730,4,7,percent_cover,"c(-67.63622, 44.50124)",Gulf of Maine/Bay of Fundy,Cold Temperate Northwest Atlantic,Temperate Northern Atlantic,0.07,0.028087847037322592,0.028087847037322592,0.06765864847381486,0.027700617698423028,0.027700617698423028
dmr_rasher_steneck,10_2_185,2,44.494688,-67.631863,1,2010-06-08,10,10,10,NA,NA,NA,22,0,0,0,730,4,22,percent_cover,"c(-67.631863, 44.494688)",Gulf of Maine/Bay of Fundy,Cold Temperate Northwest Atlantic,Temperate Northern Atlantic,0.22,0.08827609068872815,0.08827609068872815,0.19885085874516517,0.08459487606637116,0.08459487606637116
dmr_rasher_steneck,10_2_185,3,44.5012,-67.6361,1,2017-06-13,10,10,10,NA,NA,NA,4.5,0,0,0,730,4,4.5,percent_cover,"c(-67.6361, 44.5012)",Gulf of Maine/Bay of Fundy,Cold Temperate Northwest Atlantic,Temperate Northern Atlantic,0.045,0.018056473095421667,0.018056473095421667,0.04401688541677426,0.01789539114313417,0.01789539114313417
dmr_rasher_steneck,10_2_2,1,43.76509,-69.96087,1,2001-06-15,10,10,10,NA,NA,NA,44.7,0,0,0,730,4,44.7,percent_cover,"c(-69.96087, 43.76509)",Gulf of Maine/Bay of Fundy,Cold Temperate Northwest Atlantic,Temperate Northern Atlantic,0.447,0.17936096608118857,0.17936096608118857,0.36949244764934686,0.16497273761566641,0.16497273761566641
dmr_rasher_steneck,10_2_2,2,43.76074,-69.95305,1,2009-05-05,10,10,10,NA,NA,NA,65,0,0,0,730,4,65,percent_cover,"c(-69.95305, 43.76074)",Gulf of Maine/Bay of Fundy,Cold Temperate Northwest Atlantic,Temperate Northern Atlantic,0.65,0.2608157224894241,0.2608157224894241,0.5007752879124892,0.23175891029231616,0.23175891029231616
dmr_rasher_steneck,10_2_2,3,43.7651,-69.9514,1,2014-05-06,10,10,10,NA,NA,NA,44.5,0,0,0,730,4,44.5,percent_cover,"c(-69.9514, 43.7651)",Gulf of Maine/Bay of Fundy,Cold Temperate Northwest Atlantic,Temperate Northern Atlantic,0.445,0.1785584561658365,0.1785584561658365,0.3681093215643955,0.16429204434110672,0.16429204434110672
dmr_rasher_steneck,10_2_211,1,43.93412,-69.30068,1,2011-05-11,10,10,10,NA,NA,NA,38.5,0,0,0,730,4,38.5,percent_cover,"c(-69.30068, 43.93412)",Gulf of Maine/Bay of Fundy,Cold Temperate Northwest Atlantic,Temperate Northern Atlantic,0.385,0.15448315870527426,0.15448315870527426,0.32570013963930183,0.14365276218351442,0.14365276218351442
dmr_rasher_steneck,10_2_211,2,43.93324,-69.2937,1,2012-05-04,10,10,10,NA,NA,NA,13,0,0,0,730,4,13,percent_cover,"c(-69.2937, 43.93324)",Gulf of Maine/Bay of Fundy,Cold Temperate Northwest Atlantic,Temperate Northern Atlantic,0.13,0.05216314449788481,0.05216314449788481,0.12221763272424911,0.050848182612991386,0.050848182612991386
dmr_rasher_steneck,10_2_211,3,43.934,-69.3008,1,2016-05-13,10,10,10,NA,NA,NA,22.5,0,0,0,730,4,22.5,percent_cover,"c(-69.3008, 43.934)",Gulf of Maine/Bay of Fundy,Cold Temperate Northwest Atlantic,Temperate Northern Atlantic,0.225,0.09028236547710833,0.09028236547710833,0.20294084399669038,0.08643671358959214,0.08643671358959214
dmr_rasher_steneck,10_2_232,1,44.57796,-67.4977,1,2012-06-20,10,10,10,NA,NA,NA,24.5,0,0,0,730,4,24.5,percent_cover,"c(-67.4977, 44.57796)",Gulf of Maine/Bay of Fundy,Cold Temperate Northwest Atlantic,Temperate Northern Atlantic,0.245,0.09830746463062907,0.09830746463062907,0.219135529916671,0.09377032632064201,0.09377032632064201
dmr_rasher_steneck,10_2_232,2,44.5772,-67.502,1,2016-06-05,10,10,10,NA,NA,NA,26.5,0,0,0,730,4,26.5,percent_cover,"c(-67.502, 44.5772)",Gulf of Maine/Bay of Fundy,Cold Temperate Northwest Atlantic,Temperate Northern Atlantic,0.265,0.10633256378414982,0.10633256378414982,0.23507212217948364,0.10105054848420415,0.10105054848420415
dmr_rasher_steneck,10_2_232,3,44.5777,-67.4972,1,2017-06-15,10,10,10,NA,NA,NA,29.5,0,0,0,730,4,29.5,percent_cover,"c(-67.4972, 44.5777)",Gulf of Maine/Bay of Fundy,Cold Temperate Northwest Atlantic,Temperate Northern Atlantic,0.295,0.11837021251443093,0.11837021251443093,0.258510695151501,0.11187245812486206,0.11187245812486206
dmr_rasher_steneck,10_2_27,1,44.16329,-68.49663,1,2001-07-03,10,10,10,NA,NA,NA,36,0,0,0,730,4,36,percent_cover,"c(-68.49663, 44.16329)",Gulf of Maine/Bay of Fundy,Cold Temperate Northwest Atlantic,Temperate Northern Atlantic,0.36,0.14445178476337334,0.14445178476337334,0.30748469974796055,0.13492573174971062,0.13492573174971062
dmr_rasher_steneck,10_2_27,2,44.16321,-68.49657,1,2003-06-09,10,10,10,NA,NA,NA,36.5,0,0,0,730,4,36.5,percent_cover,"c(-68.49657, 44.16321)",Gulf of Maine/Bay of Fundy,Cold Temperate Northwest Atlantic,Temperate Northern Atlantic,0.365,0.1464580595517535,0.1464580595517535,0.31115442863692305,0.13667724135735454,0.13667724135735454
dmr_rasher_steneck,10_2_27,3,44.1667,-68.494,1,2014-05-26,10,10,10,NA,NA,NA,6,0,0,0,730,4,6,percent_cover,"c(-68.494, 44.1667)",Gulf of Maine/Bay of Fundy,Cold Temperate Northwest Atlantic,Temperate Northern Atlantic,0.06,0.024075297460562223,0.024075297460562223,0.058268908123975824,0.023790056590251647,0.023790056590251647
dmr_rasher_steneck,10_2_35,1,44.46287,-68.17277,1,2001-07-13,10,10,10,NA,NA,NA,0,0,0,0,730,4,0,percent_cover,"c(-68.17277, 44.46287)",Gulf of Maine/Bay of Fundy,Cold Temperate Northwest Atlantic,Temperate Northern Atlantic,0,0,0,0,0,0
dmr_rasher_steneck,10_2_35,2,44.4626,-68.1609,1,2007-06-08,10,10,10,NA,NA,NA,19,0,0,0,730,4,19,percent_cover,"c(-68.1609, 44.4626)",Gulf of Maine/Bay of Fundy,Cold Temperate Northwest Atlantic,Temperate Northern Atlantic,0.19,0.07623844195844703,0.07623844195844703,0.17395330712343798,0.07347203752299476,0.07347203752299476
dmr_rasher_steneck,10_2_35,3,44.4623,-68.1669,1,2017-05-12,10,10,10,NA,NA,NA,64,0,0,0,730,4,64,percent_cover,"c(-68.1669, 44.4623)",Gulf of Maine/Bay of Fundy,Cold Temperate Northwest Atlantic,Temperate Northern Atlantic,0.64,0.2568031729126637,0.2568031729126637,0.4946962418361071,0.22857133255241446,0.22857133255241446
dmr_rasher_steneck,10_2_43,1,43.820496,-69.61182,1,2002-05-21,10,10,10,NA,NA,NA,2.2,0,0,0,730,4,2.2,percent_cover,"c(-69.61182, 43.820496)",Gulf of Maine/Bay of Fundy,Cold Temperate Northwest Atlantic,Temperate Northern Atlantic,0.022000000000000002,0.008827609068872816,0.008827609068872816,0.02176149178151271,0.008788873522531961,0.008788873522531961
dmr_rasher_steneck,10_2_43,2,43.8287,-69.6167,1,2006-05-13,10,10,10,NA,NA,NA,33,0,0,0,730,4,33,percent_cover,"c(-69.6167, 43.8287)",Gulf of Maine/Bay of Fundy,Cold Temperate Northwest Atlantic,Temperate Northern Atlantic,0.33,0.1324141360330922,0.1324141360330922,0.28517894223366247,0.1243517574283919,0.1243517574283919
dmr_rasher_steneck,10_2_43,3,43.82211,-69.6188,1,2013-05-02,10,10,10,NA,NA,NA,16.5,0,0,0,730,4,16.5,percent_cover,"c(-69.6188, 43.82211)",Gulf of Maine/Bay of Fundy,Cold Temperate Northwest Atlantic,Temperate Northern Atlantic,0.165,0.0662070680165461,0.0662070680165461,0.15272108701766393,0.06410755455032274,0.06410755455032274
dmr_rasher_steneck,10_2_45,1,43.862259,-69.529659,1,2002-05-21,10,10,10,NA,NA,NA,0,0,0,0,730,4,0,percent_cover,"c(-69.529659, 43.862259)",Gulf of Maine/Bay of Fundy,Cold Temperate Northwest Atlantic,Temperate Northern Atlantic,0,0,0,0,0,0
dmr_rasher_steneck,10_2_45,2,43.8698,-69.5336,1,2005-05-18,10,10,10,NA,NA,NA,38,0,0,0,730,4,38,percent_cover,"c(-69.5336, 43.8698)",Gulf of Maine/Bay of Fundy,Cold Temperate Northwest Atlantic,Temperate Northern Atlantic,0.38,0.15247688391689407,0.15247688391689407,0.3220834991691132,0.14191343834859477,0.14191343834859477
dmr_rasher_steneck,10_2_45,3,43.86489,-69.53466,1,2009-05-11,10,10,10,NA,NA,NA,21.5,0,0,0,730,4,21.5,percent_cover,"c(-69.53466, 43.86489)",Gulf of Maine/Bay of Fundy,Cold Temperate Northwest Atlantic,Temperate Northern Atlantic,0.215,0.08626981590034796,0.08626981590034796,0.19474407679251185,0.08274963991700852,0.08274963991700852
dmr_rasher_steneck,10_2_60,1,44.495928,-67.763393,1,2002-06-25,10,10,10,NA,NA,NA,0,0,0,0,730,4,0,percent_cover,"c(-67.763393, 44.495928)",Gulf of Maine/Bay of Fundy,Cold Temperate Northwest Atlantic,Temperate Northern Atlantic,0,0,0,0,0,0
dmr_rasher_steneck,10_2_60,2,44.49585,-67.75206,1,2003-06-23,10,10,10,NA,NA,NA,0.5,0,0,0,730,4,0.5,percent_cover,"c(-67.75206, 44.49585)",Gulf of Maine/Bay of Fundy,Cold Temperate Northwest Atlantic,Temperate Northern Atlantic,0.005,0.002006274788380185,0.002006274788380185,0.004987541511038968,0.0020042649069176833,0.0020042649069176833
dmr_rasher_steneck,10_2_60,3,44.4994,-67.7582,1,2006-06-29,10,10,10,NA,NA,NA,6,0,0,0,730,4,6,percent_cover,"c(-67.7582, 44.4994)",Gulf of Maine/Bay of Fundy,Cold Temperate Northwest Atlantic,Temperate Northern Atlantic,0.06,0.024075297460562223,0.024075297460562223,0.058268908123975824,0.023790056590251647,0.023790056590251647
dmr_rasher_steneck,10_2_61,1,44.486357,-67.676289,1,2002-06-25,10,10,10,NA,NA,NA,76,0,0,0,730,4,76,percent_cover,"c(-67.676289, 44.486357)",Gulf of Maine/Bay of Fundy,Cold Temperate Northwest Atlantic,Temperate Northern Atlantic,0.76,0.30495376783378814,0.30495376783378814,0.5653138090500605,0.26616761319981885,0.26616761319981885
dmr_rasher_steneck,10_2_61,2,44.4862,-67.6638,1,2007-06-18,10,10,10,NA,NA,NA,21.5,0,0,0,730,4,21.5,percent_cover,"c(-67.6638, 44.4862)",Gulf of Maine/Bay of Fundy,Cold Temperate Northwest Atlantic,Temperate Northern Atlantic,0.215,0.08626981590034796,0.08626981590034796,0.19474407679251185,0.08274963991700852,0.08274963991700852
dmr_rasher_steneck,10_2_61,3,44.489000000000004,-67.6705,1,2016-06-04,10,10,10,NA,NA,NA,11.25,0,0,0,730,4,11.25,percent_cover,"c(-67.6705, 44.489)",Gulf of Maine/Bay of Fundy,Cold Temperate Northwest Atlantic,Temperate Northern Atlantic,0.1125,0.045141182738554164,0.045141182738554164,0.10660973505825827,0.04415197939026745,0.04415197939026745
dmr_rasher_steneck,10_2_62,1,44.519897,-67.531109,1,2002-06-26,10,10,10,NA,NA,NA,37,0,0,0,730,4,37,percent_cover,"c(-67.531109, 44.519897)",Gulf of Maine/Bay of Fundy,Cold Temperate Northwest Atlantic,Temperate Northern Atlantic,0.37,0.1484643343401337,0.1484643343401337,0.3148107398400336,0.13842568854217424,0.13842568854217424
dmr_rasher_steneck,10_2_62,2,44.5155,-67.5307,1,2004-06-24,10,10,10,NA,NA,NA,41,0,0,0,730,4,41,percent_cover,"c(-67.5307, 44.5155)",Gulf of Maine/Bay of Fundy,Cold Temperate Northwest Atlantic,Temperate Northern Atlantic,0.41,0.1645145326471752,0.1645145326471752,0.34358970439007686,0.1523042899957531,0.1523042899957531
dmr_rasher_steneck,10_2_62,3,44.5199,-67.5311,1,2014-06-10,10,10,10,NA,NA,NA,14.5,0,0,0,730,4,14.5,percent_cover,"c(-67.5311, 44.5199)",Gulf of Maine/Bay of Fundy,Cold Temperate Northwest Atlantic,Temperate Northern Atlantic,0.145,0.05818196886302537,0.05818196886302537,0.13540463700620298,0.05655231190124093,0.05655231190124093
dmr_rasher_steneck,10_2_67,1,44.16448,-69.05934,1,2003-06-02,10,10,10,NA,NA,NA,11.5,0,0,0,730,4,11.5,percent_cover,"c(-69.05934, 44.16448)",Gulf of Maine/Bay of Fundy,Cold Temperate Northwest Atlantic,Temperate Northern Atlantic,0.115,0.046144320132744256,0.046144320132744256,0.10885440491208208,0.045111329483546916,0.045111329483546916
dmr_rasher_steneck,10_2_67,2,44.17202,-69.0609,1,2012-05-09,10,10,10,NA,NA,NA,0,0,0,0,730,4,0,percent_cover,"c(-69.0609, 44.17202)",Gulf of Maine/Bay of Fundy,Cold Temperate Northwest Atlantic,Temperate Northern Atlantic,0,0,0,0,0,0
dmr_rasher_steneck,10_2_67,3,44.1719,-69.0611,1,2016-05-18,10,10,10,NA,NA,NA,3.5,0,0,0,730,4,3.5,percent_cover,"c(-69.0611, 44.1719)",Gulf of Maine/Bay of Fundy,Cold Temperate Northwest Atlantic,Temperate Northern Atlantic,0.035,0.014043923518661296,0.014043923518661296,0.03440142671733232,0.013946221310381505,0.013946221310381505
dmr_rasher_steneck,10_2_67,4,44.1722,-69.057,1,2017-05-09,10,10,10,NA,NA,NA,33,0,0,0,730,4,33,percent_cover,"c(-69.057, 44.1722)",Gulf of Maine/Bay of Fundy,Cold Temperate Northwest Atlantic,Temperate Northern Atlantic,0.33,0.1324141360330922,0.1324141360330922,0.28517894223366247,0.1243517574283919,0.1243517574283919
dmr_rasher_steneck,10_2_80,1,44.1457,-68.578,1,2004-06-04,10,10,10,NA,NA,NA,23.5,0,0,0,730,4,23.5,percent_cover,"c(-68.578, 44.1457)",Gulf of Maine/Bay of Fundy,Cold Temperate Northwest Atlantic,Temperate Northern Atlantic,0.235,0.09429491505386871,0.09429491505386871,0.2110709700799404,0.0901102426745133,0.0901102426745133
dmr_rasher_steneck,10_2_80,2,44.14128,-68.58426,1,2011-05-31,10,10,10,NA,NA,NA,5.5,0,0,0,730,4,5.5,percent_cover,"c(-68.58426, 44.14128)",Gulf of Maine/Bay of Fundy,Cold Temperate Northwest Atlantic,Temperate Northern Atlantic,0.055,0.022069022672182036,0.022069022672182036,0.05354076692802976,0.021829026362236416,0.021829026362236416
dmr_rasher_steneck,10_2_80,3,44.1491,-68.5842,1,2014-05-13,10,10,10,NA,NA,NA,34.5,0,0,0,730,4,34.5,percent_cover,"c(-68.5842, 44.1491)",Gulf of Maine/Bay of Fundy,Cold Temperate Northwest Atlantic,Temperate Northern Atlantic,0.345,0.13843296039823277,0.13843296039823277,0.2963940130538024,0.12965272064055972,0.12965272064055972
dmr_rasher_steneck,10_2_87,1,44.5296,-67.5366,1,2004-06-24,10,10,10,NA,NA,NA,13.5,0,0,0,730,4,13.5,percent_cover,"c(-67.5366, 44.5296)",Gulf of Maine/Bay of Fundy,Cold Temperate Northwest Atlantic,Temperate Northern Atlantic,0.135,0.054169419286265,0.054169419286265,0.126632650933366,0.0527531765627664,0.0527531765627664
dmr_rasher_steneck,10_2_87,2,44.5328,-67.5302,1,2006-06-30,10,10,10,NA,NA,NA,8.5,0,0,0,730,4,8.5,percent_cover,"c(-67.5302, 44.5328)",Gulf of Maine/Bay of Fundy,Cold Temperate Northwest Atlantic,Temperate Northern Atlantic,0.085,0.03410667140246315,0.03410667140246315,0.08157998699242285,0.0335379345973846,0.0335379345973846
dmr_rasher_steneck,10_2_87,3,44.53276,-67.53652,1,2011-06-09,10,10,10,NA,NA,NA,15,0,0,0,730,4,15,percent_cover,"c(-67.53652, 44.53276)",Gulf of Maine/Bay of Fundy,Cold Temperate Northwest Atlantic,Temperate Northern Atlantic,0.15,0.06018824365140556,0.06018824365140556,0.13976194237515863,0.058446480707414004,0.058446480707414004
dmr_rasher_steneck,10_2_87,4,44.5328,-67.5365,1,2014-06-10,10,10,10,NA,NA,NA,6.5,0,0,0,730,4,6.5,percent_cover,"c(-67.5365, 44.5328)",Gulf of Maine/Bay of Fundy,Cold Temperate Northwest Atlantic,Temperate Northern Atlantic,0.065,0.026081572248942406,0.026081572248942406,0.06297479916138839,0.02574724870414191,0.02574724870414191
dmr_rasher_steneck,10_2_9,1,43.82462,-69.63938,1,2001-06-05,10,10,10,NA,NA,NA,1.5,0,0,0,730,4,1.5,percent_cover,"c(-69.63938, 43.82462)",Gulf of Maine/Bay of Fundy,Cold Temperate Northwest Atlantic,Temperate Northern Atlantic,0.015,0.006018824365140556,0.006018824365140556,0.014888612493750559,0.006000783595063385,0.006000783595063385
dmr_rasher_steneck,10_2_9,2,43.82497,-69.64226,1,2008-05-07,10,10,10,NA,NA,NA,59,0,0,0,730,4,59,percent_cover,"c(-69.64226, 43.82497)",Gulf of Maine/Bay of Fundy,Cold Temperate Northwest Atlantic,Temperate Northern Atlantic,0.59,0.23674042502886186,0.23674042502886186,0.46373401623214006,0.21247922905314948,0.21247922905314948
dmr_rasher_steneck,10_2_9,3,43.82947,-69.6401,1,2012-05-03,10,10,10,NA,NA,NA,40.5,0,0,0,730,4,40.5,percent_cover,"c(-69.6401, 43.82947)",Gulf of Maine/Bay of Fundy,Cold Temperate Northwest Atlantic,Temperate Northern Atlantic,0.405,0.162508257858795,0.162508257858795,0.3400373027857091,0.15057996198859172,0.15057996198859172
dmr_rasher_steneck,10_2_99,1,44.565,-67.5275,1,2005-06-21,10,10,10,NA,NA,NA,71.5,0,0,0,730,4,71.5,percent_cover,"c(-67.5275, 44.565)",Gulf of Maine/Bay of Fundy,Cold Temperate Northwest Atlantic,Temperate Northern Atlantic,0.715,0.2868972947383665,0.2868972947383665,0.5394130806179032,0.25223412336154394,0.25223412336154394
dmr_rasher_steneck,10_2_99,2,44.55907,-67.52656,1,2009-06-10,10,10,10,NA,NA,NA,49.5,0,0,0,730,4,49.5,percent_cover,"c(-67.52656, 44.55907)",Gulf of Maine/Bay of Fundy,Cold Temperate Northwest Atlantic,Temperate Northern Atlantic,0.495,0.19862120404963834,0.19862120404963834,0.4021262068426498,0.18117189956596202,0.18117189956596202
dmr_rasher_steneck,10_2_99,3,44.56232,-67.5291,1,2012-06-12,10,10,10,NA,NA,NA,17,0,0,0,730,4,17,percent_cover,"c(-67.5291, 44.56232)",Gulf of Maine/Bay of Fundy,Cold Temperate Northwest Atlantic,Temperate Northern Atlantic,0.17,0.0682133428049263,0.0682133428049263,0.1570037488096647,0.06598747976943722,0.06598747976943722
dmr_rasher_steneck,10_2_99,4,44.5624,-67.529,1,2017-06-15,10,10,10,NA,NA,NA,35.5,0,0,0,730,4,35.5,percent_cover,"c(-67.529, 44.5624)",Gulf of Maine/Bay of Fundy,Cold Temperate Northwest Atlantic,Temperate Northern Atlantic,0.355,0.14244550997499314,0.14244550997499314,0.3038014543316642,0.1331711489726883,0.1331711489726883
dmr_rasher_steneck,10_3_10,1,44.13106,-68.40311,1,2001-07-05,10,10,10,NA,NA,NA,23,0,0,0,730,4,23,percent_cover,"c(-68.40311, 44.13106)",Gulf of Maine/Bay of Fundy,Cold Temperate Northwest Atlantic,Temperate Northern Atlantic,0.23,0.09228864026548851,0.09228864026548851,0.20701416938432612,0.08827516498309645,0.08827516498309645
dmr_rasher_steneck,10_3_10,2,44.1355,-68.4031,1,2004-06-08,10,10,10,NA,NA,NA,32.5,0,0,0,730,4,32.5,percent_cover,"c(-68.4031, 44.1355)",Gulf of Maine/Bay of Fundy,Cold Temperate Northwest Atlantic,Temperate Northern Atlantic,0.325,0.13040786124471204,0.13040786124471204,0.2814124594381855,0.12257850675599466,0.12257850675599466
dmr_rasher_steneck,10_3_10,3,44.13053,-68.4135,1,2013-05-15,10,10,10,NA,NA,NA,41,0,0,0,730,4,41,percent_cover,"c(-68.4135, 44.13053)",Gulf of Maine/Bay of Fundy,Cold Temperate Northwest Atlantic,Temperate Northern Atlantic,0.41,0.1645145326471752,0.1645145326471752,0.34358970439007686,0.1523042899957531,0.1523042899957531
dmr_rasher_steneck,10_3_102,1,44.6005,-67.4467,1,2005-06-22,10,10,10,NA,NA,NA,38,0,0,0,730,4,38,percent_cover,"c(-67.4467, 44.6005)",Gulf of Maine/Bay of Fundy,Cold Temperate Northwest Atlantic,Temperate Northern Atlantic,0.38,0.15247688391689407,0.15247688391689407,0.3220834991691132,0.14191343834859477,0.14191343834859477
dmr_rasher_steneck,10_3_102,2,44.60376,-67.4427,1,2009-06-11,10,10,10,NA,NA,NA,27,0,0,0,730,4,27,percent_cover,"c(-67.4427, 44.60376)",Gulf of Maine/Bay of Fundy,Cold Temperate Northwest Atlantic,Temperate Northern Atlantic,0.27,0.10833883857253,0.10833883857253,0.23901690047049992,0.10286235256048129,0.10286235256048129
dmr_rasher_steneck,10_3_102,3,44.6038,-67.4427,1,2014-06-10,10,10,10,NA,NA,NA,11.5,0,0,0,730,4,11.5,percent_cover,"c(-67.4427, 44.6038)",Gulf of Maine/Bay of Fundy,Cold Temperate Northwest Atlantic,Temperate Northern Atlantic,0.115,0.046144320132744256,0.046144320132744256,0.10885440491208208,0.045111329483546916,0.045111329483546916
dmr_rasher_steneck,10_3_102,4,44.6006,-67.4466,1,2018-05-21,10,10,10,NA,NA,NA,5.5,0,0,0,730,4,5.5,percent_cover,"c(-67.4466, 44.6006)",Gulf of Maine/Bay of Fundy,Cold Temperate Northwest Atlantic,Temperate Northern Atlantic,0.055,0.022069022672182036,0.022069022672182036,0.05354076692802976,0.021829026362236416,0.021829026362236416
dmr_rasher_steneck,10_3_120,1,44.5962,-67.4593,1,2006-07-01,10,10,10,NA,NA,NA,10.5,0,0,0,730,4,10.5,percent_cover,"c(-67.4593, 44.5962)",Gulf of Maine/Bay of Fundy,Cold Temperate Northwest Atlantic,Temperate Northern Atlantic,0.105,0.04213177055598389,0.04213177055598389,0.09984533496971612,0.04126839460265525,0.04126839460265525
dmr_rasher_steneck,10_3_120,2,44.5996,-67.451046,1,2010-06-09,10,10,10,NA,NA,NA,74,0,0,0,730,4,74,percent_cover,"c(-67.451046, 44.5996)",Gulf of Maine/Bay of Fundy,Cold Temperate Northwest Atlantic,Temperate Northern Atlantic,0.74,0.2969286686802674,0.2969286686802674,0.5538851132264376,0.25999890665943054,0.25999890665943054
dmr_rasher_steneck,10_3_120,3,44.59653,-67.4561,1,2011-06-09,10,10,10,NA,NA,NA,49.5,0,0,0,730,4,49.5,percent_cover,"c(-67.4561, 44.59653)",Gulf of Maine/Bay of Fundy,Cold Temperate Northwest Atlantic,Temperate Northern Atlantic,0.495,0.19862120404963834,0.19862120404963834,0.4021262068426498,0.18117189956596202,0.18117189956596202
dmr_rasher_steneck,10_3_120,4,44.5985,-67.4618,1,2014-06-10,10,10,10,NA,NA,NA,0,0,0,0,730,4,0,percent_cover,"c(-67.4618, 44.5985)",Gulf of Maine/Bay of Fundy,Cold Temperate Northwest Atlantic,Temperate Northern Atlantic,0,0,0,0,0,0
dmr_rasher_steneck,10_3_120,5,44.6003,-67.4537,1,2015-06-07,10,10,10,NA,NA,NA,18.5,0,0,0,730,4,18.5,percent_cover,"c(-67.4537, 44.6003)",Gulf of Maine/Bay of Fundy,Cold Temperate Northwest Atlantic,Temperate Northern Atlantic,0.185,0.07423216717006685,0.07423216717006685,0.16974277458709455,0.07160614327459676,0.07160614327459676
dmr_rasher_steneck,10_3_123,1,44.6413,-67.2454,1,2006-07-01,10,10,10,NA,NA,NA,7,0,0,0,730,4,7,percent_cover,"c(-67.2454, 44.6413)",Gulf of Maine/Bay of Fundy,Cold Temperate Northwest Atlantic,Temperate Northern Atlantic,0.07,0.028087847037322592,0.028087847037322592,0.06765864847381486,0.027700617698423028,0.027700617698423028
dmr_rasher_steneck,10_3_123,2,44.6381,-67.242,1,2017-06-16,10,10,10,NA,NA,NA,30.5,0,0,0,730,4,30.5,percent_cover,"c(-67.242, 44.6381)",Gulf of Maine/Bay of Fundy,Cold Temperate Northwest Atlantic,Temperate Northern Atlantic,0.305,0.1223827620911913,0.1223827620911913,0.2662030407746567,0.11545389160834088,0.11545389160834088
dmr_rasher_steneck,10_3_123,3,44.6408,-67.2443,1,2018-05-21,10,10,10,NA,NA,NA,14.5,0,0,0,730,4,14.5,percent_cover,"c(-67.2443, 44.6408)",Gulf of Maine/Bay of Fundy,Cold Temperate Northwest Atlantic,Temperate Northern Atlantic,0.145,0.05818196886302537,0.05818196886302537,0.13540463700620298,0.05655231190124093,0.05655231190124093
dmr_rasher_steneck,10_3_133,1,44.0737,-69.0407,1,2007-05-17,10,10,10,NA,NA,NA,6.5,0,0,0,730,4,6.5,percent_cover,"c(-69.0407, 44.0737)",Gulf of Maine/Bay of Fundy,Cold Temperate Northwest Atlantic,Temperate Northern Atlantic,0.065,0.026081572248942406,0.026081572248942406,0.06297479916138839,0.02574724870414191,0.02574724870414191
dmr_rasher_steneck,10_3_133,2,44.07453,-69.03446,1,2011-05-25,10,10,10,NA,NA,NA,21,0,0,0,730,4,21,percent_cover,"c(-69.03446, 44.07453)",Gulf of Maine/Bay of Fundy,Cold Temperate Northwest Atlantic,Temperate Northern Atlantic,0.21,0.08426354111196778,0.08426354111196778,0.1906203596086497,0.08090099257577495,0.08090099257577495
dmr_rasher_steneck,10_3_133,3,44.07,-69.0407,1,2013-05-07,10,10,10,NA,NA,NA,12,0,0,0,730,4,12,percent_cover,"c(-69.0407, 44.07)",Gulf of Maine/Bay of Fundy,Cold Temperate Northwest Atlantic,Temperate Northern Atlantic,0.12,0.048150594921124446,0.048150594921124446,0.11332868530700327,0.04702727301918279,0.04702727301918279
dmr_rasher_steneck,10_3_139,1,44.3632,-68.1054,1,2007-06-08,10,10,10,NA,NA,NA,16,0,0,0,730,4,16,percent_cover,"c(-68.1054, 44.3632)",Gulf of Maine/Bay of Fundy,Cold Temperate Northwest Atlantic,Temperate Northern Atlantic,0.16,0.06420079322816592,0.06420079322816592,0.14842000511827322,0.06222408855493945,0.06222408855493945
dmr_rasher_steneck,10_3_139,2,44.36767,-68.10566,1,2011-06-02,10,10,10,NA,NA,NA,17.5,0,0,0,730,4,17.5,percent_cover,"c(-68.10566, 44.36767)",Gulf of Maine/Bay of Fundy,Cold Temperate Northwest Atlantic,Temperate Northern Atlantic,0.175,0.07021961759330649,0.07021961759330649,0.16126814759612232,0.06786387750009981,0.06786387750009981
dmr_rasher_steneck,10_3_139,3,44.3677,-68.1057,1,2014-06-06,10,10,10,NA,NA,NA,19,0,0,0,730,4,19,percent_cover,"c(-68.1057, 44.3677)",Gulf of Maine/Bay of Fundy,Cold Temperate Northwest Atlantic,Temperate Northern Atlantic,0.19,0.07623844195844703,0.07623844195844703,0.17395330712343798,0.07347203752299476,0.07347203752299476
dmr_rasher_steneck,10_3_14,1,44.47852,-67.80993,1,2001-07-18,10,10,10,NA,NA,NA,0,0,0,0,730,4,0,percent_cover,"c(-67.80993, 44.47852)",Gulf of Maine/Bay of Fundy,Cold Temperate Northwest Atlantic,Temperate Northern Atlantic,0,0,0,0,0,0
dmr_rasher_steneck,10_3_14,2,44.482742,-67.808296,1,2010-06-08,10,10,10,NA,NA,NA,7,0,0,0,730,4,7,percent_cover,"c(-67.808296, 44.482742)",Gulf of Maine/Bay of Fundy,Cold Temperate Northwest Atlantic,Temperate Northern Atlantic,0.07,0.028087847037322592,0.028087847037322592,0.06765864847381486,0.027700617698423028,0.027700617698423028
dmr_rasher_steneck,10_3_14,3,44.48277,-67.8143,1,2012-06-12,10,10,10,NA,NA,NA,17.5,0,0,0,730,4,17.5,percent_cover,"c(-67.8143, 44.48277)",Gulf of Maine/Bay of Fundy,Cold Temperate Northwest Atlantic,Temperate Northern Atlantic,0.175,0.07021961759330649,0.07021961759330649,0.16126814759612232,0.06786387750009981,0.06786387750009981
dmr_rasher_steneck,10_3_14,4,44.4827,-67.8083,1,2014-06-09,10,10,10,NA,NA,NA,13.5,0,0,0,730,4,13.5,percent_cover,"c(-67.8083, 44.4827)",Gulf of Maine/Bay of Fundy,Cold Temperate Northwest Atlantic,Temperate Northern Atlantic,0.135,0.054169419286265,0.054169419286265,0.126632650933366,0.0527531765627664,0.0527531765627664
dmr_rasher_steneck,10_3_14,5,44.4824,-67.8018,1,2016-06-04,10,10,10,NA,NA,NA,4,0,0,0,730,4,4,percent_cover,"c(-67.8018, 44.4824)",Gulf of Maine/Bay of Fundy,Cold Temperate Northwest Atlantic,Temperate Northern Atlantic,0.04,0.01605019830704148,0.01605019830704148,0.03922071315328133,0.0159227557182871,0.0159227557182871
dmr_rasher_steneck,10_3_15,1,44.48045,-67.75111,1,2001-07-18,10,10,10,NA,NA,NA,17.9,0,0,0,730,4,17.9,percent_cover,"c(-67.75111, 44.48045)",Gulf of Maine/Bay of Fundy,Cold Temperate Northwest Atlantic,Temperate Northern Atlantic,0.179,0.07182463742401063,0.07182463742401063,0.16466662155523393,0.06936246477468035,0.06936246477468035
dmr_rasher_steneck,10_3_15,2,44.48227,-67.73913,1,2003-06-23,10,10,10,NA,NA,NA,12.5,0,0,0,730,4,12.5,percent_cover,"c(-67.73913, 44.48227)",Gulf of Maine/Bay of Fundy,Cold Temperate Northwest Atlantic,Temperate Northern Atlantic,0.125,0.05015686970950463,0.05015686970950463,0.11778303565638346,0.04893955273374259,0.04893955273374259
dmr_rasher_steneck,10_3_15,3,44.4823,-67.7444,1,2005-06-20,10,10,10,NA,NA,NA,23.5,0,0,0,730,4,23.5,percent_cover,"c(-67.7444, 44.4823)",Gulf of Maine/Bay of Fundy,Cold Temperate Northwest Atlantic,Temperate Northern Atlantic,0.235,0.09429491505386871,0.09429491505386871,0.2110709700799404,0.0901102426745133,0.0901102426745133
dmr_rasher_steneck,10_3_150,1,44.34023,-68.04249,1,2008-06-05,10,10,10,NA,NA,NA,27,0,0,0,730,4,27,percent_cover,"c(-68.04249, 44.34023)",Gulf of Maine/Bay of Fundy,Cold Temperate Northwest Atlantic,Temperate Northern Atlantic,0.27,0.10833883857253,0.10833883857253,0.23901690047049992,0.10286235256048129,0.10286235256048129
dmr_rasher_steneck,10_3_150,2,44.3357,-68.03724,1,2011-06-03,10,10,10,NA,NA,NA,5.5,0,0,0,730,4,5.5,percent_cover,"c(-68.03724, 44.3357)",Gulf of Maine/Bay of Fundy,Cold Temperate Northwest Atlantic,Temperate Northern Atlantic,0.055,0.022069022672182036,0.022069022672182036,0.05354076692802976,0.021829026362236416,0.021829026362236416
dmr_rasher_steneck,10_3_150,3,44.3357,-68.0372,1,2014-06-06,10,10,10,NA,NA,NA,14.5,0,0,0,730,4,14.5,percent_cover,"c(-68.0372, 44.3357)",Gulf of Maine/Bay of Fundy,Cold Temperate Northwest Atlantic,Temperate Northern Atlantic,0.145,0.05818196886302537,0.05818196886302537,0.13540463700620298,0.05655231190124093,0.05655231190124093
dmr_rasher_steneck,10_3_153,1,44.50998,-67.52066,1,2008-06-12,10,10,10,NA,NA,NA,60.5,0,0,0,730,4,60.5,percent_cover,"c(-67.52066, 44.50998)",Gulf of Maine/Bay of Fundy,Cold Temperate Northwest Atlantic,Temperate Northern Atlantic,0.605,0.2427592493940024,0.2427592493940024,0.4731237565819792,0.21733410864771016,0.21733410864771016
dmr_rasher_steneck,10_3_153,2,44.50681,-67.5182,1,2013-05-31,10,10,10,NA,NA,NA,6.5,0,0,0,730,4,6.5,percent_cover,"c(-67.5182, 44.50681)",Gulf of Maine/Bay of Fundy,Cold Temperate Northwest Atlantic,Temperate Northern Atlantic,0.065,0.026081572248942406,0.026081572248942406,0.06297479916138839,0.02574724870414191,0.02574724870414191
dmr_rasher_steneck,10_3_153,3,44.5095,-67.5204,1,2016-06-05,10,10,10,NA,NA,NA,30.5,0,0,0,730,4,30.5,percent_cover,"c(-67.5204, 44.5095)",Gulf of Maine/Bay of Fundy,Cold Temperate Northwest Atlantic,Temperate Northern Atlantic,0.305,0.1223827620911913,0.1223827620911913,0.2662030407746567,0.11545389160834088,0.11545389160834088
dmr_rasher_steneck,10_3_16,1,44.47481,-67.67655,1,2001-07-19,10,10,10,NA,NA,NA,75,0,0,0,730,4,75,percent_cover,"c(-67.67655, 44.47481)",Gulf of Maine/Bay of Fundy,Cold Temperate Northwest Atlantic,Temperate Northern Atlantic,0.75,0.3009412182570278,0.3009412182570278,0.5596157879354227,0.26308801653963065,0.26308801653963065
dmr_rasher_steneck,10_3_16,2,44.4746,-67.6686,1,2005-06-20,10,10,10,NA,NA,NA,64,0,0,0,730,4,64,percent_cover,"c(-67.6686, 44.4746)",Gulf of Maine/Bay of Fundy,Cold Temperate Northwest Atlantic,Temperate Northern Atlantic,0.64,0.2568031729126637,0.2568031729126637,0.4946962418361071,0.22857133255241446,0.22857133255241446
dmr_rasher_steneck,10_3_16,3,44.4721,-67.6766,1,2007-06-18,10,10,10,NA,NA,NA,8,0,0,0,730,4,8,percent_cover,"c(-67.6766, 44.4721)",Gulf of Maine/Bay of Fundy,Cold Temperate Northwest Atlantic,Temperate Northern Atlantic,0.08,0.03210039661408296,0.03210039661408296,0.0769610411361284,0.031595945868412245,0.031595945868412245
dmr_rasher_steneck,10_3_16,4,44.4747,-67.6664,1,2015-06-06,10,10,10,NA,NA,NA,8.5,0,0,0,730,4,8.5,percent_cover,"c(-67.6664, 44.4747)",Gulf of Maine/Bay of Fundy,Cold Temperate Northwest Atlantic,Temperate Northern Atlantic,0.085,0.03410667140246315,0.03410667140246315,0.08157998699242285,0.0335379345973846,0.0335379345973846
dmr_rasher_steneck,10_3_173,1,43.9027,-69.270683,1,2010-05-13,10,10,10,NA,NA,NA,34,0,0,0,730,4,34,percent_cover,"c(-69.270683, 43.9027)",Gulf of Maine/Bay of Fundy,Cold Temperate Northwest Atlantic,Temperate Northern Atlantic,0.34,0.1364266856098526,0.1364266856098526,0.29266961396282004,0.1278888533074118,0.1278888533074118
dmr_rasher_steneck,10_3_173,2,43.9072,-69.2705,1,2014-05-08,10,10,10,NA,NA,NA,41,0,0,0,730,4,41,percent_cover,"c(-69.2705, 43.9072)",Gulf of Maine/Bay of Fundy,Cold Temperate Northwest Atlantic,Temperate Northern Atlantic,0.41,0.1645145326471752,0.1645145326471752,0.34358970439007686,0.1523042899957531,0.1523042899957531
dmr_rasher_steneck,10_3_173,3,43.9027,-69.2706,1,2016-05-13,10,10,10,NA,NA,NA,19.5,0,0,0,730,4,19.5,percent_cover,"c(-69.2706, 43.9027)",Gulf of Maine/Bay of Fundy,Cold Temperate Northwest Atlantic,Temperate Northern Atlantic,0.195,0.07824471674682722,0.07824471674682722,0.17814618538347404,0.07533445669316868,0.07533445669316868
dmr_rasher_steneck,10_3_178,1,44.442547,-67.858173,1,2010-06-08,10,10,10,NA,NA,NA,32,0,0,0,730,4,32,percent_cover,"c(-67.858173, 44.442547)",Gulf of Maine/Bay of Fundy,Cold Temperate Northwest Atlantic,Temperate Northern Atlantic,0.32,0.12840158645633185,0.12840158645633185,0.27763173659827955,0.12080210607907593,0.12080210607907593
dmr_rasher_steneck,10_3_178,2,44.44721,-67.85321,1,2011-06-07,10,10,10,NA,NA,NA,6.5,0,0,0,730,4,6.5,percent_cover,"c(-67.85321, 44.44721)",Gulf of Maine/Bay of Fundy,Cold Temperate Northwest Atlantic,Temperate Northern Atlantic,0.065,0.026081572248942406,0.026081572248942406,0.06297479916138839,0.02574724870414191,0.02574724870414191
dmr_rasher_steneck,10_3_178,3,44.4424,-67.8581,1,2017-06-13,10,10,10,NA,NA,NA,5,0,0,0,730,4,5,percent_cover,"c(-67.8581, 44.4424)",Gulf of Maine/Bay of Fundy,Cold Temperate Northwest Atlantic,Temperate Northern Atlantic,0.05,0.020062747883801853,0.020062747883801853,0.04879016416943205,0.01986414293719289,0.01986414293719289
dmr_rasher_steneck,10_3_179,1,44.481953,-67.691265,1,2010-06-08,10,10,10,NA,NA,NA,41.5,0,0,0,730,4,41.5,percent_cover,"c(-67.691265, 44.481953)",Gulf of Maine/Bay of Fundy,Cold Temperate Northwest Atlantic,Temperate Northern Atlantic,0.415,0.16652080743555536,0.16652080743555536,0.34712953109520095,0.15402564981323638,0.15402564981323638
dmr_rasher_steneck,10_3_179,2,44.48499,-67.69122,1,2011-06-09,10,10,10,NA,NA,NA,2,0,0,0,730,4,2,percent_cover,"c(-67.69122, 44.48499)",Gulf of Maine/Bay of Fundy,Cold Temperate Northwest Atlantic,Temperate Northern Atlantic,0.02,0.00802509915352074,0.00802509915352074,0.01980262729617973,0.007993069293067727,0.007993069293067727
dmr_rasher_steneck,10_3_179,3,44.48202,-67.7014,1,2013-05-30,10,10,10,NA,NA,NA,9,0,0,0,730,4,9,percent_cover,"c(-67.7014, 44.48202)",Gulf of Maine/Bay of Fundy,Cold Temperate Northwest Atlantic,Temperate Northern Atlantic,0.09,0.036112946190843334,0.036112946190843334,0.08617769624105241,0.03547615931462122,0.03547615931462122
dmr_rasher_steneck,10_3_18,1,44.61639,-67.37083,1,2001-07-25,10,10,10,NA,NA,NA,73.5,0,0,0,730,4,73.5,percent_cover,"c(-67.37083, 44.61639)",Gulf of Maine/Bay of Fundy,Cold Temperate Northwest Atlantic,Temperate Northern Atlantic,0.735,0.29492239389188724,0.29492239389188724,0.5510074133988224,0.2584507658591647,0.2584507658591647
dmr_rasher_steneck,10_3_18,2,44.62086,-67.3707,1,2012-06-20,10,10,10,NA,NA,NA,11,0,0,0,730,4,11,percent_cover,"c(-67.3707, 44.62086)",Gulf of Maine/Bay of Fundy,Cold Temperate Northwest Atlantic,Temperate Northern Atlantic,0.11,0.04413804534436407,0.04413804534436407,0.10436001532424286,0.0431917080605275,0.0431917080605275
dmr_rasher_steneck,10_3_18,3,44.6197,-67.3764,1,2015-06-13,10,10,10,NA,NA,NA,72.5,0,0,0,730,4,72.5,percent_cover,"c(-67.3764, 44.6197)",Gulf of Maine/Bay of Fundy,Cold Temperate Northwest Atlantic,Temperate Northern Atlantic,0.725,0.29090984431512684,0.29090984431512684,0.5452270504833231,0.2553472754330682,0.2553472754330682
dmr_rasher_steneck,10_3_19,1,44.5983,-67.36613,1,2001-07-25,10,10,10,NA,NA,NA,12,0,0,0,730,4,12,percent_cover,"c(-67.36613, 44.5983)",Gulf of Maine/Bay of Fundy,Cold Temperate Northwest Atlantic,Temperate Northern Atlantic,0.12,0.048150594921124446,0.048150594921124446,0.11332868530700327,0.04702727301918279,0.04702727301918279
dmr_rasher_steneck,10_3_19,2,44.59391,-67.371464,1,2002-07-01,10,10,10,NA,NA,NA,39.5,0,0,0,730,4,39.5,percent_cover,"c(-67.371464, 44.59391)",Gulf of Maine/Bay of Fundy,Cold Temperate Northwest Atlantic,Temperate Northern Atlantic,0.395,0.15849570828203463,0.15849570828203463,0.33289441527332897,0.1471223603362025,0.1471223603362025
dmr_rasher_steneck,10_3_19,3,44.59395,-67.3754,1,2003-06-30,10,10,10,NA,NA,NA,79.5,0,0,0,730,4,79.5,percent_cover,"c(-67.3754, 44.59395)",Gulf of Maine/Bay of Fundy,Cold Temperate Northwest Atlantic,Temperate Northern Atlantic,0.795,0.31899769135244943,0.31899769135244943,0.5850050219402422,0.2768721234322428,0.2768721234322428
dmr_rasher_steneck,10_3_19,4,44.5976,-67.3692,1,2007-06-27,10,10,10,NA,NA,NA,24.5,0,0,0,730,4,24.5,percent_cover,"c(-67.3692, 44.5976)",Gulf of Maine/Bay of Fundy,Cold Temperate Northwest Atlantic,Temperate Northern Atlantic,0.245,0.09830746463062907,0.09830746463062907,0.219135529916671,0.09377032632064201,0.09377032632064201
dmr_rasher_steneck,10_3_19,5,44.598408,-67.373578,1,2010-06-10,10,10,10,NA,NA,NA,16.5,0,0,0,730,4,16.5,percent_cover,"c(-67.373578, 44.598408)",Gulf of Maine/Bay of Fundy,Cold Temperate Northwest Atlantic,Temperate Northern Atlantic,0.165,0.0662070680165461,0.0662070680165461,0.15272108701766393,0.06410755455032274,0.06410755455032274
dmr_rasher_steneck,10_3_19,6,44.5984,-67.3736,1,2014-06-19,10,10,10,NA,NA,NA,2.5,0,0,0,730,4,2.5,percent_cover,"c(-67.3736, 44.5984)",Gulf of Maine/Bay of Fundy,Cold Temperate Northwest Atlantic,Temperate Northern Atlantic,0.025,0.010031373941900927,0.010031373941900927,0.024692612590371414,0.00998139367952627,0.00998139367952627
dmr_rasher_steneck,10_3_19,7,44.5938,-67.3753,1,2017-06-15,10,10,10,NA,NA,NA,5.5,0,0,0,730,4,5.5,percent_cover,"c(-67.3753, 44.5938)",Gulf of Maine/Bay of Fundy,Cold Temperate Northwest Atlantic,Temperate Northern Atlantic,0.055,0.022069022672182036,0.022069022672182036,0.05354076692802976,0.021829026362236416,0.021829026362236416
dmr_rasher_steneck,10_3_199,1,44.37017,-68.077,1,2012-05-13,10,10,10,NA,NA,NA,0.5,0,0,0,730,4,0.5,percent_cover,"c(-68.077, 44.37017)",Gulf of Maine/Bay of Fundy,Cold Temperate Northwest Atlantic,Temperate Northern Atlantic,0.005,0.002006274788380185,0.002006274788380185,0.004987541511038968,0.0020042649069176833,0.0020042649069176833
dmr_rasher_steneck,10_3_199,2,44.36297,-68.0769,1,2013-05-17,10,10,10,NA,NA,NA,10,0,0,0,730,4,10,percent_cover,"c(-68.0769, 44.36297)",Gulf of Maine/Bay of Fundy,Cold Temperate Northwest Atlantic,Temperate Northern Atlantic,0.1,0.04012549576760371,0.04012549576760371,0.09531017980432493,0.03934137488067342,0.03934137488067342
dmr_rasher_steneck,10_3_199,3,44.3631,-68.0781,1,2017-05-11,10,10,10,NA,NA,NA,24.5,0,0,0,730,4,24.5,percent_cover,"c(-68.0781, 44.3631)",Gulf of Maine/Bay of Fundy,Cold Temperate Northwest Atlantic,Temperate Northern Atlantic,0.245,0.09830746463062907,0.09830746463062907,0.219135529916671,0.09377032632064201,0.09377032632064201
dmr_rasher_steneck,10_3_205,1,44.76417,-67.0568,1,2012-06-30,10,10,10,NA,NA,NA,10,0,0,0,730,4,10,percent_cover,"c(-67.0568, 44.76417)",Gulf of Maine/Bay of Fundy,Cold Temperate Northwest Atlantic,Temperate Northern Atlantic,0.1,0.04012549576760371,0.04012549576760371,0.09531017980432493,0.03934137488067342,0.03934137488067342
dmr_rasher_steneck,10_3_205,2,44.7642,-67.0568,1,2015-06-13,10,10,10,NA,NA,NA,13.5,0,0,0,730,4,13.5,percent_cover,"c(-67.0568, 44.7642)",Gulf of Maine/Bay of Fundy,Cold Temperate Northwest Atlantic,Temperate Northern Atlantic,0.135,0.054169419286265,0.054169419286265,0.126632650933366,0.0527531765627664,0.0527531765627664
dmr_rasher_steneck,10_3_205,3,44.7643,-67.0514,1,2016-06-18,10,10,10,NA,NA,NA,25.5,0,0,0,730,4,25.5,percent_cover,"c(-67.0514, 44.7643)",Gulf of Maine/Bay of Fundy,Cold Temperate Northwest Atlantic,Temperate Northern Atlantic,0.255,0.10232001420738944,0.10232001420738944,0.22713557258374711,0.09741706259213588,0.09741706259213588
dmr_rasher_steneck,10_3_25,1,43.884171,-69.439068,1,2002-05-22,10,10,10,NA,NA,NA,0.7,0,0,0,730,4,0.7,percent_cover,"c(-69.439068, 43.884171)",Gulf of Maine/Bay of Fundy,Cold Temperate Northwest Atlantic,Temperate Northern Atlantic,0.006999999999999999,0.002808784703732259,0.002808784703732259,0.006975613736425138,0.002804847438872845,0.002804847438872845
dmr_rasher_steneck,10_3_25,2,43.8887,-69.4409,1,2005-05-19,10,10,10,NA,NA,NA,43,0,0,0,730,4,43,percent_cover,"c(-69.4409, 43.8887)",Gulf of Maine/Bay of Fundy,Cold Temperate Northwest Atlantic,Temperate Northern Atlantic,0.43,0.17253963180069593,0.17253963180069593,0.3576744442718159,0.15917202187638835,0.15917202187638835
dmr_rasher_steneck,10_3_25,3,43.88869,-69.4331,1,2013-05-03,10,10,10,NA,NA,NA,5.5,0,0,0,730,4,5.5,percent_cover,"c(-69.4331, 43.88869)",Gulf of Maine/Bay of Fundy,Cold Temperate Northwest Atlantic,Temperate Northern Atlantic,0.055,0.022069022672182036,0.022069022672182036,0.05354076692802976,0.021829026362236416,0.021829026362236416
dmr_rasher_steneck,10_3_30,1,44.015404,-68.609039,1,2002-06-05,10,10,10,NA,NA,NA,35,0,0,0,730,4,35,percent_cover,"c(-68.609039, 44.015404)",Gulf of Maine/Bay of Fundy,Cold Temperate Northwest Atlantic,Temperate Northern Atlantic,0.35,0.14043923518661297,0.14043923518661297,0.30010459245033816,0.13141348222306698,0.13141348222306698
dmr_rasher_steneck,10_3_30,2,44.0199,-68.60991,1,2003-06-04,10,10,10,NA,NA,NA,9,0,0,0,730,4,9,percent_cover,"c(-68.60991, 44.0199)",Gulf of Maine/Bay of Fundy,Cold Temperate Northwest Atlantic,Temperate Northern Atlantic,0.09,0.036112946190843334,0.036112946190843334,0.08617769624105241,0.03547615931462122,0.03547615931462122
dmr_rasher_steneck,10_3_30,3,44.0149,-68.6078,1,2017-07-31,10,10,10,NA,NA,NA,17,0,0,0,730,4,17,percent_cover,"c(-68.6078, 44.0149)",Gulf of Maine/Bay of Fundy,Cold Temperate Northwest Atlantic,Temperate Northern Atlantic,0.17,0.0682133428049263,0.0682133428049263,0.1570037488096647,0.06598747976943722,0.06598747976943722
dmr_rasher_steneck,10_3_31,1,44.055712,-68.578571,1,2002-06-05,10,10,10,NA,NA,NA,39.5,0,0,0,730,4,39.5,percent_cover,"c(-68.578571, 44.055712)",Gulf of Maine/Bay of Fundy,Cold Temperate Northwest Atlantic,Temperate Northern Atlantic,0.395,0.15849570828203463,0.15849570828203463,0.33289441527332897,0.1471223603362025,0.1471223603362025
dmr_rasher_steneck,10_3_31,2,44.0602,-68.5785,1,2004-06-04,10,10,10,NA,NA,NA,21,0,0,0,730,4,21,percent_cover,"c(-68.5785, 44.0602)",Gulf of Maine/Bay of Fundy,Cold Temperate Northwest Atlantic,Temperate Northern Atlantic,0.21,0.08426354111196778,0.08426354111196778,0.1906203596086497,0.08090099257577495,0.08090099257577495
dmr_rasher_steneck,10_3_31,3,44.0603,-68.5848,1,2007-05-29,10,10,10,NA,NA,NA,10,0,0,0,730,4,10,percent_cover,"c(-68.5848, 44.0603)",Gulf of Maine/Bay of Fundy,Cold Temperate Northwest Atlantic,Temperate Northern Atlantic,0.1,0.04012549576760371,0.04012549576760371,0.09531017980432493,0.03934137488067342,0.03934137488067342
dmr_rasher_steneck,10_3_38,1,44.490295,-67.636499,1,2002-06-26,10,10,10,NA,NA,NA,0,0,0,0,730,4,0,percent_cover,"c(-67.636499, 44.490295)",Gulf of Maine/Bay of Fundy,Cold Temperate Northwest Atlantic,Temperate Northern Atlantic,0,0,0,0,0,0
dmr_rasher_steneck,10_3_38,2,44.48624,-67.63207,1,2003-06-24,10,10,10,NA,NA,NA,34.5,0,0,0,730,4,34.5,percent_cover,"c(-67.63207, 44.48624)",Gulf of Maine/Bay of Fundy,Cold Temperate Northwest Atlantic,Temperate Northern Atlantic,0.345,0.13843296039823277,0.13843296039823277,0.2963940130538024,0.12965272064055972,0.12965272064055972
dmr_rasher_steneck,10_3_38,3,44.4863,-67.637,1,2006-06-29,10,10,10,NA,NA,NA,7,0,0,0,730,4,7,percent_cover,"c(-67.637, 44.4863)",Gulf of Maine/Bay of Fundy,Cold Temperate Northwest Atlantic,Temperate Northern Atlantic,0.07,0.028087847037322592,0.028087847037322592,0.06765864847381486,0.027700617698423028,0.027700617698423028
dmr_rasher_steneck,10_3_38,4,44.49108,-67.6331,1,2013-05-31,10,10,10,NA,NA,NA,5,0,0,0,730,4,5,percent_cover,"c(-67.6331, 44.49108)",Gulf of Maine/Bay of Fundy,Cold Temperate Northwest Atlantic,Temperate Northern Atlantic,0.05,0.020062747883801853,0.020062747883801853,0.04879016416943205,0.01986414293719289,0.01986414293719289
dmr_rasher_steneck,10_3_38,5,44.4901,-67.6276,1,2014-06-09,10,10,10,NA,NA,NA,2,0,0,0,730,4,2,percent_cover,"c(-67.6276, 44.4901)",Gulf of Maine/Bay of Fundy,Cold Temperate Northwest Atlantic,Temperate Northern Atlantic,0.02,0.00802509915352074,0.00802509915352074,0.01980262729617973,0.007993069293067727,0.007993069293067727
dmr_rasher_steneck,10_3_38,6,44.4916,-67.6335,1,2015-06-06,10,10,10,NA,NA,NA,15.5,0,0,0,730,4,15.5,percent_cover,"c(-67.6335, 44.4916)",Gulf of Maine/Bay of Fundy,Cold Temperate Northwest Atlantic,Temperate Northern Atlantic,0.155,0.06219451843978574,0.06219451843978574,0.14410034397375687,0.0603370684202472,0.0603370684202472
dmr_rasher_steneck,10_3_39,1,44.555111,-67.520045,1,2002-07-01,10,10,10,NA,NA,NA,71.5,0,0,0,730,4,71.5,percent_cover,"c(-67.520045, 44.555111)",Gulf of Maine/Bay of Fundy,Cold Temperate Northwest Atlantic,Temperate Northern Atlantic,0.715,0.2868972947383665,0.2868972947383665,0.5394130806179032,0.25223412336154394,0.25223412336154394
dmr_rasher_steneck,10_3_39,2,44.5559,-67.5233,1,2004-06-29,10,10,10,NA,NA,NA,73.5,0,0,0,730,4,73.5,percent_cover,"c(-67.5233, 44.5559)",Gulf of Maine/Bay of Fundy,Cold Temperate Northwest Atlantic,Temperate Northern Atlantic,0.735,0.29492239389188724,0.29492239389188724,0.5510074133988224,0.2584507658591647,0.2584507658591647
dmr_rasher_steneck,10_3_39,3,44.55131,-67.51722,1,2010-06-09,10,10,10,NA,NA,NA,42.5,0,0,0,730,4,42.5,percent_cover,"c(-67.51722, 44.55131)",Gulf of Maine/Bay of Fundy,Cold Temperate Northwest Atlantic,Temperate Northern Atlantic,0.425,0.17053335701231573,0.17053335701231573,0.3541718137206139,0.15745950563103195,0.15745950563103195
dmr_rasher_steneck,10_3_39,4,44.5559,-67.5232,1,2015-06-07,10,10,10,NA,NA,NA,50,0,0,0,730,4,50,percent_cover,"c(-67.5232, 44.5559)",Gulf of Maine/Bay of Fundy,Cold Temperate Northwest Atlantic,Temperate Northern Atlantic,0.5,0.2006274788380185,0.2006274788380185,0.4054651081081644,0.18284431916157692,0.18284431916157692
dmr_rasher_steneck,10_3_40,1,44.505568,-67.512157,1,2002-06-26,10,10,10,NA,NA,NA,32,0,0,0,730,4,32,percent_cover,"c(-67.512157, 44.505568)",Gulf of Maine/Bay of Fundy,Cold Temperate Northwest Atlantic,Temperate Northern Atlantic,0.32,0.12840158645633185,0.12840158645633185,0.27763173659827955,0.12080210607907593,0.12080210607907593
dmr_rasher_steneck,10_3_40,2,44.5025,-67.5121,1,2004-06-24,10,10,10,NA,NA,NA,44.5,0,0,0,730,4,44.5,percent_cover,"c(-67.5121, 44.5025)",Gulf of Maine/Bay of Fundy,Cold Temperate Northwest Atlantic,Temperate Northern Atlantic,0.445,0.1785584561658365,0.1785584561658365,0.3681093215643955,0.16429204434110672,0.16429204434110672
dmr_rasher_steneck,10_3_40,3,44.5002,-67.5121,1,2005-06-21,10,10,10,NA,NA,NA,33.5,0,0,0,730,4,33.5,percent_cover,"c(-67.5121, 44.5002)",Gulf of Maine/Bay of Fundy,Cold Temperate Northwest Atlantic,Temperate Northern Atlantic,0.335,0.1344204108214724,0.1344204108214724,0.28893129185221283,0.1261218692479938,0.1261218692479938
dmr_rasher_steneck,10_3_42,1,44.6584,-67.18971,1,2002-07-02,10,10,10,NA,NA,NA,35,0,0,0,730,4,35,percent_cover,"c(-67.18971, 44.6584)",Gulf of Maine/Bay of Fundy,Cold Temperate Northwest Atlantic,Temperate Northern Atlantic,0.35,0.14043923518661297,0.14043923518661297,0.30010459245033816,0.13141348222306698,0.13141348222306698
dmr_rasher_steneck,10_3_42,2,44.66241,-67.18027,1,2008-06-19,10,10,10,NA,NA,NA,25.5,0,0,0,730,4,25.5,percent_cover,"c(-67.18027, 44.66241)",Gulf of Maine/Bay of Fundy,Cold Temperate Northwest Atlantic,Temperate Northern Atlantic,0.255,0.10232001420738944,0.10232001420738944,0.22713557258374711,0.09741706259213588,0.09741706259213588
dmr_rasher_steneck,10_3_42,3,44.658434,-67.190369,1,2010-06-10,10,10,10,NA,NA,NA,7,0,0,0,730,4,7,percent_cover,"c(-67.190369, 44.658434)",Gulf of Maine/Bay of Fundy,Cold Temperate Northwest Atlantic,Temperate Northern Atlantic,0.07,0.028087847037322592,0.028087847037322592,0.06765864847381486,0.027700617698423028,0.027700617698423028
dmr_rasher_steneck,10_3_42,4,44.6584,-67.1897,1,2013-06-14,10,10,10,NA,NA,NA,4,0,0,0,730,4,4,percent_cover,"c(-67.1897, 44.6584)",Gulf of Maine/Bay of Fundy,Cold Temperate Northwest Atlantic,Temperate Northern Atlantic,0.04,0.01605019830704148,0.01605019830704148,0.03922071315328133,0.0159227557182871,0.0159227557182871
dmr_rasher_steneck,10_3_42,5,44.6626,-67.1862,1,2018-05-19,10,10,10,NA,NA,NA,19,0,0,0,730,4,19,percent_cover,"c(-67.1862, 44.6626)",Gulf of Maine/Bay of Fundy,Cold Temperate Northwest Atlantic,Temperate Northern Atlantic,0.19,0.07623844195844703,0.07623844195844703,0.17395330712343798,0.07347203752299476,0.07347203752299476
dmr_rasher_steneck,10_3_48,1,43.88809,-69.46879,1,2003-05-22,10,10,10,NA,NA,NA,36.2,0,0,0,730,4,36.2,percent_cover,"c(-69.46879, 43.88809)",Gulf of Maine/Bay of Fundy,Cold Temperate Northwest Atlantic,Temperate Northern Atlantic,0.36200000000000004,0.14525429467872542,0.14525429467872542,0.3089542077273207,0.13562670377002153,0.13562670377002153
dmr_rasher_steneck,10_3_48,2,43.8886,-69.4708,1,2004-05-20,10,10,10,NA,NA,NA,36.5,0,0,0,730,4,36.5,percent_cover,"c(-69.4708, 43.8886)",Gulf of Maine/Bay of Fundy,Cold Temperate Northwest Atlantic,Temperate Northern Atlantic,0.365,0.1464580595517535,0.1464580595517535,0.31115442863692305,0.13667724135735454,0.13667724135735454
dmr_rasher_steneck,10_3_48,3,43.8942,-69.4653,1,2006-05-16,10,10,10,NA,NA,NA,8,0,0,0,730,4,8,percent_cover,"c(-69.4653, 43.8942)",Gulf of Maine/Bay of Fundy,Cold Temperate Northwest Atlantic,Temperate Northern Atlantic,0.08,0.03210039661408296,0.03210039661408296,0.0769610411361284,0.031595945868412245,0.031595945868412245
dmr_rasher_steneck,10_3_63,1,44.62528,-67.36485,1,2003-06-30,10,10,10,NA,NA,NA,13.5,0,0,0,730,4,13.5,percent_cover,"c(-67.36485, 44.62528)",Gulf of Maine/Bay of Fundy,Cold Temperate Northwest Atlantic,Temperate Northern Atlantic,0.135,0.054169419286265,0.054169419286265,0.126632650933366,0.0527531765627664,0.0527531765627664
dmr_rasher_steneck,10_3_63,2,44.6245,-67.3679,1,2004-06-29,10,10,10,NA,NA,NA,0,0,0,0,730,4,0,percent_cover,"c(-67.3679, 44.6245)",Gulf of Maine/Bay of Fundy,Cold Temperate Northwest Atlantic,Temperate Northern Atlantic,0,0,0,0,0,0
dmr_rasher_steneck,10_3_63,3,44.6253,-67.3648,1,2014-06-19,10,10,10,NA,NA,NA,0,0,0,0,730,4,0,percent_cover,"c(-67.3648, 44.6253)",Gulf of Maine/Bay of Fundy,Cold Temperate Northwest Atlantic,Temperate Northern Atlantic,0,0,0,0,0,0
dmr_rasher_steneck,10_3_63,4,44.6207,-67.3645,1,2016-06-05,10,10,10,NA,NA,NA,5,0,0,0,730,4,5,percent_cover,"c(-67.3645, 44.6207)",Gulf of Maine/Bay of Fundy,Cold Temperate Northwest Atlantic,Temperate Northern Atlantic,0.05,0.020062747883801853,0.020062747883801853,0.04879016416943205,0.01986414293719289,0.01986414293719289
dmr_rasher_steneck,10_3_68,1,43.7934,-69.6682,1,2004-05-17,10,10,10,NA,NA,NA,44,0,0,0,730,4,44,percent_cover,"c(-69.6682, 43.7934)",Gulf of Maine/Bay of Fundy,Cold Temperate Northwest Atlantic,Temperate Northern Atlantic,0.44,0.1765521813774563,0.1765521813774563,0.36464311358790924,0.16258828126372338,0.16258828126372338
dmr_rasher_steneck,10_3_68,2,43.79336,-69.6743,1,2013-05-01,10,10,10,NA,NA,NA,2.5,0,0,0,730,4,2.5,percent_cover,"c(-69.6743, 43.79336)",Gulf of Maine/Bay of Fundy,Cold Temperate Northwest Atlantic,Temperate Northern Atlantic,0.025,0.010031373941900927,0.010031373941900927,0.024692612590371414,0.00998139367952627,0.00998139367952627
dmr_rasher_steneck,10_3_68,3,43.7934,-69.6743,1,2014-05-07,10,10,10,NA,NA,NA,19.5,0,0,0,730,4,19.5,percent_cover,"c(-69.6743, 43.7934)",Gulf of Maine/Bay of Fundy,Cold Temperate Northwest Atlantic,Temperate Northern Atlantic,0.195,0.07824471674682722,0.07824471674682722,0.17814618538347404,0.07533445669316868,0.07533445669316868
dmr_rasher_steneck,10_3_74,1,44.3636,-68.1757,1,2004-06-16,10,10,10,NA,NA,NA,69.5,0,0,0,730,4,69.5,percent_cover,"c(-68.1757, 44.3636)",Gulf of Maine/Bay of Fundy,Cold Temperate Northwest Atlantic,Temperate Northern Atlantic,0.695,0.2788721955848457,0.2788721955848457,0.5276827408324135,0.2459785923378903,0.2459785923378903
dmr_rasher_steneck,10_3_74,2,44.36367,-68.18109,1,2008-06-03,10,10,10,NA,NA,NA,64.5,0,0,0,730,4,64.5,percent_cover,"c(-68.18109, 44.36367)",Gulf of Maine/Bay of Fundy,Cold Temperate Northwest Atlantic,Temperate Northern Atlantic,0.645,0.25880944770104386,0.25880944770104386,0.49774038421733524,0.2301663915033086,0.2301663915033086
dmr_rasher_steneck,10_3_74,3,44.3638,-68.181,1,2016-05-21,10,10,10,NA,NA,NA,8.5,0,0,0,730,4,8.5,percent_cover,"c(-68.181, 44.3638)",Gulf of Maine/Bay of Fundy,Cold Temperate Northwest Atlantic,Temperate Northern Atlantic,0.085,0.03410667140246315,0.03410667140246315,0.08157998699242285,0.0335379345973846,0.0335379345973846
dmr_rasher_steneck,10_3_91,1,43.9798,-69.0903,1,2005-05-29,10,10,10,NA,NA,NA,55,0,0,0,730,4,55,percent_cover,"c(-69.0903, 43.9798)",Gulf of Maine/Bay of Fundy,Cold Temperate Northwest Atlantic,Temperate Northern Atlantic,0.55,0.22069022672182037,0.22069022672182037,0.4382549309311553,0.19941645837158545,0.19941645837158545
dmr_rasher_steneck,10_3_91,2,43.97532,-69.08408,1,2008-05-16,10,10,10,NA,NA,NA,20.5,0,0,0,730,4,20.5,percent_cover,"c(-69.08408, 43.97532)",Gulf of Maine/Bay of Fundy,Cold Temperate Northwest Atlantic,Temperate Northern Atlantic,0.205,0.0822572663235876,0.0822572663235876,0.18647956694261839,0.07904892140712258,0.07904892140712258
dmr_rasher_steneck,10_3_91,3,43.9753,-69.0841,1,2017-05-05,10,10,10,NA,NA,NA,8,0,0,0,730,4,8,percent_cover,"c(-69.0841, 43.9753)",Gulf of Maine/Bay of Fundy,Cold Temperate Northwest Atlantic,Temperate Northern Atlantic,0.08,0.03210039661408296,0.03210039661408296,0.0769610411361284,0.031595945868412245,0.031595945868412245
dmr_rasher_steneck,10_3_96,1,44.3631,-68.0932,1,2005-06-15,10,10,10,NA,NA,NA,39,0,0,0,730,4,39,percent_cover,"c(-68.0932, 44.3631)",Gulf of Maine/Bay of Fundy,Cold Temperate Northwest Atlantic,Temperate Northern Atlantic,0.39,0.15648943349365443,0.15648943349365443,0.32930374714260047,0.14538906602302135,0.14538906602302135
dmr_rasher_steneck,10_3_96,2,44.363,-68.087,1,2006-06-18,10,10,10,NA,NA,NA,4.1,0,0,0,730,4,4.1,percent_cover,"c(-68.087, 44.363)",Gulf of Maine/Bay of Fundy,Cold Temperate Northwest Atlantic,Temperate Northern Atlantic,0.040999999999999995,0.016451453264717517,0.016451453264717517,0.04018178963283176,0.016317594229319596,0.016317594229319596
dmr_rasher_steneck,10_3_96,3,44.3677,-68.0934,1,2017-05-12,10,10,10,NA,NA,NA,21,0,0,0,730,4,21,percent_cover,"c(-68.0934, 44.3677)",Gulf of Maine/Bay of Fundy,Cold Temperate Northwest Atlantic,Temperate Northern Atlantic,0.21,0.08426354111196778,0.08426354111196778,0.1906203596086497,0.08090099257577495,0.08090099257577495
dmr_rasher_steneck,10_3_96,4,44.3641,-68.0985,1,2018-05-14,10,10,10,NA,NA,NA,43,0,0,0,730,4,43,percent_cover,"c(-68.0985, 44.3641)",Gulf of Maine/Bay of Fundy,Cold Temperate Northwest Atlantic,Temperate Northern Atlantic,0.43,0.17253963180069593,0.17253963180069593,0.3576744442718159,0.15917202187638835,0.15917202187638835
dmr_rasher_steneck,10_3_99,1,44.4115,-67.9298,1,2005-06-14,10,10,10,NA,NA,NA,22.5,0,0,0,730,4,22.5,percent_cover,"c(-67.9298, 44.4115)",Gulf of Maine/Bay of Fundy,Cold Temperate Northwest Atlantic,Temperate Northern Atlantic,0.225,0.09028236547710833,0.09028236547710833,0.20294084399669038,0.08643671358959214,0.08643671358959214
dmr_rasher_steneck,10_3_99,2,44.41602,-67.92899,1,2009-06-04,10,10,10,NA,NA,NA,61.5,0,0,0,730,4,61.5,percent_cover,"c(-67.92899, 44.41602)",Gulf of Maine/Bay of Fundy,Cold Temperate Northwest Atlantic,Temperate Northern Atlantic,0.615,0.24677179897076276,0.24677179897076276,0.47933495667461984,0.2205576499279059,0.2205576499279059
dmr_rasher_steneck,10_3_99,3,44.4161,-67.929,1,2016-05-21,10,10,10,NA,NA,NA,70.5,0,0,0,730,4,70.5,percent_cover,"c(-67.929, 44.4161)",Gulf of Maine/Bay of Fundy,Cold Temperate Northwest Atlantic,Temperate Northern Atlantic,0.705,0.2828847451616061,0.2828847451616061,0.5335651107354802,0.24911124930029016,0.24911124930029016
dmr_rasher_steneck,10_4_10,1,44.57199,-67.40965,1,2001-07-24,10,10,10,NA,NA,NA,71,0,0,0,730,4,71,percent_cover,"c(-67.40965, 44.57199)",Gulf of Maine/Bay of Fundy,Cold Temperate Northwest Atlantic,Temperate Northern Atlantic,0.71,0.2848910199499863,0.2848910199499863,0.5364933705145685,0.250673905373222,0.250673905373222
dmr_rasher_steneck,10_4_10,2,44.572,-67.4097,1,2007-06-19,10,10,10,NA,NA,NA,40,0,0,0,730,4,40,percent_cover,"c(-67.4097, 44.572)",Gulf of Maine/Bay of Fundy,Cold Temperate Northwest Atlantic,Temperate Northern Atlantic,0.4,0.16050198307041483,0.16050198307041483,0.3364722366212129,0.14885265553780105,0.14885265553780105
dmr_rasher_steneck,10_4_10,3,44.57191,-67.40451,1,2009-06-11,10,10,10,NA,NA,NA,40,0,0,0,730,4,40,percent_cover,"c(-67.40451, 44.57191)",Gulf of Maine/Bay of Fundy,Cold Temperate Northwest Atlantic,Temperate Northern Atlantic,0.4,0.16050198307041483,0.16050198307041483,0.3364722366212129,0.14885265553780105,0.14885265553780105
dmr_rasher_steneck,10_4_102,1,44.7419,-67.0704,1,2005-06-27,10,10,10,NA,NA,NA,9.5,0,0,0,730,4,9.5,percent_cover,"c(-67.0704, 44.7419)",Gulf of Maine/Bay of Fundy,Cold Temperate Northwest Atlantic,Temperate Northern Atlantic,0.095,0.03811922097922352,0.03811922097922352,0.09075436326846412,0.03741063458290644,0.03741063458290644
dmr_rasher_steneck,10_4_102,2,44.7464,-67.0702,1,2006-07-02,10,10,10,NA,NA,NA,5,0,0,0,730,4,5,percent_cover,"c(-67.0702, 44.7464)",Gulf of Maine/Bay of Fundy,Cold Temperate Northwest Atlantic,Temperate Northern Atlantic,0.05,0.020062747883801853,0.020062747883801853,0.04879016416943205,0.01986414293719289,0.01986414293719289
dmr_rasher_steneck,10_4_102,3,44.7507,-67.0697,1,2017-06-16,10,10,10,NA,NA,NA,3,0,0,0,730,4,3,percent_cover,"c(-67.0697, 44.7507)",Gulf of Maine/Bay of Fundy,Cold Temperate Northwest Atlantic,Temperate Northern Atlantic,0.03,0.012037648730281111,0.012037648730281111,0.02955880224154443,0.011965772475934637,0.011965772475934637
dmr_rasher_steneck,10_4_106,1,43.6915,-70.0828,1,2006-05-10,10,10,10,NA,NA,NA,10,0,0,0,730,4,10,percent_cover,"c(-70.0828, 43.6915)",Gulf of Maine/Bay of Fundy,Cold Temperate Northwest Atlantic,Temperate Northern Atlantic,0.1,0.04012549576760371,0.04012549576760371,0.09531017980432493,0.03934137488067342,0.03934137488067342
dmr_rasher_steneck,10_4_106,2,43.687002,-70.082733,1,2010-05-07,10,10,10,NA,NA,NA,9,0,0,0,730,4,9,percent_cover,"c(-70.082733, 43.687002)",Gulf of Maine/Bay of Fundy,Cold Temperate Northwest Atlantic,Temperate Northern Atlantic,0.09,0.036112946190843334,0.036112946190843334,0.08617769624105241,0.03547615931462122,0.03547615931462122
dmr_rasher_steneck,10_4_106,3,43.68669,-70.08436,1,2018-08-21,10,10,10,NA,NA,NA,15.125,0,0,0,730,4,15.125,percent_cover,"c(-70.08436, 43.68669)",Gulf of Maine/Bay of Fundy,Cold Temperate Northwest Atlantic,Temperate Northern Atlantic,0.15125,0.0606898123485006,0.0606898123485006,0.14084830858737965,0.05891946283387499,0.05891946283387499
dmr_rasher_steneck,10_4_128,1,44.2423,-68.2079,1,2007-06-08,10,10,10,NA,NA,NA,34.5,0,0,0,730,4,34.5,percent_cover,"c(-68.2079, 44.2423)",Gulf of Maine/Bay of Fundy,Cold Temperate Northwest Atlantic,Temperate Northern Atlantic,0.345,0.13843296039823277,0.13843296039823277,0.2963940130538024,0.12965272064055972,0.12965272064055972
dmr_rasher_steneck,10_4_128,2,44.239,-68.2096,1,2014-05-27,10,10,10,NA,NA,NA,17,0,0,0,730,4,17,percent_cover,"c(-68.2096, 44.239)",Gulf of Maine/Bay of Fundy,Cold Temperate Northwest Atlantic,Temperate Northern Atlantic,0.17,0.0682133428049263,0.0682133428049263,0.1570037488096647,0.06598747976943722,0.06598747976943722
dmr_rasher_steneck,10_4_128,3,44.2371,-68.2048,1,2016-08-30,10,10,10,NA,NA,NA,41,0,0,0,730,4,41,percent_cover,"c(-68.2048, 44.2371)",Gulf of Maine/Bay of Fundy,Cold Temperate Northwest Atlantic,Temperate Northern Atlantic,0.41,0.1645145326471752,0.1645145326471752,0.34358970439007686,0.1523042899957531,0.1523042899957531
dmr_rasher_steneck,10_4_13,1,44.6624,-67.16127,1,2001-07-27,10,10,10,NA,NA,NA,40.5,0,0,0,730,4,40.5,percent_cover,"c(-67.16127, 44.6624)",Gulf of Maine/Bay of Fundy,Cold Temperate Northwest Atlantic,Temperate Northern Atlantic,0.405,0.162508257858795,0.162508257858795,0.3400373027857091,0.15057996198859172,0.15057996198859172
dmr_rasher_steneck,10_4_13,2,44.66214,-67.16768,1,2003-07-01,10,10,10,NA,NA,NA,5,0,0,0,730,4,5,percent_cover,"c(-67.16768, 44.66214)",Gulf of Maine/Bay of Fundy,Cold Temperate Northwest Atlantic,Temperate Northern Atlantic,0.05,0.020062747883801853,0.020062747883801853,0.04879016416943205,0.01986414293719289,0.01986414293719289
dmr_rasher_steneck,10_4_13,3,44.66214,-67.16768,1,2009-06-15,10,10,10,NA,NA,NA,24.5,0,0,0,730,4,24.5,percent_cover,"c(-67.16768, 44.66214)",Gulf of Maine/Bay of Fundy,Cold Temperate Northwest Atlantic,Temperate Northern Atlantic,0.245,0.09830746463062907,0.09830746463062907,0.219135529916671,0.09377032632064201,0.09377032632064201
dmr_rasher_steneck,10_4_131,1,44.429,-67.8476,1,2007-06-18,10,10,10,NA,NA,NA,3.5,0,0,0,730,4,3.5,percent_cover,"c(-67.8476, 44.429)",Gulf of Maine/Bay of Fundy,Cold Temperate Northwest Atlantic,Temperate Northern Atlantic,0.035,0.014043923518661296,0.014043923518661296,0.03440142671733232,0.013946221310381505,0.013946221310381505
dmr_rasher_steneck,10_4_131,2,44.4215,-67.84725,1,2008-06-11,10,10,10,NA,NA,NA,13.4,0,0,0,730,4,13.4,percent_cover,"c(-67.84725, 44.4215)",Gulf of Maine/Bay of Fundy,Cold Temperate Northwest Atlantic,Temperate Northern Atlantic,0.134,0.05376816432858896,0.05376816432858896,0.12575120530556025,0.052372467982359276,0.052372467982359276
dmr_rasher_steneck,10_4_131,3,44.42447,-67.8477,1,2012-06-11,10,10,10,NA,NA,NA,7,0,0,0,730,4,7,percent_cover,"c(-67.8477, 44.42447)",Gulf of Maine/Bay of Fundy,Cold Temperate Northwest Atlantic,Temperate Northern Atlantic,0.07,0.028087847037322592,0.028087847037322592,0.06765864847381486,0.027700617698423028,0.027700617698423028
dmr_rasher_steneck,10_4_145,1,44.09559,-68.48462,1,2008-06-02,10,10,10,NA,NA,NA,13.5,0,0,0,730,4,13.5,percent_cover,"c(-68.48462, 44.09559)",Gulf of Maine/Bay of Fundy,Cold Temperate Northwest Atlantic,Temperate Northern Atlantic,0.135,0.054169419286265,0.054169419286265,0.126632650933366,0.0527531765627664,0.0527531765627664
dmr_rasher_steneck,10_4_145,2,44.1001,-68.4846,1,2014-05-13,10,10,10,NA,NA,NA,35,0,0,0,730,4,35,percent_cover,"c(-68.4846, 44.1001)",Gulf of Maine/Bay of Fundy,Cold Temperate Northwest Atlantic,Temperate Northern Atlantic,0.35,0.14043923518661297,0.14043923518661297,0.30010459245033816,0.13141348222306698,0.13141348222306698
dmr_rasher_steneck,10_4_145,3,44.0999,-68.4789,1,2017-05-10,10,10,10,NA,NA,NA,5.5,0,0,0,730,4,5.5,percent_cover,"c(-68.4789, 44.0999)",Gulf of Maine/Bay of Fundy,Cold Temperate Northwest Atlantic,Temperate Northern Atlantic,0.055,0.022069022672182036,0.022069022672182036,0.05354076692802976,0.021829026362236416,0.021829026362236416
dmr_rasher_steneck,10_4_148,1,44.48392,-67.52526,1,2008-06-12,10,10,10,NA,NA,NA,17.5,0,0,0,730,4,17.5,percent_cover,"c(-67.52526, 44.48392)",Gulf of Maine/Bay of Fundy,Cold Temperate Northwest Atlantic,Temperate Northern Atlantic,0.175,0.07021961759330649,0.07021961759330649,0.16126814759612232,0.06786387750009981,0.06786387750009981
dmr_rasher_steneck,10_4_148,2,44.484,-67.5248,1,2015-06-07,10,10,10,NA,NA,NA,9,0,0,0,730,4,9,percent_cover,"c(-67.5248, 44.484)",Gulf of Maine/Bay of Fundy,Cold Temperate Northwest Atlantic,Temperate Northern Atlantic,0.09,0.036112946190843334,0.036112946190843334,0.08617769624105241,0.03547615931462122,0.03547615931462122
dmr_rasher_steneck,10_4_148,3,44.4822,-67.5276,1,2017-08-22,10,10,10,NA,NA,NA,0.375,0,0,0,730,4,0.375,percent_cover,"c(-67.5276, 44.4822)",Gulf of Maine/Bay of Fundy,Cold Temperate Northwest Atlantic,Temperate Northern Atlantic,0.00375,0.001504706091285139,0.001504706091285139,0.003742986278834297,0.001503575155416512,0.001503575155416512
dmr_rasher_steneck,10_4_148,4,44.4822,-67.5276,1,2018-07-08,10,10,10,NA,NA,NA,0.5875,0,0,0,730,4,0.5875,percent_cover,"c(-67.5276, 44.4822)",Gulf of Maine/Bay of Fundy,Cold Temperate Northwest Atlantic,Temperate Northern Atlantic,0.005875,0.002357372876346718,0.002357372876346718,0.005857809484159932,0.002354598632004379,0.002354598632004379
dmr_rasher_steneck,10_4_159,1,44.33128,-68.0515,1,2009-06-04,10,10,10,NA,NA,NA,21.5,0,0,0,730,4,21.5,percent_cover,"c(-68.0515, 44.33128)",Gulf of Maine/Bay of Fundy,Cold Temperate Northwest Atlantic,Temperate Northern Atlantic,0.215,0.08626981590034796,0.08626981590034796,0.19474407679251185,0.08274963991700852,0.08274963991700852
dmr_rasher_steneck,10_4_159,2,44.3358,-68.0553,1,2013-05-17,10,10,10,NA,NA,NA,20.5,0,0,0,730,4,20.5,percent_cover,"c(-68.0553, 44.3358)",Gulf of Maine/Bay of Fundy,Cold Temperate Northwest Atlantic,Temperate Northern Atlantic,0.205,0.0822572663235876,0.0822572663235876,0.18647956694261839,0.07904892140712258,0.07904892140712258
dmr_rasher_steneck,10_4_159,3,44.3345,-68.0525,1,2017-07-13,10,10,10,NA,NA,NA,10.1666666666667,0,0,0,730,4,10.1666666666667,percent_cover,"c(-68.0525, 44.3345)",Gulf of Maine/Bay of Fundy,Cold Temperate Northwest Atlantic,Temperate Northern Atlantic,0.101666666666667,0.04079425403039723,0.04079425403039723,0.09682418463554024,0.03998412747685807,0.03998412747685807
dmr_rasher_steneck,10_4_159,4,44.3345,-68.0525,1,2018-07-10,10,10,10,NA,NA,NA,20.8875,0,0,0,730,4,20.8875,percent_cover,"c(-68.0525, 44.3345)",Gulf of Maine/Bay of Fundy,Cold Temperate Northwest Atlantic,Temperate Northern Atlantic,0.208875,0.08381212928458223,0.08381212928458223,0.18969017505499017,0.08048457552901551,0.08048457552901551
dmr_rasher_steneck,10_4_163,1,44.55978,-67.48568,1,2009-06-11,10,10,10,NA,NA,NA,26.5,0,0,0,730,4,26.5,percent_cover,"c(-67.48568, 44.55978)",Gulf of Maine/Bay of Fundy,Cold Temperate Northwest Atlantic,Temperate Northern Atlantic,0.265,0.10633256378414982,0.10633256378414982,0.23507212217948364,0.10105054848420415,0.10105054848420415
dmr_rasher_steneck,10_4_163,2,44.55968,-67.4794,1,2013-05-31,10,10,10,NA,NA,NA,2,0,0,0,730,4,2,percent_cover,"c(-67.4794, 44.55968)",Gulf of Maine/Bay of Fundy,Cold Temperate Northwest Atlantic,Temperate Northern Atlantic,0.02,0.00802509915352074,0.00802509915352074,0.01980262729617973,0.007993069293067727,0.007993069293067727
dmr_rasher_steneck,10_4_163,3,44.5596,-67.4792,1,2017-06-15,10,10,10,NA,NA,NA,11,0,0,0,730,4,11,percent_cover,"c(-67.4792, 44.5596)",Gulf of Maine/Bay of Fundy,Cold Temperate Northwest Atlantic,Temperate Northern Atlantic,0.11,0.04413804534436407,0.04413804534436407,0.10436001532424286,0.0431917080605275,0.0431917080605275
dmr_rasher_steneck,10_4_166,1,43.771149,-69.586964,1,2010-05-06,10,10,10,NA,NA,NA,11.5,0,0,0,730,4,11.5,percent_cover,"c(-69.586964, 43.771149)",Gulf of Maine/Bay of Fundy,Cold Temperate Northwest Atlantic,Temperate Northern Atlantic,0.115,0.046144320132744256,0.046144320132744256,0.10885440491208208,0.045111329483546916,0.045111329483546916
dmr_rasher_steneck,10_4_166,2,43.77567,-69.5803,1,2012-05-03,10,10,10,NA,NA,NA,9.5,0,0,0,730,4,9.5,percent_cover,"c(-69.5803, 43.77567)",Gulf of Maine/Bay of Fundy,Cold Temperate Northwest Atlantic,Temperate Northern Atlantic,0.095,0.03811922097922352,0.03811922097922352,0.09075436326846412,0.03741063458290644,0.03741063458290644
dmr_rasher_steneck,10_4_166,3,43.77564,-69.5885,1,2013-05-02,10,10,10,NA,NA,NA,14.5,0,0,0,730,4,14.5,percent_cover,"c(-69.5885, 43.77564)",Gulf of Maine/Bay of Fundy,Cold Temperate Northwest Atlantic,Temperate Northern Atlantic,0.145,0.05818196886302537,0.05818196886302537,0.13540463700620298,0.05655231190124093,0.05655231190124093
dmr_rasher_steneck,10_4_24,1,44.237915,-68.245216,1,2002-06-11,10,10,10,NA,NA,NA,52.7,0,0,0,730,4,52.7,percent_cover,"c(-68.245216, 44.237915)",Gulf of Maine/Bay of Fundy,Cold Temperate Northwest Atlantic,Temperate Northern Atlantic,0.527,0.21146136269527152,0.21146136269527152,0.42330502623649546,0.19182736864476577,0.19182736864476577
dmr_rasher_steneck,10_4_24,2,44.2376,-68.2452,1,2016-08-31,10,10,10,NA,NA,NA,49.375,0,0,0,730,4,49.375,percent_cover,"c(-68.2452, 44.2376)",Gulf of Maine/Bay of Fundy,Cold Temperate Northwest Atlantic,Temperate Northern Atlantic,0.49375,0.1981196353525433,0.1981196353525433,0.4012897366976837,0.18075335727205083,0.18075335727205083
dmr_rasher_steneck,10_4_24,3,44.2379,-68.2391,1,2017-05-11,10,10,10,NA,NA,NA,21,0,0,0,730,4,21,percent_cover,"c(-68.2391, 44.2379)",Gulf of Maine/Bay of Fundy,Cold Temperate Northwest Atlantic,Temperate Northern Atlantic,0.21,0.08426354111196778,0.08426354111196778,0.1906203596086497,0.08090099257577495,0.08090099257577495
dmr_rasher_steneck,10_4_25,1,44.349586,-68.093441,1,2002-06-18,10,10,10,NA,NA,NA,10.9,0,0,0,730,4,10.9,percent_cover,"c(-68.093441, 44.349586)",Gulf of Maine/Bay of Fundy,Cold Temperate Northwest Atlantic,Temperate Northern Atlantic,0.109,0.04373679038668804,0.04373679038668804,0.10345870836822997,0.04280734118589585,0.04280734118589585
dmr_rasher_steneck,10_4_25,2,44.35412,-68.0996,1,2012-05-13,10,10,10,NA,NA,NA,9,0,0,0,730,4,9,percent_cover,"c(-68.0996, 44.35412)",Gulf of Maine/Bay of Fundy,Cold Temperate Northwest Atlantic,Temperate Northern Atlantic,0.09,0.036112946190843334,0.036112946190843334,0.08617769624105241,0.03547615931462122,0.03547615931462122
dmr_rasher_steneck,10_4_25,3,44.3541,-68.0934,1,2014-06-06,10,10,10,NA,NA,NA,25.5,0,0,0,730,4,25.5,percent_cover,"c(-68.0934, 44.3541)",Gulf of Maine/Bay of Fundy,Cold Temperate Northwest Atlantic,Temperate Northern Atlantic,0.255,0.10232001420738944,0.10232001420738944,0.22713557258374711,0.09741706259213588,0.09741706259213588
dmr_rasher_steneck,10_4_27,1,44.398499,-67.942669,1,2002-06-17,10,10,10,NA,NA,NA,23,0,0,0,730,4,23,percent_cover,"c(-67.942669, 44.398499)",Gulf of Maine/Bay of Fundy,Cold Temperate Northwest Atlantic,Temperate Northern Atlantic,0.23,0.09228864026548851,0.09228864026548851,0.20701416938432612,0.08827516498309645,0.08827516498309645
dmr_rasher_steneck,10_4_27,2,44.39865,-67.94713,1,2003-06-16,10,10,10,NA,NA,NA,4.5,0,0,0,730,4,4.5,percent_cover,"c(-67.94713, 44.39865)",Gulf of Maine/Bay of Fundy,Cold Temperate Northwest Atlantic,Temperate Northern Atlantic,0.045,0.018056473095421667,0.018056473095421667,0.04401688541677426,0.01789539114313417,0.01789539114313417
dmr_rasher_steneck,10_4_27,3,44.39761,-67.95086,1,2011-06-03,10,10,10,NA,NA,NA,11.5,0,0,0,730,4,11.5,percent_cover,"c(-67.95086, 44.39761)",Gulf of Maine/Bay of Fundy,Cold Temperate Northwest Atlantic,Temperate Northern Atlantic,0.115,0.046144320132744256,0.046144320132744256,0.10885440491208208,0.045111329483546916,0.045111329483546916
dmr_rasher_steneck,10_4_27,4,44.3973,-67.9509,1,2015-05-17,10,10,10,NA,NA,NA,7,0,0,0,730,4,7,percent_cover,"c(-67.9509, 44.3973)",Gulf of Maine/Bay of Fundy,Cold Temperate Northwest Atlantic,Temperate Northern Atlantic,0.07,0.028087847037322592,0.028087847037322592,0.06765864847381486,0.027700617698423028,0.027700617698423028
dmr_rasher_steneck,10_4_29,1,44.60202,-67.320541,1,2002-07-01,10,10,10,NA,NA,NA,3,0,0,0,730,4,3,percent_cover,"c(-67.320541, 44.60202)",Gulf of Maine/Bay of Fundy,Cold Temperate Northwest Atlantic,Temperate Northern Atlantic,0.03,0.012037648730281111,0.012037648730281111,0.02955880224154443,0.011965772475934637,0.011965772475934637
dmr_rasher_steneck,10_4_29,2,44.59754,-67.32067,1,2009-06-11,10,10,10,NA,NA,NA,11.5,0,0,0,730,4,11.5,percent_cover,"c(-67.32067, 44.59754)",Gulf of Maine/Bay of Fundy,Cold Temperate Northwest Atlantic,Temperate Northern Atlantic,0.115,0.046144320132744256,0.046144320132744256,0.10885440491208208,0.045111329483546916,0.045111329483546916
dmr_rasher_steneck,10_4_29,3,44.5975,-67.3207,1,2015-06-13,10,10,10,NA,NA,NA,73.5,0,0,0,730,4,73.5,percent_cover,"c(-67.3207, 44.5975)",Gulf of Maine/Bay of Fundy,Cold Temperate Northwest Atlantic,Temperate Northern Atlantic,0.735,0.29492239389188724,0.29492239389188724,0.5510074133988224,0.2584507658591647,0.2584507658591647
dmr_rasher_steneck,10_4_30,1,44.605604,-67.26631,1,2002-07-01,10,10,10,NA,NA,NA,35.5,0,0,0,730,4,35.5,percent_cover,"c(-67.26631, 44.605604)",Gulf of Maine/Bay of Fundy,Cold Temperate Northwest Atlantic,Temperate Northern Atlantic,0.355,0.14244550997499314,0.14244550997499314,0.3038014543316642,0.1331711489726883,0.1331711489726883
dmr_rasher_steneck,10_4_30,2,44.6086,-67.2589,1,2007-06-27,10,10,10,NA,NA,NA,30,0,0,0,730,4,30,percent_cover,"c(-67.2589, 44.6086)",Gulf of Maine/Bay of Fundy,Cold Temperate Northwest Atlantic,Temperate Northern Atlantic,0.3,0.12037648730281111,0.12037648730281111,0.26236426446749106,0.11366477819896906,0.11366477819896906
dmr_rasher_steneck,10_4_30,3,44.6057,-67.2641,1,2015-06-13,10,10,10,NA,NA,NA,49.5,0,0,0,730,4,49.5,percent_cover,"c(-67.2641, 44.6057)",Gulf of Maine/Bay of Fundy,Cold Temperate Northwest Atlantic,Temperate Northern Atlantic,0.495,0.19862120404963834,0.19862120404963834,0.4021262068426498,0.18117189956596202,0.18117189956596202
dmr_rasher_steneck,10_4_33,1,44.706638,-67.115479,1,2002-07-02,10,10,10,NA,NA,NA,5.5,0,0,0,730,4,5.5,percent_cover,"c(-67.115479, 44.706638)",Gulf of Maine/Bay of Fundy,Cold Temperate Northwest Atlantic,Temperate Northern Atlantic,0.055,0.022069022672182036,0.022069022672182036,0.05354076692802976,0.021829026362236416,0.021829026362236416
dmr_rasher_steneck,10_4_33,2,44.7021,-67.1156,1,2006-07-02,10,10,10,NA,NA,NA,18,0,0,0,730,4,18,percent_cover,"c(-67.1156, 44.7021)",Gulf of Maine/Bay of Fundy,Cold Temperate Northwest Atlantic,Temperate Northern Atlantic,0.18,0.07222589238168667,0.07222589238168667,0.16551443847757333,0.06973676095546777,0.06973676095546777
dmr_rasher_steneck,10_4_33,3,44.7022,-67.1192,1,2014-06-19,10,10,10,NA,NA,NA,11,0,0,0,730,4,11,percent_cover,"c(-67.1192, 44.7022)",Gulf of Maine/Bay of Fundy,Cold Temperate Northwest Atlantic,Temperate Northern Atlantic,0.11,0.04413804534436407,0.04413804534436407,0.10436001532424286,0.0431917080605275,0.0431917080605275
dmr_rasher_steneck,10_4_33,4,44.7107,-67.1152,1,2017-06-16,10,10,10,NA,NA,NA,4,0,0,0,730,4,4,percent_cover,"c(-67.1152, 44.7107)",Gulf of Maine/Bay of Fundy,Cold Temperate Northwest Atlantic,Temperate Northern Atlantic,0.04,0.01605019830704148,0.01605019830704148,0.03922071315328133,0.0159227557182871,0.0159227557182871
dmr_rasher_steneck,10_4_33,5,44.7066,-67.1154,1,2018-05-19,10,10,10,NA,NA,NA,24.5,0,0,0,730,4,24.5,percent_cover,"c(-67.1154, 44.7066)",Gulf of Maine/Bay of Fundy,Cold Temperate Northwest Atlantic,Temperate Northern Atlantic,0.245,0.09830746463062907,0.09830746463062907,0.219135529916671,0.09377032632064201,0.09377032632064201
dmr_rasher_steneck,10_4_35,1,43.00497,-70.597,1,2003-05-14,10,10,10,NA,NA,NA,1.9,0,0,0,730,4,1.9,percent_cover,"c(-70.597, 43.00497)",Gulf of Maine/Bay of Fundy,Cold Temperate Northwest Atlantic,Temperate Northern Atlantic,0.019,0.007623844195844704,0.007623844195844704,0.018821754240587667,0.00759492956313081,0.00759492956313081
dmr_rasher_steneck,10_4_35,2,43.00588,-70.60603,1,2008-05-05,10,10,10,NA,NA,NA,9.5,0,0,0,730,4,9.5,percent_cover,"c(-70.60603, 43.00588)",Gulf of Maine/Bay of Fundy,Cold Temperate Northwest Atlantic,Temperate Northern Atlantic,0.095,0.03811922097922352,0.03811922097922352,0.09075436326846412,0.03741063458290644,0.03741063458290644
dmr_rasher_steneck,10_4_35,3,43.001839,-70.604214,1,2010-05-05,10,10,10,NA,NA,NA,5.1,0,0,0,730,4,5.1,percent_cover,"c(-70.604214, 43.001839)",Gulf of Maine/Bay of Fundy,Cold Temperate Northwest Atlantic,Temperate Northern Atlantic,0.051,0.020464002841477886,0.020464002841477886,0.04974209189481401,0.020257428604930912,0.020257428604930912
dmr_rasher_steneck,10_4_37,1,43.79362,-69.59834,1,2003-05-21,10,10,10,NA,NA,NA,14.5,0,0,0,730,4,14.5,percent_cover,"c(-69.59834, 43.79362)",Gulf of Maine/Bay of Fundy,Cold Temperate Northwest Atlantic,Temperate Northern Atlantic,0.145,0.05818196886302537,0.05818196886302537,0.13540463700620298,0.05655231190124093,0.05655231190124093
dmr_rasher_steneck,10_4_37,2,43.7891,-69.5997,1,2005-05-18,10,10,10,NA,NA,NA,19,0,0,0,730,4,19,percent_cover,"c(-69.5997, 43.7891)",Gulf of Maine/Bay of Fundy,Cold Temperate Northwest Atlantic,Temperate Northern Atlantic,0.19,0.07623844195844703,0.07623844195844703,0.17395330712343798,0.07347203752299476,0.07347203752299476
dmr_rasher_steneck,10_4_37,3,43.79359,-69.6031,1,2013-05-02,10,10,10,NA,NA,NA,13,0,0,0,730,4,13,percent_cover,"c(-69.6031, 43.79359)",Gulf of Maine/Bay of Fundy,Cold Temperate Northwest Atlantic,Temperate Northern Atlantic,0.13,0.05216314449788481,0.05216314449788481,0.12221763272424911,0.050848182612991386,0.050848182612991386
dmr_rasher_steneck,10_4_40,1,43.88965,-69.12922,1,2003-05-28,10,10,10,NA,NA,NA,18,0,0,0,730,4,18,percent_cover,"c(-69.12922, 43.88965)",Gulf of Maine/Bay of Fundy,Cold Temperate Northwest Atlantic,Temperate Northern Atlantic,0.18,0.07222589238168667,0.07222589238168667,0.16551443847757333,0.06973676095546777,0.06973676095546777
dmr_rasher_steneck,10_4_40,2,43.8897,-69.1201,1,2004-05-26,10,10,10,NA,NA,NA,72,0,0,0,730,4,72,percent_cover,"c(-69.1201, 43.8897)",Gulf of Maine/Bay of Fundy,Cold Temperate Northwest Atlantic,Temperate Northern Atlantic,0.72,0.2889035695267467,0.2889035695267467,0.5423242908253617,0.2537919108612943,0.2537919108612943
dmr_rasher_steneck,10_4_40,3,43.8942,-69.1282,1,2014-05-12,10,10,10,NA,NA,NA,56.5,0,0,0,730,4,56.5,percent_cover,"c(-69.1282, 43.8942)",Gulf of Maine/Bay of Fundy,Cold Temperate Northwest Atlantic,Temperate Northern Atlantic,0.565,0.22670905108696093,0.22670905108696093,0.4478858239921165,0.20433501543234966,0.20433501543234966
dmr_rasher_steneck,10_4_40,4,43.8939,-69.12,1,2018-05-11,10,10,10,NA,NA,NA,31.5,0,0,0,730,4,31.5,percent_cover,"c(-69.12, 43.8939)",Gulf of Maine/Bay of Fundy,Cold Temperate Northwest Atlantic,Temperate Northern Atlantic,0.315,0.12639531166795168,0.12639531166795168,0.27383666562972786,0.11902254418637344,0.11902254418637344
dmr_rasher_steneck,10_4_42,1,44.06534,-68.67213,1,2003-06-03,10,10,10,NA,NA,NA,16,0,0,0,730,4,16,percent_cover,"c(-68.67213, 44.06534)",Gulf of Maine/Bay of Fundy,Cold Temperate Northwest Atlantic,Temperate Northern Atlantic,0.16,0.06420079322816592,0.06420079322816592,0.14842000511827322,0.06222408855493945,0.06222408855493945
dmr_rasher_steneck,10_4_42,2,44.0731,-68.6709,1,2017-08-03,10,10,10,NA,NA,NA,6.14285714285714,0,0,0,730,4,6.14285714285714,percent_cover,"c(-68.6709, 44.0731)",Gulf of Maine/Bay of Fundy,Cold Temperate Northwest Atlantic,Temperate Northern Atlantic,0.061428571428571395,0.024648518828670835,0.024648518828670835,0.05961570967435445,0.024349645323988443,0.024349645323988443
dmr_rasher_steneck,10_4_42,3,44.0731,-68.6709,1,2018-06-25,10,10,10,NA,NA,NA,58.75,0,0,0,730,4,58.75,percent_cover,"c(-68.6709, 44.0731)",Gulf of Maine/Bay of Fundy,Cold Temperate Northwest Atlantic,Temperate Northern Atlantic,0.5875,0.23573728763467175,0.23573728763467175,0.4621604517847096,0.21166778598606387,0.21166778598606387
dmr_rasher_steneck,10_4_46,1,44.17505,-68.24911,1,2003-06-10,10,10,10,NA,NA,NA,3.9,0,0,0,730,4,3.9,percent_cover,"c(-68.24911, 44.17505)",Gulf of Maine/Bay of Fundy,Cold Temperate Northwest Atlantic,Temperate Northern Atlantic,0.039,0.015648943349365445,0.015648943349365445,0.03825871211709027,0.015527761248223932,0.015527761248223932
dmr_rasher_steneck,10_4_46,2,44.17499,-68.23991,1,2008-06-03,10,10,10,NA,NA,NA,25,0,0,0,730,4,25,percent_cover,"c(-68.23991, 44.17499)",Gulf of Maine/Bay of Fundy,Cold Temperate Northwest Atlantic,Temperate Northern Atlantic,0.25,0.10031373941900926,0.10031373941900926,0.22314355131420976,0.09559535679114706,0.09559535679114706
dmr_rasher_steneck,10_4_46,3,44.1707,-68.2458,1,2015-05-16,10,10,10,NA,NA,NA,60.5,0,0,0,730,4,60.5,percent_cover,"c(-68.2458, 44.1707)",Gulf of Maine/Bay of Fundy,Cold Temperate Northwest Atlantic,Temperate Northern Atlantic,0.605,0.2427592493940024,0.2427592493940024,0.4731237565819792,0.21733410864771016,0.21733410864771016
dmr_rasher_steneck,10_4_46,4,44.171,-68.2494,1,2018-08-06,10,10,10,NA,NA,NA,19.6375,0,0,0,730,4,19.6375,percent_cover,"c(-68.2494, 44.171)",Gulf of Maine/Bay of Fundy,Cold Temperate Northwest Atlantic,Temperate Northern Atlantic,0.196375,0.07879644231363177,0.07879644231363177,0.17929615153393344,0.07584601445971287,0.07584601445971287
dmr_rasher_steneck,10_4_5,1,43.52791,-70.30401,1,2001-06-14,10,10,10,NA,NA,NA,23,0,0,0,730,4,23,percent_cover,"c(-70.30401, 43.52791)",Gulf of Maine/Bay of Fundy,Cold Temperate Northwest Atlantic,Temperate Northern Atlantic,0.23,0.09228864026548851,0.09228864026548851,0.20701416938432612,0.08827516498309645,0.08827516498309645
dmr_rasher_steneck,10_4_5,2,43.53576,-70.30323,1,2009-05-04,10,10,10,NA,NA,NA,7,0,0,0,730,4,7,percent_cover,"c(-70.30323, 43.53576)",Gulf of Maine/Bay of Fundy,Cold Temperate Northwest Atlantic,Temperate Northern Atlantic,0.07,0.028087847037322592,0.028087847037322592,0.06765864847381486,0.027700617698423028,0.027700617698423028
dmr_rasher_steneck,10_4_5,3,43.5358,-70.3032,1,2014-05-05,10,10,10,NA,NA,NA,5.5,0,0,0,730,4,5.5,percent_cover,"c(-70.3032, 43.5358)",Gulf of Maine/Bay of Fundy,Cold Temperate Northwest Atlantic,Temperate Northern Atlantic,0.055,0.022069022672182036,0.022069022672182036,0.05354076692802976,0.021829026362236416,0.021829026362236416
dmr_rasher_steneck,10_4_50,1,44.37062,-67.87349,1,2003-06-23,10,10,10,NA,NA,NA,40,0,0,0,730,4,40,percent_cover,"c(-67.87349, 44.37062)",Gulf of Maine/Bay of Fundy,Cold Temperate Northwest Atlantic,Temperate Northern Atlantic,0.4,0.16050198307041483,0.16050198307041483,0.3364722366212129,0.14885265553780105,0.14885265553780105
dmr_rasher_steneck,10_4_50,2,44.37516,-67.8796,1,2012-06-11,10,10,10,NA,NA,NA,30.5,0,0,0,730,4,30.5,percent_cover,"c(-67.8796, 44.37516)",Gulf of Maine/Bay of Fundy,Cold Temperate Northwest Atlantic,Temperate Northern Atlantic,0.305,0.1223827620911913,0.1223827620911913,0.2662030407746567,0.11545389160834088,0.11545389160834088
dmr_rasher_steneck,10_4_50,3,44.3796,-67.8733,1,2017-06-13,10,10,10,NA,NA,NA,5,0,0,0,730,4,5,percent_cover,"c(-67.8733, 44.3796)",Gulf of Maine/Bay of Fundy,Cold Temperate Northwest Atlantic,Temperate Northern Atlantic,0.05,0.020062747883801853,0.020062747883801853,0.04879016416943205,0.01986414293719289,0.01986414293719289
dmr_rasher_steneck,10_4_51,1,44.4423,-67.82168,1,2003-06-23,10,10,10,NA,NA,NA,7,0,0,0,730,4,7,percent_cover,"c(-67.82168, 44.4423)",Gulf of Maine/Bay of Fundy,Cold Temperate Northwest Atlantic,Temperate Northern Atlantic,0.07,0.028087847037322592,0.028087847037322592,0.06765864847381486,0.027700617698423028,0.027700617698423028
dmr_rasher_steneck,10_4_51,2,44.4423,-67.8258,1,2006-06-29,10,10,10,NA,NA,NA,20,0,0,0,730,4,20,percent_cover,"c(-67.8258, 44.4423)",Gulf of Maine/Bay of Fundy,Cold Temperate Northwest Atlantic,Temperate Northern Atlantic,0.2,0.08025099153520741,0.08025099153520741,0.1823215567939546,0.07719341370516805,0.07719341370516805
dmr_rasher_steneck,10_4_51,3,44.446,-67.8216,1,2007-06-18,10,10,10,NA,NA,NA,10.1,0,0,0,730,4,10.1,percent_cover,"c(-67.8216, 44.446)",Gulf of Maine/Bay of Fundy,Cold Temperate Northwest Atlantic,Temperate Northern Atlantic,0.10099999999999999,0.04052675072527974,0.04052675072527974,0.0962188577405429,0.03972707601196716,0.03972707601196716
dmr_rasher_steneck,10_4_51,4,44.4421,-67.8209,1,2016-06-04,10,10,10,NA,NA,NA,31.5,0,0,0,730,4,31.5,percent_cover,"c(-67.8209, 44.4421)",Gulf of Maine/Bay of Fundy,Cold Temperate Northwest Atlantic,Temperate Northern Atlantic,0.315,0.12639531166795168,0.12639531166795168,0.27383666562972786,0.11902254418637344,0.11902254418637344
dmr_rasher_steneck,10_4_7,1,44.389065,-67.96422,1,2001-07-10,10,10,10,NA,NA,NA,8.75,0,0,0,730,4,8.75,percent_cover,"c(-67.96422, 44.389065)",Gulf of Maine/Bay of Fundy,Cold Temperate Northwest Atlantic,Temperate Northern Atlantic,0.0875,0.03510980879665324,0.03510980879665324,0.08388148398070203,0.03450751654531122,0.03450751654531122
dmr_rasher_steneck,10_4_7,2,44.3892,-67.961,1,2006-06-17,10,10,10,NA,NA,NA,24.5,0,0,0,730,4,24.5,percent_cover,"c(-67.961, 44.3892)",Gulf of Maine/Bay of Fundy,Cold Temperate Northwest Atlantic,Temperate Northern Atlantic,0.245,0.09830746463062907,0.09830746463062907,0.219135529916671,0.09377032632064201,0.09377032632064201
dmr_rasher_steneck,10_4_7,3,44.3891,-67.9674,1,2015-05-17,10,10,10,NA,NA,NA,19.5,0,0,0,730,4,19.5,percent_cover,"c(-67.9674, 44.3891)",Gulf of Maine/Bay of Fundy,Cold Temperate Northwest Atlantic,Temperate Northern Atlantic,0.195,0.07824471674682722,0.07824471674682722,0.17814618538347404,0.07533445669316868,0.07533445669316868
dmr_rasher_steneck,10_4_7,4,44.389,-67.967266,1,2017-07-06,10,10,10,NA,NA,NA,1.14285714285714,0,0,0,730,4,1.14285714285714,percent_cover,"c(-67.967266, 44.389)",Gulf of Maine/Bay of Fundy,Cold Temperate Northwest Atlantic,Temperate Northern Atlantic,0.011428571428571399,0.004585770944868983,0.004585770944868983,0.011363758650315003,0.0045752883323126395,0.0045752883323126395
dmr_rasher_steneck,10_4_71,1,44.3896,-68.0124,1,2004-06-15,10,10,10,NA,NA,NA,25,0,0,0,730,4,25,percent_cover,"c(-68.0124, 44.3896)",Gulf of Maine/Bay of Fundy,Cold Temperate Northwest Atlantic,Temperate Northern Atlantic,0.25,0.10031373941900926,0.10031373941900926,0.22314355131420976,0.09559535679114706,0.09559535679114706
dmr_rasher_steneck,10_4_71,2,44.3851,-68.0129,1,2007-06-10,10,10,10,NA,NA,NA,5,0,0,0,730,4,5,percent_cover,"c(-68.0129, 44.3851)",Gulf of Maine/Bay of Fundy,Cold Temperate Northwest Atlantic,Temperate Northern Atlantic,0.05,0.020062747883801853,0.020062747883801853,0.04879016416943205,0.01986414293719289,0.01986414293719289
dmr_rasher_steneck,10_4_71,3,44.3939,-68.0125,1,2018-05-14,10,10,10,NA,NA,NA,13.5,0,0,0,730,4,13.5,percent_cover,"c(-68.0125, 44.3939)",Gulf of Maine/Bay of Fundy,Cold Temperate Northwest Atlantic,Temperate Northern Atlantic,0.135,0.054169419286265,0.054169419286265,0.126632650933366,0.0527531765627664,0.0527531765627664
dmr_rasher_steneck,10_4_85,1,43.9709,-69.0653,1,2005-05-29,10,10,10,NA,NA,NA,36,0,0,0,730,4,36,percent_cover,"c(-69.0653, 43.9709)",Gulf of Maine/Bay of Fundy,Cold Temperate Northwest Atlantic,Temperate Northern Atlantic,0.36,0.14445178476337334,0.14445178476337334,0.30748469974796055,0.13492573174971062,0.13492573174971062
dmr_rasher_steneck,10_4_85,2,43.9754,-69.0653,1,2014-05-12,10,10,10,NA,NA,NA,15.5,0,0,0,730,4,15.5,percent_cover,"c(-69.0653, 43.9754)",Gulf of Maine/Bay of Fundy,Cold Temperate Northwest Atlantic,Temperate Northern Atlantic,0.155,0.06219451843978574,0.06219451843978574,0.14410034397375687,0.0603370684202472,0.0603370684202472
dmr_rasher_steneck,10_4_85,3,43.9718,-69.0613,1,2016-05-14,10,10,10,NA,NA,NA,11,0,0,0,730,4,11,percent_cover,"c(-69.0613, 43.9718)",Gulf of Maine/Bay of Fundy,Cold Temperate Northwest Atlantic,Temperate Northern Atlantic,0.11,0.04413804534436407,0.04413804534436407,0.10436001532424286,0.0431917080605275,0.0431917080605275
dmr_rasher_steneck,10_4_9,1,44.40659,-67.86653,1,2001-07-17,10,10,10,NA,NA,NA,23,0,0,0,730,4,23,percent_cover,"c(-67.86653, 44.40659)",Gulf of Maine/Bay of Fundy,Cold Temperate Northwest Atlantic,Temperate Northern Atlantic,0.23,0.09228864026548851,0.09228864026548851,0.20701416938432612,0.08827516498309645,0.08827516498309645
dmr_rasher_steneck,10_4_9,2,44.402128,-67.872879,1,2002-06-25,10,10,10,NA,NA,NA,45.5,0,0,0,730,4,45.5,percent_cover,"c(-67.872879, 44.402128)",Gulf of Maine/Bay of Fundy,Cold Temperate Northwest Atlantic,Temperate Northern Atlantic,0.455,0.18257100574259685,0.18257100574259685,0.3750059006234559,0.16769088672081048,0.16769088672081048
dmr_rasher_steneck,10_4_9,3,44.4066,-67.8728,1,2004-06-23,10,10,10,NA,NA,NA,36.5,0,0,0,730,4,36.5,percent_cover,"c(-67.8728, 44.4066)",Gulf of Maine/Bay of Fundy,Cold Temperate Northwest Atlantic,Temperate Northern Atlantic,0.365,0.1464580595517535,0.1464580595517535,0.31115442863692305,0.13667724135735454,0.13667724135735454
dmr_rasher_steneck,10_4_93,1,44.3099,-68.1869,1,2005-06-11,10,10,10,NA,NA,NA,26,0,0,0,730,4,26,percent_cover,"c(-68.1869, 44.3099)",Gulf of Maine/Bay of Fundy,Cold Temperate Northwest Atlantic,Temperate Northern Atlantic,0.26,0.10432628899576962,0.10432628899576962,0.23111172096338664,0.09923545581472819,0.09923545581472819
dmr_rasher_steneck,10_4_93,2,44.3065,-68.1934,1,2006-06-04,10,10,10,NA,NA,NA,29.5,0,0,0,730,4,29.5,percent_cover,"c(-68.1934, 44.3065)",Gulf of Maine/Bay of Fundy,Cold Temperate Northwest Atlantic,Temperate Northern Atlantic,0.295,0.11837021251443093,0.11837021251443093,0.258510695151501,0.11187245812486206,0.11187245812486206
dmr_rasher_steneck,10_4_93,3,44.31419,-68.18947,1,2008-06-03,10,10,10,NA,NA,NA,34,0,0,0,730,4,34,percent_cover,"c(-68.18947, 44.31419)",Gulf of Maine/Bay of Fundy,Cold Temperate Northwest Atlantic,Temperate Northern Atlantic,0.34,0.1364266856098526,0.1364266856098526,0.29266961396282004,0.1278888533074118,0.1278888533074118
dmr_rasher_steneck,10_4_99,1,44.6108,-67.272,1,2005-06-22,10,10,10,NA,NA,NA,59.5,0,0,0,730,4,59.5,percent_cover,"c(-67.272, 44.6108)",Gulf of Maine/Bay of Fundy,Cold Temperate Northwest Atlantic,Temperate Northern Atlantic,0.595,0.23874669981724203,0.23874669981724203,0.4668737362368079,0.21410014253519571,0.21410014253519571
dmr_rasher_steneck,10_4_99,2,44.605822,-67.277252,1,2010-06-10,10,10,10,NA,NA,NA,41,0,0,0,730,4,41,percent_cover,"c(-67.277252, 44.605822)",Gulf of Maine/Bay of Fundy,Cold Temperate Northwest Atlantic,Temperate Northern Atlantic,0.41,0.1645145326471752,0.1645145326471752,0.34358970439007686,0.1523042899957531,0.1523042899957531
dmr_rasher_steneck,10_4_99,3,44.60932,-67.2764,1,2013-06-14,10,10,10,NA,NA,NA,7,0,0,0,730,4,7,percent_cover,"c(-67.2764, 44.60932)",Gulf of Maine/Bay of Fundy,Cold Temperate Northwest Atlantic,Temperate Northern Atlantic,0.07,0.028087847037322592,0.028087847037322592,0.06765864847381486,0.027700617698423028,0.027700617698423028
dmr_rasher_steneck,10_4_99,4,44.6093,-67.2766,1,2016-06-18,10,10,10,NA,NA,NA,14,0,0,0,730,4,14,percent_cover,"c(-67.2766, 44.6093)",Gulf of Maine/Bay of Fundy,Cold Temperate Northwest Atlantic,Temperate Northern Atlantic,0.14,0.056175694074645184,0.056175694074645184,0.1310282624064042,0.05465454840958365,0.05465454840958365
dmr_rasher_steneck,10_5_14,1,43.86717,-69.12148,1,2003-05-28,10,10,10,NA,NA,NA,36,0,0,0,730,4,36,percent_cover,"c(-69.12148, 43.86717)",Gulf of Maine/Bay of Fundy,Cold Temperate Northwest Atlantic,Temperate Northern Atlantic,0.36,0.14445178476337334,0.14445178476337334,0.30748469974796055,0.13492573174971062,0.13492573174971062
dmr_rasher_steneck,10_5_14,2,43.8626,-69.1277,1,2004-05-26,10,10,10,NA,NA,NA,64,0,0,0,730,4,64,percent_cover,"c(-69.1277, 43.8626)",Gulf of Maine/Bay of Fundy,Cold Temperate Northwest Atlantic,Temperate Northern Atlantic,0.64,0.2568031729126637,0.2568031729126637,0.4946962418361071,0.22857133255241446,0.22857133255241446
dmr_rasher_steneck,10_5_14,3,43.8679,-69.1288,1,2018-06-26,10,10,10,NA,NA,NA,44.65,0,0,0,730,4,44.65,percent_cover,"c(-69.1288, 43.8679)",Gulf of Maine/Bay of Fundy,Cold Temperate Northwest Atlantic,Temperate Northern Atlantic,0.4465,0.17916033860235053,0.17916033860235053,0.3691468454340527,0.16480260773053584,0.16480260773053584
dmr_rasher_steneck,10_5_18,1,44.00269,-68.65365,1,2003-06-03,10,10,10,NA,NA,NA,55.5,0,0,0,730,4,55.5,percent_cover,"c(-68.65365, 44.00269)",Gulf of Maine/Bay of Fundy,Cold Temperate Northwest Atlantic,Temperate Northern Atlantic,0.555,0.22269650151020057,0.22269650151020057,0.44147554563119756,0.20105866688167004,0.20105866688167004
dmr_rasher_steneck,10_5_18,2,44.005,-68.65243,1,2017-07-31,10,10,10,NA,NA,NA,7.33333333333333,0,0,0,730,4,7.33333333333333,percent_cover,"c(-68.65243, 44.005)",Gulf of Maine/Bay of Fundy,Cold Temperate Northwest Atlantic,Temperate Northern Atlantic,0.0733333333333333,0.02942536356290937,0.02942536356290937,0.07076907088820716,0.029000747104251618,0.029000747104251618
dmr_rasher_steneck,10_5_18,3,44.005,-68.65243,1,2018-06-09,10,10,10,NA,NA,NA,27,0,0,0,730,4,27,percent_cover,"c(-68.65243, 44.005)",Gulf of Maine/Bay of Fundy,Cold Temperate Northwest Atlantic,Temperate Northern Atlantic,0.27,0.10833883857253,0.10833883857253,0.23901690047049992,0.10286235256048129,0.10286235256048129
dmr_rasher_steneck,10_5_19,1,44.36687,-67.9865,1,2003-06-16,10,10,10,NA,NA,NA,27.5,0,0,0,730,4,27.5,percent_cover,"c(-67.9865, 44.36687)",Gulf of Maine/Bay of Fundy,Cold Temperate Northwest Atlantic,Temperate Northern Atlantic,0.275,0.11034511336091019,0.11034511336091019,0.2429461786103894,0.1046708799385882,0.1046708799385882
dmr_rasher_steneck,10_5_19,2,44.3669,-67.9976,1,2004-06-15,10,10,10,NA,NA,NA,57.5,0,0,0,730,4,57.5,percent_cover,"c(-67.9976, 44.3669)",Gulf of Maine/Bay of Fundy,Cold Temperate Northwest Atlantic,Temperate Northern Atlantic,0.575,0.2307216006637213,0.2307216006637213,0.4542552722775964,0.20760066456867468,0.20760066456867468
dmr_rasher_steneck,10_5_19,3,44.3669,-67.9928,1,2007-06-10,10,10,10,NA,NA,NA,8.5,0,0,0,730,4,8.5,percent_cover,"c(-67.9928, 44.3669)",Gulf of Maine/Bay of Fundy,Cold Temperate Northwest Atlantic,Temperate Northern Atlantic,0.085,0.03410667140246315,0.03410667140246315,0.08157998699242285,0.0335379345973846,0.0335379345973846
dmr_rasher_steneck,10_5_2,1,44.64483,-67.18714,1,2001-07-26,10,10,10,NA,NA,NA,47.5,0,0,0,730,4,47.5,percent_cover,"c(-67.18714, 44.64483)",Gulf of Maine/Bay of Fundy,Cold Temperate Northwest Atlantic,Temperate Northern Atlantic,0.475,0.19059610489611759,0.19059610489611759,0.38865798979178323,0.1744541101847808,0.1744541101847808
dmr_rasher_steneck,10_5_2,2,44.6434,-67.1973,1,2006-07-01,10,10,10,NA,NA,NA,8.5,0,0,0,730,4,8.5,percent_cover,"c(-67.1973, 44.6434)",Gulf of Maine/Bay of Fundy,Cold Temperate Northwest Atlantic,Temperate Northern Atlantic,0.085,0.03410667140246315,0.03410667140246315,0.08157998699242285,0.0335379345973846,0.0335379345973846
dmr_rasher_steneck,10_5_2,3,44.6436,-67.19338,1,2011-06-13,10,10,10,NA,NA,NA,18.5,0,0,0,730,4,18.5,percent_cover,"c(-67.19338, 44.6436)",Gulf of Maine/Bay of Fundy,Cold Temperate Northwest Atlantic,Temperate Northern Atlantic,0.185,0.07423216717006685,0.07423216717006685,0.16974277458709455,0.07160614327459676,0.07160614327459676
dmr_rasher_steneck,10_5_20,1,44.36654,-67.93627,1,2003-06-16,10,10,10,NA,NA,NA,3,0,0,0,730,4,3,percent_cover,"c(-67.93627, 44.36654)",Gulf of Maine/Bay of Fundy,Cold Temperate Northwest Atlantic,Temperate Northern Atlantic,0.03,0.012037648730281111,0.012037648730281111,0.02955880224154443,0.011965772475934637,0.011965772475934637
dmr_rasher_steneck,10_5_20,2,44.36204,-67.93636,1,2008-06-05,10,10,10,NA,NA,NA,70.5,0,0,0,730,4,70.5,percent_cover,"c(-67.93636, 44.36204)",Gulf of Maine/Bay of Fundy,Cold Temperate Northwest Atlantic,Temperate Northern Atlantic,0.705,0.2828847451616061,0.2828847451616061,0.5335651107354802,0.24911124930029016,0.24911124930029016
dmr_rasher_steneck,10_5_20,3,44.36649,-67.9299,1,2013-05-18,10,10,10,NA,NA,NA,60.5,0,0,0,730,4,60.5,percent_cover,"c(-67.9299, 44.36649)",Gulf of Maine/Bay of Fundy,Cold Temperate Northwest Atlantic,Temperate Northern Atlantic,0.605,0.2427592493940024,0.2427592493940024,0.4731237565819792,0.21733410864771016,0.21733410864771016
dmr_rasher_steneck,10_5_20,4,44.3644,-67.9344,1,2017-07-10,10,10,10,NA,NA,NA,1.66666666666667,0,0,0,730,4,1.66666666666667,percent_cover,"c(-67.9344, 44.3644)",Gulf of Maine/Bay of Fundy,Cold Temperate Northwest Atlantic,Temperate Northern Atlantic,0.0166666666666667,0.0066875826279339644,0.0066875826279339644,0.016529301951210506,0.006665319947788017,0.006665319947788017
dmr_rasher_steneck,10_5_25,1,43.7158,-69.9469,1,2004-05-11,10,10,10,NA,NA,NA,10.5,0,0,0,730,4,10.5,percent_cover,"c(-69.9469, 43.7158)",Gulf of Maine/Bay of Fundy,Cold Temperate Northwest Atlantic,Temperate Northern Atlantic,0.105,0.04213177055598389,0.04213177055598389,0.09984533496971612,0.04126839460265525,0.04126839460265525
dmr_rasher_steneck,10_5_25,2,43.7159,-69.9402,1,2006-05-12,10,10,10,NA,NA,NA,12,0,0,0,730,4,12,percent_cover,"c(-69.9402, 43.7159)",Gulf of Maine/Bay of Fundy,Cold Temperate Northwest Atlantic,Temperate Northern Atlantic,0.12,0.048150594921124446,0.048150594921124446,0.11332868530700327,0.04702727301918279,0.04702727301918279
dmr_rasher_steneck,10_5_25,3,43.71212,-69.9402,1,2018-09-05,10,10,10,NA,NA,NA,2.125,0,0,0,730,4,2.125,percent_cover,"c(-69.9402, 43.71212)",Gulf of Maine/Bay of Fundy,Cold Temperate Northwest Atlantic,Temperate Northern Atlantic,0.02125,0.008526667850615788,0.008526667850615788,0.02102736719207558,0.008490521146915564,0.008490521146915564
dmr_rasher_steneck,10_5_35,1,44.0256,-68.8532,1,2005-05-31,10,10,10,NA,NA,NA,58,0,0,0,730,4,58,percent_cover,"c(-68.8532, 44.0256)",Gulf of Maine/Bay of Fundy,Cold Temperate Northwest Atlantic,Temperate Northern Atlantic,0.58,0.23272787545210147,0.23272787545210147,0.4574248470388755,0.20922949864982987,0.20922949864982987
dmr_rasher_steneck,10_5_35,2,44.0246,-68.8612,1,2017-07-29,10,10,10,NA,NA,NA,2.375,0,0,0,730,4,2.375,percent_cover,"c(-68.8612, 44.0246)",Gulf of Maine/Bay of Fundy,Cold Temperate Northwest Atlantic,Temperate Northern Atlantic,0.02375,0.00952980524480588,0.00952980524480588,0.023472356185142068,0.00948468309449774,0.00948468309449774
dmr_rasher_steneck,10_5_35,3,44.02460002,-68.86120004,1,2018-06-24,10,10,10,NA,NA,NA,13.3125,0,0,0,730,4,13.3125,percent_cover,"c(-68.86120004, 44.02460002)",Gulf of Maine/Bay of Fundy,Cold Temperate Northwest Atlantic,Temperate Northern Atlantic,0.133125,0.05341706624062243,0.05341706624062243,0.12497930252697839,0.052039229037702424,0.052039229037702424
dmr_rasher_steneck,10_5_39,1,44.3668,-67.974,1,2005-06-14,10,10,10,NA,NA,NA,13,0,0,0,730,4,13,percent_cover,"c(-67.974, 44.3668)",Gulf of Maine/Bay of Fundy,Cold Temperate Northwest Atlantic,Temperate Northern Atlantic,0.13,0.05216314449788481,0.05216314449788481,0.12221763272424911,0.050848182612991386,0.050848182612991386
dmr_rasher_steneck,10_5_39,2,44.3668,-67.9823,1,2006-06-17,10,10,10,NA,NA,NA,3.5,0,0,0,730,4,3.5,percent_cover,"c(-67.9823, 44.3668)",Gulf of Maine/Bay of Fundy,Cold Temperate Northwest Atlantic,Temperate Northern Atlantic,0.035,0.014043923518661296,0.014043923518661296,0.03440142671733232,0.013946221310381505,0.013946221310381505
dmr_rasher_steneck,10_5_39,3,44.366816,-67.978165,1,2010-05-21,10,10,10,NA,NA,NA,0,0,0,0,730,4,0,percent_cover,"c(-67.978165, 44.366816)",Gulf of Maine/Bay of Fundy,Cold Temperate Northwest Atlantic,Temperate Northern Atlantic,0,0,0,0,0,0
dmr_rasher_steneck,5_1_10,1,44.47173,-68.16106,1,2001-07-12,5,5,5,NA,NA,NA,3.1,0,0,0,730,4,3.1,percent_cover,"c(-68.16106, 44.47173)",Gulf of Maine/Bay of Fundy,Cold Temperate Northwest Atlantic,Temperate Northern Atlantic,0.031,0.012438903687957149,0.012438903687957149,0.03052920503482279,0.012362176141317623,0.012362176141317623
dmr_rasher_steneck,5_1_10,2,44.46621,-68.15455,1,2009-06-05,5,5,5,NA,NA,NA,0,0,0,0,730,4,0,percent_cover,"c(-68.15455, 44.46621)",Gulf of Maine/Bay of Fundy,Cold Temperate Northwest Atlantic,Temperate Northern Atlantic,0,0,0,0,0,0
dmr_rasher_steneck,5_1_10,3,44.46708,-68.1608,1,2013-05-17,5,5,5,NA,NA,NA,2.5,0,0,0,730,4,2.5,percent_cover,"c(-68.1608, 44.46708)",Gulf of Maine/Bay of Fundy,Cold Temperate Northwest Atlantic,Temperate Northern Atlantic,0.025,0.010031373941900927,0.010031373941900927,0.024692612590371414,0.00998139367952627,0.00998139367952627
dmr_rasher_steneck,5_1_10,4,44.4658,-68.1552,1,2018-05-15,5,5,5,NA,NA,NA,0,0,0,0,730,4,0,percent_cover,"c(-68.1552, 44.4658)",Gulf of Maine/Bay of Fundy,Cold Temperate Northwest Atlantic,Temperate Northern Atlantic,0,0,0,0,0,0
dmr_rasher_steneck,5_1_17,1,44.3724,-68.8086,1,2007-05-26,5,5,5,NA,NA,NA,12,0,0,0,730,4,12,percent_cover,"c(-68.8086, 44.3724)",Gulf of Maine/Bay of Fundy,Cold Temperate Northwest Atlantic,Temperate Northern Atlantic,0.12,0.048150594921124446,0.048150594921124446,0.11332868530700327,0.04702727301918279,0.04702727301918279
dmr_rasher_steneck,5_1_17,2,44.3723,-68.8022,1,2014-05-14,5,5,5,NA,NA,NA,1,0,0,0,730,4,1,percent_cover,"c(-68.8022, 44.3723)",Gulf of Maine/Bay of Fundy,Cold Temperate Northwest Atlantic,Temperate Northern Atlantic,0.01,0.00401254957676037,0.00401254957676037,0.009950330853168092,0.0040045207698650356,0.0040045207698650356
dmr_rasher_steneck,5_1_17,3,44.3762,-68.7986,1,2017-05-09,5,5,5,NA,NA,NA,0,0,0,0,730,4,0,percent_cover,"c(-68.7986, 44.3762)",Gulf of Maine/Bay of Fundy,Cold Temperate Northwest Atlantic,Temperate Northern Atlantic,0,0,0,0,0,0
dmr_rasher_steneck,5_1_26,1,44.29333,-68.43279,1,2008-06-02,5,5,5,NA,NA,NA,91,0,0,0,730,4,91,percent_cover,"c(-68.43279, 44.29333)",Gulf of Maine/Bay of Fundy,Cold Temperate Northwest Atlantic,Temperate Northern Atlantic,0.91,0.3651420114851937,0.3651420114851937,0.6471032420585385,0.31125846094346565,0.31125846094346565
dmr_rasher_steneck,5_1_26,2,44.29782,-68.43277,1,2011-06-01,5,5,5,NA,NA,NA,0.5,0,0,0,730,4,0.5,percent_cover,"c(-68.43277, 44.29782)",Gulf of Maine/Bay of Fundy,Cold Temperate Northwest Atlantic,Temperate Northern Atlantic,0.005,0.002006274788380185,0.002006274788380185,0.004987541511038968,0.0020042649069176833,0.0020042649069176833
dmr_rasher_steneck,5_1_26,3,44.2933,-68.4275,1,2014-05-26,5,5,5,NA,NA,NA,6.5,0,0,0,730,4,6.5,percent_cover,"c(-68.4275, 44.2933)",Gulf of Maine/Bay of Fundy,Cold Temperate Northwest Atlantic,Temperate Northern Atlantic,0.065,0.026081572248942406,0.026081572248942406,0.06297479916138839,0.02574724870414191,0.02574724870414191
dmr_rasher_steneck,5_1_32,1,44.32727,-68.31394,1,2009-05-26,5,5,5,NA,NA,NA,0,0,0,0,730,4,0,percent_cover,"c(-68.31394, 44.32727)",Gulf of Maine/Bay of Fundy,Cold Temperate Northwest Atlantic,Temperate Northern Atlantic,0,0,0,0,0,0
dmr_rasher_steneck,5_1_32,2,44.333,-68.306004,1,2010-05-21,5,5,5,NA,NA,NA,0,0,0,0,730,4,0,percent_cover,"c(-68.306004, 44.333)",Gulf of Maine/Bay of Fundy,Cold Temperate Northwest Atlantic,Temperate Northern Atlantic,0,0,0,0,0,0
dmr_rasher_steneck,5_1_32,3,44.333,-68.306,1,2014-05-27,5,5,5,NA,NA,NA,0,0,0,0,730,4,0,percent_cover,"c(-68.306, 44.333)",Gulf of Maine/Bay of Fundy,Cold Temperate Northwest Atlantic,Temperate Northern Atlantic,0,0,0,0,0,0
dmr_rasher_steneck,5_1_67,1,44.41907,-68.13,1,2012-05-13,5,5,5,NA,NA,NA,26.5,0,0,0,730,4,26.5,percent_cover,"c(-68.13, 44.41907)",Gulf of Maine/Bay of Fundy,Cold Temperate Northwest Atlantic,Temperate Northern Atlantic,0.265,0.10633256378414982,0.10633256378414982,0.23507212217948364,0.10105054848420415,0.10105054848420415
dmr_rasher_steneck,5_1_67,2,44.4192,-68.1298,1,2015-05-18,5,5,5,NA,NA,NA,14.5,0,0,0,730,4,14.5,percent_cover,"c(-68.1298, 44.4192)",Gulf of Maine/Bay of Fundy,Cold Temperate Northwest Atlantic,Temperate Northern Atlantic,0.145,0.05818196886302537,0.05818196886302537,0.13540463700620298,0.05655231190124093,0.05655231190124093
dmr_rasher_steneck,5_1_67,3,44.4258,-68.1358,1,2017-05-12,5,5,5,NA,NA,NA,1.5,0,0,0,730,4,1.5,percent_cover,"c(-68.1358, 44.4258)",Gulf of Maine/Bay of Fundy,Cold Temperate Northwest Atlantic,Temperate Northern Atlantic,0.015,0.006018824365140556,0.006018824365140556,0.014888612493750559,0.006000783595063385,0.006000783595063385
dmr_rasher_steneck,5_1_67,4,44.4175,-68.1363,1,2018-05-15,5,5,5,NA,NA,NA,7.5,0,0,0,730,4,7.5,percent_cover,"c(-68.1363, 44.4175)",Gulf of Maine/Bay of Fundy,Cold Temperate Northwest Atlantic,Temperate Northern Atlantic,0.075,0.03009412182570278,0.03009412182570278,0.07232066157962608,0.029650178479912366,0.029650178479912366
dmr_rasher_steneck,5_2_104,1,44.565,-67.5275,1,2005-06-21,5,5,5,NA,NA,NA,98.5,0,0,0,730,4,98.5,percent_cover,"c(-67.5275, 44.565)",Gulf of Maine/Bay of Fundy,Cold Temperate Northwest Atlantic,Temperate Northern Atlantic,0.985,0.39523613331089646,0.39523613331089646,0.6856189141391537,0.33306367213918425,0.33306367213918425
dmr_rasher_steneck,5_2_104,2,44.55907,-67.52656,1,2009-06-10,5,5,5,NA,NA,NA,88.5,0,0,0,730,4,88.5,percent_cover,"c(-67.52656, 44.55907)",Gulf of Maine/Bay of Fundy,Cold Temperate Northwest Atlantic,Temperate Northern Atlantic,0.885,0.35511063754329275,0.35511063754329275,0.6339278208999741,0.30388310232183957,0.30388310232183957
dmr_rasher_steneck,5_2_104,3,44.56232,-67.5291,1,2012-06-12,5,5,5,NA,NA,NA,85.5,0,0,0,730,4,85.5,percent_cover,"c(-67.5291, 44.56232)",Gulf of Maine/Bay of Fundy,Cold Temperate Northwest Atlantic,Temperate Northern Atlantic,0.855,0.3430729888130117,0.3430729888130117,0.6178846960593984,0.29496026365405703,0.29496026365405703
dmr_rasher_steneck,5_2_104,4,44.5624,-67.529,1,2017-06-15,5,5,5,NA,NA,NA,64.5,0,0,0,730,4,64.5,percent_cover,"c(-67.529, 44.5624)",Gulf of Maine/Bay of Fundy,Cold Temperate Northwest Atlantic,Temperate Northern Atlantic,0.645,0.25880944770104386,0.25880944770104386,0.49774038421733524,0.2301663915033086,0.2301663915033086
dmr_rasher_steneck,5_2_109,1,43.9116,-69.3146,1,2006-05-16,5,5,5,NA,NA,NA,53.5,0,0,0,730,4,53.5,percent_cover,"c(-69.3146, 43.9116)",Gulf of Maine/Bay of Fundy,Cold Temperate Northwest Atlantic,Temperate Northern Atlantic,0.535,0.2146714023566798,0.2146714023566798,0.4285303810391606,0.19447358947887347,0.19447358947887347
dmr_rasher_steneck,5_2_109,2,43.91941,-69.30907,1,2011-05-11,5,5,5,NA,NA,NA,75.5,0,0,0,730,4,75.5,percent_cover,"c(-69.30907, 43.91941)",Gulf of Maine/Bay of Fundy,Cold Temperate Northwest Atlantic,Temperate Northern Atlantic,0.755,0.30294749304540797,0.30294749304540797,0.5624688569178291,0.2646290003587049,0.2646290003587049
dmr_rasher_steneck,5_2_109,3,43.9194,-69.3091,1,2014-05-08,5,5,5,NA,NA,NA,82.5,0,0,0,730,4,82.5,percent_cover,"c(-69.3091, 43.9194)",Gulf of Maine/Bay of Fundy,Cold Temperate Northwest Atlantic,Temperate Northern Atlantic,0.825,0.33103534008273056,0.33103534008273056,0.6015799870344548,0.28595709058770963,0.28595709058770963
dmr_rasher_steneck,5_2_109,4,43.9196,-69.3146,1,2018-05-10,5,5,5,NA,NA,NA,43,0,0,0,730,4,43,percent_cover,"c(-69.3146, 43.9196)",Gulf of Maine/Bay of Fundy,Cold Temperate Northwest Atlantic,Temperate Northern Atlantic,0.43,0.17253963180069593,0.17253963180069593,0.3576744442718159,0.15917202187638835,0.15917202187638835
dmr_rasher_steneck,5_2_118,1,44.3791,-68.4637,1,2006-06-03,5,5,5,NA,NA,NA,11,0,0,0,730,4,11,percent_cover,"c(-68.4637, 44.3791)",Gulf of Maine/Bay of Fundy,Cold Temperate Northwest Atlantic,Temperate Northern Atlantic,0.11,0.04413804534436407,0.04413804534436407,0.10436001532424286,0.0431917080605275,0.0431917080605275
dmr_rasher_steneck,5_2_118,2,44.37805,-68.47401,1,2009-05-27,5,5,5,NA,NA,NA,0,0,0,0,730,4,0,percent_cover,"c(-68.47401, 44.37805)",Gulf of Maine/Bay of Fundy,Cold Temperate Northwest Atlantic,Temperate Northern Atlantic,0,0,0,0,0,0
dmr_rasher_steneck,5_2_118,3,44.378,-68.4696,1,2017-05-13,5,5,5,NA,NA,NA,0,0,0,0,730,4,0,percent_cover,"c(-68.4696, 44.378)",Gulf of Maine/Bay of Fundy,Cold Temperate Northwest Atlantic,Temperate Northern Atlantic,0,0,0,0,0,0
dmr_rasher_steneck,5_2_124,1,44.5513,-67.5636,1,2006-06-30,5,5,5,NA,NA,NA,87.5,0,0,0,730,4,87.5,percent_cover,"c(-67.5636, 44.5513)",Gulf of Maine/Bay of Fundy,Cold Temperate Northwest Atlantic,Temperate Northern Atlantic,0.875,0.3510980879665324,0.3510980879665324,0.6286086594223741,0.3009176603147877,0.3009176603147877
dmr_rasher_steneck,5_2_124,2,44.54756,-67.56276,1,2009-06-10,5,5,5,NA,NA,NA,80.5,0,0,0,730,4,80.5,percent_cover,"c(-67.56276, 44.54756)",Gulf of Maine/Bay of Fundy,Cold Temperate Northwest Atlantic,Temperate Northern Atlantic,0.805,0.3230102409292098,0.3230102409292098,0.5905605917848443,0.27990962579009315,0.27990962579009315
dmr_rasher_steneck,5_2_124,3,44.54572,-67.5553,1,2012-06-12,5,5,5,NA,NA,NA,72,0,0,0,730,4,72,percent_cover,"c(-67.5553, 44.54572)",Gulf of Maine/Bay of Fundy,Cold Temperate Northwest Atlantic,Temperate Northern Atlantic,0.72,0.2889035695267467,0.2889035695267467,0.5423242908253617,0.2537919108612943,0.2537919108612943
dmr_rasher_steneck,5_2_124,4,44.5457,-67.5554,1,2014-06-10,5,5,5,NA,NA,NA,45.5,0,0,0,730,4,45.5,percent_cover,"c(-67.5554, 44.5457)",Gulf of Maine/Bay of Fundy,Cold Temperate Northwest Atlantic,Temperate Northern Atlantic,0.455,0.18257100574259685,0.18257100574259685,0.3750059006234559,0.16769088672081048,0.16769088672081048
dmr_rasher_steneck,5_2_124,5,44.5473,-67.5632,1,2015-06-07,5,5,5,NA,NA,NA,79,0,0,0,730,4,79,percent_cover,"c(-67.5632, 44.5473)",Gulf of Maine/Bay of Fundy,Cold Temperate Northwest Atlantic,Temperate Northern Atlantic,0.79,0.31699141656406926,0.31699141656406926,0.5822156198526637,0.2753499053246202,0.2753499053246202
dmr_rasher_steneck,5_2_125,1,44.6472,-67.3317,1,2006-07-01,5,5,5,NA,NA,NA,64,0,0,0,730,4,64,percent_cover,"c(-67.3317, 44.6472)",Gulf of Maine/Bay of Fundy,Cold Temperate Northwest Atlantic,Temperate Northern Atlantic,0.64,0.2568031729126637,0.2568031729126637,0.4946962418361071,0.22857133255241446,0.22857133255241446
dmr_rasher_steneck,5_2_125,2,44.651207,-67.327633,1,2010-06-10,5,5,5,NA,NA,NA,74,0,0,0,730,4,74,percent_cover,"c(-67.327633, 44.651207)",Gulf of Maine/Bay of Fundy,Cold Temperate Northwest Atlantic,Temperate Northern Atlantic,0.74,0.2969286686802674,0.2969286686802674,0.5538851132264376,0.25999890665943054,0.25999890665943054
dmr_rasher_steneck,5_2_125,3,44.65176,-67.3328,1,2012-06-20,5,5,5,NA,NA,NA,22.5,0,0,0,730,4,22.5,percent_cover,"c(-67.3328, 44.65176)",Gulf of Maine/Bay of Fundy,Cold Temperate Northwest Atlantic,Temperate Northern Atlantic,0.225,0.09028236547710833,0.09028236547710833,0.20294084399669038,0.08643671358959214,0.08643671358959214
dmr_rasher_steneck,5_2_125,4,44.6509,-67.3277,1,2018-05-21,5,5,5,NA,NA,NA,36.5,0,0,0,730,4,36.5,percent_cover,"c(-67.3277, 44.6509)",Gulf of Maine/Bay of Fundy,Cold Temperate Northwest Atlantic,Temperate Northern Atlantic,0.365,0.1464580595517535,0.1464580595517535,0.31115442863692305,0.13667724135735454,0.13667724135735454
dmr_rasher_steneck,5_2_142,1,44.4626,-68.1609,1,2007-06-08,5,5,5,NA,NA,NA,12,0,0,0,730,4,12,percent_cover,"c(-68.1609, 44.4626)",Gulf of Maine/Bay of Fundy,Cold Temperate Northwest Atlantic,Temperate Northern Atlantic,0.12,0.048150594921124446,0.048150594921124446,0.11332868530700327,0.04702727301918279,0.04702727301918279
dmr_rasher_steneck,5_2_142,2,44.46178,-68.1566,1,2012-05-12,5,5,5,NA,NA,NA,17,0,0,0,730,4,17,percent_cover,"c(-68.1566, 44.46178)",Gulf of Maine/Bay of Fundy,Cold Temperate Northwest Atlantic,Temperate Northern Atlantic,0.17,0.0682133428049263,0.0682133428049263,0.1570037488096647,0.06598747976943722,0.06598747976943722
dmr_rasher_steneck,5_2_142,3,44.4618,-68.1566,1,2014-06-06,5,5,5,NA,NA,NA,67,0,0,0,730,4,67,percent_cover,"c(-68.1566, 44.4618)",Gulf of Maine/Bay of Fundy,Cold Temperate Northwest Atlantic,Temperate Northern Atlantic,0.67,0.2688408216429448,0.2688408216429448,0.5128236264286637,0.23810374480692126,0.23810374480692126
dmr_rasher_steneck,5_2_145,1,44.5736,-67.4853,1,2007-06-19,5,5,5,NA,NA,NA,95.5,0,0,0,730,4,95.5,percent_cover,"c(-67.4853, 44.5736)",Gulf of Maine/Bay of Fundy,Cold Temperate Northwest Atlantic,Temperate Northern Atlantic,0.955,0.3831984845806154,0.3831984845806154,0.6703901934373291,0.324398559796852,0.324398559796852
dmr_rasher_steneck,5_2_145,2,44.58034,-67.48165,1,2008-06-12,5,5,5,NA,NA,NA,90,0,0,0,730,4,90,percent_cover,"c(-67.48165, 44.58034)",Gulf of Maine/Bay of Fundy,Cold Temperate Northwest Atlantic,Temperate Northern Atlantic,0.9,0.3611294619084333,0.3611294619084333,0.6418538861723947,0.30831484178207313,0.30831484178207313
dmr_rasher_steneck,5_2_145,3,44.5822,-67.485,1,2016-06-05,5,5,5,NA,NA,NA,43,0,0,0,730,4,43,percent_cover,"c(-67.485, 44.5822)",Gulf of Maine/Bay of Fundy,Cold Temperate Northwest Atlantic,Temperate Northern Atlantic,0.43,0.17253963180069593,0.17253963180069593,0.3576744442718159,0.15917202187638835,0.15917202187638835
dmr_rasher_steneck,5_2_146,1,44.5841,-67.358,1,2007-06-27,5,5,5,NA,NA,NA,45.5,0,0,0,730,4,45.5,percent_cover,"c(-67.358, 44.5841)",Gulf of Maine/Bay of Fundy,Cold Temperate Northwest Atlantic,Temperate Northern Atlantic,0.455,0.18257100574259685,0.18257100574259685,0.3750059006234559,0.16769088672081048,0.16769088672081048
dmr_rasher_steneck,5_2_146,2,44.58406,-67.358,1,2013-06-10,5,5,5,NA,NA,NA,44.5,0,0,0,730,4,44.5,percent_cover,"c(-67.358, 44.58406)",Gulf of Maine/Bay of Fundy,Cold Temperate Northwest Atlantic,Temperate Northern Atlantic,0.445,0.1785584561658365,0.1785584561658365,0.3681093215643955,0.16429204434110672,0.16429204434110672
dmr_rasher_steneck,5_2_146,3,44.5852,-67.3524,1,2017-06-15,5,5,5,NA,NA,NA,27,0,0,0,730,4,27,percent_cover,"c(-67.3524, 44.5852)",Gulf of Maine/Bay of Fundy,Cold Temperate Northwest Atlantic,Temperate Northern Atlantic,0.27,0.10833883857253,0.10833883857253,0.23901690047049992,0.10286235256048129,0.10286235256048129
dmr_rasher_steneck,5_2_147,1,44.6147,-67.273,1,2007-06-27,5,5,5,NA,NA,NA,51.5,0,0,0,730,4,51.5,percent_cover,"c(-67.273, 44.6147)",Gulf of Maine/Bay of Fundy,Cold Temperate Northwest Atlantic,Temperate Northern Atlantic,0.515,0.20664630320315908,0.20664630320315908,0.41541543896133254,0.1878448612286852,0.1878448612286852
dmr_rasher_steneck,5_2_147,2,44.60883,-67.2639,1,2013-06-14,5,5,5,NA,NA,NA,76,0,0,0,730,4,76,percent_cover,"c(-67.2639, 44.60883)",Gulf of Maine/Bay of Fundy,Cold Temperate Northwest Atlantic,Temperate Northern Atlantic,0.76,0.30495376783378814,0.30495376783378814,0.5653138090500605,0.26616761319981885,0.26616761319981885
dmr_rasher_steneck,5_2_147,3,44.6089,-67.2639,1,2016-06-18,5,5,5,NA,NA,NA,66.5,0,0,0,730,4,66.5,percent_cover,"c(-67.2639, 44.6089)",Gulf of Maine/Bay of Fundy,Cold Temperate Northwest Atlantic,Temperate Northern Atlantic,0.665,0.26683454685456465,0.26683454685456465,0.5098251234324072,0.23652130627242512,0.23652130627242512
dmr_rasher_steneck,5_2_15,1,43.91571,-69.37804,1,2001-06-07,5,5,5,NA,NA,NA,7.2,0,0,0,730,4,7.2,percent_cover,"c(-69.37804, 43.91571)",Gulf of Maine/Bay of Fundy,Cold Temperate Northwest Atlantic,Temperate Northern Atlantic,0.07200000000000001,0.028890356952674667,0.028890356952674667,0.0695260626486103,0.028480898164702905,0.028480898164702905
dmr_rasher_steneck,5_2_15,2,43.91136,-69.3828,1,2012-05-04,5,5,5,NA,NA,NA,4,0,0,0,730,4,4,percent_cover,"c(-69.3828, 43.91136)",Gulf of Maine/Bay of Fundy,Cold Temperate Northwest Atlantic,Temperate Northern Atlantic,0.04,0.01605019830704148,0.01605019830704148,0.03922071315328133,0.0159227557182871,0.0159227557182871
dmr_rasher_steneck,5_2_15,3,43.9159,-69.378,1,2014-05-08,5,5,5,NA,NA,NA,76.5,0,0,0,730,4,76.5,percent_cover,"c(-69.378, 43.9159)",Gulf of Maine/Bay of Fundy,Cold Temperate Northwest Atlantic,Temperate Northern Atlantic,0.765,0.3069600426221683,0.3069600426221683,0.5681506903852601,0.26770386234780097,0.26770386234780097
dmr_rasher_steneck,5_2_15,4,43.9147,-69.381,1,2016-05-13,5,5,5,NA,NA,NA,56,0,0,0,730,4,56,percent_cover,"c(-69.381, 43.9147)",Gulf of Maine/Bay of Fundy,Cold Temperate Northwest Atlantic,Temperate Northern Atlantic,0.56,0.22470277629858074,0.22470277629858074,0.44468582126144574,0.2026981829638879,0.2026981829638879
dmr_rasher_steneck,5_2_158,1,44.20083,-68.95551,1,2008-05-20,5,5,5,NA,NA,NA,48,0,0,0,730,4,48,percent_cover,"c(-68.95551, 44.20083)",Gulf of Maine/Bay of Fundy,Cold Temperate Northwest Atlantic,Temperate Northern Atlantic,0.48,0.19260237968449778,0.19260237968449778,0.3920420877760237,0.17613779308010644,0.17613779308010644
dmr_rasher_steneck,5_2_158,2,44.20533,-68.95215,1,2011-05-26,5,5,5,NA,NA,NA,59.5,0,0,0,730,4,59.5,percent_cover,"c(-68.95215, 44.20533)",Gulf of Maine/Bay of Fundy,Cold Temperate Northwest Atlantic,Temperate Northern Atlantic,0.595,0.23874669981724203,0.23874669981724203,0.4668737362368079,0.21410014253519571,0.21410014253519571
dmr_rasher_steneck,5_2_158,3,44.2015,-68.9553,1,2015-05-14,5,5,5,NA,NA,NA,3.5,0,0,0,730,4,3.5,percent_cover,"c(-68.9553, 44.2015)",Gulf of Maine/Bay of Fundy,Cold Temperate Northwest Atlantic,Temperate Northern Atlantic,0.035,0.014043923518661296,0.014043923518661296,0.03440142671733232,0.013946221310381505,0.013946221310381505
dmr_rasher_steneck,5_2_162,1,44.191160000000004,-68.78413,1,2008-05-21,5,5,5,NA,NA,NA,80.5,0,0,0,730,4,80.5,percent_cover,"c(-68.78413, 44.19116)",Gulf of Maine/Bay of Fundy,Cold Temperate Northwest Atlantic,Temperate Northern Atlantic,0.805,0.3230102409292098,0.3230102409292098,0.5905605917848443,0.27990962579009315,0.27990962579009315
dmr_rasher_steneck,5_2_162,2,44.1928,-68.7964,1,2015-05-14,5,5,5,NA,NA,NA,78,0,0,0,730,4,78,percent_cover,"c(-68.7964, 44.1928)",Gulf of Maine/Bay of Fundy,Cold Temperate Northwest Atlantic,Temperate Northern Atlantic,0.78,0.31297886698730887,0.31297886698730887,0.5766133643039938,0.2722984999796362,0.2722984999796362
dmr_rasher_steneck,5_2_162,3,44.1911,-68.7842,1,2016-05-18,5,5,5,NA,NA,NA,64,0,0,0,730,4,64,percent_cover,"c(-68.7842, 44.1911)",Gulf of Maine/Bay of Fundy,Cold Temperate Northwest Atlantic,Temperate Northern Atlantic,0.64,0.2568031729126637,0.2568031729126637,0.4946962418361071,0.22857133255241446,0.22857133255241446
dmr_rasher_steneck,5_2_165,1,44.15751,-68.61084,1,2008-05-21,5,5,5,NA,NA,NA,7.5,0,0,0,730,4,7.5,percent_cover,"c(-68.61084, 44.15751)",Gulf of Maine/Bay of Fundy,Cold Temperate Northwest Atlantic,Temperate Northern Atlantic,0.075,0.03009412182570278,0.03009412182570278,0.07232066157962608,0.029650178479912366,0.029650178479912366
dmr_rasher_steneck,5_2_165,2,44.15495,-68.6092,1,2013-05-15,5,5,5,NA,NA,NA,11.5,0,0,0,730,4,11.5,percent_cover,"c(-68.6092, 44.15495)",Gulf of Maine/Bay of Fundy,Cold Temperate Northwest Atlantic,Temperate Northern Atlantic,0.115,0.046144320132744256,0.046144320132744256,0.10885440491208208,0.045111329483546916,0.045111329483546916
dmr_rasher_steneck,5_2_165,3,44.1575,-68.6139,1,2015-05-15,5,5,5,NA,NA,NA,12,0,0,0,730,4,12,percent_cover,"c(-68.6139, 44.1575)",Gulf of Maine/Bay of Fundy,Cold Temperate Northwest Atlantic,Temperate Northern Atlantic,0.12,0.048150594921124446,0.048150594921124446,0.11332868530700327,0.04702727301918279,0.04702727301918279
dmr_rasher_steneck,5_2_168,1,44.27057,-68.26386,1,2008-06-03,5,5,5,NA,NA,NA,15.5,0,0,0,730,4,15.5,percent_cover,"c(-68.26386, 44.27057)",Gulf of Maine/Bay of Fundy,Cold Temperate Northwest Atlantic,Temperate Northern Atlantic,0.155,0.06219451843978574,0.06219451843978574,0.14410034397375687,0.0603370684202472,0.0603370684202472
dmr_rasher_steneck,5_2_168,2,44.270626,-68.26944,1,2010-05-21,5,5,5,NA,NA,NA,0,0,0,0,730,4,0,percent_cover,"c(-68.26944, 44.270626)",Gulf of Maine/Bay of Fundy,Cold Temperate Northwest Atlantic,Temperate Northern Atlantic,0,0,0,0,0,0
dmr_rasher_steneck,5_2_168,3,44.2762,-68.27,1,2017-05-12,5,5,5,NA,NA,NA,77,0,0,0,730,4,77,percent_cover,"c(-68.27, 44.2762)",Gulf of Maine/Bay of Fundy,Cold Temperate Northwest Atlantic,Temperate Northern Atlantic,0.77,0.30896631741054853,0.30896631741054853,0.5709795465857378,0.2692377550539574,0.2692377550539574
dmr_rasher_steneck,5_2_174,1,44.48321,-67.55694,1,2008-06-12,5,5,5,NA,NA,NA,56.5,0,0,0,730,4,56.5,percent_cover,"c(-67.55694, 44.48321)",Gulf of Maine/Bay of Fundy,Cold Temperate Northwest Atlantic,Temperate Northern Atlantic,0.565,0.22670905108696093,0.22670905108696093,0.4478858239921165,0.20433501543234966,0.20433501543234966
dmr_rasher_steneck,5_2_174,2,44.490294,-67.556755,1,2010-06-08,5,5,5,NA,NA,NA,88,0,0,0,730,4,88,percent_cover,"c(-67.556755, 44.490294)",Gulf of Maine/Bay of Fundy,Cold Temperate Northwest Atlantic,Temperate Northern Atlantic,0.88,0.3531043627549126,0.3531043627549126,0.6312717768418578,0.30240148054869814,0.30240148054869814
dmr_rasher_steneck,5_2_174,3,44.48813,-67.56432,1,2011-06-09,5,5,5,NA,NA,NA,24.5,0,0,0,730,4,24.5,percent_cover,"c(-67.56432, 44.48813)",Gulf of Maine/Bay of Fundy,Cold Temperate Northwest Atlantic,Temperate Northern Atlantic,0.245,0.09830746463062907,0.09830746463062907,0.219135529916671,0.09377032632064201,0.09377032632064201
dmr_rasher_steneck,5_2_18,1,44.07907,-69.04713,1,2001-06-19,5,5,5,NA,NA,NA,0.9,0,0,0,730,4,0.9,percent_cover,"c(-69.04713, 44.07907)",Gulf of Maine/Bay of Fundy,Cold Temperate Northwest Atlantic,Temperate Northern Atlantic,0.009000000000000001,0.0036112946190843334,0.0036112946190843334,0.008959741371471801,0.0036047895511119735,0.0036047895511119735
dmr_rasher_steneck,5_2_18,2,44.07448,-69.0469,1,2012-05-09,5,5,5,NA,NA,NA,29.5,0,0,0,730,4,29.5,percent_cover,"c(-69.0469, 44.07448)",Gulf of Maine/Bay of Fundy,Cold Temperate Northwest Atlantic,Temperate Northern Atlantic,0.295,0.11837021251443093,0.11837021251443093,0.258510695151501,0.11187245812486206,0.11187245812486206
dmr_rasher_steneck,5_2_18,3,44.079,-69.0521,1,2014-05-12,5,5,5,NA,NA,NA,4.5,0,0,0,730,4,4.5,percent_cover,"c(-69.0521, 44.079)",Gulf of Maine/Bay of Fundy,Cold Temperate Northwest Atlantic,Temperate Northern Atlantic,0.045,0.018056473095421667,0.018056473095421667,0.04401688541677426,0.01789539114313417,0.01789539114313417
dmr_rasher_steneck,5_2_18,4,44.0743,-69.0526,1,2017-05-05,5,5,5,NA,NA,NA,10,0,0,0,730,4,10,percent_cover,"c(-69.0526, 44.0743)",Gulf of Maine/Bay of Fundy,Cold Temperate Northwest Atlantic,Temperate Northern Atlantic,0.1,0.04012549576760371,0.04012549576760371,0.09531017980432493,0.03934137488067342,0.03934137488067342
dmr_rasher_steneck,5_2_18,5,44.0791,-69.0471,1,2018-05-11,5,5,5,NA,NA,NA,3.5,0,0,0,730,4,3.5,percent_cover,"c(-69.0471, 44.0791)",Gulf of Maine/Bay of Fundy,Cold Temperate Northwest Atlantic,Temperate Northern Atlantic,0.035,0.014043923518661296,0.014043923518661296,0.03440142671733232,0.013946221310381505,0.013946221310381505
dmr_rasher_steneck,5_2_188,1,44.02038,-69.07162,1,2009-05-12,5,5,5,NA,NA,NA,94,0,0,0,730,4,94,percent_cover,"c(-69.07162, 44.02038)",Gulf of Maine/Bay of Fundy,Cold Temperate Northwest Atlantic,Temperate Northern Atlantic,0.94,0.37717966021547483,0.37717966021547483,0.6626879730752367,0.32003768343291045,0.32003768343291045
dmr_rasher_steneck,5_2_188,2,44.0234,-69.0716,1,2014-05-12,5,5,5,NA,NA,NA,37.5,0,0,0,730,4,37.5,percent_cover,"c(-69.0716, 44.0234)",Gulf of Maine/Bay of Fundy,Cold Temperate Northwest Atlantic,Temperate Northern Atlantic,0.375,0.1504706091285139,0.1504706091285139,0.3184537311185346,0.14017108399445294,0.14017108399445294
dmr_rasher_steneck,5_2_188,3,44.02,-69.0657,1,2015-05-12,5,5,5,NA,NA,NA,5.5,0,0,0,730,4,5.5,percent_cover,"c(-69.0657, 44.02)",Gulf of Maine/Bay of Fundy,Cold Temperate Northwest Atlantic,Temperate Northern Atlantic,0.055,0.022069022672182036,0.022069022672182036,0.05354076692802976,0.021829026362236416,0.021829026362236416
dmr_rasher_steneck,5_2_2,1,43.76509,-69.96087,1,2001-06-15,5,5,5,NA,NA,NA,59,0,0,0,730,4,59,percent_cover,"c(-69.96087, 43.76509)",Gulf of Maine/Bay of Fundy,Cold Temperate Northwest Atlantic,Temperate Northern Atlantic,0.59,0.23674042502886186,0.23674042502886186,0.46373401623214006,0.21247922905314948,0.21247922905314948
dmr_rasher_steneck,5_2_2,2,43.76074,-69.95305,1,2009-05-05,5,5,5,NA,NA,NA,73.5,0,0,0,730,4,73.5,percent_cover,"c(-69.95305, 43.76074)",Gulf of Maine/Bay of Fundy,Cold Temperate Northwest Atlantic,Temperate Northern Atlantic,0.735,0.29492239389188724,0.29492239389188724,0.5510074133988224,0.2584507658591647,0.2584507658591647
dmr_rasher_steneck,5_2_2,3,43.7651,-69.9514,1,2014-05-06,5,5,5,NA,NA,NA,63.5,0,0,0,730,4,63.5,percent_cover,"c(-69.9514, 43.7651)",Gulf of Maine/Bay of Fundy,Cold Temperate Northwest Atlantic,Temperate Northern Atlantic,0.635,0.2547968981242835,0.2547968981242835,0.4916428043492167,0.22697372532326848,0.22697372532326848
dmr_rasher_steneck,5_2_202,1,44.39943,-68.14297,1,2009-06-05,5,5,5,NA,NA,NA,54,0,0,0,730,4,54,percent_cover,"c(-68.14297, 44.39943)",Gulf of Maine/Bay of Fundy,Cold Temperate Northwest Atlantic,Temperate Northern Atlantic,0.54,0.21667767714506,0.21667767714506,0.43178241642553783,0.1961239285936106,0.1961239285936106
dmr_rasher_steneck,5_2_202,2,44.40024,-68.13937,1,2011-06-02,5,5,5,NA,NA,NA,49,0,0,0,730,4,49,percent_cover,"c(-68.13937, 44.40024)",Gulf of Maine/Bay of Fundy,Cold Temperate Northwest Atlantic,Temperate Northern Atlantic,0.49,0.19661492926125815,0.19661492926125815,0.3987761199573678,0.17949667829681568,0.17949667829681568
dmr_rasher_steneck,5_2_202,3,44.4002,-68.1394,1,2014-06-06,5,5,5,NA,NA,NA,72,0,0,0,730,4,72,percent_cover,"c(-68.1394, 44.4002)",Gulf of Maine/Bay of Fundy,Cold Temperate Northwest Atlantic,Temperate Northern Atlantic,0.72,0.2889035695267467,0.2889035695267467,0.5423242908253617,0.2537919108612943,0.2537919108612943
dmr_rasher_steneck,5_2_202,4,44.3954,-68.1443,1,2018-05-15,5,5,5,NA,NA,NA,28,0,0,0,730,4,28,percent_cover,"c(-68.1443, 44.3954)",Gulf of Maine/Bay of Fundy,Cold Temperate Northwest Atlantic,Temperate Northern Atlantic,0.28,0.11235138814929037,0.11235138814929037,0.2468600779315258,0.10647614244913184,0.10647614244913184
dmr_rasher_steneck,5_2_205,1,44.50124,-67.63622,1,2009-06-10,5,5,5,NA,NA,NA,39.5,0,0,0,730,4,39.5,percent_cover,"c(-67.63622, 44.50124)",Gulf of Maine/Bay of Fundy,Cold Temperate Northwest Atlantic,Temperate Northern Atlantic,0.395,0.15849570828203463,0.15849570828203463,0.33289441527332897,0.1471223603362025,0.1471223603362025
dmr_rasher_steneck,5_2_205,2,44.494688,-67.631863,1,2010-06-08,5,5,5,NA,NA,NA,86.5,0,0,0,730,4,86.5,percent_cover,"c(-67.631863, 44.494688)",Gulf of Maine/Bay of Fundy,Cold Temperate Northwest Atlantic,Temperate Northern Atlantic,0.865,0.347085538389772,0.347085538389772,0.6232610530957788,0.29794339829973365,0.29794339829973365
dmr_rasher_steneck,5_2_205,3,44.5012,-67.6361,1,2017-06-13,5,5,5,NA,NA,NA,88.5,0,0,0,730,4,88.5,percent_cover,"c(-67.6361, 44.5012)",Gulf of Maine/Bay of Fundy,Cold Temperate Northwest Atlantic,Temperate Northern Atlantic,0.885,0.35511063754329275,0.35511063754329275,0.6339278208999741,0.30388310232183957,0.30388310232183957
dmr_rasher_steneck,5_2_231,1,44.490267,-67.579377,1,2010-06-08,5,5,5,NA,NA,NA,73.5,0,0,0,730,4,73.5,percent_cover,"c(-67.579377, 44.490267)",Gulf of Maine/Bay of Fundy,Cold Temperate Northwest Atlantic,Temperate Northern Atlantic,0.735,0.29492239389188724,0.29492239389188724,0.5510074133988224,0.2584507658591647,0.2584507658591647
dmr_rasher_steneck,5_2_231,2,44.4903,-67.5794,1,2014-06-10,5,5,5,NA,NA,NA,65,0,0,0,730,4,65,percent_cover,"c(-67.5794, 44.4903)",Gulf of Maine/Bay of Fundy,Cold Temperate Northwest Atlantic,Temperate Northern Atlantic,0.65,0.2608157224894241,0.2608157224894241,0.5007752879124892,0.23175891029231616,0.23175891029231616
dmr_rasher_steneck,5_2_231,3,44.4855,-67.5772,1,2016-06-05,5,5,5,NA,NA,NA,35,0,0,0,730,4,35,percent_cover,"c(-67.5772, 44.4855)",Gulf of Maine/Bay of Fundy,Cold Temperate Northwest Atlantic,Temperate Northern Atlantic,0.35,0.14043923518661297,0.14043923518661297,0.30010459245033816,0.13141348222306698,0.13141348222306698
dmr_rasher_steneck,5_2_232,1,44.619898,-67.311057,1,2010-06-10,5,5,5,NA,NA,NA,78,0,0,0,730,4,78,percent_cover,"c(-67.311057, 44.619898)",Gulf of Maine/Bay of Fundy,Cold Temperate Northwest Atlantic,Temperate Northern Atlantic,0.78,0.31297886698730887,0.31297886698730887,0.5766133643039938,0.2722984999796362,0.2722984999796362
dmr_rasher_steneck,5_2_232,2,44.62438,-67.3115,1,2012-06-20,5,5,5,NA,NA,NA,79,0,0,0,730,4,79,percent_cover,"c(-67.3115, 44.62438)",Gulf of Maine/Bay of Fundy,Cold Temperate Northwest Atlantic,Temperate Northern Atlantic,0.79,0.31699141656406926,0.31699141656406926,0.5822156198526637,0.2753499053246202,0.2753499053246202
dmr_rasher_steneck,5_2_232,3,44.6204,-67.3112,1,2017-06-16,5,5,5,NA,NA,NA,76.5,0,0,0,730,4,76.5,percent_cover,"c(-67.3112, 44.6204)",Gulf of Maine/Bay of Fundy,Cold Temperate Northwest Atlantic,Temperate Northern Atlantic,0.765,0.3069600426221683,0.3069600426221683,0.5681506903852601,0.26770386234780097,0.26770386234780097
dmr_rasher_steneck,5_2_237,1,43.93412,-69.30068,1,2011-05-11,5,5,5,NA,NA,NA,55,0,0,0,730,4,55,percent_cover,"c(-69.30068, 43.93412)",Gulf of Maine/Bay of Fundy,Cold Temperate Northwest Atlantic,Temperate Northern Atlantic,0.55,0.22069022672182037,0.22069022672182037,0.4382549309311553,0.19941645837158545,0.19941645837158545
dmr_rasher_steneck,5_2_237,2,43.93324,-69.2937,1,2012-05-04,5,5,5,NA,NA,NA,47,0,0,0,730,4,47,percent_cover,"c(-69.2937, 43.93324)",Gulf of Maine/Bay of Fundy,Cold Temperate Northwest Atlantic,Temperate Northern Atlantic,0.47,0.18858983010773742,0.18858983010773742,0.3852624007906449,0.17276758771975628,0.17276758771975628
dmr_rasher_steneck,5_2_237,3,43.934,-69.3008,1,2016-05-13,5,5,5,NA,NA,NA,58,0,0,0,730,4,58,percent_cover,"c(-69.3008, 43.934)",Gulf of Maine/Bay of Fundy,Cold Temperate Northwest Atlantic,Temperate Northern Atlantic,0.58,0.23272787545210147,0.23272787545210147,0.4574248470388755,0.20922949864982987,0.20922949864982987
dmr_rasher_steneck,5_2_242,1,44.57755,-67.50234,1,2011-06-09,5,5,5,NA,NA,NA,34,0,0,0,730,4,34,percent_cover,"c(-67.50234, 44.57755)",Gulf of Maine/Bay of Fundy,Cold Temperate Northwest Atlantic,Temperate Northern Atlantic,0.34,0.1364266856098526,0.1364266856098526,0.29266961396282004,0.1278888533074118,0.1278888533074118
dmr_rasher_steneck,5_2_242,2,44.57796,-67.4977,1,2012-06-20,5,5,5,NA,NA,NA,79,0,0,0,730,4,79,percent_cover,"c(-67.4977, 44.57796)",Gulf of Maine/Bay of Fundy,Cold Temperate Northwest Atlantic,Temperate Northern Atlantic,0.79,0.31699141656406926,0.31699141656406926,0.5822156198526637,0.2753499053246202,0.2753499053246202
dmr_rasher_steneck,5_2_242,3,44.5772,-67.502,1,2016-06-05,5,5,5,NA,NA,NA,65,0,0,0,730,4,65,percent_cover,"c(-67.502, 44.5772)",Gulf of Maine/Bay of Fundy,Cold Temperate Northwest Atlantic,Temperate Northern Atlantic,0.65,0.2608157224894241,0.2608157224894241,0.5007752879124892,0.23175891029231616,0.23175891029231616
dmr_rasher_steneck,5_2_242,4,44.5777,-67.4972,1,2017-06-15,5,5,5,NA,NA,NA,78,0,0,0,730,4,78,percent_cover,"c(-67.4972, 44.5777)",Gulf of Maine/Bay of Fundy,Cold Temperate Northwest Atlantic,Temperate Northern Atlantic,0.78,0.31297886698730887,0.31297886698730887,0.5766133643039938,0.2722984999796362,0.2722984999796362
dmr_rasher_steneck,5_2_254,1,44.15877,-68.5841,1,2012-05-08,5,5,5,NA,NA,NA,0.5,0,0,0,730,4,0.5,percent_cover,"c(-68.5841, 44.15877)",Gulf of Maine/Bay of Fundy,Cold Temperate Northwest Atlantic,Temperate Northern Atlantic,0.005,0.002006274788380185,0.002006274788380185,0.004987541511038968,0.0020042649069176833,0.0020042649069176833
dmr_rasher_steneck,5_2_254,2,44.159,-68.5777,1,2016-05-19,5,5,5,NA,NA,NA,9.5,0,0,0,730,4,9.5,percent_cover,"c(-68.5777, 44.159)",Gulf of Maine/Bay of Fundy,Cold Temperate Northwest Atlantic,Temperate Northern Atlantic,0.095,0.03811922097922352,0.03811922097922352,0.09075436326846412,0.03741063458290644,0.03741063458290644
dmr_rasher_steneck,5_2_254,3,44.1555,-68.5783,1,2017-05-10,5,5,5,NA,NA,NA,3.5,0,0,0,730,4,3.5,percent_cover,"c(-68.5783, 44.1555)",Gulf of Maine/Bay of Fundy,Cold Temperate Northwest Atlantic,Temperate Northern Atlantic,0.035,0.014043923518661296,0.014043923518661296,0.03440142671733232,0.013946221310381505,0.013946221310381505
dmr_rasher_steneck,5_2_28,1,44.16329,-68.49663,1,2001-07-03,5,5,5,NA,NA,NA,72,0,0,0,730,4,72,percent_cover,"c(-68.49663, 44.16329)",Gulf of Maine/Bay of Fundy,Cold Temperate Northwest Atlantic,Temperate Northern Atlantic,0.72,0.2889035695267467,0.2889035695267467,0.5423242908253617,0.2537919108612943,0.2537919108612943
dmr_rasher_steneck,5_2_28,2,44.16321,-68.49657,1,2003-06-09,5,5,5,NA,NA,NA,94,0,0,0,730,4,94,percent_cover,"c(-68.49657, 44.16321)",Gulf of Maine/Bay of Fundy,Cold Temperate Northwest Atlantic,Temperate Northern Atlantic,0.94,0.37717966021547483,0.37717966021547483,0.6626879730752367,0.32003768343291045,0.32003768343291045
dmr_rasher_steneck,5_2_28,3,44.1667,-68.494,1,2014-05-26,5,5,5,NA,NA,NA,89,0,0,0,730,4,89,percent_cover,"c(-68.494, 44.1667)",Gulf of Maine/Bay of Fundy,Cold Temperate Northwest Atlantic,Temperate Northern Atlantic,0.89,0.357116912331673,0.357116912331673,0.6365768290715511,0.3053625321391516,0.3053625321391516
dmr_rasher_steneck,5_2_44,1,43.820496,-69.61182,1,2002-05-21,5,5,5,NA,NA,NA,4.5,0,0,0,730,4,4.5,percent_cover,"c(-69.61182, 43.820496)",Gulf of Maine/Bay of Fundy,Cold Temperate Northwest Atlantic,Temperate Northern Atlantic,0.045,0.018056473095421667,0.018056473095421667,0.04401688541677426,0.01789539114313417,0.01789539114313417
dmr_rasher_steneck,5_2_44,2,43.8287,-69.6167,1,2006-05-13,5,5,5,NA,NA,NA,47,0,0,0,730,4,47,percent_cover,"c(-69.6167, 43.8287)",Gulf of Maine/Bay of Fundy,Cold Temperate Northwest Atlantic,Temperate Northern Atlantic,0.47,0.18858983010773742,0.18858983010773742,0.3852624007906449,0.17276758771975628,0.17276758771975628
dmr_rasher_steneck,5_2_44,3,43.82211,-69.6188,1,2013-05-02,5,5,5,NA,NA,NA,10,0,0,0,730,4,10,percent_cover,"c(-69.6188, 43.82211)",Gulf of Maine/Bay of Fundy,Cold Temperate Northwest Atlantic,Temperate Northern Atlantic,0.1,0.04012549576760371,0.04012549576760371,0.09531017980432493,0.03934137488067342,0.03934137488067342
dmr_rasher_steneck,5_2_46,1,43.862259,-69.529659,1,2002-05-21,5,5,5,NA,NA,NA,0.5,0,0,0,730,4,0.5,percent_cover,"c(-69.529659, 43.862259)",Gulf of Maine/Bay of Fundy,Cold Temperate Northwest Atlantic,Temperate Northern Atlantic,0.005,0.002006274788380185,0.002006274788380185,0.004987541511038968,0.0020042649069176833,0.0020042649069176833
dmr_rasher_steneck,5_2_46,2,43.8698,-69.5336,1,2005-05-18,5,5,5,NA,NA,NA,57,0,0,0,730,4,57,percent_cover,"c(-69.5336, 43.8698)",Gulf of Maine/Bay of Fundy,Cold Temperate Northwest Atlantic,Temperate Northern Atlantic,0.57,0.2287153258753411,0.2287153258753411,0.45107561936021656,0.205969173057955,0.205969173057955
dmr_rasher_steneck,5_2_46,3,43.86489,-69.53466,1,2009-05-11,5,5,5,NA,NA,NA,13.5,0,0,0,730,4,13.5,percent_cover,"c(-69.53466, 43.86489)",Gulf of Maine/Bay of Fundy,Cold Temperate Northwest Atlantic,Temperate Northern Atlantic,0.135,0.054169419286265,0.054169419286265,0.126632650933366,0.0527531765627664,0.0527531765627664
dmr_rasher_steneck,5_2_53,1,44.189623,-68.408779,1,2002-06-07,5,5,5,NA,NA,NA,92,0,0,0,730,4,92,percent_cover,"c(-68.408779, 44.189623)",Gulf of Maine/Bay of Fundy,Cold Temperate Northwest Atlantic,Temperate Northern Atlantic,0.92,0.36915456106195405,0.36915456106195405,0.6523251860396901,0.31419344063617627,0.31419344063617627
dmr_rasher_steneck,5_2_53,2,44.18516,-68.41244,1,2009-05-26,5,5,5,NA,NA,NA,89,0,0,0,730,4,89,percent_cover,"c(-68.41244, 44.18516)",Gulf of Maine/Bay of Fundy,Cold Temperate Northwest Atlantic,Temperate Northern Atlantic,0.89,0.357116912331673,0.357116912331673,0.6365768290715511,0.3053625321391516,0.3053625321391516
dmr_rasher_steneck,5_2_53,3,44.1876,-68.413,1,2017-07-04,5,5,5,NA,NA,NA,68.75,0,0,0,730,4,68.75,percent_cover,"c(-68.413, 44.1876)",Gulf of Maine/Bay of Fundy,Cold Temperate Northwest Atlantic,Temperate Northern Atlantic,0.6875,0.27586278340227544,0.27586278340227544,0.5232481437645479,0.24362264262153935,0.24362264262153935
dmr_rasher_steneck,5_2_61,1,44.495928,-67.763393,1,2002-06-25,5,5,5,NA,NA,NA,87.5,0,0,0,730,4,87.5,percent_cover,"c(-67.763393, 44.495928)",Gulf of Maine/Bay of Fundy,Cold Temperate Northwest Atlantic,Temperate Northern Atlantic,0.875,0.3510980879665324,0.3510980879665324,0.6286086594223741,0.3009176603147877,0.3009176603147877
dmr_rasher_steneck,5_2_61,2,44.49585,-67.75206,1,2003-06-23,5,5,5,NA,NA,NA,96,0,0,0,730,4,96,percent_cover,"c(-67.75206, 44.49585)",Gulf of Maine/Bay of Fundy,Cold Temperate Northwest Atlantic,Temperate Northern Atlantic,0.96,0.38520475936899556,0.38520475936899556,0.6729444732424258,0.32584796941157834,0.32584796941157834
dmr_rasher_steneck,5_2_61,3,44.4994,-67.7582,1,2006-06-29,5,5,5,NA,NA,NA,44,0,0,0,730,4,44,percent_cover,"c(-67.7582, 44.4994)",Gulf of Maine/Bay of Fundy,Cold Temperate Northwest Atlantic,Temperate Northern Atlantic,0.44,0.1765521813774563,0.1765521813774563,0.36464311358790924,0.16258828126372338,0.16258828126372338
dmr_rasher_steneck,5_2_62,1,44.486357,-67.676289,1,2002-06-25,5,5,5,NA,NA,NA,92.5,0,0,0,730,4,92.5,percent_cover,"c(-67.676289, 44.486357)",Gulf of Maine/Bay of Fundy,Cold Temperate Northwest Atlantic,Temperate Northern Atlantic,0.925,0.37116083585033427,0.37116083585033427,0.6549259677397475,0.31565770650068786,0.31565770650068786
dmr_rasher_steneck,5_2_62,2,44.4862,-67.6638,1,2007-06-18,5,5,5,NA,NA,NA,75,0,0,0,730,4,75,percent_cover,"c(-67.6638, 44.4862)",Gulf of Maine/Bay of Fundy,Cold Temperate Northwest Atlantic,Temperate Northern Atlantic,0.75,0.3009412182570278,0.3009412182570278,0.5596157879354227,0.26308801653963065,0.26308801653963065
dmr_rasher_steneck,5_2_62,3,44.4896,-67.6678,1,2014-06-09,5,5,5,NA,NA,NA,43.5,0,0,0,730,4,43.5,percent_cover,"c(-67.6678, 44.4896)",Gulf of Maine/Bay of Fundy,Cold Temperate Northwest Atlantic,Temperate Northern Atlantic,0.435,0.17454590658907612,0.17454590658907612,0.3611648492115845,0.16088161042287172,0.16088161042287172
dmr_rasher_steneck,5_2_62,4,44.489000000000004,-67.6705,1,2016-06-04,5,5,5,NA,NA,NA,22,0,0,0,730,4,22,percent_cover,"c(-67.6705, 44.489)",Gulf of Maine/Bay of Fundy,Cold Temperate Northwest Atlantic,Temperate Northern Atlantic,0.22,0.08827609068872815,0.08827609068872815,0.19885085874516517,0.08459487606637116,0.08459487606637116
dmr_rasher_steneck,5_2_63,1,44.519897,-67.531109,1,2002-06-26,5,5,5,NA,NA,NA,61.5,0,0,0,730,4,61.5,percent_cover,"c(-67.531109, 44.519897)",Gulf of Maine/Bay of Fundy,Cold Temperate Northwest Atlantic,Temperate Northern Atlantic,0.615,0.24677179897076276,0.24677179897076276,0.47933495667461984,0.2205576499279059,0.2205576499279059
dmr_rasher_steneck,5_2_63,2,44.5155,-67.5307,1,2004-06-24,5,5,5,NA,NA,NA,94,0,0,0,730,4,94,percent_cover,"c(-67.5307, 44.5155)",Gulf of Maine/Bay of Fundy,Cold Temperate Northwest Atlantic,Temperate Northern Atlantic,0.94,0.37717966021547483,0.37717966021547483,0.6626879730752367,0.32003768343291045,0.32003768343291045
dmr_rasher_steneck,5_2_63,3,44.5199,-67.5311,1,2014-06-10,5,5,5,NA,NA,NA,78,0,0,0,730,4,78,percent_cover,"c(-67.5311, 44.5199)",Gulf of Maine/Bay of Fundy,Cold Temperate Northwest Atlantic,Temperate Northern Atlantic,0.78,0.31297886698730887,0.31297886698730887,0.5766133643039938,0.2722984999796362,0.2722984999796362
dmr_rasher_steneck,5_2_68,1,44.16448,-69.05934,1,2003-06-02,5,5,5,NA,NA,NA,2,0,0,0,730,4,2,percent_cover,"c(-69.05934, 44.16448)",Gulf of Maine/Bay of Fundy,Cold Temperate Northwest Atlantic,Temperate Northern Atlantic,0.02,0.00802509915352074,0.00802509915352074,0.01980262729617973,0.007993069293067727,0.007993069293067727
dmr_rasher_steneck,5_2_68,2,44.17202,-69.0609,1,2012-05-09,5,5,5,NA,NA,NA,3,0,0,0,730,4,3,percent_cover,"c(-69.0609, 44.17202)",Gulf of Maine/Bay of Fundy,Cold Temperate Northwest Atlantic,Temperate Northern Atlantic,0.03,0.012037648730281111,0.012037648730281111,0.02955880224154443,0.011965772475934637,0.011965772475934637
dmr_rasher_steneck,5_2_68,3,44.1719,-69.0611,1,2016-05-18,5,5,5,NA,NA,NA,2,0,0,0,730,4,2,percent_cover,"c(-69.0611, 44.1719)",Gulf of Maine/Bay of Fundy,Cold Temperate Northwest Atlantic,Temperate Northern Atlantic,0.02,0.00802509915352074,0.00802509915352074,0.01980262729617973,0.007993069293067727,0.007993069293067727
dmr_rasher_steneck,5_2_68,4,44.1722,-69.057,1,2017-05-09,5,5,5,NA,NA,NA,5,0,0,0,730,4,5,percent_cover,"c(-69.057, 44.1722)",Gulf of Maine/Bay of Fundy,Cold Temperate Northwest Atlantic,Temperate Northern Atlantic,0.05,0.020062747883801853,0.020062747883801853,0.04879016416943205,0.01986414293719289,0.01986414293719289
dmr_rasher_steneck,5_2_82,1,44.1457,-68.578,1,2004-06-04,5,5,5,NA,NA,NA,2.5,0,0,0,730,4,2.5,percent_cover,"c(-68.578, 44.1457)",Gulf of Maine/Bay of Fundy,Cold Temperate Northwest Atlantic,Temperate Northern Atlantic,0.025,0.010031373941900927,0.010031373941900927,0.024692612590371414,0.00998139367952627,0.00998139367952627
dmr_rasher_steneck,5_2_82,2,44.14128,-68.58426,1,2011-05-31,5,5,5,NA,NA,NA,4,0,0,0,730,4,4,percent_cover,"c(-68.58426, 44.14128)",Gulf of Maine/Bay of Fundy,Cold Temperate Northwest Atlantic,Temperate Northern Atlantic,0.04,0.01605019830704148,0.01605019830704148,0.03922071315328133,0.0159227557182871,0.0159227557182871
dmr_rasher_steneck,5_2_82,3,44.1491,-68.5842,1,2014-05-13,5,5,5,NA,NA,NA,11,0,0,0,730,4,11,percent_cover,"c(-68.5842, 44.1491)",Gulf of Maine/Bay of Fundy,Cold Temperate Northwest Atlantic,Temperate Northern Atlantic,0.11,0.04413804534436407,0.04413804534436407,0.10436001532424286,0.0431917080605275,0.0431917080605275
dmr_rasher_steneck,5_2_85,1,44.4174,-68.1349,1,2004-06-16,5,5,5,NA,NA,NA,54.5,0,0,0,730,4,54.5,percent_cover,"c(-68.1349, 44.4174)",Gulf of Maine/Bay of Fundy,Cold Temperate Northwest Atlantic,Temperate Northern Atlantic,0.545,0.21868395193344017,0.21868395193344017,0.4350239103497087,0.19777154857602838,0.19777154857602838
dmr_rasher_steneck,5_2_85,2,44.41286,-68.1314,1,2009-06-05,5,5,5,NA,NA,NA,70.5,0,0,0,730,4,70.5,percent_cover,"c(-68.1314, 44.41286)",Gulf of Maine/Bay of Fundy,Cold Temperate Northwest Atlantic,Temperate Northern Atlantic,0.705,0.2828847451616061,0.2828847451616061,0.5335651107354802,0.24911124930029016,0.24911124930029016
dmr_rasher_steneck,5_2_85,3,44.4123,-68.1319,1,2016-05-22,5,5,5,NA,NA,NA,50,0,0,0,730,4,50,percent_cover,"c(-68.1319, 44.4123)",Gulf of Maine/Bay of Fundy,Cold Temperate Northwest Atlantic,Temperate Northern Atlantic,0.5,0.2006274788380185,0.2006274788380185,0.4054651081081644,0.18284431916157692,0.18284431916157692
dmr_rasher_steneck,5_2_89,1,44.5296,-67.5366,1,2004-06-24,5,5,5,NA,NA,NA,98,0,0,0,730,4,98,percent_cover,"c(-67.5366, 44.5296)",Gulf of Maine/Bay of Fundy,Cold Temperate Northwest Atlantic,Temperate Northern Atlantic,0.98,0.3932298585225163,0.3932298585225163,0.6830968447064438,0.3316246908925419,0.3316246908925419
dmr_rasher_steneck,5_2_89,2,44.5328,-67.5302,1,2006-06-30,5,5,5,NA,NA,NA,76,0,0,0,730,4,76,percent_cover,"c(-67.5302, 44.5328)",Gulf of Maine/Bay of Fundy,Cold Temperate Northwest Atlantic,Temperate Northern Atlantic,0.76,0.30495376783378814,0.30495376783378814,0.5653138090500605,0.26616761319981885,0.26616761319981885
dmr_rasher_steneck,5_2_89,3,44.53276,-67.53652,1,2011-06-09,5,5,5,NA,NA,NA,56.5,0,0,0,730,4,56.5,percent_cover,"c(-67.53652, 44.53276)",Gulf of Maine/Bay of Fundy,Cold Temperate Northwest Atlantic,Temperate Northern Atlantic,0.565,0.22670905108696093,0.22670905108696093,0.4478858239921165,0.20433501543234966,0.20433501543234966
dmr_rasher_steneck,5_2_89,4,44.5328,-67.5365,1,2014-06-10,5,5,5,NA,NA,NA,79,0,0,0,730,4,79,percent_cover,"c(-67.5365, 44.5328)",Gulf of Maine/Bay of Fundy,Cold Temperate Northwest Atlantic,Temperate Northern Atlantic,0.79,0.31699141656406926,0.31699141656406926,0.5822156198526637,0.2753499053246202,0.2753499053246202
dmr_rasher_steneck,5_2_9,1,43.82462,-69.63938,1,2001-06-05,5,5,5,NA,NA,NA,2.8,0,0,0,730,4,2.8,percent_cover,"c(-69.63938, 43.82462)",Gulf of Maine/Bay of Fundy,Cold Temperate Northwest Atlantic,Temperate Northern Atlantic,0.027999999999999997,0.011235138814929036,0.011235138814929036,0.02761516703297339,0.011172493425895911,0.011172493425895911
dmr_rasher_steneck,5_2_9,2,43.82497,-69.64226,1,2008-05-07,5,5,5,NA,NA,NA,62,0,0,0,730,4,62,percent_cover,"c(-69.64226, 43.82497)",Gulf of Maine/Bay of Fundy,Cold Temperate Northwest Atlantic,Temperate Northern Atlantic,0.62,0.24877807375914296,0.24877807375914296,0.4824261492442928,0.2221655322167245,0.2221655322167245
dmr_rasher_steneck,5_2_9,3,43.82947,-69.6401,1,2012-05-03,5,5,5,NA,NA,NA,62.5,0,0,0,730,4,62.5,percent_cover,"c(-69.6401, 43.82947)",Gulf of Maine/Bay of Fundy,Cold Temperate Northwest Atlantic,Temperate Northern Atlantic,0.625,0.25078434854752313,0.25078434854752313,0.4855078157817008,0.22377083336969583,0.22377083336969583
dmr_rasher_steneck,5_2_93,1,43.8711,-69.2962,1,2005-05-28,5,5,5,NA,NA,NA,82,0,0,0,730,4,82,percent_cover,"c(-69.2962, 43.8711)",Gulf of Maine/Bay of Fundy,Cold Temperate Northwest Atlantic,Temperate Northern Atlantic,0.82,0.3290290652943504,0.3290290652943504,0.5988365010887039,0.2844486495403824,0.2844486495403824
dmr_rasher_steneck,5_2_93,2,43.875586,-69.306309,1,2010-05-13,5,5,5,NA,NA,NA,49,0,0,0,730,4,49,percent_cover,"c(-69.306309, 43.875586)",Gulf of Maine/Bay of Fundy,Cold Temperate Northwest Atlantic,Temperate Northern Atlantic,0.49,0.19661492926125815,0.19661492926125815,0.3987761199573678,0.17949667829681568,0.17949667829681568
dmr_rasher_steneck,5_2_93,3,43.87561,-69.2948,1,2013-05-06,5,5,5,NA,NA,NA,15,0,0,0,730,4,15,percent_cover,"c(-69.2948, 43.87561)",Gulf of Maine/Bay of Fundy,Cold Temperate Northwest Atlantic,Temperate Northern Atlantic,0.15,0.06018824365140556,0.06018824365140556,0.13976194237515863,0.058446480707414004,0.058446480707414004
dmr_rasher_steneck,5_3_10,1,44.13106,-68.40311,1,2001-07-05,5,5,5,NA,NA,NA,67,0,0,0,730,4,67,percent_cover,"c(-68.40311, 44.13106)",Gulf of Maine/Bay of Fundy,Cold Temperate Northwest Atlantic,Temperate Northern Atlantic,0.67,0.2688408216429448,0.2688408216429448,0.5128236264286637,0.23810374480692126,0.23810374480692126
dmr_rasher_steneck,5_3_10,2,44.1355,-68.4031,1,2004-06-08,5,5,5,NA,NA,NA,87,0,0,0,730,4,87,percent_cover,"c(-68.4031, 44.1355)",Gulf of Maine/Bay of Fundy,Cold Temperate Northwest Atlantic,Temperate Northern Atlantic,0.87,0.34909181317815224,0.34909181317815224,0.6259384308664954,0.2994316350861699,0.2994316350861699
dmr_rasher_steneck,5_3_10,3,44.13053,-68.4135,1,2013-05-15,5,5,5,NA,NA,NA,79,0,0,0,730,4,79,percent_cover,"c(-68.4135, 44.13053)",Gulf of Maine/Bay of Fundy,Cold Temperate Northwest Atlantic,Temperate Northern Atlantic,0.79,0.31699141656406926,0.31699141656406926,0.5822156198526637,0.2753499053246202,0.2753499053246202
dmr_rasher_steneck,5_3_101,1,44.6005,-67.4467,1,2005-06-22,5,5,5,NA,NA,NA,86.5,0,0,0,730,4,86.5,percent_cover,"c(-67.4467, 44.6005)",Gulf of Maine/Bay of Fundy,Cold Temperate Northwest Atlantic,Temperate Northern Atlantic,0.865,0.347085538389772,0.347085538389772,0.6232610530957788,0.29794339829973365,0.29794339829973365
dmr_rasher_steneck,5_3_101,2,44.60376,-67.4427,1,2009-06-11,5,5,5,NA,NA,NA,86.5,0,0,0,730,4,86.5,percent_cover,"c(-67.4427, 44.60376)",Gulf of Maine/Bay of Fundy,Cold Temperate Northwest Atlantic,Temperate Northern Atlantic,0.865,0.347085538389772,0.347085538389772,0.6232610530957788,0.29794339829973365,0.29794339829973365
dmr_rasher_steneck,5_3_101,3,44.6038,-67.4427,1,2014-06-10,5,5,5,NA,NA,NA,67,0,0,0,730,4,67,percent_cover,"c(-67.4427, 44.6038)",Gulf of Maine/Bay of Fundy,Cold Temperate Northwest Atlantic,Temperate Northern Atlantic,0.67,0.2688408216429448,0.2688408216429448,0.5128236264286637,0.23810374480692126,0.23810374480692126
dmr_rasher_steneck,5_3_101,4,44.6006,-67.4466,1,2018-05-21,5,5,5,NA,NA,NA,35.5,0,0,0,730,4,35.5,percent_cover,"c(-67.4466, 44.6006)",Gulf of Maine/Bay of Fundy,Cold Temperate Northwest Atlantic,Temperate Northern Atlantic,0.355,0.14244550997499314,0.14244550997499314,0.3038014543316642,0.1331711489726883,0.1331711489726883
dmr_rasher_steneck,5_3_118,1,44.4116,-67.9418,1,2006-06-17,5,5,5,NA,NA,NA,81.5,0,0,0,730,4,81.5,percent_cover,"c(-67.9418, 44.4116)",Gulf of Maine/Bay of Fundy,Cold Temperate Northwest Atlantic,Temperate Northern Atlantic,0.815,0.32702279050597016,0.32702279050597016,0.596085467716814,0.282937929660745,0.282937929660745
dmr_rasher_steneck,5_3_118,2,44.40701,-67.93169,1,2008-06-05,5,5,5,NA,NA,NA,69.5,0,0,0,730,4,69.5,percent_cover,"c(-67.93169, 44.40701)",Gulf of Maine/Bay of Fundy,Cold Temperate Northwest Atlantic,Temperate Northern Atlantic,0.695,0.2788721955848457,0.2788721955848457,0.5276827408324135,0.2459785923378903,0.2459785923378903
dmr_rasher_steneck,5_3_118,3,44.40708,-67.9402,1,2012-05-13,5,5,5,NA,NA,NA,51.5,0,0,0,730,4,51.5,percent_cover,"c(-67.9402, 44.40708)",Gulf of Maine/Bay of Fundy,Cold Temperate Northwest Atlantic,Temperate Northern Atlantic,0.515,0.20664630320315908,0.20664630320315908,0.41541543896133254,0.1878448612286852,0.1878448612286852
dmr_rasher_steneck,5_3_118,4,44.4072,-67.94,1,2016-05-21,5,5,5,NA,NA,NA,94,0,0,0,730,4,94,percent_cover,"c(-67.94, 44.4072)",Gulf of Maine/Bay of Fundy,Cold Temperate Northwest Atlantic,Temperate Northern Atlantic,0.94,0.37717966021547483,0.37717966021547483,0.6626879730752367,0.32003768343291045,0.32003768343291045
dmr_rasher_steneck,5_3_118,5,44.4051,-67.9366,1,2017-07-09,5,5,5,NA,NA,NA,85,0,0,0,730,4,85,percent_cover,"c(-67.9366, 44.4051)",Gulf of Maine/Bay of Fundy,Cold Temperate Northwest Atlantic,Temperate Northern Atlantic,0.85,0.34106671402463146,0.34106671402463146,0.6151856390902335,0.29346535252116207,0.29346535252116207
dmr_rasher_steneck,5_3_122,1,44.5962,-67.4593,1,2006-07-01,5,5,5,NA,NA,NA,84.5,0,0,0,730,4,84.5,percent_cover,"c(-67.4593, 44.5962)",Gulf of Maine/Bay of Fundy,Cold Temperate Northwest Atlantic,Temperate Northern Atlantic,0.845,0.3390604392362513,0.3390604392362513,0.6124792774924905,0.29196820328278567,0.29196820328278567
dmr_rasher_steneck,5_3_122,2,44.5996,-67.451046,1,2010-06-09,5,5,5,NA,NA,NA,90,0,0,0,730,4,90,percent_cover,"c(-67.451046, 44.5996)",Gulf of Maine/Bay of Fundy,Cold Temperate Northwest Atlantic,Temperate Northern Atlantic,0.9,0.3611294619084333,0.3611294619084333,0.6418538861723947,0.30831484178207313,0.30831484178207313
dmr_rasher_steneck,5_3_122,3,44.59653,-67.4561,1,2011-06-09,5,5,5,NA,NA,NA,63,0,0,0,730,4,63,percent_cover,"c(-67.4561, 44.59653)",Gulf of Maine/Bay of Fundy,Cold Temperate Northwest Atlantic,Temperate Northern Atlantic,0.63,0.25279062333590335,0.25279062333590335,0.4885800148186709,0.22537356166054234,0.22537356166054234
dmr_rasher_steneck,5_3_122,4,44.5985,-67.4618,1,2014-06-10,5,5,5,NA,NA,NA,59.5,0,0,0,730,4,59.5,percent_cover,"c(-67.4618, 44.5985)",Gulf of Maine/Bay of Fundy,Cold Temperate Northwest Atlantic,Temperate Northern Atlantic,0.595,0.23874669981724203,0.23874669981724203,0.4668737362368079,0.21410014253519571,0.21410014253519571
dmr_rasher_steneck,5_3_122,5,44.6003,-67.4537,1,2015-06-07,5,5,5,NA,NA,NA,85,0,0,0,730,4,85,percent_cover,"c(-67.4537, 44.6003)",Gulf of Maine/Bay of Fundy,Cold Temperate Northwest Atlantic,Temperate Northern Atlantic,0.85,0.34106671402463146,0.34106671402463146,0.6151856390902335,0.29346535252116207,0.29346535252116207
dmr_rasher_steneck,5_3_125,1,44.6413,-67.2454,1,2006-07-01,5,5,5,NA,NA,NA,47.5,0,0,0,730,4,47.5,percent_cover,"c(-67.2454, 44.6413)",Gulf of Maine/Bay of Fundy,Cold Temperate Northwest Atlantic,Temperate Northern Atlantic,0.475,0.19059610489611759,0.19059610489611759,0.38865798979178323,0.1744541101847808,0.1744541101847808
dmr_rasher_steneck,5_3_125,2,44.6381,-67.242,1,2017-06-16,5,5,5,NA,NA,NA,80.5,0,0,0,730,4,80.5,percent_cover,"c(-67.242, 44.6381)",Gulf of Maine/Bay of Fundy,Cold Temperate Northwest Atlantic,Temperate Northern Atlantic,0.805,0.3230102409292098,0.3230102409292098,0.5905605917848443,0.27990962579009315,0.27990962579009315
dmr_rasher_steneck,5_3_125,3,44.6408,-67.2443,1,2018-05-21,5,5,5,NA,NA,NA,46.5,0,0,0,730,4,46.5,percent_cover,"c(-67.2443, 44.6408)",Gulf of Maine/Bay of Fundy,Cold Temperate Northwest Atlantic,Temperate Northern Atlantic,0.465,0.18658355531935722,0.18658355531935722,0.3818552424690307,0.17107821609085155,0.17107821609085155
dmr_rasher_steneck,5_3_135,1,44.0737,-69.0407,1,2007-05-17,5,5,5,NA,NA,NA,19,0,0,0,730,4,19,percent_cover,"c(-69.0407, 44.0737)",Gulf of Maine/Bay of Fundy,Cold Temperate Northwest Atlantic,Temperate Northern Atlantic,0.19,0.07623844195844703,0.07623844195844703,0.17395330712343798,0.07347203752299476,0.07347203752299476
dmr_rasher_steneck,5_3_135,2,44.07453,-69.03446,1,2011-05-25,5,5,5,NA,NA,NA,6.5,0,0,0,730,4,6.5,percent_cover,"c(-69.03446, 44.07453)",Gulf of Maine/Bay of Fundy,Cold Temperate Northwest Atlantic,Temperate Northern Atlantic,0.065,0.026081572248942406,0.026081572248942406,0.06297479916138839,0.02574724870414191,0.02574724870414191
dmr_rasher_steneck,5_3_135,3,44.07,-69.0407,1,2013-05-07,5,5,5,NA,NA,NA,15,0,0,0,730,4,15,percent_cover,"c(-69.0407, 44.07)",Gulf of Maine/Bay of Fundy,Cold Temperate Northwest Atlantic,Temperate Northern Atlantic,0.15,0.06018824365140556,0.06018824365140556,0.13976194237515863,0.058446480707414004,0.058446480707414004
dmr_rasher_steneck,5_3_14,1,44.47852,-67.80993,1,2001-07-18,5,5,5,NA,NA,NA,46.2,0,0,0,730,4,46.2,percent_cover,"c(-67.80993, 44.47852)",Gulf of Maine/Bay of Fundy,Cold Temperate Northwest Atlantic,Temperate Northern Atlantic,0.462,0.18537979044632913,0.18537979044632913,0.37980536132758674,0.1700632215054404,0.1700632215054404
dmr_rasher_steneck,5_3_14,2,44.482742,-67.808296,1,2010-06-08,5,5,5,NA,NA,NA,51,0,0,0,730,4,51,percent_cover,"c(-67.808296, 44.482742)",Gulf of Maine/Bay of Fundy,Cold Temperate Northwest Atlantic,Temperate Northern Atlantic,0.51,0.20464002841477888,0.20464002841477888,0.412109650826833,0.1861807907074512,0.1861807907074512
dmr_rasher_steneck,5_3_14,3,44.48277,-67.8143,1,2012-06-12,5,5,5,NA,NA,NA,65,0,0,0,730,4,65,percent_cover,"c(-67.8143, 44.48277)",Gulf of Maine/Bay of Fundy,Cold Temperate Northwest Atlantic,Temperate Northern Atlantic,0.65,0.2608157224894241,0.2608157224894241,0.5007752879124892,0.23175891029231616,0.23175891029231616
dmr_rasher_steneck,5_3_14,4,44.4827,-67.8083,1,2014-06-09,5,5,5,NA,NA,NA,26,0,0,0,730,4,26,percent_cover,"c(-67.8083, 44.4827)",Gulf of Maine/Bay of Fundy,Cold Temperate Northwest Atlantic,Temperate Northern Atlantic,0.26,0.10432628899576962,0.10432628899576962,0.23111172096338664,0.09923545581472819,0.09923545581472819
dmr_rasher_steneck,5_3_14,5,44.4824,-67.8018,1,2016-06-04,5,5,5,NA,NA,NA,91,0,0,0,730,4,91,percent_cover,"c(-67.8018, 44.4824)",Gulf of Maine/Bay of Fundy,Cold Temperate Northwest Atlantic,Temperate Northern Atlantic,0.91,0.3651420114851937,0.3651420114851937,0.6471032420585385,0.31125846094346565,0.31125846094346565
dmr_rasher_steneck,5_3_141,1,44.3632,-68.1054,1,2007-06-08,5,5,5,NA,NA,NA,86.5,0,0,0,730,4,86.5,percent_cover,"c(-68.1054, 44.3632)",Gulf of Maine/Bay of Fundy,Cold Temperate Northwest Atlantic,Temperate Northern Atlantic,0.865,0.347085538389772,0.347085538389772,0.6232610530957788,0.29794339829973365,0.29794339829973365
dmr_rasher_steneck,5_3_141,2,44.36767,-68.10566,1,2011-06-02,5,5,5,NA,NA,NA,78.5,0,0,0,730,4,78.5,percent_cover,"c(-68.10566, 44.36767)",Gulf of Maine/Bay of Fundy,Cold Temperate Northwest Atlantic,Temperate Northern Atlantic,0.785,0.3149851417756891,0.3149851417756891,0.5794184152316024,0.2738253665359991,0.2738253665359991
dmr_rasher_steneck,5_3_141,3,44.3677,-68.1057,1,2014-06-06,5,5,5,NA,NA,NA,30.5,0,0,0,730,4,30.5,percent_cover,"c(-68.1057, 44.3677)",Gulf of Maine/Bay of Fundy,Cold Temperate Northwest Atlantic,Temperate Northern Atlantic,0.305,0.1223827620911913,0.1223827620911913,0.2662030407746567,0.11545389160834088,0.11545389160834088
dmr_rasher_steneck,5_3_15,1,44.48045,-67.75111,1,2001-07-18,5,5,5,NA,NA,NA,69,0,0,0,730,4,69,percent_cover,"c(-67.75111, 44.48045)",Gulf of Maine/Bay of Fundy,Cold Temperate Northwest Atlantic,Temperate Northern Atlantic,0.69,0.27686592079646555,0.27686592079646555,0.5247285289349821,0.24440857607712035,0.24440857607712035
dmr_rasher_steneck,5_3_15,2,44.48227,-67.73913,1,2003-06-23,5,5,5,NA,NA,NA,100,0,0,0,730,4,100,percent_cover,"c(-67.73913, 44.48227)",Gulf of Maine/Bay of Fundy,Cold Temperate Northwest Atlantic,Temperate Northern Atlantic,1,0.401254957676037,0.401254957676037,0.6931471805599453,0.33736823343618033,0.33736823343618033
dmr_rasher_steneck,5_3_15,3,44.4823,-67.7444,1,2005-06-20,5,5,5,NA,NA,NA,90.5,0,0,0,730,4,90.5,percent_cover,"c(-67.7444, 44.4823)",Gulf of Maine/Bay of Fundy,Cold Temperate Northwest Atlantic,Temperate Northern Atlantic,0.905,0.36313573669681354,0.36313573669681354,0.6444820085786643,0.30978773447409924,0.30978773447409924
dmr_rasher_steneck,5_3_152,1,44.34023,-68.04249,1,2008-06-05,5,5,5,NA,NA,NA,73,0,0,0,730,4,73,percent_cover,"c(-68.04249, 44.34023)",Gulf of Maine/Bay of Fundy,Cold Temperate Northwest Atlantic,Temperate Northern Atlantic,0.73,0.292916119103507,0.292916119103507,0.5481214085096876,0.2569002246022364,0.2569002246022364
dmr_rasher_steneck,5_3_152,2,44.3357,-68.03724,1,2011-06-03,5,5,5,NA,NA,NA,75,0,0,0,730,4,75,percent_cover,"c(-68.03724, 44.3357)",Gulf of Maine/Bay of Fundy,Cold Temperate Northwest Atlantic,Temperate Northern Atlantic,0.75,0.3009412182570278,0.3009412182570278,0.5596157879354227,0.26308801653963065,0.26308801653963065
dmr_rasher_steneck,5_3_152,3,44.3357,-68.0372,1,2014-06-06,5,5,5,NA,NA,NA,60.6,0,0,0,730,4,60.6,percent_cover,"c(-68.0372, 44.3357)",Gulf of Maine/Bay of Fundy,Cold Temperate Northwest Atlantic,Temperate Northern Atlantic,0.606,0.24316050435167844,0.24316050435167844,0.47374661552456987,0.21765693078270168,0.21765693078270168
dmr_rasher_steneck,5_3_155,1,44.50998,-67.52066,1,2008-06-12,5,5,5,NA,NA,NA,91,0,0,0,730,4,91,percent_cover,"c(-67.52066, 44.50998)",Gulf of Maine/Bay of Fundy,Cold Temperate Northwest Atlantic,Temperate Northern Atlantic,0.91,0.3651420114851937,0.3651420114851937,0.6471032420585385,0.31125846094346565,0.31125846094346565
dmr_rasher_steneck,5_3_155,2,44.50681,-67.5182,1,2013-05-31,5,5,5,NA,NA,NA,26.5,0,0,0,730,4,26.5,percent_cover,"c(-67.5182, 44.50681)",Gulf of Maine/Bay of Fundy,Cold Temperate Northwest Atlantic,Temperate Northern Atlantic,0.265,0.10633256378414982,0.10633256378414982,0.23507212217948364,0.10105054848420415,0.10105054848420415
dmr_rasher_steneck,5_3_155,3,44.5095,-67.5204,1,2016-06-05,5,5,5,NA,NA,NA,84.5,0,0,0,730,4,84.5,percent_cover,"c(-67.5204, 44.5095)",Gulf of Maine/Bay of Fundy,Cold Temperate Northwest Atlantic,Temperate Northern Atlantic,0.845,0.3390604392362513,0.3390604392362513,0.6124792774924905,0.29196820328278567,0.29196820328278567
dmr_rasher_steneck,5_3_158,1,44.59896,-67.38555,1,2008-06-18,5,5,5,NA,NA,NA,35.5,0,0,0,730,4,35.5,percent_cover,"c(-67.38555, 44.59896)",Gulf of Maine/Bay of Fundy,Cold Temperate Northwest Atlantic,Temperate Northern Atlantic,0.355,0.14244550997499314,0.14244550997499314,0.3038014543316642,0.1331711489726883,0.1331711489726883
dmr_rasher_steneck,5_3_158,2,44.5987,-67.38786,1,2011-06-13,5,5,5,NA,NA,NA,76.5,0,0,0,730,4,76.5,percent_cover,"c(-67.38786, 44.5987)",Gulf of Maine/Bay of Fundy,Cold Temperate Northwest Atlantic,Temperate Northern Atlantic,0.765,0.3069600426221683,0.3069600426221683,0.5681506903852601,0.26770386234780097,0.26770386234780097
dmr_rasher_steneck,5_3_158,3,44.59423,-67.3904,1,2013-06-10,5,5,5,NA,NA,NA,75.5,0,0,0,730,4,75.5,percent_cover,"c(-67.3904, 44.59423)",Gulf of Maine/Bay of Fundy,Cold Temperate Northwest Atlantic,Temperate Northern Atlantic,0.755,0.30294749304540797,0.30294749304540797,0.5624688569178291,0.2646290003587049,0.2646290003587049
dmr_rasher_steneck,5_3_16,1,44.47481,-67.67655,1,2001-07-19,5,5,5,NA,NA,NA,95.5,0,0,0,730,4,95.5,percent_cover,"c(-67.67655, 44.47481)",Gulf of Maine/Bay of Fundy,Cold Temperate Northwest Atlantic,Temperate Northern Atlantic,0.955,0.3831984845806154,0.3831984845806154,0.6703901934373291,0.324398559796852,0.324398559796852
dmr_rasher_steneck,5_3_16,2,44.4746,-67.6686,1,2005-06-20,5,5,5,NA,NA,NA,95.5,0,0,0,730,4,95.5,percent_cover,"c(-67.6686, 44.4746)",Gulf of Maine/Bay of Fundy,Cold Temperate Northwest Atlantic,Temperate Northern Atlantic,0.955,0.3831984845806154,0.3831984845806154,0.6703901934373291,0.324398559796852,0.324398559796852
dmr_rasher_steneck,5_3_16,3,44.4721,-67.6766,1,2007-06-18,5,5,5,NA,NA,NA,73,0,0,0,730,4,73,percent_cover,"c(-67.6766, 44.4721)",Gulf of Maine/Bay of Fundy,Cold Temperate Northwest Atlantic,Temperate Northern Atlantic,0.73,0.292916119103507,0.292916119103507,0.5481214085096876,0.2569002246022364,0.2569002246022364
dmr_rasher_steneck,5_3_16,4,44.4747,-67.6664,1,2015-06-06,5,5,5,NA,NA,NA,89.5,0,0,0,730,4,89.5,percent_cover,"c(-67.6664, 44.4747)",Gulf of Maine/Bay of Fundy,Cold Temperate Northwest Atlantic,Temperate Northern Atlantic,0.895,0.35912318712005314,0.35912318712005314,0.6392188385343897,0.30683977647674515,0.30683977647674515
dmr_rasher_steneck,5_3_176,1,43.9027,-69.270683,1,2010-05-13,5,5,5,NA,NA,NA,83,0,0,0,730,4,83,percent_cover,"c(-69.270683, 43.9027)",Gulf of Maine/Bay of Fundy,Cold Temperate Northwest Atlantic,Temperate Northern Atlantic,0.83,0.3330416148711107,0.3330416148711107,0.6043159668533296,0.28746325966734254,0.28746325966734254
dmr_rasher_steneck,5_3_176,2,43.9072,-69.2705,1,2014-05-08,5,5,5,NA,NA,NA,69.5,0,0,0,730,4,69.5,percent_cover,"c(-69.2705, 43.9072)",Gulf of Maine/Bay of Fundy,Cold Temperate Northwest Atlantic,Temperate Northern Atlantic,0.695,0.2788721955848457,0.2788721955848457,0.5276827408324135,0.2459785923378903,0.2459785923378903
dmr_rasher_steneck,5_3_176,3,43.9027,-69.2706,1,2016-05-13,5,5,5,NA,NA,NA,45,0,0,0,730,4,45,percent_cover,"c(-69.2706, 43.9027)",Gulf of Maine/Bay of Fundy,Cold Temperate Northwest Atlantic,Temperate Northern Atlantic,0.45,0.18056473095421666,0.18056473095421666,0.371563556432483,0.1659929095464538,0.1659929095464538
dmr_rasher_steneck,5_3_18,1,44.61639,-67.37083,1,2001-07-25,5,5,5,NA,NA,NA,100,0,0,0,730,4,100,percent_cover,"c(-67.37083, 44.61639)",Gulf of Maine/Bay of Fundy,Cold Temperate Northwest Atlantic,Temperate Northern Atlantic,1,0.401254957676037,0.401254957676037,0.6931471805599453,0.33736823343618033,0.33736823343618033
dmr_rasher_steneck,5_3_18,2,44.62086,-67.3707,1,2012-06-20,5,5,5,NA,NA,NA,46,0,0,0,730,4,46,percent_cover,"c(-67.3707, 44.62086)",Gulf of Maine/Bay of Fundy,Cold Temperate Northwest Atlantic,Temperate Northern Atlantic,0.46,0.18457728053097702,0.18457728053097702,0.37843643572024505,0.16938598565517796,0.16938598565517796
dmr_rasher_steneck,5_3_18,3,44.6197,-67.3764,1,2015-06-13,5,5,5,NA,NA,NA,58.5,0,0,0,730,4,58.5,percent_cover,"c(-67.3764, 44.6197)",Gulf of Maine/Bay of Fundy,Cold Temperate Northwest Atlantic,Temperate Northern Atlantic,0.585,0.23473415024048166,0.23473415024048166,0.46058440732924394,0.21085568394437057,0.21085568394437057
dmr_rasher_steneck,5_3_181,1,44.442547,-67.858173,1,2010-06-08,5,5,5,NA,NA,NA,57.5,0,0,0,730,4,57.5,percent_cover,"c(-67.858173, 44.442547)",Gulf of Maine/Bay of Fundy,Cold Temperate Northwest Atlantic,Temperate Northern Atlantic,0.575,0.2307216006637213,0.2307216006637213,0.4542552722775964,0.20760066456867468,0.20760066456867468
dmr_rasher_steneck,5_3_181,2,44.44721,-67.85321,1,2011-06-07,5,5,5,NA,NA,NA,83,0,0,0,730,4,83,percent_cover,"c(-67.85321, 44.44721)",Gulf of Maine/Bay of Fundy,Cold Temperate Northwest Atlantic,Temperate Northern Atlantic,0.83,0.3330416148711107,0.3330416148711107,0.6043159668533296,0.28746325966734254,0.28746325966734254
dmr_rasher_steneck,5_3_181,3,44.4424,-67.8581,1,2017-06-13,5,5,5,NA,NA,NA,58.5,0,0,0,730,4,58.5,percent_cover,"c(-67.8581, 44.4424)",Gulf of Maine/Bay of Fundy,Cold Temperate Northwest Atlantic,Temperate Northern Atlantic,0.585,0.23473415024048166,0.23473415024048166,0.46058440732924394,0.21085568394437057,0.21085568394437057
dmr_rasher_steneck,5_3_182,1,44.481953,-67.691265,1,2010-06-08,5,5,5,NA,NA,NA,88,0,0,0,730,4,88,percent_cover,"c(-67.691265, 44.481953)",Gulf of Maine/Bay of Fundy,Cold Temperate Northwest Atlantic,Temperate Northern Atlantic,0.88,0.3531043627549126,0.3531043627549126,0.6312717768418578,0.30240148054869814,0.30240148054869814
dmr_rasher_steneck,5_3_182,2,44.48499,-67.69122,1,2011-06-09,5,5,5,NA,NA,NA,35.5,0,0,0,730,4,35.5,percent_cover,"c(-67.69122, 44.48499)",Gulf of Maine/Bay of Fundy,Cold Temperate Northwest Atlantic,Temperate Northern Atlantic,0.355,0.14244550997499314,0.14244550997499314,0.3038014543316642,0.1331711489726883,0.1331711489726883
dmr_rasher_steneck,5_3_182,3,44.48202,-67.7014,1,2013-05-30,5,5,5,NA,NA,NA,46.5,0,0,0,730,4,46.5,percent_cover,"c(-67.7014, 44.48202)",Gulf of Maine/Bay of Fundy,Cold Temperate Northwest Atlantic,Temperate Northern Atlantic,0.465,0.18658355531935722,0.18658355531935722,0.3818552424690307,0.17107821609085155,0.17107821609085155
dmr_rasher_steneck,5_3_19,1,44.5983,-67.36613,1,2001-07-25,5,5,5,NA,NA,NA,15.5,0,0,0,730,4,15.5,percent_cover,"c(-67.36613, 44.5983)",Gulf of Maine/Bay of Fundy,Cold Temperate Northwest Atlantic,Temperate Northern Atlantic,0.155,0.06219451843978574,0.06219451843978574,0.14410034397375687,0.0603370684202472,0.0603370684202472
dmr_rasher_steneck,5_3_19,2,44.59391,-67.371464,1,2002-07-01,5,5,5,NA,NA,NA,98,0,0,0,730,4,98,percent_cover,"c(-67.371464, 44.59391)",Gulf of Maine/Bay of Fundy,Cold Temperate Northwest Atlantic,Temperate Northern Atlantic,0.98,0.3932298585225163,0.3932298585225163,0.6830968447064438,0.3316246908925419,0.3316246908925419
dmr_rasher_steneck,5_3_19,3,44.59395,-67.3754,1,2003-06-30,5,5,5,NA,NA,NA,98,0,0,0,730,4,98,percent_cover,"c(-67.3754, 44.59395)",Gulf of Maine/Bay of Fundy,Cold Temperate Northwest Atlantic,Temperate Northern Atlantic,0.98,0.3932298585225163,0.3932298585225163,0.6830968447064438,0.3316246908925419,0.3316246908925419
dmr_rasher_steneck,5_3_19,4,44.5976,-67.3692,1,2007-06-27,5,5,5,NA,NA,NA,34,0,0,0,730,4,34,percent_cover,"c(-67.3692, 44.5976)",Gulf of Maine/Bay of Fundy,Cold Temperate Northwest Atlantic,Temperate Northern Atlantic,0.34,0.1364266856098526,0.1364266856098526,0.29266961396282004,0.1278888533074118,0.1278888533074118
dmr_rasher_steneck,5_3_19,5,44.598408,-67.373578,1,2010-06-10,5,5,5,NA,NA,NA,83.5,0,0,0,730,4,83.5,percent_cover,"c(-67.373578, 44.598408)",Gulf of Maine/Bay of Fundy,Cold Temperate Northwest Atlantic,Temperate Northern Atlantic,0.835,0.33504788965949095,0.33504788965949095,0.6070444815065336,0.2889671636129265,0.2889671636129265
dmr_rasher_steneck,5_3_19,6,44.5984,-67.3736,1,2014-06-19,5,5,5,NA,NA,NA,60,0,0,0,730,4,60,percent_cover,"c(-67.3736, 44.5984)",Gulf of Maine/Bay of Fundy,Cold Temperate Northwest Atlantic,Temperate Northern Atlantic,0.6,0.24075297460562223,0.24075297460562223,0.47000362924573563,0.21571843290798545,0.21571843290798545
dmr_rasher_steneck,5_3_19,7,44.5938,-67.3753,1,2017-06-15,5,5,5,NA,NA,NA,52,0,0,0,730,4,52,percent_cover,"c(-67.3753, 44.5938)",Gulf of Maine/Bay of Fundy,Cold Temperate Northwest Atlantic,Temperate Northern Atlantic,0.52,0.20865257799153925,0.20865257799153925,0.41871033485818504,0.18950616721895716,0.18950616721895716
dmr_rasher_steneck,5_3_203,1,44.37017,-68.077,1,2012-05-13,5,5,5,NA,NA,NA,2.5,0,0,0,730,4,2.5,percent_cover,"c(-68.077, 44.37017)",Gulf of Maine/Bay of Fundy,Cold Temperate Northwest Atlantic,Temperate Northern Atlantic,0.025,0.010031373941900927,0.010031373941900927,0.024692612590371414,0.00998139367952627,0.00998139367952627
dmr_rasher_steneck,5_3_203,2,44.36297,-68.0769,1,2013-05-17,5,5,5,NA,NA,NA,62.5,0,0,0,730,4,62.5,percent_cover,"c(-68.0769, 44.36297)",Gulf of Maine/Bay of Fundy,Cold Temperate Northwest Atlantic,Temperate Northern Atlantic,0.625,0.25078434854752313,0.25078434854752313,0.4855078157817008,0.22377083336969583,0.22377083336969583
dmr_rasher_steneck,5_3_203,3,44.3631,-68.0781,1,2017-05-11,5,5,5,NA,NA,NA,56,0,0,0,730,4,56,percent_cover,"c(-68.0781, 44.3631)",Gulf of Maine/Bay of Fundy,Cold Temperate Northwest Atlantic,Temperate Northern Atlantic,0.56,0.22470277629858074,0.22470277629858074,0.44468582126144574,0.2026981829638879,0.2026981829638879
dmr_rasher_steneck,5_3_209,1,44.76417,-67.0568,1,2012-06-30,5,5,5,NA,NA,NA,37.5,0,0,0,730,4,37.5,percent_cover,"c(-67.0568, 44.76417)",Gulf of Maine/Bay of Fundy,Cold Temperate Northwest Atlantic,Temperate Northern Atlantic,0.375,0.1504706091285139,0.1504706091285139,0.3184537311185346,0.14017108399445294,0.14017108399445294
dmr_rasher_steneck,5_3_209,2,44.7642,-67.0568,1,2015-06-13,5,5,5,NA,NA,NA,46.5,0,0,0,730,4,46.5,percent_cover,"c(-67.0568, 44.7642)",Gulf of Maine/Bay of Fundy,Cold Temperate Northwest Atlantic,Temperate Northern Atlantic,0.465,0.18658355531935722,0.18658355531935722,0.3818552424690307,0.17107821609085155,0.17107821609085155
dmr_rasher_steneck,5_3_209,3,44.7643,-67.0514,1,2016-06-18,5,5,5,NA,NA,NA,71,0,0,0,730,4,71,percent_cover,"c(-67.0514, 44.7643)",Gulf of Maine/Bay of Fundy,Cold Temperate Northwest Atlantic,Temperate Northern Atlantic,0.71,0.2848910199499863,0.2848910199499863,0.5364933705145685,0.250673905373222,0.250673905373222
dmr_rasher_steneck,5_3_25,1,43.884171,-69.439068,1,2002-05-22,5,5,5,NA,NA,NA,25.5,0,0,0,730,4,25.5,percent_cover,"c(-69.439068, 43.884171)",Gulf of Maine/Bay of Fundy,Cold Temperate Northwest Atlantic,Temperate Northern Atlantic,0.255,0.10232001420738944,0.10232001420738944,0.22713557258374711,0.09741706259213588,0.09741706259213588
dmr_rasher_steneck,5_3_25,2,43.8887,-69.4409,1,2005-05-19,5,5,5,NA,NA,NA,37,0,0,0,730,4,37,percent_cover,"c(-69.4409, 43.8887)",Gulf of Maine/Bay of Fundy,Cold Temperate Northwest Atlantic,Temperate Northern Atlantic,0.37,0.1484643343401337,0.1484643343401337,0.3148107398400336,0.13842568854217424,0.13842568854217424
dmr_rasher_steneck,5_3_25,3,43.88869,-69.4331,1,2013-05-03,5,5,5,NA,NA,NA,2,0,0,0,730,4,2,percent_cover,"c(-69.4331, 43.88869)",Gulf of Maine/Bay of Fundy,Cold Temperate Northwest Atlantic,Temperate Northern Atlantic,0.02,0.00802509915352074,0.00802509915352074,0.01980262729617973,0.007993069293067727,0.007993069293067727
dmr_rasher_steneck,5_3_30,1,44.015404,-68.609039,1,2002-06-05,5,5,5,NA,NA,NA,100,0,0,0,730,4,100,percent_cover,"c(-68.609039, 44.015404)",Gulf of Maine/Bay of Fundy,Cold Temperate Northwest Atlantic,Temperate Northern Atlantic,1,0.401254957676037,0.401254957676037,0.6931471805599453,0.33736823343618033,0.33736823343618033
dmr_rasher_steneck,5_3_30,2,44.0199,-68.60991,1,2003-06-04,5,5,5,NA,NA,NA,75.5,0,0,0,730,4,75.5,percent_cover,"c(-68.60991, 44.0199)",Gulf of Maine/Bay of Fundy,Cold Temperate Northwest Atlantic,Temperate Northern Atlantic,0.755,0.30294749304540797,0.30294749304540797,0.5624688569178291,0.2646290003587049,0.2646290003587049
dmr_rasher_steneck,5_3_30,3,44.0149,-68.6078,1,2017-07-31,5,5,5,NA,NA,NA,76.4285714285714,0,0,0,730,4,76.4285714285714,percent_cover,"c(-68.6078, 44.0149)",Gulf of Maine/Bay of Fundy,Cold Temperate Northwest Atlantic,Temperate Northern Atlantic,0.764285714285714,0.3066734319381139,0.3066734319381139,0.5677459140186727,0.2674845426245169,0.2674845426245169
dmr_rasher_steneck,5_3_31,1,44.055712,-68.578571,1,2002-06-05,5,5,5,NA,NA,NA,96,0,0,0,730,4,96,percent_cover,"c(-68.578571, 44.055712)",Gulf of Maine/Bay of Fundy,Cold Temperate Northwest Atlantic,Temperate Northern Atlantic,0.96,0.38520475936899556,0.38520475936899556,0.6729444732424258,0.32584796941157834,0.32584796941157834
dmr_rasher_steneck,5_3_31,2,44.0602,-68.5785,1,2004-06-04,5,5,5,NA,NA,NA,90,0,0,0,730,4,90,percent_cover,"c(-68.5785, 44.0602)",Gulf of Maine/Bay of Fundy,Cold Temperate Northwest Atlantic,Temperate Northern Atlantic,0.9,0.3611294619084333,0.3611294619084333,0.6418538861723947,0.30831484178207313,0.30831484178207313
dmr_rasher_steneck,5_3_31,3,44.0603,-68.5848,1,2007-05-29,5,5,5,NA,NA,NA,70,0,0,0,730,4,70,percent_cover,"c(-68.5848, 44.0603)",Gulf of Maine/Bay of Fundy,Cold Temperate Northwest Atlantic,Temperate Northern Atlantic,0.7,0.28087847037322594,0.28087847037322594,0.5306282510621704,0.24754614751104415,0.24754614751104415
dmr_rasher_steneck,5_3_38,1,44.490295,-67.636499,1,2002-06-26,5,5,5,NA,NA,NA,42.9,0,0,0,730,4,42.9,percent_cover,"c(-67.636499, 44.490295)",Gulf of Maine/Bay of Fundy,Cold Temperate Northwest Atlantic,Temperate Northern Atlantic,0.429,0.17213837684301989,0.17213837684301989,0.3569748989477304,0.15882975316391343,0.15882975316391343
dmr_rasher_steneck,5_3_38,2,44.48624,-67.63207,1,2003-06-24,5,5,5,NA,NA,NA,95,0,0,0,730,4,95,percent_cover,"c(-67.63207, 44.48624)",Gulf of Maine/Bay of Fundy,Cold Temperate Northwest Atlantic,Temperate Northern Atlantic,0.95,0.38119220979223517,0.38119220979223517,0.6678293725756554,0.3229470463442027,0.3229470463442027
dmr_rasher_steneck,5_3_38,3,44.4863,-67.637,1,2006-06-29,5,5,5,NA,NA,NA,82.5,0,0,0,730,4,82.5,percent_cover,"c(-67.637, 44.4863)",Gulf of Maine/Bay of Fundy,Cold Temperate Northwest Atlantic,Temperate Northern Atlantic,0.825,0.33103534008273056,0.33103534008273056,0.6015799870344548,0.28595709058770963,0.28595709058770963
dmr_rasher_steneck,5_3_38,4,44.49108,-67.6331,1,2013-05-31,5,5,5,NA,NA,NA,79,0,0,0,730,4,79,percent_cover,"c(-67.6331, 44.49108)",Gulf of Maine/Bay of Fundy,Cold Temperate Northwest Atlantic,Temperate Northern Atlantic,0.79,0.31699141656406926,0.31699141656406926,0.5822156198526637,0.2753499053246202,0.2753499053246202
dmr_rasher_steneck,5_3_38,5,44.4901,-67.6276,1,2014-06-09,5,5,5,NA,NA,NA,48,0,0,0,730,4,48,percent_cover,"c(-67.6276, 44.4901)",Gulf of Maine/Bay of Fundy,Cold Temperate Northwest Atlantic,Temperate Northern Atlantic,0.48,0.19260237968449778,0.19260237968449778,0.3920420877760237,0.17613779308010644,0.17613779308010644
dmr_rasher_steneck,5_3_38,6,44.4916,-67.6335,1,2015-06-06,5,5,5,NA,NA,NA,71.5,0,0,0,730,4,71.5,percent_cover,"c(-67.6335, 44.4916)",Gulf of Maine/Bay of Fundy,Cold Temperate Northwest Atlantic,Temperate Northern Atlantic,0.715,0.2868972947383665,0.2868972947383665,0.5394130806179032,0.25223412336154394,0.25223412336154394
dmr_rasher_steneck,5_3_39,1,44.555111,-67.520045,1,2002-07-01,5,5,5,NA,NA,NA,94,0,0,0,730,4,94,percent_cover,"c(-67.520045, 44.555111)",Gulf of Maine/Bay of Fundy,Cold Temperate Northwest Atlantic,Temperate Northern Atlantic,0.94,0.37717966021547483,0.37717966021547483,0.6626879730752367,0.32003768343291045,0.32003768343291045
dmr_rasher_steneck,5_3_39,2,44.5559,-67.5233,1,2004-06-29,5,5,5,NA,NA,NA,96.5,0,0,0,730,4,96.5,percent_cover,"c(-67.5233, 44.5559)",Gulf of Maine/Bay of Fundy,Cold Temperate Northwest Atlantic,Temperate Northern Atlantic,0.965,0.38721103415737573,0.38721103415737573,0.6754922453212245,0.327295281278203,0.327295281278203
dmr_rasher_steneck,5_3_39,3,44.55131,-67.51722,1,2010-06-09,5,5,5,NA,NA,NA,67.5,0,0,0,730,4,67.5,percent_cover,"c(-67.51722, 44.55131)",Gulf of Maine/Bay of Fundy,Cold Temperate Northwest Atlantic,Temperate Northern Atlantic,0.675,0.270847096431325,0.270847096431325,0.5158131652770298,0.23968368318552405,0.23968368318552405
dmr_rasher_steneck,5_3_39,4,44.5559,-67.5232,1,2015-06-07,5,5,5,NA,NA,NA,85,0,0,0,730,4,85,percent_cover,"c(-67.5232, 44.5559)",Gulf of Maine/Bay of Fundy,Cold Temperate Northwest Atlantic,Temperate Northern Atlantic,0.85,0.34106671402463146,0.34106671402463146,0.6151856390902335,0.29346535252116207,0.29346535252116207
dmr_rasher_steneck,5_3_40,1,44.505568,-67.512157,1,2002-06-26,5,5,5,NA,NA,NA,98,0,0,0,730,4,98,percent_cover,"c(-67.512157, 44.505568)",Gulf of Maine/Bay of Fundy,Cold Temperate Northwest Atlantic,Temperate Northern Atlantic,0.98,0.3932298585225163,0.3932298585225163,0.6830968447064438,0.3316246908925419,0.3316246908925419
dmr_rasher_steneck,5_3_40,2,44.5025,-67.5121,1,2004-06-24,5,5,5,NA,NA,NA,100,0,0,0,730,4,100,percent_cover,"c(-67.5121, 44.5025)",Gulf of Maine/Bay of Fundy,Cold Temperate Northwest Atlantic,Temperate Northern Atlantic,1,0.401254957676037,0.401254957676037,0.6931471805599453,0.33736823343618033,0.33736823343618033
dmr_rasher_steneck,5_3_40,3,44.5002,-67.5121,1,2005-06-21,5,5,5,NA,NA,NA,95.5,0,0,0,730,4,95.5,percent_cover,"c(-67.5121, 44.5002)",Gulf of Maine/Bay of Fundy,Cold Temperate Northwest Atlantic,Temperate Northern Atlantic,0.955,0.3831984845806154,0.3831984845806154,0.6703901934373291,0.324398559796852,0.324398559796852
dmr_rasher_steneck,5_3_42,1,44.6584,-67.18971,1,2002-07-02,5,5,5,NA,NA,NA,78,0,0,0,730,4,78,percent_cover,"c(-67.18971, 44.6584)",Gulf of Maine/Bay of Fundy,Cold Temperate Northwest Atlantic,Temperate Northern Atlantic,0.78,0.31297886698730887,0.31297886698730887,0.5766133643039938,0.2722984999796362,0.2722984999796362
dmr_rasher_steneck,5_3_42,2,44.66241,-67.18027,1,2008-06-19,5,5,5,NA,NA,NA,90,0,0,0,730,4,90,percent_cover,"c(-67.18027, 44.66241)",Gulf of Maine/Bay of Fundy,Cold Temperate Northwest Atlantic,Temperate Northern Atlantic,0.9,0.3611294619084333,0.3611294619084333,0.6418538861723947,0.30831484178207313,0.30831484178207313
dmr_rasher_steneck,5_3_42,3,44.658434,-67.190369,1,2010-06-10,5,5,5,NA,NA,NA,67.5,0,0,0,730,4,67.5,percent_cover,"c(-67.190369, 44.658434)",Gulf of Maine/Bay of Fundy,Cold Temperate Northwest Atlantic,Temperate Northern Atlantic,0.675,0.270847096431325,0.270847096431325,0.5158131652770298,0.23968368318552405,0.23968368318552405
dmr_rasher_steneck,5_3_42,4,44.6584,-67.1897,1,2013-06-14,5,5,5,NA,NA,NA,45.5,0,0,0,730,4,45.5,percent_cover,"c(-67.1897, 44.6584)",Gulf of Maine/Bay of Fundy,Cold Temperate Northwest Atlantic,Temperate Northern Atlantic,0.455,0.18257100574259685,0.18257100574259685,0.3750059006234559,0.16769088672081048,0.16769088672081048
dmr_rasher_steneck,5_3_42,5,44.6626,-67.1862,1,2018-05-19,5,5,5,NA,NA,NA,82.5,0,0,0,730,4,82.5,percent_cover,"c(-67.1862, 44.6626)",Gulf of Maine/Bay of Fundy,Cold Temperate Northwest Atlantic,Temperate Northern Atlantic,0.825,0.33103534008273056,0.33103534008273056,0.6015799870344548,0.28595709058770963,0.28595709058770963
dmr_rasher_steneck,5_3_48,1,43.88809,-69.46879,1,2003-05-22,5,5,5,NA,NA,NA,61.4,0,0,0,730,4,61.4,percent_cover,"c(-69.46879, 43.88809)",Gulf of Maine/Bay of Fundy,Cold Temperate Northwest Atlantic,Temperate Northern Atlantic,0.614,0.24637054401308672,0.24637054401308672,0.478715569847757,0.22023576300294176,0.22023576300294176
dmr_rasher_steneck,5_3_48,2,43.8886,-69.4708,1,2004-05-20,5,5,5,NA,NA,NA,5,0,0,0,730,4,5,percent_cover,"c(-69.4708, 43.8886)",Gulf of Maine/Bay of Fundy,Cold Temperate Northwest Atlantic,Temperate Northern Atlantic,0.05,0.020062747883801853,0.020062747883801853,0.04879016416943205,0.01986414293719289,0.01986414293719289
dmr_rasher_steneck,5_3_48,3,43.8942,-69.4653,1,2006-05-16,5,5,5,NA,NA,NA,9,0,0,0,730,4,9,percent_cover,"c(-69.4653, 43.8942)",Gulf of Maine/Bay of Fundy,Cold Temperate Northwest Atlantic,Temperate Northern Atlantic,0.09,0.036112946190843334,0.036112946190843334,0.08617769624105241,0.03547615931462122,0.03547615931462122
dmr_rasher_steneck,5_3_62,1,44.62528,-67.36485,1,2003-06-30,5,5,5,NA,NA,NA,85,0,0,0,730,4,85,percent_cover,"c(-67.36485, 44.62528)",Gulf of Maine/Bay of Fundy,Cold Temperate Northwest Atlantic,Temperate Northern Atlantic,0.85,0.34106671402463146,0.34106671402463146,0.6151856390902335,0.29346535252116207,0.29346535252116207
dmr_rasher_steneck,5_3_62,2,44.6245,-67.3679,1,2004-06-29,5,5,5,NA,NA,NA,63,0,0,0,730,4,63,percent_cover,"c(-67.3679, 44.6245)",Gulf of Maine/Bay of Fundy,Cold Temperate Northwest Atlantic,Temperate Northern Atlantic,0.63,0.25279062333590335,0.25279062333590335,0.4885800148186709,0.22537356166054234,0.22537356166054234
dmr_rasher_steneck,5_3_62,3,44.6253,-67.3648,1,2014-06-19,5,5,5,NA,NA,NA,4,0,0,0,730,4,4,percent_cover,"c(-67.3648, 44.6253)",Gulf of Maine/Bay of Fundy,Cold Temperate Northwest Atlantic,Temperate Northern Atlantic,0.04,0.01605019830704148,0.01605019830704148,0.03922071315328133,0.0159227557182871,0.0159227557182871
dmr_rasher_steneck,5_3_62,4,44.6207,-67.3645,1,2016-06-05,5,5,5,NA,NA,NA,27.5,0,0,0,730,4,27.5,percent_cover,"c(-67.3645, 44.6207)",Gulf of Maine/Bay of Fundy,Cold Temperate Northwest Atlantic,Temperate Northern Atlantic,0.275,0.11034511336091019,0.11034511336091019,0.2429461786103894,0.1046708799385882,0.1046708799385882
dmr_rasher_steneck,5_3_67,1,43.7934,-69.6682,1,2004-05-17,5,5,5,NA,NA,NA,46,0,0,0,730,4,46,percent_cover,"c(-69.6682, 43.7934)",Gulf of Maine/Bay of Fundy,Cold Temperate Northwest Atlantic,Temperate Northern Atlantic,0.46,0.18457728053097702,0.18457728053097702,0.37843643572024505,0.16938598565517796,0.16938598565517796
dmr_rasher_steneck,5_3_67,2,43.79336,-69.6743,1,2013-05-01,5,5,5,NA,NA,NA,1,0,0,0,730,4,1,percent_cover,"c(-69.6743, 43.79336)",Gulf of Maine/Bay of Fundy,Cold Temperate Northwest Atlantic,Temperate Northern Atlantic,0.01,0.00401254957676037,0.00401254957676037,0.009950330853168092,0.0040045207698650356,0.0040045207698650356
dmr_rasher_steneck,5_3_67,3,43.7934,-69.6743,1,2014-05-07,5,5,5,NA,NA,NA,22.5,0,0,0,730,4,22.5,percent_cover,"c(-69.6743, 43.7934)",Gulf of Maine/Bay of Fundy,Cold Temperate Northwest Atlantic,Temperate Northern Atlantic,0.225,0.09028236547710833,0.09028236547710833,0.20294084399669038,0.08643671358959214,0.08643671358959214
dmr_rasher_steneck,5_3_73,1,44.3636,-68.1757,1,2004-06-16,5,5,5,NA,NA,NA,92,0,0,0,730,4,92,percent_cover,"c(-68.1757, 44.3636)",Gulf of Maine/Bay of Fundy,Cold Temperate Northwest Atlantic,Temperate Northern Atlantic,0.92,0.36915456106195405,0.36915456106195405,0.6523251860396901,0.31419344063617627,0.31419344063617627
dmr_rasher_steneck,5_3_73,2,44.36367,-68.18109,1,2008-06-03,5,5,5,NA,NA,NA,96,0,0,0,730,4,96,percent_cover,"c(-68.18109, 44.36367)",Gulf of Maine/Bay of Fundy,Cold Temperate Northwest Atlantic,Temperate Northern Atlantic,0.96,0.38520475936899556,0.38520475936899556,0.6729444732424258,0.32584796941157834,0.32584796941157834
dmr_rasher_steneck,5_3_73,3,44.3638,-68.181,1,2016-05-21,5,5,5,NA,NA,NA,86.5,0,0,0,730,4,86.5,percent_cover,"c(-68.181, 44.3638)",Gulf of Maine/Bay of Fundy,Cold Temperate Northwest Atlantic,Temperate Northern Atlantic,0.865,0.347085538389772,0.347085538389772,0.6232610530957788,0.29794339829973365,0.29794339829973365
dmr_rasher_steneck,5_3_90,1,43.9798,-69.0903,1,2005-05-29,5,5,5,NA,NA,NA,89,0,0,0,730,4,89,percent_cover,"c(-69.0903, 43.9798)",Gulf of Maine/Bay of Fundy,Cold Temperate Northwest Atlantic,Temperate Northern Atlantic,0.89,0.357116912331673,0.357116912331673,0.6365768290715511,0.3053625321391516,0.3053625321391516
dmr_rasher_steneck,5_3_90,2,43.97532,-69.08408,1,2008-05-16,5,5,5,NA,NA,NA,56.5,0,0,0,730,4,56.5,percent_cover,"c(-69.08408, 43.97532)",Gulf of Maine/Bay of Fundy,Cold Temperate Northwest Atlantic,Temperate Northern Atlantic,0.565,0.22670905108696093,0.22670905108696093,0.4478858239921165,0.20433501543234966,0.20433501543234966
dmr_rasher_steneck,5_3_90,3,43.9753,-69.0841,1,2017-05-05,5,5,5,NA,NA,NA,67.5,0,0,0,730,4,67.5,percent_cover,"c(-69.0841, 43.9753)",Gulf of Maine/Bay of Fundy,Cold Temperate Northwest Atlantic,Temperate Northern Atlantic,0.675,0.270847096431325,0.270847096431325,0.5158131652770298,0.23968368318552405,0.23968368318552405
dmr_rasher_steneck,5_3_95,1,44.3631,-68.0932,1,2005-06-15,5,5,5,NA,NA,NA,89,0,0,0,730,4,89,percent_cover,"c(-68.0932, 44.3631)",Gulf of Maine/Bay of Fundy,Cold Temperate Northwest Atlantic,Temperate Northern Atlantic,0.89,0.357116912331673,0.357116912331673,0.6365768290715511,0.3053625321391516,0.3053625321391516
dmr_rasher_steneck,5_3_95,2,44.363,-68.087,1,2006-06-18,5,5,5,NA,NA,NA,32.5,0,0,0,730,4,32.5,percent_cover,"c(-68.087, 44.363)",Gulf of Maine/Bay of Fundy,Cold Temperate Northwest Atlantic,Temperate Northern Atlantic,0.325,0.13040786124471204,0.13040786124471204,0.2814124594381855,0.12257850675599466,0.12257850675599466
dmr_rasher_steneck,5_3_95,3,44.3677,-68.0934,1,2017-05-12,5,5,5,NA,NA,NA,55.5,0,0,0,730,4,55.5,percent_cover,"c(-68.0934, 44.3677)",Gulf of Maine/Bay of Fundy,Cold Temperate Northwest Atlantic,Temperate Northern Atlantic,0.555,0.22269650151020057,0.22269650151020057,0.44147554563119756,0.20105866688167004,0.20105866688167004
dmr_rasher_steneck,5_3_95,4,44.3641,-68.0985,1,2018-05-14,5,5,5,NA,NA,NA,44,0,0,0,730,4,44,percent_cover,"c(-68.0985, 44.3641)",Gulf of Maine/Bay of Fundy,Cold Temperate Northwest Atlantic,Temperate Northern Atlantic,0.44,0.1765521813774563,0.1765521813774563,0.36464311358790924,0.16258828126372338,0.16258828126372338
dmr_rasher_steneck,5_3_98,1,44.4115,-67.9298,1,2005-06-14,5,5,5,NA,NA,NA,88,0,0,0,730,4,88,percent_cover,"c(-67.9298, 44.4115)",Gulf of Maine/Bay of Fundy,Cold Temperate Northwest Atlantic,Temperate Northern Atlantic,0.88,0.3531043627549126,0.3531043627549126,0.6312717768418578,0.30240148054869814,0.30240148054869814
dmr_rasher_steneck,5_3_98,2,44.41602,-67.92899,1,2009-06-04,5,5,5,NA,NA,NA,87.5,0,0,0,730,4,87.5,percent_cover,"c(-67.92899, 44.41602)",Gulf of Maine/Bay of Fundy,Cold Temperate Northwest Atlantic,Temperate Northern Atlantic,0.875,0.3510980879665324,0.3510980879665324,0.6286086594223741,0.3009176603147877,0.3009176603147877
dmr_rasher_steneck,5_3_98,3,44.4161,-67.929,1,2016-05-21,5,5,5,NA,NA,NA,90,0,0,0,730,4,90,percent_cover,"c(-67.929, 44.4161)",Gulf of Maine/Bay of Fundy,Cold Temperate Northwest Atlantic,Temperate Northern Atlantic,0.9,0.3611294619084333,0.3611294619084333,0.6418538861723947,0.30831484178207313,0.30831484178207313
dmr_rasher_steneck,5_4_10,1,44.57199,-67.40965,1,2001-07-24,5,5,5,NA,NA,NA,71.5,0,0,0,730,4,71.5,percent_cover,"c(-67.40965, 44.57199)",Gulf of Maine/Bay of Fundy,Cold Temperate Northwest Atlantic,Temperate Northern Atlantic,0.715,0.2868972947383665,0.2868972947383665,0.5394130806179032,0.25223412336154394,0.25223412336154394
dmr_rasher_steneck,5_4_10,2,44.572,-67.4097,1,2007-06-19,5,5,5,NA,NA,NA,76.5,0,0,0,730,4,76.5,percent_cover,"c(-67.4097, 44.572)",Gulf of Maine/Bay of Fundy,Cold Temperate Northwest Atlantic,Temperate Northern Atlantic,0.765,0.3069600426221683,0.3069600426221683,0.5681506903852601,0.26770386234780097,0.26770386234780097
dmr_rasher_steneck,5_4_10,3,44.57191,-67.40451,1,2009-06-11,5,5,5,NA,NA,NA,92,0,0,0,730,4,92,percent_cover,"c(-67.40451, 44.57191)",Gulf of Maine/Bay of Fundy,Cold Temperate Northwest Atlantic,Temperate Northern Atlantic,0.92,0.36915456106195405,0.36915456106195405,0.6523251860396901,0.31419344063617627,0.31419344063617627
dmr_rasher_steneck,5_4_102,1,44.7419,-67.0704,1,2005-06-27,5,5,5,NA,NA,NA,36.5,0,0,0,730,4,36.5,percent_cover,"c(-67.0704, 44.7419)",Gulf of Maine/Bay of Fundy,Cold Temperate Northwest Atlantic,Temperate Northern Atlantic,0.365,0.1464580595517535,0.1464580595517535,0.31115442863692305,0.13667724135735454,0.13667724135735454
dmr_rasher_steneck,5_4_102,2,44.7464,-67.0702,1,2006-07-02,5,5,5,NA,NA,NA,17,0,0,0,730,4,17,percent_cover,"c(-67.0702, 44.7464)",Gulf of Maine/Bay of Fundy,Cold Temperate Northwest Atlantic,Temperate Northern Atlantic,0.17,0.0682133428049263,0.0682133428049263,0.1570037488096647,0.06598747976943722,0.06598747976943722
dmr_rasher_steneck,5_4_102,3,44.7507,-67.0697,1,2017-06-16,5,5,5,NA,NA,NA,63,0,0,0,730,4,63,percent_cover,"c(-67.0697, 44.7507)",Gulf of Maine/Bay of Fundy,Cold Temperate Northwest Atlantic,Temperate Northern Atlantic,0.63,0.25279062333590335,0.25279062333590335,0.4885800148186709,0.22537356166054234,0.22537356166054234
dmr_rasher_steneck,5_4_106,1,43.6915,-70.0828,1,2006-05-10,5,5,5,NA,NA,NA,51,0,0,0,730,4,51,percent_cover,"c(-70.0828, 43.6915)",Gulf of Maine/Bay of Fundy,Cold Temperate Northwest Atlantic,Temperate Northern Atlantic,0.51,0.20464002841477888,0.20464002841477888,0.412109650826833,0.1861807907074512,0.1861807907074512
dmr_rasher_steneck,5_4_106,2,43.687002,-70.082733,1,2010-05-07,5,5,5,NA,NA,NA,7.5,0,0,0,730,4,7.5,percent_cover,"c(-70.082733, 43.687002)",Gulf of Maine/Bay of Fundy,Cold Temperate Northwest Atlantic,Temperate Northern Atlantic,0.075,0.03009412182570278,0.03009412182570278,0.07232066157962608,0.029650178479912366,0.029650178479912366
dmr_rasher_steneck,5_4_106,3,43.68669,-70.08436,1,2018-09-05,5,5,5,NA,NA,NA,10.6375,0,0,0,730,4,10.6375,percent_cover,"c(-70.08436, 43.68669)",Gulf of Maine/Bay of Fundy,Cold Temperate Northwest Atlantic,Temperate Northern Atlantic,0.106375,0.042683496122788434,0.042683496122788434,0.10108890530690386,0.041797674667419404,0.041797674667419404
dmr_rasher_steneck,5_4_128,1,44.2423,-68.2079,1,2007-06-08,5,5,5,NA,NA,NA,86,0,0,0,730,4,86,percent_cover,"c(-68.2079, 44.2423)",Gulf of Maine/Bay of Fundy,Cold Temperate Northwest Atlantic,Temperate Northern Atlantic,0.86,0.34507926360139185,0.34507926360139185,0.6205764877251098,0.29645294336302225,0.29645294336302225
dmr_rasher_steneck,5_4_128,2,44.239,-68.2096,1,2014-05-27,5,5,5,NA,NA,NA,80,0,0,0,730,4,80,percent_cover,"c(-68.2096, 44.239)",Gulf of Maine/Bay of Fundy,Cold Temperate Northwest Atlantic,Temperate Northern Atlantic,0.8,0.32100396614082966,0.32100396614082966,0.5877866649021191,0.27839202791329637,0.27839202791329637
dmr_rasher_steneck,5_4_128,3,44.2371,-68.2048,1,2016-08-31,5,5,5,NA,NA,NA,83.375,0,0,0,730,4,83.375,percent_cover,"c(-68.2048, 44.2371)",Gulf of Maine/Bay of Fundy,Cold Temperate Northwest Atlantic,Temperate Northern Atlantic,0.83375,0.3345463209623959,0.3345463209623959,0.6063630504750545,0.2885913996102919,0.2885913996102919
dmr_rasher_steneck,5_4_13,1,44.6624,-67.16127,1,2001-07-27,5,5,5,NA,NA,NA,92,0,0,0,730,4,92,percent_cover,"c(-67.16127, 44.6624)",Gulf of Maine/Bay of Fundy,Cold Temperate Northwest Atlantic,Temperate Northern Atlantic,0.92,0.36915456106195405,0.36915456106195405,0.6523251860396901,0.31419344063617627,0.31419344063617627
dmr_rasher_steneck,5_4_13,2,44.66214,-67.16768,1,2003-07-01,5,5,5,NA,NA,NA,81.5,0,0,0,730,4,81.5,percent_cover,"c(-67.16768, 44.66214)",Gulf of Maine/Bay of Fundy,Cold Temperate Northwest Atlantic,Temperate Northern Atlantic,0.815,0.32702279050597016,0.32702279050597016,0.596085467716814,0.282937929660745,0.282937929660745
dmr_rasher_steneck,5_4_13,3,44.66214,-67.16768,1,2009-06-15,5,5,5,NA,NA,NA,83,0,0,0,730,4,83,percent_cover,"c(-67.16768, 44.66214)",Gulf of Maine/Bay of Fundy,Cold Temperate Northwest Atlantic,Temperate Northern Atlantic,0.83,0.3330416148711107,0.3330416148711107,0.6043159668533296,0.28746325966734254,0.28746325966734254
dmr_rasher_steneck,5_4_131,1,44.429,-67.8476,1,2007-06-18,5,5,5,NA,NA,NA,42,0,0,0,730,4,42,percent_cover,"c(-67.8476, 44.429)",Gulf of Maine/Bay of Fundy,Cold Temperate Northwest Atlantic,Temperate Northern Atlantic,0.42,0.16852708222393556,0.16852708222393556,0.35065687161316933,0.1557440516421322,0.1557440516421322
dmr_rasher_steneck,5_4_131,2,44.4215,-67.84725,1,2008-06-11,5,5,5,NA,NA,NA,61,0,0,0,730,4,61,percent_cover,"c(-67.84725, 44.4215)",Gulf of Maine/Bay of Fundy,Cold Temperate Northwest Atlantic,Temperate Northern Atlantic,0.61,0.2447655241823826,0.2447655241823826,0.47623417899637155,0.2189471781895438,0.2189471781895438
dmr_rasher_steneck,5_4_131,3,44.42447,-67.8477,1,2012-06-11,5,5,5,NA,NA,NA,23,0,0,0,730,4,23,percent_cover,"c(-67.8477, 44.42447)",Gulf of Maine/Bay of Fundy,Cold Temperate Northwest Atlantic,Temperate Northern Atlantic,0.23,0.09228864026548851,0.09228864026548851,0.20701416938432612,0.08827516498309645,0.08827516498309645
dmr_rasher_steneck,5_4_145,1,44.09559,-68.48462,1,2008-06-02,5,5,5,NA,NA,NA,69.5,0,0,0,730,4,69.5,percent_cover,"c(-68.48462, 44.09559)",Gulf of Maine/Bay of Fundy,Cold Temperate Northwest Atlantic,Temperate Northern Atlantic,0.695,0.2788721955848457,0.2788721955848457,0.5276827408324135,0.2459785923378903,0.2459785923378903
dmr_rasher_steneck,5_4_145,2,44.1001,-68.4846,1,2014-05-13,5,5,5,NA,NA,NA,48.5,0,0,0,730,4,48.5,percent_cover,"c(-68.4846, 44.1001)",Gulf of Maine/Bay of Fundy,Cold Temperate Northwest Atlantic,Temperate Northern Atlantic,0.485,0.19460865447287795,0.19460865447287795,0.39541477225466287,0.1778186459515355,0.1778186459515355
dmr_rasher_steneck,5_4_145,3,44.0999,-68.4789,1,2017-05-10,5,5,5,NA,NA,NA,18.5,0,0,0,730,4,18.5,percent_cover,"c(-68.4789, 44.0999)",Gulf of Maine/Bay of Fundy,Cold Temperate Northwest Atlantic,Temperate Northern Atlantic,0.185,0.07423216717006685,0.07423216717006685,0.16974277458709455,0.07160614327459676,0.07160614327459676
dmr_rasher_steneck,5_4_148,1,44.48392,-67.52526,1,2008-06-12,5,5,5,NA,NA,NA,88.5,0,0,0,730,4,88.5,percent_cover,"c(-67.52526, 44.48392)",Gulf of Maine/Bay of Fundy,Cold Temperate Northwest Atlantic,Temperate Northern Atlantic,0.885,0.35511063754329275,0.35511063754329275,0.6339278208999741,0.30388310232183957,0.30388310232183957
dmr_rasher_steneck,5_4_148,2,44.484,-67.5248,1,2015-06-07,5,5,5,NA,NA,NA,44.5,0,0,0,730,4,44.5,percent_cover,"c(-67.5248, 44.484)",Gulf of Maine/Bay of Fundy,Cold Temperate Northwest Atlantic,Temperate Northern Atlantic,0.445,0.1785584561658365,0.1785584561658365,0.3681093215643955,0.16429204434110672,0.16429204434110672
dmr_rasher_steneck,5_4_148,3,44.4822,-67.5276,1,2017-08-22,5,5,5,NA,NA,NA,24.25,0,0,0,730,4,24.25,percent_cover,"c(-67.5276, 44.4822)",Gulf of Maine/Bay of Fundy,Cold Temperate Northwest Atlantic,Temperate Northern Atlantic,0.2425,0.09730432723643898,0.09730432723643898,0.2171254789886467,0.09285656053772458,0.09285656053772458
dmr_rasher_steneck,5_4_148,4,44.4822,-67.5276,1,2018-07-08,5,5,5,NA,NA,NA,84.6375,0,0,0,730,4,84.6375,percent_cover,"c(-67.5276, 44.4822)",Gulf of Maine/Bay of Fundy,Cold Temperate Northwest Atlantic,Temperate Northern Atlantic,0.846375,0.33961216480305584,0.33961216480305584,0.6132242573786268,0.2923801428186399,0.2923801428186399
dmr_rasher_steneck,5_4_159,1,44.33128,-68.0515,1,2009-06-04,5,5,5,NA,NA,NA,61.5,0,0,0,730,4,61.5,percent_cover,"c(-68.0515, 44.33128)",Gulf of Maine/Bay of Fundy,Cold Temperate Northwest Atlantic,Temperate Northern Atlantic,0.615,0.24677179897076276,0.24677179897076276,0.47933495667461984,0.2205576499279059,0.2205576499279059
dmr_rasher_steneck,5_4_159,2,44.3358,-68.0553,1,2013-05-17,5,5,5,NA,NA,NA,81.5,0,0,0,730,4,81.5,percent_cover,"c(-68.0553, 44.3358)",Gulf of Maine/Bay of Fundy,Cold Temperate Northwest Atlantic,Temperate Northern Atlantic,0.815,0.32702279050597016,0.32702279050597016,0.596085467716814,0.282937929660745,0.282937929660745
dmr_rasher_steneck,5_4_159,3,44.3345,-68.0525,1,2017-08-28,5,5,5,NA,NA,NA,71.7428571428571,0,0,0,730,4,71.7428571428571,percent_cover,"c(-68.0525, 44.3345)",Gulf of Maine/Bay of Fundy,Cold Temperate Northwest Atlantic,Temperate Northern Atlantic,0.7174285714285711,0.28787177106415096,0.28787177106415096,0.5408281555616568,0.2529910660988599,0.2529910660988599
dmr_rasher_steneck,5_4_159,4,44.3345,-68.0525,1,2018-07-10,5,5,5,NA,NA,NA,85.625,0,0,0,730,4,85.625,percent_cover,"c(-68.0525, 44.3345)",Gulf of Maine/Bay of Fundy,Cold Temperate Northwest Atlantic,Temperate Northern Atlantic,0.85625,0.34357455751010674,0.34357455751010674,0.6185583235688726,0.29533364251695143,0.29533364251695143
dmr_rasher_steneck,5_4_163,1,44.55978,-67.48568,1,2009-06-11,5,5,5,NA,NA,NA,86,0,0,0,730,4,86,percent_cover,"c(-67.48568, 44.55978)",Gulf of Maine/Bay of Fundy,Cold Temperate Northwest Atlantic,Temperate Northern Atlantic,0.86,0.34507926360139185,0.34507926360139185,0.6205764877251098,0.29645294336302225,0.29645294336302225
dmr_rasher_steneck,5_4_163,2,44.55968,-67.4794,1,2013-05-31,5,5,5,NA,NA,NA,68,0,0,0,730,4,68,percent_cover,"c(-67.4794, 44.55968)",Gulf of Maine/Bay of Fundy,Cold Temperate Northwest Atlantic,Temperate Northern Atlantic,0.68,0.2728533712197052,0.2728533712197052,0.5187937934151676,0.24126112929595916,0.24126112929595916
dmr_rasher_steneck,5_4_163,3,44.5596,-67.4792,1,2017-06-15,5,5,5,NA,NA,NA,89.5,0,0,0,730,4,89.5,percent_cover,"c(-67.4792, 44.5596)",Gulf of Maine/Bay of Fundy,Cold Temperate Northwest Atlantic,Temperate Northern Atlantic,0.895,0.35912318712005314,0.35912318712005314,0.6392188385343897,0.30683977647674515,0.30683977647674515
dmr_rasher_steneck,5_4_166,1,43.771149,-69.586964,1,2010-05-06,5,5,5,NA,NA,NA,19.5,0,0,0,730,4,19.5,percent_cover,"c(-69.586964, 43.771149)",Gulf of Maine/Bay of Fundy,Cold Temperate Northwest Atlantic,Temperate Northern Atlantic,0.195,0.07824471674682722,0.07824471674682722,0.17814618538347404,0.07533445669316868,0.07533445669316868
dmr_rasher_steneck,5_4_166,2,43.77567,-69.5803,1,2012-05-03,5,5,5,NA,NA,NA,0,0,0,0,730,4,0,percent_cover,"c(-69.5803, 43.77567)",Gulf of Maine/Bay of Fundy,Cold Temperate Northwest Atlantic,Temperate Northern Atlantic,0,0,0,0,0,0
dmr_rasher_steneck,5_4_166,3,43.77564,-69.5885,1,2013-05-02,5,5,5,NA,NA,NA,12.5,0,0,0,730,4,12.5,percent_cover,"c(-69.5885, 43.77564)",Gulf of Maine/Bay of Fundy,Cold Temperate Northwest Atlantic,Temperate Northern Atlantic,0.125,0.05015686970950463,0.05015686970950463,0.11778303565638346,0.04893955273374259,0.04893955273374259
dmr_rasher_steneck,5_4_24,1,44.237915,-68.245216,1,2002-06-11,5,5,5,NA,NA,NA,100,0,0,0,730,4,100,percent_cover,"c(-68.245216, 44.237915)",Gulf of Maine/Bay of Fundy,Cold Temperate Northwest Atlantic,Temperate Northern Atlantic,1,0.401254957676037,0.401254957676037,0.6931471805599453,0.33736823343618033,0.33736823343618033
dmr_rasher_steneck,5_4_24,2,44.2376,-68.2452,1,2016-08-31,5,5,5,NA,NA,NA,53.7857142857143,0,0,0,730,4,53.7857142857143,percent_cover,"c(-68.2452, 44.2376)",Gulf of Maine/Bay of Fundy,Cold Temperate Northwest Atlantic,Temperate Northern Atlantic,0.537857142857143,0.21581784509289711,0.21581784509289711,0.4303899817610132,0.1954169738797267,0.1954169738797267
dmr_rasher_steneck,5_4_24,3,44.2379,-68.2391,1,2017-05-11,5,5,5,NA,NA,NA,47.5,0,0,0,730,4,47.5,percent_cover,"c(-68.2391, 44.2379)",Gulf of Maine/Bay of Fundy,Cold Temperate Northwest Atlantic,Temperate Northern Atlantic,0.475,0.19059610489611759,0.19059610489611759,0.38865798979178323,0.1744541101847808,0.1744541101847808
dmr_rasher_steneck,5_4_25,1,44.349586,-68.093441,1,2002-06-18,5,5,5,NA,NA,NA,95,0,0,0,730,4,95,percent_cover,"c(-68.093441, 44.349586)",Gulf of Maine/Bay of Fundy,Cold Temperate Northwest Atlantic,Temperate Northern Atlantic,0.95,0.38119220979223517,0.38119220979223517,0.6678293725756554,0.3229470463442027,0.3229470463442027
dmr_rasher_steneck,5_4_25,2,44.35412,-68.0996,1,2012-05-13,5,5,5,NA,NA,NA,60,0,0,0,730,4,60,percent_cover,"c(-68.0996, 44.35412)",Gulf of Maine/Bay of Fundy,Cold Temperate Northwest Atlantic,Temperate Northern Atlantic,0.6,0.24075297460562223,0.24075297460562223,0.47000362924573563,0.21571843290798545,0.21571843290798545
dmr_rasher_steneck,5_4_25,3,44.3541,-68.0934,1,2014-06-06,5,5,5,NA,NA,NA,89.5,0,0,0,730,4,89.5,percent_cover,"c(-68.0934, 44.3541)",Gulf of Maine/Bay of Fundy,Cold Temperate Northwest Atlantic,Temperate Northern Atlantic,0.895,0.35912318712005314,0.35912318712005314,0.6392188385343897,0.30683977647674515,0.30683977647674515
dmr_rasher_steneck,5_4_27,1,44.398499,-67.942669,1,2002-06-17,5,5,5,NA,NA,NA,98.5,0,0,0,730,4,98.5,percent_cover,"c(-67.942669, 44.398499)",Gulf of Maine/Bay of Fundy,Cold Temperate Northwest Atlantic,Temperate Northern Atlantic,0.985,0.39523613331089646,0.39523613331089646,0.6856189141391537,0.33306367213918425,0.33306367213918425
dmr_rasher_steneck,5_4_27,2,44.39865,-67.94713,1,2003-06-16,5,5,5,NA,NA,NA,69,0,0,0,730,4,69,percent_cover,"c(-67.94713, 44.39865)",Gulf of Maine/Bay of Fundy,Cold Temperate Northwest Atlantic,Temperate Northern Atlantic,0.69,0.27686592079646555,0.27686592079646555,0.5247285289349821,0.24440857607712035,0.24440857607712035
dmr_rasher_steneck,5_4_27,3,44.39761,-67.95086,1,2011-06-03,5,5,5,NA,NA,NA,82.5,0,0,0,730,4,82.5,percent_cover,"c(-67.95086, 44.39761)",Gulf of Maine/Bay of Fundy,Cold Temperate Northwest Atlantic,Temperate Northern Atlantic,0.825,0.33103534008273056,0.33103534008273056,0.6015799870344548,0.28595709058770963,0.28595709058770963
dmr_rasher_steneck,5_4_27,4,44.3973,-67.9509,1,2015-05-17,5,5,5,NA,NA,NA,66,0,0,0,730,4,66,percent_cover,"c(-67.9509, 44.3973)",Gulf of Maine/Bay of Fundy,Cold Temperate Northwest Atlantic,Temperate Northern Atlantic,0.66,0.2648282720661844,0.2648282720661844,0.506817602368452,0.23493635965680512,0.23493635965680512
dmr_rasher_steneck,5_4_29,1,44.60202,-67.320541,1,2002-07-01,5,5,5,NA,NA,NA,96,0,0,0,730,4,96,percent_cover,"c(-67.320541, 44.60202)",Gulf of Maine/Bay of Fundy,Cold Temperate Northwest Atlantic,Temperate Northern Atlantic,0.96,0.38520475936899556,0.38520475936899556,0.6729444732424258,0.32584796941157834,0.32584796941157834
dmr_rasher_steneck,5_4_29,2,44.59754,-67.32067,1,2009-06-11,5,5,5,NA,NA,NA,82.5,0,0,0,730,4,82.5,percent_cover,"c(-67.32067, 44.59754)",Gulf of Maine/Bay of Fundy,Cold Temperate Northwest Atlantic,Temperate Northern Atlantic,0.825,0.33103534008273056,0.33103534008273056,0.6015799870344548,0.28595709058770963,0.28595709058770963
dmr_rasher_steneck,5_4_29,3,44.5975,-67.3207,1,2015-06-13,5,5,5,NA,NA,NA,87.5,0,0,0,730,4,87.5,percent_cover,"c(-67.3207, 44.5975)",Gulf of Maine/Bay of Fundy,Cold Temperate Northwest Atlantic,Temperate Northern Atlantic,0.875,0.3510980879665324,0.3510980879665324,0.6286086594223741,0.3009176603147877,0.3009176603147877
dmr_rasher_steneck,5_4_30,1,44.605604,-67.26631,1,2002-07-01,5,5,5,NA,NA,NA,82,0,0,0,730,4,82,percent_cover,"c(-67.26631, 44.605604)",Gulf of Maine/Bay of Fundy,Cold Temperate Northwest Atlantic,Temperate Northern Atlantic,0.82,0.3290290652943504,0.3290290652943504,0.5988365010887039,0.2844486495403824,0.2844486495403824
dmr_rasher_steneck,5_4_30,2,44.6086,-67.2589,1,2007-06-27,5,5,5,NA,NA,NA,96,0,0,0,730,4,96,percent_cover,"c(-67.2589, 44.6086)",Gulf of Maine/Bay of Fundy,Cold Temperate Northwest Atlantic,Temperate Northern Atlantic,0.96,0.38520475936899556,0.38520475936899556,0.6729444732424258,0.32584796941157834,0.32584796941157834
dmr_rasher_steneck,5_4_30,3,44.6057,-67.2641,1,2015-06-13,5,5,5,NA,NA,NA,87,0,0,0,730,4,87,percent_cover,"c(-67.2641, 44.6057)",Gulf of Maine/Bay of Fundy,Cold Temperate Northwest Atlantic,Temperate Northern Atlantic,0.87,0.34909181317815224,0.34909181317815224,0.6259384308664954,0.2994316350861699,0.2994316350861699
dmr_rasher_steneck,5_4_33,1,44.706638,-67.115479,1,2002-07-02,5,5,5,NA,NA,NA,62,0,0,0,730,4,62,percent_cover,"c(-67.115479, 44.706638)",Gulf of Maine/Bay of Fundy,Cold Temperate Northwest Atlantic,Temperate Northern Atlantic,0.62,0.24877807375914296,0.24877807375914296,0.4824261492442928,0.2221655322167245,0.2221655322167245
dmr_rasher_steneck,5_4_33,2,44.7021,-67.1156,1,2006-07-02,5,5,5,NA,NA,NA,64.5,0,0,0,730,4,64.5,percent_cover,"c(-67.1156, 44.7021)",Gulf of Maine/Bay of Fundy,Cold Temperate Northwest Atlantic,Temperate Northern Atlantic,0.645,0.25880944770104386,0.25880944770104386,0.49774038421733524,0.2301663915033086,0.2301663915033086
dmr_rasher_steneck,5_4_33,3,44.7022,-67.1192,1,2014-06-19,5,5,5,NA,NA,NA,38.5,0,0,0,730,4,38.5,percent_cover,"c(-67.1192, 44.7022)",Gulf of Maine/Bay of Fundy,Cold Temperate Northwest Atlantic,Temperate Northern Atlantic,0.385,0.15448315870527426,0.15448315870527426,0.32570013963930183,0.14365276218351442,0.14365276218351442
dmr_rasher_steneck,5_4_33,4,44.7107,-67.1152,1,2017-06-16,5,5,5,NA,NA,NA,1,0,0,0,730,4,1,percent_cover,"c(-67.1152, 44.7107)",Gulf of Maine/Bay of Fundy,Cold Temperate Northwest Atlantic,Temperate Northern Atlantic,0.01,0.00401254957676037,0.00401254957676037,0.009950330853168092,0.0040045207698650356,0.0040045207698650356
dmr_rasher_steneck,5_4_33,5,44.7066,-67.1154,1,2018-05-19,5,5,5,NA,NA,NA,40.5,0,0,0,730,4,40.5,percent_cover,"c(-67.1154, 44.7066)",Gulf of Maine/Bay of Fundy,Cold Temperate Northwest Atlantic,Temperate Northern Atlantic,0.405,0.162508257858795,0.162508257858795,0.3400373027857091,0.15057996198859172,0.15057996198859172
dmr_rasher_steneck,5_4_35,1,43.00497,-70.597,1,2003-05-14,5,5,5,NA,NA,NA,51.7,0,0,0,730,4,51.7,percent_cover,"c(-70.597, 43.00497)",Gulf of Maine/Bay of Fundy,Cold Temperate Northwest Atlantic,Temperate Northern Atlantic,0.517,0.20744881311851116,0.20744881311851116,0.41673470036639515,0.18850971485395232,0.18850971485395232
dmr_rasher_steneck,5_4_35,2,43.00588,-70.60603,1,2008-05-05,5,5,5,NA,NA,NA,0,0,0,0,730,4,0,percent_cover,"c(-70.60603, 43.00588)",Gulf of Maine/Bay of Fundy,Cold Temperate Northwest Atlantic,Temperate Northern Atlantic,0,0,0,0,0,0
dmr_rasher_steneck,5_4_35,3,43.001839,-70.604214,1,2010-05-05,5,5,5,NA,NA,NA,1,0,0,0,730,4,1,percent_cover,"c(-70.604214, 43.001839)",Gulf of Maine/Bay of Fundy,Cold Temperate Northwest Atlantic,Temperate Northern Atlantic,0.01,0.00401254957676037,0.00401254957676037,0.009950330853168092,0.0040045207698650356,0.0040045207698650356
dmr_rasher_steneck,5_4_37,1,43.79362,-69.59834,1,2003-05-21,5,5,5,NA,NA,NA,27.5,0,0,0,730,4,27.5,percent_cover,"c(-69.59834, 43.79362)",Gulf of Maine/Bay of Fundy,Cold Temperate Northwest Atlantic,Temperate Northern Atlantic,0.275,0.11034511336091019,0.11034511336091019,0.2429461786103894,0.1046708799385882,0.1046708799385882
dmr_rasher_steneck,5_4_37,2,43.7891,-69.5997,1,2005-05-18,5,5,5,NA,NA,NA,23.5,0,0,0,730,4,23.5,percent_cover,"c(-69.5997, 43.7891)",Gulf of Maine/Bay of Fundy,Cold Temperate Northwest Atlantic,Temperate Northern Atlantic,0.235,0.09429491505386871,0.09429491505386871,0.2110709700799404,0.0901102426745133,0.0901102426745133
dmr_rasher_steneck,5_4_37,3,43.79359,-69.6031,1,2013-05-02,5,5,5,NA,NA,NA,12,0,0,0,730,4,12,percent_cover,"c(-69.6031, 43.79359)",Gulf of Maine/Bay of Fundy,Cold Temperate Northwest Atlantic,Temperate Northern Atlantic,0.12,0.048150594921124446,0.048150594921124446,0.11332868530700327,0.04702727301918279,0.04702727301918279
dmr_rasher_steneck,5_4_40,1,43.88965,-69.12922,1,2003-05-28,5,5,5,NA,NA,NA,15,0,0,0,730,4,15,percent_cover,"c(-69.12922, 43.88965)",Gulf of Maine/Bay of Fundy,Cold Temperate Northwest Atlantic,Temperate Northern Atlantic,0.15,0.06018824365140556,0.06018824365140556,0.13976194237515863,0.058446480707414004,0.058446480707414004
dmr_rasher_steneck,5_4_40,2,43.8897,-69.1201,1,2004-05-26,5,5,5,NA,NA,NA,80.5,0,0,0,730,4,80.5,percent_cover,"c(-69.1201, 43.8897)",Gulf of Maine/Bay of Fundy,Cold Temperate Northwest Atlantic,Temperate Northern Atlantic,0.805,0.3230102409292098,0.3230102409292098,0.5905605917848443,0.27990962579009315,0.27990962579009315
dmr_rasher_steneck,5_4_40,3,43.8942,-69.1282,1,2014-05-12,5,5,5,NA,NA,NA,30.5,0,0,0,730,4,30.5,percent_cover,"c(-69.1282, 43.8942)",Gulf of Maine/Bay of Fundy,Cold Temperate Northwest Atlantic,Temperate Northern Atlantic,0.305,0.1223827620911913,0.1223827620911913,0.2662030407746567,0.11545389160834088,0.11545389160834088
dmr_rasher_steneck,5_4_40,4,43.8939,-69.12,1,2018-05-11,5,5,5,NA,NA,NA,38.5,0,0,0,730,4,38.5,percent_cover,"c(-69.12, 43.8939)",Gulf of Maine/Bay of Fundy,Cold Temperate Northwest Atlantic,Temperate Northern Atlantic,0.385,0.15448315870527426,0.15448315870527426,0.32570013963930183,0.14365276218351442,0.14365276218351442
dmr_rasher_steneck,5_4_42,1,44.06534,-68.67213,1,2003-06-03,5,5,5,NA,NA,NA,89,0,0,0,730,4,89,percent_cover,"c(-68.67213, 44.06534)",Gulf of Maine/Bay of Fundy,Cold Temperate Northwest Atlantic,Temperate Northern Atlantic,0.89,0.357116912331673,0.357116912331673,0.6365768290715511,0.3053625321391516,0.3053625321391516
dmr_rasher_steneck,5_4_42,2,44.0731,-68.6709,1,2017-08-03,5,5,5,NA,NA,NA,81.75,0,0,0,730,4,81.75,percent_cover,"c(-68.6709, 44.0731)",Gulf of Maine/Bay of Fundy,Cold Temperate Northwest Atlantic,Temperate Northern Atlantic,0.8175,0.3280259279001603,0.3280259279001603,0.5974619304255373,0.2836935748848559,0.2836935748848559
dmr_rasher_steneck,5_4_42,3,44.0731,-68.6709,1,2018-06-25,5,5,5,NA,NA,NA,72.5,0,0,0,730,4,72.5,percent_cover,"c(-68.6709, 44.0731)",Gulf of Maine/Bay of Fundy,Cold Temperate Northwest Atlantic,Temperate Northern Atlantic,0.725,0.29090984431512684,0.29090984431512684,0.5452270504833231,0.2553472754330682,0.2553472754330682
dmr_rasher_steneck,5_4_46,1,44.17505,-68.24911,1,2003-06-10,5,5,5,NA,NA,NA,92,0,0,0,730,4,92,percent_cover,"c(-68.24911, 44.17505)",Gulf of Maine/Bay of Fundy,Cold Temperate Northwest Atlantic,Temperate Northern Atlantic,0.92,0.36915456106195405,0.36915456106195405,0.6523251860396901,0.31419344063617627,0.31419344063617627
dmr_rasher_steneck,5_4_46,2,44.17499,-68.23991,1,2008-06-03,5,5,5,NA,NA,NA,65.5,0,0,0,730,4,65.5,percent_cover,"c(-68.23991, 44.17499)",Gulf of Maine/Bay of Fundy,Cold Temperate Northwest Atlantic,Temperate Northern Atlantic,0.655,0.26282199727780425,0.26282199727780425,0.5038010088290262,0.23334889699708783,0.23334889699708783
dmr_rasher_steneck,5_4_46,3,44.1707,-68.2458,1,2015-05-16,5,5,5,NA,NA,NA,60,0,0,0,730,4,60,percent_cover,"c(-68.2458, 44.1707)",Gulf of Maine/Bay of Fundy,Cold Temperate Northwest Atlantic,Temperate Northern Atlantic,0.6,0.24075297460562223,0.24075297460562223,0.47000362924573563,0.21571843290798545,0.21571843290798545
dmr_rasher_steneck,5_4_46,4,44.171,-68.2494,1,2018-08-06,5,5,5,NA,NA,NA,93.125,0,0,0,730,4,93.125,percent_cover,"c(-68.2494, 44.171)",Gulf of Maine/Bay of Fundy,Cold Temperate Northwest Atlantic,Temperate Northern Atlantic,0.93125,0.3736686793358095,0.3736686793358095,0.6581674616639185,0.3174850288676546,0.3174850288676546
dmr_rasher_steneck,5_4_5,1,43.52791,-70.30401,1,2001-06-14,5,5,5,NA,NA,NA,63.5,0,0,0,730,4,63.5,percent_cover,"c(-70.30401, 43.52791)",Gulf of Maine/Bay of Fundy,Cold Temperate Northwest Atlantic,Temperate Northern Atlantic,0.635,0.2547968981242835,0.2547968981242835,0.4916428043492167,0.22697372532326848,0.22697372532326848
dmr_rasher_steneck,5_4_5,2,43.53576,-70.30323,1,2009-05-04,5,5,5,NA,NA,NA,6,0,0,0,730,4,6,percent_cover,"c(-70.30323, 43.53576)",Gulf of Maine/Bay of Fundy,Cold Temperate Northwest Atlantic,Temperate Northern Atlantic,0.06,0.024075297460562223,0.024075297460562223,0.058268908123975824,0.023790056590251647,0.023790056590251647
dmr_rasher_steneck,5_4_5,3,43.5358,-70.3032,1,2014-05-05,5,5,5,NA,NA,NA,3.5,0,0,0,730,4,3.5,percent_cover,"c(-70.3032, 43.5358)",Gulf of Maine/Bay of Fundy,Cold Temperate Northwest Atlantic,Temperate Northern Atlantic,0.035,0.014043923518661296,0.014043923518661296,0.03440142671733232,0.013946221310381505,0.013946221310381505
dmr_rasher_steneck,5_4_50,1,44.37062,-67.87349,1,2003-06-23,5,5,5,NA,NA,NA,86,0,0,0,730,4,86,percent_cover,"c(-67.87349, 44.37062)",Gulf of Maine/Bay of Fundy,Cold Temperate Northwest Atlantic,Temperate Northern Atlantic,0.86,0.34507926360139185,0.34507926360139185,0.6205764877251098,0.29645294336302225,0.29645294336302225
dmr_rasher_steneck,5_4_50,2,44.37516,-67.8796,1,2012-06-11,5,5,5,NA,NA,NA,60.5,0,0,0,730,4,60.5,percent_cover,"c(-67.8796, 44.37516)",Gulf of Maine/Bay of Fundy,Cold Temperate Northwest Atlantic,Temperate Northern Atlantic,0.605,0.2427592493940024,0.2427592493940024,0.4731237565819792,0.21733410864771016,0.21733410864771016
dmr_rasher_steneck,5_4_50,3,44.3796,-67.8733,1,2017-06-13,5,5,5,NA,NA,NA,31.5,0,0,0,730,4,31.5,percent_cover,"c(-67.8733, 44.3796)",Gulf of Maine/Bay of Fundy,Cold Temperate Northwest Atlantic,Temperate Northern Atlantic,0.315,0.12639531166795168,0.12639531166795168,0.27383666562972786,0.11902254418637344,0.11902254418637344
dmr_rasher_steneck,5_4_51,1,44.4423,-67.82168,1,2003-06-23,5,5,5,NA,NA,NA,89.5,0,0,0,730,4,89.5,percent_cover,"c(-67.82168, 44.4423)",Gulf of Maine/Bay of Fundy,Cold Temperate Northwest Atlantic,Temperate Northern Atlantic,0.895,0.35912318712005314,0.35912318712005314,0.6392188385343897,0.30683977647674515,0.30683977647674515
dmr_rasher_steneck,5_4_51,2,44.4423,-67.8258,1,2006-06-29,5,5,5,NA,NA,NA,68.5,0,0,0,730,4,68.5,percent_cover,"c(-67.8258, 44.4423)",Gulf of Maine/Bay of Fundy,Cold Temperate Northwest Atlantic,Temperate Northern Atlantic,0.685,0.2748596460080854,0.2748596460080854,0.521765563804325,0.24283609098868367,0.24283609098868367
dmr_rasher_steneck,5_4_51,3,44.446,-67.8216,1,2007-06-18,5,5,5,NA,NA,NA,59,0,0,0,730,4,59,percent_cover,"c(-67.8216, 44.446)",Gulf of Maine/Bay of Fundy,Cold Temperate Northwest Atlantic,Temperate Northern Atlantic,0.59,0.23674042502886186,0.23674042502886186,0.46373401623214006,0.21247922905314948,0.21247922905314948
dmr_rasher_steneck,5_4_51,4,44.4421,-67.8209,1,2016-06-04,5,5,5,NA,NA,NA,88,0,0,0,730,4,88,percent_cover,"c(-67.8209, 44.4421)",Gulf of Maine/Bay of Fundy,Cold Temperate Northwest Atlantic,Temperate Northern Atlantic,0.88,0.3531043627549126,0.3531043627549126,0.6312717768418578,0.30240148054869814,0.30240148054869814
dmr_rasher_steneck,5_4_7,1,44.389065,-67.96422,1,2001-07-10,5,5,5,NA,NA,NA,81,0,0,0,730,4,81,percent_cover,"c(-67.96422, 44.389065)",Gulf of Maine/Bay of Fundy,Cold Temperate Northwest Atlantic,Temperate Northern Atlantic,0.81,0.32501651571759,0.32501651571759,0.5933268452777344,0.2814249240530226,0.2814249240530226
dmr_rasher_steneck,5_4_7,2,44.3892,-67.961,1,2006-06-17,5,5,5,NA,NA,NA,80.5,0,0,0,730,4,80.5,percent_cover,"c(-67.961, 44.3892)",Gulf of Maine/Bay of Fundy,Cold Temperate Northwest Atlantic,Temperate Northern Atlantic,0.805,0.3230102409292098,0.3230102409292098,0.5905605917848443,0.27990962579009315,0.27990962579009315
dmr_rasher_steneck,5_4_7,3,44.3891,-67.9674,1,2015-05-17,5,5,5,NA,NA,NA,25,0,0,0,730,4,25,percent_cover,"c(-67.9674, 44.3891)",Gulf of Maine/Bay of Fundy,Cold Temperate Northwest Atlantic,Temperate Northern Atlantic,0.25,0.10031373941900926,0.10031373941900926,0.22314355131420976,0.09559535679114706,0.09559535679114706
dmr_rasher_steneck,5_4_71,1,44.3896,-68.0124,1,2004-06-15,5,5,5,NA,NA,NA,99,0,0,0,730,4,99,percent_cover,"c(-68.0124, 44.3896)",Gulf of Maine/Bay of Fundy,Cold Temperate Northwest Atlantic,Temperate Northern Atlantic,0.99,0.3972424080992767,0.3972424080992767,0.688134638736401,0.3345005856938122,0.3345005856938122
dmr_rasher_steneck,5_4_71,2,44.3851,-68.0129,1,2007-06-10,5,5,5,NA,NA,NA,90.5,0,0,0,730,4,90.5,percent_cover,"c(-68.0129, 44.3851)",Gulf of Maine/Bay of Fundy,Cold Temperate Northwest Atlantic,Temperate Northern Atlantic,0.905,0.36313573669681354,0.36313573669681354,0.6444820085786643,0.30978773447409924,0.30978773447409924
dmr_rasher_steneck,5_4_71,3,44.3939,-68.0125,1,2018-05-14,5,5,5,NA,NA,NA,61.5,0,0,0,730,4,61.5,percent_cover,"c(-68.0125, 44.3939)",Gulf of Maine/Bay of Fundy,Cold Temperate Northwest Atlantic,Temperate Northern Atlantic,0.615,0.24677179897076276,0.24677179897076276,0.47933495667461984,0.2205576499279059,0.2205576499279059
dmr_rasher_steneck,5_4_85,1,43.9709,-69.0653,1,2005-05-29,5,5,5,NA,NA,NA,80.5,0,0,0,730,4,80.5,percent_cover,"c(-69.0653, 43.9709)",Gulf of Maine/Bay of Fundy,Cold Temperate Northwest Atlantic,Temperate Northern Atlantic,0.805,0.3230102409292098,0.3230102409292098,0.5905605917848443,0.27990962579009315,0.27990962579009315
dmr_rasher_steneck,5_4_85,2,43.9754,-69.0653,1,2014-05-12,5,5,5,NA,NA,NA,8.5,0,0,0,730,4,8.5,percent_cover,"c(-69.0653, 43.9754)",Gulf of Maine/Bay of Fundy,Cold Temperate Northwest Atlantic,Temperate Northern Atlantic,0.085,0.03410667140246315,0.03410667140246315,0.08157998699242285,0.0335379345973846,0.0335379345973846
dmr_rasher_steneck,5_4_85,3,43.9718,-69.0613,1,2016-05-14,5,5,5,NA,NA,NA,87.5,0,0,0,730,4,87.5,percent_cover,"c(-69.0613, 43.9718)",Gulf of Maine/Bay of Fundy,Cold Temperate Northwest Atlantic,Temperate Northern Atlantic,0.875,0.3510980879665324,0.3510980879665324,0.6286086594223741,0.3009176603147877,0.3009176603147877
dmr_rasher_steneck,5_4_9,1,44.40659,-67.86653,1,2001-07-17,5,5,5,NA,NA,NA,58.5,0,0,0,730,4,58.5,percent_cover,"c(-67.86653, 44.40659)",Gulf of Maine/Bay of Fundy,Cold Temperate Northwest Atlantic,Temperate Northern Atlantic,0.585,0.23473415024048166,0.23473415024048166,0.46058440732924394,0.21085568394437057,0.21085568394437057
dmr_rasher_steneck,5_4_9,2,44.402128,-67.872879,1,2002-06-25,5,5,5,NA,NA,NA,100,0,0,0,730,4,100,percent_cover,"c(-67.872879, 44.402128)",Gulf of Maine/Bay of Fundy,Cold Temperate Northwest Atlantic,Temperate Northern Atlantic,1,0.401254957676037,0.401254957676037,0.6931471805599453,0.33736823343618033,0.33736823343618033
dmr_rasher_steneck,5_4_9,3,44.4066,-67.8728,1,2004-06-23,5,5,5,NA,NA,NA,94,0,0,0,730,4,94,percent_cover,"c(-67.8728, 44.4066)",Gulf of Maine/Bay of Fundy,Cold Temperate Northwest Atlantic,Temperate Northern Atlantic,0.94,0.37717966021547483,0.37717966021547483,0.6626879730752367,0.32003768343291045,0.32003768343291045
dmr_rasher_steneck,5_4_93,1,44.3099,-68.1869,1,2005-06-11,5,5,5,NA,NA,NA,62,0,0,0,730,4,62,percent_cover,"c(-68.1869, 44.3099)",Gulf of Maine/Bay of Fundy,Cold Temperate Northwest Atlantic,Temperate Northern Atlantic,0.62,0.24877807375914296,0.24877807375914296,0.4824261492442928,0.2221655322167245,0.2221655322167245
dmr_rasher_steneck,5_4_93,2,44.3065,-68.1934,1,2006-06-04,5,5,5,NA,NA,NA,23.5,0,0,0,730,4,23.5,percent_cover,"c(-68.1934, 44.3065)",Gulf of Maine/Bay of Fundy,Cold Temperate Northwest Atlantic,Temperate Northern Atlantic,0.235,0.09429491505386871,0.09429491505386871,0.2110709700799404,0.0901102426745133,0.0901102426745133
dmr_rasher_steneck,5_4_93,3,44.31419,-68.18947,1,2008-06-03,5,5,5,NA,NA,NA,92,0,0,0,730,4,92,percent_cover,"c(-68.18947, 44.31419)",Gulf of Maine/Bay of Fundy,Cold Temperate Northwest Atlantic,Temperate Northern Atlantic,0.92,0.36915456106195405,0.36915456106195405,0.6523251860396901,0.31419344063617627,0.31419344063617627
dmr_rasher_steneck,5_4_95,1,44.4736,-67.7897,1,2005-06-20,5,5,5,NA,NA,NA,84,0,0,0,730,4,84,percent_cover,"c(-67.7897, 44.4736)",Gulf of Maine/Bay of Fundy,Cold Temperate Northwest Atlantic,Temperate Northern Atlantic,0.84,0.3370541644478711,0.3370541644478711,0.6097655716208942,0.29046880922732116,0.29046880922732116
dmr_rasher_steneck,5_4_95,2,44.4718,-67.7859,1,2017-08-25,5,5,5,NA,NA,NA,45.8571428571429,0,0,0,730,4,45.8571428571429,percent_cover,"c(-67.7859, 44.4718)",Gulf of Maine/Bay of Fundy,Cold Temperate Northwest Atlantic,Temperate Northern Atlantic,0.45857142857142896,0.18400405916286858,0.18400405916286858,0.3774574831212612,0.1689019648029546,0.1689019648029546
dmr_rasher_steneck,5_4_95,3,44.4718,-67.7859,1,2018-07-10,5,5,5,NA,NA,NA,44.6625,0,0,0,730,4,44.6625,percent_cover,"c(-67.7859, 44.4718)",Gulf of Maine/Bay of Fundy,Cold Temperate Northwest Atlantic,Temperate Northern Atlantic,0.446625,0.17921049547206006,0.17921049547206006,0.36923325718610484,0.16484514291541216,0.16484514291541216
dmr_rasher_steneck,5_4_99,1,44.6108,-67.272,1,2005-06-22,5,5,5,NA,NA,NA,92.5,0,0,0,730,4,92.5,percent_cover,"c(-67.272, 44.6108)",Gulf of Maine/Bay of Fundy,Cold Temperate Northwest Atlantic,Temperate Northern Atlantic,0.925,0.37116083585033427,0.37116083585033427,0.6549259677397475,0.31565770650068786,0.31565770650068786
dmr_rasher_steneck,5_4_99,2,44.605822,-67.277252,1,2010-06-10,5,5,5,NA,NA,NA,79.5,0,0,0,730,4,79.5,percent_cover,"c(-67.277252, 44.605822)",Gulf of Maine/Bay of Fundy,Cold Temperate Northwest Atlantic,Temperate Northern Atlantic,0.795,0.31899769135244943,0.31899769135244943,0.5850050219402422,0.2768721234322428,0.2768721234322428
dmr_rasher_steneck,5_4_99,3,44.60932,-67.2764,1,2013-06-14,5,5,5,NA,NA,NA,67,0,0,0,730,4,67,percent_cover,"c(-67.2764, 44.60932)",Gulf of Maine/Bay of Fundy,Cold Temperate Northwest Atlantic,Temperate Northern Atlantic,0.67,0.2688408216429448,0.2688408216429448,0.5128236264286637,0.23810374480692126,0.23810374480692126
dmr_rasher_steneck,5_4_99,4,44.6093,-67.2766,1,2016-06-18,5,5,5,NA,NA,NA,77,0,0,0,730,4,77,percent_cover,"c(-67.2766, 44.6093)",Gulf of Maine/Bay of Fundy,Cold Temperate Northwest Atlantic,Temperate Northern Atlantic,0.77,0.30896631741054853,0.30896631741054853,0.5709795465857378,0.2692377550539574,0.2692377550539574
dmr_rasher_steneck,5_5_14,1,43.86717,-69.12148,1,2003-05-28,5,5,5,NA,NA,NA,92,0,0,0,730,4,92,percent_cover,"c(-69.12148, 43.86717)",Gulf of Maine/Bay of Fundy,Cold Temperate Northwest Atlantic,Temperate Northern Atlantic,0.92,0.36915456106195405,0.36915456106195405,0.6523251860396901,0.31419344063617627,0.31419344063617627
dmr_rasher_steneck,5_5_14,2,43.8626,-69.1277,1,2004-05-26,5,5,5,NA,NA,NA,74,0,0,0,730,4,74,percent_cover,"c(-69.1277, 43.8626)",Gulf of Maine/Bay of Fundy,Cold Temperate Northwest Atlantic,Temperate Northern Atlantic,0.74,0.2969286686802674,0.2969286686802674,0.5538851132264376,0.25999890665943054,0.25999890665943054
dmr_rasher_steneck,5_5_14,3,43.8679,-69.1288,1,2018-06-26,5,5,5,NA,NA,NA,61.875,0,0,0,730,4,61.875,percent_cover,"c(-69.1288, 43.8679)",Gulf of Maine/Bay of Fundy,Cold Temperate Northwest Atlantic,Temperate Northern Atlantic,0.61875,0.2482765050620479,0.2482765050620479,0.48165424646571076,0.22176380395007417,0.22176380395007417
dmr_rasher_steneck,5_5_19,1,44.36687,-67.9865,1,2003-06-16,5,5,5,NA,NA,NA,100,0,0,0,730,4,100,percent_cover,"c(-67.9865, 44.36687)",Gulf of Maine/Bay of Fundy,Cold Temperate Northwest Atlantic,Temperate Northern Atlantic,1,0.401254957676037,0.401254957676037,0.6931471805599453,0.33736823343618033,0.33736823343618033
dmr_rasher_steneck,5_5_19,2,44.3669,-67.9976,1,2004-06-15,5,5,5,NA,NA,NA,89.5,0,0,0,730,4,89.5,percent_cover,"c(-67.9976, 44.3669)",Gulf of Maine/Bay of Fundy,Cold Temperate Northwest Atlantic,Temperate Northern Atlantic,0.895,0.35912318712005314,0.35912318712005314,0.6392188385343897,0.30683977647674515,0.30683977647674515
dmr_rasher_steneck,5_5_19,3,44.3669,-67.9928,1,2007-06-10,5,5,5,NA,NA,NA,51.5,0,0,0,730,4,51.5,percent_cover,"c(-67.9928, 44.3669)",Gulf of Maine/Bay of Fundy,Cold Temperate Northwest Atlantic,Temperate Northern Atlantic,0.515,0.20664630320315908,0.20664630320315908,0.41541543896133254,0.1878448612286852,0.1878448612286852
dmr_rasher_steneck,5_5_2,1,44.64483,-67.18714,1,2001-07-26,5,5,5,NA,NA,NA,72.5,0,0,0,730,4,72.5,percent_cover,"c(-67.18714, 44.64483)",Gulf of Maine/Bay of Fundy,Cold Temperate Northwest Atlantic,Temperate Northern Atlantic,0.725,0.29090984431512684,0.29090984431512684,0.5452270504833231,0.2553472754330682,0.2553472754330682
dmr_rasher_steneck,5_5_2,2,44.6434,-67.1973,1,2006-07-01,5,5,5,NA,NA,NA,65,0,0,0,730,4,65,percent_cover,"c(-67.1973, 44.6434)",Gulf of Maine/Bay of Fundy,Cold Temperate Northwest Atlantic,Temperate Northern Atlantic,0.65,0.2608157224894241,0.2608157224894241,0.5007752879124892,0.23175891029231616,0.23175891029231616
dmr_rasher_steneck,5_5_2,3,44.6436,-67.19338,1,2011-06-13,5,5,5,NA,NA,NA,51,0,0,0,730,4,51,percent_cover,"c(-67.19338, 44.6436)",Gulf of Maine/Bay of Fundy,Cold Temperate Northwest Atlantic,Temperate Northern Atlantic,0.51,0.20464002841477888,0.20464002841477888,0.412109650826833,0.1861807907074512,0.1861807907074512
dmr_rasher_steneck,5_5_20,1,44.36654,-67.93627,1,2003-06-16,5,5,5,NA,NA,NA,67.5,0,0,0,730,4,67.5,percent_cover,"c(-67.93627, 44.36654)",Gulf of Maine/Bay of Fundy,Cold Temperate Northwest Atlantic,Temperate Northern Atlantic,0.675,0.270847096431325,0.270847096431325,0.5158131652770298,0.23968368318552405,0.23968368318552405
dmr_rasher_steneck,5_5_20,2,44.36204,-67.93636,1,2008-06-05,5,5,5,NA,NA,NA,100,0,0,0,730,4,100,percent_cover,"c(-67.93636, 44.36204)",Gulf of Maine/Bay of Fundy,Cold Temperate Northwest Atlantic,Temperate Northern Atlantic,1,0.401254957676037,0.401254957676037,0.6931471805599453,0.33736823343618033,0.33736823343618033
dmr_rasher_steneck,5_5_20,3,44.36649,-67.9299,1,2013-05-18,5,5,5,NA,NA,NA,91,0,0,0,730,4,91,percent_cover,"c(-67.9299, 44.36649)",Gulf of Maine/Bay of Fundy,Cold Temperate Northwest Atlantic,Temperate Northern Atlantic,0.91,0.3651420114851937,0.3651420114851937,0.6471032420585385,0.31125846094346565,0.31125846094346565
dmr_rasher_steneck,5_5_20,4,44.3644,-67.9344,1,2017-07-12,5,5,5,NA,NA,NA,70.25,0,0,0,730,4,70.25,percent_cover,"c(-67.9344, 44.3644)",Gulf of Maine/Bay of Fundy,Cold Temperate Northwest Atlantic,Temperate Northern Atlantic,0.7025,0.281881607767416,0.281881607767416,0.5320977590415304,0.24832900459858723,0.24832900459858723
dmr_rasher_steneck,5_5_25,1,43.7158,-69.9469,1,2004-05-11,5,5,5,NA,NA,NA,43,0,0,0,730,4,43,percent_cover,"c(-69.9469, 43.7158)",Gulf of Maine/Bay of Fundy,Cold Temperate Northwest Atlantic,Temperate Northern Atlantic,0.43,0.17253963180069593,0.17253963180069593,0.3576744442718159,0.15917202187638835,0.15917202187638835
dmr_rasher_steneck,5_5_25,2,43.7159,-69.9402,1,2006-05-12,5,5,5,NA,NA,NA,33.5,0,0,0,730,4,33.5,percent_cover,"c(-69.9402, 43.7159)",Gulf of Maine/Bay of Fundy,Cold Temperate Northwest Atlantic,Temperate Northern Atlantic,0.335,0.1344204108214724,0.1344204108214724,0.28893129185221283,0.1261218692479938,0.1261218692479938
dmr_rasher_steneck,5_5_25,3,43.71212,-69.9402,1,2018-09-05,5,5,5,NA,NA,NA,0,0,0,0,730,4,0,percent_cover,"c(-69.9402, 43.71212)",Gulf of Maine/Bay of Fundy,Cold Temperate Northwest Atlantic,Temperate Northern Atlantic,0,0,0,0,0,0
dmr_rasher_steneck,5_5_35,1,44.0256,-68.8532,1,2005-05-31,5,5,5,NA,NA,NA,64,0,0,0,730,4,64,percent_cover,"c(-68.8532, 44.0256)",Gulf of Maine/Bay of Fundy,Cold Temperate Northwest Atlantic,Temperate Northern Atlantic,0.64,0.2568031729126637,0.2568031729126637,0.4946962418361071,0.22857133255241446,0.22857133255241446
dmr_rasher_steneck,5_5_35,2,44.0246,-68.8612,1,2017-07-29,5,5,5,NA,NA,NA,30.5,0,0,0,730,4,30.5,percent_cover,"c(-68.8612, 44.0246)",Gulf of Maine/Bay of Fundy,Cold Temperate Northwest Atlantic,Temperate Northern Atlantic,0.305,0.1223827620911913,0.1223827620911913,0.2662030407746567,0.11545389160834088,0.11545389160834088
dmr_rasher_steneck,5_5_35,3,44.02460002,-68.86120004,1,2018-06-24,5,5,5,NA,NA,NA,21.275,0,0,0,730,4,21.275,percent_cover,"c(-68.86120004, 44.02460002)",Gulf of Maine/Bay of Fundy,Cold Temperate Northwest Atlantic,Temperate Northern Atlantic,0.21275,0.08536699224557687,0.08536699224557687,0.19289050814318887,0.08191817150258708,0.08191817150258708
dmr_rasher_steneck,5_5_39,1,44.3668,-67.974,1,2005-06-14,5,5,5,NA,NA,NA,96,0,0,0,730,4,96,percent_cover,"c(-67.974, 44.3668)",Gulf of Maine/Bay of Fundy,Cold Temperate Northwest Atlantic,Temperate Northern Atlantic,0.96,0.38520475936899556,0.38520475936899556,0.6729444732424258,0.32584796941157834,0.32584796941157834
dmr_rasher_steneck,5_5_39,2,44.3668,-67.9823,1,2006-06-17,5,5,5,NA,NA,NA,78,0,0,0,730,4,78,percent_cover,"c(-67.9823, 44.3668)",Gulf of Maine/Bay of Fundy,Cold Temperate Northwest Atlantic,Temperate Northern Atlantic,0.78,0.31297886698730887,0.31297886698730887,0.5766133643039938,0.2722984999796362,0.2722984999796362
dmr_rasher_steneck,5_5_39,3,44.366816,-67.978165,1,2010-05-21,5,5,5,NA,NA,NA,18,0,0,0,730,4,18,percent_cover,"c(-67.978165, 44.366816)",Gulf of Maine/Bay of Fundy,Cold Temperate Northwest Atlantic,Temperate Northern Atlantic,0.18,0.07222589238168667,0.07222589238168667,0.16551443847757333,0.06973676095546777,0.06973676095546777
filbee_dexter_arctic_kelp,Bear Island,1,64.0193666666667,-83.2202166666667,1,2019-08-05,15,12.5,10,0,8,8,0,28,55,55,55,2,8,stipe_density,"c(-83.2202166666667, 64.0193666666667)",Hudson Complex,Arctic,Arctic,0.6233766233766234,0.6153846153846154,0.6153846153846154,0.4845083154486173,0.4795730802618863,0.4795730802618863
filbee_dexter_arctic_kelp,Black Point,1,72.703117,-77.937138,1,2019-09-03,10,7.5,5,0,7.5,7.5,0,28,55,55,55,2,7.5,stipe_density,"c(-77.937138, 72.703117)",Baffin Bay - Davis Strait,Arctic,Arctic,0.75,0.5769230769230769,0.5769230769230769,0.5596157879354227,0.4554755286828257,0.4554755286828257
filbee_dexter_arctic_kelp,Churchill T2,1,58.78638889,-94.21888889,1,2011-08-19,15,10,5,NA,12.5,12.5,0,28,55,55,55,2,12.5,stipe_density,"c(-94.21888889, 58.78638889)",Hudson Complex,Arctic,Arctic,0.974025974025974,0.9615384615384616,0.9615384615384616,0.6800750989925926,0.6737290947028438,0.6737290947028438
filbee_dexter_arctic_kelp,Churchill T3,1,58.81222222,-94.21416667,1,2011-08-19,15,12.5,10,NA,13,13,0,28,55,55,55,2,13,stipe_density,"c(-94.21416667, 58.81222222)",Hudson Complex,Arctic,Arctic,1.0129870129870129,1,1,0.6996196950655629,0.6931471805599453,0.6931471805599453
filbee_dexter_arctic_kelp,Churchill T4,1,58.80055556,-94.22972222,1,2011-08-20,15,12.5,10,NA,13,13,0.4166666666666667,28,55,55,55,2,13,stipe_density,"c(-94.22972222, 58.80055556)",Hudson Complex,Arctic,Arctic,1.0129870129870129,1,1,0.6996196950655629,0.6931471805599453,0.6931471805599453
filbee_dexter_arctic_kelp,Deception Bay T1,1,62.12333,-74.61947,1,2012-08-03,10,7.5,5,NA,10,10,0,28,55,55,55,2,10,stipe_density,"c(-74.61947, 62.12333)",Hudson Complex,Arctic,Arctic,0.7792207792207791,0.7692307692307693,0.7692307692307693,0.576175503974441,0.5705448584676129,0.5705448584676129
filbee_dexter_arctic_kelp,Deception Bay T2,1,62.14213,-74.68817,1,2012-08-04,15,12.5,10,NA,10,10,5.25,28,55,55,55,2,10,stipe_density,"c(-74.68817, 62.14213)",Hudson Complex,Arctic,Arctic,0.7792207792207791,0.7692307692307693,0.7692307692307693,0.576175503974441,0.5705448584676129,0.5705448584676129
filbee_dexter_arctic_kelp,Deception Bay T3,1,62.20228,-74.81023,1,2012-08-05,10,7.5,5,NA,10,10,0,28,55,55,55,2,10,stipe_density,"c(-74.81023, 62.20228)",Hudson Complex,Arctic,Arctic,0.7792207792207791,0.7692307692307693,0.7692307692307693,0.576175503974441,0.5705448584676129,0.5705448584676129
filbee_dexter_arctic_kelp,Deception Bay T4,1,62.24567,-74.86087,1,2012-08-01,15,12.5,10,NA,10.5,10.5,7,28,55,55,55,2,10.5,stipe_density,"c(-74.86087, 62.24567)",Hudson Complex,Arctic,Arctic,0.8181818181818181,0.8076923076923077,0.8076923076923077,0.5978370007556204,0.5920510636885765,0.5920510636885765
filbee_dexter_arctic_kelp,Deception Bay T5,1,62.25665,-74.69048,1,2012-08-02,15,12.5,10,NA,10,10,0,28,55,55,55,2,10,stipe_density,"c(-74.69048, 62.25665)",Hudson Complex,Arctic,Arctic,0.7792207792207791,0.7692307692307693,0.7692307692307693,0.576175503974441,0.5705448584676129,0.5705448584676129
filbee_dexter_arctic_kelp,Deception Bay T6,1,62.20221,-74.73529,1,2012-08-03,15,12.5,10,NA,10,10,1.125,28,55,55,55,2,10,stipe_density,"c(-74.73529, 62.20221)",Hudson Complex,Arctic,Arctic,0.7792207792207791,0.7692307692307693,0.7692307692307693,0.576175503974441,0.5705448584676129,0.5705448584676129
filbee_dexter_arctic_kelp,Duck Island,1,60.2339,-64.341,1,2014-03-10,15,10,5,0,8,8,1.5,28,55,55,55,2,8,stipe_density,"c(-64.341, 60.2339)",Northern Labrador,Arctic,Arctic,0.6486486486486486,0.6153846153846154,0.6153846153846154,0.49995595152908684,0.4795730802618863,0.4795730802618863
filbee_dexter_arctic_kelp,Durban Harbour,1,67.0382,-62.167,1,2014-03-09,15,10,5,0,10,10,0,28,55,55,55,2,10,stipe_density,"c(-62.167, 67.0382)",Baffin Bay - Davis Strait,Arctic,Arctic,1,0.7692307692307693,0.7692307692307693,0.6931471805599453,0.5705448584676129,0.5705448584676129
filbee_dexter_arctic_kelp,East Bay,1,64.0293166666667,-81.06655,1,2019-08-21,15,12.5,10,0,8,8,0,28,55,55,55,2,8,stipe_density,"c(-81.06655, 64.0293166666667)",Hudson Complex,Arctic,Arctic,0.6233766233766234,0.6153846153846154,0.6153846153846154,0.4845083154486173,0.4795730802618863,0.4795730802618863
filbee_dexter_arctic_kelp,Evan's Bight,1,59.2985,-63.523,1,2014-03-12,10,7.5,5,0,10,10,4,28,55,55,55,2,10,stipe_density,"c(-63.523, 59.2985)",Northern Labrador,Arctic,Arctic,0.8108108108108107,0.7692307692307693,0.7692307692307693,0.5937747067467416,0.5705448584676129,0.5705448584676129
filbee_dexter_arctic_kelp,Grise fiord,1,76.42225,-82.934317,1,2020-09-19,10,10,10,0,4,4,0,28,55,55,55,2,4,stipe_density,"c(-82.934317, 76.42225)",Lancaster Sound,Arctic,Arctic,0.5714285714285714,0.3076923076923077,0.3076923076923077,0.4519851237430572,0.26826398659467937,0.26826398659467937
filbee_dexter_arctic_kelp,Harbour fiord,1,76.6123833333333,-84.1834833333333,1,2020-09-19,10,10,10,NA,7,7,0,28,55,55,55,2,7,stipe_density,"c(-84.1834833333333, 76.6123833333333)",Lancaster Sound,Arctic,Arctic,1,0.5384615384615384,0.5384615384615384,0.6931471805599453,0.43078291609245417,0.43078291609245417
filbee_dexter_arctic_kelp,Hogg Island,1,59.4288,-63.73,1,2014-03-11,10,7.5,5,0,9,9,0,28,55,55,55,2,9,stipe_density,"c(-63.73, 59.4288)",Northern Labrador,Arctic,Arctic,0.7297297297297297,0.6923076923076923,0.6923076923076923,0.5479651707154475,0.5260930958967791,0.5260930958967791
filbee_dexter_arctic_kelp,Iceberg Point,1,72.579117,-78.470986,1,2019-09-02,10,7.5,5,0,8,8,0,28,55,55,55,2,8,stipe_density,"c(-78.470986, 72.579117)",Baffin Bay - Davis Strait,Arctic,Arctic,0.8,0.6153846153846154,0.6153846153846154,0.5877866649021191,0.4795730802618863,0.4795730802618863
filbee_dexter_arctic_kelp,Iqualuit T1,1,63.7358333,-68.516667,1,2011-08-25,10,7.5,5,NA,11.5,11.5,0,28,55,55,55,2,11.5,stipe_density,"c(-68.516667, 63.7358333)",Northern Labrador,Arctic,Arctic,0.9324324324324323,0.8846153846153846,0.8846153846153846,0.6587795370557376,0.63372376008914455,0.63372376008914455
filbee_dexter_arctic_kelp,Iqualuit T2,1,63.7247222,-68.47166667,1,2011-08-25,10,7.5,5,NA,13,13,0,28,55,55,55,2,13,stipe_density,"c(-68.47166667, 63.7247222)",Northern Labrador,Arctic,Arctic,1.054054054054054,1,1,0.7198154276421066,0.6931471805599453,0.6931471805599453
filbee_dexter_arctic_kelp,Iqualuit T3,1,63.71666667,-68.48694444,1,2011-08-28,5,5,5,NA,11,11,0,28,55,55,55,2,11,stipe_density,"c(-68.48694444, 63.71666667)",Northern Labrador,Arctic,Arctic,0.8918918918918919,0.8461538461538461,0.8461538461538461,0.6375773294051346,0.6131044728864089,0.6131044728864089
filbee_dexter_arctic_kelp,Iqualuit T4,1,63.71666667,-68.48694444,1,2011-08-29,10,10,10,NA,12,12,0,28,55,55,55,2,12,stipe_density,"c(-68.48694444, 63.71666667)",Northern Labrador,Arctic,Arctic,0.9729729729729729,0.9230769230769231,0.9230769230769231,0.6795415285041666,0.653926467406664,0.653926467406664
filbee_dexter_arctic_kelp,Iqualuit T5,1,63.711667,-68.5130556,1,2011-08-28,15,15,15,NA,12,12,8,28,55,55,55,2,12,stipe_density,"c(-68.5130556, 63.711667)",Northern Labrador,Arctic,Arctic,0.9729729729729729,0.9230769230769231,0.9230769230769231,0.6795415285041666,0.653926467406664,0.653926467406664
filbee_dexter_arctic_kelp,Makkovik,1,55.088,-59.175,1,2014-03-14,10,10,10,0,8,8,0,28,55,55,55,2,8,stipe_density,"c(-59.175, 55.088)",Northern Grand Banks - Southern Labrador,Arctic,Arctic,NA,0.6153846153846154,0.6153846153846154,NA,0.4795730802618863,0.4795730802618863
filbee_dexter_arctic_kelp,Mussel Point,1,55.102,-59.196,1,2014-03-15,10,10,10,NA,9,9,0,28,55,55,55,2,9,stipe_density,"c(-59.196, 55.102)",Northern Grand Banks - Southern Labrador,Arctic,Arctic,NA,0.6923076923076923,0.6923076923076923,NA,0.5260930958967791,0.5260930958967791
filbee_dexter_arctic_kelp,Narwhal Cove,1,72.7684666666667,-77.4351666666667,1,2019-08-29,10,7.5,5,0,7.5,7.5,0,28,55,55,55,2,7.5,stipe_density,"c(-77.4351666666667, 72.7684666666667)",Baffin Bay - Davis Strait,Arctic,Arctic,0.75,0.5769230769230769,0.5769230769230769,0.5596157879354227,0.4554755286828257,0.4554755286828257
filbee_dexter_arctic_kelp,Pangnirtung 1,1,66.1066666666667,-65.9916666666667,1,2019-10-08,15,10,5,NA,2.6666666666666665,2.6666666666666665,17,28,55,55,55,2,2.6666666666666665,stipe_density,"c(-65.9916666666667, 66.1066666666667)",Northern Labrador,Arctic,Arctic,0.2162162162162162,0.20512820512820512,0.20512820512820512,0.19574457712609533,0.1865859555804121,0.1865859555804121
filbee_dexter_arctic_kelp,Pangnirtung 2,1,66.266,-67.9916666666667,1,2019-10-08,15,10,5,NA,5,5,7.055555555555555,28,55,55,55,2,5,stipe_density,"c(-67.9916666666667, 66.266)",Northern Labrador,Arctic,Arctic,0.4054054054054054,0.38461538461538464,0.38461538461538464,0.3403258059372028,0.32542240043462795,0.32542240043462795
filbee_dexter_arctic_kelp,Pooh Corner,1,72.715144,-77.783171,1,2019-09-06,10,7.5,5,0,7.5,7.5,0,28,55,55,55,2,7.5,stipe_density,"c(-77.783171, 72.715144)",Baffin Bay - Davis Strait,Arctic,Arctic,0.75,0.5769230769230769,0.5769230769230769,0.5596157879354227,0.4554755286828257,0.4554755286828257
filbee_dexter_arctic_kelp,Qik,1,67.56163,-64.07281,1,2014-02-09,15,10,5,NA,10,10,2.833333333333333,28,55,55,55,2,10,stipe_density,"c(-64.07281, 67.56163)",Baffin Bay - Davis Strait,Arctic,Arctic,1,0.7692307692307693,0.7692307692307693,0.6931471805599453,0.5705448584676129,0.5705448584676129
filbee_dexter_arctic_kelp,Rocks near Durban,1,67.03925,-62.214,1,2014-03-09,15,10,5,0,10,10,10.416666666666668,28,55,55,55,2,10,stipe_density,"c(-62.214, 67.03925)",Baffin Bay - Davis Strait,Arctic,Arctic,1,0.7692307692307693,0.7692307692307693,0.6931471805599453,0.5705448584676129,0.5705448584676129
filbee_dexter_arctic_kelp,S. of Qik,1,67.5222,-64.062,1,2014-02-09,15,10,5,0,10,10,7.333333333333334,28,55,55,55,2,10,stipe_density,"c(-64.062, 67.5222)",Baffin Bay - Davis Strait,Arctic,Arctic,1,0.7692307692307693,0.7692307692307693,0.6931471805599453,0.5705448584676129,0.5705448584676129
filbee_dexter_arctic_kelp,Sheaties Cabin,1,72.593863,-78.400179,1,2019-09-06,10,7.5,5,NA,8,8,0,28,55,55,55,2,8,stipe_density,"c(-78.400179, 72.593863)",Baffin Bay - Davis Strait,Arctic,Arctic,0.8,0.6153846153846154,0.6153846153846154,0.5877866649021191,0.4795730802618863,0.4795730802618863
filbee_dexter_arctic_kelp,Starnes Fiord,1,76.7254,-82.56073,1,2020-09-14,10,10,10,0,4,4,0,28,55,55,55,2,4,stipe_density,"c(-82.56073, 76.7254)",Lancaster Sound,Arctic,Arctic,0.5714285714285714,0.3076923076923077,0.3076923076923077,0.4519851237430572,0.26826398659467937,0.26826398659467937
filbee_dexter_arctic_kelp,Station 10,1,64.97395,-86.2461166666667,1,2019-08-12,15,12.5,10,0,8,8,0,28,55,55,55,2,8,stipe_density,"c(-86.2461166666667, 64.97395)",Hudson Complex,Arctic,Arctic,0.6233766233766234,0.6153846153846154,0.6153846153846154,0.4845083154486173,0.4795730802618863,0.4795730802618863
filbee_dexter_arctic_kelp,Station 12,1,65.9092,-85.6152833333333,1,2019-08-13,15,12.5,10,0,6,6,6.25,28,55,55,55,2,6,stipe_density,"c(-85.6152833333333, 65.9092)",Hudson Complex,Arctic,Arctic,0.4675324675324675,0.46153846153846156,0.46153846153846156,0.3835823968586567,0.3794896217049038,0.3794896217049038
filbee_dexter_arctic_kelp,Station 13,1,66.25005,-86.1737333333333,1,2019-08-14,15,12.5,10,0,8,8,0,28,55,55,55,2,8,stipe_density,"c(-86.1737333333333, 66.25005)",Hudson Complex,Arctic,Arctic,0.6233766233766234,0.6153846153846154,0.6153846153846154,0.4845083154486173,0.4795730802618863,0.4795730802618863
filbee_dexter_arctic_kelp,Station 14,1,65.9340166666667,-84.7338333333333,1,2019-08-17,15,12.5,10,0,4,4,9,28,55,55,55,2,4,stipe_density,"c(-84.7338333333333, 65.9340166666667)",Hudson Complex,Arctic,Arctic,0.3116883116883117,0.3076923076923077,0.3076923076923077,0.27131509498757567,0.26826398659467937,0.26826398659467937
filbee_dexter_arctic_kelp,Station 17,1,64.8720333333333,-82.9218666666667,1,2019-08-20,15,12.5,10,0,7.5,7.5,3.333333333333333,28,55,55,55,2,7.5,stipe_density,"c(-82.9218666666667, 64.8720333333333)",Hudson Complex,Arctic,Arctic,0.5844155844155844,0.5769230769230769,0.5769230769230769,0.46021562287957263,0.4554755286828257,0.4554755286828257
filbee_dexter_arctic_kelp,Station 20,1,63.7819333333333,-80.17605,1,2019-08-22,15,12.5,10,0,8,8,0.8333333333333334,28,55,55,55,2,8,stipe_density,"c(-80.17605, 63.7819333333333)",Hudson Complex,Arctic,Arctic,0.6233766233766234,0.6153846153846154,0.6153846153846154,0.4845083154486173,0.4795730802618863,0.4795730802618863
filbee_dexter_arctic_kelp,Station 21,1,63.5185166666667,-80.8404166666667,1,2019-08-23,15,12.5,10,0,8,8,7,28,55,55,55,2,8,stipe_density,"c(-80.8404166666667, 63.5185166666667)",Hudson Complex,Arctic,Arctic,0.6233766233766234,0.6153846153846154,0.6153846153846154,0.4845083154486173,0.4795730802618863,0.4795730802618863
filbee_dexter_arctic_kelp,Station 22,1,62.9438,-81.9684,1,2019-08-24,15,12.5,10,0,8.5,8.5,2.5,28,55,55,55,2,8.5,stipe_density,"c(-81.9684, 62.9438)",Hudson Complex,Arctic,Arctic,0.6623376623376623,0.6538461538461539,0.6538461538461539,0.5082248420659334,0.5031035776720804,0.5031035776720804
filbee_dexter_arctic_kelp,Station 25,1,62.9472833333333,-81.8394,1,2019-08-26,15,12.5,10,0,7.5,7.5,2.5,28,55,55,55,2,7.5,stipe_density,"c(-81.8394, 62.9472833333333)",Hudson Complex,Arctic,Arctic,0.5844155844155844,0.5769230769230769,0.5769230769230769,0.46021562287957263,0.4554755286828257,0.4554755286828257
filbee_dexter_arctic_kelp,Station 3,1,63.64275,-82.3577333333333,1,2019-08-06,15,15,15,0,8,8,1.25,28,55,55,55,2,8,stipe_density,"c(-82.3577333333333, 63.64275)",Hudson Complex,Arctic,Arctic,0.6233766233766234,0.6153846153846154,0.6153846153846154,0.4845083154486173,0.4795730802618863,0.4795730802618863
filbee_dexter_arctic_kelp,Station 6,1,63.6916833333333,-87.3199921666667,1,2019-08-09,15,12.5,10,0,6,6,0,28,55,55,55,2,6,stipe_density,"c(-87.3199921666667, 63.6916833333333)",Hudson Complex,Arctic,Arctic,0.4675324675324675,0.46153846153846156,0.46153846153846156,0.3835823968586567,0.3794896217049038,0.3794896217049038
filbee_dexter_arctic_kelp,Station 8,1,64.3292666666667,-86.4056666666667,1,2019-08-10,15,12.5,10,0,7,7,0,28,55,55,55,2,7,stipe_density,"c(-86.4056666666667, 64.3292666666667)",Hudson Complex,Arctic,Arctic,0.5454545454545454,0.5384615384615384,0.5384615384615384,0.4353180712578455,0.43078291609245417,0.43078291609245417
filbee_dexter_arctic_kelp,Steensby Inlet T1,1,70.25066,-78.85715,1,2012-08-15,10,10,10,NA,11,11,1.6,28,55,55,55,2,11,stipe_density,"c(-78.85715, 70.25066)",Hudson Complex,Arctic,Arctic,0.8571428571428571,0.8461538461538461,0.8461538461538461,0.6190392084062235,0.6131044728864089,0.6131044728864089
filbee_dexter_arctic_kelp,Steensby Inlet T2,1,70.21439,-78.76381,1,2012-08-19,10,7.5,5,NA,9,9,2.5,28,55,55,55,2,9,stipe_density,"c(-78.76381, 70.21439)",Hudson Complex,Arctic,Arctic,0.7012987012987013,0.6923076923076923,0.6923076923076923,0.5313919013474677,0.5260930958967791,0.5260930958967791
filbee_dexter_arctic_kelp,Steensby Inlet T3,1,70.19653,-78.39088,1,2012-08-17,5,5,5,NA,10,10,0.33333333333333337,28,55,55,55,2,10,stipe_density,"c(-78.39088, 70.19653)",Hudson Complex,Arctic,Arctic,0.7792207792207791,0.7692307692307693,0.7692307692307693,0.576175503974441,0.5705448584676129,0.5705448584676129
filbee_dexter_arctic_kelp,Steensby Inlet T5,1,70.27333,-78.51007,1,2012-08-18,15,10,5,NA,6.333333333333333,6.333333333333333,0,28,55,55,55,2,6.333333333333333,stipe_density,"c(-78.51007, 70.27333)",Hudson Complex,Arctic,Arctic,0.49350649350649345,0.48717948717948717,0.48717948717948717,0.40112670650956617,0.39688136441677296,0.39688136441677296
filbee_dexter_arctic_kelp,Steensby Inlet T6,1,70.32535,-78.56289,1,2012-08-18,10,7.5,5,NA,3.5,3.5,0,28,55,55,55,2,3.5,stipe_density,"c(-78.56289, 70.32535)",Hudson Complex,Arctic,Arctic,0.2727272727272727,0.2692307692307692,0.2692307692307692,0.24116205681688804,0.23841102344499815,0.23841102344499815
filbee_dexter_arctic_kelp,Trevor's Cove,1,72.7535,-77.62215,1,2019-08-29,10,7.5,5,0,8,8,2.5,28,55,55,55,2,8,stipe_density,"c(-77.62215, 72.7535)",Baffin Bay - Davis Strait,Arctic,Arctic,0.8,0.6153846153846154,0.6153846153846154,0.5877866649021191,0.4795730802618863,0.4795730802618863
filbee_dexter_arctic_kelp,Turnagain,1,56.766,-61.307,1,2014-03-13,15,12.5,10,NA,9,9,0,28,55,55,55,2,9,stipe_density,"c(-61.307, 56.766)",Northern Labrador,Arctic,Arctic,0.7297297297297297,0.6923076923076923,0.6923076923076923,0.5479651707154475,0.5260930958967791,0.5260930958967791
filbee_dexter_arctic_kelp,Vaga20.23a,1,76.4230833333333,-83.15635,1,2020-08-28,10,10,10,NA,10,10,0,28,55,55,55,2,10,stipe_density,"c(-83.15635, 76.4230833333333)",Lancaster Sound,Arctic,Arctic,1.4285714285714286,0.7692307692307693,0.7692307692307693,0.8873031950009029,0.5705448584676129,0.5705448584676129
Godbout_StLawrence,Godbout,1,49.30155,-67.67941,5,2019-06-04,6,6,6,NA,0.1,0.1,NA,12,34,34,0,2,0.1,stipe_density,"c(-67.67941, 49.30155)",Gulf of St. Lawrence - Eastern Scotian Shelf,Cold Temperate Northwest Atlantic,Temperate Northern Atlantic,0.0010673484553866072,4.012549576760371e-4,4.012549576760371e-4,0.001066779244019332,4.011744764337049e-4,4.011744764337049e-4
Godbout_StLawrence,Godbout,2,49.30240333333333,-67.69227333333333,5,2019-06-05,6,3.3333333333333335,2,NA,5.966666666666667,5.966666666666667,NA,12,34,34,0,2,5.966666666666667,stipe_density,"c(-67.6922733333333, 49.3024033333333)",Gulf of St. Lawrence - Eastern Scotian Shelf,Cold Temperate Northwest Atlantic,Temperate Northern Atlantic,0.06368512450473422,0.023941545808003544,0.023941545808003544,0.06173941150601599,0.023659440816081064,0.023659440816081064
Godbout_StLawrence,Godbout,3,49.30217,-67.69877,5,2019-06-06,6,6,6,NA,3.13333333333333,3.13333333333333,NA,12,34,34,0,2,3.13333333333333,stipe_density,"c(-67.69877, 49.30217)",Gulf of St. Lawrence - Eastern Scotian Shelf,Cold Temperate Northwest Atlantic,Temperate Northern Atlantic,0.03344358493544699,0.012572655340515814,0.012572655340515814,0.032896512230293405,0.012494275785052467,0.012494275785052467
Godbout_StLawrence,Godbout,4,49.302189999999996,-67.68905749999999,5,2019-06-15,6,4,2,NA,20.726068376068376,20.726068376068376,NA,12,34,34,0,2,20.726068376068376,stipe_density,"c(-67.6890575, 49.30219)",Gulf of St. Lawrence - Eastern Scotian Shelf,Cold Temperate Northwest Atlantic,Temperate Northern Atlantic,0.22121937067433786,0.08316437689029967,0.08316437689029967,0.19984984375273473,0.07988673571697362,0.07988673571697362
Godbout_StLawrence,Godbout,5,49.30252,-67.68902499999999,5,2019-07-03,2,2,2,16.50268,7.791666666666663,7.791666666666663,NA,12,34,34,0,2,7.791666666666663,stipe_density,"c(-67.689025, 49.30252)",Gulf of St. Lawrence - Eastern Scotian Shelf,Cold Temperate Northwest Atlantic,Temperate Northern Atlantic,0.08316423381553976,0.0312644487855912,0.0312644487855912,0.07988660362735517,0.03078566951220482,0.03078566951220482
Godbout_StLawrence,Godbout,6,49.30186,-67.68909,5,2019-07-04,6,6,6,NA,2.0916666666666646,2.0916666666666646,NA,12,34,34,0,2,2.0916666666666646,stipe_density,"c(-67.68909, 49.30186)",Gulf of St. Lawrence - Eastern Scotian Shelf,Cold Temperate Northwest Atlantic,Temperate Northern Atlantic,0.02232537185850318,0.008392916198057099,0.008392916198057099,0.022079808880864478,0.008357891513277762,0.008357891513277762
Godbout_StLawrence,Godbout,7,49.302189999999996,-67.68905749999999,5,2019-07-15,6,4,2,NA,66.13095238095221,66.13095238095221,NA,12,34,34,0,2,66.13095238095221,stipe_density,"c(-67.6890575, 49.30219)",Gulf of St. Lawrence - Eastern Scotian Shelf,Cold Temperate Northwest Atlantic,Temperate Northern Atlantic,0.7058476987705461,0.26535372498695,0.26535372498695,0.5340621712100977,0.23535170758745333,0.23535170758745333
Godbout_StLawrence,Godbout,8,49.30252,-67.68902499999999,5,2019-08-06,2,2,2,NA,9.458333333333332,9.458333333333332,NA,12,34,34,0,2,9.458333333333332,stipe_density,"c(-67.689025, 49.30252)",Gulf of St. Lawrence - Eastern Scotian Shelf,Cold Temperate Northwest Atlantic,Temperate Northern Atlantic,0.10095337473864992,0.03795203141352516,0.03795203141352516,0.09617650874088478,0.03724957116481109,0.03724957116481109
Godbout_StLawrence,Godbout,9,49.30186,-67.68909,5,2019-08-07,6,6,6,NA,4.466666666666666,4.466666666666666,NA,12,34,34,0,2,4.466666666666666,stipe_density,"c(-67.68909, 49.30186)",Gulf of St. Lawrence - Eastern Scotian Shelf,Cold Temperate Northwest Atlantic,Temperate Northern Atlantic,0.04767489767393511,0.017922721442862985,0.017922721442862985,0.04657332562991886,0.01776400310821732,0.01776400310821732
Godbout_StLawrence,Godbout,10,49.302189999999996,-67.68905749999999,5,2019-08-15,6,4,2,NA,21.981818181818177,21.981818181818177,NA,12,34,34,0,2,21.981818181818177,stipe_density,"c(-67.6890575, 49.30219)",Gulf of St. Lawrence - Eastern Scotian Shelf,Cold Temperate Northwest Atlantic,Temperate Northern Atlantic,0.23462259682952868,0.08820313524187794,0.08820313524187794,0.21076533376620288,0.08452783619205645,0.08452783619205645
Godbout_StLawrence,Godbout,11,49.302189999999996,-67.68905749999999,5,2019-10-15,6,4,2,NA,59.83333333333334,59.83333333333334,NA,12,34,34,0,2,59.83333333333334,stipe_density,"c(-67.6890575, 49.30219)",Gulf of St. Lawrence - Eastern Scotian Shelf,Cold Temperate Northwest Atlantic,Temperate Northern Atlantic,0.6386301591396534,0.24008421634282887,0.24008421634282887,0.49386062398745384,0.21517929371623806,0.21517929371623806
Godbout_StLawrence,Godbout,12,49.30224,-67.68660312499999,5,2019-10-16,6,3.5,2,2.2758948412698397,NA,NA,NA,12,34,34,0,2,NA,stipe_density,"c(-67.686603125, 49.30224)",Gulf of St. Lawrence - Eastern Scotian Shelf,Cold Temperate Northwest Atlantic,Temperate Northern Atlantic,NA,NA,NA,NA,NA,NA
Godbout_StLawrence,Godbout,13,49.30265,-67.69881,5,2019-12-09,2,2,2,NA,9.750000000000005,9.750000000000005,NA,12,34,34,0,2,9.750000000000005,stipe_density,"c(-67.69881, 49.30265)",Gulf of St. Lawrence - Eastern Scotian Shelf,Cold Temperate Northwest Atlantic,Temperate Northern Atlantic,0.10406647440019426,0.03912235837341363,0.03912235837341363,0.09900015836123116,0.038376470701479835,0.038376470701479835
Godbout_StLawrence,Godbout,14,49.30186,-67.68909,5,2019-12-10,6,6,6,NA,3.283333333333335,3.283333333333335,NA,12,34,34,0,2,3.283333333333335,stipe_density,"c(-67.68909, 49.30186)",Gulf of St. Lawrence - Eastern Scotian Shelf,Cold Temperate Northwest Atlantic,Temperate Northern Atlantic,0.03504460761852695,0.01317453777702989,0.01317453777702989,0.03444452493692596,0.013088508329241428,0.013088508329241428
Godbout_StLawrence,Godbout,15,49.302123333333334,-67.69233,5,2019-12-15,6,4.666666666666667,2,NA,50.3939393939394,50.3939393939394,NA,12,34,34,0,2,50.3939393939394,stipe_density,"c(-67.69233, 49.3021233333333)",Gulf of St. Lawrence - Eastern Scotian Shelf,Cold Temperate Northwest Atlantic,Temperate Northern Atlantic,0.5378789337296751,0.2022081801864393,0.2022081801864393,0.43040415129441245,0.184160015947171,0.184160015947171
Godbout_StLawrence,Godbout,16,49.30252,-67.68902499999999,5,2020-02-05,2,2,2,NA,9.291666666666668,9.291666666666668,NA,12,34,34,0,2,9.291666666666668,stipe_density,"c(-67.689025, 49.30252)",Gulf of St. Lawrence - Eastern Scotian Shelf,Cold Temperate Northwest Atlantic,Temperate Northern Atlantic,0.09917446064633893,0.03728327315073178,0.03728327315073178,0.09455940772397313,0.03660505795276955,0.03660505795276955
Godbout_StLawrence,Godbout,17,49.302189999999996,-67.68905749999999,5,2020-02-15,6,4,2,NA,46.88181818181816,46.88181818181816,NA,12,34,34,0,2,46.88181818181816,stipe_density,"c(-67.6890575, 49.30219)",Gulf of St. Lawrence - Eastern Scotian Shelf,Cold Temperate Northwest Atlantic,Temperate Northern Atlantic,0.5003923622207936,0.1881156197032111,0.1881156197032111,0.4057266487172997,0.17236853918738002,0.17236853918738002
Godbout_StLawrence,Godbout,18,49.302036666666666,-67.68580666666666,5,2020-02-26,6,4.666666666666667,2,NA,5.483333333333335,5.483333333333335,NA,12,34,34,0,2,5.483333333333335,stipe_density,"c(-67.6858066666667, 49.3020366666667)",Gulf of St. Lawrence - Eastern Scotian Shelf,Cold Temperate Northwest Atlantic,Temperate Northern Atlantic,0.05852627363703231,0.022002146845902706,0.022002146845902706,0.05687763285963314,0.021763592411305023,0.021763592411305023
Godbout_StLawrence,Godbout,19,49.30186,-67.68909,5,2020-02-27,6,6,6,0.249222222222222,NA,NA,NA,12,34,34,0,2,NA,stipe_density,"c(-67.68909, 49.30186)",Gulf of St. Lawrence - Eastern Scotian Shelf,Cold Temperate Northwest Atlantic,Temperate Northern Atlantic,NA,NA,NA,NA,NA,NA
Godbout_StLawrence,Godbout,20,49.302189999999996,-67.68905749999999,5,2020-07-09,6,4,2,8.610038888888889,9.075,9.075,NA,12,34,34,0,2,9.075,stipe_density,"c(-67.6890575, 49.30219)",Gulf of St. Lawrence - Eastern Scotian Shelf,Cold Temperate Northwest Atlantic,Temperate Northern Atlantic,0.09686187232633459,0.03641388740910036,0.03641388740910036,0.09245325935097798,0.03576656927746779,0.03576656927746779
Godbout_StLawrence,Godbout,21,49.302189999999996,-67.68905749999999,5,2020-07-15,6,4,2,NA,44.80555555555564,44.80555555555564,NA,12,34,34,0,2,44.80555555555564,stipe_density,"c(-67.6890575, 49.30219)",Gulf of St. Lawrence - Eastern Scotian Shelf,Cold Temperate Northwest Atlantic,Temperate Northern Atlantic,0.47823140514961127,0.17978451298095804,0.17978451298095804,0.3908463766778134,0.16533180568338776,0.16533180568338776
Godbout_StLawrence,Godbout,22,49.30252,-67.68902499999999,5,2020-10-05,2,2,2,0.9934400000000001,8.450000000000005,8.450000000000005,NA,12,34,34,0,2,8.450000000000005,stipe_density,"c(-67.689025, 49.30252)",Gulf of St. Lawrence - Eastern Scotian Shelf,Cold Temperate Northwest Atlantic,Temperate Northern Atlantic,0.09019094448016836,0.033906043923625145,0.033906043923625145,0.08635285932127697,0.033343905346035665,0.033343905346035665
Godbout_StLawrence,Godbout,23,49.302455,-67.68413249999999,5,2020-10-06,2,2,2,1.4726,NA,NA,NA,12,34,34,0,2,NA,stipe_density,"c(-67.6841325, 49.302455)",Gulf of St. Lawrence - Eastern Scotian Shelf,Cold Temperate Northwest Atlantic,Temperate Northern Atlantic,NA,NA,NA,NA,NA,NA
Godbout_StLawrence,Godbout,24,49.30217,-67.69877,5,2020-10-07,6,6,6,NA,3.01666666666667,3.01666666666667,NA,12,34,34,0,2,3.01666666666667,stipe_density,"c(-67.69877, 49.30217)",Gulf of St. Lawrence - Eastern Scotian Shelf,Cold Temperate Northwest Atlantic,Temperate Northern Atlantic,0.03219834507082935,0.012104524556560465,0.012104524556560465,0.031690843428384644,0.01203185066667273,0.01203185066667273
Godbout_StLawrence,Godbout,25,49.301653333333334,-67.68263666666667,5,2020-10-08,6,6,6,NA,1.16666666666667,1.16666666666667,NA,12,34,34,0,2,1.16666666666667,stipe_density,"c(-67.6826366666667, 49.3016533333333)",Gulf of St. Lawrence - Eastern Scotian Shelf,Cold Temperate Northwest Atlantic,Temperate Northern Atlantic,0.01245239864617712,0.004681307839553779,0.004681307839553779,0.012375505210591269,0.004670384594791278,0.004670384594791278
Godbout_StLawrence,Godbout,26,49.302189999999996,-67.68905749999999,5,2020-10-15,6,4,2,NA,57.55757575757584,57.55757575757584,NA,12,34,34,0,2,57.55757575757584,stipe_density,"c(-67.6890575, 49.30219)",Gulf of St. Lawrence - Eastern Scotian Shelf,Cold Temperate Northwest Atlantic,Temperate Northern Atlantic,0.614339895806462,0.23095262624541388,0.23095262624541388,0.4789261398736453,0.20778836250193106,0.20778836250193106
Godbout_StLawrence,Godbout,27,49.302189999999996,-67.68905749999999,5,2021-03-15,6,4,2,NA,75.66666666666674,75.66666666666674,NA,12,34,34,0,2,75.66666666666674,stipe_density,"c(-67.6890575, 49.30219)",Gulf of St. Lawrence - Eastern Scotian Shelf,Cold Temperate Northwest Atlantic,Temperate Northern Atlantic,0.8076269979092002,0.30361625130820163,0.30361625130820163,0.592014934219728,0.2651421343873021,0.2651421343873021
Godbout_StLawrence,Godbout,28,49.30265,-67.69881,5,2021-03-18,2,2,2,NA,5.71666666666666,5.71666666666666,NA,12,34,34,0,2,5.71666666666666,stipe_density,"c(-67.69881, 49.30265)",Gulf of St. Lawrence - Eastern Scotian Shelf,Cold Temperate Northwest Atlantic,Temperate Northern Atlantic,0.061016753366267634,0.02293840841381342,0.02293840841381342,0.05922764967331613,0.02267927832786857,0.02267927832786857
Godbout_StLawrence,Godbout,29,49.302279999999996,-67.689005,5,2021-03-19,6,4,2,NA,2.183333333333332,2.183333333333332,NA,12,34,34,0,2,2.183333333333332,stipe_density,"c(-67.689005, 49.30228)",Gulf of St. Lawrence - Eastern Scotian Shelf,Cold Temperate Northwest Atlantic,Temperate Northern Atlantic,0.023303774609274238,0.00876073324259347,0.00876073324259347,0.023036387767186108,0.00872258068677214,0.00872258068677214
Godbout_StLawrence,Godbout,30,49.30155,-67.67941,5,2021-03-23,6,6,6,NA,1.1,1.1,NA,12,34,34,0,2,1.1,stipe_density,"c(-67.67941, 49.30155)",Gulf of St. Lawrence - Eastern Scotian Shelf,Cold Temperate Northwest Atlantic,Temperate Northern Atlantic,0.01174083300925268,0.004413804534436408,0.004413804534436408,0.01167244420326575,0.004404092267414057,0.004404092267414057
Godbout_StLawrence,Godbout,31,49.30265,-67.69881,5,2021-06-15,2,2,2,NA,139.272727272727,139.272727272727,NA,12,34,34,0,2,139.272727272727,stipe_density,"c(-67.69881, 49.30265)",Gulf of St. Lawrence - Eastern Scotian Shelf,Cold Temperate Northwest Atlantic,Temperate Northern Atlantic,1.4865253033202535,0.5588387228724432,0.5588387228724432,0.9108862754008917,0.44394113563682097,0.44394113563682097
Godbout_StLawrence,Godbout,32,49.30265,-67.69881,5,2021-06-18,2,2,2,0.50428,NA,NA,NA,12,34,34,0,2,NA,stipe_density,"c(-67.69881, 49.30265)",Gulf of St. Lawrence - Eastern Scotian Shelf,Cold Temperate Northwest Atlantic,Temperate Northern Atlantic,NA,NA,NA,NA,NA,NA
Godbout_StLawrence,Godbout,33,49.30217,-67.69877,5,2021-06-19,6,6,6,0.0592,NA,NA,NA,12,34,34,0,2,NA,stipe_density,"c(-67.69877, 49.30217)",Gulf of St. Lawrence - Eastern Scotian Shelf,Cold Temperate Northwest Atlantic,Temperate Northern Atlantic,NA,NA,NA,NA,NA,NA
Godbout_StLawrence,Godbout,34,49.30155,-67.67941,5,2021-06-23,6,6,6,0.72,NA,NA,NA,12,34,34,0,2,NA,stipe_density,"c(-67.67941, 49.30155)",Gulf of St. Lawrence - Eastern Scotian Shelf,Cold Temperate Northwest Atlantic,Temperate Northern Atlantic,NA,NA,NA,NA,NA,NA
Godbout_StLawrence,Godbout,35,49.30265,-67.69881,5,2021-06-29,2,2,2,NA,6.65,6.65,NA,12,34,34,0,2,6.65,stipe_density,"c(-67.69881, 49.30265)",Gulf of St. Lawrence - Eastern Scotian Shelf,Cold Temperate Northwest Atlantic,Temperate Northern Atlantic,0.07097867228320938,0.026683454685456465,0.026683454685456465,0.06857287743279022,0.02633366015003511,0.02633366015003511
Godbout_StLawrence,Godbout,36,49.302036666666666,-67.68580666666666,5,2021-06-30,6,4.666666666666667,2,NA,2.7222222222222237,2.7222222222222237,NA,12,34,34,0,2,2.7222222222222237,stipe_density,"c(-67.6858066666667, 49.3020366666667)",Gulf of St. Lawrence - Eastern Scotian Shelf,Cold Temperate Northwest Atlantic,Temperate Northern Atlantic,0.029055596841079875,0.010923051625625459,0.010923051625625459,0.028641485364241187,0.010863825990028012,0.010863825990028012
Godbout_StLawrence,Godbout,37,49.30186,-67.68909,5,2021-07-01,6,6,6,0.4317444444444445,NA,NA,NA,12,34,34,0,2,NA,stipe_density,"c(-67.68909, 49.30186)",Gulf of St. Lawrence - Eastern Scotian Shelf,Cold Temperate Northwest Atlantic,Temperate Northern Atlantic,NA,NA,NA,NA,NA,NA
Godbout_StLawrence,Godbout,38,49.302036666666666,-67.68580666666666,5,2021-07-15,6,4.666666666666667,2,NA,59.14444444444433,59.14444444444433,NA,12,34,34,0,2,59.14444444444433,stipe_density,"c(-67.6858066666667, 49.3020366666667)",Gulf of St. Lawrence - Eastern Scotian Shelf,Cold Temperate Northwest Atlantic,Temperate Northern Atlantic,0.6312773142247665,0.23732001552328233,0.23732001552328233,0.4893633363010287,0.21294776288160683,0.21294776288160683
Godbout_StLawrence,Godbout,39,49.30252,-67.68902499999999,5,2021-10-14,2,2,2,NA,0.21666666666666687,0.21666666666666687,NA,12,34,34,0,2,0.21666666666666687,stipe_density,"c(-67.689025, 49.30252)",Gulf of St. Lawrence - Eastern Scotian Shelf,Cold Temperate Northwest Atlantic,Temperate Northern Atlantic,0.0023125883200043177,8.693857416314143e-4,8.693857416314143e-4,0.0023099184031222203,8.690080447411112e-4,8.690080447411112e-4
Godbout_StLawrence,Godbout,40,49.30241,-67.68903583333332,5,2021-10-15,6,2.6666666666666665,2,NA,NA,NA,NA,12,34,34,0,2,NA,stipe_density,"c(-67.6890358333333, 49.30241)",Gulf of St. Lawrence - Eastern Scotian Shelf,Cold Temperate Northwest Atlantic,Temperate Northern Atlantic,NA,NA,NA,NA,NA,NA
Godbout_StLawrence,Godbout,41,49.30155,-67.67941,5,2021-10-16,6,6,6,NA,2.85,2.85,NA,12,34,34,0,2,2.85,stipe_density,"c(-67.67941, 49.30155)",Gulf of St. Lawrence - Eastern Scotian Shelf,Cold Temperate Northwest Atlantic,Temperate Northern Atlantic,0.030419430978518305,0.011435766293767056,0.011435766293767056,0.0299659338944553,0.011370872192297514,0.011370872192297514
Godbout_StLawrence,Godbout,42,49.30155,-67.67941,5,2021-10-17,6,6,6,0.6446,NA,NA,NA,12,34,34,0,2,NA,stipe_density,"c(-67.67941, 49.30155)",Gulf of St. Lawrence - Eastern Scotian Shelf,Cold Temperate Northwest Atlantic,Temperate Northern Atlantic,NA,NA,NA,NA,NA,NA
Godbout_StLawrence,Godbout,43,49.30217,-67.69877,5,2021-10-18,6,6,6,NA,5.1,5.1,NA,12,34,34,0,2,5.1,stipe_density,"c(-67.69877, 49.30217)",Gulf of St. Lawrence - Eastern Scotian Shelf,Cold Temperate Northwest Atlantic,Temperate Northern Atlantic,0.05443477122471696,0.020464002841477886,0.020464002841477886,0.05300486148404937,0.020257428604930912,0.020257428604930912
Godbout_StLawrence,Godbout,44,49.30217,-67.69877,5,2021-10-19,6,6,6,0.1072,NA,NA,NA,12,34,34,0,2,NA,stipe_density,"c(-67.69877, 49.30217)",Gulf of St. Lawrence - Eastern Scotian Shelf,Cold Temperate Northwest Atlantic,Temperate Northern Atlantic,NA,NA,NA,NA,NA,NA
gulf_of_maine_ios_southwestern_gom,Appledore Island,1,42.9878221649485,-70.6179281720951,0.25,1979-06-15,8,8,8,NA,NA,NA,40,0,0,0,20,4,40,percent_cover,"c(-70.6179281720951, 42.9878221649485)",Gulf of Maine/Bay of Fundy,Cold Temperate Northwest Atlantic,Temperate Northern Atlantic,0.4,0.16050198307041483,0.16050198307041483,0.3364722366212129,0.14885265553780105,0.14885265553780105
gulf_of_maine_ios_southwestern_gom,Appledore Island,2,42.9878221649485,-70.6179281720951,0.25,1990-06-15,8,8,8,NA,NA,NA,53,0,0,0,20,4,53,percent_cover,"c(-70.6179281720951, 42.9878221649485)",Gulf of Maine/Bay of Fundy,Cold Temperate Northwest Atlantic,Temperate Northern Atlantic,0.53,0.21266512756829964,0.21266512756829964,0.4252677354043441,0.1928205222419958,0.1928205222419958
gulf_of_maine_ios_southwestern_gom,Appledore Island,3,42.9878221649485,-70.6179281720951,0.25,1991-06-15,8,8,8,NA,NA,NA,14.83,0,0,0,20,4,14.83,percent_cover,"c(-70.6179281720951, 42.9878221649485)",Gulf of Maine/Bay of Fundy,Cold Temperate Northwest Atlantic,Temperate Northern Atlantic,0.1483,0.05950611022335629,0.05950611022335629,0.13828258780000646,0.05780286579156571,0.05780286579156571
gulf_of_maine_ios_southwestern_gom,Appledore Island,4,42.9878221649485,-70.6179281720951,0.25,1992-06-15,8,8,8,NA,NA,NA,9.17,0,0,0,20,4,9.17,percent_cover,"c(-70.6179281720951, 42.9878221649485)",Gulf of Maine/Bay of Fundy,Cold Temperate Northwest Atlantic,Temperate Northern Atlantic,0.0917,0.0367950796188926,0.0367950796188926,0.08773611430408668,0.03613430086666124,0.03613430086666124
gulf_of_maine_ios_southwestern_gom,Appledore Island,5,42.9878221649485,-70.6179281720951,0.25,1996-06-15,8,8,8,NA,NA,NA,0.45,0,0,0,20,4,0.45,percent_cover,"c(-70.6179281720951, 42.9878221649485)",Gulf of Maine/Bay of Fundy,Cold Temperate Northwest Atlantic,Temperate Northern Atlantic,0.0045000000000000005,0.0018056473095421667,0.0018056473095421667,0.004489905272852001,0.0018040190881401092,0.0018040190881401092
gulf_of_maine_ios_southwestern_gom,Appledore Island,6,42.9878221649485,-70.6179281720951,0.25,1997-06-15,8,8,8,NA,NA,NA,0.45,0,0,0,20,4,0.45,percent_cover,"c(-70.6179281720951, 42.9878221649485)",Gulf of Maine/Bay of Fundy,Cold Temperate Northwest Atlantic,Temperate Northern Atlantic,0.0045000000000000005,0.0018056473095421667,0.0018056473095421667,0.004489905272852001,0.0018040190881401092,0.0018040190881401092
gulf_of_maine_ios_southwestern_gom,Appledore Island,7,42.9878221649485,-70.6179281720951,0.25,1998-06-15,8,8,8,NA,NA,NA,0.9,0,0,0,20,4,0.9,percent_cover,"c(-70.6179281720951, 42.9878221649485)",Gulf of Maine/Bay of Fundy,Cold Temperate Northwest Atlantic,Temperate Northern Atlantic,0.009000000000000001,0.0036112946190843334,0.0036112946190843334,0.008959741371471801,0.0036047895511119735,0.0036047895511119735
gulf_of_maine_ios_southwestern_gom,Appledore Island,8,42.9878221649485,-70.6179281720951,0.25,2014-06-15,8,8,8,NA,NA,NA,12.5,0,0,0,20,4,12.5,percent_cover,"c(-70.6179281720951, 42.9878221649485)",Gulf of Maine/Bay of Fundy,Cold Temperate Northwest Atlantic,Temperate Northern Atlantic,0.125,0.05015686970950463,0.05015686970950463,0.11778303565638346,0.04893955273374259,0.04893955273374259
gulf_of_maine_ios_southwestern_gom,Lunging Island,1,42.9771262886598,-70.6244422136091,0.25,2014-06-15,8,8,8,NA,NA,NA,15.2,0,0,0,20,4,15.2,percent_cover,"c(-70.6244422136091, 42.9771262886598)",Gulf of Maine/Bay of Fundy,Cold Temperate Northwest Atlantic,Temperate Northern Atlantic,0.152,0.06099075356675763,0.06099075356675763,0.14149956227369942,0.05920314476517951,0.05920314476517951
gulf_of_maine_ios_southwestern_gom,Star Island,1,42.9737757731959,-70.6163436755105,0.25,1977-06-15,8,8,8,NA,NA,NA,6.694,0,0,0,20,4,6.694,percent_cover,"c(-70.6163436755105, 42.9737757731959)",Gulf of Maine/Bay of Fundy,Cold Temperate Northwest Atlantic,Temperate Northern Atlantic,0.06694,0.02686000686683392,0.02686000686683392,0.06479473831114765,0.02650560896447998,0.02650560896447998
gulf_of_maine_ios_southwestern_gom,Star Island,2,42.9737757731959,-70.6163436755105,0.25,1983-06-15,8,8,8,NA,NA,NA,55,0,0,0,20,4,55,percent_cover,"c(-70.6163436755105, 42.9737757731959)",Gulf of Maine/Bay of Fundy,Cold Temperate Northwest Atlantic,Temperate Northern Atlantic,0.55,0.22069022672182037,0.22069022672182037,0.4382549309311553,0.19941645837158545,0.19941645837158545
gulf_of_maine_ios_southwestern_gom,Star Island,3,42.9737757731959,-70.6163436755105,0.25,1987-06-15,8,8,8,NA,NA,NA,0.363636363636364,0,0,0,20,4,0.363636363636364,percent_cover,"c(-70.6163436755105, 42.9737757731959)",Gulf of Maine/Bay of Fundy,Cold Temperate Northwest Atlantic,Temperate Northern Atlantic,0.00363636363636364,0.0014591089370037725,0.0014591089370037725,0.003629768050578731,0.001458045471907315,0.001458045471907315
gulf_of_maine_ios_southwestern_gom,Star Island,4,42.9737757731959,-70.6163436755105,0.25,1994-06-15,8,8,8,NA,NA,NA,85,0,0,0,20,4,85,percent_cover,"c(-70.6163436755105, 42.9737757731959)",Gulf of Maine/Bay of Fundy,Cold Temperate Northwest Atlantic,Temperate Northern Atlantic,0.85,0.34106671402463146,0.34106671402463146,0.6151856390902335,0.29346535252116207,0.29346535252116207
gulf_of_maine_ios_southwestern_gom,Star Island,5,42.9737757731959,-70.6163436755105,0.25,1997-06-15,8,8,8,NA,NA,NA,6.9,0,0,0,20,4,6.9,percent_cover,"c(-70.6163436755105, 42.9737757731959)",Gulf of Maine/Bay of Fundy,Cold Temperate Northwest Atlantic,Temperate Northern Atlantic,0.069,0.027686592079646556,0.027686592079646556,0.06672363204290813,0.027310249032350832,0.027310249032350832
gulf_of_maine_ios_southwestern_gom,Star Island,6,42.9737757731959,-70.6163436755105,0.25,2000-06-15,8,8,8,NA,NA,NA,13.2857142857142,0,0,0,20,4,13.2857142857142,percent_cover,"c(-70.6163436755105, 42.9737757731959)",Gulf of Maine/Bay of Fundy,Cold Temperate Northwest Atlantic,Temperate Northern Atlantic,0.132857142857142,0.053309587234101716,0.053309587234101716,0.12474288659144266,0.051937194911503164,0.051937194911503164
gulf_of_maine_ios_southwestern_gom,Star Island,7,42.9737757731959,-70.6163436755105,0.25,2008-06-15,8,8,8,NA,NA,NA,2,0,0,0,20,4,2,percent_cover,"c(-70.6163436755105, 42.9737757731959)",Gulf of Maine/Bay of Fundy,Cold Temperate Northwest Atlantic,Temperate Northern Atlantic,0.02,0.00802509915352074,0.00802509915352074,0.01980262729617973,0.007993069293067727,0.007993069293067727
gulf_of_maine_ios_southwestern_gom,Star Island,8,42.9737757731959,-70.6163436755105,0.25,2012-06-15,8,8,8,NA,NA,NA,2,0,0,0,20,4,2,percent_cover,"c(-70.6163436755105, 42.9737757731959)",Gulf of Maine/Bay of Fundy,Cold Temperate Northwest Atlantic,Temperate Northern Atlantic,0.02,0.00802509915352074,0.00802509915352074,0.01980262729617973,0.007993069293067727,0.007993069293067727
gulf_of_maine_ios_southwestern_gom,Star Island,9,42.9737757731959,-70.6163436755105,0.25,2015-06-15,8,8,8,NA,NA,NA,2.74324324324324,0,0,0,20,4,2.74324324324324,percent_cover,"c(-70.6163436755105, 42.9737757731959)",Gulf of Maine/Bay of Fundy,Cold Temperate Northwest Atlantic,Temperate Northern Atlantic,0.0274324324324324,0.011007399514626409,0.011007399514626409,0.02706290603617552,0.010947259017115837,0.010947259017115837
gulf_of_maine_ios_southwestern_gom,White Island,1,42.967719072165,-70.6256745998415,0.25,1998-06-15,8,8,8,NA,NA,NA,13.507142857142856,0,0,0,20,4,13.507142857142856,percent_cover,"c(-70.6256745998415, 42.967719072165)",Gulf of Maine/Bay of Fundy,Cold Temperate Northwest Atlantic,Temperate Northern Atlantic,0.13507142857142856,0.05419808035467043,0.05419808035467043,0.12669558161524064,0.05278036448746372,0.05278036448746372
gulf_of_maine_ios_southwestern_gom,White Island,2,42.967719072165,-70.6256745998415,0.25,2012-06-15,8,8,8,NA,NA,NA,5.3,0,0,0,20,4,5.3,percent_cover,"c(-70.6256745998415, 42.967719072165)",Gulf of Maine/Bay of Fundy,Cold Temperate Northwest Atlantic,Temperate Northern Atlantic,0.053,0.02126651275682996,0.02126651275682996,0.051643233151838386,0.021043536223490627,0.021043536223490627
hubline,HublineFill,1,42.3437,-70.90597,1,2006-07-05,10,10,10,NA,2.2,2.2,13.6,0,91,91,91,2,2.2,stipe_density,"c(-70.90597, 42.3437)",Gulf of Maine/Bay of Fundy,Cold Temperate Northwest Atlantic,Temperate Northern Atlantic,0.05438365194462756,0.008827609068872816,0.008827609068872816,0.05295638004104036,0.008788873522531961,0.008788873522531961
hubline,HublineFill,2,42.3437,-70.90597,1,2006-07-06,10,10,10,NA,16.88888888888889,16.88888888888889,26.666666666666668,0,91,91,91,2,16.88888888888889,stipe_density,"c(-70.90597, 42.3437)",Gulf of Maine/Bay of Fundy,Cold Temperate Northwest Atlantic,Temperate Northern Atlantic,0.4174906613931004,0.06776750396306404,0.06776750396306404,0.34888816851559973,0.06557002392098099,0.06557002392098099
hubline,HublineFill,3,42.342945,-70.90664,1,2006-07-18,10,10,10,NA,6.9375,6.9375,0.78125,0,91,91,91,2,6.9375,stipe_density,"c(-70.90664, 42.342945)",Gulf of Maine/Bay of Fundy,Cold Temperate Northwest Atlantic,Temperate Northern Atlantic,0.1714939024390244,0.02783706268877507,0.02783706268877507,0.15827977403456142,0.027456655140641887,0.027456655140641887
hubline,HublineFill,4,42.3437,-70.90597,1,2006-08-02,10,10,10,NA,22.625,22.625,28.625,0,91,91,91,2,22.625,stipe_density,"c(-70.90597, 42.3437)",Gulf of Maine/Bay of Fundy,Cold Temperate Northwest Atlantic,Temperate Northern Atlantic,0.5592864205669084,0.09078393417420338,0.09078393417420338,0.444228293898242,0.08689664340100307,0.08689664340100307
hubline,HublineFill,5,42.342945,-70.90664,1,2006-08-10,10,10,10,NA,9.875,9.875,2.125,0,91,91,91,2,9.875,stipe_density,"c(-70.90664, 42.342945)",Gulf of Maine/Bay of Fundy,Cold Temperate Northwest Atlantic,Temperate Northern Atlantic,0.2441084377059987,0.03962392707050866,0.03962392707050866,0.2184191590919823,0.03885903917108139,0.03885903917108139
hubline,HublineFill,6,42.34224,-70.907035,1,2006-09-22,10,10,10,NA,1,1,0.5,0,91,91,91,2,1,stipe_density,"c(-70.907035, 42.34224)",Gulf of Maine/Bay of Fundy,Cold Temperate Northwest Atlantic,Temperate Northern Atlantic,0.024719841793012527,0.00401254957676037,0.00401254957676037,0.02441925015027629,0.0040045207698650356,0.0040045207698650356
hubline,HublineFill,7,42.342945,-70.90664,1,2006-11-20,10,10,10,NA,1.2,1.2,0.9,0,91,91,91,2,1.2,stipe_density,"c(-70.90664, 42.342945)",Gulf of Maine/Bay of Fundy,Cold Temperate Northwest Atlantic,Temperate Northern Atlantic,0.02966381015161503,0.0048150594921124446,0.0048150594921124446,0.029232351051099115,0.004803504171348362,0.004803504171348362
hubline,HublineFill,8,42.3437,-70.90597,1,2007-03-14,10,10,10,NA,1.25,1.25,0.625,0,91,91,91,2,1.25,stipe_density,"c(-70.90597, 42.3437)",Gulf of Maine/Bay of Fundy,Cold Temperate Northwest Atlantic,Temperate Northern Atlantic,0.030899802241265657,0.005015686970950463,0.005015686970950463,0.030432015289031826,0.005003150315540017,0.005003150315540017
hubline,HublineFill,9,42.342945,-70.90664,1,2007-05-23,10,10,10,NA,2,2,1,0,91,91,91,2,2,stipe_density,"c(-70.90664, 42.342945)",Gulf of Maine/Bay of Fundy,Cold Temperate Northwest Atlantic,Temperate Northern Atlantic,0.04943968358602505,0.00802509915352074,0.00802509915352074,0.04825638705579615,0.007993069293067727,0.007993069293067727
hubline,HublineFill,10,42.3437,-70.90597,1,2007-06-19,10,10,10,NA,3.4375,3.4375,6.375,0,91,91,91,2,3.4375,stipe_density,"c(-70.90597, 42.3437)",Gulf of Maine/Bay of Fundy,Cold Temperate Northwest Atlantic,Temperate Northern Atlantic,0.08497445616348055,0.013793139170113773,0.013793139170113773,0.08155644400881956,0.013698879593987839,0.013698879593987839
hubline,HublineFill,11,42.34224,-70.907035,1,2007-06-20,10,10,10,NA,2.846153846153846,2.846153846153846,1,0,91,91,91,2,2.846153846153846,stipe_density,"c(-70.907035, 42.34224)",Gulf of Maine/Bay of Fundy,Cold Temperate Northwest Atlantic,Temperate Northern Atlantic,0.07035647279549717,0.011420333410779514,0.011420333410779514,0.06799174513628588,0.011355613684299732,0.011355613684299732
hubline,HublineFill,12,42.34338911764706,-70.90624588235293,1,2007-07-17,10,10,10,NA,2.235294117647059,2.235294117647059,2.7941176470588234,0,91,91,91,2,2.235294117647059,stipe_density,"c(-70.9062458823529, 42.3433891176471)",Gulf of Maine/Bay of Fundy,Cold Temperate Northwest Atlantic,Temperate Northern Atlantic,0.055256116949086824,0.008969228465699652,0.008969228465699652,0.05378350234605544,0.008929243845673571,0.008929243845673571
hubline,HublineFill,13,42.342945,-70.90664,1,2008-07-17,10,10,10,NA,2.8,2.8,6.85,0,91,91,91,2,2.8,stipe_density,"c(-70.90664, 42.342945)",Gulf of Maine/Bay of Fundy,Cold Temperate Northwest Atlantic,Temperate Northern Atlantic,0.06921555702043507,0.011235138814929036,0.011235138814929036,0.06692525532682604,0.011172493425895911,0.011172493425895911
hubline,NatReef,1,42.33844,-70.912625,1,2006-07-05,10,10,10,NA,6.363636363636363,6.363636363636363,11.09090909090909,0,91,91,91,2,6.363636363636363,stipe_density,"c(-70.912625, 42.33844)",Gulf of Maine/Bay of Fundy,Cold Temperate Northwest Atlantic,Temperate Northern Atlantic,0.15730808413735242,0.025534406397565993,0.025534406397565993,0.14609669119040994,0.025213848818349874,0.025213848818349874
hubline,NatReef,2,42.33844,-70.912625,1,2006-07-06,10,10,10,NA,17.2,17.2,19,0,91,91,91,2,17.2,stipe_density,"c(-70.912625, 42.33844)",Gulf of Maine/Bay of Fundy,Cold Temperate Northwest Atlantic,Temperate Northern Atlantic,0.42518127883981544,0.06901585272027837,0.06901585272027837,0.35429901885062137,0.06673846141871337,0.06673846141871337
hubline,NatReef,3,42.338275,-70.913095,1,2006-07-19,10,10,10,NA,11.222222222222221,11.222222222222221,28,0,91,91,91,2,11.222222222222221,stipe_density,"c(-70.913095, 42.338275)",Gulf of Maine/Bay of Fundy,Cold Temperate Northwest Atlantic,Temperate Northern Atlantic,0.2774115578993628,0.045029723028088595,0.045029723028088595,0.24483581009202093,0.044045328101357244,0.044045328101357244
hubline,NatReef,4,42.338285,-70.91209,1,2006-07-26,10,10,10,NA,21.26666666666667,21.26666666666667,5.466666666666667,0,91,91,91,2,21.26666666666667,stipe_density,"c(-70.91209, 42.338285)",Gulf of Maine/Bay of Fundy,Cold Temperate Northwest Atlantic,Temperate Northern Atlantic,0.5257086354647331,0.08533355433243722,0.08533355433243722,0.422458981122793,0.08188736309541636,0.08188736309541636
hubline,NatReef,5,42.33844,-70.912625,1,2006-08-01,10,10,10,NA,9.333333333333332,9.333333333333332,12.033333333333333,0,91,91,91,2,9.333333333333332,stipe_density,"c(-70.912625, 42.33844)",Gulf of Maine/Bay of Fundy,Cold Temperate Northwest Atlantic,Temperate Northern Atlantic,0.23071852340145022,0.03745046271643012,0.03745046271643012,0.2075981641931903,0.03676622520345802,0.03676622520345802
hubline,NatReef,6,42.338275,-70.913095,1,2006-08-03,10,10,10,NA,7.25,7.25,21.25,0,91,91,91,2,7.25,stipe_density,"c(-70.913095, 42.338275)",Gulf of Maine/Bay of Fundy,Cold Temperate Northwest Atlantic,Temperate Northern Atlantic,0.17921885299934082,0.029090984431512684,0.029090984431512684,0.16485223028250764,0.02867587318749744,0.02867587318749744
hubline,NatReef,7,42.338285,-70.91209,1,2006-09-25,10,10,10,NA,1.7692307692307692,1.7692307692307692,1.9615384615384615,0,91,91,91,2,1.7692307692307692,stipe_density,"c(-70.91209, 42.338285)",Gulf of Maine/Bay of Fundy,Cold Temperate Northwest Atlantic,Temperate Northern Atlantic,0.04373510471071446,0.007099126174268347,0.007099126174268347,0.04280572614525492,0.007074046006277477,0.007074046006277477
hubline,NatReef,8,42.338275,-70.913095,1,2006-12-05,10,10,10,NA,1,1,1.6,0,91,91,91,2,1,stipe_density,"c(-70.913095, 42.338275)",Gulf of Maine/Bay of Fundy,Cold Temperate Northwest Atlantic,Temperate Northern Atlantic,0.024719841793012527,0.00401254957676037,0.00401254957676037,0.02441925015027629,0.0040045207698650356,0.0040045207698650356
hubline,NatReef,9,42.33844,-70.912625,1,2006-12-07,10,10,10,NA,1,1,1.3333333333333333,0,91,91,91,2,1,stipe_density,"c(-70.912625, 42.33844)",Gulf of Maine/Bay of Fundy,Cold Temperate Northwest Atlantic,Temperate Northern Atlantic,0.024719841793012527,0.00401254957676037,0.00401254957676037,0.02441925015027629,0.0040045207698650356,0.0040045207698650356
hubline,NatReef,10,42.338285,-70.91209,1,2007-03-01,10,10,10,NA,1.1428571428571428,1.1428571428571428,0.7857142857142857,0,91,91,91,2,1.1428571428571428,stipe_density,"c(-70.91209, 42.338285)",Gulf of Maine/Bay of Fundy,Cold Temperate Northwest Atlantic,Temperate Northern Atlantic,0.028251247763442885,0.004585770944868994,0.004585770944868994,0.027859541610220705,0.0045752883323126395,0.0045752883323126395
hubline,NatReef,11,42.338275,-70.913095,1,2007-03-12,10,10,10,NA,1.5,1.5,0.75,0,91,91,91,2,1.5,stipe_density,"c(-70.913095, 42.338275)",Gulf of Maine/Bay of Fundy,Cold Temperate Northwest Atlantic,Temperate Northern Atlantic,0.037079762689518785,0.006018824365140556,0.006018824365140556,0.036408843058510665,0.006000783595063385,0.006000783595063385
hubline,NatReef,12,42.3383575,-70.91286,1,2007-03-14,10,10,10,NA,1.5,1.5,0.75,0,91,91,91,2,1.5,stipe_density,"c(-70.91286, 42.3383575)",Gulf of Maine/Bay of Fundy,Cold Temperate Northwest Atlantic,Temperate Northern Atlantic,0.037079762689518785,0.006018824365140556,0.006018824365140556,0.036408843058510665,0.006000783595063385,0.006000783595063385
hubline,NatReef,13,42.33844,-70.912625,1,2007-04-11,10,10,10,NA,1.5454545454545454,1.5454545454545454,1.4545454545454546,0,91,91,91,2,1.5454545454545454,stipe_density,"c(-70.912625, 42.33844)",Gulf of Maine/Bay of Fundy,Cold Temperate Northwest Atlantic,Temperate Northern Atlantic,0.03820339186192845,0.0062012129822660265,0.0062012129822660265,0.03749171146588252,0.006182064582470121,0.006182064582470121
hubline,NatReef,14,42.33844,-70.912625,1,2007-05-24,10,10,10,NA,1.8571428571428572,1.8571428571428572,3,0,91,91,91,2,1.8571428571428572,stipe_density,"c(-70.912625, 42.33844)",Gulf of Maine/Bay of Fundy,Cold Temperate Northwest Atlantic,Temperate Northern Atlantic,0.04590827761559469,0.007451877785412116,0.007451877785412116,0.04488567309383171,0.007424249713262832,0.007424249713262832
hubline,NatReef,15,42.338275,-70.913095,1,2007-06-01,10,10,10,NA,5.1875,5.1875,5.15625,0,91,91,91,2,5.1875,stipe_density,"c(-70.913095, 42.338275)",Gulf of Maine/Bay of Fundy,Cold Temperate Northwest Atlantic,Temperate Northern Atlantic,0.12823417930125247,0.02081510092944442,0.02081510092944442,0.12065373729229448,0.02060142672922471,0.02060142672922471
hubline,NatReef,16,42.338285,-70.91209,1,2007-06-18,10,10,10,NA,4.357142857142857,4.357142857142857,2.642857142857143,0,91,91,91,2,4.357142857142857,stipe_density,"c(-70.91209, 42.338285)",Gulf of Maine/Bay of Fundy,Cold Temperate Northwest Atlantic,Temperate Northern Atlantic,0.107707882098126,0.01748325172731304,0.01748325172731304,0.10229290924904907,0.01733217798028524,0.01733217798028524
hubline,NatReef,17,42.33844,-70.912625,1,2007-07-17,10,10,10,NA,1.6666666666666667,1.6666666666666667,1.5,0,91,91,91,2,1.6666666666666667,stipe_density,"c(-70.912625, 42.33844)",Gulf of Maine/Bay of Fundy,Cold Temperate Northwest Atlantic,Temperate Northern Atlantic,0.041199736321687545,0.006687582627933951,0.006687582627933951,0.0403736408936077,0.006665319947788017,0.006665319947788017
hubline,NatReef,18,42.338275,-70.913095,1,2007-08-01,10,10,10,NA,3.5625,3.5625,24.25,0,91,91,91,2,3.5625,stipe_density,"c(-70.913095, 42.338275)",Gulf of Maine/Bay of Fundy,Cold Temperate Northwest Atlantic,Temperate Northern Atlantic,0.08806443638760712,0.014294707867208819,0.014294707867208819,0.08440037130100465,0.014193501863978303,0.014193501863978303
hubline,NatReef,19,42.33844,-70.912625,1,2008-07-08,10,10,10,NA,3.916666666666667,3.916666666666667,8.625,0,91,91,91,2,3.916666666666667,stipe_density,"c(-70.912625, 42.33844)",Gulf of Maine/Bay of Fundy,Cold Temperate Northwest Atlantic,Temperate Northern Atlantic,0.09681938035596573,0.015715819175644786,0.015715819175644786,0.0924145190186511,0.015593604495618292,0.015593604495618292
hubline,NatReef,20,42.33844,-70.912625,1,2008-07-15,10,10,10,NA,18.133333333333333,18.133333333333333,23.6,0,91,91,91,2,18.133333333333333,stipe_density,"c(-70.912625, 42.33844)",Gulf of Maine/Bay of Fundy,Cold Temperate Northwest Atlantic,Temperate Northern Atlantic,0.44825313117996046,0.07276089899192138,0.07276089899192138,0.370358093036078,0.07023560469984944,0.07023560469984944
hubline,NatReef,21,42.3383625,-70.91235750000001,1,2009-07-16,10,10,10,NA,4.5,4.5,15.59375,0,91,91,91,2,4.5,stipe_density,"c(-70.9123575, 42.3383625)",Gulf of Maine/Bay of Fundy,Cold Temperate Northwest Atlantic,Temperate Northern Atlantic,0.11123928806855636,0.018056473095421667,0.018056473095421667,0.10547586826615914,0.01789539114313417,0.01789539114313417
hubline,NatReef,22,42.33844,-70.912625,1,2010-07-29,10,10,10,NA,4,4,1.25,0,91,91,91,2,4,stipe_density,"c(-70.912625, 42.33844)",Gulf of Maine/Bay of Fundy,Cold Temperate Northwest Atlantic,Temperate Northern Atlantic,0.0988793671720501,0.01605019830704148,0.01605019830704148,0.09429090340226169,0.0159227557182871,0.0159227557182871
hubline,NatReef,23,42.33837111111111,-70.91238722222222,1,2010-08-03,10,10,10,NA,5.703703703703704,5.703703703703704,14.870370370370372,0,91,91,91,2,5.703703703703704,stipe_density,"c(-70.9123872222222, 42.3383711111111)",Gulf of Maine/Bay of Fundy,Cold Temperate Northwest Atlantic,Temperate Northern Atlantic,0.14099465318977517,0.022886393882262854,0.022886393882262854,0.13190038479514227,0.022628428879271214,0.022628428879271214
hubline,NatReef,24,42.338388333333334,-70.91244666666667,1,2012-07-25,10,10,10,NA,1.8333333333333335,1.8333333333333335,5.972222222222222,0,91,91,91,2,1.8333333333333335,stipe_density,"c(-70.9124466666667, 42.3383883333333)",Gulf of Maine/Bay of Fundy,Cold Temperate Northwest Atlantic,Temperate Northern Atlantic,0.0453197099538563,0.007356340890727346,0.007356340890727346,0.04432278116547424,0.007329414985202171,0.007329414985202171
hubline,NatReef,25,42.3383625,-70.91235750000001,1,2013-08-07,10,10,10,NA,2.05,2.05,6.25,0,91,91,91,2,2.05,stipe_density,"c(-70.9123575, 42.3383625)",Gulf of Maine/Bay of Fundy,Cold Temperate Northwest Atlantic,Temperate Northern Atlantic,0.05067567567567567,0.008225726632358758,0.008225726632358758,0.049433457855173744,0.008192079730592964,0.008192079730592964
hubline,NatReef,26,42.33844,-70.912625,1,2014-07-22,10,10,10,NA,5,5,16.1875,0,91,91,91,2,5,stipe_density,"c(-70.912625, 42.33844)",Gulf of Maine/Bay of Fundy,Cold Temperate Northwest Atlantic,Temperate Northern Atlantic,0.12359920896506263,0.020062747883801853,0.020062747883801853,0.11653711222942552,0.01986414293719289,0.01986414293719289
hubline,NatReef,27,42.33843088235294,-70.91259352941177,1,2014-07-29,10,10,10,NA,7.117647058823529,7.117647058823529,21.647058823529413,0,91,91,91,2,7.117647058823529,stipe_density,"c(-70.9125935294118, 42.3384308823529)",Gulf of Maine/Bay of Fundy,Cold Temperate Northwest Atlantic,Temperate Northern Atlantic,0.17594710923261855,0.028559911693412047,0.028559911693412047,0.162073873322692,0.02815967993927161,0.02815967993927161
hubline,NatReef,28,42.3383598275862,-70.91234827586207,1,2015-07-29,10,10,10,NA,12.551724137931036,12.551724137931036,38.689655172413794,0,91,91,91,2,12.551724137931036,stipe_density,"c(-70.9123482758621, 42.3383598275862)",Gulf of Maine/Bay of Fundy,Cold Temperate Northwest Atlantic,Temperate Northern Atlantic,0.3102766349191917,0.0503644153772681,0.0503644153772681,0.2702382866134959,0.049137166221320576,0.049137166221320576
hubline,NatReef,29,42.33844,-70.912625,1,2016-07-20,10,10,10,NA,4.6875,4.6875,43.9375,0,91,91,91,2,4.6875,stipe_density,"c(-70.912625, 42.33844)",Gulf of Maine/Bay of Fundy,Cold Temperate Northwest Atlantic,Temperate Northern Atlantic,0.11587425840474622,0.018808826141064237,0.018808826141064237,0.10963818593085374,0.018634127357197824,0.018634127357197824
hubline,NatReef,30,42.338285,-70.91209,1,2016-07-26,10,10,10,NA,3.466666666666667,3.466666666666667,40.75,0,91,91,91,2,3.466666666666667,stipe_density,"c(-70.91209, 42.338285)",Gulf of Maine/Bay of Fundy,Cold Temperate Northwest Atlantic,Temperate Northern Atlantic,0.08569545154911008,0.013910171866102617,0.013910171866102617,0.08222075082910817,0.01381431334159944,0.01381431334159944
hubline,NatReef,31,42.338427599999996,-70.9125822,1,2017-07-12,10,10,10,NA,2.12,2.12,13.3,0,91,91,91,2,2.12,stipe_density,"c(-70.9125822, 42.3384276)",Gulf of Maine/Bay of Fundy,Cold Temperate Northwest Atlantic,Temperate Northern Atlantic,0.052406064601186554,0.008506605102731985,0.008506605102731985,0.05107903280630448,0.008470627823237296,0.008470627823237296
hubline,NatReef,32,42.3383625,-70.91235750000001,1,2018-08-02,10,10,10,NA,6.15625,6.15625,42.875,0,91,91,91,2,6.15625,stipe_density,"c(-70.9123575, 42.3383625)",Gulf of Maine/Bay of Fundy,Cold Temperate Northwest Atlantic,Temperate Northern Atlantic,0.15218152603823334,0.02470225833193103,0.02470225833193103,0.14165712454607912,0.024402090716813596,0.024402090716813596
hubline,NatReef,33,42.33835448275862,-70.91232982758622,1,2019-07-17,10,10,10,NA,5.137931034482759,5.137931034482759,28.724137931034484,0,91,91,91,2,5.137931034482759,stipe_density,"c(-70.9123298275862, 42.3383544827586)",Gulf of Maine/Bay of Fundy,Cold Temperate Northwest Atlantic,Temperate Northern Atlantic,0.127008842315823,0.020616202997837767,0.020616202997837767,0.11956708091490202,0.020406565474914297,0.020406565474914297
hubline,NatReef,34,42.33844,-70.912625,1,2019-07-21,10,10,10,NA,3.3333333333333335,3.3333333333333335,18.333333333333332,0,91,91,91,2,3.3333333333333335,stipe_density,"c(-70.912625, 42.33844)",Gulf of Maine/Bay of Fundy,Cold Temperate Northwest Atlantic,Temperate Northern Atlantic,0.08239947264337509,0.013375165255867901,0.013375165255867901,0.0791803106638412,0.013286507400463976,0.013286507400463976
hubline,NatReef,35,42.33835448275862,-70.91232982758622,1,2020-07-21,10,10,10,NA,6.428571428571428,6.428571428571428,29.034482758620687,0,91,91,91,2,6.428571428571428,stipe_density,"c(-70.9123298275862, 42.3383544827586)",Gulf of Maine/Bay of Fundy,Cold Temperate Northwest Atlantic,Temperate Northern Atlantic,0.15891326866936623,0.025794961564888093,0.025794961564888093,0.14748272865789575,0.025467884248049855,0.025467884248049855
hubline,NatReef,36,42.33835962962963,-70.9123475925926,1,2021-07-15,10,10,10,NA,6.333333333333334,6.333333333333334,51.851851851851855,0,91,91,91,2,6.333333333333334,stipe_density,"c(-70.9123475925926, 42.3383596296296)",Gulf of Maine/Bay of Fundy,Cold Temperate Northwest Atlantic,Temperate Northern Atlantic,0.15655899802241266,0.025412813986149016,0.025412813986149016,0.1454492156747376,0.02509527686257153,0.02509527686257153
hubline,Site29,1,42.34382,-70.90657,1,2006-06-14,10,10,10,NA,1.6666666666666667,1.6666666666666667,3,0,91,91,91,2,1.6666666666666667,stipe_density,"c(-70.90657, 42.34382)",Gulf of Maine/Bay of Fundy,Cold Temperate Northwest Atlantic,Temperate Northern Atlantic,0.041199736321687545,0.006687582627933951,0.006687582627933951,0.0403736408936077,0.006665319947788017,0.006665319947788017
hubline,Site29,2,42.34382,-70.90657,1,2006-07-19,10,10,10,NA,11.857142857142858,11.857142857142858,27.142857142857142,0,91,91,91,2,11.857142857142858,stipe_density,"c(-70.90657, 42.34382)",Gulf of Maine/Bay of Fundy,Cold Temperate Northwest Atlantic,Temperate Northern Atlantic,0.29310669554571994,0.04757737355301582,0.04757737355301582,0.25704761420876143,0.04648023505335295,0.04648023505335295
hubline,Site29,3,42.343695,-70.906405,1,2006-07-26,10,10,10,NA,2,2,10,0,91,91,91,2,2,stipe_density,"c(-70.906405, 42.343695)",Gulf of Maine/Bay of Fundy,Cold Temperate Northwest Atlantic,Temperate Northern Atlantic,0.04943968358602505,0.00802509915352074,0.00802509915352074,0.04825638705579615,0.007993069293067727,0.007993069293067727
hubline,Site29,4,42.343535,-70.907135,1,2006-07-27,10,10,10,NA,1,1,0.5,0,91,91,91,2,1,stipe_density,"c(-70.907135, 42.343535)",Gulf of Maine/Bay of Fundy,Cold Temperate Northwest Atlantic,Temperate Northern Atlantic,0.024719841793012527,0.00401254957676037,0.00401254957676037,0.02441925015027629,0.0040045207698650356,0.0040045207698650356
hubline,Site29,5,42.34382,-70.90657,1,2006-08-02,10,10,10,NA,1.7777777777777777,1.7777777777777777,1.0555555555555556,0,91,91,91,2,1.7777777777777777,stipe_density,"c(-70.90657, 42.34382)",Gulf of Maine/Bay of Fundy,Cold Temperate Northwest Atlantic,Temperate Northern Atlantic,0.04394638540980004,0.007133421469796213,0.007133421469796213,0.043008133170279454,0.007108098971583122,0.007108098971583122
hubline,Site29,6,42.34393,-70.90685,1,2006-08-10,10,10,10,NA,2,2,0.5,0,91,91,91,2,2,stipe_density,"c(-70.90685, 42.34393)",Gulf of Maine/Bay of Fundy,Cold Temperate Northwest Atlantic,Temperate Northern Atlantic,0.04943968358602505,0.00802509915352074,0.00802509915352074,0.04825638705579615,0.007993069293067727,0.007993069293067727
hubline,Site29,7,42.34342,-70.906995,1,2006-09-18,10,10,10,NA,1,1,1,0,91,91,91,2,1,stipe_density,"c(-70.906995, 42.34342)",Gulf of Maine/Bay of Fundy,Cold Temperate Northwest Atlantic,Temperate Northern Atlantic,0.024719841793012527,0.00401254957676037,0.00401254957676037,0.02441925015027629,0.0040045207698650356,0.0040045207698650356
hubline,Site29,8,42.34298,-70.907045,1,2006-09-26,10,10,10,NA,1,1,0.5,0,91,91,91,2,1,stipe_density,"c(-70.907045, 42.34298)",Gulf of Maine/Bay of Fundy,Cold Temperate Northwest Atlantic,Temperate Northern Atlantic,0.024719841793012527,0.00401254957676037,0.00401254957676037,0.02441925015027629,0.0040045207698650356,0.0040045207698650356
hubline,Site29,9,42.34382,-70.90657,1,2007-03-12,10,10,10,NA,1.8888888888888888,1.8888888888888888,2.9444444444444446,0,91,91,91,2,1.8888888888888888,stipe_density,"c(-70.90657, 42.34382)",Gulf of Maine/Bay of Fundy,Cold Temperate Northwest Atlantic,Temperate Northern Atlantic,0.046693034497912546,0.007579260311658477,0.007579260311658477,0.0456357031301922,0.007550682028880968,0.007550682028880968
hubline,Site29,10,42.34382,-70.90657,1,2007-03-14,10,10,10,NA,1,1,0.5,0,91,91,91,2,1,stipe_density,"c(-70.90657, 42.34382)",Gulf of Maine/Bay of Fundy,Cold Temperate Northwest Atlantic,Temperate Northern Atlantic,0.024719841793012527,0.00401254957676037,0.00401254957676037,0.02441925015027629,0.0040045207698650356,0.0040045207698650356
hubline,Site29,11,42.34321333333333,-70.90691305555555,1,2007-05-07,10,10,10,NA,2.888888888888889,2.888888888888889,0.6111111111111112,0,91,91,91,2,2.888888888888889,stipe_density,"c(-70.9069130555555, 42.3432133333333)",Gulf of Maine/Bay of Fundy,Cold Temperate Northwest Atlantic,Temperate Northern Atlantic,0.07141287629092508,0.011591809888418847,0.011591809888418847,0.06897822258452031,0.01152513958518781,0.01152513958518781
hubline,Site29,12,42.34393,-70.90685,1,2007-05-24,10,10,10,NA,9.083333333333332,9.083333333333332,1.5833333333333333,0,91,91,91,2,9.083333333333332,stipe_density,"c(-70.90685, 42.34393)",Gulf of Maine/Bay of Fundy,Cold Temperate Northwest Atlantic,Temperate Northern Atlantic,0.22453856295319707,0.03644732532224003,0.03644732532224003,0.2025640897302012,0.03579883184568703,0.03579883184568703
hubline,Site29,13,42.343055,-70.90729,1,2007-06-20,10,10,10,NA,5.071428571428571,5.071428571428571,2.7857142857142865,0,91,91,91,2,5.071428571428571,stipe_density,"c(-70.90729, 42.343055)",Gulf of Maine/Bay of Fundy,Cold Temperate Northwest Atlantic,Temperate Northern Atlantic,0.1253649119502778,0.020349358567856163,0.020349358567856163,0.11810734923907254,0.0201450770534268,0.0201450770534268
hubline,Site29,14,42.3434225,-70.90696750000001,1,2007-06-26,10,10,10,NA,9.09375,9.09375,2.734375,0,91,91,91,2,9.09375,stipe_density,"c(-70.9069675, 42.3434225)",Gulf of Maine/Bay of Fundy,Cold Temperate Northwest Atlantic,Temperate Northern Atlantic,0.22479606130520766,0.03648912271366462,0.03648912271366462,0.20277434957008494,0.035839158592288346,0.035839158592288346
hubline,Site29,15,42.343535,-70.907135,1,2007-06-27,10,10,10,NA,9.5,9.5,3.8125,0,91,91,91,2,9.5,stipe_density,"c(-70.907135, 42.343535)",Gulf of Maine/Bay of Fundy,Cold Temperate Northwest Atlantic,Temperate Northern Atlantic,0.23483849703361898,0.03811922097922352,0.03811922097922352,0.2109401898958879,0.03741063458290644,0.03741063458290644
hubline,Site29,16,42.3439,-70.90677363636364,1,2007-07-09,10,10,10,NA,6.409090909090909,6.409090909090909,6.545454545454545,0,91,91,91,2,6.409090909090909,stipe_density,"c(-70.9067736363636, 42.3439)",Gulf of Maine/Bay of Fundy,Cold Temperate Northwest Atlantic,Temperate Northern Atlantic,0.1584317133097621,0.025716795014691464,0.025716795014691464,0.1470671190958491,0.025391680394980354,0.025391680394980354
hubline,Site29,17,42.343695,-70.906405,1,2007-07-12,10,10,10,NA,5.5,5.5,1.59375,0,91,91,91,2,5.5,stipe_density,"c(-70.906405, 42.343695)",Gulf of Maine/Bay of Fundy,Cold Temperate Northwest Atlantic,Temperate Northern Atlantic,0.13595912986156888,0.022069022672182036,0.022069022672182036,0.12747734241722886,0.021829026362236416,0.021829026362236416
hubline,Site29,18,42.343695,-70.906405,1,2007-07-17,10,10,10,NA,1.8,1.8,5.6,0,91,91,91,2,1.8,stipe_density,"c(-70.906405, 42.343695)",Gulf of Maine/Bay of Fundy,Cold Temperate Northwest Atlantic,Temperate Northern Atlantic,0.044495715227422544,0.007222589238168667,0.007222589238168667,0.04353419978244322,0.007196631254810887,0.007196631254810887
hubline,Site29,19,42.34316857142857,-70.90702357142857,1,2007-07-25,10,10,10,NA,4.571428571428572,4.571428571428572,4.5,0,91,91,91,2,4.571428571428572,stipe_density,"c(-70.9070235714286, 42.3431685714286)",Gulf of Maine/Bay of Fundy,Cold Temperate Northwest Atlantic,Temperate Northern Atlantic,0.11300499105377156,0.01834308377947598,0.01834308377947598,0.10706355660839509,0.018176878815805597,0.018176878815805597
hubline,Site29,20,42.34315,-70.90753,1,2007-07-27,10,10,10,NA,4.4375,4.4375,8.96875,0,91,91,91,2,4.4375,stipe_density,"c(-70.90753, 42.34315)",Gulf of Maine/Bay of Fundy,Cold Temperate Northwest Atlantic,Temperate Northern Atlantic,0.10969429795649308,0.017805688746874142,0.017805688746874142,0.10408457014629979,0.01764902441505562,0.01764902441505562
hubline,Site29,21,42.34298,-70.907045,1,2008-07-01,10,10,10,NA,1.7,1.7,4.05,0,91,91,91,2,1.7,stipe_density,"c(-70.907045, 42.34298)",Gulf of Maine/Bay of Fundy,Cold Temperate Northwest Atlantic,Temperate Northern Atlantic,0.04202373104812129,0.006821334280492629,0.006821334280492629,0.04116471759019034,0.006798174241734399,0.006798174241734399
hubline,Site29,22,42.343742,-70.90649400000001,1,2008-07-08,10,10,10,NA,5.266666666666667,5.266666666666667,12.433333333333334,0,91,91,91,2,5.266666666666667,stipe_density,"c(-70.906494, 42.343742)",Gulf of Maine/Bay of Fundy,Cold Temperate Northwest Atlantic,Temperate Northern Atlantic,0.13019116677653264,0.021132761104271282,0.021132761104271282,0.1223867925544427,0.020912561193816896,0.020912561193816896
hubline,Site29,23,42.34382,-70.90657,1,2008-07-15,10,10,10,NA,3.3571428571428568,3.3571428571428568,2,0,91,91,91,2,3.3571428571428568,stipe_density,"c(-70.90657, 42.34382)",Gulf of Maine/Bay of Fundy,Cold Temperate Northwest Atlantic,Temperate Northern Atlantic,0.08298804030511346,0.01347070215055267,0.01347070215055267,0.07972392484163925,0.013380778895195731,0.013380778895195731
hubline,Site29,24,42.34298,-70.907045,1,2009-07-10,10,10,10,NA,7.5625,7.5625,20.8125,0,91,91,91,2,7.5625,stipe_density,"c(-70.907045, 42.34298)",Gulf of Maine/Bay of Fundy,Cold Temperate Northwest Atlantic,Temperate Northern Atlantic,0.18694380355965723,0.0303449061742503,0.0303449061742503,0.17138177125461965,0.029893606551675653,0.029893606551675653
hubline,Site29,25,42.34393,-70.90685,1,2009-07-15,10,10,10,NA,7.375,7.375,30.625,0,91,91,91,2,7.375,stipe_density,"c(-70.90685, 42.34393)",Gulf of Maine/Bay of Fundy,Cold Temperate Northwest Atlantic,Temperate Northern Atlantic,0.18230883322346736,0.029592553128607733,0.029592553128607733,0.1674691650790732,0.02916314449255056,0.02916314449255056
hubline,Site29,26,42.34343740740741,-70.90695111111111,1,2010-07-29,10,10,10,NA,4.296296296296297,4.296296296296297,7.481481481481482,0,91,91,91,2,4.296296296296297,stipe_density,"c(-70.9069511111111, 42.3434374074074)",Gulf of Maine/Bay of Fundy,Cold Temperate Northwest Atlantic,Temperate Northern Atlantic,0.10620376474035012,0.017239101885340852,0.017239101885340852,0.10093412188159005,0.017092194532213747,0.017092194532213747
hubline,Site29,27,42.343695,-70.906405,1,2010-08-03,10,10,10,NA,6,6,9,0,91,91,91,2,6,stipe_density,"c(-70.906405, 42.343695)",Gulf of Maine/Bay of Fundy,Cold Temperate Northwest Atlantic,Temperate Northern Atlantic,0.14831905075807514,0.024075297460562223,0.024075297460562223,0.13829917806391587,0.023790056590251647,0.023790056590251647
hubline,Site29,28,42.343504137931035,-70.9069374137931,1,2012-07-24,10,10,10,NA,1.8620689655172415,1.8620689655172415,13.275862068965518,0,91,91,91,2,1.8620689655172415,stipe_density,"c(-70.9069374137931, 42.343504137931)",Gulf of Maine/Bay of Fundy,Cold Temperate Northwest Atlantic,Temperate Northern Atlantic,0.046030050235264706,0.007471644039484828,0.007471644039484828,0.04500209394447168,0.007443869568666161,0.007443869568666161
hubline,Site29,29,42.34393,-70.90685,1,2013-08-07,10,10,10,NA,1.6666666666666667,1.6666666666666667,6.7666666666666675,0,91,91,91,2,1.6666666666666667,stipe_density,"c(-70.90685, 42.34393)",Gulf of Maine/Bay of Fundy,Cold Temperate Northwest Atlantic,Temperate Northern Atlantic,0.041199736321687545,0.006687582627933951,0.006687582627933951,0.0403736408936077,0.006665319947788017,0.006665319947788017
hubline,Site29,30,42.34298,-70.907045,1,2013-08-28,10,10,10,NA,0.8333333333333334,0.8333333333333334,3.083333333333333,0,91,91,91,2,0.8333333333333334,stipe_density,"c(-70.907045, 42.34298)",Gulf of Maine/Bay of Fundy,Cold Temperate Northwest Atlantic,Temperate Northern Atlantic,0.020599868160843773,0.0033437913139669753,0.0033437913139669753,0.020390560469637983,0.0033382132748649702,0.0033382132748649702
hubline,Site29,31,42.34298,-70.907045,1,2014-07-22,10,10,10,NA,3.666666666666667,3.666666666666667,8.333333333333334,0,91,91,91,2,3.666666666666667,stipe_density,"c(-70.907045, 42.34298)",Gulf of Maine/Bay of Fundy,Cold Temperate Northwest Atlantic,Temperate Northern Atlantic,0.0906394199077126,0.014712681781454693,0.014712681781454693,0.08676414801313453,0.014605500284773129,0.014605500284773129
hubline,Site29,32,42.343695,-70.906405,1,2014-07-29,10,10,10,NA,3.8,3.8,4.9,0,91,91,91,2,3.8,stipe_density,"c(-70.906405, 42.343695)",Gulf of Maine/Bay of Fundy,Cold Temperate Northwest Atlantic,Temperate Northern Atlantic,0.09393539881344759,0.015247688391689407,0.015247688391689407,0.08978165181149715,0.015132610695875933,0.015132610695875933
hubline,Site29,33,42.34352285714286,-70.90693357142857,1,2015-07-20,10,10,10,NA,17.678571428571427,17.678571428571427,20.839285714285715,0,91,91,91,2,17.678571428571427,stipe_density,"c(-70.9069335714286, 42.3435228571429)",Gulf of Maine/Bay of Fundy,Cold Temperate Northwest Atlantic,Temperate Northern Atlantic,0.4370114888407571,0.07093614430344225,0.07093614430344225,0.36256560208285205,0.0685331671889996,0.0685331671889996
hubline,Site29,34,42.34393,-70.90685,1,2015-07-29,10,10,10,NA,27,27,50.25,0,91,91,91,2,27,stipe_density,"c(-70.90685, 42.34393)",Gulf of Maine/Bay of Fundy,Cold Temperate Northwest Atlantic,Temperate Northern Atlantic,0.6674357284113381,0.10833883857253,0.10833883857253,0.5112869543834585,0.10286235256048129,0.10286235256048129
hubline,Site29,35,42.34347032258064,-70.90694435483871,1,2016-07-20,10,10,10,NA,4.032258064516129,4.032258064516129,32.693548387096776,0,91,91,91,2,4.032258064516129,stipe_density,"c(-70.9069443548387, 42.3434703225806)",Gulf of Maine/Bay of Fundy,Cold Temperate Northwest Atlantic,Temperate Northern Atlantic,0.0996767814234376,0.016179635390162785,0.016179635390162785,0.09501630155674028,0.016050140014246227,0.016050140014246227
hubline,Site29,36,42.34379571428571,-70.90659571428571,1,2017-07-12,10,10,10,NA,2.0714285714285716,2.0714285714285716,11.821428571428573,0,91,91,91,2,2.0714285714285716,stipe_density,"c(-70.9065957142857, 42.3437957142857)",Gulf of Maine/Bay of Fundy,Cold Temperate Northwest Atlantic,Temperate Northern Atlantic,0.051205386571240234,0.008311709837575053,0.008311709837575053,0.049937492946686354,0.008277357795570617,0.008277357795570617
hubline,Site29,37,42.34298,-70.907045,1,2017-07-13,10,10,10,NA,2.125,2.125,4.625,0,91,91,91,2,2.125,stipe_density,"c(-70.907045, 42.34298)",Gulf of Maine/Bay of Fundy,Cold Temperate Northwest Atlantic,Temperate Northern Atlantic,0.05252966381015162,0.008526667850615788,0.008526667850615788,0.051196470319895764,0.008490521146915564,0.008490521146915564
hubline,Site29,38,42.34298,-70.907045,1,2018-07-12,10,10,10,NA,2.230769230769231,2.230769230769231,9.923076923076923,0,91,91,91,2,2.230769230769231,stipe_density,"c(-70.907045, 42.34298)",Gulf of Maine/Bay of Fundy,Cold Temperate Northwest Atlantic,Temperate Northern Atlantic,0.055144262461335636,0.008951072132773134,0.008951072132773134,0.05367749924925237,0.008911248751495113,0.008911248751495113
hubline,Site29,39,42.34393,-70.90685,1,2018-08-02,10,10,10,NA,5.1875,5.1875,38.75,0,91,91,91,2,5.1875,stipe_density,"c(-70.90685, 42.34393)",Gulf of Maine/Bay of Fundy,Cold Temperate Northwest Atlantic,Temperate Northern Atlantic,0.12823417930125247,0.02081510092944442,0.02081510092944442,0.12065373729229448,0.02060142672922471,0.02060142672922471
hubline,Site29,40,42.3436024137931,-70.90691724137932,1,2019-07-17,10,10,10,NA,2.7241379310344827,2.7241379310344827,14.24137931034483,0,91,91,91,2,2.7241379310344827,stipe_density,"c(-70.9069172413793, 42.3436024137931)",Gulf of Maine/Bay of Fundy,Cold Temperate Northwest Atlantic,Temperate Northern Atlantic,0.06734025867751688,0.010930738502209283,0.010930738502209283,0.06516981434025113,0.010871429780788026,0.010871429780788026
hubline,Site29,41,42.343455,-70.9069475,1,2020-07-21,10,10,10,NA,5.40625,5.40625,31.84375,0,91,91,91,2,5.40625,stipe_density,"c(-70.9069475, 42.343455)",Gulf of Maine/Bay of Fundy,Cold Temperate Northwest Atlantic,Temperate Northern Atlantic,0.13364164469347395,0.02169284614936075,0.02169284614936075,0.12543514539340653,0.02146090468151813,0.02146090468151813
hubline,Site29,42,42.343562258064516,-70.90692548387096,1,2021-07-15,10,10,10,NA,3.5806451612903225,3.5806451612903225,31.258064516129032,0,91,91,91,2,3.5806451612903225,stipe_density,"c(-70.906925483871, 42.3435622580645)",Gulf of Maine/Bay of Fundy,Cold Temperate Northwest Atlantic,Temperate Northern Atlantic,0.08851298190401259,0.014367516226464552,0.014367516226464552,0.08481252803752663,0.014265281540675733,0.014265281540675733
keen_one,Baker North,1,42.53774,-70.7857,1,2014-07-08,8.55,7.608333333333335,6.66666666666667,2.027078773262045,25.83333333333335,25.83333333333335,81.875,60,97,97,69,2,25.83333333333335,stipe_density,"c(-70.7857, 42.53774)",Gulf of Maine/Bay of Fundy,Cold Temperate Northwest Atlantic,Temperate Northern Atlantic,0.6385959129861573,0.1036575307329763,0.1036575307329763,0.49383972451165103,0.09862969206114638,0.09862969206114638
keen_one,Baker North,2,42.535955,-70.782555,1,2014-07-09,7.51666666666667,7.483333333333335,7.45,0.362268871871113,5.583333333333335,5.583333333333335,43.125,60,97,97,69,2,5.583333333333335,stipe_density,"c(-70.782555, 42.535955)",Gulf of Maine/Bay of Fundy,Cold Temperate Northwest Atlantic,Temperate Northern Atlantic,0.1380191166776533,0.02240340180357874,0.02240340180357874,0.12928913404956044,0.02215613190826892,0.02215613190826892
keen_one,Baker North,3,42.53787,-70.78437,1,2015-07-07,10.1,10.1,10.1,0.4883503610647091,9.16666666666667,9.16666666666667,63.75,60,97,97,69,2,9.16666666666667,stipe_density,"c(-70.78437, 42.53787)",Gulf of Maine/Bay of Fundy,Cold Temperate Northwest Atlantic,Temperate Northern Atlantic,0.22659854976928154,0.03678170445363674,0.03678170445363674,0.20424493189148785,0.036121400292774886,0.036121400292774886
keen_one,Baker North,4,42.53677,-70.78341,1,2015-07-09,7.18,7.18,7.18,NA,11.3333333333333,11.3333333333333,NA,60,97,97,69,2,11.3333333333333,stipe_density,"c(-70.78341, 42.53677)",Gulf of Maine/Bay of Fundy,Cold Temperate Northwest Atlantic,Temperate Northern Atlantic,0.28015820698747446,0.045475561869950734,0.045475561869950734,0.24698366950273729,0.044471865026991846,0.044471865026991846
keen_one,Baker North,5,42.53502,-70.78151,1,2015-07-10,7.51666666666667,7.51666666666667,7.51666666666667,NA,15,15,NA,60,97,97,69,2,15,stipe_density,"c(-70.78151, 42.53502)",Gulf of Maine/Bay of Fundy,Cold Temperate Northwest Atlantic,Temperate Northern Atlantic,0.37079762689518786,0.06018824365140556,0.06018824365140556,0.3153927798344341,0.058446480707414004,0.058446480707414004
keen_one,Baker North,6,42.53761,-70.785875,1,2016-08-02,8.33333333333333,7.78095238095238,7.22857142857143,NA,7.333333333333335,7.333333333333335,NA,60,97,97,69,2,7.333333333333335,stipe_density,"c(-70.785875, 42.53761)",Gulf of Maine/Bay of Fundy,Cold Temperate Northwest Atlantic,Temperate Northern Atlantic,0.18127883981542522,0.02942536356290939,0.02942536356290939,0.16659761418634358,0.029000747104251618,0.029000747104251618
keen_one,Baker North,7,42.53594,-70.78181000000001,1,2016-08-04,7.725,7.2125,6.7,NA,2.5,2.5,NA,60,97,97,69,2,2.5,stipe_density,"c(-70.78181, 42.53594)",Gulf of Maine/Bay of Fundy,Cold Temperate Northwest Atlantic,Temperate Northern Atlantic,0.061799604482531315,0.010031373941900927,0.010031373941900927,0.05996520867021955,0.00998139367952627,0.00998139367952627
keen_one,Baker North,8,42.53781,-70.78767,1,2017-07-19,6.66666666666667,6.66666666666667,6.66666666666667,0.373995104818367,10,10,56.25,60,97,97,69,2,10,stipe_density,"c(-70.78767, 42.53781)",Gulf of Maine/Bay of Fundy,Cold Temperate Northwest Atlantic,Temperate Northern Atlantic,0.24719841793012526,0.04012549576760371,0.04012549576760371,0.2208997702632913,0.03934137488067342,0.03934137488067342
keen_one,Baker North,9,42.5372,-70.784795,1,2017-07-20,8.46666666666667,8.233333333333334,8,NA,9.08333333333335,9.08333333333335,26.25,60,97,97,69,2,9.08333333333335,stipe_density,"c(-70.784795, 42.5372)",Gulf of Maine/Bay of Fundy,Cold Temperate Northwest Atlantic,Temperate Northern Atlantic,0.22453856295319752,0.0364473253222401,0.0364473253222401,0.20256408973020157,0.035798831845687246,0.035798831845687246
keen_one,Baker North,10,42.3227,-70.47183,1,2018-07-10,5.52,5.52,5.52,0.218146470242476,8.66666666666667,8.66666666666667,33.75,60,97,97,69,2,8.66666666666667,stipe_density,"c(-70.47183, 42.3227)",Gulf of Maine/Bay of Fundy,Cold Temperate Northwest Atlantic,Temperate Northern Atlantic,0.21423862887277528,0.034775429665256555,0.034775429665256555,0.19411723746672002,0.03418442700576362,0.03418442700576362
keen_one,Baker North,11,42.322,-70.47036,1,2018-07-11,7.9875,7.9875,7.9875,NA,1.33333333333333,1.33333333333333,16.25,60,97,97,69,2,1.33333333333333,stipe_density,"c(-70.47036, 42.322)",Gulf of Maine/Bay of Fundy,Cold Temperate Northwest Atlantic,Temperate Northern Atlantic,0.03295978905734995,0.005350066102347147,0.005350066102347147,0.03242826300748842,0.005335805340098506,0.005335805340098506
keen_one,Baker South,1,42.53066,-70.78569,1,2014-07-10,7.775,7.775,7.775,0.163885675689244,6.5,6.5,36.25,60,97,97,69,2,6.5,stipe_density,"c(-70.78569, 42.53066)",Gulf of Maine/Bay of Fundy,Cold Temperate Northwest Atlantic,Temperate Northern Atlantic,0.16067897165458142,0.026081572248942406,0.026081572248942406,0.1490051542769874,0.02574724870414191,0.02574724870414191
keen_one,Baker South,2,42.53225,-70.782655,1,2014-07-11,7.7,7.66,7.62,0.2541320189851235,6,6,38.125,60,97,97,69,2,6,stipe_density,"c(-70.782655, 42.53225)",Gulf of Maine/Bay of Fundy,Cold Temperate Northwest Atlantic,Temperate Northern Atlantic,0.14831905075807514,0.024075297460562223,0.024075297460562223,0.13829917806391587,0.023790056590251647,0.023790056590251647
keen_one,Baker South,3,42.53191,-70.783185,1,2015-07-09,7.475,7.3275,7.18,NA,8.75,8.75,NA,60,97,97,69,2,8.75,stipe_density,"c(-70.783185, 42.53191)",Gulf of Maine/Bay of Fundy,Cold Temperate Northwest Atlantic,Temperate Northern Atlantic,0.21629861568885958,0.03510980879665324,0.03510980879665324,0.19581232550862857,0.03450751654531122,0.03450751654531122
keen_one,Baker South,4,42.5319705,-70.78454475,1,2016-08-03,8.9,8.060664335664338,7.5,NA,7.083333333333332,7.083333333333332,NA,60,97,97,69,2,7.083333333333332,stipe_density,"c(-70.78454475, 42.5319705)",Gulf of Maine/Bay of Fundy,Cold Temperate Northwest Atlantic,Temperate Northern Atlantic,0.17509887936717203,0.028422226168719287,0.028422226168719287,0.1613522967083987,0.028025808553259892,0.028025808553259892
keen_one,Baker South,5,42.531355,-70.78394499999999,1,2017-07-26,8.5,8.24375,7.9875,0.044266473812829346,1.1666666666666665,1.1666666666666665,10,60,97,97,69,2,1.1666666666666665,stipe_density,"c(-70.783945, 42.531355)",Gulf of Maine/Bay of Fundy,Cold Temperate Northwest Atlantic,Temperate Northern Atlantic,0.028839815425181277,0.004681307839553765,0.004681307839553765,0.028431774593321187,0.004670384594791278,0.004670384594791278
keen_one,Baker South,6,42.53159,-70.78199,1,2017-07-31,7.51666666666667,7.51666666666667,7.51666666666667,0.475492920183164,19,19,20,60,97,97,69,2,19,stipe_density,"c(-70.78199, 42.53159)",Gulf of Maine/Bay of Fundy,Cold Temperate Northwest Atlantic,Temperate Northern Atlantic,0.46967699406723795,0.07623844195844703,0.07623844195844703,0.3850426447189992,0.07347203752299476,0.07347203752299476
keen_one,Baker South,7,42.31792,-70.47157,1,2018-07-03,7.22857142857143,7.22857142857143,7.22857142857143,NA,5.16666666666667,5.16666666666667,NA,60,97,97,69,2,5.16666666666667,stipe_density,"c(-70.47157, 42.31792)",Gulf of Maine/Bay of Fundy,Cold Temperate Northwest Atlantic,Temperate Northern Atlantic,0.12771918259723145,0.020731506146595257,0.020731506146595257,0.12019717048407494,0.020519533146579078,0.020519533146579078
keen_one,Baker South,8,42.31831,-70.4707,1,2018-07-05,7.52727272727273,7.52727272727273,7.52727272727273,NA,1.166666666666667,1.166666666666667,NA,60,97,97,69,2,1.166666666666667,stipe_density,"c(-70.4707, 42.31831)",Gulf of Maine/Bay of Fundy,Cold Temperate Northwest Atlantic,Temperate Northern Atlantic,0.028839815425181287,0.004681307839553767,0.004681307839553767,0.028431774593321187,0.004670384594791278,0.004670384594791278
keen_one,Baker South,9,42.31937,-70.46893,1,2018-07-09,9.03333333333333,8.13095238095238,7.22857142857143,NA,5.999999999999998,5.999999999999998,NA,60,97,97,69,2,5.999999999999998,stipe_density,"c(-70.46893, 42.31937)",Gulf of Maine/Bay of Fundy,Cold Temperate Northwest Atlantic,Temperate Northern Atlantic,0.1483190507580751,0.024075297460562216,0.024075297460562216,0.13829917806391587,0.023790056590251647,0.023790056590251647
keen_one,Calf Island,1,42.344483333333336,-70.893265,1,2014-07-24,8.85,8.205128205128206,7.45,0.5552351104131622,8.666666666666668,8.666666666666668,60.416666666666664,60,97,97,69,2,8.666666666666668,stipe_density,"c(-70.893265, 42.3444833333333)",Gulf of Maine/Bay of Fundy,Cold Temperate Northwest Atlantic,Temperate Northern Atlantic,0.21423862887277526,0.03477542966525655,0.03477542966525655,0.19411723746672002,0.03418442700576362,0.03418442700576362
keen_one,Calf Island,2,42.34147996176026,-70.89328496251255,1,2015-07-14,8.675,8.075,7.475,0.6587842706461713,10.41666666666667,10.41666666666667,35,60,97,97,69,2,10.41666666666667,stipe_density,"c(-70.8932849625126, 42.3414799617603)",Gulf of Maine/Bay of Fundy,Cold Temperate Northwest Atlantic,Temperate Northern Atlantic,0.2574983520105472,0.0417973914245872,0.0417973914245872,0.22912431246250656,0.040947482413923826,0.040947482413923826
keen_one,Calf Island,3,42.342275,-70.891011,1,2016-08-25,7.42,7.42,7.42,1.147193589951456,13,13,NA,60,97,97,69,2,13,stipe_density,"c(-70.891011, 42.342275)",Gulf of Maine/Bay of Fundy,Cold Temperate Northwest Atlantic,Temperate Northern Atlantic,0.32135794330916284,0.05216314449788481,0.05216314449788481,0.27865995273402944,0.050848182612991386,0.050848182612991386
keen_one,Calf Island,4,42.343802,-70.8912,1,2016-08-29,7.6,7.6,7.6,NA,11.333333333333368,11.333333333333368,NA,60,97,97,69,2,11.333333333333368,stipe_density,"c(-70.8912, 42.343802)",Gulf of Maine/Bay of Fundy,Cold Temperate Northwest Atlantic,Temperate Northern Atlantic,0.2801582069874761,0.045475561869951005,0.045475561869951005,0.24698366950273867,0.044471865026992054,0.044471865026992054
keen_one,Calf Island,5,42.345715,-70.89132,1,2016-08-30,6.4,6.4,6.4,0.5017000868503275,6.999999999999997,6.999999999999997,83.75,60,97,97,69,2,6.999999999999997,stipe_density,"c(-70.89132, 42.345715)",Gulf of Maine/Bay of Fundy,Cold Temperate Northwest Atlantic,Temperate Northern Atlantic,0.17303889255108762,0.02808784703732258,0.02808784703732258,0.15959772560171517,0.027700617698422813,0.027700617698422813
keen_one,Calf Island,6,42.340155,-70.89377,1,2016-09-01,8.675,8.675,8.675,NA,7.166666666666667,7.166666666666667,NA,60,97,97,69,2,7.166666666666667,stipe_density,"c(-70.89377, 42.340155)",Gulf of Maine/Bay of Fundy,Cold Temperate Northwest Atlantic,Temperate Northern Atlantic,0.17715886618325644,0.02875660530011599,0.02875660530011599,0.16310379468654956,0.02835089369338143,0.02835089369338143
keen_one,Calf Island,7,42.344665,-70.89315500000001,1,2017-08-02,8.4,7.6875,6.975,0.3247407947035246,4.2500000000000036,4.2500000000000036,52.5,60,97,97,69,2,4.2500000000000036,stipe_density,"c(-70.893155, 42.344665)",Gulf of Maine/Bay of Fundy,Cold Temperate Northwest Atlantic,Temperate Northern Atlantic,0.10505932762030332,0.01705333570123159,0.01705333570123159,0.09989902368257207,0.0169095598419468,0.0169095598419468
keen_one,Calf Island,8,42.34119,-70.892685,1,2017-08-03,8.1,7.7875,7.475,NA,3.91666666666667,3.91666666666667,40,60,97,97,69,2,3.91666666666667,stipe_density,"c(-70.892685, 42.34119)",Gulf of Maine/Bay of Fundy,Cold Temperate Northwest Atlantic,Temperate Northern Atlantic,0.09681938035596581,0.015715819175644796,0.015715819175644796,0.0924145190186511,0.015593604495618292,0.015593604495618292
keen_one,Fort Weatherill,1,41.4770646044823,-71.36499603512735,1,2016-08-23,8.31538461538462,7.39519230769231,6.475,0.2652675134135971,8.666666666666664,8.666666666666664,10,60,97,97,69,2,8.666666666666664,stipe_density,"c(-71.3649960351273, 41.4770646044823)",Virginian,Cold Temperate Northwest Atlantic,Temperate Northern Atlantic,0.034775429665256534,0.034775429665256534,0.034775429665256534,0.03418442700576362,0.03418442700576362,0.03418442700576362
keen_one,Fort Weatherill,2,41.4777983076676,-71.3605790080763,1,2016-08-24,8.31538461538462,8.31538461538462,8.31538461538462,0.027196194061452003,1.9999999999999964,1.9999999999999964,NA,60,97,97,69,2,1.9999999999999964,stipe_density,"c(-71.3605790080763, 41.4777983076676)",Virginian,Cold Temperate Northwest Atlantic,Temperate Northern Atlantic,0.008025099153520726,0.008025099153520726,0.008025099153520726,0.007993069293067727,0.007993069293067727,0.007993069293067727
keen_one,Fort Weatherill,3,41.4770930220363,-71.36499603443934,1,2017-08-29,7.9875,7.757386363636365,7.52727272727273,0.0275619229782606,1.4166666666666685,1.4166666666666685,3.125,60,97,97,69,2,1.4166666666666685,stipe_density,"c(-71.3649960344393, 41.4770930220363)",Virginian,Cold Temperate Northwest Atlantic,Temperate Northern Atlantic,0.005684445233743865,0.005684445233743865,0.005684445233743865,0.0056683497420899846,0.0056683497420899846,0.0056683497420899846
keen_one,Fort Weatherill,4,41.4778265132492,-71.3605790073976,1,2017-08-31,8.31538461538462,8.082692307692309,7.85,0.16343062894712895,4.166666666666663,4.166666666666663,13.75,60,97,97,69,2,4.166666666666663,stipe_density,"c(-71.3605790073976, 41.4778265132492)",Virginian,Cold Temperate Northwest Atlantic,Temperate Northern Atlantic,0.016718956569834863,0.016718956569834863,0.016718956569834863,0.01658073332023592,0.01658073332023592,0.01658073332023592
keen_one,Fort Weatherill,5,41.4781861111111,-71.3616694444444,1,2018-09-07,7.52727272727273,7.52727272727273,7.52727272727273,0.0104009732295519,1.16666666666667,1.16666666666667,10,60,97,97,69,2,1.16666666666667,stipe_density,"c(-71.3616694444444, 41.4781861111111)",Virginian,Cold Temperate Northwest Atlantic,Temperate Northern Atlantic,0.004681307839553779,0.004681307839553779,0.004681307839553779,0.004670384594791278,0.004670384594791278,0.004670384594791278
keen_one,Fort Weatherill,6,41.4771625,-71.3649763888888,1,2018-09-10,7.9875,7.731249999999999,7.475,0.10587788711948981,7.833333333333331,7.833333333333331,2.5,60,97,97,69,2,7.833333333333331,stipe_density,"c(-71.3649763888888, 41.4771625)",Virginian,Cold Temperate Northwest Atlantic,Temperate Northern Atlantic,0.03143163835128956,0.03143163835128956,0.03143163835128956,0.030947777315780182,0.030947777315780182,0.030947777315780182
keen_one,Fort Weatherill,7,41.4774972222222,-71.3594166666666,1,2018-09-24,8.31538461538462,8.31538461538462,8.31538461538462,NA,6.16666666666667,6.16666666666667,8.75,60,97,97,69,2,6.16666666666667,stipe_density,"c(-71.3594166666666, 41.4774972222222)",Virginian,Cold Temperate Northwest Atlantic,Temperate Northern Atlantic,0.02474405572335563,0.02474405572335563,0.02474405572335563,0.02444287967639138,0.02444287967639138,0.02444287967639138
keen_one,Fort Weatherill,8,41.47833333,-71.36027778,1,2019-09-06,7.3152,7.3152,7.3152,NA,0.833333333333333,0.833333333333333,2.5,60,97,97,69,2,0.833333333333333,stipe_density,"c(-71.36027778, 41.47833333)",Virginian,Cold Temperate Northwest Atlantic,Temperate Northern Atlantic,0.003343791313966974,0.003343791313966974,0.003343791313966974,0.0033382132748649702,0.0033382132748649702,0.0033382132748649702
keen_one,Fort Weatherill,9,41.47823472,-71.35983055499995,1,2019-09-11,16,11.6576,7.3152,NA,5.416666666666666,5.416666666666666,NA,60,97,97,69,2,5.416666666666666,stipe_density,"c(-71.359830555, 41.47823472)",Virginian,Cold Temperate Northwest Atlantic,Temperate Northern Atlantic,0.021734643540785338,0.021734643540785338,0.021734643540785338,0.02150181378315361,0.02150181378315361,0.02150181378315361
keen_one,Fort Weatherill,10,41.4773986111111,-71.36290972222216,1,2019-09-16,8.8392,8.1534,7.4676,0.7679178825656778,11.249999999999998,11.249999999999998,42.5,60,97,97,69,2,11.249999999999998,stipe_density,"c(-71.3629097222222, 41.4773986111111)",Virginian,Cold Temperate Northwest Atlantic,Temperate Northern Atlantic,0.04514118273855416,0.04514118273855416,0.04514118273855416,0.04415197939026745,0.04415197939026745,0.04415197939026745
keen_one,Hurricane Island,1,44.0404,-68.891345,1,2017-07-20,7.52727272727273,7.4736363636363645,7.42,0.6287736055736948,5.333333333333335,5.333333333333335,67.5,60,97,97,69,2,5.333333333333335,stipe_density,"c(-68.891345, 44.0404)",Gulf of Maine/Bay of Fundy,Cold Temperate Northwest Atlantic,Temperate Northern Atlantic,0.13183915622940018,0.021400264409388647,0.021400264409388647,0.12384388154894327,0.021174494100952665,0.021174494100952665
keen_one,Hurricane Island,2,44.03941,-68.89541,1,2017-07-27,5.83333333333333,5.83333333333333,5.83333333333333,0.8801324859034317,13.83333333333337,13.83333333333337,88.75,60,97,97,69,2,13.83333333333337,stipe_density,"c(-68.89541, 44.03941)",Gulf of Maine/Bay of Fundy,Cold Temperate Northwest Atlantic,Temperate Northern Atlantic,0.3419578114700075,0.05550693581185193,0.05550693581185193,0.2941296009987091,0.054021159399619524,0.054021159399619524
keen_one,Hurricane Island,3,44.03881,-68.89272,1,2017-08-03,5.83333333333333,5.83333333333333,5.83333333333333,NA,6,6,76.25,60,97,97,69,2,6,stipe_density,"c(-68.89272, 44.03881)",Gulf of Maine/Bay of Fundy,Cold Temperate Northwest Atlantic,Temperate Northern Atlantic,0.14831905075807514,0.024075297460562223,0.024075297460562223,0.13829917806391587,0.023790056590251647,0.023790056590251647
keen_one,Hurricane Island,4,44.04001133333333,-68.89277233333334,1,2020-08-17,7.9875,6.979166666666666,6.475,0.07929368996947775,1.611111111111109,1.611111111111109,28.75,60,97,97,69,2,1.611111111111109,stipe_density,"c(-68.8927723333333, 44.0400113333333)",Gulf of Maine/Bay of Fundy,Cold Temperate Northwest Atlantic,Temperate Northern Atlantic,0.039826411777631236,0.0064646632070028106,0.0064646632070028106,0.0390537874696869,0.006443856894207819,0.006443856894207819
keen_one,Hurricane Island,5,44.039867,-68.892833,1,2020-08-18,4,4,4,0.157222633726932,4,4,26.25,60,97,97,69,2,4,stipe_density,"c(-68.892833, 44.039867)",Gulf of Maine/Bay of Fundy,Cold Temperate Northwest Atlantic,Temperate Northern Atlantic,0.0988793671720501,0.01605019830704148,0.01605019830704148,0.09429090340226169,0.0159227557182871,0.0159227557182871
keen_one,King's Beach,1,41.450795,-71.33143,1,2019-09-27,9999,5003.1576000000005,7.3152,NA,4.416666666666667,4.416666666666667,8.75,60,97,97,69,2,4.416666666666667,stipe_density,"c(-71.33143, 41.450795)",Virginian,Cold Temperate Northwest Atlantic,Temperate Northern Atlantic,0.01772209396402497,0.01772209396402497,0.01772209396402497,0.01756688868239105,0.01756688868239105,0.01756688868239105
keen_one,King's Beach,2,41.450199999999995,-71.33848,1,2019-09-30,9999,9999,9999,0.219162312940839,11.916666666666664,11.916666666666664,19.375,60,97,97,69,2,11.916666666666664,stipe_density,"c(-71.33848, 41.4502)",Virginian,Cold Temperate Northwest Atlantic,Temperate Northern Atlantic,0.04781621578972774,0.04781621578972774,0.04781621578972774,0.046708203907472795,0.046708203907472795,0.046708203907472795
keen_one,Little Brewster,1,42.328328,-70.889055,1,2014-08-08,8.35,8.0375,7.725,0.698913821270752,6.166666666666665,6.166666666666665,60,60,97,97,69,2,6.166666666666665,stipe_density,"c(-70.889055, 42.328328)",Gulf of Maine/Bay of Fundy,Cold Temperate Northwest Atlantic,Temperate Northern Atlantic,0.15243902439024387,0.024744055723355612,0.024744055723355612,0.1418805872354439,0.02444287967639138,0.02444287967639138
keen_one,Little Brewster,2,42.327512567862854,-70.8901525614783,1,2015-07-15,7.85,7.515,7.18,NA,5.500000000000002,5.500000000000002,27.5,60,97,97,69,2,5.500000000000002,stipe_density,"c(-70.8901525614783, 42.3275125678629)",Gulf of Maine/Bay of Fundy,Cold Temperate Northwest Atlantic,Temperate Northern Atlantic,0.13595912986156894,0.022069022672182043,0.022069022672182043,0.12747734241722905,0.021829026362236416,0.021829026362236416
keen_one,Little Brewster,3,42.3271982464939,-70.89031194336705,1,2015-07-17,7.725,7.35,6.975,NA,8.5,8.5,NA,60,97,97,69,2,8.5,stipe_density,"c(-70.890311943367, 42.3271982464939)",Gulf of Maine/Bay of Fundy,Cold Temperate Northwest Atlantic,Temperate Northern Atlantic,0.21011865524060647,0.03410667140246315,0.03410667140246315,0.19071841698318762,0.0335379345973846,0.0335379345973846
keen_one,Little Brewster,4,42.328099,-70.888049,1,2016-08-25,6.4,6.4,6.4,NA,8.33333333333333,8.33333333333333,NA,60,97,97,69,2,8.33333333333333,stipe_density,"c(-70.888049, 42.328099)",Gulf of Maine/Bay of Fundy,Cold Temperate Northwest Atlantic,Temperate Northern Atlantic,0.20599868160843762,0.03343791313966974,0.03343791313966974,0.18730800511072915,0.032891023966179024,0.032891023966179024
keen_one,Little Brewster,5,42.3269,-70.888444,1,2016-08-29,7.85,7.85,7.85,NA,9.83333333333333,9.83333333333333,NA,60,97,97,69,2,9.83333333333333,stipe_density,"c(-70.888444, 42.3269)",Gulf of Maine/Bay of Fundy,Cold Temperate Northwest Atlantic,Temperate Northern Atlantic,0.24307844429795641,0.039456737504810296,0.039456737504810296,0.2175909193852079,0.0386982088878631,0.0386982088878631
keen_one,Little Brewster,6,42.326938,-70.890339,1,2016-08-30,7.725,7.725,7.725,NA,3.66666666666667,3.66666666666667,NA,60,97,97,69,2,3.66666666666667,stipe_density,"c(-70.890339, 42.326938)",Gulf of Maine/Bay of Fundy,Cold Temperate Northwest Atlantic,Temperate Northern Atlantic,0.09063941990771268,0.014712681781454705,0.014712681781454705,0.08676414801313474,0.014605500284773129,0.014605500284773129
keen_one,Little Brewster,7,42.327162,-70.891487,1,2016-09-01,6.975,6.975,6.975,NA,6.500000000000003,6.500000000000003,NA,60,97,97,69,2,6.500000000000003,stipe_density,"c(-70.891487, 42.327162)",Gulf of Maine/Bay of Fundy,Cold Temperate Northwest Atlantic,Temperate Northern Atlantic,0.16067897165458148,0.02608157224894242,0.02608157224894242,0.1490051542769876,0.02574724870414191,0.02574724870414191
keen_one,Little Brewster,8,42.326845,-70.891005,1,2017-08-07,8,6.916666666666665,5.83333333333333,0.1252633460248487,2.666666666666665,2.666666666666665,16.25,60,97,97,69,2,2.666666666666665,stipe_density,"c(-70.891005, 42.326845)",Gulf of Maine/Bay of Fundy,Cold Temperate Northwest Atlantic,Temperate Northern Atlantic,0.06591957811470003,0.010700132204694315,0.010700132204694315,0.06383788022857449,0.010643290903551152,0.010643290903551152
keen_one,NE Appledore,1,42.990348986499995,-70.61094897800001,1,2014-07-18,9.8,9.18,8.56,0.2830898423262585,13.66666666666665,13.66666666666665,75,60,97,97,69,2,13.66666666666665,stipe_density,"c(-70.610948978, 42.9903489865)",Gulf of Maine/Bay of Fundy,Cold Temperate Northwest Atlantic,Temperate Northern Atlantic,0.33783783783783744,0.05483817754905833,0.05483817754905833,0.29105475693041993,0.05338736895373871,0.05338736895373871
keen_one,NE Appledore,2,42.992762011,-70.611665966,1,2014-07-19,8.56,8.56,8.56,0.029191062428597238,1.83333333333333,1.83333333333333,6.25,60,97,97,69,2,1.83333333333333,stipe_density,"c(-70.611665966, 42.992762011)",Gulf of Maine/Bay of Fundy,Cold Temperate Northwest Atlantic,Temperate Northern Atlantic,0.04531970995385621,0.007356340890727332,0.007356340890727332,0.04432278116547424,0.007329414985202171,0.007329414985202171
keen_one,NE Appledore,3,42.99306904,-70.613883985,1,2014-07-21,7.42,7.42,7.42,NA,2.5,2.5,10,60,97,97,69,2,2.5,stipe_density,"c(-70.613883985, 42.99306904)",Gulf of Maine/Bay of Fundy,Cold Temperate Northwest Atlantic,Temperate Northern Atlantic,0.061799604482531315,0.010031373941900927,0.010031373941900927,0.05996520867021955,0.00998139367952627,0.00998139367952627
keen_one,NE Appledore,4,42.9902,-70.61115000000001,1,2016-08-08,8,7.333333333333335,6.66666666666667,NA,4.916666666666663,4.916666666666663,NA,60,97,97,69,2,4.916666666666663,stipe_density,"c(-70.61115, 42.9902)",Gulf of Maine/Bay of Fundy,Cold Temperate Northwest Atlantic,Temperate Northern Atlantic,0.12153922214897817,0.01972836875240514,0.01972836875240514,0.11470204730370534,0.019536286685967356,0.019536286685967356
keen_one,NE Appledore,5,42.99472,-70.61183,1,2016-08-09,8.675,7.951785714285716,7.22857142857143,0.12038411958464224,5.583333333333332,5.583333333333332,33.75,60,97,97,69,2,5.583333333333332,stipe_density,"c(-70.61183, 42.99472)",Gulf of Maine/Bay of Fundy,Cold Temperate Northwest Atlantic,Temperate Northern Atlantic,0.13801911667765324,0.02240340180357873,0.02240340180357873,0.12928913404956044,0.02215613190826892,0.02215613190826892
keen_one,NE Appledore,6,42.990404999999996,-70.610795,1,2017-08-15,10.2,8.858333333333334,7.51666666666667,0.414163033081677,10.666666666666666,10.666666666666666,43.75,60,97,97,69,2,10.666666666666666,stipe_density,"c(-70.610795, 42.990405)",Gulf of Maine/Bay of Fundy,Cold Temperate Northwest Atlantic,Temperate Northern Atlantic,0.26367831245880025,0.04280052881877728,0.04280052881877728,0.23402676369711223,0.04190991019136697,0.04190991019136697
keen_one,NE Appledore,7,42.99277,-70.61249000000001,1,2017-08-16,7.775,7.220833333333335,6.66666666666667,0.3192322637280847,8.499999999999982,8.499999999999982,35,60,97,97,69,2,8.499999999999982,stipe_density,"c(-70.61249, 42.99277)",Gulf of Maine/Bay of Fundy,Cold Temperate Northwest Atlantic,Temperate Northern Atlantic,0.21011865524060602,0.034106671402463075,0.034106671402463075,0.19071841698318726,0.0335379345973846,0.0335379345973846
keen_one,NE Appledore,8,42.98966,-70.610375,1,2019-08-13,8.56,8.56,8.56,0.049239572969967,1.66666666666667,1.66666666666667,10,60,97,97,69,2,1.66666666666667,stipe_density,"c(-70.610375, 42.98966)",Gulf of Maine/Bay of Fundy,Cold Temperate Northwest Atlantic,Temperate Northern Atlantic,0.04119973632168763,0.0066875826279339644,0.0066875826279339644,0.0403736408936077,0.006665319947788017,0.006665319947788017
keen_one,NE Appledore,9,42.99281,-70.61269,1,2019-08-15,9999,5003.733333333334,8.46666666666667,0.12500806793692,2.416666666666665,2.416666666666665,NA,60,97,97,69,2,2.416666666666665,stipe_density,"c(-70.61269, 42.99281)",Gulf of Maine/Bay of Fundy,Cold Temperate Northwest Atlantic,Temperate Northern Atlantic,0.0597396176664469,0.009696994810504223,0.009696994810504223,0.058023234237718546,0.009650280704509417,0.009650280704509417
keen_one,NE Appledore,10,42.75982966666667,-70.61122666666667,1,2021-08-03,8.96666666666667,8.429166666666667,7.9875,0.1655356160014395,8.555555555555559,8.555555555555559,46.25,60,97,97,69,2,8.555555555555559,stipe_density,"c(-70.6112266666667, 42.7598296666667)",Gulf of Maine/Bay of Fundy,Cold Temperate Northwest Atlantic,Temperate Northern Atlantic,0.2114919797846628,0.03432959082339429,0.03432959082339429,0.19185264118209133,0.03375347850933892,0.03375347850933892
keen_one,NW Appledore,1,42.9906409945,-70.618034491,1,2014-07-18,11.4,10.4,9.4,NA,2.5833333333333335,2.5833333333333335,NA,60,97,97,69,2,2.5833333333333335,stipe_density,"c(-70.618034491, 42.9906409945)",Gulf of Maine/Bay of Fundy,Cold Temperate Northwest Atlantic,Temperate Northern Atlantic,0.0638595912986157,0.010365753073297623,0.010365753073297623,0.06190341914635049,0.010312397055029718,0.010312397055029718
keen_one,NW Appledore,2,42.992212493,-70.6165910045,1,2014-07-21,8.96666666666667,8.333333333333336,7.7,0.11701352398107229,6.2500000000000036,6.2500000000000036,25,60,97,97,69,2,6.2500000000000036,stipe_density,"c(-70.6165910045, 42.992212493)",Gulf of Maine/Bay of Fundy,Cold Temperate Northwest Atlantic,Temperate Northern Atlantic,0.15449901120632836,0.025078434854752328,0.025078434854752328,0.14366649334286324,0.024769131472241687,0.024769131472241687
keen_one,NW Appledore,3,42.99165548756713,-70.61738552525634,1,2015-08-10,9.6,8.6,7.85,0.14817945703151517,4.722222222222223,4.722222222222223,34.583333333333336,60,97,97,69,2,4.722222222222223,stipe_density,"c(-70.6173855252563, 42.9916554875671)",Gulf of Maine/Bay of Fundy,Cold Temperate Northwest Atlantic,Temperate Northern Atlantic,0.11673258624478139,0.018948150779146196,0.018948150779146196,0.11040708788453163,0.018770870491808266,0.018770870491808266
keen_one,NW Appledore,4,42.9902022611349,-70.618576426059,1,2015-08-12,7.18,7.18,7.18,NA,3.33333333333333,3.33333333333333,NA,60,97,97,69,2,3.33333333333333,stipe_density,"c(-70.618576426059, 42.9902022611349)",Gulf of Maine/Bay of Fundy,Cold Temperate Northwest Atlantic,Temperate Northern Atlantic,0.082399472643375,0.013375165255867887,0.013375165255867887,0.0791803106638412,0.013286507400463976,0.013286507400463976
keen_one,NW Appledore,5,42.989512500000004,-70.6188,1,2016-08-09,8.31538461538462,8.082692307692309,7.85,0.16554977195593984,3.66666666666667,3.66666666666667,39.375,60,97,97,69,2,3.66666666666667,stipe_density,"c(-70.6188, 42.9895125)",Gulf of Maine/Bay of Fundy,Cold Temperate Northwest Atlantic,Temperate Northern Atlantic,0.09063941990771268,0.014712681781454705,0.014712681781454705,0.08676414801313474,0.014605500284773129,0.014605500284773129
keen_one,NW Appledore,6,42.992155,-70.61671000000001,1,2016-08-11,8.33333333333333,7.891666666666666,7.45,0.0906249921395018,4.5,4.5,23.125,60,97,97,69,2,4.5,stipe_density,"c(-70.61671, 42.992155)",Gulf of Maine/Bay of Fundy,Cold Temperate Northwest Atlantic,Temperate Northern Atlantic,0.11123928806855636,0.018056473095421667,0.018056473095421667,0.10547586826615914,0.01789539114313417,0.01789539114313417
keen_one,NW Appledore,7,42.992075,-70.616975,1,2017-08-15,11.1,9.313636363636364,7.52727272727273,0.10888808973339623,3.833333333333333,3.833333333333333,30,60,97,97,69,2,3.833333333333333,stipe_density,"c(-70.616975, 42.992075)",Gulf of Maine/Bay of Fundy,Cold Temperate Northwest Atlantic,Temperate Northern Atlantic,0.09475939353988133,0.015381440044248086,0.015381440044248086,0.09053460719681834,0.015264344896748964,0.015264344896748964
keen_one,NW Appledore,8,42.99015,-70.61869,1,2017-08-16,8.9,8.9,8.9,0.21842299168276305,8.166666666666668,8.166666666666668,NA,60,97,97,69,2,8.166666666666668,stipe_density,"c(-70.61869, 42.99015)",Gulf of Maine/Bay of Fundy,Cold Temperate Northwest Atlantic,Temperate Northern Atlantic,0.20187870797626897,0.032769154876876365,0.032769154876876365,0.18388592251581018,0.03224369457069079,0.03224369457069079
keen_one,NW Appledore,9,42.99315,-70.61552,1,2018-08-29,14.9,14.9,14.9,0.0959472472200573,4.33333333333334,4.33333333333334,23.75,60,97,97,69,2,4.33333333333334,stipe_density,"c(-70.61552, 42.99315)",Gulf of Maine/Bay of Fundy,Cold Temperate Northwest Atlantic,Temperate Northern Atlantic,0.10711931443638778,0.017387714832628298,0.017387714832628298,0.10176142970381534,0.017238278272318403,0.017238278272318403
keen_one,NW Appledore,10,42.99079,-70.61849,1,2018-08-30,9.6,9.6,9.6,0.08354878347256081,3.000000000000003,3.000000000000003,21.25,60,97,97,69,2,3.000000000000003,stipe_density,"c(-70.61849, 42.99079)",Gulf of Maine/Bay of Fundy,Cold Temperate Northwest Atlantic,Temperate Northern Atlantic,0.07415952537903765,0.012037648730281124,0.012037648730281124,0.0715385189290841,0.011965772475934637,0.011965772475934637
keen_one,NW Appledore,11,42.99239,-70.61666500000001,1,2021-08-04,10.1,8.383333333333335,6.66666666666667,0.0949276166896279,2.749999999999998,2.749999999999998,28.75,60,97,97,69,2,2.749999999999998,stipe_density,"c(-70.616665, 42.99239)",Gulf of Maine/Bay of Fundy,Cold Temperate Northwest Atlantic,Temperate Northern Atlantic,0.06797956493078439,0.01103451133609101,0.01103451133609101,0.06576860639500684,0.010974075297550647,0.010974075297550647
keen_one,NW Appledore,12,42.99084,-70.61831,1,2021-08-06,9.4,9.4,9.4,0.0276284236677831,3.5,3.5,NA,60,97,97,69,2,3.5,stipe_density,"c(-70.61831, 42.99084)",Gulf of Maine/Bay of Fundy,Cold Temperate Northwest Atlantic,Temperate Northern Atlantic,0.08651944627554384,0.014043923518661296,0.014043923518661296,0.08297941864487682,0.013946221310381505,0.013946221310381505
keen_one,Nahant,1,42.42101,-70.90135,1,2015-08-04,7.85,7.85,7.85,NA,9.16666666666667,9.16666666666667,6.25,60,97,97,69,2,9.16666666666667,stipe_density,"c(-70.90135, 42.42101)",Gulf of Maine/Bay of Fundy,Cold Temperate Northwest Atlantic,Temperate Northern Atlantic,0.22659854976928154,0.03678170445363674,0.03678170445363674,0.20424493189148785,0.036121400292774886,0.036121400292774886
keen_one,Nahant,2,42.416245,-70.90719,1,2015-08-07,5.49,5.03,4.57,NA,5.083333333333335,5.083333333333335,20.625,60,97,97,69,2,5.083333333333335,stipe_density,"c(-70.90719, 42.416245)",Gulf of Maine/Bay of Fundy,Cold Temperate Northwest Atlantic,Temperate Northern Atlantic,0.12565919578114704,0.020397127015198555,0.020397127015198555,0.118368815859119,0.020191891733925844,0.020191891733925844
keen_one,Nahant,3,42.42038,-70.90422,1,2015-08-27,6.09,6.09,6.09,NA,6.16666666666667,6.16666666666667,20,60,97,97,69,2,6.16666666666667,stipe_density,"c(-70.90422, 42.42038)",Gulf of Maine/Bay of Fundy,Cold Temperate Northwest Atlantic,Temperate Northern Atlantic,0.15243902439024398,0.02474405572335563,0.02474405572335563,0.14188058723544408,0.02444287967639138,0.02444287967639138
keen_one,Nahant,4,42.42091,-70.90651,1,2016-08-16,7.42,7.0649999999999995,6.71,NA,4.583333333333335,4.583333333333335,26.875,60,97,97,69,2,4.583333333333335,stipe_density,"c(-70.90651, 42.42091)",Gulf of Maine/Bay of Fundy,Cold Temperate Northwest Atlantic,Temperate Northern Atlantic,0.11329927488464077,0.01839085222681837,0.01839085222681837,0.10732792643159103,0.01822378572544816,0.01822378572544816
keen_one,Nahant,5,42.418383250000005,-70.90703500000001,1,2017-07-21,5.52,4.882499999999999,3.6,NA,6.374999999999999,6.374999999999999,37.083333333333336,60,97,97,69,2,6.374999999999999,stipe_density,"c(-70.907035, 42.41838325)",Gulf of Maine/Bay of Fundy,Cold Temperate Northwest Atlantic,Temperate Northern Atlantic,0.15758899143045482,0.025580003551847356,0.025580003551847356,0.14633938646826578,0.02525830967735195,0.02525830967735195
keen_one,Nahant,6,42.416375,-70.90716,1,2018-06-08,5.8,5.8,5.8,0.0299183692622584,1.9999999999999964,1.9999999999999964,12.5,60,97,97,69,2,1.9999999999999964,stipe_density,"c(-70.90716, 42.416375)",Gulf of Maine/Bay of Fundy,Cold Temperate Northwest Atlantic,Temperate Northern Atlantic,0.04943968358602496,0.008025099153520726,0.008025099153520726,0.04825638705579594,0.007993069293067727,0.007993069293067727
keen_one,Nahant,7,42.42067,-70.906615,1,2018-06-21,7.2,5.15,3.1,0.22264060073922548,4.916666666666665,4.916666666666665,39.375,60,97,97,69,2,4.916666666666665,stipe_density,"c(-70.906615, 42.42067)",Gulf of Maine/Bay of Fundy,Cold Temperate Northwest Atlantic,Temperate Northern Atlantic,0.12153922214897821,0.019728368752405148,0.019728368752405148,0.11470204730370534,0.019536286685967356,0.019536286685967356
keen_one,Nahant,8,42.41904,-70.90697,1,2019-07-29,9999,9999,9999,0.1391875434962229,5.50000000000001,5.50000000000001,10,60,97,97,69,2,5.50000000000001,stipe_density,"c(-70.90697, 42.41904)",Gulf of Maine/Bay of Fundy,Cold Temperate Northwest Atlantic,Temperate Northern Atlantic,0.13595912986156913,0.022069022672182075,0.022069022672182075,0.12747734241722924,0.021829026362236416,0.021829026362236416
keen_one,Nubble Lighthouse,1,43.164158,-70.591034,1,2014-08-20,8.55,8.55,8.55,NA,5.833333333333337,5.833333333333337,26.25,60,97,97,69,2,5.833333333333337,stipe_density,"c(-70.591034, 43.164158)",Gulf of Maine/Bay of Fundy,Cold Temperate Northwest Atlantic,Temperate Northern Atlantic,0.1441990771259065,0.02340653919776884,0.02340653919776884,0.1347048962848506,0.023136807047714376,0.023136807047714376
keen_one,Nubble Lighthouse,2,43.166109,-70.592358,1,2015-08-14,7.85,7.85,7.85,0.2748265361255861,7.5,7.5,22.5,60,97,97,69,2,7.5,stipe_density,"c(-70.592358, 43.166109)",Gulf of Maine/Bay of Fundy,Cold Temperate Northwest Atlantic,Temperate Northern Atlantic,0.18539881344759393,0.03009412182570278,0.03009412182570278,0.1700792693989333,0.029650178479912366,0.029650178479912366
keen_one,Pemaquid,1,43.83573,-69.507885,1,2016-07-13,5.49,4.725,3.96,NA,8.000000000000004,8.000000000000004,NA,60,97,97,69,2,8.000000000000004,stipe_density,"c(-69.507885, 43.83573)",Gulf of Maine/Bay of Fundy,Cold Temperate Northwest Atlantic,Temperate Northern Atlantic,0.1977587343441003,0.032100396614082975,0.032100396614082975,0.180452089047639,0.031595945868412245,0.031595945868412245
keen_one,SW Appledore,1,42.9847199935,-70.618676003,1,2014-07-17,8.55,8.475000000000001,8.4,0.270661895379367,3.916666666666668,3.916666666666668,NA,60,97,97,69,2,3.916666666666668,stipe_density,"c(-70.618676003, 42.9847199935)",Gulf of Maine/Bay of Fundy,Cold Temperate Northwest Atlantic,Temperate Northern Atlantic,0.09681938035596575,0.01571581917564479,0.01571581917564479,0.0924145190186511,0.015593604495618292,0.015593604495618292
keen_one,SW Appledore,2,42.985661994,-70.61969302150001,1,2014-07-19,8.85,8.675,8.5,0.02668680230725329,0.7499999999999984,0.7499999999999984,11.25,60,97,97,69,2,0.7499999999999984,stipe_density,"c(-70.6196930215, 42.985661994)",Gulf of Maine/Bay of Fundy,Cold Temperate Northwest Atlantic,Temperate Northern Atlantic,0.018539881344759354,0.0030094121825702713,0.0030094121825702713,0.018370112859454828,0.0030048929662476404,0.0030048929662476404
keen_one,SW Appledore,3,42.9859418235719,-70.6199330370873,1,2015-08-11,10.4,10.4,10.4,0.0824422651529927,3.333333333333333,3.333333333333333,15,60,97,97,69,2,3.333333333333333,stipe_density,"c(-70.6199330370873, 42.9859418235719)",Gulf of Maine/Bay of Fundy,Cold Temperate Northwest Atlantic,Temperate Northern Atlantic,0.08239947264337508,0.0133751652558679,0.0133751652558679,0.0791803106638412,0.013286507400463976,0.013286507400463976
keen_one,SW Appledore,4,42.9842899180948,-70.618179962039,1,2015-08-13,7.775,7.775,7.775,NA,0.666666666666667,0.666666666666667,NA,60,97,97,69,2,0.666666666666667,stipe_density,"c(-70.618179962039, 42.9842899180948)",Gulf of Maine/Bay of Fundy,Cold Temperate Northwest Atlantic,Temperate Northern Atlantic,0.016479894528675022,0.0026750330511735813,0.0026750330511735813,0.016345574774742577,0.002671461518155879,0.002671461518155879
keen_one,SW Appledore,5,42.98634833333333,-70.61931,1,2016-08-10,8.31538461538462,6.545128205128206,5.52,0.02545804669295265,1.000000000000001,1.000000000000001,6.25,60,97,97,69,2,1.000000000000001,stipe_density,"c(-70.61931, 42.9863483333333)",Gulf of Maine/Bay of Fundy,Cold Temperate Northwest Atlantic,Temperate Northern Atlantic,0.02471984179301255,0.0040125495767603745,0.0040125495767603745,0.02441925015027629,0.0040045207698650356,0.0040045207698650356
keen_one,SW Appledore,6,42.98434,-70.61806,1,2017-08-16,5.83333333333333,5.83333333333333,5.83333333333333,0.0799969812139956,6.5,6.5,10,60,97,97,69,2,6.5,stipe_density,"c(-70.61806, 42.98434)",Gulf of Maine/Bay of Fundy,Cold Temperate Northwest Atlantic,Temperate Northern Atlantic,0.16067897165458142,0.026081572248942406,0.026081572248942406,0.1490051542769874,0.02574724870414191,0.02574724870414191
keen_one,SW Appledore,7,42.985323333333334,-70.61940333333334,1,2017-08-17,7.85,7.515555555555556,7.18,0.035163540135390366,1.722222222222221,1.722222222222221,9.375,60,97,97,69,2,1.722222222222221,stipe_density,"c(-70.6194033333333, 42.9853233333333)",Gulf of Maine/Bay of Fundy,Cold Temperate Northwest Atlantic,Temperate Northern Atlantic,0.042573060865743764,0.006910502048865078,0.006910502048865078,0.04169175460038706,0.006886733966343358,0.006886733966343358
keen_one,SW Appledore,8,42.98476,-70.61877000000001,1,2019-08-14,7.7,7.1,6.5,0.0105415995208966,0.75,0.75,8.75,60,97,97,69,2,0.75,stipe_density,"c(-70.61877, 42.98476)",Gulf of Maine/Bay of Fundy,Cold Temperate Northwest Atlantic,Temperate Northern Atlantic,0.018539881344759392,0.003009412182570278,0.003009412182570278,0.018370112859455046,0.0030048929662476404,0.0030048929662476404
keen_one,SW Appledore,9,42.984505,-70.61845500000001,1,2021-08-02,7.45,6.625,5.8,0.03823893160316208,2.0000000000000018,2.0000000000000018,8.75,60,97,97,69,2,2.0000000000000018,stipe_density,"c(-70.618455, 42.984505)",Gulf of Maine/Bay of Fundy,Cold Temperate Northwest Atlantic,Temperate Northern Atlantic,0.049439683586025095,0.008025099153520747,0.008025099153520747,0.04825638705579615,0.007993069293067727,0.007993069293067727
keen_one,Schoodic,1,44.36811,-68.077935,1,2017-08-14,7.9875,7.757386363636365,7.52727272727273,0.23534359966297752,8.416666666666668,8.416666666666668,46.25,60,97,97,69,2,8.416666666666668,stipe_density,"c(-68.077935, 44.36811)",Gulf of Maine/Bay of Fundy,Cold Temperate Northwest Atlantic,Temperate Northern Atlantic,0.20805866842452211,0.033772292271066456,0.033772292271066456,0.1890146649098963,0.03321453159345139,0.03321453159345139
keen_one,Schoodic,2,44.368210000000005,-68.07843500000001,1,2017-08-15,7.9875,7.757386363636365,7.52727272727273,0.041406849499010086,2.25,2.25,18.75,60,97,97,69,2,2.25,stipe_density,"c(-68.078435, 44.36821)",Gulf of Maine/Bay of Fundy,Cold Temperate Northwest Atlantic,Temperate Northern Atlantic,0.05561964403427818,0.009028236547710834,0.009028236547710834,0.05412793482806557,0.008987725665448818,0.008987725665448818
merinov_gosl,BAG,1,48.781523684210526,-68.95512368421052,9999,2012-08-28,9999,9999,9999,1.263157894736842,66.62121212121212,66.62121212121212,NA,86,38,38,104,4,NA,percent_cover,"c(-68.9551236842105, 48.7815236842105)",Gulf of St. Lawrence - Eastern Scotian Shelf,Cold Temperate Northwest Atlantic,Temperate Northern Atlantic,NA,NA,NA,NA,NA,NA
merinov_gosl,BAG,2,48.796453846153845,-68.94430769230769,9999,2012-08-29,9999,9999,9999,1.939230769230769,NA,NA,NA,86,38,38,104,4,NA,percent_cover,"c(-68.9443076923077, 48.7964538461538)",Gulf of St. Lawrence - Eastern Scotian Shelf,Cold Temperate Northwest Atlantic,Temperate Northern Atlantic,NA,NA,NA,NA,NA,NA
merinov_gosl,BAG,3,48.7968,-68.94427142857143,9999,2012-08-30,9999,9999,9999,1.5157142857142858,NA,NA,NA,86,38,38,104,4,NA,percent_cover,"c(-68.9442714285714, 48.7968)",Gulf of St. Lawrence - Eastern Scotian Shelf,Cold Temperate Northwest Atlantic,Temperate Northern Atlantic,NA,NA,NA,NA,NA,NA
merinov_gosl,BB,1,48.513470103092786,-69.26412783505154,9999,2012-07-22,9999,9999,9999,0.09082474226804124,NA,NA,NA,86,38,38,104,4,NA,percent_cover,"c(-69.2641278350515, 48.5134701030928)",Gulf of St. Lawrence - Eastern Scotian Shelf,Cold Temperate Northwest Atlantic,Temperate Northern Atlantic,NA,NA,NA,NA,NA,NA
merinov_gosl,BB,2,48.522425,-69.25018888888889,9999,2012-07-23,9999,9999,9999,0.34125000000000016,44.166666666666664,44.166666666666664,NA,86,38,38,104,4,NA,percent_cover,"c(-69.2501888888889, 48.522425)",Gulf of St. Lawrence - Eastern Scotian Shelf,Cold Temperate Northwest Atlantic,Temperate Northern Atlantic,NA,NA,NA,NA,NA,NA
merinov_gosl,BB,3,48.5253,-69.247066,9999,2012-07-24,9999,9999,9999,0.5913999999999999,NA,NA,NA,86,38,38,104,4,NA,percent_cover,"c(-69.247066, 48.5253)",Gulf of St. Lawrence - Eastern Scotian Shelf,Cold Temperate Northwest Atlantic,Temperate Northern Atlantic,NA,NA,NA,NA,NA,NA
merinov_gosl,BB,4,48.5433,-69.23866818181818,9999,2012-07-25,9999,9999,9999,0.13818181818181818,NA,NA,NA,86,38,38,104,4,NA,percent_cover,"c(-69.2386681818182, 48.5433)",Gulf of St. Lawrence - Eastern Scotian Shelf,Cold Temperate Northwest Atlantic,Temperate Northern Atlantic,NA,NA,NA,NA,NA,NA
merinov_gosl,BB,5,48.5343,-69.22883225806451,9999,2012-07-31,9999,9999,9999,0.011612903225806449,NA,NA,NA,86,38,38,104,4,NA,percent_cover,"c(-69.2288322580645, 48.5343)",Gulf of St. Lawrence - Eastern Scotian Shelf,Cold Temperate Northwest Atlantic,Temperate Northern Atlantic,NA,NA,NA,NA,NA,NA
merinov_gosl,BB,6,48.5478,-69.2311,9999,2012-08-02,9999,9999,9999,0.16312500000000002,NA,NA,NA,86,38,38,104,4,NA,percent_cover,"c(-69.2311, 48.5478)",Gulf of St. Lawrence - Eastern Scotian Shelf,Cold Temperate Northwest Atlantic,Temperate Northern Atlantic,NA,NA,NA,NA,NA,NA
merinov_gosl,BB,7,48.557747368421055,-69.23157368421053,9999,2012-08-04,9999,9999,9999,0.5707894736842104,NA,NA,NA,86,38,38,104,4,NA,percent_cover,"c(-69.2315736842105, 48.5577473684211)",Gulf of St. Lawrence - Eastern Scotian Shelf,Cold Temperate Northwest Atlantic,Temperate Northern Atlantic,NA,NA,NA,NA,NA,NA
merinov_gosl,BDC,1,48.078185714285716,-65.62283571428571,9999,1980-08-18,6.4,3.8857142857142857,1.5,1.8695714285714284,NA,NA,NA,86,38,38,104,4,NA,percent_cover,"c(-65.6228357142857, 48.0781857142857)",Gulf of St. Lawrence - Eastern Scotian Shelf,Cold Temperate Northwest Atlantic,Temperate Northern Atlantic,NA,NA,NA,NA,NA,NA
merinov_gosl,BDC,2,48.08477777777778,-65.63916666666667,9999,1980-08-21,8.2,4.588888888888889,0,1.0427777777777778,NA,NA,NA,86,38,38,104,4,NA,percent_cover,"c(-65.6391666666667, 48.0847777777778)",Gulf of St. Lawrence - Eastern Scotian Shelf,Cold Temperate Northwest Atlantic,Temperate Northern Atlantic,NA,NA,NA,NA,NA,NA
merinov_gosl,BDC,3,48.10006470588235,-65.6935294117647,9999,1980-08-22,9999,594.5294117647057,0.6,0.7476470588235294,NA,NA,NA,86,38,38,104,4,NA,percent_cover,"c(-65.6935294117647, 48.1000647058824)",Gulf of St. Lawrence - Eastern Scotian Shelf,Cold Temperate Northwest Atlantic,Temperate Northern Atlantic,NA,NA,NA,NA,NA,NA
merinov_gosl,BDC,4,48.10229523809524,-65.71407142857143,9999,1980-08-28,15.4,7.9523809523809526,1.7,1.6124285714285713,NA,NA,NA,86,38,38,104,4,NA,percent_cover,"c(-65.7140714285714, 48.1022952380952)",Gulf of St. Lawrence - Eastern Scotian Shelf,Cold Temperate Northwest Atlantic,Temperate Northern Atlantic,NA,NA,NA,NA,NA,NA
merinov_gosl,BDC,5,48.10486944444445,-65.73035486111111,9999,1980-09-05,11.1,5.5125,0.1,1.9622569444444444,NA,NA,NA,86,38,38,104,4,NA,percent_cover,"c(-65.7303548611111, 48.1048694444444)",Gulf of St. Lawrence - Eastern Scotian Shelf,Cold Temperate Northwest Atlantic,Temperate Northern Atlantic,NA,NA,NA,NA,NA,NA
merinov_gosl,BDC,6,48.07573333333333,-65.618375,9999,1980-09-13,12,6.941666666666666,1.3,0.6709166666666666,NA,NA,NA,86,38,38,104,4,NA,percent_cover,"c(-65.618375, 48.0757333333333)",Gulf of St. Lawrence - Eastern Scotian Shelf,Cold Temperate Northwest Atlantic,Temperate Northern Atlantic,NA,NA,NA,NA,NA,NA
merinov_gosl,BDC,7,48.06928461538462,-65.58506923076924,9999,1980-09-15,12.4,6.438461538461539,0.6,0.20984615384615385,NA,NA,NA,86,38,38,104,4,NA,percent_cover,"c(-65.5850692307692, 48.0692846153846)",Gulf of St. Lawrence - Eastern Scotian Shelf,Cold Temperate Northwest Atlantic,Temperate Northern Atlantic,NA,NA,NA,NA,NA,NA
merinov_gosl,BDC,8,48.059867857142855,-65.56053928571428,9999,1980-09-19,10.3,8.457142857142857,6,0.34117857142857144,NA,NA,NA,86,38,38,104,4,NA,percent_cover,"c(-65.5605392857143, 48.0598678571429)",Gulf of St. Lawrence - Eastern Scotian Shelf,Cold Temperate Northwest Atlantic,Temperate Northern Atlantic,NA,NA,NA,NA,NA,NA
merinov_gosl,BDC,9,48.05633369565217,-65.54129528985507,9999,1980-09-26,10.5,6.695652173913043,1.1,1.1923913043478263,NA,NA,NA,86,38,38,104,4,NA,percent_cover,"c(-65.5412952898551, 48.0563336956522)",Gulf of St. Lawrence - Eastern Scotian Shelf,Cold Temperate Northwest Atlantic,Temperate Northern Atlantic,NA,NA,NA,NA,NA,NA
merinov_gosl,BDC,10,48.047698,-65.526128,9999,1980-10-02,10.3,5.708,1.8,0.77968,NA,NA,NA,86,38,38,104,4,NA,percent_cover,"c(-65.526128, 48.047698)",Gulf of St. Lawrence - Eastern Scotian Shelf,Cold Temperate Northwest Atlantic,Temperate Northern Atlantic,NA,NA,NA,NA,NA,NA
merinov_gosl,BDC,11,48.03652586206896,-65.51126724137931,9999,1980-10-21,12.2,5.872413793103449,0,0.6091206896551724,NA,NA,NA,86,38,38,104,4,NA,percent_cover,"c(-65.5112672413793, 48.036525862069)",Gulf of St. Lawrence - Eastern Scotian Shelf,Cold Temperate Northwest Atlantic,Temperate Northern Atlantic,NA,NA,NA,NA,NA,NA
merinov_gosl,BDC,12,48.087944444444446,-65.6532111111111,9999,1980-11-10,9999,1116.9888888888888,1.6,0.47844444444444445,NA,NA,NA,86,38,38,104,4,NA,percent_cover,"c(-65.6532111111111, 48.0879444444444)",Gulf of St. Lawrence - Eastern Scotian Shelf,Cold Temperate Northwest Atlantic,Temperate Northern Atlantic,NA,NA,NA,NA,NA,NA
merinov_gosl,BDC,13,48.02475238095238,-65.495,9999,1981-06-03,12.1,7.166666666666667,1.2,0.40459523809523806,NA,NA,NA,86,38,38,104,4,NA,percent_cover,"c(-65.495, 48.0247523809524)",Gulf of St. Lawrence - Eastern Scotian Shelf,Cold Temperate Northwest Atlantic,Temperate Northern Atlantic,NA,NA,NA,NA,NA,NA
merinov_gosl,BDC,14,48.00912666666667,-65.48059,9999,1981-06-10,12.7,6.526666666666666,0.9,0.26466666666666666,NA,NA,NA,86,38,38,104,4,NA,percent_cover,"c(-65.48059, 48.0091266666667)",Gulf of St. Lawrence - Eastern Scotian Shelf,Cold Temperate Northwest Atlantic,Temperate Northern Atlantic,NA,NA,NA,NA,NA,NA
merinov_gosl,BDC,15,47.998163636363635,-65.45250909090909,9999,1981-06-12,11.9,6.972727272727273,2.1,0.0969090909090909,NA,NA,NA,86,38,38,104,4,NA,percent_cover,"c(-65.4525090909091, 47.9981636363636)",Gulf of St. Lawrence - Eastern Scotian Shelf,Cold Temperate Northwest Atlantic,Temperate Northern Atlantic,NA,NA,NA,NA,NA,NA
merinov_gosl,BDC,16,47.999227272727275,-65.43073636363637,9999,1981-06-16,10.5,7,1.3,0.06254545454545454,NA,NA,NA,86,38,38,104,4,NA,percent_cover,"c(-65.4307363636364, 47.9992272727273)",Gulf of St. Lawrence - Eastern Scotian Shelf,Cold Temperate Northwest Atlantic,Temperate Northern Atlantic,NA,NA,NA,NA,NA,NA
merinov_gosl,BDC,17,48.108360833333336,-65.74023083333333,9999,1981-06-22,16.3,7.255,0,0.15026666666666666,NA,NA,NA,86,38,38,104,4,NA,percent_cover,"c(-65.7402308333333, 48.1083608333333)",Gulf of St. Lawrence - Eastern Scotian Shelf,Cold Temperate Northwest Atlantic,Temperate Northern Atlantic,NA,NA,NA,NA,NA,NA
merinov_gosl,BDC,18,48.11375,-65.7672,9999,1981-06-26,11.6,5.891666666666667,0,0.25949999999999995,NA,NA,NA,86,38,38,104,4,NA,percent_cover,"c(-65.7672, 48.11375)",Gulf of St. Lawrence - Eastern Scotian Shelf,Cold Temperate Northwest Atlantic,Temperate Northern Atlantic,NA,NA,NA,NA,NA,NA
merinov_gosl,BDC,19,48.1162,-65.780725,9999,1981-06-30,11.3,5.95,0.3,0.091875,NA,NA,NA,86,38,38,104,4,NA,percent_cover,"c(-65.780725, 48.1162)",Gulf of St. Lawrence - Eastern Scotian Shelf,Cold Temperate Northwest Atlantic,Temperate Northern Atlantic,NA,NA,NA,NA,NA,NA
merinov_gosl,BDC,20,48.11994,-65.80264,9999,1981-07-02,15.4,9.42,3.5,0.016099999999999996,NA,NA,NA,86,38,38,104,4,NA,percent_cover,"c(-65.80264, 48.11994)",Gulf of St. Lawrence - Eastern Scotian Shelf,Cold Temperate Northwest Atlantic,Temperate Northern Atlantic,NA,NA,NA,NA,NA,NA
merinov_gosl,BMV,1,48.41826666666667,-69.31705,9999,2011-08-28,9999,9999,9999,3.776249999999999,51.30357142857143,51.30357142857143,NA,86,38,38,104,4,NA,percent_cover,"c(-69.31705, 48.4182666666667)",Gulf of St. Lawrence - Eastern Scotian Shelf,Cold Temperate Northwest Atlantic,Temperate Northern Atlantic,NA,NA,NA,NA,NA,NA
merinov_gosl,BMV,2,48.422769230769234,-69.3136923076923,9999,2011-08-31,9999,9999,9999,1.3076923076923077,40.44642857142857,40.44642857142857,NA,86,38,38,104,4,NA,percent_cover,"c(-69.3136923076923, 48.4227692307692)",Gulf of St. Lawrence - Eastern Scotian Shelf,Cold Temperate Northwest Atlantic,Temperate Northern Atlantic,NA,NA,NA,NA,NA,NA
merinov_gosl,BMV,3,48.42532702702703,-69.30877567567568,9999,2011-09-01,9999,9999,9999,0.6929729729729729,27.62,27.62,NA,86,38,38,104,4,NA,percent_cover,"c(-69.3087756756757, 48.425327027027)",Gulf of St. Lawrence - Eastern Scotian Shelf,Cold Temperate Northwest Atlantic,Temperate Northern Atlantic,NA,NA,NA,NA,NA,NA
merinov_gosl,BMV,4,48.4281,-69.3064,9999,2011-09-02,9999,9999,9999,1.2353846153846157,72.4,72.4,NA,86,38,38,104,4,NA,percent_cover,"c(-69.3064, 48.4281)",Gulf of St. Lawrence - Eastern Scotian Shelf,Cold Temperate Northwest Atlantic,Temperate Northern Atlantic,NA,NA,NA,NA,NA,NA
merinov_gosl,BMV,5,48.4281,-69.3014,9999,2011-09-11,9999,9999,9999,0.245,NA,NA,NA,86,38,38,104,4,NA,percent_cover,"c(-69.3014, 48.4281)",Gulf of St. Lawrence - Eastern Scotian Shelf,Cold Temperate Northwest Atlantic,Temperate Northern Atlantic,NA,NA,NA,NA,NA,NA
merinov_gosl,BMV,6,48.430125,-69.30781666666667,9999,2011-09-26,9999,9999,9999,0.5945833333333332,NA,NA,NA,86,38,38,104,4,NA,percent_cover,"c(-69.3078166666667, 48.430125)",Gulf of St. Lawrence - Eastern Scotian Shelf,Cold Temperate Northwest Atlantic,Temperate Northern Atlantic,NA,NA,NA,NA,NA,NA
merinov_gosl,BMV,7,48.43325076923077,-69.30373538461538,9999,2011-09-27,9999,9999,9999,0.3701538461538461,NA,NA,NA,86,38,38,104,4,NA,percent_cover,"c(-69.3037353846154, 48.4332507692308)",Gulf of St. Lawrence - Eastern Scotian Shelf,Cold Temperate Northwest Atlantic,Temperate Northern Atlantic,NA,NA,NA,NA,NA,NA
merinov_gosl,BMV,8,48.43768064516129,-69.29745322580645,9999,2011-09-28,9999,9999,9999,0.3933870967741936,28.09090909090909,28.09090909090909,NA,86,38,38,104,4,NA,percent_cover,"c(-69.2974532258064, 48.4376806451613)",Gulf of St. Lawrence - Eastern Scotian Shelf,Cold Temperate Northwest Atlantic,Temperate Northern Atlantic,NA,NA,NA,NA,NA,NA
merinov_gosl,BMV,9,48.4416,-69.2932,9999,2011-09-29,9999,9999,9999,0.3861111111111111,27.466666666666665,27.466666666666665,NA,86,38,38,104,4,NA,percent_cover,"c(-69.2932, 48.4416)",Gulf of St. Lawrence - Eastern Scotian Shelf,Cold Temperate Northwest Atlantic,Temperate Northern Atlantic,NA,NA,NA,NA,NA,NA
merinov_gosl,BMV,10,48.4443,-69.2998,9999,2011-09-30,9999,9999,9999,1.2928571428571427,NA,NA,NA,86,38,38,104,4,NA,percent_cover,"c(-69.2998, 48.4443)",Gulf of St. Lawrence - Eastern Scotian Shelf,Cold Temperate Northwest Atlantic,Temperate Northern Atlantic,NA,NA,NA,NA,NA,NA
merinov_gosl,BMV,11,48.4488,-69.2893,9999,2012-07-02,9999,9999,9999,0.522,NA,NA,NA,86,38,38,104,4,NA,percent_cover,"c(-69.2893, 48.4488)",Gulf of St. Lawrence - Eastern Scotian Shelf,Cold Temperate Northwest Atlantic,Temperate Northern Atlantic,NA,NA,NA,NA,NA,NA
merinov_gosl,BMV,12,48.449442857142856,-69.28598928571428,9999,2012-07-03,9999,9999,9999,0.7569642857142858,NA,NA,NA,86,38,38,104,4,NA,percent_cover,"c(-69.2859892857143, 48.4494428571429)",Gulf of St. Lawrence - Eastern Scotian Shelf,Cold Temperate Northwest Atlantic,Temperate Northern Atlantic,NA,NA,NA,NA,NA,NA
merinov_gosl,BMV,13,48.4668,-69.2792,9999,2012-07-04,9999,9999,9999,0.6027777777777777,NA,NA,NA,86,38,38,104,4,NA,percent_cover,"c(-69.2792, 48.4668)",Gulf of St. Lawrence - Eastern Scotian Shelf,Cold Temperate Northwest Atlantic,Temperate Northern Atlantic,NA,NA,NA,NA,NA,NA
merinov_gosl,BMV,14,48.46937142857143,-69.27401785714285,9999,2012-07-05,9999,9999,9999,0.8814285714285715,NA,NA,NA,86,38,38,104,4,NA,percent_cover,"c(-69.2740178571429, 48.4693714285714)",Gulf of St. Lawrence - Eastern Scotian Shelf,Cold Temperate Northwest Atlantic,Temperate Northern Atlantic,NA,NA,NA,NA,NA,NA
merinov_gosl,BMV,15,48.47458125,-69.26993541666667,9999,2012-07-06,9999,9999,9999,0.6054166666666665,NA,NA,NA,86,38,38,104,4,NA,percent_cover,"c(-69.2699354166667, 48.47458125)",Gulf of St. Lawrence - Eastern Scotian Shelf,Cold Temperate Northwest Atlantic,Temperate Northern Atlantic,NA,NA,NA,NA,NA,NA
merinov_gosl,BMV,16,48.4868390625,-69.26921875,9999,2012-07-07,9999,9999,9999,0.73578125,NA,NA,NA,86,38,38,104,4,NA,percent_cover,"c(-69.26921875, 48.4868390625)",Gulf of St. Lawrence - Eastern Scotian Shelf,Cold Temperate Northwest Atlantic,Temperate Northern Atlantic,NA,NA,NA,NA,NA,NA
merinov_gosl,BMV,17,48.49619516129032,-69.26847096774193,9999,2012-07-19,9999,9999,9999,0.4738709677419354,NA,NA,NA,86,38,38,104,4,NA,percent_cover,"c(-69.2684709677419, 48.4961951612903)",Gulf of St. Lawrence - Eastern Scotian Shelf,Cold Temperate Northwest Atlantic,Temperate Northern Atlantic,NA,NA,NA,NA,NA,NA
merinov_gosl,BMV,18,48.5073,-69.2655909090909,9999,2012-07-20,9999,9999,9999,0.20568181818181816,NA,NA,NA,86,38,38,104,4,NA,percent_cover,"c(-69.2655909090909, 48.5073)",Gulf of St. Lawrence - Eastern Scotian Shelf,Cold Temperate Northwest Atlantic,Temperate Northern Atlantic,NA,NA,NA,NA,NA,NA
merinov_gosl,BMV,19,48.5028,-69.26752432432433,9999,2012-07-21,9999,9999,9999,0.13216216216216214,NA,NA,NA,86,38,38,104,4,NA,percent_cover,"c(-69.2675243243243, 48.5028)",Gulf of St. Lawrence - Eastern Scotian Shelf,Cold Temperate Northwest Atlantic,Temperate Northern Atlantic,NA,NA,NA,NA,NA,NA
merinov_gosl,ESC,1,48.352714285714285,-69.3961857142857,9999,2011-08-03,9999,9999,9999,1.774285714285714,75.83333333333334,75.83333333333334,NA,86,38,38,104,4,NA,percent_cover,"c(-69.3961857142857, 48.3527142857143)",Gulf of St. Lawrence - Eastern Scotian Shelf,Cold Temperate Northwest Atlantic,Temperate Northern Atlantic,NA,NA,NA,NA,NA,NA
merinov_gosl,ESC,2,48.354058333333334,-69.39410833333334,9999,2011-08-04,9999,9999,9999,2.7008333333333336,NA,NA,NA,86,38,38,104,4,NA,percent_cover,"c(-69.3941083333333, 48.3540583333333)",Gulf of St. Lawrence - Eastern Scotian Shelf,Cold Temperate Northwest Atlantic,Temperate Northern Atlantic,NA,NA,NA,NA,NA,NA
merinov_gosl,ESC,3,48.3572962962963,-69.39145925925926,9999,2011-08-05,9999,9999,9999,2.1525925925925926,35.31666666666666,35.31666666666666,NA,86,38,38,104,4,NA,percent_cover,"c(-69.3914592592593, 48.3572962962963)",Gulf of St. Lawrence - Eastern Scotian Shelf,Cold Temperate Northwest Atlantic,Temperate Northern Atlantic,NA,NA,NA,NA,NA,NA
merinov_gosl,ESC,4,48.36170625,-69.389175,9999,2011-08-06,9999,9999,9999,1.3587500000000001,27.951048951048953,27.951048951048953,NA,86,38,38,104,4,NA,percent_cover,"c(-69.389175, 48.36170625)",Gulf of St. Lawrence - Eastern Scotian Shelf,Cold Temperate Northwest Atlantic,Temperate Northern Atlantic,NA,NA,NA,NA,NA,NA
merinov_gosl,ESC,5,48.365471428571425,-69.38632857142858,9999,2011-08-07,9999,9999,9999,1.4285714285714286,18.833333333333332,18.833333333333332,NA,86,38,38,104,4,NA,percent_cover,"c(-69.3863285714286, 48.3654714285714)",Gulf of St. Lawrence - Eastern Scotian Shelf,Cold Temperate Northwest Atlantic,Temperate Northern Atlantic,NA,NA,NA,NA,NA,NA
merinov_gosl,ESC,6,48.367176923076926,-69.38356153846154,9999,2011-08-10,9999,9999,9999,2.07,26.083333333333336,26.083333333333336,NA,86,38,38,104,4,NA,percent_cover,"c(-69.3835615384615, 48.3671769230769)",Gulf of St. Lawrence - Eastern Scotian Shelf,Cold Temperate Northwest Atlantic,Temperate Northern Atlantic,NA,NA,NA,NA,NA,NA
merinov_gosl,ESC-E,1,48.37385,-69.367325,9999,2011-08-11,9999,9999,9999,2.8049999999999997,72.25,72.25,NA,86,38,38,104,4,NA,percent_cover,"c(-69.367325, 48.37385)",Gulf of St. Lawrence - Eastern Scotian Shelf,Cold Temperate Northwest Atlantic,Temperate Northern Atlantic,NA,NA,NA,NA,NA,NA
merinov_gosl,FAN,1,50.222,-63.691,9999,2012-06-21,2,2,2,0.466666667,16,16,NA,86,38,38,104,4,NA,percent_cover,"c(-63.691, 50.222)",Gulf of St. Lawrence - Eastern Scotian Shelf,Cold Temperate Northwest Atlantic,Temperate Northern Atlantic,NA,NA,NA,NA,NA,NA
merinov_gosl,FAN,2,50.222,-63.691,9999,2012-07-13,2,2,2,0.6346666670000001,17.333333337,17.333333337,NA,86,38,38,104,4,NA,percent_cover,"c(-63.691, 50.222)",Gulf of St. Lawrence - Eastern Scotian Shelf,Cold Temperate Northwest Atlantic,Temperate Northern Atlantic,NA,NA,NA,NA,NA,NA
merinov_gosl,FAN,3,50.222,-63.691,9999,2012-08-12,2,2,2,2.034,83.999999997,83.999999997,NA,86,38,38,104,4,NA,percent_cover,"c(-63.691, 50.222)",Gulf of St. Lawrence - Eastern Scotian Shelf,Cold Temperate Northwest Atlantic,Temperate Northern Atlantic,NA,NA,NA,NA,NA,NA
merinov_gosl,FEST,1,49.28712222222222,-67.8941,9999,2012-07-09,9999,9999,9999,1.9433333333333334,NA,NA,NA,86,38,38,104,4,NA,percent_cover,"c(-67.8941, 49.2871222222222)",Gulf of St. Lawrence - Eastern Scotian Shelf,Cold Temperate Northwest Atlantic,Temperate Northern Atlantic,NA,NA,NA,NA,NA,NA
merinov_gosl,FEST,2,49.28749047619048,-67.8905,9999,2012-07-18,9999,9999,9999,0.5838095238095238,NA,NA,NA,86,38,38,104,4,NA,percent_cover,"c(-67.8905, 49.2874904761905)",Gulf of St. Lawrence - Eastern Scotian Shelf,Cold Temperate Northwest Atlantic,Temperate Northern Atlantic,NA,NA,NA,NA,NA,NA
merinov_gosl,FEST,3,49.2875,-67.88269090909091,9999,2012-08-06,9999,9999,9999,1.013636363636364,NA,NA,NA,86,38,38,104,4,NA,percent_cover,"c(-67.8826909090909, 49.2875)",Gulf of St. Lawrence - Eastern Scotian Shelf,Cold Temperate Northwest Atlantic,Temperate Northern Atlantic,NA,NA,NA,NA,NA,NA
merinov_gosl,FIR,1,50.203,-63.68,9999,2012-08-25,2,2,2,9.875333333,58.666666667,58.666666667,NA,86,38,38,104,4,NA,percent_cover,"c(-63.68, 50.203)",Gulf of St. Lawrence - Eastern Scotian Shelf,Cold Temperate Northwest Atlantic,Temperate Northern Atlantic,NA,NA,NA,NA,NA,NA
merinov_gosl,FOUEST,1,49.28210625,-67.942565625,9999,2012-08-07,9999,9999,9999,1.2659375000000002,39.448412698412696,39.448412698412696,NA,86,38,38,104,4,NA,percent_cover,"c(-67.942565625, 49.28210625)",Gulf of St. Lawrence - Eastern Scotian Shelf,Cold Temperate Northwest Atlantic,Temperate Northern Atlantic,NA,NA,NA,NA,NA,NA
merinov_gosl,FOUEST,2,49.28128484848485,-67.95144545454545,9999,2012-08-22,9999,9999,9999,2.2454545454545456,125.17704517704517,125.17704517704517,NA,86,38,38,104,4,NA,percent_cover,"c(-67.9514454545454, 49.2812848484849)",Gulf of St. Lawrence - Eastern Scotian Shelf,Cold Temperate Northwest Atlantic,Temperate Northern Atlantic,NA,NA,NA,NA,NA,NA
merinov_gosl,GIM,1,50.214,-63.538,9999,2012-08-19,2,2,2,2.5593333339999997,62.666666667,62.666666667,NA,86,38,38,104,4,NA,percent_cover,"c(-63.538, 50.214)",Gulf of St. Lawrence - Eastern Scotian Shelf,Cold Temperate Northwest Atlantic,Temperate Northern Atlantic,NA,NA,NA,NA,NA,NA
merinov_gosl,GOEL,1,49.921366666666664,-66.97309523809524,9999,2012-08-24,9999,9999,9999,1.1390476190476189,NA,NA,NA,86,38,38,104,4,NA,percent_cover,"c(-66.9730952380952, 49.9213666666667)",Gulf of St. Lawrence - Eastern Scotian Shelf,Cold Temperate Northwest Atlantic,Temperate Northern Atlantic,NA,NA,NA,NA,NA,NA
merinov_gosl,IAG,1,50.201,-63.588,9999,2012-08-19,2,2,2,3.504,86.666666663,86.666666663,NA,86,38,38,104,4,NA,percent_cover,"c(-63.588, 50.201)",Gulf of St. Lawrence - Eastern Scotian Shelf,Cold Temperate Northwest Atlantic,Temperate Northern Atlantic,NA,NA,NA,NA,NA,NA
merinov_gosl,IAG,2,50.201,-63.588,9999,2012-09-06,2,2,2,7.0076666659999995,33.333333337,33.333333337,NA,86,38,38,104,4,NA,percent_cover,"c(-63.588, 50.201)",Gulf of St. Lawrence - Eastern Scotian Shelf,Cold Temperate Northwest Atlantic,Temperate Northern Atlantic,NA,NA,NA,NA,NA,NA
merinov_gosl,IPE,1,50.201,-63.557,9999,2012-07-20,2,2,2,2.249666667,49.33333333,49.33333333,NA,86,38,38,104,4,NA,percent_cover,"c(-63.557, 50.201)",Gulf of St. Lawrence - Eastern Scotian Shelf,Cold Temperate Northwest Atlantic,Temperate Northern Atlantic,NA,NA,NA,NA,NA,NA
merinov_gosl,IPE,2,50.201,-63.557,9999,2012-08-11,2,2,2,4.771333332999999,66.666666667,66.666666667,NA,86,38,38,104,4,NA,percent_cover,"c(-63.557, 50.201)",Gulf of St. Lawrence - Eastern Scotian Shelf,Cold Temperate Northwest Atlantic,Temperate Northern Atlantic,NA,NA,NA,NA,NA,NA
merinov_gosl,IPE,3,50.201,-63.557,9999,2012-09-05,2,2,2,6.138666667,117.3333333,117.3333333,NA,86,38,38,104,4,NA,percent_cover,"c(-63.557, 50.201)",Gulf of St. Lawrence - Eastern Scotian Shelf,Cold Temperate Northwest Atlantic,Temperate Northern Atlantic,NA,NA,NA,NA,NA,NA
merinov_gosl,IPW,1,50.206,-63.562,9999,2012-08-19,2,2,2,0.672333334,17.333333333,17.333333333,NA,86,38,38,104,4,NA,percent_cover,"c(-63.562, 50.206)",Gulf of St. Lawrence - Eastern Scotian Shelf,Cold Temperate Northwest Atlantic,Temperate Northern Atlantic,NA,NA,NA,NA,NA,NA
merinov_gosl,MSM,1,48.683,-67.9764,9999,2009-07-25,9999,9999,9999,NA,NA,NA,89,86,38,38,104,4,89,percent_cover,"c(-67.9764, 48.683)",Gulf of St. Lawrence - Eastern Scotian Shelf,Cold Temperate Northwest Atlantic,Temperate Northern Atlantic,0.80025690431,0.357116912331673,0.357116912331673,0.5879293793345965,0.3053625321391516,0.3053625321391516
merinov_gosl,MSM,2,48.683,-67.9764,9999,2009-07-26,9999,9999,9999,NA,NA,NA,94.5,86,38,38,104,4,94.5,percent_cover,"c(-67.9764, 48.683)",Gulf of St. Lawrence - Eastern Scotian Shelf,Cold Temperate Northwest Atlantic,Temperate Northern Atlantic,0.849710982666236,0.379185935003855,0.379185935003855,0.6150294012999271,0.321493422937252,0.321493422937252
merinov_gosl,MSM,3,48.683,-67.9764,9999,2009-07-27,9999,9999,9999,NA,NA,NA,85,86,38,38,104,4,85,percent_cover,"c(-67.9764, 48.683)",Gulf of St. Lawrence - Eastern Scotian Shelf,Cold Temperate Northwest Atlantic,Temperate Northern Atlantic,0.7642903018691012,0.34106671402463146,0.34106671402463146,0.5677485142649852,0.29346535252116207,0.29346535252116207
merinov_gosl,MSM,4,48.683,-67.9764,9999,2009-07-28,9999,9999,9999,NA,NA,NA,97,86,38,38,104,4,97,percent_cover,"c(-67.9764, 48.683)",Gulf of St. Lawrence - Eastern Scotian Shelf,Cold Temperate Northwest Atlantic,Temperate Northern Atlantic,0.8721901091917977,0.3892173089457559,0.3892173089457559,0.6271089269545838,0.32874050146014383,0.32874050146014383
merinov_gosl,MSM,5,48.683,-67.9764,9999,2010-05-15,9999,9999,9999,NA,NA,NA,62,86,38,38,104,4,62,percent_cover,"c(-67.9764, 48.683)",Gulf of St. Lawrence - Eastern Scotian Shelf,Cold Temperate Northwest Atlantic,Temperate Northern Atlantic,0.5574823378339326,0.24877807375914296,0.24877807375914296,0.44307063154065046,0.2221655322167245,0.2221655322167245
merinov_gosl,MSM,6,48.683,-67.9764,9999,2010-05-16,9999,9999,9999,NA,NA,NA,71.33333333,86,38,38,104,4,71.33333333,percent_cover,"c(-67.9764, 48.683)",Gulf of St. Lawrence - Eastern Scotian Shelf,Cold Temperate Northwest Atlantic,Temperate Northern Atlantic,0.6414044101660579,0.2862285364621979,0.2862285364621979,0.4955522230418727,0.25171432111703845,0.25171432111703845
merinov_gosl,MSM,7,48.683,-67.9764,9999,2010-07-15,9999,9999,9999,NA,NA,NA,99,86,38,38,104,4,99,percent_cover,"c(-67.9764, 48.683)",Gulf of St. Lawrence - Eastern Scotian Shelf,Cold Temperate Northwest Atlantic,Temperate Northern Atlantic,0.8901734104122472,0.3972424080992767,0.3972424080992767,0.6366685764035074,0.3345005856938122,0.3345005856938122
merinov_gosl,MSM,8,48.683,-67.9764,9999,2010-07-16,9999,9999,9999,NA,NA,NA,99.66666667,86,38,38,104,4,99.66666667,percent_cover,"c(-67.9764, 48.683)",Gulf of St. Lawrence - Eastern Scotian Shelf,Cold Temperate Northwest Atlantic,Temperate Northern Atlantic,0.8961678441823692,0.3999174411638254,0.3999174411638254,0.6398349253273289,0.33641326428511126,0.33641326428511126
merinov_gosl,MSM,9,48.683,-67.9764,9999,2010-09-10,9999,9999,9999,NA,NA,NA,89.14285714,86,38,38,104,4,89.14285714,percent_cover,"c(-67.9764, 48.683)",Gulf of St. Lawrence - Eastern Scotian Shelf,Cold Temperate Northwest Atlantic,Temperate Northern Atlantic,0.801541425800056,0.35769013368831715,0.35769013368831715,0.5886426461123482,0.3057848246670889,0.3057848246670889
merinov_gosl,MSM,10,48.683,-67.9764,9999,2010-09-11,9999,9999,9999,NA,NA,NA,98,86,38,38,104,4,98,percent_cover,"c(-67.9764, 48.683)",Gulf of St. Lawrence - Eastern Scotian Shelf,Cold Temperate Northwest Atlantic,Temperate Northern Atlantic,0.8811817598020225,0.3932298585225163,0.3932298585225163,0.6319001749977464,0.3316246908925419,0.3316246908925419
merinov_gosl,MSM,11,48.65575,-68.08760000000001,9999,2011-05-15,9999,9999,9999,NA,NA,NA,2.625,86,38,38,104,4,2.625,percent_cover,"c(-68.0876, 48.65575)",Gulf of St. Lawrence - Eastern Scotian Shelf,Cold Temperate Northwest Atlantic,Temperate Northern Atlantic,0.023603082851839888,0.010532942638995972,0.010532942638995972,0.023328837072935395,0.010477857665632747,0.010477857665632747
merinov_gosl,MSM,12,48.683,-67.9764,9999,2011-05-19,9999,9999,9999,NA,NA,NA,26,86,38,38,104,4,26,percent_cover,"c(-67.9764, 48.683)",Gulf of St. Lawrence - Eastern Scotian Shelf,Cold Temperate Northwest Atlantic,Temperate Northern Atlantic,0.2337829158658427,0.10432628899576962,0.10432628899576962,0.2100849909361809,0.09923545581472819,0.09923545581472819
merinov_gosl,MSM,13,48.683,-67.9764,9999,2011-08-04,9999,9999,9999,NA,NA,NA,59.4,86,38,38,104,4,59.4,percent_cover,"c(-67.9764, 48.683)",Gulf of St. Lawrence - Eastern Scotian Shelf,Cold Temperate Northwest Atlantic,Temperate Northern Atlantic,0.5341040462473483,0.238345444859566,0.238345444859566,0.4279465274033096,0.21377616995948992,0.21377616995948992
merinov_gosl,MSM,14,48.683,-67.9764,9999,2011-09-29,9999,9999,9999,NA,NA,NA,92.9,86,38,38,104,4,92.9,percent_cover,"c(-67.9764, 48.683)",Gulf of St. Lawrence - Eastern Scotian Shelf,Cold Temperate Northwest Atlantic,Temperate Northern Atlantic,0.8353243416898765,0.3727658556810384,0.3727658556810384,0.607221218852079,0.3168275774150312,0.3168275774150312
merinov_gosl,MSM,15,48.683,-67.9764,9999,2012-05-09,9999,9999,9999,NA,NA,NA,23.1,86,38,38,104,4,23.1,percent_cover,"c(-67.9764, 48.683)",Gulf of St. Lawrence - Eastern Scotian Shelf,Cold Temperate Northwest Atlantic,Temperate Northern Atlantic,0.20770712909619102,0.09268989522316456,0.09268989522316456,0.18872362731744982,0.08864245002106771,0.08864245002106771
merinov_gosl,MSM,16,48.683,-67.9764,9999,2012-07-07,9999,9999,9999,NA,NA,NA,71.6,86,38,38,104,4,71.6,percent_cover,"c(-67.9764, 48.683)",Gulf of St. Lawrence - Eastern Scotian Shelf,Cold Temperate Northwest Atlantic,Temperate Northern Atlantic,0.6438021836920899,0.2872985496960425,0.2872985496960425,0.4970119631728512,0.25254587505813164,0.25254587505813164
merinov_gosl,MSM,17,48.683,-67.9764,9999,2012-09-07,9999,9999,9999,NA,NA,NA,95.2,86,38,38,104,4,95.2,percent_cover,"c(-67.9764, 48.683)",Gulf of St. Lawrence - Eastern Scotian Shelf,Cold Temperate Northwest Atlantic,Temperate Northern Atlantic,0.8560051380933933,0.38199471970758725,0.38199471970758725,0.618426402729462,0.32352790457666475,0.32352790457666475
merinov_gosl,MSM,18,48.683,-67.9764,9999,2012-09-18,9999,9999,9999,NA,NA,NA,99.5,86,38,38,104,4,99.5,percent_cover,"c(-67.9764, 48.683)",Gulf of St. Lawrence - Eastern Scotian Shelf,Cold Temperate Northwest Atlantic,Temperate Northern Atlantic,0.8946692357173596,0.39924868288765686,0.39924868288765686,0.6390442775039109,0.3359354374900909,0.3359354374900909
merinov_gosl,NIA,1,50.188,-63.753,9999,2012-06-22,2,2,2,4.346,144,144,NA,86,38,38,104,4,NA,percent_cover,"c(-63.753, 50.188)",Gulf of St. Lawrence - Eastern Scotian Shelf,Cold Temperate Northwest Atlantic,Temperate Northern Atlantic,NA,NA,NA,NA,NA,NA
merinov_gosl,NIA,2,50.188,-63.753,9999,2012-08-12,2,2,2,9.3,118.66666667,118.66666667,NA,86,38,38,104,4,NA,percent_cover,"c(-63.753, 50.188)",Gulf of St. Lawrence - Eastern Scotian Shelf,Cold Temperate Northwest Atlantic,Temperate Northern Atlantic,NA,NA,NA,NA,NA,NA
merinov_gosl,PAA,1,49.6643,-67.1713,9999,2011-08-18,9999,9999,9999,3.22,NA,NA,NA,86,38,38,104,4,NA,percent_cover,"c(-67.1713, 49.6643)",Gulf of St. Lawrence - Eastern Scotian Shelf,Cold Temperate Northwest Atlantic,Temperate Northern Atlantic,NA,NA,NA,NA,NA,NA
merinov_gosl,PAA,2,49.66475,-67.1672,9999,2011-08-20,9999,9999,9999,2.322,63,63,NA,86,38,38,104,4,NA,percent_cover,"c(-67.1672, 49.66475)",Gulf of St. Lawrence - Eastern Scotian Shelf,Cold Temperate Northwest Atlantic,Temperate Northern Atlantic,NA,NA,NA,NA,NA,NA
merinov_gosl,PAA,3,49.67308666666667,-67.1638,9999,2011-08-21,9999,9999,9999,1.2566666666666666,30.03333333333333,30.03333333333333,NA,86,38,38,104,4,NA,percent_cover,"c(-67.1638, 49.6730866666667)",Gulf of St. Lawrence - Eastern Scotian Shelf,Cold Temperate Northwest Atlantic,Temperate Northern Atlantic,NA,NA,NA,NA,NA,NA
merinov_gosl,PDM,1,49.31864,-67.39005,9999,2012-08-20,9999,9999,9999,0.9670000000000001,NA,NA,NA,86,38,38,104,4,NA,percent_cover,"c(-67.39005, 49.31864)",Gulf of St. Lawrence - Eastern Scotian Shelf,Cold Temperate Northwest Atlantic,Temperate Northern Atlantic,NA,NA,NA,NA,NA,NA
merinov_gosl,PET,1,48.39237073170732,-69.3493512195122,9999,2011-08-12,9999,9999,9999,1.9119512195121957,37.128571428571426,37.128571428571426,NA,86,38,38,104,4,NA,percent_cover,"c(-69.3493512195122, 48.3923707317073)",Gulf of St. Lawrence - Eastern Scotian Shelf,Cold Temperate Northwest Atlantic,Temperate Northern Atlantic,NA,NA,NA,NA,NA,NA
merinov_gosl,PET,2,48.3974875,-69.33692916666666,9999,2011-08-13,9999,9999,9999,1.950416666666667,33.601190476190474,33.601190476190474,NA,86,38,38,104,4,NA,percent_cover,"c(-69.3369291666667, 48.3974875)",Gulf of St. Lawrence - Eastern Scotian Shelf,Cold Temperate Northwest Atlantic,Temperate Northern Atlantic,NA,NA,NA,NA,NA,NA
merinov_gosl,PET,3,48.39838,-69.3368375,9999,2011-08-14,9999,9999,9999,1.3615,27.615384615384617,27.615384615384617,NA,86,38,38,104,4,NA,percent_cover,"c(-69.3368375, 48.39838)",Gulf of St. Lawrence - Eastern Scotian Shelf,Cold Temperate Northwest Atlantic,Temperate Northern Atlantic,NA,NA,NA,NA,NA,NA
merinov_gosl,PET,4,48.40270810810811,-69.33166216216216,9999,2011-08-15,9999,9999,9999,1.7610810810810813,39.00407925407925,39.00407925407925,NA,86,38,38,104,4,NA,percent_cover,"c(-69.3316621621622, 48.4027081081081)",Gulf of St. Lawrence - Eastern Scotian Shelf,Cold Temperate Northwest Atlantic,Temperate Northern Atlantic,NA,NA,NA,NA,NA,NA
merinov_gosl,PET,5,48.406236170212765,-69.32826382978723,9999,2011-08-16,9999,9999,9999,0.7329787234042554,40.16666666666667,40.16666666666667,NA,86,38,38,104,4,NA,percent_cover,"c(-69.3282638297872, 48.4062361702128)",Gulf of St. Lawrence - Eastern Scotian Shelf,Cold Temperate Northwest Atlantic,Temperate Northern Atlantic,NA,NA,NA,NA,NA,NA
merinov_gosl,PET,6,48.41000263157895,-69.32383157894736,9999,2011-08-17,9999,9999,9999,0.7834210526315791,37.64285714285714,37.64285714285714,NA,86,38,38,104,4,NA,percent_cover,"c(-69.3238315789474, 48.410002631579)",Gulf of St. Lawrence - Eastern Scotian Shelf,Cold Temperate Northwest Atlantic,Temperate Northern Atlantic,NA,NA,NA,NA,NA,NA
merinov_gosl,PET,7,48.4140125,-69.31866875,9999,2011-08-27,9999,9999,9999,4.551875000000001,38.666666666666664,38.666666666666664,NA,86,38,38,104,4,NA,percent_cover,"c(-69.31866875, 48.4140125)",Gulf of St. Lawrence - Eastern Scotian Shelf,Cold Temperate Northwest Atlantic,Temperate Northern Atlantic,NA,NA,NA,NA,NA,NA
merinov_gosl,PG,1,48.3734,-69.3669,9999,2009-05-27,9999,9999,9999,NA,NA,NA,86.5,86,38,38,104,4,86.5,percent_cover,"c(-69.3669, 48.3734)",Gulf of St. Lawrence - Eastern Scotian Shelf,Cold Temperate Northwest Atlantic,Temperate Northern Atlantic,0.7777777777844382,0.347085538389772,0.347085538389772,0.5753641449073083,0.29794339829973365,0.29794339829973365
merinov_gosl,PG,2,48.3734,-69.3669,9999,2009-05-28,9999,9999,9999,NA,NA,NA,95.000000004,86,38,38,104,4,95.000000004,percent_cover,"c(-69.3669, 48.3734)",Gulf of St. Lawrence - Eastern Scotian Shelf,Cold Temperate Northwest Atlantic,Temperate Northern Atlantic,0.854206808007315,0.3811922098082854,0.3811922098082854,0.6174570078522791,0.3229470463558233,0.3229470463558233
merinov_gosl,PG,3,48.3734,-69.3669,9999,2009-08-21,9999,9999,9999,NA,NA,NA,99.4,86,38,38,104,4,99.4,percent_cover,"c(-69.3669, 48.3734)",Gulf of St. Lawrence - Eastern Scotian Shelf,Cold Temperate Northwest Atlantic,Temperate Northern Atlantic,0.8937700706563372,0.39884742792998085,0.39884742792998085,0.6385695885857626,0.3356486317875452,0.3356486317875452
merinov_gosl,PG,4,48.3734,-69.3669,9999,2010-05-15,9999,9999,9999,NA,NA,NA,96.833333337,86,38,38,104,4,96.833333337,percent_cover,"c(-69.3669, 48.3734)",Gulf of St. Lawrence - Eastern Scotian Shelf,Cold Temperate Northwest Atlantic,Temperate Northern Atlantic,0.8706915007897297,0.3885485506976752,0.3885485506976752,0.626308149030883,0.3282589934462987,0.3282589934462987
merinov_gosl,PG,5,48.3734,-69.3669,9999,2010-05-16,9999,9999,9999,NA,NA,NA,100,86,38,38,104,4,100,percent_cover,"c(-69.3669, 48.3734)",Gulf of St. Lawrence - Eastern Scotian Shelf,Cold Temperate Northwest Atlantic,Temperate Northern Atlantic,0.899165061022472,0.401254957676037,0.401254957676037,0.6414143480225333,0.33736823343618033,0.33736823343618033
merinov_gosl,PG,6,48.3734,-69.3669,9999,2010-05-18,9999,9999,9999,NA,NA,NA,101.125,86,38,38,104,4,101.125,percent_cover,"c(-69.3669, 48.3734)",Gulf of St. Lawrence - Eastern Scotian Shelf,Cold Temperate Northwest Atlantic,Temperate Northern Atlantic,0.9092806679589748,0.4057690759498925,0.4057690759498925,0.6467265574877681,0.3405845380428959,0.3405845380428959
merinov_gosl,PG,7,48.3734,-69.3669,9999,2010-07-27,9999,9999,9999,NA,NA,NA,105,86,38,38,104,4,105,percent_cover,"c(-69.3669, 48.3734)",Gulf of St. Lawrence - Eastern Scotian Shelf,Cold Temperate Northwest Atlantic,Temperate Northern Atlantic,0.9441233140735955,0.4213177055598389,0.4213177055598389,0.6648111371918789,0.3515844029847795,0.3515844029847795
merinov_gosl,PG,8,48.3734,-69.3669,9999,2010-07-28,9999,9999,9999,NA,NA,NA,98.66666667,86,38,38,104,4,98.66666667,percent_cover,"c(-69.3669, 48.3734)",Gulf of St. Lawrence - Eastern Scotian Shelf,Cold Temperate Northwest Atlantic,Temperate Northern Atlantic,0.8871761935721445,0.39590489158706504,0.39590489158706504,0.6350816343497704,0.33354287278365224,0.33354287278365224
merinov_gosl,PG,9,48.3734,-69.3669,9999,2010-07-29,9999,9999,9999,NA,NA,NA,75,86,38,38,104,4,75,percent_cover,"c(-69.3669, 48.3734)",Gulf of St. Lawrence - Eastern Scotian Shelf,Cold Temperate Northwest Atlantic,Temperate Northern Atlantic,0.674373795766854,0.3009412182570278,0.3009412182570278,0.5154392421029523,0.26308801653963065,0.26308801653963065
merinov_gosl,PG,10,48.3734,-69.3669,9999,2010-08-08,9999,9999,9999,NA,NA,NA,62,86,38,38,104,4,62,percent_cover,"c(-69.3669, 48.3734)",Gulf of St. Lawrence - Eastern Scotian Shelf,Cold Temperate Northwest Atlantic,Temperate Northern Atlantic,0.5574823378339326,0.24877807375914296,0.24877807375914296,0.44307063154065046,0.2221655322167245,0.2221655322167245
merinov_gosl,PG,11,48.3734,-69.3669,9999,2010-08-09,9999,9999,9999,NA,NA,NA,76,86,38,38,104,4,76,percent_cover,"c(-69.3669, 48.3734)",Gulf of St. Lawrence - Eastern Scotian Shelf,Cold Temperate Northwest Atlantic,Temperate Northern Atlantic,0.6833654463770786,0.30495376783378814,0.30495376783378814,0.5207950314928843,0.26616761319981885,0.26616761319981885
merinov_gosl,PG,12,48.3734,-69.3669,9999,2010-08-10,9999,9999,9999,NA,NA,NA,100,86,38,38,104,4,100,percent_cover,"c(-69.3669, 48.3734)",Gulf of St. Lawrence - Eastern Scotian Shelf,Cold Temperate Northwest Atlantic,Temperate Northern Atlantic,0.899165061022472,0.401254957676037,0.401254957676037,0.6414143480225333,0.33736823343618033,0.33736823343618033
merinov_gosl,PG,13,48.3734,-69.3669,9999,2010-08-11,9999,9999,9999,NA,NA,NA,100,86,38,38,104,4,100,percent_cover,"c(-69.3669, 48.3734)",Gulf of St. Lawrence - Eastern Scotian Shelf,Cold Temperate Northwest Atlantic,Temperate Northern Atlantic,0.899165061022472,0.401254957676037,0.401254957676037,0.6414143480225333,0.33736823343618033,0.33736823343618033
merinov_gosl,PG,14,48.3734,-69.3669,9999,2010-09-06,9999,9999,9999,NA,NA,NA,73.499999997,86,38,38,104,4,73.499999997,percent_cover,"c(-69.3669, 48.3734)",Gulf of St. Lawrence - Eastern Scotian Shelf,Cold Temperate Northwest Atlantic,Temperate Northern Atlantic,0.6608863198245419,0.2949223938798496,0.2949223938798496,0.5073513874849708,0.25845076584986865,0.25845076584986865
merinov_gosl,PG,15,48.3734,-69.3669,9999,2010-09-07,9999,9999,9999,NA,NA,NA,94.5,86,38,38,104,4,94.5,percent_cover,"c(-69.3669, 48.3734)",Gulf of St. Lawrence - Eastern Scotian Shelf,Cold Temperate Northwest Atlantic,Temperate Northern Atlantic,0.849710982666236,0.379185935003855,0.379185935003855,0.6150294012999271,0.321493422937252,0.321493422937252
merinov_gosl,PG,16,48.3734,-69.3669,9999,2010-10-07,9999,9999,9999,NA,NA,NA,81.66666667,86,38,38,104,4,81.66666667,percent_cover,"c(-69.3669, 48.3734)",Gulf of St. Lawrence - Eastern Scotian Shelf,Cold Temperate Northwest Atlantic,Temperate Northern Atlantic,0.7343181331983242,0.32769154878213874,0.32769154878213874,0.5506143293492908,0.2834417565926435,0.2834417565926435
merinov_gosl,PG,17,48.3734,-69.3669,9999,2010-10-09,9999,9999,9999,NA,NA,NA,85,86,38,38,104,4,85,percent_cover,"c(-69.3669, 48.3734)",Gulf of St. Lawrence - Eastern Scotian Shelf,Cold Temperate Northwest Atlantic,Temperate Northern Atlantic,0.7642903018691012,0.34106671402463146,0.34106671402463146,0.5677485142649852,0.29346535252116207,0.29346535252116207
merinov_gosl,PG,18,48.3734,-69.3669,9999,2011-06-02,9999,9999,9999,NA,NA,NA,1.6,86,38,38,104,4,1.6,percent_cover,"c(-69.3669, 48.3734)",Gulf of St. Lawrence - Eastern Scotian Shelf,Cold Temperate Northwest Atlantic,Temperate Northern Atlantic,0.014386640976359551,0.006420079322816593,0.006420079322816593,0.014284135229603727,0.006399558397377322,0.006399558397377322
merinov_gosl,PG,19,48.3734,-69.3669,9999,2011-08-14,9999,9999,9999,NA,NA,NA,2.9,86,38,38,104,4,2.9,percent_cover,"c(-69.3669, 48.3734)",Gulf of St. Lawrence - Eastern Scotian Shelf,Cold Temperate Northwest Atlantic,Temperate Northern Atlantic,0.026075786769651686,0.011636393772605074,0.011636393772605074,0.025741610267824788,0.011569211612369725,0.011569211612369725
merinov_gosl,PG,20,48.3734,-69.3669,9999,2011-10-02,9999,9999,9999,NA,NA,NA,4.4,86,38,38,104,4,4.4,percent_cover,"c(-69.3669, 48.3734)",Gulf of St. Lawrence - Eastern Scotian Shelf,Cold Temperate Northwest Atlantic,Temperate Northern Atlantic,0.03956326268498877,0.01765521813774563,0.01765521813774563,0.03880068522792899,0.01750117523859285,0.01750117523859285
merinov_gosl,PG,21,48.3734,-69.3669,9999,2012-05-11,9999,9999,9999,NA,NA,NA,11.9,86,38,38,104,4,11.9,percent_cover,"c(-69.3669, 48.3734)",Gulf of St. Lawrence - Eastern Scotian Shelf,Cold Temperate Northwest Atlantic,Temperate Northern Atlantic,0.10700064226167416,0.047749339963448406,0.047749339963448406,0.10165423390851243,0.0466443778666997,0.0466443778666997
merinov_gosl,PG,22,48.3734,-69.3669,9999,2012-07-24,9999,9999,9999,NA,NA,NA,36.8,86,38,38,104,4,36.8,percent_cover,"c(-69.3669, 48.3734)",Gulf of St. Lawrence - Eastern Scotian Shelf,Cold Temperate Northwest Atlantic,Temperate Northern Atlantic,0.33089274245626965,0.14766182442478162,0.14766182442478162,0.2858499519857822,0.13772667647355122,0.13772667647355122
merinov_gosl,PG,23,48.3734,-69.3669,9999,2012-09-18,9999,9999,9999,NA,NA,NA,65.5,86,38,38,104,4,65.5,percent_cover,"c(-69.3669, 48.3734)",Gulf of St. Lawrence - Eastern Scotian Shelf,Cold Temperate Northwest Atlantic,Temperate Northern Atlantic,0.5889531149697191,0.26282199727780425,0.26282199727780425,0.46307538112160895,0.23334889699708783,0.23334889699708783
merinov_gosl,SF1,1,48.6285,-68.1988,9999,2009-08-22,9999,9999,9999,NA,NA,NA,98.7,86,38,38,104,4,98.7,percent_cover,"c(-68.1988, 48.6285)",Gulf of St. Lawrence - Eastern Scotian Shelf,Cold Temperate Northwest Atlantic,Temperate Northern Atlantic,0.8874759152291798,0.39603864322624854,0.39603864322624854,0.6352404419161505,0.3336386853512189,0.3336386853512189
merinov_gosl,SF1,2,48.6285,-68.1988,9999,2010-05-14,9999,9999,9999,NA,NA,NA,74.25,86,38,38,104,4,74.25,percent_cover,"c(-68.1988, 48.6285)",Gulf of St. Lawrence - Eastern Scotian Shelf,Cold Temperate Northwest Atlantic,Temperate Northern Atlantic,0.6676300578091854,0.2979318060744575,0.2979318060744575,0.5114034914538036,0.2607720792087234,0.2607720792087234
merinov_gosl,SF1,3,48.6285,-68.1988,9999,2010-05-15,9999,9999,9999,NA,NA,NA,82.8,86,38,38,104,4,82.8,percent_cover,"c(-68.1988, 48.6285)",Gulf of St. Lawrence - Eastern Scotian Shelf,Cold Temperate Northwest Atlantic,Temperate Northern Atlantic,0.7445086705266067,0.33223910495575865,0.33223910495575865,0.5564729518396243,0.2868610642335679,0.2868610642335679
merinov_gosl,SF1,4,48.6285,-68.1988,9999,2010-07-09,9999,9999,9999,NA,NA,NA,101,86,38,38,104,4,101,percent_cover,"c(-68.1988, 48.6285)",Gulf of St. Lawrence - Eastern Scotian Shelf,Cold Temperate Northwest Atlantic,Temperate Northern Atlantic,0.9081567116326966,0.4052675072527974,0.4052675072527974,0.646137703632685,0.34022768128378084,0.34022768128378084
merinov_gosl,SF1,5,48.6285,-68.1988,9999,2010-07-10,9999,9999,9999,NA,NA,NA,100,86,38,38,104,4,100,percent_cover,"c(-68.1988, 48.6285)",Gulf of St. Lawrence - Eastern Scotian Shelf,Cold Temperate Northwest Atlantic,Temperate Northern Atlantic,0.899165061022472,0.401254957676037,0.401254957676037,0.6414143480225333,0.33736823343618033,0.33736823343618033
merinov_gosl,SF1,6,48.6285,-68.1988,9999,2010-07-13,9999,9999,9999,NA,NA,NA,99,86,38,38,104,4,99,percent_cover,"c(-68.1988, 48.6285)",Gulf of St. Lawrence - Eastern Scotian Shelf,Cold Temperate Northwest Atlantic,Temperate Northern Atlantic,0.8901734104122472,0.3972424080992767,0.3972424080992767,0.6366685764035074,0.3345005856938122,0.3345005856938122
merinov_gosl,SF1,7,48.6285,-68.1988,9999,2010-07-14,9999,9999,9999,NA,NA,NA,98,86,38,38,104,4,98,percent_cover,"c(-68.1988, 48.6285)",Gulf of St. Lawrence - Eastern Scotian Shelf,Cold Temperate Northwest Atlantic,Temperate Northern Atlantic,0.8811817598020225,0.3932298585225163,0.3932298585225163,0.6319001749977464,0.3316246908925419,0.3316246908925419
merinov_gosl,SF1,8,48.6285,-68.1988,9999,2010-07-15,9999,9999,9999,NA,NA,NA,100,86,38,38,104,4,100,percent_cover,"c(-68.1988, 48.6285)",Gulf of St. Lawrence - Eastern Scotian Shelf,Cold Temperate Northwest Atlantic,Temperate Northern Atlantic,0.899165061022472,0.401254957676037,0.401254957676037,0.6414143480225333,0.33736823343618033,0.33736823343618033
merinov_gosl,SF1,9,48.6285,-68.1988,9999,2010-09-08,9999,9999,9999,NA,NA,NA,91.66666667,86,38,38,104,4,91.66666667,percent_cover,"c(-68.1988, 48.6285)",Gulf of St. Lawrence - Eastern Scotian Shelf,Cold Temperate Northwest Atlantic,Temperate Northern Atlantic,0.8242346393005714,0.36781704454974246,0.36781704454974246,0.601160523346147,0.31321607089222914,0.31321607089222914
merinov_gosl,SF1,10,48.6285,-68.1988,9999,2010-09-09,9999,9999,9999,NA,NA,NA,96.75,86,38,38,104,4,96.75,percent_cover,"c(-68.1988, 48.6285)",Gulf of St. Lawrence - Eastern Scotian Shelf,Cold Temperate Northwest Atlantic,Temperate Northern Atlantic,0.8699421965392415,0.38821417155156585,0.38821417155156585,0.6259075194471602,0.3280181524518225,0.3280181524518225
merinov_gosl,SF1,11,48.6285,-68.1988,9999,2011-05-15,9999,9999,9999,NA,NA,NA,4.6,86,38,38,104,4,4.6,percent_cover,"c(-68.1988, 48.6285)",Gulf of St. Lawrence - Eastern Scotian Shelf,Cold Temperate Northwest Atlantic,Temperate Northern Atlantic,0.041361592807033706,0.018457728053097703,0.018457728053097703,0.040529080719948526,0.018289451702733755,0.018289451702733755
merinov_gosl,SF1,12,48.6285,-68.1988,9999,2011-05-17,9999,9999,9999,NA,NA,NA,3,86,38,38,104,4,3,percent_cover,"c(-68.1988, 48.6285)",Gulf of St. Lawrence - Eastern Scotian Shelf,Cold Temperate Northwest Atlantic,Temperate Northern Atlantic,0.02697495183067416,0.012037648730281111,0.012037648730281111,0.026617541000180784,0.011965772475934637,0.011965772475934637
merinov_gosl,SF1,13,48.6285,-68.1988,9999,2011-08-02,9999,9999,9999,NA,NA,NA,69.999999997,86,38,38,104,4,69.999999997,percent_cover,"c(-68.1988, 48.6285)",Gulf of St. Lawrence - Eastern Scotian Shelf,Cold Temperate Northwest Atlantic,Temperate Northern Atlantic,0.6294155426887554,0.2808784703611883,0.2808784703611883,0.48822138775203655,0.24754614750164614,0.24754614750164614
merinov_gosl,SF1,14,48.6285,-68.1988,9999,2011-08-03,9999,9999,9999,NA,NA,NA,79,86,38,38,104,4,79,percent_cover,"c(-68.1988, 48.6285)",Gulf of St. Lawrence - Eastern Scotian Shelf,Cold Temperate Northwest Atlantic,Temperate Northern Atlantic,0.7103403982077529,0.31699141656406926,0.31699141656406926,0.5366924139834905,0.2753499053246202,0.2753499053246202
merinov_gosl,SF1,15,48.6285,-68.1988,9999,2011-09-28,9999,9999,9999,NA,NA,NA,88.14285714,86,38,38,104,4,88.14285714,percent_cover,"c(-68.1988, 48.6285)",Gulf of St. Lawrence - Eastern Scotian Shelf,Cold Temperate Northwest Atlantic,Temperate Northern Atlantic,0.7925497751898313,0.3536775841115568,0.3536775841115568,0.5836390616917781,0.3028250250945577,0.3028250250945577
merinov_gosl,SF1,16,48.6285,-68.1988,9999,2011-09-30,9999,9999,9999,NA,NA,NA,91.66666667,86,38,38,104,4,91.66666667,percent_cover,"c(-68.1988, 48.6285)",Gulf of St. Lawrence - Eastern Scotian Shelf,Cold Temperate Northwest Atlantic,Temperate Northern Atlantic,0.8242346393005714,0.36781704454974246,0.36781704454974246,0.601160523346147,0.31321607089222914,0.31321607089222914
merinov_gosl,SF1,17,48.6285,-68.1988,9999,2012-05-07,9999,9999,9999,NA,NA,NA,68.444444442,86,38,38,104,4,68.444444442,percent_cover,"c(-68.1988, 48.6285)",Gulf of St. Lawrence - Eastern Scotian Shelf,Cold Temperate Northwest Atlantic,Temperate Northern Atlantic,0.6154285306334012,0.2746367265773458,0.2746367265773458,0.4796002655225645,0.2426612176813867,0.2426612176813867
merinov_gosl,SF1,18,48.6285,-68.1988,9999,2012-07-06,9999,9999,9999,NA,NA,NA,93.4,86,38,38,104,4,93.4,percent_cover,"c(-68.1988, 48.6285)",Gulf of St. Lawrence - Eastern Scotian Shelf,Cold Temperate Northwest Atlantic,Temperate Northern Atlantic,0.8398201669949888,0.3747721304694186,0.3747721304694186,0.6096678315156754,0.3182879940899436,0.3182879940899436
merinov_gosl,SF1,19,48.6285,-68.1988,9999,2012-09-15,9999,9999,9999,NA,NA,NA,99.25,86,38,38,104,4,99.25,percent_cover,"c(-68.1988, 48.6285)",Gulf of St. Lawrence - Eastern Scotian Shelf,Cold Temperate Northwest Atlantic,Temperate Northern Atlantic,0.8924213230648034,0.39824554549346675,0.39824554549346675,0.637857132448008,0.3352182689418891,0.3352182689418891
merinov_gosl,SF1,20,48.6285,-68.1988,9999,2012-09-16,9999,9999,9999,NA,NA,NA,93.33333333,86,38,38,104,4,93.33333333,percent_cover,"c(-68.1988, 48.6285)",Gulf of St. Lawrence - Eastern Scotian Shelf,Cold Temperate Northwest Atlantic,Temperate Northern Atlantic,0.8392207235910016,0.3745046271509261,0.3745046271509261,0.6093419621235597,0.3180933950423249,0.3180933950423249
merinov_gosl,SF1,21,48.6285,-68.1988,9999,2012-09-20,9999,9999,9999,NA,NA,NA,95.666666667,86,38,38,104,4,95.666666667,percent_cover,"c(-68.1988, 48.6285)",Gulf of St. Lawrence - Eastern Scotian Shelf,Cold Temperate Northwest Atlantic,Temperate Northern Atlantic,0.8602012417144954,0.38386724284474627,0.38386724284474627,0.6206846763426692,0.324881929794553,0.324881929794553
merinov_gosl,SF2,1,48.6273,-68.2008,9999,2010-06-11,9999,9999,9999,NA,NA,NA,100,86,38,38,104,4,100,percent_cover,"c(-68.2008, 48.6273)",Gulf of St. Lawrence - Eastern Scotian Shelf,Cold Temperate Northwest Atlantic,Temperate Northern Atlantic,0.899165061022472,0.401254957676037,0.401254957676037,0.6414143480225333,0.33736823343618033,0.33736823343618033
merinov_gosl,SF2,2,48.6273,-68.2008,9999,2010-06-12,9999,9999,9999,NA,NA,NA,99.8,86,38,38,104,4,99.8,percent_cover,"c(-68.2008, 48.6273)",Gulf of St. Lawrence - Eastern Scotian Shelf,Cold Temperate Northwest Atlantic,Temperate Northern Atlantic,0.897366730900427,0.40045244776068495,0.40045244776068495,0.6404669937765511,0.3367953613827017,0.3367953613827017
merinov_gosl,SF2,3,48.6273,-68.2008,9999,2010-06-15,9999,9999,9999,NA,NA,NA,99,86,38,38,104,4,99,percent_cover,"c(-68.2008, 48.6273)",Gulf of St. Lawrence - Eastern Scotian Shelf,Cold Temperate Northwest Atlantic,Temperate Northern Atlantic,0.8901734104122472,0.3972424080992767,0.3972424080992767,0.6366685764035074,0.3345005856938122,0.3345005856938122
merinov_gosl,SF2,4,48.6273,-68.2008,9999,2010-06-17,9999,9999,9999,NA,NA,NA,108.75,86,38,38,104,4,108.75,percent_cover,"c(-68.2008, 48.6273)",Gulf of St. Lawrence - Eastern Scotian Shelf,Cold Temperate Northwest Atlantic,Temperate Northern Atlantic,0.9778420038619382,0.4363647664726903,0.4363647664726903,0.6820063532973334,0.3621154540190255,0.3621154540190255
merinov_gosl,SF2,5,48.6273,-68.2008,9999,2010-08-10,9999,9999,9999,NA,NA,NA,99.857142859,86,38,38,104,4,99.857142859,percent_cover,"c(-68.2008, 48.6273)",Gulf of St. Lawrence - Eastern Scotian Shelf,Cold Temperate Northwest Atlantic,Temperate Northern Atlantic,0.8978805395234244,0.4006817363153803,0.4006817363153803,0.6407377580190503,0.3369590726083266,0.3369590726083266
merinov_gosl,SF2,6,48.6273,-68.2008,9999,2010-08-11,9999,9999,9999,NA,NA,NA,101.375,86,38,38,104,4,101.375,percent_cover,"c(-68.2008, 48.6273)",Gulf of St. Lawrence - Eastern Scotian Shelf,Cold Temperate Northwest Atlantic,Temperate Northern Atlantic,0.911528580611531,0.40677221334408253,0.40677221334408253,0.6479032259711578,0.34129786974795934,0.34129786974795934
merinov_gosl,SF2,7,48.6273,-68.2008,9999,2010-08-14,9999,9999,9999,NA,NA,NA,104.25,86,38,38,104,4,104.25,percent_cover,"c(-68.2008, 48.6273)",Gulf of St. Lawrence - Eastern Scotian Shelf,Cold Temperate Northwest Atlantic,Temperate Northern Atlantic,0.937379576115927,0.4183082933772686,0.4183082933772686,0.6613363260509614,0.34946481870827273,0.34946481870827273
merinov_gosl,SF2,8,48.6273,-68.2008,9999,2010-10-06,9999,9999,9999,NA,NA,NA,98.75,86,38,38,104,4,98.75,percent_cover,"c(-68.2008, 48.6273)",Gulf of St. Lawrence - Eastern Scotian Shelf,Cold Temperate Northwest Atlantic,Temperate Northern Atlantic,0.887925497759691,0.3962392707050866,0.3962392707050866,0.6354786060123387,0.33378238700654644,0.33378238700654644
merinov_gosl,SF2,9,48.6273,-68.2008,9999,2010-10-07,9999,9999,9999,NA,NA,NA,96.625,86,38,38,104,4,96.625,percent_cover,"c(-68.2008, 48.6273)",Gulf of St. Lawrence - Eastern Scotian Shelf,Cold Temperate Northwest Atlantic,Temperate Northern Atlantic,0.8688182402129635,0.3877126028544708,0.3877126028544708,0.6253062739920685,0.32765678218285305,0.32765678218285305
merinov_gosl,SF2,10,48.6273,-68.2008,9999,2010-10-08,9999,9999,9999,NA,NA,NA,94.875,86,38,38,104,4,94.875,percent_cover,"c(-68.2008, 48.6273)",Gulf of St. Lawrence - Eastern Scotian Shelf,Cold Temperate Northwest Atlantic,Temperate Northern Atlantic,0.8530828516450703,0.3806906410951401,0.3806906410951401,0.6168506584704581,0.3225838385401875,0.3225838385401875
merinov_gosl,SF2,11,48.6273,-68.2008,9999,2011-05-16,9999,9999,9999,NA,NA,NA,16.25,86,38,38,104,4,16.25,percent_cover,"c(-68.2008, 48.6273)",Gulf of St. Lawrence - Eastern Scotian Shelf,Cold Temperate Northwest Atlantic,Temperate Northern Atlantic,0.1461143224161517,0.06520393062235602,0.06520393062235602,0.13637737109730838,0.06316626498308503,0.06316626498308503
merinov_gosl,SF2,12,48.6273,-68.2008,9999,2011-05-17,9999,9999,9999,NA,NA,NA,16.75,86,38,38,104,4,16.75,percent_cover,"c(-68.2008, 48.6273)",Gulf of St. Lawrence - Eastern Scotian Shelf,Cold Temperate Northwest Atlantic,Temperate Northern Atlantic,0.15061014772126405,0.0672102054107362,0.0672102054107362,0.14029236491213107,0.06504795892466862,0.06504795892466862
merinov_gosl,SF2,13,48.6273,-68.2008,9999,2011-07-04,9999,9999,9999,NA,NA,NA,38.263157899,86,38,38,104,4,38.263157899,percent_cover,"c(-68.2008, 48.6273)",Gulf of St. Lawrence - Eastern Scotian Shelf,Cold Temperate Northwest Atlantic,Temperate Northern Atlantic,0.3440489470716681,0.15353281803314767,0.15353281803314767,0.29568666038993785,0.14282924905759795,0.14282924905759795
merinov_gosl,SF2,14,48.6273,-68.2008,9999,2011-09-26,9999,9999,9999,NA,NA,NA,72.818181817,86,38,38,104,4,72.818181817,percent_cover,"c(-68.2008, 48.6273)",Gulf of St. Lawrence - Eastern Scotian Shelf,Cold Temperate Northwest Atlantic,Temperate Northern Atlantic,0.6547556489702826,0.29218656463026305,0.29218656463026305,0.5036533538018417,0.25633579480437724,0.25633579480437724
merinov_gosl,SF2,15,48.6273,-68.2008,9999,2011-09-27,9999,9999,9999,NA,NA,NA,67.55555555400001,86,38,38,104,4,67.55555555400001,percent_cover,"c(-68.2008, 48.6273)",Gulf of St. Lawrence - Eastern Scotian Shelf,Cold Temperate Northwest Atlantic,Temperate Northern Atlantic,0.6074359523211941,0.2710700158460144,0.2710700158460144,0.4746403333008556,0.239859077901728,0.239859077901728
merinov_gosl,SF2,16,48.6273,-68.2008,9999,2012-06-02,9999,9999,9999,NA,NA,NA,100,86,38,38,104,4,100,percent_cover,"c(-68.2008, 48.6273)",Gulf of St. Lawrence - Eastern Scotian Shelf,Cold Temperate Northwest Atlantic,Temperate Northern Atlantic,0.899165061022472,0.401254957676037,0.401254957676037,0.6414143480225333,0.33736823343618033,0.33736823343618033
merinov_gosl,SF2,17,48.6273,-68.2008,9999,2012-06-04,9999,9999,9999,NA,NA,NA,100,86,38,38,104,4,100,percent_cover,"c(-68.2008, 48.6273)",Gulf of St. Lawrence - Eastern Scotian Shelf,Cold Temperate Northwest Atlantic,Temperate Northern Atlantic,0.899165061022472,0.401254957676037,0.401254957676037,0.6414143480225333,0.33736823343618033,0.33736823343618033
merinov_gosl,SF2,18,48.6273,-68.2008,9999,2012-06-06,9999,9999,9999,NA,NA,NA,99,86,38,38,104,4,99,percent_cover,"c(-68.2008, 48.6273)",Gulf of St. Lawrence - Eastern Scotian Shelf,Cold Temperate Northwest Atlantic,Temperate Northern Atlantic,0.8901734104122472,0.3972424080992767,0.3972424080992767,0.6366685764035074,0.3345005856938122,0.3345005856938122
merinov_gosl,SF2,19,48.6273,-68.2008,9999,2012-07-02,9999,9999,9999,NA,NA,NA,100,86,38,38,104,4,100,percent_cover,"c(-68.2008, 48.6273)",Gulf of St. Lawrence - Eastern Scotian Shelf,Cold Temperate Northwest Atlantic,Temperate Northern Atlantic,0.899165061022472,0.401254957676037,0.401254957676037,0.6414143480225333,0.33736823343618033,0.33736823343618033
merinov_gosl,SF2,20,48.6273,-68.2008,9999,2012-07-03,9999,9999,9999,NA,NA,NA,100,86,38,38,104,4,100,percent_cover,"c(-68.2008, 48.6273)",Gulf of St. Lawrence - Eastern Scotian Shelf,Cold Temperate Northwest Atlantic,Temperate Northern Atlantic,0.899165061022472,0.401254957676037,0.401254957676037,0.6414143480225333,0.33736823343618033,0.33736823343618033
merinov_gosl,SF2,21,48.6273,-68.2008,9999,2012-07-05,9999,9999,9999,NA,NA,NA,100,86,38,38,104,4,100,percent_cover,"c(-68.2008, 48.6273)",Gulf of St. Lawrence - Eastern Scotian Shelf,Cold Temperate Northwest Atlantic,Temperate Northern Atlantic,0.899165061022472,0.401254957676037,0.401254957676037,0.6414143480225333,0.33736823343618033,0.33736823343618033
merinov_gosl,SF2,22,48.6273,-68.2008,9999,2012-07-08,9999,9999,9999,NA,NA,NA,99,86,38,38,104,4,99,percent_cover,"c(-68.2008, 48.6273)",Gulf of St. Lawrence - Eastern Scotian Shelf,Cold Temperate Northwest Atlantic,Temperate Northern Atlantic,0.8901734104122472,0.3972424080992767,0.3972424080992767,0.6366685764035074,0.3345005856938122,0.3345005856938122
merinov_gosl,SF2,23,48.6273,-68.2008,9999,2012-07-31,9999,9999,9999,NA,NA,NA,100,86,38,38,104,4,100,percent_cover,"c(-68.2008, 48.6273)",Gulf of St. Lawrence - Eastern Scotian Shelf,Cold Temperate Northwest Atlantic,Temperate Northern Atlantic,0.899165061022472,0.401254957676037,0.401254957676037,0.6414143480225333,0.33736823343618033,0.33736823343618033
merinov_gosl,SF2,24,48.6273,-68.2008,9999,2012-08-01,9999,9999,9999,NA,NA,NA,100,86,38,38,104,4,100,percent_cover,"c(-68.2008, 48.6273)",Gulf of St. Lawrence - Eastern Scotian Shelf,Cold Temperate Northwest Atlantic,Temperate Northern Atlantic,0.899165061022472,0.401254957676037,0.401254957676037,0.6414143480225333,0.33736823343618033,0.33736823343618033
merinov_gosl,SF2,25,48.6273,-68.2008,9999,2012-08-04,9999,9999,9999,NA,NA,NA,100,86,38,38,104,4,100,percent_cover,"c(-68.2008, 48.6273)",Gulf of St. Lawrence - Eastern Scotian Shelf,Cold Temperate Northwest Atlantic,Temperate Northern Atlantic,0.899165061022472,0.401254957676037,0.401254957676037,0.6414143480225333,0.33736823343618033,0.33736823343618033
merinov_gosl,SF2,26,48.6273,-68.2008,9999,2012-08-29,9999,9999,9999,NA,NA,NA,96,86,38,38,104,4,96,percent_cover,"c(-68.2008, 48.6273)",Gulf of St. Lawrence - Eastern Scotian Shelf,Cold Temperate Northwest Atlantic,Temperate Northern Atlantic,0.8631984585815731,0.38520475936899556,0.38520475936899556,0.6222946122913731,0.32584796941157834,0.32584796941157834
merinov_gosl,SF2,27,48.6273,-68.2008,9999,2012-08-31,9999,9999,9999,NA,NA,NA,98,86,38,38,104,4,98,percent_cover,"c(-68.2008, 48.6273)",Gulf of St. Lawrence - Eastern Scotian Shelf,Cold Temperate Northwest Atlantic,Temperate Northern Atlantic,0.8811817598020225,0.3932298585225163,0.3932298585225163,0.6319001749977464,0.3316246908925419,0.3316246908925419
merinov_gosl,SF2,28,48.6273,-68.2008,9999,2012-09-03,9999,9999,9999,NA,NA,NA,96,86,38,38,104,4,96,percent_cover,"c(-68.2008, 48.6273)",Gulf of St. Lawrence - Eastern Scotian Shelf,Cold Temperate Northwest Atlantic,Temperate Northern Atlantic,0.8631984585815731,0.38520475936899556,0.38520475936899556,0.6222946122913731,0.32584796941157834,0.32584796941157834
merinov_gosl,SU,1,48.8104,-67.6439,9999,2010-06-13,9999,9999,9999,NA,NA,NA,98,86,38,38,104,4,98,percent_cover,"c(-67.6439, 48.8104)",Gulf of St. Lawrence - Eastern Scotian Shelf,Cold Temperate Northwest Atlantic,Temperate Northern Atlantic,0.8811817598020225,0.3932298585225163,0.3932298585225163,0.6319001749977464,0.3316246908925419,0.3316246908925419
merinov_gosl,SU,2,48.8104,-67.6439,9999,2010-06-14,9999,9999,9999,NA,NA,NA,106.75,86,38,38,104,4,106.75,percent_cover,"c(-67.6439, 48.8104)",Gulf of St. Lawrence - Eastern Scotian Shelf,Cold Temperate Northwest Atlantic,Temperate Northern Atlantic,0.9598587026414888,0.42833966731916956,0.42833966731916956,0.6728723801547453,0.35651269790097445,0.35651269790097445
merinov_gosl,SU,3,48.8104,-67.6439,9999,2010-06-16,9999,9999,9999,NA,NA,NA,103.6,86,38,38,104,4,103.6,percent_cover,"c(-67.6439, 48.8104)",Gulf of St. Lawrence - Eastern Scotian Shelf,Cold Temperate Northwest Atlantic,Temperate Northern Atlantic,0.9315350032192808,0.41570013615237433,0.41570013615237433,0.6583150252583513,0.34762420459149235,0.34762420459149235
merinov_gosl,SU,4,48.8104,-67.6439,9999,2010-08-12,9999,9999,9999,NA,NA,NA,104.92307692,86,38,38,104,4,104.92307692,percent_cover,"c(-67.6439, 48.8104)",Gulf of St. Lawrence - Eastern Scotian Shelf,Cold Temperate Northwest Atlantic,Temperate Northern Atlantic,0.9434316486143731,0.4210090478877418,0.4210090478877418,0.6644553014683154,0.3513672163626319,0.3513672163626319
merinov_gosl,SU,5,48.8104,-67.6439,9999,2010-08-13,9999,9999,9999,NA,NA,NA,118.14285714,86,38,38,104,4,118.14285714,percent_cover,"c(-67.6439, 48.8104)",Gulf of St. Lawrence - Eastern Scotian Shelf,Cold Temperate Northwest Atlantic,Temperate Northern Atlantic,1.062299293496573,0.4740540714143679,0.4740540714143679,0.7238215222474697,0.3880164765504753,0.3880164765504753
merinov_gosl,SU,6,48.8104,-67.6439,9999,2010-10-09,9999,9999,9999,NA,NA,NA,99.61538462,86,38,38,104,4,99.61538462,percent_cover,"c(-67.6439, 48.8104)",Gulf of St. Lawrence - Eastern Scotian Shelf,Cold Temperate Northwest Atlantic,Temperate Northern Atlantic,0.8957067339061932,0.3997116693958025,0.3997116693958025,0.6395917156594177,0.33626626497894085,0.33626626497894085
merinov_gosl,SU,7,48.8104,-67.6439,9999,2010-10-10,9999,9999,9999,NA,NA,NA,95.28571429,86,38,38,104,4,95.28571429,percent_cover,"c(-67.6439, 48.8104)",Gulf of St. Lawrence - Eastern Scotian Shelf,Cold Temperate Northwest Atlantic,Temperate Northern Atlantic,0.8567758510413768,0.3823386525456491,0.3823386525456491,0.6188415702070532,0.32377674058413675,0.32377674058413675
merinov_gosl,SU,8,48.8104,-67.6439,9999,2011-05-15,9999,9999,9999,NA,NA,NA,50.2,86,38,38,104,4,50.2,percent_cover,"c(-67.6439, 48.8104)",Gulf of St. Lawrence - Eastern Scotian Shelf,Cold Temperate Northwest Atlantic,Temperate Northern Atlantic,0.4513808606332809,0.2014299887533706,0.2014299887533706,0.37251542094381085,0.18351250462844257,0.18351250462844257
merinov_gosl,SU,9,48.8104,-67.6439,9999,2011-05-18,9999,9999,9999,NA,NA,NA,37.46666666,86,38,38,104,4,37.46666666,percent_cover,"c(-67.6439, 48.8104)",Gulf of St. Lawrence - Eastern Scotian Shelf,Cold Temperate Northwest Atlantic,Temperate Northern Atlantic,0.3368871761364752,0.15033685744920489,0.15033685744920489,0.2903439087225281,0.14005481900365926,0.14005481900365926
merinov_gosl,SU,10,48.8104,-67.6439,9999,2011-07-03,9999,9999,9999,NA,NA,NA,49.35294118,86,38,38,104,4,49.35294118,percent_cover,"c(-67.6439, 48.8104)",Gulf of St. Lawrence - Eastern Scotian Shelf,Cold Temperate Northwest Atlantic,Temperate Northern Atlantic,0.44376440367753167,0.19803112324368846,0.19803112324368846,0.3672538718113831,0.1806794786910997,0.1806794786910997
merinov_gosl,SU,11,48.8104,-67.6439,9999,2011-07-05,9999,9999,9999,NA,NA,NA,104.5,86,38,38,104,4,104.5,percent_cover,"c(-67.6439, 48.8104)",Gulf of St. Lawrence - Eastern Scotian Shelf,Cold Temperate Northwest Atlantic,Temperate Northern Atlantic,0.9396274887684831,0.4193114307714587,0.4193114307714587,0.6624959385390655,0.3501718460998864,0.3501718460998864
merinov_gosl,SU,12,48.8104,-67.6439,9999,2011-07-19,9999,9999,9999,NA,NA,NA,102,86,38,38,104,4,102,percent_cover,"c(-67.6439, 48.8104)",Gulf of St. Lawrence - Eastern Scotian Shelf,Cold Temperate Northwest Atlantic,Temperate Northern Atlantic,0.9171483622429214,0.40928005682955776,0.40928005682955776,0.6508388539968009,0.34307897599731046,0.34307897599731046
merinov_gosl,SU,13,48.8104,-67.6439,9999,2011-09-30,9999,9999,9999,NA,NA,NA,65.69230769,86,38,38,104,4,65.69230769,percent_cover,"c(-67.6439, 48.8104)",Gulf of St. Lawrence - Eastern Scotian Shelf,Cold Temperate Northwest Atlantic,Temperate Northern Atlantic,0.5906822785278586,0.2635936414179216,0.2635936414179216,0.46416303018485666,0.2339597578168939,0.2339597578168939
merinov_gosl,SU,14,48.8104,-67.6439,9999,2011-10-01,9999,9999,9999,NA,NA,NA,76.857142857,86,38,38,104,4,76.857142857,percent_cover,"c(-67.6439, 48.8104)",Gulf of St. Lawrence - Eastern Scotian Shelf,Cold Temperate Northwest Atlantic,Temperate Northern Atlantic,0.6910725754702725,0.30839309604186665,0.30839309604186665,0.525362987665051,0.26879974002636853,0.26879974002636853
metaxas_recent,Barren I,1,44.932417,-62.05015,9999,2018-08-15,9,7.5,6,NA,NA,NA,46.36544451938403,0,65,65,79,4,46.36544451938403,percent_cover,"c(-62.05015, 44.932417)",Scotian Shelf,Cold Temperate Northwest Atlantic,Temperate Northern Atlantic,0.4988277465079833,0.1860436447825608,0.1860436447825608,0.40468330024801585,0.1706230998837267,0.1706230998837267
metaxas_recent,Bird I,1,44.8708,-62.282867,9999,2018-08-15,9,7.5,6,NA,NA,NA,35.28281874410321,0,65,65,79,4,35.28281874410321,percent_cover,"c(-62.282867, 44.8708)",Scotian Shelf,Cold Temperate Northwest Atlantic,Temperate Northern Atlantic,0.3795940952795691,0.14157405941856419,0.14157405941856419,0.321789322047882,0.1324080639182574,0.1324080639182574
metaxas_recent,Bird I Breakers,1,44.85755,-62.24515,9999,2018-08-15,9,7.5,6,NA,NA,NA,86.9088148693412,0,65,65,79,4,86.9088148693412,percent_cover,"c(-62.24515, 44.85755)",Scotian Shelf,Cold Temperate Northwest Atlantic,Temperate Northern Atlantic,0.9350180661986011,0.3487259283207204,0.3487259283207204,0.6601166629749047,0.2991603900320309,0.2991603900320309
metaxas_recent,Camp I,1,44.88065,-62.16285,9999,2018-08-15,9,7.5,6,NA,NA,NA,89.77405866192635,0,65,65,79,4,89.77405866192635,percent_cover,"c(-62.16285, 44.88065)",Scotian Shelf,Cold Temperate Northwest Atlantic,Temperate Northern Atlantic,0.9658441074253535,0.36022286108797325,0.36022286108797325,0.6759217242907588,0.3076485547700324,0.3076485547700324
metaxas_recent,Crooks I,1,44.922917,-62.086267,9999,2018-08-15,9,7.5,6,NA,NA,NA,85.08384575194916,0,65,65,79,4,85.08384575194916,percent_cover,"c(-62.086267, 44.922917)",Scotian Shelf,Cold Temperate Northwest Atlantic,Temperate Northern Atlantic,0.9153839347519641,0.3414031492611282,0.3414031492611282,0.6499180906586819,0.2937161924227509,0.2937161924227509
metaxas_recent,Fish I,1,44.820867,-62.439917,9999,2018-08-15,9,7.5,6,NA,NA,NA,85.25427713511829,0,65,65,79,4,85.25427713511829,percent_cover,"c(-62.439917, 44.820867)",Scotian Shelf,Cold Temperate Northwest Atlantic,Temperate Northern Atlantic,0.9172175395773197,0.3420870136355302,0.3420870136355302,0.6508749367996303,0.2942258752221603,0.2942258752221603
metaxas_recent,Gold I,1,44.9077,-62.260967,9999,2018-08-15,9,7.5,6,NA,NA,NA,27.14752859185635,0,65,65,79,4,27.14752859185635,percent_cover,"c(-62.260967, 44.9077)",Scotian Shelf,Cold Temperate Northwest Atlantic,Temperate Northern Atlantic,0.29206967928616023,0.10893080436134325,0.10893080436134325,0.25624533524220533,0.10339631179702667,0.10339631179702667
metaxas_recent,Goose I,1,44.92995,-62.086267,9999,2018-08-15,9,7.5,6,NA,NA,NA,85.26621980070257,0,65,65,79,4,85.26621980070257,percent_cover,"c(-62.086267, 44.92995)",Scotian Shelf,Cold Temperate Northwest Atlantic,Temperate Northern Atlantic,0.9173460260616499,0.3421349341732658,0.3421349341732658,0.6509419517191533,0.29426158056894036,0.29426158056894036
metaxas_recent,Halibut I,1,44.887967,-62.207,9999,2018-08-15,9,7.5,6,NA,NA,NA,80.96652309428045,0,65,65,79,4,80.96652309428045,percent_cover,"c(-62.207, 44.887967)",Scotian Shelf,Cold Temperate Northwest Atlantic,Temperate Northern Atlantic,0.8710872650174059,0.32488218797371377,0.32488218797371377,0.626519687047384,0.28132354074821625,0.28132354074821625
metaxas_recent,Halibut I,2,44.88797,-62.207,0.3125,2018-10-15,7.5,7.5,7.5,NA,16.83333333333333,16.83333333333333,NA,0,65,65,79,4,NA,percent_cover,"c(-62.207, 44.88797)",Scotian Shelf,Cold Temperate Northwest Atlantic,Temperate Northern Atlantic,NA,NA,NA,NA,NA,NA
metaxas_recent,Halibut I,3,44.88797,-62.207,0.5,2019-07-15,9,7.5,6,NA,21.090909090909093,21.090909090909093,80.95770643488906,0,65,65,79,4,80.95770643488906,percent_cover,"c(-62.207, 44.88797)",Scotian Shelf,Cold Temperate Northwest Atlantic,Temperate Northern Atlantic,0.8709924100153343,0.3248468106908044,0.3248468106908044,0.6264689906377245,0.28129683818132784,0.28129683818132784
metaxas_recent,Halibut I,4,44.88797,-62.207,0.5,2019-10-15,9,7.5,6,NA,14.666666666666668,14.666666666666668,72.15034965034963,0,65,65,79,4,72.15034965034963,percent_cover,"c(-62.207, 44.88797)",Scotian Shelf,Cold Temperate Northwest Atlantic,Temperate Northern Atlantic,0.7762374910651477,0.2895068549526231,0.2895068549526231,0.5744973580765211,0.2542598623023511,0.2542598623023511
metaxas_recent,Halibut I,5,44.88797,-62.207,0.5,2020-07-15,9,7.5,6,NA,25.333333333333336,25.333333333333336,88.07397959183679,0,65,65,79,4,88.07397959183679,percent_cover,"c(-62.207, 44.88797)",Scotian Shelf,Cold Temperate Northwest Atlantic,Temperate Northern Atlantic,0.9475536193213601,0.3534012095348262,0.3534012095348262,0.6665740307695646,0.30262083851650956,0.30262083851650956
metaxas_recent,Halibut I,6,44.88797,-62.207,0.5,2020-10-15,9,7.5,6,NA,25.166666666666703,25.166666666666703,65.60267857142857,0,65,65,79,4,65.60267857142857,percent_cover,"c(-62.207, 44.88797)",Scotian Shelf,Cold Temperate Northwest Atlantic,Temperate Northern Atlantic,0.7057936499021842,0.2632340001361323,0.2632340001361323,0.5340304862450954,0.23367509947431164,0.23367509947431164
metaxas_recent,Halibut I,7,44.88797,-62.207,0.4,2021-07-15,9,7.5,6,NA,18.5,18.5,89.35673701298703,0,65,65,79,4,89.35673701298703,percent_cover,"c(-62.207, 44.88797)",Scotian Shelf,Cold Temperate Northwest Atlantic,Temperate Northern Atlantic,0.9613543064568247,0.3585483372821488,0.3585483372821488,0.6736352073127655,0.3064167306146415,0.3064167306146415
metaxas_recent,Halibut I,8,44.88797,-62.207,0.5,2021-10-15,9,7.5,6,NA,19.200000000000003,19.200000000000003,71.86330782312928,0,65,65,79,4,71.86330782312928,percent_cover,"c(-62.207, 44.88797)",Scotian Shelf,Cold Temperate Northwest Atlantic,Temperate Northern Atlantic,0.773149319921528,0.2883550853902976,0.2883550853902976,0.5727572423397354,0.25336627710219684,0.25336627710219684
metaxas_recent,Halibut I,9,44.88797,-62.207,0.5,2022-07-15,9,7.5,6,NA,16.338461538461573,16.338461538461573,76.74107142857142,0,65,65,79,4,76.74107142857142,percent_cover,"c(-62.207, 44.88797)",Scotian Shelf,Cold Temperate Northwest Atlantic,Temperate Northern Atlantic,0.8256272774289585,0.3079273536808516,0.3079273536808516,0.6019236416381499,0.26844371149325513,0.26844371149325513
metaxas_recent,Halibut I,10,44.88797,-62.207,0.5,2022-10-15,9,7.5,6,NA,8.666666666666671,8.666666666666671,40.74534161490685,0,65,65,79,4,40.74534161490685,percent_cover,"c(-62.207, 44.88797)",Scotian Shelf,Cold Temperate Northwest Atlantic,Temperate Northern Atlantic,0.4383632498112833,0.16349270325185117,0.16349270325185117,0.3635058350562724,0.1514264323626767,0.1514264323626767
metaxas_recent,Halibut I,11,44.88797,-62.207,0.5,2023-07-15,9,7.5,6,NA,6.2,6.2,NA,0,65,65,79,4,NA,percent_cover,"c(-62.207, 44.88797)",Scotian Shelf,Cold Temperate Northwest Atlantic,Temperate Northern Atlantic,NA,NA,NA,NA,NA,NA
metaxas_recent,Harbour I,1,44.867617,-62.334983,9999,2018-08-15,9,7.5,6,NA,NA,NA,20.425622171945726,0,65,65,79,4,20.425622171945726,percent_cover,"c(-62.334983, 44.867617)",Scotian Shelf,Cold Temperate Northwest Atlantic,Temperate Northern Atlantic,0.21975130799825546,0.08195882160110805,0.08195882160110805,0.19864699206269582,0.07877312203012266,0.07877312203012266
metaxas_recent,Long 2,1,44.8905,-62.305483,0.5,2023-07-15,9,7.5,6,NA,6.679166666666665,6.679166666666665,NA,0,65,65,79,4,NA,percent_cover,"c(-62.305483, 44.8905)",Scotian Shelf,Cold Temperate Northwest Atlantic,Temperate Northern Atlantic,NA,NA,NA,NA,NA,NA
metaxas_recent,Long 3,1,44.889167,-62.29795,0.5,2023-07-15,9,7.5,6,NA,4.7100840336134455,4.7100840336134455,NA,0,65,65,79,4,NA,percent_cover,"c(-62.29795, 44.889167)",Scotian Shelf,Cold Temperate Northwest Atlantic,Temperate Northern Atlantic,NA,NA,NA,NA,NA,NA
metaxas_recent,Long I,1,44.88955,-62.302917,9999,2018-08-15,9,7.5,6,NA,NA,NA,26.622187336473075,0,65,65,79,4,26.622187336473075,percent_cover,"c(-62.302917, 44.88955)",Scotian Shelf,Cold Temperate Northwest Atlantic,Temperate Northern Atlantic,0.2864177374728782,0.10682284652940033,0.10682284652940033,0.2518614078058991,0.1014936106848847,0.1014936106848847
metaxas_recent,Long I,2,44.88955,-62.30292,4999.625,2019-07-15,9,7.5,6,NA,7.42857142857143,7.42857142857143,30.49450549450548,0,65,65,79,4,30.49450549450548,percent_cover,"c(-62.30292, 44.88955)",Scotian Shelf,Cold Temperate Northwest Atlantic,Temperate Northern Atlantic,0.3280784992871146,0.12236071511549475,0.12236071511549475,0.283733160216233,0.11543424840552419,0.11543424840552419
metaxas_recent,Long I,3,44.88955,-62.30292,0.5,2019-10-15,9,7.5,6,NA,6.375,6.375,30.129870129870124,0,65,65,79,4,30.129870129870124,percent_cover,"c(-62.30292, 44.88955)",Scotian Shelf,Cold Temperate Northwest Atlantic,Temperate Northern Atlantic,0.3241555295167691,0.12089759763745529,0.12089759763745529,0.2807749200393656,0.11412979079830803,0.11412979079830803
metaxas_recent,Long I,4,44.88955,-62.30292,0.5,2020-07-15,9,7.5,6,NA,6.416666666666665,6.416666666666665,51.64310515873015,0,65,65,79,4,51.64310515873015,percent_cover,"c(-62.30292, 44.88955)",Scotian Shelf,Cold Temperate Northwest Atlantic,Temperate Northern Atlantic,0.5556080403420751,0.20722051974725397,0.20722051974725397,0.44186649192975624,0.1883206261296041,0.1883206261296041
metaxas_recent,Long I,5,44.88955,-62.30292,0.25,2020-10-15,9,7.5,6,NA,13.833333333333314,13.833333333333314,34.42106009070296,0,65,65,79,4,34.42106009070296,percent_cover,"c(-62.30292, 44.88955)",Scotian Shelf,Cold Temperate Northwest Atlantic,Temperate Northern Atlantic,0.3703227698007487,0.13811621009859343,0.13811621009859343,0.3150463104857972,0.12937444832754452,0.12937444832754452
metaxas_recent,Long I,6,44.88955,-62.30292,0.5,2021-07-15,9,7.5,6,NA,8.44545454545454,8.44545454545454,42.19720496894406,0,65,65,79,4,42.19720496894406,percent_cover,"c(-62.30292, 44.88955)",Scotian Shelf,Cold Temperate Northwest Atlantic,Temperate Northern Atlantic,0.45398328176911606,0.16931837693860707,0.16931837693860707,0.3743068809497055,0.15642099522861952,0.15642099522861952
metaxas_recent,Long I,7,44.88955,-62.30292,0.5,2021-10-15,9,7.5,6,NA,10.566666666666668,10.566666666666668,20.90194032158319,0,65,65,79,4,20.90194032158319,percent_cover,"c(-62.30292, 44.88955)",Scotian Shelf,Cold Temperate Northwest Atlantic,Temperate Northern Atlantic,0.2248758293237261,0.08387007179083915,0.08387007179083915,0.2028394750416649,0.08053803586212345,0.08053803586212345
metaxas_recent,Long I,8,44.88955,-62.30292,0.5,2022-07-15,9,7.5,6,NA,10.055,10.055,40.76362781954883,0,65,65,79,4,40.76362781954883,percent_cover,"c(-62.30292, 44.88955)",Scotian Shelf,Cold Temperate Northwest Atlantic,Temperate Northern Atlantic,0.4385599839599213,0.1635660775545479,0.1635660775545479,0.363642602104232,0.15148949420136024,0.15148949420136024
metaxas_recent,Long I,9,44.88955,-62.30292,0.5,2022-10-15,9,7.5,6,NA,4.066666666666666,4.066666666666666,10.645604395604403,0,65,65,79,4,10.645604395604403,percent_cover,"c(-62.30292, 44.88955)",Scotian Shelf,Cold Temperate Northwest Atlantic,Temperate Northern Atlantic,0.11453190853491625,0.04271601541194078,0.04271601541194078,0.10843450379277587,0.04182886225423444,0.04182886225423444
metaxas_recent,Long I,10,44.88955,-62.30292,0.5,2023-07-15,9,7.5,6,NA,5.6000000000000005,5.6000000000000005,NA,0,65,65,79,4,NA,percent_cover,"c(-62.30292, 44.88955)",Scotian Shelf,Cold Temperate Northwest Atlantic,Temperate Northern Atlantic,NA,NA,NA,NA,NA,NA
metaxas_recent,Long1,1,44.88955,-62.302917,9999,2023-07-15,9,7.5,6,NA,NA,NA,14.642857135,0,65,65,79,4,14.642857135,percent_cover,"c(-62.302917, 44.88955)",Scotian Shelf,Cold Temperate Northwest Atlantic,Temperate Northern Atlantic,0.15753679281639793,0.058755190199606816,0.058755190199606816,0.1462942929235254,0.057093869167725866,0.057093869167725866
metaxas_recent,Long2,1,44.8905,-62.305483,9999,2023-07-15,9,7.5,6,NA,NA,NA,32.96266233181816,0,65,65,79,4,32.96266233181816,percent_cover,"c(-62.305483, 44.8905)",Scotian Shelf,Cold Temperate Northwest Atlantic,Temperate Northern Atlantic,0.3546324367279652,0.13226431678843195,0.13226431678843195,0.30353015312541415,0.12421944792132507,0.12421944792132507
metaxas_recent,Long3,1,44.889167,-62.29795,9999,2023-07-15,9,7.5,6,NA,NA,NA,19.208603888636382,0,65,65,79,4,19.208603888636382,percent_cover,"c(-62.29795, 44.889167)",Scotian Shelf,Cold Temperate Northwest Atlantic,Temperate Northern Atlantic,0.2066578826247877,0.07707547540350553,0.07707547540350553,0.18785445755035635,0.07424947501640321,0.07424947501640321
metaxas_recent,Moll 2,1,44.924583,-62.2391,0.5,2023-07-15,9,7.5,6,NA,3.7333333333333316,3.7333333333333316,NA,0,65,65,79,4,NA,percent_cover,"c(-62.2391, 44.924583)",Scotian Shelf,Cold Temperate Northwest Atlantic,Temperate Northern Atlantic,NA,NA,NA,NA,NA,NA
metaxas_recent,Moll 3,1,44.925267,-62.236233,0.5,2023-07-15,9,7.5,6,NA,5.01666666666667,5.01666666666667,NA,0,65,65,79,4,NA,percent_cover,"c(-62.236233, 44.925267)",Scotian Shelf,Cold Temperate Northwest Atlantic,Temperate Northern Atlantic,NA,NA,NA,NA,NA,NA
metaxas_recent,Moll1,1,44.923967,-62.237667,9999,2023-07-15,9,7.5,6,NA,NA,NA,16.18303569875,0,65,65,79,4,16.18303569875,percent_cover,"c(-62.237667, 44.923967)",Scotian Shelf,Cold Temperate Northwest Atlantic,Temperate Northern Atlantic,0.17410697369440328,0.06493523304371727,0.06493523304371727,0.16050783624494366,0.06291398326868147,0.06291398326868147
metaxas_recent,Moll2,1,44.924583,-62.2391,9999,2023-07-15,9,7.5,6,NA,NA,NA,13.108766236363635,0,65,65,79,4,13.108766236363635,percent_cover,"c(-62.2391, 44.924583)",Scotian Shelf,Cold Temperate Northwest Atlantic,Temperate Northern Atlantic,0.1410321067546638,0.05259957441357154,0.05259957441357154,0.13193320962046806,0.05126288961822308,0.05126288961822308
metaxas_recent,Moll3,1,44.925267,-62.236233,9999,2023-07-15,9,7.5,6,NA,NA,NA,15.438988104166649,0,65,65,79,4,15.438988104166649,percent_cover,"c(-62.236233, 44.925267)",Scotian Shelf,Cold Temperate Northwest Atlantic,Temperate Northern Atlantic,0.1661020556191429,0.061949705182982276,0.061949705182982276,0.1536666103580863,0.06010656311353144,0.06010656311353144
metaxas_recent,Nowlans Shoal,1,44.879667,-62.3286,9999,2018-08-15,9,7.5,6,NA,NA,NA,29.999701385570944,0,65,65,79,4,29.999701385570944,percent_cover,"c(-62.3286, 44.879667)",Scotian Shelf,Cold Temperate Northwest Atlantic,Temperate Northern Atlantic,0.3227550947305268,0.12037528909761018,0.12037528909761018,0.2797167544148165,0.11366370873182552,0.11366370873182552
metaxas_recent,Pumpkin I,1,44.822083,-62.3769,9999,2018-08-15,9,7.5,6,NA,NA,NA,10.415726746371899,0,65,65,79,4,10.415726746371899,percent_cover,"c(-62.3769, 44.822083)",Scotian Shelf,Cold Temperate Northwest Atlantic,Temperate Northern Atlantic,0.11205874450235181,0.04179361994780623,0.04179361994780623,0.10621302222293676,0.040943862243976344,0.040943862243976344
metaxas_recent,Shag Rock,1,44.431281,-62.5665,0.5,2019-07-15,9,7.5,6,NA,22.16666666666663,22.16666666666663,77.61026663706934,0,65,65,79,4,77.61026663706934,percent_cover,"c(-62.5665, 44.431281)",Scotian Shelf,Cold Temperate Northwest Atlantic,Temperate Northern Atlantic,0.8349786099056544,0.3114150425468321,0.3114150425468321,0.6070328247114296,0.2711067393831142,0.2711067393831142
metaxas_recent,Shag Rock,2,44.431281,-62.5665,0.5,2019-10-15,9,7.5,6,NA,9.375,9.375,47.69203731252435,0,65,65,79,4,47.69203731252435,percent_cover,"c(-62.5665, 44.431281)",Scotian Shelf,Cold Temperate Northwest Atlantic,Temperate Northern Atlantic,0.5131000413257168,0.19136666413320935,0.19136666413320935,0.41416055378734107,0.17510110540568893,0.17510110540568893
metaxas_recent,Shag Rock,3,44.431281,-62.5665,0.5,2020-07-15,9,7.5,6,NA,16.066666666666684,16.066666666666684,NA,0,65,65,79,4,NA,percent_cover,"c(-62.5665, 44.431281)",Scotian Shelf,Cold Temperate Northwest Atlantic,Temperate Northern Atlantic,NA,NA,NA,NA,NA,NA
metaxas_recent,Speck I,1,44.8449,-62.386817,9999,2018-08-15,9,7.5,6,NA,NA,NA,16.5395299145299,0,65,65,79,4,16.5395299145299,percent_cover,"c(-62.386817, 44.8449)",Scotian Shelf,Cold Temperate Northwest Atlantic,Temperate Northern Atlantic,0.17794235601725092,0.06636568375836244,0.06636568375836244,0.163769150260665,0.06425630984317433,0.06425630984317433
metaxas_recent,Speck I,2,44.8449,-62.38682,1,2019-07-15,9,7.5,6,NA,5.427272727272729,5.427272727272729,23.288241578682772,0,65,65,79,4,23.288241578682772,percent_cover,"c(-62.38682, 44.8449)",Scotian Shelf,Cold Temperate Northwest Atlantic,Temperate Northern Atlantic,0.25054911448053074,0.09344522389003682,0.09344522389003682,0.2235827464383347,0.08933346741548634,0.08933346741548634
metaxas_recent,Speck I,3,44.8449,-62.38682,1,2019-10-15,9,7.5,6,NA,4.2875,4.2875,6.939102564102567,0,65,65,79,4,6.939102564102567,percent_cover,"c(-62.38682, 44.8449)",Scotian Shelf,Cold Temperate Northwest Atlantic,Temperate Northern Atlantic,0.07465509995039378,0.02784349305668656,0.02784349305668656,0.07199977284489505,0.02746291133438126,0.02746291133438126
metaxas_recent,Speck I,4,44.8449,-62.38682,9999,2020-07-15,9,7.5,6,NA,NA,NA,48.35246598639459,0,65,65,79,4,48.35246598639459,percent_cover,"c(-62.38682, 44.8449)",Scotian Shelf,Cold Temperate Northwest Atlantic,Temperate Northern Atlantic,0.5202053360237591,0.19401666692902783,0.19401666692902783,0.4188454152237368,0.17732297377501907,0.17732297377501907
metaxas_recent,Speck I,5,44.8449,-62.38682,0.5,2020-10-15,9,7.5,6,NA,8.666666666666666,8.666666666666666,19.684628237259794,0,65,65,79,4,19.684628237259794,percent_cover,"c(-62.38682, 44.8449)",Scotian Shelf,Cold Temperate Northwest Atlantic,Temperate Northern Atlantic,0.211779243059658,0.07898554670210202,0.07898554670210202,0.19208972836707736,0.07602129110018636,0.07602129110018636
metaxas_recent,Speck I,6,44.8449,-62.38682,0.5,2021-07-15,9,7.5,6,NA,5.249999999999998,5.249999999999998,38.53244837758116,0,65,65,79,4,38.53244837758116,percent_cover,"c(-62.38682, 44.8449)",Scotian Shelf,Cold Temperate Northwest Atlantic,Temperate Northern Atlantic,0.4145555939529114,0.15461335942900412,0.15461335942900412,0.346815413887755,0.14376553419009408,0.14376553419009408
metaxas_recent,Speck I,7,44.8449,-62.38682,0.5,2021-10-15,9,7.5,6,NA,3.7333333333333325,3.7333333333333325,15.24039567517828,0,65,65,79,4,15.24039567517828,percent_cover,"c(-62.38682, 44.8449)",Scotian Shelf,Cold Temperate Northwest Atlantic,Temperate Northern Atlantic,0.16396547707767334,0.06115284321609719,0.06115284321609719,0.15183269000143487,0.05935590506839429,0.05935590506839429
metaxas_recent,Speck I,8,44.8449,-62.38682,9999,2022-07-15,9,7.5,6,NA,NA,NA,14.484126984126986,0,65,65,79,4,14.484126984126986,percent_cover,"c(-62.38682, 44.8449)",Scotian Shelf,Cold Temperate Northwest Atlantic,Temperate Northern Atlantic,0.15582907698872467,0.0581182775999022,0.0581182775999022,0.14481790204203138,0.05649212076035835,0.05649212076035835
metaxas_recent,Speck I,9,44.8449,-62.38682,9999,2022-10-15,9,7.5,6,NA,NA,NA,3.565688775510203,0,65,65,79,4,3.565688775510203,percent_cover,"c(-62.38682, 44.8449)",Scotian Shelf,Cold Temperate Northwest Atlantic,Temperate Northern Atlantic,0.038361855797434605,0.014307502987032667,0.014307502987032667,0.0376443326618621,0.014206116579426793,0.014206116579426793
metaxas_recent,The Moll,1,44.923967,-62.237667,9999,2018-08-15,9,7.5,6,NA,NA,NA,58.052822671074786,0,65,65,79,4,58.052822671074786,percent_cover,"c(-62.237667, 44.923967)",Scotian Shelf,Cold Temperate Northwest Atlantic,Temperate Northern Atlantic,0.6245676928500742,0.23293982903856597,0.23293982903856597,0.4852417452188826,0.20940142253608648,0.20940142253608648
metaxas_recent,The Moll,2,44.92397,-62.23767,0.5,2018-10-15,7.5,7.5,7.5,NA,8.8,8.8,NA,0,65,65,79,4,NA,percent_cover,"c(-62.23767, 44.92397)",Scotian Shelf,Cold Temperate Northwest Atlantic,Temperate Northern Atlantic,NA,NA,NA,NA,NA,NA
metaxas_recent,The Moll,3,44.92397,-62.23767,0.5,2019-07-15,9,7.5,6,NA,15.666666666666686,15.666666666666686,35.32999738356877,0,65,65,79,4,35.32999738356877,percent_cover,"c(-62.23767, 44.92397)",Scotian Shelf,Cold Temperate Northwest Atlantic,Temperate Northern Atlantic,0.3801016718735577,0.14176336604838385,0.14176336604838385,0.32215717172591785,0.13257387964758596,0.13257387964758596
metaxas_recent,The Moll,4,44.92397,-62.23767,0.5,2019-10-15,9,7.5,6,NA,18.5,18.5,16.414835164835175,0,65,65,79,4,16.414835164835175,percent_cover,"c(-62.23767, 44.92397)",Scotian Shelf,Cold Temperate Northwest Atlantic,Temperate Northern Atlantic,0.1766008138054515,0.06586533989325062,0.06586533989325062,0.16262961510653073,0.06378699496242708,0.06378699496242708
metaxas_recent,The Moll,5,44.92397,-62.23767,0.5,2020-07-15,9,7.5,6,NA,10.58333333333334,10.58333333333334,50.76155462184872,0,65,65,79,4,50.76155462184872,percent_cover,"c(-62.23767, 44.92397)",Scotian Shelf,Cold Temperate Northwest Atlantic,Temperate Northern Atlantic,0.5461237817028287,0.20368325451359748,0.20368325451359748,0.43575101274463107,0.18538623462912124,0.18538623462912124
metaxas_recent,The Moll,6,44.92397,-62.23767,0.3125,2020-10-15,9,7.5,6,NA,11.91666666666665,11.91666666666665,17.722827767470598,0,65,65,79,4,17.722827767470598,percent_cover,"c(-62.23767, 44.92397)",Scotian Shelf,Cold Temperate Northwest Atlantic,Temperate Northern Atlantic,0.1906729964230249,0.07111372505736109,0.07111372505736109,0.17451869047677004,0.06869897168950699,0.06869897168950699
metaxas_recent,The Moll,7,44.92397,-62.23767,0.5,2021-07-15,9,7.5,6,NA,10.588888888888867,10.588888888888867,47.548986101617686,0,65,65,79,4,47.548986101617686,percent_cover,"c(-62.23767, 44.92397)",Scotian Shelf,Cold Temperate Northwest Atlantic,Temperate Northern Atlantic,0.511561009102226,0.19079266405743078,0.19079266405743078,0.41314289770578144,0.17461918962441053,0.17461918962441053
metaxas_recent,The Moll,8,44.92397,-62.23767,0.5,2021-10-15,9,7.5,6,NA,13.066666666666666,13.066666666666666,28.592687074829954,0,65,65,79,4,28.592687074829954,percent_cover,"c(-62.23767, 44.92397)",Scotian Shelf,Cold Temperate Northwest Atlantic,Temperate Northern Atlantic,0.30761757614946406,0.11472957442055064,0.11472957442055064,0.2682068373112804,0.10861184134394565,0.10861184134394565
metaxas_recent,The Moll,9,44.92397,-62.23767,0.5,2022-07-15,9,7.5,6,NA,8.908333333333335,8.908333333333335,31.4797794117647,0,65,65,79,4,31.4797794117647,percent_cover,"c(-62.23767, 44.92397)",Scotian Shelf,Cold Temperate Northwest Atlantic,Temperate Northern Atlantic,0.33867867734933577,0.12631417555518626,0.12631417555518626,0.2916830658045769,0.11895050994204609,0.11895050994204609
metaxas_recent,The Moll,10,44.92397,-62.23767,0.5,2022-10-15,9,7.5,6,NA,8,8,16.730442176870753,0,65,65,79,4,16.730442176870753,percent_cover,"c(-62.23767, 44.92397)",Scotian Shelf,Cold Temperate Northwest Atlantic,Temperate Northern Atlantic,0.1799963066391287,0.06713172867581658,0.06713172867581658,0.16551130850583504,0.06497442175267043,0.06497442175267043
metaxas_recent,The Moll,11,44.92397,-62.23767,0.5,2023-07-15,9,7.5,6,NA,5.4,5.4,NA,0,65,65,79,4,NA,percent_cover,"c(-62.23767, 44.92397)",Scotian Shelf,Cold Temperate Northwest Atlantic,Temperate Northern Atlantic,NA,NA,NA,NA,NA,NA
metaxas_recent,Tuffin I,1,44.9066,-62.155933,9999,2018-08-15,9,7.5,6,NA,NA,NA,82.84268288174539,0,65,65,79,4,82.84268288174539,percent_cover,"c(-62.155933, 44.9066)",Scotian Shelf,Cold Temperate Northwest Atlantic,Temperate Northern Atlantic,0.8912721369316343,0.33241037213484104,0.33241037213484104,0.6372496909728171,0.28698961185740407,0.28698961185740407
metaxas_recent,Tuffin I,2,44.9066,-62.15593,0.25,2018-10-15,7.5,7.5,7.5,NA,31.636363636363626,31.636363636363626,NA,0,65,65,79,4,NA,percent_cover,"c(-62.15593, 44.9066)",Scotian Shelf,Cold Temperate Northwest Atlantic,Temperate Northern Atlantic,NA,NA,NA,NA,NA,NA
metaxas_recent,Tuffin I,3,44.9066,-62.15593,0.5,2019-07-15,9,7.5,6,NA,15.166666666666668,15.166666666666668,82.51843472431707,0,65,65,79,4,82.51843472431707,percent_cover,"c(-62.15593, 44.9066)",Scotian Shelf,Cold Temperate Northwest Atlantic,Temperate Northern Atlantic,0.8877836773825899,0.33110931032798674,0.33110931032798674,0.6354034835012611,0.2860126625080887,0.2860126625080887
metaxas_recent,Tuffin I,4,44.9066,-62.15593,0.5,2019-10-15,9,7.5,6,NA,19.375,19.375,50.75732415607749,0,65,65,79,4,50.75732415607749,percent_cover,"c(-62.15593, 44.9066)",Scotian Shelf,Cold Temperate Northwest Atlantic,Temperate Northern Atlantic,0.5460782677704332,0.20366627955995764,0.20366627955995764,0.435721574867241,0.18537213202092073,0.18537213202092073
metaxas_recent,Tuffin I,5,44.9066,-62.15593,0.5,2020-07-15,9,7.5,6,NA,21.416666666666643,21.416666666666643,92.52976190476187,0,65,65,79,4,92.52976190476187,percent_cover,"c(-62.15593, 44.9066)",Scotian Shelf,Cold Temperate Northwest Atlantic,Temperate Northern Atlantic,0.9954916445711194,0.3712802569686901,0.3712802569686901,0.6908904583623904,0.31574479760995117,0.31574479760995117
metaxas_recent,Tuffin I,6,44.9066,-62.15593,0.5,2020-10-15,9,7.5,6,NA,18.499999999999986,18.499999999999986,59.254252384783356,0,65,65,79,4,59.254252384783356,percent_cover,"c(-62.15593, 44.9066)",Scotian Shelf,Cold Temperate Northwest Atlantic,Temperate Northern Atlantic,0.6374934068789007,0.2377606253278146,0.2377606253278146,0.49316666218566846,0.21330379961181622,0.21330379961181622
metaxas_recent,Tuffin I,7,44.9066,-62.15593,0.5,2021-07-15,9,7.5,6,NA,19.4,19.4,96.54260393934308,0,65,65,79,4,96.54260393934308,percent_cover,"c(-62.15593, 44.9066)",Scotian Shelf,Cold Temperate Northwest Atlantic,Temperate Northern Atlantic,1.0386642480035269,0.38738198457615514,0.38738198457615514,0.7122948130033949,0.3274185068596426,0.3274185068596426
metaxas_recent,Tuffin I,8,44.9066,-62.15593,0.5,2021-10-15,9,7.5,6,NA,18.561904761904746,18.561904761904746,74.31006493506496,0,65,65,79,4,74.31006493506496,percent_cover,"c(-62.15593, 44.9066)",Scotian Shelf,Cold Temperate Northwest Atlantic,Temperate Northern Atlantic,0.799473026057657,0.29817281960423053,0.29817281960423053,0.5874938587372759,0.26095775241163016,0.26095775241163016
metaxas_recent,Tuffin I,9,44.9066,-62.15593,0.5,2022-07-15,9,7.5,6,NA,18.666666666666632,18.666666666666632,68.14370748299318,0,65,65,79,4,68.14370748299318,percent_cover,"c(-62.15593, 44.9066)",Scotian Shelf,Cold Temperate Northwest Atlantic,Temperate Northern Atlantic,0.733131589587794,0.27343000461976674,0.27343000461976674,0.5499299395229312,0.241714050927063,0.241714050927063
metaxas_recent,Tuffin I,10,44.9066,-62.15593,0.5,2022-10-15,9,7.5,6,NA,14.400000000000011,14.400000000000011,48.7920796308954,0,65,65,79,4,48.7920796308954,percent_cover,"c(-62.15593, 44.9066)",Scotian Shelf,Cold Temperate Northwest Atlantic,Temperate Northern Atlantic,0.5249349678841593,0.19578063847220764,0.19578063847220764,0.42195176513970595,0.17879922605762735,0.17879922605762735
metaxas_recent,Tuffin I,11,44.9066,-62.155933,0.5,2023-07-15,9,7.5,6,NA,7.333333333333337,7.333333333333337,NA,0,65,65,79,4,NA,percent_cover,"c(-62.155933, 44.9066)",Scotian Shelf,Cold Temperate Northwest Atlantic,Temperate Northern Atlantic,NA,NA,NA,NA,NA,NA
metaxas_recent,Tuffin I 2,1,44.906233,-62.159833,0.5,2023-07-15,9,7.5,6,NA,9.599999999999996,9.599999999999996,NA,0,65,65,79,4,NA,percent_cover,"c(-62.159833, 44.906233)",Scotian Shelf,Cold Temperate Northwest Atlantic,Temperate Northern Atlantic,NA,NA,NA,NA,NA,NA
metaxas_recent,Tuffin I 3,1,44.906233,-62.164917,0.5,2023-07-15,9,7.5,6,NA,6.46666666666667,6.46666666666667,NA,0,65,65,79,4,NA,percent_cover,"c(-62.164917, 44.906233)",Scotian Shelf,Cold Temperate Northwest Atlantic,Temperate Northern Atlantic,NA,NA,NA,NA,NA,NA
metaxas_recent,Tuffin I 4,1,44.910117,-62.155817,0.5,2023-07-15,9,7.5,6,NA,1.96923076923077,1.96923076923077,NA,0,65,65,79,4,NA,percent_cover,"c(-62.155817, 44.910117)",Scotian Shelf,Cold Temperate Northwest Atlantic,Temperate Northern Atlantic,NA,NA,NA,NA,NA,NA
metaxas_recent,Tuffin I 5,1,44.911317,-62.175083,0.5,2023-07-15,9,7.5,6,NA,2.6,2.6,NA,0,65,65,79,4,NA,percent_cover,"c(-62.175083, 44.911317)",Scotian Shelf,Cold Temperate Northwest Atlantic,Temperate Northern Atlantic,NA,NA,NA,NA,NA,NA
metaxas_recent,Tuffin I 6,1,44.9053,-62.168033,0.5,2023-07-15,9,7.5,6,NA,5.616071428571425,5.616071428571425,NA,0,65,65,79,4,NA,percent_cover,"c(-62.168033, 44.9053)",Scotian Shelf,Cold Temperate Northwest Atlantic,Temperate Northern Atlantic,NA,NA,NA,NA,NA,NA
metaxas_recent,Tuffin1,1,44.9066,-62.155933,9999,2023-07-15,9,7.5,6,NA,NA,NA,31.881868121923088,0,65,65,79,4,31.881868121923088,percent_cover,"c(-62.155933, 44.9066)",Scotian Shelf,Cold Temperate Northwest Atlantic,Temperate Northern Atlantic,0.34300459306660575,0.12792757643895242,0.12792757643895242,0.2949093375401709,0.12038194573000303,0.12038194573000303
metaxas_recent,Tuffin2,1,44.906233,-62.159833,9999,2023-07-15,9,7.5,6,NA,NA,NA,24.65277777833333,0,65,65,79,4,24.65277777833333,percent_cover,"c(-62.159833, 44.906233)",Scotian Shelf,Cold Temperate Northwest Atlantic,Temperate Northern Atlantic,0.26522962762034735,0.09892049304041887,0.09892049304041887,0.2352536295165815,0.094328327982286575,0.094328327982286575
metaxas_recent,Tuffin3,1,44.906233,-62.164917,9999,2023-07-15,9,7.5,6,NA,NA,NA,32.694453975961544,0,65,65,79,4,32.694453975961544,percent_cover,"c(-62.164917, 44.906233)",Scotian Shelf,Cold Temperate Northwest Atlantic,Temperate Northern Atlantic,0.35174688756234396,0.1311881174636559,0.1311881174636559,0.30139774675270564,0.12326851174118815,0.12326851174118815
metaxas_recent,Tuffin4,1,44.910117,-62.155817,9999,2023-07-15,9,6.5,4,NA,NA,NA,7.7192896063186796,0,65,65,79,4,7.7192896063186796,percent_cover,"c(-62.155817, 44.910117)",Scotian Shelf,Cold Temperate Northwest Atlantic,Temperate Northern Atlantic,0.08304882825727301,0.030974032242724745,0.030974032242724745,0.07978005311263749,0.03050401775615636,0.03050401775615636
metaxas_recent,Tuffin5,1,44.911317,-62.175083,9999,2023-07-15,9,7.5,6,NA,NA,NA,18.83455084242424,0,65,65,79,4,18.83455084242424,percent_cover,"c(-62.175083, 44.911317)",Scotian Shelf,Cold Temperate Northwest Atlantic,Temperate Northern Atlantic,0.2026335916889283,0.07557456901124106,0.07557456901124106,0.18451381178679896,0.07285500159572339,0.07285500159572339
metaxas_recent,Tuffin6,1,44.9053,-62.168033,9999,2023-07-15,9,7.5,6,NA,NA,NA,23.593073585606053,0,65,65,79,4,23.593073585606053,percent_cover,"c(-62.168033, 44.9053)",Scotian Shelf,Cold Temperate Northwest Atlantic,Temperate Northern Atlantic,0.2538286832337965,0.09466837743039984,0.09466837743039984,0.22620181663688874,0.0904514657379031,0.0904514657379031
metaxas_recent,White I,1,44.887067,-62.119667,9999,2018-08-15,9,7.5,6,NA,NA,NA,6.754309198865656,0,65,65,79,4,6.754309198865656,percent_cover,"c(-62.119667, 44.887067)",Scotian Shelf,Cold Temperate Northwest Atlantic,Temperate Northern Atlantic,0.07266698015759815,0.027102000517217062,0.027102000517217062,0.07014805215585954,0.02674124492136037,0.02674124492136037
metaxas_recent,White I,2,44.88707,-62.11967,0.5,2019-07-15,9,7.5,6,NA,5.791666666666666,5.791666666666666,25.01518218623484,0,65,65,79,4,25.01518218623484,percent_cover,"c(-62.11967, 44.88707)",Scotian Shelf,Cold Temperate Northwest Atlantic,Temperate Northern Atlantic,0.26912859539671563,0.10037465869396016,0.10037465869396016,0.23833051960812426,0.09565072062640768,0.09565072062640768
metaxas_recent,White I,3,44.88707,-62.11967,0.5,2019-10-15,9,7.5,6,NA,6.75,6.75,19.158653846153843,0,65,65,79,4,19.158653846153843,percent_cover,"c(-62.11967, 44.88707)",Scotian Shelf,Cold Temperate Northwest Atlantic,Temperate Northern Atlantic,0.20612048958590234,0.07687504838168305,0.07687504838168305,0.18740900176049916,0.07406337322791033,0.07406337322791033
metaxas_recent,White I,4,44.88707,-62.11967,0.5,2020-07-15,9,7.5,6,NA,4.833333333333328,4.833333333333328,31.790865384615387,0,65,65,79,4,31.790865384615387,percent_cover,"c(-62.11967, 44.88707)",Scotian Shelf,Cold Temperate Northwest Atlantic,Temperate Northern Atlantic,0.3420255300845118,0.12756242344388438,0.12756242344388438,0.2941800622765198,0.12005815533565209,0.12005815533565209
metaxas_recent,White I,5,44.88707,-62.11967,0.5,2020-10-15,9,7.5,6,NA,5.416666666666665,5.416666666666665,9.613464951197868,0,65,65,79,4,9.613464951197868,percent_cover,"c(-62.11967, 44.88707)",Scotian Shelf,Cold Temperate Northwest Atlantic,Temperate Northern Atlantic,0.1034275225321019,0.03857450472112966,0.03857450472112966,0.09842126493110283,0.03784910439052987,0.03784910439052987
metaxas_recent,White I,6,44.88707,-62.11967,0.5,2021-07-15,9,7.5,6,NA,4.250000000000002,4.250000000000002,20.61720521541951,0,65,65,79,4,20.61720521541951,percent_cover,"c(-62.11967, 44.88707)",Scotian Shelf,Cold Temperate Northwest Atlantic,Temperate Northern Atlantic,0.22181247529290343,0.08272755806111326,0.08272755806111326,0.20033539176652493,0.07948337410131787,0.07948337410131787
metaxas_recent,White I,7,44.88707,-62.11967,0.5,2021-10-15,9,7.5,6,NA,4.866666666666664,4.866666666666664,13.577915140415115,0,65,65,79,4,13.577915140415115,percent_cover,"c(-62.11967, 44.88707)",Scotian Shelf,Cold Temperate Northwest Atlantic,Temperate Northern Atlantic,0.14607949696111056,0.05448205764996089,0.05448205764996089,0.13634698496263745,0.05304970576107763,0.05304970576107763
metaxas_recent,White I,8,44.88707,-62.11967,0.5,2022-07-15,9,7.5,6,NA,1.0666666666666664,1.0666666666666664,4.882369614512475,0,65,65,79,4,4.882369614512475,percent_cover,"c(-62.11967, 44.88707)",Scotian Shelf,Cold Temperate Northwest Atlantic,Temperate Northern Atlantic,0.052527511763811825,0.019590750130299726,0.019590750130299726,0.0511944256758217,0.019401321421296178,0.019401321421296178
metaxas_recent,White I,9,44.88707,-62.11967,0.5,2022-10-15,9,7.5,6,NA,0.5999999999999999,0.5999999999999999,3.2264610389610344,0,65,65,79,4,3.2264610389610344,percent_cover,"c(-62.11967, 44.88707)",Scotian Shelf,Cold Temperate Northwest Atlantic,Temperate Northern Atlantic,0.03471223679496648,0.012946334876316924,0.012946334876316924,0.03412335597708933,0.01286324743315391,0.01286324743315391
metaxas_recent,White I,10,44.88707,-62.11967,0.5,2023-07-15,9,7.5,6,NA,3.6018099547511326,3.6018099547511326,NA,0,65,65,79,4,NA,percent_cover,"c(-62.11967, 44.88707)",Scotian Shelf,Cold Temperate Northwest Atlantic,Temperate Northern Atlantic,NA,NA,NA,NA,NA,NA
noisette_antacosti,BigBlue,1,49.787874,-64.355789,0.5,2022-07-05,9999,9999,9999,0.0597333333333333,4.888888888888893,4.888888888888893,NA,23,23,23,0,1,0.0597333333333333,biomass,"c(-64.355789, 49.787874)",Gulf of St. Lawrence - Eastern Scotian Shelf,Cold Temperate Northwest Atlantic,Temperate Northern Atlantic,0.044197196786125464,2.3968296138515265e-4,2.3968296138515265e-4,0.04324835743423328,2.396542420130501e-4,2.396542420130501e-4
noisette_antacosti,CAA_est,1,49.770419,-64.319298,0.5,2022-06-30,9999,9999,9999,0.477333333333333,12.26666666666667,12.26666666666667,NA,23,23,23,0,1,0.477333333333333,biomass,"c(-64.319298, 49.770419)",Gulf of St. Lawrence - Eastern Scotian Shelf,Cold Temperate Northwest Atlantic,Temperate Northern Atlantic,0.35318295646055614,0.001915323664640282,0.001915323664640282,0.3024595628558557,0.0019134917710099946,0.0019134917710099946
noisette_antacosti,CAA_ouest_1,1,49.782592,-64.337332,0.5,2021-09-01,9999,9999,9999,1.605,14.5,14.5,NA,23,23,23,0,1,1.605,biomass,"c(-64.337332, 49.782592)",Gulf of St. Lawrence - Eastern Scotian Shelf,Cold Temperate Northwest Atlantic,Temperate Northern Atlantic,1.1875530274843429,0.006440142070700395,0.006440142070700395,0.7827835800915206,0.006419492963792929,0.006419492963792929
noisette_antacosti,CAA_ouest_1,2,49.782619,-64.338588,0.5,2022-07-08,9999,9999,9999,0.49146666666666694,19.822222222222198,19.822222222222198,NA,23,23,23,0,1,0.49146666666666694,biomass,"c(-64.338588, 49.782619)",Gulf of St. Lawrence - Eastern Scotian Shelf,Cold Temperate Northwest Atlantic,Temperate Northern Atlantic,0.36364032891441667,0.0019720343653251643,0.0019720343653251643,0.310157836170184,0.0019700924581421255,0.0019700924581421255
noisette_antacosti,CAA_ouest_3,1,49.781709,-64.342253,0.5,2022-07-07,9999,9999,9999,0.08888888888888889,5.42222222222222,5.42222222222222,NA,23,23,23,0,1,0.08888888888888889,biomass,"c(-64.342253, 49.781709)",Gulf of St. Lawrence - Eastern Scotian Shelf,Cold Temperate Northwest Atlantic,Temperate Northern Atlantic,0.0657696380745915,3.5667107348981073e-4,3.5667107348981073e-4,0.06369720302364525,3.566074814830828e-4,3.566074814830828e-4
noisette_antacosti,CAA_ouest_3,2,49.78244347444444,-64.34260562,0.5,2023-08-17,9999,9999,9999,0.1348962962962963,10.962962962962962,10.962962962962962,NA,23,23,23,0,1,0.1348962962962963,biomass,"c(-64.34260562, 49.7824434744444)",Gulf of St. Lawrence - Eastern Scotian Shelf,Cold Temperate Northwest Atlantic,Temperate Northern Atlantic,0.09981090658136549,5.412780766102452e-4,5.412780766102452e-4,0.09513826191944255,5.411316384723177e-4,5.411316384723177e-4
noisette_antacosti,Drifters,1,49.771803062222226,-64.36800349666667,0.5,2023-08-23,9999,9999,9999,0.11408888888888898,4.888888888888892,4.888888888888892,NA,23,23,23,0,1,0.11408888888888898,biomass,"c(-64.3680034966667, 49.7718030622222)",Gulf of St. Lawrence - Eastern Scotian Shelf,Cold Temperate Northwest Atlantic,Temperate Northern Atlantic,0.08441533046873827,4.5778732282417237e-4,4.5778732282417237e-4,0.08104097582456976,4.576825701761334e-4,4.576825701761334e-4
noisette_antacosti,Gamache,1,49.792872,-64.339554,0.5,2022-07-06,9999,9999,9999,0.6470222222222218,12.62222222222222,12.62222222222222,NA,23,23,23,0,1,0.6470222222222218,biomass,"c(-64.339554, 49.792872)",Gulf of St. Lawrence - Eastern Scotian Shelf,Cold Temperate Northwest Atlantic,Temperate Northern Atlantic,0.4787371955449513,0.0025962087439323307,0.0025962087439323307,0.3911884773008326,0.0025928444157521263,0.0025928444157521263
noisette_antacosti,Gamache,2,49.793191977777774,-64.34037565555556,0.5,2023-08-17,9999,9999,9999,1.0860259259259255,13.074074074074078,13.074074074074078,NA,23,23,23,0,1,1.0860259259259255,biomass,"c(-64.3403756555556, 49.7931919777778)",Gulf of St. Lawrence - Eastern Scotian Shelf,Cold Temperate Northwest Atlantic,Temperate Northern Atlantic,0.8035597359874266,0.0043577328694248615,0.0043577328694248615,0.589762343068223,0.004348265445914419,0.004348265445914419
noisette_antacosti,LaTuque,1,49.793227,-64.359801,0.5,2022-07-01,9999,9999,9999,0.16942222222222245,6.361616161616158,6.361616161616158,NA,23,23,23,0,1,0.16942222222222245,biomass,"c(-64.359801, 49.793227)",Gulf of St. Lawrence - Eastern Scotian Shelf,Cold Temperate Northwest Atlantic,Temperate Northern Atlantic,0.12535693017017158,6.798150660715801e-4,6.798150660715801e-4,0.11810025659887431,6.795840964814019e-4,6.795840964814019e-4
noisette_antacosti,LaTuque,2,49.79538407555555,-64.35971825555556,0.5,2023-08-18,9999,9999,9999,1.2661703703703704,40.370370370370374,40.370370370370374,NA,23,23,23,0,1,1.2661703703703704,biomass,"c(-64.3597182555556, 49.7953840755556)",Gulf of St. Lawrence - Eastern Scotian Shelf,Cold Temperate Northwest Atlantic,Temperate Northern Atlantic,0.9368501287503459,0.005080571383736151,0.005080571383736151,0.6610630085611843,0.00506770882863447,0.00506770882863447
noisette_antacosti,PAI-est,1,49.78035274222222,-64.36078165111111,0.5,2023-08-16,9999,9999,9999,0.23006074074074073,23.570370370370373,23.570370370370373,NA,23,23,23,0,1,0.23006074074074073,biomass,"c(-64.3607816511111, 49.7803527422222)",Gulf of St. Lawrence - Eastern Scotian Shelf,Cold Temperate Northwest Atlantic,Temperate Northern Atlantic,0.17022388110402317,9.231301278884365e-4,9.231301278884365e-4,0.1571950818752862,9.22704305311581e-4,9.22704305311581e-4
noisette_antacosti,PAI_est,1,49.781426,-64.358808,0.5,2021-09-01,9999,9999,9999,0.9516637411666671,22.888888888888932,22.888888888888932,NA,23,23,23,0,1,0.9516637411666671,biomass,"c(-64.358808, 49.781426)",Gulf of St. Lawrence - Eastern Scotian Shelf,Cold Temperate Northwest Atlantic,Temperate Northern Atlantic,0.7041440230339885,0.0038185979418365007,0.0038185979418365007,0.5330629453953151,0.0038113256042587853,0.0038113256042587853
noisette_antacosti,PAI_est,2,49.781177,-64.357998,0.5,2022-07-02,9999,9999,9999,0.3478222222222223,11.555555555555534,11.555555555555534,NA,23,23,23,0,1,0.3478222222222223,biomass,"c(-64.357998, 49.781177)",Gulf of St. Lawrence - Eastern Scotian Shelf,Cold Temperate Northwest Atlantic,Temperate Northern Atlantic,0.25735659378587666,0.0013956539105656296,0.0013956539105656296,0.22901157576168202,0.0013946808908739678,0.0013946808908739678
noisette_antacosti,PAI_ouest,1,49.777856,-64.36682,0.5,2022-06-29,9999,9999,9999,0.15644444444444489,3.466666666666669,3.466666666666669,NA,23,23,23,0,1,0.15644444444444489,biomass,"c(-64.36682, 49.777856)",Gulf of St. Lawrence - Eastern Scotian Shelf,Cold Temperate Northwest Atlantic,Temperate Northern Atlantic,0.11575456301128138,6.277410893420686e-4,6.277410893420686e-4,0.10953091415480287,6.275441423212727e-4,6.275441423212727e-4
noisette_antacosti,PB_est,1,49.783542,-64.399317,0.5,2022-06-30,9999,9999,9999,0.9848888888888887,5.155555555555558,5.155555555555558,NA,23,23,23,0,1,0.9848888888888887,biomass,"c(-64.399317, 49.783542)",Gulf of St. Lawrence - Eastern Scotian Shelf,Cold Temperate Northwest Atlantic,Temperate Northern Atlantic,0.7287275898664738,0.0039519154942671015,0.0039519154942671015,0.5473856407119251,0.003944127188637358,0.003944127188637358
noisette_antacosti,PB_est,2,49.78368570111111,-64.39851098,0.5,2023-08-24,9999,9999,9999,0.9650177777777774,24.770370370370365,24.770370370370365,NA,23,23,23,0,1,0.9650177777777774,biomass,"c(-64.39851098, 49.7836857011111)",Gulf of St. Lawrence - Eastern Scotian Shelf,Cold Temperate Northwest Atlantic,Temperate Northern Atlantic,0.7140247872748987,0.003872181675788454,0.003872181675788454,0.538844281724986,0.0038647040771876205,0.0038647040771876205
noisette_antacosti,PB_ouest_1,1,49.783606,-64.407798,0.5,2021-09-01,9999,9999,9999,1.1833854166666702,9.33333333333333,9.33333333333333,NA,23,23,23,0,1,1.1833854166666702,biomass,"c(-64.407798, 49.783606)",Gulf of St. Lawrence - Eastern Scotian Shelf,Cold Temperate Northwest Atlantic,Temperate Northern Atlantic,0.8755968437653114,0.004748392652790242,0.004748392652790242,0.6289269254452028,0.004737154597489019,0.004737154597489019
noisette_antacosti,PO,1,49.866069,-64.529267,0.5,2021-09-01,9999,9999,9999,0,22.66666666666663,22.66666666666663,NA,23,23,23,0,1,0,biomass,"c(-64.529267, 49.866069)",Gulf of St. Lawrence - Eastern Scotian Shelf,Cold Temperate Northwest Atlantic,Temperate Northern Atlantic,0,0,0,0,0,0
noisette_antacosti,PS,1,49.917103,-64.429945,0.5,2021-09-01,9999,9999,9999,1.0033333333333327,15.111111111111109,15.111111111111109,NA,23,23,23,0,1,1.0033333333333327,biomass,"c(-64.429945, 49.917103)",Gulf of St. Lawrence - Eastern Scotian Shelf,Cold Temperate Northwest Atlantic,Temperate Northern Atlantic,0.7423747897669513,0.004025924742016236,0.004025924742016236,0.5552490044090074,0.004017842392360866,0.004017842392360866
noisette_antacosti,PS,2,49.91710299,-64.429945,0.5,2023-08-20,9999,9999,9999,1.1096827586206883,18.206896551724178,18.206896551724178,NA,23,23,23,0,1,1.1096827586206883,biomass,"c(-64.429945, 49.91710299)",Gulf of St. Lawrence - Eastern Scotian Shelf,Cold Temperate Northwest Atlantic,Temperate Northern Atlantic,0.8210636258860908,0.004452657083441723,0.004452657083441723,0.5994207402153061,0.004442773334326716,0.004442773334326716
noisette_antacosti,PSO,1,49.394833,-63.592408,0.5,2021-09-01,9999,9999,9999,0,17.138888888888914,17.138888888888914,NA,23,23,23,0,1,0,biomass,"c(-63.592408, 49.394833)",Gulf of St. Lawrence - Eastern Scotian Shelf,Cold Temperate Northwest Atlantic,Temperate Northern Atlantic,0,0,0,0,0,0
noisette_antacosti,RL,1,49.603247,-63.797609,0.5,2021-09-01,9999,9999,9999,0,7.583333333333339,7.583333333333339,NA,23,23,23,0,1,0,biomass,"c(-63.797609, 49.603247)",Gulf of St. Lawrence - Eastern Scotian Shelf,Cold Temperate Northwest Atlantic,Temperate Northern Atlantic,0,0,0,0,0,0
nova_scotia_kelp,Coachmans Ledge,1,44.49351453,-64.17671478,1,2000-08-15,3.5,3.5,3.5,NA,NA,NA,0,0,0,0,92,4,0,percent_cover,"c(-64.17671478, 44.49351453)",Scotian Shelf,Cold Temperate Northwest Atlantic,Temperate Northern Atlantic,0,0,0,0,0,0
nova_scotia_kelp,Coachmans Ledge,2,44.49351453,-64.17671478,1,2007-08-15,3.5,3.5,3.5,NA,NA,NA,67.8,0,0,0,92,4,67.8,percent_cover,"c(-64.17671478, 44.49351453)",Scotian Shelf,Cold Temperate Northwest Atlantic,Temperate Northern Atlantic,0.7294337747393298,0.2720508613043531,0.2720508613043531,0.5477940570975224,0.24063044942070388,0.24063044942070388
nova_scotia_kelp,Coachmans Ledge,3,44.49351453,-64.17671478,1,2014-08-15,3.5,3.5,3.5,NA,NA,NA,0.534188,0,0,0,92,4,0.534188,percent_cover,"c(-64.17671478, 44.49351453)",Scotian Shelf,Cold Temperate Northwest Atlantic,Temperate Northern Atlantic,0.005747120490567156,0.0021434558333104686,0.0021434558333104686,0.005730668796749015,0.002141161909220898,0.002141161909220898
nova_scotia_kelp,Coachmans Ledge,4,44.49351453,-64.17671478,1,2022-08-15,3.5,3.5,3.5,NA,NA,NA,29.675,0,0,0,92,4,29.675,percent_cover,"c(-64.17671478, 44.49351453)",Scotian Shelf,Cold Temperate Northwest Atlantic,Temperate Northern Atlantic,0.319261759076543,0.11907240869036399,0.11907240869036399,0.2770723067196995,0.11250013562803676,0.11250013562803676
nova_scotia_kelp,Cross Is,1,44.31748417,-64.17390727,1,2000-08-15,3.5,3.5,3.5,NA,NA,NA,37.9,0,0,0,92,4,37.9,percent_cover,"c(-64.17390727, 44.31748417)",Scotian Shelf,Cold Temperate Northwest Atlantic,Temperate Northern Atlantic,0.407751328357236,0.15207562895921803,0.15207562895921803,0.34199362875522576,0.14156521025703356,0.14156521025703356
nova_scotia_kelp,Cross Is,2,44.31748417,-64.17390727,1,2007-08-15,3.5,3.5,3.5,NA,NA,NA,73.3,0,0,0,92,4,73.3,percent_cover,"c(-64.17390727, 44.31748417)",Scotian Shelf,Cold Temperate Northwest Atlantic,Temperate Northern Atlantic,0.7886061310972401,0.29411988397653516,0.29411988397653516,0.581436618799077,0.2578308378279284,0.2578308378279284
nova_scotia_kelp,Cross Is,3,44.31748417,-64.17390727,1,2014-08-15,3.5,3.5,3.5,NA,NA,NA,44.4942044,0,0,0,92,4,44.4942044,percent_cover,"c(-64.17390727, 44.31748417)",Scotian Shelf,Cold Temperate Northwest Atlantic,Temperate Northern Atlantic,0.4786958033851814,0.17853520103350942,0.17853520103350942,0.3911604853498484,0.1642723123018162,0.1642723123018162
nova_scotia_kelp,Cross Is,4,44.31748417,-64.17390727,1,2022-08-15,3.5,3.5,3.5,NA,NA,NA,74.35000000000001,0,0,0,92,4,74.35000000000001,percent_cover,"c(-64.17390727, 44.31748417)",Scotian Shelf,Cold Temperate Northwest Atlantic,Temperate Northern Atlantic,0.7999026718564777,0.2983330610321336,0.2983330610321336,0.5877325922493737,0.2610811809232322,0.2610811809232322
nova_scotia_kelp,E Ironbound Is,1,44.43843311,-64.09592455,1,2000-08-15,3.5,3.5,3.5,NA,NA,NA,0.6,0,0,0,92,4,0.6,percent_cover,"c(-64.09592455, 44.43843311)",Scotian Shelf,Cold Temperate Northwest Atlantic,Temperate Northern Atlantic,0.006455166148135663,0.0024075297460562223,0.0024075297460562223,0.006434420791757145,0.002404636289441823,0.002404636289441823
nova_scotia_kelp,E Ironbound Is,2,44.43843311,-64.09592455,1,2007-08-15,3.5,3.5,3.5,NA,NA,NA,15.9,0,0,0,92,4,15.9,percent_cover,"c(-64.09592455, 44.43843311)",Scotian Shelf,Cold Temperate Northwest Atlantic,Temperate Northern Atlantic,0.17106190292559506,0.06379953827048988,0.06379953827048988,0.15791094651947118,0.061846969288093405,0.061846969288093405
nova_scotia_kelp,E Ironbound Is,3,44.43843311,-64.09592455,1,2014-08-15,3.5,3.5,3.5,NA,NA,NA,11.3942308,0,0,0,92,4,11.3942308,percent_cover,"c(-64.09592455, 44.43843311)",Scotian Shelf,Cold Temperate Northwest Atlantic,Temperate Northern Atlantic,0.12258608824034123,0.04571991597404998,0.04571991597404998,0.1156350310033717,0.04470556303160242,0.04470556303160242
nova_scotia_kelp,E Ironbound Is,4,44.43843311,-64.09592455,1,2022-08-15,3.5,3.5,3.5,NA,NA,NA,0.5,0,0,0,92,4,0.5,percent_cover,"c(-64.09592455, 44.43843311)",Scotian Shelf,Cold Temperate Northwest Atlantic,Temperate Northern Atlantic,0.005379305123446386,0.002006274788380185,0.002006274788380185,0.005364888340048349,0.0020042649069176833,0.0020042649069176833
nova_scotia_kelp,E Spectacle Is,1,44.24974658,-64.33058306,1,2000-08-15,3.5,3.5,3.5,NA,NA,NA,0.6,0,0,0,92,4,0.6,percent_cover,"c(-64.33058306, 44.24974658)",Scotian Shelf,Cold Temperate Northwest Atlantic,Temperate Northern Atlantic,0.006455166148135663,0.0024075297460562223,0.0024075297460562223,0.006434420791757145,0.002404636289441823,0.002404636289441823
nova_scotia_kelp,E Spectacle Is,2,44.24974658,-64.33058306,1,2007-08-15,3.5,3.5,3.5,NA,NA,NA,9.9,0,0,0,92,4,9.9,percent_cover,"c(-64.33058306, 44.24974658)",Scotian Shelf,Cold Temperate Northwest Atlantic,Temperate Northern Atlantic,0.10651024144423844,0.03972424080992767,0.03972424080992767,0.10121113617714882,0.03895552492661426,0.03895552492661426
nova_scotia_kelp,E Spectacle Is,3,44.24974658,-64.33058306,1,2014-08-15,3.5,3.5,3.5,NA,NA,NA,17.3798077,0,0,0,92,4,17.3798077,percent_cover,"c(-64.33058306, 44.24974658)",Scotian Shelf,Cold Temperate Northwest Atlantic,Temperate Northern Atlantic,0.1869825772102459,0.06973734003081163,0.06973734003081163,0.17141443751664528,0.0674131417327829,0.0674131417327829
nova_scotia_kelp,E Spectacle Is,4,44.24974658,-64.33058306,1,2022-08-15,3.5,3.5,3.5,NA,NA,NA,21.167857142857173,0,0,0,92,4,21.167857142857173,percent_cover,"c(-64.33058306, 44.24974658)",Scotian Shelf,Cold Temperate Northwest Atlantic,Temperate Northern Atlantic,0.2277367247619055,0.08493707621949553,0.08493707621949553,0.20517241322301186,0.08152199104294436,0.08152199104294436
nova_scotia_kelp,Feltzen South,1,44.33160902,-64.28214228,1,2000-08-15,3.5,3.5,3.5,NA,NA,NA,0.3,0,0,0,92,4,0.3,percent_cover,"c(-64.28214228, 44.33160902)",Scotian Shelf,Cold Temperate Northwest Atlantic,Temperate Northern Atlantic,0.0032275830740678313,0.0012037648730281111,0.0012037648730281111,0.0032223856083166327,0.0012030409290073349,0.0012030409290073349
nova_scotia_kelp,Feltzen South,2,44.33160902,-64.28214228,1,2007-08-15,3.5,3.5,3.5,NA,NA,NA,15.3,0,0,0,92,4,15.3,percent_cover,"c(-64.28214228, 44.33160902)",Scotian Shelf,Cold Temperate Northwest Atlantic,Temperate Northern Atlantic,0.1646067367774594,0.06139200852443367,0.06139200852443367,0.15238346503188605,0.05958126219962524,0.05958126219962524
nova_scotia_kelp,Feltzen South,3,44.33160902,-64.28214228,1,2014-08-15,3.5,3.5,3.5,NA,NA,NA,17.742674,0,0,0,92,4,17.742674,percent_cover,"c(-64.28214228, 44.33160902)",Scotian Shelf,Cold Temperate Northwest Atlantic,Temperate Northern Atlantic,0.19088651430367795,0.07119335904929723,0.07119335904929723,0.1746979997741136,0.06877331583238333,0.06877331583238333
nova_scotia_kelp,Feltzen South,4,44.33160902,-64.28214228,1,2022-08-15,3.5,3.5,3.5,NA,NA,NA,29,0,0,0,92,4,29,percent_cover,"c(-64.28214228, 44.33160902)",Scotian Shelf,Cold Temperate Northwest Atlantic,Temperate Northern Atlantic,0.31199969715989034,0.11636393772605073,0.11636393772605073,0.2715524596986164,0.11007691987063493,0.11007691987063493
nova_scotia_kelp,Flat Is,1,44.42854791,-64.12988601,1,2000-08-15,3.5,3.5,3.5,NA,NA,NA,1.5,0,0,0,92,4,1.5,percent_cover,"c(-64.12988601, 44.42854791)",Scotian Shelf,Cold Temperate Northwest Atlantic,Temperate Northern Atlantic,0.016137915370339158,0.006018824365140556,0.006018824365140556,0.016009083418721606,0.006000783595063385,0.006000783595063385
nova_scotia_kelp,Flat Is,2,44.42854791,-64.12988601,1,2007-08-15,3.5,3.5,3.5,NA,NA,NA,9,0,0,0,92,4,9,percent_cover,"c(-64.12988601, 44.42854791)",Scotian Shelf,Cold Temperate Northwest Atlantic,Temperate Northern Atlantic,0.09682749222203495,0.036112946190843334,0.036112946190843334,0.09242191479977752,0.03547615931462122,0.03547615931462122
nova_scotia_kelp,Flat Is,3,44.42854791,-64.12988601,1,2014-08-15,3.5,3.5,3.5,NA,NA,NA,4.2067308,0,0,0,92,4,4.2067308,percent_cover,"c(-64.12988601, 44.42854791)",Scotian Shelf,Cold Temperate Northwest Atlantic,Temperate Northern Atlantic,0.045258577090799425,0.016879715891084814,0.016879715891084814,0.044264297000156785,0.01673883661147199,0.01673883661147199
nova_scotia_kelp,Flat Is,4,44.42854791,-64.12988601,1,2022-08-15,3.5,3.5,3.5,NA,NA,NA,2.95,0,0,0,92,4,2.95,percent_cover,"c(-64.12988601, 44.42854791)",Scotian Shelf,Cold Temperate Northwest Atlantic,Temperate Northern Atlantic,0.03173790022833368,0.011837021251443093,0.011837021251443093,0.031244662155893266,0.011767511701716865,0.011767511701716865
nova_scotia_kelp,Gill Cove,1,44.48522,-63.53436,1,2000-08-15,3.5,3.5,3.5,NA,NA,NA,25.6,0,0,0,92,4,25.6,percent_cover,"c(-63.53436, 44.48522)",Scotian Shelf,Cold Temperate Northwest Atlantic,Temperate Northern Atlantic,0.27542042232045494,0.10272126916506549,0.10272126916506549,0.24327586725355102,0.09778100585717196,0.09778100585717196
nova_scotia_kelp,Gill Cove,2,44.48522,-63.53436,1,2007-08-15,3.5,3.5,3.5,NA,NA,NA,76.7,0,0,0,92,4,76.7,percent_cover,"c(-63.53436, 44.48522)",Scotian Shelf,Cold Temperate Northwest Atlantic,Temperate Northern Atlantic,0.8251854059366756,0.30776255253752044,0.30776255253752044,0.6016815741683761,0.26831770179833114,0.26831770179833114
nova_scotia_kelp,Gill Cove,3,44.48522,-63.53436,1,2014-08-15,3.5,3.5,3.5,NA,NA,NA,28.9423077,0,0,0,92,4,28.9423077,percent_cover,"c(-63.53436, 44.48522)",Scotian Shelf,Cold Temperate Northwest Atlantic,Temperate Northern Atlantic,0.3113790081899436,0.11613244451210342,0.11613244451210342,0.27107926154368506,0.10986953479568584,0.10986953479568584
nova_scotia_kelp,Gill Cove,4,44.48522,-63.53436,1,2022-08-15,3.5,3.5,3.5,NA,NA,NA,21.78690476190477,0,0,0,92,4,21.78690476190477,percent_cover,"c(-63.53436, 44.48522)",Scotian Shelf,Cold Temperate Northwest Atlantic,Temperate Northern Atlantic,0.23439681681950555,0.08742103548129948,0.08742103548129948,0.21058244333658183,0.08380887029271339,0.08380887029271339
nova_scotia_kelp,Grassy Is,1,44.44524131,-64.14167508,1,2000-08-15,3.5,3.5,3.5,NA,NA,NA,0.5,0,0,0,92,4,0.5,percent_cover,"c(-64.14167508, 44.44524131)",Scotian Shelf,Cold Temperate Northwest Atlantic,Temperate Northern Atlantic,0.005379305123446386,0.002006274788380185,0.002006274788380185,0.005364888340048349,0.0020042649069176833,0.0020042649069176833
nova_scotia_kelp,Grassy Is,2,44.44524131,-64.14167508,1,2007-08-15,3.5,3.5,3.5,NA,NA,NA,35.6,0,0,0,92,4,35.6,percent_cover,"c(-64.14167508, 44.44524131)",Scotian Shelf,Cold Temperate Northwest Atlantic,Temperate Northern Atlantic,0.3830065247893827,0.14284676493266918,0.14284676493266918,0.32425977052354027,0.13352231189937855,0.13352231189937855
nova_scotia_kelp,Grassy Is,3,44.44524131,-64.14167508,1,2022-08-15,3.5,3.5,3.5,NA,NA,NA,1.075,0,0,0,92,4,1.075,percent_cover,"c(-64.14167508, 44.44524131)",Scotian Shelf,Cold Temperate Northwest Atlantic,Temperate Northern Atlantic,0.011565506015409729,0.004313490795017398,0.004313490795017398,0.011499136789652345,0.004304214359909407,0.004304214359909407
nova_scotia_kelp,Graves Shoal,1,44.54773832,-64.19553526,1,2000-08-15,3.5,3.5,3.5,NA,NA,NA,28.2,0,0,0,92,4,28.2,percent_cover,"c(-64.19553526, 44.54773832)",Scotian Shelf,Cold Temperate Northwest Atlantic,Temperate Northern Atlantic,0.30339280896237614,0.11315389806464245,0.11315389806464245,0.2649707177629582,0.10719733592829973,0.10719733592829973
nova_scotia_kelp,Graves Shoal,2,44.54773832,-64.19553526,1,2007-08-15,3.5,3.5,3.5,NA,NA,NA,27.2,0,0,0,92,4,27.2,percent_cover,"c(-64.19553526, 44.54773832)",Scotian Shelf,Cold Temperate Northwest Atlantic,Temperate Northern Atlantic,0.29263419871548335,0.10914134848788207,0.10914134848788207,0.2566821508040217,0.10358615605155252,0.10358615605155252
nova_scotia_kelp,Graves Shoal,3,44.54773832,-64.19553526,1,2022-08-15,3.5,3.5,3.5,NA,NA,NA,9.35,0,0,0,92,4,9.35,percent_cover,"c(-64.19553526, 44.54773832)",Scotian Shelf,Cold Temperate Northwest Atlantic,Temperate Northern Atlantic,0.1005930058084474,0.03751733854270946,0.03751733854270946,0.09584913073367554,0.036830684831469576,0.036830684831469576
nova_scotia_kelp,Kelley Ledge,1,44.47746009,-63.77083847,1,2000-08-15,3.5,3.5,3.5,NA,NA,NA,2.2,0,0,0,92,4,2.2,percent_cover,"c(-63.77083847, 44.47746009)",Scotian Shelf,Cold Temperate Northwest Atlantic,Temperate Northern Atlantic,0.0236689425431641,0.008827609068872816,0.008827609068872816,0.023393176047463556,0.008788873522531961,0.008788873522531961
nova_scotia_kelp,Kelley Ledge,2,44.47746009,-63.77083847,1,2007-08-15,3.5,3.5,3.5,NA,NA,NA,11.6,0,0,0,92,4,11.6,percent_cover,"c(-63.77083847, 44.47746009)",Scotian Shelf,Cold Temperate Northwest Atlantic,Temperate Northern Atlantic,0.12479987886395615,0.046545575090420295,0.046545575090420295,0.11760513437862831,0.045494811970378066,0.045494811970378066
nova_scotia_kelp,Kelley Ledge,3,44.47746009,-63.77083847,1,2022-08-15,3.5,3.5,3.5,NA,NA,NA,2.68939393939394,0,0,0,92,4,2.68939393939394,percent_cover,"c(-63.77083847, 44.47746009)",Scotian Shelf,Cold Temperate Northwest Atlantic,Temperate Northern Atlantic,0.02893414119429496,0.010791326513257059,0.010791326513257059,0.028523452077017935,0.01073351568113449,0.01073351568113449
nova_scotia_kelp,Little Duck,1,44.36424983,-64.18272067,1,2000-08-15,3.5,3.5,3.5,NA,NA,NA,3.9,0,0,0,92,4,3.9,percent_cover,"c(-64.18272067, 44.36424983)",Scotian Shelf,Cold Temperate Northwest Atlantic,Temperate Northern Atlantic,0.041958579962881805,0.015648943349365445,0.015648943349365445,0.04110219202563405,0.015527761248223932,0.015527761248223932
nova_scotia_kelp,Little Duck,2,44.36424983,-64.18272067,1,2007-08-15,3.5,3.5,3.5,NA,NA,NA,5.4,0,0,0,92,4,5.4,percent_cover,"c(-64.18272067, 44.36424983)",Scotian Shelf,Cold Temperate Northwest Atlantic,Temperate Northern Atlantic,0.05809649533322097,0.021667767714506,0.021667767714506,0.05647153469606977,0.021436358417206407,0.021436358417206407
nova_scotia_kelp,Little Duck,3,44.36424983,-64.18272067,1,2014-08-15,3.5,3.5,3.5,NA,NA,NA,3.6778846,0,0,0,92,4,3.6778846,percent_cover,"c(-64.18272067, 44.36424983)",Scotian Shelf,Cold Temperate Northwest Atlantic,Temperate Northern Atlantic,0.03956892694444912,0.014757694295103485,0.014757694295103485,0.03880613390453418,0.014649859162031794,0.014649859162031794
nova_scotia_kelp,Little Duck,4,44.36424983,-64.18272067,1,2022-08-15,3.5,3.5,3.5,NA,NA,NA,9.788095238095234,0,0,0,92,4,9.788095238095234,percent_cover,"c(-64.18272067, 44.36424983)",Scotian Shelf,Cold Temperate Northwest Atlantic,Temperate Northern Atlantic,0.10530630172613373,0.03927521740490923,0.03927521740490923,0.10012249269021424,0.038523563859740276,0.038523563859740276
nova_scotia_kelp,Little Tancook Is,1,44.47488785,-64.1373325,1,2000-08-15,3.5,3.5,3.5,NA,NA,NA,0,0,0,0,92,4,0,percent_cover,"c(-64.1373325, 44.47488785)",Scotian Shelf,Cold Temperate Northwest Atlantic,Temperate Northern Atlantic,0,0,0,0,0,0
nova_scotia_kelp,Little Tancook Is,2,44.47488785,-64.1373325,1,2007-08-15,3.5,3.5,3.5,NA,NA,NA,29.4,0,0,0,92,4,29.4,percent_cover,"c(-64.1373325, 44.47488785)",Scotian Shelf,Cold Temperate Northwest Atlantic,Temperate Northern Atlantic,0.31630314125864745,0.11796895755675488,0.11796895755675488,0.2748271568770144,0.11151360829800927,0.11151360829800927
nova_scotia_kelp,Little Tancook Is,3,44.47488785,-64.1373325,1,2014-08-15,3.5,3.5,3.5,NA,NA,NA,2.8846154,0,0,0,92,4,2.8846154,percent_cover,"c(-64.1373325, 44.47488785)",Scotian Shelf,Cold Temperate Northwest Atlantic,Temperate Northern Atlantic,0.03103445280078469,0.011574662302386447,0.011574662302386447,0.03056262135407114,0.0115081883493221,0.0115081883493221
nova_scotia_kelp,Little Tancook Is,4,44.47488785,-64.1373325,1,2022-08-15,3.5,3.5,3.5,NA,NA,NA,25.35,0,0,0,92,4,25.35,percent_cover,"c(-64.1373325, 44.47488785)",Scotian Shelf,Cold Temperate Northwest Atlantic,Temperate Northern Atlantic,0.2727307697587318,0.1017181317708754,0.1017181317708754,0.24116480448068822,0.0968708992214393,0.0968708992214393
nova_scotia_kelp,Luke Is,1,44.57911606,-63.94153048,1,2000-08-15,3.5,3.5,3.5,NA,NA,NA,0,0,0,0,92,4,0,percent_cover,"c(-63.94153048, 44.57911606)",Scotian Shelf,Cold Temperate Northwest Atlantic,Temperate Northern Atlantic,0,0,0,0,0,0
nova_scotia_kelp,Luke Is,2,44.57911606,-63.94153048,1,2007-08-15,3.5,3.5,3.5,NA,NA,NA,14.2,0,0,0,92,4,14.2,percent_cover,"c(-63.94153048, 44.57911606)",Scotian Shelf,Cold Temperate Northwest Atlantic,Temperate Northern Atlantic,0.15277226550587733,0.056978203989997256,0.056978203989997256,0.14216970703926882,0.0554140860416204,0.0554140860416204
nova_scotia_kelp,Luke Is,3,44.57911606,-63.94153048,1,2014-08-15,3.5,3.5,3.5,NA,NA,NA,0.0274725,0,0,0,92,4,0.0274725,percent_cover,"c(-63.94153048, 44.57911606)",Scotian Shelf,Cold Temperate Northwest Atlantic,Temperate Northern Atlantic,2.9556592000776167e-4,1.1023476824754928e-4,1.1023476824754928e-4,2.955222490060384e-4,1.1022869284197473e-4,1.1022869284197473e-4
nova_scotia_kelp,Luke Is,4,44.57911606,-63.94153048,1,2022-08-15,3.5,3.5,3.5,NA,NA,NA,1.875,0,0,0,92,4,1.875,percent_cover,"c(-63.94153048, 44.57911606)",Scotian Shelf,Cold Temperate Northwest Atlantic,Temperate Northern Atlantic,0.020172394212923946,0.007523530456425695,0.007523530456425695,0.019971626949173014,0.007495369857708004,0.007495369857708004
nova_scotia_kelp,Lynch Is,1,44.51511503,-64.21115208,1,2000-08-15,3.5,3.5,3.5,NA,NA,NA,0,0,0,0,92,4,0,percent_cover,"c(-64.21115208, 44.51511503)",Scotian Shelf,Cold Temperate Northwest Atlantic,Temperate Northern Atlantic,0,0,0,0,0,0
nova_scotia_kelp,Lynch Is,2,44.51511503,-64.21115208,1,2007-08-15,3.5,3.5,3.5,NA,NA,NA,29.2,0,0,0,92,4,29.2,percent_cover,"c(-64.21115208, 44.51511503)",Scotian Shelf,Cold Temperate Northwest Atlantic,Temperate Northern Atlantic,0.3141514192092689,0.11716644764140281,0.11716644764140281,0.27319114874241773,0.11079552209350448,0.11079552209350448
nova_scotia_kelp,Lynch Is,3,44.51511503,-64.21115208,1,2022-08-15,3.5,3.5,3.5,NA,NA,NA,0.125,0,0,0,92,4,0.125,percent_cover,"c(-64.21115208, 44.51511503)",Scotian Shelf,Cold Temperate Northwest Atlantic,Temperate Northern Atlantic,0.0013448262808615965,5.015686970950463e-4,5.015686970950463e-4,0.0013439228119138192,5.014429535603603e-4,5.014429535603603e-4
nova_scotia_kelp,Mill Cove B,1,44.5798473,-64.05098297,1,2000-08-15,3.5,3.5,3.5,NA,NA,NA,0.2,0,0,0,92,4,0.2,percent_cover,"c(-64.05098297, 44.5798473)",Scotian Shelf,Cold Temperate Northwest Atlantic,Temperate Northern Atlantic,0.002151722049378554,8.025099153520742e-4,8.025099153520742e-4,0.0021494104108980474,8.021880764444479e-4,8.021880764444479e-4
nova_scotia_kelp,Mill Cove B,2,44.5798473,-64.05098297,1,2007-08-15,3.5,3.5,3.5,NA,NA,NA,6,0,0,0,92,4,6,percent_cover,"c(-64.05098297, 44.5798473)",Scotian Shelf,Cold Temperate Northwest Atlantic,Temperate Northern Atlantic,0.06455166148135663,0.024075297460562223,0.024075297460562223,0.06255373539160365,0.023790056590251647,0.023790056590251647
nova_scotia_kelp,Mill Cove B,3,44.5798473,-64.05098297,1,2022-08-15,3.5,3.5,3.5,NA,NA,NA,1.75,0,0,0,92,4,1.75,percent_cover,"c(-64.05098297, 44.5798473)",Scotian Shelf,Cold Temperate Northwest Atlantic,Temperate Northern Atlantic,0.01882756793206235,0.007021961759330648,0.007021961759330648,0.018652522975820752,0.006997422594271311,0.006997422594271311
nova_scotia_kelp,Ovens,1,44.32544899,-64.25922339,1,2000-08-15,3.5,3.5,3.5,NA,NA,NA,5.1,0,0,0,92,4,5.1,percent_cover,"c(-64.25922339, 44.32544899)",Scotian Shelf,Cold Temperate Northwest Atlantic,Temperate Northern Atlantic,0.05486891225915313,0.020464002841477886,0.020464002841477886,0.0534165054250957,0.020257428604930912,0.020257428604930912
nova_scotia_kelp,Ovens,2,44.32544899,-64.25922339,1,2007-08-15,3.5,3.5,3.5,NA,NA,NA,1.5,0,0,0,92,4,1.5,percent_cover,"c(-64.25922339, 44.32544899)",Scotian Shelf,Cold Temperate Northwest Atlantic,Temperate Northern Atlantic,0.016137915370339158,0.006018824365140556,0.006018824365140556,0.016009083418721606,0.006000783595063385,0.006000783595063385
nova_scotia_kelp,Ovens,3,44.32544899,-64.25922339,1,2014-08-15,3.5,3.5,3.5,NA,NA,NA,6.6586538,0,0,0,92,4,6.6586538,percent_cover,"c(-64.25922339, 44.32544899)",Scotian Shelf,Cold Temperate Northwest Atlantic,Temperate Northern Atlantic,0.07163786100319149,0.02671817848698383,0.02671817848698383,0.06918818934748834,0.026367480909666174,0.026367480909666174
nova_scotia_kelp,Ovens,4,44.32544899,-64.25922339,1,2022-08-15,3.5,3.5,3.5,NA,NA,NA,11.325,0,0,0,92,4,11.325,percent_cover,"c(-64.25922339, 44.32544899)",Scotian Shelf,Cold Temperate Northwest Atlantic,Temperate Northern Atlantic,0.12184126104606062,0.045442123956811194,0.045442123956811194,0.11497131852289443,0.044439881067633726,0.044439881067633726
nova_scotia_kelp,Pennant Is,1,44.45579262,-63.66071502,1,2000-08-15,3.5,3.5,3.5,NA,NA,NA,4.4,0,0,0,92,4,4.4,percent_cover,"c(-63.66071502, 44.45579262)",Scotian Shelf,Cold Temperate Northwest Atlantic,Temperate Northern Atlantic,0.0473378850863282,0.01765521813774563,0.01765521813774563,0.04625159719629092,0.01750117523859285,0.01750117523859285
nova_scotia_kelp,Pennant Is,2,44.45579262,-63.66071502,1,2007-08-15,3.5,3.5,3.5,NA,NA,NA,10.6,0,0,0,92,4,10.6,percent_cover,"c(-63.66071502, 44.45579262)",Scotian Shelf,Cold Temperate Northwest Atlantic,Temperate Northern Atlantic,0.11404126861706337,0.04253302551365992,0.04253302551365992,0.10799418625614723,0.041653353338839565,0.041653353338839565
nova_scotia_kelp,Pennant Is,3,44.45579262,-63.66071502,1,2022-08-15,3.5,3.5,3.5,NA,NA,NA,1.85,0,0,0,92,4,1.85,percent_cover,"c(-63.66071502, 44.45579262)",Scotian Shelf,Cold Temperate Northwest Atlantic,Temperate Northern Atlantic,0.019903428956751627,0.007423216717006686,0.007423216717006686,0.01970794532060222,0.007395800239163519,0.007395800239163519
nova_scotia_kelp,Pt Enrage,1,44.27128069,-64.24709905,1,2000-08-15,3.5,3.5,3.5,NA,NA,NA,23.7,0,0,0,92,4,23.7,percent_cover,"c(-64.24709905, 44.27128069)",Scotian Shelf,Cold Temperate Northwest Atlantic,Temperate Northern Atlantic,0.2549790628513587,0.09509742496922077,0.09509742496922077,0.2271188894576194,0.09084333188527015,0.09084333188527015
nova_scotia_kelp,Pt Enrage,2,44.27128069,-64.24709905,1,2007-08-15,3.5,3.5,3.5,NA,NA,NA,0.9,0,0,0,92,4,0.9,percent_cover,"c(-64.24709905, 44.27128069)",Scotian Shelf,Cold Temperate Northwest Atlantic,Temperate Northern Atlantic,0.009682749222203494,0.0036112946190843334,0.0036112946190843334,0.009636171829402716,0.0036047895511119735,0.0036047895511119735
nova_scotia_kelp,Pt Enrage,3,44.27128069,-64.24709905,1,2014-08-15,3.5,3.5,3.5,NA,NA,NA,5.6009615,0,0,0,92,4,5.6009615,percent_cover,"c(-64.24709905, 44.27128069)",Scotian Shelf,Cold Temperate Northwest Atlantic,Temperate Northern Atlantic,0.06025856178635191,0.02247413569627613,0.02247413569627613,0.058512804592353376,0.022225313452325576,0.022225313452325576
nova_scotia_kelp,Pt Enrage,4,44.27128069,-64.24709905,1,2022-08-15,3.5,3.5,3.5,NA,NA,NA,3.2642857142857102,0,0,0,92,4,3.2642857142857102,percent_cover,"c(-64.24709905, 44.27128069)",Scotian Shelf,Cold Temperate Northwest Atlantic,Temperate Northern Atlantic,0.03511917773449993,0.01309810826128205,0.01309810826128205,0.034516567657925004,0.013013069798367015,0.013013069798367015
nova_scotia_kelp,Ringdove Shoal,1,44.596,-63.961,1,2000-08-15,3.5,3.5,3.5,NA,NA,NA,0,0,0,0,92,4,0,percent_cover,"c(-63.961, 44.596)",Scotian Shelf,Cold Temperate Northwest Atlantic,Temperate Northern Atlantic,0,0,0,0,0,0
nova_scotia_kelp,Ringdove Shoal,2,44.596,-63.961,1,2007-08-15,3.5,3.5,3.5,NA,NA,NA,3.2,0,0,0,92,4,3.2,percent_cover,"c(-63.961, 44.596)",Scotian Shelf,Cold Temperate Northwest Atlantic,Temperate Northern Atlantic,0.03442755279005687,0.012840158645633187,0.012840158645633187,0.033848184615406715,0.012758422733097397,0.012758422733097397
nova_scotia_kelp,Ringdove Shoal,3,44.596,-63.961,1,2022-08-15,3.5,3.5,3.5,NA,NA,NA,0,0,0,0,92,4,0,percent_cover,"c(-63.961, 44.596)",Scotian Shelf,Cold Temperate Northwest Atlantic,Temperate Northern Atlantic,0,0,0,0,0,0
nova_scotia_kelp,Rose Bay,1,44.29246059,-64.24751404,1,2000-08-15,3.5,3.5,3.5,NA,NA,NA,0.3,0,0,0,92,4,0.3,percent_cover,"c(-64.24751404, 44.29246059)",Scotian Shelf,Cold Temperate Northwest Atlantic,Temperate Northern Atlantic,0.0032275830740678313,0.0012037648730281111,0.0012037648730281111,0.0032223856083166327,0.0012030409290073349,0.0012030409290073349
nova_scotia_kelp,Rose Bay,2,44.29246059,-64.24751404,1,2007-08-15,3.5,3.5,3.5,NA,NA,NA,1.1,0,0,0,92,4,1.1,percent_cover,"c(-64.24751404, 44.29246059)",Scotian Shelf,Cold Temperate Northwest Atlantic,Temperate Northern Atlantic,0.01183447127158205,0.004413804534436408,0.004413804534436408,0.011764991549735215,0.004404092267414057,0.004404092267414057
nova_scotia_kelp,Rose Bay,3,44.29246059,-64.24751404,1,2014-08-15,3.5,3.5,3.5,NA,NA,NA,0.9134615,0,0,0,92,4,0.9134615,percent_cover,"c(-64.24751404, 44.29246059)",Scotian Shelf,Cold Temperate Northwest Atlantic,Temperate Northern Atlantic,0.009827576254042042,0.0036653095552118932,0.0036653095552118932,0.00977959969927767,0.003658608677014578,0.003658608677014578
nova_scotia_kelp,Rose Bay,4,44.29246059,-64.24751404,1,2022-08-15,3.5,3.5,3.5,NA,NA,NA,1.939285714285714,0,0,0,92,4,1.939285714285714,percent_cover,"c(-64.24751404, 44.29246059)",Scotian Shelf,Cold Temperate Northwest Atlantic,Temperate Northern Atlantic,0.02086401915736705,0.007781480072074574,0.007781480072074574,0.020649346333682355,0.007751360504989683,0.007751360504989683
nova_scotia_kelp,Sheep Ledge,1,44.50358723,-64.26728795,1,2000-08-15,3.5,3.5,3.5,NA,NA,NA,0,0,0,0,92,4,0,percent_cover,"c(-64.26728795, 44.50358723)",Scotian Shelf,Cold Temperate Northwest Atlantic,Temperate Northern Atlantic,0,0,0,0,0,0
nova_scotia_kelp,Sheep Ledge,2,44.50358723,-64.26728795,1,2007-08-15,3.5,3.5,3.5,NA,NA,NA,22.9,0,0,0,92,4,22.9,percent_cover,"c(-64.26728795, 44.50358723)",Scotian Shelf,Cold Temperate Northwest Atlantic,Temperate Northern Atlantic,0.24637217465384445,0.09188738530781247,0.09188738530781247,0.22023707131345896,0.08790774499726002,0.08790774499726002
nova_scotia_kelp,Sheep Ledge,3,44.50358723,-64.26728795,1,2014-08-15,3.5,3.5,3.5,NA,NA,NA,0.2884615,0,0,0,92,4,0.2884615,percent_cover,"c(-64.26728795, 44.50358723)",Scotian Shelf,Cold Temperate Northwest Atlantic,Temperate Northern Atlantic,0.003103444849734059,0.0011574660697366615,0.0011574660697366615,0.0030986391051080935,0.0011567967223335112,0.0011567967223335112
nova_scotia_kelp,Sheep Ledge,4,44.50358723,-64.26728795,1,2022-08-15,3.5,3.5,3.5,NA,NA,NA,6,0,0,0,92,4,6,percent_cover,"c(-64.26728795, 44.50358723)",Scotian Shelf,Cold Temperate Northwest Atlantic,Temperate Northern Atlantic,0.06455166148135663,0.024075297460562223,0.024075297460562223,0.06255373539160365,0.023790056590251647,0.023790056590251647
nova_scotia_kelp,Shut-in Is,1,44.54115995,-63.95357947,1,2000-08-15,3.5,3.5,3.5,NA,NA,NA,11.6,0,0,0,92,4,11.6,percent_cover,"c(-63.95357947, 44.54115995)",Scotian Shelf,Cold Temperate Northwest Atlantic,Temperate Northern Atlantic,0.12479987886395615,0.046545575090420295,0.046545575090420295,0.11760513437862831,0.045494811970378066,0.045494811970378066
nova_scotia_kelp,Shut-in Is,2,44.54115995,-63.95357947,1,2007-08-15,3.5,3.5,3.5,NA,NA,NA,42.2,0,0,0,92,4,42.2,percent_cover,"c(-63.95357947, 44.54115995)",Scotian Shelf,Cold Temperate Northwest Atlantic,Temperate Northern Atlantic,0.45401335241887497,0.16932959213928764,0.16932959213928764,0.37432756230085046,0.15643058641192625,0.15643058641192625
nova_scotia_kelp,Shut-in Is,3,44.54115995,-63.95357947,1,2014-08-15,3.5,3.5,3.5,NA,NA,NA,4.5192308,0,0,0,92,4,4.5192308,percent_cover,"c(-63.95357947, 44.54115995)",Scotian Shelf,Cold Temperate Northwest Atlantic,Temperate Northern Atlantic,0.04862064279295342,0.01813363763382243,0.01813363763382243,0.04747562701340822,0.017971184201975906,0.017971184201975906
nova_scotia_kelp,Shut-in Is,4,44.54115995,-63.95357947,1,2022-08-15,3.5,3.5,3.5,NA,NA,NA,1,0,0,0,92,4,1,percent_cover,"c(-63.95357947, 44.54115995)",Scotian Shelf,Cold Temperate Northwest Atlantic,Temperate Northern Atlantic,0.010758610246892772,0.00401254957676037,0.00401254957676037,0.010701148173637208,0.0040045207698650356,0.0040045207698650356
nova_scotia_kelp,Tilley Pt,1,44.53726455,-64.01674717,1,2000-08-15,3.5,3.5,3.5,NA,NA,NA,2.3,0,0,0,92,4,2.3,percent_cover,"c(-64.01674717, 44.53726455)",Scotian Shelf,Cold Temperate Northwest Atlantic,Temperate Northern Atlantic,0.02474480356785337,0.009228864026548851,0.009228864026548851,0.02444360946274225,0.009186538274052284,0.009186538274052284
nova_scotia_kelp,Tilley Pt,2,44.53726455,-64.01674717,1,2007-08-15,3.5,3.5,3.5,NA,NA,NA,24.8,0,0,0,92,4,24.8,percent_cover,"c(-64.01674717, 44.53726455)",Scotian Shelf,Cold Temperate Northwest Atlantic,Temperate Northern Atlantic,0.26681353412294073,0.09951122950365719,0.09951122950365719,0.23650471933457687,0.09486574424261283,0.09486574424261283
nova_scotia_kelp,Tilley Pt,3,44.53726455,-64.01674717,1,2014-08-15,3.5,3.5,3.5,NA,NA,NA,0.3365385,0,0,0,92,4,0.3365385,percent_cover,"c(-64.01674717, 44.53726455)",Scotian Shelf,Cold Temperate Northwest Atlantic,Temperate Northern Atlantic,0.003620686554573923,0.00135037741573857,0.00135037741573857,0.0036141476478120083,0.0013494664761387796,0.0013494664761387796
nova_scotia_kelp,Tilley Pt,4,44.53726455,-64.01674717,1,2022-08-15,3.5,3.5,3.5,NA,NA,NA,0,0,0,0,92,4,0,percent_cover,"c(-64.01674717, 44.53726455)",Scotian Shelf,Cold Temperate Northwest Atlantic,Temperate Northern Atlantic,0,0,0,0,0,0
nova_scotia_kelp,W Ironbound,1,44.23824116,-64.2761317,1,2000-08-15,3.5,3.5,3.5,NA,NA,NA,35.5,0,0,0,92,4,35.5,percent_cover,"c(-64.2761317, 44.23824116)",Scotian Shelf,Cold Temperate Northwest Atlantic,Temperate Northern Atlantic,0.38193066376469337,0.14244550997499314,0.14244550997499314,0.3234815531496049,0.1331711489726883,0.1331711489726883
nova_scotia_kelp,W Ironbound,2,44.23824116,-64.2761317,1,2007-08-15,3.5,3.5,3.5,NA,NA,NA,43.6,0,0,0,92,4,43.6,percent_cover,"c(-64.2761317, 44.23824116)",Scotian Shelf,Cold Temperate Northwest Atlantic,Temperate Northern Atlantic,0.46907540676452486,0.17494716154675216,0.17494716154675216,0.3846332279127747,0.16122317768861,0.16122317768861
nova_scotia_kelp,W Ironbound,3,44.23824116,-64.2761317,1,2022-08-15,3.5,3.5,3.5,NA,NA,NA,18.775000000000002,0,0,0,92,4,18.775000000000002,percent_cover,"c(-64.2761317, 44.23824116)",Scotian Shelf,Cold Temperate Northwest Atlantic,Temperate Northern Atlantic,0.2019929073854118,0.07533561830367597,0.07533561830367597,0.18398093541791283,0.0726328159275748,0.0726328159275748
nova_scotia_kelp,Woody Is,1,44.44942296,-63.713577,1,2000-08-15,3.5,3.5,3.5,NA,NA,NA,12,0,0,0,92,4,12,percent_cover,"c(-63.713577, 44.44942296)",Scotian Shelf,Cold Temperate Northwest Atlantic,Temperate Northern Atlantic,0.12910332296271326,0.048150594921124446,0.048150594921124446,0.1214237982189736,0.04702727301918279,0.04702727301918279
nova_scotia_kelp,Woody Is,2,44.44942296,-63.713577,1,2007-08-15,3.5,3.5,3.5,NA,NA,NA,28.4,0,0,0,92,4,28.4,percent_cover,"c(-63.713577, 44.44942296)",Scotian Shelf,Cold Temperate Northwest Atlantic,Temperate Northern Atlantic,0.30554453101175466,0.11395640797999451,0.11395640797999451,0.26662021888687304,0.1079180096622476,0.1079180096622476
nova_scotia_kelp,Woody Is,3,44.44942296,-63.713577,1,2014-08-15,3.5,3.5,3.5,NA,NA,NA,1.7788462,0,0,0,92,4,1.7788462,percent_cover,"c(-63.713577, 44.44942296)",Scotian Shelf,Cold Temperate Northwest Atlantic,Temperate Northern Atlantic,0.01913791295496627,0.007137708566931794,0.007137708566931794,0.0189570865498492,0.007112355694594827,0.007112355694594827
nova_scotia_kelp,Woody Is,4,44.44942296,-63.713577,1,2022-08-15,3.5,3.5,3.5,NA,NA,NA,35.849999999999994,0,0,0,92,4,35.849999999999994,percent_cover,"c(-63.713577, 44.44942296)",Scotian Shelf,Cold Temperate Northwest Atlantic,Temperate Northern Atlantic,0.3856961773511058,0.14384990232685926,0.14384990232685926,0.32620266847768364,0.134399680089836,0.134399680089836
Attridge_et_al._2022,The Lodge,1,44.55083,-62.01917,9999,2005-06-15,8,8,8,NA,22.24719101,22.24719101,NA,0,10,10,0,2,22.24719101,stipe_density,"c(-62.01917, 44.55083)",Scotian Shelf,Cold Temperate Northwest Atlantic,Temperate Northern Atlantic,1.0187797908979492,0.08926795687128262,0.08926795687128262,0.702493264981096,0.08550587141662622,0.08550587141662622
Attridge_et_al._2022,The Lodge,2,44.55083,-62.01917,9999,2007-06-15,8,8,8,NA,7.865168539,7.865168539,NA,0,10,10,0,2,7.865168539,stipe_density,"c(-62.01917, 44.55083)",Scotian Shelf,Cold Temperate Northwest Atlantic,Temperate Northern Atlantic,0.3601746735548682,0.03155937869231343,0.03155937869231343,0.3076131279381106,0.031071617255102966,0.031071617255102966
Attridge_et_al._2022,The Lodge,3,44.55083,-62.01917,9999,2009-06-15,8,8,8,NA,20.8988764,20.8988764,NA,0,10,10,0,2,20.8988764,stipe_density,"c(-62.01917, 44.55083)",Scotian Shelf,Cold Temperate Northwest Atlantic,Temperate Northern Atlantic,0.9570355609939128,0.08385777765358729,0.08385777765358729,0.671430859426113,0.08052669298321448,0.08052669298321448
Attridge_et_al._2022,The Lodge,4,44.55083,-62.01917,9999,2010-06-15,8,8,8,NA,19.71910112,19.71910112,NA,0,10,10,0,2,19.71910112,stipe_density,"c(-62.01917, 44.55083)",Scotian Shelf,Cold Temperate Northwest Atlantic,Temperate Northern Atlantic,0.9030093599996073,0.07912387085315095,0.07912387085315095,0.6434365068513686,0.07614948121891998,0.07614948121891998
Attridge_et_al._2022,The Lodge,5,44.55083,-62.01917,9999,2012-06-15,8,8,8,NA,1.095505618,1.095505618,NA,0,10,10,0,2,1.095505618,stipe_density,"c(-62.01917, 44.55083)",Scotian Shelf,Cold Temperate Northwest Atlantic,Temperate Northern Atlantic,0.05016718667682121,0.004395770603844508,0.004395770603844508,0.048949376900908774,0.004386137424092277,0.004386137424092277
Attridge_et_al._2022,The Lodge,6,44.55083,-62.01917,9999,2013-06-15,8,8,8,NA,1.320224719,1.320224719,NA,0,10,10,0,2,1.320224719,stipe_density,"c(-62.01917, 44.55083)",Scotian Shelf,Cold Temperate Northwest Atlantic,Temperate Northern Atlantic,0.060457891630298174,0.005297467137452029,0.005297467137452029,0.05870078808652799,0.005283484916913818,0.005283484916913818
Attridge_et_al._2022,The Lodge,7,44.55083,-62.01917,9999,2014-06-15,8,8,8,NA,1.8258426965,1.8258426965,NA,0,10,10,0,2,1.8258426965,stipe_density,"c(-62.01917, 44.55083)",Scotian Shelf,Cold Temperate Northwest Atlantic,Temperate Northern Atlantic,0.08361197778706975,0.007326284339072089,0.007326284339072089,0.08029988486563479,0.007299577479997961,0.007299577479997961
Attridge_et_al._2022,The Lodge,8,44.55083,-62.01917,9999,2015-06-15,8,8,8,NA,3.1179775285,3.1179775285,NA,0,10,10,0,2,3.1179775285,stipe_density,"c(-62.01917, 44.55083)",Scotian Shelf,Cold Temperate Northwest Atlantic,Temperate Northern Atlantic,0.14278353132680432,0.01251103941233102,0.01251103941233102,0.13346698046105765,0.012433423062408527,0.012433423062408527
Attridge_et_al._2022,The Lodge,9,44.55083,-62.01917,9999,2016-06-15,8,8,8,NA,4.129213483,4.129213483,NA,0,10,10,0,2,4.129213483,stipe_density,"c(-62.01917, 44.55083)",Scotian Shelf,Cold Temperate Northwest Atlantic,Temperate Northern Atlantic,0.18909170361745065,0.016568673813564864,0.016568673813564864,0.1731897414102721,0.016432910892854737,0.016432910892854737
Attridge_et_al._2022,The Lodge,10,44.55083,-62.01917,9999,2017-06-15,8,8,8,NA,1.1235955055,1.1235955055,NA,0,10,10,0,2,1.1235955055,stipe_density,"c(-62.01917, 44.55083)",Scotian Shelf,Cold Temperate Northwest Atlantic,Temperate Northern Atlantic,0.051453524790281625,0.004508482670043879,0.004508482670043879,0.05017351622069668,0.004498349906229276,0.004498349906229276
Egan_&_Yarish__1990,southern New England_ Long Island Sound_ Black Ledge,1,41.30302,-72.086122,0.25,1985-06-15,4,4,4,8.125,34.75,34.75,NA,3,3,3,0,1,8.125,biomass,"c(-72.086122, 41.30302)",Virginian,Cold Temperate Northwest Atlantic,Temperate Northern Atlantic,0.4882323485227842,0.03260196531117801,0.03260196531117801,0.39758907242183456,0.0320817967263477,0.0320817967263477
Egan_&_Yarish__1990,southern New England_ Long Island Sound_ Black Ledge,2,41.30302,-72.086122,0.25,1986-06-15,4,4,4,10.55,304.7,304.7,NA,3,3,3,0,1,10.55,biomass,"c(-72.086122, 41.30302)",Virginian,Cold Temperate Northwest Atlantic,Temperate Northern Atlantic,0.6339509263895845,0.04233239803482191,0.04233239803482191,0.4910009631775056,0.04146089249490076,0.04146089249490076
Egan_&_Yarish__1990,southern New England_ Long Island Sound_ Black Ledge,3,41.30302,-72.086122,0.25,1987-06-15,4,4,4,31.25,200,200,NA,3,3,3,0,1,31.25,biomass,"c(-72.086122, 41.30302)",Virginian,Cold Temperate Northwest Atlantic,Temperate Northern Atlantic,1.8778167250876316,0.12539217427376156,0.12539217427376156,1.0570319250919264,0.11813157426420032,0.11813157426420032
Feehan_et_al._2019,Fort Wetherill,1,41.478,-71.362,0.1,1980-02-15,2,2,2,NA,46.07843137,46.07843137,NA,6,14,14,0,2,46.07843137,stipe_density,"c(-71.362, 41.478)",Virginian,Cold Temperate Northwest Atlantic,Temperate Northern Atlantic,0.18489199029147527,0.18489199029147527,0.18489199029147527,0.1696516229995605,0.1696516229995605,0.1696516229995605
Feehan_et_al._2019,Fort Wetherill,2,41.478,-71.362,0.1,1980-05-15,2,2,2,NA,62.00980392,62.00980392,NA,6,14,14,0,2,62.00980392,stipe_density,"c(-71.362, 41.478)",Virginian,Cold Temperate Northwest Atlantic,Temperate Northern Atlantic,0.24881741247418956,0.24881741247418956,0.24881741247418956,0.22219703348685946,0.22219703348685946,0.22219703348685946
Feehan_et_al._2019,Fort Wetherill,3,41.478,-71.362,0.1,1980-06-15,2,2,2,3.4684685,95.71078431,95.71078431,NA,6,14,14,0,2,95.71078431,stipe_density,"c(-71.362, 41.478)",Virginian,Cold Temperate Northwest Atlantic,Temperate Northern Atlantic,0.3840442670744936,0.3840442670744936,0.3840442670744936,0.3250098415643868,0.3250098415643868,0.3250098415643868
Feehan_et_al._2019,Fort Wetherill,4,41.478,-71.362,0.1,1980-07-15,2,2,2,NA,47.30392157,47.30392157,NA,6,14,14,0,2,47.30392157,stipe_density,"c(-71.362, 41.478)",Virginian,Cold Temperate Northwest Atlantic,Temperate Northern Atlantic,0.18980933047480925,0.18980933047480925,0.18980933047480925,0.1737930677940454,0.1737930677940454,0.1737930677940454
Feehan_et_al._2019,Fort Wetherill,5,41.478,-71.362,0.1,1980-08-15,2,2,2,NA,110.4166667,110.4166667,NA,6,14,14,0,2,110.4166667,stipe_density,"c(-71.362, 41.478)",Virginian,Cold Temperate Northwest Atlantic,Temperate Northern Atlantic,0.44305234923437586,0.44305234923437586,0.44305234923437586,0.3667605571894016,0.3667605571894016,0.3667605571894016
Feehan_et_al._2019,Fort Wetherill,6,41.478,-71.362,0.1,1980-09-15,2,2,2,NA,76.71568627,76.71568627,NA,6,14,14,0,2,76.71568627,stipe_density,"c(-71.362, 41.478)",Virginian,Cold Temperate Northwest Atlantic,Temperate Northern Atlantic,0.3078254944735699,0.3078254944735699,0.3078254944735699,0.26836583012353393,0.26836583012353393,0.26836583012353393
Feehan_et_al._2019,Fort Wetherill,7,41.478,-71.362,0.1,1981-04-15,2,2,2,NA,88.97058824,88.97058824,NA,6,14,14,0,2,88.97058824,stipe_density,"c(-71.362, 41.478)",Virginian,Cold Temperate Northwest Atlantic,Temperate Northern Atlantic,0.3569988961865332,0.3569988961865332,0.3569988961865332,0.3052755674305392,0.3052755674305392,0.3052755674305392
Feehan_et_al._2019,Fort Wetherill,8,41.478,-71.362,0.1,1981-06-15,2,2,2,5,248.2843137,248.2843137,NA,6,14,14,0,2,248.2843137,stipe_density,"c(-71.362, 41.478)",Virginian,Cold Temperate Northwest Atlantic,Temperate Northern Atlantic,0.996253117853174,0.996253117853174,0.996253117853174,0.6912719824009308,0.6912719824009308,0.6912719824009308
Feehan_et_al._2019,Fort Wetherill,9,41.478,-71.362,0.625,2017-12-15,2,2,2,NA,1.960784314,1.960784314,NA,6,14,14,0,2,1.960784314,stipe_density,"c(-71.362, 41.478)",Virginian,Cold Temperate Northwest Atlantic,Temperate Northern Atlantic,0.007867744269259073,0.007867744269259073,0.007867744269259073,0.00783695495882176,0.00783695495882176,0.00783695495882176
Feehan_et_al._2019,Fort Wetherill,10,41.478,-71.362,0.625,2018-01-15,2,2,2,NA,3.18627451,3.18627451,NA,6,14,14,0,2,3.18627451,stipe_density,"c(-71.362, 41.478)",Virginian,Cold Temperate Northwest Atlantic,Temperate Northern Atlantic,0.012785084436542856,0.012785084436542856,0.012785084436542856,0.012704045242204644,0.012704045242204644,0.012704045242204644
Feehan_et_al._2019,Fort Wetherill,11,41.478,-71.362,0.625,2018-03-15,2,2,2,NA,5.024509804,5.024509804,NA,6,14,14,0,2,5.024509804,stipe_density,"c(-71.362, 41.478)",Virginian,Cold Temperate Northwest Atlantic,Temperate Northern Atlantic,0.02016109468746853,0.02016109468746853,0.02016109468746853,0.019960550793714216,0.019960550793714216,0.019960550793714216
Feehan_et_al._2019,Fort Wetherill,12,41.478,-71.362,0.625,2018-06-15,2,2,2,0.114,23.100490195,23.100490195,NA,6,14,14,0,2,23.100490195,stipe_density,"c(-71.362, 41.478)",Virginian,Cold Temperate Northwest Atlantic,Temperate Northern Atlantic,0.09269186215490433,0.09269186215490433,0.09269186215490433,0.08864425010174751,0.08864425010174751,0.08864425010174751
Feehan_et_al._2019,Fort Wetherill,13,41.478,-71.362,0.625,2018-08-15,2,2,2,NA,9.926470588,9.926470588,NA,6,14,14,0,2,9.926470588,stipe_density,"c(-71.362, 41.478)",Virginian,Cold Temperate Northwest Atlantic,Temperate Northern Atlantic,0.03983045535660367,0.03983045535660367,0.03983045535660367,0.039057676167900755,0.039057676167900755,0.039057676167900755
Feehan_et_al._2019,Fort Wetherill,14,41.478,-71.362,0.625,2018-11-15,2,2,2,NA,4.411764706,4.411764706,NA,6,14,14,0,2,4.411764706,stipe_density,"c(-71.362, 41.478)",Virginian,Cold Temperate Northwest Atlantic,Temperate Northern Atlantic,0.01770242460382664,0.01770242460382664,0.01770242460382664,0.017547561647642717,0.017547561647642717,0.017547561647642717
Feehan_et_al._2019,Land's End,1,41.45,-71.314,0.1,1980-06-15,2,2,2,0,NA,NA,NA,6,14,14,0,2,NA,stipe_density,"c(-71.314, 41.45)",Virginian,Cold Temperate Northwest Atlantic,Temperate Northern Atlantic,NA,NA,NA,NA,NA,NA
Feehan_et_al._2019,Land's End,2,41.45,-71.314,0.1,1981-06-15,2,2,2,12.88288288,NA,NA,NA,6,14,14,0,2,NA,stipe_density,"c(-71.314, 41.45)",Virginian,Cold Temperate Northwest Atlantic,Temperate Northern Atlantic,NA,NA,NA,NA,NA,NA
Feehan_et_al._2019,Land's End,3,41.45,-71.314,0.625,2018-06-15,2,2,2,18.01801802,NA,NA,NA,6,14,14,0,2,NA,stipe_density,"c(-71.314, 41.45)",Virginian,Cold Temperate Northwest Atlantic,Temperate Northern Atlantic,NA,NA,NA,NA,NA,NA
Filbee-Dexteretal_et_al._2016,Little Duck Island,1,44.364216,-64.180952,0.625,1983-01-15,8,8,8,8.162190627,NA,NA,NA,24,0,0,0,1,8.162190627,biomass,"c(-64.180952, 44.364216)",Scotian Shelf,Cold Temperate Northwest Atlantic,Temperate Northern Atlantic,0.44049733575665295,0.03275119454580631,0.03275119454580631,0.3649884260139415,0.032226303959094635,0.032226303959094635
Filbee-Dexteretal_et_al._2016,Little Duck Island,2,44.364216,-64.180952,0.625,1992-01-15,8,8,8,3.883622959,NA,NA,NA,24,0,0,0,1,3.883622959,biomass,"c(-64.180952, 44.364216)",Scotian Shelf,Cold Temperate Northwest Atlantic,Temperate Northern Atlantic,0.2095914742377983,0.015583229660432308,0.015583229660432308,0.19028267800377266,0.015463057971238515,0.015463057971238515
Filbee-Dexteretal_et_al._2016,Little Duck Island,3,44.364216,-64.180952,0.625,1993-01-15,8,8,8,3.719062665,NA,NA,NA,24,0,0,0,1,3.719062665,biomass,"c(-64.180952, 44.364216)",Scotian Shelf,Cold Temperate Northwest Atlantic,Temperate Northern Atlantic,0.20071047961381283,0.014922923322391046,0.014922923322391046,0.18291344793667108,0.014812671996936323,0.014812671996936323
Filbee-Dexteretal_et_al._2016,Little Duck Island,4,44.364216,-64.180952,0.625,1994-01-15,8,8,8,0.822801474,NA,NA,NA,24,0,0,0,1,0.822801474,biomass,"c(-64.180952, 44.364216)",Scotian Shelf,Cold Temperate Northwest Atlantic,Temperate Northern Atlantic,0.04440497333579942,0.003301531706256509,0.003301531706256509,0.04344731973862202,0.003296093616516022,0.003296093616516022
Filbee-Dexteretal_et_al._2016,Little Duck Island,5,44.364216,-64.180952,0.625,1995-01-15,8,8,8,4.015271195,NA,NA,NA,24,0,0,0,1,4.015271195,biomass,"c(-64.180952, 44.364216)",Scotian Shelf,Cold Temperate Northwest Atlantic,Temperate Northern Atlantic,0.2166962699801611,0.016111474734075357,0.016111474734075357,0.1961392101208279,0.0159830623640282,0.0159830623640282
Filbee-Dexteretal_et_al._2016,Little Duck Island,6,44.364216,-64.180952,0.625,1997-01-15,8,8,8,3.949447077,NA,NA,NA,24,0,0,0,1,3.949447077,biomass,"c(-64.180952, 44.364216)",Scotian Shelf,Cold Temperate Northwest Atlantic,Temperate Northern Atlantic,0.21314387210897967,0.01584735219725383,0.01584735219725383,0.19321523142722796,0.015723093968203934,0.015723093968203934
Filbee-Dexteretal_et_al._2016,Little Duck Island,7,44.364216,-64.180952,0.625,1998-01-15,8,8,8,2.5671406,NA,NA,NA,24,0,0,0,1,2.5671406,biomass,"c(-64.180952, 44.364216)",Scotian Shelf,Cold Temperate Northwest Atlantic,Temperate Northern Atlantic,0.1385435168681384,0.010300778928014363,0.010300778928014363,0.12974982877592803,0.010248087438102047,0.010248087438102047
Filbee-Dexteretal_et_al._2016,Little Duck Island,8,44.364216,-64.180952,0.625,1999-01-15,8,8,8,0.296208531,NA,NA,NA,24,0,0,0,1,0.296208531,biomass,"c(-64.180952, 44.364216)",Scotian Shelf,Cold Temperate Northwest Atlantic,Temperate Northern Atlantic,0.01598579042031628,0.001188551415696861,0.001188551415696861,0.015859363251712475,0.0011878456476353688,0.0011878456476353688
Filbee-Dexteretal_et_al._2016,Little Duck Island,9,44.364216,-64.180952,0.625,2000-01-15,8,8,8,0.230384413,NA,NA,NA,24,0,0,0,1,0.230384413,biomass,"c(-64.180952, 44.364216)",Scotian Shelf,Cold Temperate Northwest Atlantic,Temperate Northern Atlantic,0.012433392549134887,9.244288788753364e-4,9.244288788753364e-4,0.01235673269796325,9.240018576460857e-4,9.240018576460857e-4
Filbee-Dexteretal_et_al._2016,Little Duck Island,10,44.364216,-64.180952,0.625,2008-01-15,8,8,8,2.27093207,NA,NA,NA,24,0,0,0,1,2.27093207,biomass,"c(-64.180952, 44.364216)",Scotian Shelf,Cold Temperate Northwest Atlantic,Temperate Northern Atlantic,0.12255772650179014,0.009112227516330052,0.009112227516330052,0.11560976603961612,0.00907096166429359,0.00907096166429359
Filbee-Dexteretal_et_al._2016,Little Duck Island,11,44.364216,-64.180952,0.625,2014-01-15,8,8,8,0.098736177,NA,NA,NA,24,0,0,0,1,0.098736177,biomass,"c(-64.180952, 44.364216)",Scotian Shelf,Cold Temperate Northwest Atlantic,Temperate Northern Atlantic,0.005328596806772094,3.96183805232287e-4,3.96183805232287e-4,0.005314450067401804,3.961053451508362e-4,3.961053451508362e-4
Filbee-Dexteretal_et_al._2016,Mill Cove,1,44.586353,-64.060977,0.625,1968-02-15,8,8,8,16.06108478,NA,NA,NA,24,0,0,0,1,16.06108478,biomass,"c(-64.060977, 44.586353)",Scotian Shelf,Cold Temperate Northwest Atlantic,Temperate Northern Atlantic,0.8667850799206444,0.06444589893630143,0.06444589893630143,0.6242177427328105,0.062454381078467305,0.062454381078467305
Filbee-Dexteretal_et_al._2016,Mill Cove,2,44.586353,-64.060977,0.625,1973-02-15,8,8,8,20.17509215,NA,NA,NA,24,0,0,0,1,20.17509215,biomass,"c(-64.060977, 44.586353)",Scotian Shelf,Cold Temperate Northwest Atlantic,Temperate Northern Atlantic,1.0888099465996415,0.08095355746758398,0.08095355746758398,0.7365945002641184,0.07784357516947658,0.07784357516947658
Filbee-Dexteretal_et_al._2016,Mill Cove,3,44.586353,-64.060977,0.625,1992-01-15,8,8,8,4.903896788,NA,NA,NA,24,0,0,0,1,4.903896788,biomass,"c(-64.060977, 44.586353)",Scotian Shelf,Cold Temperate Northwest Atlantic,Temperate Northern Atlantic,0.2646536412411099,0.01967712898116594,0.01967712898116594,0.23479828329861255,0.01948603697220807,0.01948603697220807
Filbee-Dexteretal_et_al._2016,Mill Cove,4,44.586353,-64.060977,0.625,1994-01-15,8,8,8,0.921537651,NA,NA,NA,24,0,0,0,1,0.921537651,biomass,"c(-64.060977, 44.586353)",Scotian Shelf,Cold Temperate Northwest Atlantic,Temperate Northern Atlantic,0.049733570142571515,0.0036977155114887956,0.0036977155114887956,0.04853638924994052,0.0036908957679642447,0.0036908957679642447
Filbee-Dexteretal_et_al._2016,Mill Cove,5,44.586353,-64.060977,0.625,1995-01-15,8,8,8,4.673512375,NA,NA,NA,24,0,0,0,1,4.673512375,biomass,"c(-64.060977, 44.586353)",Scotian Shelf,Cold Temperate Northwest Atlantic,Temperate Northern Atlantic,0.252220248691975,0.0187527001022906,0.0187527001022906,0.22491817469184333,0.018579035976579592,0.018579035976579592
Filbee-Dexteretal_et_al._2016,Mill Cove,6,44.586353,-64.060977,0.625,2005-01-15,8,8,8,0.460768826,NA,NA,NA,24,0,0,0,1,0.460768826,biomass,"c(-64.060977, 44.586353)",Scotian Shelf,Cold Temperate Northwest Atlantic,Temperate Northern Atlantic,0.024866785098269773,0.0018488577577506727,0.0018488577577506727,0.024562638386305,0.0018471507239643985,0.0018471507239643985
Filbee-Dexteretal_et_al._2016,Mill Cove,7,44.586353,-64.060977,0.625,2008-01-15,8,8,8,0.32912059,NA,NA,NA,24,0,0,0,1,0.32912059,biomass,"c(-64.060977, 44.586353)",Scotian Shelf,Cold Temperate Northwest Atlantic,Temperate Northern Atlantic,0.01776198935590698,0.0013206126841076233,0.0013206126841076233,0.01760608858792105,0.0013197414421413844,0.0013197414421413844
Filbee-Dexteretal_et_al._2016,Mill Cove,8,44.586353,-64.060977,0.625,2009-01-15,8,8,8,2.238020011,NA,NA,NA,24,0,0,0,1,2.238020011,biomass,"c(-64.060977, 44.586353)",Scotian Shelf,Cold Temperate Northwest Atlantic,Temperate Northern Atlantic,0.12078152756619945,0.00898016624791929,0.00898016624791929,0.11402623443285442,0.008940084337757526,0.008940084337757526
Filbee-Dexteretal_et_al._2016,Mill Cove,9,44.586353,-64.060977,0.625,2010-01-15,8,8,8,3.686150606,NA,NA,NA,24,0,0,0,1,3.686150606,biomass,"c(-64.060977, 44.586353)",Scotian Shelf,Cold Temperate Northwest Atlantic,Temperate Northern Atlantic,0.19893428067822214,0.014790862053980282,0.014790862053980282,0.18143306276519364,0.014682544025644376,0.014682544025644376
Filbee-Dexteretal_et_al._2016,Whitehead Island,1,43.665572,-65.867357,0.625,1949-06-15,8,8,8,19.35229068,NA,NA,NA,24,0,0,0,1,19.35229068,biomass,"c(-65.867357, 43.665572)",Scotian Shelf,Cold Temperate Northwest Atlantic,Temperate Northern Atlantic,1.044404973479714,0.07765202577737766,0.07765202577737766,0.7151067806422087,0.07478462425204047,0.07478462425204047
Filbee-Dexteretal_et_al._2016,Whitehead Island,2,43.665572,-65.867357,0.625,1979-01-15,8,8,8,4.574776198,NA,NA,NA,24,0,0,0,1,4.574776198,biomass,"c(-65.867357, 43.665572)",Scotian Shelf,Cold Temperate Northwest Atlantic,Temperate Northern Atlantic,0.24689165188520296,0.01835651629705832,0.01835651629705832,0.22065377590231622,0.0181900692908093,0.0181900692908093
Filbee-Dexteretal_et_al._2016,Whitehead Island,3,43.665572,-65.867357,0.625,1984-01-15,8,8,8,3.784886783,NA,NA,NA,24,0,0,0,1,3.784886783,biomass,"c(-65.867357, 43.665572)",Scotian Shelf,Cold Temperate Northwest Atlantic,Temperate Northern Atlantic,0.20426287748499422,0.01518704585921257,0.01518704585921257,0.1858676598361797,0.015072877150668082,0.015072877150668082
Filbee-Dexteretal_et_al._2016,Whitehead Island,4,43.665572,-65.867357,0.625,2014-01-15,8,8,8,2.863349131,NA,NA,NA,24,0,0,0,1,2.863349131,biomass,"c(-65.867357, 43.665572)",Scotian Shelf,Cold Temperate Northwest Atlantic,Temperate Northern Atlantic,0.15452930728845468,0.011489330343711225,0.011489330343711225,0.1436927347552231,0.011423829219768,0.011423829219768
Gagnon_et_al._2005,"I_le aux
Goe‰lands",1,50.206587,-63.589829,144,2000-06-15,7.5,7.5,7.5,NA,NA,NA,49.5,0,0,0,6,4,49.5,percent_cover,"c(-63.589829, 50.206587)",Gulf of St. Lawrence - Eastern Scotian Shelf,Cold Temperate Northwest Atlantic,Temperate Northern Atlantic,0.4450867052061236,0.19862120404963834,0.19862120404963834,0.368169323367105,0.18117189956596202,0.18117189956596202
Gagnon_et_al._2005,"I_le aux
Goe‰lands",2,50.206587,-63.589829,144,2001-06-15,7.5,7.5,7.5,NA,NA,NA,52.5,0,0,0,6,4,52.5,percent_cover,"c(-63.589829, 50.206587)",Gulf of St. Lawrence - Eastern Scotian Shelf,Cold Temperate Northwest Atlantic,Temperate Northern Atlantic,0.47206165703679775,0.21065885277991944,0.21065885277991944,0.3866639060033779,0.19116471784850025,0.19116471784850025
Gagnon_et_al._2005,"I_le aux
Goe‰lands",3,50.206587,-63.589829,144,2002-06-15,7.5,7.5,7.5,NA,NA,NA,58,0,0,0,6,4,58,percent_cover,"c(-63.589829, 50.206587)",Gulf of St. Lawrence - Eastern Scotian Shelf,Cold Temperate Northwest Atlantic,Temperate Northern Atlantic,0.5215157353930338,0.23272787545210147,0.23272787545210147,0.4197070323277224,0.20922949864982987,0.20922949864982987
Gagnon_et_al._2005,PetiteI_le au Marteau,1,50.206587,-63.589829,144,2000-06-15,7.5,7.5,7.5,NA,NA,NA,63.5,0,0,0,6,4,63.5,percent_cover,"c(-63.589829, 50.206587)",Gulf of St. Lawrence - Eastern Scotian Shelf,Cold Temperate Northwest Atlantic,Temperate Northern Atlantic,0.5709698137492697,0.2547968981242835,0.2547968981242835,0.45169314441623165,0.22697372532326848,0.22697372532326848
Gagnon_et_al._2005,PetiteI_le au Marteau,2,50.206587,-63.589829,144,2001-06-15,7.5,7.5,7.5,NA,NA,NA,77,0,0,0,6,4,77,percent_cover,"c(-63.589829, 50.206587)",Gulf of St. Lawrence - Eastern Scotian Shelf,Cold Temperate Northwest Atlantic,Temperate Northern Atlantic,0.6923570969873034,0.30896631741054853,0.30896631741054853,0.5261222891449677,0.2692377550539574,0.2692377550539574
Gagnon_et_al._2005,PetiteI_le au Marteau,3,50.206587,-63.589829,144,2002-06-15,7.5,7.5,7.5,NA,NA,NA,75,0,0,0,6,4,75,percent_cover,"c(-63.589829, 50.206587)",Gulf of St. Lawrence - Eastern Scotian Shelf,Cold Temperate Northwest Atlantic,Temperate Northern Atlantic,0.674373795766854,0.3009412182570278,0.3009412182570278,0.5154392421029523,0.26308801653963065,0.26308801653963065
Gagnon_et_al_2004,Firman,1,50.206348,-63.687117,0.5,2000-06-15,4,4,4,NA,37.4,37.4,NA,0,6,6,0,2,37.4,stipe_density,"c(-63.687117, 50.206348)",Gulf of St. Lawrence - Eastern Scotian Shelf,Cold Temperate Northwest Atlantic,Temperate Northern Atlantic,0.39918832231459106,0.15006935417083783,0.15006935417083783,0.33589229871443654,0.13982224853134745,0.13982224853134745
Gagnon_et_al_2004,Firman,2,50.206348,-63.687117,0.5,2001-06-15,4,4,4,NA,7.166666667,7.166666667,NA,0,6,6,0,2,7.166666667,stipe_density,"c(-63.687117, 50.206348)",Gulf of St. Lawrence - Eastern Scotian Shelf,Cold Temperate Northwest Atlantic,Temperate Northern Atlantic,0.07649330597293134,0.028756605301453506,0.028756605301453506,0.07370881947775532,0.028350893694681422,0.028350893694681422
Gagnon_et_al_2004,Firman,3,50.206348,-63.687117,0.5,2002-06-15,4,4,4,NA,11.83333333,11.83333333,NA,0,6,6,0,2,11.83333333,stipe_density,"c(-63.687117, 50.206348)",Gulf of St. Lawrence - Eastern Scotian Shelf,Cold Temperate Northwest Atlantic,Temperate Northern Atlantic,0.12630290051850357,0.04748183664495589,0.04748183664495589,0.11894049933100849,0.046389032945401865,0.046389032945401865
Gagnon_et_al_2004,Havre,1,50.210766,-63.639106,0.5,2000-06-15,4,4,4,NA,4.166666667,4.166666667,NA,0,6,6,0,2,4.166666667,stipe_density,"c(-63.639106, 50.210766)",Gulf of St. Lawrence - Eastern Scotian Shelf,Cold Temperate Northwest Atlantic,Temperate Northern Atlantic,0.044472852311333126,0.016718956571172394,0.016718956571172394,0.04351231059134132,0.016580733321551525,0.016580733321551525
Gagnon_et_al_2004,Havre,2,50.210766,-63.639106,0.5,2001-06-15,4,4,4,NA,2.466666667,2.466666667,NA,0,6,6,0,2,2.466666667,stipe_density,"c(-63.639106, 50.210766)",Gulf of St. Lawrence - Eastern Scotian Shelf,Cold Temperate Northwest Atlantic,Temperate Northern Atlantic,0.026327928569760805,0.009897622290679763,0.009897622290679763,0.02598731417051522,0.009848961646849728,0.009848961646849728
Gagnon_et_al_2004,Havre,3,50.210766,-63.639106,0.5,2002-06-15,4,4,4,NA,1.666666667,1.666666667,NA,0,6,6,0,2,1.666666667,stipe_density,"c(-63.639106, 50.210766)",Gulf of St. Lawrence - Eastern Scotian Shelf,Cold Temperate Northwest Atlantic,Temperate Northern Atlantic,0.01778914092666795,0.0066875826292714675,0.0066875826292714675,0.017632765953435218,0.006665319949116507,0.006665319949116507
Keats_et_al._1985,Conception Bay,1,46.666667,-52.833333,0.1,1979-06-15,4,4,4,0.24553333333333335,NA,NA,NA,5,0,0,0,1,0.24553333333333335,biomass,"c(-52.833333, 46.666667)",Northern Grand Banks - Southern Labrador,Arctic,Arctic,0.16459869292340332,0.018887179487179488,0.018887179487179488,0.15237655808073985,0.018711031219145316,0.018711031219145316
Keats_et_al._1985,Conception Bay,2,46.666667,-52.833333,0.1,1980-06-15,4,4,4,0.80836,NA,NA,NA,5,0,0,0,1,0.80836,biomass,"c(-52.833333, 46.666667)",Northern Grand Banks - Southern Labrador,Arctic,Arctic,0.5419019796832567,0.06218153846153846,0.06218153846153846,0.4330167061188912,0.06032484838208106,0.06032484838208106
Keats_et_al._1985,Conception Bay,3,46.666667,-52.833333,0.1,1981-06-15,4,4,4,1.7297666666666665,NA,NA,NA,5,0,0,0,1,1.7297666666666665,biomass,"c(-52.833333, 46.666667)",Northern Grand Banks - Southern Labrador,Arctic,Arctic,1.1595872891493573,0.13305897435897435,0.13305897435897435,0.7699171336016459,0.12492103219959863,0.12492103219959863
Keats_et_al._1985,Conception Bay,4,46.666667,-52.833333,0.1,1982-06-15,4,4,4,1.937,NA,NA,NA,5,0,0,0,1,1.937,biomass,"c(-52.833333, 46.666667)",Northern Grand Banks - Southern Labrador,Arctic,Arctic,1.298510731167386,0.149,0.149,0.8322614050230472,0.13889199886661865,0.13889199886661865
Keats_et_al._1985,Conception Bay,5,46.666667,-52.833333,0.1,1983-06-15,4,4,4,0.7227333333333332,NA,NA,NA,5,0,0,0,1,0.7227333333333332,biomass,"c(-52.833333, 46.666667)",Northern Grand Banks - Southern Labrador,Arctic,Arctic,0.48450025250681916,0.055594871794871784,0.055594871794871784,0.39507818531719624,0.05410446754018757,0.05410446754018757
Lambert_et_al._1992,Cape Neddick,1,43.1648931,-70.600532,0.25,1990-06-15,7.5,7.5,7.5,NA,9,9,50.5,0,2,2,2,2,9,stipe_density,"c(-70.600532, 43.1648931)",Gulf of Maine/Bay of Fundy,Cold Temperate Northwest Atlantic,Temperate Northern Atlantic,0.22247857613711272,0.036112946190843334,0.036112946190843334,0.20088041758111316,0.03547615931462122,0.03547615931462122
Lambert_et_al._1992,Cape Neddick,2,43.1648931,-70.600532,0.25,1991-06-15,7.5,7.5,7.5,NA,10,10,25.5,0,2,2,2,2,10,stipe_density,"c(-70.600532, 43.1648931)",Gulf of Maine/Bay of Fundy,Cold Temperate Northwest Atlantic,Temperate Northern Atlantic,0.24719841793012526,0.04012549576760371,0.04012549576760371,0.2208997702632913,0.03934137488067342,0.03934137488067342
Normandeau,Seabrook Station B17,1,42.892011,-70.808254,1,1982-06-15,4.9,4.9,4.9,NA,2.9,2.9,NA,0,125,125,108,2,2.9,stipe_density,"c(-70.808254, 42.892011)",Gulf of Maine/Bay of Fundy,Cold Temperate Northwest Atlantic,Temperate Northern Atlantic,0.07168754119973632,0.011636393772605074,0.011636393772605074,0.06923454740072904,0.011569211612369725,0.011569211612369725
Normandeau,Seabrook Station B17,2,42.892011,-70.808254,1,1983-06-15,4.9,4.9,4.9,NA,3.32,3.32,NA,0,125,125,108,2,3.32,stipe_density,"c(-70.808254, 42.892011)",Gulf of Maine/Bay of Fundy,Cold Temperate Northwest Atlantic,Temperate Northern Atlantic,0.08206987475280157,0.01332166459484443,0.01332166459484443,0.07887575759311502,0.013233711481264008,0.013233711481264008
Normandeau,Seabrook Station B17,3,42.892011,-70.808254,1,1984-06-15,4.9,4.9,4.9,NA,3.77,3.77,NA,0,125,125,108,2,3.77,stipe_density,"c(-70.808254, 42.892011)",Gulf of Maine/Bay of Fundy,Cold Temperate Northwest Atlantic,Temperate Northern Atlantic,0.09319380355965722,0.015127311904386596,0.015127311904386596,0.08910350688854851,0.015014035075681362,0.015014035075681362
Normandeau,Seabrook Station B17,4,42.892011,-70.808254,1,1985-06-15,4.9,4.9,4.9,NA,2.415,2.415,10,0,125,125,108,2,2.415,stipe_density,"c(-70.808254, 42.892011)",Gulf of Maine/Bay of Fundy,Cold Temperate Northwest Atlantic,Temperate Northern Atlantic,0.05969841793012525,0.009690307227876295,0.009690307227876295,0.057984356256258474,0.009643657326595561,0.009643657326595561
Normandeau,Seabrook Station B17,5,42.892011,-70.808254,1,1986-06-15,4.9,4.9,4.9,NA,NA,NA,9,0,125,125,108,2,NA,stipe_density,"c(-70.808254, 42.892011)",Gulf of Maine/Bay of Fundy,Cold Temperate Northwest Atlantic,Temperate Northern Atlantic,NA,NA,NA,NA,NA,NA
Normandeau,Seabrook Station B17,6,42.892011,-70.808254,1,1987-06-15,4.9,4.9,4.9,NA,2.9,2.9,12,0,125,125,108,2,2.9,stipe_density,"c(-70.808254, 42.892011)",Gulf of Maine/Bay of Fundy,Cold Temperate Northwest Atlantic,Temperate Northern Atlantic,0.07168754119973632,0.011636393772605074,0.011636393772605074,0.06923454740072904,0.011569211612369725,0.011569211612369725
Normandeau,Seabrook Station B17,7,42.892011,-70.808254,1,1988-06-15,4.9,4.9,4.9,NA,3.84,3.84,11,0,125,125,108,2,3.84,stipe_density,"c(-70.808254, 42.892011)",Gulf of Maine/Bay of Fundy,Cold Temperate Northwest Atlantic,Temperate Northern Atlantic,0.09492419248516809,0.01540819037475982,0.01540819037475982,0.09068513026476258,0.01529068965458371,0.01529068965458371
Normandeau,Seabrook Station B17,8,42.892011,-70.808254,1,1989-06-15,4.9,4.9,4.9,NA,2.48,2.48,15,0,125,125,108,2,2.48,stipe_density,"c(-70.808254, 42.892011)",Gulf of Maine/Bay of Fundy,Cold Temperate Northwest Atlantic,Temperate Northern Atlantic,0.061305207646671064,0.009951122950365718,0.009951122950365718,0.0594994786299765,0.009901936563733555,0.009901936563733555
Normandeau,Seabrook Station B17,9,42.892011,-70.808254,1,1990-06-15,4.9,4.9,4.9,NA,1.51,1.51,9,0,125,125,108,2,1.51,stipe_density,"c(-70.808254, 42.892011)",Gulf of Maine/Bay of Fundy,Cold Temperate Northwest Atlantic,Temperate Northern Atlantic,0.03732696110744891,0.006058949860908159,0.006058949860908159,0.03664717473789111,0.006040668232016419,0.006040668232016419
Normandeau,Seabrook Station B17,10,42.892011,-70.808254,1,1991-06-15,4.9,4.9,4.9,NA,1.05,1.05,4,0,125,125,108,2,1.05,stipe_density,"c(-70.808254, 42.892011)",Gulf of Maine/Bay of Fundy,Cold Temperate Northwest Atlantic,Temperate Northern Atlantic,0.025955833882663152,0.004213177055598389,0.004213177055598389,0.0256246989240443,0.00420432647581212,0.00420432647581212
Normandeau,Seabrook Station B17,11,42.892011,-70.808254,1,1992-06-15,4.9,4.9,4.9,NA,4.05,4.05,6,0,125,125,108,2,4.05,stipe_density,"c(-70.808254, 42.892011)",Gulf of Maine/Bay of Fundy,Cold Temperate Northwest Atlantic,Temperate Northern Atlantic,0.10011535926170072,0.0162508257858795,0.0162508257858795,0.09541504636172685,0.016120194460984446,0.016120194460984446
Normandeau,Seabrook Station B17,12,42.892011,-70.808254,1,1993-06-15,4.9,4.9,4.9,NA,5.13,5.13,3,0,125,125,108,2,5.13,stipe_density,"c(-70.808254, 42.892011)",Gulf of Maine/Bay of Fundy,Cold Temperate Northwest Atlantic,Temperate Northern Atlantic,0.12681278839815424,0.0205843793287807,0.0205843793287807,0.11939310626181376,0.02037538415022216,0.02037538415022216
Normandeau,Seabrook Station B17,13,42.892011,-70.808254,1,1994-06-15,4.9,4.9,4.9,NA,3.35,3.35,9,0,125,125,108,2,3.35,stipe_density,"c(-70.808254, 42.892011)",Gulf of Maine/Bay of Fundy,Cold Temperate Northwest Atlantic,Temperate Northern Atlantic,0.08281147000659196,0.01344204108214724,0.01344204108214724,0.07956087161526995,0.013352498379911499,0.013352498379911499
Normandeau,Seabrook Station B17,14,42.892011,-70.808254,1,1995-06-15,4.9,4.9,4.9,NA,1.61,1.61,3,0,125,125,108,2,1.61,stipe_density,"c(-70.808254, 42.892011)",Gulf of Maine/Bay of Fundy,Cold Temperate Northwest Atlantic,Temperate Northern Atlantic,0.03979894528675017,0.006460204818584197,0.006460204818584197,0.03902737262454248,0.0064394271328297396,0.0064394271328297396
Normandeau,Seabrook Station B17,15,42.892011,-70.808254,1,1996-06-15,4.9,4.9,4.9,NA,2.55,2.55,3,0,125,125,108,2,2.55,stipe_density,"c(-70.808254, 42.892011)",Gulf of Maine/Bay of Fundy,Cold Temperate Northwest Atlantic,Temperate Northern Atlantic,0.06303559657218194,0.010232001420738943,0.010232001420738943,0.06112858569676852,0.010180008852126223,0.010180008852126223
Normandeau,Seabrook Station B17,16,42.892011,-70.808254,1,1997-06-15,4.9,4.9,4.9,NA,2.62,2.62,1,0,125,125,108,2,2.62,stipe_density,"c(-70.808254, 42.892011)",Gulf of Maine/Bay of Fundy,Cold Temperate Northwest Atlantic,Temperate Northern Atlantic,0.06476598549769282,0.010512879891112171,0.010512879891112171,0.06275504308974253,0.01045800383781678,0.01045800383781678
Normandeau,Seabrook Station B17,17,42.892011,-70.808254,1,1998-06-15,4.9,4.9,4.9,NA,1.79,1.79,1,0,125,125,108,2,1.79,stipe_density,"c(-70.808254, 42.892011)",Gulf of Maine/Bay of Fundy,Cold Temperate Northwest Atlantic,Temperate Northern Atlantic,0.04424851680949242,0.007182463742401063,0.007182463742401063,0.043297504053695965,0.007156792697303765,0.007156792697303765
Normandeau,Seabrook Station B17,18,42.892011,-70.808254,1,1999-06-15,4.9,4.9,4.9,NA,1.05,1.05,1,0,125,125,108,2,1.05,stipe_density,"c(-70.808254, 42.892011)",Gulf of Maine/Bay of Fundy,Cold Temperate Northwest Atlantic,Temperate Northern Atlantic,0.025955833882663152,0.004213177055598389,0.004213177055598389,0.0256246989240443,0.00420432647581212,0.00420432647581212
Normandeau,Seabrook Station B17,19,42.892011,-70.808254,1,2000-06-15,4.9,4.9,4.9,NA,0.15,0.15,1,0,125,125,108,2,0.15,stipe_density,"c(-70.808254, 42.892011)",Gulf of Maine/Bay of Fundy,Cold Temperate Northwest Atlantic,Temperate Northern Atlantic,0.0037079762689518785,6.018824365140556e-4,6.018824365140556e-4,0.003701118671590676,6.017013779274768e-4,6.017013779274768e-4
Normandeau,Seabrook Station B17,20,42.892011,-70.808254,1,2001-06-15,4.9,4.9,4.9,NA,0.11,0.11,1,0,125,125,108,2,0.11,stipe_density,"c(-70.808254, 42.892011)",Gulf of Maine/Bay of Fundy,Cold Temperate Northwest Atlantic,Temperate Northern Atlantic,0.0027191825972313777,4.413804534436407e-4,4.413804534436407e-4,0.002715492308431967,4.4128307374448746e-4,4.4128307374448746e-4
Normandeau,Seabrook Station B17,21,42.892011,-70.808254,1,2002-06-15,4.9,4.9,4.9,NA,0.11,0.11,1,0,125,125,108,2,0.11,stipe_density,"c(-70.808254, 42.892011)",Gulf of Maine/Bay of Fundy,Cold Temperate Northwest Atlantic,Temperate Northern Atlantic,0.0027191825972313777,4.413804534436407e-4,4.413804534436407e-4,0.002715492308431967,4.4128307374448746e-4,4.4128307374448746e-4
Normandeau,Seabrook Station B17,22,42.892011,-70.808254,1,2003-06-15,4.9,4.9,4.9,NA,0.11,0.11,1,0,125,125,108,2,0.11,stipe_density,"c(-70.808254, 42.892011)",Gulf of Maine/Bay of Fundy,Cold Temperate Northwest Atlantic,Temperate Northern Atlantic,0.0027191825972313777,4.413804534436407e-4,4.413804534436407e-4,0.002715492308431967,4.4128307374448746e-4,4.4128307374448746e-4
Normandeau,Seabrook Station B17,23,42.892011,-70.808254,1,2004-06-15,4.9,4.9,4.9,NA,0.43,0.43,1,0,125,125,108,2,0.43,stipe_density,"c(-70.808254, 42.892011)",Gulf of Maine/Bay of Fundy,Cold Temperate Northwest Atlantic,Temperate Northern Atlantic,0.010629531970995386,0.0017253963180069592,0.0017253963180069592,0.01057343566422159,0.0017239095317313317,0.0017239095317313317
Normandeau,Seabrook Station B17,24,42.892011,-70.808254,1,2005-06-15,4.9,4.9,4.9,NA,1.02,1.02,1,0,125,125,108,2,1.02,stipe_density,"c(-70.808254, 42.892011)",Gulf of Maine/Bay of Fundy,Cold Temperate Northwest Atlantic,Temperate Northern Atlantic,0.025214238628872777,0.004092800568295578,0.004092800568295578,0.024901604046596866,0.004084447842986091,0.004084447842986091
Normandeau,Seabrook Station B17,25,42.892011,-70.808254,1,2006-06-15,4.9,4.9,4.9,NA,0.81,0.81,1,0,125,125,108,2,0.81,stipe_density,"c(-70.808254, 42.892011)",Gulf of Maine/Bay of Fundy,Cold Temperate Northwest Atlantic,Temperate Northern Atlantic,0.020023071852340146,0.0032501651571759,0.0032501651571759,0.019825246503442143,0.003244894787029414,0.003244894787029414
Normandeau,Seabrook Station B17,26,42.892011,-70.808254,1,2007-06-15,4.9,4.9,4.9,NA,0.15,0.15,1,0,125,125,108,2,0.15,stipe_density,"c(-70.808254, 42.892011)",Gulf of Maine/Bay of Fundy,Cold Temperate Northwest Atlantic,Temperate Northern Atlantic,0.0037079762689518785,6.018824365140556e-4,6.018824365140556e-4,0.003701118671590676,6.017013779274768e-4,6.017013779274768e-4
Normandeau,Seabrook Station B17,27,42.892011,-70.808254,1,2008-06-15,4.9,4.9,4.9,NA,0.04,0.04,1,0,125,125,108,2,0.04,stipe_density,"c(-70.808254, 42.892011)",Gulf of Maine/Bay of Fundy,Cold Temperate Northwest Atlantic,Temperate Northern Atlantic,9.88793671720501e-4,1.6050198307041483e-4,1.6050198307041483e-4,9.883051372712645e-4,1.6048910400515625e-4,1.6048910400515625e-4
Normandeau,Seabrook Station B17,28,42.892011,-70.808254,1,2009-06-15,4.9,4.9,4.9,NA,0.36,0.36,1,0,125,125,108,2,0.36,stipe_density,"c(-70.808254, 42.892011)",Gulf of Maine/Bay of Fundy,Cold Temperate Northwest Atlantic,Temperate Northern Atlantic,0.008899143045484509,0.0014445178476337334,0.0014445178476337334,0.008859779036934997,0.0014434755353659775,0.0014434755353659775
Normandeau,Seabrook Station B17,29,42.892011,-70.808254,1,2010-06-15,4.9,4.9,4.9,NA,0.25,0.25,1,0,125,125,108,2,0.25,stipe_density,"c(-70.808254, 42.892011)",Gulf of Maine/Bay of Fundy,Cold Temperate Northwest Atlantic,Temperate Northern Atlantic,0.006179960448253132,0.0010031373941900925,0.0010031373941900925,0.006160942804653623,0.001002634588101933,0.001002634588101933
Normandeau,Seabrook Station B17,30,42.892011,-70.808254,1,2011-06-15,4.9,4.9,4.9,NA,0.11,0.11,1,0,125,125,108,2,0.11,stipe_density,"c(-70.808254, 42.892011)",Gulf of Maine/Bay of Fundy,Cold Temperate Northwest Atlantic,Temperate Northern Atlantic,0.0027191825972313777,4.413804534436407e-4,4.413804534436407e-4,0.002715492308431967,4.4128307374448746e-4,4.4128307374448746e-4
Normandeau,Seabrook Station B19,1,42.892011,-70.808254,1,1978-06-15,12.2,12.2,12.2,NA,0.56,0.56,NA,0,125,125,108,2,0.56,stipe_density,"c(-70.808254, 42.892011)",Gulf of Maine/Bay of Fundy,Cold Temperate Northwest Atlantic,Temperate Northern Atlantic,0.013843111404087016,0.0022470277629858077,0.0022470277629858077,0.013748170717057136,0.0022445069715879,0.0022445069715879
Normandeau,Seabrook Station B19,2,42.892011,-70.808254,1,1979-06-15,12.2,12.2,12.2,NA,1.54,1.54,NA,0,125,125,108,2,1.54,stipe_density,"c(-70.808254, 42.892011)",Gulf of Maine/Bay of Fundy,Cold Temperate Northwest Atlantic,Temperate Northern Atlantic,0.03806855636123929,0.00617932634821097,0.00617932634821097,0.037361829153506144,0.006160312599057445,0.006160312599057445
Normandeau,Seabrook Station B19,3,42.892011,-70.808254,1,1980-06-15,12.2,12.2,12.2,NA,2.8125,2.8125,NA,0,125,125,108,2,2.8125,stipe_density,"c(-70.808254, 42.892011)",Gulf of Maine/Bay of Fundy,Cold Temperate Northwest Atlantic,Temperate Northern Atlantic,0.06952455504284773,0.011285295684638541,0.011285295684638541,0.06721420864361267,0.011222091807068502,0.011222091807068502
Normandeau,Seabrook Station B19,4,42.892011,-70.808254,1,1981-06-15,12.2,12.2,12.2,NA,3.3625,3.3625,NA,0,125,125,108,2,3.3625,stipe_density,"c(-70.808254, 42.892011)",Gulf of Maine/Bay of Fundy,Cold Temperate Northwest Atlantic,Temperate Northern Atlantic,0.08312046802900461,0.013492197951856745,0.013492197951856745,0.07984619731649123,0.013401988756810644,0.013401988756810644
Normandeau,Seabrook Station B19,5,42.892011,-70.808254,1,1982-06-15,12.2,12.2,12.2,NA,2.6550000000000002,2.6550000000000002,NA,0,125,125,108,2,2.6550000000000002,stipe_density,"c(-70.808254, 42.892011)",Gulf of Maine/Bay of Fundy,Cold Temperate Northwest Atlantic,Temperate Northern Atlantic,0.06563117996044826,0.010653319126298784,0.010653319126298784,0.06356728084930202,0.010596972355577234,0.010596972355577234
Normandeau,Seabrook Station B19,6,42.892011,-70.808254,1,1983-06-15,12.2,12.2,12.2,NA,4.875,4.875,NA,0,125,125,108,2,4.875,stipe_density,"c(-70.808254, 42.892011)",Gulf of Maine/Bay of Fundy,Cold Temperate Northwest Atlantic,Temperate Northern Atlantic,0.12050922874093606,0.019561179186706804,0.019561179186706804,0.11378325049528477,0.019372318242896536,0.019372318242896536
Normandeau,Seabrook Station B19,7,42.892011,-70.808254,1,1984-06-15,12.2,12.2,12.2,NA,3.66,3.66,NA,0,125,125,108,2,3.66,stipe_density,"c(-70.808254, 42.892011)",Gulf of Maine/Bay of Fundy,Cold Temperate Northwest Atlantic,Temperate Northern Atlantic,0.09047462096242584,0.014685931450942956,0.014685931450942956,0.08661303354363664,0.0145791374693667,0.0145791374693667
Normandeau,Seabrook Station B19,8,42.892011,-70.808254,1,1985-06-15,12.2,12.2,12.2,NA,3.06625,3.06625,7,0,125,125,108,2,3.06625,stipe_density,"c(-70.808254, 42.892011)",Gulf of Maine/Bay of Fundy,Cold Temperate Northwest Atlantic,Temperate Northern Atlantic,0.07579721489782466,0.012303480139741486,0.012303480139741486,0.07306198198753092,0.01222840747079517,0.01222840747079517
Normandeau,Seabrook Station B19,9,42.892011,-70.808254,1,1986-06-15,12.2,12.2,12.2,NA,NA,NA,10,0,125,125,108,2,NA,stipe_density,"c(-70.808254, 42.892011)",Gulf of Maine/Bay of Fundy,Cold Temperate Northwest Atlantic,Temperate Northern Atlantic,NA,NA,NA,NA,NA,NA
Normandeau,Seabrook Station B19,10,42.892011,-70.808254,1,1987-06-15,12.2,12.2,12.2,NA,3.055,3.055,11,0,125,125,108,2,3.055,stipe_density,"c(-70.808254, 42.892011)",Gulf of Maine/Bay of Fundy,Cold Temperate Northwest Atlantic,Temperate Northern Atlantic,0.07551911667765326,0.012258338957002932,0.012258338957002932,0.07280344425633921,0.012183813937201731,0.012183813937201731
Normandeau,Seabrook Station B19,11,42.892011,-70.808254,1,1988-06-15,12.2,12.2,12.2,NA,3.55,3.55,24,0,125,125,108,2,3.55,stipe_density,"c(-70.808254, 42.892011)",Gulf of Maine/Bay of Fundy,Cold Temperate Northwest Atlantic,Temperate Northern Atlantic,0.08775543836519446,0.014244550997499314,0.014244550997499314,0.08411634225239134,0.014144050644830746,0.014144050644830746
Normandeau,Seabrook Station B19,12,42.892011,-70.808254,1,1989-06-15,12.2,12.2,12.2,NA,3.3525,3.3525,15,0,125,125,108,2,3.3525,stipe_density,"c(-70.808254, 42.892011)",Gulf of Maine/Bay of Fundy,Cold Temperate Northwest Atlantic,Temperate Northern Atlantic,0.0828732696110745,0.013452072456089141,0.013452072456089141,0.07961794326874633,0.013362396651237103,0.013362396651237103
Normandeau,Seabrook Station B19,13,42.892011,-70.808254,1,1990-06-15,12.2,12.2,12.2,NA,2.8274999999999997,2.8274999999999997,20,0,125,125,108,2,2.8274999999999997,stipe_density,"c(-70.808254, 42.892011)",Gulf of Maine/Bay of Fundy,Cold Temperate Northwest Atlantic,Temperate Northern Atlantic,0.06989535266974291,0.011345483928289947,0.011345483928289947,0.06756084244773053,0.011281606617458948,0.011281606617458948
Normandeau,Seabrook Station B19,14,42.892011,-70.808254,1,1991-06-15,12.2,12.2,12.2,NA,1.835,1.835,2,0,125,125,108,2,1.835,stipe_density,"c(-70.808254, 42.892011)",Gulf of Maine/Bay of Fundy,Cold Temperate Northwest Atlantic,Temperate Northern Atlantic,0.04536090969017798,0.007363028473355279,0.007363028473355279,0.044362193915503945,0.0073360537089168605,0.0073360537089168605
Normandeau,Seabrook Station B19,15,42.892011,-70.808254,1,1992-06-15,12.2,12.2,12.2,NA,1.8199999999999998,1.8199999999999998,2,0,125,125,108,2,1.8199999999999998,stipe_density,"c(-70.808254, 42.892011)",Gulf of Maine/Bay of Fundy,Cold Temperate Northwest Atlantic,Temperate Northern Atlantic,0.044990112063282794,0.007302840229703874,0.007302840229703874,0.0440074232316087,0.007276303608809258,0.007276303608809258
Normandeau,Seabrook Station B19,16,42.892011,-70.808254,1,1993-06-15,12.2,12.2,12.2,NA,1.4075,1.4075,2,0,125,125,108,2,1.4075,stipe_density,"c(-70.808254, 42.892011)",Gulf of Maine/Bay of Fundy,Cold Temperate Northwest Atlantic,Temperate Northern Atlantic,0.03479317732366513,0.005647663529290221,0.005647663529290221,0.03420157807613566,0.005631775270576695,0.005631775270576695
Normandeau,Seabrook Station B19,17,42.892011,-70.808254,1,1994-06-15,12.2,12.2,12.2,NA,2.1800000000000006,2.1800000000000006,1,0,125,125,108,2,2.1800000000000006,stipe_density,"c(-70.808254, 42.892011)",Gulf of Maine/Bay of Fundy,Cold Temperate Northwest Atlantic,Temperate Northern Atlantic,0.05388925510876732,0.00874735807733761,0.00874735807733761,0.05248737354452019,0.008709321592235138,0.008709321592235138
Normandeau,Seabrook Station B19,18,42.892011,-70.808254,1,1995-06-15,12.2,12.2,12.2,NA,2.51,2.51,1,0,125,125,108,2,2.51,stipe_density,"c(-70.808254, 42.892011)",Gulf of Maine/Bay of Fundy,Cold Temperate Northwest Atlantic,Temperate Northern Atlantic,0.06204680290046143,0.01007149943766853,0.01007149943766853,0.060197992376411436,0.010021119870010564,0.010021119870010564
Normandeau,Seabrook Station B19,19,42.892011,-70.808254,1,1996-06-15,12.2,12.2,12.2,NA,2.0375,2.0375,1,0,125,125,108,2,2.0375,stipe_density,"c(-70.808254, 42.892011)",Gulf of Maine/Bay of Fundy,Cold Temperate Northwest Atlantic,Temperate Northern Atlantic,0.05036667765326302,0.008175569762649255,0.008175569762649255,0.04913932002006451,0.008142330834071876,0.008142330834071876
Normandeau,Seabrook Station B19,20,42.892011,-70.808254,1,1997-06-15,12.2,12.2,12.2,NA,4.025,4.025,2,0,125,125,108,2,4.025,stipe_density,"c(-70.808254, 42.892011)",Gulf of Maine/Bay of Fundy,Cold Temperate Northwest Atlantic,Temperate Northern Atlantic,0.09949736321687543,0.01615051204646049,0.01615051204646049,0.09485313284416012,0.016021479962392796,0.016021479962392796
Normandeau,Seabrook Station B19,21,42.892011,-70.808254,1,1998-06-15,12.2,12.2,12.2,NA,4.0600000000000005,4.0600000000000005,2,0,125,125,108,2,4.0600000000000005,stipe_density,"c(-70.808254, 42.892011)",Gulf of Maine/Bay of Fundy,Cold Temperate Northwest Atlantic,Temperate Northern Atlantic,0.10036255767963086,0.016290951281647106,0.016290951281647106,0.09563972338944586,0.016159677532108032,0.016159677532108032
Normandeau,Seabrook Station B19,22,42.892011,-70.808254,1,1999-06-15,12.2,12.2,12.2,NA,4.045,4.045,2,0,125,125,108,2,4.045,stipe_density,"c(-70.808254, 42.892011)",Gulf of Maine/Bay of Fundy,Cold Temperate Northwest Atlantic,Temperate Northern Atlantic,0.09999176005273566,0.0162307630379957,0.0162307630379957,0.09530268891511874,0.016100452340814815,0.016100452340814815
Normandeau,Seabrook Station B19,23,42.892011,-70.808254,1,2000-06-15,12.2,12.2,12.2,NA,2.7749999999999995,2.7749999999999995,2,0,125,125,108,2,2.7749999999999995,stipe_density,"c(-70.808254, 42.892011)",Gulf of Maine/Bay of Fundy,Cold Temperate Northwest Atlantic,Temperate Northern Atlantic,0.06859756097560975,0.011134825075510026,0.011134825075510026,0.06634709809050106,0.011073289282942588,0.011073289282942588
Normandeau,Seabrook Station B19,24,42.892011,-70.808254,1,2001-06-15,12.2,12.2,12.2,NA,1.875,1.875,0,0,125,125,108,2,1.875,stipe_density,"c(-70.808254, 42.892011)",Gulf of Maine/Bay of Fundy,Cold Temperate Northwest Atlantic,Temperate Northern Atlantic,0.04634970336189848,0.007523530456425695,0.007523530456425695,0.04530763420653077,0.007495369857708004,0.007495369857708004
Normandeau,Seabrook Station B19,25,42.892011,-70.808254,1,2002-06-15,12.2,12.2,12.2,NA,1.415,1.415,0,0,125,125,108,2,1.415,stipe_density,"c(-70.808254, 42.892011)",Gulf of Maine/Bay of Fundy,Cold Temperate Northwest Atlantic,Temperate Northern Atlantic,0.03497857613711272,0.0056777576511159245,0.0056777576511159245,0.034380727118664946,0.005661699937675515,0.005661699937675515
Normandeau,Seabrook Station B19,26,42.892011,-70.808254,1,2003-06-15,12.2,12.2,12.2,NA,1.5074999999999998,1.5074999999999998,0,0,125,125,108,2,1.5074999999999998,stipe_density,"c(-70.808254, 42.892011)",Gulf of Maine/Bay of Fundy,Cold Temperate Northwest Atlantic,Temperate Northern Atlantic,0.037265161502966375,0.006048918486966258,0.006048918486966258,0.036587597143021025,0.006030697221913194,0.006030697221913194
Normandeau,Seabrook Station B19,27,42.892011,-70.808254,1,2004-06-15,12.2,12.2,12.2,NA,2.6925,2.6925,0,0,125,125,108,2,2.6925,stipe_density,"c(-70.808254, 42.892011)",Gulf of Maine/Bay of Fundy,Cold Temperate Northwest Atlantic,Temperate Northern Atlantic,0.06655817402768623,0.010803789735427297,0.010803789735427297,0.06443680411552605,0.010745845768470264,0.010745845768470264
Normandeau,Seabrook Station B19,28,42.892011,-70.808254,1,2005-06-15,12.2,12.2,12.2,NA,2.8475,2.8475,0,0,125,125,108,2,2.8475,stipe_density,"c(-70.808254, 42.892011)",Gulf of Maine/Bay of Fundy,Cold Temperate Northwest Atlantic,Temperate Northern Atlantic,0.07038974950560317,0.011425734919825155,0.011425734919825155,0.06802283402460146,0.011360954188582682,0.011360954188582682
Normandeau,Seabrook Station B19,29,42.892011,-70.808254,1,2006-06-15,12.2,12.2,12.2,NA,2.3500000000000005,2.3500000000000005,0,0,125,125,108,2,2.3500000000000005,stipe_density,"c(-70.808254, 42.892011)",Gulf of Maine/Bay of Fundy,Cold Temperate Northwest Atlantic,Temperate Northern Atlantic,0.058091628213579445,0.009429491505386873,0.009429491505386873,0.056466934802905835,0.009385311364059297,0.009385311364059297
Normandeau,Seabrook Station B19,30,42.892011,-70.808254,1,2007-06-15,12.2,12.2,12.2,NA,1.8824999999999998,1.8824999999999998,0,0,125,125,108,2,1.8824999999999998,stipe_density,"c(-70.808254, 42.892011)",Gulf of Maine/Bay of Fundy,Cold Temperate Northwest Atlantic,Temperate Northern Atlantic,0.04653510217534607,0.0075536245782513965,0.0075536245782513965,0.045484804792739954,0.007525238810122963,0.007525238810122963
Normandeau,Seabrook Station B19,31,42.892011,-70.808254,1,2008-06-15,12.2,12.2,12.2,NA,2.005,2.005,0,0,125,125,108,2,2.005,stipe_density,"c(-70.808254, 42.892011)",Gulf of Maine/Bay of Fundy,Cold Temperate Northwest Atlantic,Temperate Northern Atlantic,0.04956328279499011,0.008045161901404542,0.008045161901404542,0.04837415650261208,0.008012972119146887,0.008012972119146887
Normandeau,Seabrook Station B19,32,42.892011,-70.808254,1,2009-06-15,12.2,12.2,12.2,NA,2.5375000000000005,2.5375000000000005,0,0,125,125,108,2,2.5375000000000005,stipe_density,"c(-70.808254, 42.892011)",Gulf of Maine/Bay of Fundy,Cold Temperate Northwest Atlantic,Temperate Northern Atlantic,0.0627265985497693,0.010181844551029441,0.010181844551029441,0.06083786830109929,0.010130358757102737,0.010130358757102737
Normandeau,Seabrook Station B19,33,42.892011,-70.808254,1,2010-06-15,12.2,12.2,12.2,NA,2.1000000000000005,2.1000000000000005,0,0,125,125,108,2,2.1000000000000005,stipe_density,"c(-70.808254, 42.892011)",Gulf of Maine/Bay of Fundy,Cold Temperate Northwest Atlantic,Temperate Northern Atlantic,0.05191166776532632,0.00842635411119678,0.00842635411119678,0.05060914478763455,0.008391050570844319,0.008391050570844319
Normandeau,Seabrook Station B19,34,42.892011,-70.808254,1,2011-06-15,12.2,12.2,12.2,NA,1.665,1.665,0,0,125,125,108,2,1.665,stipe_density,"c(-70.808254, 42.892011)",Gulf of Maine/Bay of Fundy,Cold Temperate Northwest Atlantic,Temperate Northern Atlantic,0.041158536585365856,0.006680895045306017,0.006680895045306017,0.04033407062670111,0.0066586767697487444,0.0066586767697487444
Normandeau,Seabrook Station B31,1,42.892011,-70.808254,1,1978-06-15,9.4,9.4,9.4,NA,1.3800000000000001,1.3800000000000001,NA,0,125,125,108,2,1.3800000000000001,stipe_density,"c(-70.808254, 42.892011)",Gulf of Maine/Bay of Fundy,Cold Temperate Northwest Atlantic,Temperate Northern Atlantic,0.03411338167435729,0.005537318415929311,0.005537318415929311,0.03354442353156178,0.005522043829200449,0.005522043829200449
Normandeau,Seabrook Station B31,2,42.892011,-70.808254,1,1979-06-15,9.4,9.4,9.4,NA,3.09,3.09,NA,0,125,125,108,2,3.09,stipe_density,"c(-70.808254, 42.892011)",Gulf of Maine/Bay of Fundy,Cold Temperate Northwest Atlantic,Temperate Northern Atlantic,0.0763843111404087,0.012398778192189543,0.012398778192189543,0.07360756445819516,0.012322542845145864,0.012322542845145864
Normandeau,Seabrook Station B31,3,42.892011,-70.808254,1,1980-06-15,9.4,9.4,9.4,NA,4.2524999999999995,4.2524999999999995,NA,0,125,125,108,2,4.2524999999999995,stipe_density,"c(-70.808254, 42.892011)",Gulf of Maine/Bay of Fundy,Cold Temperate Northwest Atlantic,Temperate Northern Atlantic,0.10512112722478575,0.017063367075173475,0.017063367075173475,0.09995494636016442,0.016919422967231718,0.016919422967231718
Normandeau,Seabrook Station B31,4,42.892011,-70.808254,1,1981-06-15,9.4,9.4,9.4,NA,3.6625,3.6625,NA,0,125,125,108,2,3.6625,stipe_density,"c(-70.808254, 42.892011)",Gulf of Maine/Bay of Fundy,Cold Temperate Northwest Atlantic,Temperate Northern Atlantic,0.09053642056690837,0.014695962824884857,0.014695962824884857,0.08666970414577692,0.0145890236065894,0.0145890236065894
Normandeau,Seabrook Station B31,5,42.892011,-70.808254,1,1982-06-15,9.4,9.4,9.4,NA,3.3075,3.3075,NA,0,125,125,108,2,3.3075,stipe_density,"c(-70.808254, 42.892011)",Gulf of Maine/Bay of Fundy,Cold Temperate Northwest Atlantic,Temperate Northern Atlantic,0.08176087673038893,0.013271507725134926,0.013271507725134926,0.07859015482653907,0.013184212775352182,0.013184212775352182
Normandeau,Seabrook Station B31,6,42.892011,-70.808254,1,1983-06-15,9.4,9.4,9.4,NA,3.045,3.045,NA,0,125,125,108,2,3.045,stipe_density,"c(-70.808254, 42.892011)",Gulf of Maine/Bay of Fundy,Cold Temperate Northwest Atlantic,Temperate Northern Atlantic,0.07527191825972314,0.012218213461235328,0.012218213461235328,0.07257357681221938,0.012144173571177318,0.012144173571177318
Normandeau,Seabrook Station B31,7,42.892011,-70.808254,1,1984-06-15,9.4,9.4,9.4,NA,2.1975,2.1975,NA,0,125,125,108,2,2.1975,stipe_density,"c(-70.808254, 42.892011)",Gulf of Maine/Bay of Fundy,Cold Temperate Northwest Atlantic,Temperate Northern Atlantic,0.05432185234014502,0.008817577694930913,0.008817577694930913,0.05289776625701541,0.00877892987732829,0.00877892987732829
Normandeau,Seabrook Station B31,8,42.892011,-70.808254,1,1985-06-15,9.4,9.4,9.4,NA,2.16,2.16,52,0,125,125,108,2,2.16,stipe_density,"c(-70.808254, 42.892011)",Gulf of Maine/Bay of Fundy,Cold Temperate Northwest Atlantic,Temperate Northern Atlantic,0.053394858272907054,0.0086671070858024,0.0086671070858024,0.0520181469776878,0.008629763332925216,0.008629763332925216
Normandeau,Seabrook Station B31,9,42.892011,-70.808254,1,1986-06-15,9.4,9.4,9.4,NA,0.17,0.17,45,0,125,125,108,2,0.17,stipe_density,"c(-70.808254, 42.892011)",Gulf of Maine/Bay of Fundy,Cold Temperate Northwest Atlantic,Temperate Northern Atlantic,0.004202373104812129,6.82133428049263e-4,6.82133428049263e-4,0.004193567795134237,6.819008807886804e-4,6.819008807886804e-4
Normandeau,Seabrook Station B31,10,42.892011,-70.808254,1,1987-06-15,9.4,9.4,9.4,NA,1.7825,1.7825,29,0,125,125,108,2,1.7825,stipe_density,"c(-70.808254, 42.892011)",Gulf of Maine/Bay of Fundy,Cold Temperate Northwest Atlantic,Temperate Northern Atlantic,0.04406311799604482,0.00715236962057536,0.00715236962057536,0.0431199454835625,0.007126912737597304,0.007126912737597304
Normandeau,Seabrook Station B31,11,42.892011,-70.808254,1,1988-06-15,9.4,9.4,9.4,NA,2.2925,2.2925,39,0,125,125,108,2,2.2925,stipe_density,"c(-70.808254, 42.892011)",Gulf of Maine/Bay of Fundy,Cold Temperate Northwest Atlantic,Temperate Northern Atlantic,0.056670237310481215,0.00919876990472315,0.00919876990472315,0.055122678373554376,0.009156718902456328,0.009156718902456328
Normandeau,Seabrook Station B31,12,42.892011,-70.808254,1,1989-06-15,9.4,9.4,9.4,NA,1.7475,1.7475,32,0,125,125,108,2,1.7475,stipe_density,"c(-70.808254, 42.892011)",Gulf of Maine/Bay of Fundy,Cold Temperate Northwest Atlantic,Temperate Northern Atlantic,0.04319792353328939,0.007011930385388747,0.007011930385388747,0.042290921710211905,0.0069874611194610395,0.0069874611194610395
Normandeau,Seabrook Station B31,13,42.892011,-70.808254,1,1990-06-15,9.4,9.4,9.4,NA,1.92,1.92,30,0,125,125,108,2,1.92,stipe_density,"c(-70.808254, 42.892011)",Gulf of Maine/Bay of Fundy,Cold Temperate Northwest Atlantic,Temperate Northern Atlantic,0.047462096242584045,0.00770409518737991,0.00770409518737991,0.046370187188183705,0.007674570191347543,0.007674570191347543
Normandeau,Seabrook Station B31,14,42.892011,-70.808254,1,1991-06-15,9.4,9.4,9.4,NA,1.4075,1.4075,26,0,125,125,108,2,1.4075,stipe_density,"c(-70.808254, 42.892011)",Gulf of Maine/Bay of Fundy,Cold Temperate Northwest Atlantic,Temperate Northern Atlantic,0.03479317732366513,0.005647663529290221,0.005647663529290221,0.03420157807613566,0.005631775270576695,0.005631775270576695
Normandeau,Seabrook Station B31,15,42.892011,-70.808254,1,1992-06-15,9.4,9.4,9.4,NA,1.9725000000000001,1.9725000000000001,33,0,125,125,108,2,1.9725000000000001,stipe_density,"c(-70.808254, 42.892011)",Gulf of Maine/Bay of Fundy,Cold Temperate Northwest Atlantic,Temperate Northern Atlantic,0.048759887936717206,0.007914754040159832,0.007914754040159832,0.04760840706159526,0.00788359666837982,0.00788359666837982
Normandeau,Seabrook Station B31,16,42.892011,-70.808254,1,1993-06-15,9.4,9.4,9.4,NA,1.6175,1.6175,26,0,125,125,108,2,1.6175,stipe_density,"c(-70.808254, 42.892011)",Gulf of Maine/Bay of Fundy,Cold Temperate Northwest Atlantic,Temperate Northern Atlantic,0.03998434410019776,0.006490298940409899,0.006490298940409899,0.03920565929016255,0.006469327641333735,0.006469327641333735
Normandeau,Seabrook Station B31,17,42.892011,-70.808254,1,1994-06-15,9.4,9.4,9.4,NA,2.7875,2.7875,12,0,125,125,108,2,2.7875,stipe_density,"c(-70.808254, 42.892011)",Gulf of Maine/Bay of Fundy,Cold Temperate Northwest Atlantic,Temperate Northern Atlantic,0.06890655899802242,0.011184981945219533,0.011184981945219533,0.06663621849188671,0.011122892584601887,0.011122892584601887
Normandeau,Seabrook Station B31,18,42.892011,-70.808254,1,1995-06-15,9.4,9.4,9.4,NA,2.37,2.37,3,0,125,125,108,2,2.37,stipe_density,"c(-70.808254, 42.892011)",Gulf of Maine/Bay of Fundy,Cold Temperate Northwest Atlantic,Temperate Northern Atlantic,0.05858602504943969,0.009509742496922078,0.009509742496922078,0.05693407900324147,0.009464809538373704,0.009464809538373704
Normandeau,Seabrook Station B31,19,42.892011,-70.808254,1,1996-06-15,9.4,9.4,9.4,NA,2.8125,2.8125,7,0,125,125,108,2,2.8125,stipe_density,"c(-70.808254, 42.892011)",Gulf of Maine/Bay of Fundy,Cold Temperate Northwest Atlantic,Temperate Northern Atlantic,0.06952455504284773,0.011285295684638541,0.011285295684638541,0.06721420864361267,0.011222091807068502,0.011222091807068502
Normandeau,Seabrook Station B31,20,42.892011,-70.808254,1,1997-06-15,9.4,9.4,9.4,NA,3.01,3.01,29,0,125,125,108,2,3.01,stipe_density,"c(-70.808254, 42.892011)",Gulf of Maine/Bay of Fundy,Cold Temperate Northwest Atlantic,Temperate Northern Atlantic,0.0744067237969677,0.012077774226048714,0.012077774226048714,0.07176862439510406,0.012005419914334415,0.012005419914334415
Normandeau,Seabrook Station B31,21,42.892011,-70.808254,1,1998-06-15,9.4,9.4,9.4,NA,2.32,2.32,31,0,125,125,108,2,2.32,stipe_density,"c(-70.808254, 42.892011)",Gulf of Maine/Bay of Fundy,Cold Temperate Northwest Atlantic,Temperate Northern Atlantic,0.057350032959789056,0.009309115018084058,0.009309115018084058,0.05576580907792763,0.009266052251406781,0.009266052251406781
Normandeau,Seabrook Station B31,22,42.892011,-70.808254,1,1999-06-15,9.4,9.4,9.4,NA,2.355,2.355,29,0,125,125,108,2,2.355,stipe_density,"c(-70.808254, 42.892011)",Gulf of Maine/Bay of Fundy,Cold Temperate Northwest Atlantic,Temperate Northern Atlantic,0.058215227422544494,0.009449554253270672,0.009449554253270672,0.05658374131305473,0.009405186500141863,0.009405186500141863
Normandeau,Seabrook Station B31,23,42.892011,-70.808254,1,2000-06-15,9.4,9.4,9.4,NA,1.0775,1.0775,15,0,125,125,108,2,1.0775,stipe_density,"c(-70.808254, 42.892011)",Gulf of Maine/Bay of Fundy,Cold Temperate Northwest Atlantic,Temperate Northern Atlantic,0.026635629531970993,0.004323522168959299,0.004323522168959299,0.026287076885055303,0.004314202599573711,0.004314202599573711
Normandeau,Seabrook Station B31,24,42.892011,-70.808254,1,2001-06-15,9.4,9.4,9.4,NA,0.8925,0.8925,1,0,125,125,108,2,0.8925,stipe_density,"c(-70.808254, 42.892011)",Gulf of Maine/Bay of Fundy,Cold Temperate Northwest Atlantic,Temperate Northern Atlantic,0.02206245880026368,0.00358120049725863,0.00358120049725863,0.021822604200082994,0.0035748032673837134,0.0035748032673837134
Normandeau,Seabrook Station B31,25,42.892011,-70.808254,1,2002-06-15,9.4,9.4,9.4,NA,1.135,1.135,7,0,125,125,108,2,1.135,stipe_density,"c(-70.808254, 42.892011)",Gulf of Maine/Bay of Fundy,Cold Temperate Northwest Atlantic,Temperate Northern Atlantic,0.028057020435069215,0.00455424376962302,0.00455424376962302,0.027670632844005925,0.004543904581038479,0.004543904581038479
Normandeau,Seabrook Station B31,26,42.892011,-70.808254,1,2003-06-15,9.4,9.4,9.4,NA,1.285,1.285,5,0,125,125,108,2,1.285,stipe_density,"c(-70.808254, 42.892011)",Gulf of Maine/Bay of Fundy,Cold Temperate Northwest Atlantic,Temperate Northern Atlantic,0.031764996704021095,0.005156126206137076,0.005156126206137076,0.03127092475598853,0.005142878904404274,0.005142878904404274
Normandeau,Seabrook Station B31,27,42.892011,-70.808254,1,2004-06-15,9.4,9.4,9.4,NA,1.9475000000000002,1.9475000000000002,10,0,125,125,108,2,1.9475000000000002,stipe_density,"c(-70.808254, 42.892011)",Gulf of Maine/Bay of Fundy,Cold Temperate Northwest Atlantic,Temperate Northern Atlantic,0.0481418918918919,0.007814440300740822,0.007814440300740822,0.04701896976065621,0.007784065699851369,0.007784065699851369
Normandeau,Seabrook Station B31,28,42.892011,-70.808254,1,2005-06-15,9.4,9.4,9.4,NA,2.045,2.045,10,0,125,125,108,2,2.045,stipe_density,"c(-70.808254, 42.892011)",Gulf of Maine/Bay of Fundy,Cold Temperate Northwest Atlantic,Temperate Northern Atlantic,0.05055207646671061,0.008205663884474957,0.008205663884474957,0.04931581310297445,0.008172180468977913,0.008172180468977913
Normandeau,Seabrook Station B31,29,42.892011,-70.808254,1,2006-06-15,9.4,9.4,9.4,NA,1.7475,1.7475,16,0,125,125,108,2,1.7475,stipe_density,"c(-70.808254, 42.892011)",Gulf of Maine/Bay of Fundy,Cold Temperate Northwest Atlantic,Temperate Northern Atlantic,0.04319792353328939,0.007011930385388747,0.007011930385388747,0.042290921710211905,0.0069874611194610395,0.0069874611194610395
Normandeau,Seabrook Station B31,30,42.892011,-70.808254,1,2007-06-15,9.4,9.4,9.4,NA,1.47,1.47,13,0,125,125,108,2,1.47,stipe_density,"c(-70.808254, 42.892011)",Gulf of Maine/Bay of Fundy,Cold Temperate Northwest Atlantic,Temperate Northern Atlantic,0.03633816743572841,0.005898447877837745,0.005898447877837745,0.03569350701878733,0.005881120138610995,0.005881120138610995
Normandeau,Seabrook Station B31,31,42.892011,-70.808254,1,2008-06-15,9.4,9.4,9.4,NA,1.47,1.47,7,0,125,125,108,2,1.47,stipe_density,"c(-70.808254, 42.892011)",Gulf of Maine/Bay of Fundy,Cold Temperate Northwest Atlantic,Temperate Northern Atlantic,0.03633816743572841,0.005898447877837745,0.005898447877837745,0.03569350701878733,0.005881120138610995,0.005881120138610995
Normandeau,Seabrook Station B31,32,42.892011,-70.808254,1,2009-06-15,9.4,9.4,9.4,NA,1.6549999999999998,1.6549999999999998,5,0,125,125,108,2,1.6549999999999998,stipe_density,"c(-70.808254, 42.892011)",Gulf of Maine/Bay of Fundy,Cold Temperate Northwest Atlantic,Temperate Northern Atlantic,0.040911338167435723,0.0066407695495384125,0.0066407695495384125,0.04009661613769549,0.006618816774718111,0.006618816774718111
Normandeau,Seabrook Station B31,33,42.892011,-70.808254,1,2010-06-15,9.4,9.4,9.4,NA,1.7150000000000003,1.7150000000000003,2,0,125,125,108,2,1.7150000000000003,stipe_density,"c(-70.808254, 42.892011)",Gulf of Maine/Bay of Fundy,Cold Temperate Northwest Atlantic,Temperate Northern Atlantic,0.04239452867501649,0.0068815225241440365,0.0068815225241440365,0.04152049803787815,0.00685795291609645,0.00685795291609645
Normandeau,Seabrook Station B31,34,42.892011,-70.808254,1,2011-06-15,9.4,9.4,9.4,NA,1.4700000000000002,1.4700000000000002,4,0,125,125,108,2,1.4700000000000002,stipe_density,"c(-70.808254, 42.892011)",Gulf of Maine/Bay of Fundy,Cold Temperate Northwest Atlantic,Temperate Northern Atlantic,0.036338167435728416,0.0058984478778377454,0.0058984478778377454,0.03569350701878733,0.005881120138610995,0.005881120138610995
Normandeau,Seabrook Station B35,1,42.892011,-70.808254,1,1982-06-15,4.6,4.6,4.6,NA,5.34,5.34,NA,0,125,125,108,2,5.34,stipe_density,"c(-70.808254, 42.892011)",Gulf of Maine/Bay of Fundy,Cold Temperate Northwest Atlantic,Temperate Northern Atlantic,0.13200395517468688,0.021427014739900378,0.021427014739900378,0.12398947374545884,0.02120068361857478,0.02120068361857478
Normandeau,Seabrook Station B35,2,42.892011,-70.808254,1,1983-06-15,4.6,4.6,4.6,NA,2.24,2.24,NA,0,125,125,108,2,2.24,stipe_density,"c(-70.808254, 42.892011)",Gulf of Maine/Bay of Fundy,Cold Temperate Northwest Atlantic,Temperate Northern Atlantic,0.05537244561634806,0.008988111051943231,0.008988111051943231,0.0538937336481824,0.008947958400113616,0.008947958400113616
Normandeau,Seabrook Station B35,3,42.892011,-70.808254,1,1984-06-15,4.6,4.6,4.6,NA,1.86,1.86,NA,0,125,125,108,2,1.86,stipe_density,"c(-70.808254, 42.892011)",Gulf of Maine/Bay of Fundy,Cold Temperate Northwest Atlantic,Temperate Northern Atlantic,0.0459789057350033,0.007463342212774289,0.007463342212774289,0.044953198838047236,0.007435629276282326,0.007435629276282326
Normandeau,Seabrook Station B35,4,42.892011,-70.808254,1,1985-06-15,4.6,4.6,4.6,NA,3.16,3.16,11,0,125,125,108,2,3.16,stipe_density,"c(-70.808254, 42.892011)",Gulf of Maine/Bay of Fundy,Cold Temperate Northwest Atlantic,Temperate Northern Atlantic,0.07811470006591958,0.012679656662562771,0.012679656662562771,0.07521386762990646,0.012599942937251125,0.012599942937251125
Normandeau,Seabrook Station B35,5,42.892011,-70.808254,1,1986-06-15,4.6,4.6,4.6,NA,NA,NA,16,0,125,125,108,2,NA,stipe_density,"c(-70.808254, 42.892011)",Gulf of Maine/Bay of Fundy,Cold Temperate Northwest Atlantic,Temperate Northern Atlantic,NA,NA,NA,NA,NA,NA
Normandeau,Seabrook Station B35,6,42.892011,-70.808254,1,1987-06-15,4.6,4.6,4.6,NA,4.96,4.96,15,0,125,125,108,2,4.96,stipe_density,"c(-70.808254, 42.892011)",Gulf of Maine/Bay of Fundy,Cold Temperate Northwest Atlantic,Temperate Northern Atlantic,0.12261041529334213,0.019902245900731436,0.019902245900731436,0.11565670131415597,0.019706785351263138,0.019706785351263138
Normandeau,Seabrook Station B35,7,42.892011,-70.808254,1,1988-06-15,4.6,4.6,4.6,NA,3.14,3.14,9,0,125,125,108,2,3.14,stipe_density,"c(-70.808254, 42.892011)",Gulf of Maine/Bay of Fundy,Cold Temperate Northwest Atlantic,Temperate Northern Atlantic,0.07762030323005933,0.012599405671027563,0.012599405671027563,0.07475518709285306,0.012520693619890439,0.012520693619890439
Normandeau,Seabrook Station B35,8,42.892011,-70.808254,1,1989-06-15,4.6,4.6,4.6,NA,1.89,1.89,12,0,125,125,108,2,1.89,stipe_density,"c(-70.808254, 42.892011)",Gulf of Maine/Bay of Fundy,Cold Temperate Northwest Atlantic,Temperate Northern Atlantic,0.04672050098879367,0.007583718700077099,0.007583718700077099,0.045661943995092526,0.0075551068704100294,0.0075551068704100294
Normandeau,Seabrook Station B35,9,42.892011,-70.808254,1,1990-06-15,4.6,4.6,4.6,NA,1.96,1.96,13,0,125,125,108,2,1.96,stipe_density,"c(-70.808254, 42.892011)",Gulf of Maine/Bay of Fundy,Cold Temperate Northwest Atlantic,Temperate Northern Atlantic,0.048450889914304546,0.007864597170450325,0.007864597170450325,0.047313731840666576,0.007833832422417307,0.007833832422417307
Normandeau,Seabrook Station B35,10,42.892011,-70.808254,1,1991-06-15,4.6,4.6,4.6,NA,2.06,2.06,12,0,125,125,108,2,2.06,stipe_density,"c(-70.808254, 42.892011)",Gulf of Maine/Bay of Fundy,Cold Temperate Northwest Atlantic,Temperate Northern Atlantic,0.050922874093605804,0.008265852128126363,0.008265852128126363,0.04966870584684881,0.008231877065921068,0.008231877065921068
Normandeau,Seabrook Station B35,11,42.892011,-70.808254,1,1992-06-15,4.6,4.6,4.6,NA,2.73,2.73,25,0,125,125,108,2,2.73,stipe_density,"c(-70.808254, 42.892011)",Gulf of Maine/Bay of Fundy,Cold Temperate Northwest Atlantic,Temperate Northern Atlantic,0.06748516809492419,0.010954260344555811,0.010954260344555811,0.0653055719678422,0.010894697021368999,0.010894697021368999
Normandeau,Seabrook Station B35,12,42.892011,-70.808254,1,1993-06-15,4.6,4.6,4.6,NA,3.77,3.77,18,0,125,125,108,2,3.77,stipe_density,"c(-70.808254, 42.892011)",Gulf of Maine/Bay of Fundy,Cold Temperate Northwest Atlantic,Temperate Northern Atlantic,0.09319380355965722,0.015127311904386596,0.015127311904386596,0.08910350688854851,0.015014035075681362,0.015014035075681362
Normandeau,Seabrook Station B35,13,42.892011,-70.808254,1,1994-06-15,4.6,4.6,4.6,NA,4.5,4.5,18,0,125,125,108,2,4.5,stipe_density,"c(-70.808254, 42.892011)",Gulf of Maine/Bay of Fundy,Cold Temperate Northwest Atlantic,Temperate Northern Atlantic,0.11123928806855636,0.018056473095421667,0.018056473095421667,0.10547586826615914,0.01789539114313417,0.01789539114313417
Normandeau,Seabrook Station B35,14,42.892011,-70.808254,1,1995-06-15,4.6,4.6,4.6,NA,3.04,3.04,6,0,125,125,108,2,3.04,stipe_density,"c(-70.808254, 42.892011)",Gulf of Maine/Bay of Fundy,Cold Temperate Northwest Atlantic,Temperate Northern Atlantic,0.07514831905075807,0.012198150713351527,0.012198150713351527,0.07245862327248158,0.012124352798889947,0.012124352798889947
Normandeau,Seabrook Station B35,15,42.892011,-70.808254,1,1996-06-15,4.6,4.6,4.6,NA,3.21,3.21,12,0,125,125,108,2,3.21,stipe_density,"c(-70.808254, 42.892011)",Gulf of Maine/Bay of Fundy,Cold Temperate Northwest Atlantic,Temperate Northern Atlantic,0.07935069215557021,0.01288028414140079,0.01288028414140079,0.07635964936928075,0.012798038758019017,0.012798038758019017
Normandeau,Seabrook Station B35,16,42.892011,-70.808254,1,1997-06-15,4.6,4.6,4.6,NA,4.36,4.36,14,0,125,125,108,2,4.36,stipe_density,"c(-70.808254, 42.892011)",Gulf of Maine/Bay of Fundy,Cold Temperate Northwest Atlantic,Temperate Northern Atlantic,0.10777851021753461,0.017494716154675218,0.017494716154675218,0.1023566678166281,0.01734344535275135,0.01734344535275135
Normandeau,Seabrook Station B35,17,42.892011,-70.808254,1,1998-06-15,4.6,4.6,4.6,NA,4.96,4.96,7,0,125,125,108,2,4.96,stipe_density,"c(-70.808254, 42.892011)",Gulf of Maine/Bay of Fundy,Cold Temperate Northwest Atlantic,Temperate Northern Atlantic,0.12261041529334213,0.019902245900731436,0.019902245900731436,0.11565670131415597,0.019706785351263138,0.019706785351263138
Normandeau,Seabrook Station B35,18,42.892011,-70.808254,1,1999-06-15,4.6,4.6,4.6,NA,4.64,4.64,18,0,125,125,108,2,4.64,stipe_density,"c(-70.808254, 42.892011)",Gulf of Maine/Bay of Fundy,Cold Temperate Northwest Atlantic,Temperate Northern Atlantic,0.11470006591957811,0.018618230036168117,0.018618230036168117,0.10858536955004798,0.018447032457408273,0.018447032457408273
Normandeau,Seabrook Station B35,19,42.892011,-70.808254,1,2000-06-15,4.6,4.6,4.6,NA,2.34,2.34,2,0,125,125,108,2,2.34,stipe_density,"c(-70.808254, 42.892011)",Gulf of Maine/Bay of Fundy,Cold Temperate Northwest Atlantic,Temperate Northern Atlantic,0.057844429795649306,0.009389366009619267,0.009389366009619267,0.05623328084335528,0.009345559906791584,0.009345559906791584
Normandeau,Seabrook Station B35,20,42.892011,-70.808254,1,2001-06-15,4.6,4.6,4.6,NA,0.88,0.88,2,0,125,125,108,2,0.88,stipe_density,"c(-70.808254, 42.892011)",Gulf of Maine/Bay of Fundy,Cold Temperate Northwest Atlantic,Temperate Northern Atlantic,0.021753460777851022,0.0035310436275491257,0.0035310436275491257,0.021520230564760153,0.0035248241295783326,0.0035248241295783326
Normandeau,Seabrook Station B35,21,42.892011,-70.808254,1,2002-06-15,4.6,4.6,4.6,NA,1.19,1.19,2,0,125,125,108,2,1.19,stipe_density,"c(-70.808254, 42.892011)",Gulf of Maine/Bay of Fundy,Cold Temperate Northwest Atlantic,Temperate Northern Atlantic,0.029416611733684903,0.00477493399634484,0.00477493399634484,0.028992245403461073,0.004763570159034463,0.004763570159034463
Normandeau,Seabrook Station B35,22,42.892011,-70.808254,1,2003-06-15,4.6,4.6,4.6,NA,2.38,2.38,1,0,125,125,108,2,2.38,stipe_density,"c(-70.808254, 42.892011)",Gulf of Maine/Bay of Fundy,Cold Temperate Northwest Atlantic,Temperate Northern Atlantic,0.058833223467369807,0.00954986799268968,0.00954986799268968,0.05716756929499772,0.009504556255671613,0.009504556255671613
Normandeau,Seabrook Station B35,23,42.892011,-70.808254,1,2004-06-15,4.6,4.6,4.6,NA,4.82,4.82,5,0,125,125,108,2,4.82,stipe_density,"c(-70.808254, 42.892011)",Gulf of Maine/Bay of Fundy,Cold Temperate Northwest Atlantic,Temperate Northern Atlantic,0.11914963744232038,0.019340488959984987,0.019340488959984987,0.11256914464536859,0.019155838722543676,0.019155838722543676
Normandeau,Seabrook Station B35,24,42.892011,-70.808254,1,2005-06-15,4.6,4.6,4.6,NA,6.91,6.91,9,0,125,125,108,2,6.91,stipe_density,"c(-70.808254, 42.892011)",Gulf of Maine/Bay of Fundy,Cold Temperate Northwest Atlantic,Temperate Northern Atlantic,0.17081410678971656,0.02772671757541416,0.02772671757541416,0.1576993246097072,0.027349292757118216,0.027349292757118216
Normandeau,Seabrook Station B35,25,42.892011,-70.808254,1,2006-06-15,4.6,4.6,4.6,NA,3.98,3.98,11,0,125,125,108,2,3.98,stipe_density,"c(-70.808254, 42.892011)",Gulf of Maine/Bay of Fundy,Cold Temperate Northwest Atlantic,Temperate Northern Atlantic,0.09838497033618984,0.015969947315506276,0.015969947315506276,0.09384089214438619,0.01584376930493899,0.01584376930493899
Normandeau,Seabrook Station B35,26,42.892011,-70.808254,1,2007-06-15,4.6,4.6,4.6,NA,0.95,0.95,3,0,125,125,108,2,0.95,stipe_density,"c(-70.808254, 42.892011)",Gulf of Maine/Bay of Fundy,Cold Temperate Northwest Atlantic,Temperate Northern Atlantic,0.023483849703361898,0.003811922097922352,0.003811922097922352,0.023212346515825478,0.0038046751336191665,0.0038046751336191665
Normandeau,Seabrook Station B35,27,42.892011,-70.808254,1,2008-06-15,4.6,4.6,4.6,NA,1.12,1.12,7,0,125,125,108,2,1.12,stipe_density,"c(-70.808254, 42.892011)",Gulf of Maine/Bay of Fundy,Cold Temperate Northwest Atlantic,Temperate Northern Atlantic,0.02768622280817403,0.0044940555259716155,0.0044940555259716155,0.027309889709244254,0.0044839874116099345,0.0044839874116099345
Normandeau,Seabrook Station B35,28,42.892011,-70.808254,1,2009-06-15,4.6,4.6,4.6,NA,3.56,3.56,18,0,125,125,108,2,3.56,stipe_density,"c(-70.808254, 42.892011)",Gulf of Maine/Bay of Fundy,Cold Temperate Northwest Atlantic,Temperate Northern Atlantic,0.08800263678312459,0.014284676493266918,0.014284676493266918,0.08434357194471545,0.014183611815780659,0.014183611815780659
Normandeau,Seabrook Station B35,29,42.892011,-70.808254,1,2010-06-15,4.6,4.6,4.6,NA,3.07,3.07,19,0,125,125,108,2,3.07,stipe_density,"c(-70.808254, 42.892011)",Gulf of Maine/Bay of Fundy,Cold Temperate Northwest Atlantic,Temperate Northern Atlantic,0.07588991430454844,0.012318527200654336,0.012318527200654336,0.07314814637967035,0.012243271540096544,0.012243271540096544
Normandeau,Seabrook Station B35,30,42.892011,-70.808254,1,2011-06-15,4.6,4.6,4.6,NA,2.34,2.34,14,0,125,125,108,2,2.34,stipe_density,"c(-70.808254, 42.892011)",Gulf of Maine/Bay of Fundy,Cold Temperate Northwest Atlantic,Temperate Northern Atlantic,0.057844429795649306,0.009389366009619267,0.009389366009619267,0.05623328084335528,0.009345559906791584,0.009345559906791584
O'Brien_et_al._2018,Paddy's Head,1,44.52707,-63.95133,0.25,2005-06-15,8,8,8,NA,11.60486322,11.60486322,NA,0,54,54,0,2,11.60486322,stipe_density,"c(-63.95133, 44.52707)",Scotian Shelf,Cold Temperate Northwest Atlantic,Temperate Northern Atlantic,0.5314288945223068,0.04656508900177299,0.04656508900177299,0.42620121756270735,0.04551345781809948,0.04551345781809948
O'Brien_et_al._2018,Paddy's Head,2,44.52707,-63.95133,0.25,2007-06-15,8,8,8,NA,2.41337386,2.41337386,NA,0,54,54,0,2,2.41337386,stipe_density,"c(-63.95133, 44.52707)",Scotian Shelf,Cold Temperate Northwest Atlantic,Temperate Northern Atlantic,0.11051716665462193,0.009683782260507541,0.009683782260507541,0.10482582272419373,0.00963719496045684,0.00963719496045684
O'Brien_et_al._2018,Paddy's Head,3,44.52707,-63.95133,9999,2012-06-15,5,5,5,NA,3.045592705,3.045592705,NA,0,54,54,0,2,3.045592705,stipe_density,"c(-63.95133, 44.52707)",Scotian Shelf,Cold Temperate Northwest Atlantic,Temperate Northern Atlantic,0.13946876699020258,0.01222059171943222,0.01222059171943222,0.1305621599292761,0.01214652311929973,0.01214652311929973
O'Brien_et_al._2018,Paddy's Head,4,44.52707,-63.95133,9999,2012-07-15,5,5,5,NA,2.583586626,2.583586626,NA,0,54,54,0,2,2.583586626,stipe_density,"c(-63.95133, 44.52707)",Scotian Shelf,Cold Temperate Northwest Atlantic,Temperate Northern Atlantic,0.1183118282851934,0.010366769422680054,0.010366769422680054,0.11182025201940235,0.010313402976764651,0.010313402976764651
O'Brien_et_al._2018,Paddy's Head,5,44.52707,-63.95133,9999,2012-08-15,5,5,5,NA,2.340425532,2.340425532,NA,0,54,54,0,2,2.340425532,stipe_density,"c(-63.95133, 44.52707)",Scotian Shelf,Cold Temperate Northwest Atlantic,Temperate Northern Atlantic,0.1071765973974609,0.009391073477865764,0.009391073477865764,0.1018131689142613,0.009347251490693381,0.009347251490693381
O'Brien_et_al._2018,Paddy's Head,6,44.52707,-63.95133,9999,2012-09-15,5,5,5,NA,0.686930091,0.686930091,NA,0,54,54,0,2,0.686930091,stipe_density,"c(-63.95133, 44.52707)",Scotian Shelf,Cold Temperate Northwest Atlantic,Temperate Northern Atlantic,0.03145702727845142,0.0027563410459060128,0.0027563410459060128,0.030972392242980127,0.0027525493038833182,0.0027525493038833182
O'Brien_et_al._2018,Paddy's Head,7,44.52707,-63.95133,9999,2012-10-15,5,5,5,NA,0.249240122,0.249240122,NA,0,54,54,0,2,0.249240122,stipe_density,"c(-63.95133, 44.52707)",Scotian Shelf,Cold Temperate Northwest Atlantic,Temperate Northern Atlantic,0.011413611689691667,0.001000088346042803,0.001000088346042803,0.011348967838649337,9.99588590864669e-4,9.99588590864669e-4
O'Brien_et_al._2018,Paddy's Head,8,44.52707,-63.95133,9999,2012-12-15,5,5,5,NA,0.103343465,0.103343465,NA,0,54,54,0,2,0.103343465,stipe_density,"c(-63.95133, 44.52707)",Scotian Shelf,Cold Temperate Northwest Atlantic,Temperate Northern Atlantic,0.00473247312957599,4.146707767467001e-4,4.146707767467001e-4,0.004721310183654831,0.00041458482458059793,0.00041458482458059793
O'Brien_et_al._2018,Paddy's Head,9,44.52707,-63.95133,9999,2013-03-15,5,5,5,NA,0.370820669,0.370820669,NA,0,54,54,0,2,0.370820669,stipe_density,"c(-63.95133, 44.52707)",Scotian Shelf,Cold Temperate Northwest Atlantic,Temperate Northern Atlantic,0.016981227133557913,0.0014879363184499474,0.0014879363184499474,0.016838657833670674,0.0014868304380565077,0.0014868304380565077
O'Brien_et_al._2018,Paddy's Head,10,44.52707,-63.95133,9999,2013-05-15,5,5,5,NA,0.613981763,0.613981763,NA,0,54,54,0,2,0.613981763,stipe_density,"c(-63.95133, 44.52707)",Scotian Shelf,Cold Temperate Northwest Atlantic,Temperate Northern Atlantic,0.0281164580212904,0.002463632263264236,0.002463632263264236,0.02772844662952607,0.0024606024964339258,0.0024606024964339258
O'Brien_et_al._2018,Paddy's Head,11,44.52707,-63.95133,9999,2013-07-15,5,5,5,NA,0.273556231,0.273556231,NA,0,54,54,0,2,0.273556231,stipe_density,"c(-63.95133, 44.52707)",Scotian Shelf,Cold Temperate Northwest Atlantic,Temperate Northern Atlantic,0.012527134760147461,0.001097657938919212,0.001097657938919212,0.0124493194025585,0.0010970559529200165,0.0010970559529200165
O'Brien_et_al._2018,Paddy's Head,12,44.52707,-63.95133,9999,2013-09-15,5,5,5,NA,0.127659574,0.127659574,NA,0,54,54,0,2,0.127659574,stipe_density,"c(-63.95133, 44.52707)",Scotian Shelf,Cold Temperate Northwest Atlantic,Temperate Northern Atlantic,0.0058459962000317845,5.122403696231092e-4,5.122403696231092e-4,0.0058289746705598436,5.121092193101053e-4,5.121092193101053e-4
O'Brien_et_al._2018,Paddy's Head,13,44.52707,-63.95133,9999,2014-02-15,5,5,5,NA,0.273556231,0.273556231,NA,0,54,54,0,2,0.273556231,stipe_density,"c(-63.95133, 44.52707)",Scotian Shelf,Cold Temperate Northwest Atlantic,Temperate Northern Atlantic,0.012527134760147461,0.001097657938919212,0.001097657938919212,0.0124493194025585,0.0010970559529200165,0.0010970559529200165
O'Brien_et_al._2018,Paddy's Head,14,44.52707,-63.95133,9999,2014-05-15,5,5,5,NA,0.541033435,0.541033435,NA,0,54,54,0,2,0.541033435,stipe_density,"c(-63.95133, 44.52707)",Scotian Shelf,Cold Temperate Northwest Atlantic,Temperate Northern Atlantic,0.024775888764129384,0.0021709234806224593,0.0021709234806224593,0.024473943575878662,0.0021685704311545746,0.0021685704311545746
O'Brien_et_al._2018,Paddy's Head,15,44.52707,-63.95133,9999,2014-07-15,5,5,5,NA,0.881458967,0.881458967,NA,0,54,54,0,2,0.881458967,stipe_density,"c(-63.95133, 44.52707)",Scotian Shelf,Cold Temperate Northwest Atlantic,Temperate Northern Atlantic,0.04036521202527232,0.0035368978049674835,0.0035368978049674835,0.039571816918055995,0.0035306576913602256,0.0035306576913602256
O'Brien_et_al._2018,Paddy's Head,16,44.52707,-63.95133,9999,2014-09-15,5,5,5,NA,0.224924012,0.224924012,NA,0,54,54,0,2,0.224924012,stipe_density,"c(-63.95133, 44.52707)",Scotian Shelf,Cold Temperate Northwest Atlantic,Temperate Northern Atlantic,0.010300088573442235,9.025187491538445e-4,9.025187491538445e-4,0.010247404121982514,9.021117239876789e-4,9.021117239876789e-4
O'Brien_et_al._2018,Paddy's Head,17,44.52707,-63.95133,9999,2014-11-15,5,5,5,NA,0.054711246,0.054711246,NA,0,54,54,0,2,0.054711246,stipe_density,"c(-63.95133, 44.52707)",Scotian Shelf,Cold Temperate Northwest Atlantic,Temperate Northern Atlantic,0.002505426942870765,2.195315869813325e-4,2.195315869813325e-4,0.0025022935932821973,2.195074934485805e-4,2.195074934485805e-4
O'Brien_et_al._2018,Paddy's Head,18,44.52707,-63.95133,9999,2015-03-15,5,5,5,NA,0.711246201,0.711246201,NA,0,54,54,0,2,0.711246201,stipe_density,"c(-63.95133, 44.52707)",Scotian Shelf,Cold Temperate Northwest Atlantic,Temperate Northern Atlantic,0.03257055039470085,0.002853910642794971,0.002853910642794971,0.032051373198782256,0.0028498459714525245,0.0028498459714525245
O'Brien_et_al._2018,Paddy's Head,19,44.52707,-63.95133,9999,2015-05-15,5,5,5,NA,1.465045593,1.465045593,NA,0,54,54,0,2,1.465045593,stipe_density,"c(-63.95133, 44.52707)",Scotian Shelf,Cold Temperate Northwest Atlantic,Temperate Northern Atlantic,0.06708976617414775,0.005878568074126796,0.005878568074126796,0.06493509827872414,0.005861356711994845,0.005861356711994845
O'Brien_et_al._2018,Paddy's Head,20,44.52707,-63.95133,9999,2015-07-15,5,5,5,NA,1.58662614,1.58662614,NA,0,54,54,0,2,1.58662614,stipe_density,"c(-63.95133, 44.52707)",Scotian Shelf,Cold Temperate Northwest Atlantic,Temperate Northern Atlantic,0.072657381618014,0.00636641604653394,0.00636641604653394,0.07013910382174735,0.006346236024220687,0.006346236024220687
O'Brien_et_al._2018,Paddy's Head,21,44.52707,-63.95133,9999,2015-10-15,5,5,5,NA,0.079027356000000007,0.079027356000000007,NA,0,54,54,0,2,0.079027356000000007,stipe_density,"c(-63.95133, 44.52707)",Scotian Shelf,Cold Temperate Northwest Atlantic,Temperate Northern Atlantic,0.0036189500591201963,3.1710118387029114e-4,3.1710118387029114e-4,0.0036124174154850077,3.1705091791586987e-4,3.1705091791586987e-4
O'Brien_et_al._2018,Paddy's Head,22,44.52707,-63.95133,9999,2016-03-15,5,5,5,NA,0.127659574,0.127659574,NA,0,54,54,0,2,0.127659574,stipe_density,"c(-63.95133, 44.52707)",Scotian Shelf,Cold Temperate Northwest Atlantic,Temperate Northern Atlantic,0.0058459962000317845,5.122403696231092e-4,5.122403696231092e-4,0.0058289746705598436,5.121092193101053e-4,5.121092193101053e-4
O'Brien_et_al._2018,Paddy's Head,23,44.52707,-63.95133,9999,2016-05-15,5,5,5,NA,1.56231003,1.56231003,NA,0,54,54,0,2,1.56231003,stipe_density,"c(-63.95133, 44.52707)",Scotian Shelf,Cold Temperate Northwest Atlantic,Temperate Northern Atlantic,0.07154385850176456,0.006268846449644981,0.006268846449644981,0.06910046696666373,0.006249278966194757,0.006249278966194757
O'Brien_et_al._2018,Paddy's Head,24,44.52707,-63.95133,9999,2016-09-15,5,5,5,NA,0.224924012,0.224924012,NA,0,54,54,0,2,0.224924012,stipe_density,"c(-63.95133, 44.52707)",Scotian Shelf,Cold Temperate Northwest Atlantic,Temperate Northern Atlantic,0.010300088573442235,9.025187491538445e-4,9.025187491538445e-4,0.010247404121982514,9.021117239876789e-4,9.021117239876789e-4
O'Brien_et_al._2018,Paddy's Head,25,44.52707,-63.95133,9999,2017-07-15,5,5,5,NA,5.209726444,5.209726444,NA,0,54,54,0,2,5.209726444,stipe_density,"c(-63.95133, 44.52707)",Scotian Shelf,Cold Temperate Northwest Atlantic,Temperate Northern Atlantic,0.23857232200092648,0.02090428563790951,0.02090428563790951,0.2139593630755719,0.020688789085784257,0.020688789085784257
O'Brien_et_al._2018,Paddy's Head,26,44.52707,-63.95133,9999,2017-11-15,5,5,5,NA,0.249240122,0.249240122,NA,0,54,54,0,2,0.249240122,stipe_density,"c(-63.95133, 44.52707)",Scotian Shelf,Cold Temperate Northwest Atlantic,Temperate Northern Atlantic,0.011413611689691667,0.001000088346042803,0.001000088346042803,0.011348967838649337,9.99588590864669e-4,9.99588590864669e-4
O'Brien_et_al._2018,The Lodge,1,44.55818,-64.02488,0.25,2005-06-15,8,8,8,NA,22.36521739,22.36521739,NA,0,54,54,0,2,22.36521739,stipe_density,"c(-64.02488, 44.55818)",Scotian Shelf,Cold Temperate Northwest Atlantic,Temperate Northern Atlantic,1.024184648108138,0.08974154357239818,0.08974154357239818,0.705166976566519,0.08594055213598621,0.08594055213598621
O'Brien_et_al._2018,The Lodge,2,44.55818,-64.02488,0.25,2007-06-15,8,8,8,NA,7.617391304,7.617391304,NA,0,54,54,0,2,7.617391304,stipe_density,"c(-64.02488, 44.55818)",Scotian Shelf,Cold Temperate Northwest Atlantic,Temperate Northern Atlantic,0.3488280527815263,0.030565160252883326,0.030565160252883326,0.29923610637474,0.030107351035784588,0.030107351035784588
O'Brien_et_al._2018,The Lodge,3,44.55818,-64.02488,1,2009-07-15,8.5,8.5,8.5,NA,20.34782609,20.34782609,NA,0,54,54,0,2,20.34782609,stipe_density,"c(-64.02488, 44.55818)",Scotian Shelf,Cold Temperate Northwest Atlantic,Temperate Northern Atlantic,0.9318009630914765,0.08164666096542313,0.08164666096542313,0.6584527093090966,0.07848456606151738,0.07848456606151738
O'Brien_et_al._2018,The Lodge,4,44.55818,-64.02488,1,2010-06-15,7.5,7.5,7.5,NA,19.23478261,19.23478261,NA,0,54,54,0,2,19.23478261,stipe_density,"c(-64.02488, 44.55818)",Scotian Shelf,Cold Temperate Northwest Atlantic,Temperate Northern Atlantic,0.8808306539272758,0.07718051882083322,0.07718051882083322,0.631713516455906,0.07434699677583442,0.07434699677583442
O'Brien_et_al._2018,The Lodge,5,44.55818,-64.02488,9999,2012-06-15,8.5,8.5,8.5,NA,1.704347826,1.704347826,NA,0,54,54,0,2,1.704347826,stipe_density,"c(-64.02488, 44.55818)",Scotian Shelf,Cold Temperate Northwest Atlantic,Temperate Northern Atlantic,0.07804828578174977,0.006838780147868757,0.006838780147868757,0.07515226348900718,0.006815501761161831,0.006815501761161831
O'Brien_et_al._2018,The Lodge,6,44.55818,-64.02488,9999,2012-07-15,8.5,8.5,8.5,NA,2.052173913,2.052173913,NA,0,54,54,0,2,2.052173913,stipe_density,"c(-64.02488, 44.55818)",Scotian Shelf,Cold Temperate Northwest Atlantic,Temperate Northern Atlantic,0.09397650737266566,0.008234449566046822,0.008234449566046822,0.08981922970401342,0.00820073145978779,0.00820073145978779
O'Brien_et_al._2018,The Lodge,7,44.55818,-64.02488,9999,2012-08-15,8.5,8.5,8.5,NA,1.704347826,1.704347826,NA,0,54,54,0,2,1.704347826,stipe_density,"c(-64.02488, 44.55818)",Scotian Shelf,Cold Temperate Northwest Atlantic,Temperate Northern Atlantic,0.07804828578174977,0.006838780147868757,0.006838780147868757,0.07515226348900718,0.006815501761161831,0.006815501761161831
O'Brien_et_al._2018,The Lodge,8,44.55818,-64.02488,9999,2012-09-15,8.5,8.5,8.5,NA,1.913043478,1.913043478,NA,0,54,54,0,2,1.913043478,stipe_density,"c(-64.02488, 44.55818)",Scotian Shelf,Cold Temperate Northwest Atlantic,Temperate Northern Atlantic,0.08760521872714058,0.007676181797973088,0.007676181797973088,0.08397823215298979,0.007646869821618499,0.007646869821618499
O'Brien_et_al._2018,The Lodge,9,44.55818,-64.02488,9999,2012-10-15,8.5,8.5,8.5,NA,1.565217391,1.565217391,NA,0,54,54,0,2,1.565217391,stipe_density,"c(-64.02488, 44.55818)",Scotian Shelf,Cold Temperate Northwest Atlantic,Temperate Northern Atlantic,0.07167699713622469,0.006280512379795021,0.006280512379795021,0.06922470860445978,0.006260872152815565,0.006260872152815565
O'Brien_et_al._2018,The Lodge,10,44.55818,-64.02488,9999,2012-11-15,8.5,8.5,8.5,NA,1.147826087,1.147826087,NA,0,54,54,0,2,1.147826087,stipe_density,"c(-64.02488, 44.55818)",Scotian Shelf,Cold Temperate Northwest Atlantic,Temperate Northern Atlantic,0.05256313124544308,0.004605709079586362,0.004605709079586362,0.05122826695648391,0.004595135255730678,0.004595135255730678
O'Brien_et_al._2018,The Lodge,11,44.55818,-64.02488,9999,2013-04-15,8.5,8.5,8.5,NA,1.843478261,1.843478261,NA,0,54,54,0,2,1.843478261,stipe_density,"c(-64.02488, 44.55818)",Scotian Shelf,Cold Temperate Northwest Atlantic,Temperate Northern Atlantic,0.08441957442727485,0.007397047915942493,0.007397047915942493,0.08104488940833496,0.007369823926015251,0.007369823926015251
O'Brien_et_al._2018,The Lodge,12,44.55818,-64.02488,9999,2013-06-15,8.5,8.5,8.5,NA,1.913043478,1.913043478,NA,0,54,54,0,2,1.913043478,stipe_density,"c(-64.02488, 44.55818)",Scotian Shelf,Cold Temperate Northwest Atlantic,Temperate Northern Atlantic,0.08760521872714058,0.007676181797973088,0.007676181797973088,0.08397823215298979,0.007646869821618499,0.007646869821618499
O'Brien_et_al._2018,The Lodge,13,44.55818,-64.02488,9999,2013-07-15,8.5,8.5,8.5,NA,2.260869565,2.260869565,NA,0,54,54,0,2,2.260869565,stipe_density,"c(-64.02488, 44.55818)",Scotian Shelf,Cold Temperate Northwest Atlantic,Temperate Northern Atlantic,0.10353344031805647,0.009071851216151153,0.009071851216151153,0.09851725012324607,0.00903094915937919,0.00903094915937919
O'Brien_et_al._2018,The Lodge,14,44.55818,-64.02488,9999,2013-09-15,8.5,8.5,8.5,NA,1.913043478,1.913043478,NA,0,54,54,0,2,1.913043478,stipe_density,"c(-64.02488, 44.55818)",Scotian Shelf,Cold Temperate Northwest Atlantic,Temperate Northern Atlantic,0.08760521872714058,0.007676181797973088,0.007676181797973088,0.08397823215298979,0.007646869821618499,0.007646869821618499
O'Brien_et_al._2018,The Lodge,15,44.55818,-64.02488,9999,2014-04-15,8.5,8.5,8.5,NA,2.260869565,2.260869565,NA,0,54,54,0,2,2.260869565,stipe_density,"c(-64.02488, 44.55818)",Scotian Shelf,Cold Temperate Northwest Atlantic,Temperate Northern Atlantic,0.10353344031805647,0.009071851216151153,0.009071851216151153,0.09851725012324607,0.00903094915937919,0.00903094915937919
O'Brien_et_al._2018,The Lodge,16,44.55818,-64.02488,9999,2014-06-15,8.5,8.5,8.5,NA,3.026086957,3.026086957,NA,0,54,54,0,2,3.026086957,stipe_density,"c(-64.02488, 44.55818)",Scotian Shelf,Cold Temperate Northwest Atlantic,Temperate Northern Atlantic,0.1385755278455476,0.012142323938550427,0.012142323938550427,0.12977794410655658,0.012069197279831589,0.012069197279831589
O'Brien_et_al._2018,The Lodge,17,44.55818,-64.02488,9999,2014-08-15,8.5,8.5,8.5,NA,2.886956522,2.886956522,NA,0,54,54,0,2,2.886956522,stipe_density,"c(-64.02488, 44.55818)",Scotian Shelf,Cold Temperate Northwest Atlantic,Temperate Northern Atlantic,0.13220423920002253,0.011584056170476692,0.011584056170476692,0.12416638682823579,0.011517474687565941,0.011517474687565941
O'Brien_et_al._2018,The Lodge,18,44.55818,-64.02488,9999,2014-10-15,8.5,8.5,8.5,NA,2.191304348,2.191304348,NA,0,54,54,0,2,2.191304348,stipe_density,"c(-64.02488, 44.55818)",Scotian Shelf,Cold Temperate Northwest Atlantic,Temperate Northern Atlantic,0.10034779601819076,0.00879271733412056,0.00879271733412056,0.09562630802888691,0.0087542865050448445,0.0087542865050448445
O'Brien_et_al._2018,The Lodge,19,44.55818,-64.02488,9999,2015-05-15,8.5,8.5,8.5,NA,5.87826087,5.87826087,NA,0,54,54,0,2,5.87826087,stipe_density,"c(-64.02488, 44.55818)",Scotian Shelf,Cold Temperate Northwest Atlantic,Temperate Northern Atlantic,0.2691869448727405,0.023586813166005548,0.023586813166005548,0.23837649456680002,0.023312942420596266,0.023312942420596266
O'Brien_et_al._2018,The Lodge,20,44.55818,-64.02488,9999,2015-08-15,8.5,8.5,8.5,NA,6.504347826,6.504347826,NA,0,54,54,0,2,6.504347826,stipe_density,"c(-64.02488, 44.55818)",Scotian Shelf,Cold Temperate Northwest Atlantic,Temperate Northern Atlantic,0.2978577437089129,0.026099018116318536,0.026099018116318536,0.2607150157494989,0.025764250977195646,0.025764250977195646
O'Brien_et_al._2018,The Lodge,21,44.55818,-64.02488,9999,2015-10-15,8.5,8.5,8.5,NA,5.808695652,5.808695652,NA,0,54,54,0,2,5.808695652,stipe_density,"c(-64.02488, 44.55818)",Scotian Shelf,Cold Temperate Northwest Atlantic,Temperate Northern Atlantic,0.2660013005270811,0.023307679279962402,0.023307679279962402,0.23586335099403274,0.02304020350923223,0.02304020350923223
O'Brien_et_al._2018,The Lodge,22,44.55818,-64.02488,9999,2016-06-15,8.5,8.5,8.5,NA,8.8,8.8,NA,0,54,54,0,2,8.8,stipe_density,"c(-64.02488, 44.55818)",Scotian Shelf,Cold Temperate Northwest Atlantic,Temperate Northern Atlantic,0.40298400619979907,0.03531043627549126,0.03531043627549126,0.3386014013403068,0.03470132017522013,0.03470132017522013
O'Brien_et_al._2018,The Lodge,23,44.55818,-64.02488,9999,2016-10-15,8.5,8.5,8.5,NA,4.904347826,4.904347826,NA,0,54,54,0,2,4.904347826,stipe_density,"c(-64.02488, 44.55818)",Scotian Shelf,Cold Temperate Northwest Atlantic,Temperate Northern Atlantic,0.22458792439985853,0.019678938793501945,0.019678938793501945,0.20260439916045975,0.019487811858275875,0.019487811858275875
O'Brien_et_al._2018,The Lodge,24,44.55818,-64.02488,9999,2016-11-15,8.5,8.5,8.5,NA,4.208695652,4.208695652,NA,0,54,54,0,2,4.208695652,stipe_density,"c(-64.02488, 44.55818)",Scotian Shelf,Cold Temperate Northwest Atlantic,Temperate Northern Atlantic,0.19273148121802675,0.016887599957145814,0.016887599957145814,0.17624603917158327,0.016746589775759487,0.016746589775759487
O'Brien_et_al._2018,The Lodge,25,44.55818,-64.02488,9999,2016-12-15,8.5,8.5,8.5,NA,2.817391304,2.817391304,NA,0,54,54,0,2,2.817391304,stipe_density,"c(-64.02488, 44.55818)",Scotian Shelf,Cold Temperate Northwest Atlantic,Temperate Northern Atlantic,0.12901859485436318,0.011304922284433548,0.011304922284433548,0.12134875523062008,0.011241499198265375,0.011241499198265375
O'Brien_et_al._2018,The Lodge,26,44.55818,-64.02488,9999,2017-04-15,8.5,8.5,8.5,NA,1.634782609,1.634782609,NA,0,54,54,0,2,1.634782609,stipe_density,"c(-64.02488, 44.55818)",Scotian Shelf,Cold Temperate Northwest Atlantic,Temperate Northern Atlantic,0.07486264148188405,0.006559646265838164,0.006559646265838164,0.07219287804996938,0.006538225410731721,0.006538225410731721
O'Brien_et_al._2018,The Lodge,27,44.55818,-64.02488,9999,2017-08-15,8.5,8.5,8.5,NA,2.539130435,2.539130435,NA,0,54,54,0,2,2.539130435,stipe_density,"c(-64.02488, 44.55818)",Scotian Shelf,Cold Temperate Northwest Atlantic,Temperate Northern Atlantic,0.11627601760910665,0.010188386752298625,0.010188386752298625,0.10999816098541522,0.01013683499711838,0.01013683499711838
O'Brien_et_al._2018,The Lodge,28,44.55818,-64.02488,9999,2017-12-15,8.5,8.5,8.5,NA,0.660869565,0.660869565,NA,0,54,54,0,2,0.660869565,stipe_density,"c(-64.02488, 44.55818)",Scotian Shelf,Cold Temperate Northwest Atlantic,Temperate Northern Atlantic,0.030263621009002102,0.0026517718933345602,0.0026517718933345602,0.029814712220978735,0.002648262149571462,0.002648262149571462
Siddon_&_Witman_2003,Exposed,1,42.502633,-70.774833,0.25,1997-06-15,10,5,1.5,NA,63.62,63.62,NA,0,4,4,0,2,63.62,stipe_density,"c(-70.774833, 42.502633)",Gulf of Maine/Bay of Fundy,Cold Temperate Northwest Atlantic,Temperate Northern Atlantic,1.5726763348714567,0.2552784040734947,0.2552784040734947,0.9449467324882437,0.2273573838969342,0.2273573838969342
Siddon_&_Witman_2003,Exposed,2,42.502633,-70.774833,0.25,2000-06-15,10,5,1.5,NA,11.959999999999999,11.959999999999999,NA,0,4,4,0,2,11.959999999999999,stipe_density,"c(-70.774833, 42.502633)",Gulf of Maine/Bay of Fundy,Cold Temperate Northwest Atlantic,Temperate Northern Atlantic,0.2956493078444298,0.04799009293805403,0.04799009293805403,0.25901196551338274,0.046874132550784195,0.046874132550784195
Siddon_&_Witman_2003,Protected,1,42.502633,-70.774833,0.25,1997-06-15,10,5,1.5,NA,0,0,NA,0,4,4,0,2,0,stipe_density,"c(-70.774833, 42.502633)",Gulf of Maine/Bay of Fundy,Cold Temperate Northwest Atlantic,Temperate Northern Atlantic,0,0,0,0,0,0
Siddon_&_Witman_2003,Protected,2,42.502633,-70.774833,0.25,2000-06-15,10,4.98,1.4,NA,0.76,0.76,NA,0,4,4,0,2,0.76,stipe_density,"c(-70.774833, 42.502633)",Gulf of Maine/Bay of Fundy,Cold Temperate Northwest Atlantic,Temperate Northern Atlantic,0.018787079762689517,0.0030495376783378817,0.0030495376783378817,0.018612782223638685,0.0030448972699853036,0.0030448972699853036
Smith__1985,Nova Scotia_ Lobster Bay_ Ram Island - Site D,1,43.679202,-65.878484,0.25,1980-06-15,6,6,6,1.8,NA,NA,NA,6,0,0,0,1,1.8,biomass,"c(-65.878484, 43.679202)",Scotian Shelf,Cold Temperate Northwest Atlantic,Temperate Northern Atlantic,0.09714245116245254,0.007222589238168667,0.007222589238168667,0.09270902806997611,0.007196631254810887,0.007196631254810887
Smith__1985,Nova Scotia_ Lobster Bay_ Ram Island - Site D,2,43.679202,-65.878484,0.25,1981-06-15,6,6,6,3,NA,NA,NA,6,0,0,0,1,3,biomass,"c(-65.878484, 43.679202)",Scotian Shelf,Cold Temperate Northwest Atlantic,Temperate Northern Atlantic,0.16190408527075423,0.012037648730281111,0.012037648730281111,0.15006011222662263,0.011965772475934637,0.011965772475934637
Smith__1985,Nova Scotia_ Lobster Bay_ Ram Island - Site D,3,43.679202,-65.878484,0.25,1982-06-15,6,6,6,4.8,NA,NA,NA,6,0,0,0,1,4.8,biomass,"c(-65.878484, 43.679202)",Scotian Shelf,Cold Temperate Northwest Atlantic,Temperate Northern Atlantic,0.25904653643320674,0.019260237968449778,0.019260237968449778,0.23035471739196758,0.019077107276491895,0.019077107276491895
Smith__1985,Nova Scotia_ Lobster Bay_ Snake Reef - Site S,1,43.679202,-65.878484,0.25,1980-06-15,6,6,6,6.2,NA,NA,NA,6,0,0,0,1,6.2,biomass,"c(-65.878484, 43.679202)",Scotian Shelf,Cold Temperate Northwest Atlantic,Temperate Northern Atlantic,0.33460177622622544,0.024877807375914298,0.024877807375914298,0.2886329523917925,0.024573393167837465,0.024573393167837465
Smith__1985,Nova Scotia_ Lobster Bay_ Snake Reef - Site S,2,43.679202,-65.878484,0.25,1981-06-15,6,6,6,2.8,NA,NA,NA,6,0,0,0,1,2.8,biomass,"c(-65.878484, 43.679202)",Scotian Shelf,Cold Temperate Northwest Atlantic,Temperate Northern Atlantic,0.15111047958603727,0.011235138814929036,0.011235138814929036,0.14072711087279866,0.011172493425895911,0.011172493425895911
Smith__1985,Nova Scotia_ Lobster Bay_ Snake Reef - Site S,3,43.679202,-65.878484,0.25,1982-06-15,6,6,6,3.2,NA,NA,NA,6,0,0,0,1,3.2,biomass,"c(-65.878484, 43.679202)",Scotian Shelf,Cold Temperate Northwest Atlantic,Temperate Northern Atlantic,0.1726976909554712,0.012840158645633187,0.012840158645633187,0.1593068134844536,0.012758422733097397,0.012758422733097397
Steneck_1997,Pemaquid 10m,1,43.835355,-69.506934,1,1985-06-15,10,10,10,NA,NA,NA,0,0,0,0,14,4,0,percent_cover,"c(-69.506934, 43.835355)",Gulf of Maine/Bay of Fundy,Cold Temperate Northwest Atlantic,Temperate Northern Atlantic,0,0,0,0,0,0
Steneck_1997,Pemaquid 10m,2,43.835355,-69.506934,1,1994-06-15,10,10,10,NA,NA,NA,6,0,0,0,14,4,6,percent_cover,"c(-69.506934, 43.835355)",Gulf of Maine/Bay of Fundy,Cold Temperate Northwest Atlantic,Temperate Northern Atlantic,0.06,0.024075297460562223,0.024075297460562223,0.058268908123975824,0.023790056590251647,0.023790056590251647
Steneck_1997,Pemaquid 12m,1,43.835355,-69.506934,1,1975-06-15,12,12,12,NA,NA,NA,0,0,0,0,14,4,0,percent_cover,"c(-69.506934, 43.835355)",Gulf of Maine/Bay of Fundy,Cold Temperate Northwest Atlantic,Temperate Northern Atlantic,0,0,0,0,0,0
Steneck_1997,Pemaquid 1m,1,43.835355,-69.506934,1,1975-06-15,1,1,1,NA,NA,NA,84,0,0,0,14,4,84,percent_cover,"c(-69.506934, 43.835355)",Gulf of Maine/Bay of Fundy,Cold Temperate Northwest Atlantic,Temperate Northern Atlantic,0.84,0.3370541644478711,0.3370541644478711,0.6097655716208942,0.29046880922732116,0.29046880922732116
Steneck_1997,Pemaquid 1m,2,43.835355,-69.506934,1,1985-06-15,1,1,1,NA,NA,NA,88,0,0,0,14,4,88,percent_cover,"c(-69.506934, 43.835355)",Gulf of Maine/Bay of Fundy,Cold Temperate Northwest Atlantic,Temperate Northern Atlantic,0.88,0.3531043627549126,0.3531043627549126,0.6312717768418578,0.30240148054869814,0.30240148054869814
Steneck_1997,Pemaquid 2m,1,43.835355,-69.506934,1,1975-06-15,2,2,2,NA,NA,NA,80,0,0,0,14,4,80,percent_cover,"c(-69.506934, 43.835355)",Gulf of Maine/Bay of Fundy,Cold Temperate Northwest Atlantic,Temperate Northern Atlantic,0.8,0.32100396614082966,0.32100396614082966,0.5877866649021191,0.27839202791329637,0.27839202791329637
Steneck_1997,Pemaquid 3m,1,43.835355,-69.506934,1,1975-06-15,3,3,3,NA,NA,NA,8,0,0,0,14,4,8,percent_cover,"c(-69.506934, 43.835355)",Gulf of Maine/Bay of Fundy,Cold Temperate Northwest Atlantic,Temperate Northern Atlantic,0.08,0.03210039661408296,0.03210039661408296,0.0769610411361284,0.031595945868412245,0.031595945868412245
Steneck_1997,Pemaquid 3m,2,43.835355,-69.506934,1,1985-06-15,3,3,3,NA,NA,NA,6,0,0,0,14,4,6,percent_cover,"c(-69.506934, 43.835355)",Gulf of Maine/Bay of Fundy,Cold Temperate Northwest Atlantic,Temperate Northern Atlantic,0.06,0.024075297460562223,0.024075297460562223,0.058268908123975824,0.023790056590251647,0.023790056590251647
Steneck_1997,Pemaquid 3m,3,43.835355,-69.506934,1,1994-06-15,3,3,3,NA,NA,NA,100,0,0,0,14,4,100,percent_cover,"c(-69.506934, 43.835355)",Gulf of Maine/Bay of Fundy,Cold Temperate Northwest Atlantic,Temperate Northern Atlantic,1,0.401254957676037,0.401254957676037,0.6931471805599453,0.33736823343618033,0.33736823343618033
Steneck_1997,Pemaquid 4m,1,43.835355,-69.506934,1,1975-06-15,4,4,4,NA,NA,NA,1,0,0,0,14,4,1,percent_cover,"c(-69.506934, 43.835355)",Gulf of Maine/Bay of Fundy,Cold Temperate Northwest Atlantic,Temperate Northern Atlantic,0.01,0.00401254957676037,0.00401254957676037,0.009950330853168092,0.0040045207698650356,0.0040045207698650356
Steneck_1997,Pemaquid 5m,1,43.835355,-69.506934,1,1994-06-15,5,5,5,NA,NA,NA,92,0,0,0,14,4,92,percent_cover,"c(-69.506934, 43.835355)",Gulf of Maine/Bay of Fundy,Cold Temperate Northwest Atlantic,Temperate Northern Atlantic,0.92,0.36915456106195405,0.36915456106195405,0.6523251860396901,0.31419344063617627,0.31419344063617627
Steneck_1997,Pemaquid 6m,1,43.835355,-69.506934,1,1994-06-15,6,6,6,NA,NA,NA,80,0,0,0,14,4,80,percent_cover,"c(-69.506934, 43.835355)",Gulf of Maine/Bay of Fundy,Cold Temperate Northwest Atlantic,Temperate Northern Atlantic,0.8,0.32100396614082966,0.32100396614082966,0.5877866649021191,0.27839202791329637,0.27839202791329637
Steneck_1997,Pemaquid 7m,1,43.835355,-69.506934,1,1975-06-15,7,7,7,NA,NA,NA,2,0,0,0,14,4,2,percent_cover,"c(-69.506934, 43.835355)",Gulf of Maine/Bay of Fundy,Cold Temperate Northwest Atlantic,Temperate Northern Atlantic,0.02,0.00802509915352074,0.00802509915352074,0.01980262729617973,0.007993069293067727,0.007993069293067727
Steneck_1997,Pemaquid 8m,1,43.835355,-69.506934,1,1994-06-15,8,8,8,NA,NA,NA,36,0,0,0,14,4,36,percent_cover,"c(-69.506934, 43.835355)",Gulf of Maine/Bay of Fundy,Cold Temperate Northwest Atlantic,Temperate Northern Atlantic,0.36,0.14445178476337334,0.14445178476337334,0.30748469974796055,0.13492573174971062,0.13492573174971062
Steneck_et_al._2013,Pemaquid Point,1,43.835355,-69.506934,1,1975-06-15,10,10,10,NA,NA,NA,0,0,0,0,13,4,0,percent_cover,"c(-69.506934, 43.835355)",Gulf of Maine/Bay of Fundy,Cold Temperate Northwest Atlantic,Temperate Northern Atlantic,0,0,0,0,0,0
Steneck_et_al._2013,Pemaquid Point,2,43.835355,-69.506934,1,1977-06-15,10,10,10,NA,NA,NA,0,0,0,0,13,4,0,percent_cover,"c(-69.506934, 43.835355)",Gulf of Maine/Bay of Fundy,Cold Temperate Northwest Atlantic,Temperate Northern Atlantic,0,0,0,0,0,0
Steneck_et_al._2013,Pemaquid Point,3,43.835355,-69.506934,1,1980-06-15,10,10,10,NA,NA,NA,0,0,0,0,13,4,0,percent_cover,"c(-69.506934, 43.835355)",Gulf of Maine/Bay of Fundy,Cold Temperate Northwest Atlantic,Temperate Northern Atlantic,0,0,0,0,0,0
Steneck_et_al._2013,Pemaquid Point,4,43.835355,-69.506934,1,1981-06-15,10,10,10,NA,NA,NA,0,0,0,0,13,4,0,percent_cover,"c(-69.506934, 43.835355)",Gulf of Maine/Bay of Fundy,Cold Temperate Northwest Atlantic,Temperate Northern Atlantic,0,0,0,0,0,0
Steneck_et_al._2013,Pemaquid Point,5,43.835355,-69.506934,1,1987-06-15,10,10,10,NA,NA,NA,0,0,0,0,13,4,0,percent_cover,"c(-69.506934, 43.835355)",Gulf of Maine/Bay of Fundy,Cold Temperate Northwest Atlantic,Temperate Northern Atlantic,0,0,0,0,0,0
Steneck_et_al._2013,Pemaquid Point,6,43.835355,-69.506934,1,1990-06-15,10,10,10,NA,NA,NA,5,0,0,0,13,4,5,percent_cover,"c(-69.506934, 43.835355)",Gulf of Maine/Bay of Fundy,Cold Temperate Northwest Atlantic,Temperate Northern Atlantic,0.05,0.020062747883801853,0.020062747883801853,0.04879016416943205,0.01986414293719289,0.01986414293719289
Steneck_et_al._2013,Pemaquid Point,7,43.835355,-69.506934,1,1994-06-15,10,10,10,NA,NA,NA,7,0,0,0,13,4,7,percent_cover,"c(-69.506934, 43.835355)",Gulf of Maine/Bay of Fundy,Cold Temperate Northwest Atlantic,Temperate Northern Atlantic,0.07,0.028087847037322592,0.028087847037322592,0.06765864847381486,0.027700617698423028,0.027700617698423028
Steneck_et_al._2013,Pemaquid Point,8,43.835355,-69.506934,1,1995-06-15,10,10,10,NA,NA,NA,9,0,0,0,13,4,9,percent_cover,"c(-69.506934, 43.835355)",Gulf of Maine/Bay of Fundy,Cold Temperate Northwest Atlantic,Temperate Northern Atlantic,0.09,0.036112946190843334,0.036112946190843334,0.08617769624105241,0.03547615931462122,0.03547615931462122
Steneck_et_al._2013,Pemaquid Point,9,43.835355,-69.506934,1,1996-06-15,10,10,10,NA,NA,NA,36,0,0,0,13,4,36,percent_cover,"c(-69.506934, 43.835355)",Gulf of Maine/Bay of Fundy,Cold Temperate Northwest Atlantic,Temperate Northern Atlantic,0.36,0.14445178476337334,0.14445178476337334,0.30748469974796055,0.13492573174971062,0.13492573174971062
Steneck_et_al._2013,Pemaquid Point,10,43.835355,-69.506934,1,1997-06-15,10,10,10,NA,NA,NA,66,0,0,0,13,4,66,percent_cover,"c(-69.506934, 43.835355)",Gulf of Maine/Bay of Fundy,Cold Temperate Northwest Atlantic,Temperate Northern Atlantic,0.66,0.2648282720661844,0.2648282720661844,0.506817602368452,0.23493635965680512,0.23493635965680512
Steneck_et_al._2013,Pemaquid Point,11,43.835355,-69.506934,1,1998-06-15,10,10,10,NA,NA,NA,83,0,0,0,13,4,83,percent_cover,"c(-69.506934, 43.835355)",Gulf of Maine/Bay of Fundy,Cold Temperate Northwest Atlantic,Temperate Northern Atlantic,0.83,0.3330416148711107,0.3330416148711107,0.6043159668533296,0.28746325966734254,0.28746325966734254
Steneck_et_al._2013,Pemaquid Point,12,43.835355,-69.506934,1,1999-06-15,10,10,10,NA,NA,NA,83,0,0,0,13,4,83,percent_cover,"c(-69.506934, 43.835355)",Gulf of Maine/Bay of Fundy,Cold Temperate Northwest Atlantic,Temperate Northern Atlantic,0.83,0.3330416148711107,0.3330416148711107,0.6043159668533296,0.28746325966734254,0.28746325966734254
Steneck_et_al._2013,Pemaquid Point,13,43.835355,-69.506934,1,2010-06-15,10,10,10,NA,NA,NA,76,0,0,0,13,4,76,percent_cover,"c(-69.506934, 43.835355)",Gulf of Maine/Bay of Fundy,Cold Temperate Northwest Atlantic,Temperate Northern Atlantic,0.76,0.30495376783378814,0.30495376783378814,0.5653138090500605,0.26616761319981885,0.26616761319981885
Witman_1987,Murray Rock - Control,1,43.070829,-70.622224,1,1981-06-15,9,9,9,NA,0,0,0,0,3,3,3,2,0,stipe_density,"c(-70.622224, 43.070829)",Gulf of Maine/Bay of Fundy,Cold Temperate Northwest Atlantic,Temperate Northern Atlantic,0,0,0,0,0,0
Witman_1987,Murray Rock - Control,2,43.070829,-70.622224,1,1982-06-15,9,9,9,NA,0,0,0,0,3,3,3,2,0,stipe_density,"c(-70.622224, 43.070829)",Gulf of Maine/Bay of Fundy,Cold Temperate Northwest Atlantic,Temperate Northern Atlantic,0,0,0,0,0,0
Witman_1987,Murray Rock - Control,3,43.070829,-70.622224,1,1983-06-15,9,9,9,NA,0,0,0,0,3,3,3,2,0,stipe_density,"c(-70.622224, 43.070829)",Gulf of Maine/Bay of Fundy,Cold Temperate Northwest Atlantic,Temperate Northern Atlantic,0,0,0,0,0,0
Witman_et_al._2018,Ammen Rock 1,1,42.89058,-68.94351,1,2014-06-15,13.5,13.5,13.5,4.869402985,36.29261364,36.29261364,NA,10,10,10,0,1,4.869402985,biomass,"c(-68.94351, 42.89058)",Gulf of Maine/Bay of Fundy,Cold Temperate Northwest Atlantic,Temperate Northern Atlantic,1.1043723554381804,0.019538720886537433,0.019538720886537433,0.7440172542353788,0.019350290582388643,0.019350290582388643
Witman_et_al._2018,Ammen Rock 1,2,42.89058,-68.94351,1,2015-06-15,13.5,13.5,13.5,4.832089552,26.70454545,26.70454545,NA,10,10,10,0,1,4.832089552,biomass,"c(-68.94351, 42.89058)",Gulf of Maine/Bay of Fundy,Cold Temperate Northwest Atlantic,Temperate Northern Atlantic,1.095909731987496,0.01938899888674581,0.01938899888674581,0.7399876987315358,0.019203427112331507,0.019203427112331507
Witman_et_al._2018,Ammen Rock 2,1,42.89058,-68.94351,1,2015-06-15,13.5,13.5,13.5,3.526119403,34.16193182,34.16193182,NA,10,10,10,0,1,3.526119403,biomass,"c(-68.94351, 42.89058)",Gulf of Maine/Bay of Fundy,Cold Temperate Northwest Atlantic,Temperate Northern Atlantic,0.7997179125743237,0.01414872891811418,0.01414872891811418,0.5876299373845164,0.014049569874848648,0.014049569874848648
Witman_et_al._2018,Ammen Rock 2,2,42.89058,-68.94351,1,2016-06-15,13.5,13.5,13.5,1.97761194,11.36363636,11.36363636,NA,10,10,10,0,1,1.97761194,biomass,"c(-68.94351, 42.89058)",Gulf of Maine/Bay of Fundy,Cold Temperate Northwest Atlantic,Temperate Northern Atlantic,0.4485190408451006,0.007935265952843254,0.007935265952843254,0.37054168335668025,0.007903947302088437,0.007903947302088437
Witman_et_al._2018,Lunging Island,1,43.01112,-71.00862,1,2014-06-15,13.5,13.5,13.5,0.500779221,7.6171875,7.6171875,NA,10,10,10,0,1,0.500779221,biomass,"c(-71.00862, 43.01112)",Gulf of Maine/Bay of Fundy,Cold Temperate Northwest Atlantic,Temperate Northern Atlantic,0.11357587974417098,0.002009401451273938,0.002009401451273938,0.10757635065095311,0.0020073853045580584,0.0020073853045580584
Witman_et_al._2018,Lunging Island,2,43.01112,-71.00862,1,2015-06-15,13.5,13.5,13.5,0.633246753,13.0859375,13.0859375,NA,10,10,10,0,1,0.633246753,biomass,"c(-71.00862, 43.01112)",Gulf of Maine/Bay of Fundy,Cold Temperate Northwest Atlantic,Temperate Northern Atlantic,0.14361929179788138,0.0025409339907350287,0.0025409339907350287,0.1341980506817971,0.002537711275944982,0.002537711275944982
Witman_et_al._2018,Spout Shoal,1,43.01112,-71.00862,1,2014-06-15,13.5,13.5,13.5,0.041038961,0.1953125,0.1953125,NA,10,10,10,0,1,0.041038961,biomass,"c(-71.00862, 43.01112)",Gulf of Maine/Bay of Fundy,Cold Temperate Northwest Atlantic,Temperate Northern Atlantic,0.0093075668955556,1.6467086559123533e-4,1.6467086559123533e-4,0.0092645184064304,1.646573088323933e-4,1.646573088323933e-4
Witman_et_al._2018,Spout Shoal,2,43.01112,-71.00862,1,2015-06-15,13.5,13.5,13.5,0.376103896,19.921875,19.921875,NA,10,10,10,0,1,0.376103896,biomass,"c(-71.00862, 43.01112)",Gulf of Maine/Bay of Fundy,Cold Temperate Northwest Atlantic,Temperate Northern Atlantic,0.08529972704959773,0.0015091355287127264,0.0015091355287127264,0.08185619497214801,0.001507997928075872,0.001507997928075872
Witman_et_al._2018,Star Island,1,43.01112,-71.00862,1,2014-06-15,13.5,13.5,13.5,0.104935065,3.7109375,3.7109375,NA,10,10,10,0,1,0.104935065,biomass,"c(-71.00862, 43.01112)",Gulf of Maine/Bay of Fundy,Cold Temperate Northwest Atlantic,Temperate Northern Atlantic,0.023799095137349485,4.210571506530719e-4,4.210571506530719e-4,0.023520311213400508,4.2096853096614147e-4,4.2096853096614147e-4
Witman_et_al._2018,Star Island,2,43.01112,-71.00862,1,2015-06-15,13.5,13.5,13.5,0.198441558,20.1171875,20.1171875,NA,10,10,10,0,1,0.198441558,biomass,"c(-71.00862, 43.01112)",Gulf of Maine/Bay of Fundy,Cold Temperate Northwest Atlantic,Temperate Northern Atlantic,0.045006209488180675,7.962565895645685e-4,7.962565895645685e-4,0.044022827493072965,7.959397454679353e-4,7.959397454679353e-4
Rhode_Island_Feehan_Grace_Narvaez,Bass Rock Rd,1,41.405,-71.455,0.625,2018-06-27,6,4,2,107.84,4.625,4.625,NA,7,15,15,0,2,4.625,stipe_density,"c(-71.455, 41.405)",Virginian,Cold Temperate Northwest Atlantic,Temperate Northern Atlantic,0.018558041792516713,0.018558041792516713,0.018558041792516713,0.018387942584331175,0.018387942584331175,0.018387942584331175
Rhode_Island_Feehan_Grace_Narvaez,Fort Wetherill,1,41.476,-71.357,0.1,1980-05-15,2,2,2,NA,60.41,60.41,NA,7,15,15,0,2,60.41,stipe_density,"c(-71.357, 41.476)",Virginian,Cold Temperate Northwest Atlantic,Temperate Northern Atlantic,0.24239811993209395,0.24239811993209395,0.24239811993209395,0.21704347959628054,0.21704347959628054,0.21704347959628054
Rhode_Island_Feehan_Grace_Narvaez,Fort Wetherill,2,41.476,-71.357,0.1,1980-06-15,2,2,2,3.46903,93.97,93.97,NA,7,15,15,0,2,93.97,stipe_density,"c(-71.357, 41.476)",Virginian,Cold Temperate Northwest Atlantic,Temperate Northern Atlantic,0.377059283728172,0.377059283728172,0.377059283728172,0.31995027163616413,0.31995027163616413,0.31995027163616413
Rhode_Island_Feehan_Grace_Narvaez,Fort Wetherill,3,41.476,-71.357,0.1,1980-07-15,2,2,2,NA,46.623123,46.623123,NA,7,15,15,0,2,46.623123,stipe_density,"c(-71.357, 41.476)",Virginian,Cold Temperate Northwest Atlantic,Temperate Northern Atlantic,0.1870775924608967,0.1870775924608967,0.1870775924608967,0.17149448203440054,0.17149448203440054,0.17149448203440054
Rhode_Island_Feehan_Grace_Narvaez,Fort Wetherill,4,41.476,-71.357,0.1,1980-08-15,2,2,2,NA,109.39,109.39,NA,7,15,15,0,2,109.39,stipe_density,"c(-71.357, 41.476)",Virginian,Cold Temperate Northwest Atlantic,Temperate Northern Atlantic,0.4389327982018169,0.4389327982018169,0.4389327982018169,0.3639017264685348,0.3639017264685348,0.3639017264685348
Rhode_Island_Feehan_Grace_Narvaez,Fort Wetherill,5,41.476,-71.357,0.1,1980-09-15,2,2,2,NA,75.53,75.53,NA,7,15,15,0,2,75.53,stipe_density,"c(-71.357, 41.476)",Virginian,Cold Temperate Northwest Atlantic,Temperate Northern Atlantic,0.30306786953271075,0.30306786953271075,0.30306786953271075,0.26472138391800154,0.26472138391800154,0.26472138391800154
Rhode_Island_Feehan_Grace_Narvaez,Fort Wetherill,6,41.476,-71.357,0.1,1981-02-15,2,2,2,NA,45.54,45.54,NA,7,15,15,0,2,45.54,stipe_density,"c(-71.357, 41.476)",Virginian,Cold Temperate Northwest Atlantic,Temperate Northern Atlantic,0.18273150772566726,0.18273150772566726,0.18273150772566726,0.16782660042542358,0.16782660042542358,0.16782660042542358
Rhode_Island_Feehan_Grace_Narvaez,Fort Wetherill,7,41.476,-71.357,0.1,1981-04-15,2,2,2,NA,87.93148,87.93148,NA,7,15,15,0,2,87.93148,stipe_density,"c(-71.357, 41.476)",Virginian,Cold Temperate Northwest Atlantic,Temperate Northern Atlantic,0.35282942285791297,0.35282942285791297,0.35282942285791297,0.30219826796499955,0.30219826796499955,0.30219826796499955
Rhode_Island_Feehan_Grace_Narvaez,Fort Wetherill,8,41.476,-71.357,0.1,1981-06-15,2,2,2,4.85841,247.17,247.17,NA,7,15,15,0,2,247.17,stipe_density,"c(-71.357, 41.476)",Virginian,Cold Temperate Northwest Atlantic,Temperate Northern Atlantic,0.9917818788878607,0.9917818788878607,0.9917818788878607,0.6890296546167318,0.6890296546167318,0.6890296546167318
Rhode_Island_Feehan_Grace_Narvaez,Fort Wetherill,9,41.476,-71.357,0.625,2018-06-20,6,4,2,132.82,96.86250000000001,96.86250000000001,NA,7,15,15,0,2,96.86250000000001,stipe_density,"c(-71.357, 41.476)",Virginian,Cold Temperate Northwest Atlantic,Temperate Northern Atlantic,0.3886655833789514,0.3886655833789514,0.3886655833789514,0.3283432740783966,0.3283432740783966,0.3283432740783966
Rhode_Island_Feehan_Grace_Narvaez,Fort Wetherill,10,41.476,-71.357,0.625,2018-08-30,9999,9999,9999,NA,9.33333333333333,9.33333333333333,NA,7,15,15,0,2,9.33333333333333,stipe_density,"c(-71.357, 41.476)",Virginian,Cold Temperate Northwest Atlantic,Temperate Northern Atlantic,0.037450462716430113,0.037450462716430113,0.037450462716430113,0.03676622520345802,0.03676622520345802,0.03676622520345802
Rhode_Island_Feehan_Grace_Narvaez,Fort Wetherill,11,41.476,-71.357,0.625,2018-11-30,6,4,2,NA,3.2,3.2,NA,7,15,15,0,2,3.2,stipe_density,"c(-71.357, 41.476)",Virginian,Cold Temperate Northwest Atlantic,Temperate Northern Atlantic,0.012840158645633187,0.012840158645633187,0.012840158645633187,0.012758422733097397,0.012758422733097397,0.012758422733097397
Rhode_Island_Feehan_Grace_Narvaez,Land's End,1,41.451,-71.313,0.1,1980-06-15,2,2,2,12.73783,87.18,87.18,NA,7,15,15,0,2,87.18,stipe_density,"c(-71.313, 41.451)",Virginian,Cold Temperate Northwest Atlantic,Temperate Northern Atlantic,0.34981407210196913,0.34981407210196913,0.34981407210196913,0.29996685859655453,0.29996685859655453,0.29996685859655453
Rhode_Island_Feehan_Grace_Narvaez,Land's End,2,41.451,-71.313,0.1,1981-06-15,2,2,2,17.93976,252.2,252.2,NA,7,15,15,0,2,252.2,stipe_density,"c(-71.313, 41.451)",Virginian,Cold Temperate Northwest Atlantic,Temperate Northern Atlantic,1.0119650032589653,1.0119650032589653,1.0119650032589653,0.699111858079737,0.699111858079737,0.699111858079737
Rhode_Island_Feehan_Grace_Narvaez,Land's End,3,41.451,-71.313,0.625,2018-07-12,6,4,2,0,0.6,0.6,NA,7,15,15,0,2,0.6,stipe_density,"c(-71.313, 41.451)",Virginian,Cold Temperate Northwest Atlantic,Temperate Northern Atlantic,0.0024075297460562223,0.0024075297460562223,0.0024075297460562223,0.002404636289441823,0.002404636289441823,0.002404636289441823
seabrook,31,1,42.968101,-70.749777,1,1978-04-15,9.4,9.4,9.4,NA,4.0915,4.0915,NA,0,249,249,0,2,4.0915,stipe_density,"c(-70.749777, 42.968101)",Gulf of Maine/Bay of Fundy,Cold Temperate Northwest Atlantic,Temperate Northern Atlantic,0.10114123269611075,0.016417346593315056,0.016417346593315056,0.09634712625866286,0.01628403901768169,0.01628403901768169
seabrook,31,2,42.968101,-70.749777,1,1978-07-15,9.4,9.4,9.4,NA,5.2271,5.2271,NA,0,249,249,0,2,5.2271,stipe_density,"c(-70.749777, 42.968101)",Gulf of Maine/Bay of Fundy,Cold Temperate Northwest Atlantic,Temperate Northern Atlantic,0.12921308503625578,0.020973997892684133,0.020973997892684133,0.12152100521197094,0.02075707156409255,0.02075707156409255
seabrook,31,3,42.968101,-70.749777,1,1978-11-15,9.4,9.4,9.4,NA,7.247800000000001,7.247800000000001,NA,0,249,249,0,2,7.247800000000001,stipe_density,"c(-70.749777, 42.968101)",Gulf of Maine/Bay of Fundy,Cold Temperate Northwest Atlantic,Temperate Northern Atlantic,0.1791644693473962,0.029082156822443816,0.029082156822443816,0.16480611084853863,0.02866729508598406,0.02866729508598406
seabrook,31,4,42.968101,-70.749777,1,1979-04-15,9.4,9.4,9.4,NA,6.9639,6.9639,NA,0,249,249,0,2,6.9639,stipe_density,"c(-70.749777, 42.968101)",Gulf of Maine/Bay of Fundy,Cold Temperate Northwest Atlantic,Temperate Northern Atlantic,0.17214650626235992,0.027942993997601542,0.027942993997601542,0.15883668868561454,0.02755971218565555,0.02755971218565555
seabrook,31,5,42.968101,-70.749777,1,1979-07-15,9.4,9.4,9.4,NA,10.162600000000001,10.162600000000001,NA,0,249,249,0,2,10.162600000000001,stipe_density,"c(-70.749777, 42.968101)",Gulf of Maine/Bay of Fundy,Cold Temperate Northwest Atlantic,Temperate Northern Atlantic,0.2512178642056691,0.040777936328784944,0.040777936328784944,0.22411736836496837,0.03996844922972539,0.03996844922972539
seabrook,31,6,42.968101,-70.749777,1,1979-11-15,9.4,9.4,9.4,NA,20.4085,20.4085,NA,0,249,249,0,2,20.4085,stipe_density,"c(-70.749777, 42.968101)",Gulf of Maine/Bay of Fundy,Cold Temperate Northwest Atlantic,Temperate Northern Atlantic,0.5044948912326961,0.08189011803731402,0.08189011803731402,0.408457221424302,0.07870962077311842,0.07870962077311842
seabrook,31,7,42.968101,-70.749777,1,1980-04-15,9.4,9.4,9.4,NA,16.2911,16.2911,NA,0,249,249,0,2,16.2911,stipe_density,"c(-70.749777, 42.968101)",Gulf of Maine/Bay of Fundy,Cold Temperate Northwest Atlantic,Temperate Northern Atlantic,0.40271341463414634,0.06536884640996087,0.06536884640996087,0.33840851413551964,0.06332107385862505,0.06332107385862505
seabrook,31,8,42.968101,-70.749777,1,1980-07-15,9.4,9.4,9.4,NA,21.1463,21.1463,NA,0,249,249,0,2,21.1463,stipe_density,"c(-70.749777, 42.968101)",Gulf of Maine/Bay of Fundy,Cold Temperate Northwest Atlantic,Temperate Northern Atlantic,0.5227331905075807,0.08485057711504781,0.08485057711504781,0.4205068717686391,0.08144226056391735,0.08144226056391735
seabrook,31,9,42.968101,-70.749777,1,1980-10-15,9.4,9.4,9.4,NA,13.720699999999999,13.720699999999999,NA,0,249,249,0,2,13.720699999999999,stipe_density,"c(-70.749777, 42.968101)",Gulf of Maine/Bay of Fundy,Cold Temperate Northwest Atlantic,Temperate Northern Atlantic,0.33917353328938693,0.05505498897785601,0.05505498897785601,0.2920526574823538,0.053592887823604274,0.053592887823604274
seabrook,31,10,42.968101,-70.749777,1,1981-04-15,9.4,9.4,9.4,NA,13.4589,13.4589,NA,0,249,249,0,2,13.4589,stipe_density,"c(-70.749777, 42.968101)",Gulf of Maine/Bay of Fundy,Cold Temperate Northwest Atlantic,Temperate Northern Atlantic,0.33270187870797624,0.05400450349866015,0.05400450349866015,0.2872083693031406,0.05259672287916951,0.05259672287916951
seabrook,31,11,42.968101,-70.749777,1,1981-07-15,9.4,9.4,9.4,NA,12.530700000000001,12.530700000000001,NA,0,249,249,0,2,12.530700000000001,stipe_density,"c(-70.749777, 42.968101)",Gulf of Maine/Bay of Fundy,Cold Temperate Northwest Atlantic,Temperate Northern Atlantic,0.30975692155570206,0.050280054981511176,0.050280054981511176,0.2698415639310542,0.049056847636245654,0.049056847636245654
seabrook,31,12,42.968101,-70.749777,1,1981-10-15,9.4,9.4,9.4,NA,18.349800000000002,18.349800000000002,NA,0,249,249,0,2,18.349800000000002,stipe_density,"c(-70.749777, 42.968101)",Gulf of Maine/Bay of Fundy,Cold Temperate Northwest Atlantic,Temperate Northern Atlantic,0.45360415293342127,0.07362948222363745,0.07362948222363745,0.3740460950945196,0.07104494794582226,0.07104494794582226
seabrook,31,13,42.968101,-70.749777,1,1982-04-15,9.4,9.4,9.4,NA,14.8036,14.8036,NA,0,249,249,0,2,14.8036,stipe_density,"c(-70.749777, 42.968101)",Gulf of Maine/Bay of Fundy,Cold Temperate Northwest Atlantic,Temperate Northern Atlantic,0.3659426499670402,0.05940017891452982,0.05940017891452982,0.3118447763485375,0.0577028790111613,0.0577028790111613
seabrook,31,14,42.968101,-70.749777,1,1982-07-15,9.4,9.4,9.4,NA,12.5664,12.5664,NA,0,249,249,0,2,12.5664,stipe_density,"c(-70.749777, 42.968101)",Gulf of Maine/Bay of Fundy,Cold Temperate Northwest Atlantic,Temperate Northern Atlantic,0.3106394199077126,0.05042330300140152,0.05042330300140152,0.2705151249274662,0.04919322864365261,0.04919322864365261
seabrook,31,15,42.968101,-70.749777,1,1982-10-15,9.4,9.4,9.4,NA,12.126100000000001,12.126100000000001,NA,0,249,249,0,2,12.126100000000001,stipe_density,"c(-70.749777, 42.968101)",Gulf of Maine/Bay of Fundy,Cold Temperate Northwest Atlantic,Temperate Northern Atlantic,0.2997552735662492,0.04865657742275393,0.04865657742275393,0.26217599564314287,0.047509894900798204,0.047509894900798204
seabrook,31,16,42.968101,-70.749777,1,1983-04-15,9.4,9.4,9.4,NA,9.4486,9.4486,NA,0,249,249,0,2,9.4486,stipe_density,"c(-70.749777, 42.968101)",Gulf of Maine/Bay of Fundy,Cold Temperate Northwest Atlantic,Temperate Northern Atlantic,0.23356789716545817,0.03791297593097804,0.03791297593097804,0.20991069978974716,0.037211943012292935,0.037211943012292935
seabrook,31,17,42.968101,-70.749777,1,1983-07-15,9.4,9.4,9.4,NA,15.0535,15.0535,NA,0,249,249,0,2,15.0535,stipe_density,"c(-70.749777, 42.968101)",Gulf of Maine/Bay of Fundy,Cold Temperate Northwest Atlantic,Temperate Northern Atlantic,0.372120138431114,0.06040291505376223,0.06040291505376223,0.3163570899243151,0.058648944442310384,0.058648944442310384
seabrook,31,18,42.968101,-70.749777,1,1983-10-15,9.4,9.4,9.4,NA,12.495000000000001,12.495000000000001,NA,0,249,249,0,2,12.495000000000001,stipe_density,"c(-70.749777, 42.968101)",Gulf of Maine/Bay of Fundy,Cold Temperate Northwest Atlantic,Temperate Northern Atlantic,0.3088744232036915,0.05013680696162083,0.05013680696162083,0.269167548944419,0.04892044802652249,0.04892044802652249
seabrook,31,19,42.968101,-70.749777,1,1984-04-15,9.4,9.4,9.4,NA,7.663600000000001,7.663600000000001,NA,0,249,249,0,2,7.663600000000001,stipe_density,"c(-70.749777, 42.968101)",Gulf of Maine/Bay of Fundy,Cold Temperate Northwest Atlantic,Temperate Northern Atlantic,0.1894429795649308,0.030750574936460776,0.030750574936460776,0.1734851131385196,0.030287250389301516,0.030287250389301516
seabrook,31,20,42.968101,-70.749777,1,1984-07-15,9.4,9.4,9.4,NA,10.71,10.71,NA,0,249,249,0,2,10.71,stipe_density,"c(-70.749777, 42.968101)",Gulf of Maine/Bay of Fundy,Cold Temperate Northwest Atlantic,Temperate Northern Atlantic,0.2647495056031642,0.04297440596710357,0.04297440596710357,0.23487408328503986,0.042076636855715166,0.042076636855715166
seabrook,31,21,42.968101,-70.749777,1,1984-10-15,9.4,9.4,9.4,NA,8.211,8.211,NA,0,249,249,0,2,8.211,stipe_density,"c(-70.749777, 42.968101)",Gulf of Maine/Bay of Fundy,Cold Temperate Northwest Atlantic,Temperate Northern Atlantic,0.20297462096242586,0.0329470445747794,0.0329470445747794,0.18479734031317213,0.03241592510109006,0.03241592510109006
seabrook,31,22,42.968101,-70.749777,1,1985-04-15,9.4,9.4,9.4,NA,12.0428,12.0428,NA,0,249,249,0,2,12.0428,stipe_density,"c(-70.749777, 42.968101)",Gulf of Maine/Bay of Fundy,Cold Temperate Northwest Atlantic,Temperate Northern Atlantic,0.2976961107448912,0.048322332043009786,0.048322332043009786,0.26059046971940725,0.04719110735261066,0.04719110735261066
seabrook,31,23,42.968101,-70.749777,1,1985-07-15,9.4,9.4,9.4,NA,10.4363,10.4363,NA,0,249,249,0,2,10.4363,stipe_density,"c(-70.749777, 42.968101)",Gulf of Maine/Bay of Fundy,Cold Temperate Northwest Atlantic,Temperate Northern Atlantic,0.2579836849044166,0.04187617114794425,0.04187617114794425,0.22951018911975898,0.04102309859950069,0.04102309859950069
seabrook,31,24,42.968101,-70.749777,1,1985-10-15,9.4,9.4,9.4,NA,8.1158,8.1158,NA,0,249,249,0,2,8.1158,stipe_density,"c(-70.749777, 42.968101)",Gulf of Maine/Bay of Fundy,Cold Temperate Northwest Atlantic,Temperate Northern Atlantic,0.20062129202373105,0.03256504985507182,0.03256504985507182,0.1828391661642179,0.032046046149431635,0.032046046149431635
seabrook,31,25,42.968101,-70.749777,1,1986-04-15,9.4,9.4,9.4,NA,7.9135,7.9135,NA,0,249,249,0,2,7.9135,stipe_density,"c(-70.749777, 42.968101)",Gulf of Maine/Bay of Fundy,Cold Temperate Northwest Atlantic,Temperate Northern Atlantic,0.19562046802900462,0.03175331107569319,0.03175331107569319,0.17866527074330796,0.03125959882950274,0.03125959882950274
seabrook,31,26,42.968101,-70.749777,1,1986-07-15,9.4,9.4,9.4,NA,6.961499999999999,6.961499999999999,NA,0,249,249,0,2,6.961499999999999,stipe_density,"c(-70.749777, 42.968101)",Gulf of Maine/Bay of Fundy,Cold Temperate Northwest Atlantic,Temperate Northern Atlantic,0.17208717864205667,0.027933363878617314,0.027933363878617314,0.15878607289530483,0.02755034380224336,0.02755034380224336
seabrook,31,27,42.968101,-70.749777,1,1986-10-15,9.4,9.4,9.4,NA,5.3788,5.3788,NA,0,249,249,0,2,5.3788,stipe_density,"c(-70.749777, 42.968101)",Gulf of Maine/Bay of Fundy,Cold Temperate Northwest Atlantic,Temperate Northern Atlantic,0.13296308503625576,0.02158270166347868,0.02158270166347868,0.12483639990541756,0.021353093000311657,0.021353093000311657
seabrook,31,28,42.968101,-70.749777,1,1987-04-15,9.4,9.4,9.4,NA,5.2479000000000005,5.2479000000000005,NA,0,249,249,0,2,5.2479000000000005,stipe_density,"c(-70.749777, 42.968101)",Gulf of Maine/Bay of Fundy,Cold Temperate Northwest Atlantic,Temperate Northern Atlantic,0.12972725774555044,0.02105745892388075,0.02105745892388075,0.12197623876412489,0.020838814703714105,0.020838814703714105
seabrook,31,29,42.968101,-70.749777,1,1987-07-15,9.4,9.4,9.4,NA,9.531899999999998,9.531899999999998,NA,0,249,249,0,2,9.531899999999998,stipe_density,"c(-70.749777, 42.968101)",Gulf of Maine/Bay of Fundy,Cold Temperate Northwest Atlantic,Temperate Northern Atlantic,0.23562705998681605,0.03824722131072217,0.03824722131072217,0.21157858210316824,0.03753392720510802,0.03753392720510802
seabrook,31,30,42.968101,-70.749777,1,1987-10-15,9.4,9.4,9.4,NA,6.5331,6.5331,NA,0,249,249,0,2,6.5331,stipe_density,"c(-70.749777, 42.968101)",Gulf of Maine/Bay of Fundy,Cold Temperate Northwest Atlantic,Temperate Northern Atlantic,0.16149719841793012,0.026214387639933175,0.026214387639933175,0.14970986118747556,0.025876679735310878,0.025876679735310878
seabrook,31,31,42.968101,-70.749777,1,1988-04-15,9.4,9.4,9.4,NA,8.5442,8.5442,NA,0,249,249,0,2,8.5442,stipe_density,"c(-70.749777, 42.968101)",Gulf of Maine/Bay of Fundy,Cold Temperate Northwest Atlantic,Temperate Northern Atlantic,0.21121127224785763,0.03428402609375596,0.03428402609375596,0.1916209103352979,0.03370942511118571,0.03370942511118571
seabrook,31,32,42.968101,-70.749777,1,1988-07-15,9.4,9.4,9.4,NA,10.0198,10.0198,NA,0,249,249,0,2,10.0198,stipe_density,"c(-70.749777, 42.968101)",Gulf of Maine/Bay of Fundy,Cold Temperate Northwest Atlantic,Temperate Northern Atlantic,0.24768787079762689,0.04020494424922356,0.04020494424922356,0.22129213513859033,0.0394177555172592,0.0394177555172592
seabrook,31,33,42.968101,-70.749777,1,1988-10-15,9.4,9.4,9.4,NA,8.8893,8.8893,NA,0,249,249,0,2,8.8893,stipe_density,"c(-70.749777, 42.968101)",Gulf of Maine/Bay of Fundy,Cold Temperate Northwest Atlantic,Temperate Northern Atlantic,0.21974208965062625,0.03566875695269596,0.03566875695269596,0.19863943447091206,0.03504736004075993,0.03504736004075993
seabrook,31,34,42.968101,-70.749777,1,1989-04-15,9.4,9.4,9.4,NA,5.4145,5.4145,NA,0,249,249,0,2,5.4145,stipe_density,"c(-70.749777, 42.968101)",Gulf of Maine/Bay of Fundy,Cold Temperate Northwest Atlantic,Temperate Northern Atlantic,0.13384558338826633,0.021725949683369026,0.021725949683369026,0.1256150261819874,0.02149330482785975,0.02149330482785975
seabrook,31,35,42.968101,-70.749777,1,1989-07-15,9.4,9.4,9.4,NA,7.9611,7.9611,NA,0,249,249,0,2,7.9611,stipe_density,"c(-70.749777, 42.968101)",Gulf of Maine/Bay of Fundy,Cold Temperate Northwest Atlantic,Temperate Northern Atlantic,0.196797132498352,0.031944308435546985,0.031944308435546985,0.17964893226123477,0.03144470090898716,0.03144470090898716
seabrook,31,36,42.968101,-70.749777,1,1989-10-15,9.4,9.4,9.4,NA,7.6993,7.6993,NA,0,249,249,0,2,7.6993,stipe_density,"c(-70.749777, 42.968101)",Gulf of Maine/Bay of Fundy,Cold Temperate Northwest Atlantic,Temperate Northern Atlantic,0.19032547791694132,0.03089382295635112,0.03089382295635112,0.17422678058073557,0.030426215208129964,0.030426215208129964
seabrook,31,37,42.968101,-70.749777,1,1990-04-15,9.4,9.4,9.4,NA,7.5803,7.5803,NA,0,249,249,0,2,7.5803,stipe_density,"c(-70.749777, 42.968101)",Gulf of Maine/Bay of Fundy,Cold Temperate Northwest Atlantic,Temperate Northern Atlantic,0.18738381674357285,0.030416329556716637,0.030416329556716637,0.17175241360842974,0.029962924026457845,0.029962924026457845
seabrook,31,38,42.968101,-70.749777,1,1990-07-15,9.4,9.4,9.4,NA,7.4732,7.4732,NA,0,249,249,0,2,7.4732,stipe_density,"c(-70.749777, 42.968101)",Gulf of Maine/Bay of Fundy,Cold Temperate Northwest Atlantic,Temperate Northern Atlantic,0.1847363216875412,0.029986585497045602,0.029986585497045602,0.1695202364834804,0.02954577836745799,0.02954577836745799
seabrook,31,39,42.968101,-70.749777,1,1990-10-15,9.4,9.4,9.4,NA,7.7231,7.7231,NA,0,249,249,0,2,7.7231,stipe_density,"c(-70.749777, 42.968101)",Gulf of Maine/Bay of Fundy,Cold Temperate Northwest Atlantic,Temperate Northern Atlantic,0.19091381015161502,0.030989321636278013,0.030989321636278013,0.17472092012361393,0.030518847693385594,0.030518847693385594
seabrook,31,40,42.968101,-70.749777,1,1991-04-15,9.4,9.4,9.4,NA,5.8905,5.8905,NA,0,249,249,0,2,5.8905,stipe_density,"c(-70.749777, 42.968101)",Gulf of Maine/Bay of Fundy,Cold Temperate Northwest Atlantic,Temperate Northern Atlantic,0.1456122280817403,0.023635923281906963,0.023635923281906963,0.1359391911213109,0.02336091972666713,0.02336091972666713
seabrook,31,41,42.968101,-70.749777,1,1991-07-15,9.4,9.4,9.4,NA,6.4736,6.4736,NA,0,249,249,0,2,6.4736,stipe_density,"c(-70.749777, 42.968101)",Gulf of Maine/Bay of Fundy,Cold Temperate Northwest Atlantic,Temperate Northern Atlantic,0.16002636783124588,0.025975640940115934,0.025975640940115934,0.14844273574893563,0.02564400469297129,0.02564400469297129
seabrook,31,42,42.968101,-70.749777,1,1991-10-15,9.4,9.4,9.4,NA,4.9504,4.9504,NA,0,249,249,0,2,4.9504,stipe_density,"c(-70.749777, 42.968101)",Gulf of Maine/Bay of Fundy,Cold Temperate Northwest Atlantic,Temperate Northern Atlantic,0.12237310481212921,0.01986372542479454,0.01986372542479454,0.11544528730601614,0.019669015845856275,0.019669015845856275
seabrook,31,43,42.968101,-70.749777,1,1992-04-15,9.4,9.4,9.4,NA,6.307,6.307,NA,0,249,249,0,2,6.307,stipe_density,"c(-70.749777, 42.968101)",Gulf of Maine/Bay of Fundy,Cold Temperate Northwest Atlantic,Temperate Northern Atlantic,0.15590804218853,0.025307150180627656,0.025307150180627656,0.14488621880623512,0.024992226414474218,0.024992226414474218
seabrook,31,44,42.968101,-70.749777,1,1992-07-15,9.4,9.4,9.4,NA,6.9377,6.9377,NA,0,249,249,0,2,6.9377,stipe_density,"c(-70.749777, 42.968101)",Gulf of Maine/Bay of Fundy,Cold Temperate Northwest Atlantic,Temperate Northern Atlantic,0.171498846407383,0.02783786519869042,0.02783786519869042,0.15828399425108677,0.027457435915757934,0.027457435915757934
seabrook,31,45,42.968101,-70.749777,1,1992-10-15,9.4,9.4,9.4,NA,10.0674,10.0674,NA,0,249,249,0,2,10.0674,stipe_density,"c(-70.749777, 42.968101)",Gulf of Maine/Bay of Fundy,Cold Temperate Northwest Atlantic,Temperate Northern Atlantic,0.24886453526697427,0.04039594160907735,0.04039594160907735,0.22223476670812323,0.03960135378609437,0.03960135378609437
seabrook,31,46,42.968101,-70.749777,1,1993-04-15,9.4,9.4,9.4,NA,5.95,5.95,NA,0,249,249,0,2,5.95,stipe_density,"c(-70.749777, 42.968101)",Gulf of Maine/Bay of Fundy,Cold Temperate Northwest Atlantic,Temperate Northern Atlantic,0.14708305866842453,0.023874669981724203,0.023874669981724203,0.13722224936019917,0.023594126530758677,0.023594126530758677
seabrook,31,47,42.968101,-70.749777,1,1993-07-15,9.4,9.4,9.4,NA,6.925800000000001,6.925800000000001,NA,0,249,249,0,2,6.925800000000001,stipe_density,"c(-70.749777, 42.968101)",Gulf of Maine/Bay of Fundy,Cold Temperate Northwest Atlantic,Temperate Northern Atlantic,0.17120468029004615,0.027790115858726976,0.027790115858726976,0.15803286036621356,0.02741097873536156,0.02741097873536156
seabrook,31,48,42.968101,-70.749777,1,1993-10-15,9.4,9.4,9.4,NA,6.545,6.545,NA,0,249,249,0,2,6.545,stipe_density,"c(-70.749777, 42.968101)",Gulf of Maine/Bay of Fundy,Cold Temperate Northwest Atlantic,Temperate Northern Atlantic,0.16179136453526696,0.026262136979896624,0.026262136979896624,0.1499630937162277,0.02592320824796296,0.02592320824796296
seabrook,31,49,42.968101,-70.749777,1,1994-04-15,9.4,9.4,9.4,NA,6.1642,6.1642,NA,0,249,249,0,2,6.1642,stipe_density,"c(-70.749777, 42.968101)",Gulf of Maine/Bay of Fundy,Cold Temperate Northwest Atlantic,Temperate Northern Atlantic,0.1523780487804878,0.024734158101066276,0.024734158101066276,0.14182767578274766,0.024433221001102592,0.024433221001102592
seabrook,31,50,42.968101,-70.749777,1,1994-07-15,9.4,9.4,9.4,NA,9.900799999999998,9.900799999999998,NA,0,249,249,0,2,9.900799999999998,stipe_density,"c(-70.749777, 42.968101)",Gulf of Maine/Bay of Fundy,Cold Temperate Northwest Atlantic,Temperate Northern Atlantic,0.24474620962425836,0.03972745084958907,0.03972745084958907,0.21893166144554752,0.038958612317078103,0.038958612317078103
seabrook,31,51,42.968101,-70.749777,1,1994-10-15,9.4,9.4,9.4,NA,17.504900000000003,17.504900000000003,NA,0,249,249,0,2,17.504900000000003,stipe_density,"c(-70.749777, 42.968101)",Gulf of Maine/Bay of Fundy,Cold Temperate Northwest Atlantic,Temperate Northern Atlantic,0.432718358602505,0.07023927908623262,0.07023927908623262,0.3595735898244154,0.0678822487876375,0.0678822487876375
seabrook,31,52,42.968101,-70.749777,1,1995-04-15,9.4,9.4,9.4,NA,7.3542,7.3542,NA,0,249,249,0,2,7.3542,stipe_density,"c(-70.749777, 42.968101)",Gulf of Maine/Bay of Fundy,Cold Temperate Northwest Atlantic,Temperate Northern Atlantic,0.1817946605141727,0.029509092097411115,0.029509092097411115,0.1670341818232521,0.029082079012916942,0.029082079012916942
seabrook,31,53,42.968101,-70.749777,1,1995-07-15,9.4,9.4,9.4,NA,11.2455,11.2455,NA,0,249,249,0,2,11.2455,stipe_density,"c(-70.749777, 42.968101)",Gulf of Maine/Bay of Fundy,Cold Temperate Northwest Atlantic,Temperate Northern Atlantic,0.27798698088332235,0.045123126265458745,0.045123126265458745,0.24528616880120255,0.04413470265352363,0.04413470265352363
seabrook,31,54,42.968101,-70.749777,1,1995-10-15,9.4,9.4,9.4,NA,9.8294,9.8294,NA,0,249,249,0,2,9.8294,stipe_density,"c(-70.749777, 42.968101)",Gulf of Maine/Bay of Fundy,Cold Temperate Northwest Atlantic,Temperate Northern Atlantic,0.2429812129202373,0.03944095480980838,0.03944095480980838,0.21751269811043977,0.0386830251728968,0.0386830251728968
seabrook,31,55,42.968101,-70.749777,1,1996-04-15,9.4,9.4,9.4,NA,7.5207999999999995,7.5207999999999995,NA,0,249,249,0,2,7.5207999999999995,stipe_density,"c(-70.749777, 42.968101)",Gulf of Maine/Bay of Fundy,Cold Temperate Northwest Atlantic,Temperate Northern Atlantic,0.1859129861568886,0.03017758285689939,0.03017758285689939,0.17051293039403195,0.02973119792123418,0.02973119792123418
seabrook,31,56,42.968101,-70.749777,1,1996-07-15,9.4,9.4,9.4,NA,14.2205,14.2205,NA,0,249,249,0,2,14.2205,stipe_density,"c(-70.749777, 42.968101)",Gulf of Maine/Bay of Fundy,Cold Temperate Northwest Atlantic,Temperate Northern Atlantic,0.3515285102175346,0.057060461256320846,0.057060461256320846,0.3012361817523629,0.055491906062339294,0.055491906062339294
seabrook,31,57,42.968101,-70.749777,1,1996-10-15,9.4,9.4,9.4,NA,12.459299999999999,12.459299999999999,NA,0,249,249,0,2,12.459299999999999,stipe_density,"c(-70.749777, 42.968101)",Gulf of Maine/Bay of Fundy,Cold Temperate Northwest Atlantic,Temperate Northern Atlantic,0.3079919248516809,0.04999355894173048,0.04999355894173048,0.26849307935515543,0.04878402980940772,0.04878402980940772
seabrook,31,58,42.968101,-70.749777,1,1997-04-15,9.4,9.4,9.4,NA,12.3165,12.3165,NA,0,249,249,0,2,12.3165,stipe_density,"c(-70.749777, 42.968101)",Gulf of Maine/Bay of Fundy,Cold Temperate Northwest Atlantic,Temperate Northern Atlantic,0.30446193144363876,0.0494205668621691,0.0494205668621691,0.26579064268024233,0.04823817076545231,0.04823817076545231
seabrook,31,59,42.968101,-70.749777,1,1997-07-15,9.4,9.4,9.4,NA,11.780999999999999,11.780999999999999,NA,0,249,249,0,2,11.780999999999999,stipe_density,"c(-70.749777, 42.968101)",Gulf of Maine/Bay of Fundy,Cold Temperate Northwest Atlantic,Temperate Northern Atlantic,0.2912244561634805,0.04727184656381392,0.04727184656381392,0.25559095900123285,0.046188541514329544,0.046188541514329544
seabrook,31,60,42.968101,-70.749777,1,1997-10-15,9.4,9.4,9.4,NA,12.8163,12.8163,NA,0,249,249,0,2,12.8163,stipe_density,"c(-70.749777, 42.968101)",Gulf of Maine/Bay of Fundy,Cold Temperate Northwest Atlantic,Temperate Northern Atlantic,0.31681690837178644,0.051426039140633935,0.051426039140633935,0.2752173913592827,0.05014737525654389,0.05014737525654389
seabrook,31,61,42.968101,-70.749777,1,1998-04-15,9.4,9.4,9.4,NA,10.829,10.829,NA,0,249,249,0,2,10.829,stipe_density,"c(-70.749777, 42.968101)",Gulf of Maine/Bay of Fundy,Cold Temperate Northwest Atlantic,Temperate Northern Atlantic,0.26769116677653265,0.04345189936673805,0.04345189936673805,0.23719726702514393,0.04253435099280228,0.04253435099280228
seabrook,31,62,42.968101,-70.749777,1,1998-07-15,9.4,9.4,9.4,NA,9.1273,9.1273,NA,0,249,249,0,2,9.1273,stipe_density,"c(-70.749777, 42.968101)",Gulf of Maine/Bay of Fundy,Cold Temperate Northwest Atlantic,Temperate Northern Atlantic,0.22562541199736322,0.03662374375196493,0.03662374375196493,0.2034512541212888,0.035969031924963334,0.035969031924963334
seabrook,31,63,42.968101,-70.749777,1,1998-10-15,9.4,9.4,9.4,NA,7.8659,7.8659,NA,0,249,249,0,2,7.8659,stipe_density,"c(-70.749777, 42.968101)",Gulf of Maine/Bay of Fundy,Cold Temperate Northwest Atlantic,Temperate Northern Atlantic,0.1944438035596572,0.031562313715839396,0.031562313715839396,0.17768064068260286,0.031074462480895317,0.031074462480895317
seabrook,31,64,42.968101,-70.749777,1,1999-04-15,9.4,9.4,9.4,NA,10.436300000000001,10.436300000000001,NA,0,249,249,0,2,10.436300000000001,stipe_density,"c(-70.749777, 42.968101)",Gulf of Maine/Bay of Fundy,Cold Temperate Northwest Atlantic,Temperate Northern Atlantic,0.25798368490441664,0.04187617114794426,0.04187617114794426,0.22951018911975898,0.04102309859950069,0.04102309859950069
seabrook,31,65,42.968101,-70.749777,1,1999-07-15,9.4,9.4,9.4,NA,9.5914,9.5914,NA,0,249,249,0,2,9.5914,stipe_density,"c(-70.749777, 42.968101)",Gulf of Maine/Bay of Fundy,Cold Temperate Northwest Atlantic,Temperate Northern Atlantic,0.23709789057350034,0.03848596801053942,0.03848596801053942,0.21276822574696894,0.037763852457034196,0.037763852457034196
seabrook,31,66,42.968101,-70.749777,1,1999-10-15,9.4,9.4,9.4,NA,7.972999999999999,7.972999999999999,NA,0,249,249,0,2,7.972999999999999,stipe_density,"c(-70.749777, 42.968101)",Gulf of Maine/Bay of Fundy,Cold Temperate Northwest Atlantic,Temperate Northern Atlantic,0.19709129861568883,0.03199205777551043,0.03199205777551043,0.17989469652910461,0.03149097107579419,0.03149097107579419
seabrook,31,67,42.968101,-70.749777,1,2000-04-15,9.4,9.4,9.4,NA,6.188000000000001,6.188000000000001,NA,0,249,249,0,2,6.188000000000001,stipe_density,"c(-70.749777, 42.968101)",Gulf of Maine/Bay of Fundy,Cold Temperate Northwest Atlantic,Temperate Northern Atlantic,0.15296638101516152,0.024829656780993175,0.024829656780993175,0.14233808302588435,0.024526410273183363,0.024526410273183363
seabrook,31,68,42.968101,-70.749777,1,2000-07-15,9.4,9.4,9.4,NA,4.950399999999999,4.950399999999999,NA,0,249,249,0,2,4.950399999999999,stipe_density,"c(-70.749777, 42.968101)",Gulf of Maine/Bay of Fundy,Cold Temperate Northwest Atlantic,Temperate Northern Atlantic,0.12237310481212918,0.019863725424794535,0.019863725424794535,0.11544528730601614,0.019669015845856275,0.019669015845856275
seabrook,31,69,42.968101,-70.749777,1,2000-10-15,9.4,9.4,9.4,NA,2.3562,2.3562,NA,0,249,249,0,2,2.3562,stipe_density,"c(-70.749777, 42.968101)",Gulf of Maine/Bay of Fundy,Cold Temperate Northwest Atlantic,Temperate Northern Atlantic,0.058244891232696105,0.009454369312762783,0.009454369312762783,0.05661177284541581,0.009409956474023274,0.009409956474023274
seabrook,31,70,42.968101,-70.749777,1,2001-04-15,9.4,9.4,9.4,NA,0.7854,0.7854,NA,0,249,249,0,2,0.7854,stipe_density,"c(-70.749777, 42.968101)",Gulf of Maine/Bay of Fundy,Cold Temperate Northwest Atlantic,Temperate Northern Atlantic,0.019414963744232037,0.003151456437587595,0.003151456437587595,0.019228897788241113,0.003146501007234261,0.003146501007234261
seabrook,31,71,42.968101,-70.749777,1,2001-07-15,9.4,9.4,9.4,NA,4.867100000000001,4.867100000000001,NA,0,249,249,0,2,4.867100000000001,stipe_density,"c(-70.749777, 42.968101)",Gulf of Maine/Bay of Fundy,Cold Temperate Northwest Atlantic,Temperate Northern Atlantic,0.12031394199077128,0.019529480045050403,0.019529480045050403,0.11360895137770155,0.019341226793857448,0.019341226793857448
seabrook,31,72,42.968101,-70.749777,1,2001-10-15,9.4,9.4,9.4,NA,5.0218,5.0218,NA,0,249,249,0,2,5.0218,stipe_density,"c(-70.749777, 42.968101)",Gulf of Maine/Bay of Fundy,Cold Temperate Northwest Atlantic,Temperate Northern Atlantic,0.12413810151615029,0.02015022146457523,0.02015022146457523,0.1170166100416475,0.01994989239780432,0.01994989239780432
seabrook,31,73,42.968101,-70.749777,1,2002-04-15,9.4,9.4,9.4,NA,6.9972,6.9972,NA,0,249,249,0,2,6.9972,stipe_density,"c(-70.749777, 42.968101)",Gulf of Maine/Bay of Fundy,Cold Temperate Northwest Atlantic,Temperate Northern Atlantic,0.17296967699406723,0.028076611898507665,0.028076611898507665,0.15953871852225335,0.027689689449209933,0.027689689449209933
seabrook,31,74,42.968101,-70.749777,1,2002-07-15,9.4,9.4,9.4,NA,4.045999999999999,4.045999999999999,NA,0,249,249,0,2,4.045999999999999,stipe_density,"c(-70.749777, 42.968101)",Gulf of Maine/Bay of Fundy,Cold Temperate Northwest Atlantic,Temperate Northern Atlantic,0.10001647989452866,0.016234775587572456,0.016234775587572456,0.09532516141439877,0.01610440079602901,0.01610440079602901
seabrook,31,75,42.968101,-70.749777,1,2002-10-15,9.4,9.4,9.4,NA,3.1416,3.1416,NA,0,249,249,0,2,3.1416,stipe_density,"c(-70.749777, 42.968101)",Gulf of Maine/Bay of Fundy,Cold Temperate Northwest Atlantic,Temperate Northern Atlantic,0.07765985497692815,0.01260582575035038,0.01260582575035038,0.074791889279084,0.01252703379640514,0.01252703379640514
seabrook,31,76,42.968101,-70.749777,1,2003-04-15,9.4,9.4,9.4,NA,2.1658000000000004,2.1658000000000004,NA,0,249,249,0,2,2.1658000000000004,stipe_density,"c(-70.749777, 42.968101)",Gulf of Maine/Bay of Fundy,Cold Temperate Northwest Atlantic,Temperate Northern Atlantic,0.05353823335530654,0.008690379873347611,0.008690379873347611,0.05215424535042718,0.008652835879755986,0.008652835879755986
seabrook,31,77,42.968101,-70.749777,1,2003-07-15,9.4,9.4,9.4,NA,8.092,8.092,NA,0,249,249,0,2,8.092,stipe_density,"c(-70.749777, 42.968101)",Gulf of Maine/Bay of Fundy,Cold Temperate Northwest Atlantic,Temperate Northern Atlantic,0.20003295978905736,0.03246955117514492,0.03246955117514492,0.18234902290763857,0.031953555030931925,0.031953555030931925
seabrook,31,78,42.968101,-70.749777,1,2003-10-15,9.4,9.4,9.4,NA,5.759599999999999,5.759599999999999,NA,0,249,249,0,2,5.759599999999999,stipe_density,"c(-70.749777, 42.968101)",Gulf of Maine/Bay of Fundy,Cold Temperate Northwest Atlantic,Temperate Northern Atlantic,0.14237640079103492,0.023110680542309026,0.023110680542309026,0.1331106548189395,0.022847673240613094,0.022847673240613094
seabrook,31,79,42.968101,-70.749777,1,2004-04-15,9.4,9.4,9.4,NA,8.615599999999999,8.615599999999999,NA,0,249,249,0,2,8.615599999999999,stipe_density,"c(-70.749777, 42.968101)",Gulf of Maine/Bay of Fundy,Cold Temperate Northwest Atlantic,Temperate Northern Atlantic,0.21297626895187868,0.03457052213353664,0.03457052213353664,0.1930770658396866,0.03398638613955519,0.03398638613955519
seabrook,31,80,42.968101,-70.749777,1,2004-07-15,9.4,9.4,9.4,NA,6.7829999999999995,6.7829999999999995,NA,0,249,249,0,2,6.7829999999999995,stipe_density,"c(-70.749777, 42.968101)",Gulf of Maine/Bay of Fundy,Cold Temperate Northwest Atlantic,Temperate Northern Atlantic,0.16767468688200393,0.02721712377916559,0.02721712377916559,0.15501432410658383,0.02685332416037194,0.02685332416037194
seabrook,31,81,42.968101,-70.749777,1,2004-10-15,9.4,9.4,9.4,NA,8.0206,8.0206,NA,0,249,249,0,2,8.0206,stipe_density,"c(-70.749777, 42.968101)",Gulf of Maine/Bay of Fundy,Cold Temperate Northwest Atlantic,Temperate Northern Atlantic,0.19826796308503625,0.03218305513536423,0.03218305513536423,0.1808771500447885,0.03167603033671075,0.03167603033671075
seabrook,31,82,42.968101,-70.749777,1,2005-04-15,9.4,9.4,9.4,NA,7.1162,7.1162,NA,0,249,249,0,2,7.1162,stipe_density,"c(-70.749777, 42.968101)",Gulf of Maine/Bay of Fundy,Cold Temperate Northwest Atlantic,Temperate Northern Atlantic,0.17591133816743573,0.028554105298142146,0.028554105298142146,0.1620434539194961,0.028154034753616382,0.028154034753616382
seabrook,31,83,42.968101,-70.749777,1,2005-07-15,9.4,9.4,9.4,NA,8.401399999999999,8.401399999999999,NA,0,249,249,0,2,8.401399999999999,stipe_density,"c(-70.749777, 42.968101)",Gulf of Maine/Bay of Fundy,Cold Temperate Northwest Atlantic,Temperate Northern Atlantic,0.2076812788398154,0.03371103401419457,0.03371103401419457,0.18870222268017367,0.03315527282593354,0.03315527282593354
seabrook,31,84,42.968101,-70.749777,1,2005-10-15,9.4,9.4,9.4,NA,9.282,9.282,NA,0,249,249,0,2,9.282,stipe_density,"c(-70.749777, 42.968101)",Gulf of Maine/Bay of Fundy,Cold Temperate Northwest Atlantic,Temperate Northern Atlantic,0.22944957152274226,0.03724448517148976,0.03724448517148976,0.20656656639801504,0.03656766343819534,0.03656766343819534
seabrook,31,85,42.968101,-70.749777,1,2006-04-15,9.4,9.4,9.4,NA,5.9738,5.9738,NA,0,249,249,0,2,5.9738,stipe_density,"c(-70.749777, 42.968101)",Gulf of Maine/Bay of Fundy,Cold Temperate Northwest Atlantic,Temperate Northern Atlantic,0.14767139090309822,0.0239701686616511,0.0239701686616511,0.13773501206356734,0.02368739402660993,0.02368739402660993
seabrook,31,86,42.968101,-70.749777,1,2006-07-15,9.4,9.4,9.4,NA,8.3538,8.3538,NA,0,249,249,0,2,8.3538,stipe_density,"c(-70.749777, 42.968101)",Gulf of Maine/Bay of Fundy,Cold Temperate Northwest Atlantic,Temperate Northern Atlantic,0.20650461437046802,0.03352003665434078,0.03352003665434078,0.18772743066781805,0.03297048713544403,0.03297048713544403
seabrook,31,87,42.968101,-70.749777,1,2006-10-15,9.4,9.4,9.4,NA,6.842499999999999,6.842499999999999,NA,0,249,249,0,2,6.842499999999999,stipe_density,"c(-70.749777, 42.968101)",Gulf of Maine/Bay of Fundy,Cold Temperate Northwest Atlantic,Temperate Northern Atlantic,0.1691455174686882,0.027455870478982833,0.027455870478982833,0.156273155041181,0.027085718026995928,0.027085718026995928
seabrook,31,88,42.968101,-70.749777,1,2007-04-15,9.4,9.4,9.4,NA,6.069,6.069,NA,0,249,249,0,2,6.069,stipe_density,"c(-70.749777, 42.968101)",Gulf of Maine/Bay of Fundy,Cold Temperate Northwest Atlantic,Temperate Northern Atlantic,0.15002471984179302,0.024352163381358687,0.024352163381358687,0.13978343765873605,0.024060377046089026,0.024060377046089026
seabrook,31,89,42.968101,-70.749777,1,2007-07-15,9.4,9.4,9.4,NA,6.3784,6.3784,NA,0,249,249,0,2,6.3784,stipe_density,"c(-70.749777, 42.968101)",Gulf of Maine/Bay of Fundy,Cold Temperate Northwest Atlantic,Temperate Northern Atlantic,0.1576730388925511,0.025593646220408345,0.025593646220408345,0.14641198944886355,0.025271611982169068,0.025271611982169068
seabrook,31,90,42.968101,-70.749777,1,2007-10-15,9.4,9.4,9.4,NA,4.736199999999999,4.736199999999999,NA,0,249,249,0,2,4.736199999999999,stipe_density,"c(-70.749777, 42.968101)",Gulf of Maine/Bay of Fundy,Cold Temperate Northwest Atlantic,Temperate Northern Atlantic,0.1170781147000659,0.019004237305452462,0.019004237305452462,0.11071645022924065,0.018825912529736394,0.018825912529736394
seabrook,31,91,42.968101,-70.749777,1,2008-04-15,9.4,9.4,9.4,NA,5.95,5.95,NA,0,249,249,0,2,5.95,stipe_density,"c(-70.749777, 42.968101)",Gulf of Maine/Bay of Fundy,Cold Temperate Northwest Atlantic,Temperate Northern Atlantic,0.14708305866842453,0.023874669981724203,0.023874669981724203,0.13722224936019917,0.023594126530758677,0.023594126530758677
seabrook,31,92,42.968101,-70.749777,1,2008-07-15,9.4,9.4,9.4,NA,7.5446,7.5446,NA,0,249,249,0,2,7.5446,stipe_density,"c(-70.749777, 42.968101)",Gulf of Maine/Bay of Fundy,Cold Temperate Northwest Atlantic,Temperate Northern Atlantic,0.18650131839156228,0.03027308153682629,0.03027308153682629,0.1710089080532512,0.02982389480706189,0.02982389480706189
seabrook,31,93,42.968101,-70.749777,1,2008-10-15,9.4,9.4,9.4,NA,4.1174,4.1174,NA,0,249,249,0,2,4.1174,stipe_density,"c(-70.749777, 42.968101)",Gulf of Maine/Bay of Fundy,Cold Temperate Northwest Atlantic,Temperate Northern Atlantic,0.10178147659854977,0.01652127162735315,0.01652127162735315,0.09692839396974913,0.016386280210009953,0.016386280210009953
seabrook,31,94,42.968101,-70.749777,1,2009-04-15,9.4,9.4,9.4,NA,5.045599999999999,5.045599999999999,NA,0,249,249,0,2,5.045599999999999,stipe_density,"c(-70.749777, 42.968101)",Gulf of Maine/Bay of Fundy,Cold Temperate Northwest Atlantic,Temperate Northern Atlantic,0.12472643375082398,0.020245720144502124,0.020245720144502124,0.11753983608649778,0.020043500386380583,0.020043500386380583
seabrook,31,95,42.968101,-70.749777,1,2009-07-15,9.4,9.4,9.4,NA,11.078899999999999,11.078899999999999,NA,0,249,249,0,2,11.078899999999999,stipe_density,"c(-70.749777, 42.968101)",Gulf of Maine/Bay of Fundy,Cold Temperate Northwest Atlantic,Temperate Northern Atlantic,0.27386865524060644,0.044454635505970466,0.044454635505970466,0.2420584554777251,0.04349486929146918,0.04349486929146918
seabrook,31,96,42.968101,-70.749777,1,2009-10-15,9.4,9.4,9.4,NA,3.8794,3.8794,NA,0,249,249,0,2,3.8794,stipe_density,"c(-70.749777, 42.968101)",Gulf of Maine/Bay of Fundy,Cold Temperate Northwest Atlantic,Temperate Northern Atlantic,0.09589815425181279,0.01556628482808418,0.01556628482808418,0.09157425925530724,0.01544637300321654,0.01544637300321654
seabrook,31,97,42.968101,-70.749777,1,2010-04-15,9.4,9.4,9.4,NA,6.997199999999999,6.997199999999999,NA,0,249,249,0,2,6.997199999999999,stipe_density,"c(-70.749777, 42.968101)",Gulf of Maine/Bay of Fundy,Cold Temperate Northwest Atlantic,Temperate Northern Atlantic,0.17296967699406723,0.028076611898507662,0.028076611898507662,0.15953871852225335,0.027689689449209933,0.027689689449209933
seabrook,31,98,42.968101,-70.749777,1,2010-07-15,9.4,9.4,9.4,NA,7.2947,7.2947,NA,0,249,249,0,2,7.2947,stipe_density,"c(-70.749777, 42.968101)",Gulf of Maine/Bay of Fundy,Cold Temperate Northwest Atlantic,Temperate Northern Atlantic,0.18032382992748847,0.029270345397593874,0.029270345397593874,0.16578883296990057,0.02885014867930337,0.02885014867930337
seabrook,31,99,42.968101,-70.749777,1,2010-10-15,9.4,9.4,9.4,NA,6.0452,6.0452,NA,0,249,249,0,2,6.0452,stipe_density,"c(-70.749777, 42.968101)",Gulf of Maine/Bay of Fundy,Cold Temperate Northwest Atlantic,Temperate Northern Atlantic,0.14943638760711933,0.024256664701431792,0.024256664701431792,0.13927172450507092,0.023967144332564683,0.023967144332564683
seabrook,31,100,42.968101,-70.749777,1,2011-04-15,9.4,9.4,9.4,NA,8.2705,8.2705,NA,0,249,249,0,2,8.2705,stipe_density,"c(-70.749777, 42.968101)",Gulf of Maine/Bay of Fundy,Cold Temperate Northwest Atlantic,Temperate Northern Atlantic,0.2044454515491101,0.03318579127459664,0.03318579127459664,0.1860192548319414,0.03264702999109246,0.03264702999109246
seabrook,31,101,42.968101,-70.749777,1,2011-07-15,9.4,9.4,9.4,NA,5.4026000000000005,5.4026000000000005,NA,0,249,249,0,2,5.4026000000000005,stipe_density,"c(-70.749777, 42.968101)",Gulf of Maine/Bay of Fundy,Cold Temperate Northwest Atlantic,Temperate Northern Atlantic,0.13355141727092948,0.02167820034340558,0.02167820034340558,0.12535555144606622,0.021446569736349237,0.021446569736349237
seabrook,31,102,42.968101,-70.749777,1,2011-10-15,9.4,9.4,9.4,NA,4.379199999999999,4.379199999999999,NA,0,249,249,0,2,4.379199999999999,stipe_density,"c(-70.749777, 42.968101)",Gulf of Maine/Bay of Fundy,Cold Temperate Northwest Atlantic,Temperate Northern Atlantic,0.10825313117996042,0.01757175710654901,0.01757175710654901,0.10278501997624225,0.017419158802825657,0.017419158802825657
seabrook,31,103,42.968101,-70.749777,1,2012-04-15,9.4,9.4,9.4,NA,12.0547,12.0547,NA,0,249,249,0,2,12.0547,stipe_density,"c(-70.749777, 42.968101)",Gulf of Maine/Bay of Fundy,Cold Temperate Northwest Atlantic,Temperate Northern Atlantic,0.2979902768622281,0.04837008138297324,0.04837008138297324,0.2608171273926923,0.04723665465336497,0.04723665465336497
seabrook,31,104,42.968101,-70.749777,1,2012-07-15,9.4,9.4,9.4,NA,3.9865,3.9865,NA,0,249,249,0,2,3.9865,stipe_density,"c(-70.749777, 42.968101)",Gulf of Maine/Bay of Fundy,Cold Temperate Northwest Atlantic,Temperate Northern Atlantic,0.09854564930784443,0.015996028887755216,0.015996028887755216,0.09398716801719201,0.015869440573607552,0.015869440573607552
seabrook,31,105,42.968101,-70.749777,1,2012-10-15,9.4,9.4,9.4,NA,4.8195,4.8195,NA,0,249,249,0,2,4.8195,stipe_density,"c(-70.749777, 42.968101)",Gulf of Maine/Bay of Fundy,Cold Temperate Northwest Atlantic,Temperate Northern Atlantic,0.11913727752142386,0.019338482685196605,0.019338482685196605,0.1125581005555211,0.01915387051193629,0.01915387051193629
seabrook,31,106,42.968101,-70.749777,1,2013-04-15,9.4,9.4,9.4,NA,1.3685,1.3685,NA,0,249,249,0,2,1.3685,stipe_density,"c(-70.749777, 42.968101)",Gulf of Maine/Bay of Fundy,Cold Temperate Northwest Atlantic,Temperate Northern Atlantic,0.03382910349373764,0.0054911740957965674,0.0054911740957965674,0.03326948534111473,0.005476152564792565,0.005476152564792565
seabrook,31,107,42.968101,-70.749777,1,2013-07-15,9.4,9.4,9.4,NA,3.689,3.689,NA,0,249,249,0,2,3.689,stipe_density,"c(-70.749777, 42.968101)",Gulf of Maine/Bay of Fundy,Cold Temperate Northwest Atlantic,Temperate Northern Atlantic,0.09119149637442321,0.014802295388669007,0.014802295388669007,0.08727021516469345,0.014693810652797682,0.014693810652797682
seabrook,31,108,42.968101,-70.749777,1,2013-10-15,9.4,9.4,9.4,NA,4.736199999999999,4.736199999999999,NA,0,249,249,0,2,4.736199999999999,stipe_density,"c(-70.749777, 42.968101)",Gulf of Maine/Bay of Fundy,Cold Temperate Northwest Atlantic,Temperate Northern Atlantic,0.1170781147000659,0.019004237305452462,0.019004237305452462,0.11071645022924065,0.018825912529736394,0.018825912529736394
seabrook,31,109,42.968101,-70.749777,1,2014-04-15,9.4,9.4,9.4,NA,7.2709,7.2709,NA,0,249,249,0,2,7.2709,stipe_density,"c(-70.749777, 42.968101)",Gulf of Maine/Bay of Fundy,Cold Temperate Northwest Atlantic,Temperate Northern Atlantic,0.17973549769281477,0.02917484671766698,0.02917484671766698,0.16529025885358448,0.028757361482091435,0.028757361482091435
seabrook,31,110,42.968101,-70.749777,1,2014-07-15,9.4,9.4,9.4,NA,7.687399999999999,7.687399999999999,NA,0,249,249,0,2,7.687399999999999,stipe_density,"c(-70.749777, 42.968101)",Gulf of Maine/Bay of Fundy,Cold Temperate Northwest Atlantic,Temperate Northern Atlantic,0.19003131179960447,0.030846073616387668,0.030846073616387668,0.1739796192139143,0.03037989574751182,0.03037989574751182
seabrook,31,111,42.968101,-70.749777,1,2014-10-15,9.4,9.4,9.4,NA,7.6874,7.6874,NA,0,249,249,0,2,7.6874,stipe_density,"c(-70.749777, 42.968101)",Gulf of Maine/Bay of Fundy,Cold Temperate Northwest Atlantic,Temperate Northern Atlantic,0.1900313117996045,0.03084607361638767,0.03084607361638767,0.1739796192139143,0.03037989574751182,0.03037989574751182
seabrook,31,112,42.968101,-70.749777,1,2015-04-15,9.4,9.4,9.4,NA,9.567599999999999,9.567599999999999,NA,0,249,249,0,2,9.567599999999999,stipe_density,"c(-70.749777, 42.968101)",Gulf of Maine/Bay of Fundy,Cold Temperate Northwest Atlantic,Temperate Northern Atlantic,0.23650955833882661,0.03839046933061251,0.03839046933061251,0.21229253810621054,0.037671888700041095,0.037671888700041095
seabrook,31,113,42.968101,-70.749777,1,2015-07-15,9.4,9.4,9.4,NA,15.0773,15.0773,NA,0,249,249,0,2,15.0773,stipe_density,"c(-70.749777, 42.968101)",Gulf of Maine/Bay of Fundy,Cold Temperate Northwest Atlantic,Temperate Northern Atlantic,0.3727084706657877,0.06049841373368913,0.06049841373368913,0.31678577406272274,0.05873899924938243,0.05873899924938243
seabrook,31,114,42.968101,-70.749777,1,2015-10-15,9.4,9.4,9.4,NA,10.2221,10.2221,NA,0,249,249,0,2,10.2221,stipe_density,"c(-70.749777, 42.968101)",Gulf of Maine/Bay of Fundy,Cold Temperate Northwest Atlantic,Temperate Northern Atlantic,0.2526886947923533,0.04101668302860218,0.04101668302860218,0.22529219715446247,0.040197815468492645,0.040197815468492645
seabrook,31,115,42.968101,-70.749777,1,2016-04-15,9.4,9.4,9.4,NA,12.5664,12.5664,NA,0,249,249,0,2,12.5664,stipe_density,"c(-70.749777, 42.968101)",Gulf of Maine/Bay of Fundy,Cold Temperate Northwest Atlantic,Temperate Northern Atlantic,0.3106394199077126,0.05042330300140152,0.05042330300140152,0.2705151249274662,0.04919322864365261,0.04919322864365261
seabrook,31,116,42.968101,-70.749777,1,2016-07-15,9.4,9.4,9.4,NA,12.6497,12.6497,NA,0,249,249,0,2,12.6497,stipe_density,"c(-70.749777, 42.968101)",Gulf of Maine/Bay of Fundy,Cold Temperate Northwest Atlantic,Temperate Northern Atlantic,0.31269858272907053,0.050757548381145656,0.050757548381145656,0.2720850051656915,0.04951137868042222,0.04951137868042222
seabrook,31,117,42.968101,-70.749777,1,2017-04-15,9.4,9.4,9.4,NA,9.972199999999999,9.972199999999999,NA,0,249,249,0,2,9.972199999999999,stipe_density,"c(-70.749777, 42.968101)",Gulf of Maine/Bay of Fundy,Cold Temperate Northwest Atlantic,Temperate Northern Atlantic,0.24651120632827947,0.04001394688936976,0.04001394688936976,0.220348614176346,0.03923412353390949,0.03923412353390949
seabrook,31,118,42.968101,-70.749777,1,2017-07-15,9.4,9.4,9.4,NA,9.4129,9.4129,NA,0,249,249,0,2,9.4129,stipe_density,"c(-70.749777, 42.968101)",Gulf of Maine/Bay of Fundy,Cold Temperate Northwest Atlantic,Temperate Northern Atlantic,0.2326853988134476,0.037769727911087694,0.037769727911087694,0.20919504062277103,0.037073918043589914,0.037073918043589914
seabrook,31,119,42.968101,-70.749777,1,2017-10-15,9.4,9.4,9.4,NA,6.7949,6.7949,NA,0,249,249,0,2,6.7949,stipe_density,"c(-70.749777, 42.968101)",Gulf of Maine/Bay of Fundy,Cold Temperate Northwest Atlantic,Temperate Northern Atlantic,0.1679688529993408,0.027264873119129042,0.027264873119129042,0.15526621709784666,0.02689980725445016,0.02689980725445016
seabrook,31,120,42.968101,-70.749777,1,2018-04-15,9.4,9.4,9.4,NA,10.9956,10.9956,NA,0,249,249,0,2,10.9956,stipe_density,"c(-70.749777, 42.968101)",Gulf of Maine/Bay of Fundy,Cold Temperate Northwest Atlantic,Temperate Northern Atlantic,0.2718094924192485,0.04412039012622632,0.04412039012622632,0.24044068359061369,0.04317479902490412,0.04317479902490412
seabrook,31,121,42.968101,-70.749777,1,2018-07-15,9.4,9.4,9.4,NA,10.7933,10.7933,NA,0,249,249,0,2,10.7933,stipe_density,"c(-70.749777, 42.968101)",Gulf of Maine/Bay of Fundy,Cold Temperate Northwest Atlantic,Temperate Northern Atlantic,0.2668086684245221,0.04330865134684771,0.04330865134684771,0.2365008784316879,0.042397058748067804,0.042397058748067804
seabrook,31,122,42.968101,-70.749777,1,2018-10-15,9.4,9.4,9.4,NA,5.212199999999999,5.212199999999999,NA,0,249,249,0,2,5.212199999999999,stipe_density,"c(-70.749777, 42.968101)",Gulf of Maine/Bay of Fundy,Cold Temperate Northwest Atlantic,Temperate Northern Atlantic,0.12884475939353987,0.0209142109039904,0.0209142109039904,0.12119477296164015,0.020698511072432608,0.020698511072432608
seabrook,31,123,42.968101,-70.749777,1,2019-04-15,9.4,9.4,9.4,NA,5.0218,5.0218,NA,0,249,249,0,2,5.0218,stipe_density,"c(-70.749777, 42.968101)",Gulf of Maine/Bay of Fundy,Cold Temperate Northwest Atlantic,Temperate Northern Atlantic,0.12413810151615029,0.02015022146457523,0.02015022146457523,0.1170166100416475,0.01994989239780432,0.01994989239780432
seabrook,31,124,42.968101,-70.749777,1,2019-07-15,9.4,9.4,9.4,NA,5.1765,5.1765,NA,0,249,249,0,2,5.1765,stipe_density,"c(-70.749777, 42.968101)",Gulf of Maine/Bay of Fundy,Cold Temperate Northwest Atlantic,Temperate Northern Atlantic,0.12796226104152933,0.020770962884100058,0.020770962884100058,0.12041269599271835,0.02055818775327985,0.02055818775327985
seabrook,31,125,42.968101,-70.749777,1,2019-10-15,9.4,9.4,9.4,NA,4.2482999999999995,4.2482999999999995,NA,0,249,249,0,2,4.2482999999999995,stipe_density,"c(-70.749777, 42.968101)",Gulf of Maine/Bay of Fundy,Cold Temperate Northwest Atlantic,Temperate Northern Atlantic,0.10501730388925509,0.01704651436695108,0.01704651436695108,0.09986099447539051,0.016902852861185425,0.016902852861185425
seabrook,31,126,42.968101,-70.749777,1,2020-04-15,9.4,9.4,9.4,NA,6.8187,6.8187,NA,0,249,249,0,2,6.8187,stipe_density,"c(-70.749777, 42.968101)",Gulf of Maine/Bay of Fundy,Cold Temperate Northwest Atlantic,Temperate Northern Atlantic,0.1685571852340145,0.027360371799055937,0.027360371799055937,0.1557698128100111,0.026992766961075065,0.026992766961075065
seabrook,31,127,42.968101,-70.749777,1,2020-07-15,9.4,9.4,9.4,NA,6.0333,6.0333,NA,0,249,249,0,2,6.0333,stipe_density,"c(-70.749777, 42.968101)",Gulf of Maine/Bay of Fundy,Cold Temperate Northwest Atlantic,Temperate Northern Atlantic,0.14914222148978246,0.024208915361468342,0.024208915361468342,0.13901576970084642,0.02392052471597293,0.02392052471597293
seabrook,31,128,42.968101,-70.749777,1,2020-10-15,9.4,9.4,9.4,NA,5.9857,5.9857,NA,0,249,249,0,2,5.9857,stipe_density,"c(-70.749777, 42.968101)",Gulf of Maine/Bay of Fundy,Cold Temperate Northwest Atlantic,Temperate Northern Atlantic,0.14796555702043507,0.024017918001614548,0.024017918001614548,0.1379912948518479,0.023734024512678597,0.023734024512678597
seabrook,31,129,42.968101,-70.749777,1,2021-04-15,9.4,9.4,9.4,NA,5.474,5.474,NA,0,249,249,0,2,5.474,stipe_density,"c(-70.749777, 42.968101)",Gulf of Maine/Bay of Fundy,Cold Temperate Northwest Atlantic,Temperate Northern Atlantic,0.13531641397495056,0.02196469638318627,0.02196469638318627,0.1269113909143233,0.02172694752849339,0.02172694752849339
seabrook,31,130,42.968101,-70.749777,1,2021-07-15,9.4,9.4,9.4,NA,9.9484,9.9484,NA,0,249,249,0,2,9.9484,stipe_density,"c(-70.749777, 42.968101)",Gulf of Maine/Bay of Fundy,Cold Temperate Northwest Atlantic,Temperate Northern Atlantic,0.24592287409360578,0.03991844820944287,0.03991844820944287,0.219876519648172,0.039142294895422,0.039142294895422
seabrook,31,131,42.968101,-70.749777,1,2021-10-15,9.4,9.4,9.4,NA,5.9619,5.9619,NA,0,249,249,0,2,5.9619,stipe_density,"c(-70.749777, 42.968101)",Gulf of Maine/Bay of Fundy,Cold Temperate Northwest Atlantic,Temperate Northern Atlantic,0.14737722478576137,0.023922419321687653,0.023922419321687653,0.13747866357758165,0.02364076136603742,0.02364076136603742
seabrook,35,1,42.959502,-70.768589,1,1982-07-15,4.6,4.6,4.6,NA,9.9722,9.9722,NA,0,249,249,0,2,9.9722,stipe_density,"c(-70.768589, 42.959502)",Gulf of Maine/Bay of Fundy,Cold Temperate Northwest Atlantic,Temperate Northern Atlantic,0.24651120632827953,0.04001394688936977,0.04001394688936977,0.220348614176346,0.03923412353390949,0.03923412353390949
seabrook,35,2,42.959502,-70.768589,1,1982-10-15,4.6,4.6,4.6,NA,7.2828,7.2828,NA,0,249,249,0,2,7.2828,stipe_density,"c(-70.768589, 42.959502)",Gulf of Maine/Bay of Fundy,Cold Temperate Northwest Atlantic,Temperate Northern Atlantic,0.18002966381015162,0.029222596057630425,0.029222596057630425,0.1655395769837608,0.028803756156880505,0.028803756156880505
seabrook,35,3,42.959502,-70.768589,1,1983-04-15,4.6,4.6,4.6,NA,1.4042,1.4042,NA,0,249,249,0,2,1.4042,stipe_density,"c(-70.768589, 42.959502)",Gulf of Maine/Bay of Fundy,Cold Temperate Northwest Atlantic,Temperate Northern Atlantic,0.03471160184574818,0.0056344221156869115,0.0056344221156869115,0.03412274232878178,0.005618608133358254,0.005618608133358254
seabrook,35,4,42.959502,-70.768589,1,1983-07-15,4.6,4.6,4.6,NA,5.8786000000000005,5.8786000000000005,NA,0,249,249,0,2,5.8786000000000005,stipe_density,"c(-70.768589, 42.959502)",Gulf of Maine/Bay of Fundy,Cold Temperate Northwest Atlantic,Temperate Northern Atlantic,0.14531806196440344,0.023588173941943517,0.023588173941943517,0.13568238180656952,0.023314271838888793,0.023314271838888793
seabrook,35,5,42.959502,-70.768589,1,1983-10-15,4.6,4.6,4.6,NA,3.8318000000000003,3.8318000000000003,NA,0,249,249,0,2,3.8318000000000003,stipe_density,"c(-70.768589, 42.959502)",Gulf of Maine/Bay of Fundy,Cold Temperate Northwest Atlantic,Temperate Northern Atlantic,0.0947214897824654,0.015375287468230388,0.015375287468230388,0.09049998368609616,0.015258285504273033,0.015258285504273033
seabrook,35,6,42.959502,-70.768589,1,1984-04-15,4.6,4.6,4.6,NA,3.9983999999999997,3.9983999999999997,NA,0,249,249,0,2,3.9983999999999997,stipe_density,"c(-70.768589, 42.959502)",Gulf of Maine/Bay of Fundy,Cold Temperate Northwest Atlantic,Temperate Northern Atlantic,0.09883981542518128,0.016043778227718665,0.016043778227718665,0.09425490995306562,0.015916437034803964,0.015916437034803964
seabrook,35,7,42.959502,-70.768589,1,1984-07-15,4.6,4.6,4.6,NA,4.2364,4.2364,NA,0,249,249,0,2,4.2364,stipe_density,"c(-70.768589, 42.959502)",Gulf of Maine/Bay of Fundy,Cold Temperate Northwest Atlantic,Temperate Northern Atlantic,0.10472313777191826,0.016998765026987633,0.016998765026987633,0.09959474952324279,0.01685590273627322,0.01685590273627322
seabrook,35,8,42.959502,-70.768589,1,1984-10-15,4.6,4.6,4.6,NA,3.3082000000000003,3.3082000000000003,NA,0,249,249,0,2,3.3082000000000003,stipe_density,"c(-70.768589, 42.959502)",Gulf of Maine/Bay of Fundy,Cold Temperate Northwest Atlantic,Temperate Northern Atlantic,0.08177818061964404,0.013274316509838659,0.013274316509838659,0.07860615073767976,0.013186984767645791,0.013186984767645791
seabrook,35,9,42.959502,-70.768589,1,1985-04-15,4.6,4.6,4.6,NA,2.6180000000000003,2.6180000000000003,NA,0,249,249,0,2,2.6180000000000003,stipe_density,"c(-70.768589, 42.959502)",Gulf of Maine/Bay of Fundy,Cold Temperate Northwest Atlantic,Temperate Northern Atlantic,0.0647165458141068,0.01050485479195865,0.01050485479195865,0.06270860957092482,0.010450062196320048,0.010450062196320048
seabrook,35,10,42.959502,-70.768589,1,1985-07-15,4.6,4.6,4.6,NA,4.165,4.165,NA,0,249,249,0,2,4.165,stipe_density,"c(-70.768589, 42.959502)",Gulf of Maine/Bay of Fundy,Cold Temperate Northwest Atlantic,Temperate Northern Atlantic,0.10295814106789716,0.016712268987206944,0.016712268987206944,0.09799578947680726,0.016574155686781823,0.016574155686781823
seabrook,35,11,42.959502,-70.768589,1,1985-10-15,4.6,4.6,4.6,NA,4.2364,4.2364,NA,0,249,249,0,2,4.2364,stipe_density,"c(-70.768589, 42.959502)",Gulf of Maine/Bay of Fundy,Cold Temperate Northwest Atlantic,Temperate Northern Atlantic,0.10472313777191826,0.016998765026987633,0.016998765026987633,0.09959474952324279,0.01685590273627322,0.01685590273627322
seabrook,35,12,42.959502,-70.768589,1,1986-04-15,4.6,4.6,4.6,NA,8.5442,8.5442,NA,0,249,249,0,2,8.5442,stipe_density,"c(-70.768589, 42.959502)",Gulf of Maine/Bay of Fundy,Cold Temperate Northwest Atlantic,Temperate Northern Atlantic,0.21121127224785763,0.03428402609375596,0.03428402609375596,0.1916209103352979,0.03370942511118571,0.03370942511118571
seabrook,35,13,42.959502,-70.768589,1,1986-07-15,4.6,4.6,4.6,NA,3.5224,3.5224,NA,0,249,249,0,2,3.5224,stipe_density,"c(-70.768589, 42.959502)",Gulf of Maine/Bay of Fundy,Cold Temperate Northwest Atlantic,Temperate Northern Atlantic,0.08707317073170733,0.01413380462918073,0.01413380462918073,0.08348892025415672,0.014034853691391192,0.014034853691391192
seabrook,35,14,42.959502,-70.768589,1,1986-10-15,4.6,4.6,4.6,NA,4.1174,4.1174,NA,0,249,249,0,2,4.1174,stipe_density,"c(-70.768589, 42.959502)",Gulf of Maine/Bay of Fundy,Cold Temperate Northwest Atlantic,Temperate Northern Atlantic,0.10178147659854977,0.01652127162735315,0.01652127162735315,0.09692839396974913,0.016386280210009953,0.016386280210009953
seabrook,35,15,42.959502,-70.768589,1,1987-04-15,4.6,4.6,4.6,NA,3.213,3.213,NA,0,249,249,0,2,3.213,stipe_density,"c(-70.768589, 42.959502)",Gulf of Maine/Bay of Fundy,Cold Temperate Northwest Atlantic,Temperate Northern Atlantic,0.07942485168094925,0.01289232179013107,0.01289232179013107,0.07642835454395251,0.012809923259463209,0.012809923259463209
seabrook,35,16,42.959502,-70.768589,1,1987-07-15,4.6,4.6,4.6,NA,7.378,7.378,NA,0,249,249,0,2,7.378,stipe_density,"c(-70.768589, 42.959502)",Gulf of Maine/Bay of Fundy,Cold Temperate Northwest Atlantic,Temperate Northern Atlantic,0.18238299274884642,0.029604590777338013,0.029604590777338013,0.16753188743856956,0.0291748360867879,0.0291748360867879
seabrook,35,17,42.959502,-70.768589,1,1987-10-15,4.6,4.6,4.6,NA,8.2824,8.2824,NA,0,249,249,0,2,8.2824,stipe_density,"c(-70.768589, 42.959502)",Gulf of Maine/Bay of Fundy,Cold Temperate Northwest Atlantic,Temperate Northern Atlantic,0.20473961766644697,0.033233540614560096,0.033233540614560096,0.1862634586687969,0.032693244560647795,0.032693244560647795
seabrook,35,18,42.959502,-70.768589,1,1988-04-15,4.6,4.6,4.6,NA,2.2847999999999997,2.2847999999999997,NA,0,249,249,0,2,2.2847999999999997,stipe_density,"c(-70.768589, 42.959502)",Gulf of Maine/Bay of Fundy,Cold Temperate Northwest Atlantic,Temperate Northern Atlantic,0.05647989452867501,0.009167873272982094,0.009167873272982094,0.054942527631349124,0.0091261034225108,0.0091261034225108
seabrook,35,19,42.959502,-70.768589,1,1988-07-15,4.6,4.6,4.6,NA,5.8072,5.8072,NA,0,249,249,0,2,5.8072,stipe_density,"c(-70.768589, 42.959502)",Gulf of Maine/Bay of Fundy,Cold Temperate Northwest Atlantic,Temperate Northern Atlantic,0.14355306526038233,0.023301677902162823,0.023301677902162823,0.13414013940343347,0.023034338806446078,0.023034338806446078
seabrook,35,20,42.959502,-70.768589,1,1988-10-15,4.6,4.6,4.6,NA,4.284,4.284,NA,0,249,249,0,2,4.284,stipe_density,"c(-70.768589, 42.959502)",Gulf of Maine/Bay of Fundy,Cold Temperate Northwest Atlantic,Temperate Northern Atlantic,0.10589980224126565,0.017189762386841424,0.017189762386841424,0.10065930427762732,0.017043690011484952,0.017043690011484952
seabrook,35,21,42.959502,-70.768589,1,1989-04-15,4.6,4.6,4.6,NA,2.7131999999999996,2.7131999999999996,NA,0,249,249,0,2,2.7131999999999996,stipe_density,"c(-70.768589, 42.959502)",Gulf of Maine/Bay of Fundy,Cold Temperate Northwest Atlantic,Temperate Northern Atlantic,0.06706987475280157,0.010886849511666236,0.010886849511666236,0.06491645729145645,0.01082801439968732,0.01082801439968732
seabrook,35,22,42.959502,-70.768589,1,1989-07-15,4.6,4.6,4.6,NA,2.4276,2.4276,NA,0,249,249,0,2,2.4276,stipe_density,"c(-70.768589, 42.959502)",Gulf of Maine/Bay of Fundy,Cold Temperate Northwest Atlantic,Temperate Northern Atlantic,0.0600098879367172,0.009740865352543475,0.009740865352543475,0.058278236322654074,0.00969372897584441,0.00969372897584441
seabrook,35,23,42.959502,-70.768589,1,1989-10-15,4.6,4.6,4.6,NA,3.7366,3.7366,NA,0,249,249,0,2,3.7366,stipe_density,"c(-70.768589, 42.959502)",Gulf of Maine/Bay of Fundy,Cold Temperate Northwest Atlantic,Temperate Northern Atlantic,0.0923681608437706,0.014993292748522801,0.014993292748522801,0.0883479641323969,0.014882004342382675,0.014882004342382675
seabrook,35,24,42.959502,-70.768589,1,1990-04-15,4.6,4.6,4.6,NA,4.4030000000000005,4.4030000000000005,NA,0,249,249,0,2,4.4030000000000005,stipe_density,"c(-70.768589, 42.959502)",Gulf of Maine/Bay of Fundy,Cold Temperate Northwest Atlantic,Temperate Northern Atlantic,0.10884146341463416,0.017667255786475912,0.017667255786475912,0.10331574360879965,0.017513003977168304,0.017513003977168304
seabrook,35,25,42.959502,-70.768589,1,1990-07-15,4.6,4.6,4.6,NA,3.1654,3.1654,NA,0,249,249,0,2,3.1654,stipe_density,"c(-70.768589, 42.959502)",Gulf of Maine/Bay of Fundy,Cold Temperate Northwest Atlantic,Temperate Northern Atlantic,0.07824818721160184,0.012701324430277276,0.012701324430277276,0.07533767531240763,0.012621339176198369,0.012621339176198369
seabrook,35,26,42.959502,-70.768589,1,1990-10-15,4.6,4.6,4.6,NA,2.5465999999999998,2.5465999999999998,NA,0,249,249,0,2,2.5465999999999998,stipe_density,"c(-70.768589, 42.959502)",Gulf of Maine/Bay of Fundy,Cold Temperate Northwest Atlantic,Temperate Northern Atlantic,0.06295154911008569,0.010218358752177957,0.010218358752177957,0.06104951893259647,0.010166504270345858,0.010166504270345858
seabrook,35,27,42.959502,-70.768589,1,1991-04-15,4.6,4.6,4.6,NA,2.9988,2.9988,NA,0,249,249,0,2,2.9988,stipe_density,"c(-70.768589, 42.959502)",Gulf of Maine/Bay of Fundy,Cold Temperate Northwest Atlantic,Temperate Northern Atlantic,0.07412986156888596,0.012032833670788999,0.012032833670788999,0.07151090271468216,0.011961014677691827,0.011961014677691827
seabrook,35,28,42.959502,-70.768589,1,1991-07-15,4.6,4.6,4.6,NA,3.9032,3.9032,NA,0,249,249,0,2,3.9032,stipe_density,"c(-70.768589, 42.959502)",Gulf of Maine/Bay of Fundy,Cold Temperate Northwest Atlantic,Temperate Northern Atlantic,0.09648648648648649,0.015661783508011076,0.015661783508011076,0.09211096457413144,0.015540403488011344,0.015540403488011344
seabrook,35,29,42.959502,-70.768589,1,1991-10-15,4.6,4.6,4.6,NA,2.1896,2.1896,NA,0,249,249,0,2,2.1896,stipe_density,"c(-70.768589, 42.959502)",Gulf of Maine/Bay of Fundy,Cold Temperate Northwest Atlantic,Temperate Northern Atlantic,0.054126565589980226,0.008785878553274507,0.008785878553274507,0.05271252411491471,0.008747507308576557,0.008747507308576557
seabrook,35,30,42.959502,-70.768589,1,1992-04-15,4.6,4.6,4.6,NA,3.7366,3.7366,NA,0,249,249,0,2,3.7366,stipe_density,"c(-70.768589, 42.959502)",Gulf of Maine/Bay of Fundy,Cold Temperate Northwest Atlantic,Temperate Northern Atlantic,0.0923681608437706,0.014993292748522801,0.014993292748522801,0.0883479641323969,0.014882004342382675,0.014882004342382675
seabrook,35,31,42.959502,-70.768589,1,1992-07-15,4.6,4.6,4.6,NA,3.5224,3.5224,NA,0,249,249,0,2,3.5224,stipe_density,"c(-70.768589, 42.959502)",Gulf of Maine/Bay of Fundy,Cold Temperate Northwest Atlantic,Temperate Northern Atlantic,0.08707317073170733,0.01413380462918073,0.01413380462918073,0.08348892025415672,0.014034853691391192,0.014034853691391192
seabrook,35,32,42.959502,-70.768589,1,1992-10-15,4.6,4.6,4.6,NA,6.6402,6.6402,NA,0,249,249,0,2,6.6402,stipe_density,"c(-70.768589, 42.959502)",Gulf of Maine/Bay of Fundy,Cold Temperate Northwest Atlantic,Temperate Northern Atlantic,0.16414469347396177,0.026644131699604213,0.026644131699604213,0.1519866486919722,0.026295358433233825,0.026295358433233825
seabrook,35,33,42.959502,-70.768589,1,1993-04-15,4.6,4.6,4.6,NA,3.0702,3.0702,NA,0,249,249,0,2,3.0702,stipe_density,"c(-70.768589, 42.959502)",Gulf of Maine/Bay of Fundy,Cold Temperate Northwest Atlantic,Temperate Northern Atlantic,0.07589485827290705,0.012319329710569689,0.012319329710569689,0.07315274160538411,0.012244064284253403,0.012244064284253403
seabrook,35,34,42.959502,-70.768589,1,1993-07-15,4.6,4.6,4.6,NA,4.4744,4.4744,NA,0,249,249,0,2,4.4744,stipe_density,"c(-70.768589, 42.959502)",Gulf of Maine/Bay of Fundy,Cold Temperate Northwest Atlantic,Temperate Northern Atlantic,0.11060646011865524,0.017953751826256602,0.017953751826256602,0.10490622659096195,0.01779448667026396,0.01779448667026396
seabrook,35,35,42.959502,-70.768589,1,1993-10-15,4.6,4.6,4.6,NA,7.5446,7.5446,NA,0,249,249,0,2,7.5446,stipe_density,"c(-70.768589, 42.959502)",Gulf of Maine/Bay of Fundy,Cold Temperate Northwest Atlantic,Temperate Northern Atlantic,0.18650131839156228,0.03027308153682629,0.03027308153682629,0.1710089080532512,0.02982389480706189,0.02982389480706189
seabrook,35,36,42.959502,-70.768589,1,1994-04-15,4.6,4.6,4.6,NA,5.4026,5.4026,NA,0,249,249,0,2,5.4026,stipe_density,"c(-70.768589, 42.959502)",Gulf of Maine/Bay of Fundy,Cold Temperate Northwest Atlantic,Temperate Northern Atlantic,0.13355141727092945,0.021678200343405576,0.021678200343405576,0.12535555144606622,0.021446569736349237,0.021446569736349237
seabrook,35,37,42.959502,-70.768589,1,1994-07-15,4.6,4.6,4.6,NA,6.8068,6.8068,NA,0,249,249,0,2,6.8068,stipe_density,"c(-70.768589, 42.959502)",Gulf of Maine/Bay of Fundy,Cold Temperate Northwest Atlantic,Temperate Northern Atlantic,0.16826301911667765,0.027312622459092488,0.027312622459092488,0.1555180466550087,0.026946288187950994,0.026946288187950994
seabrook,35,38,42.959502,-70.768589,1,1994-10-15,4.6,4.6,4.6,NA,5.593,5.593,NA,0,249,249,0,2,5.593,stipe_density,"c(-70.768589, 42.959502)",Gulf of Maine/Bay of Fundy,Cold Temperate Northwest Atlantic,Temperate Northern Atlantic,0.13825807514831906,0.02244218978282075,0.02244218978282075,0.12949908956148296,0.022194069226769725,0.022194069226769725
seabrook,35,39,42.959502,-70.768589,1,1995-04-15,4.6,4.6,4.6,NA,5.0932,5.0932,NA,0,249,249,0,2,5.0932,stipe_density,"c(-70.768589, 42.959502)",Gulf of Maine/Bay of Fundy,Cold Temperate Northwest Atlantic,Temperate Northern Atlantic,0.1259030982201714,0.020436717504355918,0.020436717504355918,0.11858546759522973,0.020230690080267004,0.020230690080267004
seabrook,35,40,42.959502,-70.768589,1,1995-07-15,4.6,4.6,4.6,NA,3.3558000000000003,3.3558000000000003,NA,0,249,249,0,2,3.3558000000000003,stipe_density,"c(-70.768589, 42.959502)",Gulf of Maine/Bay of Fundy,Cold Temperate Northwest Atlantic,Temperate Northern Atlantic,0.08295484508899144,0.013465313869692451,0.013465313869692451,0.0796932728642962,0.013375462219368188,0.013375462219368188
seabrook,35,41,42.959502,-70.768589,1,1995-10-15,4.6,4.6,4.6,NA,2.7608,2.7608,NA,0,249,249,0,2,2.7608,stipe_density,"c(-70.768589, 42.959502)",Gulf of Maine/Bay of Fundy,Cold Temperate Northwest Atlantic,Temperate Northern Atlantic,0.06824653922214899,0.01107784687152003,0.01107784687152003,0.06601855586639986,0.011016936946914245,0.011016936946914245
seabrook,35,42,42.959502,-70.768589,1,1996-04-15,4.6,4.6,4.6,NA,1.9992,1.9992,NA,0,249,249,0,2,1.9992,stipe_density,"c(-70.768589, 42.959502)",Gulf of Maine/Bay of Fundy,Cold Temperate Northwest Atlantic,Temperate Northern Atlantic,0.049419907712590645,0.008021889113859332,0.008021889113859332,0.04823754265713609,0.007989884804134583,0.007989884804134583
seabrook,35,43,42.959502,-70.768589,1,1996-07-15,4.6,4.6,4.6,NA,3.3320000000000003,3.3320000000000003,NA,0,249,249,0,2,3.3320000000000003,stipe_density,"c(-70.768589, 42.959502)",Gulf of Maine/Bay of Fundy,Cold Temperate Northwest Atlantic,Temperate Northern Atlantic,0.08236651285431774,0.013369815189765556,0.013369815189765556,0.07914985953029559,0.013281227933975818,0.013281227933975818
seabrook,35,44,42.959502,-70.768589,1,1996-10-15,4.6,4.6,4.6,NA,7.5207999999999995,7.5207999999999995,NA,0,249,249,0,2,7.5207999999999995,stipe_density,"c(-70.768589, 42.959502)",Gulf of Maine/Bay of Fundy,Cold Temperate Northwest Atlantic,Temperate Northern Atlantic,0.1859129861568886,0.03017758285689939,0.03017758285689939,0.17051293039403195,0.02973119792123418,0.02973119792123418
seabrook,35,45,42.959502,-70.768589,1,1997-04-15,4.6,4.6,4.6,NA,4.284,4.284,NA,0,249,249,0,2,4.284,stipe_density,"c(-70.768589, 42.959502)",Gulf of Maine/Bay of Fundy,Cold Temperate Northwest Atlantic,Temperate Northern Atlantic,0.10589980224126565,0.017189762386841424,0.017189762386841424,0.10065930427762732,0.017043690011484952,0.017043690011484952
seabrook,35,46,42.959502,-70.768589,1,1997-07-15,4.6,4.6,4.6,NA,5.949999999999999,5.949999999999999,NA,0,249,249,0,2,5.949999999999999,stipe_density,"c(-70.768589, 42.959502)",Gulf of Maine/Bay of Fundy,Cold Temperate Northwest Atlantic,Temperate Northern Atlantic,0.1470830586684245,0.0238746699817242,0.0238746699817242,0.13722224936019897,0.023594126530758677,0.023594126530758677
seabrook,35,47,42.959502,-70.768589,1,1997-10-15,4.6,4.6,4.6,NA,5.6882,5.6882,NA,0,249,249,0,2,5.6882,stipe_density,"c(-70.768589, 42.959502)",Gulf of Maine/Bay of Fundy,Cold Temperate Northwest Atlantic,Temperate Northern Atlantic,0.14061140408701384,0.02282418450252834,0.02282418450252834,0.13156443801314327,0.02256760954303574,0.02256760954303574
seabrook,35,48,42.959502,-70.768589,1,1998-04-15,4.6,4.6,4.6,NA,7.1876,7.1876,NA,0,249,249,0,2,7.1876,stipe_density,"c(-70.768589, 42.959502)",Gulf of Maine/Bay of Fundy,Cold Temperate Northwest Atlantic,Temperate Northern Atlantic,0.17767633487145681,0.028840601337922836,0.028840601337922836,0.16354328930281647,0.02843253847554036,0.02843253847554036
seabrook,35,49,42.959502,-70.768589,1,1998-07-15,4.6,4.6,4.6,NA,1.0234,1.0234,NA,0,249,249,0,2,1.0234,stipe_density,"c(-70.768589, 42.959502)",Gulf of Maine/Bay of Fundy,Cold Temperate Northwest Atlantic,Temperate Northern Atlantic,0.02529828609096902,0.004106443236856563,0.004106443236856563,0.02498358107539339,0.004098034810119107,0.004098034810119107
seabrook,35,50,42.959502,-70.768589,1,1998-10-15,4.6,4.6,4.6,NA,8.092,8.092,NA,0,249,249,0,2,8.092,stipe_density,"c(-70.768589, 42.959502)",Gulf of Maine/Bay of Fundy,Cold Temperate Northwest Atlantic,Temperate Northern Atlantic,0.20003295978905736,0.03246955117514492,0.03246955117514492,0.18234902290763857,0.031953555030931925,0.031953555030931925
seabrook,35,51,42.959502,-70.768589,1,1999-04-15,4.6,4.6,4.6,NA,8.4252,8.4252,NA,0,249,249,0,2,8.4252,stipe_density,"c(-70.768589, 42.959502)",Gulf of Maine/Bay of Fundy,Cold Temperate Northwest Atlantic,Temperate Northern Atlantic,0.20826961107448913,0.033806532694121476,0.033806532694121476,0.18918926258546265,0.03324765286809862,0.03324765286809862
seabrook,35,52,42.959502,-70.768589,1,1999-07-15,4.6,4.6,4.6,NA,5.5692,5.5692,NA,0,249,249,0,2,5.5692,stipe_density,"c(-70.768589, 42.959502)",Gulf of Maine/Bay of Fundy,Cold Temperate Northwest Atlantic,Temperate Northern Atlantic,0.13766974291364537,0.022346691102893855,0.022346691102893855,0.12898208524956276,0.022100662341698118,0.022100662341698118
seabrook,35,53,42.959502,-70.768589,1,1999-10-15,4.6,4.6,4.6,NA,3.2605999999999997,3.2605999999999997,NA,0,249,249,0,2,3.2605999999999997,stipe_density,"c(-70.768589, 42.959502)",Gulf of Maine/Bay of Fundy,Cold Temperate Northwest Atlantic,Temperate Northern Atlantic,0.08060151615029663,0.013083319149984863,0.013083319149984863,0.07751784549023166,0.012998471785477014,0.012998471785477014
seabrook,35,54,42.959502,-70.768589,1,2000-04-15,4.6,4.6,4.6,NA,3.1178,3.1178,NA,0,249,249,0,2,3.1178,stipe_density,"c(-70.768589, 42.959502)",Gulf of Maine/Bay of Fundy,Cold Temperate Northwest Atlantic,Temperate Northern Atlantic,0.07707152274225444,0.012510327070423483,0.012510327070423483,0.07424580520069018,0.012432719522268681,0.012432719522268681
seabrook,35,55,42.959502,-70.768589,1,2000-07-15,4.6,4.6,4.6,NA,3.1654,3.1654,NA,0,249,249,0,2,3.1654,stipe_density,"c(-70.768589, 42.959502)",Gulf of Maine/Bay of Fundy,Cold Temperate Northwest Atlantic,Temperate Northern Atlantic,0.07824818721160184,0.012701324430277276,0.012701324430277276,0.07533767531240763,0.012621339176198369,0.012621339176198369
seabrook,35,56,42.959502,-70.768589,1,2000-10-15,4.6,4.6,4.6,NA,1.7612,1.7612,NA,0,249,249,0,2,1.7612,stipe_density,"c(-70.768589, 42.959502)",Gulf of Maine/Bay of Fundy,Cold Temperate Northwest Atlantic,Temperate Northern Atlantic,0.04353658536585366,0.007066902314590365,0.007066902314590365,0.04261550716571027,0.007042048783382339,0.007042048783382339
seabrook,35,57,42.959502,-70.768589,1,2001-04-15,4.6,4.6,4.6,NA,1.2138,1.2138,NA,0,249,249,0,2,1.2138,stipe_density,"c(-70.768589, 42.959502)",Gulf of Maine/Bay of Fundy,Cold Temperate Northwest Atlantic,Temperate Northern Atlantic,0.0300049439683586,0.0048704326762717375,0.0048704326762717375,0.029563602199304696,0.004858610489614644,0.004858610489614644
seabrook,35,58,42.959502,-70.768589,1,2001-07-15,4.6,4.6,4.6,NA,1.2376,1.2376,NA,0,249,249,0,2,1.2376,stipe_density,"c(-70.768589, 42.959502)",Gulf of Maine/Bay of Fundy,Cold Temperate Northwest Atlantic,Temperate Northern Atlantic,0.030593276203032302,0.004965931356198635,0.004965931356198635,0.03013463273296362,0.0049536417883889895,0.0049536417883889895
seabrook,35,59,42.959502,-70.768589,1,2001-10-15,4.6,4.6,4.6,NA,1.1424,1.1424,NA,0,249,249,0,2,1.1424,stipe_density,"c(-70.768589, 42.959502)",Gulf of Maine/Bay of Fundy,Cold Temperate Northwest Atlantic,Temperate Northern Atlantic,0.02823994726433751,0.004583936636491048,0.004583936636491048,0.027848551532429176,0.004573462395587697,0.004573462395587697
seabrook,35,60,42.959502,-70.768589,1,2002-04-15,4.6,4.6,4.6,NA,1.2852,1.2852,NA,0,249,249,0,2,1.2852,stipe_density,"c(-70.768589, 42.959502)",Gulf of Maine/Bay of Fundy,Cold Temperate Northwest Atlantic,Temperate Northern Atlantic,0.0317699406723797,0.005156928716052427,0.005156928716052427,0.03127571650268413,0.005143677297384357,0.005143677297384357
seabrook,35,61,42.959502,-70.768589,1,2002-07-15,4.6,4.6,4.6,NA,2.0468,2.0468,NA,0,249,249,0,2,2.0468,stipe_density,"c(-70.768589, 42.959502)",Gulf of Maine/Bay of Fundy,Cold Temperate Northwest Atlantic,Temperate Northern Atlantic,0.05059657218193804,0.008212886473713127,0.008212886473713127,0.04935816680818491,0.008179344248776498,0.008179344248776498
seabrook,35,62,42.959502,-70.768589,1,2002-10-15,4.6,4.6,4.6,NA,0.5950000000000001,0.5950000000000001,NA,0,249,249,0,2,0.5950000000000001,stipe_density,"c(-70.768589, 42.959502)",Gulf of Maine/Bay of Fundy,Cold Temperate Northwest Atlantic,Temperate Northern Atlantic,0.014708305866842455,0.0023874669981724206,0.0023874669981724206,0.014601187808811896,0.002384621526918035,0.002384621526918035
seabrook,35,63,42.959502,-70.768589,1,2003-04-15,4.6,4.6,4.6,NA,0.9044,0.9044,NA,0,249,249,0,2,0.9044,stipe_density,"c(-70.768589, 42.959502)",Gulf of Maine/Bay of Fundy,Cold Temperate Northwest Atlantic,Temperate Northern Atlantic,0.022356624917600525,0.003628949837222079,0.003628949837222079,0.02211037897357235,0.003622381085744779,0.003622381085744779
seabrook,35,64,42.959502,-70.768589,1,2003-07-15,4.6,4.6,4.6,NA,1.9278,1.9278,NA,0,249,249,0,2,1.9278,stipe_density,"c(-70.768589, 42.959502)",Gulf of Maine/Bay of Fundy,Cold Temperate Northwest Atlantic,Temperate Northern Atlantic,0.04765491100856954,0.007735393074078642,0.007735393074078642,0.04655424828440178,0.0077056283172635635,0.0077056283172635635
seabrook,35,65,42.959502,-70.768589,1,2003-10-15,4.6,4.6,4.6,NA,5.474,5.474,NA,0,249,249,0,2,5.474,stipe_density,"c(-70.768589, 42.959502)",Gulf of Maine/Bay of Fundy,Cold Temperate Northwest Atlantic,Temperate Northern Atlantic,0.13531641397495056,0.02196469638318627,0.02196469638318627,0.1269113909143233,0.02172694752849339,0.02172694752849339
seabrook,35,66,42.959502,-70.768589,1,2004-04-15,4.6,4.6,4.6,NA,1.4042000000000001,1.4042000000000001,NA,0,249,249,0,2,1.4042000000000001,stipe_density,"c(-70.768589, 42.959502)",Gulf of Maine/Bay of Fundy,Cold Temperate Northwest Atlantic,Temperate Northern Atlantic,0.03471160184574819,0.005634422115686912,0.005634422115686912,0.03412274232878178,0.005618608133358254,0.005618608133358254
seabrook,35,67,42.959502,-70.768589,1,2004-07-15,4.6,4.6,4.6,NA,5.8309999999999995,5.8309999999999995,NA,0,249,249,0,2,5.8309999999999995,stipe_density,"c(-70.768589, 42.959502)",Gulf of Maine/Bay of Fundy,Cold Temperate Northwest Atlantic,Temperate Northern Atlantic,0.14414139749505603,0.02339717658208972,0.02339717658208972,0.13465448452881834,0.023127658524475854,0.023127658524475854
seabrook,35,68,42.959502,-70.768589,1,2004-10-15,4.6,4.6,4.6,NA,8.663200000000002,8.663200000000002,NA,0,249,249,0,2,8.663200000000002,stipe_density,"c(-70.768589, 42.959502)",Gulf of Maine/Bay of Fundy,Cold Temperate Northwest Atlantic,Temperate Northern Atlantic,0.21415293342122615,0.034761519493390444,0.034761519493390444,0.1940466595147,0.03417098421908422,0.03417098421908422
seabrook,35,69,42.959502,-70.768589,1,2005-04-15,4.6,4.6,4.6,NA,9.758,9.758,NA,0,249,249,0,2,9.758,stipe_density,"c(-70.768589, 42.959502)",Gulf of Maine/Bay of Fundy,Cold Temperate Northwest Atlantic,Temperate Northern Atlantic,0.2412162162162162,0.03915445877002769,0.03915445877002769,0.21609171845696484,0.038407362059504624,0.038407362059504624
seabrook,35,70,42.959502,-70.768589,1,2005-07-15,4.6,4.6,4.6,NA,6.545,6.545,NA,0,249,249,0,2,6.545,stipe_density,"c(-70.768589, 42.959502)",Gulf of Maine/Bay of Fundy,Cold Temperate Northwest Atlantic,Temperate Northern Atlantic,0.16179136453526696,0.026262136979896624,0.026262136979896624,0.1499630937162277,0.02592320824796296,0.02592320824796296
seabrook,35,71,42.959502,-70.768589,1,2005-10-15,4.6,4.6,4.6,NA,6.3784,6.3784,NA,0,249,249,0,2,6.3784,stipe_density,"c(-70.768589, 42.959502)",Gulf of Maine/Bay of Fundy,Cold Temperate Northwest Atlantic,Temperate Northern Atlantic,0.1576730388925511,0.025593646220408345,0.025593646220408345,0.14641198944886355,0.025271611982169068,0.025271611982169068
seabrook,35,72,42.959502,-70.768589,1,2006-04-15,4.6,4.6,4.6,NA,5.0694,5.0694,NA,0,249,249,0,2,5.0694,stipe_density,"c(-70.768589, 42.959502)",Gulf of Maine/Bay of Fundy,Cold Temperate Northwest Atlantic,Temperate Northern Atlantic,0.12531476598549768,0.020341218824429023,0.020341218824429023,0.11806278850901393,0.020137099613321472,0.020137099613321472
seabrook,35,73,42.959502,-70.768589,1,2006-07-15,4.6,4.6,4.6,NA,6.2832,6.2832,NA,0,249,249,0,2,6.2832,stipe_density,"c(-70.768589, 42.959502)",Gulf of Maine/Bay of Fundy,Cold Temperate Northwest Atlantic,Temperate Northern Atlantic,0.1553197099538563,0.02521165150070076,0.02521165150070076,0.14437711082513222,0.0248990805433731,0.0248990805433731
seabrook,35,74,42.959502,-70.768589,1,2006-10-15,4.6,4.6,4.6,NA,3.0464,3.0464,NA,0,249,249,0,2,3.0464,stipe_density,"c(-70.768589, 42.959502)",Gulf of Maine/Bay of Fundy,Cold Temperate Northwest Atlantic,Temperate Northern Atlantic,0.07530652603823336,0.012223831030642793,0.012223831030642793,0.07260576143548182,0.012149723317017386,0.012149723317017386
seabrook,35,75,42.959502,-70.768589,1,2007-04-15,4.6,4.6,4.6,NA,1.0234,1.0234,NA,0,249,249,0,2,1.0234,stipe_density,"c(-70.768589, 42.959502)",Gulf of Maine/Bay of Fundy,Cold Temperate Northwest Atlantic,Temperate Northern Atlantic,0.02529828609096902,0.004106443236856563,0.004106443236856563,0.02498358107539339,0.004098034810119107,0.004098034810119107
seabrook,35,76,42.959502,-70.768589,1,2007-07-15,4.6,4.6,4.6,NA,0.9996,0.9996,NA,0,249,249,0,2,0.9996,stipe_density,"c(-70.768589, 42.959502)",Gulf of Maine/Bay of Fundy,Cold Temperate Northwest Atlantic,Temperate Northern Atlantic,0.024709953856295323,0.004010944556929666,0.004010944556929666,0.024409600698767138,0.004002922163239657,0.004002922163239657
seabrook,35,77,42.959502,-70.768589,1,2007-10-15,4.6,4.6,4.6,NA,1.7136,1.7136,NA,0,249,249,0,2,1.7136,stipe_density,"c(-70.768589, 42.959502)",Gulf of Maine/Bay of Fundy,Cold Temperate Northwest Atlantic,Temperate Northern Atlantic,0.04235992089650626,0.006875904954736571,0.006875904954736571,0.04148729721797289,0.00685237372435192,0.00685237372435192
seabrook,35,78,42.959502,-70.768589,1,2008-04-15,4.6,4.6,4.6,NA,1.547,1.547,NA,0,249,249,0,2,1.547,stipe_density,"c(-70.768589, 42.959502)",Gulf of Maine/Bay of Fundy,Cold Temperate Northwest Atlantic,Temperate Northern Atlantic,0.038241595253790374,0.006207414195248293,0.006207414195248293,0.03752850838764386,0.006188227558417174,0.006188227558417174
seabrook,35,79,42.959502,-70.768589,1,2008-07-15,4.6,4.6,4.6,NA,1.9754,1.9754,NA,0,249,249,0,2,1.9754,stipe_density,"c(-70.768589, 42.959502)",Gulf of Maine/Bay of Fundy,Cold Temperate Northwest Atlantic,Temperate Northern Atlantic,0.048831575477916944,0.007926390433932435,0.007926390433932435,0.0476767593050878,0.00789514161953292,0.00789514161953292
seabrook,35,80,42.959502,-70.768589,1,2008-10-15,4.6,4.6,4.6,NA,1.428,1.428,NA,0,249,249,0,2,1.428,stipe_density,"c(-70.768589, 42.959502)",Gulf of Maine/Bay of Fundy,Cold Temperate Northwest Atlantic,Temperate Northern Atlantic,0.03529993408042188,0.005729920795613809,0.005729920795613809,0.034691176117970325,0.0057135672394348766,0.0057135672394348766
seabrook,35,81,42.959502,-70.768589,1,2009-04-15,4.6,4.6,4.6,NA,1.428,1.428,NA,0,249,249,0,2,1.428,stipe_density,"c(-70.768589, 42.959502)",Gulf of Maine/Bay of Fundy,Cold Temperate Northwest Atlantic,Temperate Northern Atlantic,0.03529993408042188,0.005729920795613809,0.005729920795613809,0.034691176117970325,0.0057135672394348766,0.0057135672394348766
seabrook,35,82,42.959502,-70.768589,1,2009-07-15,4.6,4.6,4.6,NA,6.0928,6.0928,NA,0,249,249,0,2,6.0928,stipe_density,"c(-70.768589, 42.959502)",Gulf of Maine/Bay of Fundy,Cold Temperate Northwest Atlantic,Temperate Northern Atlantic,0.15061305207646672,0.024447662061285586,0.024447662061285586,0.14029488909596777,0.02415360106808504,0.02415360106808504
seabrook,35,83,42.959502,-70.768589,1,2009-10-15,4.6,4.6,4.6,NA,6.3546000000000005,6.3546000000000005,NA,0,249,249,0,2,6.3546000000000005,stipe_density,"c(-70.768589, 42.959502)",Gulf of Maine/Bay of Fundy,Cold Temperate Northwest Atlantic,Temperate Northern Atlantic,0.1570847066578774,0.02549814754048145,0.02549814754048145,0.14590365785479195,0.02517849213225658,0.02517849213225658
seabrook,35,84,42.959502,-70.768589,1,2010-04-15,4.6,4.6,4.6,NA,2.5466,2.5466,NA,0,249,249,0,2,2.5466,stipe_density,"c(-70.768589, 42.959502)",Gulf of Maine/Bay of Fundy,Cold Temperate Northwest Atlantic,Temperate Northern Atlantic,0.0629515491100857,0.010218358752177959,0.010218358752177959,0.06104951893259647,0.010166504270345858,0.010166504270345858
seabrook,35,85,42.959502,-70.768589,1,2010-07-15,4.6,4.6,4.6,NA,6.9734,6.9734,NA,0,249,249,0,2,6.9734,stipe_density,"c(-70.768589, 42.959502)",Gulf of Maine/Bay of Fundy,Cold Temperate Northwest Atlantic,Temperate Northern Atlantic,0.17238134475939354,0.027981113218580766,0.027981113218580766,0.15903701771793266,0.027596794508733393,0.027596794508733393
seabrook,35,86,42.959502,-70.768589,1,2010-10-15,4.6,4.6,4.6,NA,3.4986,3.4986,NA,0,249,249,0,2,3.4986,stipe_density,"c(-70.768589, 42.959502)",Gulf of Maine/Bay of Fundy,Cold Temperate Northwest Atlantic,Temperate Northern Atlantic,0.08648483849703362,0.014038305949253833,0.014038305949253833,0.08294756617338772,0.013940681525726016,0.013940681525726016
seabrook,35,87,42.959502,-70.768589,1,2011-04-15,4.6,4.6,4.6,NA,2.6418,2.6418,NA,0,249,249,0,2,2.6418,stipe_density,"c(-70.768589, 42.959502)",Gulf of Maine/Bay of Fundy,Cold Temperate Northwest Atlantic,Temperate Northern Atlantic,0.06530487804878049,0.010600353471885546,0.010600353471885546,0.06326102866215486,0.010544563639993008,0.010544563639993008
seabrook,35,88,42.959502,-70.768589,1,2011-07-15,4.6,4.6,4.6,NA,3.9269999999999996,3.9269999999999996,NA,0,249,249,0,2,3.9269999999999996,stipe_density,"c(-70.768589, 42.959502)",Gulf of Maine/Bay of Fundy,Cold Temperate Northwest Atlantic,Temperate Northern Atlantic,0.09707481872116018,0.01575728218793797,0.01575728218793797,0.0926473819948657,0.015634425131905386,0.015634425131905386
seabrook,35,89,42.959502,-70.768589,1,2011-10-15,4.6,4.6,4.6,NA,3.2368,3.2368,NA,0,249,249,0,2,3.2368,stipe_density,"c(-70.768589, 42.959502)",Gulf of Maine/Bay of Fundy,Cold Temperate Northwest Atlantic,Temperate Northern Atlantic,0.08001318391562294,0.012987820470057967,0.012987820470057967,0.0769732483908999,0.012904201966288437,0.012904201966288437
seabrook,35,90,42.959502,-70.768589,1,2012-04-15,4.6,4.6,4.6,NA,3.213,3.213,NA,0,249,249,0,2,3.213,stipe_density,"c(-70.768589, 42.959502)",Gulf of Maine/Bay of Fundy,Cold Temperate Northwest Atlantic,Temperate Northern Atlantic,0.07942485168094925,0.01289232179013107,0.01289232179013107,0.07642835454395251,0.012809923259463209,0.012809923259463209
seabrook,35,91,42.959502,-70.768589,1,2012-07-15,4.6,4.6,4.6,NA,4.0698,4.0698,NA,0,249,249,0,2,4.0698,stipe_density,"c(-70.768589, 42.959502)",Gulf of Maine/Bay of Fundy,Cold Temperate Northwest Atlantic,Temperate Northern Atlantic,0.10060481212920237,0.016330274267499355,0.016330274267499355,0.0958598579119954,0.016198369429410706,0.016198369429410706
seabrook,35,92,42.959502,-70.768589,1,2012-10-15,4.6,4.6,4.6,NA,0.7378,0.7378,NA,0,249,249,0,2,0.7378,stipe_density,"c(-70.768589, 42.959502)",Gulf of Maine/Bay of Fundy,Cold Temperate Northwest Atlantic,Temperate Northern Atlantic,0.018238299274884642,0.002960459077733801,0.002960459077733801,0.018073976466254797,0.00295608554840203,0.00295608554840203
seabrook,35,93,42.959502,-70.768589,1,2013-04-15,4.6,4.6,4.6,NA,0.3808,0.3808,NA,0,249,249,0,2,0.3808,stipe_density,"c(-70.768589, 42.959502)",Gulf of Maine/Bay of Fundy,Cold Temperate Northwest Atlantic,Temperate Northern Atlantic,0.00941331575477917,0.0015279788788303491,0.0015279788788303491,0.00936928658932197,0.0015268127068761355,0.0015268127068761355
seabrook,35,94,42.959502,-70.768589,1,2013-07-15,4.6,4.6,4.6,NA,1.0948,1.0948,NA,0,249,249,0,2,1.0948,stipe_density,"c(-70.768589, 42.959502)",Gulf of Maine/Bay of Fundy,Cold Temperate Northwest Atlantic,Temperate Northern Atlantic,0.027063282794990113,0.004392939276637253,0.004392939276637253,0.026703548127878278,0.004383318484307115,0.004383318484307115
seabrook,35,95,42.959502,-70.768589,1,2013-10-15,4.6,4.6,4.6,NA,1.2852000000000001,1.2852000000000001,NA,0,249,249,0,2,1.2852000000000001,stipe_density,"c(-70.768589, 42.959502)",Gulf of Maine/Bay of Fundy,Cold Temperate Northwest Atlantic,Temperate Northern Atlantic,0.0317699406723797,0.005156928716052428,0.005156928716052428,0.03127571650268413,0.005143677297384357,0.005143677297384357
seabrook,35,96,42.959502,-70.768589,1,2014-04-15,4.6,4.6,4.6,NA,1.2376,1.2376,NA,0,249,249,0,2,1.2376,stipe_density,"c(-70.768589, 42.959502)",Gulf of Maine/Bay of Fundy,Cold Temperate Northwest Atlantic,Temperate Northern Atlantic,0.030593276203032302,0.004965931356198635,0.004965931356198635,0.03013463273296362,0.0049536417883889895,0.0049536417883889895
seabrook,35,97,42.959502,-70.768589,1,2014-07-15,4.6,4.6,4.6,NA,1.8325999999999998,1.8325999999999998,NA,0,249,249,0,2,1.8325999999999998,stipe_density,"c(-70.768589, 42.959502)",Gulf of Maine/Bay of Fundy,Cold Temperate Northwest Atlantic,Temperate Northern Atlantic,0.045301582069874745,0.007353398354371054,0.007353398354371054,0.04430543906334307,0.0073264939328053546,0.0073264939328053546
seabrook,35,98,42.959502,-70.768589,1,2014-10-15,4.6,4.6,4.6,NA,1.0234,1.0234,NA,0,249,249,0,2,1.0234,stipe_density,"c(-70.768589, 42.959502)",Gulf of Maine/Bay of Fundy,Cold Temperate Northwest Atlantic,Temperate Northern Atlantic,0.02529828609096902,0.004106443236856563,0.004106443236856563,0.02498358107539339,0.004098034810119107,0.004098034810119107
seabrook,35,99,42.959502,-70.768589,1,2015-04-15,4.6,4.6,4.6,NA,0.833,0.833,NA,0,249,249,0,2,0.833,stipe_density,"c(-70.768589, 42.959502)",Gulf of Maine/Bay of Fundy,Cold Temperate Northwest Atlantic,Temperate Northern Atlantic,0.020591628213579433,0.0033424537974413885,0.0033424537974413885,0.020382486805526637,0.003336880214922198,0.003336880214922198
seabrook,35,100,42.959502,-70.768589,1,2015-07-15,4.6,4.6,4.6,NA,3.6652,3.6652,NA,0,249,249,0,2,3.6652,stipe_density,"c(-70.768589, 42.959502)",Gulf of Maine/Bay of Fundy,Cold Temperate Northwest Atlantic,Temperate Northern Atlantic,0.0906031641397495,0.01470679670874211,0.01470679670874211,0.08673090478908284,0.014599700525014362,0.014599700525014362
seabrook,35,101,42.959502,-70.768589,1,2015-10-15,4.6,4.6,4.6,NA,0.833,0.833,NA,0,249,249,0,2,0.833,stipe_density,"c(-70.768589, 42.959502)",Gulf of Maine/Bay of Fundy,Cold Temperate Northwest Atlantic,Temperate Northern Atlantic,0.020591628213579433,0.0033424537974413885,0.0033424537974413885,0.020382486805526637,0.003336880214922198,0.003336880214922198
seabrook,35,102,42.959502,-70.768589,1,2016-04-15,4.6,4.6,4.6,NA,1.0234,1.0234,NA,0,249,249,0,2,1.0234,stipe_density,"c(-70.768589, 42.959502)",Gulf of Maine/Bay of Fundy,Cold Temperate Northwest Atlantic,Temperate Northern Atlantic,0.02529828609096902,0.004106443236856563,0.004106443236856563,0.02498358107539339,0.004098034810119107,0.004098034810119107
seabrook,35,103,42.959502,-70.768589,1,2016-07-15,4.6,4.6,4.6,NA,1.7611999999999999,1.7611999999999999,NA,0,249,249,0,2,1.7611999999999999,stipe_density,"c(-70.768589, 42.959502)",Gulf of Maine/Bay of Fundy,Cold Temperate Northwest Atlantic,Temperate Northern Atlantic,0.043536585365853656,0.007066902314590364,0.007066902314590364,0.04261550716571027,0.007042048783382339,0.007042048783382339
seabrook,35,104,42.959502,-70.768589,1,2017-04-15,4.6,4.6,4.6,NA,0.714,0.714,NA,0,249,249,0,2,0.714,stipe_density,"c(-70.768589, 42.959502)",Gulf of Maine/Bay of Fundy,Cold Temperate Northwest Atlantic,Temperate Northern Atlantic,0.01764996704021094,0.0028649603978069043,0.0028649603978069043,0.017496015228612206,0.0028608642204918334,0.0028608642204918334
seabrook,35,105,42.959502,-70.768589,1,2017-07-15,4.6,4.6,4.6,NA,0.8806,0.8806,NA,0,249,249,0,2,0.8806,stipe_density,"c(-70.768589, 42.959502)",Gulf of Maine/Bay of Fundy,Cold Temperate Northwest Atlantic,Temperate Northern Atlantic,0.02176829268292683,0.0035334511572951825,0.0035334511572951825,0.021534746588434298,0.003527223185266143,0.003527223185266143
seabrook,35,106,42.959502,-70.768589,1,2017-10-15,4.6,4.6,4.6,NA,1.3328,1.3328,NA,0,249,249,0,2,1.3328,stipe_density,"c(-70.768589, 42.959502)",Gulf of Maine/Bay of Fundy,Cold Temperate Northwest Atlantic,Temperate Northern Atlantic,0.03294660514172709,0.005347926075906222,0.005347926075906222,0.03241549968417428,0.005333676699746479,0.005333676699746479
seabrook,35,107,42.959502,-70.768589,1,2018-04-15,4.6,4.6,4.6,NA,1.9754,1.9754,NA,0,249,249,0,2,1.9754,stipe_density,"c(-70.768589, 42.959502)",Gulf of Maine/Bay of Fundy,Cold Temperate Northwest Atlantic,Temperate Northern Atlantic,0.048831575477916944,0.007926390433932435,0.007926390433932435,0.0476767593050878,0.00789514161953292,0.00789514161953292
seabrook,35,108,42.959502,-70.768589,1,2018-07-15,4.6,4.6,4.6,NA,0.7854,0.7854,NA,0,249,249,0,2,0.7854,stipe_density,"c(-70.768589, 42.959502)",Gulf of Maine/Bay of Fundy,Cold Temperate Northwest Atlantic,Temperate Northern Atlantic,0.019414963744232037,0.003151456437587595,0.003151456437587595,0.019228897788241113,0.003146501007234261,0.003146501007234261
seabrook,35,109,42.959502,-70.768589,1,2018-10-15,4.6,4.6,4.6,NA,1.0233999999999999,1.0233999999999999,NA,0,249,249,0,2,1.0233999999999999,stipe_density,"c(-70.768589, 42.959502)",Gulf of Maine/Bay of Fundy,Cold Temperate Northwest Atlantic,Temperate Northern Atlantic,0.025298286090969013,0.0041064432368565626,0.0041064432368565626,0.02498358107539339,0.004098034810119107,0.004098034810119107
seabrook,35,110,42.959502,-70.768589,1,2019-04-15,4.6,4.6,4.6,NA,1.666,1.666,NA,0,249,249,0,2,1.666,stipe_density,"c(-70.768589, 42.959502)",Gulf of Maine/Bay of Fundy,Cold Temperate Northwest Atlantic,Temperate Northern Atlantic,0.041183256427158865,0.006684907594882777,0.006684907594882777,0.04035781297474116,0.006662662681867991,0.006662662681867991
seabrook,35,111,42.959502,-70.768589,1,2019-07-15,4.6,4.6,4.6,NA,1.7850000000000001,1.7850000000000001,NA,0,249,249,0,2,1.7850000000000001,stipe_density,"c(-70.768589, 42.959502)",Gulf of Maine/Bay of Fundy,Cold Temperate Northwest Atlantic,Temperate Northern Atlantic,0.044124917600527364,0.007162400994517261,0.007162400994517261,0.043179135176681184,0.007136872823367786,0.007136872823367786
seabrook,35,112,42.959502,-70.768589,1,2019-10-15,4.6,4.6,4.6,NA,1.8564,1.8564,NA,0,249,249,0,2,1.8564,stipe_density,"c(-70.768589, 42.959502)",Gulf of Maine/Bay of Fundy,Cold Temperate Northwest Atlantic,Temperate Northern Atlantic,0.04588991430454845,0.007448897034297952,0.007448897034297952,0.044868115653426764,0.007421291005666499,0.007421291005666499
seabrook,35,113,42.959502,-70.768589,1,2020-04-15,4.6,4.6,4.6,NA,1.3804,1.3804,NA,0,249,249,0,2,1.3804,stipe_density,"c(-70.768589, 42.959502)",Gulf of Maine/Bay of Fundy,Cold Temperate Northwest Atlantic,Temperate Northern Atlantic,0.034123269611074494,0.005538923435760015,0.005538923435760015,0.03355398523883654,0.005523640009193448,0.005523640009193448
seabrook,35,114,42.959502,-70.768589,1,2020-07-15,4.6,4.6,4.6,NA,1.6184,1.6184,NA,0,249,249,0,2,1.6184,stipe_density,"c(-70.768589, 42.959502)",Gulf of Maine/Bay of Fundy,Cold Temperate Northwest Atlantic,Temperate Northern Atlantic,0.04000659195781147,0.0064939102350289836,0.0064939102350289836,0.039227051554166115,0.006472915642275485,0.006472915642275485
seabrook,35,115,42.959502,-70.768589,1,2020-10-15,4.6,4.6,4.6,NA,1.8564,1.8564,NA,0,249,249,0,2,1.8564,stipe_density,"c(-70.768589, 42.959502)",Gulf of Maine/Bay of Fundy,Cold Temperate Northwest Atlantic,Temperate Northern Atlantic,0.04588991430454845,0.007448897034297952,0.007448897034297952,0.044868115653426764,0.007421291005666499,0.007421291005666499
seabrook,35,116,42.959502,-70.768589,1,2021-04-15,4.6,4.6,4.6,NA,2.4513999999999996,2.4513999999999996,NA,0,249,249,0,2,2.4513999999999996,stipe_density,"c(-70.768589, 42.959502)",Gulf of Maine/Bay of Fundy,Cold Temperate Northwest Atlantic,Temperate Northern Atlantic,0.060598220171390896,0.00983636403247037,0.00983636403247037,0.05883310758577794,0.009788301917753765,0.009788301917753765
seabrook,35,117,42.959502,-70.768589,1,2021-07-15,4.6,4.6,4.6,NA,7.4494,7.4494,NA,0,249,249,0,2,7.4494,stipe_density,"c(-70.768589, 42.959502)",Gulf of Maine/Bay of Fundy,Cold Temperate Northwest Atlantic,Temperate Northern Atlantic,0.1841479894528675,0.029891086817118703,0.029891086817118703,0.16902351974302712,0.029453055696321895,0.029453055696321895
seabrook,35,118,42.959502,-70.768589,1,2021-10-15,4.6,4.6,4.6,NA,3.5462000000000002,3.5462000000000002,NA,0,249,249,0,2,3.5462000000000002,stipe_density,"c(-70.768589, 42.959502)",Gulf of Maine/Bay of Fundy,Cold Temperate Northwest Atlantic,Temperate Northern Atlantic,0.08766150296638102,0.014229303309107627,0.014229303309107627,0.0840299814292433,0.014129016989494652,0.014129016989494652
steneck_gom,Jonesport - browney,1,44.463898,-67.624035,1,1996-08-01,10,10,10,NA,NA,NA,34.13461538461539,0,0,0,101,4,34.13461538461539,percent_cover,"c(-67.624035, 44.463898)",Gulf of Maine/Bay of Fundy,Cold Temperate Northwest Atlantic,Temperate Northern Atlantic,0.34134615384615385,0.1369668365144165,0.1369668365144165,0.29367370212004756,0.12836404680952354,0.12836404680952354
steneck_gom,Jonesport - browney,2,44.463898,-67.624035,1,1997-08-01,10,10,10,NA,NA,NA,27.735294117647058,0,0,0,101,4,27.735294117647058,percent_cover,"c(-67.624035, 44.463898)",Gulf of Maine/Bay of Fundy,Cold Temperate Northwest Atlantic,Temperate Northern Atlantic,0.2773529411764706,0.1112892426730891,0.1112892426730891,0.24478992193056912,0.10552082121398426,0.10552082121398426
steneck_gom,Jonesport - little drisco,1,44.4833333,-67.6633333,1,1999-08-01,10,10,10,NA,NA,NA,28.5,0,0,0,101,4,28.5,percent_cover,"c(-67.6633333, 44.4833333)",Gulf of Maine/Bay of Fundy,Cold Temperate Northwest Atlantic,Temperate Northern Atlantic,0.285,0.11435766293767055,0.11435766293767055,0.25075871834718305,0.10827815185876273,0.10827815185876273
steneck_gom,Jonesport - little drisco,2,44.4833333,-67.6633333,1,2000-08-01,10,10,10,NA,NA,NA,26.75,0,0,0,101,4,26.75,percent_cover,"c(-67.6633333, 44.4833333)",Gulf of Maine/Bay of Fundy,Cold Temperate Northwest Atlantic,Temperate Northern Atlantic,0.2675,0.1073357011783399,0.1073357011783399,0.23704645648320125,0.10195686085153785,0.10195686085153785
steneck_gom,Jonesport - little drisco,3,44.4833333,-67.6633333,1,2001-08-01,10,10,10,NA,NA,NA,49.43333333333333,0,0,0,101,4,49.43333333333333,percent_cover,"c(-67.6633333, 44.4833333)",Gulf of Maine/Bay of Fundy,Cold Temperate Northwest Atlantic,Temperate Northern Atlantic,0.4943333333333333,0.19835370074452097,0.19835370074452097,0.4016801765051927,0.1809486988092977,0.1809486988092977
steneck_gom,Jonesport - little drisco,4,44.4833333,-67.6633333,1,2002-08-01,10,10,10,NA,NA,NA,46.125,0,0,0,101,4,46.125,percent_cover,"c(-67.6633333, 44.4833333)",Gulf of Maine/Bay of Fundy,Cold Temperate Northwest Atlantic,Temperate Northern Atlantic,0.46125,0.18507884922807208,0.18507884922807208,0.37929223380414107,0.16980931180641692,0.16980931180641692
steneck_gom,Jonesport - little drisco,5,44.4833333,-67.6633333,1,2003-08-01,10,10,10,NA,NA,NA,32.931034482758626,0,0,0,101,4,32.931034482758626,percent_cover,"c(-67.6633333, 44.4833333)",Gulf of Maine/Bay of Fundy,Cold Temperate Northwest Atlantic,Temperate Northern Atlantic,0.32931034482758625,0.13213740847607428,0.13213740847607428,0.2846602700228645,0.12410735799392875,0.12410735799392875
steneck_gom,Jonesport - outer ram,1,44.4916667,-67.6366667,1,1996-08-01,10,10,10,NA,NA,NA,0,0,0,0,101,4,0,percent_cover,"c(-67.6366667, 44.4916667)",Gulf of Maine/Bay of Fundy,Cold Temperate Northwest Atlantic,Temperate Northern Atlantic,0,0,0,0,0,0
steneck_gom,Jonesport - outer ram,2,44.4916667,-67.6366667,1,1999-08-01,10,10,10,NA,NA,NA,0,0,0,0,101,4,0,percent_cover,"c(-67.6366667, 44.4916667)",Gulf of Maine/Bay of Fundy,Cold Temperate Northwest Atlantic,Temperate Northern Atlantic,0,0,0,0,0,0
steneck_gom,Jonesport - outer ram,3,44.4916667,-67.6366667,1,2000-08-01,10,10,10,NA,NA,NA,0,0,0,0,101,4,0,percent_cover,"c(-67.6366667, 44.4916667)",Gulf of Maine/Bay of Fundy,Cold Temperate Northwest Atlantic,Temperate Northern Atlantic,0,0,0,0,0,0
steneck_gom,Jonesport - outer ram,4,44.4916667,-67.6366667,1,2001-08-01,10,10,10,NA,NA,NA,0,0,0,0,101,4,0,percent_cover,"c(-67.6366667, 44.4916667)",Gulf of Maine/Bay of Fundy,Cold Temperate Northwest Atlantic,Temperate Northern Atlantic,0,0,0,0,0,0
steneck_gom,Jonesport - outer ram,5,44.4916667,-67.6366667,1,2002-08-01,10,10,10,NA,NA,NA,0,0,0,0,101,4,0,percent_cover,"c(-67.6366667, 44.4916667)",Gulf of Maine/Bay of Fundy,Cold Temperate Northwest Atlantic,Temperate Northern Atlantic,0,0,0,0,0,0
steneck_gom,Jonesport - outer ram,6,44.4916667,-67.6366667,1,2003-08-01,10,10,10,NA,NA,NA,0.07142857142857144,0,0,0,101,4,0.07142857142857144,percent_cover,"c(-67.6366667, 44.4916667)",Gulf of Maine/Bay of Fundy,Cold Temperate Northwest Atlantic,Temperate Northern Atlantic,7.142857142857144e-4,2.866106840543122e-4,2.866106840543122e-4,7.140307336569734e-4,2.865696190583726e-4,2.865696190583726e-4
steneck_gom,Jonesport - outer sand,1,44.4616667,-67.6783333,1,1996-08-01,10,10,10,NA,NA,NA,2.9365079365079363,0,0,0,101,4,2.9365079365079363,percent_cover,"c(-67.6783333, 44.4616667)",Gulf of Maine/Bay of Fundy,Cold Temperate Northwest Atlantic,Temperate Northern Atlantic,0.02936507936507936,0.011782883677788389,0.011782883677788389,0.0289421843709201,0.011714006027518134,0.011714006027518134
steneck_gom,Jonesport - outer sand,2,44.4616667,-67.6783333,1,1997-08-01,10,10,10,NA,NA,NA,3.783783783783784,0,0,0,101,4,3.783783783783784,percent_cover,"c(-67.6783333, 44.4616667)",Gulf of Maine/Bay of Fundy,Cold Temperate Northwest Atlantic,Temperate Northern Atlantic,0.03783783783783784,0.015182620020174375,0.015182620020174375,0.037139546949456786,0.01506851751201456,0.01506851751201456
steneck_gom,Jonesport - ram,1,44.4916667,-67.635,1,1997-08-01,10,10,10,NA,NA,NA,0,0,0,0,101,4,0,percent_cover,"c(-67.635, 44.4916667)",Gulf of Maine/Bay of Fundy,Cold Temperate Northwest Atlantic,Temperate Northern Atlantic,0,0,0,0,0,0
steneck_gom,Jonesport - ram,2,44.4916667,-67.635,1,1998-08-01,10,10,10,NA,NA,NA,0,0,0,0,101,4,0,percent_cover,"c(-67.635, 44.4916667)",Gulf of Maine/Bay of Fundy,Cold Temperate Northwest Atlantic,Temperate Northern Atlantic,0,0,0,0,0,0
steneck_gom,Jonesport - ram,3,44.4916667,-67.635,1,1999-08-01,10,10,10,NA,NA,NA,2.0967741935483866,0,0,0,101,4,2.0967741935483866,percent_cover,"c(-67.635, 44.4916667)",Gulf of Maine/Bay of Fundy,Cold Temperate Northwest Atlantic,Temperate Northern Atlantic,0.020967741935483866,0.008413410402884645,0.008413410402884645,0.020750944105038974,0.00837821493705704,0.00837821493705704
steneck_gom,Jonesport - ram,4,44.4916667,-67.635,1,2000-08-01,10,10,10,NA,NA,NA,0.6774193548387095,0,0,0,101,4,0.6774193548387095,percent_cover,"c(-67.635, 44.4916667)",Gulf of Maine/Bay of Fundy,Cold Temperate Northwest Atlantic,Temperate Northern Atlantic,0.006774193548387095,0.002718178745547347,0.002718178745547347,0.006751351797541872,0.002714491178500339,0.002714491178500339
steneck_gom,Jonesport - ram,5,44.4916667,-67.635,1,2001-08-01,10,10,10,NA,NA,NA,1.666666666666667,0,0,0,101,4,1.666666666666667,percent_cover,"c(-67.635, 44.4916667)",Gulf of Maine/Bay of Fundy,Cold Temperate Northwest Atlantic,Temperate Northern Atlantic,0.01666666666666667,0.0066875826279339514,0.0066875826279339514,0.016529301951210506,0.006665319947788017,0.006665319947788017
steneck_gom,Jonesport - ram,6,44.4916667,-67.635,1,2002-08-01,10,10,10,NA,NA,NA,1.9000000000000004,0,0,0,101,4,1.9000000000000004,percent_cover,"c(-67.635, 44.4916667)",Gulf of Maine/Bay of Fundy,Cold Temperate Northwest Atlantic,Temperate Northern Atlantic,0.019000000000000003,0.007623844195844705,0.007623844195844705,0.018821754240587667,0.00759492956313081,0.00759492956313081
steneck_gom,Jonesport - ram,7,44.4916667,-67.635,1,2003-08-01,10,10,10,NA,NA,NA,5.800000000000001,0,0,0,101,4,5.800000000000001,percent_cover,"c(-67.635, 44.4916667)",Gulf of Maine/Bay of Fundy,Cold Temperate Northwest Atlantic,Temperate Northern Atlantic,0.05800000000000001,0.02327278754521015,0.02327278754521015,0.05638033343610769,0.02300610591539576,0.02300610591539576
steneck_gom,Jonesport - sea duck,1,44.491517,-67.65292,1,1996-08-01,10,10,10,NA,NA,NA,55.13636363636364,0,0,0,101,4,55.13636363636364,percent_cover,"c(-67.65292, 44.491517)",Gulf of Maine/Bay of Fundy,Cold Temperate Northwest Atlantic,Temperate Northern Atlantic,0.5513636363636364,0.2212373925731968,0.2212373925731968,0.43913430956029975,0.19986460094240563,0.19986460094240563
steneck_gom,Jonesport - sea duck,2,44.491517,-67.65292,1,1997-08-01,10,10,10,NA,NA,NA,60.3421052631579,0,0,0,101,4,60.3421052631579,percent_cover,"c(-67.65292, 44.491517)",Gulf of Maine/Bay of Fundy,Cold Temperate Northwest Atlantic,Temperate Northern Atlantic,0.603421052631579,0.24212568893451394,0.24212568893451394,0.4721395045340173,0.21682417721109148,0.21682417721109148
steneck_gom,Jonesport - sea duck,3,44.491517,-67.65292,1,1998-08-01,10,10,10,NA,NA,NA,24.6,0,0,0,101,4,24.6,percent_cover,"c(-67.65292, 44.491517)",Gulf of Maine/Bay of Fundy,Cold Temperate Northwest Atlantic,Temperate Northern Atlantic,0.24600000000000002,0.09870871958830511,0.09870871958830511,0.2199384203652614,0.09413559897090266,0.09413559897090266
steneck_gom,Jonesport - sea duck,4,44.491517,-67.65292,1,1999-08-01,10,10,10,NA,NA,NA,37.0625,0,0,0,101,4,37.0625,percent_cover,"c(-67.65292, 44.491517)",Gulf of Maine/Bay of Fundy,Cold Temperate Northwest Atlantic,Temperate Northern Atlantic,0.370625,0.14871511868868123,0.14871511868868123,0.31526684019001555,0.1386440296467085,0.1386440296467085
steneck_gom,Jonesport - sea duck,5,44.491517,-67.65292,1,2000-08-01,10,10,10,NA,NA,NA,44.794117647058826,0,0,0,101,4,44.794117647058826,percent_cover,"c(-67.65292, 44.491517)",Gulf of Maine/Bay of Fundy,Cold Temperate Northwest Atlantic,Temperate Northern Atlantic,0.4479411764705883,0.17973861780606012,0.17973861780606012,0.3701426691539479,0.16529290360668844,0.16529290360668844
steneck_gom,Jonesport - sea duck,6,44.491517,-67.65292,1,2001-08-01,10,10,10,NA,NA,NA,57.86206896551724,0,0,0,101,4,57.86206896551724,percent_cover,"c(-67.65292, 44.491517)",Gulf of Maine/Bay of Fundy,Cold Temperate Northwest Atlantic,Temperate Northern Atlantic,0.5786206896551724,0.23217442033806557,0.23217442033806557,0.45655148453794664,0.20878043004026917,0.20878043004026917
steneck_gom,Jonesport - sea duck,7,44.491517,-67.65292,1,2002-08-01,10,10,10,NA,NA,NA,30.833333333333336,0,0,0,101,4,30.833333333333336,percent_cover,"c(-67.65292, 44.491517)",Gulf of Maine/Bay of Fundy,Cold Temperate Northwest Atlantic,Temperate Northern Atlantic,0.30833333333333335,0.12372027861677809,0.12372027861677809,0.26875406256626205,0.11664485805951481,0.11664485805951481
steneck_gom,Jonesport - sea duck,8,44.491517,-67.65292,1,2003-08-01,10,10,10,NA,NA,NA,38.09090909090909,0,0,0,101,4,38.09090909090909,percent_cover,"c(-67.65292, 44.491517)",Gulf of Maine/Bay of Fundy,Cold Temperate Northwest Atlantic,Temperate Northern Atlantic,0.3809090909090909,0.15284166115114503,0.15284166115114503,0.32274204380931093,0.14222990414728084,0.14222990414728084
steneck_gom,Mount Desert Island - baker island,1,44.2383333,-68.2066667,1,1997-08-01,10,10,10,NA,NA,NA,0,0,0,0,101,4,0,percent_cover,"c(-68.2066667, 44.2383333)",Gulf of Maine/Bay of Fundy,Cold Temperate Northwest Atlantic,Temperate Northern Atlantic,0,0,0,0,0,0
steneck_gom,Mount Desert Island - baker island,2,44.2383333,-68.2066667,1,1998-08-01,10,10,10,NA,NA,NA,0,0,0,0,101,4,0,percent_cover,"c(-68.2066667, 44.2383333)",Gulf of Maine/Bay of Fundy,Cold Temperate Northwest Atlantic,Temperate Northern Atlantic,0,0,0,0,0,0
steneck_gom,Mount Desert Island - baker island,3,44.2383333,-68.2066667,1,1999-08-01,10,10,10,NA,NA,NA,0,0,0,0,101,4,0,percent_cover,"c(-68.2066667, 44.2383333)",Gulf of Maine/Bay of Fundy,Cold Temperate Northwest Atlantic,Temperate Northern Atlantic,0,0,0,0,0,0
steneck_gom,Mount Desert Island - baker island,4,44.2383333,-68.2066667,1,2000-08-01,10,10,10,NA,NA,NA,0.03333333333333333,0,0,0,101,4,0.03333333333333333,percent_cover,"c(-68.2066667, 44.2383333)",Gulf of Maine/Bay of Fundy,Cold Temperate Northwest Atlantic,Temperate Northern Atlantic,3.333333333333333e-4,1.33751652558679e-4,1.33751652558679e-4,3.332777901203345e-4,1.3374270860380054e-4,1.3374270860380054e-4
steneck_gom,Mount Desert Island - baker island,5,44.2383333,-68.2066667,1,2001-08-01,10,10,10,NA,NA,NA,0.1,0,0,0,101,4,0.1,percent_cover,"c(-68.2066667, 44.2383333)",Gulf of Maine/Bay of Fundy,Cold Temperate Northwest Atlantic,Temperate Northern Atlantic,0.001,4.012549576760371e-4,4.012549576760371e-4,9.995003330834232e-4,4.011744764337049e-4,4.011744764337049e-4
steneck_gom,Mount Desert Island - great duck,1,44.1466667,-68.2516667,1,1997-08-01,10,10,10,NA,NA,NA,0,0,0,0,101,4,0,percent_cover,"c(-68.2516667, 44.1466667)",Gulf of Maine/Bay of Fundy,Cold Temperate Northwest Atlantic,Temperate Northern Atlantic,0,0,0,0,0,0
steneck_gom,Mount Desert Island - great duck,2,44.1466667,-68.2516667,1,1998-08-01,10,10,10,NA,NA,NA,0,0,0,0,101,4,0,percent_cover,"c(-68.2516667, 44.1466667)",Gulf of Maine/Bay of Fundy,Cold Temperate Northwest Atlantic,Temperate Northern Atlantic,0,0,0,0,0,0
steneck_gom,Mount Desert Island - great duck,3,44.1466667,-68.2516667,1,1999-08-01,10,10,10,NA,NA,NA,1.0277777777777775,0,0,0,101,4,1.0277777777777775,percent_cover,"c(-68.2516667, 44.1466667)",Gulf of Maine/Bay of Fundy,Cold Temperate Northwest Atlantic,Temperate Northern Atlantic,0.010277777777777775,0.0041240092872259345,0.0041240092872259345,0.010225320542787717,0.004115528868480556,0.004115528868480556
steneck_gom,Mount Desert Island - great duck,4,44.1466667,-68.2516667,1,2000-08-01,10,10,10,NA,NA,NA,15.56666666666667,0,0,0,101,4,15.56666666666667,percent_cover,"c(-68.2516667, 44.1466667)",Gulf of Maine/Bay of Fundy,Cold Temperate Northwest Atlantic,Temperate Northern Atlantic,0.1556666666666667,0.06246202174490311,0.06246202174490311,0.14467737803477665,0.060588876937502985,0.060588876937502985
steneck_gom,Mount Desert Island - great duck,5,44.1466667,-68.2516667,1,2001-08-01,10,10,10,NA,NA,NA,0,0,0,0,101,4,0,percent_cover,"c(-68.2516667, 44.1466667)",Gulf of Maine/Bay of Fundy,Cold Temperate Northwest Atlantic,Temperate Northern Atlantic,0,0,0,0,0,0
steneck_gom,Mount Desert Island - little duck,1,44.1733333,-68.2483333,1,1997-08-01,10,10,10,NA,NA,NA,0,0,0,0,101,4,0,percent_cover,"c(-68.2483333, 44.1733333)",Gulf of Maine/Bay of Fundy,Cold Temperate Northwest Atlantic,Temperate Northern Atlantic,0,0,0,0,0,0
steneck_gom,Mount Desert Island - little duck,2,44.1733333,-68.2483333,1,1998-08-01,10,10,10,NA,NA,NA,0,0,0,0,101,4,0,percent_cover,"c(-68.2483333, 44.1733333)",Gulf of Maine/Bay of Fundy,Cold Temperate Northwest Atlantic,Temperate Northern Atlantic,0,0,0,0,0,0
steneck_gom,Mount Desert Island - little duck,3,44.1733333,-68.2483333,1,1999-08-01,10,10,10,NA,NA,NA,1.5862068965517244,0,0,0,101,4,1.5862068965517244,percent_cover,"c(-68.2483333, 44.1733333)",Gulf of Maine/Bay of Fundy,Cold Temperate Northwest Atlantic,Temperate Northern Atlantic,0.015862068965517243,0.006364733811413003,0.006364733811413003,0.01573758104801028,0.006344564429759498,0.006344564429759498
steneck_gom,Mount Desert Island - little duck,4,44.1733333,-68.2483333,1,2000-08-01,10,10,10,NA,NA,NA,1.0333333333333334,0,0,0,101,4,1.0333333333333334,percent_cover,"c(-68.2483333, 44.1733333)",Gulf of Maine/Bay of Fundy,Cold Temperate Northwest Atlantic,Temperate Northern Atlantic,0.010333333333333335,0.00414630122931905,0.00414630122931905,0.01028030940755638,0.00413772900954455,0.00413772900954455
steneck_gom,Mount Desert Island - long island,1,44.1033333,-68.3433333,1,1997-08-01,10,10,10,NA,NA,NA,0,0,0,0,101,4,0,percent_cover,"c(-68.3433333, 44.1033333)",Gulf of Maine/Bay of Fundy,Cold Temperate Northwest Atlantic,Temperate Northern Atlantic,0,0,0,0,0,0
steneck_gom,Mount Desert Island - long island,2,44.1033333,-68.3433333,1,1998-08-01,10,10,10,NA,NA,NA,0,0,0,0,101,4,0,percent_cover,"c(-68.3433333, 44.1033333)",Gulf of Maine/Bay of Fundy,Cold Temperate Northwest Atlantic,Temperate Northern Atlantic,0,0,0,0,0,0
steneck_gom,Mount Desert Island - long island,3,44.1033333,-68.3433333,1,1999-08-01,10,10,10,NA,NA,NA,0,0,0,0,101,4,0,percent_cover,"c(-68.3433333, 44.1033333)",Gulf of Maine/Bay of Fundy,Cold Temperate Northwest Atlantic,Temperate Northern Atlantic,0,0,0,0,0,0
steneck_gom,Mount Desert Island - long island,4,44.1033333,-68.3433333,1,2000-08-01,10,10,10,NA,NA,NA,0.09999999999999999,0,0,0,101,4,0.09999999999999999,percent_cover,"c(-68.3433333, 44.1033333)",Gulf of Maine/Bay of Fundy,Cold Temperate Northwest Atlantic,Temperate Northern Atlantic,0.001,4.0125495767603703e-4,4.0125495767603703e-4,9.995003330834232e-4,4.011744764337049e-4,4.011744764337049e-4
steneck_gom,Pemaquid - damariscove,1,43.76666,-69.6022,1,1998-08-01,10,10,10,NA,NA,NA,5.858750040299838,0,0,0,101,4,5.858750040299838,percent_cover,"c(-69.6022, 43.76666)",Gulf of Maine/Bay of Fundy,Cold Temperate Northwest Atlantic,Temperate Northern Atlantic,0.05858750040299838,0.023508524994549918,0.023508524994549918,0.056935472704363194,0.023236455341529277,0.023236455341529277
steneck_gom,Pemaquid - damariscove,2,43.76666,-69.6022,1,1999-08-01,10,10,10,NA,NA,NA,22.06666666666667,0,0,0,101,4,22.06666666666667,percent_cover,"c(-69.6022, 43.76666)",Gulf of Maine/Bay of Fundy,Cold Temperate Northwest Atlantic,Temperate Northern Atlantic,0.2206666666666667,0.08854359399384552,0.08854359399384552,0.19939715758420937,0.08484065049440141,0.08484065049440141
steneck_gom,Pemaquid - damariscove,3,43.76666,-69.6022,1,2000-08-01,10,10,10,NA,NA,NA,3.7931034482758625,0,0,0,101,4,3.7931034482758625,percent_cover,"c(-69.6022, 43.76666)",Gulf of Maine/Bay of Fundy,Cold Temperate Northwest Atlantic,Temperate Northern Atlantic,0.03793103448275863,0.015220015635987613,0.015220015635987613,0.03722934176835598,0.015105353177178506,0.015105353177178506
steneck_gom,Pemaquid - damariscove,4,43.76666,-69.6022,1,2001-08-01,10,10,10,NA,NA,NA,5.066666666666666,0,0,0,101,4,5.066666666666666,percent_cover,"c(-69.6022, 43.76666)",Gulf of Maine/Bay of Fundy,Cold Temperate Northwest Atlantic,Temperate Northern Atlantic,0.050666666666666665,0.020330251188919207,0.020330251188919207,0.04942488332752298,0.020126350567557807,0.020126350567557807
steneck_gom,Pemaquid - damariscove,5,43.76666,-69.6022,1,2002-08-01,10,10,10,NA,NA,NA,2.433333333333333,0,0,0,101,4,2.433333333333333,percent_cover,"c(-69.6022, 43.76666)",Gulf of Maine/Bay of Fundy,Cold Temperate Northwest Atlantic,Temperate Northern Atlantic,0.024333333333333332,0.009763870636783568,0.009763870636783568,0.024041994480237895,0.009716512070957842,0.009716512070957842
steneck_gom,Pemaquid - fisherman's,1,43.7933,-69.60166,1,1998-08-01,10,10,10,NA,NA,NA,28.663323304550158,0,0,0,101,4,28.663323304550158,percent_cover,"c(-69.60166, 43.7933)",Gulf of Maine/Bay of Fundy,Cold Temperate Northwest Atlantic,Temperate Northern Atlantic,0.2866332330455016,0.1150130057942184,0.1150130057942184,0.2520289097913603,0.10886606923348723,0.10886606923348723
steneck_gom,Pemaquid - fisherman's,2,43.7933,-69.60166,1,1999-08-01,10,10,10,NA,NA,NA,18.967741935483872,0,0,0,101,4,18.967741935483872,percent_cover,"c(-69.60166, 43.7933)",Gulf of Maine/Bay of Fundy,Cold Temperate Northwest Atlantic,Temperate Northern Atlantic,0.18967741935483873,0.07610900487532574,0.07610900487532574,0.17368219420324685,0.07335176225473569,0.07335176225473569
steneck_gom,Pemaquid - fisherman's,3,43.7933,-69.60166,1,2000-08-01,10,10,10,NA,NA,NA,18.4,0,0,0,101,4,18.4,percent_cover,"c(-69.60166, 43.7933)",Gulf of Maine/Bay of Fundy,Cold Temperate Northwest Atlantic,Temperate Northern Atlantic,0.184,0.07383091221239081,0.07383091221239081,0.16889853646181388,0.07123254627347109,0.07123254627347109
steneck_gom,Pemaquid - fisherman's,4,43.7933,-69.60166,1,2001-08-01,10,10,10,NA,NA,NA,12.5,0,0,0,101,4,12.5,percent_cover,"c(-69.60166, 43.7933)",Gulf of Maine/Bay of Fundy,Cold Temperate Northwest Atlantic,Temperate Northern Atlantic,0.125,0.05015686970950463,0.05015686970950463,0.11778303565638346,0.04893955273374259,0.04893955273374259
steneck_gom,Pemaquid - fisherman's,5,43.7933,-69.60166,1,2002-08-01,10,10,10,NA,NA,NA,19.9,0,0,0,101,4,19.9,percent_cover,"c(-69.60166, 43.7933)",Gulf of Maine/Bay of Fundy,Cold Temperate Northwest Atlantic,Temperate Northern Atlantic,0.19899999999999998,0.07984973657753136,0.07984973657753136,0.18148787604537725,0.07682189865768047,0.07682189865768047
steneck_gom,Pemaquid - kresge,1,43.83361,-69.5166,1,1998-08-01,10,10,10,NA,NA,NA,3.4666666666666655,0,0,0,101,4,3.4666666666666655,percent_cover,"c(-69.5166, 43.83361)",Gulf of Maine/Bay of Fundy,Cold Temperate Northwest Atlantic,Temperate Northern Atlantic,0.03466666666666665,0.013910171866102612,0.013910171866102612,0.03407931365286258,0.01381431334159944,0.01381431334159944
steneck_gom,Pemaquid - kresge,2,43.83361,-69.5166,1,1999-08-01,10,10,10,NA,NA,NA,0,0,0,0,101,4,0,percent_cover,"c(-69.5166, 43.83361)",Gulf of Maine/Bay of Fundy,Cold Temperate Northwest Atlantic,Temperate Northern Atlantic,0,0,0,0,0,0
steneck_gom,Pemaquid - kresge,3,43.83361,-69.5166,1,2000-08-01,10,10,10,NA,NA,NA,0.09375,0,0,0,101,4,0.09375,percent_cover,"c(-69.5166, 43.83361)",Gulf of Maine/Bay of Fundy,Cold Temperate Northwest Atlantic,Temperate Northern Atlantic,9.375e-4,3.7617652282128473e-4,3.7617652282128473e-4,9.370608213402643e-4,3.7610578617210865e-4,3.7610578617210865e-4
steneck_gom,Pemaquid - kresge,4,43.83361,-69.5166,1,2001-08-01,10,10,10,NA,NA,NA,0,0,0,0,101,4,0,percent_cover,"c(-69.5166, 43.83361)",Gulf of Maine/Bay of Fundy,Cold Temperate Northwest Atlantic,Temperate Northern Atlantic,0,0,0,0,0,0
steneck_gom,Pemaquid - kresge,5,43.83361,-69.5166,1,2002-08-01,10,10,10,NA,NA,NA,0,0,0,0,101,4,0,percent_cover,"c(-69.5166, 43.83361)",Gulf of Maine/Bay of Fundy,Cold Temperate Northwest Atlantic,Temperate Northern Atlantic,0,0,0,0,0,0
steneck_gom,Pemaquid - kresge,6,43.83361,-69.5166,1,2003-08-01,10,10,10,NA,NA,NA,0,0,0,0,101,4,0,percent_cover,"c(-69.5166, 43.83361)",Gulf of Maine/Bay of Fundy,Cold Temperate Northwest Atlantic,Temperate Northern Atlantic,0,0,0,0,0,0
steneck_gom,Pemaquid - thrumcap,1,43.8166,-69.5516,1,1998-08-01,10,10,10,NA,NA,NA,3.622691197094818,0,0,0,101,4,3.622691197094818,percent_cover,"c(-69.5516, 43.8166)",Gulf of Maine/Bay of Fundy,Cold Temperate Northwest Atlantic,Temperate Northern Atlantic,0.03622691197094818,0.014536228029636332,0.014536228029636332,0.03558614685336478,0.01443158987742004,0.01443158987742004
steneck_gom,Pemaquid - thrumcap,2,43.8166,-69.5516,1,1999-08-01,10,10,10,NA,NA,NA,0,0,0,0,101,4,0,percent_cover,"c(-69.5516, 43.8166)",Gulf of Maine/Bay of Fundy,Cold Temperate Northwest Atlantic,Temperate Northern Atlantic,0,0,0,0,0,0
steneck_gom,Pemaquid - thrumcap,3,43.8166,-69.5516,1,2000-08-01,10,10,10,NA,NA,NA,0.25,0,0,0,101,4,0.25,percent_cover,"c(-69.5516, 43.8166)",Gulf of Maine/Bay of Fundy,Cold Temperate Northwest Atlantic,Temperate Northern Atlantic,0.0025,0.0010031373941900925,0.0010031373941900925,0.002496880198587146,0.001002634588101933,0.001002634588101933
steneck_gom,Pemaquid - thrumcap,4,43.8166,-69.5516,1,2001-08-01,10,10,10,NA,NA,NA,10.774193548387096,0,0,0,101,4,10.774193548387096,percent_cover,"c(-69.5516, 43.8166)",Gulf of Maine/Bay of Fundy,Cold Temperate Northwest Atlantic,Temperate Northern Atlantic,0.10774193548387095,0.043231985762514955,0.043231985762514955,0.10232365098418317,0.04232357291893635,0.04232357291893635
steneck_gom,Pemaquid - thrumcap,5,43.8166,-69.5516,1,2002-08-01,10,10,10,NA,NA,NA,8.633333333333333,0,0,0,101,4,8.633333333333333,percent_cover,"c(-69.5516, 43.8166)",Gulf of Maine/Bay of Fundy,Cold Temperate Northwest Atlantic,Temperate Northern Atlantic,0.08633333333333333,0.03464167801269786,0.03464167801269786,0.08280811118731483,0.03405516195595943,0.03405516195595943
steneck_gom,Pemaquid - thrumcap,6,43.8166,-69.5516,1,2003-08-01,10,10,10,NA,NA,NA,3.782608695652174,0,0,0,101,4,3.782608695652174,percent_cover,"c(-69.5516, 43.8166)",Gulf of Maine/Bay of Fundy,Cold Temperate Northwest Atlantic,Temperate Northern Atlantic,0.03782608695652174,0.015177904920789227,0.015177904920789227,0.03712822442158897,0.015063872918773858,0.015063872918773858
steneck_gom,York - york a,1,43.112,-70.736,1,1996-08-01,10,10,10,NA,NA,NA,41.638888888888886,0,0,0,101,4,41.638888888888886,percent_cover,"c(-70.736, 43.112)",Gulf of Maine/Bay of Fundy,Cold Temperate Northwest Atlantic,Temperate Northern Atlantic,0.41638888888888886,0.1670781059878832,0.1670781059878832,0.3481105966109544,0.15450327993186294,0.15450327993186294
steneck_gom,York - york a,2,43.112,-70.736,1,1997-08-01,10,10,10,NA,NA,NA,57.107142857142854,0,0,0,101,4,57.107142857142854,percent_cover,"c(-70.736, 43.112)",Gulf of Maine/Bay of Fundy,Cold Temperate Northwest Atlantic,Temperate Northern Atlantic,0.5710714285714286,0.22914524190142257,0.22914524190142257,0.4517578251854244,0.20631900252843208,0.20631900252843208
steneck_gom,York - york a,3,43.112,-70.736,1,1998-08-01,10,10,10,NA,NA,NA,45.25925925925926,0,0,0,101,4,45.25925925925926,percent_cover,"c(-70.736, 43.112)",Gulf of Maine/Bay of Fundy,Cold Temperate Northwest Atlantic,Temperate Northern Atlantic,0.4525925925925926,0.18160502158522862,0.18160502158522862,0.3733499547638712,0.16687370204423926,0.16687370204423926
steneck_gom,York - york a,4,43.112,-70.736,1,1999-08-01,10,10,10,NA,NA,NA,38.83333333333333,0,0,0,101,4,38.83333333333333,percent_cover,"c(-70.736, 43.112)",Gulf of Maine/Bay of Fundy,Cold Temperate Northwest Atlantic,Temperate Northern Atlantic,0.3883333333333333,0.15582067523086102,0.15582067523086102,0.3281039869506962,0.1448106329842032,0.1448106329842032
steneck_gom,York - york a,5,43.112,-70.736,1,2000-08-01,10,10,10,NA,NA,NA,33.10526315789474,0,0,0,101,4,33.10526315789474,percent_cover,"c(-70.736, 43.112)",Gulf of Maine/Bay of Fundy,Cold Temperate Northwest Atlantic,Temperate Northern Atlantic,0.3310526315789474,0.1328365096727512,0.1328365096727512,0.2859700815154334,0.12472467302195293,0.12472467302195293
steneck_gom,York - york a,6,43.112,-70.736,1,2001-08-01,10,10,10,NA,NA,NA,44.36666666666666,0,0,0,101,4,44.36666666666666,percent_cover,"c(-70.736, 43.112)",Gulf of Maine/Bay of Fundy,Cold Temperate Northwest Atlantic,Temperate Northern Atlantic,0.4436666666666666,0.17802344955560173,0.17802344955560173,0.36718617356437994,0.16383799127541235,0.16383799127541235
steneck_gom,York - york a,7,43.112,-70.736,1,2002-08-01,10,10,10,NA,NA,NA,44.36666666666666,0,0,0,101,4,44.36666666666666,percent_cover,"c(-70.736, 43.112)",Gulf of Maine/Bay of Fundy,Cold Temperate Northwest Atlantic,Temperate Northern Atlantic,0.4436666666666666,0.17802344955560173,0.17802344955560173,0.36718617356437994,0.16383799127541235,0.16383799127541235
steneck_gom,York - york a,8,43.112,-70.736,1,2003-08-01,10,10,10,NA,NA,NA,41.958333333333336,0,0,0,101,4,41.958333333333336,percent_cover,"c(-70.736, 43.112)",Gulf of Maine/Bay of Fundy,Cold Temperate Northwest Atlantic,Temperate Northern Atlantic,0.41958333333333336,0.16835989265823723,0.16835989265823723,0.35036340132492966,0.1556009642204635,0.1556009642204635
steneck_gom,York - york b,1,43.118,-70.63,1,1996-08-01,10,10,10,NA,NA,NA,10.65,0,0,0,101,4,10.65,percent_cover,"c(-70.63, 43.118)",Gulf of Maine/Bay of Fundy,Cold Temperate Northwest Atlantic,Temperate Northern Atlantic,0.1065,0.04273365299249795,0.04273365299249795,0.10120188050896733,0.041845777148729196,0.041845777148729196
steneck_gom,York - york b,2,43.118,-70.63,1,1997-08-01,10,10,10,NA,NA,NA,14.73913043478261,0,0,0,101,4,14.73913043478261,percent_cover,"c(-70.63, 43.118)",Gulf of Maine/Bay of Fundy,Cold Temperate Northwest Atlantic,Temperate Northern Atlantic,0.1473913043478261,0.059141491587902856,0.059141491587902856,0.13749093458608302,0.057458666370443084,0.057458666370443084
steneck_gom,York - york b,3,43.118,-70.63,1,1998-08-01,10,10,10,NA,NA,NA,14.26086956521739,0,0,0,101,4,14.26086956521739,percent_cover,"c(-70.63, 43.118)",Gulf of Maine/Bay of Fundy,Cold Temperate Northwest Atlantic,Temperate Northern Atlantic,0.1426086956521739,0.057222446138147885,0.057222446138147885,0.13331397768726008,0.05564513520833246,0.05564513520833246
steneck_gom,York - york b,4,43.118,-70.63,1,1999-08-01,10,10,10,NA,NA,NA,16.56666666666667,0,0,0,101,4,16.56666666666667,percent_cover,"c(-70.63, 43.118)",Gulf of Maine/Bay of Fundy,Cold Temperate Northwest Atlantic,Temperate Northern Atlantic,0.1656666666666667,0.06647457132166348,0.06647457132166348,0.15329316941312907,0.06435841553359004,0.06435841553359004
steneck_gom,York - york b,5,43.118,-70.63,1,2000-08-01,10,10,10,NA,NA,NA,4.647058823529411,0,0,0,101,4,4.647058823529411,percent_cover,"c(-70.63, 43.118)",Gulf of Maine/Bay of Fundy,Cold Temperate Northwest Atlantic,Temperate Northern Atlantic,0.04647058823529411,0.018646553915533482,0.018646553915533482,0.04542315762152762,0.01847483824837878,0.01847483824837878
steneck_gom,York - york b,6,43.118,-70.63,1,2001-08-01,10,10,10,NA,NA,NA,3.066666666666667,0,0,0,101,4,3.066666666666667,percent_cover,"c(-70.63, 43.118)",Gulf of Maine/Bay of Fundy,Cold Temperate Northwest Atlantic,Temperate Northern Atlantic,0.03066666666666667,0.01230515203539847,0.01230515203539847,0.030205842057065793,0.012230059044961614,0.012230059044961614
steneck_gom,York - york b,7,43.118,-70.63,1,2002-08-01,10,10,10,NA,NA,NA,3.066666666666667,0,0,0,101,4,3.066666666666667,percent_cover,"c(-70.63, 43.118)",Gulf of Maine/Bay of Fundy,Cold Temperate Northwest Atlantic,Temperate Northern Atlantic,0.03066666666666667,0.01230515203539847,0.01230515203539847,0.030205842057065793,0.012230059044961614,0.012230059044961614
steneck_gom,York - york b,8,43.118,-70.63,1,2003-08-01,10,10,10,NA,NA,NA,4.041666666666666,0,0,0,101,4,4.041666666666666,percent_cover,"c(-70.63, 43.118)",Gulf of Maine/Bay of Fundy,Cold Temperate Northwest Atlantic,Temperate Northern Atlantic,0.04041666666666666,0.016217387872739828,0.016217387872739828,0.03962127394373633,0.016087290710836713,0.016087290710836713
steneck_gom,York - york c,1,43.134,-70.621,1,1996-08-01,10,10,10,NA,NA,NA,23.76744186046512,0,0,0,101,4,23.76744186046512,percent_cover,"c(-70.621, 43.134)",Gulf of Maine/Bay of Fundy,Cold Temperate Northwest Atlantic,Temperate Northern Atlantic,0.2376744186046512,0.09536803877788602,0.09536803877788602,0.21323414985598066,0.09109041526961993,0.09109041526961993
steneck_gom,York - york c,2,43.134,-70.621,1,1997-08-01,10,10,10,NA,NA,NA,44.1875,0,0,0,101,4,44.1875,percent_cover,"c(-70.621, 43.134)",Gulf of Maine/Bay of Fundy,Cold Temperate Northwest Atlantic,Temperate Northern Atlantic,0.441875,0.17730453442309888,0.17730453442309888,0.3659443499458811,0.16322753263889214,0.16322753263889214
steneck_gom,York - york c,3,43.134,-70.621,1,1998-08-01,10,10,10,NA,NA,NA,28.217391304347824,0,0,0,101,4,28.217391304347824,percent_cover,"c(-70.621, 43.134)",Gulf of Maine/Bay of Fundy,Cold Temperate Northwest Atlantic,Temperate Northern Atlantic,0.2821739130434782,0.11322368153554262,0.11322368153554262,0.24855700689803512,0.10726002383134214,0.10726002383134214
steneck_gom,York - york c,4,43.134,-70.621,1,1999-08-01,10,10,10,NA,NA,NA,18.157894736842106,0,0,0,101,4,18.157894736842106,percent_cover,"c(-70.621, 43.134)",Gulf of Maine/Bay of Fundy,Cold Temperate Northwest Atlantic,Temperate Northern Atlantic,0.18157894736842106,0.07285945284117515,0.07285945284117515,0.16685163502182285,0.07032746983268998,0.07032746983268998
steneck_gom,York - york c,5,43.134,-70.621,1,2000-08-01,10,10,10,NA,NA,NA,13.411764705882351,0,0,0,101,4,13.411764705882351,percent_cover,"c(-70.621, 43.134)",Gulf of Maine/Bay of Fundy,Cold Temperate Northwest Atlantic,Temperate Northern Atlantic,0.1341176470588235,0.0538153707941979,0.0538153707941979,0.12585494512618342,0.05241726475062983,0.05241726475062983
steneck_gom,York - york c,6,43.134,-70.621,1,2001-08-01,10,10,10,NA,NA,NA,34.2,0,0,0,101,4,34.2,percent_cover,"c(-70.621, 43.134)",Gulf of Maine/Bay of Fundy,Cold Temperate Northwest Atlantic,Temperate Northern Atlantic,0.342,0.13722919552520468,0.13722919552520468,0.2941610385494901,0.128594773631887,0.128594773631887
steneck_gom,York - york c,7,43.134,-70.621,1,2002-08-01,10,10,10,NA,NA,NA,34.2,0,0,0,101,4,34.2,percent_cover,"c(-70.621, 43.134)",Gulf of Maine/Bay of Fundy,Cold Temperate Northwest Atlantic,Temperate Northern Atlantic,0.342,0.13722919552520468,0.13722919552520468,0.2941610385494901,0.128594773631887,0.128594773631887
steneck_gom,York - york c,8,43.134,-70.621,1,2003-08-01,10,10,10,NA,NA,NA,37.19047619047619,0,0,0,101,4,37.19047619047619,percent_cover,"c(-70.621, 43.134)",Gulf of Maine/Bay of Fundy,Cold Temperate Northwest Atlantic,Temperate Northern Atlantic,0.3719047619047619,0.14922862949761187,0.14922862949761187,0.3162001113730142,0.1390909603584665,0.1390909603584665
steneck_gom,York - york d,1,43.141,-70.618,1,1996-08-01,10,10,10,NA,NA,NA,22.459459459459463,0,0,0,101,4,22.459459459459463,percent_cover,"c(-70.618, 43.141)",Gulf of Maine/Bay of Fundy,Cold Temperate Northwest Atlantic,Temperate Northern Atlantic,0.22459459459459463,0.09011969454832076,0.09011969454832076,0.2026098460348224,0.0862875017244304,0.0862875017244304
steneck_gom,York - york d,2,43.141,-70.618,1,1997-08-01,10,10,10,NA,NA,NA,19.473684210526315,0,0,0,101,4,19.473684210526315,percent_cover,"c(-70.618, 43.141)",Gulf of Maine/Bay of Fundy,Cold Temperate Northwest Atlantic,Temperate Northern Atlantic,0.19473684210526315,0.07813912333691247,0.07813912333691247,0.1779259453209165,0.07523652105848587,0.07523652105848587
steneck_gom,York - york d,3,43.141,-70.618,1,1998-08-01,10,10,10,NA,NA,NA,5.95,0,0,0,101,4,5.95,percent_cover,"c(-70.618, 43.141)",Gulf of Maine/Bay of Fundy,Cold Temperate Northwest Atlantic,Temperate Northern Atlantic,0.059500000000000004,0.023874669981724203,0.023874669981724203,0.057797098726216814,0.023594126530758677,0.023594126530758677
steneck_gom,York - york d,4,43.141,-70.618,1,2000-08-01,10,10,10,NA,NA,NA,8.21875,0,0,0,101,4,8.21875,percent_cover,"c(-70.618, 43.141)",Gulf of Maine/Bay of Fundy,Cold Temperate Northwest Atlantic,Temperate Northern Atlantic,0.0821875,0.032978141833999296,0.032978141833999296,0.07898445561460413,0.03244603002398546,0.03244603002398546
steneck_gom,York - york d,5,43.141,-70.618,1,2001-08-01,10,10,10,NA,NA,NA,21.733333333333334,0,0,0,101,4,21.733333333333334,percent_cover,"c(-70.618, 43.141)",Gulf of Maine/Bay of Fundy,Cold Temperate Northwest Atlantic,Temperate Northern Atlantic,0.21733333333333335,0.08720607746825872,0.08720607746825872,0.19666267406461238,0.08361117385780674,0.08361117385780674
steneck_gom,York - york d,6,43.141,-70.618,1,2002-08-01,10,10,10,NA,NA,NA,21.733333333333334,0,0,0,101,4,21.733333333333334,percent_cover,"c(-70.618, 43.141)",Gulf of Maine/Bay of Fundy,Cold Temperate Northwest Atlantic,Temperate Northern Atlantic,0.21733333333333335,0.08720607746825872,0.08720607746825872,0.19666267406461238,0.08361117385780674,0.08361117385780674
steneck_gom,York - york d,7,43.141,-70.618,1,2003-08-01,10,10,10,NA,NA,NA,19.759999999999998,0,0,0,101,4,19.759999999999998,percent_cover,"c(-70.618, 43.141)",Gulf of Maine/Bay of Fundy,Cold Temperate Northwest Atlantic,Temperate Northern Atlantic,0.19759999999999997,0.07928797963678491,0.07928797963678491,0.18031955412328154,0.07630154560265928,0.07630154560265928
witman_gom,Boon Island,1,43.121676,-70.47571,0.25,1996-06-01,10,10,10,NA,2.5,2.5,NA,0,16,16,0,2,2.5,stipe_density,"c(-70.47571, 43.121676)",Gulf of Maine/Bay of Fundy,Cold Temperate Northwest Atlantic,Temperate Northern Atlantic,0.061799604482531315,0.010031373941900927,0.010031373941900927,0.05996520867021955,0.00998139367952627,0.00998139367952627
witman_gom,Boon Island,2,43.121676,-70.47571,0.25,1997-07-01,10,10,10,NA,0.6666666666666666,0.6666666666666666,NA,0,16,16,0,2,0.6666666666666666,stipe_density,"c(-70.47571, 43.121676)",Gulf of Maine/Bay of Fundy,Cold Temperate Northwest Atlantic,Temperate Northern Atlantic,0.016479894528675015,0.00267503305117358,0.00267503305117358,0.016345574774742577,0.002671461518155879,0.002671461518155879
witman_gom,Boon Island,3,43.121676,-70.47571,0.25,1998-06-01,10,10,10,NA,4.212121212121212,4.212121212121212,NA,0,16,16,0,2,4.212121212121212,stipe_density,"c(-70.47571, 43.121676)",Gulf of Maine/Bay of Fundy,Cold Temperate Northwest Atlantic,Temperate Northern Atlantic,0.10412296997662851,0.016901345186960348,0.016901345186960348,0.09905132750035606,0.016760106645194332,0.016760106645194332
witman_gom,Kennebunk Ledge,1,43.653528,-70.223764,0.25,1996-07-17,10,10,10,NA,1.6388888888888886,1.6388888888888886,NA,0,16,16,0,2,1.6388888888888886,stipe_density,"c(-70.223764, 43.653528)",Gulf of Maine/Bay of Fundy,Cold Temperate Northwest Atlantic,Temperate Northern Atlantic,0.04051307404965941,0.006576122917468384,0.006576122917468384,0.03971393193326397,0.006554594551733308,0.006554594551733308
witman_gom,Kennebunk Ledge,2,43.653528,-70.223764,0.25,1997-06-01,10,10,10,NA,5.9444444444444455,5.9444444444444455,NA,0,16,16,0,2,5.9444444444444455,stipe_density,"c(-70.223764, 43.653528)",Gulf of Maine/Bay of Fundy,Cold Temperate Northwest Atlantic,Temperate Northern Atlantic,0.1469457262140189,0.023852378039631094,0.023852378039631094,0.13710251899284293,0.023572354154293217,0.023572354154293217
witman_gom,Kennebunk Ledge,3,43.653528,-70.223764,0.25,1998-06-01,10,10,10,NA,2.4285714285714284,2.4285714285714284,NA,0,16,16,0,2,2.4285714285714284,stipe_density,"c(-70.223764, 43.653528)",Gulf of Maine/Bay of Fundy,Cold Temperate Northwest Atlantic,Temperate Northern Atlantic,0.060033901497316126,0.009744763257846612,0.009744763257846612,0.05830089015718296,0.009697589271008663,0.009697589271008663
witman_gom,Murray Rock,1,43.071741,-70.608241,0.25,1983-06-01,10,10,10,NA,30.74,30.74,NA,0,16,16,0,2,30.74,stipe_density,"c(-70.608241, 43.071741)",Gulf of Maine/Bay of Fundy,Cold Temperate Northwest Atlantic,Temperate Northern Atlantic,0.759887936717205,0.12334577398961377,0.12334577398961377,0.5652501347031224,0.11631153040303804,0.11631153040303804
witman_gom,Murray Rock,2,43.071741,-70.608241,0.25,1995-10-01,10,10,10,NA,0.3333333333333333,0.3333333333333333,NA,0,16,16,0,2,0.3333333333333333,stipe_density,"c(-70.608241, 43.071741)",Gulf of Maine/Bay of Fundy,Cold Temperate Northwest Atlantic,Temperate Northern Atlantic,0.008239947264337508,0.00133751652558679,0.00133751652558679,0.008206184242425911,0.00133662284714315,0.00133662284714315
witman_gom,Murray Rock,3,43.071741,-70.608241,0.25,1996-06-01,10,10,10,NA,0.5625,0.5625,NA,0,16,16,0,2,0.5625,stipe_density,"c(-70.608241, 43.071741)",Gulf of Maine/Bay of Fundy,Cold Temperate Northwest Atlantic,Temperate Northern Atlantic,0.013904911008569545,0.0022570591369277084,0.0022570591369277084,0.013809124646064644,0.002254515805201756,0.002254515805201756
witman_gom,Murray Rock,4,43.071741,-70.608241,0.25,1997-06-01,10,10,10,NA,0.5,0.5,NA,0,16,16,0,2,0.5,stipe_density,"c(-70.608241, 43.071741)",Gulf of Maine/Bay of Fundy,Cold Temperate Northwest Atlantic,Temperate Northern Atlantic,0.012359920896506263,0.002006274788380185,0.002006274788380185,0.012284160695504453,0.0020042649069176833,0.0020042649069176833
witman_gom,Murray Rock,5,43.071741,-70.608241,0.25,1998-06-01,10,10,10,NA,0.17857142857142858,0.17857142857142858,NA,0,16,16,0,2,0.17857142857142858,stipe_density,"c(-70.608241, 43.071741)",Gulf of Maine/Bay of Fundy,Cold Temperate Northwest Atlantic,Temperate Northern Atlantic,0.004414257463037951,7.165267101357805e-4,7.165267101357805e-4,0.004404543205560612,7.162701274309792e-4,7.162701274309792e-4
witman_gom,Star Island,1,42.975744,-70.616525,0.25,1979-07-01,10,10,10,NA,21.87,21.87,NA,0,16,16,0,2,21.87,stipe_density,"c(-70.616525, 42.975744)",Gulf of Maine/Bay of Fundy,Cold Temperate Northwest Atlantic,Temperate Northern Atlantic,0.5406229400131839,0.0877544592437493,0.0877544592437493,0.432186841136906,0.0841154421218554,0.0841154421218554
witman_gom,Star Island,2,42.975744,-70.616525,0.25,1996-07-01,10,10,10,NA,0,0,NA,0,16,16,0,2,0,stipe_density,"c(-70.616525, 42.975744)",Gulf of Maine/Bay of Fundy,Cold Temperate Northwest Atlantic,Temperate Northern Atlantic,0,0,0,0,0,0
witman_gom,Star Island,3,42.975744,-70.616525,0.25,1997-06-01,10,10,10,NA,0.41666666666666663,0.41666666666666663,NA,0,16,16,0,2,0.41666666666666663,stipe_density,"c(-70.616525, 42.975744)",Gulf of Maine/Bay of Fundy,Cold Temperate Northwest Atlantic,Temperate Northern Atlantic,0.010299934080421885,0.0016718956569834874,0.0016718956569834874,0.010247251204018894,0.0016704995952692685,0.0016704995952692685
witman_gom,Star Island,4,42.975744,-70.616525,0.25,1998-06-01,10,10,10,NA,0.10000000000000002,0.10000000000000002,NA,0,16,16,0,2,0.10000000000000002,stipe_density,"c(-70.616525, 42.975744)",Gulf of Maine/Bay of Fundy,Cold Temperate Northwest Atlantic,Temperate Northern Atlantic,0.002471984179301253,4.0125495767603714e-4,4.0125495767603714e-4,0.0024689338522825024,4.011744764337049e-4,4.011744764337049e-4
witman_gom,Star Island,5,42.975744,-70.616525,0.25,2014-05-26,10,10,10,NA,0.9655172413793103,0.9655172413793103,NA,0,16,16,0,2,0.9655172413793103,stipe_density,"c(-70.616525, 42.975744)",Gulf of Maine/Bay of Fundy,Cold Temperate Northwest Atlantic,Temperate Northern Atlantic,0.023867433455322436,0.0038741857982513917,0.0038741857982513917,0.023587058720422823,0.003866700467264914,0.003866700467264914
