study,site,period,latitude,longitude,sample_unit_size_sq_m,sasdate,max_depth,mean_depth,min_depth,biomass_kg_wet_per_sq_m,stipe_density_num_per_sq_m,individual_density_num_per_sq_m,percent_cover,has_bm,has_sd,has_id,has_pc,use_which,focalKelp,focalUnit,geometry,ecoregion,province,realm,focal_std_by_ecoregion,focal_std_by_province,focal_std_by_realm,focal_std_by_all,ln_focal_std_by_ecoregion,ln_focal_std_by_province,ln_focal_std_by_realm,ln_focal_std_by_all,date,year,year_f,year_c,trajectory,n_per_trajectory
dmr_rasher_steneck,10_1_23,1,44.29333,-68.43279,1,2008-06-02,10,10,10,NA,NA,NA,37.5,0,0,0,730,4,37.5,percent_cover,"c(-68.43279, 44.29333)",Gulf of Maine/Bay of Fundy,Cold Temperate Northwest Atlantic,Temperate Northern Atlantic,0.375,0.337186897883427,0.337186897883427,0.337186897883427,-0.9545119446943529,-1.0578920334188489,-1.0578920334188489,-1.0578920334188489,2008-06-02,2008,2008,0.23604309500478848,dmr_rasher_steneck 10_1_23,3
dmr_rasher_steneck,10_1_23,2,44.29782,-68.43277,1,2011-06-01,10,10,10,NA,NA,NA,1.5,0,0,0,730,4,1.5,percent_cover,"c(-68.43277, 44.29782)",Gulf of Maine/Bay of Fundy,Cold Temperate Northwest Atlantic,Temperate Northern Atlantic,0.015,0.01348747591533708,0.01348747591533708,0.01348747591533708,-3.6888794541139363,-3.751287939667791,-3.751287939667791,-3.751287939667791,2011-06-01,2011,2011,3.2360430950047885,dmr_rasher_steneck 10_1_23,3
dmr_rasher_steneck,10_1_23,3,44.2933,-68.4275,1,2014-05-26,10,10,10,NA,NA,NA,1,0,0,0,730,4,1,percent_cover,"c(-68.4275, 44.2933)",Gulf of Maine/Bay of Fundy,Cold Temperate Northwest Atlantic,Temperate Northern Atlantic,0.01,0.00899165061022472,0.00899165061022472,0.00899165061022472,-3.912023005428146,-3.963755837965558,-3.963755837965558,-3.963755837965558,2014-05-26,2014,2014,6.2360430950047885,dmr_rasher_steneck 10_1_23,3
dmr_rasher_steneck,10_1_27,1,44.32727,-68.31394,1,2009-05-26,10,10,10,NA,NA,NA,0,0,0,0,730,4,0,percent_cover,"c(-68.31394, 44.32727)",Gulf of Maine/Bay of Fundy,Cold Temperate Northwest Atlantic,Temperate Northern Atlantic,0,0,0,0,-4.605170185988091,-4.605170185988091,-4.605170185988091,-4.605170185988091,2009-05-26,2009,2009,1.2360430950047885,dmr_rasher_steneck 10_1_27,3
dmr_rasher_steneck,10_1_27,2,44.333,-68.306004,1,2010-05-21,10,10,10,NA,NA,NA,0,0,0,0,730,4,0,percent_cover,"c(-68.306004, 44.333)",Gulf of Maine/Bay of Fundy,Cold Temperate Northwest Atlantic,Temperate Northern Atlantic,0,0,0,0,-4.605170185988091,-4.605170185988091,-4.605170185988091,-4.605170185988091,2010-05-21,2010,2010,2.2360430950047885,dmr_rasher_steneck 10_1_27,3
dmr_rasher_steneck,10_1_27,3,44.333,-68.306,1,2014-05-27,10,10,10,NA,NA,NA,0,0,0,0,730,4,0,percent_cover,"c(-68.306, 44.333)",Gulf of Maine/Bay of Fundy,Cold Temperate Northwest Atlantic,Temperate Northern Atlantic,0,0,0,0,-4.605170185988091,-4.605170185988091,-4.605170185988091,-4.605170185988091,2014-05-27,2014,2014,6.2360430950047885,dmr_rasher_steneck 10_1_27,3
dmr_rasher_steneck,10_2_102,1,43.9116,-69.3146,1,2006-05-16,10,10,10,NA,NA,NA,65.5,0,0,0,730,4,65.5,percent_cover,"c(-69.3146, 43.9116)",Gulf of Maine/Bay of Fundy,Cold Temperate Northwest Atlantic,Temperate Northern Atlantic,0.655,0.5889531149697191,0.5889531149697191,0.5889531149697191,-0.4079682383262829,-0.5125719561008666,-0.5125719561008666,-0.5125719561008666,2006-05-16,2006,2006,-1.7639569049952115,dmr_rasher_steneck 10_2_102,4
dmr_rasher_steneck,10_2_102,2,43.91941,-69.30907,1,2011-05-11,10,10,10,NA,NA,NA,37.5,0,0,0,730,4,37.5,percent_cover,"c(-69.30907, 43.91941)",Gulf of Maine/Bay of Fundy,Cold Temperate Northwest Atlantic,Temperate Northern Atlantic,0.375,0.337186897883427,0.337186897883427,0.337186897883427,-0.9545119446943529,-1.0578920334188489,-1.0578920334188489,-1.0578920334188489,2011-05-11,2011,2011,3.2360430950047885,dmr_rasher_steneck 10_2_102,4
dmr_rasher_steneck,10_2_102,3,43.9194,-69.3091,1,2014-05-08,10,10,10,NA,NA,NA,52.5,0,0,0,730,4,52.5,percent_cover,"c(-69.3091, 43.9194)",Gulf of Maine/Bay of Fundy,Cold Temperate Northwest Atlantic,Temperate Northern Atlantic,0.525,0.47206165703679775,0.47206165703679775,0.47206165703679775,-0.6254885320861304,-0.7296832539490145,-0.7296832539490145,-0.7296832539490145,2014-05-08,2014,2014,6.2360430950047885,dmr_rasher_steneck 10_2_102,4
dmr_rasher_steneck,10_2_102,4,43.9196,-69.3146,1,2018-05-10,10,10,10,NA,NA,NA,13.5,0,0,0,730,4,13.5,percent_cover,"c(-69.3146, 43.9196)",Gulf of Maine/Bay of Fundy,Cold Temperate Northwest Atlantic,Temperate Northern Atlantic,0.135,0.12138728323803372,0.12138728323803372,0.12138728323803372,-1.9310215365615626,-2.0296059566254154,-2.0296059566254154,-2.0296059566254154,2018-05-10,2018,2018,10.236043095004788,dmr_rasher_steneck 10_2_102,4
dmr_rasher_steneck,10_2_114,1,44.5513,-67.5636,1,2006-06-30,10,10,10,NA,NA,NA,7,0,0,0,730,4,7,percent_cover,"c(-67.5636, 44.5513)",Gulf of Maine/Bay of Fundy,Cold Temperate Northwest Atlantic,Temperate Northern Atlantic,0.07,0.06294155427157304,0.06294155427157304,0.06294155427157304,-2.5257286443082556,-2.618096784923054,-2.618096784923054,-2.618096784923054,2006-06-30,2006,2006,-1.7639569049952115,dmr_rasher_steneck 10_2_114,4
dmr_rasher_steneck,10_2_114,2,44.54756,-67.56276,1,2009-06-10,10,10,10,NA,NA,NA,1.5,0,0,0,730,4,1.5,percent_cover,"c(-67.56276, 44.54756)",Gulf of Maine/Bay of Fundy,Cold Temperate Northwest Atlantic,Temperate Northern Atlantic,0.015,0.01348747591533708,0.01348747591533708,0.01348747591533708,-3.6888794541139363,-3.751287939667791,-3.751287939667791,-3.751287939667791,2009-06-10,2009,2009,1.2360430950047885,dmr_rasher_steneck 10_2_114,4
dmr_rasher_steneck,10_2_114,3,44.54572,-67.5553,1,2012-06-12,10,10,10,NA,NA,NA,3.5,0,0,0,730,4,3.5,percent_cover,"c(-67.5553, 44.54572)",Gulf of Maine/Bay of Fundy,Cold Temperate Northwest Atlantic,Temperate Northern Atlantic,0.035,0.03147077713578652,0.03147077713578652,0.03147077713578652,-3.101092789211817,-3.182766265189124,-3.182766265189124,-3.182766265189124,2012-06-12,2012,2012,4.2360430950047885,dmr_rasher_steneck 10_2_114,4
dmr_rasher_steneck,10_2_114,4,44.5457,-67.5554,1,2014-06-10,10,10,10,NA,NA,NA,14,0,0,0,730,4,14,percent_cover,"c(-67.5554, 44.5457)",Gulf of Maine/Bay of Fundy,Cold Temperate Northwest Atlantic,Temperate Northern Atlantic,0.14,0.12588310854314608,0.12588310854314608,0.12588310854314608,-1.897119984885881,-1.995960258830839,-1.995960258830839,-1.995960258830839,2014-06-10,2014,2014,6.2360430950047885,dmr_rasher_steneck 10_2_114,4
dmr_rasher_steneck,10_2_115,1,44.6472,-67.3317,1,2006-07-01,10,10,10,NA,NA,NA,2.5,0,0,0,730,4,2.5,percent_cover,"c(-67.3317, 44.6472)",Gulf of Maine/Bay of Fundy,Cold Temperate Northwest Atlantic,Temperate Northern Atlantic,0.025,0.022479126525561798,0.022479126525561798,0.022479126525561798,-3.3524072174927233,-3.42715765673618,-3.42715765673618,-3.42715765673618,2006-07-01,2006,2006,-1.7639569049952115,dmr_rasher_steneck 10_2_115,4
dmr_rasher_steneck,10_2_115,2,44.651207,-67.327633,1,2010-06-10,10,10,10,NA,NA,NA,11.5,0,0,0,730,4,11.5,percent_cover,"c(-67.327633, 44.651207)",Gulf of Maine/Bay of Fundy,Cold Temperate Northwest Atlantic,Temperate Northern Atlantic,0.115,0.10340398201758427,0.10340398201758427,0.10340398201758427,-2.0794415416798357,-2.176798773511483,-2.176798773511483,-2.176798773511483,2010-06-10,2010,2010,2.2360430950047885,dmr_rasher_steneck 10_2_115,4
dmr_rasher_steneck,10_2_115,3,44.65176,-67.3328,1,2012-06-20,10,10,10,NA,NA,NA,2,0,0,0,730,4,2,percent_cover,"c(-67.3328, 44.65176)",Gulf of Maine/Bay of Fundy,Cold Temperate Northwest Atlantic,Temperate Northern Atlantic,0.02,0.01798330122044944,0.01798330122044944,0.01798330122044944,-3.506557897319982,-3.5761473316991443,-3.5761473316991443,-3.5761473316991443,2012-06-20,2012,2012,4.2360430950047885,dmr_rasher_steneck 10_2_115,4
dmr_rasher_steneck,10_2_115,4,44.6509,-67.3277,1,2018-05-21,10,10,10,NA,NA,NA,15,0,0,0,730,4,15,percent_cover,"c(-67.3277, 44.6509)",Gulf of Maine/Bay of Fundy,Cold Temperate Northwest Atlantic,Temperate Northern Atlantic,0.15,0.1348747591533708,0.1348747591533708,0.1348747591533708,-1.8325814637483102,-1.9318856397679807,-1.9318856397679807,-1.9318856397679807,2018-05-21,2018,2018,10.236043095004788,dmr_rasher_steneck 10_2_115,4
dmr_rasher_steneck,10_2_133,1,44.5841,-67.358,1,2007-06-27,10,10,10,NA,NA,NA,6.5,0,0,0,730,4,6.5,percent_cover,"c(-67.358, 44.5841)",Gulf of Maine/Bay of Fundy,Cold Temperate Northwest Atlantic,Temperate Northern Atlantic,0.065,0.05844572896646068,0.05844572896646068,0.05844572896646068,-2.5902671654458267,-2.681714125593821,-2.681714125593821,-2.681714125593821,2007-06-27,2007,2007,-0.7639569049952115,dmr_rasher_steneck 10_2_133,3
dmr_rasher_steneck,10_2_133,2,44.58406,-67.358,1,2013-06-10,10,10,10,NA,NA,NA,8,0,0,0,730,4,8,percent_cover,"c(-67.358, 44.58406)",Gulf of Maine/Bay of Fundy,Cold Temperate Northwest Atlantic,Temperate Northern Atlantic,0.08,0.07193320488179776,0.07193320488179776,0.07193320488179776,-2.4079456086518722,-2.5018509382762812,-2.5018509382762812,-2.5018509382762812,2013-06-10,2013,2013,5.2360430950047885,dmr_rasher_steneck 10_2_133,3
dmr_rasher_steneck,10_2_133,3,44.5852,-67.3524,1,2017-06-15,10,10,10,NA,NA,NA,0,0,0,0,730,4,0,percent_cover,"c(-67.3524, 44.5852)",Gulf of Maine/Bay of Fundy,Cold Temperate Northwest Atlantic,Temperate Northern Atlantic,0,0,0,0,-4.605170185988091,-4.605170185988091,-4.605170185988091,-4.605170185988091,2017-06-15,2017,2017,9.236043095004788,dmr_rasher_steneck 10_2_133,3
dmr_rasher_steneck,10_2_134,1,44.6147,-67.273,1,2007-06-27,10,10,10,NA,NA,NA,29,0,0,0,730,4,29,percent_cover,"c(-67.273, 44.6147)",Gulf of Maine/Bay of Fundy,Cold Temperate Northwest Atlantic,Temperate Northern Atlantic,0.29,0.2607578676965169,0.2607578676965169,0.2607578676965169,-1.2039728043259361,-1.3065303346256694,-1.3065303346256694,-1.3065303346256694,2007-06-27,2007,2007,-0.7639569049952115,dmr_rasher_steneck 10_2_134,3
dmr_rasher_steneck,10_2_134,2,44.60883,-67.2639,1,2013-06-14,10,10,10,NA,NA,NA,10,0,0,0,730,4,10,percent_cover,"c(-67.2639, 44.60883)",Gulf of Maine/Bay of Fundy,Cold Temperate Northwest Atlantic,Temperate Northern Atlantic,0.1,0.08991650610224719,0.08991650610224719,0.08991650610224719,-2.2072749131897207,-2.3034203807272617,-2.3034203807272617,-2.3034203807272617,2013-06-14,2013,2013,5.2360430950047885,dmr_rasher_steneck 10_2_134,3
dmr_rasher_steneck,10_2_134,3,44.6089,-67.2639,1,2016-06-18,10,10,10,NA,NA,NA,35,0,0,0,730,4,35,percent_cover,"c(-67.2639, 44.6089)",Gulf of Maine/Bay of Fundy,Cold Temperate Northwest Atlantic,Temperate Northern Atlantic,0.35,0.31470777135786515,0.31470777135786515,0.31470777135786515,-1.0216512475319814,-1.124829666196506,-1.124829666196506,-1.124829666196506,2016-06-18,2016,2016,8.236043095004788,dmr_rasher_steneck 10_2_134,3
dmr_rasher_steneck,10_2_144,1,44.20083,-68.95551,1,2008-05-20,10,10,10,NA,NA,NA,0,0,0,0,730,4,0,percent_cover,"c(-68.95551, 44.20083)",Gulf of Maine/Bay of Fundy,Cold Temperate Northwest Atlantic,Temperate Northern Atlantic,0,0,0,0,-4.605170185988091,-4.605170185988091,-4.605170185988091,-4.605170185988091,2008-05-20,2008,2008,0.23604309500478848,dmr_rasher_steneck 10_2_144,3
dmr_rasher_steneck,10_2_144,2,44.20533,-68.95215,1,2011-05-26,10,10,10,NA,NA,NA,14,0,0,0,730,4,14,percent_cover,"c(-68.95215, 44.20533)",Gulf of Maine/Bay of Fundy,Cold Temperate Northwest Atlantic,Temperate Northern Atlantic,0.14,0.12588310854314608,0.12588310854314608,0.12588310854314608,-1.897119984885881,-1.995960258830839,-1.995960258830839,-1.995960258830839,2011-05-26,2011,2011,3.2360430950047885,dmr_rasher_steneck 10_2_144,3
dmr_rasher_steneck,10_2_144,3,44.2015,-68.9553,1,2015-05-14,10,10,10,NA,NA,NA,2.5,0,0,0,730,4,2.5,percent_cover,"c(-68.9553, 44.2015)",Gulf of Maine/Bay of Fundy,Cold Temperate Northwest Atlantic,Temperate Northern Atlantic,0.025,0.022479126525561798,0.022479126525561798,0.022479126525561798,-3.3524072174927233,-3.42715765673618,-3.42715765673618,-3.42715765673618,2015-05-14,2015,2015,7.2360430950047885,dmr_rasher_steneck 10_2_144,3
dmr_rasher_steneck,10_2_15,1,43.91571,-69.37804,1,2001-06-07,10,10,10,NA,NA,NA,22.8,0,0,0,730,4,22.8,percent_cover,"c(-69.37804, 43.91571)",Gulf of Maine/Bay of Fundy,Cold Temperate Northwest Atlantic,Temperate Northern Atlantic,0.228,0.2050096339131236,0.2050096339131236,0.2050096339131236,-1.4354846053106622,-1.5370724429601137,-1.5370724429601137,-1.5370724429601137,2001-06-07,2001,2001,-6.7639569049952115,dmr_rasher_steneck 10_2_15,4
dmr_rasher_steneck,10_2_15,2,43.91136,-69.3828,1,2012-05-04,10,10,10,NA,NA,NA,1,0,0,0,730,4,1,percent_cover,"c(-69.3828, 43.91136)",Gulf of Maine/Bay of Fundy,Cold Temperate Northwest Atlantic,Temperate Northern Atlantic,0.01,0.00899165061022472,0.00899165061022472,0.00899165061022472,-3.912023005428146,-3.963755837965558,-3.963755837965558,-3.963755837965558,2012-05-04,2012,2012,4.2360430950047885,dmr_rasher_steneck 10_2_15,4
dmr_rasher_steneck,10_2_15,3,43.9159,-69.378,1,2014-05-08,10,10,10,NA,NA,NA,55,0,0,0,730,4,55,percent_cover,"c(-69.378, 43.9159)",Gulf of Maine/Bay of Fundy,Cold Temperate Northwest Atlantic,Temperate Northern Atlantic,0.55,0.4945407835623596,0.4945407835623596,0.4945407835623596,-0.579818495252942,-0.6841066028872136,-0.6841066028872136,-0.6841066028872136,2014-05-08,2014,2014,6.2360430950047885,dmr_rasher_steneck 10_2_15,4
dmr_rasher_steneck,10_2_15,4,43.9147,-69.381,1,2016-05-13,10,10,10,NA,NA,NA,64.5,0,0,0,730,4,64.5,percent_cover,"c(-69.381, 43.9147)",Gulf of Maine/Bay of Fundy,Cold Temperate Northwest Atlantic,Temperate Northern Atlantic,0.645,0.5799614643594944,0.5799614643594944,0.5799614643594944,-0.4231200433468851,-0.527698058860391,-0.527698058860391,-0.527698058860391,2016-05-13,2016,2016,8.236043095004788,dmr_rasher_steneck 10_2_15,4
dmr_rasher_steneck,10_2_159,1,44.48321,-67.55694,1,2008-06-12,10,10,10,NA,NA,NA,69,0,0,0,730,4,69,percent_cover,"c(-67.55694, 44.48321)",Gulf of Maine/Bay of Fundy,Cold Temperate Northwest Atlantic,Temperate Northern Atlantic,0.69,0.6204238921055056,0.6204238921055056,0.6204238921055056,-0.35667494393873245,-0.46136284124309535,-0.46136284124309535,-0.46136284124309535,2008-06-12,2008,2008,0.23604309500478848,dmr_rasher_steneck 10_2_159,3
dmr_rasher_steneck,10_2_159,2,44.490294,-67.556755,1,2010-06-08,10,10,10,NA,NA,NA,96.5,0,0,0,730,4,96.5,percent_cover,"c(-67.556755, 44.490294)",Gulf of Maine/Bay of Fundy,Cold Temperate Northwest Atlantic,Temperate Northern Atlantic,0.965,0.8676942838866855,0.8676942838866855,0.8676942838866855,-0.025317807984289897,-0.13045694201016517,-0.13045694201016517,-0.13045694201016517,2010-06-08,2010,2010,2.2360430950047885,dmr_rasher_steneck 10_2_159,3
dmr_rasher_steneck,10_2_159,3,44.48813,-67.56432,1,2011-06-09,10,10,10,NA,NA,NA,8.5,0,0,0,730,4,8.5,percent_cover,"c(-67.56432, 44.48813)",Gulf of Maine/Bay of Fundy,Cold Temperate Northwest Atlantic,Temperate Northern Atlantic,0.085,0.07642903018691011,0.07642903018691011,0.07642903018691011,-2.353878387381596,-2.448431662072976,-2.448431662072976,-2.448431662072976,2011-06-09,2011,2011,3.2360430950047885,dmr_rasher_steneck 10_2_159,3
dmr_rasher_steneck,10_2_171,1,44.02038,-69.07162,1,2009-05-12,10,10,10,NA,NA,NA,75,0,0,0,730,4,75,percent_cover,"c(-69.07162, 44.02038)",Gulf of Maine/Bay of Fundy,Cold Temperate Northwest Atlantic,Temperate Northern Atlantic,0.75,0.674373795766854,0.674373795766854,0.674373795766854,-0.2744368457017603,-0.3792510255888959,-0.3792510255888959,-0.3792510255888959,2009-05-12,2009,2009,1.2360430950047885,dmr_rasher_steneck 10_2_171,3
dmr_rasher_steneck,10_2_171,2,44.0234,-69.0716,1,2014-05-12,10,10,10,NA,NA,NA,19,0,0,0,730,4,19,percent_cover,"c(-69.0716, 44.0234)",Gulf of Maine/Bay of Fundy,Cold Temperate Northwest Atlantic,Temperate Northern Atlantic,0.19,0.17084136159426966,0.17084136159426966,0.17084136159426966,-1.6094379124341003,-1.7101350873080896,-1.7101350873080896,-1.7101350873080896,2014-05-12,2014,2014,6.2360430950047885,dmr_rasher_steneck 10_2_171,3
dmr_rasher_steneck,10_2_171,3,44.02,-69.0657,1,2015-05-12,10,10,10,NA,NA,NA,35.5,0,0,0,730,4,35.5,percent_cover,"c(-69.0657, 44.02)",Gulf of Maine/Bay of Fundy,Cold Temperate Northwest Atlantic,Temperate Northern Atlantic,0.355,0.31920359666297754,0.31920359666297754,0.31920359666297754,-1.0078579253996456,-1.11107888477421,-1.11107888477421,-1.11107888477421,2015-05-12,2015,2015,7.2360430950047885,dmr_rasher_steneck 10_2_171,3
dmr_rasher_steneck,10_2_18,1,44.07907,-69.04713,1,2001-06-19,10,10,10,NA,NA,NA,7.9,0,0,0,730,4,7.9,percent_cover,"c(-69.04713, 44.07907)",Gulf of Maine/Bay of Fundy,Cold Temperate Northwest Atlantic,Temperate Northern Atlantic,0.079,0.07103403982077529,0.07103403982077529,0.07103403982077529,-2.419118909249997,-2.5128859678868416,-2.5128859678868416,-2.5128859678868416,2001-06-19,2001,2001,-6.7639569049952115,dmr_rasher_steneck 10_2_18,3
dmr_rasher_steneck,10_2_18,2,44.079,-69.0521,1,2014-05-12,10,10,10,NA,NA,NA,4.5,0,0,0,730,4,4.5,percent_cover,"c(-69.0521, 44.079)",Gulf of Maine/Bay of Fundy,Cold Temperate Northwest Atlantic,Temperate Northern Atlantic,0.045,0.040462427746011234,0.040462427746011234,0.040462427746011234,-2.900422093749666,-2.9865262246394018,-2.9865262246394018,-2.9865262246394018,2014-05-12,2014,2014,6.2360430950047885,dmr_rasher_steneck 10_2_18,3
dmr_rasher_steneck,10_2_18,3,44.0791,-69.0471,1,2018-05-11,10,10,10,NA,NA,NA,0,0,0,0,730,4,0,percent_cover,"c(-69.0471, 44.0791)",Gulf of Maine/Bay of Fundy,Cold Temperate Northwest Atlantic,Temperate Northern Atlantic,0,0,0,0,-4.605170185988091,-4.605170185988091,-4.605170185988091,-4.605170185988091,2018-05-11,2018,2018,10.236043095004788,dmr_rasher_steneck 10_2_18,3
dmr_rasher_steneck,10_2_182,1,44.39943,-68.14297,1,2009-06-05,10,10,10,NA,NA,NA,56.5,0,0,0,730,4,56.5,percent_cover,"c(-68.14297, 44.39943)",Gulf of Maine/Bay of Fundy,Cold Temperate Northwest Atlantic,Temperate Northern Atlantic,0.565,0.5080282594776966,0.5080282594776966,0.5080282594776966,-0.5533852381847867,-0.6577254832344743,-0.6577254832344743,-0.6577254832344743,2009-06-05,2009,2009,1.2360430950047885,dmr_rasher_steneck 10_2_182,4
dmr_rasher_steneck,10_2_182,2,44.40024,-68.13937,1,2011-06-02,10,10,10,NA,NA,NA,12.5,0,0,0,730,4,12.5,percent_cover,"c(-68.13937, 44.40024)",Gulf of Maine/Bay of Fundy,Cold Temperate Northwest Atlantic,Temperate Northern Atlantic,0.125,0.112395632627809,0.112395632627809,0.112395632627809,-2.0024805005437076,-2.10049659068585,-2.10049659068585,-2.10049659068585,2011-06-02,2011,2011,3.2360430950047885,dmr_rasher_steneck 10_2_182,4
dmr_rasher_steneck,10_2_182,3,44.4002,-68.1394,1,2014-06-06,10,10,10,NA,NA,NA,67.5,0,0,0,730,4,67.5,percent_cover,"c(-68.1394, 44.4002)",Gulf of Maine/Bay of Fundy,Cold Temperate Northwest Atlantic,Temperate Northern Atlantic,0.675,0.6069364161901686,0.6069364161901686,0.6069364161901686,-0.3783364407199117,-0.4829893135634807,-0.4829893135634807,-0.4829893135634807,2014-06-06,2014,2014,6.2360430950047885,dmr_rasher_steneck 10_2_182,4
dmr_rasher_steneck,10_2_182,4,44.3954,-68.1443,1,2018-05-15,10,10,10,NA,NA,NA,7,0,0,0,730,4,7,percent_cover,"c(-68.1443, 44.3954)",Gulf of Maine/Bay of Fundy,Cold Temperate Northwest Atlantic,Temperate Northern Atlantic,0.07,0.06294155427157304,0.06294155427157304,0.06294155427157304,-2.5257286443082556,-2.618096784923054,-2.618096784923054,-2.618096784923054,2018-05-15,2018,2018,10.236043095004788,dmr_rasher_steneck 10_2_182,4
dmr_rasher_steneck,10_2_185,1,44.50124,-67.63622,1,2009-06-10,10,10,10,NA,NA,NA,7,0,0,0,730,4,7,percent_cover,"c(-67.63622, 44.50124)",Gulf of Maine/Bay of Fundy,Cold Temperate Northwest Atlantic,Temperate Northern Atlantic,0.07,0.06294155427157304,0.06294155427157304,0.06294155427157304,-2.5257286443082556,-2.618096784923054,-2.618096784923054,-2.618096784923054,2009-06-10,2009,2009,1.2360430950047885,dmr_rasher_steneck 10_2_185,3
dmr_rasher_steneck,10_2_185,2,44.494688,-67.631863,1,2010-06-08,10,10,10,NA,NA,NA,22,0,0,0,730,4,22,percent_cover,"c(-67.631863, 44.494688)",Gulf of Maine/Bay of Fundy,Cold Temperate Northwest Atlantic,Temperate Northern Atlantic,0.22,0.19781631342494382,0.19781631342494382,0.19781631342494382,-1.4696759700589417,-1.5711006979848097,-1.5711006979848097,-1.5711006979848097,2010-06-08,2010,2010,2.2360430950047885,dmr_rasher_steneck 10_2_185,3
dmr_rasher_steneck,10_2_185,3,44.5012,-67.6361,1,2017-06-13,10,10,10,NA,NA,NA,4.5,0,0,0,730,4,4.5,percent_cover,"c(-67.6361, 44.5012)",Gulf of Maine/Bay of Fundy,Cold Temperate Northwest Atlantic,Temperate Northern Atlantic,0.045,0.040462427746011234,0.040462427746011234,0.040462427746011234,-2.900422093749666,-2.9865262246394018,-2.9865262246394018,-2.9865262246394018,2017-06-13,2017,2017,9.236043095004788,dmr_rasher_steneck 10_2_185,3
dmr_rasher_steneck,10_2_2,1,43.76509,-69.96087,1,2001-06-15,10,10,10,NA,NA,NA,44.7,0,0,0,730,4,44.7,percent_cover,"c(-69.96087, 43.76509)",Gulf of Maine/Bay of Fundy,Cold Temperate Northwest Atlantic,Temperate Northern Atlantic,0.447,0.401926782277045,0.401926782277045,0.401926782277045,-0.7830718880879323,-0.8869096583452164,-0.8869096583452164,-0.8869096583452164,2001-06-15,2001,2001,-6.7639569049952115,dmr_rasher_steneck 10_2_2,3
dmr_rasher_steneck,10_2_2,2,43.76074,-69.95305,1,2009-05-05,10,10,10,NA,NA,NA,65,0,0,0,730,4,65,percent_cover,"c(-69.95305, 43.76074)",Gulf of Maine/Bay of Fundy,Cold Temperate Northwest Atlantic,Temperate Northern Atlantic,0.65,0.5844572896646067,0.5844572896646067,0.5844572896646067,-0.4155154439616658,-0.5201064078801891,-0.5201064078801891,-0.5201064078801891,2009-05-05,2009,2009,1.2360430950047885,dmr_rasher_steneck 10_2_2,3
dmr_rasher_steneck,10_2_2,3,43.7651,-69.9514,1,2014-05-06,10,10,10,NA,NA,NA,44.5,0,0,0,730,4,44.5,percent_cover,"c(-69.9514, 43.7651)",Gulf of Maine/Bay of Fundy,Cold Temperate Northwest Atlantic,Temperate Northern Atlantic,0.445,0.400128452155,0.400128452155,0.400128452155,-0.7874578600311866,-0.8912848704123103,-0.8912848704123103,-0.8912848704123103,2014-05-06,2014,2014,6.2360430950047885,dmr_rasher_steneck 10_2_2,3
dmr_rasher_steneck,10_2_211,1,43.93412,-69.30068,1,2011-05-11,10,10,10,NA,NA,NA,38.5,0,0,0,730,4,38.5,percent_cover,"c(-69.30068, 43.93412)",Gulf of Maine/Bay of Fundy,Cold Temperate Northwest Atlantic,Temperate Northern Atlantic,0.385,0.3461785484936517,0.3461785484936517,0.3461785484936517,-0.9288695140810151,-1.0323231331471077,-1.0323231331471077,-1.0323231331471077,2011-05-11,2011,2011,3.2360430950047885,dmr_rasher_steneck 10_2_211,3
dmr_rasher_steneck,10_2_211,2,43.93324,-69.2937,1,2012-05-04,10,10,10,NA,NA,NA,13,0,0,0,730,4,13,percent_cover,"c(-69.2937, 43.93324)",Gulf of Maine/Bay of Fundy,Cold Temperate Northwest Atlantic,Temperate Northern Atlantic,0.13,0.11689145793292136,0.11689145793292136,0.11689145793292136,-1.9661128563728327,-2.064423219900796,-2.064423219900796,-2.064423219900796,2012-05-04,2012,2012,4.2360430950047885,dmr_rasher_steneck 10_2_211,3
dmr_rasher_steneck,10_2_211,3,43.934,-69.3008,1,2016-05-13,10,10,10,NA,NA,NA,22.5,0,0,0,730,4,22.5,percent_cover,"c(-69.3008, 43.934)",Gulf of Maine/Bay of Fundy,Cold Temperate Northwest Atlantic,Temperate Northern Atlantic,0.225,0.20231213873005618,0.20231213873005618,0.20231213873005618,-1.448169764837978,-1.549697734658043,-1.549697734658043,-1.549697734658043,2016-05-13,2016,2016,8.236043095004788,dmr_rasher_steneck 10_2_211,3
dmr_rasher_steneck,10_2_232,1,44.57796,-67.4977,1,2012-06-20,10,10,10,NA,NA,NA,24.5,0,0,0,730,4,24.5,percent_cover,"c(-67.4977, 44.57796)",Gulf of Maine/Bay of Fundy,Cold Temperate Northwest Atlantic,Temperate Northern Atlantic,0.245,0.22029543995050563,0.22029543995050563,0.22029543995050563,-1.3664917338237108,-1.4683922728269718,-1.4683922728269718,-1.4683922728269718,2012-06-20,2012,2012,4.2360430950047885,dmr_rasher_steneck 10_2_232,3
dmr_rasher_steneck,10_2_232,2,44.5772,-67.502,1,2016-06-05,10,10,10,NA,NA,NA,26.5,0,0,0,730,4,26.5,percent_cover,"c(-67.502, 44.5772)",Gulf of Maine/Bay of Fundy,Cold Temperate Northwest Atlantic,Temperate Northern Atlantic,0.265,0.23827874117095507,0.23827874117095507,0.23827874117095507,-1.2909841813155656,-1.3932032076486884,-1.3932032076486884,-1.3932032076486884,2016-06-05,2016,2016,8.236043095004788,dmr_rasher_steneck 10_2_232,3
dmr_rasher_steneck,10_2_232,3,44.5777,-67.4972,1,2017-06-15,10,10,10,NA,NA,NA,29.5,0,0,0,730,4,29.5,percent_cover,"c(-67.4972, 44.5777)",Gulf of Maine/Bay of Fundy,Cold Temperate Northwest Atlantic,Temperate Northern Atlantic,0.295,0.2652536930016292,0.2652536930016292,0.2652536930016292,-1.1874435023747254,-1.2900620865697014,-1.2900620865697014,-1.2900620865697014,2017-06-15,2017,2017,9.236043095004788,dmr_rasher_steneck 10_2_232,3
dmr_rasher_steneck,10_2_27,1,44.16329,-68.49663,1,2001-07-03,10,10,10,NA,NA,NA,36,0,0,0,730,4,36,percent_cover,"c(-68.49663, 44.16329)",Gulf of Maine/Bay of Fundy,Cold Temperate Northwest Atlantic,Temperate Northern Atlantic,0.36,0.3236994219680899,0.3236994219680899,0.3236994219680899,-0.9942522733438669,-1.09751462541663,-1.09751462541663,-1.09751462541663,2001-07-03,2001,2001,-6.7639569049952115,dmr_rasher_steneck 10_2_27,3
dmr_rasher_steneck,10_2_27,2,44.16321,-68.49657,1,2003-06-09,10,10,10,NA,NA,NA,36.5,0,0,0,730,4,36.5,percent_cover,"c(-68.49657, 44.16321)",Gulf of Maine/Bay of Fundy,Cold Temperate Northwest Atlantic,Temperate Northern Atlantic,0.365,0.32819524727320226,0.32819524727320226,0.32819524727320226,-0.9808292530117262,-1.0841318956228998,-1.0841318956228998,-1.0841318956228998,2003-06-09,2003,2003,-4.7639569049952115,dmr_rasher_steneck 10_2_27,3
dmr_rasher_steneck,10_2_27,3,44.1667,-68.494,1,2014-05-26,10,10,10,NA,NA,NA,6,0,0,0,730,4,6,percent_cover,"c(-68.494, 44.1667)",Gulf of Maine/Bay of Fundy,Cold Temperate Northwest Atlantic,Temperate Northern Atlantic,0.06,0.05394990366134832,0.05394990366134832,0.05394990366134832,-2.6592600369327783,-2.749655257426781,-2.749655257426781,-2.749655257426781,2014-05-26,2014,2014,6.2360430950047885,dmr_rasher_steneck 10_2_27,3
dmr_rasher_steneck,10_2_35,1,44.46287,-68.17277,1,2001-07-13,10,10,10,NA,NA,NA,0,0,0,0,730,4,0,percent_cover,"c(-68.17277, 44.46287)",Gulf of Maine/Bay of Fundy,Cold Temperate Northwest Atlantic,Temperate Northern Atlantic,0,0,0,0,-4.605170185988091,-4.605170185988091,-4.605170185988091,-4.605170185988091,2001-07-13,2001,2001,-6.7639569049952115,dmr_rasher_steneck 10_2_35,3
dmr_rasher_steneck,10_2_35,2,44.4626,-68.1609,1,2007-06-08,10,10,10,NA,NA,NA,19,0,0,0,730,4,19,percent_cover,"c(-68.1609, 44.4626)",Gulf of Maine/Bay of Fundy,Cold Temperate Northwest Atlantic,Temperate Northern Atlantic,0.19,0.17084136159426966,0.17084136159426966,0.17084136159426966,-1.6094379124341003,-1.7101350873080896,-1.7101350873080896,-1.7101350873080896,2007-06-08,2007,2007,-0.7639569049952115,dmr_rasher_steneck 10_2_35,3
dmr_rasher_steneck,10_2_35,3,44.4623,-68.1669,1,2017-05-12,10,10,10,NA,NA,NA,64,0,0,0,730,4,64,percent_cover,"c(-68.1669, 44.4623)",Gulf of Maine/Bay of Fundy,Cold Temperate Northwest Atlantic,Temperate Northern Atlantic,0.64,0.5754656390543821,0.5754656390543821,0.5754656390543821,-0.4307829160924542,-0.5353477841662594,-0.5353477841662594,-0.5353477841662594,2017-05-12,2017,2017,9.236043095004788,dmr_rasher_steneck 10_2_35,3
dmr_rasher_steneck,10_2_43,1,43.820496,-69.61182,1,2002-05-21,10,10,10,NA,NA,NA,2.2,0,0,0,730,4,2.2,percent_cover,"c(-69.61182, 43.820496)",Gulf of Maine/Bay of Fundy,Cold Temperate Northwest Atlantic,Temperate Northern Atlantic,0.022000000000000002,0.019781631342494384,0.019781631342494384,0.019781631342494384,-3.4420193761824103,-3.5138634734249408,-3.5138634734249408,-3.5138634734249408,2002-05-21,2002,2002,-5.7639569049952115,dmr_rasher_steneck 10_2_43,3
dmr_rasher_steneck,10_2_43,2,43.8287,-69.6167,1,2006-05-13,10,10,10,NA,NA,NA,33,0,0,0,730,4,33,percent_cover,"c(-69.6167, 43.8287)",Gulf of Maine/Bay of Fundy,Cold Temperate Northwest Atlantic,Temperate Northern Atlantic,0.33,0.29672447013741576,0.29672447013741576,0.29672447013741576,-1.0788096613719298,-1.1818054257905597,-1.1818054257905597,-1.1818054257905597,2006-05-13,2006,2006,-1.7639569049952115,dmr_rasher_steneck 10_2_43,3
dmr_rasher_steneck,10_2_43,3,43.82211,-69.6188,1,2013-05-02,10,10,10,NA,NA,NA,16.5,0,0,0,730,4,16.5,percent_cover,"c(-69.6188, 43.82211)",Gulf of Maine/Bay of Fundy,Cold Temperate Northwest Atlantic,Temperate Northern Atlantic,0.165,0.14836223506870788,0.14836223506870788,0.14836223506870788,-1.7429693050586228,-1.8428702429974573,-1.8428702429974573,-1.8428702429974573,2013-05-02,2013,2013,5.2360430950047885,dmr_rasher_steneck 10_2_43,3
dmr_rasher_steneck,10_2_45,1,43.862259,-69.529659,1,2002-05-21,10,10,10,NA,NA,NA,0,0,0,0,730,4,0,percent_cover,"c(-69.529659, 43.862259)",Gulf of Maine/Bay of Fundy,Cold Temperate Northwest Atlantic,Temperate Northern Atlantic,0,0,0,0,-4.605170185988091,-4.605170185988091,-4.605170185988091,-4.605170185988091,2002-05-21,2002,2002,-5.7639569049952115,dmr_rasher_steneck 10_2_45,3
dmr_rasher_steneck,10_2_45,2,43.8698,-69.5336,1,2005-05-18,10,10,10,NA,NA,NA,38,0,0,0,730,4,38,percent_cover,"c(-69.5336, 43.8698)",Gulf of Maine/Bay of Fundy,Cold Temperate Northwest Atlantic,Temperate Northern Atlantic,0.38,0.3416827231885393,0.3416827231885393,0.3416827231885393,-0.941608539858445,-1.0450258644263548,-1.0450258644263548,-1.0450258644263548,2005-05-18,2005,2005,-2.7639569049952115,dmr_rasher_steneck 10_2_45,3
dmr_rasher_steneck,10_2_45,3,43.86489,-69.53466,1,2009-05-11,10,10,10,NA,NA,NA,21.5,0,0,0,730,4,21.5,percent_cover,"c(-69.53466, 43.86489)",Gulf of Maine/Bay of Fundy,Cold Temperate Northwest Atlantic,Temperate Northern Atlantic,0.215,0.19332048811983146,0.19332048811983146,0.19332048811983146,-1.491654876777717,-1.592971785659556,-1.592971785659556,-1.592971785659556,2009-05-11,2009,2009,1.2360430950047885,dmr_rasher_steneck 10_2_45,3
dmr_rasher_steneck,10_2_60,1,44.495928,-67.763393,1,2002-06-25,10,10,10,NA,NA,NA,0,0,0,0,730,4,0,percent_cover,"c(-67.763393, 44.495928)",Gulf of Maine/Bay of Fundy,Cold Temperate Northwest Atlantic,Temperate Northern Atlantic,0,0,0,0,-4.605170185988091,-4.605170185988091,-4.605170185988091,-4.605170185988091,2002-06-25,2002,2002,-5.7639569049952115,dmr_rasher_steneck 10_2_60,3
dmr_rasher_steneck,10_2_60,2,44.49585,-67.75206,1,2003-06-23,10,10,10,NA,NA,NA,0.5,0,0,0,730,4,0.5,percent_cover,"c(-67.75206, 44.49585)",Gulf of Maine/Bay of Fundy,Cold Temperate Northwest Atlantic,Temperate Northern Atlantic,0.005,0.00449582530511236,0.00449582530511236,0.00449582530511236,-4.199705077879927,-4.233894581001898,-4.233894581001898,-4.233894581001898,2003-06-23,2003,2003,-4.7639569049952115,dmr_rasher_steneck 10_2_60,3
dmr_rasher_steneck,10_2_60,3,44.4994,-67.7582,1,2006-06-29,10,10,10,NA,NA,NA,6,0,0,0,730,4,6,percent_cover,"c(-67.7582, 44.4994)",Gulf of Maine/Bay of Fundy,Cold Temperate Northwest Atlantic,Temperate Northern Atlantic,0.06,0.05394990366134832,0.05394990366134832,0.05394990366134832,-2.6592600369327783,-2.749655257426781,-2.749655257426781,-2.749655257426781,2006-06-29,2006,2006,-1.7639569049952115,dmr_rasher_steneck 10_2_60,3
dmr_rasher_steneck,10_2_61,1,44.486357,-67.676289,1,2002-06-25,10,10,10,NA,NA,NA,76,0,0,0,730,4,76,percent_cover,"c(-67.676289, 44.486357)",Gulf of Maine/Bay of Fundy,Cold Temperate Northwest Atlantic,Temperate Northern Atlantic,0.76,0.6833654463770786,0.6833654463770786,0.6833654463770786,-0.2613647641344075,-0.36619807913745983,-0.36619807913745983,-0.36619807913745983,2002-06-25,2002,2002,-5.7639569049952115,dmr_rasher_steneck 10_2_61,3
dmr_rasher_steneck,10_2_61,2,44.4862,-67.6638,1,2007-06-18,10,10,10,NA,NA,NA,21.5,0,0,0,730,4,21.5,percent_cover,"c(-67.6638, 44.4862)",Gulf of Maine/Bay of Fundy,Cold Temperate Northwest Atlantic,Temperate Northern Atlantic,0.215,0.19332048811983146,0.19332048811983146,0.19332048811983146,-1.491654876777717,-1.592971785659556,-1.592971785659556,-1.592971785659556,2007-06-18,2007,2007,-0.7639569049952115,dmr_rasher_steneck 10_2_61,3
dmr_rasher_steneck,10_2_61,3,44.489000000000004,-67.6705,1,2016-06-04,10,10,10,NA,NA,NA,11.25,0,0,0,730,4,11.25,percent_cover,"c(-67.6705, 44.489)",Gulf of Maine/Bay of Fundy,Cold Temperate Northwest Atlantic,Temperate Northern Atlantic,0.1125,0.10115606936502809,0.10115606936502809,0.10115606936502809,-2.0996442489973552,-2.1968200348892974,-2.1968200348892974,-2.1968200348892974,2016-06-04,2016,2016,8.236043095004788,dmr_rasher_steneck 10_2_61,3
dmr_rasher_steneck,10_2_62,1,44.519897,-67.531109,1,2002-06-26,10,10,10,NA,NA,NA,37,0,0,0,730,4,37,percent_cover,"c(-67.531109, 44.519897)",Gulf of Maine/Bay of Fundy,Cold Temperate Northwest Atlantic,Temperate Northern Atlantic,0.37,0.3326910725783146,0.3326910725783146,0.3326910725783146,-0.9675840262617056,-1.070925900693836,-1.070925900693836,-1.070925900693836,2002-06-26,2002,2002,-5.7639569049952115,dmr_rasher_steneck 10_2_62,3
dmr_rasher_steneck,10_2_62,2,44.5155,-67.5307,1,2004-06-24,10,10,10,NA,NA,NA,41,0,0,0,730,4,41,percent_cover,"c(-67.5307, 44.5155)",Gulf of Maine/Bay of Fundy,Cold Temperate Northwest Atlantic,Temperate Northern Atlantic,0.41,0.3686576750192135,0.3686576750192135,0.3686576750192135,-0.8675005677047231,-0.9711227141989318,-0.9711227141989318,-0.9711227141989318,2004-06-24,2004,2004,-3.7639569049952115,dmr_rasher_steneck 10_2_62,3
dmr_rasher_steneck,10_2_62,3,44.5199,-67.5311,1,2014-06-10,10,10,10,NA,NA,NA,14.5,0,0,0,730,4,14.5,percent_cover,"c(-67.5311, 44.5199)",Gulf of Maine/Bay of Fundy,Cold Temperate Northwest Atlantic,Temperate Northern Atlantic,0.145,0.13037893384825844,0.13037893384825844,0.13037893384825844,-1.8643301620628905,-1.9634098424639488,-1.9634098424639488,-1.9634098424639488,2014-06-10,2014,2014,6.2360430950047885,dmr_rasher_steneck 10_2_62,3
dmr_rasher_steneck,10_2_67,1,44.16448,-69.05934,1,2003-06-02,10,10,10,NA,NA,NA,11.5,0,0,0,730,4,11.5,percent_cover,"c(-69.05934, 44.16448)",Gulf of Maine/Bay of Fundy,Cold Temperate Northwest Atlantic,Temperate Northern Atlantic,0.115,0.10340398201758427,0.10340398201758427,0.10340398201758427,-2.0794415416798357,-2.176798773511483,-2.176798773511483,-2.176798773511483,2003-06-02,2003,2003,-4.7639569049952115,dmr_rasher_steneck 10_2_67,4
dmr_rasher_steneck,10_2_67,2,44.17202,-69.0609,1,2012-05-09,10,10,10,NA,NA,NA,0,0,0,0,730,4,0,percent_cover,"c(-69.0609, 44.17202)",Gulf of Maine/Bay of Fundy,Cold Temperate Northwest Atlantic,Temperate Northern Atlantic,0,0,0,0,-4.605170185988091,-4.605170185988091,-4.605170185988091,-4.605170185988091,2012-05-09,2012,2012,4.2360430950047885,dmr_rasher_steneck 10_2_67,4
dmr_rasher_steneck,10_2_67,3,44.1719,-69.0611,1,2016-05-18,10,10,10,NA,NA,NA,3.5,0,0,0,730,4,3.5,percent_cover,"c(-69.0611, 44.1719)",Gulf of Maine/Bay of Fundy,Cold Temperate Northwest Atlantic,Temperate Northern Atlantic,0.035,0.03147077713578652,0.03147077713578652,0.03147077713578652,-3.101092789211817,-3.182766265189124,-3.182766265189124,-3.182766265189124,2016-05-18,2016,2016,8.236043095004788,dmr_rasher_steneck 10_2_67,4
dmr_rasher_steneck,10_2_67,4,44.1722,-69.057,1,2017-05-09,10,10,10,NA,NA,NA,33,0,0,0,730,4,33,percent_cover,"c(-69.057, 44.1722)",Gulf of Maine/Bay of Fundy,Cold Temperate Northwest Atlantic,Temperate Northern Atlantic,0.33,0.29672447013741576,0.29672447013741576,0.29672447013741576,-1.0788096613719298,-1.1818054257905597,-1.1818054257905597,-1.1818054257905597,2017-05-09,2017,2017,9.236043095004788,dmr_rasher_steneck 10_2_67,4
dmr_rasher_steneck,10_2_80,1,44.1457,-68.578,1,2004-06-04,10,10,10,NA,NA,NA,23.5,0,0,0,730,4,23.5,percent_cover,"c(-68.578, 44.1457)",Gulf of Maine/Bay of Fundy,Cold Temperate Northwest Atlantic,Temperate Northern Atlantic,0.235,0.2113037893402809,0.2113037893402809,0.2113037893402809,-1.40649706843741,-1.5082189089796352,-1.5082189089796352,-1.5082189089796352,2004-06-04,2004,2004,-3.7639569049952115,dmr_rasher_steneck 10_2_80,3
dmr_rasher_steneck,10_2_80,2,44.14128,-68.58426,1,2011-05-31,10,10,10,NA,NA,NA,5.5,0,0,0,730,4,5.5,percent_cover,"c(-68.58426, 44.14128)",Gulf of Maine/Bay of Fundy,Cold Temperate Northwest Atlantic,Temperate Northern Atlantic,0.055,0.049454078356235956,0.049454078356235956,0.049454078356235956,-2.7333680090865,-2.822551056747755,-2.822551056747755,-2.822551056747755,2011-05-31,2011,2011,3.2360430950047885,dmr_rasher_steneck 10_2_80,3
dmr_rasher_steneck,10_2_80,3,44.1491,-68.5842,1,2014-05-13,10,10,10,NA,NA,NA,34.5,0,0,0,730,4,34.5,percent_cover,"c(-68.5842, 44.1491)",Gulf of Maine/Bay of Fundy,Cold Temperate Northwest Atlantic,Temperate Northern Atlantic,0.345,0.3102119460527528,0.3102119460527528,0.3102119460527528,-1.0356374895067213,-1.1387721710181606,-1.1387721710181606,-1.1387721710181606,2014-05-13,2014,2014,6.2360430950047885,dmr_rasher_steneck 10_2_80,3
dmr_rasher_steneck,10_2_87,1,44.5296,-67.5366,1,2004-06-24,10,10,10,NA,NA,NA,13.5,0,0,0,730,4,13.5,percent_cover,"c(-67.5366, 44.5296)",Gulf of Maine/Bay of Fundy,Cold Temperate Northwest Atlantic,Temperate Northern Atlantic,0.135,0.12138728323803372,0.12138728323803372,0.12138728323803372,-1.9310215365615626,-2.0296059566254154,-2.0296059566254154,-2.0296059566254154,2004-06-24,2004,2004,-3.7639569049952115,dmr_rasher_steneck 10_2_87,4
dmr_rasher_steneck,10_2_87,2,44.5328,-67.5302,1,2006-06-30,10,10,10,NA,NA,NA,8.5,0,0,0,730,4,8.5,percent_cover,"c(-67.5302, 44.5328)",Gulf of Maine/Bay of Fundy,Cold Temperate Northwest Atlantic,Temperate Northern Atlantic,0.085,0.07642903018691011,0.07642903018691011,0.07642903018691011,-2.353878387381596,-2.448431662072976,-2.448431662072976,-2.448431662072976,2006-06-30,2006,2006,-1.7639569049952115,dmr_rasher_steneck 10_2_87,4
dmr_rasher_steneck,10_2_87,3,44.53276,-67.53652,1,2011-06-09,10,10,10,NA,NA,NA,15,0,0,0,730,4,15,percent_cover,"c(-67.53652, 44.53276)",Gulf of Maine/Bay of Fundy,Cold Temperate Northwest Atlantic,Temperate Northern Atlantic,0.15,0.1348747591533708,0.1348747591533708,0.1348747591533708,-1.8325814637483102,-1.9318856397679807,-1.9318856397679807,-1.9318856397679807,2011-06-09,2011,2011,3.2360430950047885,dmr_rasher_steneck 10_2_87,4
dmr_rasher_steneck,10_2_87,4,44.5328,-67.5365,1,2014-06-10,10,10,10,NA,NA,NA,6.5,0,0,0,730,4,6.5,percent_cover,"c(-67.5365, 44.5328)",Gulf of Maine/Bay of Fundy,Cold Temperate Northwest Atlantic,Temperate Northern Atlantic,0.065,0.05844572896646068,0.05844572896646068,0.05844572896646068,-2.5902671654458267,-2.681714125593821,-2.681714125593821,-2.681714125593821,2014-06-10,2014,2014,6.2360430950047885,dmr_rasher_steneck 10_2_87,4
dmr_rasher_steneck,10_2_9,1,43.82462,-69.63938,1,2001-06-05,10,10,10,NA,NA,NA,1.5,0,0,0,730,4,1.5,percent_cover,"c(-69.63938, 43.82462)",Gulf of Maine/Bay of Fundy,Cold Temperate Northwest Atlantic,Temperate Northern Atlantic,0.015,0.01348747591533708,0.01348747591533708,0.01348747591533708,-3.6888794541139363,-3.751287939667791,-3.751287939667791,-3.751287939667791,2001-06-05,2001,2001,-6.7639569049952115,dmr_rasher_steneck 10_2_9,3
dmr_rasher_steneck,10_2_9,2,43.82497,-69.64226,1,2008-05-07,10,10,10,NA,NA,NA,59,0,0,0,730,4,59,percent_cover,"c(-69.64226, 43.82497)",Gulf of Maine/Bay of Fundy,Cold Temperate Northwest Atlantic,Temperate Northern Atlantic,0.59,0.5305073860032584,0.5305073860032584,0.5305073860032584,-0.5108256237659907,-0.6152469768653283,-0.6152469768653283,-0.6152469768653283,2008-05-07,2008,2008,0.23604309500478848,dmr_rasher_steneck 10_2_9,3
dmr_rasher_steneck,10_2_9,3,43.82947,-69.6401,1,2012-05-03,10,10,10,NA,NA,NA,40.5,0,0,0,730,4,40.5,percent_cover,"c(-69.6401, 43.82947)",Gulf of Maine/Bay of Fundy,Cold Temperate Northwest Atlantic,Temperate Northern Atlantic,0.405,0.36416184971410115,0.36416184971410115,0.36416184971410115,-0.8794767587514387,-0.9830668219320255,-0.9830668219320255,-0.9830668219320255,2012-05-03,2012,2012,4.2360430950047885,dmr_rasher_steneck 10_2_9,3
dmr_rasher_steneck,10_2_99,1,44.565,-67.5275,1,2005-06-21,10,10,10,NA,NA,NA,71.5,0,0,0,730,4,71.5,percent_cover,"c(-67.5275, 44.565)",Gulf of Maine/Bay of Fundy,Cold Temperate Northwest Atlantic,Temperate Northern Atlantic,0.715,0.6429030186310675,0.6429030186310675,0.6429030186310675,-0.32158362412746233,-0.4263266773800083,-0.4263266773800083,-0.4263266773800083,2005-06-21,2005,2005,-2.7639569049952115,dmr_rasher_steneck 10_2_99,4
dmr_rasher_steneck,10_2_99,2,44.55907,-67.52656,1,2009-06-10,10,10,10,NA,NA,NA,49.5,0,0,0,730,4,49.5,percent_cover,"c(-67.52656, 44.55907)",Gulf of Maine/Bay of Fundy,Cold Temperate Northwest Atlantic,Temperate Northern Atlantic,0.495,0.4450867052061236,0.4450867052061236,0.4450867052061236,-0.6831968497067772,-0.7872673172930279,-0.7872673172930279,-0.7872673172930279,2009-06-10,2009,2009,1.2360430950047885,dmr_rasher_steneck 10_2_99,4
dmr_rasher_steneck,10_2_99,3,44.56232,-67.5291,1,2012-06-12,10,10,10,NA,NA,NA,17,0,0,0,730,4,17,percent_cover,"c(-67.5291, 44.56232)",Gulf of Maine/Bay of Fundy,Cold Temperate Northwest Atlantic,Temperate Northern Atlantic,0.17,0.15285806037382021,0.15285806037382021,0.15285806037382021,-1.7147984280919266,-1.8148762527904447,-1.8148762527904447,-1.8148762527904447,2012-06-12,2012,2012,4.2360430950047885,dmr_rasher_steneck 10_2_99,4
dmr_rasher_steneck,10_2_99,4,44.5624,-67.529,1,2017-06-15,10,10,10,NA,NA,NA,35.5,0,0,0,730,4,35.5,percent_cover,"c(-67.529, 44.5624)",Gulf of Maine/Bay of Fundy,Cold Temperate Northwest Atlantic,Temperate Northern Atlantic,0.355,0.31920359666297754,0.31920359666297754,0.31920359666297754,-1.0078579253996456,-1.11107888477421,-1.11107888477421,-1.11107888477421,2017-06-15,2017,2017,9.236043095004788,dmr_rasher_steneck 10_2_99,4
dmr_rasher_steneck,10_3_10,1,44.13106,-68.40311,1,2001-07-05,10,10,10,NA,NA,NA,23,0,0,0,730,4,23,percent_cover,"c(-68.40311, 44.13106)",Gulf of Maine/Bay of Fundy,Cold Temperate Northwest Atlantic,Temperate Northern Atlantic,0.23,0.20680796403516855,0.20680796403516855,0.20680796403516855,-1.4271163556401456,-1.5287432756117807,-1.5287432756117807,-1.5287432756117807,2001-07-05,2001,2001,-6.7639569049952115,dmr_rasher_steneck 10_3_10,3
dmr_rasher_steneck,10_3_10,2,44.1355,-68.4031,1,2004-06-08,10,10,10,NA,NA,NA,32.5,0,0,0,730,4,32.5,percent_cover,"c(-68.4031, 44.1355)",Gulf of Maine/Bay of Fundy,Cold Temperate Northwest Atlantic,Temperate Northern Atlantic,0.325,0.2922286448323034,0.2922286448323034,0.2922286448323034,-1.0936247471570706,-1.196571445970762,-1.196571445970762,-1.196571445970762,2004-06-08,2004,2004,-3.7639569049952115,dmr_rasher_steneck 10_3_10,3
dmr_rasher_steneck,10_3_10,3,44.13053,-68.4135,1,2013-05-15,10,10,10,NA,NA,NA,41,0,0,0,730,4,41,percent_cover,"c(-68.4135, 44.13053)",Gulf of Maine/Bay of Fundy,Cold Temperate Northwest Atlantic,Temperate Northern Atlantic,0.41,0.3686576750192135,0.3686576750192135,0.3686576750192135,-0.8675005677047231,-0.9711227141989318,-0.9711227141989318,-0.9711227141989318,2013-05-15,2013,2013,5.2360430950047885,dmr_rasher_steneck 10_3_10,3
dmr_rasher_steneck,10_3_102,1,44.6005,-67.4467,1,2005-06-22,10,10,10,NA,NA,NA,38,0,0,0,730,4,38,percent_cover,"c(-67.4467, 44.6005)",Gulf of Maine/Bay of Fundy,Cold Temperate Northwest Atlantic,Temperate Northern Atlantic,0.38,0.3416827231885393,0.3416827231885393,0.3416827231885393,-0.941608539858445,-1.0450258644263548,-1.0450258644263548,-1.0450258644263548,2005-06-22,2005,2005,-2.7639569049952115,dmr_rasher_steneck 10_3_102,4
dmr_rasher_steneck,10_3_102,2,44.60376,-67.4427,1,2009-06-11,10,10,10,NA,NA,NA,27,0,0,0,730,4,27,percent_cover,"c(-67.4427, 44.60376)",Gulf of Maine/Bay of Fundy,Cold Temperate Northwest Atlantic,Temperate Northern Atlantic,0.27,0.24277456647606743,0.24277456647606743,0.24277456647606743,-1.2729656758128873,-1.375257229064725,-1.375257229064725,-1.375257229064725,2009-06-11,2009,2009,1.2360430950047885,dmr_rasher_steneck 10_3_102,4
dmr_rasher_steneck,10_3_102,3,44.6038,-67.4427,1,2014-06-10,10,10,10,NA,NA,NA,11.5,0,0,0,730,4,11.5,percent_cover,"c(-67.4427, 44.6038)",Gulf of Maine/Bay of Fundy,Cold Temperate Northwest Atlantic,Temperate Northern Atlantic,0.115,0.10340398201758427,0.10340398201758427,0.10340398201758427,-2.0794415416798357,-2.176798773511483,-2.176798773511483,-2.176798773511483,2014-06-10,2014,2014,6.2360430950047885,dmr_rasher_steneck 10_3_102,4
dmr_rasher_steneck,10_3_102,4,44.6006,-67.4466,1,2018-05-21,10,10,10,NA,NA,NA,5.5,0,0,0,730,4,5.5,percent_cover,"c(-67.4466, 44.6006)",Gulf of Maine/Bay of Fundy,Cold Temperate Northwest Atlantic,Temperate Northern Atlantic,0.055,0.049454078356235956,0.049454078356235956,0.049454078356235956,-2.7333680090865,-2.822551056747755,-2.822551056747755,-2.822551056747755,2018-05-21,2018,2018,10.236043095004788,dmr_rasher_steneck 10_3_102,4
dmr_rasher_steneck,10_3_120,1,44.5962,-67.4593,1,2006-07-01,10,10,10,NA,NA,NA,10.5,0,0,0,730,4,10.5,percent_cover,"c(-67.4593, 44.5962)",Gulf of Maine/Bay of Fundy,Cold Temperate Northwest Atlantic,Temperate Northern Atlantic,0.105,0.09441233140735955,0.09441233140735955,0.09441233140735955,-2.162823150618887,-2.2594074935801225,-2.2594074935801225,-2.2594074935801225,2006-07-01,2006,2006,-1.7639569049952115,dmr_rasher_steneck 10_3_120,5
dmr_rasher_steneck,10_3_120,2,44.5996,-67.451046,1,2010-06-09,10,10,10,NA,NA,NA,74,0,0,0,730,4,74,percent_cover,"c(-67.451046, 44.5996)",Gulf of Maine/Bay of Fundy,Cold Temperate Northwest Atlantic,Temperate Northern Atlantic,0.74,0.6653821451566292,0.6653821451566292,0.6653821451566292,-0.2876820724517809,-0.3924766073341638,-0.3924766073341638,-0.3924766073341638,2010-06-09,2010,2010,2.2360430950047885,dmr_rasher_steneck 10_3_120,5
dmr_rasher_steneck,10_3_120,3,44.59653,-67.4561,1,2011-06-09,10,10,10,NA,NA,NA,49.5,0,0,0,730,4,49.5,percent_cover,"c(-67.4561, 44.59653)",Gulf of Maine/Bay of Fundy,Cold Temperate Northwest Atlantic,Temperate Northern Atlantic,0.495,0.4450867052061236,0.4450867052061236,0.4450867052061236,-0.6831968497067772,-0.7872673172930279,-0.7872673172930279,-0.7872673172930279,2011-06-09,2011,2011,3.2360430950047885,dmr_rasher_steneck 10_3_120,5
dmr_rasher_steneck,10_3_120,4,44.5985,-67.4618,1,2014-06-10,10,10,10,NA,NA,NA,0,0,0,0,730,4,0,percent_cover,"c(-67.4618, 44.5985)",Gulf of Maine/Bay of Fundy,Cold Temperate Northwest Atlantic,Temperate Northern Atlantic,0,0,0,0,-4.605170185988091,-4.605170185988091,-4.605170185988091,-4.605170185988091,2014-06-10,2014,2014,6.2360430950047885,dmr_rasher_steneck 10_3_120,5
dmr_rasher_steneck,10_3_120,5,44.6003,-67.4537,1,2015-06-07,10,10,10,NA,NA,NA,18.5,0,0,0,730,4,18.5,percent_cover,"c(-67.4537, 44.6003)",Gulf of Maine/Bay of Fundy,Cold Temperate Northwest Atlantic,Temperate Northern Atlantic,0.185,0.1663455362891573,0.1663455362891573,0.1663455362891573,-1.6347557204183902,-1.7353099342781628,-1.7353099342781628,-1.7353099342781628,2015-06-07,2015,2015,7.2360430950047885,dmr_rasher_steneck 10_3_120,5
dmr_rasher_steneck,10_3_123,1,44.6413,-67.2454,1,2006-07-01,10,10,10,NA,NA,NA,7,0,0,0,730,4,7,percent_cover,"c(-67.2454, 44.6413)",Gulf of Maine/Bay of Fundy,Cold Temperate Northwest Atlantic,Temperate Northern Atlantic,0.07,0.06294155427157304,0.06294155427157304,0.06294155427157304,-2.5257286443082556,-2.618096784923054,-2.618096784923054,-2.618096784923054,2006-07-01,2006,2006,-1.7639569049952115,dmr_rasher_steneck 10_3_123,3
dmr_rasher_steneck,10_3_123,2,44.6381,-67.242,1,2017-06-16,10,10,10,NA,NA,NA,30.5,0,0,0,730,4,30.5,percent_cover,"c(-67.242, 44.6381)",Gulf of Maine/Bay of Fundy,Cold Temperate Northwest Atlantic,Temperate Northern Atlantic,0.305,0.27424534361185393,0.27424534361185393,0.27424534361185393,-1.155182640156504,-1.2579175277984058,-1.2579175277984058,-1.2579175277984058,2017-06-16,2017,2017,9.236043095004788,dmr_rasher_steneck 10_3_123,3
dmr_rasher_steneck,10_3_123,3,44.6408,-67.2443,1,2018-05-21,10,10,10,NA,NA,NA,14.5,0,0,0,730,4,14.5,percent_cover,"c(-67.2443, 44.6408)",Gulf of Maine/Bay of Fundy,Cold Temperate Northwest Atlantic,Temperate Northern Atlantic,0.145,0.13037893384825844,0.13037893384825844,0.13037893384825844,-1.8643301620628905,-1.9634098424639488,-1.9634098424639488,-1.9634098424639488,2018-05-21,2018,2018,10.236043095004788,dmr_rasher_steneck 10_3_123,3
dmr_rasher_steneck,10_3_133,1,44.0737,-69.0407,1,2007-05-17,10,10,10,NA,NA,NA,6.5,0,0,0,730,4,6.5,percent_cover,"c(-69.0407, 44.0737)",Gulf of Maine/Bay of Fundy,Cold Temperate Northwest Atlantic,Temperate Northern Atlantic,0.065,0.05844572896646068,0.05844572896646068,0.05844572896646068,-2.5902671654458267,-2.681714125593821,-2.681714125593821,-2.681714125593821,2007-05-17,2007,2007,-0.7639569049952115,dmr_rasher_steneck 10_3_133,3
dmr_rasher_steneck,10_3_133,2,44.07453,-69.03446,1,2011-05-25,10,10,10,NA,NA,NA,21,0,0,0,730,4,21,percent_cover,"c(-69.03446, 44.07453)",Gulf of Maine/Bay of Fundy,Cold Temperate Northwest Atlantic,Temperate Northern Atlantic,0.21,0.1888246628147191,0.1888246628147191,0.1888246628147191,-1.5141277326297755,-1.6153319340301329,-1.6153319340301329,-1.6153319340301329,2011-05-25,2011,2011,3.2360430950047885,dmr_rasher_steneck 10_3_133,3
dmr_rasher_steneck,10_3_133,3,44.07,-69.0407,1,2013-05-07,10,10,10,NA,NA,NA,12,0,0,0,730,4,12,percent_cover,"c(-69.0407, 44.07)",Gulf of Maine/Bay of Fundy,Cold Temperate Northwest Atlantic,Temperate Northern Atlantic,0.12,0.10789980732269663,0.10789980732269663,0.10789980732269663,-2.0402208285265546,-2.1379201056836026,-2.1379201056836026,-2.1379201056836026,2013-05-07,2013,2013,5.2360430950047885,dmr_rasher_steneck 10_3_133,3
dmr_rasher_steneck,10_3_139,1,44.3632,-68.1054,1,2007-06-08,10,10,10,NA,NA,NA,16,0,0,0,730,4,16,percent_cover,"c(-68.1054, 44.3632)",Gulf of Maine/Bay of Fundy,Cold Temperate Northwest Atlantic,Temperate Northern Atlantic,0.16,0.14386640976359552,0.14386640976359552,0.14386640976359552,-1.7719568419318752,-1.8716705221050935,-1.8716705221050935,-1.8716705221050935,2007-06-08,2007,2007,-0.7639569049952115,dmr_rasher_steneck 10_3_139,3
dmr_rasher_steneck,10_3_139,2,44.36767,-68.10566,1,2011-06-02,10,10,10,NA,NA,NA,17.5,0,0,0,730,4,17.5,percent_cover,"c(-68.10566, 44.36767)",Gulf of Maine/Bay of Fundy,Cold Temperate Northwest Atlantic,Temperate Northern Atlantic,0.175,0.15735388567893258,0.15735388567893258,0.15735388567893258,-1.6873994539038122,-1.7876446327181523,-1.7876446327181523,-1.7876446327181523,2011-06-02,2011,2011,3.2360430950047885,dmr_rasher_steneck 10_3_139,3
dmr_rasher_steneck,10_3_139,3,44.3677,-68.1057,1,2014-06-06,10,10,10,NA,NA,NA,19,0,0,0,730,4,19,percent_cover,"c(-68.1057, 44.3677)",Gulf of Maine/Bay of Fundy,Cold Temperate Northwest Atlantic,Temperate Northern Atlantic,0.19,0.17084136159426966,0.17084136159426966,0.17084136159426966,-1.6094379124341003,-1.7101350873080896,-1.7101350873080896,-1.7101350873080896,2014-06-06,2014,2014,6.2360430950047885,dmr_rasher_steneck 10_3_139,3
dmr_rasher_steneck,10_3_14,1,44.47852,-67.80993,1,2001-07-18,10,10,10,NA,NA,NA,0,0,0,0,730,4,0,percent_cover,"c(-67.80993, 44.47852)",Gulf of Maine/Bay of Fundy,Cold Temperate Northwest Atlantic,Temperate Northern Atlantic,0,0,0,0,-4.605170185988091,-4.605170185988091,-4.605170185988091,-4.605170185988091,2001-07-18,2001,2001,-6.7639569049952115,dmr_rasher_steneck 10_3_14,5
dmr_rasher_steneck,10_3_14,2,44.482742,-67.808296,1,2010-06-08,10,10,10,NA,NA,NA,7,0,0,0,730,4,7,percent_cover,"c(-67.808296, 44.482742)",Gulf of Maine/Bay of Fundy,Cold Temperate Northwest Atlantic,Temperate Northern Atlantic,0.07,0.06294155427157304,0.06294155427157304,0.06294155427157304,-2.5257286443082556,-2.618096784923054,-2.618096784923054,-2.618096784923054,2010-06-08,2010,2010,2.2360430950047885,dmr_rasher_steneck 10_3_14,5
dmr_rasher_steneck,10_3_14,3,44.48277,-67.8143,1,2012-06-12,10,10,10,NA,NA,NA,17.5,0,0,0,730,4,17.5,percent_cover,"c(-67.8143, 44.48277)",Gulf of Maine/Bay of Fundy,Cold Temperate Northwest Atlantic,Temperate Northern Atlantic,0.175,0.15735388567893258,0.15735388567893258,0.15735388567893258,-1.6873994539038122,-1.7876446327181523,-1.7876446327181523,-1.7876446327181523,2012-06-12,2012,2012,4.2360430950047885,dmr_rasher_steneck 10_3_14,5
dmr_rasher_steneck,10_3_14,4,44.4827,-67.8083,1,2014-06-09,10,10,10,NA,NA,NA,13.5,0,0,0,730,4,13.5,percent_cover,"c(-67.8083, 44.4827)",Gulf of Maine/Bay of Fundy,Cold Temperate Northwest Atlantic,Temperate Northern Atlantic,0.135,0.12138728323803372,0.12138728323803372,0.12138728323803372,-1.9310215365615626,-2.0296059566254154,-2.0296059566254154,-2.0296059566254154,2014-06-09,2014,2014,6.2360430950047885,dmr_rasher_steneck 10_3_14,5
dmr_rasher_steneck,10_3_14,5,44.4824,-67.8018,1,2016-06-04,10,10,10,NA,NA,NA,4,0,0,0,730,4,4,percent_cover,"c(-67.8018, 44.4824)",Gulf of Maine/Bay of Fundy,Cold Temperate Northwest Atlantic,Temperate Northern Atlantic,0.04,0.03596660244089888,0.03596660244089888,0.03596660244089888,-2.995732273553991,-3.0798401800767916,-3.0798401800767916,-3.0798401800767916,2016-06-04,2016,2016,8.236043095004788,dmr_rasher_steneck 10_3_14,5
dmr_rasher_steneck,10_3_15,1,44.48045,-67.75111,1,2001-07-18,10,10,10,NA,NA,NA,17.9,0,0,0,730,4,17.9,percent_cover,"c(-67.75111, 44.48045)",Gulf of Maine/Bay of Fundy,Cold Temperate Northwest Atlantic,Temperate Northern Atlantic,0.179,0.16095054592302246,0.16095054592302246,0.16095054592302246,-1.6660082639224947,-1.7663809694358688,-1.7663809694358688,-1.7663809694358688,2001-07-18,2001,2001,-6.7639569049952115,dmr_rasher_steneck 10_3_15,3
dmr_rasher_steneck,10_3_15,2,44.48227,-67.73913,1,2003-06-23,10,10,10,NA,NA,NA,12.5,0,0,0,730,4,12.5,percent_cover,"c(-67.73913, 44.48227)",Gulf of Maine/Bay of Fundy,Cold Temperate Northwest Atlantic,Temperate Northern Atlantic,0.125,0.112395632627809,0.112395632627809,0.112395632627809,-2.0024805005437076,-2.10049659068585,-2.10049659068585,-2.10049659068585,2003-06-23,2003,2003,-4.7639569049952115,dmr_rasher_steneck 10_3_15,3
dmr_rasher_steneck,10_3_15,3,44.4823,-67.7444,1,2005-06-20,10,10,10,NA,NA,NA,23.5,0,0,0,730,4,23.5,percent_cover,"c(-67.7444, 44.4823)",Gulf of Maine/Bay of Fundy,Cold Temperate Northwest Atlantic,Temperate Northern Atlantic,0.235,0.2113037893402809,0.2113037893402809,0.2113037893402809,-1.40649706843741,-1.5082189089796352,-1.5082189089796352,-1.5082189089796352,2005-06-20,2005,2005,-2.7639569049952115,dmr_rasher_steneck 10_3_15,3
dmr_rasher_steneck,10_3_150,1,44.34023,-68.04249,1,2008-06-05,10,10,10,NA,NA,NA,27,0,0,0,730,4,27,percent_cover,"c(-68.04249, 44.34023)",Gulf of Maine/Bay of Fundy,Cold Temperate Northwest Atlantic,Temperate Northern Atlantic,0.27,0.24277456647606743,0.24277456647606743,0.24277456647606743,-1.2729656758128873,-1.375257229064725,-1.375257229064725,-1.375257229064725,2008-06-05,2008,2008,0.23604309500478848,dmr_rasher_steneck 10_3_150,3
dmr_rasher_steneck,10_3_150,2,44.3357,-68.03724,1,2011-06-03,10,10,10,NA,NA,NA,5.5,0,0,0,730,4,5.5,percent_cover,"c(-68.03724, 44.3357)",Gulf of Maine/Bay of Fundy,Cold Temperate Northwest Atlantic,Temperate Northern Atlantic,0.055,0.049454078356235956,0.049454078356235956,0.049454078356235956,-2.7333680090865,-2.822551056747755,-2.822551056747755,-2.822551056747755,2011-06-03,2011,2011,3.2360430950047885,dmr_rasher_steneck 10_3_150,3
dmr_rasher_steneck,10_3_150,3,44.3357,-68.0372,1,2014-06-06,10,10,10,NA,NA,NA,14.5,0,0,0,730,4,14.5,percent_cover,"c(-68.0372, 44.3357)",Gulf of Maine/Bay of Fundy,Cold Temperate Northwest Atlantic,Temperate Northern Atlantic,0.145,0.13037893384825844,0.13037893384825844,0.13037893384825844,-1.8643301620628905,-1.9634098424639488,-1.9634098424639488,-1.9634098424639488,2014-06-06,2014,2014,6.2360430950047885,dmr_rasher_steneck 10_3_150,3
dmr_rasher_steneck,10_3_153,1,44.50998,-67.52066,1,2008-06-12,10,10,10,NA,NA,NA,60.5,0,0,0,730,4,60.5,percent_cover,"c(-67.52066, 44.50998)",Gulf of Maine/Bay of Fundy,Cold Temperate Northwest Atlantic,Temperate Northern Atlantic,0.605,0.5439948619185955,0.5439948619185955,0.5439948619185955,-0.4861330111756192,-0.5905998667930324,-0.5905998667930324,-0.5905998667930324,2008-06-12,2008,2008,0.23604309500478848,dmr_rasher_steneck 10_3_153,3
dmr_rasher_steneck,10_3_153,2,44.50681,-67.5182,1,2013-05-31,10,10,10,NA,NA,NA,6.5,0,0,0,730,4,6.5,percent_cover,"c(-67.5182, 44.50681)",Gulf of Maine/Bay of Fundy,Cold Temperate Northwest Atlantic,Temperate Northern Atlantic,0.065,0.05844572896646068,0.05844572896646068,0.05844572896646068,-2.5902671654458267,-2.681714125593821,-2.681714125593821,-2.681714125593821,2013-05-31,2013,2013,5.2360430950047885,dmr_rasher_steneck 10_3_153,3
dmr_rasher_steneck,10_3_153,3,44.5095,-67.5204,1,2016-06-05,10,10,10,NA,NA,NA,30.5,0,0,0,730,4,30.5,percent_cover,"c(-67.5204, 44.5095)",Gulf of Maine/Bay of Fundy,Cold Temperate Northwest Atlantic,Temperate Northern Atlantic,0.305,0.27424534361185393,0.27424534361185393,0.27424534361185393,-1.155182640156504,-1.2579175277984058,-1.2579175277984058,-1.2579175277984058,2016-06-05,2016,2016,8.236043095004788,dmr_rasher_steneck 10_3_153,3
dmr_rasher_steneck,10_3_16,1,44.47481,-67.67655,1,2001-07-19,10,10,10,NA,NA,NA,75,0,0,0,730,4,75,percent_cover,"c(-67.67655, 44.47481)",Gulf of Maine/Bay of Fundy,Cold Temperate Northwest Atlantic,Temperate Northern Atlantic,0.75,0.674373795766854,0.674373795766854,0.674373795766854,-0.2744368457017603,-0.3792510255888959,-0.3792510255888959,-0.3792510255888959,2001-07-19,2001,2001,-6.7639569049952115,dmr_rasher_steneck 10_3_16,4
dmr_rasher_steneck,10_3_16,2,44.4746,-67.6686,1,2005-06-20,10,10,10,NA,NA,NA,64,0,0,0,730,4,64,percent_cover,"c(-67.6686, 44.4746)",Gulf of Maine/Bay of Fundy,Cold Temperate Northwest Atlantic,Temperate Northern Atlantic,0.64,0.5754656390543821,0.5754656390543821,0.5754656390543821,-0.4307829160924542,-0.5353477841662594,-0.5353477841662594,-0.5353477841662594,2005-06-20,2005,2005,-2.7639569049952115,dmr_rasher_steneck 10_3_16,4
dmr_rasher_steneck,10_3_16,3,44.4721,-67.6766,1,2007-06-18,10,10,10,NA,NA,NA,8,0,0,0,730,4,8,percent_cover,"c(-67.6766, 44.4721)",Gulf of Maine/Bay of Fundy,Cold Temperate Northwest Atlantic,Temperate Northern Atlantic,0.08,0.07193320488179776,0.07193320488179776,0.07193320488179776,-2.4079456086518722,-2.5018509382762812,-2.5018509382762812,-2.5018509382762812,2007-06-18,2007,2007,-0.7639569049952115,dmr_rasher_steneck 10_3_16,4
dmr_rasher_steneck,10_3_16,4,44.4747,-67.6664,1,2015-06-06,10,10,10,NA,NA,NA,8.5,0,0,0,730,4,8.5,percent_cover,"c(-67.6664, 44.4747)",Gulf of Maine/Bay of Fundy,Cold Temperate Northwest Atlantic,Temperate Northern Atlantic,0.085,0.07642903018691011,0.07642903018691011,0.07642903018691011,-2.353878387381596,-2.448431662072976,-2.448431662072976,-2.448431662072976,2015-06-06,2015,2015,7.2360430950047885,dmr_rasher_steneck 10_3_16,4
dmr_rasher_steneck,10_3_173,1,43.9027,-69.270683,1,2010-05-13,10,10,10,NA,NA,NA,34,0,0,0,730,4,34,percent_cover,"c(-69.270683, 43.9027)",Gulf of Maine/Bay of Fundy,Cold Temperate Northwest Atlantic,Temperate Northern Atlantic,0.34,0.30571612074764043,0.30571612074764043,0.30571612074764043,-1.0498221244986776,-1.1529118212197003,-1.1529118212197003,-1.1529118212197003,2010-05-13,2010,2010,2.2360430950047885,dmr_rasher_steneck 10_3_173,3
dmr_rasher_steneck,10_3_173,2,43.9072,-69.2705,1,2014-05-08,10,10,10,NA,NA,NA,41,0,0,0,730,4,41,percent_cover,"c(-69.2705, 43.9072)",Gulf of Maine/Bay of Fundy,Cold Temperate Northwest Atlantic,Temperate Northern Atlantic,0.41,0.3686576750192135,0.3686576750192135,0.3686576750192135,-0.8675005677047231,-0.9711227141989318,-0.9711227141989318,-0.9711227141989318,2014-05-08,2014,2014,6.2360430950047885,dmr_rasher_steneck 10_3_173,3
dmr_rasher_steneck,10_3_173,3,43.9027,-69.2706,1,2016-05-13,10,10,10,NA,NA,NA,19.5,0,0,0,730,4,19.5,percent_cover,"c(-69.2706, 43.9027)",Gulf of Maine/Bay of Fundy,Cold Temperate Northwest Atlantic,Temperate Northern Atlantic,0.195,0.17533718689938202,0.17533718689938202,0.17533718689938202,-1.5847452998437288,-1.685578480993263,-1.685578480993263,-1.685578480993263,2016-05-13,2016,2016,8.236043095004788,dmr_rasher_steneck 10_3_173,3
dmr_rasher_steneck,10_3_178,1,44.442547,-67.858173,1,2010-06-08,10,10,10,NA,NA,NA,32,0,0,0,730,4,32,percent_cover,"c(-67.858173, 44.442547)",Gulf of Maine/Bay of Fundy,Cold Temperate Northwest Atlantic,Temperate Northern Atlantic,0.32,0.28773281952719104,0.28773281952719104,0.28773281952719104,-1.1086626245216111,-1.2115587734116924,-1.2115587734116924,-1.2115587734116924,2010-06-08,2010,2010,2.2360430950047885,dmr_rasher_steneck 10_3_178,3
dmr_rasher_steneck,10_3_178,2,44.44721,-67.85321,1,2011-06-07,10,10,10,NA,NA,NA,6.5,0,0,0,730,4,6.5,percent_cover,"c(-67.85321, 44.44721)",Gulf of Maine/Bay of Fundy,Cold Temperate Northwest Atlantic,Temperate Northern Atlantic,0.065,0.05844572896646068,0.05844572896646068,0.05844572896646068,-2.5902671654458267,-2.681714125593821,-2.681714125593821,-2.681714125593821,2011-06-07,2011,2011,3.2360430950047885,dmr_rasher_steneck 10_3_178,3
dmr_rasher_steneck,10_3_178,3,44.4424,-67.8581,1,2017-06-13,10,10,10,NA,NA,NA,5,0,0,0,730,4,5,percent_cover,"c(-67.8581, 44.4424)",Gulf of Maine/Bay of Fundy,Cold Temperate Northwest Atlantic,Temperate Northern Atlantic,0.05,0.044958253051123595,0.044958253051123595,0.044958253051123595,-2.8134107167600364,-2.9011814173970296,-2.9011814173970296,-2.9011814173970296,2017-06-13,2017,2017,9.236043095004788,dmr_rasher_steneck 10_3_178,3
dmr_rasher_steneck,10_3_179,1,44.481953,-67.691265,1,2010-06-08,10,10,10,NA,NA,NA,41.5,0,0,0,730,4,41.5,percent_cover,"c(-67.691265, 44.481953)",Gulf of Maine/Bay of Fundy,Cold Temperate Northwest Atlantic,Temperate Northern Atlantic,0.415,0.37315350032432587,0.37315350032432587,0.37315350032432587,-0.8556661100577202,-0.9593195859573794,-0.9593195859573794,-0.9593195859573794,2010-06-08,2010,2010,2.2360430950047885,dmr_rasher_steneck 10_3_179,3
dmr_rasher_steneck,10_3_179,2,44.48499,-67.69122,1,2011-06-09,10,10,10,NA,NA,NA,2,0,0,0,730,4,2,percent_cover,"c(-67.69122, 44.48499)",Gulf of Maine/Bay of Fundy,Cold Temperate Northwest Atlantic,Temperate Northern Atlantic,0.02,0.01798330122044944,0.01798330122044944,0.01798330122044944,-3.506557897319982,-3.5761473316991443,-3.5761473316991443,-3.5761473316991443,2011-06-09,2011,2011,3.2360430950047885,dmr_rasher_steneck 10_3_179,3
dmr_rasher_steneck,10_3_179,3,44.48202,-67.7014,1,2013-05-30,10,10,10,NA,NA,NA,9,0,0,0,730,4,9,percent_cover,"c(-67.7014, 44.48202)",Gulf of Maine/Bay of Fundy,Cold Temperate Northwest Atlantic,Temperate Northern Atlantic,0.09,0.08092485549202247,0.08092485549202247,0.08092485549202247,-2.302585092994046,-2.397721877419971,-2.397721877419971,-2.397721877419971,2013-05-30,2013,2013,5.2360430950047885,dmr_rasher_steneck 10_3_179,3
dmr_rasher_steneck,10_3_18,1,44.61639,-67.37083,1,2001-07-25,10,10,10,NA,NA,NA,73.5,0,0,0,730,4,73.5,percent_cover,"c(-67.37083, 44.61639)",Gulf of Maine/Bay of Fundy,Cold Temperate Northwest Atlantic,Temperate Northern Atlantic,0.735,0.6608863198515169,0.6608863198515169,0.6608863198515169,-0.29437106060257756,-0.3991555753627047,-0.3991555753627047,-0.3991555753627047,2001-07-25,2001,2001,-6.7639569049952115,dmr_rasher_steneck 10_3_18,3
dmr_rasher_steneck,10_3_18,2,44.62086,-67.3707,1,2012-06-20,10,10,10,NA,NA,NA,11,0,0,0,730,4,11,percent_cover,"c(-67.3707, 44.62086)",Gulf of Maine/Bay of Fundy,Cold Temperate Northwest Atlantic,Temperate Northern Atlantic,0.11,0.09890815671247191,0.09890815671247191,0.09890815671247191,-2.120263536200091,-2.217250350907185,-2.217250350907185,-2.217250350907185,2012-06-20,2012,2012,4.2360430950047885,dmr_rasher_steneck 10_3_18,3
dmr_rasher_steneck,10_3_18,3,44.6197,-67.3764,1,2015-06-13,10,10,10,NA,NA,NA,72.5,0,0,0,730,4,72.5,percent_cover,"c(-67.3764, 44.6197)",Gulf of Maine/Bay of Fundy,Cold Temperate Northwest Atlantic,Temperate Northern Atlantic,0.725,0.6518946692412921,0.6518946692412921,0.6518946692412921,-0.3078847797693004,-0.41264884561186665,-0.41264884561186665,-0.41264884561186665,2015-06-13,2015,2015,7.2360430950047885,dmr_rasher_steneck 10_3_18,3
dmr_rasher_steneck,10_3_19,1,44.5983,-67.36613,1,2001-07-25,10,10,10,NA,NA,NA,12,0,0,0,730,4,12,percent_cover,"c(-67.36613, 44.5983)",Gulf of Maine/Bay of Fundy,Cold Temperate Northwest Atlantic,Temperate Northern Atlantic,0.12,0.10789980732269663,0.10789980732269663,0.10789980732269663,-2.0402208285265546,-2.1379201056836026,-2.1379201056836026,-2.1379201056836026,2001-07-25,2001,2001,-6.7639569049952115,dmr_rasher_steneck 10_3_19,7
dmr_rasher_steneck,10_3_19,2,44.59391,-67.371464,1,2002-07-01,10,10,10,NA,NA,NA,39.5,0,0,0,730,4,39.5,percent_cover,"c(-67.371464, 44.59391)",Gulf of Maine/Bay of Fundy,Cold Temperate Northwest Atlantic,Temperate Northern Atlantic,0.395,0.3551701991038764,0.3551701991038764,0.3551701991038764,-0.9038682118755978,-1.0073917351684698,-1.0073917351684698,-1.0073917351684698,2002-07-01,2002,2002,-5.7639569049952115,dmr_rasher_steneck 10_3_19,7
dmr_rasher_steneck,10_3_19,3,44.59395,-67.3754,1,2003-06-30,10,10,10,NA,NA,NA,79.5,0,0,0,730,4,79.5,percent_cover,"c(-67.3754, 44.59395)",Gulf of Maine/Bay of Fundy,Cold Temperate Northwest Atlantic,Temperate Northern Atlantic,0.795,0.7148362235128651,0.7148362235128651,0.7148362235128651,-0.21691300156357363,-0.3218095482493395,-0.3218095482493395,-0.3218095482493395,2003-06-30,2003,2003,-4.7639569049952115,dmr_rasher_steneck 10_3_19,7
dmr_rasher_steneck,10_3_19,4,44.5976,-67.3692,1,2007-06-27,10,10,10,NA,NA,NA,24.5,0,0,0,730,4,24.5,percent_cover,"c(-67.3692, 44.5976)",Gulf of Maine/Bay of Fundy,Cold Temperate Northwest Atlantic,Temperate Northern Atlantic,0.245,0.22029543995050563,0.22029543995050563,0.22029543995050563,-1.3664917338237108,-1.4683922728269718,-1.4683922728269718,-1.4683922728269718,2007-06-27,2007,2007,-0.7639569049952115,dmr_rasher_steneck 10_3_19,7
dmr_rasher_steneck,10_3_19,5,44.598408,-67.373578,1,2010-06-10,10,10,10,NA,NA,NA,16.5,0,0,0,730,4,16.5,percent_cover,"c(-67.373578, 44.598408)",Gulf of Maine/Bay of Fundy,Cold Temperate Northwest Atlantic,Temperate Northern Atlantic,0.165,0.14836223506870788,0.14836223506870788,0.14836223506870788,-1.7429693050586228,-1.8428702429974573,-1.8428702429974573,-1.8428702429974573,2010-06-10,2010,2010,2.2360430950047885,dmr_rasher_steneck 10_3_19,7
dmr_rasher_steneck,10_3_19,6,44.5984,-67.3736,1,2014-06-19,10,10,10,NA,NA,NA,2.5,0,0,0,730,4,2.5,percent_cover,"c(-67.3736, 44.5984)",Gulf of Maine/Bay of Fundy,Cold Temperate Northwest Atlantic,Temperate Northern Atlantic,0.025,0.022479126525561798,0.022479126525561798,0.022479126525561798,-3.3524072174927233,-3.42715765673618,-3.42715765673618,-3.42715765673618,2014-06-19,2014,2014,6.2360430950047885,dmr_rasher_steneck 10_3_19,7
dmr_rasher_steneck,10_3_19,7,44.5938,-67.3753,1,2017-06-15,10,10,10,NA,NA,NA,5.5,0,0,0,730,4,5.5,percent_cover,"c(-67.3753, 44.5938)",Gulf of Maine/Bay of Fundy,Cold Temperate Northwest Atlantic,Temperate Northern Atlantic,0.055,0.049454078356235956,0.049454078356235956,0.049454078356235956,-2.7333680090865,-2.822551056747755,-2.822551056747755,-2.822551056747755,2017-06-15,2017,2017,9.236043095004788,dmr_rasher_steneck 10_3_19,7
dmr_rasher_steneck,10_3_199,1,44.37017,-68.077,1,2012-05-13,10,10,10,NA,NA,NA,0.5,0,0,0,730,4,0.5,percent_cover,"c(-68.077, 44.37017)",Gulf of Maine/Bay of Fundy,Cold Temperate Northwest Atlantic,Temperate Northern Atlantic,0.005,0.00449582530511236,0.00449582530511236,0.00449582530511236,-4.199705077879927,-4.233894581001898,-4.233894581001898,-4.233894581001898,2012-05-13,2012,2012,4.2360430950047885,dmr_rasher_steneck 10_3_199,3
dmr_rasher_steneck,10_3_199,2,44.36297,-68.0769,1,2013-05-17,10,10,10,NA,NA,NA,10,0,0,0,730,4,10,percent_cover,"c(-68.0769, 44.36297)",Gulf of Maine/Bay of Fundy,Cold Temperate Northwest Atlantic,Temperate Northern Atlantic,0.1,0.08991650610224719,0.08991650610224719,0.08991650610224719,-2.2072749131897207,-2.3034203807272617,-2.3034203807272617,-2.3034203807272617,2013-05-17,2013,2013,5.2360430950047885,dmr_rasher_steneck 10_3_199,3
dmr_rasher_steneck,10_3_199,3,44.3631,-68.0781,1,2017-05-11,10,10,10,NA,NA,NA,24.5,0,0,0,730,4,24.5,percent_cover,"c(-68.0781, 44.3631)",Gulf of Maine/Bay of Fundy,Cold Temperate Northwest Atlantic,Temperate Northern Atlantic,0.245,0.22029543995050563,0.22029543995050563,0.22029543995050563,-1.3664917338237108,-1.4683922728269718,-1.4683922728269718,-1.4683922728269718,2017-05-11,2017,2017,9.236043095004788,dmr_rasher_steneck 10_3_199,3
dmr_rasher_steneck,10_3_205,1,44.76417,-67.0568,1,2012-06-30,10,10,10,NA,NA,NA,10,0,0,0,730,4,10,percent_cover,"c(-67.0568, 44.76417)",Gulf of Maine/Bay of Fundy,Cold Temperate Northwest Atlantic,Temperate Northern Atlantic,0.1,0.08991650610224719,0.08991650610224719,0.08991650610224719,-2.2072749131897207,-2.3034203807272617,-2.3034203807272617,-2.3034203807272617,2012-06-30,2012,2012,4.2360430950047885,dmr_rasher_steneck 10_3_205,3
dmr_rasher_steneck,10_3_205,2,44.7642,-67.0568,1,2015-06-13,10,10,10,NA,NA,NA,13.5,0,0,0,730,4,13.5,percent_cover,"c(-67.0568, 44.7642)",Gulf of Maine/Bay of Fundy,Cold Temperate Northwest Atlantic,Temperate Northern Atlantic,0.135,0.12138728323803372,0.12138728323803372,0.12138728323803372,-1.9310215365615626,-2.0296059566254154,-2.0296059566254154,-2.0296059566254154,2015-06-13,2015,2015,7.2360430950047885,dmr_rasher_steneck 10_3_205,3
dmr_rasher_steneck,10_3_205,3,44.7643,-67.0514,1,2016-06-18,10,10,10,NA,NA,NA,25.5,0,0,0,730,4,25.5,percent_cover,"c(-67.0514, 44.7643)",Gulf of Maine/Bay of Fundy,Cold Temperate Northwest Atlantic,Temperate Northern Atlantic,0.255,0.22928709056073035,0.22928709056073035,0.22928709056073035,-1.3280254529959148,-1.430091232197742,-1.430091232197742,-1.430091232197742,2016-06-18,2016,2016,8.236043095004788,dmr_rasher_steneck 10_3_205,3
dmr_rasher_steneck,10_3_25,1,43.884171,-69.439068,1,2002-05-22,10,10,10,NA,NA,NA,0.7,0,0,0,730,4,0.7,percent_cover,"c(-69.439068, 43.884171)",Gulf of Maine/Bay of Fundy,Cold Temperate Northwest Atlantic,Temperate Northern Atlantic,0.006999999999999999,0.0062941554271573035,0.0062941554271573035,0.0062941554271573035,-4.074541934925921,-4.1169487982195,-4.1169487982195,-4.1169487982195,2002-05-22,2002,2002,-5.7639569049952115,dmr_rasher_steneck 10_3_25,3
dmr_rasher_steneck,10_3_25,2,43.8887,-69.4409,1,2005-05-19,10,10,10,NA,NA,NA,43,0,0,0,730,4,43,percent_cover,"c(-69.4409, 43.8887)",Gulf of Maine/Bay of Fundy,Cold Temperate Northwest Atlantic,Temperate Northern Atlantic,0.43,0.3866409762396629,0.3866409762396629,0.3866409762396629,-0.8209805520698302,-0.9247237494244279,-0.9247237494244279,-0.9247237494244279,2005-05-19,2005,2005,-2.7639569049952115,dmr_rasher_steneck 10_3_25,3
dmr_rasher_steneck,10_3_25,3,43.88869,-69.4331,1,2013-05-03,10,10,10,NA,NA,NA,5.5,0,0,0,730,4,5.5,percent_cover,"c(-69.4331, 43.88869)",Gulf of Maine/Bay of Fundy,Cold Temperate Northwest Atlantic,Temperate Northern Atlantic,0.055,0.049454078356235956,0.049454078356235956,0.049454078356235956,-2.7333680090865,-2.822551056747755,-2.822551056747755,-2.822551056747755,2013-05-03,2013,2013,5.2360430950047885,dmr_rasher_steneck 10_3_25,3
dmr_rasher_steneck,10_3_30,1,44.015404,-68.609039,1,2002-06-05,10,10,10,NA,NA,NA,35,0,0,0,730,4,35,percent_cover,"c(-68.609039, 44.015404)",Gulf of Maine/Bay of Fundy,Cold Temperate Northwest Atlantic,Temperate Northern Atlantic,0.35,0.31470777135786515,0.31470777135786515,0.31470777135786515,-1.0216512475319814,-1.124829666196506,-1.124829666196506,-1.124829666196506,2002-06-05,2002,2002,-5.7639569049952115,dmr_rasher_steneck 10_3_30,3
dmr_rasher_steneck,10_3_30,2,44.0199,-68.60991,1,2003-06-04,10,10,10,NA,NA,NA,9,0,0,0,730,4,9,percent_cover,"c(-68.60991, 44.0199)",Gulf of Maine/Bay of Fundy,Cold Temperate Northwest Atlantic,Temperate Northern Atlantic,0.09,0.08092485549202247,0.08092485549202247,0.08092485549202247,-2.302585092994046,-2.397721877419971,-2.397721877419971,-2.397721877419971,2003-06-04,2003,2003,-4.7639569049952115,dmr_rasher_steneck 10_3_30,3
dmr_rasher_steneck,10_3_30,3,44.0149,-68.6078,1,2017-07-31,10,10,10,NA,NA,NA,17,0,0,0,730,4,17,percent_cover,"c(-68.6078, 44.0149)",Gulf of Maine/Bay of Fundy,Cold Temperate Northwest Atlantic,Temperate Northern Atlantic,0.17,0.15285806037382021,0.15285806037382021,0.15285806037382021,-1.7147984280919266,-1.8148762527904447,-1.8148762527904447,-1.8148762527904447,2017-07-31,2017,2017,9.236043095004788,dmr_rasher_steneck 10_3_30,3
dmr_rasher_steneck,10_3_31,1,44.055712,-68.578571,1,2002-06-05,10,10,10,NA,NA,NA,39.5,0,0,0,730,4,39.5,percent_cover,"c(-68.578571, 44.055712)",Gulf of Maine/Bay of Fundy,Cold Temperate Northwest Atlantic,Temperate Northern Atlantic,0.395,0.3551701991038764,0.3551701991038764,0.3551701991038764,-0.9038682118755978,-1.0073917351684698,-1.0073917351684698,-1.0073917351684698,2002-06-05,2002,2002,-5.7639569049952115,dmr_rasher_steneck 10_3_31,3
dmr_rasher_steneck,10_3_31,2,44.0602,-68.5785,1,2004-06-04,10,10,10,NA,NA,NA,21,0,0,0,730,4,21,percent_cover,"c(-68.5785, 44.0602)",Gulf of Maine/Bay of Fundy,Cold Temperate Northwest Atlantic,Temperate Northern Atlantic,0.21,0.1888246628147191,0.1888246628147191,0.1888246628147191,-1.5141277326297755,-1.6153319340301329,-1.6153319340301329,-1.6153319340301329,2004-06-04,2004,2004,-3.7639569049952115,dmr_rasher_steneck 10_3_31,3
dmr_rasher_steneck,10_3_31,3,44.0603,-68.5848,1,2007-05-29,10,10,10,NA,NA,NA,10,0,0,0,730,4,10,percent_cover,"c(-68.5848, 44.0603)",Gulf of Maine/Bay of Fundy,Cold Temperate Northwest Atlantic,Temperate Northern Atlantic,0.1,0.08991650610224719,0.08991650610224719,0.08991650610224719,-2.2072749131897207,-2.3034203807272617,-2.3034203807272617,-2.3034203807272617,2007-05-29,2007,2007,-0.7639569049952115,dmr_rasher_steneck 10_3_31,3
dmr_rasher_steneck,10_3_38,1,44.490295,-67.636499,1,2002-06-26,10,10,10,NA,NA,NA,0,0,0,0,730,4,0,percent_cover,"c(-67.636499, 44.490295)",Gulf of Maine/Bay of Fundy,Cold Temperate Northwest Atlantic,Temperate Northern Atlantic,0,0,0,0,-4.605170185988091,-4.605170185988091,-4.605170185988091,-4.605170185988091,2002-06-26,2002,2002,-5.7639569049952115,dmr_rasher_steneck 10_3_38,6
dmr_rasher_steneck,10_3_38,2,44.48624,-67.63207,1,2003-06-24,10,10,10,NA,NA,NA,34.5,0,0,0,730,4,34.5,percent_cover,"c(-67.63207, 44.48624)",Gulf of Maine/Bay of Fundy,Cold Temperate Northwest Atlantic,Temperate Northern Atlantic,0.345,0.3102119460527528,0.3102119460527528,0.3102119460527528,-1.0356374895067213,-1.1387721710181606,-1.1387721710181606,-1.1387721710181606,2003-06-24,2003,2003,-4.7639569049952115,dmr_rasher_steneck 10_3_38,6
dmr_rasher_steneck,10_3_38,3,44.4863,-67.637,1,2006-06-29,10,10,10,NA,NA,NA,7,0,0,0,730,4,7,percent_cover,"c(-67.637, 44.4863)",Gulf of Maine/Bay of Fundy,Cold Temperate Northwest Atlantic,Temperate Northern Atlantic,0.07,0.06294155427157304,0.06294155427157304,0.06294155427157304,-2.5257286443082556,-2.618096784923054,-2.618096784923054,-2.618096784923054,2006-06-29,2006,2006,-1.7639569049952115,dmr_rasher_steneck 10_3_38,6
dmr_rasher_steneck,10_3_38,4,44.49108,-67.6331,1,2013-05-31,10,10,10,NA,NA,NA,5,0,0,0,730,4,5,percent_cover,"c(-67.6331, 44.49108)",Gulf of Maine/Bay of Fundy,Cold Temperate Northwest Atlantic,Temperate Northern Atlantic,0.05,0.044958253051123595,0.044958253051123595,0.044958253051123595,-2.8134107167600364,-2.9011814173970296,-2.9011814173970296,-2.9011814173970296,2013-05-31,2013,2013,5.2360430950047885,dmr_rasher_steneck 10_3_38,6
dmr_rasher_steneck,10_3_38,5,44.4901,-67.6276,1,2014-06-09,10,10,10,NA,NA,NA,2,0,0,0,730,4,2,percent_cover,"c(-67.6276, 44.4901)",Gulf of Maine/Bay of Fundy,Cold Temperate Northwest Atlantic,Temperate Northern Atlantic,0.02,0.01798330122044944,0.01798330122044944,0.01798330122044944,-3.506557897319982,-3.5761473316991443,-3.5761473316991443,-3.5761473316991443,2014-06-09,2014,2014,6.2360430950047885,dmr_rasher_steneck 10_3_38,6
dmr_rasher_steneck,10_3_38,6,44.4916,-67.6335,1,2015-06-06,10,10,10,NA,NA,NA,15.5,0,0,0,730,4,15.5,percent_cover,"c(-67.6335, 44.4916)",Gulf of Maine/Bay of Fundy,Cold Temperate Northwest Atlantic,Temperate Northern Atlantic,0.155,0.13937058445848316,0.13937058445848316,0.13937058445848316,-1.8018098050815563,-1.9013249168438435,-1.9013249168438435,-1.9013249168438435,2015-06-06,2015,2015,7.2360430950047885,dmr_rasher_steneck 10_3_38,6
dmr_rasher_steneck,10_3_39,1,44.555111,-67.520045,1,2002-07-01,10,10,10,NA,NA,NA,71.5,0,0,0,730,4,71.5,percent_cover,"c(-67.520045, 44.555111)",Gulf of Maine/Bay of Fundy,Cold Temperate Northwest Atlantic,Temperate Northern Atlantic,0.715,0.6429030186310675,0.6429030186310675,0.6429030186310675,-0.32158362412746233,-0.4263266773800083,-0.4263266773800083,-0.4263266773800083,2002-07-01,2002,2002,-5.7639569049952115,dmr_rasher_steneck 10_3_39,4
dmr_rasher_steneck,10_3_39,2,44.5559,-67.5233,1,2004-06-29,10,10,10,NA,NA,NA,73.5,0,0,0,730,4,73.5,percent_cover,"c(-67.5233, 44.5559)",Gulf of Maine/Bay of Fundy,Cold Temperate Northwest Atlantic,Temperate Northern Atlantic,0.735,0.6608863198515169,0.6608863198515169,0.6608863198515169,-0.29437106060257756,-0.3991555753627047,-0.3991555753627047,-0.3991555753627047,2004-06-29,2004,2004,-3.7639569049952115,dmr_rasher_steneck 10_3_39,4
dmr_rasher_steneck,10_3_39,3,44.55131,-67.51722,1,2010-06-09,10,10,10,NA,NA,NA,42.5,0,0,0,730,4,42.5,percent_cover,"c(-67.51722, 44.55131)",Gulf of Maine/Bay of Fundy,Cold Temperate Northwest Atlantic,Temperate Northern Atlantic,0.425,0.3821451509345506,0.3821451509345506,0.3821451509345506,-0.8324092478934529,-0.9361232247332022,-0.9361232247332022,-0.9361232247332022,2010-06-09,2010,2010,2.2360430950047885,dmr_rasher_steneck 10_3_39,4
dmr_rasher_steneck,10_3_39,4,44.5559,-67.5232,1,2015-06-07,10,10,10,NA,NA,NA,50,0,0,0,730,4,50,percent_cover,"c(-67.5232, 44.5559)",Gulf of Maine/Bay of Fundy,Cold Temperate Northwest Atlantic,Temperate Northern Atlantic,0.5,0.449582530511236,0.449582530511236,0.449582530511236,-0.6733445532637656,-0.7774367439317789,-0.7774367439317789,-0.7774367439317789,2015-06-07,2015,2015,7.2360430950047885,dmr_rasher_steneck 10_3_39,4
dmr_rasher_steneck,10_3_40,1,44.505568,-67.512157,1,2002-06-26,10,10,10,NA,NA,NA,32,0,0,0,730,4,32,percent_cover,"c(-67.512157, 44.505568)",Gulf of Maine/Bay of Fundy,Cold Temperate Northwest Atlantic,Temperate Northern Atlantic,0.32,0.28773281952719104,0.28773281952719104,0.28773281952719104,-1.1086626245216111,-1.2115587734116924,-1.2115587734116924,-1.2115587734116924,2002-06-26,2002,2002,-5.7639569049952115,dmr_rasher_steneck 10_3_40,3
dmr_rasher_steneck,10_3_40,2,44.5025,-67.5121,1,2004-06-24,10,10,10,NA,NA,NA,44.5,0,0,0,730,4,44.5,percent_cover,"c(-67.5121, 44.5025)",Gulf of Maine/Bay of Fundy,Cold Temperate Northwest Atlantic,Temperate Northern Atlantic,0.445,0.400128452155,0.400128452155,0.400128452155,-0.7874578600311866,-0.8912848704123103,-0.8912848704123103,-0.8912848704123103,2004-06-24,2004,2004,-3.7639569049952115,dmr_rasher_steneck 10_3_40,3
dmr_rasher_steneck,10_3_40,3,44.5002,-67.5121,1,2005-06-21,10,10,10,NA,NA,NA,33.5,0,0,0,730,4,33.5,percent_cover,"c(-67.5121, 44.5002)",Gulf of Maine/Bay of Fundy,Cold Temperate Northwest Atlantic,Temperate Northern Atlantic,0.335,0.3012202954425281,0.3012202954425281,0.3012202954425281,-1.0642108619507773,-1.167254272086783,-1.167254272086783,-1.167254272086783,2005-06-21,2005,2005,-2.7639569049952115,dmr_rasher_steneck 10_3_40,3
dmr_rasher_steneck,10_3_42,1,44.6584,-67.18971,1,2002-07-02,10,10,10,NA,NA,NA,35,0,0,0,730,4,35,percent_cover,"c(-67.18971, 44.6584)",Gulf of Maine/Bay of Fundy,Cold Temperate Northwest Atlantic,Temperate Northern Atlantic,0.35,0.31470777135786515,0.31470777135786515,0.31470777135786515,-1.0216512475319814,-1.124829666196506,-1.124829666196506,-1.124829666196506,2002-07-02,2002,2002,-5.7639569049952115,dmr_rasher_steneck 10_3_42,5
dmr_rasher_steneck,10_3_42,2,44.66241,-67.18027,1,2008-06-19,10,10,10,NA,NA,NA,25.5,0,0,0,730,4,25.5,percent_cover,"c(-67.18027, 44.66241)",Gulf of Maine/Bay of Fundy,Cold Temperate Northwest Atlantic,Temperate Northern Atlantic,0.255,0.22928709056073035,0.22928709056073035,0.22928709056073035,-1.3280254529959148,-1.430091232197742,-1.430091232197742,-1.430091232197742,2008-06-19,2008,2008,0.23604309500478848,dmr_rasher_steneck 10_3_42,5
dmr_rasher_steneck,10_3_42,3,44.658434,-67.190369,1,2010-06-10,10,10,10,NA,NA,NA,7,0,0,0,730,4,7,percent_cover,"c(-67.190369, 44.658434)",Gulf of Maine/Bay of Fundy,Cold Temperate Northwest Atlantic,Temperate Northern Atlantic,0.07,0.06294155427157304,0.06294155427157304,0.06294155427157304,-2.5257286443082556,-2.618096784923054,-2.618096784923054,-2.618096784923054,2010-06-10,2010,2010,2.2360430950047885,dmr_rasher_steneck 10_3_42,5
dmr_rasher_steneck,10_3_42,4,44.6584,-67.1897,1,2013-06-14,10,10,10,NA,NA,NA,4,0,0,0,730,4,4,percent_cover,"c(-67.1897, 44.6584)",Gulf of Maine/Bay of Fundy,Cold Temperate Northwest Atlantic,Temperate Northern Atlantic,0.04,0.03596660244089888,0.03596660244089888,0.03596660244089888,-2.995732273553991,-3.0798401800767916,-3.0798401800767916,-3.0798401800767916,2013-06-14,2013,2013,5.2360430950047885,dmr_rasher_steneck 10_3_42,5
dmr_rasher_steneck,10_3_42,5,44.6626,-67.1862,1,2018-05-19,10,10,10,NA,NA,NA,19,0,0,0,730,4,19,percent_cover,"c(-67.1862, 44.6626)",Gulf of Maine/Bay of Fundy,Cold Temperate Northwest Atlantic,Temperate Northern Atlantic,0.19,0.17084136159426966,0.17084136159426966,0.17084136159426966,-1.6094379124341003,-1.7101350873080896,-1.7101350873080896,-1.7101350873080896,2018-05-19,2018,2018,10.236043095004788,dmr_rasher_steneck 10_3_42,5
dmr_rasher_steneck,10_3_48,1,43.88809,-69.46879,1,2003-05-22,10,10,10,NA,NA,NA,36.2,0,0,0,730,4,36.2,percent_cover,"c(-69.46879, 43.88809)",Gulf of Maine/Bay of Fundy,Cold Temperate Northwest Atlantic,Temperate Northern Atlantic,0.36200000000000004,0.3254977520901349,0.3254977520901349,0.3254977520901349,-0.9888614247089903,-1.0921400227712823,-1.0921400227712823,-1.0921400227712823,2003-05-22,2003,2003,-4.7639569049952115,dmr_rasher_steneck 10_3_48,3
dmr_rasher_steneck,10_3_48,2,43.8886,-69.4708,1,2004-05-20,10,10,10,NA,NA,NA,36.5,0,0,0,730,4,36.5,percent_cover,"c(-69.4708, 43.8886)",Gulf of Maine/Bay of Fundy,Cold Temperate Northwest Atlantic,Temperate Northern Atlantic,0.365,0.32819524727320226,0.32819524727320226,0.32819524727320226,-0.9808292530117262,-1.0841318956228998,-1.0841318956228998,-1.0841318956228998,2004-05-20,2004,2004,-3.7639569049952115,dmr_rasher_steneck 10_3_48,3
dmr_rasher_steneck,10_3_48,3,43.8942,-69.4653,1,2006-05-16,10,10,10,NA,NA,NA,8,0,0,0,730,4,8,percent_cover,"c(-69.4653, 43.8942)",Gulf of Maine/Bay of Fundy,Cold Temperate Northwest Atlantic,Temperate Northern Atlantic,0.08,0.07193320488179776,0.07193320488179776,0.07193320488179776,-2.4079456086518722,-2.5018509382762812,-2.5018509382762812,-2.5018509382762812,2006-05-16,2006,2006,-1.7639569049952115,dmr_rasher_steneck 10_3_48,3
dmr_rasher_steneck,10_3_63,1,44.62528,-67.36485,1,2003-06-30,10,10,10,NA,NA,NA,13.5,0,0,0,730,4,13.5,percent_cover,"c(-67.36485, 44.62528)",Gulf of Maine/Bay of Fundy,Cold Temperate Northwest Atlantic,Temperate Northern Atlantic,0.135,0.12138728323803372,0.12138728323803372,0.12138728323803372,-1.9310215365615626,-2.0296059566254154,-2.0296059566254154,-2.0296059566254154,2003-06-30,2003,2003,-4.7639569049952115,dmr_rasher_steneck 10_3_63,4
dmr_rasher_steneck,10_3_63,2,44.6245,-67.3679,1,2004-06-29,10,10,10,NA,NA,NA,0,0,0,0,730,4,0,percent_cover,"c(-67.3679, 44.6245)",Gulf of Maine/Bay of Fundy,Cold Temperate Northwest Atlantic,Temperate Northern Atlantic,0,0,0,0,-4.605170185988091,-4.605170185988091,-4.605170185988091,-4.605170185988091,2004-06-29,2004,2004,-3.7639569049952115,dmr_rasher_steneck 10_3_63,4
dmr_rasher_steneck,10_3_63,3,44.6253,-67.3648,1,2014-06-19,10,10,10,NA,NA,NA,0,0,0,0,730,4,0,percent_cover,"c(-67.3648, 44.6253)",Gulf of Maine/Bay of Fundy,Cold Temperate Northwest Atlantic,Temperate Northern Atlantic,0,0,0,0,-4.605170185988091,-4.605170185988091,-4.605170185988091,-4.605170185988091,2014-06-19,2014,2014,6.2360430950047885,dmr_rasher_steneck 10_3_63,4
dmr_rasher_steneck,10_3_63,4,44.6207,-67.3645,1,2016-06-05,10,10,10,NA,NA,NA,5,0,0,0,730,4,5,percent_cover,"c(-67.3645, 44.6207)",Gulf of Maine/Bay of Fundy,Cold Temperate Northwest Atlantic,Temperate Northern Atlantic,0.05,0.044958253051123595,0.044958253051123595,0.044958253051123595,-2.8134107167600364,-2.9011814173970296,-2.9011814173970296,-2.9011814173970296,2016-06-05,2016,2016,8.236043095004788,dmr_rasher_steneck 10_3_63,4
dmr_rasher_steneck,10_3_68,1,43.7934,-69.6682,1,2004-05-17,10,10,10,NA,NA,NA,44,0,0,0,730,4,44,percent_cover,"c(-69.6682, 43.7934)",Gulf of Maine/Bay of Fundy,Cold Temperate Northwest Atlantic,Temperate Northern Atlantic,0.44,0.39563262684988765,0.39563262684988765,0.39563262684988765,-0.7985076962177716,-0.9023073889889639,-0.9023073889889639,-0.9023073889889639,2004-05-17,2004,2004,-3.7639569049952115,dmr_rasher_steneck 10_3_68,3
dmr_rasher_steneck,10_3_68,2,43.79336,-69.6743,1,2013-05-01,10,10,10,NA,NA,NA,2.5,0,0,0,730,4,2.5,percent_cover,"c(-69.6743, 43.79336)",Gulf of Maine/Bay of Fundy,Cold Temperate Northwest Atlantic,Temperate Northern Atlantic,0.025,0.022479126525561798,0.022479126525561798,0.022479126525561798,-3.3524072174927233,-3.42715765673618,-3.42715765673618,-3.42715765673618,2013-05-01,2013,2013,5.2360430950047885,dmr_rasher_steneck 10_3_68,3
dmr_rasher_steneck,10_3_68,3,43.7934,-69.6743,1,2014-05-07,10,10,10,NA,NA,NA,19.5,0,0,0,730,4,19.5,percent_cover,"c(-69.6743, 43.7934)",Gulf of Maine/Bay of Fundy,Cold Temperate Northwest Atlantic,Temperate Northern Atlantic,0.195,0.17533718689938202,0.17533718689938202,0.17533718689938202,-1.5847452998437288,-1.685578480993263,-1.685578480993263,-1.685578480993263,2014-05-07,2014,2014,6.2360430950047885,dmr_rasher_steneck 10_3_68,3
dmr_rasher_steneck,10_3_74,1,44.3636,-68.1757,1,2004-06-16,10,10,10,NA,NA,NA,69.5,0,0,0,730,4,69.5,percent_cover,"c(-68.1757, 44.3636)",Gulf of Maine/Bay of Fundy,Cold Temperate Northwest Atlantic,Temperate Northern Atlantic,0.695,0.624919717410618,0.624919717410618,0.624919717410618,-0.34955747616986843,-0.4542567173569171,-0.4542567173569171,-0.4542567173569171,2004-06-16,2004,2004,-3.7639569049952115,dmr_rasher_steneck 10_3_74,3
dmr_rasher_steneck,10_3_74,2,44.36367,-68.18109,1,2008-06-03,10,10,10,NA,NA,NA,64.5,0,0,0,730,4,64.5,percent_cover,"c(-68.18109, 44.36367)",Gulf of Maine/Bay of Fundy,Cold Temperate Northwest Atlantic,Temperate Northern Atlantic,0.645,0.5799614643594944,0.5799614643594944,0.5799614643594944,-0.4231200433468851,-0.527698058860391,-0.527698058860391,-0.527698058860391,2008-06-03,2008,2008,0.23604309500478848,dmr_rasher_steneck 10_3_74,3
dmr_rasher_steneck,10_3_74,3,44.3638,-68.181,1,2016-05-21,10,10,10,NA,NA,NA,8.5,0,0,0,730,4,8.5,percent_cover,"c(-68.181, 44.3638)",Gulf of Maine/Bay of Fundy,Cold Temperate Northwest Atlantic,Temperate Northern Atlantic,0.085,0.07642903018691011,0.07642903018691011,0.07642903018691011,-2.353878387381596,-2.448431662072976,-2.448431662072976,-2.448431662072976,2016-05-21,2016,2016,8.236043095004788,dmr_rasher_steneck 10_3_74,3
dmr_rasher_steneck,10_3_91,1,43.9798,-69.0903,1,2005-05-29,10,10,10,NA,NA,NA,55,0,0,0,730,4,55,percent_cover,"c(-69.0903, 43.9798)",Gulf of Maine/Bay of Fundy,Cold Temperate Northwest Atlantic,Temperate Northern Atlantic,0.55,0.4945407835623596,0.4945407835623596,0.4945407835623596,-0.579818495252942,-0.6841066028872136,-0.6841066028872136,-0.6841066028872136,2005-05-29,2005,2005,-2.7639569049952115,dmr_rasher_steneck 10_3_91,3
dmr_rasher_steneck,10_3_91,2,43.97532,-69.08408,1,2008-05-16,10,10,10,NA,NA,NA,20.5,0,0,0,730,4,20.5,percent_cover,"c(-69.08408, 43.97532)",Gulf of Maine/Bay of Fundy,Cold Temperate Northwest Atlantic,Temperate Northern Atlantic,0.205,0.18432883750960674,0.18432883750960674,0.18432883750960674,-1.5371172508544744,-1.6382035161662993,-1.6382035161662993,-1.6382035161662993,2008-05-16,2008,2008,0.23604309500478848,dmr_rasher_steneck 10_3_91,3
dmr_rasher_steneck,10_3_91,3,43.9753,-69.0841,1,2017-05-05,10,10,10,NA,NA,NA,8,0,0,0,730,4,8,percent_cover,"c(-69.0841, 43.9753)",Gulf of Maine/Bay of Fundy,Cold Temperate Northwest Atlantic,Temperate Northern Atlantic,0.08,0.07193320488179776,0.07193320488179776,0.07193320488179776,-2.4079456086518722,-2.5018509382762812,-2.5018509382762812,-2.5018509382762812,2017-05-05,2017,2017,9.236043095004788,dmr_rasher_steneck 10_3_91,3
dmr_rasher_steneck,10_3_96,1,44.3631,-68.0932,1,2005-06-15,10,10,10,NA,NA,NA,39,0,0,0,730,4,39,percent_cover,"c(-68.0932, 44.3631)",Gulf of Maine/Bay of Fundy,Cold Temperate Northwest Atlantic,Temperate Northern Atlantic,0.39,0.35067437379876404,0.35067437379876404,0.35067437379876404,-0.916290731874155,-1.0197797393443249,-1.0197797393443249,-1.0197797393443249,2005-06-15,2005,2005,-2.7639569049952115,dmr_rasher_steneck 10_3_96,4
dmr_rasher_steneck,10_3_96,2,44.363,-68.087,1,2006-06-18,10,10,10,NA,NA,NA,4.1,0,0,0,730,4,4.1,percent_cover,"c(-68.087, 44.363)",Gulf of Maine/Bay of Fundy,Cold Temperate Northwest Atlantic,Temperate Northern Atlantic,0.040999999999999995,0.036865767501921345,0.036865767501921345,0.036865767501921345,-2.9759296462578115,-3.0604677740497332,-3.0604677740497332,-3.0604677740497332,2006-06-18,2006,2006,-1.7639569049952115,dmr_rasher_steneck 10_3_96,4
dmr_rasher_steneck,10_3_96,3,44.3677,-68.0934,1,2017-05-12,10,10,10,NA,NA,NA,21,0,0,0,730,4,21,percent_cover,"c(-68.0934, 44.3677)",Gulf of Maine/Bay of Fundy,Cold Temperate Northwest Atlantic,Temperate Northern Atlantic,0.21,0.1888246628147191,0.1888246628147191,0.1888246628147191,-1.5141277326297755,-1.6153319340301329,-1.6153319340301329,-1.6153319340301329,2017-05-12,2017,2017,9.236043095004788,dmr_rasher_steneck 10_3_96,4
dmr_rasher_steneck,10_3_96,4,44.3641,-68.0985,1,2018-05-14,10,10,10,NA,NA,NA,43,0,0,0,730,4,43,percent_cover,"c(-68.0985, 44.3641)",Gulf of Maine/Bay of Fundy,Cold Temperate Northwest Atlantic,Temperate Northern Atlantic,0.43,0.3866409762396629,0.3866409762396629,0.3866409762396629,-0.8209805520698302,-0.9247237494244279,-0.9247237494244279,-0.9247237494244279,2018-05-14,2018,2018,10.236043095004788,dmr_rasher_steneck 10_3_96,4
dmr_rasher_steneck,10_3_99,1,44.4115,-67.9298,1,2005-06-14,10,10,10,NA,NA,NA,22.5,0,0,0,730,4,22.5,percent_cover,"c(-67.9298, 44.4115)",Gulf of Maine/Bay of Fundy,Cold Temperate Northwest Atlantic,Temperate Northern Atlantic,0.225,0.20231213873005618,0.20231213873005618,0.20231213873005618,-1.448169764837978,-1.549697734658043,-1.549697734658043,-1.549697734658043,2005-06-14,2005,2005,-2.7639569049952115,dmr_rasher_steneck 10_3_99,3
dmr_rasher_steneck,10_3_99,2,44.41602,-67.92899,1,2009-06-04,10,10,10,NA,NA,NA,61.5,0,0,0,730,4,61.5,percent_cover,"c(-67.92899, 44.41602)",Gulf of Maine/Bay of Fundy,Cold Temperate Northwest Atlantic,Temperate Northern Atlantic,0.615,0.5529865125288203,0.5529865125288203,0.5529865125288203,-0.4700036292457356,-0.5744996075613422,-0.5744996075613422,-0.5744996075613422,2009-06-04,2009,2009,1.2360430950047885,dmr_rasher_steneck 10_3_99,3
dmr_rasher_steneck,10_3_99,3,44.4161,-67.929,1,2016-05-21,10,10,10,NA,NA,NA,70.5,0,0,0,730,4,70.5,percent_cover,"c(-67.929, 44.4161)",Gulf of Maine/Bay of Fundy,Cold Temperate Northwest Atlantic,Temperate Northern Atlantic,0.705,0.6339113680208427,0.6339113680208427,0.6339113680208427,-0.33547273628812946,-0.440194189646117,-0.440194189646117,-0.440194189646117,2016-05-21,2016,2016,8.236043095004788,dmr_rasher_steneck 10_3_99,3
dmr_rasher_steneck,10_4_10,1,44.57199,-67.40965,1,2001-07-24,10,10,10,NA,NA,NA,71,0,0,0,730,4,71,percent_cover,"c(-67.40965, 44.57199)",Gulf of Maine/Bay of Fundy,Cold Temperate Northwest Atlantic,Temperate Northern Atlantic,0.71,0.6384071933259551,0.6384071933259551,0.6384071933259551,-0.3285040669720361,-0.4332363952186201,-0.4332363952186201,-0.4332363952186201,2001-07-24,2001,2001,-6.7639569049952115,dmr_rasher_steneck 10_4_10,3
dmr_rasher_steneck,10_4_10,2,44.572,-67.4097,1,2007-06-19,10,10,10,NA,NA,NA,40,0,0,0,730,4,40,percent_cover,"c(-67.4097, 44.572)",Gulf of Maine/Bay of Fundy,Cold Temperate Northwest Atlantic,Temperate Northern Atlantic,0.4,0.35966602440898876,0.35966602440898876,0.35966602440898876,-0.8915981192837835,-0.9951553176981732,-0.9951553176981732,-0.9951553176981732,2007-06-19,2007,2007,-0.7639569049952115,dmr_rasher_steneck 10_4_10,3
dmr_rasher_steneck,10_4_10,3,44.57191,-67.40451,1,2009-06-11,10,10,10,NA,NA,NA,40,0,0,0,730,4,40,percent_cover,"c(-67.40451, 44.57191)",Gulf of Maine/Bay of Fundy,Cold Temperate Northwest Atlantic,Temperate Northern Atlantic,0.4,0.35966602440898876,0.35966602440898876,0.35966602440898876,-0.8915981192837835,-0.9951553176981732,-0.9951553176981732,-0.9951553176981732,2009-06-11,2009,2009,1.2360430950047885,dmr_rasher_steneck 10_4_10,3
dmr_rasher_steneck,10_4_102,1,44.7419,-67.0704,1,2005-06-27,10,10,10,NA,NA,NA,9.5,0,0,0,730,4,9.5,percent_cover,"c(-67.0704, 44.7419)",Gulf of Maine/Bay of Fundy,Cold Temperate Northwest Atlantic,Temperate Northern Atlantic,0.095,0.08542068079713483,0.08542068079713483,0.08542068079713483,-2.2537949288246137,-2.3494599441770707,-2.3494599441770707,-2.3494599441770707,2005-06-27,2005,2005,-2.7639569049952115,dmr_rasher_steneck 10_4_102,3
dmr_rasher_steneck,10_4_102,2,44.7464,-67.0702,1,2006-07-02,10,10,10,NA,NA,NA,5,0,0,0,730,4,5,percent_cover,"c(-67.0702, 44.7464)",Gulf of Maine/Bay of Fundy,Cold Temperate Northwest Atlantic,Temperate Northern Atlantic,0.05,0.044958253051123595,0.044958253051123595,0.044958253051123595,-2.8134107167600364,-2.9011814173970296,-2.9011814173970296,-2.9011814173970296,2006-07-02,2006,2006,-1.7639569049952115,dmr_rasher_steneck 10_4_102,3
dmr_rasher_steneck,10_4_102,3,44.7507,-67.0697,1,2017-06-16,10,10,10,NA,NA,NA,3,0,0,0,730,4,3,percent_cover,"c(-67.0697, 44.7507)",Gulf of Maine/Bay of Fundy,Cold Temperate Northwest Atlantic,Temperate Northern Atlantic,0.03,0.02697495183067416,0.02697495183067416,0.02697495183067416,-3.2188758248682006,-3.297514573140033,-3.297514573140033,-3.297514573140033,2017-06-16,2017,2017,9.236043095004788,dmr_rasher_steneck 10_4_102,3
dmr_rasher_steneck,10_4_106,1,43.6915,-70.0828,1,2006-05-10,10,10,10,NA,NA,NA,10,0,0,0,730,4,10,percent_cover,"c(-70.0828, 43.6915)",Gulf of Maine/Bay of Fundy,Cold Temperate Northwest Atlantic,Temperate Northern Atlantic,0.1,0.08991650610224719,0.08991650610224719,0.08991650610224719,-2.2072749131897207,-2.3034203807272617,-2.3034203807272617,-2.3034203807272617,2006-05-10,2006,2006,-1.7639569049952115,dmr_rasher_steneck 10_4_106,3
dmr_rasher_steneck,10_4_106,2,43.687002,-70.082733,1,2010-05-07,10,10,10,NA,NA,NA,9,0,0,0,730,4,9,percent_cover,"c(-70.082733, 43.687002)",Gulf of Maine/Bay of Fundy,Cold Temperate Northwest Atlantic,Temperate Northern Atlantic,0.09,0.08092485549202247,0.08092485549202247,0.08092485549202247,-2.302585092994046,-2.397721877419971,-2.397721877419971,-2.397721877419971,2010-05-07,2010,2010,2.2360430950047885,dmr_rasher_steneck 10_4_106,3
dmr_rasher_steneck,10_4_106,3,43.68669,-70.08436,1,2018-08-21,10,10,10,NA,NA,NA,15.125,0,0,0,730,4,15.125,percent_cover,"c(-70.08436, 43.68669)",Gulf of Maine/Bay of Fundy,Cold Temperate Northwest Atlantic,Temperate Northern Atlantic,0.15125,0.13599871547964887,0.13599871547964887,0.13599871547964887,-1.8247993233062552,-1.9241574553971008,-1.9241574553971008,-1.9241574553971008,2018-08-21,2018,2018,10.236043095004788,dmr_rasher_steneck 10_4_106,3
dmr_rasher_steneck,10_4_128,1,44.2423,-68.2079,1,2007-06-08,10,10,10,NA,NA,NA,34.5,0,0,0,730,4,34.5,percent_cover,"c(-68.2079, 44.2423)",Gulf of Maine/Bay of Fundy,Cold Temperate Northwest Atlantic,Temperate Northern Atlantic,0.345,0.3102119460527528,0.3102119460527528,0.3102119460527528,-1.0356374895067213,-1.1387721710181606,-1.1387721710181606,-1.1387721710181606,2007-06-08,2007,2007,-0.7639569049952115,dmr_rasher_steneck 10_4_128,3
dmr_rasher_steneck,10_4_128,2,44.239,-68.2096,1,2014-05-27,10,10,10,NA,NA,NA,17,0,0,0,730,4,17,percent_cover,"c(-68.2096, 44.239)",Gulf of Maine/Bay of Fundy,Cold Temperate Northwest Atlantic,Temperate Northern Atlantic,0.17,0.15285806037382021,0.15285806037382021,0.15285806037382021,-1.7147984280919266,-1.8148762527904447,-1.8148762527904447,-1.8148762527904447,2014-05-27,2014,2014,6.2360430950047885,dmr_rasher_steneck 10_4_128,3
dmr_rasher_steneck,10_4_128,3,44.2371,-68.2048,1,2016-08-30,10,10,10,NA,NA,NA,41,0,0,0,730,4,41,percent_cover,"c(-68.2048, 44.2371)",Gulf of Maine/Bay of Fundy,Cold Temperate Northwest Atlantic,Temperate Northern Atlantic,0.41,0.3686576750192135,0.3686576750192135,0.3686576750192135,-0.8675005677047231,-0.9711227141989318,-0.9711227141989318,-0.9711227141989318,2016-08-30,2016,2016,8.236043095004788,dmr_rasher_steneck 10_4_128,3
dmr_rasher_steneck,10_4_13,1,44.6624,-67.16127,1,2001-07-27,10,10,10,NA,NA,NA,40.5,0,0,0,730,4,40.5,percent_cover,"c(-67.16127, 44.6624)",Gulf of Maine/Bay of Fundy,Cold Temperate Northwest Atlantic,Temperate Northern Atlantic,0.405,0.36416184971410115,0.36416184971410115,0.36416184971410115,-0.8794767587514387,-0.9830668219320255,-0.9830668219320255,-0.9830668219320255,2001-07-27,2001,2001,-6.7639569049952115,dmr_rasher_steneck 10_4_13,3
dmr_rasher_steneck,10_4_13,2,44.66214,-67.16768,1,2003-07-01,10,10,10,NA,NA,NA,5,0,0,0,730,4,5,percent_cover,"c(-67.16768, 44.66214)",Gulf of Maine/Bay of Fundy,Cold Temperate Northwest Atlantic,Temperate Northern Atlantic,0.05,0.044958253051123595,0.044958253051123595,0.044958253051123595,-2.8134107167600364,-2.9011814173970296,-2.9011814173970296,-2.9011814173970296,2003-07-01,2003,2003,-4.7639569049952115,dmr_rasher_steneck 10_4_13,3
dmr_rasher_steneck,10_4_13,3,44.66214,-67.16768,1,2009-06-15,10,10,10,NA,NA,NA,24.5,0,0,0,730,4,24.5,percent_cover,"c(-67.16768, 44.66214)",Gulf of Maine/Bay of Fundy,Cold Temperate Northwest Atlantic,Temperate Northern Atlantic,0.245,0.22029543995050563,0.22029543995050563,0.22029543995050563,-1.3664917338237108,-1.4683922728269718,-1.4683922728269718,-1.4683922728269718,2009-06-15,2009,2009,1.2360430950047885,dmr_rasher_steneck 10_4_13,3
dmr_rasher_steneck,10_4_131,1,44.429,-67.8476,1,2007-06-18,10,10,10,NA,NA,NA,3.5,0,0,0,730,4,3.5,percent_cover,"c(-67.8476, 44.429)",Gulf of Maine/Bay of Fundy,Cold Temperate Northwest Atlantic,Temperate Northern Atlantic,0.035,0.03147077713578652,0.03147077713578652,0.03147077713578652,-3.101092789211817,-3.182766265189124,-3.182766265189124,-3.182766265189124,2007-06-18,2007,2007,-0.7639569049952115,dmr_rasher_steneck 10_4_131,3
dmr_rasher_steneck,10_4_131,2,44.4215,-67.84725,1,2008-06-11,10,10,10,NA,NA,NA,13.4,0,0,0,730,4,13.4,percent_cover,"c(-67.84725, 44.4215)",Gulf of Maine/Bay of Fundy,Cold Temperate Northwest Atlantic,Temperate Northern Atlantic,0.134,0.12048811817701124,0.12048811817701124,0.12048811817701124,-1.9379419794061363,-2.036473104816572,-2.036473104816572,-2.036473104816572,2008-06-11,2008,2008,0.23604309500478848,dmr_rasher_steneck 10_4_131,3
dmr_rasher_steneck,10_4_131,3,44.42447,-67.8477,1,2012-06-11,10,10,10,NA,NA,NA,7,0,0,0,730,4,7,percent_cover,"c(-67.8477, 44.42447)",Gulf of Maine/Bay of Fundy,Cold Temperate Northwest Atlantic,Temperate Northern Atlantic,0.07,0.06294155427157304,0.06294155427157304,0.06294155427157304,-2.5257286443082556,-2.618096784923054,-2.618096784923054,-2.618096784923054,2012-06-11,2012,2012,4.2360430950047885,dmr_rasher_steneck 10_4_131,3
dmr_rasher_steneck,10_4_145,1,44.09559,-68.48462,1,2008-06-02,10,10,10,NA,NA,NA,13.5,0,0,0,730,4,13.5,percent_cover,"c(-68.48462, 44.09559)",Gulf of Maine/Bay of Fundy,Cold Temperate Northwest Atlantic,Temperate Northern Atlantic,0.135,0.12138728323803372,0.12138728323803372,0.12138728323803372,-1.9310215365615626,-2.0296059566254154,-2.0296059566254154,-2.0296059566254154,2008-06-02,2008,2008,0.23604309500478848,dmr_rasher_steneck 10_4_145,3
dmr_rasher_steneck,10_4_145,2,44.1001,-68.4846,1,2014-05-13,10,10,10,NA,NA,NA,35,0,0,0,730,4,35,percent_cover,"c(-68.4846, 44.1001)",Gulf of Maine/Bay of Fundy,Cold Temperate Northwest Atlantic,Temperate Northern Atlantic,0.35,0.31470777135786515,0.31470777135786515,0.31470777135786515,-1.0216512475319814,-1.124829666196506,-1.124829666196506,-1.124829666196506,2014-05-13,2014,2014,6.2360430950047885,dmr_rasher_steneck 10_4_145,3
dmr_rasher_steneck,10_4_145,3,44.0999,-68.4789,1,2017-05-10,10,10,10,NA,NA,NA,5.5,0,0,0,730,4,5.5,percent_cover,"c(-68.4789, 44.0999)",Gulf of Maine/Bay of Fundy,Cold Temperate Northwest Atlantic,Temperate Northern Atlantic,0.055,0.049454078356235956,0.049454078356235956,0.049454078356235956,-2.7333680090865,-2.822551056747755,-2.822551056747755,-2.822551056747755,2017-05-10,2017,2017,9.236043095004788,dmr_rasher_steneck 10_4_145,3
dmr_rasher_steneck,10_4_148,1,44.48392,-67.52526,1,2008-06-12,10,10,10,NA,NA,NA,17.5,0,0,0,730,4,17.5,percent_cover,"c(-67.52526, 44.48392)",Gulf of Maine/Bay of Fundy,Cold Temperate Northwest Atlantic,Temperate Northern Atlantic,0.175,0.15735388567893258,0.15735388567893258,0.15735388567893258,-1.6873994539038122,-1.7876446327181523,-1.7876446327181523,-1.7876446327181523,2008-06-12,2008,2008,0.23604309500478848,dmr_rasher_steneck 10_4_148,4
dmr_rasher_steneck,10_4_148,2,44.484,-67.5248,1,2015-06-07,10,10,10,NA,NA,NA,9,0,0,0,730,4,9,percent_cover,"c(-67.5248, 44.484)",Gulf of Maine/Bay of Fundy,Cold Temperate Northwest Atlantic,Temperate Northern Atlantic,0.09,0.08092485549202247,0.08092485549202247,0.08092485549202247,-2.302585092994046,-2.397721877419971,-2.397721877419971,-2.397721877419971,2015-06-07,2015,2015,7.2360430950047885,dmr_rasher_steneck 10_4_148,4
dmr_rasher_steneck,10_4_148,3,44.4822,-67.5276,1,2017-08-22,10,10,10,NA,NA,NA,0.375,0,0,0,730,4,0.375,percent_cover,"c(-67.5276, 44.4822)",Gulf of Maine/Bay of Fundy,Cold Temperate Northwest Atlantic,Temperate Northern Atlantic,0.00375,0.00337186897883427,0.00337186897883427,0.00337186897883427,-4.286716454869556,-4.314602108645016,-4.314602108645016,-4.314602108645016,2017-08-22,2017,2017,9.236043095004788,dmr_rasher_steneck 10_4_148,4
dmr_rasher_steneck,10_4_148,4,44.4822,-67.5276,1,2018-07-08,10,10,10,NA,NA,NA,0.5875,0,0,0,730,4,0.5875,percent_cover,"c(-67.5276, 44.4822)",Gulf of Maine/Bay of Fundy,Cold Temperate Northwest Atlantic,Temperate Northern Atlantic,0.005875,0.005282594733507023,0.005282594733507023,0.005282594733507023,-4.143009734203382,-4.181040697257965,-4.181040697257965,-4.181040697257965,2018-07-08,2018,2018,10.236043095004788,dmr_rasher_steneck 10_4_148,4
dmr_rasher_steneck,10_4_159,1,44.33128,-68.0515,1,2009-06-04,10,10,10,NA,NA,NA,21.5,0,0,0,730,4,21.5,percent_cover,"c(-68.0515, 44.33128)",Gulf of Maine/Bay of Fundy,Cold Temperate Northwest Atlantic,Temperate Northern Atlantic,0.215,0.19332048811983146,0.19332048811983146,0.19332048811983146,-1.491654876777717,-1.592971785659556,-1.592971785659556,-1.592971785659556,2009-06-04,2009,2009,1.2360430950047885,dmr_rasher_steneck 10_4_159,4
dmr_rasher_steneck,10_4_159,2,44.3358,-68.0553,1,2013-05-17,10,10,10,NA,NA,NA,20.5,0,0,0,730,4,20.5,percent_cover,"c(-68.0553, 44.3358)",Gulf of Maine/Bay of Fundy,Cold Temperate Northwest Atlantic,Temperate Northern Atlantic,0.205,0.18432883750960674,0.18432883750960674,0.18432883750960674,-1.5371172508544744,-1.6382035161662993,-1.6382035161662993,-1.6382035161662993,2013-05-17,2013,2013,5.2360430950047885,dmr_rasher_steneck 10_4_159,4
dmr_rasher_steneck,10_4_159,3,44.3345,-68.0525,1,2017-07-13,10,10,10,NA,NA,NA,10.1666666666667,0,0,0,730,4,10.1666666666667,percent_cover,"c(-68.0525, 44.3345)",Gulf of Maine/Bay of Fundy,Cold Temperate Northwest Atlantic,Temperate Northern Atlantic,0.101666666666667,0.09141511453728494,0.09141511453728494,0.09141511453728494,-2.1922370358251775,-2.288533140380071,-2.288533140380071,-2.288533140380071,2017-07-13,2017,2017,9.236043095004788,dmr_rasher_steneck 10_4_159,4
dmr_rasher_steneck,10_4_159,4,44.3345,-68.0525,1,2018-07-10,10,10,10,NA,NA,NA,20.8875,0,0,0,730,4,20.8875,percent_cover,"c(-68.0525, 44.3345)",Gulf of Maine/Bay of Fundy,Cold Temperate Northwest Atlantic,Temperate Northern Atlantic,0.208875,0.18781310212106883,0.18781310212106883,0.18781310212106883,-1.519254488376121,-1.620432622750296,-1.620432622750296,-1.620432622750296,2018-07-10,2018,2018,10.236043095004788,dmr_rasher_steneck 10_4_159,4
dmr_rasher_steneck,10_4_163,1,44.55978,-67.48568,1,2009-06-11,10,10,10,NA,NA,NA,26.5,0,0,0,730,4,26.5,percent_cover,"c(-67.48568, 44.55978)",Gulf of Maine/Bay of Fundy,Cold Temperate Northwest Atlantic,Temperate Northern Atlantic,0.265,0.23827874117095507,0.23827874117095507,0.23827874117095507,-1.2909841813155656,-1.3932032076486884,-1.3932032076486884,-1.3932032076486884,2009-06-11,2009,2009,1.2360430950047885,dmr_rasher_steneck 10_4_163,3
dmr_rasher_steneck,10_4_163,2,44.55968,-67.4794,1,2013-05-31,10,10,10,NA,NA,NA,2,0,0,0,730,4,2,percent_cover,"c(-67.4794, 44.55968)",Gulf of Maine/Bay of Fundy,Cold Temperate Northwest Atlantic,Temperate Northern Atlantic,0.02,0.01798330122044944,0.01798330122044944,0.01798330122044944,-3.506557897319982,-3.5761473316991443,-3.5761473316991443,-3.5761473316991443,2013-05-31,2013,2013,5.2360430950047885,dmr_rasher_steneck 10_4_163,3
dmr_rasher_steneck,10_4_163,3,44.5596,-67.4792,1,2017-06-15,10,10,10,NA,NA,NA,11,0,0,0,730,4,11,percent_cover,"c(-67.4792, 44.5596)",Gulf of Maine/Bay of Fundy,Cold Temperate Northwest Atlantic,Temperate Northern Atlantic,0.11,0.09890815671247191,0.09890815671247191,0.09890815671247191,-2.120263536200091,-2.217250350907185,-2.217250350907185,-2.217250350907185,2017-06-15,2017,2017,9.236043095004788,dmr_rasher_steneck 10_4_163,3
dmr_rasher_steneck,10_4_166,1,43.771149,-69.586964,1,2010-05-06,10,10,10,NA,NA,NA,11.5,0,0,0,730,4,11.5,percent_cover,"c(-69.586964, 43.771149)",Gulf of Maine/Bay of Fundy,Cold Temperate Northwest Atlantic,Temperate Northern Atlantic,0.115,0.10340398201758427,0.10340398201758427,0.10340398201758427,-2.0794415416798357,-2.176798773511483,-2.176798773511483,-2.176798773511483,2010-05-06,2010,2010,2.2360430950047885,dmr_rasher_steneck 10_4_166,3
dmr_rasher_steneck,10_4_166,2,43.77567,-69.5803,1,2012-05-03,10,10,10,NA,NA,NA,9.5,0,0,0,730,4,9.5,percent_cover,"c(-69.5803, 43.77567)",Gulf of Maine/Bay of Fundy,Cold Temperate Northwest Atlantic,Temperate Northern Atlantic,0.095,0.08542068079713483,0.08542068079713483,0.08542068079713483,-2.2537949288246137,-2.3494599441770707,-2.3494599441770707,-2.3494599441770707,2012-05-03,2012,2012,4.2360430950047885,dmr_rasher_steneck 10_4_166,3
dmr_rasher_steneck,10_4_166,3,43.77564,-69.5885,1,2013-05-02,10,10,10,NA,NA,NA,14.5,0,0,0,730,4,14.5,percent_cover,"c(-69.5885, 43.77564)",Gulf of Maine/Bay of Fundy,Cold Temperate Northwest Atlantic,Temperate Northern Atlantic,0.145,0.13037893384825844,0.13037893384825844,0.13037893384825844,-1.8643301620628905,-1.9634098424639488,-1.9634098424639488,-1.9634098424639488,2013-05-02,2013,2013,5.2360430950047885,dmr_rasher_steneck 10_4_166,3
dmr_rasher_steneck,10_4_24,1,44.237915,-68.245216,1,2002-06-11,10,10,10,NA,NA,NA,52.7,0,0,0,730,4,52.7,percent_cover,"c(-68.245216, 44.237915)",Gulf of Maine/Bay of Fundy,Cold Temperate Northwest Atlantic,Temperate Northern Atlantic,0.527,0.47385998715884275,0.47385998715884275,0.47385998715884275,-0.6217571844732723,-0.7259596968454891,-0.7259596968454891,-0.7259596968454891,2002-06-11,2002,2002,-5.7639569049952115,dmr_rasher_steneck 10_4_24,3
dmr_rasher_steneck,10_4_24,2,44.2376,-68.2452,1,2016-08-31,10,10,10,NA,NA,NA,49.375,0,0,0,730,4,49.375,percent_cover,"c(-68.2452, 44.2376)",Gulf of Maine/Bay of Fundy,Cold Temperate Northwest Atlantic,Temperate Northern Atlantic,0.49375,0.4439627488798455,0.4439627488798455,0.4439627488798455,-0.6856751657212442,-0.7897401352326008,-0.7897401352326008,-0.7897401352326008,2016-08-31,2016,2016,8.236043095004788,dmr_rasher_steneck 10_4_24,3
dmr_rasher_steneck,10_4_24,3,44.2379,-68.2391,1,2017-05-11,10,10,10,NA,NA,NA,21,0,0,0,730,4,21,percent_cover,"c(-68.2391, 44.2379)",Gulf of Maine/Bay of Fundy,Cold Temperate Northwest Atlantic,Temperate Northern Atlantic,0.21,0.1888246628147191,0.1888246628147191,0.1888246628147191,-1.5141277326297755,-1.6153319340301329,-1.6153319340301329,-1.6153319340301329,2017-05-11,2017,2017,9.236043095004788,dmr_rasher_steneck 10_4_24,3
dmr_rasher_steneck,10_4_25,1,44.349586,-68.093441,1,2002-06-18,10,10,10,NA,NA,NA,10.9,0,0,0,730,4,10.9,percent_cover,"c(-68.093441, 44.349586)",Gulf of Maine/Bay of Fundy,Cold Temperate Northwest Atlantic,Temperate Northern Atlantic,0.109,0.09800899165144944,0.09800899165144944,0.09800899165144944,-2.1286317858706076,-2.225540799291569,-2.225540799291569,-2.225540799291569,2002-06-18,2002,2002,-5.7639569049952115,dmr_rasher_steneck 10_4_25,3
dmr_rasher_steneck,10_4_25,2,44.35412,-68.0996,1,2012-05-13,10,10,10,NA,NA,NA,9,0,0,0,730,4,9,percent_cover,"c(-68.0996, 44.35412)",Gulf of Maine/Bay of Fundy,Cold Temperate Northwest Atlantic,Temperate Northern Atlantic,0.09,0.08092485549202247,0.08092485549202247,0.08092485549202247,-2.302585092994046,-2.397721877419971,-2.397721877419971,-2.397721877419971,2012-05-13,2012,2012,4.2360430950047885,dmr_rasher_steneck 10_4_25,3
dmr_rasher_steneck,10_4_25,3,44.3541,-68.0934,1,2014-06-06,10,10,10,NA,NA,NA,25.5,0,0,0,730,4,25.5,percent_cover,"c(-68.0934, 44.3541)",Gulf of Maine/Bay of Fundy,Cold Temperate Northwest Atlantic,Temperate Northern Atlantic,0.255,0.22928709056073035,0.22928709056073035,0.22928709056073035,-1.3280254529959148,-1.430091232197742,-1.430091232197742,-1.430091232197742,2014-06-06,2014,2014,6.2360430950047885,dmr_rasher_steneck 10_4_25,3
dmr_rasher_steneck,10_4_27,1,44.398499,-67.942669,1,2002-06-17,10,10,10,NA,NA,NA,23,0,0,0,730,4,23,percent_cover,"c(-67.942669, 44.398499)",Gulf of Maine/Bay of Fundy,Cold Temperate Northwest Atlantic,Temperate Northern Atlantic,0.23,0.20680796403516855,0.20680796403516855,0.20680796403516855,-1.4271163556401456,-1.5287432756117807,-1.5287432756117807,-1.5287432756117807,2002-06-17,2002,2002,-5.7639569049952115,dmr_rasher_steneck 10_4_27,4
dmr_rasher_steneck,10_4_27,2,44.39865,-67.94713,1,2003-06-16,10,10,10,NA,NA,NA,4.5,0,0,0,730,4,4.5,percent_cover,"c(-67.94713, 44.39865)",Gulf of Maine/Bay of Fundy,Cold Temperate Northwest Atlantic,Temperate Northern Atlantic,0.045,0.040462427746011234,0.040462427746011234,0.040462427746011234,-2.900422093749666,-2.9865262246394018,-2.9865262246394018,-2.9865262246394018,2003-06-16,2003,2003,-4.7639569049952115,dmr_rasher_steneck 10_4_27,4
dmr_rasher_steneck,10_4_27,3,44.39761,-67.95086,1,2011-06-03,10,10,10,NA,NA,NA,11.5,0,0,0,730,4,11.5,percent_cover,"c(-67.95086, 44.39761)",Gulf of Maine/Bay of Fundy,Cold Temperate Northwest Atlantic,Temperate Northern Atlantic,0.115,0.10340398201758427,0.10340398201758427,0.10340398201758427,-2.0794415416798357,-2.176798773511483,-2.176798773511483,-2.176798773511483,2011-06-03,2011,2011,3.2360430950047885,dmr_rasher_steneck 10_4_27,4
dmr_rasher_steneck,10_4_27,4,44.3973,-67.9509,1,2015-05-17,10,10,10,NA,NA,NA,7,0,0,0,730,4,7,percent_cover,"c(-67.9509, 44.3973)",Gulf of Maine/Bay of Fundy,Cold Temperate Northwest Atlantic,Temperate Northern Atlantic,0.07,0.06294155427157304,0.06294155427157304,0.06294155427157304,-2.5257286443082556,-2.618096784923054,-2.618096784923054,-2.618096784923054,2015-05-17,2015,2015,7.2360430950047885,dmr_rasher_steneck 10_4_27,4
dmr_rasher_steneck,10_4_29,1,44.60202,-67.320541,1,2002-07-01,10,10,10,NA,NA,NA,3,0,0,0,730,4,3,percent_cover,"c(-67.320541, 44.60202)",Gulf of Maine/Bay of Fundy,Cold Temperate Northwest Atlantic,Temperate Northern Atlantic,0.03,0.02697495183067416,0.02697495183067416,0.02697495183067416,-3.2188758248682006,-3.297514573140033,-3.297514573140033,-3.297514573140033,2002-07-01,2002,2002,-5.7639569049952115,dmr_rasher_steneck 10_4_29,3
dmr_rasher_steneck,10_4_29,2,44.59754,-67.32067,1,2009-06-11,10,10,10,NA,NA,NA,11.5,0,0,0,730,4,11.5,percent_cover,"c(-67.32067, 44.59754)",Gulf of Maine/Bay of Fundy,Cold Temperate Northwest Atlantic,Temperate Northern Atlantic,0.115,0.10340398201758427,0.10340398201758427,0.10340398201758427,-2.0794415416798357,-2.176798773511483,-2.176798773511483,-2.176798773511483,2009-06-11,2009,2009,1.2360430950047885,dmr_rasher_steneck 10_4_29,3
dmr_rasher_steneck,10_4_29,3,44.5975,-67.3207,1,2015-06-13,10,10,10,NA,NA,NA,73.5,0,0,0,730,4,73.5,percent_cover,"c(-67.3207, 44.5975)",Gulf of Maine/Bay of Fundy,Cold Temperate Northwest Atlantic,Temperate Northern Atlantic,0.735,0.6608863198515169,0.6608863198515169,0.6608863198515169,-0.29437106060257756,-0.3991555753627047,-0.3991555753627047,-0.3991555753627047,2015-06-13,2015,2015,7.2360430950047885,dmr_rasher_steneck 10_4_29,3
dmr_rasher_steneck,10_4_30,1,44.605604,-67.26631,1,2002-07-01,10,10,10,NA,NA,NA,35.5,0,0,0,730,4,35.5,percent_cover,"c(-67.26631, 44.605604)",Gulf of Maine/Bay of Fundy,Cold Temperate Northwest Atlantic,Temperate Northern Atlantic,0.355,0.31920359666297754,0.31920359666297754,0.31920359666297754,-1.0078579253996456,-1.11107888477421,-1.11107888477421,-1.11107888477421,2002-07-01,2002,2002,-5.7639569049952115,dmr_rasher_steneck 10_4_30,3
dmr_rasher_steneck,10_4_30,2,44.6086,-67.2589,1,2007-06-27,10,10,10,NA,NA,NA,30,0,0,0,730,4,30,percent_cover,"c(-67.2589, 44.6086)",Gulf of Maine/Bay of Fundy,Cold Temperate Northwest Atlantic,Temperate Northern Atlantic,0.3,0.2697495183067416,0.2697495183067416,0.2697495183067416,-1.171182981502945,-1.273860653662035,-1.273860653662035,-1.273860653662035,2007-06-27,2007,2007,-0.7639569049952115,dmr_rasher_steneck 10_4_30,3
dmr_rasher_steneck,10_4_30,3,44.6057,-67.2641,1,2015-06-13,10,10,10,NA,NA,NA,49.5,0,0,0,730,4,49.5,percent_cover,"c(-67.2641, 44.6057)",Gulf of Maine/Bay of Fundy,Cold Temperate Northwest Atlantic,Temperate Northern Atlantic,0.495,0.4450867052061236,0.4450867052061236,0.4450867052061236,-0.6831968497067772,-0.7872673172930279,-0.7872673172930279,-0.7872673172930279,2015-06-13,2015,2015,7.2360430950047885,dmr_rasher_steneck 10_4_30,3
dmr_rasher_steneck,10_4_33,1,44.706638,-67.115479,1,2002-07-02,10,10,10,NA,NA,NA,5.5,0,0,0,730,4,5.5,percent_cover,"c(-67.115479, 44.706638)",Gulf of Maine/Bay of Fundy,Cold Temperate Northwest Atlantic,Temperate Northern Atlantic,0.055,0.049454078356235956,0.049454078356235956,0.049454078356235956,-2.7333680090865,-2.822551056747755,-2.822551056747755,-2.822551056747755,2002-07-02,2002,2002,-5.7639569049952115,dmr_rasher_steneck 10_4_33,5
dmr_rasher_steneck,10_4_33,2,44.7021,-67.1156,1,2006-07-02,10,10,10,NA,NA,NA,18,0,0,0,730,4,18,percent_cover,"c(-67.1156, 44.7021)",Gulf of Maine/Bay of Fundy,Cold Temperate Northwest Atlantic,Temperate Northern Atlantic,0.18,0.16184971098404494,0.16184971098404494,0.16184971098404494,-1.6607312068216509,-1.7611349574797075,-1.7611349574797075,-1.7611349574797075,2006-07-02,2006,2006,-1.7639569049952115,dmr_rasher_steneck 10_4_33,5
dmr_rasher_steneck,10_4_33,3,44.7022,-67.1192,1,2014-06-19,10,10,10,NA,NA,NA,11,0,0,0,730,4,11,percent_cover,"c(-67.1192, 44.7022)",Gulf of Maine/Bay of Fundy,Cold Temperate Northwest Atlantic,Temperate Northern Atlantic,0.11,0.09890815671247191,0.09890815671247191,0.09890815671247191,-2.120263536200091,-2.217250350907185,-2.217250350907185,-2.217250350907185,2014-06-19,2014,2014,6.2360430950047885,dmr_rasher_steneck 10_4_33,5
dmr_rasher_steneck,10_4_33,4,44.7107,-67.1152,1,2017-06-16,10,10,10,NA,NA,NA,4,0,0,0,730,4,4,percent_cover,"c(-67.1152, 44.7107)",Gulf of Maine/Bay of Fundy,Cold Temperate Northwest Atlantic,Temperate Northern Atlantic,0.04,0.03596660244089888,0.03596660244089888,0.03596660244089888,-2.995732273553991,-3.0798401800767916,-3.0798401800767916,-3.0798401800767916,2017-06-16,2017,2017,9.236043095004788,dmr_rasher_steneck 10_4_33,5
dmr_rasher_steneck,10_4_33,5,44.7066,-67.1154,1,2018-05-19,10,10,10,NA,NA,NA,24.5,0,0,0,730,4,24.5,percent_cover,"c(-67.1154, 44.7066)",Gulf of Maine/Bay of Fundy,Cold Temperate Northwest Atlantic,Temperate Northern Atlantic,0.245,0.22029543995050563,0.22029543995050563,0.22029543995050563,-1.3664917338237108,-1.4683922728269718,-1.4683922728269718,-1.4683922728269718,2018-05-19,2018,2018,10.236043095004788,dmr_rasher_steneck 10_4_33,5
dmr_rasher_steneck,10_4_35,1,43.00497,-70.597,1,2003-05-14,10,10,10,NA,NA,NA,1.9,0,0,0,730,4,1.9,percent_cover,"c(-70.597, 43.00497)",Gulf of Maine/Bay of Fundy,Cold Temperate Northwest Atlantic,Temperate Northern Atlantic,0.019,0.017084136159426964,0.017084136159426964,0.017084136159426964,-3.540459448995663,-3.608807104070128,-3.608807104070128,-3.608807104070128,2003-05-14,2003,2003,-4.7639569049952115,dmr_rasher_steneck 10_4_35,3
dmr_rasher_steneck,10_4_35,2,43.00588,-70.60603,1,2008-05-05,10,10,10,NA,NA,NA,9.5,0,0,0,730,4,9.5,percent_cover,"c(-70.60603, 43.00588)",Gulf of Maine/Bay of Fundy,Cold Temperate Northwest Atlantic,Temperate Northern Atlantic,0.095,0.08542068079713483,0.08542068079713483,0.08542068079713483,-2.2537949288246137,-2.3494599441770707,-2.3494599441770707,-2.3494599441770707,2008-05-05,2008,2008,0.23604309500478848,dmr_rasher_steneck 10_4_35,3
dmr_rasher_steneck,10_4_35,3,43.001839,-70.604214,1,2010-05-05,10,10,10,NA,NA,NA,5.1,0,0,0,730,4,5.1,percent_cover,"c(-70.604214, 43.001839)",Gulf of Maine/Bay of Fundy,Cold Temperate Northwest Atlantic,Temperate Northern Atlantic,0.051,0.04585741811214607,0.04585741811214607,0.04585741811214607,-2.796881414808826,-2.8849529402252942,-2.8849529402252942,-2.8849529402252942,2010-05-05,2010,2010,2.2360430950047885,dmr_rasher_steneck 10_4_35,3
dmr_rasher_steneck,10_4_37,1,43.79362,-69.59834,1,2003-05-21,10,10,10,NA,NA,NA,14.5,0,0,0,730,4,14.5,percent_cover,"c(-69.59834, 43.79362)",Gulf of Maine/Bay of Fundy,Cold Temperate Northwest Atlantic,Temperate Northern Atlantic,0.145,0.13037893384825844,0.13037893384825844,0.13037893384825844,-1.8643301620628905,-1.9634098424639488,-1.9634098424639488,-1.9634098424639488,2003-05-21,2003,2003,-4.7639569049952115,dmr_rasher_steneck 10_4_37,3
dmr_rasher_steneck,10_4_37,2,43.7891,-69.5997,1,2005-05-18,10,10,10,NA,NA,NA,19,0,0,0,730,4,19,percent_cover,"c(-69.5997, 43.7891)",Gulf of Maine/Bay of Fundy,Cold Temperate Northwest Atlantic,Temperate Northern Atlantic,0.19,0.17084136159426966,0.17084136159426966,0.17084136159426966,-1.6094379124341003,-1.7101350873080896,-1.7101350873080896,-1.7101350873080896,2005-05-18,2005,2005,-2.7639569049952115,dmr_rasher_steneck 10_4_37,3
dmr_rasher_steneck,10_4_37,3,43.79359,-69.6031,1,2013-05-02,10,10,10,NA,NA,NA,13,0,0,0,730,4,13,percent_cover,"c(-69.6031, 43.79359)",Gulf of Maine/Bay of Fundy,Cold Temperate Northwest Atlantic,Temperate Northern Atlantic,0.13,0.11689145793292136,0.11689145793292136,0.11689145793292136,-1.9661128563728327,-2.064423219900796,-2.064423219900796,-2.064423219900796,2013-05-02,2013,2013,5.2360430950047885,dmr_rasher_steneck 10_4_37,3
dmr_rasher_steneck,10_4_40,1,43.88965,-69.12922,1,2003-05-28,10,10,10,NA,NA,NA,18,0,0,0,730,4,18,percent_cover,"c(-69.12922, 43.88965)",Gulf of Maine/Bay of Fundy,Cold Temperate Northwest Atlantic,Temperate Northern Atlantic,0.18,0.16184971098404494,0.16184971098404494,0.16184971098404494,-1.6607312068216509,-1.7611349574797075,-1.7611349574797075,-1.7611349574797075,2003-05-28,2003,2003,-4.7639569049952115,dmr_rasher_steneck 10_4_40,4
dmr_rasher_steneck,10_4_40,2,43.8897,-69.1201,1,2004-05-26,10,10,10,NA,NA,NA,72,0,0,0,730,4,72,percent_cover,"c(-69.1201, 43.8897)",Gulf of Maine/Bay of Fundy,Cold Temperate Northwest Atlantic,Temperate Northern Atlantic,0.72,0.6473988439361797,0.6473988439361797,0.6473988439361797,-0.31471074483970024,-0.41946437629299266,-0.41946437629299266,-0.41946437629299266,2004-05-26,2004,2004,-3.7639569049952115,dmr_rasher_steneck 10_4_40,4
dmr_rasher_steneck,10_4_40,3,43.8942,-69.1282,1,2014-05-12,10,10,10,NA,NA,NA,56.5,0,0,0,730,4,56.5,percent_cover,"c(-69.1282, 43.8942)",Gulf of Maine/Bay of Fundy,Cold Temperate Northwest Atlantic,Temperate Northern Atlantic,0.565,0.5080282594776966,0.5080282594776966,0.5080282594776966,-0.5533852381847867,-0.6577254832344743,-0.6577254832344743,-0.6577254832344743,2014-05-12,2014,2014,6.2360430950047885,dmr_rasher_steneck 10_4_40,4
dmr_rasher_steneck,10_4_40,4,43.8939,-69.12,1,2018-05-11,10,10,10,NA,NA,NA,31.5,0,0,0,730,4,31.5,percent_cover,"c(-69.12, 43.8939)",Gulf of Maine/Bay of Fundy,Cold Temperate Northwest Atlantic,Temperate Northern Atlantic,0.315,0.28323699422207865,0.28323699422207865,0.28323699422207865,-1.1239300966523995,-1.226774142910909,-1.226774142910909,-1.226774142910909,2018-05-11,2018,2018,10.236043095004788,dmr_rasher_steneck 10_4_40,4
dmr_rasher_steneck,10_4_42,1,44.06534,-68.67213,1,2003-06-03,10,10,10,NA,NA,NA,16,0,0,0,730,4,16,percent_cover,"c(-68.67213, 44.06534)",Gulf of Maine/Bay of Fundy,Cold Temperate Northwest Atlantic,Temperate Northern Atlantic,0.16,0.14386640976359552,0.14386640976359552,0.14386640976359552,-1.7719568419318752,-1.8716705221050935,-1.8716705221050935,-1.8716705221050935,2003-06-03,2003,2003,-4.7639569049952115,dmr_rasher_steneck 10_4_42,3
dmr_rasher_steneck,10_4_42,2,44.0731,-68.6709,1,2017-08-03,10,10,10,NA,NA,NA,6.14285714285714,0,0,0,730,4,6.14285714285714,percent_cover,"c(-68.6709, 44.0731)",Gulf of Maine/Bay of Fundy,Cold Temperate Northwest Atlantic,Temperate Northern Atlantic,0.061428571428571395,0.055234425177094676,0.055234425177094676,0.055234425177094676,-2.639057329615259,-2.7297679558753383,-2.7297679558753383,-2.7297679558753383,2017-08-03,2017,2017,9.236043095004788,dmr_rasher_steneck 10_4_42,3
dmr_rasher_steneck,10_4_42,3,44.0731,-68.6709,1,2018-06-25,10,10,10,NA,NA,NA,58.75,0,0,0,730,4,58.75,percent_cover,"c(-68.6709, 44.0731)",Gulf of Maine/Bay of Fundy,Cold Temperate Northwest Atlantic,Temperate Northern Atlantic,0.5875,0.5282594733507022,0.5282594733507022,0.5282594733507022,-0.5150009951764712,-0.6194145426125622,-0.6194145426125622,-0.6194145426125622,2018-06-25,2018,2018,10.236043095004788,dmr_rasher_steneck 10_4_42,3
dmr_rasher_steneck,10_4_46,1,44.17505,-68.24911,1,2003-06-10,10,10,10,NA,NA,NA,3.9,0,0,0,730,4,3.9,percent_cover,"c(-68.24911, 44.17505)",Gulf of Maine/Bay of Fundy,Cold Temperate Northwest Atlantic,Temperate Northern Atlantic,0.039,0.0350674373798764,0.0350674373798764,0.0350674373798764,-3.0159349808715104,-3.0995953025631375,-3.0995953025631375,-3.0995953025631375,2003-06-10,2003,2003,-4.7639569049952115,dmr_rasher_steneck 10_4_46,4
dmr_rasher_steneck,10_4_46,2,44.17499,-68.23991,1,2008-06-03,10,10,10,NA,NA,NA,25,0,0,0,730,4,25,percent_cover,"c(-68.23991, 44.17499)",Gulf of Maine/Bay of Fundy,Cold Temperate Northwest Atlantic,Temperate Northern Atlantic,0.25,0.224791265255618,0.224791265255618,0.224791265255618,-1.3470736479666092,-1.4490583925054346,-1.4490583925054346,-1.4490583925054346,2008-06-03,2008,2008,0.23604309500478848,dmr_rasher_steneck 10_4_46,4
dmr_rasher_steneck,10_4_46,3,44.1707,-68.2458,1,2015-05-16,10,10,10,NA,NA,NA,60.5,0,0,0,730,4,60.5,percent_cover,"c(-68.2458, 44.1707)",Gulf of Maine/Bay of Fundy,Cold Temperate Northwest Atlantic,Temperate Northern Atlantic,0.605,0.5439948619185955,0.5439948619185955,0.5439948619185955,-0.4861330111756192,-0.5905998667930324,-0.5905998667930324,-0.5905998667930324,2015-05-16,2015,2015,7.2360430950047885,dmr_rasher_steneck 10_4_46,4
dmr_rasher_steneck,10_4_46,4,44.171,-68.2494,1,2018-08-06,10,10,10,NA,NA,NA,19.6375,0,0,0,730,4,19.6375,percent_cover,"c(-68.2494, 44.171)",Gulf of Maine/Bay of Fundy,Cold Temperate Northwest Atlantic,Temperate Northern Atlantic,0.196375,0.17657353885828792,0.17657353885828792,0.17657353885828792,-1.5780603767418449,-1.6789298073860097,-1.6789298073860097,-1.6789298073860097,2018-08-06,2018,2018,10.236043095004788,dmr_rasher_steneck 10_4_46,4
dmr_rasher_steneck,10_4_5,1,43.52791,-70.30401,1,2001-06-14,10,10,10,NA,NA,NA,23,0,0,0,730,4,23,percent_cover,"c(-70.30401, 43.52791)",Gulf of Maine/Bay of Fundy,Cold Temperate Northwest Atlantic,Temperate Northern Atlantic,0.23,0.20680796403516855,0.20680796403516855,0.20680796403516855,-1.4271163556401456,-1.5287432756117807,-1.5287432756117807,-1.5287432756117807,2001-06-14,2001,2001,-6.7639569049952115,dmr_rasher_steneck 10_4_5,3
dmr_rasher_steneck,10_4_5,2,43.53576,-70.30323,1,2009-05-04,10,10,10,NA,NA,NA,7,0,0,0,730,4,7,percent_cover,"c(-70.30323, 43.53576)",Gulf of Maine/Bay of Fundy,Cold Temperate Northwest Atlantic,Temperate Northern Atlantic,0.07,0.06294155427157304,0.06294155427157304,0.06294155427157304,-2.5257286443082556,-2.618096784923054,-2.618096784923054,-2.618096784923054,2009-05-04,2009,2009,1.2360430950047885,dmr_rasher_steneck 10_4_5,3
dmr_rasher_steneck,10_4_5,3,43.5358,-70.3032,1,2014-05-05,10,10,10,NA,NA,NA,5.5,0,0,0,730,4,5.5,percent_cover,"c(-70.3032, 43.5358)",Gulf of Maine/Bay of Fundy,Cold Temperate Northwest Atlantic,Temperate Northern Atlantic,0.055,0.049454078356235956,0.049454078356235956,0.049454078356235956,-2.7333680090865,-2.822551056747755,-2.822551056747755,-2.822551056747755,2014-05-05,2014,2014,6.2360430950047885,dmr_rasher_steneck 10_4_5,3
dmr_rasher_steneck,10_4_50,1,44.37062,-67.87349,1,2003-06-23,10,10,10,NA,NA,NA,40,0,0,0,730,4,40,percent_cover,"c(-67.87349, 44.37062)",Gulf of Maine/Bay of Fundy,Cold Temperate Northwest Atlantic,Temperate Northern Atlantic,0.4,0.35966602440898876,0.35966602440898876,0.35966602440898876,-0.8915981192837835,-0.9951553176981732,-0.9951553176981732,-0.9951553176981732,2003-06-23,2003,2003,-4.7639569049952115,dmr_rasher_steneck 10_4_50,3
dmr_rasher_steneck,10_4_50,2,44.37516,-67.8796,1,2012-06-11,10,10,10,NA,NA,NA,30.5,0,0,0,730,4,30.5,percent_cover,"c(-67.8796, 44.37516)",Gulf of Maine/Bay of Fundy,Cold Temperate Northwest Atlantic,Temperate Northern Atlantic,0.305,0.27424534361185393,0.27424534361185393,0.27424534361185393,-1.155182640156504,-1.2579175277984058,-1.2579175277984058,-1.2579175277984058,2012-06-11,2012,2012,4.2360430950047885,dmr_rasher_steneck 10_4_50,3
dmr_rasher_steneck,10_4_50,3,44.3796,-67.8733,1,2017-06-13,10,10,10,NA,NA,NA,5,0,0,0,730,4,5,percent_cover,"c(-67.8733, 44.3796)",Gulf of Maine/Bay of Fundy,Cold Temperate Northwest Atlantic,Temperate Northern Atlantic,0.05,0.044958253051123595,0.044958253051123595,0.044958253051123595,-2.8134107167600364,-2.9011814173970296,-2.9011814173970296,-2.9011814173970296,2017-06-13,2017,2017,9.236043095004788,dmr_rasher_steneck 10_4_50,3
dmr_rasher_steneck,10_4_51,1,44.4423,-67.82168,1,2003-06-23,10,10,10,NA,NA,NA,7,0,0,0,730,4,7,percent_cover,"c(-67.82168, 44.4423)",Gulf of Maine/Bay of Fundy,Cold Temperate Northwest Atlantic,Temperate Northern Atlantic,0.07,0.06294155427157304,0.06294155427157304,0.06294155427157304,-2.5257286443082556,-2.618096784923054,-2.618096784923054,-2.618096784923054,2003-06-23,2003,2003,-4.7639569049952115,dmr_rasher_steneck 10_4_51,4
dmr_rasher_steneck,10_4_51,2,44.4423,-67.8258,1,2006-06-29,10,10,10,NA,NA,NA,20,0,0,0,730,4,20,percent_cover,"c(-67.8258, 44.4423)",Gulf of Maine/Bay of Fundy,Cold Temperate Northwest Atlantic,Temperate Northern Atlantic,0.2,0.17983301220449438,0.17983301220449438,0.17983301220449438,-1.5606477482646683,-1.6616104764001156,-1.6616104764001156,-1.6616104764001156,2006-06-29,2006,2006,-1.7639569049952115,dmr_rasher_steneck 10_4_51,4
dmr_rasher_steneck,10_4_51,3,44.446,-67.8216,1,2007-06-18,10,10,10,NA,NA,NA,10.1,0,0,0,730,4,10.1,percent_cover,"c(-67.8216, 44.446)",Gulf of Maine/Bay of Fundy,Cold Temperate Northwest Atlantic,Temperate Northern Atlantic,0.10099999999999999,0.09081567116326966,0.09081567116326966,0.09081567116326966,-2.198225077669803,-2.294461467539169,-2.294461467539169,-2.294461467539169,2007-06-18,2007,2007,-0.7639569049952115,dmr_rasher_steneck 10_4_51,4
dmr_rasher_steneck,10_4_51,4,44.4421,-67.8209,1,2016-06-04,10,10,10,NA,NA,NA,31.5,0,0,0,730,4,31.5,percent_cover,"c(-67.8209, 44.4421)",Gulf of Maine/Bay of Fundy,Cold Temperate Northwest Atlantic,Temperate Northern Atlantic,0.315,0.28323699422207865,0.28323699422207865,0.28323699422207865,-1.1239300966523995,-1.226774142910909,-1.226774142910909,-1.226774142910909,2016-06-04,2016,2016,8.236043095004788,dmr_rasher_steneck 10_4_51,4
dmr_rasher_steneck,10_4_7,1,44.389065,-67.96422,1,2001-07-10,10,10,10,NA,NA,NA,8.75,0,0,0,730,4,8.75,percent_cover,"c(-67.96422, 44.389065)",Gulf of Maine/Bay of Fundy,Cold Temperate Northwest Atlantic,Temperate Northern Atlantic,0.0875,0.07867694283946629,0.07867694283946629,0.07867694283946629,-2.327902900978336,-2.42275536889834,-2.42275536889834,-2.42275536889834,2001-07-10,2001,2001,-6.7639569049952115,dmr_rasher_steneck 10_4_7,4
dmr_rasher_steneck,10_4_7,2,44.3892,-67.961,1,2006-06-17,10,10,10,NA,NA,NA,24.5,0,0,0,730,4,24.5,percent_cover,"c(-67.961, 44.3892)",Gulf of Maine/Bay of Fundy,Cold Temperate Northwest Atlantic,Temperate Northern Atlantic,0.245,0.22029543995050563,0.22029543995050563,0.22029543995050563,-1.3664917338237108,-1.4683922728269718,-1.4683922728269718,-1.4683922728269718,2006-06-17,2006,2006,-1.7639569049952115,dmr_rasher_steneck 10_4_7,4
dmr_rasher_steneck,10_4_7,3,44.3891,-67.9674,1,2015-05-17,10,10,10,NA,NA,NA,19.5,0,0,0,730,4,19.5,percent_cover,"c(-67.9674, 44.3891)",Gulf of Maine/Bay of Fundy,Cold Temperate Northwest Atlantic,Temperate Northern Atlantic,0.195,0.17533718689938202,0.17533718689938202,0.17533718689938202,-1.5847452998437288,-1.685578480993263,-1.685578480993263,-1.685578480993263,2015-05-17,2015,2015,7.2360430950047885,dmr_rasher_steneck 10_4_7,4
dmr_rasher_steneck,10_4_7,4,44.389,-67.967266,1,2017-07-06,10,10,10,NA,NA,NA,1.14285714285714,0,0,0,730,4,1.14285714285714,percent_cover,"c(-67.967266, 44.389)",Gulf of Maine/Bay of Fundy,Cold Temperate Northwest Atlantic,Temperate Northern Atlantic,0.011428571428571399,0.010276172125971081,0.010276172125971081,0.010276172125971081,-3.843030133941196,-3.8983088692597594,-3.8983088692597594,-3.8983088692597594,2017-07-06,2017,2017,9.236043095004788,dmr_rasher_steneck 10_4_7,4
dmr_rasher_steneck,10_4_71,1,44.3896,-68.0124,1,2004-06-15,10,10,10,NA,NA,NA,25,0,0,0,730,4,25,percent_cover,"c(-68.0124, 44.3896)",Gulf of Maine/Bay of Fundy,Cold Temperate Northwest Atlantic,Temperate Northern Atlantic,0.25,0.224791265255618,0.224791265255618,0.224791265255618,-1.3470736479666092,-1.4490583925054346,-1.4490583925054346,-1.4490583925054346,2004-06-15,2004,2004,-3.7639569049952115,dmr_rasher_steneck 10_4_71,3
dmr_rasher_steneck,10_4_71,2,44.3851,-68.0129,1,2007-06-10,10,10,10,NA,NA,NA,5,0,0,0,730,4,5,percent_cover,"c(-68.0129, 44.3851)",Gulf of Maine/Bay of Fundy,Cold Temperate Northwest Atlantic,Temperate Northern Atlantic,0.05,0.044958253051123595,0.044958253051123595,0.044958253051123595,-2.8134107167600364,-2.9011814173970296,-2.9011814173970296,-2.9011814173970296,2007-06-10,2007,2007,-0.7639569049952115,dmr_rasher_steneck 10_4_71,3
dmr_rasher_steneck,10_4_71,3,44.3939,-68.0125,1,2018-05-14,10,10,10,NA,NA,NA,13.5,0,0,0,730,4,13.5,percent_cover,"c(-68.0125, 44.3939)",Gulf of Maine/Bay of Fundy,Cold Temperate Northwest Atlantic,Temperate Northern Atlantic,0.135,0.12138728323803372,0.12138728323803372,0.12138728323803372,-1.9310215365615626,-2.0296059566254154,-2.0296059566254154,-2.0296059566254154,2018-05-14,2018,2018,10.236043095004788,dmr_rasher_steneck 10_4_71,3
dmr_rasher_steneck,10_4_85,1,43.9709,-69.0653,1,2005-05-29,10,10,10,NA,NA,NA,36,0,0,0,730,4,36,percent_cover,"c(-69.0653, 43.9709)",Gulf of Maine/Bay of Fundy,Cold Temperate Northwest Atlantic,Temperate Northern Atlantic,0.36,0.3236994219680899,0.3236994219680899,0.3236994219680899,-0.9942522733438669,-1.09751462541663,-1.09751462541663,-1.09751462541663,2005-05-29,2005,2005,-2.7639569049952115,dmr_rasher_steneck 10_4_85,3
dmr_rasher_steneck,10_4_85,2,43.9754,-69.0653,1,2014-05-12,10,10,10,NA,NA,NA,15.5,0,0,0,730,4,15.5,percent_cover,"c(-69.0653, 43.9754)",Gulf of Maine/Bay of Fundy,Cold Temperate Northwest Atlantic,Temperate Northern Atlantic,0.155,0.13937058445848316,0.13937058445848316,0.13937058445848316,-1.8018098050815563,-1.9013249168438435,-1.9013249168438435,-1.9013249168438435,2014-05-12,2014,2014,6.2360430950047885,dmr_rasher_steneck 10_4_85,3
dmr_rasher_steneck,10_4_85,3,43.9718,-69.0613,1,2016-05-14,10,10,10,NA,NA,NA,11,0,0,0,730,4,11,percent_cover,"c(-69.0613, 43.9718)",Gulf of Maine/Bay of Fundy,Cold Temperate Northwest Atlantic,Temperate Northern Atlantic,0.11,0.09890815671247191,0.09890815671247191,0.09890815671247191,-2.120263536200091,-2.217250350907185,-2.217250350907185,-2.217250350907185,2016-05-14,2016,2016,8.236043095004788,dmr_rasher_steneck 10_4_85,3
dmr_rasher_steneck,10_4_9,1,44.40659,-67.86653,1,2001-07-17,10,10,10,NA,NA,NA,23,0,0,0,730,4,23,percent_cover,"c(-67.86653, 44.40659)",Gulf of Maine/Bay of Fundy,Cold Temperate Northwest Atlantic,Temperate Northern Atlantic,0.23,0.20680796403516855,0.20680796403516855,0.20680796403516855,-1.4271163556401456,-1.5287432756117807,-1.5287432756117807,-1.5287432756117807,2001-07-17,2001,2001,-6.7639569049952115,dmr_rasher_steneck 10_4_9,3
dmr_rasher_steneck,10_4_9,2,44.402128,-67.872879,1,2002-06-25,10,10,10,NA,NA,NA,45.5,0,0,0,730,4,45.5,percent_cover,"c(-67.872879, 44.402128)",Gulf of Maine/Bay of Fundy,Cold Temperate Northwest Atlantic,Temperate Northern Atlantic,0.455,0.4091201027652247,0.4091201027652247,0.4091201027652247,-0.7657178733947807,-0.869597758689359,-0.869597758689359,-0.869597758689359,2002-06-25,2002,2002,-5.7639569049952115,dmr_rasher_steneck 10_4_9,3
dmr_rasher_steneck,10_4_9,3,44.4066,-67.8728,1,2004-06-23,10,10,10,NA,NA,NA,36.5,0,0,0,730,4,36.5,percent_cover,"c(-67.8728, 44.4066)",Gulf of Maine/Bay of Fundy,Cold Temperate Northwest Atlantic,Temperate Northern Atlantic,0.365,0.32819524727320226,0.32819524727320226,0.32819524727320226,-0.9808292530117262,-1.0841318956228998,-1.0841318956228998,-1.0841318956228998,2004-06-23,2004,2004,-3.7639569049952115,dmr_rasher_steneck 10_4_9,3
dmr_rasher_steneck,10_4_93,1,44.3099,-68.1869,1,2005-06-11,10,10,10,NA,NA,NA,26,0,0,0,730,4,26,percent_cover,"c(-68.1869, 44.3099)",Gulf of Maine/Bay of Fundy,Cold Temperate Northwest Atlantic,Temperate Northern Atlantic,0.26,0.2337829158658427,0.2337829158658427,0.2337829158658427,-1.3093333199837622,-1.411477138771575,-1.411477138771575,-1.411477138771575,2005-06-11,2005,2005,-2.7639569049952115,dmr_rasher_steneck 10_4_93,3
dmr_rasher_steneck,10_4_93,2,44.3065,-68.1934,1,2006-06-04,10,10,10,NA,NA,NA,29.5,0,0,0,730,4,29.5,percent_cover,"c(-68.1934, 44.3065)",Gulf of Maine/Bay of Fundy,Cold Temperate Northwest Atlantic,Temperate Northern Atlantic,0.295,0.2652536930016292,0.2652536930016292,0.2652536930016292,-1.1874435023747254,-1.2900620865697014,-1.2900620865697014,-1.2900620865697014,2006-06-04,2006,2006,-1.7639569049952115,dmr_rasher_steneck 10_4_93,3
dmr_rasher_steneck,10_4_93,3,44.31419,-68.18947,1,2008-06-03,10,10,10,NA,NA,NA,34,0,0,0,730,4,34,percent_cover,"c(-68.18947, 44.31419)",Gulf of Maine/Bay of Fundy,Cold Temperate Northwest Atlantic,Temperate Northern Atlantic,0.34,0.30571612074764043,0.30571612074764043,0.30571612074764043,-1.0498221244986776,-1.1529118212197003,-1.1529118212197003,-1.1529118212197003,2008-06-03,2008,2008,0.23604309500478848,dmr_rasher_steneck 10_4_93,3
dmr_rasher_steneck,10_4_99,1,44.6108,-67.272,1,2005-06-22,10,10,10,NA,NA,NA,59.5,0,0,0,730,4,59.5,percent_cover,"c(-67.272, 44.6108)",Gulf of Maine/Bay of Fundy,Cold Temperate Northwest Atlantic,Temperate Northern Atlantic,0.595,0.5350032113083708,0.5350032113083708,0.5350032113083708,-0.5025268209512956,-0.6069635920273153,-0.6069635920273153,-0.6069635920273153,2005-06-22,2005,2005,-2.7639569049952115,dmr_rasher_steneck 10_4_99,4
dmr_rasher_steneck,10_4_99,2,44.605822,-67.277252,1,2010-06-10,10,10,10,NA,NA,NA,41,0,0,0,730,4,41,percent_cover,"c(-67.277252, 44.605822)",Gulf of Maine/Bay of Fundy,Cold Temperate Northwest Atlantic,Temperate Northern Atlantic,0.41,0.3686576750192135,0.3686576750192135,0.3686576750192135,-0.8675005677047231,-0.9711227141989318,-0.9711227141989318,-0.9711227141989318,2010-06-10,2010,2010,2.2360430950047885,dmr_rasher_steneck 10_4_99,4
dmr_rasher_steneck,10_4_99,3,44.60932,-67.2764,1,2013-06-14,10,10,10,NA,NA,NA,7,0,0,0,730,4,7,percent_cover,"c(-67.2764, 44.60932)",Gulf of Maine/Bay of Fundy,Cold Temperate Northwest Atlantic,Temperate Northern Atlantic,0.07,0.06294155427157304,0.06294155427157304,0.06294155427157304,-2.5257286443082556,-2.618096784923054,-2.618096784923054,-2.618096784923054,2013-06-14,2013,2013,5.2360430950047885,dmr_rasher_steneck 10_4_99,4
dmr_rasher_steneck,10_4_99,4,44.6093,-67.2766,1,2016-06-18,10,10,10,NA,NA,NA,14,0,0,0,730,4,14,percent_cover,"c(-67.2766, 44.6093)",Gulf of Maine/Bay of Fundy,Cold Temperate Northwest Atlantic,Temperate Northern Atlantic,0.14,0.12588310854314608,0.12588310854314608,0.12588310854314608,-1.897119984885881,-1.995960258830839,-1.995960258830839,-1.995960258830839,2016-06-18,2016,2016,8.236043095004788,dmr_rasher_steneck 10_4_99,4
dmr_rasher_steneck,10_5_14,1,43.86717,-69.12148,1,2003-05-28,10,10,10,NA,NA,NA,36,0,0,0,730,4,36,percent_cover,"c(-69.12148, 43.86717)",Gulf of Maine/Bay of Fundy,Cold Temperate Northwest Atlantic,Temperate Northern Atlantic,0.36,0.3236994219680899,0.3236994219680899,0.3236994219680899,-0.9942522733438669,-1.09751462541663,-1.09751462541663,-1.09751462541663,2003-05-28,2003,2003,-4.7639569049952115,dmr_rasher_steneck 10_5_14,3
dmr_rasher_steneck,10_5_14,2,43.8626,-69.1277,1,2004-05-26,10,10,10,NA,NA,NA,64,0,0,0,730,4,64,percent_cover,"c(-69.1277, 43.8626)",Gulf of Maine/Bay of Fundy,Cold Temperate Northwest Atlantic,Temperate Northern Atlantic,0.64,0.5754656390543821,0.5754656390543821,0.5754656390543821,-0.4307829160924542,-0.5353477841662594,-0.5353477841662594,-0.5353477841662594,2004-05-26,2004,2004,-3.7639569049952115,dmr_rasher_steneck 10_5_14,3
dmr_rasher_steneck,10_5_14,3,43.8679,-69.1288,1,2018-06-26,10,10,10,NA,NA,NA,44.65,0,0,0,730,4,44.65,percent_cover,"c(-69.1288, 43.8679)",Gulf of Maine/Bay of Fundy,Cold Temperate Northwest Atlantic,Temperate Northern Atlantic,0.4465,0.40147719974653373,0.40147719974653373,0.40147719974653373,-0.7841665789471138,-0.8880016680634183,-0.8880016680634183,-0.8880016680634183,2018-06-26,2018,2018,10.236043095004788,dmr_rasher_steneck 10_5_14,3
dmr_rasher_steneck,10_5_18,1,44.00269,-68.65365,1,2003-06-03,10,10,10,NA,NA,NA,55.5,0,0,0,730,4,55.5,percent_cover,"c(-68.65365, 44.00269)",Gulf of Maine/Bay of Fundy,Cold Temperate Northwest Atlantic,Temperate Northern Atlantic,0.555,0.4990366088674719,0.4990366088674719,0.4990366088674719,-0.570929547835696,-0.6752353418991525,-0.6752353418991525,-0.6752353418991525,2003-06-03,2003,2003,-4.7639569049952115,dmr_rasher_steneck 10_5_18,3
dmr_rasher_steneck,10_5_18,2,44.005,-68.65243,1,2017-07-31,10,10,10,NA,NA,NA,7.33333333333333,0,0,0,730,4,7.33333333333333,percent_cover,"c(-68.65243, 44.005)",Gulf of Maine/Bay of Fundy,Cold Temperate Northwest Atlantic,Temperate Northern Atlantic,0.0733333333333333,0.06593877114164791,0.06593877114164791,0.06593877114164791,-2.484906649788001,-2.5778279062734883,-2.5778279062734883,-2.5778279062734883,2017-07-31,2017,2017,9.236043095004788,dmr_rasher_steneck 10_5_18,3
dmr_rasher_steneck,10_5_18,3,44.005,-68.65243,1,2018-06-09,10,10,10,NA,NA,NA,27,0,0,0,730,4,27,percent_cover,"c(-68.65243, 44.005)",Gulf of Maine/Bay of Fundy,Cold Temperate Northwest Atlantic,Temperate Northern Atlantic,0.27,0.24277456647606743,0.24277456647606743,0.24277456647606743,-1.2729656758128873,-1.375257229064725,-1.375257229064725,-1.375257229064725,2018-06-09,2018,2018,10.236043095004788,dmr_rasher_steneck 10_5_18,3
dmr_rasher_steneck,10_5_19,1,44.36687,-67.9865,1,2003-06-16,10,10,10,NA,NA,NA,27.5,0,0,0,730,4,27.5,percent_cover,"c(-67.9865, 44.36687)",Gulf of Maine/Bay of Fundy,Cold Temperate Northwest Atlantic,Temperate Northern Atlantic,0.275,0.2472703917811798,0.2472703917811798,0.2472703917811798,-1.2552660987134865,-1.3576276390667685,-1.3576276390667685,-1.3576276390667685,2003-06-16,2003,2003,-4.7639569049952115,dmr_rasher_steneck 10_5_19,3
dmr_rasher_steneck,10_5_19,2,44.3669,-67.9976,1,2004-06-15,10,10,10,NA,NA,NA,57.5,0,0,0,730,4,57.5,percent_cover,"c(-67.9976, 44.3669)",Gulf of Maine/Bay of Fundy,Cold Temperate Northwest Atlantic,Temperate Northern Atlantic,0.575,0.5170199100879214,0.5170199100879214,0.5170199100879214,-0.5361434317502807,-0.6405169511014412,-0.6405169511014412,-0.6405169511014412,2004-06-15,2004,2004,-3.7639569049952115,dmr_rasher_steneck 10_5_19,3
dmr_rasher_steneck,10_5_19,3,44.3669,-67.9928,1,2007-06-10,10,10,10,NA,NA,NA,8.5,0,0,0,730,4,8.5,percent_cover,"c(-67.9928, 44.3669)",Gulf of Maine/Bay of Fundy,Cold Temperate Northwest Atlantic,Temperate Northern Atlantic,0.085,0.07642903018691011,0.07642903018691011,0.07642903018691011,-2.353878387381596,-2.448431662072976,-2.448431662072976,-2.448431662072976,2007-06-10,2007,2007,-0.7639569049952115,dmr_rasher_steneck 10_5_19,3
dmr_rasher_steneck,10_5_2,1,44.64483,-67.18714,1,2001-07-26,10,10,10,NA,NA,NA,47.5,0,0,0,730,4,47.5,percent_cover,"c(-67.18714, 44.64483)",Gulf of Maine/Bay of Fundy,Cold Temperate Northwest Atlantic,Temperate Northern Atlantic,0.475,0.42710340398567415,0.42710340398567415,0.42710340398567415,-0.7236063880446539,-0.8275854894843628,-0.8275854894843628,-0.8275854894843628,2001-07-26,2001,2001,-6.7639569049952115,dmr_rasher_steneck 10_5_2,3
dmr_rasher_steneck,10_5_2,2,44.6434,-67.1973,1,2006-07-01,10,10,10,NA,NA,NA,8.5,0,0,0,730,4,8.5,percent_cover,"c(-67.1973, 44.6434)",Gulf of Maine/Bay of Fundy,Cold Temperate Northwest Atlantic,Temperate Northern Atlantic,0.085,0.07642903018691011,0.07642903018691011,0.07642903018691011,-2.353878387381596,-2.448431662072976,-2.448431662072976,-2.448431662072976,2006-07-01,2006,2006,-1.7639569049952115,dmr_rasher_steneck 10_5_2,3
dmr_rasher_steneck,10_5_2,3,44.6436,-67.19338,1,2011-06-13,10,10,10,NA,NA,NA,18.5,0,0,0,730,4,18.5,percent_cover,"c(-67.19338, 44.6436)",Gulf of Maine/Bay of Fundy,Cold Temperate Northwest Atlantic,Temperate Northern Atlantic,0.185,0.1663455362891573,0.1663455362891573,0.1663455362891573,-1.6347557204183902,-1.7353099342781628,-1.7353099342781628,-1.7353099342781628,2011-06-13,2011,2011,3.2360430950047885,dmr_rasher_steneck 10_5_2,3
dmr_rasher_steneck,10_5_20,1,44.36654,-67.93627,1,2003-06-16,10,10,10,NA,NA,NA,3,0,0,0,730,4,3,percent_cover,"c(-67.93627, 44.36654)",Gulf of Maine/Bay of Fundy,Cold Temperate Northwest Atlantic,Temperate Northern Atlantic,0.03,0.02697495183067416,0.02697495183067416,0.02697495183067416,-3.2188758248682006,-3.297514573140033,-3.297514573140033,-3.297514573140033,2003-06-16,2003,2003,-4.7639569049952115,dmr_rasher_steneck 10_5_20,4
dmr_rasher_steneck,10_5_20,2,44.36204,-67.93636,1,2008-06-05,10,10,10,NA,NA,NA,70.5,0,0,0,730,4,70.5,percent_cover,"c(-67.93636, 44.36204)",Gulf of Maine/Bay of Fundy,Cold Temperate Northwest Atlantic,Temperate Northern Atlantic,0.705,0.6339113680208427,0.6339113680208427,0.6339113680208427,-0.33547273628812946,-0.440194189646117,-0.440194189646117,-0.440194189646117,2008-06-05,2008,2008,0.23604309500478848,dmr_rasher_steneck 10_5_20,4
dmr_rasher_steneck,10_5_20,3,44.36649,-67.9299,1,2013-05-18,10,10,10,NA,NA,NA,60.5,0,0,0,730,4,60.5,percent_cover,"c(-67.9299, 44.36649)",Gulf of Maine/Bay of Fundy,Cold Temperate Northwest Atlantic,Temperate Northern Atlantic,0.605,0.5439948619185955,0.5439948619185955,0.5439948619185955,-0.4861330111756192,-0.5905998667930324,-0.5905998667930324,-0.5905998667930324,2013-05-18,2013,2013,5.2360430950047885,dmr_rasher_steneck 10_5_20,4
dmr_rasher_steneck,10_5_20,4,44.3644,-67.9344,1,2017-07-10,10,10,10,NA,NA,NA,1.66666666666667,0,0,0,730,4,1.66666666666667,percent_cover,"c(-67.9344, 44.3644)",Gulf of Maine/Bay of Fundy,Cold Temperate Northwest Atlantic,Temperate Northern Atlantic,0.0166666666666667,0.014986084350374563,0.014986084350374563,0.014986084350374563,-3.624340932976364,-3.6894362350727086,-3.6894362350727086,-3.6894362350727086,2017-07-10,2017,2017,9.236043095004788,dmr_rasher_steneck 10_5_20,4
dmr_rasher_steneck,10_5_25,1,43.7158,-69.9469,1,2004-05-11,10,10,10,NA,NA,NA,10.5,0,0,0,730,4,10.5,percent_cover,"c(-69.9469, 43.7158)",Gulf of Maine/Bay of Fundy,Cold Temperate Northwest Atlantic,Temperate Northern Atlantic,0.105,0.09441233140735955,0.09441233140735955,0.09441233140735955,-2.162823150618887,-2.2594074935801225,-2.2594074935801225,-2.2594074935801225,2004-05-11,2004,2004,-3.7639569049952115,dmr_rasher_steneck 10_5_25,3
dmr_rasher_steneck,10_5_25,2,43.7159,-69.9402,1,2006-05-12,10,10,10,NA,NA,NA,12,0,0,0,730,4,12,percent_cover,"c(-69.9402, 43.7159)",Gulf of Maine/Bay of Fundy,Cold Temperate Northwest Atlantic,Temperate Northern Atlantic,0.12,0.10789980732269663,0.10789980732269663,0.10789980732269663,-2.0402208285265546,-2.1379201056836026,-2.1379201056836026,-2.1379201056836026,2006-05-12,2006,2006,-1.7639569049952115,dmr_rasher_steneck 10_5_25,3
dmr_rasher_steneck,10_5_25,3,43.71212,-69.9402,1,2018-09-05,10,10,10,NA,NA,NA,2.125,0,0,0,730,4,2.125,percent_cover,"c(-69.9402, 43.71212)",Gulf of Maine/Bay of Fundy,Cold Temperate Northwest Atlantic,Temperate Northern Atlantic,0.02125,0.019107257546727527,0.019107257546727527,0.019107257546727527,-3.4657359027997265,-3.536767735668571,-3.536767735668571,-3.536767735668571,2018-09-05,2018,2018,10.236043095004788,dmr_rasher_steneck 10_5_25,3
dmr_rasher_steneck,10_5_35,1,44.0256,-68.8532,1,2005-05-31,10,10,10,NA,NA,NA,58,0,0,0,730,4,58,percent_cover,"c(-68.8532, 44.0256)",Gulf of Maine/Bay of Fundy,Cold Temperate Northwest Atlantic,Temperate Northern Atlantic,0.58,0.5215157353930338,0.5215157353930338,0.5215157353930338,-0.527632742082372,-0.6320224760070766,-0.6320224760070766,-0.6320224760070766,2005-05-31,2005,2005,-2.7639569049952115,dmr_rasher_steneck 10_5_35,3
dmr_rasher_steneck,10_5_35,2,44.0246,-68.8612,1,2017-07-29,10,10,10,NA,NA,NA,2.375,0,0,0,730,4,2.375,percent_cover,"c(-68.8612, 44.0246)",Gulf of Maine/Bay of Fundy,Cold Temperate Northwest Atlantic,Temperate Northern Atlantic,0.02375,0.021355170199283707,0.021355170199283707,0.021355170199283707,-3.388774861663598,-3.462376106863352,-3.462376106863352,-3.462376106863352,2017-07-29,2017,2017,9.236043095004788,dmr_rasher_steneck 10_5_35,3
dmr_rasher_steneck,10_5_35,3,44.02460002,-68.86120004,1,2018-06-24,10,10,10,NA,NA,NA,13.3125,0,0,0,730,4,13.3125,percent_cover,"c(-68.86120004, 44.02460002)",Gulf of Maine/Bay of Fundy,Cold Temperate Northwest Atlantic,Temperate Northern Atlantic,0.133125,0.11970134874861657,0.11970134874861657,0.11970134874861657,-1.944036904673633,-2.042520788726787,-2.042520788726787,-2.042520788726787,2018-06-24,2018,2018,10.236043095004788,dmr_rasher_steneck 10_5_35,3
dmr_rasher_steneck,10_5_39,1,44.3668,-67.974,1,2005-06-14,10,10,10,NA,NA,NA,13,0,0,0,730,4,13,percent_cover,"c(-67.974, 44.3668)",Gulf of Maine/Bay of Fundy,Cold Temperate Northwest Atlantic,Temperate Northern Atlantic,0.13,0.11689145793292136,0.11689145793292136,0.11689145793292136,-1.9661128563728327,-2.064423219900796,-2.064423219900796,-2.064423219900796,2005-06-14,2005,2005,-2.7639569049952115,dmr_rasher_steneck 10_5_39,3
dmr_rasher_steneck,10_5_39,2,44.3668,-67.9823,1,2006-06-17,10,10,10,NA,NA,NA,3.5,0,0,0,730,4,3.5,percent_cover,"c(-67.9823, 44.3668)",Gulf of Maine/Bay of Fundy,Cold Temperate Northwest Atlantic,Temperate Northern Atlantic,0.035,0.03147077713578652,0.03147077713578652,0.03147077713578652,-3.101092789211817,-3.182766265189124,-3.182766265189124,-3.182766265189124,2006-06-17,2006,2006,-1.7639569049952115,dmr_rasher_steneck 10_5_39,3
dmr_rasher_steneck,10_5_39,3,44.366816,-67.978165,1,2010-05-21,10,10,10,NA,NA,NA,0,0,0,0,730,4,0,percent_cover,"c(-67.978165, 44.366816)",Gulf of Maine/Bay of Fundy,Cold Temperate Northwest Atlantic,Temperate Northern Atlantic,0,0,0,0,-4.605170185988091,-4.605170185988091,-4.605170185988091,-4.605170185988091,2010-05-21,2010,2010,2.2360430950047885,dmr_rasher_steneck 10_5_39,3
dmr_rasher_steneck,5_1_10,1,44.47173,-68.16106,1,2001-07-12,5,5,5,NA,NA,NA,3.1,0,0,0,730,4,3.1,percent_cover,"c(-68.16106, 44.47173)",Gulf of Maine/Bay of Fundy,Cold Temperate Northwest Atlantic,Temperate Northern Atlantic,0.031,0.02787411689169663,0.02787411689169663,0.02787411689169663,-3.1941832122778293,-3.273487331815283,-3.273487331815283,-3.273487331815283,2001-07-12,2001,2001,-6.7639569049952115,dmr_rasher_steneck 5_1_10,4
dmr_rasher_steneck,5_1_10,2,44.46621,-68.15455,1,2009-06-05,5,5,5,NA,NA,NA,0,0,0,0,730,4,0,percent_cover,"c(-68.15455, 44.46621)",Gulf of Maine/Bay of Fundy,Cold Temperate Northwest Atlantic,Temperate Northern Atlantic,0,0,0,0,-4.605170185988091,-4.605170185988091,-4.605170185988091,-4.605170185988091,2009-06-05,2009,2009,1.2360430950047885,dmr_rasher_steneck 5_1_10,4
dmr_rasher_steneck,5_1_10,3,44.46708,-68.1608,1,2013-05-17,5,5,5,NA,NA,NA,2.5,0,0,0,730,4,2.5,percent_cover,"c(-68.1608, 44.46708)",Gulf of Maine/Bay of Fundy,Cold Temperate Northwest Atlantic,Temperate Northern Atlantic,0.025,0.022479126525561798,0.022479126525561798,0.022479126525561798,-3.3524072174927233,-3.42715765673618,-3.42715765673618,-3.42715765673618,2013-05-17,2013,2013,5.2360430950047885,dmr_rasher_steneck 5_1_10,4
dmr_rasher_steneck,5_1_10,4,44.4658,-68.1552,1,2018-05-15,5,5,5,NA,NA,NA,0,0,0,0,730,4,0,percent_cover,"c(-68.1552, 44.4658)",Gulf of Maine/Bay of Fundy,Cold Temperate Northwest Atlantic,Temperate Northern Atlantic,0,0,0,0,-4.605170185988091,-4.605170185988091,-4.605170185988091,-4.605170185988091,2018-05-15,2018,2018,10.236043095004788,dmr_rasher_steneck 5_1_10,4
dmr_rasher_steneck,5_1_17,1,44.3724,-68.8086,1,2007-05-26,5,5,5,NA,NA,NA,12,0,0,0,730,4,12,percent_cover,"c(-68.8086, 44.3724)",Gulf of Maine/Bay of Fundy,Cold Temperate Northwest Atlantic,Temperate Northern Atlantic,0.12,0.10789980732269663,0.10789980732269663,0.10789980732269663,-2.0402208285265546,-2.1379201056836026,-2.1379201056836026,-2.1379201056836026,2007-05-26,2007,2007,-0.7639569049952115,dmr_rasher_steneck 5_1_17,3
dmr_rasher_steneck,5_1_17,2,44.3723,-68.8022,1,2014-05-14,5,5,5,NA,NA,NA,1,0,0,0,730,4,1,percent_cover,"c(-68.8022, 44.3723)",Gulf of Maine/Bay of Fundy,Cold Temperate Northwest Atlantic,Temperate Northern Atlantic,0.01,0.00899165061022472,0.00899165061022472,0.00899165061022472,-3.912023005428146,-3.963755837965558,-3.963755837965558,-3.963755837965558,2014-05-14,2014,2014,6.2360430950047885,dmr_rasher_steneck 5_1_17,3
dmr_rasher_steneck,5_1_17,3,44.3762,-68.7986,1,2017-05-09,5,5,5,NA,NA,NA,0,0,0,0,730,4,0,percent_cover,"c(-68.7986, 44.3762)",Gulf of Maine/Bay of Fundy,Cold Temperate Northwest Atlantic,Temperate Northern Atlantic,0,0,0,0,-4.605170185988091,-4.605170185988091,-4.605170185988091,-4.605170185988091,2017-05-09,2017,2017,9.236043095004788,dmr_rasher_steneck 5_1_17,3
dmr_rasher_steneck,5_1_26,1,44.29333,-68.43279,1,2008-06-02,5,5,5,NA,NA,NA,91,0,0,0,730,4,91,percent_cover,"c(-68.43279, 44.29333)",Gulf of Maine/Bay of Fundy,Cold Temperate Northwest Atlantic,Temperate Northern Atlantic,0.91,0.8182402055304494,0.8182402055304494,0.8182402055304494,-0.08338160893905101,-0.18845206337105821,-0.18845206337105821,-0.18845206337105821,2008-06-02,2008,2008,0.23604309500478848,dmr_rasher_steneck 5_1_26,3
dmr_rasher_steneck,5_1_26,2,44.29782,-68.43277,1,2011-06-01,5,5,5,NA,NA,NA,0.5,0,0,0,730,4,0.5,percent_cover,"c(-68.43277, 44.29782)",Gulf of Maine/Bay of Fundy,Cold Temperate Northwest Atlantic,Temperate Northern Atlantic,0.005,0.00449582530511236,0.00449582530511236,0.00449582530511236,-4.199705077879927,-4.233894581001898,-4.233894581001898,-4.233894581001898,2011-06-01,2011,2011,3.2360430950047885,dmr_rasher_steneck 5_1_26,3
dmr_rasher_steneck,5_1_26,3,44.2933,-68.4275,1,2014-05-26,5,5,5,NA,NA,NA,6.5,0,0,0,730,4,6.5,percent_cover,"c(-68.4275, 44.2933)",Gulf of Maine/Bay of Fundy,Cold Temperate Northwest Atlantic,Temperate Northern Atlantic,0.065,0.05844572896646068,0.05844572896646068,0.05844572896646068,-2.5902671654458267,-2.681714125593821,-2.681714125593821,-2.681714125593821,2014-05-26,2014,2014,6.2360430950047885,dmr_rasher_steneck 5_1_26,3
dmr_rasher_steneck,5_1_32,1,44.32727,-68.31394,1,2009-05-26,5,5,5,NA,NA,NA,0,0,0,0,730,4,0,percent_cover,"c(-68.31394, 44.32727)",Gulf of Maine/Bay of Fundy,Cold Temperate Northwest Atlantic,Temperate Northern Atlantic,0,0,0,0,-4.605170185988091,-4.605170185988091,-4.605170185988091,-4.605170185988091,2009-05-26,2009,2009,1.2360430950047885,dmr_rasher_steneck 5_1_32,3
dmr_rasher_steneck,5_1_32,2,44.333,-68.306004,1,2010-05-21,5,5,5,NA,NA,NA,0,0,0,0,730,4,0,percent_cover,"c(-68.306004, 44.333)",Gulf of Maine/Bay of Fundy,Cold Temperate Northwest Atlantic,Temperate Northern Atlantic,0,0,0,0,-4.605170185988091,-4.605170185988091,-4.605170185988091,-4.605170185988091,2010-05-21,2010,2010,2.2360430950047885,dmr_rasher_steneck 5_1_32,3
dmr_rasher_steneck,5_1_32,3,44.333,-68.306,1,2014-05-27,5,5,5,NA,NA,NA,0,0,0,0,730,4,0,percent_cover,"c(-68.306, 44.333)",Gulf of Maine/Bay of Fundy,Cold Temperate Northwest Atlantic,Temperate Northern Atlantic,0,0,0,0,-4.605170185988091,-4.605170185988091,-4.605170185988091,-4.605170185988091,2014-05-27,2014,2014,6.2360430950047885,dmr_rasher_steneck 5_1_32,3
dmr_rasher_steneck,5_1_67,1,44.41907,-68.13,1,2012-05-13,5,5,5,NA,NA,NA,26.5,0,0,0,730,4,26.5,percent_cover,"c(-68.13, 44.41907)",Gulf of Maine/Bay of Fundy,Cold Temperate Northwest Atlantic,Temperate Northern Atlantic,0.265,0.23827874117095507,0.23827874117095507,0.23827874117095507,-1.2909841813155656,-1.3932032076486884,-1.3932032076486884,-1.3932032076486884,2012-05-13,2012,2012,4.2360430950047885,dmr_rasher_steneck 5_1_67,4
dmr_rasher_steneck,5_1_67,2,44.4192,-68.1298,1,2015-05-18,5,5,5,NA,NA,NA,14.5,0,0,0,730,4,14.5,percent_cover,"c(-68.1298, 44.4192)",Gulf of Maine/Bay of Fundy,Cold Temperate Northwest Atlantic,Temperate Northern Atlantic,0.145,0.13037893384825844,0.13037893384825844,0.13037893384825844,-1.8643301620628905,-1.9634098424639488,-1.9634098424639488,-1.9634098424639488,2015-05-18,2015,2015,7.2360430950047885,dmr_rasher_steneck 5_1_67,4
dmr_rasher_steneck,5_1_67,3,44.4258,-68.1358,1,2017-05-12,5,5,5,NA,NA,NA,1.5,0,0,0,730,4,1.5,percent_cover,"c(-68.1358, 44.4258)",Gulf of Maine/Bay of Fundy,Cold Temperate Northwest Atlantic,Temperate Northern Atlantic,0.015,0.01348747591533708,0.01348747591533708,0.01348747591533708,-3.6888794541139363,-3.751287939667791,-3.751287939667791,-3.751287939667791,2017-05-12,2017,2017,9.236043095004788,dmr_rasher_steneck 5_1_67,4
dmr_rasher_steneck,5_1_67,4,44.4175,-68.1363,1,2018-05-15,5,5,5,NA,NA,NA,7.5,0,0,0,730,4,7.5,percent_cover,"c(-68.1363, 44.4175)",Gulf of Maine/Bay of Fundy,Cold Temperate Northwest Atlantic,Temperate Northern Atlantic,0.075,0.0674373795766854,0.0674373795766854,0.0674373795766854,-2.4651040224918206,-2.5582856746973213,-2.5582856746973213,-2.5582856746973213,2018-05-15,2018,2018,10.236043095004788,dmr_rasher_steneck 5_1_67,4
dmr_rasher_steneck,5_2_104,1,44.565,-67.5275,1,2005-06-21,5,5,5,NA,NA,NA,98.5,0,0,0,730,4,98.5,percent_cover,"c(-67.5275, 44.565)",Gulf of Maine/Bay of Fundy,Cold Temperate Northwest Atlantic,Temperate Northern Atlantic,0.985,0.8856775851071349,0.8856775851071349,0.8856775851071349,-0.005012541823544286,-0.11017476881452558,-0.11017476881452558,-0.11017476881452558,2005-06-21,2005,2005,-2.7639569049952115,dmr_rasher_steneck 5_2_104,4
dmr_rasher_steneck,5_2_104,2,44.55907,-67.52656,1,2009-06-10,5,5,5,NA,NA,NA,88.5,0,0,0,730,4,88.5,percent_cover,"c(-67.52656, 44.55907)",Gulf of Maine/Bay of Fundy,Cold Temperate Northwest Atlantic,Temperate Northern Atlantic,0.885,0.7957610790048877,0.7957610790048877,0.7957610790048877,-0.11093156070728166,-0.21596800845262068,-0.21596800845262068,-0.21596800845262068,2009-06-10,2009,2009,1.2360430950047885,dmr_rasher_steneck 5_2_104,4
dmr_rasher_steneck,5_2_104,3,44.56232,-67.5291,1,2012-06-12,5,5,5,NA,NA,NA,85.5,0,0,0,730,4,85.5,percent_cover,"c(-67.5291, 44.56232)",Gulf of Maine/Bay of Fundy,Cold Temperate Northwest Atlantic,Temperate Northern Atlantic,0.855,0.7687861271742135,0.7687861271742135,0.7687861271742135,-0.14502577205025774,-0.25001881872156917,-0.25001881872156917,-0.25001881872156917,2012-06-12,2012,2012,4.2360430950047885,dmr_rasher_steneck 5_2_104,4
dmr_rasher_steneck,5_2_104,4,44.5624,-67.529,1,2017-06-15,5,5,5,NA,NA,NA,64.5,0,0,0,730,4,64.5,percent_cover,"c(-67.529, 44.5624)",Gulf of Maine/Bay of Fundy,Cold Temperate Northwest Atlantic,Temperate Northern Atlantic,0.645,0.5799614643594944,0.5799614643594944,0.5799614643594944,-0.4231200433468851,-0.527698058860391,-0.527698058860391,-0.527698058860391,2017-06-15,2017,2017,9.236043095004788,dmr_rasher_steneck 5_2_104,4
dmr_rasher_steneck,5_2_109,1,43.9116,-69.3146,1,2006-05-16,5,5,5,NA,NA,NA,53.5,0,0,0,730,4,53.5,percent_cover,"c(-69.3146, 43.9116)",Gulf of Maine/Bay of Fundy,Cold Temperate Northwest Atlantic,Temperate Northern Atlantic,0.535,0.4810533076470225,0.4810533076470225,0.4810533076470225,-0.6069694843188929,-0.7112025875349924,-0.7112025875349924,-0.7112025875349924,2006-05-16,2006,2006,-1.7639569049952115,dmr_rasher_steneck 5_2_109,4
dmr_rasher_steneck,5_2_109,2,43.91941,-69.30907,1,2011-05-11,5,5,5,NA,NA,NA,75.5,0,0,0,730,4,75.5,percent_cover,"c(-69.30907, 43.91941)",Gulf of Maine/Bay of Fundy,Cold Temperate Northwest Atlantic,Temperate Northern Atlantic,0.755,0.6788696210719664,0.6788696210719664,0.6788696210719664,-0.2678794451556012,-0.3727032550879865,-0.3727032550879865,-0.3727032550879865,2011-05-11,2011,2011,3.2360430950047885,dmr_rasher_steneck 5_2_109,4
dmr_rasher_steneck,5_2_109,3,43.9194,-69.3091,1,2014-05-08,5,5,5,NA,NA,NA,82.5,0,0,0,730,4,82.5,percent_cover,"c(-69.3091, 43.9194)",Gulf of Maine/Bay of Fundy,Cold Temperate Northwest Atlantic,Temperate Northern Atlantic,0.825,0.7418111753435394,0.7418111753435394,0.7418111753435394,-0.18032355413128162,-0.28527008317996494,-0.28527008317996494,-0.28527008317996494,2014-05-08,2014,2014,6.2360430950047885,dmr_rasher_steneck 5_2_109,4
dmr_rasher_steneck,5_2_109,4,43.9196,-69.3146,1,2018-05-10,5,5,5,NA,NA,NA,43,0,0,0,730,4,43,percent_cover,"c(-69.3146, 43.9196)",Gulf of Maine/Bay of Fundy,Cold Temperate Northwest Atlantic,Temperate Northern Atlantic,0.43,0.3866409762396629,0.3866409762396629,0.3866409762396629,-0.8209805520698302,-0.9247237494244279,-0.9247237494244279,-0.9247237494244279,2018-05-10,2018,2018,10.236043095004788,dmr_rasher_steneck 5_2_109,4
dmr_rasher_steneck,5_2_118,1,44.3791,-68.4637,1,2006-06-03,5,5,5,NA,NA,NA,11,0,0,0,730,4,11,percent_cover,"c(-68.4637, 44.3791)",Gulf of Maine/Bay of Fundy,Cold Temperate Northwest Atlantic,Temperate Northern Atlantic,0.11,0.09890815671247191,0.09890815671247191,0.09890815671247191,-2.120263536200091,-2.217250350907185,-2.217250350907185,-2.217250350907185,2006-06-03,2006,2006,-1.7639569049952115,dmr_rasher_steneck 5_2_118,3
dmr_rasher_steneck,5_2_118,2,44.37805,-68.47401,1,2009-05-27,5,5,5,NA,NA,NA,0,0,0,0,730,4,0,percent_cover,"c(-68.47401, 44.37805)",Gulf of Maine/Bay of Fundy,Cold Temperate Northwest Atlantic,Temperate Northern Atlantic,0,0,0,0,-4.605170185988091,-4.605170185988091,-4.605170185988091,-4.605170185988091,2009-05-27,2009,2009,1.2360430950047885,dmr_rasher_steneck 5_2_118,3
dmr_rasher_steneck,5_2_118,3,44.378,-68.4696,1,2017-05-13,5,5,5,NA,NA,NA,0,0,0,0,730,4,0,percent_cover,"c(-68.4696, 44.378)",Gulf of Maine/Bay of Fundy,Cold Temperate Northwest Atlantic,Temperate Northern Atlantic,0,0,0,0,-4.605170185988091,-4.605170185988091,-4.605170185988091,-4.605170185988091,2017-05-13,2017,2017,9.236043095004788,dmr_rasher_steneck 5_2_118,3
dmr_rasher_steneck,5_2_124,1,44.5513,-67.5636,1,2006-06-30,5,5,5,NA,NA,NA,87.5,0,0,0,730,4,87.5,percent_cover,"c(-67.5636, 44.5513)",Gulf of Maine/Bay of Fundy,Cold Temperate Northwest Atlantic,Temperate Northern Atlantic,0.875,0.7867694283946629,0.7867694283946629,0.7867694283946629,-0.12216763397420753,-0.227189941426404,-0.227189941426404,-0.227189941426404,2006-06-30,2006,2006,-1.7639569049952115,dmr_rasher_steneck 5_2_124,5
dmr_rasher_steneck,5_2_124,2,44.54756,-67.56276,1,2009-06-10,5,5,5,NA,NA,NA,80.5,0,0,0,730,4,80.5,percent_cover,"c(-67.56276, 44.54756)",Gulf of Maine/Bay of Fundy,Cold Temperate Northwest Atlantic,Temperate Northern Atlantic,0.805,0.7238278741230899,0.7238278741230899,0.7238278741230899,-0.20456716574127426,-0.309480781787461,-0.309480781787461,-0.309480781787461,2009-06-10,2009,2009,1.2360430950047885,dmr_rasher_steneck 5_2_124,5
dmr_rasher_steneck,5_2_124,3,44.54572,-67.5553,1,2012-06-12,5,5,5,NA,NA,NA,72,0,0,0,730,4,72,percent_cover,"c(-67.5553, 44.54572)",Gulf of Maine/Bay of Fundy,Cold Temperate Northwest Atlantic,Temperate Northern Atlantic,0.72,0.6473988439361797,0.6473988439361797,0.6473988439361797,-0.31471074483970024,-0.41946437629299266,-0.41946437629299266,-0.41946437629299266,2012-06-12,2012,2012,4.2360430950047885,dmr_rasher_steneck 5_2_124,5
dmr_rasher_steneck,5_2_124,4,44.5457,-67.5554,1,2014-06-10,5,5,5,NA,NA,NA,45.5,0,0,0,730,4,45.5,percent_cover,"c(-67.5554, 44.5457)",Gulf of Maine/Bay of Fundy,Cold Temperate Northwest Atlantic,Temperate Northern Atlantic,0.455,0.4091201027652247,0.4091201027652247,0.4091201027652247,-0.7657178733947807,-0.869597758689359,-0.869597758689359,-0.869597758689359,2014-06-10,2014,2014,6.2360430950047885,dmr_rasher_steneck 5_2_124,5
dmr_rasher_steneck,5_2_124,5,44.5473,-67.5632,1,2015-06-07,5,5,5,NA,NA,NA,79,0,0,0,730,4,79,percent_cover,"c(-67.5632, 44.5473)",Gulf of Maine/Bay of Fundy,Cold Temperate Northwest Atlantic,Temperate Northern Atlantic,0.79,0.7103403982077529,0.7103403982077529,0.7103403982077529,-0.2231435513142097,-0.32803140340651527,-0.32803140340651527,-0.32803140340651527,2015-06-07,2015,2015,7.2360430950047885,dmr_rasher_steneck 5_2_124,5
dmr_rasher_steneck,5_2_125,1,44.6472,-67.3317,1,2006-07-01,5,5,5,NA,NA,NA,64,0,0,0,730,4,64,percent_cover,"c(-67.3317, 44.6472)",Gulf of Maine/Bay of Fundy,Cold Temperate Northwest Atlantic,Temperate Northern Atlantic,0.64,0.5754656390543821,0.5754656390543821,0.5754656390543821,-0.4307829160924542,-0.5353477841662594,-0.5353477841662594,-0.5353477841662594,2006-07-01,2006,2006,-1.7639569049952115,dmr_rasher_steneck 5_2_125,4
dmr_rasher_steneck,5_2_125,2,44.651207,-67.327633,1,2010-06-10,5,5,5,NA,NA,NA,74,0,0,0,730,4,74,percent_cover,"c(-67.327633, 44.651207)",Gulf of Maine/Bay of Fundy,Cold Temperate Northwest Atlantic,Temperate Northern Atlantic,0.74,0.6653821451566292,0.6653821451566292,0.6653821451566292,-0.2876820724517809,-0.3924766073341638,-0.3924766073341638,-0.3924766073341638,2010-06-10,2010,2010,2.2360430950047885,dmr_rasher_steneck 5_2_125,4
dmr_rasher_steneck,5_2_125,3,44.65176,-67.3328,1,2012-06-20,5,5,5,NA,NA,NA,22.5,0,0,0,730,4,22.5,percent_cover,"c(-67.3328, 44.65176)",Gulf of Maine/Bay of Fundy,Cold Temperate Northwest Atlantic,Temperate Northern Atlantic,0.225,0.20231213873005618,0.20231213873005618,0.20231213873005618,-1.448169764837978,-1.549697734658043,-1.549697734658043,-1.549697734658043,2012-06-20,2012,2012,4.2360430950047885,dmr_rasher_steneck 5_2_125,4
dmr_rasher_steneck,5_2_125,4,44.6509,-67.3277,1,2018-05-21,5,5,5,NA,NA,NA,36.5,0,0,0,730,4,36.5,percent_cover,"c(-67.3277, 44.6509)",Gulf of Maine/Bay of Fundy,Cold Temperate Northwest Atlantic,Temperate Northern Atlantic,0.365,0.32819524727320226,0.32819524727320226,0.32819524727320226,-0.9808292530117262,-1.0841318956228998,-1.0841318956228998,-1.0841318956228998,2018-05-21,2018,2018,10.236043095004788,dmr_rasher_steneck 5_2_125,4
dmr_rasher_steneck,5_2_142,1,44.4626,-68.1609,1,2007-06-08,5,5,5,NA,NA,NA,12,0,0,0,730,4,12,percent_cover,"c(-68.1609, 44.4626)",Gulf of Maine/Bay of Fundy,Cold Temperate Northwest Atlantic,Temperate Northern Atlantic,0.12,0.10789980732269663,0.10789980732269663,0.10789980732269663,-2.0402208285265546,-2.1379201056836026,-2.1379201056836026,-2.1379201056836026,2007-06-08,2007,2007,-0.7639569049952115,dmr_rasher_steneck 5_2_142,3
dmr_rasher_steneck,5_2_142,2,44.46178,-68.1566,1,2012-05-12,5,5,5,NA,NA,NA,17,0,0,0,730,4,17,percent_cover,"c(-68.1566, 44.46178)",Gulf of Maine/Bay of Fundy,Cold Temperate Northwest Atlantic,Temperate Northern Atlantic,0.17,0.15285806037382021,0.15285806037382021,0.15285806037382021,-1.7147984280919266,-1.8148762527904447,-1.8148762527904447,-1.8148762527904447,2012-05-12,2012,2012,4.2360430950047885,dmr_rasher_steneck 5_2_142,3
dmr_rasher_steneck,5_2_142,3,44.4618,-68.1566,1,2014-06-06,5,5,5,NA,NA,NA,67,0,0,0,730,4,67,percent_cover,"c(-68.1566, 44.4618)",Gulf of Maine/Bay of Fundy,Cold Temperate Northwest Atlantic,Temperate Northern Atlantic,0.67,0.6024405908850562,0.6024405908850562,0.6024405908850562,-0.3856624808119846,-0.49030333574090074,-0.49030333574090074,-0.49030333574090074,2014-06-06,2014,2014,6.2360430950047885,dmr_rasher_steneck 5_2_142,3
dmr_rasher_steneck,5_2_145,1,44.5736,-67.4853,1,2007-06-19,5,5,5,NA,NA,NA,95.5,0,0,0,730,4,95.5,percent_cover,"c(-67.4853, 44.5736)",Gulf of Maine/Bay of Fundy,Cold Temperate Northwest Atlantic,Temperate Northern Atlantic,0.955,0.8587026332764607,0.8587026332764607,0.8587026332764607,-0.03562717764315116,-0.14075440643679912,-0.14075440643679912,-0.14075440643679912,2007-06-19,2007,2007,-0.7639569049952115,dmr_rasher_steneck 5_2_145,3
dmr_rasher_steneck,5_2_145,2,44.58034,-67.48165,1,2008-06-12,5,5,5,NA,NA,NA,90,0,0,0,730,4,90,percent_cover,"c(-67.48165, 44.58034)",Gulf of Maine/Bay of Fundy,Cold Temperate Northwest Atlantic,Temperate Northern Atlantic,0.9,0.8092485549202247,0.8092485549202247,0.8092485549202247,-0.09431067947124129,-0.19936775531050602,-0.19936775531050602,-0.19936775531050602,2008-06-12,2008,2008,0.23604309500478848,dmr_rasher_steneck 5_2_145,3
dmr_rasher_steneck,5_2_145,3,44.5822,-67.485,1,2016-06-05,5,5,5,NA,NA,NA,43,0,0,0,730,4,43,percent_cover,"c(-67.485, 44.5822)",Gulf of Maine/Bay of Fundy,Cold Temperate Northwest Atlantic,Temperate Northern Atlantic,0.43,0.3866409762396629,0.3866409762396629,0.3866409762396629,-0.8209805520698302,-0.9247237494244279,-0.9247237494244279,-0.9247237494244279,2016-06-05,2016,2016,8.236043095004788,dmr_rasher_steneck 5_2_145,3
dmr_rasher_steneck,5_2_146,1,44.5841,-67.358,1,2007-06-27,5,5,5,NA,NA,NA,45.5,0,0,0,730,4,45.5,percent_cover,"c(-67.358, 44.5841)",Gulf of Maine/Bay of Fundy,Cold Temperate Northwest Atlantic,Temperate Northern Atlantic,0.455,0.4091201027652247,0.4091201027652247,0.4091201027652247,-0.7657178733947807,-0.869597758689359,-0.869597758689359,-0.869597758689359,2007-06-27,2007,2007,-0.7639569049952115,dmr_rasher_steneck 5_2_146,3
dmr_rasher_steneck,5_2_146,2,44.58406,-67.358,1,2013-06-10,5,5,5,NA,NA,NA,44.5,0,0,0,730,4,44.5,percent_cover,"c(-67.358, 44.58406)",Gulf of Maine/Bay of Fundy,Cold Temperate Northwest Atlantic,Temperate Northern Atlantic,0.445,0.400128452155,0.400128452155,0.400128452155,-0.7874578600311866,-0.8912848704123103,-0.8912848704123103,-0.8912848704123103,2013-06-10,2013,2013,5.2360430950047885,dmr_rasher_steneck 5_2_146,3
dmr_rasher_steneck,5_2_146,3,44.5852,-67.3524,1,2017-06-15,5,5,5,NA,NA,NA,27,0,0,0,730,4,27,percent_cover,"c(-67.3524, 44.5852)",Gulf of Maine/Bay of Fundy,Cold Temperate Northwest Atlantic,Temperate Northern Atlantic,0.27,0.24277456647606743,0.24277456647606743,0.24277456647606743,-1.2729656758128873,-1.375257229064725,-1.375257229064725,-1.375257229064725,2017-06-15,2017,2017,9.236043095004788,dmr_rasher_steneck 5_2_146,3
dmr_rasher_steneck,5_2_147,1,44.6147,-67.273,1,2007-06-27,5,5,5,NA,NA,NA,51.5,0,0,0,730,4,51.5,percent_cover,"c(-67.273, 44.6147)",Gulf of Maine/Bay of Fundy,Cold Temperate Northwest Atlantic,Temperate Northern Atlantic,0.515,0.46307000642657303,0.46307000642657303,0.46307000642657303,-0.6443570163905132,-0.7485118963117072,-0.7485118963117072,-0.7485118963117072,2007-06-27,2007,2007,-0.7639569049952115,dmr_rasher_steneck 5_2_147,3
dmr_rasher_steneck,5_2_147,2,44.60883,-67.2639,1,2013-06-14,5,5,5,NA,NA,NA,76,0,0,0,730,4,76,percent_cover,"c(-67.2639, 44.60883)",Gulf of Maine/Bay of Fundy,Cold Temperate Northwest Atlantic,Temperate Northern Atlantic,0.76,0.6833654463770786,0.6833654463770786,0.6833654463770786,-0.2613647641344075,-0.36619807913745983,-0.36619807913745983,-0.36619807913745983,2013-06-14,2013,2013,5.2360430950047885,dmr_rasher_steneck 5_2_147,3
dmr_rasher_steneck,5_2_147,3,44.6089,-67.2639,1,2016-06-18,5,5,5,NA,NA,NA,66.5,0,0,0,730,4,66.5,percent_cover,"c(-67.2639, 44.6089)",Gulf of Maine/Bay of Fundy,Cold Temperate Northwest Atlantic,Temperate Northern Atlantic,0.665,0.5979447655799438,0.5979447655799438,0.5979447655799438,-0.3930425881096072,-0.4976712472283443,-0.4976712472283443,-0.4976712472283443,2016-06-18,2016,2016,8.236043095004788,dmr_rasher_steneck 5_2_147,3
dmr_rasher_steneck,5_2_15,1,43.91571,-69.37804,1,2001-06-07,5,5,5,NA,NA,NA,7.2,0,0,0,730,4,7.2,percent_cover,"c(-69.37804, 43.91571)",Gulf of Maine/Bay of Fundy,Cold Temperate Northwest Atlantic,Temperate Northern Atlantic,0.07200000000000001,0.06473988439361798,0.06473988439361798,0.06473988439361798,-2.501036031717884,-2.593741401706595,-2.593741401706595,-2.593741401706595,2001-06-07,2001,2001,-6.7639569049952115,dmr_rasher_steneck 5_2_15,4
dmr_rasher_steneck,5_2_15,2,43.91136,-69.3828,1,2012-05-04,5,5,5,NA,NA,NA,4,0,0,0,730,4,4,percent_cover,"c(-69.3828, 43.91136)",Gulf of Maine/Bay of Fundy,Cold Temperate Northwest Atlantic,Temperate Northern Atlantic,0.04,0.03596660244089888,0.03596660244089888,0.03596660244089888,-2.995732273553991,-3.0798401800767916,-3.0798401800767916,-3.0798401800767916,2012-05-04,2012,2012,4.2360430950047885,dmr_rasher_steneck 5_2_15,4
dmr_rasher_steneck,5_2_15,3,43.9159,-69.378,1,2014-05-08,5,5,5,NA,NA,NA,76.5,0,0,0,730,4,76.5,percent_cover,"c(-69.378, 43.9159)",Gulf of Maine/Bay of Fundy,Cold Temperate Northwest Atlantic,Temperate Northern Atlantic,0.765,0.687861271682191,0.687861271682191,0.687861271682191,-0.25489224962879004,-0.35973494714504217,-0.35973494714504217,-0.35973494714504217,2014-05-08,2014,2014,6.2360430950047885,dmr_rasher_steneck 5_2_15,4
dmr_rasher_steneck,5_2_15,4,43.9147,-69.381,1,2016-05-13,5,5,5,NA,NA,NA,56,0,0,0,730,4,56,percent_cover,"c(-69.381, 43.9147)",Gulf of Maine/Bay of Fundy,Cold Temperate Northwest Atlantic,Temperate Northern Atlantic,0.56,0.5035324341725843,0.5035324341725843,0.5035324341725843,-0.5621189181535411,-0.6664420886625826,-0.6664420886625826,-0.6664420886625826,2016-05-13,2016,2016,8.236043095004788,dmr_rasher_steneck 5_2_15,4
dmr_rasher_steneck,5_2_158,1,44.20083,-68.95551,1,2008-05-20,5,5,5,NA,NA,NA,48,0,0,0,730,4,48,percent_cover,"c(-68.95551, 44.20083)",Gulf of Maine/Bay of Fundy,Cold Temperate Northwest Atlantic,Temperate Northern Atlantic,0.48,0.43159922929078653,0.43159922929078653,0.43159922929078653,-0.7133498878774648,-0.8173525292862035,-0.8173525292862035,-0.8173525292862035,2008-05-20,2008,2008,0.23604309500478848,dmr_rasher_steneck 5_2_158,3
dmr_rasher_steneck,5_2_158,2,44.20533,-68.95215,1,2011-05-26,5,5,5,NA,NA,NA,59.5,0,0,0,730,4,59.5,percent_cover,"c(-68.95215, 44.20533)",Gulf of Maine/Bay of Fundy,Cold Temperate Northwest Atlantic,Temperate Northern Atlantic,0.595,0.5350032113083708,0.5350032113083708,0.5350032113083708,-0.5025268209512956,-0.6069635920273153,-0.6069635920273153,-0.6069635920273153,2011-05-26,2011,2011,3.2360430950047885,dmr_rasher_steneck 5_2_158,3
dmr_rasher_steneck,5_2_158,3,44.2015,-68.9553,1,2015-05-14,5,5,5,NA,NA,NA,3.5,0,0,0,730,4,3.5,percent_cover,"c(-68.9553, 44.2015)",Gulf of Maine/Bay of Fundy,Cold Temperate Northwest Atlantic,Temperate Northern Atlantic,0.035,0.03147077713578652,0.03147077713578652,0.03147077713578652,-3.101092789211817,-3.182766265189124,-3.182766265189124,-3.182766265189124,2015-05-14,2015,2015,7.2360430950047885,dmr_rasher_steneck 5_2_158,3
dmr_rasher_steneck,5_2_162,1,44.191160000000004,-68.78413,1,2008-05-21,5,5,5,NA,NA,NA,80.5,0,0,0,730,4,80.5,percent_cover,"c(-68.78413, 44.19116)",Gulf of Maine/Bay of Fundy,Cold Temperate Northwest Atlantic,Temperate Northern Atlantic,0.805,0.7238278741230899,0.7238278741230899,0.7238278741230899,-0.20456716574127426,-0.309480781787461,-0.309480781787461,-0.309480781787461,2008-05-21,2008,2008,0.23604309500478848,dmr_rasher_steneck 5_2_162,3
dmr_rasher_steneck,5_2_162,2,44.1928,-68.7964,1,2015-05-14,5,5,5,NA,NA,NA,78,0,0,0,730,4,78,percent_cover,"c(-68.7964, 44.1928)",Gulf of Maine/Bay of Fundy,Cold Temperate Northwest Atlantic,Temperate Northern Atlantic,0.78,0.7013487475975281,0.7013487475975281,0.7013487475975281,-0.23572233352106983,-0.34059246648603564,-0.34059246648603564,-0.34059246648603564,2015-05-14,2015,2015,7.2360430950047885,dmr_rasher_steneck 5_2_162,3
dmr_rasher_steneck,5_2_162,3,44.1911,-68.7842,1,2016-05-18,5,5,5,NA,NA,NA,64,0,0,0,730,4,64,percent_cover,"c(-68.7842, 44.1911)",Gulf of Maine/Bay of Fundy,Cold Temperate Northwest Atlantic,Temperate Northern Atlantic,0.64,0.5754656390543821,0.5754656390543821,0.5754656390543821,-0.4307829160924542,-0.5353477841662594,-0.5353477841662594,-0.5353477841662594,2016-05-18,2016,2016,8.236043095004788,dmr_rasher_steneck 5_2_162,3
dmr_rasher_steneck,5_2_165,1,44.15751,-68.61084,1,2008-05-21,5,5,5,NA,NA,NA,7.5,0,0,0,730,4,7.5,percent_cover,"c(-68.61084, 44.15751)",Gulf of Maine/Bay of Fundy,Cold Temperate Northwest Atlantic,Temperate Northern Atlantic,0.075,0.0674373795766854,0.0674373795766854,0.0674373795766854,-2.4651040224918206,-2.5582856746973213,-2.5582856746973213,-2.5582856746973213,2008-05-21,2008,2008,0.23604309500478848,dmr_rasher_steneck 5_2_165,3
dmr_rasher_steneck,5_2_165,2,44.15495,-68.6092,1,2013-05-15,5,5,5,NA,NA,NA,11.5,0,0,0,730,4,11.5,percent_cover,"c(-68.6092, 44.15495)",Gulf of Maine/Bay of Fundy,Cold Temperate Northwest Atlantic,Temperate Northern Atlantic,0.115,0.10340398201758427,0.10340398201758427,0.10340398201758427,-2.0794415416798357,-2.176798773511483,-2.176798773511483,-2.176798773511483,2013-05-15,2013,2013,5.2360430950047885,dmr_rasher_steneck 5_2_165,3
dmr_rasher_steneck,5_2_165,3,44.1575,-68.6139,1,2015-05-15,5,5,5,NA,NA,NA,12,0,0,0,730,4,12,percent_cover,"c(-68.6139, 44.1575)",Gulf of Maine/Bay of Fundy,Cold Temperate Northwest Atlantic,Temperate Northern Atlantic,0.12,0.10789980732269663,0.10789980732269663,0.10789980732269663,-2.0402208285265546,-2.1379201056836026,-2.1379201056836026,-2.1379201056836026,2015-05-15,2015,2015,7.2360430950047885,dmr_rasher_steneck 5_2_165,3
dmr_rasher_steneck,5_2_168,1,44.27057,-68.26386,1,2008-06-03,5,5,5,NA,NA,NA,15.5,0,0,0,730,4,15.5,percent_cover,"c(-68.26386, 44.27057)",Gulf of Maine/Bay of Fundy,Cold Temperate Northwest Atlantic,Temperate Northern Atlantic,0.155,0.13937058445848316,0.13937058445848316,0.13937058445848316,-1.8018098050815563,-1.9013249168438435,-1.9013249168438435,-1.9013249168438435,2008-06-03,2008,2008,0.23604309500478848,dmr_rasher_steneck 5_2_168,3
dmr_rasher_steneck,5_2_168,2,44.270626,-68.26944,1,2010-05-21,5,5,5,NA,NA,NA,0,0,0,0,730,4,0,percent_cover,"c(-68.26944, 44.270626)",Gulf of Maine/Bay of Fundy,Cold Temperate Northwest Atlantic,Temperate Northern Atlantic,0,0,0,0,-4.605170185988091,-4.605170185988091,-4.605170185988091,-4.605170185988091,2010-05-21,2010,2010,2.2360430950047885,dmr_rasher_steneck 5_2_168,3
dmr_rasher_steneck,5_2_168,3,44.2762,-68.27,1,2017-05-12,5,5,5,NA,NA,NA,77,0,0,0,730,4,77,percent_cover,"c(-68.27, 44.2762)",Gulf of Maine/Bay of Fundy,Cold Temperate Northwest Atlantic,Temperate Northern Atlantic,0.77,0.6923570969873034,0.6923570969873034,0.6923570969873034,-0.2484613592984996,-0.3533133191256675,-0.3533133191256675,-0.3533133191256675,2017-05-12,2017,2017,9.236043095004788,dmr_rasher_steneck 5_2_168,3
dmr_rasher_steneck,5_2_174,1,44.48321,-67.55694,1,2008-06-12,5,5,5,NA,NA,NA,56.5,0,0,0,730,4,56.5,percent_cover,"c(-67.55694, 44.48321)",Gulf of Maine/Bay of Fundy,Cold Temperate Northwest Atlantic,Temperate Northern Atlantic,0.565,0.5080282594776966,0.5080282594776966,0.5080282594776966,-0.5533852381847867,-0.6577254832344743,-0.6577254832344743,-0.6577254832344743,2008-06-12,2008,2008,0.23604309500478848,dmr_rasher_steneck 5_2_174,3
dmr_rasher_steneck,5_2_174,2,44.490294,-67.556755,1,2010-06-08,5,5,5,NA,NA,NA,88,0,0,0,730,4,88,percent_cover,"c(-67.556755, 44.490294)",Gulf of Maine/Bay of Fundy,Cold Temperate Northwest Atlantic,Temperate Northern Atlantic,0.88,0.7912652536997753,0.7912652536997753,0.7912652536997753,-0.11653381625595151,-0.22156323354965113,-0.22156323354965113,-0.22156323354965113,2010-06-08,2010,2010,2.2360430950047885,dmr_rasher_steneck 5_2_174,3
dmr_rasher_steneck,5_2_174,3,44.48813,-67.56432,1,2011-06-09,5,5,5,NA,NA,NA,24.5,0,0,0,730,4,24.5,percent_cover,"c(-67.56432, 44.48813)",Gulf of Maine/Bay of Fundy,Cold Temperate Northwest Atlantic,Temperate Northern Atlantic,0.245,0.22029543995050563,0.22029543995050563,0.22029543995050563,-1.3664917338237108,-1.4683922728269718,-1.4683922728269718,-1.4683922728269718,2011-06-09,2011,2011,3.2360430950047885,dmr_rasher_steneck 5_2_174,3
dmr_rasher_steneck,5_2_18,1,44.07907,-69.04713,1,2001-06-19,5,5,5,NA,NA,NA,0.9,0,0,0,730,4,0.9,percent_cover,"c(-69.04713, 44.07907)",Gulf of Maine/Bay of Fundy,Cold Temperate Northwest Atlantic,Temperate Northern Atlantic,0.009000000000000001,0.008092485549202248,0.008092485549202248,0.008092485549202248,-3.9633162998156966,-4.0122585899418866,-4.0122585899418866,-4.0122585899418866,2001-06-19,2001,2001,-6.7639569049952115,dmr_rasher_steneck 5_2_18,5
dmr_rasher_steneck,5_2_18,2,44.07448,-69.0469,1,2012-05-09,5,5,5,NA,NA,NA,29.5,0,0,0,730,4,29.5,percent_cover,"c(-69.0469, 44.07448)",Gulf of Maine/Bay of Fundy,Cold Temperate Northwest Atlantic,Temperate Northern Atlantic,0.295,0.2652536930016292,0.2652536930016292,0.2652536930016292,-1.1874435023747254,-1.2900620865697014,-1.2900620865697014,-1.2900620865697014,2012-05-09,2012,2012,4.2360430950047885,dmr_rasher_steneck 5_2_18,5
dmr_rasher_steneck,5_2_18,3,44.079,-69.0521,1,2014-05-12,5,5,5,NA,NA,NA,4.5,0,0,0,730,4,4.5,percent_cover,"c(-69.0521, 44.079)",Gulf of Maine/Bay of Fundy,Cold Temperate Northwest Atlantic,Temperate Northern Atlantic,0.045,0.040462427746011234,0.040462427746011234,0.040462427746011234,-2.900422093749666,-2.9865262246394018,-2.9865262246394018,-2.9865262246394018,2014-05-12,2014,2014,6.2360430950047885,dmr_rasher_steneck 5_2_18,5
dmr_rasher_steneck,5_2_18,4,44.0743,-69.0526,1,2017-05-05,5,5,5,NA,NA,NA,10,0,0,0,730,4,10,percent_cover,"c(-69.0526, 44.0743)",Gulf of Maine/Bay of Fundy,Cold Temperate Northwest Atlantic,Temperate Northern Atlantic,0.1,0.08991650610224719,0.08991650610224719,0.08991650610224719,-2.2072749131897207,-2.3034203807272617,-2.3034203807272617,-2.3034203807272617,2017-05-05,2017,2017,9.236043095004788,dmr_rasher_steneck 5_2_18,5
dmr_rasher_steneck,5_2_18,5,44.0791,-69.0471,1,2018-05-11,5,5,5,NA,NA,NA,3.5,0,0,0,730,4,3.5,percent_cover,"c(-69.0471, 44.0791)",Gulf of Maine/Bay of Fundy,Cold Temperate Northwest Atlantic,Temperate Northern Atlantic,0.035,0.03147077713578652,0.03147077713578652,0.03147077713578652,-3.101092789211817,-3.182766265189124,-3.182766265189124,-3.182766265189124,2018-05-11,2018,2018,10.236043095004788,dmr_rasher_steneck 5_2_18,5
dmr_rasher_steneck,5_2_188,1,44.02038,-69.07162,1,2009-05-12,5,5,5,NA,NA,NA,94,0,0,0,730,4,94,percent_cover,"c(-69.07162, 44.02038)",Gulf of Maine/Bay of Fundy,Cold Temperate Northwest Atlantic,Temperate Northern Atlantic,0.94,0.8452151573611236,0.8452151573611236,0.8452151573611236,-0.05129329438755058,-0.15640219566652785,-0.15640219566652785,-0.15640219566652785,2009-05-12,2009,2009,1.2360430950047885,dmr_rasher_steneck 5_2_188,3
dmr_rasher_steneck,5_2_188,2,44.0234,-69.0716,1,2014-05-12,5,5,5,NA,NA,NA,37.5,0,0,0,730,4,37.5,percent_cover,"c(-69.0716, 44.0234)",Gulf of Maine/Bay of Fundy,Cold Temperate Northwest Atlantic,Temperate Northern Atlantic,0.375,0.337186897883427,0.337186897883427,0.337186897883427,-0.9545119446943529,-1.0578920334188489,-1.0578920334188489,-1.0578920334188489,2014-05-12,2014,2014,6.2360430950047885,dmr_rasher_steneck 5_2_188,3
dmr_rasher_steneck,5_2_188,3,44.02,-69.0657,1,2015-05-12,5,5,5,NA,NA,NA,5.5,0,0,0,730,4,5.5,percent_cover,"c(-69.0657, 44.02)",Gulf of Maine/Bay of Fundy,Cold Temperate Northwest Atlantic,Temperate Northern Atlantic,0.055,0.049454078356235956,0.049454078356235956,0.049454078356235956,-2.7333680090865,-2.822551056747755,-2.822551056747755,-2.822551056747755,2015-05-12,2015,2015,7.2360430950047885,dmr_rasher_steneck 5_2_188,3
dmr_rasher_steneck,5_2_2,1,43.76509,-69.96087,1,2001-06-15,5,5,5,NA,NA,NA,59,0,0,0,730,4,59,percent_cover,"c(-69.96087, 43.76509)",Gulf of Maine/Bay of Fundy,Cold Temperate Northwest Atlantic,Temperate Northern Atlantic,0.59,0.5305073860032584,0.5305073860032584,0.5305073860032584,-0.5108256237659907,-0.6152469768653283,-0.6152469768653283,-0.6152469768653283,2001-06-15,2001,2001,-6.7639569049952115,dmr_rasher_steneck 5_2_2,3
dmr_rasher_steneck,5_2_2,2,43.76074,-69.95305,1,2009-05-05,5,5,5,NA,NA,NA,73.5,0,0,0,730,4,73.5,percent_cover,"c(-69.95305, 43.76074)",Gulf of Maine/Bay of Fundy,Cold Temperate Northwest Atlantic,Temperate Northern Atlantic,0.735,0.6608863198515169,0.6608863198515169,0.6608863198515169,-0.29437106060257756,-0.3991555753627047,-0.3991555753627047,-0.3991555753627047,2009-05-05,2009,2009,1.2360430950047885,dmr_rasher_steneck 5_2_2,3
dmr_rasher_steneck,5_2_2,3,43.7651,-69.9514,1,2014-05-06,5,5,5,NA,NA,NA,63.5,0,0,0,730,4,63.5,percent_cover,"c(-69.9514, 43.7651)",Gulf of Maine/Bay of Fundy,Cold Temperate Northwest Atlantic,Temperate Northern Atlantic,0.635,0.5709698137492697,0.5709698137492697,0.5709698137492697,-0.43850496218636453,-0.5430564791610882,-0.5430564791610882,-0.5430564791610882,2014-05-06,2014,2014,6.2360430950047885,dmr_rasher_steneck 5_2_2,3
dmr_rasher_steneck,5_2_202,1,44.39943,-68.14297,1,2009-06-05,5,5,5,NA,NA,NA,54,0,0,0,730,4,54,percent_cover,"c(-68.14297, 44.39943)",Gulf of Maine/Bay of Fundy,Cold Temperate Northwest Atlantic,Temperate Northern Atlantic,0.54,0.48554913295213487,0.48554913295213487,0.48554913295213487,-0.5978370007556204,-0.7020887717987236,-0.7020887717987236,-0.7020887717987236,2009-06-05,2009,2009,1.2360430950047885,dmr_rasher_steneck 5_2_202,4
dmr_rasher_steneck,5_2_202,2,44.40024,-68.13937,1,2011-06-02,5,5,5,NA,NA,NA,49,0,0,0,730,4,49,percent_cover,"c(-68.13937, 44.40024)",Gulf of Maine/Bay of Fundy,Cold Temperate Northwest Atlantic,Temperate Northern Atlantic,0.49,0.44059087990101126,0.44059087990101126,0.44059087990101126,-0.6931471805599453,-0.7971954910889307,-0.7971954910889307,-0.7971954910889307,2011-06-02,2011,2011,3.2360430950047885,dmr_rasher_steneck 5_2_202,4
dmr_rasher_steneck,5_2_202,3,44.4002,-68.1394,1,2014-06-06,5,5,5,NA,NA,NA,72,0,0,0,730,4,72,percent_cover,"c(-68.1394, 44.4002)",Gulf of Maine/Bay of Fundy,Cold Temperate Northwest Atlantic,Temperate Northern Atlantic,0.72,0.6473988439361797,0.6473988439361797,0.6473988439361797,-0.31471074483970024,-0.41946437629299266,-0.41946437629299266,-0.41946437629299266,2014-06-06,2014,2014,6.2360430950047885,dmr_rasher_steneck 5_2_202,4
dmr_rasher_steneck,5_2_202,4,44.3954,-68.1443,1,2018-05-15,5,5,5,NA,NA,NA,28,0,0,0,730,4,28,percent_cover,"c(-68.1443, 44.3954)",Gulf of Maine/Bay of Fundy,Cold Temperate Northwest Atlantic,Temperate Northern Atlantic,0.28,0.25176621708629215,0.25176621708629215,0.25176621708629215,-1.2378743560016172,-1.3403034747560876,-1.3403034747560876,-1.3403034747560876,2018-05-15,2018,2018,10.236043095004788,dmr_rasher_steneck 5_2_202,4
dmr_rasher_steneck,5_2_205,1,44.50124,-67.63622,1,2009-06-10,5,5,5,NA,NA,NA,39.5,0,0,0,730,4,39.5,percent_cover,"c(-67.63622, 44.50124)",Gulf of Maine/Bay of Fundy,Cold Temperate Northwest Atlantic,Temperate Northern Atlantic,0.395,0.3551701991038764,0.3551701991038764,0.3551701991038764,-0.9038682118755978,-1.0073917351684698,-1.0073917351684698,-1.0073917351684698,2009-06-10,2009,2009,1.2360430950047885,dmr_rasher_steneck 5_2_205,3
dmr_rasher_steneck,5_2_205,2,44.494688,-67.631863,1,2010-06-08,5,5,5,NA,NA,NA,86.5,0,0,0,730,4,86.5,percent_cover,"c(-67.631863, 44.494688)",Gulf of Maine/Bay of Fundy,Cold Temperate Northwest Atlantic,Temperate Northern Atlantic,0.865,0.7777777777844382,0.7777777777844382,0.7777777777844382,-0.13353139262452263,-0.2385392367837285,-0.2385392367837285,-0.2385392367837285,2010-06-08,2010,2010,2.2360430950047885,dmr_rasher_steneck 5_2_205,3
dmr_rasher_steneck,5_2_205,3,44.5012,-67.6361,1,2017-06-13,5,5,5,NA,NA,NA,88.5,0,0,0,730,4,88.5,percent_cover,"c(-67.6361, 44.5012)",Gulf of Maine/Bay of Fundy,Cold Temperate Northwest Atlantic,Temperate Northern Atlantic,0.885,0.7957610790048877,0.7957610790048877,0.7957610790048877,-0.11093156070728166,-0.21596800845262068,-0.21596800845262068,-0.21596800845262068,2017-06-13,2017,2017,9.236043095004788,dmr_rasher_steneck 5_2_205,3
dmr_rasher_steneck,5_2_231,1,44.490267,-67.579377,1,2010-06-08,5,5,5,NA,NA,NA,73.5,0,0,0,730,4,73.5,percent_cover,"c(-67.579377, 44.490267)",Gulf of Maine/Bay of Fundy,Cold Temperate Northwest Atlantic,Temperate Northern Atlantic,0.735,0.6608863198515169,0.6608863198515169,0.6608863198515169,-0.29437106060257756,-0.3991555753627047,-0.3991555753627047,-0.3991555753627047,2010-06-08,2010,2010,2.2360430950047885,dmr_rasher_steneck 5_2_231,3
dmr_rasher_steneck,5_2_231,2,44.4903,-67.5794,1,2014-06-10,5,5,5,NA,NA,NA,65,0,0,0,730,4,65,percent_cover,"c(-67.5794, 44.4903)",Gulf of Maine/Bay of Fundy,Cold Temperate Northwest Atlantic,Temperate Northern Atlantic,0.65,0.5844572896646067,0.5844572896646067,0.5844572896646067,-0.4155154439616658,-0.5201064078801891,-0.5201064078801891,-0.5201064078801891,2014-06-10,2014,2014,6.2360430950047885,dmr_rasher_steneck 5_2_231,3
dmr_rasher_steneck,5_2_231,3,44.4855,-67.5772,1,2016-06-05,5,5,5,NA,NA,NA,35,0,0,0,730,4,35,percent_cover,"c(-67.5772, 44.4855)",Gulf of Maine/Bay of Fundy,Cold Temperate Northwest Atlantic,Temperate Northern Atlantic,0.35,0.31470777135786515,0.31470777135786515,0.31470777135786515,-1.0216512475319814,-1.124829666196506,-1.124829666196506,-1.124829666196506,2016-06-05,2016,2016,8.236043095004788,dmr_rasher_steneck 5_2_231,3
dmr_rasher_steneck,5_2_232,1,44.619898,-67.311057,1,2010-06-10,5,5,5,NA,NA,NA,78,0,0,0,730,4,78,percent_cover,"c(-67.311057, 44.619898)",Gulf of Maine/Bay of Fundy,Cold Temperate Northwest Atlantic,Temperate Northern Atlantic,0.78,0.7013487475975281,0.7013487475975281,0.7013487475975281,-0.23572233352106983,-0.34059246648603564,-0.34059246648603564,-0.34059246648603564,2010-06-10,2010,2010,2.2360430950047885,dmr_rasher_steneck 5_2_232,3
dmr_rasher_steneck,5_2_232,2,44.62438,-67.3115,1,2012-06-20,5,5,5,NA,NA,NA,79,0,0,0,730,4,79,percent_cover,"c(-67.3115, 44.62438)",Gulf of Maine/Bay of Fundy,Cold Temperate Northwest Atlantic,Temperate Northern Atlantic,0.79,0.7103403982077529,0.7103403982077529,0.7103403982077529,-0.2231435513142097,-0.32803140340651527,-0.32803140340651527,-0.32803140340651527,2012-06-20,2012,2012,4.2360430950047885,dmr_rasher_steneck 5_2_232,3
dmr_rasher_steneck,5_2_232,3,44.6204,-67.3112,1,2017-06-16,5,5,5,NA,NA,NA,76.5,0,0,0,730,4,76.5,percent_cover,"c(-67.3112, 44.6204)",Gulf of Maine/Bay of Fundy,Cold Temperate Northwest Atlantic,Temperate Northern Atlantic,0.765,0.687861271682191,0.687861271682191,0.687861271682191,-0.25489224962879004,-0.35973494714504217,-0.35973494714504217,-0.35973494714504217,2017-06-16,2017,2017,9.236043095004788,dmr_rasher_steneck 5_2_232,3
dmr_rasher_steneck,5_2_237,1,43.93412,-69.30068,1,2011-05-11,5,5,5,NA,NA,NA,55,0,0,0,730,4,55,percent_cover,"c(-69.30068, 43.93412)",Gulf of Maine/Bay of Fundy,Cold Temperate Northwest Atlantic,Temperate Northern Atlantic,0.55,0.4945407835623596,0.4945407835623596,0.4945407835623596,-0.579818495252942,-0.6841066028872136,-0.6841066028872136,-0.6841066028872136,2011-05-11,2011,2011,3.2360430950047885,dmr_rasher_steneck 5_2_237,3
dmr_rasher_steneck,5_2_237,2,43.93324,-69.2937,1,2012-05-04,5,5,5,NA,NA,NA,47,0,0,0,730,4,47,percent_cover,"c(-69.2937, 43.93324)",Gulf of Maine/Bay of Fundy,Cold Temperate Northwest Atlantic,Temperate Northern Atlantic,0.47,0.4226075786805618,0.4226075786805618,0.4226075786805618,-0.7339691750802004,-0.8379242467064115,-0.8379242467064115,-0.8379242467064115,2012-05-04,2012,2012,4.2360430950047885,dmr_rasher_steneck 5_2_237,3
dmr_rasher_steneck,5_2_237,3,43.934,-69.3008,1,2016-05-13,5,5,5,NA,NA,NA,58,0,0,0,730,4,58,percent_cover,"c(-69.3008, 43.934)",Gulf of Maine/Bay of Fundy,Cold Temperate Northwest Atlantic,Temperate Northern Atlantic,0.58,0.5215157353930338,0.5215157353930338,0.5215157353930338,-0.527632742082372,-0.6320224760070766,-0.6320224760070766,-0.6320224760070766,2016-05-13,2016,2016,8.236043095004788,dmr_rasher_steneck 5_2_237,3
dmr_rasher_steneck,5_2_242,1,44.57755,-67.50234,1,2011-06-09,5,5,5,NA,NA,NA,34,0,0,0,730,4,34,percent_cover,"c(-67.50234, 44.57755)",Gulf of Maine/Bay of Fundy,Cold Temperate Northwest Atlantic,Temperate Northern Atlantic,0.34,0.30571612074764043,0.30571612074764043,0.30571612074764043,-1.0498221244986776,-1.1529118212197003,-1.1529118212197003,-1.1529118212197003,2011-06-09,2011,2011,3.2360430950047885,dmr_rasher_steneck 5_2_242,4
dmr_rasher_steneck,5_2_242,2,44.57796,-67.4977,1,2012-06-20,5,5,5,NA,NA,NA,79,0,0,0,730,4,79,percent_cover,"c(-67.4977, 44.57796)",Gulf of Maine/Bay of Fundy,Cold Temperate Northwest Atlantic,Temperate Northern Atlantic,0.79,0.7103403982077529,0.7103403982077529,0.7103403982077529,-0.2231435513142097,-0.32803140340651527,-0.32803140340651527,-0.32803140340651527,2012-06-20,2012,2012,4.2360430950047885,dmr_rasher_steneck 5_2_242,4
dmr_rasher_steneck,5_2_242,3,44.5772,-67.502,1,2016-06-05,5,5,5,NA,NA,NA,65,0,0,0,730,4,65,percent_cover,"c(-67.502, 44.5772)",Gulf of Maine/Bay of Fundy,Cold Temperate Northwest Atlantic,Temperate Northern Atlantic,0.65,0.5844572896646067,0.5844572896646067,0.5844572896646067,-0.4155154439616658,-0.5201064078801891,-0.5201064078801891,-0.5201064078801891,2016-06-05,2016,2016,8.236043095004788,dmr_rasher_steneck 5_2_242,4
dmr_rasher_steneck,5_2_242,4,44.5777,-67.4972,1,2017-06-15,5,5,5,NA,NA,NA,78,0,0,0,730,4,78,percent_cover,"c(-67.4972, 44.5777)",Gulf of Maine/Bay of Fundy,Cold Temperate Northwest Atlantic,Temperate Northern Atlantic,0.78,0.7013487475975281,0.7013487475975281,0.7013487475975281,-0.23572233352106983,-0.34059246648603564,-0.34059246648603564,-0.34059246648603564,2017-06-15,2017,2017,9.236043095004788,dmr_rasher_steneck 5_2_242,4
dmr_rasher_steneck,5_2_254,1,44.15877,-68.5841,1,2012-05-08,5,5,5,NA,NA,NA,0.5,0,0,0,730,4,0.5,percent_cover,"c(-68.5841, 44.15877)",Gulf of Maine/Bay of Fundy,Cold Temperate Northwest Atlantic,Temperate Northern Atlantic,0.005,0.00449582530511236,0.00449582530511236,0.00449582530511236,-4.199705077879927,-4.233894581001898,-4.233894581001898,-4.233894581001898,2012-05-08,2012,2012,4.2360430950047885,dmr_rasher_steneck 5_2_254,3
dmr_rasher_steneck,5_2_254,2,44.159,-68.5777,1,2016-05-19,5,5,5,NA,NA,NA,9.5,0,0,0,730,4,9.5,percent_cover,"c(-68.5777, 44.159)",Gulf of Maine/Bay of Fundy,Cold Temperate Northwest Atlantic,Temperate Northern Atlantic,0.095,0.08542068079713483,0.08542068079713483,0.08542068079713483,-2.2537949288246137,-2.3494599441770707,-2.3494599441770707,-2.3494599441770707,2016-05-19,2016,2016,8.236043095004788,dmr_rasher_steneck 5_2_254,3
dmr_rasher_steneck,5_2_254,3,44.1555,-68.5783,1,2017-05-10,5,5,5,NA,NA,NA,3.5,0,0,0,730,4,3.5,percent_cover,"c(-68.5783, 44.1555)",Gulf of Maine/Bay of Fundy,Cold Temperate Northwest Atlantic,Temperate Northern Atlantic,0.035,0.03147077713578652,0.03147077713578652,0.03147077713578652,-3.101092789211817,-3.182766265189124,-3.182766265189124,-3.182766265189124,2017-05-10,2017,2017,9.236043095004788,dmr_rasher_steneck 5_2_254,3
dmr_rasher_steneck,5_2_28,1,44.16329,-68.49663,1,2001-07-03,5,5,5,NA,NA,NA,72,0,0,0,730,4,72,percent_cover,"c(-68.49663, 44.16329)",Gulf of Maine/Bay of Fundy,Cold Temperate Northwest Atlantic,Temperate Northern Atlantic,0.72,0.6473988439361797,0.6473988439361797,0.6473988439361797,-0.31471074483970024,-0.41946437629299266,-0.41946437629299266,-0.41946437629299266,2001-07-03,2001,2001,-6.7639569049952115,dmr_rasher_steneck 5_2_28,3
dmr_rasher_steneck,5_2_28,2,44.16321,-68.49657,1,2003-06-09,5,5,5,NA,NA,NA,94,0,0,0,730,4,94,percent_cover,"c(-68.49657, 44.16321)",Gulf of Maine/Bay of Fundy,Cold Temperate Northwest Atlantic,Temperate Northern Atlantic,0.94,0.8452151573611236,0.8452151573611236,0.8452151573611236,-0.05129329438755058,-0.15640219566652785,-0.15640219566652785,-0.15640219566652785,2003-06-09,2003,2003,-4.7639569049952115,dmr_rasher_steneck 5_2_28,3
dmr_rasher_steneck,5_2_28,3,44.1667,-68.494,1,2014-05-26,5,5,5,NA,NA,NA,89,0,0,0,730,4,89,percent_cover,"c(-68.494, 44.1667)",Gulf of Maine/Bay of Fundy,Cold Temperate Northwest Atlantic,Temperate Northern Atlantic,0.89,0.80025690431,0.80025690431,0.80025690431,-0.10536051565782628,-0.21040391578728238,-0.21040391578728238,-0.21040391578728238,2014-05-26,2014,2014,6.2360430950047885,dmr_rasher_steneck 5_2_28,3
dmr_rasher_steneck,5_2_44,1,43.820496,-69.61182,1,2002-05-21,5,5,5,NA,NA,NA,4.5,0,0,0,730,4,4.5,percent_cover,"c(-69.61182, 43.820496)",Gulf of Maine/Bay of Fundy,Cold Temperate Northwest Atlantic,Temperate Northern Atlantic,0.045,0.040462427746011234,0.040462427746011234,0.040462427746011234,-2.900422093749666,-2.9865262246394018,-2.9865262246394018,-2.9865262246394018,2002-05-21,2002,2002,-5.7639569049952115,dmr_rasher_steneck 5_2_44,3
dmr_rasher_steneck,5_2_44,2,43.8287,-69.6167,1,2006-05-13,5,5,5,NA,NA,NA,47,0,0,0,730,4,47,percent_cover,"c(-69.6167, 43.8287)",Gulf of Maine/Bay of Fundy,Cold Temperate Northwest Atlantic,Temperate Northern Atlantic,0.47,0.4226075786805618,0.4226075786805618,0.4226075786805618,-0.7339691750802004,-0.8379242467064115,-0.8379242467064115,-0.8379242467064115,2006-05-13,2006,2006,-1.7639569049952115,dmr_rasher_steneck 5_2_44,3
dmr_rasher_steneck,5_2_44,3,43.82211,-69.6188,1,2013-05-02,5,5,5,NA,NA,NA,10,0,0,0,730,4,10,percent_cover,"c(-69.6188, 43.82211)",Gulf of Maine/Bay of Fundy,Cold Temperate Northwest Atlantic,Temperate Northern Atlantic,0.1,0.08991650610224719,0.08991650610224719,0.08991650610224719,-2.2072749131897207,-2.3034203807272617,-2.3034203807272617,-2.3034203807272617,2013-05-02,2013,2013,5.2360430950047885,dmr_rasher_steneck 5_2_44,3
dmr_rasher_steneck,5_2_46,1,43.862259,-69.529659,1,2002-05-21,5,5,5,NA,NA,NA,0.5,0,0,0,730,4,0.5,percent_cover,"c(-69.529659, 43.862259)",Gulf of Maine/Bay of Fundy,Cold Temperate Northwest Atlantic,Temperate Northern Atlantic,0.005,0.00449582530511236,0.00449582530511236,0.00449582530511236,-4.199705077879927,-4.233894581001898,-4.233894581001898,-4.233894581001898,2002-05-21,2002,2002,-5.7639569049952115,dmr_rasher_steneck 5_2_46,3
dmr_rasher_steneck,5_2_46,2,43.8698,-69.5336,1,2005-05-18,5,5,5,NA,NA,NA,57,0,0,0,730,4,57,percent_cover,"c(-69.5336, 43.8698)",Gulf of Maine/Bay of Fundy,Cold Temperate Northwest Atlantic,Temperate Northern Atlantic,0.57,0.512524084782809,0.512524084782809,0.512524084782809,-0.5447271754416722,-0.6490842009274224,-0.6490842009274224,-0.6490842009274224,2005-05-18,2005,2005,-2.7639569049952115,dmr_rasher_steneck 5_2_46,3
dmr_rasher_steneck,5_2_46,3,43.86489,-69.53466,1,2009-05-11,5,5,5,NA,NA,NA,13.5,0,0,0,730,4,13.5,percent_cover,"c(-69.53466, 43.86489)",Gulf of Maine/Bay of Fundy,Cold Temperate Northwest Atlantic,Temperate Northern Atlantic,0.135,0.12138728323803372,0.12138728323803372,0.12138728323803372,-1.9310215365615626,-2.0296059566254154,-2.0296059566254154,-2.0296059566254154,2009-05-11,2009,2009,1.2360430950047885,dmr_rasher_steneck 5_2_46,3
dmr_rasher_steneck,5_2_53,1,44.189623,-68.408779,1,2002-06-07,5,5,5,NA,NA,NA,92,0,0,0,730,4,92,percent_cover,"c(-68.408779, 44.189623)",Gulf of Maine/Bay of Fundy,Cold Temperate Northwest Atlantic,Temperate Northern Atlantic,0.92,0.8272318561406742,0.8272318561406742,0.8272318561406742,-0.07257069283483537,-0.17765423832116967,-0.17765423832116967,-0.17765423832116967,2002-06-07,2002,2002,-5.7639569049952115,dmr_rasher_steneck 5_2_53,3
dmr_rasher_steneck,5_2_53,2,44.18516,-68.41244,1,2009-05-26,5,5,5,NA,NA,NA,89,0,0,0,730,4,89,percent_cover,"c(-68.41244, 44.18516)",Gulf of Maine/Bay of Fundy,Cold Temperate Northwest Atlantic,Temperate Northern Atlantic,0.89,0.80025690431,0.80025690431,0.80025690431,-0.10536051565782628,-0.21040391578728238,-0.21040391578728238,-0.21040391578728238,2009-05-26,2009,2009,1.2360430950047885,dmr_rasher_steneck 5_2_53,3
dmr_rasher_steneck,5_2_53,3,44.1876,-68.413,1,2017-07-04,5,5,5,NA,NA,NA,68.75,0,0,0,730,4,68.75,percent_cover,"c(-68.413, 44.1876)",Gulf of Maine/Bay of Fundy,Cold Temperate Northwest Atlantic,Temperate Northern Atlantic,0.6875,0.6181759794529494,0.6181759794529494,0.6181759794529494,-0.36025276528661637,-0.4649349297099696,-0.4649349297099696,-0.4649349297099696,2017-07-04,2017,2017,9.236043095004788,dmr_rasher_steneck 5_2_53,3
dmr_rasher_steneck,5_2_61,1,44.495928,-67.763393,1,2002-06-25,5,5,5,NA,NA,NA,87.5,0,0,0,730,4,87.5,percent_cover,"c(-67.763393, 44.495928)",Gulf of Maine/Bay of Fundy,Cold Temperate Northwest Atlantic,Temperate Northern Atlantic,0.875,0.7867694283946629,0.7867694283946629,0.7867694283946629,-0.12216763397420753,-0.227189941426404,-0.227189941426404,-0.227189941426404,2002-06-25,2002,2002,-5.7639569049952115,dmr_rasher_steneck 5_2_61,3
dmr_rasher_steneck,5_2_61,2,44.49585,-67.75206,1,2003-06-23,5,5,5,NA,NA,NA,96,0,0,0,730,4,96,percent_cover,"c(-67.75206, 44.49585)",Gulf of Maine/Bay of Fundy,Cold Temperate Northwest Atlantic,Temperate Northern Atlantic,0.96,0.8631984585815731,0.8631984585815731,0.8631984585815731,-0.030459207484708574,-0.13559241956034207,-0.13559241956034207,-0.13559241956034207,2003-06-23,2003,2003,-4.7639569049952115,dmr_rasher_steneck 5_2_61,3
dmr_rasher_steneck,5_2_61,3,44.4994,-67.7582,1,2006-06-29,5,5,5,NA,NA,NA,44,0,0,0,730,4,44,percent_cover,"c(-67.7582, 44.4994)",Gulf of Maine/Bay of Fundy,Cold Temperate Northwest Atlantic,Temperate Northern Atlantic,0.44,0.39563262684988765,0.39563262684988765,0.39563262684988765,-0.7985076962177716,-0.9023073889889639,-0.9023073889889639,-0.9023073889889639,2006-06-29,2006,2006,-1.7639569049952115,dmr_rasher_steneck 5_2_61,3
dmr_rasher_steneck,5_2_62,1,44.486357,-67.676289,1,2002-06-25,5,5,5,NA,NA,NA,92.5,0,0,0,730,4,92.5,percent_cover,"c(-67.676289, 44.486357)",Gulf of Maine/Bay of Fundy,Cold Temperate Northwest Atlantic,Temperate Northern Atlantic,0.925,0.8317276814457866,0.8317276814457866,0.8317276814457866,-0.06720874969344999,-0.17229873576138793,-0.17229873576138793,-0.17229873576138793,2002-06-25,2002,2002,-5.7639569049952115,dmr_rasher_steneck 5_2_62,4
dmr_rasher_steneck,5_2_62,2,44.4862,-67.6638,1,2007-06-18,5,5,5,NA,NA,NA,75,0,0,0,730,4,75,percent_cover,"c(-67.6638, 44.4862)",Gulf of Maine/Bay of Fundy,Cold Temperate Northwest Atlantic,Temperate Northern Atlantic,0.75,0.674373795766854,0.674373795766854,0.674373795766854,-0.2744368457017603,-0.3792510255888959,-0.3792510255888959,-0.3792510255888959,2007-06-18,2007,2007,-0.7639569049952115,dmr_rasher_steneck 5_2_62,4
dmr_rasher_steneck,5_2_62,3,44.4896,-67.6678,1,2014-06-09,5,5,5,NA,NA,NA,43.5,0,0,0,730,4,43.5,percent_cover,"c(-67.6678, 44.4896)",Gulf of Maine/Bay of Fundy,Cold Temperate Northwest Atlantic,Temperate Northern Atlantic,0.435,0.3911368015447753,0.3911368015447753,0.3911368015447753,-0.8096809968158968,-0.9134527588698564,-0.9134527588698564,-0.9134527588698564,2014-06-09,2014,2014,6.2360430950047885,dmr_rasher_steneck 5_2_62,4
dmr_rasher_steneck,5_2_62,4,44.489000000000004,-67.6705,1,2016-06-04,5,5,5,NA,NA,NA,22,0,0,0,730,4,22,percent_cover,"c(-67.6705, 44.489)",Gulf of Maine/Bay of Fundy,Cold Temperate Northwest Atlantic,Temperate Northern Atlantic,0.22,0.19781631342494382,0.19781631342494382,0.19781631342494382,-1.4696759700589417,-1.5711006979848097,-1.5711006979848097,-1.5711006979848097,2016-06-04,2016,2016,8.236043095004788,dmr_rasher_steneck 5_2_62,4
dmr_rasher_steneck,5_2_63,1,44.519897,-67.531109,1,2002-06-26,5,5,5,NA,NA,NA,61.5,0,0,0,730,4,61.5,percent_cover,"c(-67.531109, 44.519897)",Gulf of Maine/Bay of Fundy,Cold Temperate Northwest Atlantic,Temperate Northern Atlantic,0.615,0.5529865125288203,0.5529865125288203,0.5529865125288203,-0.4700036292457356,-0.5744996075613422,-0.5744996075613422,-0.5744996075613422,2002-06-26,2002,2002,-5.7639569049952115,dmr_rasher_steneck 5_2_63,3
dmr_rasher_steneck,5_2_63,2,44.5155,-67.5307,1,2004-06-24,5,5,5,NA,NA,NA,94,0,0,0,730,4,94,percent_cover,"c(-67.5307, 44.5155)",Gulf of Maine/Bay of Fundy,Cold Temperate Northwest Atlantic,Temperate Northern Atlantic,0.94,0.8452151573611236,0.8452151573611236,0.8452151573611236,-0.05129329438755058,-0.15640219566652785,-0.15640219566652785,-0.15640219566652785,2004-06-24,2004,2004,-3.7639569049952115,dmr_rasher_steneck 5_2_63,3
dmr_rasher_steneck,5_2_63,3,44.5199,-67.5311,1,2014-06-10,5,5,5,NA,NA,NA,78,0,0,0,730,4,78,percent_cover,"c(-67.5311, 44.5199)",Gulf of Maine/Bay of Fundy,Cold Temperate Northwest Atlantic,Temperate Northern Atlantic,0.78,0.7013487475975281,0.7013487475975281,0.7013487475975281,-0.23572233352106983,-0.34059246648603564,-0.34059246648603564,-0.34059246648603564,2014-06-10,2014,2014,6.2360430950047885,dmr_rasher_steneck 5_2_63,3
dmr_rasher_steneck,5_2_68,1,44.16448,-69.05934,1,2003-06-02,5,5,5,NA,NA,NA,2,0,0,0,730,4,2,percent_cover,"c(-69.05934, 44.16448)",Gulf of Maine/Bay of Fundy,Cold Temperate Northwest Atlantic,Temperate Northern Atlantic,0.02,0.01798330122044944,0.01798330122044944,0.01798330122044944,-3.506557897319982,-3.5761473316991443,-3.5761473316991443,-3.5761473316991443,2003-06-02,2003,2003,-4.7639569049952115,dmr_rasher_steneck 5_2_68,4
dmr_rasher_steneck,5_2_68,2,44.17202,-69.0609,1,2012-05-09,5,5,5,NA,NA,NA,3,0,0,0,730,4,3,percent_cover,"c(-69.0609, 44.17202)",Gulf of Maine/Bay of Fundy,Cold Temperate Northwest Atlantic,Temperate Northern Atlantic,0.03,0.02697495183067416,0.02697495183067416,0.02697495183067416,-3.2188758248682006,-3.297514573140033,-3.297514573140033,-3.297514573140033,2012-05-09,2012,2012,4.2360430950047885,dmr_rasher_steneck 5_2_68,4
dmr_rasher_steneck,5_2_68,3,44.1719,-69.0611,1,2016-05-18,5,5,5,NA,NA,NA,2,0,0,0,730,4,2,percent_cover,"c(-69.0611, 44.1719)",Gulf of Maine/Bay of Fundy,Cold Temperate Northwest Atlantic,Temperate Northern Atlantic,0.02,0.01798330122044944,0.01798330122044944,0.01798330122044944,-3.506557897319982,-3.5761473316991443,-3.5761473316991443,-3.5761473316991443,2016-05-18,2016,2016,8.236043095004788,dmr_rasher_steneck 5_2_68,4
dmr_rasher_steneck,5_2_68,4,44.1722,-69.057,1,2017-05-09,5,5,5,NA,NA,NA,5,0,0,0,730,4,5,percent_cover,"c(-69.057, 44.1722)",Gulf of Maine/Bay of Fundy,Cold Temperate Northwest Atlantic,Temperate Northern Atlantic,0.05,0.044958253051123595,0.044958253051123595,0.044958253051123595,-2.8134107167600364,-2.9011814173970296,-2.9011814173970296,-2.9011814173970296,2017-05-09,2017,2017,9.236043095004788,dmr_rasher_steneck 5_2_68,4
dmr_rasher_steneck,5_2_82,1,44.1457,-68.578,1,2004-06-04,5,5,5,NA,NA,NA,2.5,0,0,0,730,4,2.5,percent_cover,"c(-68.578, 44.1457)",Gulf of Maine/Bay of Fundy,Cold Temperate Northwest Atlantic,Temperate Northern Atlantic,0.025,0.022479126525561798,0.022479126525561798,0.022479126525561798,-3.3524072174927233,-3.42715765673618,-3.42715765673618,-3.42715765673618,2004-06-04,2004,2004,-3.7639569049952115,dmr_rasher_steneck 5_2_82,3
dmr_rasher_steneck,5_2_82,2,44.14128,-68.58426,1,2011-05-31,5,5,5,NA,NA,NA,4,0,0,0,730,4,4,percent_cover,"c(-68.58426, 44.14128)",Gulf of Maine/Bay of Fundy,Cold Temperate Northwest Atlantic,Temperate Northern Atlantic,0.04,0.03596660244089888,0.03596660244089888,0.03596660244089888,-2.995732273553991,-3.0798401800767916,-3.0798401800767916,-3.0798401800767916,2011-05-31,2011,2011,3.2360430950047885,dmr_rasher_steneck 5_2_82,3
dmr_rasher_steneck,5_2_82,3,44.1491,-68.5842,1,2014-05-13,5,5,5,NA,NA,NA,11,0,0,0,730,4,11,percent_cover,"c(-68.5842, 44.1491)",Gulf of Maine/Bay of Fundy,Cold Temperate Northwest Atlantic,Temperate Northern Atlantic,0.11,0.09890815671247191,0.09890815671247191,0.09890815671247191,-2.120263536200091,-2.217250350907185,-2.217250350907185,-2.217250350907185,2014-05-13,2014,2014,6.2360430950047885,dmr_rasher_steneck 5_2_82,3
dmr_rasher_steneck,5_2_85,1,44.4174,-68.1349,1,2004-06-16,5,5,5,NA,NA,NA,54.5,0,0,0,730,4,54.5,percent_cover,"c(-68.1349, 44.4174)",Gulf of Maine/Bay of Fundy,Cold Temperate Northwest Atlantic,Temperate Northern Atlantic,0.545,0.4900449582572472,0.4900449582572472,0.4900449582572472,-0.5887871652357024,-0.6930572680876985,-0.6930572680876985,-0.6930572680876985,2004-06-16,2004,2004,-3.7639569049952115,dmr_rasher_steneck 5_2_85,3
dmr_rasher_steneck,5_2_85,2,44.41286,-68.1314,1,2009-06-05,5,5,5,NA,NA,NA,70.5,0,0,0,730,4,70.5,percent_cover,"c(-68.1314, 44.41286)",Gulf of Maine/Bay of Fundy,Cold Temperate Northwest Atlantic,Temperate Northern Atlantic,0.705,0.6339113680208427,0.6339113680208427,0.6339113680208427,-0.33547273628812946,-0.440194189646117,-0.440194189646117,-0.440194189646117,2009-06-05,2009,2009,1.2360430950047885,dmr_rasher_steneck 5_2_85,3
dmr_rasher_steneck,5_2_85,3,44.4123,-68.1319,1,2016-05-22,5,5,5,NA,NA,NA,50,0,0,0,730,4,50,percent_cover,"c(-68.1319, 44.4123)",Gulf of Maine/Bay of Fundy,Cold Temperate Northwest Atlantic,Temperate Northern Atlantic,0.5,0.449582530511236,0.449582530511236,0.449582530511236,-0.6733445532637656,-0.7774367439317789,-0.7774367439317789,-0.7774367439317789,2016-05-22,2016,2016,8.236043095004788,dmr_rasher_steneck 5_2_85,3
dmr_rasher_steneck,5_2_89,1,44.5296,-67.5366,1,2004-06-24,5,5,5,NA,NA,NA,98,0,0,0,730,4,98,percent_cover,"c(-67.5366, 44.5296)",Gulf of Maine/Bay of Fundy,Cold Temperate Northwest Atlantic,Temperate Northern Atlantic,0.98,0.8811817598020225,0.8811817598020225,0.8811817598020225,-0.01005033585350145,-0.11520687702707211,-0.11520687702707211,-0.11520687702707211,2004-06-24,2004,2004,-3.7639569049952115,dmr_rasher_steneck 5_2_89,4
dmr_rasher_steneck,5_2_89,2,44.5328,-67.5302,1,2006-06-30,5,5,5,NA,NA,NA,76,0,0,0,730,4,76,percent_cover,"c(-67.5302, 44.5328)",Gulf of Maine/Bay of Fundy,Cold Temperate Northwest Atlantic,Temperate Northern Atlantic,0.76,0.6833654463770786,0.6833654463770786,0.6833654463770786,-0.2613647641344075,-0.36619807913745983,-0.36619807913745983,-0.36619807913745983,2006-06-30,2006,2006,-1.7639569049952115,dmr_rasher_steneck 5_2_89,4
dmr_rasher_steneck,5_2_89,3,44.53276,-67.53652,1,2011-06-09,5,5,5,NA,NA,NA,56.5,0,0,0,730,4,56.5,percent_cover,"c(-67.53652, 44.53276)",Gulf of Maine/Bay of Fundy,Cold Temperate Northwest Atlantic,Temperate Northern Atlantic,0.565,0.5080282594776966,0.5080282594776966,0.5080282594776966,-0.5533852381847867,-0.6577254832344743,-0.6577254832344743,-0.6577254832344743,2011-06-09,2011,2011,3.2360430950047885,dmr_rasher_steneck 5_2_89,4
dmr_rasher_steneck,5_2_89,4,44.5328,-67.5365,1,2014-06-10,5,5,5,NA,NA,NA,79,0,0,0,730,4,79,percent_cover,"c(-67.5365, 44.5328)",Gulf of Maine/Bay of Fundy,Cold Temperate Northwest Atlantic,Temperate Northern Atlantic,0.79,0.7103403982077529,0.7103403982077529,0.7103403982077529,-0.2231435513142097,-0.32803140340651527,-0.32803140340651527,-0.32803140340651527,2014-06-10,2014,2014,6.2360430950047885,dmr_rasher_steneck 5_2_89,4
dmr_rasher_steneck,5_2_9,1,43.82462,-69.63938,1,2001-06-05,5,5,5,NA,NA,NA,2.8,0,0,0,730,4,2.8,percent_cover,"c(-69.63938, 43.82462)",Gulf of Maine/Bay of Fundy,Cold Temperate Northwest Atlantic,Temperate Northern Atlantic,0.027999999999999997,0.025176621708629214,0.025176621708629214,0.025176621708629214,-3.270169119255751,-3.347373573032239,-3.347373573032239,-3.347373573032239,2001-06-05,2001,2001,-6.7639569049952115,dmr_rasher_steneck 5_2_9,3
dmr_rasher_steneck,5_2_9,2,43.82497,-69.64226,1,2008-05-07,5,5,5,NA,NA,NA,62,0,0,0,730,4,62,percent_cover,"c(-69.64226, 43.82497)",Gulf of Maine/Bay of Fundy,Cold Temperate Northwest Atlantic,Temperate Northern Atlantic,0.62,0.5574823378339326,0.5574823378339326,0.5574823378339326,-0.4620354595965587,-0.5665456528704925,-0.5665456528704925,-0.5665456528704925,2008-05-07,2008,2008,0.23604309500478848,dmr_rasher_steneck 5_2_9,3
dmr_rasher_steneck,5_2_9,3,43.82947,-69.6401,1,2012-05-03,5,5,5,NA,NA,NA,62.5,0,0,0,730,4,62.5,percent_cover,"c(-69.6401, 43.82947)",Gulf of Maine/Bay of Fundy,Cold Temperate Northwest Atlantic,Temperate Northern Atlantic,0.625,0.5619781631390449,0.5619781631390449,0.5619781631390449,-0.4541302800894454,-0.5586544646614149,-0.5586544646614149,-0.5586544646614149,2012-05-03,2012,2012,4.2360430950047885,dmr_rasher_steneck 5_2_9,3
dmr_rasher_steneck,5_2_93,1,43.8711,-69.2962,1,2005-05-28,5,5,5,NA,NA,NA,82,0,0,0,730,4,82,percent_cover,"c(-69.2962, 43.8711)",Gulf of Maine/Bay of Fundy,Cold Temperate Northwest Atlantic,Temperate Northern Atlantic,0.82,0.737315350038427,0.737315350038427,0.737315350038427,-0.18632957819149348,-0.2912680275925551,-0.2912680275925551,-0.2912680275925551,2005-05-28,2005,2005,-2.7639569049952115,dmr_rasher_steneck 5_2_93,3
dmr_rasher_steneck,5_2_93,2,43.875586,-69.306309,1,2010-05-13,5,5,5,NA,NA,NA,49,0,0,0,730,4,49,percent_cover,"c(-69.306309, 43.875586)",Gulf of Maine/Bay of Fundy,Cold Temperate Northwest Atlantic,Temperate Northern Atlantic,0.49,0.44059087990101126,0.44059087990101126,0.44059087990101126,-0.6931471805599453,-0.7971954910889307,-0.7971954910889307,-0.7971954910889307,2010-05-13,2010,2010,2.2360430950047885,dmr_rasher_steneck 5_2_93,3
dmr_rasher_steneck,5_2_93,3,43.87561,-69.2948,1,2013-05-06,5,5,5,NA,NA,NA,15,0,0,0,730,4,15,percent_cover,"c(-69.2948, 43.87561)",Gulf of Maine/Bay of Fundy,Cold Temperate Northwest Atlantic,Temperate Northern Atlantic,0.15,0.1348747591533708,0.1348747591533708,0.1348747591533708,-1.8325814637483102,-1.9318856397679807,-1.9318856397679807,-1.9318856397679807,2013-05-06,2013,2013,5.2360430950047885,dmr_rasher_steneck 5_2_93,3
dmr_rasher_steneck,5_3_10,1,44.13106,-68.40311,1,2001-07-05,5,5,5,NA,NA,NA,67,0,0,0,730,4,67,percent_cover,"c(-68.40311, 44.13106)",Gulf of Maine/Bay of Fundy,Cold Temperate Northwest Atlantic,Temperate Northern Atlantic,0.67,0.6024405908850562,0.6024405908850562,0.6024405908850562,-0.3856624808119846,-0.49030333574090074,-0.49030333574090074,-0.49030333574090074,2001-07-05,2001,2001,-6.7639569049952115,dmr_rasher_steneck 5_3_10,3
dmr_rasher_steneck,5_3_10,2,44.1355,-68.4031,1,2004-06-08,5,5,5,NA,NA,NA,87,0,0,0,730,4,87,percent_cover,"c(-68.4031, 44.1355)",Gulf of Maine/Bay of Fundy,Cold Temperate Northwest Atlantic,Temperate Northern Atlantic,0.87,0.7822736030895506,0.7822736030895506,0.7822736030895506,-0.12783337150988489,-0.23284848837833902,-0.23284848837833902,-0.23284848837833902,2004-06-08,2004,2004,-3.7639569049952115,dmr_rasher_steneck 5_3_10,3
dmr_rasher_steneck,5_3_10,3,44.13053,-68.4135,1,2013-05-15,5,5,5,NA,NA,NA,79,0,0,0,730,4,79,percent_cover,"c(-68.4135, 44.13053)",Gulf of Maine/Bay of Fundy,Cold Temperate Northwest Atlantic,Temperate Northern Atlantic,0.79,0.7103403982077529,0.7103403982077529,0.7103403982077529,-0.2231435513142097,-0.32803140340651527,-0.32803140340651527,-0.32803140340651527,2013-05-15,2013,2013,5.2360430950047885,dmr_rasher_steneck 5_3_10,3
dmr_rasher_steneck,5_3_101,1,44.6005,-67.4467,1,2005-06-22,5,5,5,NA,NA,NA,86.5,0,0,0,730,4,86.5,percent_cover,"c(-67.4467, 44.6005)",Gulf of Maine/Bay of Fundy,Cold Temperate Northwest Atlantic,Temperate Northern Atlantic,0.865,0.7777777777844382,0.7777777777844382,0.7777777777844382,-0.13353139262452263,-0.2385392367837285,-0.2385392367837285,-0.2385392367837285,2005-06-22,2005,2005,-2.7639569049952115,dmr_rasher_steneck 5_3_101,4
dmr_rasher_steneck,5_3_101,2,44.60376,-67.4427,1,2009-06-11,5,5,5,NA,NA,NA,86.5,0,0,0,730,4,86.5,percent_cover,"c(-67.4427, 44.60376)",Gulf of Maine/Bay of Fundy,Cold Temperate Northwest Atlantic,Temperate Northern Atlantic,0.865,0.7777777777844382,0.7777777777844382,0.7777777777844382,-0.13353139262452263,-0.2385392367837285,-0.2385392367837285,-0.2385392367837285,2009-06-11,2009,2009,1.2360430950047885,dmr_rasher_steneck 5_3_101,4
dmr_rasher_steneck,5_3_101,3,44.6038,-67.4427,1,2014-06-10,5,5,5,NA,NA,NA,67,0,0,0,730,4,67,percent_cover,"c(-67.4427, 44.6038)",Gulf of Maine/Bay of Fundy,Cold Temperate Northwest Atlantic,Temperate Northern Atlantic,0.67,0.6024405908850562,0.6024405908850562,0.6024405908850562,-0.3856624808119846,-0.49030333574090074,-0.49030333574090074,-0.49030333574090074,2014-06-10,2014,2014,6.2360430950047885,dmr_rasher_steneck 5_3_101,4
dmr_rasher_steneck,5_3_101,4,44.6006,-67.4466,1,2018-05-21,5,5,5,NA,NA,NA,35.5,0,0,0,730,4,35.5,percent_cover,"c(-67.4466, 44.6006)",Gulf of Maine/Bay of Fundy,Cold Temperate Northwest Atlantic,Temperate Northern Atlantic,0.355,0.31920359666297754,0.31920359666297754,0.31920359666297754,-1.0078579253996456,-1.11107888477421,-1.11107888477421,-1.11107888477421,2018-05-21,2018,2018,10.236043095004788,dmr_rasher_steneck 5_3_101,4
dmr_rasher_steneck,5_3_118,1,44.4116,-67.9418,1,2006-06-17,5,5,5,NA,NA,NA,81.5,0,0,0,730,4,81.5,percent_cover,"c(-67.9418, 44.4116)",Gulf of Maine/Bay of Fundy,Cold Temperate Northwest Atlantic,Temperate Northern Atlantic,0.815,0.7328195247333146,0.7328195247333146,0.7328195247333146,-0.19237189264745613,-0.29730216453224523,-0.29730216453224523,-0.29730216453224523,2006-06-17,2006,2006,-1.7639569049952115,dmr_rasher_steneck 5_3_118,5
dmr_rasher_steneck,5_3_118,2,44.40701,-67.93169,1,2008-06-05,5,5,5,NA,NA,NA,69.5,0,0,0,730,4,69.5,percent_cover,"c(-67.93169, 44.40701)",Gulf of Maine/Bay of Fundy,Cold Temperate Northwest Atlantic,Temperate Northern Atlantic,0.695,0.624919717410618,0.624919717410618,0.624919717410618,-0.34955747616986843,-0.4542567173569171,-0.4542567173569171,-0.4542567173569171,2008-06-05,2008,2008,0.23604309500478848,dmr_rasher_steneck 5_3_118,5
dmr_rasher_steneck,5_3_118,3,44.40708,-67.9402,1,2012-05-13,5,5,5,NA,NA,NA,51.5,0,0,0,730,4,51.5,percent_cover,"c(-67.9402, 44.40708)",Gulf of Maine/Bay of Fundy,Cold Temperate Northwest Atlantic,Temperate Northern Atlantic,0.515,0.46307000642657303,0.46307000642657303,0.46307000642657303,-0.6443570163905132,-0.7485118963117072,-0.7485118963117072,-0.7485118963117072,2012-05-13,2012,2012,4.2360430950047885,dmr_rasher_steneck 5_3_118,5
dmr_rasher_steneck,5_3_118,4,44.4072,-67.94,1,2016-05-21,5,5,5,NA,NA,NA,94,0,0,0,730,4,94,percent_cover,"c(-67.94, 44.4072)",Gulf of Maine/Bay of Fundy,Cold Temperate Northwest Atlantic,Temperate Northern Atlantic,0.94,0.8452151573611236,0.8452151573611236,0.8452151573611236,-0.05129329438755058,-0.15640219566652785,-0.15640219566652785,-0.15640219566652785,2016-05-21,2016,2016,8.236043095004788,dmr_rasher_steneck 5_3_118,5
dmr_rasher_steneck,5_3_118,5,44.4051,-67.9366,1,2017-07-09,5,5,5,NA,NA,NA,85,0,0,0,730,4,85,percent_cover,"c(-67.9366, 44.4051)",Gulf of Maine/Bay of Fundy,Cold Temperate Northwest Atlantic,Temperate Northern Atlantic,0.85,0.7642903018691012,0.7642903018691012,0.7642903018691012,-0.15082288973458366,-0.25580840869811733,-0.25580840869811733,-0.25580840869811733,2017-07-09,2017,2017,9.236043095004788,dmr_rasher_steneck 5_3_118,5
dmr_rasher_steneck,5_3_122,1,44.5962,-67.4593,1,2006-07-01,5,5,5,NA,NA,NA,84.5,0,0,0,730,4,84.5,percent_cover,"c(-67.4593, 44.5962)",Gulf of Maine/Bay of Fundy,Cold Temperate Northwest Atlantic,Temperate Northern Atlantic,0.845,0.7597944765639888,0.7597944765639888,0.7597944765639888,-0.15665381004537685,-0.2616317133154311,-0.2616317133154311,-0.2616317133154311,2006-07-01,2006,2006,-1.7639569049952115,dmr_rasher_steneck 5_3_122,5
dmr_rasher_steneck,5_3_122,2,44.5996,-67.451046,1,2010-06-09,5,5,5,NA,NA,NA,90,0,0,0,730,4,90,percent_cover,"c(-67.451046, 44.5996)",Gulf of Maine/Bay of Fundy,Cold Temperate Northwest Atlantic,Temperate Northern Atlantic,0.9,0.8092485549202247,0.8092485549202247,0.8092485549202247,-0.09431067947124129,-0.19936775531050602,-0.19936775531050602,-0.19936775531050602,2010-06-09,2010,2010,2.2360430950047885,dmr_rasher_steneck 5_3_122,5
dmr_rasher_steneck,5_3_122,3,44.59653,-67.4561,1,2011-06-09,5,5,5,NA,NA,NA,63,0,0,0,730,4,63,percent_cover,"c(-67.4561, 44.59653)",Gulf of Maine/Bay of Fundy,Cold Temperate Northwest Atlantic,Temperate Northern Atlantic,0.63,0.5664739884441573,0.5664739884441573,0.5664739884441573,-0.4462871026284195,-0.5508250600755875,-0.5508250600755875,-0.5508250600755875,2011-06-09,2011,2011,3.2360430950047885,dmr_rasher_steneck 5_3_122,5
dmr_rasher_steneck,5_3_122,4,44.5985,-67.4618,1,2014-06-10,5,5,5,NA,NA,NA,59.5,0,0,0,730,4,59.5,percent_cover,"c(-67.4618, 44.5985)",Gulf of Maine/Bay of Fundy,Cold Temperate Northwest Atlantic,Temperate Northern Atlantic,0.595,0.5350032113083708,0.5350032113083708,0.5350032113083708,-0.5025268209512956,-0.6069635920273153,-0.6069635920273153,-0.6069635920273153,2014-06-10,2014,2014,6.2360430950047885,dmr_rasher_steneck 5_3_122,5
dmr_rasher_steneck,5_3_122,5,44.6003,-67.4537,1,2015-06-07,5,5,5,NA,NA,NA,85,0,0,0,730,4,85,percent_cover,"c(-67.4537, 44.6003)",Gulf of Maine/Bay of Fundy,Cold Temperate Northwest Atlantic,Temperate Northern Atlantic,0.85,0.7642903018691012,0.7642903018691012,0.7642903018691012,-0.15082288973458366,-0.25580840869811733,-0.25580840869811733,-0.25580840869811733,2015-06-07,2015,2015,7.2360430950047885,dmr_rasher_steneck 5_3_122,5
dmr_rasher_steneck,5_3_125,1,44.6413,-67.2454,1,2006-07-01,5,5,5,NA,NA,NA,47.5,0,0,0,730,4,47.5,percent_cover,"c(-67.2454, 44.6413)",Gulf of Maine/Bay of Fundy,Cold Temperate Northwest Atlantic,Temperate Northern Atlantic,0.475,0.42710340398567415,0.42710340398567415,0.42710340398567415,-0.7236063880446539,-0.8275854894843628,-0.8275854894843628,-0.8275854894843628,2006-07-01,2006,2006,-1.7639569049952115,dmr_rasher_steneck 5_3_125,3
dmr_rasher_steneck,5_3_125,2,44.6381,-67.242,1,2017-06-16,5,5,5,NA,NA,NA,80.5,0,0,0,730,4,80.5,percent_cover,"c(-67.242, 44.6381)",Gulf of Maine/Bay of Fundy,Cold Temperate Northwest Atlantic,Temperate Northern Atlantic,0.805,0.7238278741230899,0.7238278741230899,0.7238278741230899,-0.20456716574127426,-0.309480781787461,-0.309480781787461,-0.309480781787461,2017-06-16,2017,2017,9.236043095004788,dmr_rasher_steneck 5_3_125,3
dmr_rasher_steneck,5_3_125,3,44.6408,-67.2443,1,2018-05-21,5,5,5,NA,NA,NA,46.5,0,0,0,730,4,46.5,percent_cover,"c(-67.2443, 44.6408)",Gulf of Maine/Bay of Fundy,Cold Temperate Northwest Atlantic,Temperate Northern Atlantic,0.465,0.4181117533754494,0.4181117533754494,0.4181117533754494,-0.7444404749474958,-0.8483710114651786,-0.8483710114651786,-0.8483710114651786,2018-05-21,2018,2018,10.236043095004788,dmr_rasher_steneck 5_3_125,3
dmr_rasher_steneck,5_3_135,1,44.0737,-69.0407,1,2007-05-17,5,5,5,NA,NA,NA,19,0,0,0,730,4,19,percent_cover,"c(-69.0407, 44.0737)",Gulf of Maine/Bay of Fundy,Cold Temperate Northwest Atlantic,Temperate Northern Atlantic,0.19,0.17084136159426966,0.17084136159426966,0.17084136159426966,-1.6094379124341003,-1.7101350873080896,-1.7101350873080896,-1.7101350873080896,2007-05-17,2007,2007,-0.7639569049952115,dmr_rasher_steneck 5_3_135,3
dmr_rasher_steneck,5_3_135,2,44.07453,-69.03446,1,2011-05-25,5,5,5,NA,NA,NA,6.5,0,0,0,730,4,6.5,percent_cover,"c(-69.03446, 44.07453)",Gulf of Maine/Bay of Fundy,Cold Temperate Northwest Atlantic,Temperate Northern Atlantic,0.065,0.05844572896646068,0.05844572896646068,0.05844572896646068,-2.5902671654458267,-2.681714125593821,-2.681714125593821,-2.681714125593821,2011-05-25,2011,2011,3.2360430950047885,dmr_rasher_steneck 5_3_135,3
dmr_rasher_steneck,5_3_135,3,44.07,-69.0407,1,2013-05-07,5,5,5,NA,NA,NA,15,0,0,0,730,4,15,percent_cover,"c(-69.0407, 44.07)",Gulf of Maine/Bay of Fundy,Cold Temperate Northwest Atlantic,Temperate Northern Atlantic,0.15,0.1348747591533708,0.1348747591533708,0.1348747591533708,-1.8325814637483102,-1.9318856397679807,-1.9318856397679807,-1.9318856397679807,2013-05-07,2013,2013,5.2360430950047885,dmr_rasher_steneck 5_3_135,3
dmr_rasher_steneck,5_3_14,1,44.47852,-67.80993,1,2001-07-18,5,5,5,NA,NA,NA,46.2,0,0,0,730,4,46.2,percent_cover,"c(-67.80993, 44.47852)",Gulf of Maine/Bay of Fundy,Cold Temperate Northwest Atlantic,Temperate Northern Atlantic,0.462,0.41541425819238204,0.41541425819238204,0.41541425819238204,-0.7507762933965816,-0.8546918596352752,-0.8546918596352752,-0.8546918596352752,2001-07-18,2001,2001,-6.7639569049952115,dmr_rasher_steneck 5_3_14,5
dmr_rasher_steneck,5_3_14,2,44.482742,-67.808296,1,2010-06-08,5,5,5,NA,NA,NA,51,0,0,0,730,4,51,percent_cover,"c(-67.808296, 44.482742)",Gulf of Maine/Bay of Fundy,Cold Temperate Northwest Atlantic,Temperate Northern Atlantic,0.51,0.4585741811214607,0.4585741811214607,0.4585741811214607,-0.6539264674066639,-0.7580608523319341,-0.7580608523319341,-0.7580608523319341,2010-06-08,2010,2010,2.2360430950047885,dmr_rasher_steneck 5_3_14,5
dmr_rasher_steneck,5_3_14,3,44.48277,-67.8143,1,2012-06-12,5,5,5,NA,NA,NA,65,0,0,0,730,4,65,percent_cover,"c(-67.8143, 44.48277)",Gulf of Maine/Bay of Fundy,Cold Temperate Northwest Atlantic,Temperate Northern Atlantic,0.65,0.5844572896646067,0.5844572896646067,0.5844572896646067,-0.4155154439616658,-0.5201064078801891,-0.5201064078801891,-0.5201064078801891,2012-06-12,2012,2012,4.2360430950047885,dmr_rasher_steneck 5_3_14,5
dmr_rasher_steneck,5_3_14,4,44.4827,-67.8083,1,2014-06-09,5,5,5,NA,NA,NA,26,0,0,0,730,4,26,percent_cover,"c(-67.8083, 44.4827)",Gulf of Maine/Bay of Fundy,Cold Temperate Northwest Atlantic,Temperate Northern Atlantic,0.26,0.2337829158658427,0.2337829158658427,0.2337829158658427,-1.3093333199837622,-1.411477138771575,-1.411477138771575,-1.411477138771575,2014-06-09,2014,2014,6.2360430950047885,dmr_rasher_steneck 5_3_14,5
dmr_rasher_steneck,5_3_14,5,44.4824,-67.8018,1,2016-06-04,5,5,5,NA,NA,NA,91,0,0,0,730,4,91,percent_cover,"c(-67.8018, 44.4824)",Gulf of Maine/Bay of Fundy,Cold Temperate Northwest Atlantic,Temperate Northern Atlantic,0.91,0.8182402055304494,0.8182402055304494,0.8182402055304494,-0.08338160893905101,-0.18845206337105821,-0.18845206337105821,-0.18845206337105821,2016-06-04,2016,2016,8.236043095004788,dmr_rasher_steneck 5_3_14,5
dmr_rasher_steneck,5_3_141,1,44.3632,-68.1054,1,2007-06-08,5,5,5,NA,NA,NA,86.5,0,0,0,730,4,86.5,percent_cover,"c(-68.1054, 44.3632)",Gulf of Maine/Bay of Fundy,Cold Temperate Northwest Atlantic,Temperate Northern Atlantic,0.865,0.7777777777844382,0.7777777777844382,0.7777777777844382,-0.13353139262452263,-0.2385392367837285,-0.2385392367837285,-0.2385392367837285,2007-06-08,2007,2007,-0.7639569049952115,dmr_rasher_steneck 5_3_141,3
dmr_rasher_steneck,5_3_141,2,44.36767,-68.10566,1,2011-06-02,5,5,5,NA,NA,NA,78.5,0,0,0,730,4,78.5,percent_cover,"c(-68.10566, 44.36767)",Gulf of Maine/Bay of Fundy,Cold Temperate Northwest Atlantic,Temperate Northern Atlantic,0.785,0.7058445729026405,0.7058445729026405,0.7058445729026405,-0.2294131643278051,-0.3342922125377226,-0.3342922125377226,-0.3342922125377226,2011-06-02,2011,2011,3.2360430950047885,dmr_rasher_steneck 5_3_141,3
dmr_rasher_steneck,5_3_141,3,44.3677,-68.1057,1,2014-06-06,5,5,5,NA,NA,NA,30.5,0,0,0,730,4,30.5,percent_cover,"c(-68.1057, 44.3677)",Gulf of Maine/Bay of Fundy,Cold Temperate Northwest Atlantic,Temperate Northern Atlantic,0.305,0.27424534361185393,0.27424534361185393,0.27424534361185393,-1.155182640156504,-1.2579175277984058,-1.2579175277984058,-1.2579175277984058,2014-06-06,2014,2014,6.2360430950047885,dmr_rasher_steneck 5_3_141,3
dmr_rasher_steneck,5_3_15,1,44.48045,-67.75111,1,2001-07-18,5,5,5,NA,NA,NA,69,0,0,0,730,4,69,percent_cover,"c(-67.75111, 44.48045)",Gulf of Maine/Bay of Fundy,Cold Temperate Northwest Atlantic,Temperate Northern Atlantic,0.69,0.6204238921055056,0.6204238921055056,0.6204238921055056,-0.35667494393873245,-0.46136284124309535,-0.46136284124309535,-0.46136284124309535,2001-07-18,2001,2001,-6.7639569049952115,dmr_rasher_steneck 5_3_15,3
dmr_rasher_steneck,5_3_15,2,44.48227,-67.73913,1,2003-06-23,5,5,5,NA,NA,NA,100,0,0,0,730,4,100,percent_cover,"c(-67.73913, 44.48227)",Gulf of Maine/Bay of Fundy,Cold Temperate Northwest Atlantic,Temperate Northern Atlantic,1,0.899165061022472,0.899165061022472,0.899165061022472,0.009950330853168092,-0.09522861600602273,-0.09522861600602273,-0.09522861600602273,2003-06-23,2003,2003,-4.7639569049952115,dmr_rasher_steneck 5_3_15,3
dmr_rasher_steneck,5_3_15,3,44.4823,-67.7444,1,2005-06-20,5,5,5,NA,NA,NA,90.5,0,0,0,730,4,90.5,percent_cover,"c(-67.7444, 44.4823)",Gulf of Maine/Bay of Fundy,Cold Temperate Northwest Atlantic,Temperate Northern Atlantic,0.905,0.8137443802253371,0.8137443802253371,0.8137443802253371,-0.0888312137066157,-0.193895015373411,-0.193895015373411,-0.193895015373411,2005-06-20,2005,2005,-2.7639569049952115,dmr_rasher_steneck 5_3_15,3
dmr_rasher_steneck,5_3_152,1,44.34023,-68.04249,1,2008-06-05,5,5,5,NA,NA,NA,73,0,0,0,730,4,73,percent_cover,"c(-68.04249, 44.34023)",Gulf of Maine/Bay of Fundy,Cold Temperate Northwest Atlantic,Temperate Northern Atlantic,0.73,0.6563904945464045,0.6563904945464045,0.6563904945464045,-0.3011050927839216,-0.4058794521171819,-0.4058794521171819,-0.4058794521171819,2008-06-05,2008,2008,0.23604309500478848,dmr_rasher_steneck 5_3_152,3
dmr_rasher_steneck,5_3_152,2,44.3357,-68.03724,1,2011-06-03,5,5,5,NA,NA,NA,75,0,0,0,730,4,75,percent_cover,"c(-68.03724, 44.3357)",Gulf of Maine/Bay of Fundy,Cold Temperate Northwest Atlantic,Temperate Northern Atlantic,0.75,0.674373795766854,0.674373795766854,0.674373795766854,-0.2744368457017603,-0.3792510255888959,-0.3792510255888959,-0.3792510255888959,2011-06-03,2011,2011,3.2360430950047885,dmr_rasher_steneck 5_3_152,3
dmr_rasher_steneck,5_3_152,3,44.3357,-68.0372,1,2014-06-06,5,5,5,NA,NA,NA,60.6,0,0,0,730,4,60.6,percent_cover,"c(-68.0372, 44.3357)",Gulf of Maine/Bay of Fundy,Cold Temperate Northwest Atlantic,Temperate Northern Atlantic,0.606,0.544894026979618,0.544894026979618,0.544894026979618,-0.4845083154486173,-0.5889781258465862,-0.5889781258465862,-0.5889781258465862,2014-06-06,2014,2014,6.2360430950047885,dmr_rasher_steneck 5_3_152,3
dmr_rasher_steneck,5_3_155,1,44.50998,-67.52066,1,2008-06-12,5,5,5,NA,NA,NA,91,0,0,0,730,4,91,percent_cover,"c(-67.52066, 44.50998)",Gulf of Maine/Bay of Fundy,Cold Temperate Northwest Atlantic,Temperate Northern Atlantic,0.91,0.8182402055304494,0.8182402055304494,0.8182402055304494,-0.08338160893905101,-0.18845206337105821,-0.18845206337105821,-0.18845206337105821,2008-06-12,2008,2008,0.23604309500478848,dmr_rasher_steneck 5_3_155,3
dmr_rasher_steneck,5_3_155,2,44.50681,-67.5182,1,2013-05-31,5,5,5,NA,NA,NA,26.5,0,0,0,730,4,26.5,percent_cover,"c(-67.5182, 44.50681)",Gulf of Maine/Bay of Fundy,Cold Temperate Northwest Atlantic,Temperate Northern Atlantic,0.265,0.23827874117095507,0.23827874117095507,0.23827874117095507,-1.2909841813155656,-1.3932032076486884,-1.3932032076486884,-1.3932032076486884,2013-05-31,2013,2013,5.2360430950047885,dmr_rasher_steneck 5_3_155,3
dmr_rasher_steneck,5_3_155,3,44.5095,-67.5204,1,2016-06-05,5,5,5,NA,NA,NA,84.5,0,0,0,730,4,84.5,percent_cover,"c(-67.5204, 44.5095)",Gulf of Maine/Bay of Fundy,Cold Temperate Northwest Atlantic,Temperate Northern Atlantic,0.845,0.7597944765639888,0.7597944765639888,0.7597944765639888,-0.15665381004537685,-0.2616317133154311,-0.2616317133154311,-0.2616317133154311,2016-06-05,2016,2016,8.236043095004788,dmr_rasher_steneck 5_3_155,3
dmr_rasher_steneck,5_3_158,1,44.59896,-67.38555,1,2008-06-18,5,5,5,NA,NA,NA,35.5,0,0,0,730,4,35.5,percent_cover,"c(-67.38555, 44.59896)",Gulf of Maine/Bay of Fundy,Cold Temperate Northwest Atlantic,Temperate Northern Atlantic,0.355,0.31920359666297754,0.31920359666297754,0.31920359666297754,-1.0078579253996456,-1.11107888477421,-1.11107888477421,-1.11107888477421,2008-06-18,2008,2008,0.23604309500478848,dmr_rasher_steneck 5_3_158,3
dmr_rasher_steneck,5_3_158,2,44.5987,-67.38786,1,2011-06-13,5,5,5,NA,NA,NA,76.5,0,0,0,730,4,76.5,percent_cover,"c(-67.38786, 44.5987)",Gulf of Maine/Bay of Fundy,Cold Temperate Northwest Atlantic,Temperate Northern Atlantic,0.765,0.687861271682191,0.687861271682191,0.687861271682191,-0.25489224962879004,-0.35973494714504217,-0.35973494714504217,-0.35973494714504217,2011-06-13,2011,2011,3.2360430950047885,dmr_rasher_steneck 5_3_158,3
dmr_rasher_steneck,5_3_158,3,44.59423,-67.3904,1,2013-06-10,5,5,5,NA,NA,NA,75.5,0,0,0,730,4,75.5,percent_cover,"c(-67.3904, 44.59423)",Gulf of Maine/Bay of Fundy,Cold Temperate Northwest Atlantic,Temperate Northern Atlantic,0.755,0.6788696210719664,0.6788696210719664,0.6788696210719664,-0.2678794451556012,-0.3727032550879865,-0.3727032550879865,-0.3727032550879865,2013-06-10,2013,2013,5.2360430950047885,dmr_rasher_steneck 5_3_158,3
dmr_rasher_steneck,5_3_16,1,44.47481,-67.67655,1,2001-07-19,5,5,5,NA,NA,NA,95.5,0,0,0,730,4,95.5,percent_cover,"c(-67.67655, 44.47481)",Gulf of Maine/Bay of Fundy,Cold Temperate Northwest Atlantic,Temperate Northern Atlantic,0.955,0.8587026332764607,0.8587026332764607,0.8587026332764607,-0.03562717764315116,-0.14075440643679912,-0.14075440643679912,-0.14075440643679912,2001-07-19,2001,2001,-6.7639569049952115,dmr_rasher_steneck 5_3_16,4
dmr_rasher_steneck,5_3_16,2,44.4746,-67.6686,1,2005-06-20,5,5,5,NA,NA,NA,95.5,0,0,0,730,4,95.5,percent_cover,"c(-67.6686, 44.4746)",Gulf of Maine/Bay of Fundy,Cold Temperate Northwest Atlantic,Temperate Northern Atlantic,0.955,0.8587026332764607,0.8587026332764607,0.8587026332764607,-0.03562717764315116,-0.14075440643679912,-0.14075440643679912,-0.14075440643679912,2005-06-20,2005,2005,-2.7639569049952115,dmr_rasher_steneck 5_3_16,4
dmr_rasher_steneck,5_3_16,3,44.4721,-67.6766,1,2007-06-18,5,5,5,NA,NA,NA,73,0,0,0,730,4,73,percent_cover,"c(-67.6766, 44.4721)",Gulf of Maine/Bay of Fundy,Cold Temperate Northwest Atlantic,Temperate Northern Atlantic,0.73,0.6563904945464045,0.6563904945464045,0.6563904945464045,-0.3011050927839216,-0.4058794521171819,-0.4058794521171819,-0.4058794521171819,2007-06-18,2007,2007,-0.7639569049952115,dmr_rasher_steneck 5_3_16,4
dmr_rasher_steneck,5_3_16,4,44.4747,-67.6664,1,2015-06-06,5,5,5,NA,NA,NA,89.5,0,0,0,730,4,89.5,percent_cover,"c(-67.6664, 44.4747)",Gulf of Maine/Bay of Fundy,Cold Temperate Northwest Atlantic,Temperate Northern Atlantic,0.895,0.80475272961511235,0.80475272961511235,0.80475272961511235,-0.0998203352822109,-0.2048706110213978,-0.2048706110213978,-0.2048706110213978,2015-06-06,2015,2015,7.2360430950047885,dmr_rasher_steneck 5_3_16,4
dmr_rasher_steneck,5_3_176,1,43.9027,-69.270683,1,2010-05-13,5,5,5,NA,NA,NA,83,0,0,0,730,4,83,percent_cover,"c(-69.270683, 43.9027)",Gulf of Maine/Bay of Fundy,Cold Temperate Northwest Atlantic,Temperate Northern Atlantic,0.83,0.7463070006486517,0.7463070006486517,0.7463070006486517,-0.1743533871447778,-0.2793078997189217,-0.2793078997189217,-0.2793078997189217,2010-05-13,2010,2010,2.2360430950047885,dmr_rasher_steneck 5_3_176,3
dmr_rasher_steneck,5_3_176,2,43.9072,-69.2705,1,2014-05-08,5,5,5,NA,NA,NA,69.5,0,0,0,730,4,69.5,percent_cover,"c(-69.2705, 43.9072)",Gulf of Maine/Bay of Fundy,Cold Temperate Northwest Atlantic,Temperate Northern Atlantic,0.695,0.624919717410618,0.624919717410618,0.624919717410618,-0.34955747616986843,-0.4542567173569171,-0.4542567173569171,-0.4542567173569171,2014-05-08,2014,2014,6.2360430950047885,dmr_rasher_steneck 5_3_176,3
dmr_rasher_steneck,5_3_176,3,43.9027,-69.2706,1,2016-05-13,5,5,5,NA,NA,NA,45,0,0,0,730,4,45,percent_cover,"c(-69.2706, 43.9027)",Gulf of Maine/Bay of Fundy,Cold Temperate Northwest Atlantic,Temperate Northern Atlantic,0.45,0.40462427746011237,0.40462427746011237,0.40462427746011237,-0.7765287894989963,-0.880382524351079,-0.880382524351079,-0.880382524351079,2016-05-13,2016,2016,8.236043095004788,dmr_rasher_steneck 5_3_176,3
dmr_rasher_steneck,5_3_18,1,44.61639,-67.37083,1,2001-07-25,5,5,5,NA,NA,NA,100,0,0,0,730,4,100,percent_cover,"c(-67.37083, 44.61639)",Gulf of Maine/Bay of Fundy,Cold Temperate Northwest Atlantic,Temperate Northern Atlantic,1,0.899165061022472,0.899165061022472,0.899165061022472,0.009950330853168092,-0.09522861600602273,-0.09522861600602273,-0.09522861600602273,2001-07-25,2001,2001,-6.7639569049952115,dmr_rasher_steneck 5_3_18,3
dmr_rasher_steneck,5_3_18,2,44.62086,-67.3707,1,2012-06-20,5,5,5,NA,NA,NA,46,0,0,0,730,4,46,percent_cover,"c(-67.3707, 44.62086)",Gulf of Maine/Bay of Fundy,Cold Temperate Northwest Atlantic,Temperate Northern Atlantic,0.46,0.4136159280703371,0.4136159280703371,0.4136159280703371,-0.7550225842780327,-0.8589280642849056,-0.8589280642849056,-0.8589280642849056,2012-06-20,2012,2012,4.2360430950047885,dmr_rasher_steneck 5_3_18,3
dmr_rasher_steneck,5_3_18,3,44.6197,-67.3764,1,2015-06-13,5,5,5,NA,NA,NA,58.5,0,0,0,730,4,58.5,percent_cover,"c(-67.3764, 44.6197)",Gulf of Maine/Bay of Fundy,Cold Temperate Northwest Atlantic,Temperate Northern Atlantic,0.585,0.526011560698146,0.526011560698146,0.526011560698146,-0.5191938734365074,-0.6235995496772407,-0.6235995496772407,-0.6235995496772407,2015-06-13,2015,2015,7.2360430950047885,dmr_rasher_steneck 5_3_18,3
dmr_rasher_steneck,5_3_181,1,44.442547,-67.858173,1,2010-06-08,5,5,5,NA,NA,NA,57.5,0,0,0,730,4,57.5,percent_cover,"c(-67.858173, 44.442547)",Gulf of Maine/Bay of Fundy,Cold Temperate Northwest Atlantic,Temperate Northern Atlantic,0.575,0.5170199100879214,0.5170199100879214,0.5170199100879214,-0.5361434317502807,-0.6405169511014412,-0.6405169511014412,-0.6405169511014412,2010-06-08,2010,2010,2.2360430950047885,dmr_rasher_steneck 5_3_181,3
dmr_rasher_steneck,5_3_181,2,44.44721,-67.85321,1,2011-06-07,5,5,5,NA,NA,NA,83,0,0,0,730,4,83,percent_cover,"c(-67.85321, 44.44721)",Gulf of Maine/Bay of Fundy,Cold Temperate Northwest Atlantic,Temperate Northern Atlantic,0.83,0.7463070006486517,0.7463070006486517,0.7463070006486517,-0.1743533871447778,-0.2793078997189217,-0.2793078997189217,-0.2793078997189217,2011-06-07,2011,2011,3.2360430950047885,dmr_rasher_steneck 5_3_181,3
dmr_rasher_steneck,5_3_181,3,44.4424,-67.8581,1,2017-06-13,5,5,5,NA,NA,NA,58.5,0,0,0,730,4,58.5,percent_cover,"c(-67.8581, 44.4424)",Gulf of Maine/Bay of Fundy,Cold Temperate Northwest Atlantic,Temperate Northern Atlantic,0.585,0.526011560698146,0.526011560698146,0.526011560698146,-0.5191938734365074,-0.6235995496772407,-0.6235995496772407,-0.6235995496772407,2017-06-13,2017,2017,9.236043095004788,dmr_rasher_steneck 5_3_181,3
dmr_rasher_steneck,5_3_182,1,44.481953,-67.691265,1,2010-06-08,5,5,5,NA,NA,NA,88,0,0,0,730,4,88,percent_cover,"c(-67.691265, 44.481953)",Gulf of Maine/Bay of Fundy,Cold Temperate Northwest Atlantic,Temperate Northern Atlantic,0.88,0.7912652536997753,0.7912652536997753,0.7912652536997753,-0.11653381625595151,-0.22156323354965113,-0.22156323354965113,-0.22156323354965113,2010-06-08,2010,2010,2.2360430950047885,dmr_rasher_steneck 5_3_182,3
dmr_rasher_steneck,5_3_182,2,44.48499,-67.69122,1,2011-06-09,5,5,5,NA,NA,NA,35.5,0,0,0,730,4,35.5,percent_cover,"c(-67.69122, 44.48499)",Gulf of Maine/Bay of Fundy,Cold Temperate Northwest Atlantic,Temperate Northern Atlantic,0.355,0.31920359666297754,0.31920359666297754,0.31920359666297754,-1.0078579253996456,-1.11107888477421,-1.11107888477421,-1.11107888477421,2011-06-09,2011,2011,3.2360430950047885,dmr_rasher_steneck 5_3_182,3
dmr_rasher_steneck,5_3_182,3,44.48202,-67.7014,1,2013-05-30,5,5,5,NA,NA,NA,46.5,0,0,0,730,4,46.5,percent_cover,"c(-67.7014, 44.48202)",Gulf of Maine/Bay of Fundy,Cold Temperate Northwest Atlantic,Temperate Northern Atlantic,0.465,0.4181117533754494,0.4181117533754494,0.4181117533754494,-0.7444404749474958,-0.8483710114651786,-0.8483710114651786,-0.8483710114651786,2013-05-30,2013,2013,5.2360430950047885,dmr_rasher_steneck 5_3_182,3
dmr_rasher_steneck,5_3_19,1,44.5983,-67.36613,1,2001-07-25,5,5,5,NA,NA,NA,15.5,0,0,0,730,4,15.5,percent_cover,"c(-67.36613, 44.5983)",Gulf of Maine/Bay of Fundy,Cold Temperate Northwest Atlantic,Temperate Northern Atlantic,0.155,0.13937058445848316,0.13937058445848316,0.13937058445848316,-1.8018098050815563,-1.9013249168438435,-1.9013249168438435,-1.9013249168438435,2001-07-25,2001,2001,-6.7639569049952115,dmr_rasher_steneck 5_3_19,7
dmr_rasher_steneck,5_3_19,2,44.59391,-67.371464,1,2002-07-01,5,5,5,NA,NA,NA,98,0,0,0,730,4,98,percent_cover,"c(-67.371464, 44.59391)",Gulf of Maine/Bay of Fundy,Cold Temperate Northwest Atlantic,Temperate Northern Atlantic,0.98,0.8811817598020225,0.8811817598020225,0.8811817598020225,-0.01005033585350145,-0.11520687702707211,-0.11520687702707211,-0.11520687702707211,2002-07-01,2002,2002,-5.7639569049952115,dmr_rasher_steneck 5_3_19,7
dmr_rasher_steneck,5_3_19,3,44.59395,-67.3754,1,2003-06-30,5,5,5,NA,NA,NA,98,0,0,0,730,4,98,percent_cover,"c(-67.3754, 44.59395)",Gulf of Maine/Bay of Fundy,Cold Temperate Northwest Atlantic,Temperate Northern Atlantic,0.98,0.8811817598020225,0.8811817598020225,0.8811817598020225,-0.01005033585350145,-0.11520687702707211,-0.11520687702707211,-0.11520687702707211,2003-06-30,2003,2003,-4.7639569049952115,dmr_rasher_steneck 5_3_19,7
dmr_rasher_steneck,5_3_19,4,44.5976,-67.3692,1,2007-06-27,5,5,5,NA,NA,NA,34,0,0,0,730,4,34,percent_cover,"c(-67.3692, 44.5976)",Gulf of Maine/Bay of Fundy,Cold Temperate Northwest Atlantic,Temperate Northern Atlantic,0.34,0.30571612074764043,0.30571612074764043,0.30571612074764043,-1.0498221244986776,-1.1529118212197003,-1.1529118212197003,-1.1529118212197003,2007-06-27,2007,2007,-0.7639569049952115,dmr_rasher_steneck 5_3_19,7
dmr_rasher_steneck,5_3_19,5,44.598408,-67.373578,1,2010-06-10,5,5,5,NA,NA,NA,83.5,0,0,0,730,4,83.5,percent_cover,"c(-67.373578, 44.598408)",Gulf of Maine/Bay of Fundy,Cold Temperate Northwest Atlantic,Temperate Northern Atlantic,0.835,0.750802825953764,0.750802825953764,0.750802825953764,-0.16841865162496325,-0.2733810533075869,-0.2733810533075869,-0.2733810533075869,2010-06-10,2010,2010,2.2360430950047885,dmr_rasher_steneck 5_3_19,7
dmr_rasher_steneck,5_3_19,6,44.5984,-67.3736,1,2014-06-19,5,5,5,NA,NA,NA,60,0,0,0,730,4,60,percent_cover,"c(-67.3736, 44.5984)",Gulf of Maine/Bay of Fundy,Cold Temperate Northwest Atlantic,Temperate Northern Atlantic,0.6,0.5394990366134832,0.5394990366134832,0.5394990366134832,-0.4942963218147801,-0.5987482583456699,-0.5987482583456699,-0.5987482583456699,2014-06-19,2014,2014,6.2360430950047885,dmr_rasher_steneck 5_3_19,7
dmr_rasher_steneck,5_3_19,7,44.5938,-67.3753,1,2017-06-15,5,5,5,NA,NA,NA,52,0,0,0,730,4,52,percent_cover,"c(-67.3753, 44.5938)",Gulf of Maine/Bay of Fundy,Cold Temperate Northwest Atlantic,Temperate Northern Atlantic,0.52,0.4675658317316854,0.4675658317316854,0.4675658317316854,-0.6348782724359695,-0.7390532610632907,-0.7390532610632907,-0.7390532610632907,2017-06-15,2017,2017,9.236043095004788,dmr_rasher_steneck 5_3_19,7
dmr_rasher_steneck,5_3_203,1,44.37017,-68.077,1,2012-05-13,5,5,5,NA,NA,NA,2.5,0,0,0,730,4,2.5,percent_cover,"c(-68.077, 44.37017)",Gulf of Maine/Bay of Fundy,Cold Temperate Northwest Atlantic,Temperate Northern Atlantic,0.025,0.022479126525561798,0.022479126525561798,0.022479126525561798,-3.3524072174927233,-3.42715765673618,-3.42715765673618,-3.42715765673618,2012-05-13,2012,2012,4.2360430950047885,dmr_rasher_steneck 5_3_203,3
dmr_rasher_steneck,5_3_203,2,44.36297,-68.0769,1,2013-05-17,5,5,5,NA,NA,NA,62.5,0,0,0,730,4,62.5,percent_cover,"c(-68.0769, 44.36297)",Gulf of Maine/Bay of Fundy,Cold Temperate Northwest Atlantic,Temperate Northern Atlantic,0.625,0.5619781631390449,0.5619781631390449,0.5619781631390449,-0.4541302800894454,-0.5586544646614149,-0.5586544646614149,-0.5586544646614149,2013-05-17,2013,2013,5.2360430950047885,dmr_rasher_steneck 5_3_203,3
dmr_rasher_steneck,5_3_203,3,44.3631,-68.0781,1,2017-05-11,5,5,5,NA,NA,NA,56,0,0,0,730,4,56,percent_cover,"c(-68.0781, 44.3631)",Gulf of Maine/Bay of Fundy,Cold Temperate Northwest Atlantic,Temperate Northern Atlantic,0.56,0.5035324341725843,0.5035324341725843,0.5035324341725843,-0.5621189181535411,-0.6664420886625826,-0.6664420886625826,-0.6664420886625826,2017-05-11,2017,2017,9.236043095004788,dmr_rasher_steneck 5_3_203,3
dmr_rasher_steneck,5_3_209,1,44.76417,-67.0568,1,2012-06-30,5,5,5,NA,NA,NA,37.5,0,0,0,730,4,37.5,percent_cover,"c(-67.0568, 44.76417)",Gulf of Maine/Bay of Fundy,Cold Temperate Northwest Atlantic,Temperate Northern Atlantic,0.375,0.337186897883427,0.337186897883427,0.337186897883427,-0.9545119446943529,-1.0578920334188489,-1.0578920334188489,-1.0578920334188489,2012-06-30,2012,2012,4.2360430950047885,dmr_rasher_steneck 5_3_209,3
dmr_rasher_steneck,5_3_209,2,44.7642,-67.0568,1,2015-06-13,5,5,5,NA,NA,NA,46.5,0,0,0,730,4,46.5,percent_cover,"c(-67.0568, 44.7642)",Gulf of Maine/Bay of Fundy,Cold Temperate Northwest Atlantic,Temperate Northern Atlantic,0.465,0.4181117533754494,0.4181117533754494,0.4181117533754494,-0.7444404749474958,-0.8483710114651786,-0.8483710114651786,-0.8483710114651786,2015-06-13,2015,2015,7.2360430950047885,dmr_rasher_steneck 5_3_209,3
dmr_rasher_steneck,5_3_209,3,44.7643,-67.0514,1,2016-06-18,5,5,5,NA,NA,NA,71,0,0,0,730,4,71,percent_cover,"c(-67.0514, 44.7643)",Gulf of Maine/Bay of Fundy,Cold Temperate Northwest Atlantic,Temperate Northern Atlantic,0.71,0.6384071933259551,0.6384071933259551,0.6384071933259551,-0.3285040669720361,-0.4332363952186201,-0.4332363952186201,-0.4332363952186201,2016-06-18,2016,2016,8.236043095004788,dmr_rasher_steneck 5_3_209,3
dmr_rasher_steneck,5_3_25,1,43.884171,-69.439068,1,2002-05-22,5,5,5,NA,NA,NA,25.5,0,0,0,730,4,25.5,percent_cover,"c(-69.439068, 43.884171)",Gulf of Maine/Bay of Fundy,Cold Temperate Northwest Atlantic,Temperate Northern Atlantic,0.255,0.22928709056073035,0.22928709056073035,0.22928709056073035,-1.3280254529959148,-1.430091232197742,-1.430091232197742,-1.430091232197742,2002-05-22,2002,2002,-5.7639569049952115,dmr_rasher_steneck 5_3_25,3
dmr_rasher_steneck,5_3_25,2,43.8887,-69.4409,1,2005-05-19,5,5,5,NA,NA,NA,37,0,0,0,730,4,37,percent_cover,"c(-69.4409, 43.8887)",Gulf of Maine/Bay of Fundy,Cold Temperate Northwest Atlantic,Temperate Northern Atlantic,0.37,0.3326910725783146,0.3326910725783146,0.3326910725783146,-0.9675840262617056,-1.070925900693836,-1.070925900693836,-1.070925900693836,2005-05-19,2005,2005,-2.7639569049952115,dmr_rasher_steneck 5_3_25,3
dmr_rasher_steneck,5_3_25,3,43.88869,-69.4331,1,2013-05-03,5,5,5,NA,NA,NA,2,0,0,0,730,4,2,percent_cover,"c(-69.4331, 43.88869)",Gulf of Maine/Bay of Fundy,Cold Temperate Northwest Atlantic,Temperate Northern Atlantic,0.02,0.01798330122044944,0.01798330122044944,0.01798330122044944,-3.506557897319982,-3.5761473316991443,-3.5761473316991443,-3.5761473316991443,2013-05-03,2013,2013,5.2360430950047885,dmr_rasher_steneck 5_3_25,3
dmr_rasher_steneck,5_3_30,1,44.015404,-68.609039,1,2002-06-05,5,5,5,NA,NA,NA,100,0,0,0,730,4,100,percent_cover,"c(-68.609039, 44.015404)",Gulf of Maine/Bay of Fundy,Cold Temperate Northwest Atlantic,Temperate Northern Atlantic,1,0.899165061022472,0.899165061022472,0.899165061022472,0.009950330853168092,-0.09522861600602273,-0.09522861600602273,-0.09522861600602273,2002-06-05,2002,2002,-5.7639569049952115,dmr_rasher_steneck 5_3_30,3
dmr_rasher_steneck,5_3_30,2,44.0199,-68.60991,1,2003-06-04,5,5,5,NA,NA,NA,75.5,0,0,0,730,4,75.5,percent_cover,"c(-68.60991, 44.0199)",Gulf of Maine/Bay of Fundy,Cold Temperate Northwest Atlantic,Temperate Northern Atlantic,0.755,0.6788696210719664,0.6788696210719664,0.6788696210719664,-0.2678794451556012,-0.3727032550879865,-0.3727032550879865,-0.3727032550879865,2003-06-04,2003,2003,-4.7639569049952115,dmr_rasher_steneck 5_3_30,3
dmr_rasher_steneck,5_3_30,3,44.0149,-68.6078,1,2017-07-31,5,5,5,NA,NA,NA,76.4285714285714,0,0,0,730,4,76.4285714285714,percent_cover,"c(-68.6078, 44.0149)",Gulf of Maine/Bay of Fundy,Cold Temperate Northwest Atlantic,Temperate Northern Atlantic,0.764285714285714,0.6872190109243176,0.6872190109243176,0.6872190109243176,-0.2558143336037588,-0.360655698174579,-0.360655698174579,-0.360655698174579,2017-07-31,2017,2017,9.236043095004788,dmr_rasher_steneck 5_3_30,3
dmr_rasher_steneck,5_3_31,1,44.055712,-68.578571,1,2002-06-05,5,5,5,NA,NA,NA,96,0,0,0,730,4,96,percent_cover,"c(-68.578571, 44.055712)",Gulf of Maine/Bay of Fundy,Cold Temperate Northwest Atlantic,Temperate Northern Atlantic,0.96,0.8631984585815731,0.8631984585815731,0.8631984585815731,-0.030459207484708574,-0.13559241956034207,-0.13559241956034207,-0.13559241956034207,2002-06-05,2002,2002,-5.7639569049952115,dmr_rasher_steneck 5_3_31,3
dmr_rasher_steneck,5_3_31,2,44.0602,-68.5785,1,2004-06-04,5,5,5,NA,NA,NA,90,0,0,0,730,4,90,percent_cover,"c(-68.5785, 44.0602)",Gulf of Maine/Bay of Fundy,Cold Temperate Northwest Atlantic,Temperate Northern Atlantic,0.9,0.8092485549202247,0.8092485549202247,0.8092485549202247,-0.09431067947124129,-0.19936775531050602,-0.19936775531050602,-0.19936775531050602,2004-06-04,2004,2004,-3.7639569049952115,dmr_rasher_steneck 5_3_31,3
dmr_rasher_steneck,5_3_31,3,44.0603,-68.5848,1,2007-05-29,5,5,5,NA,NA,NA,70,0,0,0,730,4,70,percent_cover,"c(-68.5848, 44.0603)",Gulf of Maine/Bay of Fundy,Cold Temperate Northwest Atlantic,Temperate Northern Atlantic,0.7,0.6294155427157303,0.6294155427157303,0.6294155427157303,-0.342490308946776,-0.4472007343694942,-0.4472007343694942,-0.4472007343694942,2007-05-29,2007,2007,-0.7639569049952115,dmr_rasher_steneck 5_3_31,3
dmr_rasher_steneck,5_3_38,1,44.490295,-67.636499,1,2002-06-26,5,5,5,NA,NA,NA,42.9,0,0,0,730,4,42.9,percent_cover,"c(-67.636499, 44.490295)",Gulf of Maine/Bay of Fundy,Cold Temperate Northwest Atlantic,Temperate Northern Atlantic,0.429,0.3857418111786404,0.3857418111786404,0.3857418111786404,-0.8232558659069656,-0.9269932723399843,-0.9269932723399843,-0.9269932723399843,2002-06-26,2002,2002,-5.7639569049952115,dmr_rasher_steneck 5_3_38,6
dmr_rasher_steneck,5_3_38,2,44.48624,-67.63207,1,2003-06-24,5,5,5,NA,NA,NA,95,0,0,0,730,4,95,percent_cover,"c(-67.63207, 44.48624)",Gulf of Maine/Bay of Fundy,Cold Temperate Northwest Atlantic,Temperate Northern Atlantic,0.95,0.8542068079713483,0.8542068079713483,0.8542068079713483,-0.040821994520255166,-0.14594317774242435,-0.14594317774242435,-0.14594317774242435,2003-06-24,2003,2003,-4.7639569049952115,dmr_rasher_steneck 5_3_38,6
dmr_rasher_steneck,5_3_38,3,44.4863,-67.637,1,2006-06-29,5,5,5,NA,NA,NA,82.5,0,0,0,730,4,82.5,percent_cover,"c(-67.637, 44.4863)",Gulf of Maine/Bay of Fundy,Cold Temperate Northwest Atlantic,Temperate Northern Atlantic,0.825,0.7418111753435394,0.7418111753435394,0.7418111753435394,-0.18032355413128162,-0.28527008317996494,-0.28527008317996494,-0.28527008317996494,2006-06-29,2006,2006,-1.7639569049952115,dmr_rasher_steneck 5_3_38,6
dmr_rasher_steneck,5_3_38,4,44.49108,-67.6331,1,2013-05-31,5,5,5,NA,NA,NA,79,0,0,0,730,4,79,percent_cover,"c(-67.6331, 44.49108)",Gulf of Maine/Bay of Fundy,Cold Temperate Northwest Atlantic,Temperate Northern Atlantic,0.79,0.7103403982077529,0.7103403982077529,0.7103403982077529,-0.2231435513142097,-0.32803140340651527,-0.32803140340651527,-0.32803140340651527,2013-05-31,2013,2013,5.2360430950047885,dmr_rasher_steneck 5_3_38,6
dmr_rasher_steneck,5_3_38,5,44.4901,-67.6276,1,2014-06-09,5,5,5,NA,NA,NA,48,0,0,0,730,4,48,percent_cover,"c(-67.6276, 44.4901)",Gulf of Maine/Bay of Fundy,Cold Temperate Northwest Atlantic,Temperate Northern Atlantic,0.48,0.43159922929078653,0.43159922929078653,0.43159922929078653,-0.7133498878774648,-0.8173525292862035,-0.8173525292862035,-0.8173525292862035,2014-06-09,2014,2014,6.2360430950047885,dmr_rasher_steneck 5_3_38,6
dmr_rasher_steneck,5_3_38,6,44.4916,-67.6335,1,2015-06-06,5,5,5,NA,NA,NA,71.5,0,0,0,730,4,71.5,percent_cover,"c(-67.6335, 44.4916)",Gulf of Maine/Bay of Fundy,Cold Temperate Northwest Atlantic,Temperate Northern Atlantic,0.715,0.6429030186310675,0.6429030186310675,0.6429030186310675,-0.32158362412746233,-0.4263266773800083,-0.4263266773800083,-0.4263266773800083,2015-06-06,2015,2015,7.2360430950047885,dmr_rasher_steneck 5_3_38,6
dmr_rasher_steneck,5_3_39,1,44.555111,-67.520045,1,2002-07-01,5,5,5,NA,NA,NA,94,0,0,0,730,4,94,percent_cover,"c(-67.520045, 44.555111)",Gulf of Maine/Bay of Fundy,Cold Temperate Northwest Atlantic,Temperate Northern Atlantic,0.94,0.8452151573611236,0.8452151573611236,0.8452151573611236,-0.05129329438755058,-0.15640219566652785,-0.15640219566652785,-0.15640219566652785,2002-07-01,2002,2002,-5.7639569049952115,dmr_rasher_steneck 5_3_39,4
dmr_rasher_steneck,5_3_39,2,44.5559,-67.5233,1,2004-06-29,5,5,5,NA,NA,NA,96.5,0,0,0,730,4,96.5,percent_cover,"c(-67.5233, 44.5559)",Gulf of Maine/Bay of Fundy,Cold Temperate Northwest Atlantic,Temperate Northern Atlantic,0.965,0.8676942838866855,0.8676942838866855,0.8676942838866855,-0.025317807984289897,-0.13045694201016517,-0.13045694201016517,-0.13045694201016517,2004-06-29,2004,2004,-3.7639569049952115,dmr_rasher_steneck 5_3_39,4
dmr_rasher_steneck,5_3_39,3,44.55131,-67.51722,1,2010-06-09,5,5,5,NA,NA,NA,67.5,0,0,0,730,4,67.5,percent_cover,"c(-67.51722, 44.55131)",Gulf of Maine/Bay of Fundy,Cold Temperate Northwest Atlantic,Temperate Northern Atlantic,0.675,0.6069364161901686,0.6069364161901686,0.6069364161901686,-0.3783364407199117,-0.4829893135634807,-0.4829893135634807,-0.4829893135634807,2010-06-09,2010,2010,2.2360430950047885,dmr_rasher_steneck 5_3_39,4
dmr_rasher_steneck,5_3_39,4,44.5559,-67.5232,1,2015-06-07,5,5,5,NA,NA,NA,85,0,0,0,730,4,85,percent_cover,"c(-67.5232, 44.5559)",Gulf of Maine/Bay of Fundy,Cold Temperate Northwest Atlantic,Temperate Northern Atlantic,0.85,0.7642903018691012,0.7642903018691012,0.7642903018691012,-0.15082288973458366,-0.25580840869811733,-0.25580840869811733,-0.25580840869811733,2015-06-07,2015,2015,7.2360430950047885,dmr_rasher_steneck 5_3_39,4
dmr_rasher_steneck,5_3_40,1,44.505568,-67.512157,1,2002-06-26,5,5,5,NA,NA,NA,98,0,0,0,730,4,98,percent_cover,"c(-67.512157, 44.505568)",Gulf of Maine/Bay of Fundy,Cold Temperate Northwest Atlantic,Temperate Northern Atlantic,0.98,0.8811817598020225,0.8811817598020225,0.8811817598020225,-0.01005033585350145,-0.11520687702707211,-0.11520687702707211,-0.11520687702707211,2002-06-26,2002,2002,-5.7639569049952115,dmr_rasher_steneck 5_3_40,3
dmr_rasher_steneck,5_3_40,2,44.5025,-67.5121,1,2004-06-24,5,5,5,NA,NA,NA,100,0,0,0,730,4,100,percent_cover,"c(-67.5121, 44.5025)",Gulf of Maine/Bay of Fundy,Cold Temperate Northwest Atlantic,Temperate Northern Atlantic,1,0.899165061022472,0.899165061022472,0.899165061022472,0.009950330853168092,-0.09522861600602273,-0.09522861600602273,-0.09522861600602273,2004-06-24,2004,2004,-3.7639569049952115,dmr_rasher_steneck 5_3_40,3
dmr_rasher_steneck,5_3_40,3,44.5002,-67.5121,1,2005-06-21,5,5,5,NA,NA,NA,95.5,0,0,0,730,4,95.5,percent_cover,"c(-67.5121, 44.5002)",Gulf of Maine/Bay of Fundy,Cold Temperate Northwest Atlantic,Temperate Northern Atlantic,0.955,0.8587026332764607,0.8587026332764607,0.8587026332764607,-0.03562717764315116,-0.14075440643679912,-0.14075440643679912,-0.14075440643679912,2005-06-21,2005,2005,-2.7639569049952115,dmr_rasher_steneck 5_3_40,3
dmr_rasher_steneck,5_3_42,1,44.6584,-67.18971,1,2002-07-02,5,5,5,NA,NA,NA,78,0,0,0,730,4,78,percent_cover,"c(-67.18971, 44.6584)",Gulf of Maine/Bay of Fundy,Cold Temperate Northwest Atlantic,Temperate Northern Atlantic,0.78,0.7013487475975281,0.7013487475975281,0.7013487475975281,-0.23572233352106983,-0.34059246648603564,-0.34059246648603564,-0.34059246648603564,2002-07-02,2002,2002,-5.7639569049952115,dmr_rasher_steneck 5_3_42,5
dmr_rasher_steneck,5_3_42,2,44.66241,-67.18027,1,2008-06-19,5,5,5,NA,NA,NA,90,0,0,0,730,4,90,percent_cover,"c(-67.18027, 44.66241)",Gulf of Maine/Bay of Fundy,Cold Temperate Northwest Atlantic,Temperate Northern Atlantic,0.9,0.8092485549202247,0.8092485549202247,0.8092485549202247,-0.09431067947124129,-0.19936775531050602,-0.19936775531050602,-0.19936775531050602,2008-06-19,2008,2008,0.23604309500478848,dmr_rasher_steneck 5_3_42,5
dmr_rasher_steneck,5_3_42,3,44.658434,-67.190369,1,2010-06-10,5,5,5,NA,NA,NA,67.5,0,0,0,730,4,67.5,percent_cover,"c(-67.190369, 44.658434)",Gulf of Maine/Bay of Fundy,Cold Temperate Northwest Atlantic,Temperate Northern Atlantic,0.675,0.6069364161901686,0.6069364161901686,0.6069364161901686,-0.3783364407199117,-0.4829893135634807,-0.4829893135634807,-0.4829893135634807,2010-06-10,2010,2010,2.2360430950047885,dmr_rasher_steneck 5_3_42,5
dmr_rasher_steneck,5_3_42,4,44.6584,-67.1897,1,2013-06-14,5,5,5,NA,NA,NA,45.5,0,0,0,730,4,45.5,percent_cover,"c(-67.1897, 44.6584)",Gulf of Maine/Bay of Fundy,Cold Temperate Northwest Atlantic,Temperate Northern Atlantic,0.455,0.4091201027652247,0.4091201027652247,0.4091201027652247,-0.7657178733947807,-0.869597758689359,-0.869597758689359,-0.869597758689359,2013-06-14,2013,2013,5.2360430950047885,dmr_rasher_steneck 5_3_42,5
dmr_rasher_steneck,5_3_42,5,44.6626,-67.1862,1,2018-05-19,5,5,5,NA,NA,NA,82.5,0,0,0,730,4,82.5,percent_cover,"c(-67.1862, 44.6626)",Gulf of Maine/Bay of Fundy,Cold Temperate Northwest Atlantic,Temperate Northern Atlantic,0.825,0.7418111753435394,0.7418111753435394,0.7418111753435394,-0.18032355413128162,-0.28527008317996494,-0.28527008317996494,-0.28527008317996494,2018-05-19,2018,2018,10.236043095004788,dmr_rasher_steneck 5_3_42,5
dmr_rasher_steneck,5_3_48,1,43.88809,-69.46879,1,2003-05-22,5,5,5,NA,NA,NA,61.4,0,0,0,730,4,61.4,percent_cover,"c(-69.46879, 43.88809)",Gulf of Maine/Bay of Fundy,Cold Temperate Northwest Atlantic,Temperate Northern Atlantic,0.614,0.5520873474677978,0.5520873474677978,0.5520873474677978,-0.47160491061270937,-0.5760980186247123,-0.5760980186247123,-0.5760980186247123,2003-05-22,2003,2003,-4.7639569049952115,dmr_rasher_steneck 5_3_48,3
dmr_rasher_steneck,5_3_48,2,43.8886,-69.4708,1,2004-05-20,5,5,5,NA,NA,NA,5,0,0,0,730,4,5,percent_cover,"c(-69.4708, 43.8886)",Gulf of Maine/Bay of Fundy,Cold Temperate Northwest Atlantic,Temperate Northern Atlantic,0.05,0.044958253051123595,0.044958253051123595,0.044958253051123595,-2.8134107167600364,-2.9011814173970296,-2.9011814173970296,-2.9011814173970296,2004-05-20,2004,2004,-3.7639569049952115,dmr_rasher_steneck 5_3_48,3
dmr_rasher_steneck,5_3_48,3,43.8942,-69.4653,1,2006-05-16,5,5,5,NA,NA,NA,9,0,0,0,730,4,9,percent_cover,"c(-69.4653, 43.8942)",Gulf of Maine/Bay of Fundy,Cold Temperate Northwest Atlantic,Temperate Northern Atlantic,0.09,0.08092485549202247,0.08092485549202247,0.08092485549202247,-2.302585092994046,-2.397721877419971,-2.397721877419971,-2.397721877419971,2006-05-16,2006,2006,-1.7639569049952115,dmr_rasher_steneck 5_3_48,3
dmr_rasher_steneck,5_3_62,1,44.62528,-67.36485,1,2003-06-30,5,5,5,NA,NA,NA,85,0,0,0,730,4,85,percent_cover,"c(-67.36485, 44.62528)",Gulf of Maine/Bay of Fundy,Cold Temperate Northwest Atlantic,Temperate Northern Atlantic,0.85,0.7642903018691012,0.7642903018691012,0.7642903018691012,-0.15082288973458366,-0.25580840869811733,-0.25580840869811733,-0.25580840869811733,2003-06-30,2003,2003,-4.7639569049952115,dmr_rasher_steneck 5_3_62,4
dmr_rasher_steneck,5_3_62,2,44.6245,-67.3679,1,2004-06-29,5,5,5,NA,NA,NA,63,0,0,0,730,4,63,percent_cover,"c(-67.3679, 44.6245)",Gulf of Maine/Bay of Fundy,Cold Temperate Northwest Atlantic,Temperate Northern Atlantic,0.63,0.5664739884441573,0.5664739884441573,0.5664739884441573,-0.4462871026284195,-0.5508250600755875,-0.5508250600755875,-0.5508250600755875,2004-06-29,2004,2004,-3.7639569049952115,dmr_rasher_steneck 5_3_62,4
dmr_rasher_steneck,5_3_62,3,44.6253,-67.3648,1,2014-06-19,5,5,5,NA,NA,NA,4,0,0,0,730,4,4,percent_cover,"c(-67.3648, 44.6253)",Gulf of Maine/Bay of Fundy,Cold Temperate Northwest Atlantic,Temperate Northern Atlantic,0.04,0.03596660244089888,0.03596660244089888,0.03596660244089888,-2.995732273553991,-3.0798401800767916,-3.0798401800767916,-3.0798401800767916,2014-06-19,2014,2014,6.2360430950047885,dmr_rasher_steneck 5_3_62,4
dmr_rasher_steneck,5_3_62,4,44.6207,-67.3645,1,2016-06-05,5,5,5,NA,NA,NA,27.5,0,0,0,730,4,27.5,percent_cover,"c(-67.3645, 44.6207)",Gulf of Maine/Bay of Fundy,Cold Temperate Northwest Atlantic,Temperate Northern Atlantic,0.275,0.2472703917811798,0.2472703917811798,0.2472703917811798,-1.2552660987134865,-1.3576276390667685,-1.3576276390667685,-1.3576276390667685,2016-06-05,2016,2016,8.236043095004788,dmr_rasher_steneck 5_3_62,4
dmr_rasher_steneck,5_3_67,1,43.7934,-69.6682,1,2004-05-17,5,5,5,NA,NA,NA,46,0,0,0,730,4,46,percent_cover,"c(-69.6682, 43.7934)",Gulf of Maine/Bay of Fundy,Cold Temperate Northwest Atlantic,Temperate Northern Atlantic,0.46,0.4136159280703371,0.4136159280703371,0.4136159280703371,-0.7550225842780327,-0.8589280642849056,-0.8589280642849056,-0.8589280642849056,2004-05-17,2004,2004,-3.7639569049952115,dmr_rasher_steneck 5_3_67,3
dmr_rasher_steneck,5_3_67,2,43.79336,-69.6743,1,2013-05-01,5,5,5,NA,NA,NA,1,0,0,0,730,4,1,percent_cover,"c(-69.6743, 43.79336)",Gulf of Maine/Bay of Fundy,Cold Temperate Northwest Atlantic,Temperate Northern Atlantic,0.01,0.00899165061022472,0.00899165061022472,0.00899165061022472,-3.912023005428146,-3.963755837965558,-3.963755837965558,-3.963755837965558,2013-05-01,2013,2013,5.2360430950047885,dmr_rasher_steneck 5_3_67,3
dmr_rasher_steneck,5_3_67,3,43.7934,-69.6743,1,2014-05-07,5,5,5,NA,NA,NA,22.5,0,0,0,730,4,22.5,percent_cover,"c(-69.6743, 43.7934)",Gulf of Maine/Bay of Fundy,Cold Temperate Northwest Atlantic,Temperate Northern Atlantic,0.225,0.20231213873005618,0.20231213873005618,0.20231213873005618,-1.448169764837978,-1.549697734658043,-1.549697734658043,-1.549697734658043,2014-05-07,2014,2014,6.2360430950047885,dmr_rasher_steneck 5_3_67,3
dmr_rasher_steneck,5_3_73,1,44.3636,-68.1757,1,2004-06-16,5,5,5,NA,NA,NA,92,0,0,0,730,4,92,percent_cover,"c(-68.1757, 44.3636)",Gulf of Maine/Bay of Fundy,Cold Temperate Northwest Atlantic,Temperate Northern Atlantic,0.92,0.8272318561406742,0.8272318561406742,0.8272318561406742,-0.07257069283483537,-0.17765423832116967,-0.17765423832116967,-0.17765423832116967,2004-06-16,2004,2004,-3.7639569049952115,dmr_rasher_steneck 5_3_73,3
dmr_rasher_steneck,5_3_73,2,44.36367,-68.18109,1,2008-06-03,5,5,5,NA,NA,NA,96,0,0,0,730,4,96,percent_cover,"c(-68.18109, 44.36367)",Gulf of Maine/Bay of Fundy,Cold Temperate Northwest Atlantic,Temperate Northern Atlantic,0.96,0.8631984585815731,0.8631984585815731,0.8631984585815731,-0.030459207484708574,-0.13559241956034207,-0.13559241956034207,-0.13559241956034207,2008-06-03,2008,2008,0.23604309500478848,dmr_rasher_steneck 5_3_73,3
dmr_rasher_steneck,5_3_73,3,44.3638,-68.181,1,2016-05-21,5,5,5,NA,NA,NA,86.5,0,0,0,730,4,86.5,percent_cover,"c(-68.181, 44.3638)",Gulf of Maine/Bay of Fundy,Cold Temperate Northwest Atlantic,Temperate Northern Atlantic,0.865,0.7777777777844382,0.7777777777844382,0.7777777777844382,-0.13353139262452263,-0.2385392367837285,-0.2385392367837285,-0.2385392367837285,2016-05-21,2016,2016,8.236043095004788,dmr_rasher_steneck 5_3_73,3
dmr_rasher_steneck,5_3_90,1,43.9798,-69.0903,1,2005-05-29,5,5,5,NA,NA,NA,89,0,0,0,730,4,89,percent_cover,"c(-69.0903, 43.9798)",Gulf of Maine/Bay of Fundy,Cold Temperate Northwest Atlantic,Temperate Northern Atlantic,0.89,0.80025690431,0.80025690431,0.80025690431,-0.10536051565782628,-0.21040391578728238,-0.21040391578728238,-0.21040391578728238,2005-05-29,2005,2005,-2.7639569049952115,dmr_rasher_steneck 5_3_90,3
dmr_rasher_steneck,5_3_90,2,43.97532,-69.08408,1,2008-05-16,5,5,5,NA,NA,NA,56.5,0,0,0,730,4,56.5,percent_cover,"c(-69.08408, 43.97532)",Gulf of Maine/Bay of Fundy,Cold Temperate Northwest Atlantic,Temperate Northern Atlantic,0.565,0.5080282594776966,0.5080282594776966,0.5080282594776966,-0.5533852381847867,-0.6577254832344743,-0.6577254832344743,-0.6577254832344743,2008-05-16,2008,2008,0.23604309500478848,dmr_rasher_steneck 5_3_90,3
dmr_rasher_steneck,5_3_90,3,43.9753,-69.0841,1,2017-05-05,5,5,5,NA,NA,NA,67.5,0,0,0,730,4,67.5,percent_cover,"c(-69.0841, 43.9753)",Gulf of Maine/Bay of Fundy,Cold Temperate Northwest Atlantic,Temperate Northern Atlantic,0.675,0.6069364161901686,0.6069364161901686,0.6069364161901686,-0.3783364407199117,-0.4829893135634807,-0.4829893135634807,-0.4829893135634807,2017-05-05,2017,2017,9.236043095004788,dmr_rasher_steneck 5_3_90,3
dmr_rasher_steneck,5_3_95,1,44.3631,-68.0932,1,2005-06-15,5,5,5,NA,NA,NA,89,0,0,0,730,4,89,percent_cover,"c(-68.0932, 44.3631)",Gulf of Maine/Bay of Fundy,Cold Temperate Northwest Atlantic,Temperate Northern Atlantic,0.89,0.80025690431,0.80025690431,0.80025690431,-0.10536051565782628,-0.21040391578728238,-0.21040391578728238,-0.21040391578728238,2005-06-15,2005,2005,-2.7639569049952115,dmr_rasher_steneck 5_3_95,4
dmr_rasher_steneck,5_3_95,2,44.363,-68.087,1,2006-06-18,5,5,5,NA,NA,NA,32.5,0,0,0,730,4,32.5,percent_cover,"c(-68.087, 44.363)",Gulf of Maine/Bay of Fundy,Cold Temperate Northwest Atlantic,Temperate Northern Atlantic,0.325,0.2922286448323034,0.2922286448323034,0.2922286448323034,-1.0936247471570706,-1.196571445970762,-1.196571445970762,-1.196571445970762,2006-06-18,2006,2006,-1.7639569049952115,dmr_rasher_steneck 5_3_95,4
dmr_rasher_steneck,5_3_95,3,44.3677,-68.0934,1,2017-05-12,5,5,5,NA,NA,NA,55.5,0,0,0,730,4,55.5,percent_cover,"c(-68.0934, 44.3677)",Gulf of Maine/Bay of Fundy,Cold Temperate Northwest Atlantic,Temperate Northern Atlantic,0.555,0.4990366088674719,0.4990366088674719,0.4990366088674719,-0.570929547835696,-0.6752353418991525,-0.6752353418991525,-0.6752353418991525,2017-05-12,2017,2017,9.236043095004788,dmr_rasher_steneck 5_3_95,4
dmr_rasher_steneck,5_3_95,4,44.3641,-68.0985,1,2018-05-14,5,5,5,NA,NA,NA,44,0,0,0,730,4,44,percent_cover,"c(-68.0985, 44.3641)",Gulf of Maine/Bay of Fundy,Cold Temperate Northwest Atlantic,Temperate Northern Atlantic,0.44,0.39563262684988765,0.39563262684988765,0.39563262684988765,-0.7985076962177716,-0.9023073889889639,-0.9023073889889639,-0.9023073889889639,2018-05-14,2018,2018,10.236043095004788,dmr_rasher_steneck 5_3_95,4
dmr_rasher_steneck,5_3_98,1,44.4115,-67.9298,1,2005-06-14,5,5,5,NA,NA,NA,88,0,0,0,730,4,88,percent_cover,"c(-67.9298, 44.4115)",Gulf of Maine/Bay of Fundy,Cold Temperate Northwest Atlantic,Temperate Northern Atlantic,0.88,0.7912652536997753,0.7912652536997753,0.7912652536997753,-0.11653381625595151,-0.22156323354965113,-0.22156323354965113,-0.22156323354965113,2005-06-14,2005,2005,-2.7639569049952115,dmr_rasher_steneck 5_3_98,3
dmr_rasher_steneck,5_3_98,2,44.41602,-67.92899,1,2009-06-04,5,5,5,NA,NA,NA,87.5,0,0,0,730,4,87.5,percent_cover,"c(-67.92899, 44.41602)",Gulf of Maine/Bay of Fundy,Cold Temperate Northwest Atlantic,Temperate Northern Atlantic,0.875,0.7867694283946629,0.7867694283946629,0.7867694283946629,-0.12216763397420753,-0.227189941426404,-0.227189941426404,-0.227189941426404,2009-06-04,2009,2009,1.2360430950047885,dmr_rasher_steneck 5_3_98,3
dmr_rasher_steneck,5_3_98,3,44.4161,-67.929,1,2016-05-21,5,5,5,NA,NA,NA,90,0,0,0,730,4,90,percent_cover,"c(-67.929, 44.4161)",Gulf of Maine/Bay of Fundy,Cold Temperate Northwest Atlantic,Temperate Northern Atlantic,0.9,0.8092485549202247,0.8092485549202247,0.8092485549202247,-0.09431067947124129,-0.19936775531050602,-0.19936775531050602,-0.19936775531050602,2016-05-21,2016,2016,8.236043095004788,dmr_rasher_steneck 5_3_98,3
dmr_rasher_steneck,5_4_10,1,44.57199,-67.40965,1,2001-07-24,5,5,5,NA,NA,NA,71.5,0,0,0,730,4,71.5,percent_cover,"c(-67.40965, 44.57199)",Gulf of Maine/Bay of Fundy,Cold Temperate Northwest Atlantic,Temperate Northern Atlantic,0.715,0.6429030186310675,0.6429030186310675,0.6429030186310675,-0.32158362412746233,-0.4263266773800083,-0.4263266773800083,-0.4263266773800083,2001-07-24,2001,2001,-6.7639569049952115,dmr_rasher_steneck 5_4_10,3
dmr_rasher_steneck,5_4_10,2,44.572,-67.4097,1,2007-06-19,5,5,5,NA,NA,NA,76.5,0,0,0,730,4,76.5,percent_cover,"c(-67.4097, 44.572)",Gulf of Maine/Bay of Fundy,Cold Temperate Northwest Atlantic,Temperate Northern Atlantic,0.765,0.687861271682191,0.687861271682191,0.687861271682191,-0.25489224962879004,-0.35973494714504217,-0.35973494714504217,-0.35973494714504217,2007-06-19,2007,2007,-0.7639569049952115,dmr_rasher_steneck 5_4_10,3
dmr_rasher_steneck,5_4_10,3,44.57191,-67.40451,1,2009-06-11,5,5,5,NA,NA,NA,92,0,0,0,730,4,92,percent_cover,"c(-67.40451, 44.57191)",Gulf of Maine/Bay of Fundy,Cold Temperate Northwest Atlantic,Temperate Northern Atlantic,0.92,0.8272318561406742,0.8272318561406742,0.8272318561406742,-0.07257069283483537,-0.17765423832116967,-0.17765423832116967,-0.17765423832116967,2009-06-11,2009,2009,1.2360430950047885,dmr_rasher_steneck 5_4_10,3
dmr_rasher_steneck,5_4_102,1,44.7419,-67.0704,1,2005-06-27,5,5,5,NA,NA,NA,36.5,0,0,0,730,4,36.5,percent_cover,"c(-67.0704, 44.7419)",Gulf of Maine/Bay of Fundy,Cold Temperate Northwest Atlantic,Temperate Northern Atlantic,0.365,0.32819524727320226,0.32819524727320226,0.32819524727320226,-0.9808292530117262,-1.0841318956228998,-1.0841318956228998,-1.0841318956228998,2005-06-27,2005,2005,-2.7639569049952115,dmr_rasher_steneck 5_4_102,3
dmr_rasher_steneck,5_4_102,2,44.7464,-67.0702,1,2006-07-02,5,5,5,NA,NA,NA,17,0,0,0,730,4,17,percent_cover,"c(-67.0702, 44.7464)",Gulf of Maine/Bay of Fundy,Cold Temperate Northwest Atlantic,Temperate Northern Atlantic,0.17,0.15285806037382021,0.15285806037382021,0.15285806037382021,-1.7147984280919266,-1.8148762527904447,-1.8148762527904447,-1.8148762527904447,2006-07-02,2006,2006,-1.7639569049952115,dmr_rasher_steneck 5_4_102,3
dmr_rasher_steneck,5_4_102,3,44.7507,-67.0697,1,2017-06-16,5,5,5,NA,NA,NA,63,0,0,0,730,4,63,percent_cover,"c(-67.0697, 44.7507)",Gulf of Maine/Bay of Fundy,Cold Temperate Northwest Atlantic,Temperate Northern Atlantic,0.63,0.5664739884441573,0.5664739884441573,0.5664739884441573,-0.4462871026284195,-0.5508250600755875,-0.5508250600755875,-0.5508250600755875,2017-06-16,2017,2017,9.236043095004788,dmr_rasher_steneck 5_4_102,3
dmr_rasher_steneck,5_4_106,1,43.6915,-70.0828,1,2006-05-10,5,5,5,NA,NA,NA,51,0,0,0,730,4,51,percent_cover,"c(-70.0828, 43.6915)",Gulf of Maine/Bay of Fundy,Cold Temperate Northwest Atlantic,Temperate Northern Atlantic,0.51,0.4585741811214607,0.4585741811214607,0.4585741811214607,-0.6539264674066639,-0.7580608523319341,-0.7580608523319341,-0.7580608523319341,2006-05-10,2006,2006,-1.7639569049952115,dmr_rasher_steneck 5_4_106,3
dmr_rasher_steneck,5_4_106,2,43.687002,-70.082733,1,2010-05-07,5,5,5,NA,NA,NA,7.5,0,0,0,730,4,7.5,percent_cover,"c(-70.082733, 43.687002)",Gulf of Maine/Bay of Fundy,Cold Temperate Northwest Atlantic,Temperate Northern Atlantic,0.075,0.0674373795766854,0.0674373795766854,0.0674373795766854,-2.4651040224918206,-2.5582856746973213,-2.5582856746973213,-2.5582856746973213,2010-05-07,2010,2010,2.2360430950047885,dmr_rasher_steneck 5_4_106,3
dmr_rasher_steneck,5_4_106,3,43.68669,-70.08436,1,2018-09-05,5,5,5,NA,NA,NA,10.6375,0,0,0,730,4,10.6375,percent_cover,"c(-70.08436, 43.68669)",Gulf of Maine/Bay of Fundy,Cold Temperate Northwest Atlantic,Temperate Northern Atlantic,0.106375,0.09564868336626545,0.09564868336626545,0.09564868336626545,-2.150937543384906,-2.2476359972195388,-2.2476359972195388,-2.2476359972195388,2018-09-05,2018,2018,10.236043095004788,dmr_rasher_steneck 5_4_106,3
dmr_rasher_steneck,5_4_128,1,44.2423,-68.2079,1,2007-06-08,5,5,5,NA,NA,NA,86,0,0,0,730,4,86,percent_cover,"c(-68.2079, 44.2423)",Gulf of Maine/Bay of Fundy,Cold Temperate Northwest Atlantic,Temperate Northern Atlantic,0.86,0.7732819524793259,0.7732819524793259,0.7732819524793259,-0.13926206733350766,-0.24426255524291343,-0.24426255524291343,-0.24426255524291343,2007-06-08,2007,2007,-0.7639569049952115,dmr_rasher_steneck 5_4_128,3
dmr_rasher_steneck,5_4_128,2,44.239,-68.2096,1,2014-05-27,5,5,5,NA,NA,NA,80,0,0,0,730,4,80,percent_cover,"c(-68.2096, 44.239)",Gulf of Maine/Bay of Fundy,Cold Temperate Northwest Atlantic,Temperate Northern Atlantic,0.8,0.7193320488179775,0.7193320488179775,0.7193320488179775,-0.21072103131565253,-0.315626165328421,-0.315626165328421,-0.315626165328421,2014-05-27,2014,2014,6.2360430950047885,dmr_rasher_steneck 5_4_128,3
dmr_rasher_steneck,5_4_128,3,44.2371,-68.2048,1,2016-08-31,5,5,5,NA,NA,NA,83.375,0,0,0,730,4,83.375,percent_cover,"c(-68.2048, 44.2371)",Gulf of Maine/Bay of Fundy,Cold Temperate Northwest Atlantic,Temperate Northern Atlantic,0.83375,0.749678869627486,0.749678869627486,0.749678869627486,-0.16989903679539747,-0.2748594749607598,-0.2748594749607598,-0.2748594749607598,2016-08-31,2016,2016,8.236043095004788,dmr_rasher_steneck 5_4_128,3
dmr_rasher_steneck,5_4_13,1,44.6624,-67.16127,1,2001-07-27,5,5,5,NA,NA,NA,92,0,0,0,730,4,92,percent_cover,"c(-67.16127, 44.6624)",Gulf of Maine/Bay of Fundy,Cold Temperate Northwest Atlantic,Temperate Northern Atlantic,0.92,0.8272318561406742,0.8272318561406742,0.8272318561406742,-0.07257069283483537,-0.17765423832116967,-0.17765423832116967,-0.17765423832116967,2001-07-27,2001,2001,-6.7639569049952115,dmr_rasher_steneck 5_4_13,3
dmr_rasher_steneck,5_4_13,2,44.66214,-67.16768,1,2003-07-01,5,5,5,NA,NA,NA,81.5,0,0,0,730,4,81.5,percent_cover,"c(-67.16768, 44.66214)",Gulf of Maine/Bay of Fundy,Cold Temperate Northwest Atlantic,Temperate Northern Atlantic,0.815,0.7328195247333146,0.7328195247333146,0.7328195247333146,-0.19237189264745613,-0.29730216453224523,-0.29730216453224523,-0.29730216453224523,2003-07-01,2003,2003,-4.7639569049952115,dmr_rasher_steneck 5_4_13,3
dmr_rasher_steneck,5_4_13,3,44.66214,-67.16768,1,2009-06-15,5,5,5,NA,NA,NA,83,0,0,0,730,4,83,percent_cover,"c(-67.16768, 44.66214)",Gulf of Maine/Bay of Fundy,Cold Temperate Northwest Atlantic,Temperate Northern Atlantic,0.83,0.7463070006486517,0.7463070006486517,0.7463070006486517,-0.1743533871447778,-0.2793078997189217,-0.2793078997189217,-0.2793078997189217,2009-06-15,2009,2009,1.2360430950047885,dmr_rasher_steneck 5_4_13,3
dmr_rasher_steneck,5_4_131,1,44.429,-67.8476,1,2007-06-18,5,5,5,NA,NA,NA,42,0,0,0,730,4,42,percent_cover,"c(-67.8476, 44.429)",Gulf of Maine/Bay of Fundy,Cold Temperate Northwest Atlantic,Temperate Northern Atlantic,0.42,0.3776493256294382,0.3776493256294382,0.3776493256294382,-0.843970070294529,-0.9476541479564012,-0.9476541479564012,-0.9476541479564012,2007-06-18,2007,2007,-0.7639569049952115,dmr_rasher_steneck 5_4_131,3
dmr_rasher_steneck,5_4_131,2,44.4215,-67.84725,1,2008-06-11,5,5,5,NA,NA,NA,61,0,0,0,730,4,61,percent_cover,"c(-67.84725, 44.4215)",Gulf of Maine/Bay of Fundy,Cold Temperate Northwest Atlantic,Temperate Northern Atlantic,0.61,0.5484906872237079,0.5484906872237079,0.5484906872237079,-0.4780358009429998,-0.5825173352337348,-0.5825173352337348,-0.5825173352337348,2008-06-11,2008,2008,0.23604309500478848,dmr_rasher_steneck 5_4_131,3
dmr_rasher_steneck,5_4_131,3,44.42447,-67.8477,1,2012-06-11,5,5,5,NA,NA,NA,23,0,0,0,730,4,23,percent_cover,"c(-67.8477, 44.42447)",Gulf of Maine/Bay of Fundy,Cold Temperate Northwest Atlantic,Temperate Northern Atlantic,0.23,0.20680796403516855,0.20680796403516855,0.20680796403516855,-1.4271163556401456,-1.5287432756117807,-1.5287432756117807,-1.5287432756117807,2012-06-11,2012,2012,4.2360430950047885,dmr_rasher_steneck 5_4_131,3
dmr_rasher_steneck,5_4_145,1,44.09559,-68.48462,1,2008-06-02,5,5,5,NA,NA,NA,69.5,0,0,0,730,4,69.5,percent_cover,"c(-68.48462, 44.09559)",Gulf of Maine/Bay of Fundy,Cold Temperate Northwest Atlantic,Temperate Northern Atlantic,0.695,0.624919717410618,0.624919717410618,0.624919717410618,-0.34955747616986843,-0.4542567173569171,-0.4542567173569171,-0.4542567173569171,2008-06-02,2008,2008,0.23604309500478848,dmr_rasher_steneck 5_4_145,3
dmr_rasher_steneck,5_4_145,2,44.1001,-68.4846,1,2014-05-13,5,5,5,NA,NA,NA,48.5,0,0,0,730,4,48.5,percent_cover,"c(-68.4846, 44.1001)",Gulf of Maine/Bay of Fundy,Cold Temperate Northwest Atlantic,Temperate Northern Atlantic,0.485,0.43609505459589887,0.43609505459589887,0.43609505459589887,-0.7031975164134467,-0.8072232227737494,-0.8072232227737494,-0.8072232227737494,2014-05-13,2014,2014,6.2360430950047885,dmr_rasher_steneck 5_4_145,3
dmr_rasher_steneck,5_4_145,3,44.0999,-68.4789,1,2017-05-10,5,5,5,NA,NA,NA,18.5,0,0,0,730,4,18.5,percent_cover,"c(-68.4789, 44.0999)",Gulf of Maine/Bay of Fundy,Cold Temperate Northwest Atlantic,Temperate Northern Atlantic,0.185,0.1663455362891573,0.1663455362891573,0.1663455362891573,-1.6347557204183902,-1.7353099342781628,-1.7353099342781628,-1.7353099342781628,2017-05-10,2017,2017,9.236043095004788,dmr_rasher_steneck 5_4_145,3
dmr_rasher_steneck,5_4_148,1,44.48392,-67.52526,1,2008-06-12,5,5,5,NA,NA,NA,88.5,0,0,0,730,4,88.5,percent_cover,"c(-67.52526, 44.48392)",Gulf of Maine/Bay of Fundy,Cold Temperate Northwest Atlantic,Temperate Northern Atlantic,0.885,0.7957610790048877,0.7957610790048877,0.7957610790048877,-0.11093156070728166,-0.21596800845262068,-0.21596800845262068,-0.21596800845262068,2008-06-12,2008,2008,0.23604309500478848,dmr_rasher_steneck 5_4_148,4
dmr_rasher_steneck,5_4_148,2,44.484,-67.5248,1,2015-06-07,5,5,5,NA,NA,NA,44.5,0,0,0,730,4,44.5,percent_cover,"c(-67.5248, 44.484)",Gulf of Maine/Bay of Fundy,Cold Temperate Northwest Atlantic,Temperate Northern Atlantic,0.445,0.400128452155,0.400128452155,0.400128452155,-0.7874578600311866,-0.8912848704123103,-0.8912848704123103,-0.8912848704123103,2015-06-07,2015,2015,7.2360430950047885,dmr_rasher_steneck 5_4_148,4
dmr_rasher_steneck,5_4_148,3,44.4822,-67.5276,1,2017-08-22,5,5,5,NA,NA,NA,24.25,0,0,0,730,4,24.25,percent_cover,"c(-67.5276, 44.4822)",Gulf of Maine/Bay of Fundy,Cold Temperate Northwest Atlantic,Temperate Northern Atlantic,0.2425,0.21804752729794943,0.21804752729794943,0.21804752729794943,-1.3763440302667225,-1.478201218689835,-1.478201218689835,-1.478201218689835,2017-08-22,2017,2017,9.236043095004788,dmr_rasher_steneck 5_4_148,4
dmr_rasher_steneck,5_4_148,4,44.4822,-67.5276,1,2018-07-08,5,5,5,NA,NA,NA,84.6375,0,0,0,730,4,84.6375,percent_cover,"c(-67.5276, 44.4822)",Gulf of Maine/Bay of Fundy,Cold Temperate Northwest Atlantic,Temperate Northern Atlantic,0.846375,0.7610308285228947,0.7610308285228947,0.7610308285228947,-0.15504691465907391,-0.26002692110418996,-0.26002692110418996,-0.26002692110418996,2018-07-08,2018,2018,10.236043095004788,dmr_rasher_steneck 5_4_148,4
dmr_rasher_steneck,5_4_159,1,44.33128,-68.0515,1,2009-06-04,5,5,5,NA,NA,NA,61.5,0,0,0,730,4,61.5,percent_cover,"c(-68.0515, 44.33128)",Gulf of Maine/Bay of Fundy,Cold Temperate Northwest Atlantic,Temperate Northern Atlantic,0.615,0.5529865125288203,0.5529865125288203,0.5529865125288203,-0.4700036292457356,-0.5744996075613422,-0.5744996075613422,-0.5744996075613422,2009-06-04,2009,2009,1.2360430950047885,dmr_rasher_steneck 5_4_159,4
dmr_rasher_steneck,5_4_159,2,44.3358,-68.0553,1,2013-05-17,5,5,5,NA,NA,NA,81.5,0,0,0,730,4,81.5,percent_cover,"c(-68.0553, 44.3358)",Gulf of Maine/Bay of Fundy,Cold Temperate Northwest Atlantic,Temperate Northern Atlantic,0.815,0.7328195247333146,0.7328195247333146,0.7328195247333146,-0.19237189264745613,-0.29730216453224523,-0.29730216453224523,-0.29730216453224523,2013-05-17,2013,2013,5.2360430950047885,dmr_rasher_steneck 5_4_159,4
dmr_rasher_steneck,5_4_159,3,44.3345,-68.0525,1,2017-08-28,5,5,5,NA,NA,NA,71.7428571428571,0,0,0,730,4,71.7428571428571,percent_cover,"c(-68.0525, 44.3345)",Gulf of Maine/Bay of Fundy,Cold Temperate Northwest Atlantic,Temperate Northern Atlantic,0.7174285714285711,0.645086705207836,0.645086705207836,0.645086705207836,-0.3182394683601537,-0.4229876777444897,-0.4229876777444897,-0.4229876777444897,2017-08-28,2017,2017,9.236043095004788,dmr_rasher_steneck 5_4_159,4
dmr_rasher_steneck,5_4_159,4,44.3345,-68.0525,1,2018-07-10,5,5,5,NA,NA,NA,85.625,0,0,0,730,4,85.625,percent_cover,"c(-68.0525, 44.3345)",Gulf of Maine/Bay of Fundy,Cold Temperate Northwest Atlantic,Temperate Northern Atlantic,0.85625,0.7699100835004916,0.7699100835004916,0.7699100835004916,-0.1435817284780241,-0.24857664350694092,-0.24857664350694092,-0.24857664350694092,2018-07-10,2018,2018,10.236043095004788,dmr_rasher_steneck 5_4_159,4
dmr_rasher_steneck,5_4_163,1,44.55978,-67.48568,1,2009-06-11,5,5,5,NA,NA,NA,86,0,0,0,730,4,86,percent_cover,"c(-67.48568, 44.55978)",Gulf of Maine/Bay of Fundy,Cold Temperate Northwest Atlantic,Temperate Northern Atlantic,0.86,0.7732819524793259,0.7732819524793259,0.7732819524793259,-0.13926206733350766,-0.24426255524291343,-0.24426255524291343,-0.24426255524291343,2009-06-11,2009,2009,1.2360430950047885,dmr_rasher_steneck 5_4_163,3
dmr_rasher_steneck,5_4_163,2,44.55968,-67.4794,1,2013-05-31,5,5,5,NA,NA,NA,68,0,0,0,730,4,68,percent_cover,"c(-67.4794, 44.55968)",Gulf of Maine/Bay of Fundy,Cold Temperate Northwest Atlantic,Temperate Northern Atlantic,0.68,0.6114322414952809,0.6114322414952809,0.6114322414952809,-0.3710636813908319,-0.47572839811768514,-0.47572839811768514,-0.47572839811768514,2013-05-31,2013,2013,5.2360430950047885,dmr_rasher_steneck 5_4_163,3
dmr_rasher_steneck,5_4_163,3,44.5596,-67.4792,1,2017-06-15,5,5,5,NA,NA,NA,89.5,0,0,0,730,4,89.5,percent_cover,"c(-67.4792, 44.5596)",Gulf of Maine/Bay of Fundy,Cold Temperate Northwest Atlantic,Temperate Northern Atlantic,0.895,0.80475272961511235,0.80475272961511235,0.80475272961511235,-0.0998203352822109,-0.2048706110213978,-0.2048706110213978,-0.2048706110213978,2017-06-15,2017,2017,9.236043095004788,dmr_rasher_steneck 5_4_163,3
dmr_rasher_steneck,5_4_166,1,43.771149,-69.586964,1,2010-05-06,5,5,5,NA,NA,NA,19.5,0,0,0,730,4,19.5,percent_cover,"c(-69.586964, 43.771149)",Gulf of Maine/Bay of Fundy,Cold Temperate Northwest Atlantic,Temperate Northern Atlantic,0.195,0.17533718689938202,0.17533718689938202,0.17533718689938202,-1.5847452998437288,-1.685578480993263,-1.685578480993263,-1.685578480993263,2010-05-06,2010,2010,2.2360430950047885,dmr_rasher_steneck 5_4_166,3
dmr_rasher_steneck,5_4_166,2,43.77567,-69.5803,1,2012-05-03,5,5,5,NA,NA,NA,0,0,0,0,730,4,0,percent_cover,"c(-69.5803, 43.77567)",Gulf of Maine/Bay of Fundy,Cold Temperate Northwest Atlantic,Temperate Northern Atlantic,0,0,0,0,-4.605170185988091,-4.605170185988091,-4.605170185988091,-4.605170185988091,2012-05-03,2012,2012,4.2360430950047885,dmr_rasher_steneck 5_4_166,3
dmr_rasher_steneck,5_4_166,3,43.77564,-69.5885,1,2013-05-02,5,5,5,NA,NA,NA,12.5,0,0,0,730,4,12.5,percent_cover,"c(-69.5885, 43.77564)",Gulf of Maine/Bay of Fundy,Cold Temperate Northwest Atlantic,Temperate Northern Atlantic,0.125,0.112395632627809,0.112395632627809,0.112395632627809,-2.0024805005437076,-2.10049659068585,-2.10049659068585,-2.10049659068585,2013-05-02,2013,2013,5.2360430950047885,dmr_rasher_steneck 5_4_166,3
dmr_rasher_steneck,5_4_24,1,44.237915,-68.245216,1,2002-06-11,5,5,5,NA,NA,NA,100,0,0,0,730,4,100,percent_cover,"c(-68.245216, 44.237915)",Gulf of Maine/Bay of Fundy,Cold Temperate Northwest Atlantic,Temperate Northern Atlantic,1,0.899165061022472,0.899165061022472,0.899165061022472,0.009950330853168092,-0.09522861600602273,-0.09522861600602273,-0.09522861600602273,2002-06-11,2002,2002,-5.7639569049952115,dmr_rasher_steneck 5_4_24,3
dmr_rasher_steneck,5_4_24,2,44.2376,-68.2452,1,2016-08-31,5,5,5,NA,NA,NA,53.7857142857143,0,0,0,730,4,53.7857142857143,percent_cover,"c(-68.2452, 44.2376)",Gulf of Maine/Bay of Fundy,Cold Temperate Northwest Atlantic,Temperate Northern Atlantic,0.537857142857143,0.4836223506785154,0.4836223506785154,0.4836223506785154,-0.6017407142360934,-0.7059845264628782,-0.7059845264628782,-0.7059845264628782,2016-08-31,2016,2016,8.236043095004788,dmr_rasher_steneck 5_4_24,3
dmr_rasher_steneck,5_4_24,3,44.2379,-68.2391,1,2017-05-11,5,5,5,NA,NA,NA,47.5,0,0,0,730,4,47.5,percent_cover,"c(-68.2391, 44.2379)",Gulf of Maine/Bay of Fundy,Cold Temperate Northwest Atlantic,Temperate Northern Atlantic,0.475,0.42710340398567415,0.42710340398567415,0.42710340398567415,-0.7236063880446539,-0.8275854894843628,-0.8275854894843628,-0.8275854894843628,2017-05-11,2017,2017,9.236043095004788,dmr_rasher_steneck 5_4_24,3
dmr_rasher_steneck,5_4_25,1,44.349586,-68.093441,1,2002-06-18,5,5,5,NA,NA,NA,95,0,0,0,730,4,95,percent_cover,"c(-68.093441, 44.349586)",Gulf of Maine/Bay of Fundy,Cold Temperate Northwest Atlantic,Temperate Northern Atlantic,0.95,0.8542068079713483,0.8542068079713483,0.8542068079713483,-0.040821994520255166,-0.14594317774242435,-0.14594317774242435,-0.14594317774242435,2002-06-18,2002,2002,-5.7639569049952115,dmr_rasher_steneck 5_4_25,3
dmr_rasher_steneck,5_4_25,2,44.35412,-68.0996,1,2012-05-13,5,5,5,NA,NA,NA,60,0,0,0,730,4,60,percent_cover,"c(-68.0996, 44.35412)",Gulf of Maine/Bay of Fundy,Cold Temperate Northwest Atlantic,Temperate Northern Atlantic,0.6,0.5394990366134832,0.5394990366134832,0.5394990366134832,-0.4942963218147801,-0.5987482583456699,-0.5987482583456699,-0.5987482583456699,2012-05-13,2012,2012,4.2360430950047885,dmr_rasher_steneck 5_4_25,3
dmr_rasher_steneck,5_4_25,3,44.3541,-68.0934,1,2014-06-06,5,5,5,NA,NA,NA,89.5,0,0,0,730,4,89.5,percent_cover,"c(-68.0934, 44.3541)",Gulf of Maine/Bay of Fundy,Cold Temperate Northwest Atlantic,Temperate Northern Atlantic,0.895,0.80475272961511235,0.80475272961511235,0.80475272961511235,-0.0998203352822109,-0.2048706110213978,-0.2048706110213978,-0.2048706110213978,2014-06-06,2014,2014,6.2360430950047885,dmr_rasher_steneck 5_4_25,3
dmr_rasher_steneck,5_4_27,1,44.398499,-67.942669,1,2002-06-17,5,5,5,NA,NA,NA,98.5,0,0,0,730,4,98.5,percent_cover,"c(-67.942669, 44.398499)",Gulf of Maine/Bay of Fundy,Cold Temperate Northwest Atlantic,Temperate Northern Atlantic,0.985,0.8856775851071349,0.8856775851071349,0.8856775851071349,-0.005012541823544286,-0.11017476881452558,-0.11017476881452558,-0.11017476881452558,2002-06-17,2002,2002,-5.7639569049952115,dmr_rasher_steneck 5_4_27,4
dmr_rasher_steneck,5_4_27,2,44.39865,-67.94713,1,2003-06-16,5,5,5,NA,NA,NA,69,0,0,0,730,4,69,percent_cover,"c(-67.94713, 44.39865)",Gulf of Maine/Bay of Fundy,Cold Temperate Northwest Atlantic,Temperate Northern Atlantic,0.69,0.6204238921055056,0.6204238921055056,0.6204238921055056,-0.35667494393873245,-0.46136284124309535,-0.46136284124309535,-0.46136284124309535,2003-06-16,2003,2003,-4.7639569049952115,dmr_rasher_steneck 5_4_27,4
dmr_rasher_steneck,5_4_27,3,44.39761,-67.95086,1,2011-06-03,5,5,5,NA,NA,NA,82.5,0,0,0,730,4,82.5,percent_cover,"c(-67.95086, 44.39761)",Gulf of Maine/Bay of Fundy,Cold Temperate Northwest Atlantic,Temperate Northern Atlantic,0.825,0.7418111753435394,0.7418111753435394,0.7418111753435394,-0.18032355413128162,-0.28527008317996494,-0.28527008317996494,-0.28527008317996494,2011-06-03,2011,2011,3.2360430950047885,dmr_rasher_steneck 5_4_27,4
dmr_rasher_steneck,5_4_27,4,44.3973,-67.9509,1,2015-05-17,5,5,5,NA,NA,NA,66,0,0,0,730,4,66,percent_cover,"c(-67.9509, 44.3973)",Gulf of Maine/Bay of Fundy,Cold Temperate Northwest Atlantic,Temperate Northern Atlantic,0.66,0.5934489402748315,0.5934489402748315,0.5934489402748315,-0.40047756659712525,-0.5050938480307481,-0.5050938480307481,-0.5050938480307481,2015-05-17,2015,2015,7.2360430950047885,dmr_rasher_steneck 5_4_27,4
dmr_rasher_steneck,5_4_29,1,44.60202,-67.320541,1,2002-07-01,5,5,5,NA,NA,NA,96,0,0,0,730,4,96,percent_cover,"c(-67.320541, 44.60202)",Gulf of Maine/Bay of Fundy,Cold Temperate Northwest Atlantic,Temperate Northern Atlantic,0.96,0.8631984585815731,0.8631984585815731,0.8631984585815731,-0.030459207484708574,-0.13559241956034207,-0.13559241956034207,-0.13559241956034207,2002-07-01,2002,2002,-5.7639569049952115,dmr_rasher_steneck 5_4_29,3
dmr_rasher_steneck,5_4_29,2,44.59754,-67.32067,1,2009-06-11,5,5,5,NA,NA,NA,82.5,0,0,0,730,4,82.5,percent_cover,"c(-67.32067, 44.59754)",Gulf of Maine/Bay of Fundy,Cold Temperate Northwest Atlantic,Temperate Northern Atlantic,0.825,0.7418111753435394,0.7418111753435394,0.7418111753435394,-0.18032355413128162,-0.28527008317996494,-0.28527008317996494,-0.28527008317996494,2009-06-11,2009,2009,1.2360430950047885,dmr_rasher_steneck 5_4_29,3
dmr_rasher_steneck,5_4_29,3,44.5975,-67.3207,1,2015-06-13,5,5,5,NA,NA,NA,87.5,0,0,0,730,4,87.5,percent_cover,"c(-67.3207, 44.5975)",Gulf of Maine/Bay of Fundy,Cold Temperate Northwest Atlantic,Temperate Northern Atlantic,0.875,0.7867694283946629,0.7867694283946629,0.7867694283946629,-0.12216763397420753,-0.227189941426404,-0.227189941426404,-0.227189941426404,2015-06-13,2015,2015,7.2360430950047885,dmr_rasher_steneck 5_4_29,3
dmr_rasher_steneck,5_4_30,1,44.605604,-67.26631,1,2002-07-01,5,5,5,NA,NA,NA,82,0,0,0,730,4,82,percent_cover,"c(-67.26631, 44.605604)",Gulf of Maine/Bay of Fundy,Cold Temperate Northwest Atlantic,Temperate Northern Atlantic,0.82,0.737315350038427,0.737315350038427,0.737315350038427,-0.18632957819149348,-0.2912680275925551,-0.2912680275925551,-0.2912680275925551,2002-07-01,2002,2002,-5.7639569049952115,dmr_rasher_steneck 5_4_30,3
dmr_rasher_steneck,5_4_30,2,44.6086,-67.2589,1,2007-06-27,5,5,5,NA,NA,NA,96,0,0,0,730,4,96,percent_cover,"c(-67.2589, 44.6086)",Gulf of Maine/Bay of Fundy,Cold Temperate Northwest Atlantic,Temperate Northern Atlantic,0.96,0.8631984585815731,0.8631984585815731,0.8631984585815731,-0.030459207484708574,-0.13559241956034207,-0.13559241956034207,-0.13559241956034207,2007-06-27,2007,2007,-0.7639569049952115,dmr_rasher_steneck 5_4_30,3
dmr_rasher_steneck,5_4_30,3,44.6057,-67.2641,1,2015-06-13,5,5,5,NA,NA,NA,87,0,0,0,730,4,87,percent_cover,"c(-67.2641, 44.6057)",Gulf of Maine/Bay of Fundy,Cold Temperate Northwest Atlantic,Temperate Northern Atlantic,0.87,0.7822736030895506,0.7822736030895506,0.7822736030895506,-0.12783337150988489,-0.23284848837833902,-0.23284848837833902,-0.23284848837833902,2015-06-13,2015,2015,7.2360430950047885,dmr_rasher_steneck 5_4_30,3
dmr_rasher_steneck,5_4_33,1,44.706638,-67.115479,1,2002-07-02,5,5,5,NA,NA,NA,62,0,0,0,730,4,62,percent_cover,"c(-67.115479, 44.706638)",Gulf of Maine/Bay of Fundy,Cold Temperate Northwest Atlantic,Temperate Northern Atlantic,0.62,0.5574823378339326,0.5574823378339326,0.5574823378339326,-0.4620354595965587,-0.5665456528704925,-0.5665456528704925,-0.5665456528704925,2002-07-02,2002,2002,-5.7639569049952115,dmr_rasher_steneck 5_4_33,5
dmr_rasher_steneck,5_4_33,2,44.7021,-67.1156,1,2006-07-02,5,5,5,NA,NA,NA,64.5,0,0,0,730,4,64.5,percent_cover,"c(-67.1156, 44.7021)",Gulf of Maine/Bay of Fundy,Cold Temperate Northwest Atlantic,Temperate Northern Atlantic,0.645,0.5799614643594944,0.5799614643594944,0.5799614643594944,-0.4231200433468851,-0.527698058860391,-0.527698058860391,-0.527698058860391,2006-07-02,2006,2006,-1.7639569049952115,dmr_rasher_steneck 5_4_33,5
dmr_rasher_steneck,5_4_33,3,44.7022,-67.1192,1,2014-06-19,5,5,5,NA,NA,NA,38.5,0,0,0,730,4,38.5,percent_cover,"c(-67.1192, 44.7022)",Gulf of Maine/Bay of Fundy,Cold Temperate Northwest Atlantic,Temperate Northern Atlantic,0.385,0.3461785484936517,0.3461785484936517,0.3461785484936517,-0.9288695140810151,-1.0323231331471077,-1.0323231331471077,-1.0323231331471077,2014-06-19,2014,2014,6.2360430950047885,dmr_rasher_steneck 5_4_33,5
dmr_rasher_steneck,5_4_33,4,44.7107,-67.1152,1,2017-06-16,5,5,5,NA,NA,NA,1,0,0,0,730,4,1,percent_cover,"c(-67.1152, 44.7107)",Gulf of Maine/Bay of Fundy,Cold Temperate Northwest Atlantic,Temperate Northern Atlantic,0.01,0.00899165061022472,0.00899165061022472,0.00899165061022472,-3.912023005428146,-3.963755837965558,-3.963755837965558,-3.963755837965558,2017-06-16,2017,2017,9.236043095004788,dmr_rasher_steneck 5_4_33,5
dmr_rasher_steneck,5_4_33,5,44.7066,-67.1154,1,2018-05-19,5,5,5,NA,NA,NA,40.5,0,0,0,730,4,40.5,percent_cover,"c(-67.1154, 44.7066)",Gulf of Maine/Bay of Fundy,Cold Temperate Northwest Atlantic,Temperate Northern Atlantic,0.405,0.36416184971410115,0.36416184971410115,0.36416184971410115,-0.8794767587514387,-0.9830668219320255,-0.9830668219320255,-0.9830668219320255,2018-05-19,2018,2018,10.236043095004788,dmr_rasher_steneck 5_4_33,5
dmr_rasher_steneck,5_4_35,1,43.00497,-70.597,1,2003-05-14,5,5,5,NA,NA,NA,51.7,0,0,0,730,4,51.7,percent_cover,"c(-70.597, 43.00497)",Gulf of Maine/Bay of Fundy,Cold Temperate Northwest Atlantic,Temperate Northern Atlantic,0.517,0.46486833654861803,0.46486833654861803,0.46486833654861803,-0.6405547304407747,-0.7447176995841305,-0.7447176995841305,-0.7447176995841305,2003-05-14,2003,2003,-4.7639569049952115,dmr_rasher_steneck 5_4_35,3
dmr_rasher_steneck,5_4_35,2,43.00588,-70.60603,1,2008-05-05,5,5,5,NA,NA,NA,0,0,0,0,730,4,0,percent_cover,"c(-70.60603, 43.00588)",Gulf of Maine/Bay of Fundy,Cold Temperate Northwest Atlantic,Temperate Northern Atlantic,0,0,0,0,-4.605170185988091,-4.605170185988091,-4.605170185988091,-4.605170185988091,2008-05-05,2008,2008,0.23604309500478848,dmr_rasher_steneck 5_4_35,3
dmr_rasher_steneck,5_4_35,3,43.001839,-70.604214,1,2010-05-05,5,5,5,NA,NA,NA,1,0,0,0,730,4,1,percent_cover,"c(-70.604214, 43.001839)",Gulf of Maine/Bay of Fundy,Cold Temperate Northwest Atlantic,Temperate Northern Atlantic,0.01,0.00899165061022472,0.00899165061022472,0.00899165061022472,-3.912023005428146,-3.963755837965558,-3.963755837965558,-3.963755837965558,2010-05-05,2010,2010,2.2360430950047885,dmr_rasher_steneck 5_4_35,3
dmr_rasher_steneck,5_4_37,1,43.79362,-69.59834,1,2003-05-21,5,5,5,NA,NA,NA,27.5,0,0,0,730,4,27.5,percent_cover,"c(-69.59834, 43.79362)",Gulf of Maine/Bay of Fundy,Cold Temperate Northwest Atlantic,Temperate Northern Atlantic,0.275,0.2472703917811798,0.2472703917811798,0.2472703917811798,-1.2552660987134865,-1.3576276390667685,-1.3576276390667685,-1.3576276390667685,2003-05-21,2003,2003,-4.7639569049952115,dmr_rasher_steneck 5_4_37,3
dmr_rasher_steneck,5_4_37,2,43.7891,-69.5997,1,2005-05-18,5,5,5,NA,NA,NA,23.5,0,0,0,730,4,23.5,percent_cover,"c(-69.5997, 43.7891)",Gulf of Maine/Bay of Fundy,Cold Temperate Northwest Atlantic,Temperate Northern Atlantic,0.235,0.2113037893402809,0.2113037893402809,0.2113037893402809,-1.40649706843741,-1.5082189089796352,-1.5082189089796352,-1.5082189089796352,2005-05-18,2005,2005,-2.7639569049952115,dmr_rasher_steneck 5_4_37,3
dmr_rasher_steneck,5_4_37,3,43.79359,-69.6031,1,2013-05-02,5,5,5,NA,NA,NA,12,0,0,0,730,4,12,percent_cover,"c(-69.6031, 43.79359)",Gulf of Maine/Bay of Fundy,Cold Temperate Northwest Atlantic,Temperate Northern Atlantic,0.12,0.10789980732269663,0.10789980732269663,0.10789980732269663,-2.0402208285265546,-2.1379201056836026,-2.1379201056836026,-2.1379201056836026,2013-05-02,2013,2013,5.2360430950047885,dmr_rasher_steneck 5_4_37,3
dmr_rasher_steneck,5_4_40,1,43.88965,-69.12922,1,2003-05-28,5,5,5,NA,NA,NA,15,0,0,0,730,4,15,percent_cover,"c(-69.12922, 43.88965)",Gulf of Maine/Bay of Fundy,Cold Temperate Northwest Atlantic,Temperate Northern Atlantic,0.15,0.1348747591533708,0.1348747591533708,0.1348747591533708,-1.8325814637483102,-1.9318856397679807,-1.9318856397679807,-1.9318856397679807,2003-05-28,2003,2003,-4.7639569049952115,dmr_rasher_steneck 5_4_40,4
dmr_rasher_steneck,5_4_40,2,43.8897,-69.1201,1,2004-05-26,5,5,5,NA,NA,NA,80.5,0,0,0,730,4,80.5,percent_cover,"c(-69.1201, 43.8897)",Gulf of Maine/Bay of Fundy,Cold Temperate Northwest Atlantic,Temperate Northern Atlantic,0.805,0.7238278741230899,0.7238278741230899,0.7238278741230899,-0.20456716574127426,-0.309480781787461,-0.309480781787461,-0.309480781787461,2004-05-26,2004,2004,-3.7639569049952115,dmr_rasher_steneck 5_4_40,4
dmr_rasher_steneck,5_4_40,3,43.8942,-69.1282,1,2014-05-12,5,5,5,NA,NA,NA,30.5,0,0,0,730,4,30.5,percent_cover,"c(-69.1282, 43.8942)",Gulf of Maine/Bay of Fundy,Cold Temperate Northwest Atlantic,Temperate Northern Atlantic,0.305,0.27424534361185393,0.27424534361185393,0.27424534361185393,-1.155182640156504,-1.2579175277984058,-1.2579175277984058,-1.2579175277984058,2014-05-12,2014,2014,6.2360430950047885,dmr_rasher_steneck 5_4_40,4
dmr_rasher_steneck,5_4_40,4,43.8939,-69.12,1,2018-05-11,5,5,5,NA,NA,NA,38.5,0,0,0,730,4,38.5,percent_cover,"c(-69.12, 43.8939)",Gulf of Maine/Bay of Fundy,Cold Temperate Northwest Atlantic,Temperate Northern Atlantic,0.385,0.3461785484936517,0.3461785484936517,0.3461785484936517,-0.9288695140810151,-1.0323231331471077,-1.0323231331471077,-1.0323231331471077,2018-05-11,2018,2018,10.236043095004788,dmr_rasher_steneck 5_4_40,4
dmr_rasher_steneck,5_4_42,1,44.06534,-68.67213,1,2003-06-03,5,5,5,NA,NA,NA,89,0,0,0,730,4,89,percent_cover,"c(-68.67213, 44.06534)",Gulf of Maine/Bay of Fundy,Cold Temperate Northwest Atlantic,Temperate Northern Atlantic,0.89,0.80025690431,0.80025690431,0.80025690431,-0.10536051565782628,-0.21040391578728238,-0.21040391578728238,-0.21040391578728238,2003-06-03,2003,2003,-4.7639569049952115,dmr_rasher_steneck 5_4_42,3
dmr_rasher_steneck,5_4_42,2,44.0731,-68.6709,1,2017-08-03,5,5,5,NA,NA,NA,81.75,0,0,0,730,4,81.75,percent_cover,"c(-68.6709, 44.0731)",Gulf of Maine/Bay of Fundy,Cold Temperate Northwest Atlantic,Temperate Northern Atlantic,0.8175,0.7350674373858708,0.7350674373858708,0.7350674373858708,-0.18934617173091908,-0.2942805447182292,-0.2942805447182292,-0.2942805447182292,2017-08-03,2017,2017,9.236043095004788,dmr_rasher_steneck 5_4_42,3
dmr_rasher_steneck,5_4_42,3,44.0731,-68.6709,1,2018-06-25,5,5,5,NA,NA,NA,72.5,0,0,0,730,4,72.5,percent_cover,"c(-68.6709, 44.0731)",Gulf of Maine/Bay of Fundy,Cold Temperate Northwest Atlantic,Temperate Northern Atlantic,0.725,0.6518946692412921,0.6518946692412921,0.6518946692412921,-0.3078847797693004,-0.41264884561186665,-0.41264884561186665,-0.41264884561186665,2018-06-25,2018,2018,10.236043095004788,dmr_rasher_steneck 5_4_42,3
dmr_rasher_steneck,5_4_46,1,44.17505,-68.24911,1,2003-06-10,5,5,5,NA,NA,NA,92,0,0,0,730,4,92,percent_cover,"c(-68.24911, 44.17505)",Gulf of Maine/Bay of Fundy,Cold Temperate Northwest Atlantic,Temperate Northern Atlantic,0.92,0.8272318561406742,0.8272318561406742,0.8272318561406742,-0.07257069283483537,-0.17765423832116967,-0.17765423832116967,-0.17765423832116967,2003-06-10,2003,2003,-4.7639569049952115,dmr_rasher_steneck 5_4_46,4
dmr_rasher_steneck,5_4_46,2,44.17499,-68.23991,1,2008-06-03,5,5,5,NA,NA,NA,65.5,0,0,0,730,4,65.5,percent_cover,"c(-68.23991, 44.17499)",Gulf of Maine/Bay of Fundy,Cold Temperate Northwest Atlantic,Temperate Northern Atlantic,0.655,0.5889531149697191,0.5889531149697191,0.5889531149697191,-0.4079682383262829,-0.5125719561008666,-0.5125719561008666,-0.5125719561008666,2008-06-03,2008,2008,0.23604309500478848,dmr_rasher_steneck 5_4_46,4
dmr_rasher_steneck,5_4_46,3,44.1707,-68.2458,1,2015-05-16,5,5,5,NA,NA,NA,60,0,0,0,730,4,60,percent_cover,"c(-68.2458, 44.1707)",Gulf of Maine/Bay of Fundy,Cold Temperate Northwest Atlantic,Temperate Northern Atlantic,0.6,0.5394990366134832,0.5394990366134832,0.5394990366134832,-0.4942963218147801,-0.5987482583456699,-0.5987482583456699,-0.5987482583456699,2015-05-16,2015,2015,7.2360430950047885,dmr_rasher_steneck 5_4_46,4
dmr_rasher_steneck,5_4_46,4,44.171,-68.2494,1,2018-08-06,5,5,5,NA,NA,NA,93.125,0,0,0,730,4,93.125,percent_cover,"c(-68.2494, 44.171)",Gulf of Maine/Bay of Fundy,Cold Temperate Northwest Atlantic,Temperate Northern Atlantic,0.93125,0.837347463077177,0.837347463077177,0.837347463077177,-0.06054649986803368,-0.16564444049640079,-0.16564444049640079,-0.16564444049640079,2018-08-06,2018,2018,10.236043095004788,dmr_rasher_steneck 5_4_46,4
dmr_rasher_steneck,5_4_5,1,43.52791,-70.30401,1,2001-06-14,5,5,5,NA,NA,NA,63.5,0,0,0,730,4,63.5,percent_cover,"c(-70.30401, 43.52791)",Gulf of Maine/Bay of Fundy,Cold Temperate Northwest Atlantic,Temperate Northern Atlantic,0.635,0.5709698137492697,0.5709698137492697,0.5709698137492697,-0.43850496218636453,-0.5430564791610882,-0.5430564791610882,-0.5430564791610882,2001-06-14,2001,2001,-6.7639569049952115,dmr_rasher_steneck 5_4_5,3
dmr_rasher_steneck,5_4_5,2,43.53576,-70.30323,1,2009-05-04,5,5,5,NA,NA,NA,6,0,0,0,730,4,6,percent_cover,"c(-70.30323, 43.53576)",Gulf of Maine/Bay of Fundy,Cold Temperate Northwest Atlantic,Temperate Northern Atlantic,0.06,0.05394990366134832,0.05394990366134832,0.05394990366134832,-2.6592600369327783,-2.749655257426781,-2.749655257426781,-2.749655257426781,2009-05-04,2009,2009,1.2360430950047885,dmr_rasher_steneck 5_4_5,3
dmr_rasher_steneck,5_4_5,3,43.5358,-70.3032,1,2014-05-05,5,5,5,NA,NA,NA,3.5,0,0,0,730,4,3.5,percent_cover,"c(-70.3032, 43.5358)",Gulf of Maine/Bay of Fundy,Cold Temperate Northwest Atlantic,Temperate Northern Atlantic,0.035,0.03147077713578652,0.03147077713578652,0.03147077713578652,-3.101092789211817,-3.182766265189124,-3.182766265189124,-3.182766265189124,2014-05-05,2014,2014,6.2360430950047885,dmr_rasher_steneck 5_4_5,3
dmr_rasher_steneck,5_4_50,1,44.37062,-67.87349,1,2003-06-23,5,5,5,NA,NA,NA,86,0,0,0,730,4,86,percent_cover,"c(-67.87349, 44.37062)",Gulf of Maine/Bay of Fundy,Cold Temperate Northwest Atlantic,Temperate Northern Atlantic,0.86,0.7732819524793259,0.7732819524793259,0.7732819524793259,-0.13926206733350766,-0.24426255524291343,-0.24426255524291343,-0.24426255524291343,2003-06-23,2003,2003,-4.7639569049952115,dmr_rasher_steneck 5_4_50,3
dmr_rasher_steneck,5_4_50,2,44.37516,-67.8796,1,2012-06-11,5,5,5,NA,NA,NA,60.5,0,0,0,730,4,60.5,percent_cover,"c(-67.8796, 44.37516)",Gulf of Maine/Bay of Fundy,Cold Temperate Northwest Atlantic,Temperate Northern Atlantic,0.605,0.5439948619185955,0.5439948619185955,0.5439948619185955,-0.4861330111756192,-0.5905998667930324,-0.5905998667930324,-0.5905998667930324,2012-06-11,2012,2012,4.2360430950047885,dmr_rasher_steneck 5_4_50,3
dmr_rasher_steneck,5_4_50,3,44.3796,-67.8733,1,2017-06-13,5,5,5,NA,NA,NA,31.5,0,0,0,730,4,31.5,percent_cover,"c(-67.8733, 44.3796)",Gulf of Maine/Bay of Fundy,Cold Temperate Northwest Atlantic,Temperate Northern Atlantic,0.315,0.28323699422207865,0.28323699422207865,0.28323699422207865,-1.1239300966523995,-1.226774142910909,-1.226774142910909,-1.226774142910909,2017-06-13,2017,2017,9.236043095004788,dmr_rasher_steneck 5_4_50,3
dmr_rasher_steneck,5_4_51,1,44.4423,-67.82168,1,2003-06-23,5,5,5,NA,NA,NA,89.5,0,0,0,730,4,89.5,percent_cover,"c(-67.82168, 44.4423)",Gulf of Maine/Bay of Fundy,Cold Temperate Northwest Atlantic,Temperate Northern Atlantic,0.895,0.80475272961511235,0.80475272961511235,0.80475272961511235,-0.0998203352822109,-0.2048706110213978,-0.2048706110213978,-0.2048706110213978,2003-06-23,2003,2003,-4.7639569049952115,dmr_rasher_steneck 5_4_51,4
dmr_rasher_steneck,5_4_51,2,44.4423,-67.8258,1,2006-06-29,5,5,5,NA,NA,NA,68.5,0,0,0,730,4,68.5,percent_cover,"c(-67.8258, 44.4423)",Gulf of Maine/Bay of Fundy,Cold Temperate Northwest Atlantic,Temperate Northern Atlantic,0.685,0.6159280668003932,0.6159280668003932,0.6159280668003932,-0.3638434334173448,-0.4685198237491614,-0.4685198237491614,-0.4685198237491614,2006-06-29,2006,2006,-1.7639569049952115,dmr_rasher_steneck 5_4_51,4
dmr_rasher_steneck,5_4_51,3,44.446,-67.8216,1,2007-06-18,5,5,5,NA,NA,NA,59,0,0,0,730,4,59,percent_cover,"c(-67.8216, 44.446)",Gulf of Maine/Bay of Fundy,Cold Temperate Northwest Atlantic,Temperate Northern Atlantic,0.59,0.5305073860032584,0.5305073860032584,0.5305073860032584,-0.5108256237659907,-0.6152469768653283,-0.6152469768653283,-0.6152469768653283,2007-06-18,2007,2007,-0.7639569049952115,dmr_rasher_steneck 5_4_51,4
dmr_rasher_steneck,5_4_51,4,44.4421,-67.8209,1,2016-06-04,5,5,5,NA,NA,NA,88,0,0,0,730,4,88,percent_cover,"c(-67.8209, 44.4421)",Gulf of Maine/Bay of Fundy,Cold Temperate Northwest Atlantic,Temperate Northern Atlantic,0.88,0.7912652536997753,0.7912652536997753,0.7912652536997753,-0.11653381625595151,-0.22156323354965113,-0.22156323354965113,-0.22156323354965113,2016-06-04,2016,2016,8.236043095004788,dmr_rasher_steneck 5_4_51,4
dmr_rasher_steneck,5_4_7,1,44.389065,-67.96422,1,2001-07-10,5,5,5,NA,NA,NA,81,0,0,0,730,4,81,percent_cover,"c(-67.96422, 44.389065)",Gulf of Maine/Bay of Fundy,Cold Temperate Northwest Atlantic,Temperate Northern Atlantic,0.81,0.7283236994282023,0.7283236994282023,0.7283236994282023,-0.19845093872383818,-0.303372933434646,-0.303372933434646,-0.303372933434646,2001-07-10,2001,2001,-6.7639569049952115,dmr_rasher_steneck 5_4_7,3
dmr_rasher_steneck,5_4_7,2,44.3892,-67.961,1,2006-06-17,5,5,5,NA,NA,NA,80.5,0,0,0,730,4,80.5,percent_cover,"c(-67.961, 44.3892)",Gulf of Maine/Bay of Fundy,Cold Temperate Northwest Atlantic,Temperate Northern Atlantic,0.805,0.7238278741230899,0.7238278741230899,0.7238278741230899,-0.20456716574127426,-0.309480781787461,-0.309480781787461,-0.309480781787461,2006-06-17,2006,2006,-1.7639569049952115,dmr_rasher_steneck 5_4_7,3
dmr_rasher_steneck,5_4_7,3,44.3891,-67.9674,1,2015-05-17,5,5,5,NA,NA,NA,25,0,0,0,730,4,25,percent_cover,"c(-67.9674, 44.3891)",Gulf of Maine/Bay of Fundy,Cold Temperate Northwest Atlantic,Temperate Northern Atlantic,0.25,0.224791265255618,0.224791265255618,0.224791265255618,-1.3470736479666092,-1.4490583925054346,-1.4490583925054346,-1.4490583925054346,2015-05-17,2015,2015,7.2360430950047885,dmr_rasher_steneck 5_4_7,3
dmr_rasher_steneck,5_4_71,1,44.3896,-68.0124,1,2004-06-15,5,5,5,NA,NA,NA,99,0,0,0,730,4,99,percent_cover,"c(-68.0124, 44.3896)",Gulf of Maine/Bay of Fundy,Cold Temperate Northwest Atlantic,Temperate Northern Atlantic,0.99,0.8901734104122472,0.8901734104122472,0.8901734104122472,0,-0.10516785598206334,-0.10516785598206334,-0.10516785598206334,2004-06-15,2004,2004,-3.7639569049952115,dmr_rasher_steneck 5_4_71,3
dmr_rasher_steneck,5_4_71,2,44.3851,-68.0129,1,2007-06-10,5,5,5,NA,NA,NA,90.5,0,0,0,730,4,90.5,percent_cover,"c(-68.0129, 44.3851)",Gulf of Maine/Bay of Fundy,Cold Temperate Northwest Atlantic,Temperate Northern Atlantic,0.905,0.8137443802253371,0.8137443802253371,0.8137443802253371,-0.0888312137066157,-0.193895015373411,-0.193895015373411,-0.193895015373411,2007-06-10,2007,2007,-0.7639569049952115,dmr_rasher_steneck 5_4_71,3
dmr_rasher_steneck,5_4_71,3,44.3939,-68.0125,1,2018-05-14,5,5,5,NA,NA,NA,61.5,0,0,0,730,4,61.5,percent_cover,"c(-68.0125, 44.3939)",Gulf of Maine/Bay of Fundy,Cold Temperate Northwest Atlantic,Temperate Northern Atlantic,0.615,0.5529865125288203,0.5529865125288203,0.5529865125288203,-0.4700036292457356,-0.5744996075613422,-0.5744996075613422,-0.5744996075613422,2018-05-14,2018,2018,10.236043095004788,dmr_rasher_steneck 5_4_71,3
dmr_rasher_steneck,5_4_85,1,43.9709,-69.0653,1,2005-05-29,5,5,5,NA,NA,NA,80.5,0,0,0,730,4,80.5,percent_cover,"c(-69.0653, 43.9709)",Gulf of Maine/Bay of Fundy,Cold Temperate Northwest Atlantic,Temperate Northern Atlantic,0.805,0.7238278741230899,0.7238278741230899,0.7238278741230899,-0.20456716574127426,-0.309480781787461,-0.309480781787461,-0.309480781787461,2005-05-29,2005,2005,-2.7639569049952115,dmr_rasher_steneck 5_4_85,3
dmr_rasher_steneck,5_4_85,2,43.9754,-69.0653,1,2014-05-12,5,5,5,NA,NA,NA,8.5,0,0,0,730,4,8.5,percent_cover,"c(-69.0653, 43.9754)",Gulf of Maine/Bay of Fundy,Cold Temperate Northwest Atlantic,Temperate Northern Atlantic,0.085,0.07642903018691011,0.07642903018691011,0.07642903018691011,-2.353878387381596,-2.448431662072976,-2.448431662072976,-2.448431662072976,2014-05-12,2014,2014,6.2360430950047885,dmr_rasher_steneck 5_4_85,3
dmr_rasher_steneck,5_4_85,3,43.9718,-69.0613,1,2016-05-14,5,5,5,NA,NA,NA,87.5,0,0,0,730,4,87.5,percent_cover,"c(-69.0613, 43.9718)",Gulf of Maine/Bay of Fundy,Cold Temperate Northwest Atlantic,Temperate Northern Atlantic,0.875,0.7867694283946629,0.7867694283946629,0.7867694283946629,-0.12216763397420753,-0.227189941426404,-0.227189941426404,-0.227189941426404,2016-05-14,2016,2016,8.236043095004788,dmr_rasher_steneck 5_4_85,3
dmr_rasher_steneck,5_4_9,1,44.40659,-67.86653,1,2001-07-17,5,5,5,NA,NA,NA,58.5,0,0,0,730,4,58.5,percent_cover,"c(-67.86653, 44.40659)",Gulf of Maine/Bay of Fundy,Cold Temperate Northwest Atlantic,Temperate Northern Atlantic,0.585,0.526011560698146,0.526011560698146,0.526011560698146,-0.5191938734365074,-0.6235995496772407,-0.6235995496772407,-0.6235995496772407,2001-07-17,2001,2001,-6.7639569049952115,dmr_rasher_steneck 5_4_9,3
dmr_rasher_steneck,5_4_9,2,44.402128,-67.872879,1,2002-06-25,5,5,5,NA,NA,NA,100,0,0,0,730,4,100,percent_cover,"c(-67.872879, 44.402128)",Gulf of Maine/Bay of Fundy,Cold Temperate Northwest Atlantic,Temperate Northern Atlantic,1,0.899165061022472,0.899165061022472,0.899165061022472,0.009950330853168092,-0.09522861600602273,-0.09522861600602273,-0.09522861600602273,2002-06-25,2002,2002,-5.7639569049952115,dmr_rasher_steneck 5_4_9,3
dmr_rasher_steneck,5_4_9,3,44.4066,-67.8728,1,2004-06-23,5,5,5,NA,NA,NA,94,0,0,0,730,4,94,percent_cover,"c(-67.8728, 44.4066)",Gulf of Maine/Bay of Fundy,Cold Temperate Northwest Atlantic,Temperate Northern Atlantic,0.94,0.8452151573611236,0.8452151573611236,0.8452151573611236,-0.05129329438755058,-0.15640219566652785,-0.15640219566652785,-0.15640219566652785,2004-06-23,2004,2004,-3.7639569049952115,dmr_rasher_steneck 5_4_9,3
dmr_rasher_steneck,5_4_93,1,44.3099,-68.1869,1,2005-06-11,5,5,5,NA,NA,NA,62,0,0,0,730,4,62,percent_cover,"c(-68.1869, 44.3099)",Gulf of Maine/Bay of Fundy,Cold Temperate Northwest Atlantic,Temperate Northern Atlantic,0.62,0.5574823378339326,0.5574823378339326,0.5574823378339326,-0.4620354595965587,-0.5665456528704925,-0.5665456528704925,-0.5665456528704925,2005-06-11,2005,2005,-2.7639569049952115,dmr_rasher_steneck 5_4_93,3
dmr_rasher_steneck,5_4_93,2,44.3065,-68.1934,1,2006-06-04,5,5,5,NA,NA,NA,23.5,0,0,0,730,4,23.5,percent_cover,"c(-68.1934, 44.3065)",Gulf of Maine/Bay of Fundy,Cold Temperate Northwest Atlantic,Temperate Northern Atlantic,0.235,0.2113037893402809,0.2113037893402809,0.2113037893402809,-1.40649706843741,-1.5082189089796352,-1.5082189089796352,-1.5082189089796352,2006-06-04,2006,2006,-1.7639569049952115,dmr_rasher_steneck 5_4_93,3
dmr_rasher_steneck,5_4_93,3,44.31419,-68.18947,1,2008-06-03,5,5,5,NA,NA,NA,92,0,0,0,730,4,92,percent_cover,"c(-68.18947, 44.31419)",Gulf of Maine/Bay of Fundy,Cold Temperate Northwest Atlantic,Temperate Northern Atlantic,0.92,0.8272318561406742,0.8272318561406742,0.8272318561406742,-0.07257069283483537,-0.17765423832116967,-0.17765423832116967,-0.17765423832116967,2008-06-03,2008,2008,0.23604309500478848,dmr_rasher_steneck 5_4_93,3
dmr_rasher_steneck,5_4_95,1,44.4736,-67.7897,1,2005-06-20,5,5,5,NA,NA,NA,84,0,0,0,730,4,84,percent_cover,"c(-67.7897, 44.4736)",Gulf of Maine/Bay of Fundy,Cold Temperate Northwest Atlantic,Temperate Northern Atlantic,0.84,0.7552986512588764,0.7552986512588764,0.7552986512588764,-0.16251892949777494,-0.26748912753698173,-0.26748912753698173,-0.26748912753698173,2005-06-20,2005,2005,-2.7639569049952115,dmr_rasher_steneck 5_4_95,3
dmr_rasher_steneck,5_4_95,2,44.4718,-67.7859,1,2017-08-25,5,5,5,NA,NA,NA,45.8571428571429,0,0,0,730,4,45.8571428571429,percent_cover,"c(-67.7859, 44.4718)",Gulf of Maine/Bay of Fundy,Cold Temperate Northwest Atlantic,Temperate Northern Atlantic,0.45857142857142896,0.41233140655459105,0.41233140655459105,0.41233140655459105,-0.7580667266592601,-0.8619649495622667,-0.8619649495622667,-0.8619649495622667,2017-08-25,2017,2017,9.236043095004788,dmr_rasher_steneck 5_4_95,3
dmr_rasher_steneck,5_4_95,3,44.4718,-67.7859,1,2018-07-10,5,5,5,NA,NA,NA,44.6625,0,0,0,730,4,44.6625,percent_cover,"c(-67.7859, 44.4718)",Gulf of Maine/Bay of Fundy,Cold Temperate Northwest Atlantic,Temperate Northern Atlantic,0.446625,0.40158959537916156,0.40158959537916156,0.40158959537916156,-0.7838927938666904,-0.8877285538180324,-0.8877285538180324,-0.8877285538180324,2018-07-10,2018,2018,10.236043095004788,dmr_rasher_steneck 5_4_95,3
dmr_rasher_steneck,5_4_99,1,44.6108,-67.272,1,2005-06-22,5,5,5,NA,NA,NA,92.5,0,0,0,730,4,92.5,percent_cover,"c(-67.272, 44.6108)",Gulf of Maine/Bay of Fundy,Cold Temperate Northwest Atlantic,Temperate Northern Atlantic,0.925,0.8317276814457866,0.8317276814457866,0.8317276814457866,-0.06720874969344999,-0.17229873576138793,-0.17229873576138793,-0.17229873576138793,2005-06-22,2005,2005,-2.7639569049952115,dmr_rasher_steneck 5_4_99,4
dmr_rasher_steneck,5_4_99,2,44.605822,-67.277252,1,2010-06-10,5,5,5,NA,NA,NA,79.5,0,0,0,730,4,79.5,percent_cover,"c(-67.277252, 44.605822)",Gulf of Maine/Bay of Fundy,Cold Temperate Northwest Atlantic,Temperate Northern Atlantic,0.795,0.7148362235128651,0.7148362235128651,0.7148362235128651,-0.21691300156357363,-0.3218095482493395,-0.3218095482493395,-0.3218095482493395,2010-06-10,2010,2010,2.2360430950047885,dmr_rasher_steneck 5_4_99,4
dmr_rasher_steneck,5_4_99,3,44.60932,-67.2764,1,2013-06-14,5,5,5,NA,NA,NA,67,0,0,0,730,4,67,percent_cover,"c(-67.2764, 44.60932)",Gulf of Maine/Bay of Fundy,Cold Temperate Northwest Atlantic,Temperate Northern Atlantic,0.67,0.6024405908850562,0.6024405908850562,0.6024405908850562,-0.3856624808119846,-0.49030333574090074,-0.49030333574090074,-0.49030333574090074,2013-06-14,2013,2013,5.2360430950047885,dmr_rasher_steneck 5_4_99,4
dmr_rasher_steneck,5_4_99,4,44.6093,-67.2766,1,2016-06-18,5,5,5,NA,NA,NA,77,0,0,0,730,4,77,percent_cover,"c(-67.2766, 44.6093)",Gulf of Maine/Bay of Fundy,Cold Temperate Northwest Atlantic,Temperate Northern Atlantic,0.77,0.6923570969873034,0.6923570969873034,0.6923570969873034,-0.2484613592984996,-0.3533133191256675,-0.3533133191256675,-0.3533133191256675,2016-06-18,2016,2016,8.236043095004788,dmr_rasher_steneck 5_4_99,4
dmr_rasher_steneck,5_5_14,1,43.86717,-69.12148,1,2003-05-28,5,5,5,NA,NA,NA,92,0,0,0,730,4,92,percent_cover,"c(-69.12148, 43.86717)",Gulf of Maine/Bay of Fundy,Cold Temperate Northwest Atlantic,Temperate Northern Atlantic,0.92,0.8272318561406742,0.8272318561406742,0.8272318561406742,-0.07257069283483537,-0.17765423832116967,-0.17765423832116967,-0.17765423832116967,2003-05-28,2003,2003,-4.7639569049952115,dmr_rasher_steneck 5_5_14,3
dmr_rasher_steneck,5_5_14,2,43.8626,-69.1277,1,2004-05-26,5,5,5,NA,NA,NA,74,0,0,0,730,4,74,percent_cover,"c(-69.1277, 43.8626)",Gulf of Maine/Bay of Fundy,Cold Temperate Northwest Atlantic,Temperate Northern Atlantic,0.74,0.6653821451566292,0.6653821451566292,0.6653821451566292,-0.2876820724517809,-0.3924766073341638,-0.3924766073341638,-0.3924766073341638,2004-05-26,2004,2004,-3.7639569049952115,dmr_rasher_steneck 5_5_14,3
dmr_rasher_steneck,5_5_14,3,43.8679,-69.1288,1,2018-06-26,5,5,5,NA,NA,NA,61.875,0,0,0,730,4,61.875,percent_cover,"c(-69.1288, 43.8679)",Gulf of Maine/Bay of Fundy,Cold Temperate Northwest Atlantic,Temperate Northern Atlantic,0.61875,0.5563583815076545,0.5563583815076545,0.5563583815076545,-0.464021557568188,-0.568528218278938,-0.568528218278938,-0.568528218278938,2018-06-26,2018,2018,10.236043095004788,dmr_rasher_steneck 5_5_14,3
dmr_rasher_steneck,5_5_19,1,44.36687,-67.9865,1,2003-06-16,5,5,5,NA,NA,NA,100,0,0,0,730,4,100,percent_cover,"c(-67.9865, 44.36687)",Gulf of Maine/Bay of Fundy,Cold Temperate Northwest Atlantic,Temperate Northern Atlantic,1,0.899165061022472,0.899165061022472,0.899165061022472,0.009950330853168092,-0.09522861600602273,-0.09522861600602273,-0.09522861600602273,2003-06-16,2003,2003,-4.7639569049952115,dmr_rasher_steneck 5_5_19,3
dmr_rasher_steneck,5_5_19,2,44.3669,-67.9976,1,2004-06-15,5,5,5,NA,NA,NA,89.5,0,0,0,730,4,89.5,percent_cover,"c(-67.9976, 44.3669)",Gulf of Maine/Bay of Fundy,Cold Temperate Northwest Atlantic,Temperate Northern Atlantic,0.895,0.80475272961511235,0.80475272961511235,0.80475272961511235,-0.0998203352822109,-0.2048706110213978,-0.2048706110213978,-0.2048706110213978,2004-06-15,2004,2004,-3.7639569049952115,dmr_rasher_steneck 5_5_19,3
dmr_rasher_steneck,5_5_19,3,44.3669,-67.9928,1,2007-06-10,5,5,5,NA,NA,NA,51.5,0,0,0,730,4,51.5,percent_cover,"c(-67.9928, 44.3669)",Gulf of Maine/Bay of Fundy,Cold Temperate Northwest Atlantic,Temperate Northern Atlantic,0.515,0.46307000642657303,0.46307000642657303,0.46307000642657303,-0.6443570163905132,-0.7485118963117072,-0.7485118963117072,-0.7485118963117072,2007-06-10,2007,2007,-0.7639569049952115,dmr_rasher_steneck 5_5_19,3
dmr_rasher_steneck,5_5_2,1,44.64483,-67.18714,1,2001-07-26,5,5,5,NA,NA,NA,72.5,0,0,0,730,4,72.5,percent_cover,"c(-67.18714, 44.64483)",Gulf of Maine/Bay of Fundy,Cold Temperate Northwest Atlantic,Temperate Northern Atlantic,0.725,0.6518946692412921,0.6518946692412921,0.6518946692412921,-0.3078847797693004,-0.41264884561186665,-0.41264884561186665,-0.41264884561186665,2001-07-26,2001,2001,-6.7639569049952115,dmr_rasher_steneck 5_5_2,3
dmr_rasher_steneck,5_5_2,2,44.6434,-67.1973,1,2006-07-01,5,5,5,NA,NA,NA,65,0,0,0,730,4,65,percent_cover,"c(-67.1973, 44.6434)",Gulf of Maine/Bay of Fundy,Cold Temperate Northwest Atlantic,Temperate Northern Atlantic,0.65,0.5844572896646067,0.5844572896646067,0.5844572896646067,-0.4155154439616658,-0.5201064078801891,-0.5201064078801891,-0.5201064078801891,2006-07-01,2006,2006,-1.7639569049952115,dmr_rasher_steneck 5_5_2,3
dmr_rasher_steneck,5_5_2,3,44.6436,-67.19338,1,2011-06-13,5,5,5,NA,NA,NA,51,0,0,0,730,4,51,percent_cover,"c(-67.19338, 44.6436)",Gulf of Maine/Bay of Fundy,Cold Temperate Northwest Atlantic,Temperate Northern Atlantic,0.51,0.4585741811214607,0.4585741811214607,0.4585741811214607,-0.6539264674066639,-0.7580608523319341,-0.7580608523319341,-0.7580608523319341,2011-06-13,2011,2011,3.2360430950047885,dmr_rasher_steneck 5_5_2,3
dmr_rasher_steneck,5_5_20,1,44.36654,-67.93627,1,2003-06-16,5,5,5,NA,NA,NA,67.5,0,0,0,730,4,67.5,percent_cover,"c(-67.93627, 44.36654)",Gulf of Maine/Bay of Fundy,Cold Temperate Northwest Atlantic,Temperate Northern Atlantic,0.675,0.6069364161901686,0.6069364161901686,0.6069364161901686,-0.3783364407199117,-0.4829893135634807,-0.4829893135634807,-0.4829893135634807,2003-06-16,2003,2003,-4.7639569049952115,dmr_rasher_steneck 5_5_20,4
dmr_rasher_steneck,5_5_20,2,44.36204,-67.93636,1,2008-06-05,5,5,5,NA,NA,NA,100,0,0,0,730,4,100,percent_cover,"c(-67.93636, 44.36204)",Gulf of Maine/Bay of Fundy,Cold Temperate Northwest Atlantic,Temperate Northern Atlantic,1,0.899165061022472,0.899165061022472,0.899165061022472,0.009950330853168092,-0.09522861600602273,-0.09522861600602273,-0.09522861600602273,2008-06-05,2008,2008,0.23604309500478848,dmr_rasher_steneck 5_5_20,4
dmr_rasher_steneck,5_5_20,3,44.36649,-67.9299,1,2013-05-18,5,5,5,NA,NA,NA,91,0,0,0,730,4,91,percent_cover,"c(-67.9299, 44.36649)",Gulf of Maine/Bay of Fundy,Cold Temperate Northwest Atlantic,Temperate Northern Atlantic,0.91,0.8182402055304494,0.8182402055304494,0.8182402055304494,-0.08338160893905101,-0.18845206337105821,-0.18845206337105821,-0.18845206337105821,2013-05-18,2013,2013,5.2360430950047885,dmr_rasher_steneck 5_5_20,4
dmr_rasher_steneck,5_5_20,4,44.3644,-67.9344,1,2017-07-12,5,5,5,NA,NA,NA,70.25,0,0,0,730,4,70.25,percent_cover,"c(-67.9344, 44.3644)",Gulf of Maine/Bay of Fundy,Cold Temperate Northwest Atlantic,Temperate Northern Atlantic,0.7025,0.6316634553682865,0.6316634553682865,0.6316634553682865,-0.33897536683933144,-0.4436913255617375,-0.4436913255617375,-0.4436913255617375,2017-07-12,2017,2017,9.236043095004788,dmr_rasher_steneck 5_5_20,4
dmr_rasher_steneck,5_5_25,1,43.7158,-69.9469,1,2004-05-11,5,5,5,NA,NA,NA,43,0,0,0,730,4,43,percent_cover,"c(-69.9469, 43.7158)",Gulf of Maine/Bay of Fundy,Cold Temperate Northwest Atlantic,Temperate Northern Atlantic,0.43,0.3866409762396629,0.3866409762396629,0.3866409762396629,-0.8209805520698302,-0.9247237494244279,-0.9247237494244279,-0.9247237494244279,2004-05-11,2004,2004,-3.7639569049952115,dmr_rasher_steneck 5_5_25,3
dmr_rasher_steneck,5_5_25,2,43.7159,-69.9402,1,2006-05-12,5,5,5,NA,NA,NA,33.5,0,0,0,730,4,33.5,percent_cover,"c(-69.9402, 43.7159)",Gulf of Maine/Bay of Fundy,Cold Temperate Northwest Atlantic,Temperate Northern Atlantic,0.335,0.3012202954425281,0.3012202954425281,0.3012202954425281,-1.0642108619507773,-1.167254272086783,-1.167254272086783,-1.167254272086783,2006-05-12,2006,2006,-1.7639569049952115,dmr_rasher_steneck 5_5_25,3
dmr_rasher_steneck,5_5_25,3,43.71212,-69.9402,1,2018-09-05,5,5,5,NA,NA,NA,0,0,0,0,730,4,0,percent_cover,"c(-69.9402, 43.71212)",Gulf of Maine/Bay of Fundy,Cold Temperate Northwest Atlantic,Temperate Northern Atlantic,0,0,0,0,-4.605170185988091,-4.605170185988091,-4.605170185988091,-4.605170185988091,2018-09-05,2018,2018,10.236043095004788,dmr_rasher_steneck 5_5_25,3
dmr_rasher_steneck,5_5_35,1,44.0256,-68.8532,1,2005-05-31,5,5,5,NA,NA,NA,64,0,0,0,730,4,64,percent_cover,"c(-68.8532, 44.0256)",Gulf of Maine/Bay of Fundy,Cold Temperate Northwest Atlantic,Temperate Northern Atlantic,0.64,0.5754656390543821,0.5754656390543821,0.5754656390543821,-0.4307829160924542,-0.5353477841662594,-0.5353477841662594,-0.5353477841662594,2005-05-31,2005,2005,-2.7639569049952115,dmr_rasher_steneck 5_5_35,3
dmr_rasher_steneck,5_5_35,2,44.0246,-68.8612,1,2017-07-29,5,5,5,NA,NA,NA,30.5,0,0,0,730,4,30.5,percent_cover,"c(-68.8612, 44.0246)",Gulf of Maine/Bay of Fundy,Cold Temperate Northwest Atlantic,Temperate Northern Atlantic,0.305,0.27424534361185393,0.27424534361185393,0.27424534361185393,-1.155182640156504,-1.2579175277984058,-1.2579175277984058,-1.2579175277984058,2017-07-29,2017,2017,9.236043095004788,dmr_rasher_steneck 5_5_35,3
dmr_rasher_steneck,5_5_35,3,44.02460002,-68.86120004,1,2018-06-24,5,5,5,NA,NA,NA,21.275,0,0,0,730,4,21.275,percent_cover,"c(-68.86120004, 44.02460002)",Gulf of Maine/Bay of Fundy,Cold Temperate Northwest Atlantic,Temperate Northern Atlantic,0.21275,0.1912973667325309,0.1912973667325309,0.1912973667325309,-1.5017052126312183,-1.6029720277307904,-1.6029720277307904,-1.6029720277307904,2018-06-24,2018,2018,10.236043095004788,dmr_rasher_steneck 5_5_35,3
dmr_rasher_steneck,5_5_39,1,44.3668,-67.974,1,2005-06-14,5,5,5,NA,NA,NA,96,0,0,0,730,4,96,percent_cover,"c(-67.974, 44.3668)",Gulf of Maine/Bay of Fundy,Cold Temperate Northwest Atlantic,Temperate Northern Atlantic,0.96,0.8631984585815731,0.8631984585815731,0.8631984585815731,-0.030459207484708574,-0.13559241956034207,-0.13559241956034207,-0.13559241956034207,2005-06-14,2005,2005,-2.7639569049952115,dmr_rasher_steneck 5_5_39,3
dmr_rasher_steneck,5_5_39,2,44.3668,-67.9823,1,2006-06-17,5,5,5,NA,NA,NA,78,0,0,0,730,4,78,percent_cover,"c(-67.9823, 44.3668)",Gulf of Maine/Bay of Fundy,Cold Temperate Northwest Atlantic,Temperate Northern Atlantic,0.78,0.7013487475975281,0.7013487475975281,0.7013487475975281,-0.23572233352106983,-0.34059246648603564,-0.34059246648603564,-0.34059246648603564,2006-06-17,2006,2006,-1.7639569049952115,dmr_rasher_steneck 5_5_39,3
dmr_rasher_steneck,5_5_39,3,44.366816,-67.978165,1,2010-05-21,5,5,5,NA,NA,NA,18,0,0,0,730,4,18,percent_cover,"c(-67.978165, 44.366816)",Gulf of Maine/Bay of Fundy,Cold Temperate Northwest Atlantic,Temperate Northern Atlantic,0.18,0.16184971098404494,0.16184971098404494,0.16184971098404494,-1.6607312068216509,-1.7611349574797075,-1.7611349574797075,-1.7611349574797075,2010-05-21,2010,2010,2.2360430950047885,dmr_rasher_steneck 5_5_39,3
Godbout_StLawrence,Godbout,1,49.30155,-67.67941,5,2019-06-04,6,6,6,NA,0.1,0.1,NA,12,34,34,0,2,0.1,stipe_density,"c(-67.67941, 49.30155)",Gulf of St. Lawrence - Eastern Scotian Shelf,Cold Temperate Northwest Atlantic,Temperate Northern Atlantic,0.0010673484553866072,4.0125495766235694e-4,4.0125495766235694e-4,4.0125495766235694e-4,-4.50375608621101,-4.565828811108733,-4.565828811108733,-4.565828811108733,2019-06-04,2019,2019,11.236043095004788,Godbout_StLawrence Godbout,34
Godbout_StLawrence,Godbout,2,49.30240333333333,-67.69227333333333,5,2019-06-05,6,3.3333333333333335,2,NA,5.966666666666667,5.966666666666667,NA,12,34,34,0,2,5.966666666666667,stipe_density,"c(-67.6922733333333, 49.3024033333333)",Gulf of St. Lawrence - Eastern Scotian Shelf,Cold Temperate Northwest Atlantic,Temperate Northern Atlantic,0.06368512450473422,0.023941545807187298,0.023941545807187298,0.023941545807187298,-2.6079543386293347,-3.3831154749218952,-3.3831154749218952,-3.3831154749218952,2019-06-05,2019,2019,11.236043095004788,Godbout_StLawrence Godbout,34
Godbout_StLawrence,Godbout,3,49.30217,-67.69877,5,2019-06-06,6,6,6,NA,3.13333333333333,3.13333333333333,NA,12,34,34,0,2,3.13333333333333,stipe_density,"c(-67.69877, 49.30217)",Gulf of St. Lawrence - Eastern Scotian Shelf,Cold Temperate Northwest Atlantic,Temperate Northern Atlantic,0.03344358493544699,0.01257265534008717,0.01257265534008717,0.01257265534008717,-3.136292080623269,-3.7910160459772277,-3.7910160459772277,-3.7910160459772277,2019-06-06,2019,2019,11.236043095004788,Godbout_StLawrence Godbout,34
Godbout_StLawrence,Godbout,4,49.302189999999996,-67.68905749999999,5,2019-06-15,6,4,2,NA,20.726068376068376,20.726068376068376,NA,12,34,34,0,2,20.726068376068376,stipe_density,"c(-67.6890575, 49.30219)",Gulf of St. Lawrence - Eastern Scotian Shelf,Cold Temperate Northwest Atlantic,Temperate Northern Atlantic,0.22121937067433786,0.08316437688746431,0.08316437688746431,0.08316437688746431,-1.4643883625000276,-2.3733898525936374,-2.3733898525936374,-2.3733898525936374,2019-06-15,2019,2019,11.236043095004788,Godbout_StLawrence Godbout,34
Godbout_StLawrence,Godbout,5,49.30252,-67.68902499999999,5,2019-07-03,2,2,2,16.50268,7.791666666666663,7.791666666666663,NA,12,34,34,0,2,7.791666666666663,stipe_density,"c(-67.689025, 49.30252)",Gulf of St. Lawrence - Eastern Scotian Shelf,Cold Temperate Northwest Atlantic,Temperate Northern Atlantic,0.08316423381553976,0.0312644487845253,0.0312644487845253,0.0312644487845253,-2.373391388288279,-3.187753953968661,-3.187753953968661,-3.187753953968661,2019-07-03,2019,2019,11.236043095004788,Godbout_StLawrence Godbout,34
Godbout_StLawrence,Godbout,6,49.30186,-67.68909,5,2019-07-04,6,6,6,NA,2.0916666666666646,2.0916666666666646,NA,12,34,34,0,2,2.0916666666666646,stipe_density,"c(-67.68909, 49.30186)",Gulf of St. Lawrence - Eastern Scotian Shelf,Cold Temperate Northwest Atlantic,Temperate Northern Atlantic,0.02232537185850318,0.008392916197770958,0.008392916197770958,0.008392916197770958,-3.4319028506470524,-3.9957896777461634,-3.9957896777461634,-3.9957896777461634,2019-07-04,2019,2019,11.236043095004788,Godbout_StLawrence Godbout,34
Godbout_StLawrence,Godbout,7,49.302189999999996,-67.68905749999999,5,2019-07-15,6,4,2,NA,66.13095238095221,66.13095238095221,NA,12,34,34,0,2,66.13095238095221,stipe_density,"c(-67.6890575, 49.30219)",Gulf of St. Lawrence - Eastern Scotian Shelf,Cold Temperate Northwest Atlantic,Temperate Northern Atlantic,0.7058476987705461,0.2653537249779032,0.2653537249779032,0.2653537249779032,-0.3342878458620515,-1.2896987352086116,-1.2896987352086116,-1.2896987352086116,2019-07-15,2019,2019,11.236043095004788,Godbout_StLawrence Godbout,34
Godbout_StLawrence,Godbout,8,49.30252,-67.68902499999999,5,2019-08-06,2,2,2,NA,9.458333333333332,9.458333333333332,NA,12,34,34,0,2,9.458333333333332,stipe_density,"c(-67.689025, 49.30252)",Gulf of St. Lawrence - Eastern Scotian Shelf,Cold Temperate Northwest Atlantic,Temperate Northern Atlantic,0.10095337473864992,0.03795203141223125,0.03795203141223125,0.03795203141223125,-2.1986452133139744,-3.037554113331483,-3.037554113331483,-3.037554113331483,2019-08-06,2019,2019,11.236043095004788,Godbout_StLawrence Godbout,34
Godbout_StLawrence,Godbout,9,49.30186,-67.68909,5,2019-08-07,6,6,6,NA,4.466666666666666,4.466666666666666,NA,12,34,34,0,2,4.466666666666666,stipe_density,"c(-67.68909, 49.30186)",Gulf of St. Lawrence - Eastern Scotian Shelf,Cold Temperate Northwest Atlantic,Temperate Northern Atlantic,0.04767489767393511,0.01792272144225194,0.01792272144225194,0.01792272144225194,-2.85293324910794,-3.5783145329781094,-3.5783145329781094,-3.5783145329781094,2019-08-07,2019,2019,11.236043095004788,Godbout_StLawrence Godbout,34
Godbout_StLawrence,Godbout,10,49.302189999999996,-67.68905749999999,5,2019-08-15,6,4,2,NA,21.981818181818177,21.981818181818177,NA,12,34,34,0,2,21.981818181818177,stipe_density,"c(-67.6890575, 49.30219)",Gulf of St. Lawrence - Eastern Scotian Shelf,Cold Temperate Northwest Atlantic,Temperate Northern Atlantic,0.23462259682952868,0.0882031352388708,0.0882031352388708,0.0882031352388708,-1.408038677209793,-2.320717137055298,-2.320717137055298,-2.320717137055298,2019-08-15,2019,2019,11.236043095004788,Godbout_StLawrence Godbout,34
Godbout_StLawrence,Godbout,11,49.302189999999996,-67.68905749999999,5,2019-10-15,6,4,2,NA,59.83333333333334,59.83333333333334,NA,12,34,34,0,2,59.83333333333334,stipe_density,"c(-67.6890575, 49.30219)",Gulf of St. Lawrence - Eastern Scotian Shelf,Cold Temperate Northwest Atlantic,Temperate Northern Atlantic,0.6386301591396534,0.2400842163346436,0.2400842163346436,0.2400842163346436,-0.4328925873622454,-1.3859575525077052,-1.3859575525077052,-1.3859575525077052,2019-10-15,2019,2019,11.236043095004788,Godbout_StLawrence Godbout,34
Godbout_StLawrence,Godbout,13,49.30265,-67.69881,5,2019-12-09,2,2,2,NA,9.750000000000005,9.750000000000005,NA,12,34,34,0,2,9.750000000000005,stipe_density,"c(-67.69881, 49.30265)",Gulf of St. Lawrence - Eastern Scotian Shelf,Cold Temperate Northwest Atlantic,Temperate Northern Atlantic,0.10406647440019426,0.03912235837207982,0.03912235837207982,0.03912235837207982,-2.1709738917558687,-3.013440983834903,-3.013440983834903,-3.013440983834903,2019-12-09,2019,2019,11.236043095004788,Godbout_StLawrence Godbout,34
Godbout_StLawrence,Godbout,14,49.30186,-67.68909,5,2019-12-10,6,6,6,NA,3.283333333333335,3.283333333333335,NA,12,34,34,0,2,3.283333333333335,stipe_density,"c(-67.68909, 49.30186)",Gulf of St. Lawrence - Eastern Scotian Shelf,Cold Temperate Northwest Atlantic,Temperate Northern Atlantic,0.03504460761852695,0.013174537776580725,0.013174537776580725,0.013174537776580725,-3.100101999794086,-3.7647011126447314,-3.7647011126447314,-3.7647011126447314,2019-12-10,2019,2019,11.236043095004788,Godbout_StLawrence Godbout,34
Godbout_StLawrence,Godbout,15,49.302123333333334,-67.69233,5,2019-12-15,6,4.666666666666667,2,NA,50.3939393939394,50.3939393939394,NA,12,34,34,0,2,50.3939393939394,stipe_density,"c(-67.69233, 49.3021233333333)",Gulf of St. Lawrence - Eastern Scotian Shelf,Cold Temperate Northwest Atlantic,Temperate Northern Atlantic,0.5378789337296751,0.20220818017954534,0.20220818017954534,0.20220818017954534,-0.6017009402923481,-1.5501875041600348,-1.5501875041600348,-1.5501875041600348,2019-12-15,2019,2019,11.236043095004788,Godbout_StLawrence Godbout,34
Godbout_StLawrence,Godbout,16,49.30252,-67.68902499999999,5,2020-02-05,2,2,2,NA,9.291666666666668,9.291666666666668,NA,12,34,34,0,2,9.291666666666668,stipe_density,"c(-67.689025, 49.30252)",Gulf of St. Lawrence - Eastern Scotian Shelf,Cold Temperate Northwest Atlantic,Temperate Northern Atlantic,0.09917446064633893,0.03728327314946067,0.03728327314946067,0.03728327314946067,-2.2148081198898195,-3.0515986792310077,-3.0515986792310077,-3.0515986792310077,2020-02-05,2020,2020,12.236043095004788,Godbout_StLawrence Godbout,34
Godbout_StLawrence,Godbout,17,49.302189999999996,-67.68905749999999,5,2020-02-15,6,4,2,NA,46.88181818181816,46.88181818181816,NA,12,34,34,0,2,46.88181818181816,stipe_density,"c(-67.6890575, 49.30219)",Gulf of St. Lawrence - Eastern Scotian Shelf,Cold Temperate Northwest Atlantic,Temperate Northern Atlantic,0.5003923622207936,0.1881156196967976,0.1881156196967976,0.1881156196967976,-0.6725755113644761,-1.6189044808503594,-1.6189044808503594,-1.6189044808503594,2020-02-15,2020,2020,12.236043095004788,Godbout_StLawrence Godbout,34
Godbout_StLawrence,Godbout,18,49.302036666666666,-67.68580666666666,5,2020-02-26,6,4.666666666666667,2,NA,5.483333333333335,5.483333333333335,NA,12,34,34,0,2,5.483333333333335,stipe_density,"c(-67.6858066666667, 49.3020366666667)",Gulf of St. Lawrence - Eastern Scotian Shelf,Cold Temperate Northwest Atlantic,Temperate Northern Atlantic,0.05852627363703231,0.02200214684515258,0.02200214684515258,0.02200214684515258,-2.6805380505080447,-3.4419522895217525,-3.4419522895217525,-3.4419522895217525,2020-02-26,2020,2020,12.236043095004788,Godbout_StLawrence Godbout,34
Godbout_StLawrence,Godbout,20,49.302189999999996,-67.68905749999999,5,2020-07-09,6,4,2,8.610038888888889,9.075,9.075,NA,12,34,34,0,2,9.075,stipe_density,"c(-67.6890575, 49.30219)",Gulf of St. Lawrence - Eastern Scotian Shelf,Cold Temperate Northwest Atlantic,Temperate Northern Atlantic,0.09686187232633459,0.03641388740785889,0.03641388740785889,0.03641388740785889,-2.236218191303981,-3.0701565669473485,-3.0701565669473485,-3.0701565669473485,2020-07-09,2020,2020,12.236043095004788,Godbout_StLawrence Godbout,34
Godbout_StLawrence,Godbout,21,49.302189999999996,-67.68905749999999,5,2020-07-15,6,4,2,NA,44.80555555555564,44.80555555555564,NA,12,34,34,0,2,44.80555555555564,stipe_density,"c(-67.6890575, 49.30219)",Gulf of St. Lawrence - Eastern Scotian Shelf,Cold Temperate Northwest Atlantic,Temperate Northern Atlantic,0.47823140514961127,0.17978451297482861,0.17978451297482861,0.17978451297482861,-0.7169657946416054,-1.661865992685391,-1.661865992685391,-1.661865992685391,2020-07-15,2020,2020,12.236043095004788,Godbout_StLawrence Godbout,34
Godbout_StLawrence,Godbout,22,49.30252,-67.68902499999999,5,2020-10-05,2,2,2,0.9934400000000001,8.450000000000005,8.450000000000005,NA,12,34,34,0,2,8.450000000000005,stipe_density,"c(-67.689025, 49.30252)",Gulf of St. Lawrence - Eastern Scotian Shelf,Cold Temperate Northwest Atlantic,Temperate Northern Atlantic,0.09019094448016836,0.03390604392246918,0.03390604392246918,0.03390604392246918,-2.300677468864807,-3.1257032936058056,-3.1257032936058056,-3.1257032936058056,2020-10-05,2020,2020,12.236043095004788,Godbout_StLawrence Godbout,34
Godbout_StLawrence,Godbout,24,49.30217,-67.69877,5,2020-10-07,6,6,6,NA,3.01666666666667,3.01666666666667,NA,12,34,34,0,2,3.01666666666667,stipe_density,"c(-67.69877, 49.30217)",Gulf of St. Lawrence - Eastern Scotian Shelf,Cold Temperate Northwest Atlantic,Temperate Northern Atlantic,0.03219834507082935,0.01210452455614778,0.01210452455614778,0.01210452455614778,-3.165374275040209,-3.81197296036556,-3.81197296036556,-3.81197296036556,2020-10-07,2020,2020,12.236043095004788,Godbout_StLawrence Godbout,34
Godbout_StLawrence,Godbout,25,49.301653333333334,-67.68263666666667,5,2020-10-08,6,6,6,NA,1.16666666666667,1.16666666666667,NA,12,34,34,0,2,1.16666666666667,stipe_density,"c(-67.6826366666667, 49.3016533333333)",Gulf of St. Lawrence - Eastern Scotian Shelf,Cold Temperate Northwest Atlantic,Temperate Northern Atlantic,0.01245239864617712,0.0046813078393941774,0.0046813078393941774,0.0046813078393941774,-3.7963578265735682,-4.221180169887047,-4.221180169887047,-4.221180169887047,2020-10-08,2020,2020,12.236043095004788,Godbout_StLawrence Godbout,34
Godbout_StLawrence,Godbout,26,49.302189999999996,-67.68905749999999,5,2020-10-15,6,4,2,NA,57.55757575757584,57.55757575757584,NA,12,34,34,0,2,57.55757575757584,stipe_density,"c(-67.6890575, 49.30219)",Gulf of St. Lawrence - Eastern Scotian Shelf,Cold Temperate Northwest Atlantic,Temperate Northern Atlantic,0.614339895806462,0.23095262623753995,0.23095262623753995,0.23095262623753995,-0.4710603540924808,-1.4231549364426817,-1.4231549364426817,-1.4231549364426817,2020-10-15,2020,2020,12.236043095004788,Godbout_StLawrence Godbout,34
Godbout_StLawrence,Godbout,27,49.302189999999996,-67.68905749999999,5,2021-03-15,6,4,2,NA,75.66666666666674,75.66666666666674,NA,12,34,34,0,2,75.66666666666674,stipe_density,"c(-67.6890575, 49.30219)",Gulf of St. Lawrence - Eastern Scotian Shelf,Cold Temperate Northwest Atlantic,Temperate Northern Atlantic,0.8076269979092002,0.30361625129785036,0.30361625129785036,0.30361625129785036,-0.20134903915175031,-1.15958517010799,-1.15958517010799,-1.15958517010799,2021-03-15,2021,2021,13.236043095004788,Godbout_StLawrence Godbout,34
Godbout_StLawrence,Godbout,28,49.30265,-67.69881,5,2021-03-18,2,2,2,NA,5.71666666666666,5.71666666666666,NA,12,34,34,0,2,5.71666666666666,stipe_density,"c(-67.69881, 49.30265)",Gulf of St. Lawrence - Eastern Scotian Shelf,Cold Temperate Northwest Atlantic,Temperate Northern Atlantic,0.061016753366267634,0.022938408413031377,0.022938408413031377,0.022938408413031377,-2.6448394668705113,-3.4131158731585938,-3.4131158731585938,-3.4131158731585938,2021-03-18,2021,2021,13.236043095004788,Godbout_StLawrence Godbout,34
Godbout_StLawrence,Godbout,29,49.302279999999996,-67.689005,5,2021-03-19,6,4,2,NA,2.183333333333332,2.183333333333332,NA,12,34,34,0,2,2.183333333333332,stipe_density,"c(-67.689005, 49.30228)",Gulf of St. Lawrence - Eastern Scotian Shelf,Cold Temperate Northwest Atlantic,Temperate Northern Atlantic,0.023303774609274238,0.008760733242294786,0.008760733242294786,0.008760733242294786,-3.4020845367896926,-3.9759892507577033,-3.9759892507577033,-3.9759892507577033,2021-03-19,2021,2021,13.236043095004788,Godbout_StLawrence Godbout,34
Godbout_StLawrence,Godbout,30,49.30155,-67.67941,5,2021-03-23,6,6,6,NA,1.1,1.1,NA,12,34,34,0,2,1.1,stipe_density,"c(-67.67941, 49.30155)",Gulf of St. Lawrence - Eastern Scotian Shelf,Cold Temperate Northwest Atlantic,Temperate Northern Atlantic,0.01174083300925268,0.004413804534285927,0.004413804534285927,0.004413804534285927,-3.8285630811301994,-4.239568883395624,-4.239568883395624,-4.239568883395624,2021-03-23,2021,2021,13.236043095004788,Godbout_StLawrence Godbout,34
Godbout_StLawrence,Godbout,31,49.30265,-67.69881,5,2021-06-15,2,2,2,NA,139.272727272727,139.272727272727,NA,12,34,34,0,2,139.272727272727,stipe_density,"c(-67.69881, 49.30265)",Gulf of St. Lawrence - Eastern Scotian Shelf,Cold Temperate Northwest Atlantic,Temperate Northern Atlantic,1.4865253033202535,0.5588387228533905,0.5588387228533905,0.5588387228533905,0.4031459565006182,-0.5641583246573812,-0.5641583246573812,-0.5641583246573812,2021-06-15,2021,2021,13.236043095004788,Godbout_StLawrence Godbout,34
Godbout_StLawrence,Godbout,35,49.30265,-67.69881,5,2021-06-29,2,2,2,NA,6.65,6.65,NA,12,34,34,0,2,6.65,stipe_density,"c(-67.69881, 49.30265)",Gulf of St. Lawrence - Eastern Scotian Shelf,Cold Temperate Northwest Atlantic,Temperate Northern Atlantic,0.07097867228320938,0.026683454684546738,0.026683454684546738,0.026683454684546738,-2.5135694641261477,-3.305429451608371,-3.305429451608371,-3.305429451608371,2021-06-29,2021,2021,13.236043095004788,Godbout_StLawrence Godbout,34
Godbout_StLawrence,Godbout,36,49.302036666666666,-67.68580666666666,5,2021-06-30,6,4.666666666666667,2,NA,2.7222222222222237,2.7222222222222237,NA,12,34,34,0,2,2.7222222222222237,stipe_density,"c(-67.6858066666667, 49.3020366666667)",Gulf of St. Lawrence - Eastern Scotian Shelf,Cold Temperate Northwest Atlantic,Temperate Northern Atlantic,0.029055596841079875,0.010923051625253056,0.010923051625253056,0.010923051625253056,-3.2427690879708444,-3.8669037792355776,-3.8669037792355776,-3.8669037792355776,2021-06-30,2021,2021,13.236043095004788,Godbout_StLawrence Godbout,34
Godbout_StLawrence,Godbout,38,49.302036666666666,-67.68580666666666,5,2021-07-15,6,4.666666666666667,2,NA,59.14444444444433,59.14444444444433,NA,12,34,34,0,2,59.14444444444433,stipe_density,"c(-67.6858066666667, 49.3020366666667)",Gulf of St. Lawrence - Eastern Scotian Shelf,Cold Temperate Northwest Atlantic,Temperate Northern Atlantic,0.6312773142247665,0.23732001551519133,0.23732001551519133,0.23732001551519133,-0.44429328812202407,-1.397072171558505,-1.397072171558505,-1.397072171558505,2021-07-15,2021,2021,13.236043095004788,Godbout_StLawrence Godbout,34
Godbout_StLawrence,Godbout,39,49.30252,-67.68902499999999,5,2021-10-14,2,2,2,NA,0.21666666666666687,0.21666666666666687,NA,12,34,34,0,2,0.21666666666666687,stipe_density,"c(-67.689025, 49.30252)",Gulf of St. Lawrence - Eastern Scotian Shelf,Cold Temperate Northwest Atlantic,Temperate Northern Atlantic,0.0023125883200043177,8.693857416017741e-4,8.693857416017741e-4,8.693857416017741e-4,-4.397133099311337,-4.521805088957998,-4.521805088957998,-4.521805088957998,2021-10-14,2021,2021,13.236043095004788,Godbout_StLawrence Godbout,34
Godbout_StLawrence,Godbout,41,49.30155,-67.67941,5,2021-10-16,6,6,6,NA,2.85,2.85,NA,12,34,34,0,2,2.85,stipe_density,"c(-67.67941, 49.30155)",Gulf of St. Lawrence - Eastern Scotian Shelf,Cold Temperate Northwest Atlantic,Temperate Northern Atlantic,0.030419430978518305,0.011435766293377173,0.011435766293377173,0.011435766293377173,-3.2084446448267263,-3.842694429938488,-3.842694429938488,-3.842694429938488,2021-10-16,2021,2021,13.236043095004788,Godbout_StLawrence Godbout,34
Godbout_StLawrence,Godbout,43,49.30217,-67.69877,5,2021-10-18,6,6,6,NA,5.1,5.1,NA,12,34,34,0,2,5.1,stipe_density,"c(-67.69877, 49.30217)",Gulf of St. Lawrence - Eastern Scotian Shelf,Cold Temperate Northwest Atlantic,Temperate Northern Atlantic,0.05443477122471696,0.0204640028407802,0.0204640028407802,0.0204640028407802,-2.7421018657297034,-3.4912095271227863,-3.4912095271227863,-3.4912095271227863,2021-10-18,2021,2021,13.236043095004788,Godbout_StLawrence Godbout,34
gulf_of_maine_ios_southwestern_gom,Appledore Island,1,42.9878221649485,-70.6179281720951,0.25,1979-06-15,8,8,8,NA,NA,NA,40,0,0,0,20,4,40,percent_cover,"c(-70.6179281720951, 42.9878221649485)",Gulf of Maine/Bay of Fundy,Cold Temperate Northwest Atlantic,Temperate Northern Atlantic,0.4,0.35966602440898876,0.35966602440898876,0.35966602440898876,-0.8915981192837835,-0.9951553176981732,-0.9951553176981732,-0.9951553176981732,1979-06-15,1979,1979,-28.76395690499521,gulf_of_maine_ios_southwestern_gom Appledore Island,8
gulf_of_maine_ios_southwestern_gom,Appledore Island,2,42.9878221649485,-70.6179281720951,0.25,1990-06-15,8,8,8,NA,NA,NA,53,0,0,0,20,4,53,percent_cover,"c(-70.6179281720951, 42.9878221649485)",Gulf of Maine/Bay of Fundy,Cold Temperate Northwest Atlantic,Temperate Northern Atlantic,0.53,0.47655748234191014,0.47655748234191014,0.47655748234191014,-0.616186139423817,-0.7204002294706334,-0.7204002294706334,-0.7204002294706334,1990-06-15,1990,1990,-17.76395690499521,gulf_of_maine_ios_southwestern_gom Appledore Island,8
gulf_of_maine_ios_southwestern_gom,Appledore Island,3,42.9878221649485,-70.6179281720951,0.25,1991-06-15,8,8,8,NA,NA,NA,14.83,0,0,0,20,4,14.83,percent_cover,"c(-70.6179281720951, 42.9878221649485)",Gulf of Maine/Bay of Fundy,Cold Temperate Northwest Atlantic,Temperate Northern Atlantic,0.1483,0.1333461785496326,0.1333461785496326,0.1333461785496326,-1.8432633120951707,-1.9424927451899383,-1.9424927451899383,-1.9424927451899383,1991-06-15,1991,1991,-16.76395690499521,gulf_of_maine_ios_southwestern_gom Appledore Island,8
gulf_of_maine_ios_southwestern_gom,Appledore Island,4,42.9878221649485,-70.6179281720951,0.25,1992-06-15,8,8,8,NA,NA,NA,9.17,0,0,0,20,4,9.17,percent_cover,"c(-70.6179281720951, 42.9878221649485)",Gulf of Maine/Bay of Fundy,Cold Temperate Northwest Atlantic,Temperate Northern Atlantic,0.0917,0.08245343609576067,0.08245343609576067,0.08245343609576067,-2.285727975927623,-2.3810501547681766,-2.3810501547681766,-2.3810501547681766,1992-06-15,1992,1992,-15.763956904995212,gulf_of_maine_ios_southwestern_gom Appledore Island,8
gulf_of_maine_ios_southwestern_gom,Appledore Island,5,42.9878221649485,-70.6179281720951,0.25,1996-06-15,8,8,8,NA,NA,NA,0.45,0,0,0,20,4,0.45,percent_cover,"c(-70.6179281720951, 42.9878221649485)",Gulf of Maine/Bay of Fundy,Cold Temperate Northwest Atlantic,Temperate Northern Atlantic,0.0045000000000000005,0.004046242774601124,0.004046242774601124,0.004046242774601124,-4.2336066295556085,-4.2654003371428555,-4.2654003371428555,-4.2654003371428555,1996-06-15,1996,1996,-11.763956904995212,gulf_of_maine_ios_southwestern_gom Appledore Island,8
gulf_of_maine_ios_southwestern_gom,Appledore Island,6,42.9878221649485,-70.6179281720951,0.25,1997-06-15,8,8,8,NA,NA,NA,0.45,0,0,0,20,4,0.45,percent_cover,"c(-70.6179281720951, 42.9878221649485)",Gulf of Maine/Bay of Fundy,Cold Temperate Northwest Atlantic,Temperate Northern Atlantic,0.0045000000000000005,0.004046242774601124,0.004046242774601124,0.004046242774601124,-4.2336066295556085,-4.2654003371428555,-4.2654003371428555,-4.2654003371428555,1997-06-15,1997,1997,-10.763956904995212,gulf_of_maine_ios_southwestern_gom Appledore Island,8
gulf_of_maine_ios_southwestern_gom,Appledore Island,7,42.9878221649485,-70.6179281720951,0.25,1998-06-15,8,8,8,NA,NA,NA,0.9,0,0,0,20,4,0.9,percent_cover,"c(-70.6179281720951, 42.9878221649485)",Gulf of Maine/Bay of Fundy,Cold Temperate Northwest Atlantic,Temperate Northern Atlantic,0.009000000000000001,0.008092485549202248,0.008092485549202248,0.008092485549202248,-3.9633162998156966,-4.0122585899418866,-4.0122585899418866,-4.0122585899418866,1998-06-15,1998,1998,-9.763956904995212,gulf_of_maine_ios_southwestern_gom Appledore Island,8
gulf_of_maine_ios_southwestern_gom,Appledore Island,8,42.9878221649485,-70.6179281720951,0.25,2014-06-15,8,8,8,NA,NA,NA,12.5,0,0,0,20,4,12.5,percent_cover,"c(-70.6179281720951, 42.9878221649485)",Gulf of Maine/Bay of Fundy,Cold Temperate Northwest Atlantic,Temperate Northern Atlantic,0.125,0.112395632627809,0.112395632627809,0.112395632627809,-2.0024805005437076,-2.10049659068585,-2.10049659068585,-2.10049659068585,2014-06-15,2014,2014,6.2360430950047885,gulf_of_maine_ios_southwestern_gom Appledore Island,8
gulf_of_maine_ios_southwestern_gom,Star Island,1,42.9737757731959,-70.6163436755105,0.25,1977-06-15,8,8,8,NA,NA,NA,6.694,0,0,0,20,4,6.694,percent_cover,"c(-70.6163436755105, 42.9737757731959)",Gulf of Maine/Bay of Fundy,Cold Temperate Northwest Atlantic,Temperate Northern Atlantic,0.06694,0.06019010918484427,0.06019010918484427,0.06019010918484427,-2.564729381657988,-2.656547872679765,-2.656547872679765,-2.656547872679765,1977-06-15,1977,1977,-30.76395690499521,gulf_of_maine_ios_southwestern_gom Star Island,9
gulf_of_maine_ios_southwestern_gom,Star Island,2,42.9737757731959,-70.6163436755105,0.25,1983-06-15,8,8,8,NA,NA,NA,55,0,0,0,20,4,55,percent_cover,"c(-70.6163436755105, 42.9737757731959)",Gulf of Maine/Bay of Fundy,Cold Temperate Northwest Atlantic,Temperate Northern Atlantic,0.55,0.4945407835623596,0.4945407835623596,0.4945407835623596,-0.579818495252942,-0.6841066028872136,-0.6841066028872136,-0.6841066028872136,1983-06-15,1983,1983,-24.76395690499521,gulf_of_maine_ios_southwestern_gom Star Island,9
gulf_of_maine_ios_southwestern_gom,Star Island,3,42.9737757731959,-70.6163436755105,0.25,1987-06-15,8,8,8,NA,NA,NA,0.363636363636364,0,0,0,20,4,0.363636363636364,percent_cover,"c(-70.6163436755105, 42.9737757731959)",Gulf of Maine/Bay of Fundy,Cold Temperate Northwest Atlantic,Temperate Northern Atlantic,0.00363636363636364,0.00326969113099081,0.00326969113099081,0.00326969113099081,-4.295015257684251,-4.322272706644338,-4.322272706644338,-4.322272706644338,1987-06-15,1987,1987,-20.76395690499521,gulf_of_maine_ios_southwestern_gom Star Island,9
gulf_of_maine_ios_southwestern_gom,Star Island,4,42.9737757731959,-70.6163436755105,0.25,1994-06-15,8,8,8,NA,NA,NA,85,0,0,0,20,4,85,percent_cover,"c(-70.6163436755105, 42.9737757731959)",Gulf of Maine/Bay of Fundy,Cold Temperate Northwest Atlantic,Temperate Northern Atlantic,0.85,0.7642903018691012,0.7642903018691012,0.7642903018691012,-0.15082288973458366,-0.25580840869811733,-0.25580840869811733,-0.25580840869811733,1994-06-15,1994,1994,-13.763956904995212,gulf_of_maine_ios_southwestern_gom Star Island,9
gulf_of_maine_ios_southwestern_gom,Star Island,5,42.9737757731959,-70.6163436755105,0.25,1997-06-15,8,8,8,NA,NA,NA,6.9,0,0,0,20,4,6.9,percent_cover,"c(-70.6163436755105, 42.9737757731959)",Gulf of Maine/Bay of Fundy,Cold Temperate Northwest Atlantic,Temperate Northern Atlantic,0.069,0.062042389210550566,0.062042389210550566,0.062042389210550566,-2.5383074265151158,-2.6305005941694914,-2.6305005941694914,-2.6305005941694914,1997-06-15,1997,1997,-10.763956904995212,gulf_of_maine_ios_southwestern_gom Star Island,9
gulf_of_maine_ios_southwestern_gom,Star Island,6,42.9737757731959,-70.6163436755105,0.25,2000-06-15,8,8,8,NA,NA,NA,13.2857142857142,0,0,0,20,4,13.2857142857142,percent_cover,"c(-70.6163436755105, 42.9737757731959)",Gulf of Maine/Bay of Fundy,Cold Temperate Northwest Atlantic,Temperate Northern Atlantic,0.132857142857142,0.11946050096441335,0.11946050096441335,0.11946050096441335,-1.9459101490553192,-2.044379456225934,-2.044379456225934,-2.044379456225934,2000-06-15,2000,2000,-7.7639569049952115,gulf_of_maine_ios_southwestern_gom Star Island,9
gulf_of_maine_ios_southwestern_gom,Star Island,7,42.9737757731959,-70.6163436755105,0.25,2008-06-15,8,8,8,NA,NA,NA,2,0,0,0,20,4,2,percent_cover,"c(-70.6163436755105, 42.9737757731959)",Gulf of Maine/Bay of Fundy,Cold Temperate Northwest Atlantic,Temperate Northern Atlantic,0.02,0.01798330122044944,0.01798330122044944,0.01798330122044944,-3.506557897319982,-3.5761473316991443,-3.5761473316991443,-3.5761473316991443,2008-06-15,2008,2008,0.23604309500478848,gulf_of_maine_ios_southwestern_gom Star Island,9
gulf_of_maine_ios_southwestern_gom,Star Island,8,42.9737757731959,-70.6163436755105,0.25,2012-06-15,8,8,8,NA,NA,NA,2,0,0,0,20,4,2,percent_cover,"c(-70.6163436755105, 42.9737757731959)",Gulf of Maine/Bay of Fundy,Cold Temperate Northwest Atlantic,Temperate Northern Atlantic,0.02,0.01798330122044944,0.01798330122044944,0.01798330122044944,-3.506557897319982,-3.5761473316991443,-3.5761473316991443,-3.5761473316991443,2012-06-15,2012,2012,4.2360430950047885,gulf_of_maine_ios_southwestern_gom Star Island,9
gulf_of_maine_ios_southwestern_gom,Star Island,9,42.9737757731959,-70.6163436755105,0.25,2015-06-15,8,8,8,NA,NA,NA,2.74324324324324,0,0,0,20,4,2.74324324324324,percent_cover,"c(-70.6163436755105, 42.9737757731959)",Gulf of Maine/Bay of Fundy,Cold Temperate Northwest Atlantic,Temperate Northern Atlantic,0.0274324324324324,0.024666284782102917,0.024666284782102917,0.024666284782102917,-3.2852177730049235,-3.361987684470427,-3.361987684470427,-3.361987684470427,2015-06-15,2015,2015,7.2360430950047885,gulf_of_maine_ios_southwestern_gom Star Island,9
gulf_of_maine_ios_southwestern_gom,White Island,1,42.967719072165,-70.6256745998415,0.25,1998-06-15,8,8,8,NA,NA,NA,13.507142857142856,0,0,0,20,4,13.507142857142856,percent_cover,"c(-70.6256745998415, 42.967719072165)",Gulf of Maine/Bay of Fundy,Cold Temperate Northwest Atlantic,Temperate Northern Atlantic,0.13507142857142856,0.12145150931382102,0.12145150931382102,0.12145150931382102,-1.930529047017011,-2.0291172458347284,-2.0291172458347284,-2.0291172458347284,1998-06-15,1998,1998,-9.763956904995212,gulf_of_maine_ios_southwestern_gom White Island,2
gulf_of_maine_ios_southwestern_gom,White Island,2,42.967719072165,-70.6256745998415,0.25,2012-06-15,8,8,8,NA,NA,NA,5.3,0,0,0,20,4,5.3,percent_cover,"c(-70.6256745998415, 42.967719072165)",Gulf of Maine/Bay of Fundy,Cold Temperate Northwest Atlantic,Temperate Northern Atlantic,0.053,0.04765574823419101,0.04765574823419101,0.04765574823419101,-2.7646205525906042,-2.853265328058323,-2.853265328058323,-2.853265328058323,2012-06-15,2012,2012,4.2360430950047885,gulf_of_maine_ios_southwestern_gom White Island,2
hubline,HublineFill,1,42.3437,-70.90597,1,2006-07-05,10,10,10,NA,2.2,2.2,13.6,0,91,91,91,2,2.2,stipe_density,"c(-70.90597, 42.3437)",Gulf of Maine/Bay of Fundy,Cold Temperate Northwest Atlantic,Temperate Northern Atlantic,0.03809668268368249,0.008827609068571853,0.008827609068571853,0.008827609068571853,-3.0345420713239677,-3.972430918959638,-3.972430918959638,-3.972430918959638,2006-07-05,2006,2006,-1.7639569049952115,hubline HublineFill,13
hubline,HublineFill,2,42.3437,-70.90597,1,2006-07-06,10,10,10,NA,16.88888888888889,16.88888888888889,26.666666666666668,0,91,91,91,2,16.88888888888889,stipe_density,"c(-70.90597, 42.3437)",Gulf of Maine/Bay of Fundy,Cold Temperate Northwest Atlantic,Temperate Northern Atlantic,0.2924593822181686,0.06776750396075362,0.06776750396075362,0.06776750396075362,-1.1958082841857025,-2.5540316219330275,-2.5540316219330275,-2.5540316219330275,2006-07-06,2006,2006,-1.7639569049952115,hubline HublineFill,13
hubline,HublineFill,3,42.342945,-70.90664,1,2006-07-18,10,10,10,NA,6.9375,6.9375,0.78125,0,91,91,91,2,6.9375,stipe_density,"c(-70.90664, 42.342945)",Gulf of Maine/Bay of Fundy,Cold Temperate Northwest Atlantic,Temperate Northern Atlantic,0.1201344255082033,0.02783706268782601,0.02783706268782601,0.02783706268782601,-2.0391873204093103,-3.27446616234031,-3.27446616234031,-3.27446616234031,2006-07-18,2006,2006,-1.7639569049952115,hubline HublineFill,13
hubline,HublineFill,4,42.3437,-70.90597,1,2006-08-02,10,10,10,NA,22.625,22.625,28.625,0,91,91,91,2,22.625,stipe_density,"c(-70.90597, 42.3437)",Gulf of Maine/Bay of Fundy,Cold Temperate Northwest Atlantic,Temperate Northern Atlantic,0.39178974805378014,0.09078393417110825,0.09078393417110825,0.09078393417110825,-0.9118263419746517,-2.294776319270857,-2.294776319270857,-2.294776319270857,2006-08-02,2006,2006,-1.7639569049952115,hubline HublineFill,13
hubline,HublineFill,5,42.342945,-70.90664,1,2006-08-10,10,10,10,NA,9.875,9.875,2.125,0,91,91,91,2,9.875,stipe_density,"c(-70.90664, 42.342945)",Gulf of Maine/Bay of Fundy,Cold Temperate Northwest Atlantic,Temperate Northern Atlantic,0.171002155227893,0.039623927069157745,0.039623927069157745,0.039623927069157745,-1.7092463404507776,-3.0032821609811546,-3.0032821609811546,-3.0032821609811546,2006-08-10,2006,2006,-1.7639569049952115,hubline HublineFill,13
hubline,HublineFill,6,42.34224,-70.907035,1,2006-09-22,10,10,10,NA,1,1,0.5,0,91,91,91,2,1,stipe_density,"c(-70.907035, 42.34224)",Gulf of Maine/Bay of Fundy,Cold Temperate Northwest Atlantic,Temperate Northern Atlantic,0.017316673947128405,0.004012549576623569,0.004012549576623569,0.004012549576623569,-3.600257995939575,-4.2678019525616735,-4.2678019525616735,-4.2678019525616735,2006-09-22,2006,2006,-1.7639569049952115,hubline HublineFill,13
hubline,HublineFill,7,42.342945,-70.90664,1,2006-11-20,10,10,10,NA,1.2,1.2,0.9,0,91,91,91,2,1.2,stipe_density,"c(-70.90664, 42.342945)",Gulf of Maine/Bay of Fundy,Cold Temperate Northwest Atlantic,Temperate Northern Atlantic,0.020780008736554084,0.004815059491948283,0.004815059491948283,0.004815059491948283,-3.48088986673278,-4.212111082308358,-4.212111082308358,-4.212111082308358,2006-11-20,2006,2006,-1.7639569049952115,hubline HublineFill,13
hubline,HublineFill,8,42.3437,-70.90597,1,2007-03-14,10,10,10,NA,1.25,1.25,0.625,0,91,91,91,2,1.25,stipe_density,"c(-70.90597, 42.3437)",Gulf of Maine/Bay of Fundy,Cold Temperate Northwest Atlantic,Temperate Northern Atlantic,0.021645842433910507,0.005015686970779461,0.005015686970779461,0.005015686970779461,-3.4531484997184543,-4.198659826293784,-4.198659826293784,-4.198659826293784,2007-03-14,2007,2007,-0.7639569049952115,hubline HublineFill,13
hubline,HublineFill,9,42.342945,-70.90664,1,2007-05-23,10,10,10,NA,2,2,1,0,91,91,91,2,2,stipe_density,"c(-70.90664, 42.342945)",Gulf of Maine/Bay of Fundy,Cold Temperate Northwest Atlantic,Temperate Northern Atlantic,0.03463334789425681,0.008025099153247138,0.008025099153247138,0.008025099153247138,-3.1092739887188907,-4.015990094952627,-4.015990094952627,-4.015990094952627,2007-05-23,2007,2007,-0.7639569049952115,hubline HublineFill,13
hubline,HublineFill,10,42.3437,-70.90597,1,2007-06-19,10,10,10,NA,3.4375,3.4375,6.375,0,91,91,91,2,3.4375,stipe_density,"c(-70.90597, 42.3437)",Gulf of Maine/Bay of Fundy,Cold Temperate Northwest Atlantic,Temperate Northern Atlantic,0.05952606669325389,0.013793139169643519,0.013793139169643519,0.013793139169643519,-2.666053536394348,-3.7383580100455895,-3.7383580100455895,-3.7383580100455895,2007-06-19,2007,2007,-0.7639569049952115,hubline HublineFill,13
hubline,HublineFill,11,42.34224,-70.907035,1,2007-06-20,10,10,10,NA,2.846153846153846,2.846153846153846,1,0,91,91,91,2,2.846153846153846,stipe_density,"c(-70.907035, 42.34224)",Gulf of Maine/Bay of Fundy,Cold Temperate Northwest Atlantic,Temperate Northern Atlantic,0.0492859181572116,0.011420333410390157,0.011420333410390157,0.011420333410390157,-2.8253834690163244,-3.843414648705982,-3.843414648705982,-3.843414648705982,2007-06-20,2007,2007,-0.7639569049952115,hubline HublineFill,13
hubline,HublineFill,12,42.34338911764706,-70.90624588235293,1,2007-07-17,10,10,10,NA,2.235294117647059,2.235294117647059,2.7941176470588234,0,91,91,91,2,2.235294117647059,stipe_density,"c(-70.9062458823529, 42.3433891176471)",Gulf of Maine/Bay of Fundy,Cold Temperate Northwest Atlantic,Temperate Northern Atlantic,0.0387078594112282,0.008969228465393862,0.008969228465393862,0.008969228465393862,-3.021914877700493,-3.9649371671646936,-3.9649371671646936,-3.9649371671646936,2007-07-17,2007,2007,-0.7639569049952115,hubline HublineFill,13
hubline,HublineFill,13,42.342945,-70.90664,1,2008-07-17,10,10,10,NA,2.8,2.8,6.85,0,91,91,91,2,2.8,stipe_density,"c(-70.90664, 42.342945)",Gulf of Maine/Bay of Fundy,Cold Temperate Northwest Atlantic,Temperate Northern Atlantic,0.04848668705195953,0.011235138814545994,0.011235138814545994,0.011235138814545994,-2.8389561224040842,-3.852097978174648,-3.852097978174648,-3.852097978174648,2008-07-17,2008,2008,0.23604309500478848,hubline HublineFill,13
hubline,NatReef,1,42.33844,-70.912625,1,2006-07-05,10,10,10,NA,6.363636363636363,6.363636363636363,11.09090909090909,0,91,91,91,2,6.363636363636363,stipe_density,"c(-70.912625, 42.33844)",Gulf of Maine/Bay of Fundy,Cold Temperate Northwest Atlantic,Temperate Northern Atlantic,0.11019701602718075,0.02553440639669544,0.02553440639669544,0.02553440639669544,-2.1186230822542287,-3.337253857593179,-3.337253857593179,-3.337253857593179,2006-07-05,2006,2006,-1.7639569049952115,hubline NatReef,36
hubline,NatReef,2,42.33844,-70.912625,1,2006-07-06,10,10,10,NA,17.2,17.2,19,0,91,91,91,2,17.2,stipe_density,"c(-70.912625, 42.33844)",Gulf of Maine/Bay of Fundy,Cold Temperate Northwest Atlantic,Temperate Northern Atlantic,0.29784679189060853,0.06901585271792539,0.06901585271792539,0.06901585271792539,-1.1781530486939693,-2.538106779330597,-2.538106779330597,-2.538106779330597,2006-07-06,2006,2006,-1.7639569049952115,hubline NatReef,36
hubline,NatReef,3,42.338275,-70.913095,1,2006-07-19,10,10,10,NA,11.222222222222221,11.222222222222221,28,0,91,91,91,2,11.222222222222221,stipe_density,"c(-70.913095, 42.338275)",Gulf of Maine/Bay of Fundy,Cold Temperate Northwest Atlantic,Temperate Northern Atlantic,0.19433156318444098,0.045029723026553385,0.045029723026553385,0.045029723026553385,-1.58801129479671,-2.899881821058637,-2.899881821058637,-2.899881821058637,2006-07-19,2006,2006,-1.7639569049952115,hubline NatReef,36
hubline,NatReef,4,42.338285,-70.91209,1,2006-07-26,10,10,10,NA,21.26666666666667,21.26666666666667,5.466666666666667,0,91,91,91,2,21.26666666666667,stipe_density,"c(-70.91209, 42.338285)",Gulf of Maine/Bay of Fundy,Cold Temperate Northwest Atlantic,Temperate Northern Atlantic,0.36826793260893076,0.08533355432952791,0.08533355432952791,0.08533355432952791,-0.9721525180285243,-2.35037343869118,-2.35037343869118,-2.35037343869118,2006-07-26,2006,2006,-1.7639569049952115,hubline NatReef,36
hubline,NatReef,5,42.33844,-70.912625,1,2006-08-01,10,10,10,NA,9.333333333333332,9.333333333333332,12.033333333333333,0,91,91,91,2,9.333333333333332,stipe_density,"c(-70.912625, 42.33844)",Gulf of Maine/Bay of Fundy,Cold Temperate Northwest Atlantic,Temperate Northern Atlantic,0.16162229017319843,0.03745046271515331,0.03745046271515331,0.03745046271515331,-1.7624592042498348,-3.048069002337218,-3.048069002337218,-3.048069002337218,2006-08-01,2006,2006,-1.7639569049952115,hubline NatReef,36
hubline,NatReef,6,42.338275,-70.913095,1,2006-08-03,10,10,10,NA,7.25,7.25,21.25,0,91,91,91,2,7.25,stipe_density,"c(-70.913095, 42.338275)",Gulf of Maine/Bay of Fundy,Cold Temperate Northwest Atlantic,Temperate Northern Atlantic,0.12554588611668094,0.029090984430520876,0.029090984430520876,0.029090984430520876,-1.9984450530614213,-3.2418634158023623,-3.2418634158023623,-3.2418634158023623,2006-08-03,2006,2006,-1.7639569049952115,hubline NatReef,36
hubline,NatReef,7,42.338285,-70.91209,1,2006-09-25,10,10,10,NA,1.7692307692307692,1.7692307692307692,1.9615384615384615,0,91,91,91,2,1.7692307692307692,stipe_density,"c(-70.91209, 42.338285)",Gulf of Maine/Bay of Fundy,Cold Temperate Northwest Atlantic,Temperate Northern Atlantic,0.030637192367996405,0.007099126174026315,0.007099126174026315,0.007099126174026315,-3.2030715635315783,-4.068727917713354,-4.068727917713354,-4.068727917713354,2006-09-25,2006,2006,-1.7639569049952115,hubline NatReef,36
hubline,NatReef,8,42.338275,-70.913095,1,2006-12-05,10,10,10,NA,1,1,1.6,0,91,91,91,2,1,stipe_density,"c(-70.913095, 42.338275)",Gulf of Maine/Bay of Fundy,Cold Temperate Northwest Atlantic,Temperate Northern Atlantic,0.017316673947128405,0.004012549576623569,0.004012549576623569,0.004012549576623569,-3.600257995939575,-4.2678019525616735,-4.2678019525616735,-4.2678019525616735,2006-12-05,2006,2006,-1.7639569049952115,hubline NatReef,36
hubline,NatReef,9,42.33844,-70.912625,1,2006-12-07,10,10,10,NA,1,1,1.3333333333333333,0,91,91,91,2,1,stipe_density,"c(-70.912625, 42.33844)",Gulf of Maine/Bay of Fundy,Cold Temperate Northwest Atlantic,Temperate Northern Atlantic,0.017316673947128405,0.004012549576623569,0.004012549576623569,0.004012549576623569,-3.600257995939575,-4.2678019525616735,-4.2678019525616735,-4.2678019525616735,2006-12-07,2006,2006,-1.7639569049952115,hubline NatReef,36
hubline,NatReef,10,42.338285,-70.91209,1,2007-03-01,10,10,10,NA,1.1428571428571428,1.1428571428571428,0.7857142857142857,0,91,91,91,2,1.1428571428571428,stipe_density,"c(-70.91209, 42.338285)",Gulf of Maine/Bay of Fundy,Cold Temperate Northwest Atlantic,Temperate Northern Atlantic,0.01979048451100389,0.00458577094471265,0.00458577094471265,0.00458577094471265,-3.5135662481728964,-4.227708818320129,-4.227708818320129,-4.227708818320129,2007-03-01,2007,2007,-0.7639569049952115,hubline NatReef,36
hubline,NatReef,11,42.338275,-70.913095,1,2007-03-12,10,10,10,NA,1.5,1.5,0.75,0,91,91,91,2,1.5,stipe_density,"c(-70.913095, 42.338275)",Gulf of Maine/Bay of Fundy,Cold Temperate Northwest Atlantic,Temperate Northern Atlantic,0.025975010920692605,0.0060188243649353535,0.0060188243649353535,0.0060188243649353535,-3.3249307226453713,-4.133990725494484,-4.133990725494484,-4.133990725494484,2007-03-12,2007,2007,-0.7639569049952115,hubline NatReef,36
hubline,NatReef,12,42.3383575,-70.91286,1,2007-03-14,10,10,10,NA,1.5,1.5,0.75,0,91,91,91,2,1.5,stipe_density,"c(-70.91286, 42.3383575)",Gulf of Maine/Bay of Fundy,Cold Temperate Northwest Atlantic,Temperate Northern Atlantic,0.025975010920692605,0.0060188243649353535,0.0060188243649353535,0.0060188243649353535,-3.3249307226453713,-4.133990725494484,-4.133990725494484,-4.133990725494484,2007-03-14,2007,2007,-0.7639569049952115,hubline NatReef,36
hubline,NatReef,13,42.33844,-70.912625,1,2007-04-11,10,10,10,NA,1.5454545454545454,1.5454545454545454,1.4545454545454546,0,91,91,91,2,1.5454545454545454,stipe_density,"c(-70.912625, 42.33844)",Gulf of Maine/Bay of Fundy,Cold Temperate Northwest Atlantic,Temperate Northern Atlantic,0.0267621324637439,0.006201212982054607,0.006201212982054607,0.006201212982054607,-3.3032869727380207,-4.122669164111355,-4.122669164111355,-4.122669164111355,2007-04-11,2007,2007,-0.7639569049952115,hubline NatReef,36
hubline,NatReef,14,42.33844,-70.912625,1,2007-05-24,10,10,10,NA,1.8571428571428572,1.8571428571428572,3,0,91,91,91,2,1.8571428571428572,stipe_density,"c(-70.912625, 42.33844)",Gulf of Maine/Bay of Fundy,Cold Temperate Northwest Atlantic,Temperate Northern Atlantic,0.03215953733038132,0.0074518777851580575,0.0074518777851580575,0.0074518777851580575,-3.166294348946312,-4.048308026658539,-4.048308026658539,-4.048308026658539,2007-05-24,2007,2007,-0.7639569049952115,hubline NatReef,36
hubline,NatReef,15,42.338275,-70.913095,1,2007-06-01,10,10,10,NA,5.1875,5.1875,5.15625,0,91,91,91,2,5.1875,stipe_density,"c(-70.913095, 42.338275)",Gulf of Maine/Bay of Fundy,Cold Temperate Northwest Atlantic,Temperate Northern Atlantic,0.0898302461007286,0.020815100928734766,0.020815100928734766,0.020815100928734766,-2.304284074438719,-3.479750419261441,-3.479750419261441,-3.479750419261441,2007-06-01,2007,2007,-0.7639569049952115,hubline NatReef,36
hubline,NatReef,16,42.338285,-70.91209,1,2007-06-18,10,10,10,NA,4.357142857142857,4.357142857142857,2.642857142857143,0,91,91,91,2,4.357142857142857,stipe_density,"c(-70.91209, 42.338285)",Gulf of Maine/Bay of Fundy,Cold Temperate Northwest Atlantic,Temperate Northern Atlantic,0.07545122219820233,0.01748325172671698,0.01748325172671698,0.01748325172671698,-2.459809566442634,-3.594178487961953,-3.594178487961953,-3.594178487961953,2007-06-18,2007,2007,-0.7639569049952115,hubline NatReef,36
hubline,NatReef,17,42.33844,-70.912625,1,2007-07-17,10,10,10,NA,1.6666666666666667,1.6666666666666667,1.5,0,91,91,91,2,1.6666666666666667,stipe_density,"c(-70.912625, 42.33844)",Gulf of Maine/Bay of Fundy,Cold Temperate Northwest Atlantic,Temperate Northern Atlantic,0.028861123245214008,0.006687582627705949,0.006687582627705949,0.006687582627705949,-3.2477609305299953,-4.093090391360912,-4.093090391360912,-4.093090391360912,2007-07-17,2007,2007,-0.7639569049952115,hubline NatReef,36
hubline,NatReef,18,42.338275,-70.913095,1,2007-08-01,10,10,10,NA,3.5625,3.5625,24.25,0,91,91,91,2,3.5625,stipe_density,"c(-70.913095, 42.338275)",Gulf of Maine/Bay of Fundy,Cold Temperate Northwest Atlantic,Temperate Northern Atlantic,0.06169065093664494,0.014294707866721466,0.014294707866721466,0.014294707866721466,-2.6353949312779124,-3.717496735616344,-3.717496735616344,-3.717496735616344,2007-08-01,2007,2007,-0.7639569049952115,hubline NatReef,36
hubline,NatReef,19,42.33844,-70.912625,1,2008-07-08,10,10,10,NA,3.916666666666667,3.916666666666667,8.625,0,91,91,91,2,3.916666666666667,stipe_density,"c(-70.912625, 42.33844)",Gulf of Maine/Bay of Fundy,Cold Temperate Northwest Atlantic,Temperate Northern Atlantic,0.06782363962625292,0.015715819175108982,0.015715819175108982,0.015715819175108982,-2.5533100427140454,-3.6606489443377397,-3.6606489443377397,-3.6606489443377397,2008-07-08,2008,2008,0.23604309500478848,hubline NatReef,36
hubline,NatReef,20,42.33844,-70.912625,1,2008-07-15,10,10,10,NA,18.133333333333333,18.133333333333333,23.6,0,91,91,91,2,18.133333333333333,stipe_density,"c(-70.912625, 42.33844)",Gulf of Maine/Bay of Fundy,Cold Temperate Northwest Atlantic,Temperate Northern Atlantic,0.31400902090792837,0.07276089898944071,0.07276089898944071,0.07276089898944071,-1.1269839212689765,-2.4917995635557606,-2.4917995635557606,-2.4917995635557606,2008-07-15,2008,2008,0.23604309500478848,hubline NatReef,36
hubline,NatReef,21,42.3383625,-70.91235750000001,1,2009-07-16,10,10,10,NA,4.5,4.5,15.59375,0,91,91,91,2,4.5,stipe_density,"c(-70.9123575, 42.3383625)",Gulf of Maine/Bay of Fundy,Cold Temperate Northwest Atlantic,Temperate Northern Atlantic,0.07792503276207782,0.018056473094806062,0.018056473094806062,0.018056473094806062,-2.431270728008253,-3.573535903768393,-3.573535903768393,-3.573535903768393,2009-07-16,2009,2009,1.2360430950047885,hubline NatReef,36
hubline,NatReef,22,42.33844,-70.912625,1,2010-07-29,10,10,10,NA,4,4,1.25,0,91,91,91,2,4,stipe_density,"c(-70.912625, 42.33844)",Gulf of Maine/Bay of Fundy,Cold Temperate Northwest Atlantic,Temperate Northern Atlantic,0.06926669578851362,0.016050198306494276,0.016050198306494276,0.016050198306494276,-2.5349372160027968,-3.647729898278367,-3.647729898278367,-3.647729898278367,2010-07-29,2010,2010,2.2360430950047885,hubline NatReef,36
hubline,NatReef,23,42.33837111111111,-70.91238722222222,1,2010-08-03,10,10,10,NA,5.703703703703704,5.703703703703704,14.870370370370372,0,91,91,91,2,5.703703703703704,stipe_density,"c(-70.9123872222222, 42.3383711111111)",Gulf of Maine/Bay of Fundy,Cold Temperate Northwest Atlantic,Temperate Northern Atlantic,0.09876917732806573,0.022886393881482583,0.022886393881482583,0.022886393881482583,-2.218527281313405,-3.4146962665836194,-3.4146962665836194,-3.4146962665836194,2010-08-03,2010,2010,2.2360430950047885,hubline NatReef,36
hubline,NatReef,24,42.338388333333334,-70.91244666666667,1,2012-07-25,10,10,10,NA,1.8333333333333335,1.8333333333333335,5.972222222222222,0,91,91,91,2,1.8333333333333335,stipe_density,"c(-70.9124466666667, 42.3383883333333)",Gulf of Maine/Bay of Fundy,Cold Temperate Northwest Atlantic,Temperate Northern Atlantic,0.03174723556973541,0.007356340890476544,0.007356340890476544,0.007356340890476544,-3.1761220437760627,-4.053797370165135,-4.053797370165135,-4.053797370165135,2012-07-25,2012,2012,4.2360430950047885,hubline NatReef,36
hubline,NatReef,25,42.3383625,-70.91235750000001,1,2013-08-07,10,10,10,NA,2.05,2.05,6.25,0,91,91,91,2,2.05,stipe_density,"c(-70.9123575, 42.3383625)",Gulf of Maine/Bay of Fundy,Cold Temperate Northwest Atlantic,Temperate Northern Atlantic,0.03549918159161323,0.008225726632078316,0.008225726632078316,0.008225726632078316,-3.090060940184512,-4.004921131809321,-4.004921131809321,-4.004921131809321,2013-08-07,2013,2013,5.2360430950047885,hubline NatReef,36
hubline,NatReef,26,42.33844,-70.912625,1,2014-07-22,10,10,10,NA,5,5,16.1875,0,91,91,91,2,5,stipe_density,"c(-70.912625, 42.33844)",Gulf of Maine/Bay of Fundy,Cold Temperate Northwest Atlantic,Temperate Northern Atlantic,0.08658336973564203,0.020062747883117845,0.020062747883117845,0.020062747883117845,-2.337348708529935,-3.5044684855578745,-3.5044684855578745,-3.5044684855578745,2014-07-22,2014,2014,6.2360430950047885,hubline NatReef,36
hubline,NatReef,27,42.33843088235294,-70.91259352941177,1,2014-07-29,10,10,10,NA,7.117647058823529,7.117647058823529,21.647058823529413,0,91,91,91,2,7.117647058823529,stipe_density,"c(-70.9125935294118, 42.3384308823529)",Gulf of Maine/Bay of Fundy,Cold Temperate Northwest Atlantic,Temperate Northern Atlantic,0.12325397338838452,0.028559911692438343,0.028559911692438343,0.028559911692438343,-2.015498397330972,-3.255542099376275,-3.255542099376275,-3.255542099376275,2014-07-29,2014,2014,6.2360430950047885,hubline NatReef,36
hubline,NatReef,28,42.3383598275862,-70.91234827586207,1,2015-07-29,10,10,10,NA,12.551724137931036,12.551724137931036,38.689655172413794,0,91,91,91,2,12.551724137931036,stipe_density,"c(-70.9123482758621, 42.3383598275862)",Gulf of Maine/Bay of Fundy,Cold Temperate Northwest Atlantic,Temperate Northern Atlantic,0.21735411437085309,0.05036441537555101,0.05036441537555101,0.05036441537555101,-1.4812465017961207,-2.8073554970694836,-2.8073554970694836,-2.8073554970694836,2015-07-29,2015,2015,7.2360430950047885,hubline NatReef,36
hubline,NatReef,29,42.33844,-70.912625,1,2016-07-20,10,10,10,NA,4.6875,4.6875,43.9375,0,91,91,91,2,4.6875,stipe_density,"c(-70.912625, 42.33844)",Gulf of Maine/Bay of Fundy,Cold Temperate Northwest Atlantic,Temperate Northern Atlantic,0.08117190912716439,0.01880882614042298,0.01880882614042298,0.01880882614042298,-2.3950084433044236,-3.547073475581363,-3.547073475581363,-3.547073475581363,2016-07-20,2016,2016,8.236043095004788,hubline NatReef,36
hubline,NatReef,30,42.338285,-70.91209,1,2016-07-26,10,10,10,NA,3.466666666666667,3.466666666666667,40.75,0,91,91,91,2,3.466666666666667,stipe_density,"c(-70.91209, 42.338285)",Gulf of Maine/Bay of Fundy,Cold Temperate Northwest Atlantic,Temperate Northern Atlantic,0.06003113635004514,0.013910171865628373,0.013910171865628373,0.013910171865628373,-2.6588153308285523,-3.7334513095148023,-3.7334513095148023,-3.7334513095148023,2016-07-26,2016,2016,8.236043095004788,hubline NatReef,36
hubline,NatReef,31,42.338427599999996,-70.9125822,1,2017-07-12,10,10,10,NA,2.12,2.12,13.3,0,91,91,91,2,2.12,stipe_density,"c(-70.9125822, 42.3384276)",Gulf of Maine/Bay of Fundy,Cold Temperate Northwest Atlantic,Temperate Northern Atlantic,0.03671134876791222,0.008506605102441967,0.008506605102441967,0.008506605102441967,-3.063768129528289,-3.9896275780543866,-3.9896275780543866,-3.9896275780543866,2017-07-12,2017,2017,9.236043095004788,hubline NatReef,36
hubline,NatReef,32,42.3383625,-70.91235750000001,1,2018-08-02,10,10,10,NA,6.15625,6.15625,42.875,0,91,91,91,2,6.15625,stipe_density,"c(-70.9123575, 42.3383625)",Gulf of Maine/Bay of Fundy,Cold Temperate Northwest Atlantic,Temperate Northern Atlantic,0.10660577398700924,0.02470225833108885,0.02470225833108885,0.02470225833108885,-2.1489564866776565,-3.360950512559463,-3.360950512559463,-3.360950512559463,2018-08-02,2018,2018,10.236043095004788,hubline NatReef,36
hubline,NatReef,33,42.33835448275862,-70.91232982758622,1,2019-07-17,10,10,10,NA,5.137931034482759,5.137931034482759,28.724137931034484,0,91,91,91,2,5.137931034482759,stipe_density,"c(-70.9123298275862, 42.3383544827586)",Gulf of Maine/Bay of Fundy,Cold Temperate Northwest Atlantic,Temperate Northern Atlantic,0.08897187648697008,0.020616202997134892,0.020616202997134892,0.020616202997134892,-2.312919545093937,-3.4862259004543095,-3.4862259004543095,-3.4862259004543095,2019-07-17,2019,2019,11.236043095004788,hubline NatReef,36
hubline,NatReef,34,42.33844,-70.912625,1,2019-07-21,10,10,10,NA,3.3333333333333335,3.3333333333333335,18.333333333333332,0,91,91,91,2,3.3333333333333335,stipe_density,"c(-70.912625, 42.33844)",Gulf of Maine/Bay of Fundy,Cold Temperate Northwest Atlantic,Temperate Northern Atlantic,0.057722246490428016,0.013375165255411898,0.013375165255411898,0.013375165255411898,-2.69234054904787,-3.756081134082135,-3.756081134082135,-3.756081134082135,2019-07-21,2019,2019,11.236043095004788,hubline NatReef,36
hubline,NatReef,35,42.33835448275862,-70.91232982758622,1,2020-07-21,10,10,10,NA,6.428571428571428,6.428571428571428,29.034482758620687,0,91,91,91,2,6.428571428571428,stipe_density,"c(-70.9123298275862, 42.3383544827586)",Gulf of Maine/Bay of Fundy,Cold Temperate Northwest Atlantic,Temperate Northern Atlantic,0.11132147537439688,0.025794961564008657,0.025794961564008657,0.025794961564008657,-2.109311435220231,-3.3299481339155776,-3.3299481339155776,-3.3299481339155776,2020-07-21,2020,2020,12.236043095004788,hubline NatReef,36
hubline,NatReef,36,42.33835962962963,-70.9123475925926,1,2021-07-15,10,10,10,NA,6.333333333333334,6.333333333333334,51.851851851851855,0,91,91,91,2,6.333333333333334,stipe_density,"c(-70.9123475925926, 42.3383596296296)",Gulf of Maine/Bay of Fundy,Cold Temperate Northwest Atlantic,Temperate Northern Atlantic,0.10967226833181323,0.02541281398528261,0.02541281398528261,0.02541281398528261,-2.122998369685293,-3.3406815473548876,-3.3406815473548876,-3.3406815473548876,2021-07-15,2021,2021,13.236043095004788,hubline NatReef,36
hubline,Site29,1,42.34382,-70.90657,1,2006-06-14,10,10,10,NA,1.6666666666666667,1.6666666666666667,3,0,91,91,91,2,1.6666666666666667,stipe_density,"c(-70.90657, 42.34382)",Gulf of Maine/Bay of Fundy,Cold Temperate Northwest Atlantic,Temperate Northern Atlantic,0.028861123245214008,0.006687582627705949,0.006687582627705949,0.006687582627705949,-3.2477609305299953,-4.093090391360912,-4.093090391360912,-4.093090391360912,2006-06-14,2006,2006,-1.7639569049952115,hubline Site29,42
hubline,Site29,2,42.34382,-70.90657,1,2006-07-19,10,10,10,NA,11.857142857142858,11.857142857142858,27.142857142857142,0,91,91,91,2,11.857142857142858,stipe_density,"c(-70.90657, 42.34382)",Gulf of Maine/Bay of Fundy,Cold Temperate Northwest Atlantic,Temperate Northern Atlantic,0.20532627680166537,0.04757737355139375,0.04757737355139375,0.04757737355139375,-1.5356008346755057,-2.854625608742695,-2.854625608742695,-2.854625608742695,2006-07-19,2006,2006,-1.7639569049952115,hubline Site29,42
hubline,Site29,3,42.343695,-70.906405,1,2006-07-26,10,10,10,NA,2,2,10,0,91,91,91,2,2,stipe_density,"c(-70.906405, 42.343695)",Gulf of Maine/Bay of Fundy,Cold Temperate Northwest Atlantic,Temperate Northern Atlantic,0.03463334789425681,0.008025099153247138,0.008025099153247138,0.008025099153247138,-3.1092739887188907,-4.015990094952627,-4.015990094952627,-4.015990094952627,2006-07-26,2006,2006,-1.7639569049952115,hubline Site29,42
hubline,Site29,4,42.343535,-70.907135,1,2006-07-27,10,10,10,NA,1,1,0.5,0,91,91,91,2,1,stipe_density,"c(-70.907135, 42.343535)",Gulf of Maine/Bay of Fundy,Cold Temperate Northwest Atlantic,Temperate Northern Atlantic,0.017316673947128405,0.004012549576623569,0.004012549576623569,0.004012549576623569,-3.600257995939575,-4.2678019525616735,-4.2678019525616735,-4.2678019525616735,2006-07-27,2006,2006,-1.7639569049952115,hubline Site29,42
hubline,Site29,5,42.34382,-70.90657,1,2006-08-02,10,10,10,NA,1.7777777777777777,1.7777777777777777,1.0555555555555556,0,91,91,91,2,1.7777777777777777,stipe_density,"c(-70.90657, 42.34382)",Gulf of Maine/Bay of Fundy,Cold Temperate Northwest Atlantic,Temperate Northern Atlantic,0.03078519812822827,0.007133421469553012,0.007133421469553012,0.007133421469553012,-3.1994360543713847,-4.066724251065023,-4.066724251065023,-4.066724251065023,2006-08-02,2006,2006,-1.7639569049952115,hubline Site29,42
hubline,Site29,6,42.34393,-70.90685,1,2006-08-10,10,10,10,NA,2,2,0.5,0,91,91,91,2,2,stipe_density,"c(-70.90685, 42.34393)",Gulf of Maine/Bay of Fundy,Cold Temperate Northwest Atlantic,Temperate Northern Atlantic,0.03463334789425681,0.008025099153247138,0.008025099153247138,0.008025099153247138,-3.1092739887188907,-4.015990094952627,-4.015990094952627,-4.015990094952627,2006-08-10,2006,2006,-1.7639569049952115,hubline Site29,42
hubline,Site29,7,42.34342,-70.906995,1,2006-09-18,10,10,10,NA,1,1,1,0,91,91,91,2,1,stipe_density,"c(-70.906995, 42.34342)",Gulf of Maine/Bay of Fundy,Cold Temperate Northwest Atlantic,Temperate Northern Atlantic,0.017316673947128405,0.004012549576623569,0.004012549576623569,0.004012549576623569,-3.600257995939575,-4.2678019525616735,-4.2678019525616735,-4.2678019525616735,2006-09-18,2006,2006,-1.7639569049952115,hubline Site29,42
hubline,Site29,8,42.34298,-70.907045,1,2006-09-26,10,10,10,NA,1,1,0.5,0,91,91,91,2,1,stipe_density,"c(-70.907045, 42.34298)",Gulf of Maine/Bay of Fundy,Cold Temperate Northwest Atlantic,Temperate Northern Atlantic,0.017316673947128405,0.004012549576623569,0.004012549576623569,0.004012549576623569,-3.600257995939575,-4.2678019525616735,-4.2678019525616735,-4.2678019525616735,2006-09-26,2006,2006,-1.7639569049952115,hubline Site29,42
hubline,Site29,9,42.34382,-70.90657,1,2007-03-12,10,10,10,NA,1.8888888888888888,1.8888888888888888,2.9444444444444446,0,91,91,91,2,1.8888888888888888,stipe_density,"c(-70.90657, 42.34382)",Gulf of Maine/Bay of Fundy,Cold Temperate Northwest Atlantic,Temperate Northern Atlantic,0.03270927301124254,0.007579260311400075,0.007579260311400075,0.007579260311400075,-3.15333921578516,-4.04103546318482,-4.04103546318482,-4.04103546318482,2007-03-12,2007,2007,-0.7639569049952115,hubline Site29,42
hubline,Site29,10,42.34382,-70.90657,1,2007-03-14,10,10,10,NA,1,1,0.5,0,91,91,91,2,1,stipe_density,"c(-70.90657, 42.34382)",Gulf of Maine/Bay of Fundy,Cold Temperate Northwest Atlantic,Temperate Northern Atlantic,0.017316673947128405,0.004012549576623569,0.004012549576623569,0.004012549576623569,-3.600257995939575,-4.2678019525616735,-4.2678019525616735,-4.2678019525616735,2007-03-14,2007,2007,-0.7639569049952115,hubline Site29,42
hubline,Site29,11,42.34321333333333,-70.90691305555555,1,2007-05-07,10,10,10,NA,2.888888888888889,2.888888888888889,0.6111111111111112,0,91,91,91,2,2.888888888888889,stipe_density,"c(-70.9069130555555, 42.3432133333333)",Gulf of Maine/Bay of Fundy,Cold Temperate Northwest Atlantic,Temperate Northern Atlantic,0.05002594695837095,0.011591809888023644,0.011591809888023644,0.011591809888023644,-2.812978360933106,-3.8354412080465976,-3.8354412080465976,-3.8354412080465976,2007-05-07,2007,2007,-0.7639569049952115,hubline Site29,42
hubline,Site29,12,42.34393,-70.90685,1,2007-05-24,10,10,10,NA,9.083333333333332,9.083333333333332,1.5833333333333333,0,91,91,91,2,9.083333333333332,stipe_density,"c(-70.90685, 42.34393)",Gulf of Maine/Bay of Fundy,Cold Temperate Northwest Atlantic,Temperate Northern Atlantic,0.15729312168641632,0.03644732532099742,0.03644732532099742,0.03644732532099742,-1.7880077854841814,-3.0694363972747563,-3.0694363972747563,-3.0694363972747563,2007-05-24,2007,2007,-0.7639569049952115,hubline Site29,42
hubline,Site29,13,42.343055,-70.90729,1,2007-06-20,10,10,10,NA,5.071428571428571,5.071428571428571,2.7857142857142865,0,91,91,91,2,5.071428571428571,stipe_density,"c(-70.90729, 42.343055)",Gulf of Maine/Bay of Fundy,Cold Temperate Northwest Atlantic,Temperate Northern Atlantic,0.08782027501757976,0.020349358567162384,0.020349358567162384,0.020349358567162384,-2.324623412409127,-3.4949798962250944,-3.4949798962250944,-3.4949798962250944,2007-06-20,2007,2007,-0.7639569049952115,hubline Site29,42
hubline,Site29,14,42.3434225,-70.90696750000001,1,2007-06-26,10,10,10,NA,9.09375,9.09375,2.734375,0,91,91,91,2,9.09375,stipe_density,"c(-70.9069675, 42.3434225)",Gulf of Maine/Bay of Fundy,Cold Temperate Northwest Atlantic,Temperate Northern Atlantic,0.15747350370669894,0.03648912271242058,0.03648912271242058,0.03648912271242058,-1.7869301270555493,-3.0685369139154135,-3.0685369139154135,-3.0685369139154135,2007-06-26,2007,2007,-0.7639569049952115,hubline Site29,42
hubline,Site29,15,42.343535,-70.907135,1,2007-06-27,10,10,10,NA,9.5,9.5,3.8125,0,91,91,91,2,9.5,stipe_density,"c(-70.907135, 42.343535)",Gulf of Maine/Bay of Fundy,Cold Temperate Northwest Atlantic,Temperate Northern Atlantic,0.16450840249771984,0.03811922097792391,0.03811922097792391,0.03811922097792391,-1.7457823866495208,-3.0340735771604055,-3.0340735771604055,-3.0340735771604055,2007-06-27,2007,2007,-0.7639569049952115,hubline Site29,42
hubline,Site29,16,42.3439,-70.90677363636364,1,2007-07-09,10,10,10,NA,6.409090909090909,6.409090909090909,6.545454545454545,0,91,91,91,2,6.409090909090909,stipe_density,"c(-70.9067736363636, 42.3439)",Gulf of Maine/Bay of Fundy,Cold Temperate Northwest Atlantic,Temperate Northern Atlantic,0.11098413757023205,0.025716795013814693,0.025716795013814693,0.025716795013814693,-2.112095836439918,-3.332134252256538,-3.332134252256538,-3.332134252256538,2007-07-09,2007,2007,-0.7639569049952115,hubline Site29,42
hubline,Site29,17,42.343695,-70.906405,1,2007-07-12,10,10,10,NA,5.5,5.5,1.59375,0,91,91,91,2,5.5,stipe_density,"c(-70.906405, 42.343695)",Gulf of Maine/Bay of Fundy,Cold Temperate Northwest Atlantic,Temperate Northern Atlantic,0.09524170670920622,0.02206902267142963,0.02206902267142963,0.02206902267142963,-2.251495605636278,-3.4398647405955223,-3.4398647405955223,-3.4398647405955223,2007-07-12,2007,2007,-0.7639569049952115,hubline Site29,42
hubline,Site29,18,42.343695,-70.906405,1,2007-07-17,10,10,10,NA,1.8,1.8,5.6,0,91,91,91,2,1.8,stipe_density,"c(-70.906405, 42.343695)",Gulf of Maine/Bay of Fundy,Cold Temperate Northwest Atlantic,Temperate Northern Atlantic,0.03117001310483113,0.0072225892379224246,0.0072225892379224246,0.0072225892379224246,-3.19004512489017,-4.061533429037133,-4.061533429037133,-4.061533429037133,2007-07-17,2007,2007,-0.7639569049952115,hubline Site29,42
hubline,Site29,19,42.34316857142857,-70.90702357142857,1,2007-07-25,10,10,10,NA,4.571428571428572,4.571428571428572,4.5,0,91,91,91,2,4.571428571428572,stipe_density,"c(-70.9070235714286, 42.3431685714286)",Gulf of Maine/Bay of Fundy,Cold Temperate Northwest Atlantic,Temperate Northern Atlantic,0.07916193804401557,0.018343083778850605,0.018343083778850605,0.018343083778850605,-2.417301034002462,-3.5633722369890397,-3.5633722369890397,-3.5633722369890397,2007-07-25,2007,2007,-0.7639569049952115,hubline Site29,42
hubline,Site29,20,42.34315,-70.90753,1,2007-07-27,10,10,10,NA,4.4375,4.4375,8.96875,0,91,91,91,2,4.4375,stipe_density,"c(-70.90753, 42.34315)",Gulf of Maine/Bay of Fundy,Cold Temperate Northwest Atlantic,Temperate Northern Atlantic,0.0768427406403823,0.01780568874626709,0.01780568874626709,0.01780568874626709,-2.443656374815708,-3.582514648058959,-3.582514648058959,-3.582514648058959,2007-07-27,2007,2007,-0.7639569049952115,hubline Site29,42
hubline,Site29,21,42.34298,-70.907045,1,2008-07-01,10,10,10,NA,1.7,1.7,4.05,0,91,91,91,2,1.7,stipe_density,"c(-70.907045, 42.34298)",Gulf of Maine/Bay of Fundy,Cold Temperate Northwest Atlantic,Temperate Northern Atlantic,0.029438345710118285,0.006821334280260068,0.006821334280260068,0.006821334280260068,-3.233016694597014,-4.085107300576417,-4.085107300576417,-4.085107300576417,2008-07-01,2008,2008,0.23604309500478848,hubline Site29,42
hubline,Site29,22,42.343742,-70.90649400000001,1,2008-07-08,10,10,10,NA,5.266666666666667,5.266666666666667,12.433333333333334,0,91,91,91,2,5.266666666666667,stipe_density,"c(-70.906494, 42.343742)",Gulf of Maine/Bay of Fundy,Cold Temperate Northwest Atlantic,Temperate Northern Atlantic,0.09120114945487626,0.021132761103550796,0.021132761103550796,0.021132761103550796,-2.290645163943511,-3.4694946025559656,-3.4694946025559656,-3.4694946025559656,2008-07-08,2008,2008,0.23604309500478848,hubline Site29,42
hubline,Site29,23,42.34382,-70.90657,1,2008-07-15,10,10,10,NA,3.3571428571428568,3.3571428571428568,2,0,91,91,91,2,3.3571428571428568,stipe_density,"c(-70.90657, 42.34382)",Gulf of Maine/Bay of Fundy,Cold Temperate Northwest Atlantic,Temperate Northern Atlantic,0.05813454825107392,0.01347070215009341,0.01347070215009341,0.01347070215009341,-2.6862708780059887,-3.752002352647516,-3.752002352647516,-3.752002352647516,2008-07-15,2008,2008,0.23604309500478848,hubline Site29,42
hubline,Site29,24,42.34298,-70.907045,1,2009-07-10,10,10,10,NA,7.5625,7.5625,20.8125,0,91,91,91,2,7.5625,stipe_density,"c(-70.907045, 42.34298)",Gulf of Maine/Bay of Fundy,Cold Temperate Northwest Atlantic,Temperate Northern Atlantic,0.13095734672515855,0.03034490617321574,0.03034490617321574,0.03034490617321574,-1.959297939863315,-3.2102901332955813,-3.2102901332955813,-3.2102901332955813,2009-07-10,2009,2009,1.2360430950047885,hubline Site29,42
hubline,Site29,25,42.34393,-70.90685,1,2009-07-15,10,10,10,NA,7.375,7.375,30.625,0,91,91,91,2,7.375,stipe_density,"c(-70.90685, 42.34393)",Gulf of Maine/Bay of Fundy,Cold Temperate Northwest Atlantic,Temperate Northern Atlantic,0.127710470360072,0.029592553127598824,0.029592553127598824,0.029592553127598824,-1.9826018386649402,-3.2291142307391225,-3.2291142307391225,-3.2291142307391225,2009-07-15,2009,2009,1.2360430950047885,hubline Site29,42
hubline,Site29,26,42.34343740740741,-70.90695111111111,1,2010-07-29,10,10,10,NA,4.296296296296297,4.296296296296297,7.481481481481482,0,91,91,91,2,4.296296296296297,stipe_density,"c(-70.9069511111111, 42.3434374074074)",Gulf of Maine/Bay of Fundy,Cold Temperate Northwest Atlantic,Temperate Northern Atlantic,0.07439756214321834,0.017239101884753114,0.017239101884753114,0.017239101884753114,-2.472216762356417,-3.603101768701297,-3.603101768701297,-3.603101768701297,2010-07-29,2010,2010,2.2360430950047885,hubline Site29,42
hubline,Site29,27,42.343695,-70.906405,1,2010-08-03,10,10,10,NA,6,6,9,0,91,91,91,2,6,stipe_density,"c(-70.906405, 42.343695)",Gulf of Maine/Bay of Fundy,Cold Temperate Northwest Atlantic,Temperate Northern Atlantic,0.10390004368277042,0.024075297459741414,0.024075297459741414,0.024075297459741414,-2.1724340250104577,-3.3791825718781006,-3.3791825718781006,-3.3791825718781006,2010-08-03,2010,2010,2.2360430950047885,hubline Site29,42
hubline,Site29,28,42.343504137931035,-70.9069374137931,1,2012-07-24,10,10,10,NA,1.8620689655172415,1.8620689655172415,13.275862068965518,0,91,91,91,2,1.8620689655172415,stipe_density,"c(-70.9069374137931, 42.343504137931)",Gulf of Maine/Bay of Fundy,Cold Temperate Northwest Atlantic,Temperate Northern Atlantic,0.032244841142928755,0.007471644039230095,0.007471644039230095,0.007471644039230095,-3.164273035760094,-4.047176052839743,-4.047176052839743,-4.047176052839743,2012-07-24,2012,2012,4.2360430950047885,hubline Site29,42
hubline,Site29,29,42.34393,-70.90685,1,2013-08-07,10,10,10,NA,1.6666666666666667,1.6666666666666667,6.7666666666666675,0,91,91,91,2,1.6666666666666667,stipe_density,"c(-70.90685, 42.34393)",Gulf of Maine/Bay of Fundy,Cold Temperate Northwest Atlantic,Temperate Northern Atlantic,0.028861123245214008,0.006687582627705949,0.006687582627705949,0.006687582627705949,-3.2477609305299953,-4.093090391360912,-4.093090391360912,-4.093090391360912,2013-08-07,2013,2013,5.2360430950047885,hubline Site29,42
hubline,Site29,30,42.34298,-70.907045,1,2013-08-28,10,10,10,NA,0.8333333333333334,0.8333333333333334,3.083333333333333,0,91,91,91,2,0.8333333333333334,stipe_density,"c(-70.907045, 42.34298)",Gulf of Maine/Bay of Fundy,Cold Temperate Northwest Atlantic,Temperate Northern Atlantic,0.014430561622607004,0.0033437913138529745,0.0033437913138529745,0.0033437913138529745,-3.7119204049220045,-4.316704072437902,-4.316704072437902,-4.316704072437902,2013-08-28,2013,2013,5.2360430950047885,hubline Site29,42
hubline,Site29,31,42.34298,-70.907045,1,2014-07-22,10,10,10,NA,3.666666666666667,3.666666666666667,8.333333333333334,0,91,91,91,2,3.666666666666667,stipe_density,"c(-70.907045, 42.34298)",Gulf of Maine/Bay of Fundy,Cold Temperate Northwest Atlantic,Temperate Northern Atlantic,0.06349447113947082,0.014712681780953089,0.014712681780953089,0.014712681780953089,-2.6105450981849407,-3.7004387346822853,-3.7004387346822853,-3.7004387346822853,2014-07-22,2014,2014,6.2360430950047885,hubline Site29,42
hubline,Site29,32,42.343695,-70.906405,1,2014-07-29,10,10,10,NA,3.8,3.8,4.9,0,91,91,91,2,3.8,stipe_density,"c(-70.906405, 42.343695)",Gulf of Maine/Bay of Fundy,Cold Temperate Northwest Atlantic,Temperate Northern Atlantic,0.06580336099908793,0.015247688391169563,0.015247688391169563,0.015247688391169563,-2.5796126469594554,-3.6790206763161932,-3.6790206763161932,-3.6790206763161932,2014-07-29,2014,2014,6.2360430950047885,hubline Site29,42
hubline,Site29,33,42.34352285714286,-70.90693357142857,1,2015-07-20,10,10,10,NA,17.678571428571427,17.678571428571427,20.839285714285715,0,91,91,91,2,17.678571428571427,stipe_density,"c(-70.9069335714286, 42.3435228571429)",Gulf of Maine/Bay of Fundy,Cold Temperate Northwest Atlantic,Temperate Northern Atlantic,0.3061340572795914,0.07093614430102381,0.07093614430102381,0.07093614430102381,-1.1515889234586931,-2.5140947771773026,-2.5140947771773026,-2.5140947771773026,2015-07-20,2015,2015,7.2360430950047885,hubline Site29,42
hubline,Site29,34,42.34393,-70.90685,1,2015-07-29,10,10,10,NA,27,27,50.25,0,91,91,91,2,27,stipe_density,"c(-70.90685, 42.34393)",Gulf of Maine/Bay of Fundy,Cold Temperate Northwest Atlantic,Temperate Northern Atlantic,0.46755019657246694,0.10833883856883637,0.10833883856883637,0.10833883856883637,-0.7390860008744896,-2.1342032561400703,-2.1342032561400703,-2.1342032561400703,2015-07-29,2015,2015,7.2360430950047885,hubline Site29,42
hubline,Site29,35,42.34347032258064,-70.90694435483871,1,2016-07-20,10,10,10,NA,4.032258064516129,4.032258064516129,32.693548387096776,0,91,91,91,2,4.032258064516129,stipe_density,"c(-70.9069443548387, 42.3434703225806)",Gulf of Maine/Bay of Fundy,Cold Temperate Northwest Atlantic,Temperate Northern Atlantic,0.06982529817390486,0.016179635389611167,0.016179635389611167,0.016179635389611167,-2.52791480504339,-3.6427734456557626,-3.6427734456557626,-3.6427734456557626,2016-07-20,2016,2016,8.236043095004788,hubline Site29,42
hubline,Site29,36,42.34379571428571,-70.90659571428571,1,2017-07-12,10,10,10,NA,2.0714285714285716,2.0714285714285716,11.821428571428573,0,91,91,91,2,2.0714285714285716,stipe_density,"c(-70.9065957142857, 42.3437957142857)",Gulf of Maine/Bay of Fundy,Cold Temperate Northwest Atlantic,Temperate Northern Atlantic,0.03587025317619456,0.00831170983729168,0.00831170983729168,0.00831170983729168,-3.0819384509595866,-4.000214541952625,-4.000214541952625,-4.000214541952625,2017-07-12,2017,2017,9.236043095004788,hubline Site29,42
hubline,Site29,37,42.34298,-70.907045,1,2017-07-13,10,10,10,NA,2.125,2.125,4.625,0,91,91,91,2,2.125,stipe_density,"c(-70.907045, 42.34298)",Gulf of Maine/Bay of Fundy,Cold Temperate Northwest Atlantic,Temperate Northern Atlantic,0.03679793213764786,0.008526667850325085,0.008526667850325085,0.008526667850325085,-3.0619162621277205,-3.9885440794464477,-3.9885440794464477,-3.9885440794464477,2017-07-13,2017,2017,9.236043095004788,hubline Site29,42
hubline,Site29,38,42.34298,-70.907045,1,2018-07-12,10,10,10,NA,2.230769230769231,2.230769230769231,9.923076923076923,0,91,91,91,2,2.230769230769231,stipe_density,"c(-70.907045, 42.34298)",Gulf of Maine/Bay of Fundy,Cold Temperate Northwest Atlantic,Temperate Northern Atlantic,0.038629503420517214,0.008951072132467963,0.008951072132467963,0.008951072132467963,-3.023524866000088,-3.965894772142877,-3.965894772142877,-3.965894772142877,2018-07-12,2018,2018,10.236043095004788,hubline Site29,42
hubline,Site29,39,42.34393,-70.90685,1,2018-08-02,10,10,10,NA,5.1875,5.1875,38.75,0,91,91,91,2,5.1875,stipe_density,"c(-70.90685, 42.34393)",Gulf of Maine/Bay of Fundy,Cold Temperate Northwest Atlantic,Temperate Northern Atlantic,0.0898302461007286,0.020815100928734766,0.020815100928734766,0.020815100928734766,-2.304284074438719,-3.479750419261441,-3.479750419261441,-3.479750419261441,2018-08-02,2018,2018,10.236043095004788,hubline Site29,42
hubline,Site29,40,42.3436024137931,-70.90691724137932,1,2019-07-17,10,10,10,NA,2.7241379310344827,2.7241379310344827,14.24137931034483,0,91,91,91,2,2.7241379310344827,stipe_density,"c(-70.9069172413793, 42.3436024137931)",Gulf of Maine/Bay of Fundy,Cold Temperate Northwest Atlantic,Temperate Northern Atlantic,0.0471730083387291,0.01093073850183662,0.01093073850183662,0.01093073850183662,-2.8616733741578737,-3.8665364587780204,-3.8665364587780204,-3.8665364587780204,2019-07-17,2019,2019,11.236043095004788,hubline Site29,42
hubline,Site29,41,42.343455,-70.9069475,1,2020-07-21,10,10,10,NA,5.40625,5.40625,31.84375,0,91,91,91,2,5.40625,stipe_density,"c(-70.9069475, 42.343455)",Gulf of Maine/Bay of Fundy,Cold Temperate Northwest Atlantic,Temperate Northern Atlantic,0.09361826852666294,0.021692846148621173,0.021692846148621173,0.021692846148621173,-2.2670416275723673,-3.4516642971120817,-3.4516642971120817,-3.4516642971120817,2020-07-21,2020,2020,12.236043095004788,hubline Site29,42
hubline,Site29,42,42.343562258064516,-70.90692548387096,1,2021-07-15,10,10,10,NA,3.5806451612903225,3.5806451612903225,31.258064516129032,0,91,91,91,2,3.5806451612903225,stipe_density,"c(-70.906925483871, 42.3435622580645)",Gulf of Maine/Bay of Fundy,Cold Temperate Northwest Atlantic,Temperate Northern Atlantic,0.06200486477842751,0.014367516225974715,0.014367516225974715,0.014367516225974715,-2.631021595881537,-3.714504335867229,-3.714504335867229,-3.714504335867229,2021-07-15,2021,2021,13.236043095004788,hubline Site29,42
keen_one,Baker North,1,42.53774,-70.7857,1,2014-07-08,8.55,7.608333333333335,6.66666666666667,2.027078773262045,25.83333333333335,25.83333333333335,81.875,60,97,97,69,2,25.83333333333335,stipe_density,"c(-70.7857, 42.53774)",Gulf of Maine/Bay of Fundy,Cold Temperate Northwest Atlantic,Temperate Northern Atlantic,0.44734741030081737,0.10365753072944227,0.10365753072944227,0.10365753072944227,-0.7823119792969815,-2.174565468411249,-2.174565468411249,-2.174565468411249,2014-07-08,2014,2014,6.2360430950047885,keen_one Baker North,11
keen_one,Baker North,2,42.535955,-70.782555,1,2014-07-09,7.51666666666667,7.483333333333335,7.45,0.362268871871113,5.583333333333335,5.583333333333335,43.125,60,97,97,69,2,5.583333333333335,stipe_density,"c(-70.782555, 42.535955)",Gulf of Maine/Bay of Fundy,Cold Temperate Northwest Atlantic,Temperate Northern Atlantic,0.09668476287146695,0.022403401802814936,0.022403401802814936,0.022403401802814936,-2.2378769343257314,-3.4294918677812873,-3.4294918677812873,-3.4294918677812873,2014-07-09,2014,2014,6.2360430950047885,keen_one Baker North,11
keen_one,Baker North,3,42.53787,-70.78437,1,2015-07-07,10.1,10.1,10.1,0.4883503610647091,9.16666666666667,9.16666666666667,63.75,60,97,97,69,2,9.16666666666667,stipe_density,"c(-70.78437, 42.53787)",Gulf of Maine/Bay of Fundy,Cold Temperate Northwest Atlantic,Temperate Northern Atlantic,0.15873617784867708,0.03678170445238273,0.03678170445238273,0.03678170445238273,-1.7794188616291033,-3.062263082996429,-3.062263082996429,-3.062263082996429,2015-07-07,2015,2015,7.2360430950047885,keen_one Baker North,11
keen_one,Baker North,4,42.53677,-70.78341,1,2015-07-09,7.18,7.18,7.18,NA,11.3333333333333,11.3333333333333,NA,60,97,97,69,2,11.3333333333333,stipe_density,"c(-70.78341, 42.53677)",Gulf of Maine/Bay of Fundy,Cold Temperate Northwest Atlantic,Temperate Northern Atlantic,0.19625563806745466,0.04547556186840032,0.04547556186840032,0.04547556186840032,-1.5786389180563418,-2.8918126818975045,-2.8918126818975045,-2.8918126818975045,2015-07-09,2015,2015,7.2360430950047885,keen_one Baker North,11
keen_one,Baker North,5,42.53502,-70.78151,1,2015-07-10,7.51666666666667,7.51666666666667,7.51666666666667,NA,15,15,NA,60,97,97,69,2,15,stipe_density,"c(-70.78151, 42.53502)",Gulf of Maine/Bay of Fundy,Cold Temperate Northwest Atlantic,Temperate Northern Atlantic,0.25975010920692604,0.06018824364935354,0.06018824364935354,0.06018824364935354,-1.310259269999022,-2.6565744513573626,-2.6565744513573626,-2.6565744513573626,2015-07-10,2015,2015,7.2360430950047885,keen_one Baker North,11
keen_one,Baker North,6,42.53761,-70.785875,1,2016-08-02,8.33333333333333,7.78095238095238,7.22857142857143,NA,7.333333333333335,7.333333333333335,NA,60,97,97,69,2,7.333333333333335,stipe_density,"c(-70.785875, 42.53761)",Gulf of Maine/Bay of Fundy,Cold Temperate Northwest Atlantic,Temperate Northern Atlantic,0.12698894227894167,0.02942536356190618,0.02942536356190618,0.02942536356190618,-1.9878550697039017,-3.2333459245672804,-3.2333459245672804,-3.2333459245672804,2016-08-02,2016,2016,8.236043095004788,keen_one Baker North,11
keen_one,Baker North,7,42.53594,-70.78181000000001,1,2016-08-04,7.725,7.2125,6.7,NA,2.5,2.5,NA,60,97,97,69,2,2.5,stipe_density,"c(-70.78181, 42.53594)",Gulf of Maine/Bay of Fundy,Cold Temperate Northwest Atlantic,Temperate Northern Atlantic,0.04329168486782101,0.010031373941558923,0.010031373941558923,0.010031373941558923,-2.9319749662128274,-3.9104555374702175,-3.9104555374702175,-3.9104555374702175,2016-08-04,2016,2016,8.236043095004788,keen_one Baker North,11
keen_one,Baker North,8,42.53781,-70.78767,1,2017-07-19,6.66666666666667,6.66666666666667,6.66666666666667,0.373995104818367,10,10,56.25,60,97,97,69,2,10,stipe_density,"c(-70.78767, 42.53781)",Gulf of Maine/Bay of Fundy,Cold Temperate Northwest Atlantic,Temperate Northern Atlantic,0.17316673947128405,0.04012549576623569,0.04012549576623569,0.04012549576623569,-1.6973583963292116,-2.993225502806097,-2.993225502806097,-2.993225502806097,2017-07-19,2017,2017,9.236043095004788,keen_one Baker North,11
keen_one,Baker North,9,42.5372,-70.784795,1,2017-07-20,8.46666666666667,8.233333333333334,8,NA,9.08333333333335,9.08333333333335,26.25,60,97,97,69,2,9.08333333333335,stipe_density,"c(-70.784795, 42.5372)",Gulf of Maine/Bay of Fundy,Cold Temperate Northwest Atlantic,Temperate Northern Atlantic,0.15729312168641663,0.03644732532099749,0.03644732532099749,0.03644732532099749,-1.7880077854841796,-3.069436397274755,-3.069436397274755,-3.069436397274755,2017-07-20,2017,2017,9.236043095004788,keen_one Baker North,11
keen_one,Baker North,10,42.3227,-70.47183,1,2018-07-10,5.52,5.52,5.52,0.218146470242476,8.66666666666667,8.66666666666667,33.75,60,97,97,69,2,8.66666666666667,stipe_density,"c(-70.47183, 42.3227)",Gulf of Maine/Bay of Fundy,Cold Temperate Northwest Atlantic,Temperate Northern Atlantic,0.1500778408751129,0.03477542966407095,0.03477542966407095,0.03477542966407095,-1.8320950765842712,-3.106095735010584,-3.106095735010584,-3.106095735010584,2018-07-10,2018,2018,10.236043095004788,keen_one Baker North,11
keen_one,Baker North,11,42.322,-70.47036,1,2018-07-11,7.9875,7.9875,7.9875,NA,1.33333333333333,1.33333333333333,16.25,60,97,97,69,2,1.33333333333333,stipe_density,"c(-70.47036, 42.322)",Gulf of Maine/Bay of Fundy,Cold Temperate Northwest Atlantic,Temperate Northern Atlantic,0.023088898596171147,0.005350066102164745,0.005350066102164745,0.005350066102164745,-3.4085574426986445,-4.176635498628253,-4.176635498628253,-4.176635498628253,2018-07-11,2018,2018,10.236043095004788,keen_one Baker North,11
keen_one,Baker South,1,42.53066,-70.78569,1,2014-07-10,7.775,7.775,7.775,0.163885675689244,6.5,6.5,36.25,60,97,97,69,2,6.5,stipe_density,"c(-70.78569, 42.53066)",Gulf of Maine/Bay of Fundy,Cold Temperate Northwest Atlantic,Temperate Northern Atlantic,0.11255838065633463,0.0260815722480532,0.0260815722480532,0.0260815722480532,-2.099167785737599,-3.321973008017274,-3.321973008017274,-3.321973008017274,2014-07-10,2014,2014,6.2360430950047885,keen_one Baker South,9
keen_one,Baker South,2,42.53225,-70.782655,1,2014-07-11,7.7,7.66,7.62,0.2541320189851235,6,6,38.125,60,97,97,69,2,6,stipe_density,"c(-70.782655, 42.53225)",Gulf of Maine/Bay of Fundy,Cold Temperate Northwest Atlantic,Temperate Northern Atlantic,0.10390004368277042,0.024075297459741414,0.024075297459741414,0.024075297459741414,-2.1724340250104577,-3.3791825718781006,-3.3791825718781006,-3.3791825718781006,2014-07-11,2014,2014,6.2360430950047885,keen_one Baker South,9
keen_one,Baker South,3,42.53191,-70.783185,1,2015-07-09,7.475,7.3275,7.18,NA,8.75,8.75,NA,60,97,97,69,2,8.75,stipe_density,"c(-70.783185, 42.53191)",Gulf of Maine/Bay of Fundy,Cold Temperate Northwest Atlantic,Temperate Northern Atlantic,0.15152089703737354,0.03510980879545623,0.03510980879545623,0.03510980879545623,-1.8231207512697627,-3.0986555661995845,-3.0986555661995845,-3.0986555661995845,2015-07-09,2015,2015,7.2360430950047885,keen_one Baker South,9
keen_one,Baker South,4,42.5319705,-70.78454475,1,2016-08-03,8.9,8.060664335664338,7.5,NA,7.083333333333332,7.083333333333332,NA,60,97,97,69,2,7.083333333333332,stipe_density,"c(-70.78454475, 42.5319705)",Gulf of Maine/Bay of Fundy,Cold Temperate Northwest Atlantic,Temperate Northern Atlantic,0.1226597737921595,0.028422226167750277,0.028422226167750277,0.028422226167750277,-2.0199675200560927,-3.2591191803804715,-3.2591191803804715,-3.2591191803804715,2016-08-03,2016,2016,8.236043095004788,keen_one Baker South,9
keen_one,Baker South,5,42.531355,-70.78394499999999,1,2017-07-26,8.5,8.24375,7.9875,0.044266473812829346,1.1666666666666665,1.1666666666666665,10,60,97,97,69,2,1.1666666666666665,stipe_density,"c(-70.783945, 42.531355)",Gulf of Maine/Bay of Fundy,Cold Temperate Northwest Atlantic,Temperate Northern Atlantic,0.020202786271649804,0.0046813078393941636,0.0046813078393941636,0.0046813078393941636,-3.4998210982064095,-4.221180169887048,-4.221180169887048,-4.221180169887048,2017-07-26,2017,2017,9.236043095004788,keen_one Baker South,9
keen_one,Baker South,6,42.53159,-70.78199,1,2017-07-31,7.51666666666667,7.51666666666667,7.51666666666667,0.475492920183164,19,19,20,60,97,97,69,2,19,stipe_density,"c(-70.78199, 42.53159)",Gulf of Maine/Bay of Fundy,Cold Temperate Northwest Atlantic,Temperate Northern Atlantic,0.32901680499543967,0.07623844195584782,0.07623844195584782,0.07623844195584782,-1.0817056005724164,-2.4506392383593263,-2.4506392383593263,-2.4506392383593263,2017-07-31,2017,2017,9.236043095004788,keen_one Baker South,9
keen_one,Baker South,7,42.31792,-70.47157,1,2018-07-03,7.22857142857143,7.22857142857143,7.22857142857143,NA,5.16666666666667,5.16666666666667,NA,60,97,97,69,2,5.16666666666667,stipe_density,"c(-70.47157, 42.31792)",Gulf of Maine/Bay of Fundy,Cold Temperate Northwest Atlantic,Temperate Northern Atlantic,0.08946948206016347,0.020731506145888454,0.020731506145888454,0.020731506145888454,-2.307904394826812,-3.4824668918088335,-3.4824668918088335,-3.4824668918088335,2018-07-03,2018,2018,10.236043095004788,keen_one Baker South,9
keen_one,Baker South,8,42.31831,-70.4707,1,2018-07-05,7.52727272727273,7.52727272727273,7.52727272727273,NA,1.166666666666667,1.166666666666667,NA,60,97,97,69,2,1.166666666666667,stipe_density,"c(-70.4707, 42.31831)",Gulf of Maine/Bay of Fundy,Cold Temperate Northwest Atlantic,Temperate Northern Atlantic,0.02020278627164981,0.004681307839394165,0.004681307839394165,0.004681307839394165,-3.499821098206409,-4.221180169887048,-4.221180169887048,-4.221180169887048,2018-07-05,2018,2018,10.236043095004788,keen_one Baker South,9
keen_one,Baker South,9,42.31937,-70.46893,1,2018-07-09,9.03333333333333,8.13095238095238,7.22857142857143,NA,5.999999999999998,5.999999999999998,NA,60,97,97,69,2,5.999999999999998,stipe_density,"c(-70.46893, 42.31937)",Gulf of Maine/Bay of Fundy,Cold Temperate Northwest Atlantic,Temperate Northern Atlantic,0.1039000436827704,0.024075297459741407,0.024075297459741407,0.024075297459741407,-2.172434025010458,-3.3791825718781006,-3.3791825718781006,-3.3791825718781006,2018-07-09,2018,2018,10.236043095004788,keen_one Baker South,9
keen_one,Calf Island,1,42.344483333333336,-70.893265,1,2014-07-24,8.85,8.205128205128206,7.45,0.5552351104131622,8.666666666666668,8.666666666666668,60.416666666666664,60,97,97,69,2,8.666666666666668,stipe_density,"c(-70.893265, 42.3444833333333)",Gulf of Maine/Bay of Fundy,Cold Temperate Northwest Atlantic,Temperate Northern Atlantic,0.15007784087511286,0.03477542966407094,0.03477542966407094,0.03477542966407094,-1.8320950765842714,-3.1060957350105842,-3.1060957350105842,-3.1060957350105842,2014-07-24,2014,2014,6.2360430950047885,keen_one Calf Island,8
keen_one,Calf Island,2,42.34147996176026,-70.89328496251255,1,2015-07-14,8.675,8.075,7.475,0.6587842706461713,10.41666666666667,10.41666666666667,35,60,97,97,69,2,10.41666666666667,stipe_density,"c(-70.8932849625126, 42.3414799617603)",Gulf of Maine/Bay of Fundy,Cold Temperate Northwest Atlantic,Temperate Northern Atlantic,0.1803820202825876,0.04179739142316219,0.04179739142316219,0.04179739142316219,-1.6587225923727176,-2.9604154896109502,-2.9604154896109502,-2.9604154896109502,2015-07-14,2015,2015,7.2360430950047885,keen_one Calf Island,8
keen_one,Calf Island,3,42.342275,-70.891011,1,2016-08-25,7.42,7.42,7.42,1.147193589951456,13,13,NA,60,97,97,69,2,13,stipe_density,"c(-70.891011, 42.342275)",Gulf of Maine/Bay of Fundy,Cold Temperate Northwest Atlantic,Temperate Northern Atlantic,0.22511676131266925,0.0521631444961064,0.0521631444961064,0.0521631444961064,-1.4476730315807163,-2.7779929870705318,-2.7779929870705318,-2.7779929870705318,2016-08-25,2016,2016,8.236043095004788,keen_one Calf Island,8
keen_one,Calf Island,4,42.343802,-70.8912,1,2016-08-29,7.6,7.6,7.6,NA,11.333333333333368,11.333333333333368,NA,60,97,97,69,2,11.333333333333368,stipe_density,"c(-70.8912, 42.343802)",Gulf of Maine/Bay of Fundy,Cold Temperate Northwest Atlantic,Temperate Northern Atlantic,0.19625563806745583,0.04547556186840059,0.04547556186840059,0.04547556186840059,-1.5786389180563363,-2.8918126818974996,-2.8918126818974996,-2.8918126818974996,2016-08-29,2016,2016,8.236043095004788,keen_one Calf Island,8
keen_one,Calf Island,5,42.345715,-70.89132,1,2016-08-30,6.4,6.4,6.4,0.5017000868503275,6.999999999999997,6.999999999999997,83.75,60,97,97,69,2,6.999999999999997,stipe_density,"c(-70.89132, 42.345715)",Gulf of Maine/Bay of Fundy,Cold Temperate Northwest Atlantic,Temperate Northern Atlantic,0.12121671762989879,0.028087847036364973,0.028087847036364973,0.028087847036364973,-2.030904989629915,-3.2678600231564543,-3.2678600231564543,-3.2678600231564543,2016-08-30,2016,2016,8.236043095004788,keen_one Calf Island,8
keen_one,Calf Island,6,42.340155,-70.89377,1,2016-09-01,8.675,8.675,8.675,NA,7.166666666666667,7.166666666666667,NA,60,97,97,69,2,7.166666666666667,stipe_density,"c(-70.89377, 42.340155)",Gulf of Maine/Bay of Fundy,Cold Temperate Northwest Atlantic,Temperate Northern Atlantic,0.12410282995442024,0.028756605299135582,0.028756605299135582,0.028756605299135582,-2.0091483856030803,-3.2504540783767912,-3.2504540783767912,-3.2504540783767912,2016-09-01,2016,2016,8.236043095004788,keen_one Calf Island,8
keen_one,Calf Island,7,42.344665,-70.89315500000001,1,2017-08-02,8.4,7.6875,6.975,0.3247407947035246,4.2500000000000036,4.2500000000000036,52.5,60,97,97,69,2,4.2500000000000036,stipe_density,"c(-70.893155, 42.344665)",Gulf of Maine/Bay of Fundy,Cold Temperate Northwest Atlantic,Temperate Northern Atlantic,0.07359586427529578,0.017053335700650183,0.017053335700650183,0.017053335700650183,-2.4817612305063803,-3.6099449651870854,-3.6099449651870854,-3.6099449651870854,2017-08-02,2017,2017,9.236043095004788,keen_one Calf Island,8
keen_one,Calf Island,8,42.34119,-70.892685,1,2017-08-03,8.1,7.7875,7.475,NA,3.91666666666667,3.91666666666667,40,60,97,97,69,2,3.91666666666667,stipe_density,"c(-70.892685, 42.34119)",Gulf of Maine/Bay of Fundy,Cold Temperate Northwest Atlantic,Temperate Northern Atlantic,0.06782363962625297,0.015715819175108992,0.015715819175108992,0.015715819175108992,-2.5533100427140445,-3.6606489443377392,-3.6606489443377392,-3.6606489443377392,2017-08-03,2017,2017,9.236043095004788,keen_one Calf Island,8
keen_one,Fort Weatherill,1,41.4770646044823,-71.36499603512735,1,2016-08-23,8.31538461538462,7.39519230769231,6.475,0.2652675134135971,8.666666666666664,8.666666666666664,10,60,97,97,69,2,8.666666666666664,stipe_density,"c(-71.3649960351273, 41.4770646044823)",Virginian,Cold Temperate Northwest Atlantic,Temperate Northern Atlantic,0.03477542966407093,0.03477542966407093,0.03477542966407093,0.03477542966407093,-3.1060957350105842,-3.1060957350105842,-3.1060957350105842,-3.1060957350105842,2016-08-23,2016,2016,8.236043095004788,keen_one Fort Weatherill,10
keen_one,Fort Weatherill,2,41.4777983076676,-71.3605790080763,1,2016-08-24,8.31538461538462,8.31538461538462,8.31538461538462,0.027196194061452003,1.9999999999999964,1.9999999999999964,NA,60,97,97,69,2,1.9999999999999964,stipe_density,"c(-71.3605790080763, 41.4777983076676)",Virginian,Cold Temperate Northwest Atlantic,Temperate Northern Atlantic,0.008025099153247124,0.008025099153247124,0.008025099153247124,0.008025099153247124,-4.0159900949526275,-4.0159900949526275,-4.0159900949526275,-4.0159900949526275,2016-08-24,2016,2016,8.236043095004788,keen_one Fort Weatherill,10
keen_one,Fort Weatherill,3,41.4770930220363,-71.36499603443934,1,2017-08-29,7.9875,7.757386363636365,7.52727272727273,0.0275619229782606,1.4166666666666685,1.4166666666666685,3.125,60,97,97,69,2,1.4166666666666685,stipe_density,"c(-71.3649960344393, 41.4770930220363)",Virginian,Cold Temperate Northwest Atlantic,Temperate Northern Atlantic,0.005684445233550064,0.005684445233550064,0.005684445233550064,0.005684445233550064,-4.155085807199936,-4.155085807199936,-4.155085807199936,-4.155085807199936,2017-08-29,2017,2017,9.236043095004788,keen_one Fort Weatherill,10
keen_one,Fort Weatherill,4,41.4778265132492,-71.3605790073976,1,2017-08-31,8.31538461538462,8.082692307692309,7.85,0.16343062894712895,4.166666666666663,4.166666666666663,13.75,60,97,97,69,2,4.166666666666663,stipe_density,"c(-71.3605790073976, 41.4778265132492)",Virginian,Cold Temperate Northwest Atlantic,Temperate Northern Atlantic,0.016718956569264858,0.016718956569264858,0.016718956569264858,0.016718956569264858,-3.6223819816276497,-3.6223819816276497,-3.6223819816276497,-3.6223819816276497,2017-08-31,2017,2017,9.236043095004788,keen_one Fort Weatherill,10
keen_one,Fort Weatherill,5,41.4781861111111,-71.3616694444444,1,2018-09-07,7.52727272727273,7.52727272727273,7.52727272727273,0.0104009732295519,1.16666666666667,1.16666666666667,10,60,97,97,69,2,1.16666666666667,stipe_density,"c(-71.3616694444444, 41.4781861111111)",Virginian,Cold Temperate Northwest Atlantic,Temperate Northern Atlantic,0.0046813078393941774,0.0046813078393941774,0.0046813078393941774,0.0046813078393941774,-4.221180169887047,-4.221180169887047,-4.221180169887047,-4.221180169887047,2018-09-07,2018,2018,10.236043095004788,keen_one Fort Weatherill,10
keen_one,Fort Weatherill,6,41.4771625,-71.3649763888888,1,2018-09-10,7.9875,7.731249999999999,7.475,0.10587788711948981,7.833333333333331,7.833333333333331,2.5,60,97,97,69,2,7.833333333333331,stipe_density,"c(-71.3649763888888, 41.4771625)",Virginian,Cold Temperate Northwest Atlantic,Temperate Northern Atlantic,0.03143163835021795,0.03143163835021795,0.03143163835021795,0.03143163835021795,-3.1837104786537607,-3.1837104786537607,-3.1837104786537607,-3.1837104786537607,2018-09-10,2018,2018,10.236043095004788,keen_one Fort Weatherill,10
keen_one,Fort Weatherill,7,41.4774972222222,-71.3594166666666,1,2018-09-24,8.31538461538462,8.31538461538462,8.31538461538462,NA,6.16666666666667,6.16666666666667,8.75,60,97,97,69,2,6.16666666666667,stipe_density,"c(-71.3594166666666, 41.4774972222222)",Virginian,Cold Temperate Northwest Atlantic,Temperate Northern Atlantic,0.024744055722512023,0.024744055722512023,0.024744055722512023,0.024744055722512023,-3.359746779948461,-3.359746779948461,-3.359746779948461,-3.359746779948461,2018-09-24,2018,2018,10.236043095004788,keen_one Fort Weatherill,10
keen_one,Fort Weatherill,8,41.47833333,-71.36027778,1,2019-09-06,7.3152,7.3152,7.3152,NA,0.833333333333333,0.833333333333333,2.5,60,97,97,69,2,0.833333333333333,stipe_density,"c(-71.36027778, 41.47833333)",Virginian,Cold Temperate Northwest Atlantic,Temperate Northern Atlantic,0.003343791313852973,0.003343791313852973,0.003343791313852973,0.003343791313852973,-4.316704072437902,-4.316704072437902,-4.316704072437902,-4.316704072437902,2019-09-06,2019,2019,11.236043095004788,keen_one Fort Weatherill,10
keen_one,Fort Weatherill,9,41.47823472,-71.35983055499995,1,2019-09-11,16,11.6576,7.3152,NA,5.416666666666666,5.416666666666666,NA,60,97,97,69,2,5.416666666666666,stipe_density,"c(-71.359830555, 41.47823472)",Virginian,Cold Temperate Northwest Atlantic,Temperate Northern Atlantic,0.02173464354004433,0.02173464354004433,0.02173464354004433,0.02173464354004433,-3.450346338678647,-3.450346338678647,-3.450346338678647,-3.450346338678647,2019-09-11,2019,2019,11.236043095004788,keen_one Fort Weatherill,10
keen_one,Fort Weatherill,10,41.4773986111111,-71.36290972222216,1,2019-09-16,8.8392,8.1534,7.4676,0.7679178825656778,11.249999999999998,11.249999999999998,42.5,60,97,97,69,2,11.249999999999998,stipe_density,"c(-71.3629097222222, 41.4773986111111)",Virginian,Cold Temperate Northwest Atlantic,Temperate Northern Atlantic,0.045141182737015145,0.045141182737015145,0.045141182737015145,0.045141182737015145,-2.897858423906424,-2.897858423906424,-2.897858423906424,-2.897858423906424,2019-09-16,2019,2019,11.236043095004788,keen_one Fort Weatherill,10
keen_one,Hurricane Island,1,44.0404,-68.891345,1,2017-07-20,7.52727272727273,7.4736363636363645,7.42,0.6287736055736948,5.333333333333335,5.333333333333335,67.5,60,97,97,69,2,5.333333333333335,stipe_density,"c(-68.891345, 44.0404)",Gulf of Maine/Bay of Fundy,Cold Temperate Northwest Atlantic,Temperate Northern Atlantic,0.09235559438468485,0.021400264408659043,0.021400264408659043,0.021400264408659043,-2.279302309016532,-3.4609389654454517,-3.4609389654454517,-3.4609389654454517,2017-07-20,2017,2017,9.236043095004788,keen_one Hurricane Island,5
keen_one,Hurricane Island,2,44.03941,-68.89541,1,2017-07-27,5.83333333333333,5.83333333333333,5.83333333333333,0.8801324859034317,13.83333333333337,13.83333333333337,88.75,60,97,97,69,2,13.83333333333337,stipe_density,"c(-68.89541, 44.03941)",Gulf of Maine/Bay of Fundy,Cold Temperate Northwest Atlantic,Temperate Northern Atlantic,0.2395473229352769,0.055506935809959516,0.055506935809959516,0.055506935809959516,-1.3881067106925753,-2.7255992517185157,-2.7255992517185157,-2.7255992517185157,2017-07-27,2017,2017,9.236043095004788,keen_one Hurricane Island,5
keen_one,Hurricane Island,3,44.03881,-68.89272,1,2017-08-03,5.83333333333333,5.83333333333333,5.83333333333333,NA,6,6,76.25,60,97,97,69,2,6,stipe_density,"c(-68.89272, 44.03881)",Gulf of Maine/Bay of Fundy,Cold Temperate Northwest Atlantic,Temperate Northern Atlantic,0.10390004368277042,0.024075297459741414,0.024075297459741414,0.024075297459741414,-2.1724340250104577,-3.3791825718781006,-3.3791825718781006,-3.3791825718781006,2017-08-03,2017,2017,9.236043095004788,keen_one Hurricane Island,5
keen_one,Hurricane Island,4,44.04001133333333,-68.89277233333334,1,2020-08-17,7.9875,6.979166666666666,6.475,0.07929368996947775,1.611111111111109,1.611111111111109,28.75,60,97,97,69,2,1.611111111111109,stipe_density,"c(-68.8927723333333, 44.0400113333333)",Gulf of Maine/Bay of Fundy,Cold Temperate Northwest Atlantic,Temperate Northern Atlantic,0.027899085803706834,0.006464663206782409,0.006464663206782409,0.006464663206782409,-3.272828288458905,-4.106538818462781,-4.106538818462781,-4.106538818462781,2020-08-17,2020,2020,12.236043095004788,keen_one Hurricane Island,5
keen_one,Hurricane Island,5,44.039867,-68.892833,1,2020-08-18,4,4,4,0.157222633726932,4,4,26.25,60,97,97,69,2,4,stipe_density,"c(-68.892833, 44.039867)",Gulf of Maine/Bay of Fundy,Cold Temperate Northwest Atlantic,Temperate Northern Atlantic,0.06926669578851362,0.016050198306494276,0.016050198306494276,0.016050198306494276,-2.5349372160027968,-3.647729898278367,-3.647729898278367,-3.647729898278367,2020-08-18,2020,2020,12.236043095004788,keen_one Hurricane Island,5
keen_one,King's Beach,1,41.450795,-71.33143,1,2019-09-27,9999,5003.1576000000005,7.3152,NA,4.416666666666667,4.416666666666667,8.75,60,97,97,69,2,4.416666666666667,stipe_density,"c(-71.33143, 41.450795)",Virginian,Cold Temperate Northwest Atlantic,Temperate Northern Atlantic,0.017722093963420765,0.017722093963420765,0.017722093963420765,0.017722093963420765,-3.585525567707478,-3.585525567707478,-3.585525567707478,-3.585525567707478,2019-09-27,2019,2019,11.236043095004788,keen_one King's Beach,2
keen_one,King's Beach,2,41.450199999999995,-71.33848,1,2019-09-30,9999,9999,9999,0.219162312940839,11.916666666666664,11.916666666666664,19.375,60,97,97,69,2,11.916666666666664,stipe_density,"c(-71.33848, 41.4502)",Virginian,Cold Temperate Northwest Atlantic,Temperate Northern Atlantic,0.04781621578809753,0.04781621578809753,0.04781621578809753,0.04781621578809753,-2.850485992683503,-2.850485992683503,-2.850485992683503,-2.850485992683503,2019-09-30,2019,2019,11.236043095004788,keen_one King's Beach,2
keen_one,Little Brewster,1,42.328328,-70.889055,1,2014-08-08,8.35,8.0375,7.725,0.698913821270752,6.166666666666665,6.166666666666665,60,60,97,97,69,2,6.166666666666665,stipe_density,"c(-70.889055, 42.328328)",Gulf of Maine/Bay of Fundy,Cold Temperate Northwest Atlantic,Temperate Northern Atlantic,0.1067861560072918,0.024744055722512006,0.024744055722512006,0.024744055722512006,-2.1474107429477605,-3.3597467799484617,-3.3597467799484617,-3.3597467799484617,2014-08-08,2014,2014,6.2360430950047885,keen_one Little Brewster,8
keen_one,Little Brewster,2,42.327512567862854,-70.8901525614783,1,2015-07-15,7.85,7.515,7.18,NA,5.500000000000002,5.500000000000002,27.5,60,97,97,69,2,5.500000000000002,stipe_density,"c(-70.8901525614783, 42.3275125678629)",Gulf of Maine/Bay of Fundy,Cold Temperate Northwest Atlantic,Temperate Northern Atlantic,0.09524170670920626,0.022069022671429638,0.022069022671429638,0.022069022671429638,-2.2514956056362774,-3.439864740595522,-3.439864740595522,-3.439864740595522,2015-07-15,2015,2015,7.2360430950047885,keen_one Little Brewster,8
keen_one,Little Brewster,3,42.3271982464939,-70.89031194336705,1,2015-07-17,7.725,7.35,6.975,NA,8.5,8.5,NA,60,97,97,69,2,8.5,stipe_density,"c(-70.890311943367, 42.3271982464939)",Gulf of Maine/Bay of Fundy,Cold Temperate Northwest Atlantic,Temperate Northern Atlantic,0.14719172855059143,0.03410667140130034,0.03410667140130034,0.03410667140130034,-1.8502890177340228,-3.1211442290297913,-3.1211442290297913,-3.1211442290297913,2015-07-17,2015,2015,7.2360430950047885,keen_one Little Brewster,8
keen_one,Little Brewster,4,42.328099,-70.888049,1,2016-08-25,6.4,6.4,6.4,NA,8.33333333333333,8.33333333333333,NA,60,97,97,69,2,8.33333333333333,stipe_density,"c(-70.888049, 42.328099)",Gulf of Maine/Bay of Fundy,Cold Temperate Northwest Atlantic,Temperate Northern Atlantic,0.14430561622607,0.03343791313852973,0.03343791313852973,0.03343791313852973,-1.868820122180342,-3.136422644599514,-3.136422644599514,-3.136422644599514,2016-08-25,2016,2016,8.236043095004788,keen_one Little Brewster,8
keen_one,Little Brewster,5,42.3269,-70.888444,1,2016-08-29,7.85,7.85,7.85,NA,9.83333333333333,9.83333333333333,NA,60,97,97,69,2,9.83333333333333,stipe_density,"c(-70.888444, 42.3269)",Gulf of Maine/Bay of Fundy,Cold Temperate Northwest Atlantic,Temperate Northern Atlantic,0.1702806271467626,0.03945673750346509,0.03945673750346509,0.03945673750346509,-1.7132406024284283,-3.006656981388272,-3.006656981388272,-3.006656981388272,2016-08-29,2016,2016,8.236043095004788,keen_one Little Brewster,8
keen_one,Little Brewster,6,42.326938,-70.890339,1,2016-08-30,7.725,7.725,7.725,NA,3.66666666666667,3.66666666666667,NA,60,97,97,69,2,3.66666666666667,stipe_density,"c(-70.890339, 42.326938)",Gulf of Maine/Bay of Fundy,Cold Temperate Northwest Atlantic,Temperate Northern Atlantic,0.06349447113947088,0.0147126817809531,0.0147126817809531,0.0147126817809531,-2.6105450981849403,-3.700438734682285,-3.700438734682285,-3.700438734682285,2016-08-30,2016,2016,8.236043095004788,keen_one Little Brewster,8
keen_one,Little Brewster,7,42.327162,-70.891487,1,2016-09-01,6.975,6.975,6.975,NA,6.500000000000003,6.500000000000003,NA,60,97,97,69,2,6.500000000000003,stipe_density,"c(-70.891487, 42.327162)",Gulf of Maine/Bay of Fundy,Cold Temperate Northwest Atlantic,Temperate Northern Atlantic,0.11255838065633467,0.02608157224805321,0.02608157224805321,0.02608157224805321,-2.0991677857375985,-3.3219730080172734,-3.3219730080172734,-3.3219730080172734,2016-09-01,2016,2016,8.236043095004788,keen_one Little Brewster,8
keen_one,Little Brewster,8,42.326845,-70.891005,1,2017-08-07,8,6.916666666666665,5.83333333333333,0.1252633460248487,2.666666666666665,2.666666666666665,16.25,60,97,97,69,2,2.666666666666665,stipe_density,"c(-70.891005, 42.326845)",Gulf of Maine/Bay of Fundy,Cold Temperate Northwest Atlantic,Temperate Northern Atlantic,0.046177797192342385,0.010700132204329513,0.010700132204329513,0.010700132204329513,-2.8792336678942307,-3.8776151920486233,-3.8776151920486233,-3.8776151920486233,2017-08-07,2017,2017,9.236043095004788,keen_one Little Brewster,8
keen_one,NE Appledore,1,42.990348986499995,-70.61094897800001,1,2014-07-18,9.8,9.18,8.56,0.2830898423262585,13.66666666666665,13.66666666666665,75,60,97,97,69,2,13.66666666666665,stipe_density,"c(-70.610948978, 42.9903489865)",Gulf of Maine/Bay of Fundy,Cold Temperate Northwest Atlantic,Temperate Northern Atlantic,0.23666121061075457,0.05483817754718871,0.05483817754718871,0.05483817754718871,-1.3997395008422528,-2.735860689431496,-2.735860689431496,-2.735860689431496,2014-07-18,2014,2014,6.2360430950047885,keen_one NE Appledore,10
keen_one,NE Appledore,2,42.992762011,-70.611665966,1,2014-07-19,8.56,8.56,8.56,0.029191062428597238,1.83333333333333,1.83333333333333,6.25,60,97,97,69,2,1.83333333333333,stipe_density,"c(-70.611665966, 42.992762011)",Gulf of Maine/Bay of Fundy,Cold Temperate Northwest Atlantic,Temperate Northern Atlantic,0.03174723556973535,0.00735634089047653,0.00735634089047653,0.00735634089047653,-3.176122043776064,-4.053797370165136,-4.053797370165136,-4.053797370165136,2014-07-19,2014,2014,6.2360430950047885,keen_one NE Appledore,10
keen_one,NE Appledore,3,42.99306904,-70.613883985,1,2014-07-21,7.42,7.42,7.42,NA,2.5,2.5,10,60,97,97,69,2,2.5,stipe_density,"c(-70.613883985, 42.99306904)",Gulf of Maine/Bay of Fundy,Cold Temperate Northwest Atlantic,Temperate Northern Atlantic,0.04329168486782101,0.010031373941558923,0.010031373941558923,0.010031373941558923,-2.9319749662128274,-3.9104555374702175,-3.9104555374702175,-3.9104555374702175,2014-07-21,2014,2014,6.2360430950047885,keen_one NE Appledore,10
keen_one,NE Appledore,4,42.9902,-70.61115000000001,1,2016-08-08,8,7.333333333333335,6.66666666666667,NA,4.916666666666663,4.916666666666663,NA,60,97,97,69,2,4.916666666666663,stipe_density,"c(-70.61115, 42.9902)",Gulf of Maine/Bay of Fundy,Cold Temperate Northwest Atlantic,Temperate Northern Atlantic,0.08514031357338127,0.019728368751732537,0.019728368751732537,0.019728368751732537,-2.352402492068137,-3.515653512238575,-3.515653512238575,-3.515653512238575,2016-08-08,2016,2016,8.236043095004788,keen_one NE Appledore,10
keen_one,NE Appledore,5,42.99472,-70.61183,1,2016-08-09,8.675,7.951785714285716,7.22857142857143,0.12038411958464224,5.583333333333332,5.583333333333332,33.75,60,97,97,69,2,5.583333333333332,stipe_density,"c(-70.61183, 42.99472)",Gulf of Maine/Bay of Fundy,Cold Temperate Northwest Atlantic,Temperate Northern Atlantic,0.0966847628714669,0.022403401802814922,0.022403401802814922,0.022403401802814922,-2.237876934325732,-3.429491867781288,-3.429491867781288,-3.429491867781288,2016-08-09,2016,2016,8.236043095004788,keen_one NE Appledore,10
keen_one,NE Appledore,6,42.990404999999996,-70.610795,1,2017-08-15,10.2,8.858333333333334,7.51666666666667,0.414163033081677,10.666666666666666,10.666666666666666,43.75,60,97,97,69,2,10.666666666666666,stipe_density,"c(-70.610795, 42.990405)",Gulf of Maine/Bay of Fundy,Cold Temperate Northwest Atlantic,Temperate Northern Atlantic,0.18471118876936962,0.04280052881731807,0.04280052881731807,0.04280052881731807,-1.6362379015403414,-2.941234072840567,-2.941234072840567,-2.941234072840567,2017-08-15,2017,2017,9.236043095004788,keen_one NE Appledore,10
keen_one,NE Appledore,7,42.99277,-70.61249000000001,1,2017-08-16,7.775,7.220833333333335,6.66666666666667,0.3192322637280847,8.499999999999982,8.499999999999982,35,60,97,97,69,2,8.499999999999982,stipe_density,"c(-70.61249, 42.99277)",Gulf of Maine/Bay of Fundy,Cold Temperate Northwest Atlantic,Temperate Northern Atlantic,0.14719172855059112,0.03410667140130027,0.03410667140130027,0.03410667140130027,-1.8502890177340248,-3.1211442290297926,-3.1211442290297926,-3.1211442290297926,2017-08-16,2017,2017,9.236043095004788,keen_one NE Appledore,10
keen_one,NE Appledore,8,42.98966,-70.610375,1,2019-08-13,8.56,8.56,8.56,0.049239572969967,1.66666666666667,1.66666666666667,10,60,97,97,69,2,1.66666666666667,stipe_density,"c(-70.610375, 42.98966)",Gulf of Maine/Bay of Fundy,Cold Temperate Northwest Atlantic,Temperate Northern Atlantic,0.028861123245214067,0.006687582627705963,0.006687582627705963,0.006687582627705963,-3.2477609305299935,-4.093090391360911,-4.093090391360911,-4.093090391360911,2019-08-13,2019,2019,11.236043095004788,keen_one NE Appledore,10
keen_one,NE Appledore,9,42.99281,-70.61269,1,2019-08-15,9999,5003.733333333334,8.46666666666667,0.12500806793692,2.416666666666665,2.416666666666665,NA,60,97,97,69,2,2.416666666666665,stipe_density,"c(-70.61269, 42.99281)",Gulf of Maine/Bay of Fundy,Cold Temperate Northwest Atlantic,Temperate Northern Atlantic,0.04184862870556028,0.00969699481017362,0.00969699481017362,0.00969699481017362,-2.959426791993651,-3.927289202581702,-3.927289202581702,-3.927289202581702,2019-08-15,2019,2019,11.236043095004788,keen_one NE Appledore,10
keen_one,NE Appledore,10,42.75982966666667,-70.61122666666667,1,2021-08-03,8.96666666666667,8.429166666666667,7.9875,0.1655356160014395,8.555555555555559,8.555555555555559,46.25,60,97,97,69,2,8.555555555555559,stipe_density,"c(-70.6112266666667, 42.7598296666667)",Gulf of Maine/Bay of Fundy,Cold Temperate Northwest Atlantic,Temperate Northern Atlantic,0.14815376599209862,0.034329590822223886,0.034329590822223886,0.034329590822223886,-1.844187516728045,-3.1161028605356766,-3.1161028605356766,-3.1161028605356766,2021-08-03,2021,2021,13.236043095004788,keen_one NE Appledore,10
keen_one,NW Appledore,1,42.9906409945,-70.618034491,1,2014-07-18,11.4,10.4,9.4,NA,2.5833333333333335,2.5833333333333335,NA,60,97,97,69,2,2.5833333333333335,stipe_density,"c(-70.618034491, 42.9906409945)",Gulf of Maine/Bay of Fundy,Cold Temperate Northwest Atlantic,Temperate Northern Atlantic,0.044734741030081716,0.010365753072944222,0.010365753072944222,0.010365753072944222,-2.9052566517772362,-3.8939005597810636,-3.8939005597810636,-3.8939005597810636,2014-07-18,2014,2014,6.2360430950047885,keen_one NW Appledore,12
keen_one,NW Appledore,2,42.992212493,-70.6165910045,1,2014-07-21,8.96666666666667,8.333333333333336,7.7,0.11701352398107229,6.2500000000000036,6.2500000000000036,25,60,97,97,69,2,6.2500000000000036,stipe_density,"c(-70.6165910045, 42.992212493)",Gulf of Maine/Bay of Fundy,Cold Temperate Northwest Atlantic,Temperate Northern Atlantic,0.10822921216955259,0.02507843485389732,0.02507843485389732,0.02507843485389732,-2.135130062670274,-3.3501687289530513,-3.3501687289530513,-3.3501687289530513,2014-07-21,2014,2014,6.2360430950047885,keen_one NW Appledore,12
keen_one,NW Appledore,3,42.99165548756713,-70.61738552525634,1,2015-08-10,9.6,8.6,7.85,0.14817945703151517,4.722222222222223,4.722222222222223,34.583333333333336,60,97,97,69,2,4.722222222222223,stipe_density,"c(-70.6173855252563, 42.9916554875671)",Gulf of Maine/Bay of Fundy,Cold Temperate Northwest Atlantic,Temperate Northern Atlantic,0.08177318252810636,0.018948150778500192,0.018948150778500192,0.018948150778500192,-2.388435153357235,-3.5422489533936377,-3.5422489533936377,-3.5422489533936377,2015-08-10,2015,2015,7.2360430950047885,keen_one NW Appledore,12
keen_one,NW Appledore,4,42.9902022611349,-70.618576426059,1,2015-08-12,7.18,7.18,7.18,NA,3.33333333333333,3.33333333333333,NA,60,97,97,69,2,3.33333333333333,stipe_density,"c(-70.618576426059, 42.9902022611349)",Gulf of Maine/Bay of Fundy,Cold Temperate Northwest Atlantic,Temperate Northern Atlantic,0.05772224649042795,0.013375165255411884,0.013375165255411884,0.013375165255411884,-2.6923405490478713,-3.756081134082136,-3.756081134082136,-3.756081134082136,2015-08-12,2015,2015,7.2360430950047885,keen_one NW Appledore,12
keen_one,NW Appledore,5,42.989512500000004,-70.6188,1,2016-08-09,8.31538461538462,8.082692307692309,7.85,0.16554977195593984,3.66666666666667,3.66666666666667,39.375,60,97,97,69,2,3.66666666666667,stipe_density,"c(-70.6188, 42.9895125)",Gulf of Maine/Bay of Fundy,Cold Temperate Northwest Atlantic,Temperate Northern Atlantic,0.06349447113947088,0.0147126817809531,0.0147126817809531,0.0147126817809531,-2.6105450981849403,-3.700438734682285,-3.700438734682285,-3.700438734682285,2016-08-09,2016,2016,8.236043095004788,keen_one NW Appledore,12
keen_one,NW Appledore,6,42.992155,-70.61671000000001,1,2016-08-11,8.33333333333333,7.891666666666666,7.45,0.0906249921395018,4.5,4.5,23.125,60,97,97,69,2,4.5,stipe_density,"c(-70.61671, 42.992155)",Gulf of Maine/Bay of Fundy,Cold Temperate Northwest Atlantic,Temperate Northern Atlantic,0.07792503276207782,0.018056473094806062,0.018056473094806062,0.018056473094806062,-2.431270728008253,-3.573535903768393,-3.573535903768393,-3.573535903768393,2016-08-11,2016,2016,8.236043095004788,keen_one NW Appledore,12
keen_one,NW Appledore,7,42.992075,-70.616975,1,2017-08-15,11.1,9.313636363636364,7.52727272727273,0.10888808973339623,3.833333333333333,3.833333333333333,30,60,97,97,69,2,3.833333333333333,stipe_density,"c(-70.616975, 42.992075)",Gulf of Maine/Bay of Fundy,Cold Temperate Northwest Atlantic,Temperate Northern Atlantic,0.06638058346399221,0.01538144004372368,0.01538144004372368,0.01538144004372368,-2.572026758250966,-3.6737370789940953,-3.6737370789940953,-3.6737370789940953,2017-08-15,2017,2017,9.236043095004788,keen_one NW Appledore,12
keen_one,NW Appledore,8,42.99015,-70.61869,1,2017-08-16,8.9,8.9,8.9,0.21842299168276305,8.166666666666668,8.166666666666668,NA,60,97,97,69,2,8.166666666666668,stipe_density,"c(-70.61869, 42.99015)",Gulf of Maine/Bay of Fundy,Cold Temperate Northwest Atlantic,Temperate Northern Atlantic,0.14141950390154864,0.032769154875759154,0.032769154875759154,0.032769154875759154,-1.8877011226196434,-3.1519381166823113,-3.1519381166823113,-3.1519381166823113,2017-08-16,2017,2017,9.236043095004788,keen_one NW Appledore,12
keen_one,NW Appledore,9,42.99315,-70.61552,1,2018-08-29,14.9,14.9,14.9,0.0959472472200573,4.33333333333334,4.33333333333334,23.75,60,97,97,69,2,4.33333333333334,stipe_density,"c(-70.61552, 42.99315)",Gulf of Maine/Bay of Fundy,Cold Temperate Northwest Atlantic,Temperate Northern Atlantic,0.07503892043755654,0.017387714832035495,0.017387714832035495,0.017387714832035495,-2.464646239789648,-3.5976607299275383,-3.5976607299275383,-3.5976607299275383,2018-08-29,2018,2018,10.236043095004788,keen_one NW Appledore,12
keen_one,NW Appledore,10,42.99079,-70.61849,1,2018-08-30,9.6,9.6,9.6,0.08354878347256081,3.000000000000003,3.000000000000003,21.25,60,97,97,69,2,3.000000000000003,stipe_density,"c(-70.61849, 42.99079)",Gulf of Maine/Bay of Fundy,Cold Temperate Northwest Atlantic,Temperate Northern Atlantic,0.051950021841385266,0.012037648729870721,0.012037648729870721,0.012037648729870721,-2.7814273183423137,-3.8150029823361367,-3.8150029823361367,-3.8150029823361367,2018-08-30,2018,2018,10.236043095004788,keen_one NW Appledore,12
keen_one,NW Appledore,11,42.99239,-70.61666500000001,1,2021-08-04,10.1,8.383333333333335,6.66666666666667,0.0949276166896279,2.749999999999998,2.749999999999998,28.75,60,97,97,69,2,2.749999999999998,stipe_density,"c(-70.616665, 42.99239)",Gulf of Maine/Bay of Fundy,Cold Temperate Northwest Atlantic,Temperate Northern Atlantic,0.047620853354603074,0.011034511335714807,0.011034511335714807,0.011034511335714807,-2.8538707393937166,-3.861590793219014,-3.861590793219014,-3.861590793219014,2021-08-04,2021,2021,13.236043095004788,keen_one NW Appledore,12
keen_one,NW Appledore,12,42.99084,-70.61831,1,2021-08-06,9.4,9.4,9.4,0.0276284236677831,3.5,3.5,NA,60,97,97,69,2,3.5,stipe_density,"c(-70.61831, 42.99084)",Gulf of Maine/Bay of Fundy,Cold Temperate Northwest Atlantic,Temperate Northern Atlantic,0.060608358814949415,0.014043923518182492,0.014043923518182492,0.014043923518182492,-2.6506067446789756,-3.727872974721007,-3.727872974721007,-3.727872974721007,2021-08-06,2021,2021,13.236043095004788,keen_one NW Appledore,12
keen_one,Nahant,1,42.42101,-70.90135,1,2015-08-04,7.85,7.85,7.85,NA,9.16666666666667,9.16666666666667,6.25,60,97,97,69,2,9.16666666666667,stipe_density,"c(-70.90135, 42.42101)",Gulf of Maine/Bay of Fundy,Cold Temperate Northwest Atlantic,Temperate Northern Atlantic,0.15873617784867708,0.03678170445238273,0.03678170445238273,0.03678170445238273,-1.7794188616291033,-3.062263082996429,-3.062263082996429,-3.062263082996429,2015-08-04,2015,2015,7.2360430950047885,keen_one Nahant,8
keen_one,Nahant,2,42.416245,-70.90719,1,2015-08-07,5.49,5.03,4.57,NA,5.083333333333335,5.083333333333335,20.625,60,97,97,69,2,5.083333333333335,stipe_density,"c(-70.90719, 42.416245)",Gulf of Maine/Bay of Fundy,Cold Temperate Northwest Atlantic,Temperate Northern Atlantic,0.08802642589790274,0.02039712701450315,0.02039712701450315,0.02039712701450315,-2.3225181846417207,-3.493407181137814,-3.493407181137814,-3.493407181137814,2015-08-07,2015,2015,7.2360430950047885,keen_one Nahant,8
keen_one,Nahant,3,42.42038,-70.90422,1,2015-08-27,6.09,6.09,6.09,NA,6.16666666666667,6.16666666666667,20,60,97,97,69,2,6.16666666666667,stipe_density,"c(-70.90422, 42.42038)",Gulf of Maine/Bay of Fundy,Cold Temperate Northwest Atlantic,Temperate Northern Atlantic,0.10678615600729188,0.024744055722512023,0.024744055722512023,0.024744055722512023,-2.14741074294776,-3.359746779948461,-3.359746779948461,-3.359746779948461,2015-08-27,2015,2015,7.2360430950047885,keen_one Nahant,8
keen_one,Nahant,4,42.42091,-70.90651,1,2016-08-16,7.42,7.0649999999999995,6.71,NA,4.583333333333335,4.583333333333335,26.875,60,97,97,69,2,4.583333333333335,stipe_density,"c(-70.90651, 42.42091)",Gulf of Maine/Bay of Fundy,Cold Temperate Northwest Atlantic,Temperate Northern Atlantic,0.07936808892433854,0.018390852226191363,0.018390852226191363,0.018390852226191363,-2.414991607678518,-3.561688290413413,-3.561688290413413,-3.561688290413413,2016-08-16,2016,2016,8.236043095004788,keen_one Nahant,8
keen_one,Nahant,5,42.418383250000005,-70.90703500000001,1,2017-07-21,5.52,4.882499999999999,3.6,NA,6.374999999999999,6.374999999999999,37.083333333333336,60,97,97,69,2,6.374999999999999,stipe_density,"c(-70.907035, 42.41838325)",Gulf of Maine/Bay of Fundy,Cold Temperate Northwest Atlantic,Temperate Northern Atlantic,0.11039379641294356,0.025580003550975252,0.025580003550975252,0.025580003550975252,-2.116987272244304,-3.3359714969418883,-3.3359714969418883,-3.3359714969418883,2017-07-21,2017,2017,9.236043095004788,keen_one Nahant,8
keen_one,Nahant,6,42.416375,-70.90716,1,2018-06-08,5.8,5.8,5.8,0.0299183692622584,1.9999999999999964,1.9999999999999964,12.5,60,97,97,69,2,1.9999999999999964,stipe_density,"c(-70.90716, 42.416375)",Gulf of Maine/Bay of Fundy,Cold Temperate Northwest Atlantic,Temperate Northern Atlantic,0.03463334789425675,0.008025099153247124,0.008025099153247124,0.008025099153247124,-3.109273988718892,-4.0159900949526275,-4.0159900949526275,-4.0159900949526275,2018-06-08,2018,2018,10.236043095004788,keen_one Nahant,8
keen_one,Nahant,7,42.42067,-70.906615,1,2018-06-21,7.2,5.15,3.1,0.22264060073922548,4.916666666666665,4.916666666666665,39.375,60,97,97,69,2,4.916666666666665,stipe_density,"c(-70.906615, 42.42067)",Gulf of Maine/Bay of Fundy,Cold Temperate Northwest Atlantic,Temperate Northern Atlantic,0.0851403135733813,0.019728368751732544,0.019728368751732544,0.019728368751732544,-2.352402492068137,-3.5156535122385746,-3.5156535122385746,-3.5156535122385746,2018-06-21,2018,2018,10.236043095004788,keen_one Nahant,8
keen_one,Nahant,8,42.41904,-70.90697,1,2019-07-29,9999,9999,9999,0.1391875434962229,5.50000000000001,5.50000000000001,10,60,97,97,69,2,5.50000000000001,stipe_density,"c(-70.90697, 42.41904)",Gulf of Maine/Bay of Fundy,Cold Temperate Northwest Atlantic,Temperate Northern Atlantic,0.0952417067092064,0.02206902267142967,0.02206902267142967,0.02206902267142967,-2.251495605636276,-3.439864740595521,-3.439864740595521,-3.439864740595521,2019-07-29,2019,2019,11.236043095004788,keen_one Nahant,8
keen_one,Nubble Lighthouse,1,43.164158,-70.591034,1,2014-08-20,8.55,8.55,8.55,NA,5.833333333333337,5.833333333333337,26.25,60,97,97,69,2,5.833333333333337,stipe_density,"c(-70.591034, 43.164158)",Gulf of Maine/Bay of Fundy,Cold Temperate Northwest Atlantic,Temperate Northern Atlantic,0.10101393135824908,0.023406539196970833,0.023406539196970833,0.023406539196970833,-2.1980995778132657,-3.3990036138222908,-3.3990036138222908,-3.3990036138222908,2014-08-20,2014,2014,6.2360430950047885,keen_one Nubble Lighthouse,2
keen_one,Nubble Lighthouse,2,43.166109,-70.592358,1,2015-08-14,7.85,7.85,7.85,0.2748265361255861,7.5,7.5,22.5,60,97,97,69,2,7.5,stipe_density,"c(-70.592358, 43.166109)",Gulf of Maine/Bay of Fundy,Cold Temperate Northwest Atlantic,Temperate Northern Atlantic,0.12987505460346302,0.03009412182467677,0.03009412182467677,0.03009412182467677,-1.9670057219768404,-3.216525543327969,-3.216525543327969,-3.216525543327969,2015-08-14,2015,2015,7.2360430950047885,keen_one Nubble Lighthouse,2
keen_one,SW Appledore,1,42.9847199935,-70.618676003,1,2014-07-17,8.55,8.475000000000001,8.4,0.270661895379367,3.916666666666668,3.916666666666668,NA,60,97,97,69,2,3.916666666666668,stipe_density,"c(-70.618676003, 42.9847199935)",Gulf of Maine/Bay of Fundy,Cold Temperate Northwest Atlantic,Temperate Northern Atlantic,0.06782363962625294,0.015715819175108985,0.015715819175108985,0.015715819175108985,-2.553310042714045,-3.6606489443377397,-3.6606489443377397,-3.6606489443377397,2014-07-17,2014,2014,6.2360430950047885,keen_one SW Appledore,9
keen_one,SW Appledore,2,42.985661994,-70.61969302150001,1,2014-07-19,8.85,8.675,8.5,0.02668680230725329,0.7499999999999984,0.7499999999999984,11.25,60,97,97,69,2,0.7499999999999984,stipe_density,"c(-70.6196930215, 42.985661994)",Gulf of Maine/Bay of Fundy,Cold Temperate Northwest Atlantic,Temperate Northern Atlantic,0.012987505460346277,0.0030094121824676707,0.0030094121824676707,0.0030094121824676707,-3.7728044515162704,-4.342082169456348,-4.342082169456348,-4.342082169456348,2014-07-19,2014,2014,6.2360430950047885,keen_one SW Appledore,9
keen_one,SW Appledore,3,42.9859418235719,-70.6199330370873,1,2015-08-11,10.4,10.4,10.4,0.0824422651529927,3.333333333333333,3.333333333333333,15,60,97,97,69,2,3.333333333333333,stipe_density,"c(-70.6199330370873, 42.9859418235719)",Gulf of Maine/Bay of Fundy,Cold Temperate Northwest Atlantic,Temperate Northern Atlantic,0.05772224649042801,0.013375165255411896,0.013375165255411896,0.013375165255411896,-2.6923405490478705,-3.756081134082135,-3.756081134082135,-3.756081134082135,2015-08-11,2015,2015,7.2360430950047885,keen_one SW Appledore,9
keen_one,SW Appledore,4,42.9842899180948,-70.618179962039,1,2015-08-13,7.775,7.775,7.775,NA,0.666666666666667,0.666666666666667,NA,60,97,97,69,2,0.666666666666667,stipe_density,"c(-70.618179962039, 42.9842899180948)",Gulf of Maine/Bay of Fundy,Cold Temperate Northwest Atlantic,Temperate Northern Atlantic,0.011544449298085608,0.002675033051082381,0.002675033051082381,0.002675033051082381,-3.8376370687847294,-4.368121121927826,-4.368121121927826,-4.368121121927826,2015-08-13,2015,2015,7.2360430950047885,keen_one SW Appledore,9
keen_one,SW Appledore,5,42.98634833333333,-70.61931,1,2016-08-10,8.31538461538462,6.545128205128206,5.52,0.02545804669295265,1.000000000000001,1.000000000000001,6.25,60,97,97,69,2,1.000000000000001,stipe_density,"c(-70.61931, 42.9863483333333)",Gulf of Maine/Bay of Fundy,Cold Temperate Northwest Atlantic,Temperate Northern Atlantic,0.017316673947128422,0.004012549576623573,0.004012549576623573,0.004012549576623573,-3.600257995939574,-4.2678019525616735,-4.2678019525616735,-4.2678019525616735,2016-08-10,2016,2016,8.236043095004788,keen_one SW Appledore,9
keen_one,SW Appledore,6,42.98434,-70.61806,1,2017-08-16,5.83333333333333,5.83333333333333,5.83333333333333,0.0799969812139956,6.5,6.5,10,60,97,97,69,2,6.5,stipe_density,"c(-70.61806, 42.98434)",Gulf of Maine/Bay of Fundy,Cold Temperate Northwest Atlantic,Temperate Northern Atlantic,0.11255838065633463,0.0260815722480532,0.0260815722480532,0.0260815722480532,-2.099167785737599,-3.321973008017274,-3.321973008017274,-3.321973008017274,2017-08-16,2017,2017,9.236043095004788,keen_one SW Appledore,9
keen_one,SW Appledore,7,42.985323333333334,-70.61940333333334,1,2017-08-17,7.85,7.515555555555556,7.18,0.035163540135390366,1.722222222222221,1.722222222222221,9.375,60,97,97,69,2,1.722222222222221,stipe_density,"c(-70.6194033333333, 42.9853233333333)",Gulf of Maine/Bay of Fundy,Cold Temperate Northwest Atlantic,Temperate Northern Atlantic,0.02982316068672112,0.006910502048629475,0.006910502048629475,0.006910502048629475,-3.2233066091434495,-4.079820427060598,-4.079820427060598,-4.079820427060598,2017-08-17,2017,2017,9.236043095004788,keen_one SW Appledore,9
keen_one,SW Appledore,8,42.98476,-70.61877000000001,1,2019-08-14,7.7,7.1,6.5,0.0105415995208966,0.75,0.75,8.75,60,97,97,69,2,0.75,stipe_density,"c(-70.61877, 42.98476)",Gulf of Maine/Bay of Fundy,Cold Temperate Northwest Atlantic,Temperate Northern Atlantic,0.012987505460346303,0.0030094121824676768,0.0030094121824676768,0.0030094121824676768,-3.7728044515162695,-4.342082169456347,-4.342082169456347,-4.342082169456347,2019-08-14,2019,2019,11.236043095004788,keen_one SW Appledore,9
keen_one,SW Appledore,9,42.984505,-70.61845500000001,1,2021-08-02,7.45,6.625,5.8,0.03823893160316208,2.0000000000000018,2.0000000000000018,8.75,60,97,97,69,2,2.0000000000000018,stipe_density,"c(-70.618455, 42.984505)",Gulf of Maine/Bay of Fundy,Cold Temperate Northwest Atlantic,Temperate Northern Atlantic,0.03463334789425684,0.008025099153247145,0.008025099153247145,0.008025099153247145,-3.10927398871889,-4.015990094952626,-4.015990094952626,-4.015990094952626,2021-08-02,2021,2021,13.236043095004788,keen_one SW Appledore,9
keen_one,Schoodic,1,44.36811,-68.077935,1,2017-08-14,7.9875,7.757386363636365,7.52727272727273,0.23534359966297752,8.416666666666668,8.416666666666668,46.25,60,97,97,69,2,8.416666666666668,stipe_density,"c(-68.077935, 44.36811)",Gulf of Maine/Bay of Fundy,Cold Temperate Northwest Atlantic,Temperate Northern Atlantic,0.14574867238833075,0.033772292269915044,0.033772292269915044,0.033772292269915044,-1.8595116453423597,-3.128754258350657,-3.128754258350657,-3.128754258350657,2017-08-14,2017,2017,9.236043095004788,keen_one Schoodic,2
keen_one,Schoodic,2,44.368210000000005,-68.07843500000001,1,2017-08-15,7.9875,7.757386363636365,7.52727272727273,0.041406849499010086,2.25,2.25,18.75,60,97,97,69,2,2.25,stipe_density,"c(-68.078435, 44.36821)",Gulf of Maine/Bay of Fundy,Cold Temperate Northwest Atlantic,Temperate Northern Atlantic,0.03896251638103891,0.009028236547403031,0.009028236547403031,0.009028236547403031,-3.0167002454272835,-3.9618312689462245,-3.9618312689462245,-3.9618312689462245,2017-08-15,2017,2017,9.236043095004788,keen_one Schoodic,2
merinov_gosl,MSM,1,48.683,-67.9764,9999,2009-07-25,9999,9999,9999,NA,NA,NA,89,86,38,38,104,4,89,percent_cover,"c(-67.9764, 48.683)",Gulf of St. Lawrence - Eastern Scotian Shelf,Cold Temperate Northwest Atlantic,Temperate Northern Atlantic,0.80025690431,0.80025690431,0.80025690431,0.80025690431,-0.21040391578728238,-0.21040391578728238,-0.21040391578728238,-0.21040391578728238,2009-07-25,2009,2009,1.2360430950047885,merinov_gosl MSM,18
merinov_gosl,MSM,2,48.683,-67.9764,9999,2009-07-26,9999,9999,9999,NA,NA,NA,94.5,86,38,38,104,4,94.5,percent_cover,"c(-67.9764, 48.683)",Gulf of St. Lawrence - Eastern Scotian Shelf,Cold Temperate Northwest Atlantic,Temperate Northern Atlantic,0.849710982666236,0.849710982666236,0.849710982666236,0.849710982666236,-0.1511590128848085,-0.1511590128848085,-0.1511590128848085,-0.1511590128848085,2009-07-26,2009,2009,1.2360430950047885,merinov_gosl MSM,18
merinov_gosl,MSM,3,48.683,-67.9764,9999,2009-07-27,9999,9999,9999,NA,NA,NA,85,86,38,38,104,4,85,percent_cover,"c(-67.9764, 48.683)",Gulf of St. Lawrence - Eastern Scotian Shelf,Cold Temperate Northwest Atlantic,Temperate Northern Atlantic,0.7642903018691012,0.7642903018691012,0.7642903018691012,0.7642903018691012,-0.25580840869811733,-0.25580840869811733,-0.25580840869811733,-0.25580840869811733,2009-07-27,2009,2009,1.2360430950047885,merinov_gosl MSM,18
merinov_gosl,MSM,4,48.683,-67.9764,9999,2009-07-28,9999,9999,9999,NA,NA,NA,97,86,38,38,104,4,97,percent_cover,"c(-67.9764, 48.683)",Gulf of St. Lawrence - Eastern Scotian Shelf,Cold Temperate Northwest Atlantic,Temperate Northern Atlantic,0.8721901091917977,0.8721901091917977,0.8721901091917977,0.8721901091917977,-0.12534770290010772,-0.12534770290010772,-0.12534770290010772,-0.12534770290010772,2009-07-28,2009,2009,1.2360430950047885,merinov_gosl MSM,18
merinov_gosl,MSM,5,48.683,-67.9764,9999,2010-05-15,9999,9999,9999,NA,NA,NA,62,86,38,38,104,4,62,percent_cover,"c(-67.9764, 48.683)",Gulf of St. Lawrence - Eastern Scotian Shelf,Cold Temperate Northwest Atlantic,Temperate Northern Atlantic,0.5574823378339326,0.5574823378339326,0.5574823378339326,0.5574823378339326,-0.5665456528704925,-0.5665456528704925,-0.5665456528704925,-0.5665456528704925,2010-05-15,2010,2010,2.2360430950047885,merinov_gosl MSM,18
merinov_gosl,MSM,6,48.683,-67.9764,9999,2010-05-16,9999,9999,9999,NA,NA,NA,71.33333333,86,38,38,104,4,71.33333333,percent_cover,"c(-67.9764, 48.683)",Gulf of St. Lawrence - Eastern Scotian Shelf,Cold Temperate Northwest Atlantic,Temperate Northern Atlantic,0.6414044101660579,0.6414044101660579,0.6414044101660579,0.6414044101660579,-0.42862461587422424,-0.42862461587422424,-0.42862461587422424,-0.42862461587422424,2010-05-16,2010,2010,2.2360430950047885,merinov_gosl MSM,18
merinov_gosl,MSM,7,48.683,-67.9764,9999,2010-07-15,9999,9999,9999,NA,NA,NA,99,86,38,38,104,4,99,percent_cover,"c(-67.9764, 48.683)",Gulf of St. Lawrence - Eastern Scotian Shelf,Cold Temperate Northwest Atlantic,Temperate Northern Atlantic,0.8901734104122472,0.8901734104122472,0.8901734104122472,0.8901734104122472,-0.10516785598206334,-0.10516785598206334,-0.10516785598206334,-0.10516785598206334,2010-07-15,2010,2010,2.2360430950047885,merinov_gosl MSM,18
merinov_gosl,MSM,8,48.683,-67.9764,9999,2010-07-16,9999,9999,9999,NA,NA,NA,99.66666667,86,38,38,104,4,99.66666667,percent_cover,"c(-67.9764, 48.683)",Gulf of St. Lawrence - Eastern Scotian Shelf,Cold Temperate Northwest Atlantic,Temperate Northern Atlantic,0.8961678441823692,0.8961678441823692,0.8961678441823692,0.8961678441823692,-0.09853073161795455,-0.09853073161795455,-0.09853073161795455,-0.09853073161795455,2010-07-16,2010,2010,2.2360430950047885,merinov_gosl MSM,18
merinov_gosl,MSM,9,48.683,-67.9764,9999,2010-09-10,9999,9999,9999,NA,NA,NA,89.14285714,86,38,38,104,4,89.14285714,percent_cover,"c(-67.9764, 48.683)",Gulf of St. Lawrence - Eastern Scotian Shelf,Cold Temperate Northwest Atlantic,Temperate Northern Atlantic,0.801541425800056,0.801541425800056,0.801541425800056,0.801541425800056,-0.20881984490151329,-0.20881984490151329,-0.20881984490151329,-0.20881984490151329,2010-09-10,2010,2010,2.2360430950047885,merinov_gosl MSM,18
merinov_gosl,MSM,10,48.683,-67.9764,9999,2010-09-11,9999,9999,9999,NA,NA,NA,98,86,38,38,104,4,98,percent_cover,"c(-67.9764, 48.683)",Gulf of St. Lawrence - Eastern Scotian Shelf,Cold Temperate Northwest Atlantic,Temperate Northern Atlantic,0.8811817598020225,0.8811817598020225,0.8811817598020225,0.8811817598020225,-0.11520687702707211,-0.11520687702707211,-0.11520687702707211,-0.11520687702707211,2010-09-11,2010,2010,2.2360430950047885,merinov_gosl MSM,18
merinov_gosl,MSM,11,48.65575,-68.08760000000001,9999,2011-05-15,9999,9999,9999,NA,NA,NA,2.625,86,38,38,104,4,2.625,percent_cover,"c(-68.0876, 48.65575)",Gulf of St. Lawrence - Eastern Scotian Shelf,Cold Temperate Northwest Atlantic,Temperate Northern Atlantic,0.023603082851839888,0.023603082851839888,0.023603082851839888,0.023603082851839888,-3.39313746467904,-3.39313746467904,-3.39313746467904,-3.39313746467904,2011-05-15,2011,2011,3.2360430950047885,merinov_gosl MSM,18
merinov_gosl,MSM,12,48.683,-67.9764,9999,2011-05-19,9999,9999,9999,NA,NA,NA,26,86,38,38,104,4,26,percent_cover,"c(-67.9764, 48.683)",Gulf of St. Lawrence - Eastern Scotian Shelf,Cold Temperate Northwest Atlantic,Temperate Northern Atlantic,0.2337829158658427,0.2337829158658427,0.2337829158658427,0.2337829158658427,-1.411477138771575,-1.411477138771575,-1.411477138771575,-1.411477138771575,2011-05-19,2011,2011,3.2360430950047885,merinov_gosl MSM,18
merinov_gosl,MSM,13,48.683,-67.9764,9999,2011-08-04,9999,9999,9999,NA,NA,NA,59.4,86,38,38,104,4,59.4,percent_cover,"c(-67.9764, 48.683)",Gulf of St. Lawrence - Eastern Scotian Shelf,Cold Temperate Northwest Atlantic,Temperate Northern Atlantic,0.5341040462473483,0.5341040462473483,0.5341040462473483,0.5341040462473483,-0.608614788930244,-0.608614788930244,-0.608614788930244,-0.608614788930244,2011-08-04,2011,2011,3.2360430950047885,merinov_gosl MSM,18
merinov_gosl,MSM,14,48.683,-67.9764,9999,2011-09-29,9999,9999,9999,NA,NA,NA,92.9,86,38,38,104,4,92.9,percent_cover,"c(-67.9764, 48.683)",Gulf of St. Lawrence - Eastern Scotian Shelf,Cold Temperate Northwest Atlantic,Temperate Northern Atlantic,0.8353243416898765,0.8353243416898765,0.8353243416898765,0.8353243416898765,-0.168034888951898,-0.168034888951898,-0.168034888951898,-0.168034888951898,2011-09-29,2011,2011,3.2360430950047885,merinov_gosl MSM,18
merinov_gosl,MSM,15,48.683,-67.9764,9999,2012-05-09,9999,9999,9999,NA,NA,NA,23.1,86,38,38,104,4,23.1,percent_cover,"c(-67.9764, 48.683)",Gulf of St. Lawrence - Eastern Scotian Shelf,Cold Temperate Northwest Atlantic,Temperate Northern Atlantic,0.20770712909619102,0.20770712909619102,0.20770712909619102,0.20770712909619102,-1.5246045639365637,-1.5246045639365637,-1.5246045639365637,-1.5246045639365637,2012-05-09,2012,2012,4.2360430950047885,merinov_gosl MSM,18
merinov_gosl,MSM,16,48.683,-67.9764,9999,2012-07-07,9999,9999,9999,NA,NA,NA,71.6,86,38,38,104,4,71.6,percent_cover,"c(-67.9764, 48.683)",Gulf of St. Lawrence - Eastern Scotian Shelf,Cold Temperate Northwest Atlantic,Temperate Northern Atlantic,0.6438021836920899,0.6438021836920899,0.6438021836920899,0.6438021836920899,-0.4249504446974671,-0.4249504446974671,-0.4249504446974671,-0.4249504446974671,2012-07-07,2012,2012,4.2360430950047885,merinov_gosl MSM,18
merinov_gosl,MSM,17,48.683,-67.9764,9999,2012-09-07,9999,9999,9999,NA,NA,NA,95.2,86,38,38,104,4,95.2,percent_cover,"c(-67.9764, 48.683)",Gulf of St. Lawrence - Eastern Scotian Shelf,Cold Temperate Northwest Atlantic,Temperate Northern Atlantic,0.8560051380933933,0.8560051380933933,0.8560051380933933,0.8560051380933933,-0.14386443730405424,-0.14386443730405424,-0.14386443730405424,-0.14386443730405424,2012-09-07,2012,2012,4.2360430950047885,merinov_gosl MSM,18
merinov_gosl,MSM,18,48.683,-67.9764,9999,2012-09-18,9999,9999,9999,NA,NA,NA,99.5,86,38,38,104,4,99.5,percent_cover,"c(-67.9764, 48.683)",Gulf of St. Lawrence - Eastern Scotian Shelf,Cold Temperate Northwest Atlantic,Temperate Northern Atlantic,0.8946692357173596,0.8946692357173596,0.8946692357173596,0.8946692357173596,-0.10018588748345902,-0.10018588748345902,-0.10018588748345902,-0.10018588748345902,2012-09-18,2012,2012,4.2360430950047885,merinov_gosl MSM,18
merinov_gosl,PG,1,48.3734,-69.3669,9999,2009-05-27,9999,9999,9999,NA,NA,NA,86.5,86,38,38,104,4,86.5,percent_cover,"c(-69.3669, 48.3734)",Gulf of St. Lawrence - Eastern Scotian Shelf,Cold Temperate Northwest Atlantic,Temperate Northern Atlantic,0.7777777777844382,0.7777777777844382,0.7777777777844382,0.7777777777844382,-0.2385392367837285,-0.2385392367837285,-0.2385392367837285,-0.2385392367837285,2009-05-27,2009,2009,1.2360430950047885,merinov_gosl PG,23
merinov_gosl,PG,2,48.3734,-69.3669,9999,2009-05-28,9999,9999,9999,NA,NA,NA,95.000000004,86,38,38,104,4,95.000000004,percent_cover,"c(-69.3669, 48.3734)",Gulf of St. Lawrence - Eastern Scotian Shelf,Cold Temperate Northwest Atlantic,Temperate Northern Atlantic,0.854206808007315,0.854206808007315,0.854206808007315,0.854206808007315,-0.14594317770080623,-0.14594317770080623,-0.14594317770080623,-0.14594317770080623,2009-05-28,2009,2009,1.2360430950047885,merinov_gosl PG,23
merinov_gosl,PG,3,48.3734,-69.3669,9999,2009-08-21,9999,9999,9999,NA,NA,NA,99.4,86,38,38,104,4,99.4,percent_cover,"c(-69.3669, 48.3734)",Gulf of St. Lawrence - Eastern Scotian Shelf,Cold Temperate Northwest Atlantic,Temperate Northern Atlantic,0.8937700706563372,0.8937700706563372,0.8937700706563372,0.8937700706563372,-0.1011802975606437,-0.1011802975606437,-0.1011802975606437,-0.1011802975606437,2009-08-21,2009,2009,1.2360430950047885,merinov_gosl PG,23
merinov_gosl,PG,4,48.3734,-69.3669,9999,2010-05-15,9999,9999,9999,NA,NA,NA,96.833333337,86,38,38,104,4,96.833333337,percent_cover,"c(-69.3669, 48.3734)",Gulf of St. Lawrence - Eastern Scotian Shelf,Cold Temperate Northwest Atlantic,Temperate Northern Atlantic,0.8706915007897297,0.8706915007897297,0.8706915007897297,0.8706915007897297,-0.1270478837342312,-0.1270478837342312,-0.1270478837342312,-0.1270478837342312,2010-05-15,2010,2010,2.2360430950047885,merinov_gosl PG,23
merinov_gosl,PG,5,48.3734,-69.3669,9999,2010-05-16,9999,9999,9999,NA,NA,NA,100,86,38,38,104,4,100,percent_cover,"c(-69.3669, 48.3734)",Gulf of St. Lawrence - Eastern Scotian Shelf,Cold Temperate Northwest Atlantic,Temperate Northern Atlantic,0.899165061022472,0.899165061022472,0.899165061022472,0.899165061022472,-0.09522861600602273,-0.09522861600602273,-0.09522861600602273,-0.09522861600602273,2010-05-16,2010,2010,2.2360430950047885,merinov_gosl PG,23
merinov_gosl,PG,6,48.3734,-69.3669,9999,2010-05-18,9999,9999,9999,NA,NA,NA,101.125,86,38,38,104,4,101.125,percent_cover,"c(-69.3669, 48.3734)",Gulf of St. Lawrence - Eastern Scotian Shelf,Cold Temperate Northwest Atlantic,Temperate Northern Atlantic,0.9092806679589748,0.9092806679589748,0.9092806679589748,0.9092806679589748,-0.08416379742200676,-0.08416379742200676,-0.08416379742200676,-0.08416379742200676,2010-05-18,2010,2010,2.2360430950047885,merinov_gosl PG,23
merinov_gosl,PG,7,48.3734,-69.3669,9999,2010-07-27,9999,9999,9999,NA,NA,NA,105,86,38,38,104,4,105,percent_cover,"c(-69.3669, 48.3734)",Gulf of St. Lawrence - Eastern Scotian Shelf,Cold Temperate Northwest Atlantic,Temperate Northern Atlantic,0.9441233140735955,0.9441233140735955,0.9441233140735955,0.9441233140735955,-0.04696235585199362,-0.04696235585199362,-0.04696235585199362,-0.04696235585199362,2010-07-27,2010,2010,2.2360430950047885,merinov_gosl PG,23
merinov_gosl,PG,8,48.3734,-69.3669,9999,2010-07-28,9999,9999,9999,NA,NA,NA,98.66666667,86,38,38,104,4,98.66666667,percent_cover,"c(-69.3669, 48.3734)",Gulf of St. Lawrence - Eastern Scotian Shelf,Cold Temperate Northwest Atlantic,Temperate Northern Atlantic,0.8871761935721445,0.8871761935721445,0.8871761935721445,0.8871761935721445,-0.10850301082527528,-0.10850301082527528,-0.10850301082527528,-0.10850301082527528,2010-07-28,2010,2010,2.2360430950047885,merinov_gosl PG,23
merinov_gosl,PG,9,48.3734,-69.3669,9999,2010-07-29,9999,9999,9999,NA,NA,NA,75,86,38,38,104,4,75,percent_cover,"c(-69.3669, 48.3734)",Gulf of St. Lawrence - Eastern Scotian Shelf,Cold Temperate Northwest Atlantic,Temperate Northern Atlantic,0.674373795766854,0.674373795766854,0.674373795766854,0.674373795766854,-0.3792510255888959,-0.3792510255888959,-0.3792510255888959,-0.3792510255888959,2010-07-29,2010,2010,2.2360430950047885,merinov_gosl PG,23
merinov_gosl,PG,10,48.3734,-69.3669,9999,2010-08-08,9999,9999,9999,NA,NA,NA,62,86,38,38,104,4,62,percent_cover,"c(-69.3669, 48.3734)",Gulf of St. Lawrence - Eastern Scotian Shelf,Cold Temperate Northwest Atlantic,Temperate Northern Atlantic,0.5574823378339326,0.5574823378339326,0.5574823378339326,0.5574823378339326,-0.5665456528704925,-0.5665456528704925,-0.5665456528704925,-0.5665456528704925,2010-08-08,2010,2010,2.2360430950047885,merinov_gosl PG,23
merinov_gosl,PG,11,48.3734,-69.3669,9999,2010-08-09,9999,9999,9999,NA,NA,NA,76,86,38,38,104,4,76,percent_cover,"c(-69.3669, 48.3734)",Gulf of St. Lawrence - Eastern Scotian Shelf,Cold Temperate Northwest Atlantic,Temperate Northern Atlantic,0.6833654463770786,0.6833654463770786,0.6833654463770786,0.6833654463770786,-0.36619807913745983,-0.36619807913745983,-0.36619807913745983,-0.36619807913745983,2010-08-09,2010,2010,2.2360430950047885,merinov_gosl PG,23
merinov_gosl,PG,12,48.3734,-69.3669,9999,2010-08-10,9999,9999,9999,NA,NA,NA,100,86,38,38,104,4,100,percent_cover,"c(-69.3669, 48.3734)",Gulf of St. Lawrence - Eastern Scotian Shelf,Cold Temperate Northwest Atlantic,Temperate Northern Atlantic,0.899165061022472,0.899165061022472,0.899165061022472,0.899165061022472,-0.09522861600602273,-0.09522861600602273,-0.09522861600602273,-0.09522861600602273,2010-08-10,2010,2010,2.2360430950047885,merinov_gosl PG,23
merinov_gosl,PG,13,48.3734,-69.3669,9999,2010-08-11,9999,9999,9999,NA,NA,NA,100,86,38,38,104,4,100,percent_cover,"c(-69.3669, 48.3734)",Gulf of St. Lawrence - Eastern Scotian Shelf,Cold Temperate Northwest Atlantic,Temperate Northern Atlantic,0.899165061022472,0.899165061022472,0.899165061022472,0.899165061022472,-0.09522861600602273,-0.09522861600602273,-0.09522861600602273,-0.09522861600602273,2010-08-11,2010,2010,2.2360430950047885,merinov_gosl PG,23
merinov_gosl,PG,14,48.3734,-69.3669,9999,2010-09-06,9999,9999,9999,NA,NA,NA,73.499999997,86,38,38,104,4,73.499999997,percent_cover,"c(-69.3669, 48.3734)",Gulf of St. Lawrence - Eastern Scotian Shelf,Cold Temperate Northwest Atlantic,Temperate Northern Atlantic,0.6608863198245419,0.6608863198245419,0.6608863198245419,0.6608863198245419,-0.39915557540291263,-0.39915557540291263,-0.39915557540291263,-0.39915557540291263,2010-09-06,2010,2010,2.2360430950047885,merinov_gosl PG,23
merinov_gosl,PG,15,48.3734,-69.3669,9999,2010-09-07,9999,9999,9999,NA,NA,NA,94.5,86,38,38,104,4,94.5,percent_cover,"c(-69.3669, 48.3734)",Gulf of St. Lawrence - Eastern Scotian Shelf,Cold Temperate Northwest Atlantic,Temperate Northern Atlantic,0.849710982666236,0.849710982666236,0.849710982666236,0.849710982666236,-0.1511590128848085,-0.1511590128848085,-0.1511590128848085,-0.1511590128848085,2010-09-07,2010,2010,2.2360430950047885,merinov_gosl PG,23
merinov_gosl,PG,16,48.3734,-69.3669,9999,2010-10-07,9999,9999,9999,NA,NA,NA,81.66666667,86,38,38,104,4,81.66666667,percent_cover,"c(-69.3669, 48.3734)",Gulf of St. Lawrence - Eastern Scotian Shelf,Cold Temperate Northwest Atlantic,Temperate Northern Atlantic,0.7343181331983242,0.7343181331983242,0.7343181331983242,0.7343181331983242,-0.2952867371583378,-0.2952867371583378,-0.2952867371583378,-0.2952867371583378,2010-10-07,2010,2010,2.2360430950047885,merinov_gosl PG,23
merinov_gosl,PG,17,48.3734,-69.3669,9999,2010-10-09,9999,9999,9999,NA,NA,NA,85,86,38,38,104,4,85,percent_cover,"c(-69.3669, 48.3734)",Gulf of St. Lawrence - Eastern Scotian Shelf,Cold Temperate Northwest Atlantic,Temperate Northern Atlantic,0.7642903018691012,0.7642903018691012,0.7642903018691012,0.7642903018691012,-0.25580840869811733,-0.25580840869811733,-0.25580840869811733,-0.25580840869811733,2010-10-09,2010,2010,2.2360430950047885,merinov_gosl PG,23
merinov_gosl,PG,18,48.3734,-69.3669,9999,2011-06-02,9999,9999,9999,NA,NA,NA,1.6,86,38,38,104,4,1.6,percent_cover,"c(-69.3669, 48.3734)",Gulf of St. Lawrence - Eastern Scotian Shelf,Cold Temperate Northwest Atlantic,Temperate Northern Atlantic,0.014386640976359551,0.014386640976359551,0.014386640976359551,0.014386640976359551,-3.7137197975852354,-3.7137197975852354,-3.7137197975852354,-3.7137197975852354,2011-06-02,2011,2011,3.2360430950047885,merinov_gosl PG,23
merinov_gosl,PG,19,48.3734,-69.3669,9999,2011-08-14,9999,9999,9999,NA,NA,NA,2.9,86,38,38,104,4,2.9,percent_cover,"c(-69.3669, 48.3734)",Gulf of St. Lawrence - Eastern Scotian Shelf,Cold Temperate Northwest Atlantic,Temperate Northern Atlantic,0.026075786769651686,0.026075786769651686,0.026075786769651686,0.026075786769651686,-3.322133365283467,-3.322133365283467,-3.322133365283467,-3.322133365283467,2011-08-14,2011,2011,3.2360430950047885,merinov_gosl PG,23
merinov_gosl,PG,20,48.3734,-69.3669,9999,2011-10-02,9999,9999,9999,NA,NA,NA,4.4,86,38,38,104,4,4.4,percent_cover,"c(-69.3669, 48.3734)",Gulf of St. Lawrence - Eastern Scotian Shelf,Cold Temperate Northwest Atlantic,Temperate Northern Atlantic,0.03956326268498877,0.03956326268498877,0.03956326268498877,0.03956326268498877,-3.0045053913576507,-3.0045053913576507,-3.0045053913576507,-3.0045053913576507,2011-10-02,2011,2011,3.2360430950047885,merinov_gosl PG,23
merinov_gosl,PG,21,48.3734,-69.3669,9999,2012-05-11,9999,9999,9999,NA,NA,NA,11.9,86,38,38,104,4,11.9,percent_cover,"c(-69.3669, 48.3734)",Gulf of St. Lawrence - Eastern Scotian Shelf,Cold Temperate Northwest Atlantic,Temperate Northern Atlantic,0.10700064226167416,0.10700064226167416,0.10700064226167416,0.10700064226167416,-2.1455758547834294,-2.1455758547834294,-2.1455758547834294,-2.1455758547834294,2012-05-11,2012,2012,4.2360430950047885,merinov_gosl PG,23
merinov_gosl,PG,22,48.3734,-69.3669,9999,2012-07-24,9999,9999,9999,NA,NA,NA,36.8,86,38,38,104,4,36.8,percent_cover,"c(-69.3669, 48.3734)",Gulf of St. Lawrence - Eastern Scotian Shelf,Cold Temperate Northwest Atlantic,Temperate Northern Atlantic,0.33089274245626965,0.33089274245626965,0.33089274245626965,0.33089274245626965,-1.07618738942756,-1.07618738942756,-1.07618738942756,-1.07618738942756,2012-07-24,2012,2012,4.2360430950047885,merinov_gosl PG,23
merinov_gosl,PG,23,48.3734,-69.3669,9999,2012-09-18,9999,9999,9999,NA,NA,NA,65.5,86,38,38,104,4,65.5,percent_cover,"c(-69.3669, 48.3734)",Gulf of St. Lawrence - Eastern Scotian Shelf,Cold Temperate Northwest Atlantic,Temperate Northern Atlantic,0.5889531149697191,0.5889531149697191,0.5889531149697191,0.5889531149697191,-0.5125719561008666,-0.5125719561008666,-0.5125719561008666,-0.5125719561008666,2012-09-18,2012,2012,4.2360430950047885,merinov_gosl PG,23
merinov_gosl,SF1,1,48.6285,-68.1988,9999,2009-08-22,9999,9999,9999,NA,NA,NA,98.7,86,38,38,104,4,98.7,percent_cover,"c(-68.1988, 48.6285)",Gulf of St. Lawrence - Eastern Scotian Shelf,Cold Temperate Northwest Atlantic,Temperate Northern Atlantic,0.8874759152291798,0.8874759152291798,0.8874759152291798,0.8874759152291798,-0.10816899437902144,-0.10816899437902144,-0.10816899437902144,-0.10816899437902144,2009-08-22,2009,2009,1.2360430950047885,merinov_gosl SF1,21
merinov_gosl,SF1,2,48.6285,-68.1988,9999,2010-05-14,9999,9999,9999,NA,NA,NA,74.25,86,38,38,104,4,74.25,percent_cover,"c(-68.1988, 48.6285)",Gulf of St. Lawrence - Eastern Scotian Shelf,Cold Temperate Northwest Atlantic,Temperate Northern Atlantic,0.6676300578091854,0.6676300578091854,0.6676300578091854,0.6676300578091854,-0.38915377740560503,-0.38915377740560503,-0.38915377740560503,-0.38915377740560503,2010-05-14,2010,2010,2.2360430950047885,merinov_gosl SF1,21
merinov_gosl,SF1,3,48.6285,-68.1988,9999,2010-05-15,9999,9999,9999,NA,NA,NA,82.8,86,38,38,104,4,82.8,percent_cover,"c(-68.1988, 48.6285)",Gulf of St. Lawrence - Eastern Scotian Shelf,Cold Temperate Northwest Atlantic,Temperate Northern Atlantic,0.7445086705266067,0.7445086705266067,0.7445086705266067,0.7445086705266067,-0.2816885090886306,-0.2816885090886306,-0.2816885090886306,-0.2816885090886306,2010-05-15,2010,2010,2.2360430950047885,merinov_gosl SF1,21
merinov_gosl,SF1,4,48.6285,-68.1988,9999,2010-07-09,9999,9999,9999,NA,NA,NA,101,86,38,38,104,4,101,percent_cover,"c(-68.1988, 48.6285)",Gulf of St. Lawrence - Eastern Scotian Shelf,Cold Temperate Northwest Atlantic,Temperate Northern Atlantic,0.9081567116326966,0.9081567116326966,0.9081567116326966,0.9081567116326966,-0.08538719309137438,-0.08538719309137438,-0.08538719309137438,-0.08538719309137438,2010-07-09,2010,2010,2.2360430950047885,merinov_gosl SF1,21
merinov_gosl,SF1,5,48.6285,-68.1988,9999,2010-07-10,9999,9999,9999,NA,NA,NA,100,86,38,38,104,4,100,percent_cover,"c(-68.1988, 48.6285)",Gulf of St. Lawrence - Eastern Scotian Shelf,Cold Temperate Northwest Atlantic,Temperate Northern Atlantic,0.899165061022472,0.899165061022472,0.899165061022472,0.899165061022472,-0.09522861600602273,-0.09522861600602273,-0.09522861600602273,-0.09522861600602273,2010-07-10,2010,2010,2.2360430950047885,merinov_gosl SF1,21
merinov_gosl,SF1,6,48.6285,-68.1988,9999,2010-07-13,9999,9999,9999,NA,NA,NA,99,86,38,38,104,4,99,percent_cover,"c(-68.1988, 48.6285)",Gulf of St. Lawrence - Eastern Scotian Shelf,Cold Temperate Northwest Atlantic,Temperate Northern Atlantic,0.8901734104122472,0.8901734104122472,0.8901734104122472,0.8901734104122472,-0.10516785598206334,-0.10516785598206334,-0.10516785598206334,-0.10516785598206334,2010-07-13,2010,2010,2.2360430950047885,merinov_gosl SF1,21
merinov_gosl,SF1,7,48.6285,-68.1988,9999,2010-07-14,9999,9999,9999,NA,NA,NA,98,86,38,38,104,4,98,percent_cover,"c(-68.1988, 48.6285)",Gulf of St. Lawrence - Eastern Scotian Shelf,Cold Temperate Northwest Atlantic,Temperate Northern Atlantic,0.8811817598020225,0.8811817598020225,0.8811817598020225,0.8811817598020225,-0.11520687702707211,-0.11520687702707211,-0.11520687702707211,-0.11520687702707211,2010-07-14,2010,2010,2.2360430950047885,merinov_gosl SF1,21
merinov_gosl,SF1,8,48.6285,-68.1988,9999,2010-07-15,9999,9999,9999,NA,NA,NA,100,86,38,38,104,4,100,percent_cover,"c(-68.1988, 48.6285)",Gulf of St. Lawrence - Eastern Scotian Shelf,Cold Temperate Northwest Atlantic,Temperate Northern Atlantic,0.899165061022472,0.899165061022472,0.899165061022472,0.899165061022472,-0.09522861600602273,-0.09522861600602273,-0.09522861600602273,-0.09522861600602273,2010-07-15,2010,2010,2.2360430950047885,merinov_gosl SF1,21
merinov_gosl,SF1,9,48.6285,-68.1988,9999,2010-09-08,9999,9999,9999,NA,NA,NA,91.66666667,86,38,38,104,4,91.66666667,percent_cover,"c(-68.1988, 48.6285)",Gulf of St. Lawrence - Eastern Scotian Shelf,Cold Temperate Northwest Atlantic,Temperate Northern Atlantic,0.8242346393005714,0.8242346393005714,0.8242346393005714,0.8242346393005714,-0.1812405741056377,-0.1812405741056377,-0.1812405741056377,-0.1812405741056377,2010-09-08,2010,2010,2.2360430950047885,merinov_gosl SF1,21
merinov_gosl,SF1,10,48.6285,-68.1988,9999,2010-09-09,9999,9999,9999,NA,NA,NA,96.75,86,38,38,104,4,96.75,percent_cover,"c(-68.1988, 48.6285)",Gulf of St. Lawrence - Eastern Scotian Shelf,Cold Temperate Northwest Atlantic,Temperate Northern Atlantic,0.8699421965392415,0.8699421965392415,0.8699421965392415,0.8699421965392415,-0.1278990594181502,-0.1278990594181502,-0.1278990594181502,-0.1278990594181502,2010-09-09,2010,2010,2.2360430950047885,merinov_gosl SF1,21
merinov_gosl,SF1,11,48.6285,-68.1988,9999,2011-05-15,9999,9999,9999,NA,NA,NA,4.6,86,38,38,104,4,4.6,percent_cover,"c(-68.1988, 48.6285)",Gulf of St. Lawrence - Eastern Scotian Shelf,Cold Temperate Northwest Atlantic,Temperate Northern Atlantic,0.041361592807033706,0.041361592807033706,0.041361592807033706,0.041361592807033706,-2.9688646074833036,-2.9688646074833036,-2.9688646074833036,-2.9688646074833036,2011-05-15,2011,2011,3.2360430950047885,merinov_gosl SF1,21
merinov_gosl,SF1,12,48.6285,-68.1988,9999,2011-05-17,9999,9999,9999,NA,NA,NA,3,86,38,38,104,4,3,percent_cover,"c(-68.1988, 48.6285)",Gulf of St. Lawrence - Eastern Scotian Shelf,Cold Temperate Northwest Atlantic,Temperate Northern Atlantic,0.02697495183067416,0.02697495183067416,0.02697495183067416,0.02697495183067416,-3.297514573140033,-3.297514573140033,-3.297514573140033,-3.297514573140033,2011-05-17,2011,2011,3.2360430950047885,merinov_gosl SF1,21
merinov_gosl,SF1,13,48.6285,-68.1988,9999,2011-08-02,9999,9999,9999,NA,NA,NA,69.999999997,86,38,38,104,4,69.999999997,percent_cover,"c(-68.1988, 48.6285)",Gulf of St. Lawrence - Eastern Scotian Shelf,Cold Temperate Northwest Atlantic,Temperate Northern Atlantic,0.6294155426887554,0.6294155426887554,0.6294155426887554,0.6294155426887554,-0.44720073441168096,-0.44720073441168096,-0.44720073441168096,-0.44720073441168096,2011-08-02,2011,2011,3.2360430950047885,merinov_gosl SF1,21
merinov_gosl,SF1,14,48.6285,-68.1988,9999,2011-08-03,9999,9999,9999,NA,NA,NA,79,86,38,38,104,4,79,percent_cover,"c(-68.1988, 48.6285)",Gulf of St. Lawrence - Eastern Scotian Shelf,Cold Temperate Northwest Atlantic,Temperate Northern Atlantic,0.7103403982077529,0.7103403982077529,0.7103403982077529,0.7103403982077529,-0.32803140340651527,-0.32803140340651527,-0.32803140340651527,-0.32803140340651527,2011-08-03,2011,2011,3.2360430950047885,merinov_gosl SF1,21
merinov_gosl,SF1,15,48.6285,-68.1988,9999,2011-09-28,9999,9999,9999,NA,NA,NA,88.14285714,86,38,38,104,4,88.14285714,percent_cover,"c(-68.1988, 48.6285)",Gulf of St. Lawrence - Eastern Scotian Shelf,Cold Temperate Northwest Atlantic,Temperate Northern Atlantic,0.7925497751898313,0.7925497751898313,0.7925497751898313,0.7925497751898313,-0.21996140074277848,-0.21996140074277848,-0.21996140074277848,-0.21996140074277848,2011-09-28,2011,2011,3.2360430950047885,merinov_gosl SF1,21
merinov_gosl,SF1,16,48.6285,-68.1988,9999,2011-09-30,9999,9999,9999,NA,NA,NA,91.66666667,86,38,38,104,4,91.66666667,percent_cover,"c(-68.1988, 48.6285)",Gulf of St. Lawrence - Eastern Scotian Shelf,Cold Temperate Northwest Atlantic,Temperate Northern Atlantic,0.8242346393005714,0.8242346393005714,0.8242346393005714,0.8242346393005714,-0.1812405741056377,-0.1812405741056377,-0.1812405741056377,-0.1812405741056377,2011-09-30,2011,2011,3.2360430950047885,merinov_gosl SF1,21
merinov_gosl,SF1,17,48.6285,-68.1988,9999,2012-05-07,9999,9999,9999,NA,NA,NA,68.444444442,86,38,38,104,4,68.444444442,percent_cover,"c(-68.1988, 48.6285)",Gulf of St. Lawrence - Eastern Scotian Shelf,Cold Temperate Northwest Atlantic,Temperate Northern Atlantic,0.6154285306334012,0.6154285306334012,0.6154285306334012,0.6154285306334012,-0.46931821518218914,-0.46931821518218914,-0.46931821518218914,-0.46931821518218914,2012-05-07,2012,2012,4.2360430950047885,merinov_gosl SF1,21
merinov_gosl,SF1,18,48.6285,-68.1988,9999,2012-07-06,9999,9999,9999,NA,NA,NA,93.4,86,38,38,104,4,93.4,percent_cover,"c(-68.1988, 48.6285)",Gulf of St. Lawrence - Eastern Scotian Shelf,Cold Temperate Northwest Atlantic,Temperate Northern Atlantic,0.8398201669949888,0.8398201669949888,0.8398201669949888,0.8398201669949888,-0.16273052012268202,-0.16273052012268202,-0.16273052012268202,-0.16273052012268202,2012-07-06,2012,2012,4.2360430950047885,merinov_gosl SF1,21
merinov_gosl,SF1,19,48.6285,-68.1988,9999,2012-09-15,9999,9999,9999,NA,NA,NA,99.25,86,38,38,104,4,99.25,percent_cover,"c(-68.1988, 48.6285)",Gulf of St. Lawrence - Eastern Scotian Shelf,Cold Temperate Northwest Atlantic,Temperate Northern Atlantic,0.8924213230648034,0.8924213230648034,0.8924213230648034,0.8924213230648034,-0.10267376923470455,-0.10267376923470455,-0.10267376923470455,-0.10267376923470455,2012-09-15,2012,2012,4.2360430950047885,merinov_gosl SF1,21
merinov_gosl,SF1,20,48.6285,-68.1988,9999,2012-09-16,9999,9999,9999,NA,NA,NA,93.33333333,86,38,38,104,4,93.33333333,percent_cover,"c(-68.1988, 48.6285)",Gulf of St. Lawrence - Eastern Scotian Shelf,Cold Temperate Northwest Atlantic,Temperate Northern Atlantic,0.8392207235910016,0.8392207235910016,0.8392207235910016,0.8392207235910016,-0.1634361457873507,-0.1634361457873507,-0.1634361457873507,-0.1634361457873507,2012-09-16,2012,2012,4.2360430950047885,merinov_gosl SF1,21
merinov_gosl,SF1,21,48.6285,-68.1988,9999,2012-09-20,9999,9999,9999,NA,NA,NA,95.666666667,86,38,38,104,4,95.666666667,percent_cover,"c(-68.1988, 48.6285)",Gulf of St. Lawrence - Eastern Scotian Shelf,Cold Temperate Northwest Atlantic,Temperate Northern Atlantic,0.8602012417144954,0.8602012417144954,0.8602012417144954,0.8602012417144954,-0.13903078176656455,-0.13903078176656455,-0.13903078176656455,-0.13903078176656455,2012-09-20,2012,2012,4.2360430950047885,merinov_gosl SF1,21
merinov_gosl,SF2,1,48.6273,-68.2008,9999,2010-06-11,9999,9999,9999,NA,NA,NA,100,86,38,38,104,4,100,percent_cover,"c(-68.2008, 48.6273)",Gulf of St. Lawrence - Eastern Scotian Shelf,Cold Temperate Northwest Atlantic,Temperate Northern Atlantic,0.899165061022472,0.899165061022472,0.899165061022472,0.899165061022472,-0.09522861600602273,-0.09522861600602273,-0.09522861600602273,-0.09522861600602273,2010-06-11,2010,2010,2.2360430950047885,merinov_gosl SF2,28
merinov_gosl,SF2,2,48.6273,-68.2008,9999,2010-06-12,9999,9999,9999,NA,NA,NA,99.8,86,38,38,104,4,99.8,percent_cover,"c(-68.2008, 48.6273)",Gulf of St. Lawrence - Eastern Scotian Shelf,Cold Temperate Northwest Atlantic,Temperate Northern Atlantic,0.897366730900427,0.897366730900427,0.897366730900427,0.897366730900427,-0.09720857662937346,-0.09720857662937346,-0.09720857662937346,-0.09720857662937346,2010-06-12,2010,2010,2.2360430950047885,merinov_gosl SF2,28
merinov_gosl,SF2,3,48.6273,-68.2008,9999,2010-06-15,9999,9999,9999,NA,NA,NA,99,86,38,38,104,4,99,percent_cover,"c(-68.2008, 48.6273)",Gulf of St. Lawrence - Eastern Scotian Shelf,Cold Temperate Northwest Atlantic,Temperate Northern Atlantic,0.8901734104122472,0.8901734104122472,0.8901734104122472,0.8901734104122472,-0.10516785598206334,-0.10516785598206334,-0.10516785598206334,-0.10516785598206334,2010-06-15,2010,2010,2.2360430950047885,merinov_gosl SF2,28
merinov_gosl,SF2,4,48.6273,-68.2008,9999,2010-06-17,9999,9999,9999,NA,NA,NA,108.75,86,38,38,104,4,108.75,percent_cover,"c(-68.2008, 48.6273)",Gulf of St. Lawrence - Eastern Scotian Shelf,Cold Temperate Northwest Atlantic,Temperate Northern Atlantic,0.9778420038619382,0.9778420038619382,0.9778420038619382,0.9778420038619382,-0.012232509141551022,-0.012232509141551022,-0.012232509141551022,-0.012232509141551022,2010-06-17,2010,2010,2.2360430950047885,merinov_gosl SF2,28
merinov_gosl,SF2,5,48.6273,-68.2008,9999,2010-08-10,9999,9999,9999,NA,NA,NA,99.857142859,86,38,38,104,4,99.857142859,percent_cover,"c(-68.2008, 48.6273)",Gulf of St. Lawrence - Eastern Scotian Shelf,Cold Temperate Northwest Atlantic,Temperate Northern Atlantic,0.8978805395234244,0.8978805395234244,0.8978805395234244,0.8978805395234244,-0.09664247343771377,-0.09664247343771377,-0.09664247343771377,-0.09664247343771377,2010-08-10,2010,2010,2.2360430950047885,merinov_gosl SF2,28
merinov_gosl,SF2,6,48.6273,-68.2008,9999,2010-08-11,9999,9999,9999,NA,NA,NA,101.375,86,38,38,104,4,101.375,percent_cover,"c(-68.2008, 48.6273)",Gulf of St. Lawrence - Eastern Scotian Shelf,Cold Temperate Northwest Atlantic,Temperate Northern Atlantic,0.911528580611531,0.911528580611531,0.911528580611531,0.911528580611531,-0.08172148703957126,-0.08172148703957126,-0.08172148703957126,-0.08172148703957126,2010-08-11,2010,2010,2.2360430950047885,merinov_gosl SF2,28
merinov_gosl,SF2,7,48.6273,-68.2008,9999,2010-08-14,9999,9999,9999,NA,NA,NA,104.25,86,38,38,104,4,104.25,percent_cover,"c(-68.2008, 48.6273)",Gulf of St. Lawrence - Eastern Scotian Shelf,Cold Temperate Northwest Atlantic,Temperate Northern Atlantic,0.937379576115927,0.937379576115927,0.937379576115927,0.937379576115927,-0.05405544655056395,-0.05405544655056395,-0.05405544655056395,-0.05405544655056395,2010-08-14,2010,2010,2.2360430950047885,merinov_gosl SF2,28
merinov_gosl,SF2,8,48.6273,-68.2008,9999,2010-10-06,9999,9999,9999,NA,NA,NA,98.75,86,38,38,104,4,98.75,percent_cover,"c(-68.2008, 48.6273)",Gulf of St. Lawrence - Eastern Scotian Shelf,Cold Temperate Northwest Atlantic,Temperate Northern Atlantic,0.887925497759691,0.887925497759691,0.887925497759691,0.887925497759691,-0.10766817875455377,-0.10766817875455377,-0.10766817875455377,-0.10766817875455377,2010-10-06,2010,2010,2.2360430950047885,merinov_gosl SF2,28
merinov_gosl,SF2,9,48.6273,-68.2008,9999,2010-10-07,9999,9999,9999,NA,NA,NA,96.625,86,38,38,104,4,96.625,percent_cover,"c(-68.2008, 48.6273)",Gulf of St. Lawrence - Eastern Scotian Shelf,Cold Temperate Northwest Atlantic,Temperate Northern Atlantic,0.8688182402129635,0.8688182402129635,0.8688182402129635,0.8688182402129635,-0.12917718286896132,-0.12917718286896132,-0.12917718286896132,-0.12917718286896132,2010-10-07,2010,2010,2.2360430950047885,merinov_gosl SF2,28
merinov_gosl,SF2,10,48.6273,-68.2008,9999,2010-10-08,9999,9999,9999,NA,NA,NA,94.875,86,38,38,104,4,94.875,percent_cover,"c(-68.2008, 48.6273)",Gulf of St. Lawrence - Eastern Scotian Shelf,Cold Temperate Northwest Atlantic,Temperate Northern Atlantic,0.8530828516450703,0.8530828516450703,0.8530828516450703,0.8530828516450703,-0.14724458828309978,-0.14724458828309978,-0.14724458828309978,-0.14724458828309978,2010-10-08,2010,2010,2.2360430950047885,merinov_gosl SF2,28
merinov_gosl,SF2,11,48.6273,-68.2008,9999,2011-05-16,9999,9999,9999,NA,NA,NA,16.25,86,38,38,104,4,16.25,percent_cover,"c(-68.2008, 48.6273)",Gulf of St. Lawrence - Eastern Scotian Shelf,Cold Temperate Northwest Atlantic,Temperate Northern Atlantic,0.1461143224161517,0.1461143224161517,0.1461143224161517,0.1461143224161517,-1.8571667041248123,-1.8571667041248123,-1.8571667041248123,-1.8571667041248123,2011-05-16,2011,2011,3.2360430950047885,merinov_gosl SF2,28
merinov_gosl,SF2,12,48.6273,-68.2008,9999,2011-05-17,9999,9999,9999,NA,NA,NA,16.75,86,38,38,104,4,16.75,percent_cover,"c(-68.2008, 48.6273)",Gulf of St. Lawrence - Eastern Scotian Shelf,Cold Temperate Northwest Atlantic,Temperate Northern Atlantic,0.15061014772126405,0.15061014772126405,0.15061014772126405,0.15061014772126405,-1.8287752931564059,-1.8287752931564059,-1.8287752931564059,-1.8287752931564059,2011-05-17,2011,2011,3.2360430950047885,merinov_gosl SF2,28
merinov_gosl,SF2,13,48.6273,-68.2008,9999,2011-07-04,9999,9999,9999,NA,NA,NA,38.263157899,86,38,38,104,4,38.263157899,percent_cover,"c(-68.2008, 48.6273)",Gulf of St. Lawrence - Eastern Scotian Shelf,Cold Temperate Northwest Atlantic,Temperate Northern Atlantic,0.3440489470716681,0.3440489470716681,0.3440489470716681,0.3440489470716681,-1.0383201068425452,-1.0383201068425452,-1.0383201068425452,-1.0383201068425452,2011-07-04,2011,2011,3.2360430950047885,merinov_gosl SF2,28
merinov_gosl,SF2,14,48.6273,-68.2008,9999,2011-09-26,9999,9999,9999,NA,NA,NA,72.818181817,86,38,38,104,4,72.818181817,percent_cover,"c(-68.2008, 48.6273)",Gulf of St. Lawrence - Eastern Scotian Shelf,Cold Temperate Northwest Atlantic,Temperate Northern Atlantic,0.6547556489702826,0.6547556489702826,0.6547556489702826,0.6547556489702826,-0.4083357510082661,-0.4083357510082661,-0.4083357510082661,-0.4083357510082661,2011-09-26,2011,2011,3.2360430950047885,merinov_gosl SF2,28
merinov_gosl,SF2,15,48.6273,-68.2008,9999,2011-09-27,9999,9999,9999,NA,NA,NA,67.55555555400001,86,38,38,104,4,67.55555555400001,percent_cover,"c(-68.2008, 48.6273)",Gulf of St. Lawrence - Eastern Scotian Shelf,Cold Temperate Northwest Atlantic,Temperate Northern Atlantic,0.6074359523211941,0.6074359523211941,0.6074359523211941,0.6074359523211941,-0.4821799367967307,-0.4821799367967307,-0.4821799367967307,-0.4821799367967307,2011-09-27,2011,2011,3.2360430950047885,merinov_gosl SF2,28
merinov_gosl,SF2,16,48.6273,-68.2008,9999,2012-06-02,9999,9999,9999,NA,NA,NA,100,86,38,38,104,4,100,percent_cover,"c(-68.2008, 48.6273)",Gulf of St. Lawrence - Eastern Scotian Shelf,Cold Temperate Northwest Atlantic,Temperate Northern Atlantic,0.899165061022472,0.899165061022472,0.899165061022472,0.899165061022472,-0.09522861600602273,-0.09522861600602273,-0.09522861600602273,-0.09522861600602273,2012-06-02,2012,2012,4.2360430950047885,merinov_gosl SF2,28
merinov_gosl,SF2,17,48.6273,-68.2008,9999,2012-06-04,9999,9999,9999,NA,NA,NA,100,86,38,38,104,4,100,percent_cover,"c(-68.2008, 48.6273)",Gulf of St. Lawrence - Eastern Scotian Shelf,Cold Temperate Northwest Atlantic,Temperate Northern Atlantic,0.899165061022472,0.899165061022472,0.899165061022472,0.899165061022472,-0.09522861600602273,-0.09522861600602273,-0.09522861600602273,-0.09522861600602273,2012-06-04,2012,2012,4.2360430950047885,merinov_gosl SF2,28
merinov_gosl,SF2,18,48.6273,-68.2008,9999,2012-06-06,9999,9999,9999,NA,NA,NA,99,86,38,38,104,4,99,percent_cover,"c(-68.2008, 48.6273)",Gulf of St. Lawrence - Eastern Scotian Shelf,Cold Temperate Northwest Atlantic,Temperate Northern Atlantic,0.8901734104122472,0.8901734104122472,0.8901734104122472,0.8901734104122472,-0.10516785598206334,-0.10516785598206334,-0.10516785598206334,-0.10516785598206334,2012-06-06,2012,2012,4.2360430950047885,merinov_gosl SF2,28
merinov_gosl,SF2,19,48.6273,-68.2008,9999,2012-07-02,9999,9999,9999,NA,NA,NA,100,86,38,38,104,4,100,percent_cover,"c(-68.2008, 48.6273)",Gulf of St. Lawrence - Eastern Scotian Shelf,Cold Temperate Northwest Atlantic,Temperate Northern Atlantic,0.899165061022472,0.899165061022472,0.899165061022472,0.899165061022472,-0.09522861600602273,-0.09522861600602273,-0.09522861600602273,-0.09522861600602273,2012-07-02,2012,2012,4.2360430950047885,merinov_gosl SF2,28
merinov_gosl,SF2,20,48.6273,-68.2008,9999,2012-07-03,9999,9999,9999,NA,NA,NA,100,86,38,38,104,4,100,percent_cover,"c(-68.2008, 48.6273)",Gulf of St. Lawrence - Eastern Scotian Shelf,Cold Temperate Northwest Atlantic,Temperate Northern Atlantic,0.899165061022472,0.899165061022472,0.899165061022472,0.899165061022472,-0.09522861600602273,-0.09522861600602273,-0.09522861600602273,-0.09522861600602273,2012-07-03,2012,2012,4.2360430950047885,merinov_gosl SF2,28
merinov_gosl,SF2,21,48.6273,-68.2008,9999,2012-07-05,9999,9999,9999,NA,NA,NA,100,86,38,38,104,4,100,percent_cover,"c(-68.2008, 48.6273)",Gulf of St. Lawrence - Eastern Scotian Shelf,Cold Temperate Northwest Atlantic,Temperate Northern Atlantic,0.899165061022472,0.899165061022472,0.899165061022472,0.899165061022472,-0.09522861600602273,-0.09522861600602273,-0.09522861600602273,-0.09522861600602273,2012-07-05,2012,2012,4.2360430950047885,merinov_gosl SF2,28
merinov_gosl,SF2,22,48.6273,-68.2008,9999,2012-07-08,9999,9999,9999,NA,NA,NA,99,86,38,38,104,4,99,percent_cover,"c(-68.2008, 48.6273)",Gulf of St. Lawrence - Eastern Scotian Shelf,Cold Temperate Northwest Atlantic,Temperate Northern Atlantic,0.8901734104122472,0.8901734104122472,0.8901734104122472,0.8901734104122472,-0.10516785598206334,-0.10516785598206334,-0.10516785598206334,-0.10516785598206334,2012-07-08,2012,2012,4.2360430950047885,merinov_gosl SF2,28
merinov_gosl,SF2,23,48.6273,-68.2008,9999,2012-07-31,9999,9999,9999,NA,NA,NA,100,86,38,38,104,4,100,percent_cover,"c(-68.2008, 48.6273)",Gulf of St. Lawrence - Eastern Scotian Shelf,Cold Temperate Northwest Atlantic,Temperate Northern Atlantic,0.899165061022472,0.899165061022472,0.899165061022472,0.899165061022472,-0.09522861600602273,-0.09522861600602273,-0.09522861600602273,-0.09522861600602273,2012-07-31,2012,2012,4.2360430950047885,merinov_gosl SF2,28
merinov_gosl,SF2,24,48.6273,-68.2008,9999,2012-08-01,9999,9999,9999,NA,NA,NA,100,86,38,38,104,4,100,percent_cover,"c(-68.2008, 48.6273)",Gulf of St. Lawrence - Eastern Scotian Shelf,Cold Temperate Northwest Atlantic,Temperate Northern Atlantic,0.899165061022472,0.899165061022472,0.899165061022472,0.899165061022472,-0.09522861600602273,-0.09522861600602273,-0.09522861600602273,-0.09522861600602273,2012-08-01,2012,2012,4.2360430950047885,merinov_gosl SF2,28
merinov_gosl,SF2,25,48.6273,-68.2008,9999,2012-08-04,9999,9999,9999,NA,NA,NA,100,86,38,38,104,4,100,percent_cover,"c(-68.2008, 48.6273)",Gulf of St. Lawrence - Eastern Scotian Shelf,Cold Temperate Northwest Atlantic,Temperate Northern Atlantic,0.899165061022472,0.899165061022472,0.899165061022472,0.899165061022472,-0.09522861600602273,-0.09522861600602273,-0.09522861600602273,-0.09522861600602273,2012-08-04,2012,2012,4.2360430950047885,merinov_gosl SF2,28
merinov_gosl,SF2,26,48.6273,-68.2008,9999,2012-08-29,9999,9999,9999,NA,NA,NA,96,86,38,38,104,4,96,percent_cover,"c(-68.2008, 48.6273)",Gulf of St. Lawrence - Eastern Scotian Shelf,Cold Temperate Northwest Atlantic,Temperate Northern Atlantic,0.8631984585815731,0.8631984585815731,0.8631984585815731,0.8631984585815731,-0.13559241956034207,-0.13559241956034207,-0.13559241956034207,-0.13559241956034207,2012-08-29,2012,2012,4.2360430950047885,merinov_gosl SF2,28
merinov_gosl,SF2,27,48.6273,-68.2008,9999,2012-08-31,9999,9999,9999,NA,NA,NA,98,86,38,38,104,4,98,percent_cover,"c(-68.2008, 48.6273)",Gulf of St. Lawrence - Eastern Scotian Shelf,Cold Temperate Northwest Atlantic,Temperate Northern Atlantic,0.8811817598020225,0.8811817598020225,0.8811817598020225,0.8811817598020225,-0.11520687702707211,-0.11520687702707211,-0.11520687702707211,-0.11520687702707211,2012-08-31,2012,2012,4.2360430950047885,merinov_gosl SF2,28
merinov_gosl,SF2,28,48.6273,-68.2008,9999,2012-09-03,9999,9999,9999,NA,NA,NA,96,86,38,38,104,4,96,percent_cover,"c(-68.2008, 48.6273)",Gulf of St. Lawrence - Eastern Scotian Shelf,Cold Temperate Northwest Atlantic,Temperate Northern Atlantic,0.8631984585815731,0.8631984585815731,0.8631984585815731,0.8631984585815731,-0.13559241956034207,-0.13559241956034207,-0.13559241956034207,-0.13559241956034207,2012-09-03,2012,2012,4.2360430950047885,merinov_gosl SF2,28
merinov_gosl,SU,1,48.8104,-67.6439,9999,2010-06-13,9999,9999,9999,NA,NA,NA,98,86,38,38,104,4,98,percent_cover,"c(-67.6439, 48.8104)",Gulf of St. Lawrence - Eastern Scotian Shelf,Cold Temperate Northwest Atlantic,Temperate Northern Atlantic,0.8811817598020225,0.8811817598020225,0.8811817598020225,0.8811817598020225,-0.11520687702707211,-0.11520687702707211,-0.11520687702707211,-0.11520687702707211,2010-06-13,2010,2010,2.2360430950047885,merinov_gosl SU,14
merinov_gosl,SU,2,48.8104,-67.6439,9999,2010-06-14,9999,9999,9999,NA,NA,NA,106.75,86,38,38,104,4,106.75,percent_cover,"c(-67.6439, 48.8104)",Gulf of St. Lawrence - Eastern Scotian Shelf,Cold Temperate Northwest Atlantic,Temperate Northern Atlantic,0.9598587026414888,0.9598587026414888,0.9598587026414888,0.9598587026414888,-0.030604885475140235,-0.030604885475140235,-0.030604885475140235,-0.030604885475140235,2010-06-14,2010,2010,2.2360430950047885,merinov_gosl SU,14
merinov_gosl,SU,3,48.8104,-67.6439,9999,2010-06-16,9999,9999,9999,NA,NA,NA,103.6,86,38,38,104,4,103.6,percent_cover,"c(-67.6439, 48.8104)",Gulf of St. Lawrence - Eastern Scotian Shelf,Cold Temperate Northwest Atlantic,Temperate Northern Atlantic,0.9315350032192808,0.9315350032192808,0.9315350032192808,0.9315350032192808,-0.06024375343551978,-0.06024375343551978,-0.06024375343551978,-0.06024375343551978,2010-06-16,2010,2010,2.2360430950047885,merinov_gosl SU,14
merinov_gosl,SU,4,48.8104,-67.6439,9999,2010-08-12,9999,9999,9999,NA,NA,NA,104.92307692,86,38,38,104,4,104.92307692,percent_cover,"c(-67.6439, 48.8104)",Gulf of St. Lawrence - Eastern Scotian Shelf,Cold Temperate Northwest Atlantic,Temperate Northern Atlantic,0.9434316486143731,0.9434316486143731,0.9434316486143731,0.9434316486143731,-0.04768754123649194,-0.04768754123649194,-0.04768754123649194,-0.04768754123649194,2010-08-12,2010,2010,2.2360430950047885,merinov_gosl SU,14
merinov_gosl,SU,5,48.8104,-67.6439,9999,2010-08-13,9999,9999,9999,NA,NA,NA,118.14285714,86,38,38,104,4,118.14285714,percent_cover,"c(-67.6439, 48.8104)",Gulf of St. Lawrence - Eastern Scotian Shelf,Cold Temperate Northwest Atlantic,Temperate Northern Atlantic,1.062299293496573,1.062299293496573,1.062299293496573,1.062299293496573,0.06980521537642602,0.06980521537642602,0.06980521537642602,0.06980521537642602,2010-08-13,2010,2010,2.2360430950047885,merinov_gosl SU,14
merinov_gosl,SU,6,48.8104,-67.6439,9999,2010-10-09,9999,9999,9999,NA,NA,NA,99.61538462,86,38,38,104,4,99.61538462,percent_cover,"c(-67.6439, 48.8104)",Gulf of St. Lawrence - Eastern Scotian Shelf,Cold Temperate Northwest Atlantic,Temperate Northern Atlantic,0.8957067339061932,0.8957067339061932,0.8957067339061932,0.8957067339061932,-0.09903971859940153,-0.09903971859940153,-0.09903971859940153,-0.09903971859940153,2010-10-09,2010,2010,2.2360430950047885,merinov_gosl SU,14
merinov_gosl,SU,7,48.8104,-67.6439,9999,2010-10-10,9999,9999,9999,NA,NA,NA,95.28571429,86,38,38,104,4,95.28571429,percent_cover,"c(-67.6439, 48.8104)",Gulf of St. Lawrence - Eastern Scotian Shelf,Cold Temperate Northwest Atlantic,Temperate Northern Atlantic,0.8567758510413768,0.8567758510413768,0.8567758510413768,0.8567758510413768,-0.142974869604916,-0.142974869604916,-0.142974869604916,-0.142974869604916,2010-10-10,2010,2010,2.2360430950047885,merinov_gosl SU,14
merinov_gosl,SU,8,48.8104,-67.6439,9999,2011-05-15,9999,9999,9999,NA,NA,NA,50.2,86,38,38,104,4,50.2,percent_cover,"c(-67.6439, 48.8104)",Gulf of St. Lawrence - Eastern Scotian Shelf,Cold Temperate Northwest Atlantic,Temperate Northern Atlantic,0.4513808606332809,0.4513808606332809,0.4513808606332809,0.4513808606332809,-0.7735314151750602,-0.7735314151750602,-0.7735314151750602,-0.7735314151750602,2011-05-15,2011,2011,3.2360430950047885,merinov_gosl SU,14
merinov_gosl,SU,9,48.8104,-67.6439,9999,2011-05-18,9999,9999,9999,NA,NA,NA,37.46666666,86,38,38,104,4,37.46666666,percent_cover,"c(-67.6439, 48.8104)",Gulf of St. Lawrence - Eastern Scotian Shelf,Cold Temperate Northwest Atlantic,Temperate Northern Atlantic,0.3368871761364752,0.3368871761364752,0.3368871761364752,0.3368871761364752,-1.058755692722088,-1.058755692722088,-1.058755692722088,-1.058755692722088,2011-05-18,2011,2011,3.2360430950047885,merinov_gosl SU,14
merinov_gosl,SU,10,48.8104,-67.6439,9999,2011-07-03,9999,9999,9999,NA,NA,NA,49.35294118,86,38,38,104,4,49.35294118,percent_cover,"c(-67.6439, 48.8104)",Gulf of St. Lawrence - Eastern Scotian Shelf,Cold Temperate Northwest Atlantic,Temperate Northern Atlantic,0.44376440367753167,0.44376440367753167,0.44376440367753167,0.44376440367753167,-0.7901771502649522,-0.7901771502649522,-0.7901771502649522,-0.7901771502649522,2011-07-03,2011,2011,3.2360430950047885,merinov_gosl SU,14
merinov_gosl,SU,11,48.8104,-67.6439,9999,2011-07-05,9999,9999,9999,NA,NA,NA,104.5,86,38,38,104,4,104.5,percent_cover,"c(-67.6439, 48.8104)",Gulf of St. Lawrence - Eastern Scotian Shelf,Cold Temperate Northwest Atlantic,Temperate Northern Atlantic,0.9396274887684831,0.9396274887684831,0.9396274887684831,0.9396274887684831,-0.05168548837136493,-0.05168548837136493,-0.05168548837136493,-0.05168548837136493,2011-07-05,2011,2011,3.2360430950047885,merinov_gosl SU,14
merinov_gosl,SU,12,48.8104,-67.6439,9999,2011-07-19,9999,9999,9999,NA,NA,NA,102,86,38,38,104,4,102,percent_cover,"c(-67.6439, 48.8104)",Gulf of St. Lawrence - Eastern Scotian Shelf,Cold Temperate Northwest Atlantic,Temperate Northern Atlantic,0.9171483622429214,0.9171483622429214,0.9171483622429214,0.9171483622429214,-0.0756416806527132,-0.0756416806527132,-0.0756416806527132,-0.0756416806527132,2011-07-19,2011,2011,3.2360430950047885,merinov_gosl SU,14
merinov_gosl,SU,13,48.8104,-67.6439,9999,2011-09-30,9999,9999,9999,NA,NA,NA,65.69230769,86,38,38,104,4,65.69230769,percent_cover,"c(-67.6439, 48.8104)",Gulf of St. Lawrence - Eastern Scotian Shelf,Cold Temperate Northwest Atlantic,Temperate Northern Atlantic,0.5906822785278586,0.5906822785278586,0.5906822785278586,0.5906822785278586,-0.5096891389298341,-0.5096891389298341,-0.5096891389298341,-0.5096891389298341,2011-09-30,2011,2011,3.2360430950047885,merinov_gosl SU,14
merinov_gosl,SU,14,48.8104,-67.6439,9999,2011-10-01,9999,9999,9999,NA,NA,NA,76.857142857,86,38,38,104,4,76.857142857,percent_cover,"c(-67.6439, 48.8104)",Gulf of St. Lawrence - Eastern Scotian Shelf,Cold Temperate Northwest Atlantic,Temperate Northern Atlantic,0.6910725754702725,0.6910725754702725,0.6910725754702725,0.6910725754702725,-0.3551438659652162,-0.3551438659652162,-0.3551438659652162,-0.3551438659652162,2011-10-01,2011,2011,3.2360430950047885,merinov_gosl SU,14
metaxas_recent,Halibut I,1,44.887967,-62.207,9999,2018-08-15,9,7.5,6,NA,NA,NA,80.96652309428045,0,65,65,79,4,80.96652309428045,percent_cover,"c(-62.207, 44.887967)",Scotian Shelf,Cold Temperate Northwest Atlantic,Temperate Northern Atlantic,0.8710872650174059,0.7280226867884606,0.7280226867884606,0.7280226867884606,-0.12659860571815526,-0.30378071394838335,-0.30378071394838335,-0.30378071394838335,2018-08-15,2018,2018,10.236043095004788,metaxas_recent Halibut I,9
metaxas_recent,Halibut I,3,44.88797,-62.207,0.5,2019-07-15,9,7.5,6,NA,21.090909090909093,21.090909090909093,80.95770643488906,0,65,65,79,4,80.95770643488906,percent_cover,"c(-62.207, 44.88797)",Scotian Shelf,Cold Temperate Northwest Atlantic,Temperate Northern Atlantic,0.8709924100153343,0.7279434104676639,0.7279434104676639,0.7279434104676639,-0.12670626827565157,-0.3038881369048054,-0.3038881369048054,-0.3038881369048054,2019-07-15,2019,2019,11.236043095004788,metaxas_recent Halibut I,9
metaxas_recent,Halibut I,4,44.88797,-62.207,0.5,2019-10-15,9,7.5,6,NA,14.666666666666668,14.666666666666668,72.15034965034963,0,65,65,79,4,72.15034965034963,percent_cover,"c(-62.207, 44.88797)",Scotian Shelf,Cold Temperate Northwest Atlantic,Temperate Northern Atlantic,0.7762374910651477,0.6487507354614931,0.6487507354614931,0.6487507354614931,-0.24049638070912047,-0.4174100626771038,-0.4174100626771038,-0.4174100626771038,2019-10-15,2019,2019,11.236043095004788,metaxas_recent Halibut I,9
metaxas_recent,Halibut I,5,44.88797,-62.207,0.5,2020-07-15,9,7.5,6,NA,25.333333333333336,25.333333333333336,88.07397959183679,0,65,65,79,4,88.07397959183679,percent_cover,"c(-62.207, 44.88797)",Scotian Shelf,Cold Temperate Northwest Atlantic,Temperate Northern Atlantic,0.9475536193213601,0.7919304523418588,0.7919304523418588,0.7919304523418588,-0.0433735602040001,-0.22073339265405742,-0.22073339265405742,-0.22073339265405742,2020-07-15,2020,2020,12.236043095004788,metaxas_recent Halibut I,9
metaxas_recent,Halibut I,6,44.88797,-62.207,0.5,2020-10-15,9,7.5,6,NA,25.166666666666703,25.166666666666703,65.60267857142857,0,65,65,79,4,65.60267857142857,percent_cover,"c(-62.207, 44.88797)",Scotian Shelf,Cold Temperate Northwest Atlantic,Temperate Northern Atlantic,0.7057936499021842,0.5898763648091618,0.5898763648091618,0.5898763648091618,-0.33436335201928524,-0.5110317036503884,-0.5110317036503884,-0.5110317036503884,2020-10-15,2020,2020,12.236043095004788,metaxas_recent Halibut I,9
metaxas_recent,Halibut I,7,44.88797,-62.207,0.4,2021-07-15,9,7.5,6,NA,18.5,18.5,89.35673701298703,0,65,65,79,4,89.35673701298703,percent_cover,"c(-62.207, 44.88797)",Scotian Shelf,Cold Temperate Northwest Atlantic,Temperate Northern Atlantic,0.9613543064568247,0.8034645588905146,0.8034645588905146,0.8034645588905146,-0.029063989031265634,-0.20645291947919106,-0.20645291947919106,-0.20645291947919106,2021-07-15,2021,2021,13.236043095004788,metaxas_recent Halibut I,9
metaxas_recent,Halibut I,8,44.88797,-62.207,0.5,2021-10-15,9,7.5,6,NA,19.200000000000003,19.200000000000003,71.86330782312928,0,65,65,79,4,71.86330782312928,percent_cover,"c(-62.207, 44.88797)",Scotian Shelf,Cold Temperate Northwest Atlantic,Temperate Northern Atlantic,0.773149319921528,0.6461697556406072,0.6461697556406072,0.6461697556406072,-0.24443189884636626,-0.4213357496718347,-0.4213357496718347,-0.4213357496718347,2021-10-15,2021,2021,13.236043095004788,metaxas_recent Halibut I,9
metaxas_recent,Halibut I,9,44.88797,-62.207,0.5,2022-07-15,9,7.5,6,NA,16.338461538461573,16.338461538461573,76.74107142857142,0,65,65,79,4,76.74107142857142,percent_cover,"c(-62.207, 44.88797)",Scotian Shelf,Cold Temperate Northwest Atlantic,Temperate Northern Atlantic,0.8256272774289585,0.690028901740013,0.690028901740013,0.690028901740013,-0.17957260570979777,-0.3566336565910481,-0.3566336565910481,-0.3566336565910481,2022-07-15,2022,2022,14.236043095004788,metaxas_recent Halibut I,9
metaxas_recent,Halibut I,10,44.88797,-62.207,0.5,2022-10-15,9,7.5,6,NA,8.666666666666671,8.666666666666671,40.74534161490685,0,65,65,79,4,40.74534161490685,percent_cover,"c(-62.207, 44.88797)",Scotian Shelf,Cold Temperate Northwest Atlantic,Temperate Northern Atlantic,0.4383632498112833,0.3663678757954918,0.3663678757954918,0.3663678757954918,-0.8021515496369289,-0.9771882208336679,-0.9771882208336679,-0.9771882208336679,2022-10-15,2022,2022,14.236043095004788,metaxas_recent Halibut I,9
metaxas_recent,Long I,1,44.88955,-62.302917,9999,2018-08-15,9,7.5,6,NA,NA,NA,26.622187336473075,0,65,65,79,4,26.622187336473075,percent_cover,"c(-62.302917, 44.88955)",Scotian Shelf,Cold Temperate Northwest Atlantic,Temperate Northern Atlantic,0.2864177374728782,0.23937740700951493,0.23937740700951493,0.23937740700951493,-1.2159855443248229,-1.3887878392161102,-1.3887878392161102,-1.3887878392161102,2018-08-15,2018,2018,10.236043095004788,metaxas_recent Long I,9
metaxas_recent,Long I,2,44.88955,-62.30292,4999.625,2019-07-15,9,7.5,6,NA,7.42857142857143,7.42857142857143,30.49450549450548,0,65,65,79,4,30.49450549450548,percent_cover,"c(-62.30292, 44.88955)",Scotian Shelf,Cold Temperate Northwest Atlantic,Temperate Northern Atlantic,0.3280784992871146,0.27419593893817124,0.27419593893817124,0.27419593893817124,-1.0844771640525595,-1.2580913528717201,-1.2580913528717201,-1.2580913528717201,2019-07-15,2019,2019,11.236043095004788,metaxas_recent Long I,9
metaxas_recent,Long I,3,44.88955,-62.30292,0.5,2019-10-15,9,7.5,6,NA,6.375,6.375,30.129870129870124,0,65,65,79,4,30.129870129870124,percent_cover,"c(-62.30292, 44.88955)",Scotian Shelf,Cold Temperate Northwest Atlantic,Temperate Northern Atlantic,0.3241555295167691,0.27091726513923825,0.27091726513923825,0.27091726513923825,-1.0961487371542862,-1.2696950831109182,-1.2696950831109182,-1.2696950831109182,2019-10-15,2019,2019,11.236043095004788,metaxas_recent Long I,9
metaxas_recent,Long I,4,44.88955,-62.30292,0.5,2020-07-15,9,7.5,6,NA,6.416666666666665,6.416666666666665,51.64310515873015,0,65,65,79,4,51.64310515873015,percent_cover,"c(-62.30292, 44.88955)",Scotian Shelf,Cold Temperate Northwest Atlantic,Temperate Northern Atlantic,0.5556080403420751,0.4643567580143953,0.4643567580143953,0.4643567580143953,-0.5698539489030864,-0.74579558635026,-0.74579558635026,-0.74579558635026,2020-07-15,2020,2020,12.236043095004788,metaxas_recent Long I,9
metaxas_recent,Long I,5,44.88955,-62.30292,0.25,2020-10-15,9,7.5,6,NA,13.833333333333314,13.833333333333314,34.42106009070296,0,65,65,79,4,34.42106009070296,percent_cover,"c(-62.30292, 44.88955)",Scotian Shelf,Cold Temperate Northwest Atlantic,Temperate Northern Atlantic,0.3703227698007487,0.309502145969151,0.309502145969151,0.309502145969151,-0.9667349925803322,-1.1409912885387443,-1.1409912885387443,-1.1409912885387443,2020-10-15,2020,2020,12.236043095004788,metaxas_recent Long I,9
metaxas_recent,Long I,6,44.88955,-62.30292,0.5,2021-07-15,9,7.5,6,NA,8.44545454545454,8.44545454545454,42.19720496894406,0,65,65,79,4,42.19720496894406,percent_cover,"c(-62.30292, 44.88955)",Scotian Shelf,Cold Temperate Northwest Atlantic,Temperate Northern Atlantic,0.45398328176911606,0.3794225238087834,0.3794225238087834,0.3794225238087834,-0.7679067580750104,-0.9430903453727651,-0.9430903453727651,-0.9430903453727651,2021-07-15,2021,2021,13.236043095004788,metaxas_recent Long I,9
metaxas_recent,Long I,7,44.88955,-62.30292,0.5,2021-10-15,9,7.5,6,NA,10.566666666666668,10.566666666666668,20.90194032158319,0,65,65,79,4,20.90194032158319,percent_cover,"c(-62.30292, 44.88955)",Scotian Shelf,Cold Temperate Northwest Atlantic,Temperate Northern Atlantic,0.2248758293237261,0.18794294444744417,0.18794294444744417,0.18794294444744417,-1.4486982903394625,-1.6197764491698292,-1.6197764491698292,-1.6197764491698292,2021-10-15,2021,2021,13.236043095004788,metaxas_recent Long I,9
metaxas_recent,Long I,8,44.88955,-62.30292,0.5,2022-07-15,9,7.5,6,NA,10.055,10.055,40.76362781954883,0,65,65,79,4,40.76362781954883,percent_cover,"c(-62.30292, 44.88955)",Scotian Shelf,Cold Temperate Northwest Atlantic,Temperate Northern Atlantic,0.4385599839599213,0.3665322989586196,0.3665322989586196,0.3665322989586196,-0.8017128629257689,-0.9767514480150257,-0.9767514480150257,-0.9767514480150257,2022-07-15,2022,2022,14.236043095004788,metaxas_recent Long I,9
metaxas_recent,Long I,9,44.88955,-62.30292,0.5,2022-10-15,9,7.5,6,NA,4.066666666666666,4.066666666666666,10.645604395604403,0,65,65,79,4,10.645604395604403,percent_cover,"c(-62.30292, 44.88955)",Scotian Shelf,Cold Temperate Northwest Atlantic,Temperate Northern Atlantic,0.11453190853491625,0.09572155525994729,0.09572155525994729,0.09572155525994729,-2.0831933024617886,-2.2469464782310316,-2.2469464782310316,-2.2469464782310316,2022-10-15,2022,2022,14.236043095004788,metaxas_recent Long I,9
metaxas_recent,Shag Rock,1,44.431281,-63.5665,0.5,2019-07-15,9,7.5,6,NA,22.16666666666663,22.16666666666663,77.61026663706934,0,65,65,79,4,77.61026663706934,percent_cover,"c(-63.5665, 44.431281)",Scotian Shelf,Cold Temperate Northwest Atlantic,Temperate Northern Atlantic,0.8349786099056544,0.6978444013669077,0.6978444013669077,0.6978444013669077,-0.16844396566647987,-0.3455309815224787,-0.3455309815224787,-0.3455309815224787,2019-07-15,2019,2019,11.236043095004788,metaxas_recent Shag Rock,2
metaxas_recent,Shag Rock,2,44.431281,-63.5665,0.5,2019-10-15,9,7.5,6,NA,9.375,9.375,47.69203731252435,0,65,65,79,4,47.69203731252435,percent_cover,"c(-63.5665, 44.431281)",Scotian Shelf,Cold Temperate Northwest Atlantic,Temperate Northern Atlantic,0.5131000413257168,0.4288301364040196,0.4288301364040196,0.4288301364040196,-0.6479825496040132,-0.8236428738053191,-0.8236428738053191,-0.8236428738053191,2019-10-15,2019,2019,11.236043095004788,metaxas_recent Shag Rock,2
metaxas_recent,Speck I,1,44.8449,-62.386817,9999,2018-08-15,9,7.5,6,NA,NA,NA,16.5395299145299,0,65,65,79,4,16.5395299145299,percent_cover,"c(-62.386817, 44.8449)",Scotian Shelf,Cold Temperate Northwest Atlantic,Temperate Northern Atlantic,0.17794235601725092,0.14871767424881277,0.14871767424881277,0.14871767424881277,-1.6716199800982858,-1.8406282887232155,-1.8406282887232155,-1.8406282887232155,2018-08-15,2018,2018,10.236043095004788,metaxas_recent Speck I,9
metaxas_recent,Speck I,2,44.8449,-62.38682,1,2019-07-15,9,7.5,6,NA,5.427272727272729,5.427272727272729,23.288241578682772,0,65,65,79,4,23.288241578682772,percent_cover,"c(-62.38682, 44.8449)",Scotian Shelf,Cold Temperate Northwest Atlantic,Temperate Northern Atlantic,0.25054911448053074,0.20939973160202363,0.20939973160202363,0.20939973160202363,-1.3449638962873396,-1.5168599544689039,-1.5168599544689039,-1.5168599544689039,2019-07-15,2019,2019,11.236043095004788,metaxas_recent Speck I,9
metaxas_recent,Speck I,3,44.8449,-62.38682,1,2019-10-15,9,7.5,6,NA,4.2875,4.2875,6.939102564102567,0,65,65,79,4,6.939102564102567,percent_cover,"c(-62.38682, 44.8449)",Scotian Shelf,Cold Temperate Northwest Atlantic,Temperate Northern Atlantic,0.07465509995039378,0.062393985804924765,0.062393985804924765,0.062393985804924765,-2.469169924723485,-2.6256320520336383,-2.6256320520336383,-2.6256320520336383,2019-10-15,2019,2019,11.236043095004788,metaxas_recent Speck I,9
metaxas_recent,Speck I,4,44.8449,-62.38682,9999,2020-07-15,9,7.5,6,NA,NA,NA,48.35246598639459,0,65,65,79,4,48.35246598639459,percent_cover,"c(-62.38682, 44.8449)",Scotian Shelf,Cold Temperate Northwest Atlantic,Temperate Northern Atlantic,0.5202053360237591,0.4347684802924349,0.4347684802924349,0.4347684802924349,-0.6344909210062991,-0.8102014012085407,-0.8102014012085407,-0.8102014012085407,2020-07-15,2020,2020,12.236043095004788,metaxas_recent Speck I,9
metaxas_recent,Speck I,5,44.8449,-62.38682,0.5,2020-10-15,9,7.5,6,NA,8.666666666666666,8.666666666666666,19.684628237259794,0,65,65,79,4,19.684628237259794,percent_cover,"c(-62.38682, 44.8449)",Scotian Shelf,Cold Temperate Northwest Atlantic,Temperate Northern Atlantic,0.211779243059658,0.17699729950160376,0.17699729950160376,0.17699729950160376,-1.5060727924863473,-1.6766611033997194,-1.6766611033997194,-1.6766611033997194,2020-10-15,2020,2020,12.236043095004788,metaxas_recent Speck I,9
metaxas_recent,Speck I,6,44.8449,-62.38682,0.5,2021-07-15,9,7.5,6,NA,5.249999999999998,5.249999999999998,38.53244837758116,0,65,65,79,4,38.53244837758116,percent_cover,"c(-62.38682, 44.8449)",Scotian Shelf,Cold Temperate Northwest Atlantic,Temperate Northern Atlantic,0.4145555939529114,0.3464703129677301,0.3464703129677301,0.3464703129677301,-0.8567123184301617,-1.0315043161780284,-1.0315043161780284,-1.0315043161780284,2021-07-15,2021,2021,13.236043095004788,metaxas_recent Speck I,9
metaxas_recent,Speck I,7,44.8449,-62.38682,0.5,2021-10-15,9,7.5,6,NA,3.7333333333333325,3.7333333333333325,15.24039567517828,0,65,65,79,4,15.24039567517828,percent_cover,"c(-62.38682, 44.8449)",Scotian Shelf,Cold Temperate Northwest Atlantic,Temperate Northern Atlantic,0.16396547707767334,0.13703631307278297,0.13703631307278297,0.13703631307278297,-1.7488984070525782,-1.917075695003714,-1.917075695003714,-1.917075695003714,2021-10-15,2021,2021,13.236043095004788,metaxas_recent Speck I,9
metaxas_recent,Speck I,8,44.8449,-62.38682,9999,2022-07-15,9,7.5,6,NA,NA,NA,14.484126984126986,0,65,65,79,4,14.484126984126986,percent_cover,"c(-62.38682, 44.8449)",Scotian Shelf,Cold Temperate Northwest Atlantic,Temperate Northern Atlantic,0.15582907698872467,0.13023620923539775,0.13023620923539775,0.13023620923539775,-1.7967976777806371,-1.964427069286417,-1.964427069286417,-1.964427069286417,2022-07-15,2022,2022,14.236043095004788,metaxas_recent Speck I,9
metaxas_recent,Speck I,9,44.8449,-62.38682,9999,2022-10-15,9,7.5,6,NA,NA,NA,3.565688775510203,0,65,65,79,4,3.565688775510203,percent_cover,"c(-62.38682, 44.8449)",Scotian Shelf,Cold Temperate Northwest Atlantic,Temperate Northern Atlantic,0.038361855797434605,0.03206142765418775,0.03206142765418775,0.03206142765418775,-3.0290438793350543,-3.1686241660076626,-3.1686241660076626,-3.1686241660076626,2022-10-15,2022,2022,14.236043095004788,metaxas_recent Speck I,9
metaxas_recent,The Moll,1,44.923967,-62.237667,9999,2018-08-15,9,7.5,6,NA,NA,NA,58.052822671074786,0,65,65,79,4,58.052822671074786,percent_cover,"c(-62.237667, 44.923967)",Scotian Shelf,Cold Temperate Northwest Atlantic,Temperate Northern Atlantic,0.6245676928500742,0.521990698395637,0.521990698395637,0.521990698395637,-0.4548113105993886,-0.6311292740120708,-0.6311292740120708,-0.6311292740120708,2018-08-15,2018,2018,10.236043095004788,metaxas_recent The Moll,9
metaxas_recent,The Moll,3,44.92397,-62.23767,0.5,2019-07-15,9,7.5,6,NA,15.666666666666686,15.666666666666686,35.32999738356877,0,65,65,79,4,35.32999738356877,percent_cover,"c(-62.23767, 44.92397)",Scotian Shelf,Cold Temperate Northwest Atlantic,Temperate Northern Atlantic,0.3801016718735577,0.31767499253320386,0.31767499253320386,0.31767499253320386,-0.9413478767223458,-1.1157330382637292,-1.1157330382637292,-1.1157330382637292,2019-07-15,2019,2019,11.236043095004788,metaxas_recent The Moll,9
metaxas_recent,The Moll,4,44.92397,-62.23767,0.5,2019-10-15,9,7.5,6,NA,18.5,18.5,16.414835164835175,0,65,65,79,4,16.414835164835175,percent_cover,"c(-62.23767, 44.92397)",Scotian Shelf,Cold Temperate Northwest Atlantic,Temperate Northern Atlantic,0.1766008138054515,0.14759646262662837,0.14759646262662837,0.14759646262662837,-1.6787836293487601,-1.8477175470727671,-1.8477175470727671,-1.8477175470727671,2019-10-15,2019,2019,11.236043095004788,metaxas_recent The Moll,9
metaxas_recent,The Moll,5,44.92397,-62.23767,0.5,2020-07-15,9,7.5,6,NA,10.58333333333334,10.58333333333334,50.76155462184872,0,65,65,79,4,50.76155462184872,percent_cover,"c(-62.23767, 44.92397)",Scotian Shelf,Cold Temperate Northwest Atlantic,Temperate Northern Atlantic,0.5461237817028287,0.45643016359150146,0.45643016359150146,0.45643016359150146,-0.5867643805477823,-0.7626469728134463,-0.7626469728134463,-0.7626469728134463,2020-07-15,2020,2020,12.236043095004788,metaxas_recent The Moll,9
metaxas_recent,The Moll,6,44.92397,-62.23767,0.3125,2020-10-15,9,7.5,6,NA,11.91666666666665,11.91666666666665,17.722827767470598,0,65,65,79,4,17.722827767470598,percent_cover,"c(-62.23767, 44.92397)",Scotian Shelf,Cold Temperate Northwest Atlantic,Temperate Northern Atlantic,0.1906729964230249,0.1593574751102846,0.1593574751102846,0.1593574751102846,-1.606078579202579,-1.7757435606849121,-1.7757435606849121,-1.7757435606849121,2020-10-15,2020,2020,12.236043095004788,metaxas_recent The Moll,9
metaxas_recent,The Moll,7,44.92397,-62.23767,0.5,2021-07-15,9,7.5,6,NA,10.588888888888867,10.588888888888867,47.548986101617686,0,65,65,79,4,47.548986101617686,percent_cover,"c(-62.23767, 44.92397)",Scotian Shelf,Cold Temperate Northwest Atlantic,Temperate Northern Atlantic,0.511561009102226,0.4275438698961774,0.4275438698961774,0.4275438698961774,-0.6509290236518639,-0.8265783041631688,-0.8265783041631688,-0.8265783041631688,2021-07-15,2021,2021,13.236043095004788,metaxas_recent The Moll,9
metaxas_recent,The Moll,8,44.92397,-62.23767,0.5,2021-10-15,9,7.5,6,NA,13.066666666666666,13.066666666666666,28.592687074829954,0,65,65,79,4,28.592687074829954,percent_cover,"c(-62.23767, 44.92397)",Scotian Shelf,Cold Temperate Northwest Atlantic,Temperate Northern Atlantic,0.30761757614946406,0.2570954521843592,0.2570954521843592,0.2570954521843592,-1.146907210619404,-1.320149185651539,-1.320149185651539,-1.320149185651539,2021-10-15,2021,2021,13.236043095004788,metaxas_recent The Moll,9
metaxas_recent,The Moll,9,44.92397,-62.23767,0.5,2022-07-15,9,7.5,6,NA,8.908333333333335,8.908333333333335,31.4797794117647,0,65,65,79,4,31.4797794117647,percent_cover,"c(-62.23767, 44.92397)",Scotian Shelf,Cold Temperate Northwest Atlantic,Temperate Northern Atlantic,0.33867867734933577,0.28305517775753364,0.28305517775753364,0.28305517775753364,-1.0536044761540446,-1.227394367703471,-1.227394367703471,-1.227394367703471,2022-07-15,2022,2022,14.236043095004788,metaxas_recent The Moll,9
metaxas_recent,The Moll,10,44.92397,-62.23767,0.5,2022-10-15,9,7.5,6,NA,8,8,16.730442176870753,0,65,65,79,4,16.730442176870753,percent_cover,"c(-62.23767, 44.92397)",Scotian Shelf,Cold Temperate Northwest Atlantic,Temperate Northern Atlantic,0.1799963066391287,0.15043429060898927,0.15043429060898927,0.15043429060898927,-1.6607506457520136,-1.8298708245462525,-1.8298708245462525,-1.8298708245462525,2022-10-15,2022,2022,14.236043095004788,metaxas_recent The Moll,9
metaxas_recent,Tuffin I,1,44.9066,-62.155933,9999,2018-08-15,9,7.5,6,NA,NA,NA,82.84268288174539,0,65,65,79,4,82.84268288174539,percent_cover,"c(-62.155933, 44.9066)",Scotian Shelf,Cold Temperate Northwest Atlantic,Temperate Northern Atlantic,0.8912721369316343,0.7448924600862988,0.7448924600862988,0.7448924600862988,-0.1039480282084763,-0.2811799768500108,-0.2811799768500108,-0.2811799768500108,2018-08-15,2018,2018,10.236043095004788,metaxas_recent Tuffin I,9
metaxas_recent,Tuffin I,3,44.9066,-62.15593,0.5,2019-07-15,9,7.5,6,NA,15.166666666666668,15.166666666666668,82.51843472431707,0,65,65,79,4,82.51843472431707,percent_cover,"c(-62.15593, 44.9066)",Scotian Shelf,Cold Temperate Northwest Atlantic,Temperate Northern Atlantic,0.8877836773825899,0.7419769339436942,0.7419769339436942,0.7419769339436942,-0.10782613348281284,-0.2850496284499368,-0.2850496284499368,-0.2850496284499368,2019-07-15,2019,2019,11.236043095004788,metaxas_recent Tuffin I,9
metaxas_recent,Tuffin I,4,44.9066,-62.15593,0.5,2019-10-15,9,7.5,6,NA,19.375,19.375,50.75732415607749,0,65,65,79,4,50.75732415607749,percent_cover,"c(-62.15593, 44.9066)",Scotian Shelf,Cold Temperate Northwest Atlantic,Temperate Northern Atlantic,0.5460782677704332,0.45639212472136803,0.45639212472136803,0.45639212472136803,-0.5868462252673501,-0.7627285293341921,-0.7627285293341921,-0.7627285293341921,2019-10-15,2019,2019,11.236043095004788,metaxas_recent Tuffin I,9
metaxas_recent,Tuffin I,5,44.9066,-62.15593,0.5,2020-07-15,9,7.5,6,NA,21.416666666666643,21.416666666666643,92.52976190476187,0,65,65,79,4,92.52976190476187,percent_cover,"c(-62.15593, 44.9066)",Scotian Shelf,Cold Temperate Northwest Atlantic,Temperate Northern Atlantic,0.9954916445711194,0.8319952900949,0.8319952900949,0.8319952900949,0.005476620470652657,-0.17198085846697533,-0.17198085846697533,-0.17198085846697533,2020-07-15,2020,2020,12.236043095004788,metaxas_recent Tuffin I,9
metaxas_recent,Tuffin I,6,44.9066,-62.15593,0.5,2020-10-15,9,7.5,6,NA,18.499999999999986,18.499999999999986,59.254252384783356,0,65,65,79,4,59.254252384783356,percent_cover,"c(-62.15593, 44.9066)",Scotian Shelf,Cold Temperate Northwest Atlantic,Temperate Northern Atlantic,0.6374934068789007,0.5327935346140468,0.5327935346140468,0.5327935346140468,-0.4346466678866937,-0.6110262622676623,-0.6110262622676623,-0.6110262622676623,2020-10-15,2020,2020,12.236043095004788,metaxas_recent Tuffin I,9
metaxas_recent,Tuffin I,7,44.9066,-62.15593,0.5,2021-07-15,9,7.5,6,NA,19.4,19.4,96.54260393934308,0,65,65,79,4,96.54260393934308,percent_cover,"c(-62.15593, 44.9066)",Scotian Shelf,Cold Temperate Northwest Atlantic,Temperate Northern Atlantic,1.0386642480035269,0.8680773636238776,0.8680773636238776,0.8680773636238776,0.04751720954782792,-0.13002057576195294,-0.13002057576195294,-0.13002057576195294,2021-07-15,2021,2021,13.236043095004788,metaxas_recent Tuffin I,9
metaxas_recent,Tuffin I,8,44.9066,-62.15593,0.5,2021-10-15,9,7.5,6,NA,18.561904761904746,18.561904761904746,74.31006493506496,0,65,65,79,4,74.31006493506496,percent_cover,"c(-62.15593, 44.9066)",Scotian Shelf,Cold Temperate Northwest Atlantic,Temperate Northern Atlantic,0.799473026057657,0.6681701407192153,0.6681701407192153,0.6681701407192153,-0.21137182815198546,-0.38835707750958287,-0.38835707750958287,-0.38835707750958287,2021-10-15,2021,2021,13.236043095004788,metaxas_recent Tuffin I,9
metaxas_recent,Tuffin I,9,44.9066,-62.15593,0.5,2022-07-15,9,7.5,6,NA,18.666666666666632,18.666666666666632,68.14370748299318,0,65,65,79,4,68.14370748299318,percent_cover,"c(-62.15593, 44.9066)",Scotian Shelf,Cold Temperate Northwest Atlantic,Temperate Northern Atlantic,0.733131589587794,0.6127244089724304,0.6127244089724304,0.6127244089724304,-0.29688214417483283,-0.47365121926521453,-0.47365121926521453,-0.47365121926521453,2022-07-15,2022,2022,14.236043095004788,metaxas_recent Tuffin I,9
metaxas_recent,Tuffin I,10,44.9066,-62.15593,0.5,2022-10-15,9,7.5,6,NA,14.400000000000011,14.400000000000011,48.7920796308954,0,65,65,79,4,48.7920796308954,percent_cover,"c(-62.15593, 44.9066)",Scotian Shelf,Cold Temperate Northwest Atlantic,Temperate Northern Atlantic,0.5249349678841593,0.43872133258727375,0.43872133258727375,0.43872133258727375,-0.6256100948312933,-0.8013532240341169,-0.8013532240341169,-0.8013532240341169,2022-10-15,2022,2022,14.236043095004788,metaxas_recent Tuffin I,9
metaxas_recent,White I,1,44.887067,-62.119667,9999,2018-08-15,9,7.5,6,NA,NA,NA,6.754309198865656,0,65,65,79,4,6.754309198865656,percent_cover,"c(-62.119667, 44.887067)",Scotian Shelf,Cold Temperate Northwest Atlantic,Temperate Northern Atlantic,0.07266698015759815,0.060732388429626805,0.060732388429626805,0.060732388429626805,-2.492935029263445,-2.6488517002359333,-2.6488517002359333,-2.6488517002359333,2018-08-15,2018,2018,10.236043095004788,metaxas_recent White I,9
metaxas_recent,White I,2,44.88707,-62.11967,0.5,2019-07-15,9,7.5,6,NA,5.791666666666666,5.791666666666666,25.01518218623484,0,65,65,79,4,25.01518218623484,percent_cover,"c(-62.11967, 44.88707)",Scotian Shelf,Cold Temperate Northwest Atlantic,Temperate Northern Atlantic,0.26912859539671563,0.22492777816974102,0.22492777816974102,0.22492777816974102,-1.276082687949232,-1.4484771390098514,-1.4484771390098514,-1.4484771390098514,2019-07-15,2019,2019,11.236043095004788,metaxas_recent White I,9
metaxas_recent,White I,3,44.88707,-62.11967,0.5,2019-10-15,9,7.5,6,NA,6.75,6.75,19.158653846153843,0,65,65,79,4,19.158653846153843,percent_cover,"c(-62.11967, 44.88707)",Scotian Shelf,Cold Temperate Northwest Atlantic,Temperate Northern Atlantic,0.20612048958590234,0.17226792154685336,0.17226792154685336,0.17226792154685336,-1.531919204665962,-1.7022775779657766,-1.7022775779657766,-1.7022775779657766,2019-10-15,2019,2019,11.236043095004788,metaxas_recent White I,9
metaxas_recent,White I,4,44.88707,-62.11967,0.5,2020-07-15,9,7.5,6,NA,4.833333333333328,4.833333333333328,31.790865384615387,0,65,65,79,4,31.790865384615387,percent_cover,"c(-62.11967, 44.88707)",Scotian Shelf,Cold Temperate Northwest Atlantic,Temperate Northern Atlantic,0.3420255300845118,0.28585235413514887,0.28585235413514887,0.28585235413514887,-1.044051577364934,-1.2178947526994448,-1.2178947526994448,-1.2178947526994448,2020-07-15,2020,2020,12.236043095004788,metaxas_recent White I,9
metaxas_recent,White I,5,44.88707,-62.11967,0.5,2020-10-15,9,7.5,6,NA,5.416666666666665,5.416666666666665,9.613464951197868,0,65,65,79,4,9.613464951197868,percent_cover,"c(-62.11967, 44.88707)",Scotian Shelf,Cold Temperate Northwest Atlantic,Temperate Northern Atlantic,0.1034275225321019,0.08644091799481225,0.08644091799481225,0.08644091799481225,-2.1765912140311645,-2.3388247068964256,-2.3388247068964256,-2.3388247068964256,2020-10-15,2020,2020,12.236043095004788,metaxas_recent White I,9
metaxas_recent,White I,6,44.88707,-62.11967,0.5,2021-07-15,9,7.5,6,NA,4.250000000000002,4.250000000000002,20.61720521541951,0,65,65,79,4,20.61720521541951,percent_cover,"c(-62.11967, 44.88707)",Scotian Shelf,Cold Temperate Northwest Atlantic,Temperate Northern Atlantic,0.22181247529290343,0.1853827058563551,0.1853827058563551,0.1853827058563551,-1.4618265303145777,-1.6327950496549846,-1.6327950496549846,-1.6327950496549846,2021-07-15,2021,2021,13.236043095004788,metaxas_recent White I,9
metaxas_recent,White I,7,44.88707,-62.11967,0.5,2021-10-15,9,7.5,6,NA,4.866666666666664,4.866666666666664,13.577915140415115,0,65,65,79,4,13.577915140415115,percent_cover,"c(-62.11967, 44.88707)",Scotian Shelf,Cold Temperate Northwest Atlantic,Temperate Northern Atlantic,0.14607949696111056,0.12208786895789303,0.12208786895789303,0.12208786895789303,-1.857389805627943,-2.0242879039349444,-2.0242879039349444,-2.0242879039349444,2021-10-15,2021,2021,13.236043095004788,metaxas_recent White I,9
metaxas_recent,White I,8,44.88707,-62.11967,0.5,2022-07-15,9,7.5,6,NA,1.0666666666666664,1.0666666666666664,4.882369614512475,0,65,65,79,4,4.882369614512475,percent_cover,"c(-62.11967, 44.88707)",Scotian Shelf,Cold Temperate Northwest Atlantic,Temperate Northern Atlantic,0.052527511763811825,0.04390056172367372,0.04390056172367372,0.04390056172367372,-2.7721486308732053,-2.920614379531996,-2.920614379531996,-2.920614379531996,2022-07-15,2022,2022,14.236043095004788,metaxas_recent White I,9
metaxas_recent,White I,9,44.88707,-62.11967,0.5,2022-10-15,9,7.5,6,NA,0.5999999999999999,0.5999999999999999,3.2264610389610344,0,65,65,79,4,3.2264610389610344,percent_cover,"c(-62.11967, 44.88707)",Scotian Shelf,Cold Temperate Northwest Atlantic,Temperate Northern Atlantic,0.03471223679496648,0.02901121036984027,0.02901121036984027,0.02901121036984027,-3.107508061023967,-3.2439062287764795,-3.2439062287764795,-3.2439062287764795,2022-10-15,2022,2022,14.236043095004788,metaxas_recent White I,9
noisette_antacosti,CAA_ouest_1,1,49.782592,-64.337332,0.5,2021-09-01,9999,9999,9999,1.605,14.5,14.5,NA,23,23,23,0,1,1.605,biomass,"c(-64.337332, 49.782592)",Gulf of St. Lawrence - Eastern Scotian Shelf,Cold Temperate Northwest Atlantic,Temperate Northern Atlantic,1.1875530274843429,0.04618705035971223,0.04618705035971223,0.04618705035971223,0.18028033114660813,-2.879068969279097,-2.879068969279097,-2.879068969279097,2021-09-01,2021,2021,13.236043095004788,noisette_antacosti CAA_ouest_1,2
noisette_antacosti,CAA_ouest_1,2,49.782619,-64.338588,0.5,2022-07-08,9999,9999,9999,0.49146666666666694,19.822222222222198,19.822222222222198,NA,23,23,23,0,1,0.49146666666666694,biomass,"c(-64.338588, 49.782619)",Gulf of St. Lawrence - Eastern Scotian Shelf,Cold Temperate Northwest Atlantic,Temperate Northern Atlantic,0.36364032891441667,0.01414292565947243,0.01414292565947243,0.01414292565947243,-0.9844616316802193,-3.7237638751520903,-3.7237638751520903,-3.7237638751520903,2022-07-08,2022,2022,14.236043095004788,noisette_antacosti CAA_ouest_1,2
noisette_antacosti,CAA_ouest_3,1,49.781709,-64.342253,0.5,2022-07-07,9999,9999,9999,0.08888888888888889,5.42222222222222,5.42222222222222,NA,23,23,23,0,1,0.08888888888888889,biomass,"c(-64.342253, 49.781709)",Gulf of St. Lawrence - Eastern Scotian Shelf,Cold Temperate Northwest Atlantic,Temperate Northern Atlantic,0.0657696380745915,0.002557953637090328,0.002557953637090328,0.002557953637090328,-2.5800576196822878,-4.377401058199381,-4.377401058199381,-4.377401058199381,2022-07-07,2022,2022,14.236043095004788,noisette_antacosti CAA_ouest_3,2
noisette_antacosti,CAA_ouest_3,2,49.78244347444444,-64.34260562,0.5,2023-08-17,9999,9999,9999,0.1348962962962963,10.962962962962962,10.962962962962962,NA,23,23,23,0,1,0.1348962962962963,biomass,"c(-64.34260562, 49.7824434744444)",Gulf of St. Lawrence - Eastern Scotian Shelf,Cold Temperate Northwest Atlantic,Temperate Northern Atlantic,0.09981090658136549,0.003881907807087663,0.003881907807087663,0.003881907807087663,-2.2089954234976115,-4.277168883270513,-4.277168883270513,-4.277168883270513,2023-08-17,2023,2023,15.236043095004788,noisette_antacosti CAA_ouest_3,2
noisette_antacosti,Gamache,1,49.792872,-64.339554,0.5,2022-07-06,9999,9999,9999,0.6470222222222218,12.62222222222222,12.62222222222222,NA,23,23,23,0,1,0.6470222222222218,biomass,"c(-64.339554, 49.792872)",Gulf of St. Lawrence - Eastern Scotian Shelf,Cold Temperate Northwest Atlantic,Temperate Northern Atlantic,0.4787371955449513,0.018619344524380483,0.018619344524380483,0.018619344524380483,-0.715930366399246,-3.553672407828176,-3.553672407828176,-3.553672407828176,2022-07-06,2022,2022,14.236043095004788,noisette_antacosti Gamache,2
noisette_antacosti,Gamache,2,49.793191977777774,-64.34037565555556,0.5,2023-08-17,9999,9999,9999,1.0860259259259255,13.074074074074078,13.074074074074078,NA,23,23,23,0,1,1.0860259259259255,biomass,"c(-64.3403756555556, 49.7931919777778)",Gulf of St. Lawrence - Eastern Scotian Shelf,Cold Temperate Northwest Atlantic,Temperate Northern Atlantic,0.8035597359874266,0.03125254463096189,0.03125254463096189,0.03125254463096189,-0.20633592418007946,-3.1880424800807563,-3.1880424800807563,-3.1880424800807563,2023-08-17,2023,2023,15.236043095004788,noisette_antacosti Gamache,2
noisette_antacosti,LaTuque,1,49.793227,-64.359801,0.5,2022-07-01,9999,9999,9999,0.16942222222222245,6.361616161616158,6.361616161616158,NA,23,23,23,0,1,0.16942222222222245,biomass,"c(-64.359801, 49.793227)",Gulf of St. Lawrence - Eastern Scotian Shelf,Cold Temperate Northwest Atlantic,Temperate Northern Atlantic,0.12535693017017158,0.004875459632294171,0.004875459632294171,0.004875459632294171,-1.9998400623842658,-4.2080424283778,-4.2080424283778,-4.2080424283778,2022-07-01,2022,2022,14.236043095004788,noisette_antacosti LaTuque,2
noisette_antacosti,LaTuque,2,49.79538407555555,-64.35971825555556,0.5,2023-08-18,9999,9999,9999,1.2661703703703704,40.370370370370374,40.370370370370374,NA,23,23,23,0,1,1.2661703703703704,biomass,"c(-64.3597182555556, 49.7953840755556)",Gulf of St. Lawrence - Eastern Scotian Shelf,Cold Temperate Northwest Atlantic,Temperate Northern Atlantic,0.9368501287503459,0.036436557420730084,0.036436557420730084,0.036436557420730084,-0.05461445729567936,-3.0696682545140903,-3.0696682545140903,-3.0696682545140903,2023-08-18,2023,2023,15.236043095004788,noisette_antacosti LaTuque,2
noisette_antacosti,PAI_est,1,49.781426,-64.358808,0.5,2021-09-01,9999,9999,9999,0.9516637411666671,22.888888888888932,22.888888888888932,NA,23,23,23,0,1,0.9516637411666671,biomass,"c(-64.358808, 49.781426)",Gulf of St. Lawrence - Eastern Scotian Shelf,Cold Temperate Northwest Atlantic,Temperate Northern Atlantic,0.7041440230339885,0.027386006940047974,0.027386006940047974,0.027386006940047974,-0.3366706240511139,-3.286458790559746,-3.286458790559746,-3.286458790559746,2021-09-01,2021,2021,13.236043095004788,noisette_antacosti PAI_est,2
noisette_antacosti,PAI_est,2,49.781177,-64.357998,0.5,2022-07-02,9999,9999,9999,0.3478222222222223,11.555555555555534,11.555555555555534,NA,23,23,23,0,1,0.3478222222222223,biomass,"c(-64.357998, 49.781177)",Gulf of St. Lawrence - Eastern Scotian Shelf,Cold Temperate Northwest Atlantic,Temperate Northern Atlantic,0.25735659378587666,0.010009272581934455,0.010009272581934455,0.010009272581934455,-1.3191719543947087,-3.911559483774185,-3.911559483774185,-3.911559483774185,2022-07-02,2022,2022,14.236043095004788,noisette_antacosti PAI_est,2
noisette_antacosti,PB_est,1,49.783542,-64.399317,0.5,2022-06-30,9999,9999,9999,0.9848888888888887,5.155555555555558,5.155555555555558,NA,23,23,23,0,1,0.9848888888888887,biomass,"c(-64.399317, 49.783542)",Gulf of St. Lawrence - Eastern Scotian Shelf,Cold Temperate Northwest Atlantic,Temperate Northern Atlantic,0.7287275898664738,0.028342126298960827,0.028342126298960827,0.028342126298960827,-0.3028260459280776,-3.2612060838789376,-3.2612060838789376,-3.2612060838789376,2022-06-30,2022,2022,14.236043095004788,noisette_antacosti PB_est,2
noisette_antacosti,PB_est,2,49.78368570111111,-64.39851098,0.5,2023-08-24,9999,9999,9999,0.9650177777777774,24.770370370370365,24.770370370370365,NA,23,23,23,0,1,0.9650177777777774,biomass,"c(-64.39851098, 49.7836857011111)",Gulf of St. Lawrence - Eastern Scotian Shelf,Cold Temperate Northwest Atlantic,Temperate Northern Atlantic,0.7140247872748987,0.02777029576338928,0.02777029576338928,0.02777029576338928,-0.32292965061493895,-3.276232311645347,-3.276232311645347,-3.276232311645347,2023-08-24,2023,2023,15.236043095004788,noisette_antacosti PB_est,2
noisette_antacosti,PS,1,49.917103,-64.429945,0.5,2021-09-01,9999,9999,9999,1.0033333333333327,15.111111111111109,15.111111111111109,NA,23,23,23,0,1,1.0033333333333327,biomass,"c(-64.429945, 49.917103)",Gulf of St. Lawrence - Eastern Scotian Shelf,Cold Temperate Northwest Atlantic,Temperate Northern Atlantic,0.7423747897669513,0.028872901678657057,0.028872901678657057,0.028872901678657057,-0.28452068854012424,-3.247457886051217,-3.247457886051217,-3.247457886051217,2021-09-01,2021,2021,13.236043095004788,noisette_antacosti PS,2
noisette_antacosti,PS,2,49.91710299,-64.429945,0.5,2023-08-20,9999,9999,9999,1.1096827586206883,18.206896551724178,18.206896551724178,NA,23,23,23,0,1,1.1096827586206883,biomass,"c(-64.429945, 49.91710299)",Gulf of St. Lawrence - Eastern Scotian Shelf,Cold Temperate Northwest Atlantic,Temperate Northern Atlantic,0.8210636258860908,0.031933316794839954,0.031933316794839954,0.031933316794839954,-0.1850489216111137,-3.1716746177836677,-3.1716746177836677,-3.1716746177836677,2023-08-20,2023,2023,15.236043095004788,noisette_antacosti PS,2
nova_scotia_kelp,Coachmans Ledge,1,44.49351453,-64.17671478,1,2000-08-15,3.5,3.5,3.5,NA,NA,NA,0,0,0,0,92,4,0,percent_cover,"c(-64.17671478, 44.49351453)",Scotian Shelf,Cold Temperate Northwest Atlantic,Temperate Northern Atlantic,0,0,0,0,-4.605170185988091,-4.605170185988091,-4.605170185988091,-4.605170185988091,2000-08-15,2000,2000,-7.7639569049952115,nova_scotia_kelp Coachmans Ledge,4
nova_scotia_kelp,Coachmans Ledge,2,44.49351453,-64.17671478,1,2007-08-15,3.5,3.5,3.5,NA,NA,NA,67.8,0,0,0,92,4,67.8,percent_cover,"c(-64.17671478, 44.49351453)",Scotian Shelf,Cold Temperate Northwest Atlantic,Temperate Northern Atlantic,0.7294337747393298,0.609633911373236,0.609633911373236,0.609633911373236,-0.30187055494652154,-0.4786264408634601,-0.4786264408634601,-0.4786264408634601,2007-08-15,2007,2007,-0.7639569049952115,nova_scotia_kelp Coachmans Ledge,4
nova_scotia_kelp,Coachmans Ledge,3,44.49351453,-64.17671478,1,2014-08-15,3.5,3.5,3.5,NA,NA,NA,0.534188,0,0,0,92,4,0.534188,percent_cover,"c(-64.17671478, 44.49351453)",Scotian Shelf,Cold Temperate Northwest Atlantic,Temperate Northern Atlantic,0.005747120490567156,0.004803231856174722,0.004803231856174722,0.004803231856174722,-4.151097756420941,-4.212909753390579,-4.212909753390579,-4.212909753390579,2014-08-15,2014,2014,6.2360430950047885,nova_scotia_kelp Coachmans Ledge,4
nova_scotia_kelp,Coachmans Ledge,4,44.49351453,-64.17671478,1,2022-08-15,3.5,3.5,3.5,NA,NA,NA,29.675,0,0,0,92,4,29.675,percent_cover,"c(-64.17671478, 44.49351453)",Scotian Shelf,Cold Temperate Northwest Atlantic,Temperate Northern Atlantic,0.319261759076543,0.26682723185841856,0.26682723185841856,0.26682723185841856,-1.1109022242613682,-1.2843616790863184,-1.2843616790863184,-1.2843616790863184,2022-08-15,2022,2022,14.236043095004788,nova_scotia_kelp Coachmans Ledge,4
nova_scotia_kelp,Cross Is,1,44.31748417,-64.17390727,1,2000-08-15,3.5,3.5,3.5,NA,NA,NA,37.9,0,0,0,92,4,37.9,percent_cover,"c(-64.17390727, 44.31748417)",Scotian Shelf,Cold Temperate Northwest Atlantic,Temperate Northern Atlantic,0.407751328357236,0.3407835581275169,0.3407835581275169,0.3407835581275169,-0.8728689317217768,-1.0475858892304248,-1.0475858892304248,-1.0475858892304248,2000-08-15,2000,2000,-7.7639569049952115,nova_scotia_kelp Cross Is,4
nova_scotia_kelp,Cross Is,2,44.31748417,-64.17390727,1,2007-08-15,3.5,3.5,3.5,NA,NA,NA,73.3,0,0,0,92,4,73.3,percent_cover,"c(-64.17390727, 44.31748417)",Scotian Shelf,Cold Temperate Northwest Atlantic,Temperate Northern Atlantic,0.7886061310972401,0.6590879897294719,0.6590879897294719,0.6590879897294719,-0.2248874070756494,-0.4018397032431653,-0.4018397032431653,-0.4018397032431653,2007-08-15,2007,2007,-0.7639569049952115,nova_scotia_kelp Cross Is,4
nova_scotia_kelp,Cross Is,3,44.31748417,-64.17390727,1,2014-08-15,3.5,3.5,3.5,NA,NA,NA,44.4942044,0,0,0,92,4,44.4942044,percent_cover,"c(-64.17390727, 44.31748417)",Scotian Shelf,Cold Temperate Northwest Atlantic,Temperate Northern Atlantic,0.4786958033851814,0.4000763401447234,0.4000763401447234,0.4000763401447234,-0.7160150620455766,-0.8914119411410745,-0.8914119411410745,-0.8914119411410745,2014-08-15,2014,2014,6.2360430950047885,nova_scotia_kelp Cross Is,4
nova_scotia_kelp,Cross Is,4,44.31748417,-64.17390727,1,2022-08-15,3.5,3.5,3.5,NA,NA,NA,74.35000000000001,0,0,0,92,4,74.35000000000001,percent_cover,"c(-64.17390727, 44.31748417)",Scotian Shelf,Cold Temperate Northwest Atlantic,Temperate Northern Atlantic,0.7999026718564777,0.668529222870208,0.668529222870208,0.668529222870208,-0.21084119673710708,-0.3878277308186145,-0.3878277308186145,-0.3878277308186145,2022-08-15,2022,2022,14.236043095004788,nova_scotia_kelp Cross Is,4
nova_scotia_kelp,E Ironbound Is,1,44.43843311,-64.09592455,1,2000-08-15,3.5,3.5,3.5,NA,NA,NA,0.6,0,0,0,92,4,0.6,percent_cover,"c(-64.09592455, 44.43843311)",Scotian Shelf,Cold Temperate Northwest Atlantic,Temperate Northern Atlantic,0.006455166148135663,0.005394990366134831,0.005394990366134831,0.005394990366134831,-4.107115799516225,-4.1737131233847045,-4.1737131233847045,-4.1737131233847045,2000-08-15,2000,2000,-7.7639569049952115,nova_scotia_kelp E Ironbound Is,4
nova_scotia_kelp,E Ironbound Is,2,44.43843311,-64.09592455,1,2007-08-15,3.5,3.5,3.5,NA,NA,NA,15.9,0,0,0,92,4,15.9,percent_cover,"c(-64.09592455, 44.43843311)",Scotian Shelf,Cold Temperate Northwest Atlantic,Temperate Northern Atlantic,0.17106190292559506,0.14296724470257305,0.14296724470257305,0.14296724470257305,-1.7089163010729442,-1.877531467420863,-1.877531467420863,-1.877531467420863,2007-08-15,2007,2007,-0.7639569049952115,nova_scotia_kelp E Ironbound Is,4
nova_scotia_kelp,E Ironbound Is,3,44.43843311,-64.09592455,1,2014-08-15,3.5,3.5,3.5,NA,NA,NA,11.3942308,0,0,0,92,4,11.3942308,percent_cover,"c(-64.09592455, 44.43843311)",Scotian Shelf,Cold Temperate Northwest Atlantic,Temperate Northern Atlantic,0.12258608824034123,0.1024529423258613,0.1024529423258613,0.1024529423258613,-2.0205231219655753,-2.185220435282299,-2.185220435282299,-2.185220435282299,2014-08-15,2014,2014,6.2360430950047885,nova_scotia_kelp E Ironbound Is,4
nova_scotia_kelp,E Ironbound Is,4,44.43843311,-64.09592455,1,2022-08-15,3.5,3.5,3.5,NA,NA,NA,0.5,0,0,0,92,4,0.5,percent_cover,"c(-64.09592455, 44.43843311)",Scotian Shelf,Cold Temperate Northwest Atlantic,Temperate Northern Atlantic,0.005379305123446386,0.00449582530511236,0.00449582530511236,0.00449582530511236,-4.174732496455454,-4.233894581001898,-4.233894581001898,-4.233894581001898,2022-08-15,2022,2022,14.236043095004788,nova_scotia_kelp E Ironbound Is,4
nova_scotia_kelp,E Spectacle Is,1,44.24974658,-64.33058306,1,2000-08-15,3.5,3.5,3.5,NA,NA,NA,0.6,0,0,0,92,4,0.6,percent_cover,"c(-64.33058306, 44.24974658)",Scotian Shelf,Cold Temperate Northwest Atlantic,Temperate Northern Atlantic,0.006455166148135663,0.005394990366134831,0.005394990366134831,0.005394990366134831,-4.107115799516225,-4.1737131233847045,-4.1737131233847045,-4.1737131233847045,2000-08-15,2000,2000,-7.7639569049952115,nova_scotia_kelp E Spectacle Is,4
nova_scotia_kelp,E Spectacle Is,2,44.24974658,-64.33058306,1,2007-08-15,3.5,3.5,3.5,NA,NA,NA,9.9,0,0,0,92,4,9.9,percent_cover,"c(-64.33058306, 44.24974658)",Scotian Shelf,Cold Temperate Northwest Atlantic,Temperate Northern Atlantic,0.10651024144423844,0.08901734104122472,0.08901734104122472,0.08901734104122472,-2.1497761004475815,-2.312460282154052,-2.312460282154052,-2.312460282154052,2007-08-15,2007,2007,-0.7639569049952115,nova_scotia_kelp E Spectacle Is,4
nova_scotia_kelp,E Spectacle Is,3,44.24974658,-64.33058306,1,2014-08-15,3.5,3.5,3.5,NA,NA,NA,17.3798077,0,0,0,92,4,17.3798077,percent_cover,"c(-64.33058306, 44.24974658)",Scotian Shelf,Cold Temperate Northwest Atlantic,Temperate Northern Atlantic,0.1869825772102459,0.15627315851129328,0.15627315851129328,0.15627315851129328,-1.6246399947123726,-1.7941233098313725,-1.7941233098313725,-1.7941233098313725,2014-08-15,2014,2014,6.2360430950047885,nova_scotia_kelp E Spectacle Is,4
nova_scotia_kelp,E Spectacle Is,4,44.24974658,-64.33058306,1,2022-08-15,3.5,3.5,3.5,NA,NA,NA,21.167857142857173,0,0,0,92,4,21.167857142857173,percent_cover,"c(-64.33058306, 44.24974658)",Scotian Shelf,Cold Temperate Northwest Atlantic,Temperate Northern Atlantic,0.2277367247619055,0.19033397559572138,0.19033397559572138,0.19033397559572138,-1.4365914160791726,-1.607769427151519,-1.607769427151519,-1.607769427151519,2022-08-15,2022,2022,14.236043095004788,nova_scotia_kelp E Spectacle Is,4
nova_scotia_kelp,Feltzen South,1,44.33160902,-64.28214228,1,2000-08-15,3.5,3.5,3.5,NA,NA,NA,0.3,0,0,0,92,4,0.3,percent_cover,"c(-64.28214228, 44.33160902)",Scotian Shelf,Cold Temperate Northwest Atlantic,Temperate Northern Atlantic,0.0032275830740678313,0.0026974951830674157,0.0026974951830674157,0.0026974951830674157,-4.325451002799901,-4.366350534649653,-4.366350534649653,-4.366350534649653,2000-08-15,2000,2000,-7.7639569049952115,nova_scotia_kelp Feltzen South,4
nova_scotia_kelp,Feltzen South,2,44.33160902,-64.28214228,1,2007-08-15,3.5,3.5,3.5,NA,NA,NA,15.3,0,0,0,92,4,15.3,percent_cover,"c(-64.28214228, 44.33160902)",Scotian Shelf,Cold Temperate Northwest Atlantic,Temperate Northern Atlantic,0.1646067367774594,0.13757225433643822,0.13757225433643822,0.13757225433643822,-1.7452190522576396,-1.9134373632364032,-1.9134373632364032,-1.9134373632364032,2007-08-15,2007,2007,-0.7639569049952115,nova_scotia_kelp Feltzen South,4
nova_scotia_kelp,Feltzen South,3,44.33160902,-64.28214228,1,2014-08-15,3.5,3.5,3.5,NA,NA,NA,17.742674,0,0,0,92,4,17.742674,percent_cover,"c(-64.28214228, 44.33160902)",Scotian Shelf,Cold Temperate Northwest Atlantic,Temperate Northern Atlantic,0.19088651430367795,0.15953592549911827,0.15953592549911827,0.15953592549911827,-1.6050151358270797,-1.7746904247725221,-1.7746904247725221,-1.7746904247725221,2014-08-15,2014,2014,6.2360430950047885,nova_scotia_kelp Feltzen South,4
nova_scotia_kelp,Feltzen South,4,44.33160902,-64.28214228,1,2022-08-15,3.5,3.5,3.5,NA,NA,NA,29,0,0,0,92,4,29,percent_cover,"c(-64.28214228, 44.33160902)",Scotian Shelf,Cold Temperate Northwest Atlantic,Temperate Northern Atlantic,0.31199969715989034,0.2607578676965169,0.2607578676965169,0.2607578676965169,-1.133204673935406,-1.3065303346256694,-1.3065303346256694,-1.3065303346256694,2022-08-15,2022,2022,14.236043095004788,nova_scotia_kelp Feltzen South,4
nova_scotia_kelp,Flat Is,1,44.42854791,-64.12988601,1,2000-08-15,3.5,3.5,3.5,NA,NA,NA,1.5,0,0,0,92,4,1.5,percent_cover,"c(-64.12988601, 44.42854791)",Scotian Shelf,Cold Temperate Northwest Atlantic,Temperate Northern Atlantic,0.016137915370339158,0.01348747591533708,0.01348747591533708,0.01348747591533708,-3.644368322614235,-3.751287939667791,-3.751287939667791,-3.751287939667791,2000-08-15,2000,2000,-7.7639569049952115,nova_scotia_kelp Flat Is,4
nova_scotia_kelp,Flat Is,2,44.42854791,-64.12988601,1,2007-08-15,3.5,3.5,3.5,NA,NA,NA,9,0,0,0,92,4,9,percent_cover,"c(-64.12988601, 44.42854791)",Scotian Shelf,Cold Temperate Northwest Atlantic,Temperate Northern Atlantic,0.09682749222203495,0.08092485549202247,0.08092485549202247,0.08092485549202247,-2.2365399677730062,-2.397721877419971,-2.397721877419971,-2.397721877419971,2007-08-15,2007,2007,-0.7639569049952115,nova_scotia_kelp Flat Is,4
nova_scotia_kelp,Flat Is,3,44.42854791,-64.12988601,1,2014-08-15,3.5,3.5,3.5,NA,NA,NA,4.2067308,0,0,0,92,4,4.2067308,percent_cover,"c(-64.12988601, 44.42854791)",Scotian Shelf,Cold Temperate Northwest Atlantic,Temperate Northern Atlantic,0.045258577090799425,0.03782545356487112,0.03782545356487112,0.03782545356487112,-2.895731709170551,-3.0401972798561263,-3.0401972798561263,-3.0401972798561263,2014-08-15,2014,2014,6.2360430950047885,nova_scotia_kelp Flat Is,4
nova_scotia_kelp,Flat Is,4,44.42854791,-64.12988601,1,2022-08-15,3.5,3.5,3.5,NA,NA,NA,2.95,0,0,0,92,4,2.95,percent_cover,"c(-64.12988601, 44.42854791)",Scotian Shelf,Cold Temperate Northwest Atlantic,Temperate Northern Atlantic,0.03173790022833368,0.026525369300162922,0.026525369300162922,0.026525369300162922,-3.176345684579935,-3.309748210509071,-3.309748210509071,-3.309748210509071,2022-08-15,2022,2022,14.236043095004788,nova_scotia_kelp Flat Is,4
nova_scotia_kelp,Gill Cove,1,44.48522,-63.53436,1,2000-08-15,3.5,3.5,3.5,NA,NA,NA,25.6,0,0,0,92,4,25.6,percent_cover,"c(-63.53436, 44.48522)",Scotian Shelf,Cold Temperate Northwest Atlantic,Temperate Northern Atlantic,0.27542042232045494,0.23018625562175282,0.23018625562175282,0.23018625562175282,-1.2537920196653594,-1.42634059153231,-1.42634059153231,-1.42634059153231,2000-08-15,2000,2000,-7.7639569049952115,nova_scotia_kelp Gill Cove,4
nova_scotia_kelp,Gill Cove,2,44.48522,-63.53436,1,2007-08-15,3.5,3.5,3.5,NA,NA,NA,76.7,0,0,0,92,4,76.7,percent_cover,"c(-63.53436, 44.48522)",Scotian Shelf,Cold Temperate Northwest Atlantic,Temperate Northern Atlantic,0.8251854059366756,0.689659601804236,0.689659601804236,0.689659601804236,-0.1801015357412536,-0.35716134534952726,-0.35716134534952726,-0.35716134534952726,2007-08-15,2007,2007,-0.7639569049952115,nova_scotia_kelp Gill Cove,4
nova_scotia_kelp,Gill Cove,3,44.48522,-63.53436,1,2014-08-15,3.5,3.5,3.5,NA,NA,NA,28.9423077,0,0,0,92,4,28.9423077,percent_cover,"c(-63.53436, 44.48522)",Scotian Shelf,Cold Temperate Northwest Atlantic,Temperate Northern Atlantic,0.3113790081899436,0.2602391186920166,0.2602391186920166,0.2602391186920166,-1.1351341414709222,-1.3084480871327584,-1.3084480871327584,-1.3084480871327584,2014-08-15,2014,2014,6.2360430950047885,nova_scotia_kelp Gill Cove,4
nova_scotia_kelp,Gill Cove,4,44.48522,-63.53436,1,2022-08-15,3.5,3.5,3.5,NA,NA,NA,21.78690476190477,0,0,0,92,4,21.78690476190477,percent_cover,"c(-63.53436, 44.48522)",Scotian Shelf,Cold Temperate Northwest Atlantic,Temperate Northern Atlantic,0.23439681681950555,0.19590023549728885,0.19590023549728885,0.19590023549728885,-1.4089620762396242,-1.5803635212031082,-1.5803635212031082,-1.5803635212031082,2022-08-15,2022,2022,14.236043095004788,nova_scotia_kelp Gill Cove,4
nova_scotia_kelp,Grassy Is,1,44.44524131,-64.14167508,1,2000-08-15,3.5,3.5,3.5,NA,NA,NA,0.5,0,0,0,92,4,0.5,percent_cover,"c(-64.14167508, 44.44524131)",Scotian Shelf,Cold Temperate Northwest Atlantic,Temperate Northern Atlantic,0.005379305123446386,0.00449582530511236,0.00449582530511236,0.00449582530511236,-4.174732496455454,-4.233894581001898,-4.233894581001898,-4.233894581001898,2000-08-15,2000,2000,-7.7639569049952115,nova_scotia_kelp Grassy Is,3
nova_scotia_kelp,Grassy Is,2,44.44524131,-64.14167508,1,2007-08-15,3.5,3.5,3.5,NA,NA,NA,35.6,0,0,0,92,4,35.6,percent_cover,"c(-64.14167508, 44.44524131)",Scotian Shelf,Cold Temperate Northwest Atlantic,Temperate Northern Atlantic,0.3830065247893827,0.32010276172400004,0.32010276172400004,0.32010276172400004,-0.9339290647331828,-1.108351273832631,-1.108351273832631,-1.108351273832631,2007-08-15,2007,2007,-0.7639569049952115,nova_scotia_kelp Grassy Is,3
nova_scotia_kelp,Grassy Is,3,44.44524131,-64.14167508,1,2022-08-15,3.5,3.5,3.5,NA,NA,NA,1.075,0,0,0,92,4,1.075,percent_cover,"c(-64.14167508, 44.44524131)",Scotian Shelf,Cold Temperate Northwest Atlantic,Temperate Northern Atlantic,0.011565506015409729,0.009666024405991572,0.009666024405991572,0.009666024405991572,-3.836660184496841,-3.9288627816002517,-3.9288627816002517,-3.9288627816002517,2022-08-15,2022,2022,14.236043095004788,nova_scotia_kelp Grassy Is,3
nova_scotia_kelp,Graves Shoal,1,44.54773832,-64.19553526,1,2000-08-15,3.5,3.5,3.5,NA,NA,NA,28.2,0,0,0,92,4,28.2,percent_cover,"c(-64.19553526, 44.54773832)",Scotian Shelf,Cold Temperate Northwest Atlantic,Temperate Northern Atlantic,0.30339280896237614,0.2535645472083371,0.2535645472083371,0.2535645472083371,-1.1602978945615732,-1.333456980056297,-1.333456980056297,-1.333456980056297,2000-08-15,2000,2000,-7.7639569049952115,nova_scotia_kelp Graves Shoal,3
nova_scotia_kelp,Graves Shoal,2,44.54773832,-64.19553526,1,2007-08-15,3.5,3.5,3.5,NA,NA,NA,27.2,0,0,0,92,4,27.2,percent_cover,"c(-64.19553526, 44.54773832)",Scotian Shelf,Cold Temperate Northwest Atlantic,Temperate Northern Atlantic,0.29263419871548335,0.24457289659811235,0.24457289659811235,0.24457289659811235,-1.1952304677695742,-1.3681680533640712,-1.3681680533640712,-1.3681680533640712,2007-08-15,2007,2007,-0.7639569049952115,nova_scotia_kelp Graves Shoal,3
nova_scotia_kelp,Graves Shoal,3,44.54773832,-64.19553526,1,2022-08-15,3.5,3.5,3.5,NA,NA,NA,9.35,0,0,0,92,4,9.35,percent_cover,"c(-64.19553526, 44.54773832)",Scotian Shelf,Cold Temperate Northwest Atlantic,Temperate Northern Atlantic,0.1005930058084474,0.08407193320560112,0.08407193320560112,0.08407193320560112,-2.2018984305151816,-2.3636955424961297,-2.3636955424961297,-2.3636955424961297,2022-08-15,2022,2022,14.236043095004788,nova_scotia_kelp Graves Shoal,3
nova_scotia_kelp,Kelley Ledge,1,44.47746009,-63.77083847,1,2000-08-15,3.5,3.5,3.5,NA,NA,NA,2.2,0,0,0,92,4,2.2,percent_cover,"c(-63.77083847, 44.47746009)",Scotian Shelf,Cold Temperate Northwest Atlantic,Temperate Northern Atlantic,0.0236689425431641,0.019781631342494384,0.019781631342494384,0.019781631342494384,-3.391179452801781,-3.5138634734249408,-3.5138634734249408,-3.5138634734249408,2000-08-15,2000,2000,-7.7639569049952115,nova_scotia_kelp Kelley Ledge,3
nova_scotia_kelp,Kelley Ledge,2,44.47746009,-63.77083847,1,2007-08-15,3.5,3.5,3.5,NA,NA,NA,11.6,0,0,0,92,4,11.6,percent_cover,"c(-63.77083847, 44.47746009)",Scotian Shelf,Cold Temperate Northwest Atlantic,Temperate Northern Atlantic,0.12479987886395615,0.10430314707860674,0.10430314707860674,0.10430314707860674,-2.0039639791396744,-2.1689011750642897,-2.1689011750642897,-2.1689011750642897,2007-08-15,2007,2007,-0.7639569049952115,nova_scotia_kelp Kelley Ledge,3
nova_scotia_kelp,Kelley Ledge,3,44.47746009,-63.77083847,1,2022-08-15,3.5,3.5,3.5,NA,NA,NA,2.68939393939394,0,0,0,92,4,2.68939393939394,percent_cover,"c(-63.77083847, 44.47746009)",Scotian Shelf,Cold Temperate Northwest Atlantic,Temperate Northern Atlantic,0.02893414119429496,0.02418209065628618,0.02418209065628618,0.02418209065628618,-3.245883747617929,-3.3760534370948627,-3.3760534370948627,-3.3760534370948627,2022-08-15,2022,2022,14.236043095004788,nova_scotia_kelp Kelley Ledge,3
nova_scotia_kelp,Little Duck,1,44.36424983,-64.18272067,1,2000-08-15,3.5,3.5,3.5,NA,NA,NA,3.9,0,0,0,92,4,3.9,percent_cover,"c(-64.18272067, 44.36424983)",Scotian Shelf,Cold Temperate Northwest Atlantic,Temperate Northern Atlantic,0.041958579962881805,0.0350674373798764,0.0350674373798764,0.0350674373798764,-2.9573084169819506,-3.0995953025631375,-3.0995953025631375,-3.0995953025631375,2000-08-15,2000,2000,-7.7639569049952115,nova_scotia_kelp Little Duck,4
nova_scotia_kelp,Little Duck,2,44.36424983,-64.18272067,1,2007-08-15,3.5,3.5,3.5,NA,NA,NA,5.4,0,0,0,92,4,5.4,percent_cover,"c(-64.18272067, 44.36424983)",Scotian Shelf,Cold Temperate Northwest Atlantic,Temperate Northern Atlantic,0.05809649533322097,0.04855491329521349,0.04855491329521349,0.04855491329521349,-2.6868295306866323,-2.837790276230086,-2.837790276230086,-2.837790276230086,2007-08-15,2007,2007,-0.7639569049952115,nova_scotia_kelp Little Duck,4
nova_scotia_kelp,Little Duck,3,44.36424983,-64.18272067,1,2014-08-15,3.5,3.5,3.5,NA,NA,NA,3.6778846,0,0,0,92,4,3.6778846,percent_cover,"c(-64.18272067, 44.36424983)",Scotian Shelf,Cold Temperate Northwest Atlantic,Temperate Northern Atlantic,0.03956892694444912,0.033070253307926095,0.033070253307926095,0.033070253307926095,-3.004391114461565,-3.1449226986256322,-3.1449226986256322,-3.1449226986256322,2014-08-15,2014,2014,6.2360430950047885,nova_scotia_kelp Little Duck,4
nova_scotia_kelp,Little Duck,4,44.36424983,-64.18272067,1,2022-08-15,3.5,3.5,3.5,NA,NA,NA,9.788095238095234,0,0,0,92,4,9.788095238095234,percent_cover,"c(-64.18272067, 44.36424983)",Scotian Shelf,Cold Temperate Northwest Atlantic,Temperate Northern Atlantic,0.10530630172613373,0.08801113252055669,0.08801113252055669,0.08801113252055669,-2.1601631981604674,-2.322674209614695,-2.322674209614695,-2.322674209614695,2022-08-15,2022,2022,14.236043095004788,nova_scotia_kelp Little Duck,4
nova_scotia_kelp,Little Tancook Is,1,44.47488785,-64.1373325,1,2000-08-15,3.5,3.5,3.5,NA,NA,NA,0,0,0,0,92,4,0,percent_cover,"c(-64.1373325, 44.47488785)",Scotian Shelf,Cold Temperate Northwest Atlantic,Temperate Northern Atlantic,0,0,0,0,-4.605170185988091,-4.605170185988091,-4.605170185988091,-4.605170185988091,2000-08-15,2000,2000,-7.7639569049952115,nova_scotia_kelp Little Tancook Is,4
nova_scotia_kelp,Little Tancook Is,2,44.47488785,-64.1373325,1,2007-08-15,3.5,3.5,3.5,NA,NA,NA,29.4,0,0,0,92,4,29.4,percent_cover,"c(-64.1373325, 44.47488785)",Scotian Shelf,Cold Temperate Northwest Atlantic,Temperate Northern Atlantic,0.31630314125864745,0.2643545279406067,0.2643545279406067,0.2643545279406067,-1.119928448525592,-1.2933341113647343,-1.2933341113647343,-1.2933341113647343,2007-08-15,2007,2007,-0.7639569049952115,nova_scotia_kelp Little Tancook Is,4
nova_scotia_kelp,Little Tancook Is,3,44.47488785,-64.1373325,1,2014-08-15,3.5,3.5,3.5,NA,NA,NA,2.8846154,0,0,0,92,4,2.8846154,percent_cover,"c(-64.1373325, 44.47488785)",Scotian Shelf,Cold Temperate Northwest Atlantic,Temperate Northern Atlantic,0.03103445280078469,0.02593745382167362,0.02593745382167362,0.02593745382167362,-3.1933432529282135,-3.325975245387519,-3.325975245387519,-3.325975245387519,2014-08-15,2014,2014,6.2360430950047885,nova_scotia_kelp Little Tancook Is,4
nova_scotia_kelp,Little Tancook Is,4,44.47488785,-64.1373325,1,2022-08-15,3.5,3.5,3.5,NA,NA,NA,25.35,0,0,0,92,4,25.35,percent_cover,"c(-64.1373325, 44.47488785)",Scotian Shelf,Cold Temperate Northwest Atlantic,Temperate Northern Atlantic,0.2727307697587318,0.22793834296919666,0.22793834296919666,0.22793834296919666,-1.2632601777621628,-1.435743702027954,-1.435743702027954,-1.435743702027954,2022-08-15,2022,2022,14.236043095004788,nova_scotia_kelp Little Tancook Is,4
nova_scotia_kelp,Luke Is,1,44.57911606,-63.94153048,1,2000-08-15,3.5,3.5,3.5,NA,NA,NA,0,0,0,0,92,4,0,percent_cover,"c(-63.94153048, 44.57911606)",Scotian Shelf,Cold Temperate Northwest Atlantic,Temperate Northern Atlantic,0,0,0,0,-4.605170185988091,-4.605170185988091,-4.605170185988091,-4.605170185988091,2000-08-15,2000,2000,-7.7639569049952115,nova_scotia_kelp Luke Is,4
nova_scotia_kelp,Luke Is,2,44.57911606,-63.94153048,1,2007-08-15,3.5,3.5,3.5,NA,NA,NA,14.2,0,0,0,92,4,14.2,percent_cover,"c(-63.94153048, 44.57911606)",Scotian Shelf,Cold Temperate Northwest Atlantic,Temperate Northern Atlantic,0.15277226550587733,0.127681438665191,0.127681438665191,0.127681438665191,-1.8154031992269988,-1.9828126777930126,-1.9828126777930126,-1.9828126777930126,2007-08-15,2007,2007,-0.7639569049952115,nova_scotia_kelp Luke Is,4
nova_scotia_kelp,Luke Is,3,44.57911606,-63.94153048,1,2014-08-15,3.5,3.5,3.5,NA,NA,NA,0.0274725,0,0,0,92,4,0.0274725,percent_cover,"c(-63.94153048, 44.57911606)",Scotian Shelf,Cold Temperate Northwest Atlantic,Temperate Northern Atlantic,2.9556592000776167e-4,2.470231213893986e-4,2.470231213893986e-4,2.470231213893986e-4,-4.576041969638478,-4.580768042761383,-4.580768042761383,-4.580768042761383,2014-08-15,2014,2014,6.2360430950047885,nova_scotia_kelp Luke Is,4
nova_scotia_kelp,Luke Is,4,44.57911606,-63.94153048,1,2022-08-15,3.5,3.5,3.5,NA,NA,NA,1.875,0,0,0,92,4,1.875,percent_cover,"c(-63.94153048, 44.57911606)",Scotian Shelf,Cold Temperate Northwest Atlantic,Temperate Northern Atlantic,0.020172394212923946,0.01685934489417135,0.01685934489417135,0.01685934489417135,-3.500827871554299,-3.6171414778281354,-3.6171414778281354,-3.6171414778281354,2022-08-15,2022,2022,14.236043095004788,nova_scotia_kelp Luke Is,4
nova_scotia_kelp,Lynch Is,1,44.51511503,-64.21115208,1,2000-08-15,3.5,3.5,3.5,NA,NA,NA,0,0,0,0,92,4,0,percent_cover,"c(-64.21115208, 44.51511503)",Scotian Shelf,Cold Temperate Northwest Atlantic,Temperate Northern Atlantic,0,0,0,0,-4.605170185988091,-4.605170185988091,-4.605170185988091,-4.605170185988091,2000-08-15,2000,2000,-7.7639569049952115,nova_scotia_kelp Lynch Is,3
nova_scotia_kelp,Lynch Is,2,44.51511503,-64.21115208,1,2007-08-15,3.5,3.5,3.5,NA,NA,NA,29.2,0,0,0,92,4,29.2,percent_cover,"c(-64.21115208, 44.51511503)",Scotian Shelf,Cold Temperate Northwest Atlantic,Temperate Northern Atlantic,0.3141514192092689,0.2625561978185618,0.2625561978185618,0.2625561978185618,-1.1265445291221625,-1.2999104556145977,-1.2999104556145977,-1.2999104556145977,2007-08-15,2007,2007,-0.7639569049952115,nova_scotia_kelp Lynch Is,3
nova_scotia_kelp,Lynch Is,3,44.51511503,-64.21115208,1,2022-08-15,3.5,3.5,3.5,NA,NA,NA,0.125,0,0,0,92,4,0.125,percent_cover,"c(-64.21115208, 44.51511503)",Scotian Shelf,Cold Temperate Northwest Atlantic,Temperate Northern Atlantic,0.0013448262808615965,0.00112395632627809,0.00112395632627809,0.00112395632627809,-4.478993473264078,-4.498654268698844,-4.498654268698844,-4.498654268698844,2022-08-15,2022,2022,14.236043095004788,nova_scotia_kelp Lynch Is,3
nova_scotia_kelp,Mill Cove B,1,44.5798473,-64.05098297,1,2000-08-15,3.5,3.5,3.5,NA,NA,NA,0.2,0,0,0,92,4,0.2,percent_cover,"c(-64.05098297, 44.5798473)",Scotian Shelf,Cold Temperate Northwest Atlantic,Temperate Northern Atlantic,0.002151722049378554,0.001798330122044944,0.001798330122044944,0.001798330122044944,-4.410284386779535,-4.4397972726056585,-4.4397972726056585,-4.4397972726056585,2000-08-15,2000,2000,-7.7639569049952115,nova_scotia_kelp Mill Cove B,3
nova_scotia_kelp,Mill Cove B,2,44.5798473,-64.05098297,1,2007-08-15,3.5,3.5,3.5,NA,NA,NA,6,0,0,0,92,4,6,percent_cover,"c(-64.05098297, 44.5798473)",Scotian Shelf,Cold Temperate Northwest Atlantic,Temperate Northern Atlantic,0.06455166148135663,0.05394990366134832,0.05394990366134832,0.05394990366134832,-2.596262951214148,-2.749655257426781,-2.749655257426781,-2.749655257426781,2007-08-15,2007,2007,-0.7639569049952115,nova_scotia_kelp Mill Cove B,3
nova_scotia_kelp,Mill Cove B,3,44.5798473,-64.05098297,1,2022-08-15,3.5,3.5,3.5,NA,NA,NA,1.75,0,0,0,92,4,1.75,percent_cover,"c(-64.05098297, 44.5798473)",Scotian Shelf,Cold Temperate Northwest Atlantic,Temperate Northern Atlantic,0.01882756793206235,0.01573538856789326,0.01573538856789326,0.01573538856789326,-3.5464231298197464,-3.6598882471807093,-3.6598882471807093,-3.6598882471807093,2022-08-15,2022,2022,14.236043095004788,nova_scotia_kelp Mill Cove B,3
nova_scotia_kelp,Ovens,1,44.32544899,-64.25922339,1,2000-08-15,3.5,3.5,3.5,NA,NA,NA,5.1,0,0,0,92,4,5.1,percent_cover,"c(-64.25922339, 44.32544899)",Scotian Shelf,Cold Temperate Northwest Atlantic,Temperate Northern Atlantic,0.05486891225915313,0.04585741811214607,0.04585741811214607,0.04585741811214607,-2.735386779908346,-2.8849529402252942,-2.8849529402252942,-2.8849529402252942,2000-08-15,2000,2000,-7.7639569049952115,nova_scotia_kelp Ovens,4
nova_scotia_kelp,Ovens,2,44.32544899,-64.25922339,1,2007-08-15,3.5,3.5,3.5,NA,NA,NA,1.5,0,0,0,92,4,1.5,percent_cover,"c(-64.25922339, 44.32544899)",Scotian Shelf,Cold Temperate Northwest Atlantic,Temperate Northern Atlantic,0.016137915370339158,0.01348747591533708,0.01348747591533708,0.01348747591533708,-3.644368322614235,-3.751287939667791,-3.751287939667791,-3.751287939667791,2007-08-15,2007,2007,-0.7639569049952115,nova_scotia_kelp Ovens,4
nova_scotia_kelp,Ovens,3,44.32544899,-64.25922339,1,2014-08-15,3.5,3.5,3.5,NA,NA,NA,6.6586538,0,0,0,92,4,6.6586538,percent_cover,"c(-64.25922339, 44.32544899)",Scotian Shelf,Cold Temperate Northwest Atlantic,Temperate Northern Atlantic,0.07163786100319149,0.05987228850404514,0.05987228850404514,0.05987228850404514,-2.5054621417366008,-2.6610861532108587,-2.6610861532108587,-2.6610861532108587,2014-08-15,2014,2014,6.2360430950047885,nova_scotia_kelp Ovens,4
nova_scotia_kelp,Ovens,4,44.32544899,-64.25922339,1,2022-08-15,3.5,3.5,3.5,NA,NA,NA,11.325,0,0,0,92,4,11.325,percent_cover,"c(-64.25922339, 44.32544899)",Scotian Shelf,Cold Temperate Northwest Atlantic,Temperate Northern Atlantic,0.12184126104606062,0.10183044316079494,0.10183044316079494,0.10183044316079494,-2.0261566478935658,-2.190771455142104,-2.190771455142104,-2.190771455142104,2022-08-15,2022,2022,14.236043095004788,nova_scotia_kelp Ovens,4
nova_scotia_kelp,Pennant Is,1,44.45579262,-63.66071502,1,2000-08-15,3.5,3.5,3.5,NA,NA,NA,4.4,0,0,0,92,4,4.4,percent_cover,"c(-63.66071502, 44.45579262)",Scotian Shelf,Cold Temperate Northwest Atlantic,Temperate Northern Atlantic,0.0473378850863282,0.03956326268498877,0.03956326268498877,0.03956326268498877,-2.8587937029474872,-3.0045053913576507,-3.0045053913576507,-3.0045053913576507,2000-08-15,2000,2000,-7.7639569049952115,nova_scotia_kelp Pennant Is,3
nova_scotia_kelp,Pennant Is,2,44.45579262,-63.66071502,1,2007-08-15,3.5,3.5,3.5,NA,NA,NA,10.6,0,0,0,92,4,10.6,percent_cover,"c(-63.66071502, 44.45579262)",Scotian Shelf,Cold Temperate Northwest Atlantic,Temperate Northern Atlantic,0.11404126861706337,0.09531149646838202,0.09531149646838202,0.09531149646838202,-2.087140957318608,-2.250832687564471,-2.250832687564471,-2.250832687564471,2007-08-15,2007,2007,-0.7639569049952115,nova_scotia_kelp Pennant Is,3
nova_scotia_kelp,Pennant Is,3,44.45579262,-63.66071502,1,2022-08-15,3.5,3.5,3.5,NA,NA,NA,1.85,0,0,0,92,4,1.85,percent_cover,"c(-63.66071502, 44.45579262)",Scotian Shelf,Cold Temperate Northwest Atlantic,Temperate Northern Atlantic,0.019903428956751627,0.016634553628915732,0.016634553628915732,0.016634553628915732,-3.509782124333026,-3.62554589757036,-3.62554589757036,-3.62554589757036,2022-08-15,2022,2022,14.236043095004788,nova_scotia_kelp Pennant Is,3
nova_scotia_kelp,Pt Enrage,1,44.27128069,-64.24709905,1,2000-08-15,3.5,3.5,3.5,NA,NA,NA,23.7,0,0,0,92,4,23.7,percent_cover,"c(-64.24709905, 44.27128069)",Scotian Shelf,Cold Temperate Northwest Atlantic,Temperate Northern Atlantic,0.2549790628513587,0.21310211946232585,0.21310211946232585,0.21310211946232585,-1.3281044642253002,-1.5001256775335272,-1.5001256775335272,-1.5001256775335272,2000-08-15,2000,2000,-7.7639569049952115,nova_scotia_kelp Pt Enrage,4
nova_scotia_kelp,Pt Enrage,2,44.27128069,-64.24709905,1,2007-08-15,3.5,3.5,3.5,NA,NA,NA,0.9,0,0,0,92,4,0.9,percent_cover,"c(-64.24709905, 44.27128069)",Scotian Shelf,Cold Temperate Northwest Atlantic,Temperate Northern Atlantic,0.009682749222203494,0.008092485549202248,0.008092485549202248,0.008092485549202248,-3.9280127008644645,-4.0122585899418866,-4.0122585899418866,-4.0122585899418866,2007-08-15,2007,2007,-0.7639569049952115,nova_scotia_kelp Pt Enrage,4
nova_scotia_kelp,Pt Enrage,3,44.27128069,-64.24709905,1,2014-08-15,3.5,3.5,3.5,NA,NA,NA,5.6009615,0,0,0,92,4,5.6009615,percent_cover,"c(-64.24709905, 44.27128069)",Scotian Shelf,Cold Temperate Northwest Atlantic,Temperate Northern Atlantic,0.06025856178635191,0.05036188888932016,0.05036188888932016,0.05036188888932016,-2.655573102232249,-2.807397351845816,-2.807397351845816,-2.807397351845816,2014-08-15,2014,2014,6.2360430950047885,nova_scotia_kelp Pt Enrage,4
nova_scotia_kelp,Pt Enrage,4,44.27128069,-64.24709905,1,2022-08-15,3.5,3.5,3.5,NA,NA,NA,3.2642857142857102,0,0,0,92,4,3.2642857142857102,percent_cover,"c(-64.24709905, 44.27128069)",Scotian Shelf,Cold Temperate Northwest Atlantic,Temperate Northern Atlantic,0.03511917773449993,0.02935131663480494,0.02935131663480494,0.02935131663480494,-3.0984478959278086,-3.235225845090049,-3.235225845090049,-3.235225845090049,2022-08-15,2022,2022,14.236043095004788,nova_scotia_kelp Pt Enrage,4
nova_scotia_kelp,Ringdove Shoal,1,44.596,-63.961,1,2000-08-15,3.5,3.5,3.5,NA,NA,NA,0,0,0,0,92,4,0,percent_cover,"c(-63.961, 44.596)",Scotian Shelf,Cold Temperate Northwest Atlantic,Temperate Northern Atlantic,0,0,0,0,-4.605170185988091,-4.605170185988091,-4.605170185988091,-4.605170185988091,2000-08-15,2000,2000,-7.7639569049952115,nova_scotia_kelp Ringdove Shoal,3
nova_scotia_kelp,Ringdove Shoal,2,44.596,-63.961,1,2007-08-15,3.5,3.5,3.5,NA,NA,NA,3.2,0,0,0,92,4,3.2,percent_cover,"c(-63.961, 44.596)",Scotian Shelf,Cold Temperate Northwest Atlantic,Temperate Northern Atlantic,0.03442755279005687,0.028773281952719103,0.028773281952719103,0.028773281952719103,-3.113895443676047,-3.2500238790193086,-3.2500238790193086,-3.2500238790193086,2007-08-15,2007,2007,-0.7639569049952115,nova_scotia_kelp Ringdove Shoal,3
nova_scotia_kelp,Ringdove Shoal,3,44.596,-63.961,1,2022-08-15,3.5,3.5,3.5,NA,NA,NA,0,0,0,0,92,4,0,percent_cover,"c(-63.961, 44.596)",Scotian Shelf,Cold Temperate Northwest Atlantic,Temperate Northern Atlantic,0,0,0,0,-4.605170185988091,-4.605170185988091,-4.605170185988091,-4.605170185988091,2022-08-15,2022,2022,14.236043095004788,nova_scotia_kelp Ringdove Shoal,3
nova_scotia_kelp,Rose Bay,1,44.29246059,-64.24751404,1,2000-08-15,3.5,3.5,3.5,NA,NA,NA,0.3,0,0,0,92,4,0.3,percent_cover,"c(-64.24751404, 44.29246059)",Scotian Shelf,Cold Temperate Northwest Atlantic,Temperate Northern Atlantic,0.0032275830740678313,0.0026974951830674157,0.0026974951830674157,0.0026974951830674157,-4.325451002799901,-4.366350534649653,-4.366350534649653,-4.366350534649653,2000-08-15,2000,2000,-7.7639569049952115,nova_scotia_kelp Rose Bay,4
nova_scotia_kelp,Rose Bay,2,44.29246059,-64.24751404,1,2007-08-15,3.5,3.5,3.5,NA,NA,NA,1.1,0,0,0,92,4,1.1,percent_cover,"c(-64.24751404, 44.29246059)",Scotian Shelf,Cold Temperate Northwest Atlantic,Temperate Northern Atlantic,0.01183447127158205,0.009890815671247192,0.009890815671247192,0.009890815671247192,-3.824265307058103,-3.917497177844629,-3.917497177844629,-3.917497177844629,2007-08-15,2007,2007,-0.7639569049952115,nova_scotia_kelp Rose Bay,4
nova_scotia_kelp,Rose Bay,3,44.29246059,-64.24751404,1,2014-08-15,3.5,3.5,3.5,NA,NA,NA,0.9134615,0,0,0,92,4,0.9134615,percent_cover,"c(-64.24751404, 44.29246059)",Scotian Shelf,Cold Temperate Northwest Atlantic,Temperate Northern Atlantic,0.009827576254042042,0.008213526653891788,0.008213526653891788,0.008213526653891788,-3.92068157014144,-4.005590738211331,-4.005590738211331,-4.005590738211331,2014-08-15,2014,2014,6.2360430950047885,nova_scotia_kelp Rose Bay,4
nova_scotia_kelp,Rose Bay,4,44.29246059,-64.24751404,1,2022-08-15,3.5,3.5,3.5,NA,NA,NA,1.939285714285714,0,0,0,92,4,1.939285714285714,percent_cover,"c(-64.24751404, 44.29246059)",Scotian Shelf,Cold Temperate Northwest Atlantic,Temperate Northern Atlantic,0.02086401915736705,0.017437379576257222,0.017437379576257222,0.017437379576257222,-3.4781642021162917,-3.5958489771766167,-3.5958489771766167,-3.5958489771766167,2022-08-15,2022,2022,14.236043095004788,nova_scotia_kelp Rose Bay,4
nova_scotia_kelp,Sheep Ledge,1,44.50358723,-64.26728795,1,2000-08-15,3.5,3.5,3.5,NA,NA,NA,0,0,0,0,92,4,0,percent_cover,"c(-64.26728795, 44.50358723)",Scotian Shelf,Cold Temperate Northwest Atlantic,Temperate Northern Atlantic,0,0,0,0,-4.605170185988091,-4.605170185988091,-4.605170185988091,-4.605170185988091,2000-08-15,2000,2000,-7.7639569049952115,nova_scotia_kelp Sheep Ledge,4
nova_scotia_kelp,Sheep Ledge,2,44.50358723,-64.26728795,1,2007-08-15,3.5,3.5,3.5,NA,NA,NA,22.9,0,0,0,92,4,22.9,percent_cover,"c(-64.26728795, 44.50358723)",Scotian Shelf,Cold Temperate Northwest Atlantic,Temperate Northern Atlantic,0.24637217465384445,0.20590879897414605,0.20590879897414605,0.20590879897414605,-1.361125083015624,-1.5328991874324247,-1.5328991874324247,-1.5328991874324247,2007-08-15,2007,2007,-0.7639569049952115,nova_scotia_kelp Sheep Ledge,4
nova_scotia_kelp,Sheep Ledge,3,44.50358723,-64.26728795,1,2014-08-15,3.5,3.5,3.5,NA,NA,NA,0.2884615,0,0,0,92,4,0.2884615,percent_cover,"c(-64.26728795, 44.50358723)",Scotian Shelf,Cold Temperate Northwest Atlantic,Temperate Northern Atlantic,0.003103444849734059,0.0025937450225013378,0.0025937450225013378,0.0025937450225013378,-4.334880117715878,-4.374555015070885,-4.374555015070885,-4.374555015070885,2014-08-15,2014,2014,6.2360430950047885,nova_scotia_kelp Sheep Ledge,4
nova_scotia_kelp,Sheep Ledge,4,44.50358723,-64.26728795,1,2022-08-15,3.5,3.5,3.5,NA,NA,NA,6,0,0,0,92,4,6,percent_cover,"c(-64.26728795, 44.50358723)",Scotian Shelf,Cold Temperate Northwest Atlantic,Temperate Northern Atlantic,0.06455166148135663,0.05394990366134832,0.05394990366134832,0.05394990366134832,-2.596262951214148,-2.749655257426781,-2.749655257426781,-2.749655257426781,2022-08-15,2022,2022,14.236043095004788,nova_scotia_kelp Sheep Ledge,4
nova_scotia_kelp,Shut-in Is,1,44.54115995,-63.95357947,1,2000-08-15,3.5,3.5,3.5,NA,NA,NA,11.6,0,0,0,92,4,11.6,percent_cover,"c(-63.95357947, 44.54115995)",Scotian Shelf,Cold Temperate Northwest Atlantic,Temperate Northern Atlantic,0.12479987886395615,0.10430314707860674,0.10430314707860674,0.10430314707860674,-2.0039639791396744,-2.1689011750642897,-2.1689011750642897,-2.1689011750642897,2000-08-15,2000,2000,-7.7639569049952115,nova_scotia_kelp Shut-in Is,4
nova_scotia_kelp,Shut-in Is,2,44.54115995,-63.95357947,1,2007-08-15,3.5,3.5,3.5,NA,NA,NA,42.2,0,0,0,92,4,42.2,percent_cover,"c(-63.95357947, 44.54115995)",Scotian Shelf,Cold Temperate Northwest Atlantic,Temperate Northern Atlantic,0.45401335241887497,0.3794476557514832,0.3794476557514832,0.3794476557514832,-0.7678419504051082,-0.9430258110168016,-0.9430258110168016,-0.9430258110168016,2007-08-15,2007,2007,-0.7639569049952115,nova_scotia_kelp Shut-in Is,4
nova_scotia_kelp,Shut-in Is,3,44.54115995,-63.95357947,1,2014-08-15,3.5,3.5,3.5,NA,NA,NA,4.5192308,0,0,0,92,4,4.5192308,percent_cover,"c(-63.95357947, 44.54115995)",Scotian Shelf,Cold Temperate Northwest Atlantic,Temperate Northern Atlantic,0.04862064279295342,0.040635344380566346,0.040635344380566346,0.040635344380566346,-2.8366683783389472,-2.9831054409853826,-2.9831054409853826,-2.9831054409853826,2014-08-15,2014,2014,6.2360430950047885,nova_scotia_kelp Shut-in Is,4
nova_scotia_kelp,Shut-in Is,4,44.54115995,-63.95357947,1,2022-08-15,3.5,3.5,3.5,NA,NA,NA,1,0,0,0,92,4,1,percent_cover,"c(-63.95357947, 44.54115995)",Scotian Shelf,Cold Temperate Northwest Atlantic,Temperate Northern Atlantic,0.010758610246892772,0.00899165061022472,0.00899165061022472,0.00899165061022472,-3.874794166716577,-3.963755837965558,-3.963755837965558,-3.963755837965558,2022-08-15,2022,2022,14.236043095004788,nova_scotia_kelp Shut-in Is,4
nova_scotia_kelp,Tilley Pt,1,44.53726455,-64.01674717,1,2000-08-15,3.5,3.5,3.5,NA,NA,NA,2.3,0,0,0,92,4,2.3,percent_cover,"c(-64.01674717, 44.53726455)",Scotian Shelf,Cold Temperate Northwest Atlantic,Temperate Northern Atlantic,0.02474480356785337,0.020680796403516853,0.020680796403516853,0.020680796403516853,-3.35972525576893,-3.4841183444263555,-3.4841183444263555,-3.4841183444263555,2000-08-15,2000,2000,-7.7639569049952115,nova_scotia_kelp Tilley Pt,4
nova_scotia_kelp,Tilley Pt,2,44.53726455,-64.01674717,1,2007-08-15,3.5,3.5,3.5,NA,NA,NA,24.8,0,0,0,92,4,24.8,percent_cover,"c(-64.01674717, 44.53726455)",Scotian Shelf,Cold Temperate Northwest Atlantic,Temperate Northern Atlantic,0.26681353412294073,0.22299293513357304,0.22299293513357304,0.22299293513357304,-1.2844111614811211,-1.456747147191274,-1.456747147191274,-1.456747147191274,2007-08-15,2007,2007,-0.7639569049952115,nova_scotia_kelp Tilley Pt,4
nova_scotia_kelp,Tilley Pt,3,44.53726455,-64.01674717,1,2014-08-15,3.5,3.5,3.5,NA,NA,NA,0.3365385,0,0,0,92,4,0.3365385,percent_cover,"c(-64.01674717, 44.53726455)",Scotian Shelf,Cold Temperate Northwest Atlantic,Temperate Northern Atlantic,0.003620686554573923,0.003026036608889112,0.003026036608889112,0.003026036608889112,-4.296165571706392,-4.340805108414378,-4.340805108414378,-4.340805108414378,2014-08-15,2014,2014,6.2360430950047885,nova_scotia_kelp Tilley Pt,4
nova_scotia_kelp,Tilley Pt,4,44.53726455,-64.01674717,1,2022-08-15,3.5,3.5,3.5,NA,NA,NA,0,0,0,0,92,4,0,percent_cover,"c(-64.01674717, 44.53726455)",Scotian Shelf,Cold Temperate Northwest Atlantic,Temperate Northern Atlantic,0,0,0,0,-4.605170185988091,-4.605170185988091,-4.605170185988091,-4.605170185988091,2022-08-15,2022,2022,14.236043095004788,nova_scotia_kelp Tilley Pt,4
nova_scotia_kelp,W Ironbound,1,44.23824116,-64.2761317,1,2000-08-15,3.5,3.5,3.5,NA,NA,NA,35.5,0,0,0,92,4,35.5,percent_cover,"c(-64.2761317, 44.23824116)",Scotian Shelf,Cold Temperate Northwest Atlantic,Temperate Northern Atlantic,0.38193066376469337,0.31920359666297754,0.31920359666297754,0.31920359666297754,-0.9366703329877519,-1.11107888477421,-1.11107888477421,-1.11107888477421,2000-08-15,2000,2000,-7.7639569049952115,nova_scotia_kelp W Ironbound,3
nova_scotia_kelp,W Ironbound,2,44.23824116,-64.2761317,1,2007-08-15,3.5,3.5,3.5,NA,NA,NA,43.6,0,0,0,92,4,43.6,percent_cover,"c(-64.2761317, 44.23824116)",Scotian Shelf,Cold Temperate Northwest Atlantic,Temperate Northern Atlantic,0.46907540676452486,0.39203596660579776,0.39203596660579776,0.39203596660579776,-0.7358972685656313,-0.9112137251965922,-0.9112137251965922,-0.9112137251965922,2007-08-15,2007,2007,-0.7639569049952115,nova_scotia_kelp W Ironbound,3
nova_scotia_kelp,W Ironbound,3,44.23824116,-64.2761317,1,2022-08-15,3.5,3.5,3.5,NA,NA,NA,18.775000000000002,0,0,0,92,4,18.775000000000002,percent_cover,"c(-64.2761317, 44.23824116)",Scotian Shelf,Cold Temperate Northwest Atlantic,Temperate Northern Atlantic,0.2019929073854118,0.16881824020696912,0.16881824020696912,0.16881824020696912,-1.5512024605989696,-1.7213854068654926,-1.7213854068654926,-1.7213854068654926,2022-08-15,2022,2022,14.236043095004788,nova_scotia_kelp W Ironbound,3
nova_scotia_kelp,Woody Is,1,44.44942296,-63.713577,1,2000-08-15,3.5,3.5,3.5,NA,NA,NA,12,0,0,0,92,4,12,percent_cover,"c(-63.713577, 44.44942296)",Scotian Shelf,Cold Temperate Northwest Atlantic,Temperate Northern Atlantic,0.12910332296271326,0.10789980732269663,0.10789980732269663,0.10789980732269663,-1.972538291317853,-2.1379201056836026,-2.1379201056836026,-2.1379201056836026,2000-08-15,2000,2000,-7.7639569049952115,nova_scotia_kelp Woody Is,4
nova_scotia_kelp,Woody Is,2,44.44942296,-63.713577,1,2007-08-15,3.5,3.5,3.5,NA,NA,NA,28.4,0,0,0,92,4,28.4,percent_cover,"c(-63.713577, 44.44942296)",Scotian Shelf,Cold Temperate Northwest Atlantic,Temperate Northern Atlantic,0.30554453101175466,0.255362877330382,0.255362877330382,0.255362877330382,-1.1534554627079938,-1.3266570412819048,-1.3266570412819048,-1.3266570412819048,2007-08-15,2007,2007,-0.7639569049952115,nova_scotia_kelp Woody Is,4
nova_scotia_kelp,Woody Is,3,44.44942296,-63.713577,1,2014-08-15,3.5,3.5,3.5,NA,NA,NA,1.7788462,0,0,0,92,4,1.7788462,percent_cover,"c(-63.713577, 44.44942296)",Scotian Shelf,Cold Temperate Northwest Atlantic,Temperate Northern Atlantic,0.01913791295496627,0.015994763519725924,0.015994763519725924,0.015994763519725924,-3.535715102092077,-3.649860164332445,-3.649860164332445,-3.649860164332445,2014-08-15,2014,2014,6.2360430950047885,nova_scotia_kelp Woody Is,4
nova_scotia_kelp,Woody Is,4,44.44942296,-63.713577,1,2022-08-15,3.5,3.5,3.5,NA,NA,NA,35.849999999999994,0,0,0,92,4,35.849999999999994,percent_cover,"c(-63.713577, 44.44942296)",Scotian Shelf,Cold Temperate Northwest Atlantic,Temperate Northern Atlantic,0.3856961773511058,0.3223506743765561,0.3223506743765561,0.3223506743765561,-0.927108591109734,-1.1015646193810456,-1.1015646193810456,-1.1015646193810456,2022-08-15,2022,2022,14.236043095004788,nova_scotia_kelp Woody Is,4
Egan_&_Yarish__1990,southern New England_ Long Island Sound_ Black Ledge,1,41.30302,-72.086122,0.25,1985-06-15,4,4,4,8.125,34.75,34.75,NA,18,18,18,0,1,8.125,biomass,"c(-72.086122, 41.30302)",Virginian,Cold Temperate Northwest Atlantic,Temperate Northern Atlantic,0.23381294964028776,0.23381294964028776,0.23381294964028776,0.23381294964028776,-1.4113539475117318,-1.4113539475117318,-1.4113539475117318,-1.4113539475117318,1985-06-15,1985,1985,-22.76395690499521,Egan_&_Yarish__1990 southern New England_ Long Island Sound_ Black Ledge,18
Egan_&_Yarish__1990,southern New England_ Long Island Sound_ Black Ledge,2,41.30302,-72.086122,0.25,1985-09-15,4,4,4,10,40,40,NA,18,18,18,0,1,10,biomass,"c(-72.086122, 41.30302)",Virginian,Cold Temperate Northwest Atlantic,Temperate Northern Atlantic,0.28776978417266186,0.28776978417266186,0.28776978417266186,0.28776978417266186,-1.2114346273700507,-1.2114346273700507,-1.2114346273700507,-1.2114346273700507,1985-09-15,1985,1985,-22.76395690499521,Egan_&_Yarish__1990 southern New England_ Long Island Sound_ Black Ledge,18
Egan_&_Yarish__1990,southern New England_ Long Island Sound_ Black Ledge,3,41.30302,-72.086122,0.25,1985-10-15,4,4,4,9,35,35,NA,18,18,18,0,1,9,biomass,"c(-72.086122, 41.30302)",Virginian,Cold Temperate Northwest Atlantic,Temperate Northern Atlantic,0.2589928057553957,0.2589928057553957,0.2589928057553957,0.2589928057553957,-1.3130706441416693,-1.3130706441416693,-1.3130706441416693,-1.3130706441416693,1985-10-15,1985,1985,-22.76395690499521,Egan_&_Yarish__1990 southern New England_ Long Island Sound_ Black Ledge,18
Egan_&_Yarish__1990,southern New England_ Long Island Sound_ Black Ledge,4,41.30302,-72.086122,0.25,1985-11-15,4,4,4,8,34,34,NA,18,18,18,0,1,8,biomass,"c(-72.086122, 41.30302)",Virginian,Cold Temperate Northwest Atlantic,Temperate Northern Atlantic,0.2302158273381295,0.2302158273381295,0.2302158273381295,0.2302158273381295,-1.4262174791751285,-1.4262174791751285,-1.4262174791751285,-1.4262174791751285,1985-11-15,1985,1985,-22.76395690499521,Egan_&_Yarish__1990 southern New England_ Long Island Sound_ Black Ledge,18
Egan_&_Yarish__1990,southern New England_ Long Island Sound_ Black Ledge,5,41.30302,-72.086122,0.25,1985-12-15,4,4,4,5.5,30,30,NA,18,18,18,0,1,5.5,biomass,"c(-72.086122, 41.30302)",Virginian,Cold Temperate Northwest Atlantic,Temperate Northern Atlantic,0.15827338129496402,0.15827338129496402,0.15827338129496402,0.15827338129496402,-1.7821653525346042,-1.7821653525346042,-1.7821653525346042,-1.7821653525346042,1985-12-15,1985,1985,-22.76395690499521,Egan_&_Yarish__1990 southern New England_ Long Island Sound_ Black Ledge,18
Egan_&_Yarish__1990,southern New England_ Long Island Sound_ Black Ledge,6,41.30302,-72.086122,0.25,1986-01-15,4,4,4,3,31,31,NA,18,18,18,0,1,3,biomass,"c(-72.086122, 41.30302)",Virginian,Cold Temperate Northwest Atlantic,Temperate Northern Atlantic,0.08633093525179857,0.08633093525179857,0.08633093525179857,0.08633093525179857,-2.3399657734276107,-2.3399657734276107,-2.3399657734276107,-2.3399657734276107,1986-01-15,1986,1986,-21.76395690499521,Egan_&_Yarish__1990 southern New England_ Long Island Sound_ Black Ledge,18
Egan_&_Yarish__1990,southern New England_ Long Island Sound_ Black Ledge,7,41.30302,-72.086122,0.25,1986-02-15,4,4,4,5,39,39,NA,18,18,18,0,1,5,biomass,"c(-72.086122, 41.30302)",Virginian,Cold Temperate Northwest Atlantic,Temperate Northern Atlantic,0.14388489208633093,0.14388489208633093,0.14388489208633093,0.14388489208633093,-1.8715504100363776,-1.8715504100363776,-1.8715504100363776,-1.8715504100363776,1986-02-15,1986,1986,-21.76395690499521,Egan_&_Yarish__1990 southern New England_ Long Island Sound_ Black Ledge,18
Egan_&_Yarish__1990,southern New England_ Long Island Sound_ Black Ledge,8,41.30302,-72.086122,0.25,1986-03-15,4,4,4,4,22,22,NA,18,18,18,0,1,4,biomass,"c(-72.086122, 41.30302)",Virginian,Cold Temperate Northwest Atlantic,Temperate Northern Atlantic,0.11510791366906475,0.11510791366906475,0.11510791366906475,0.11510791366906475,-2.0785786047645,-2.0785786047645,-2.0785786047645,-2.0785786047645,1986-03-15,1986,1986,-21.76395690499521,Egan_&_Yarish__1990 southern New England_ Long Island Sound_ Black Ledge,18
Egan_&_Yarish__1990,southern New England_ Long Island Sound_ Black Ledge,9,41.30302,-72.086122,0.25,1986-04-15,4,4,4,12,100,100,NA,18,18,18,0,1,12,biomass,"c(-72.086122, 41.30302)",Virginian,Cold Temperate Northwest Atlantic,Temperate Northern Atlantic,0.34532374100719426,0.34532374100719426,0.34532374100719426,0.34532374100719426,-1.0347259585781583,-1.0347259585781583,-1.0347259585781583,-1.0347259585781583,1986-04-15,1986,1986,-21.76395690499521,Egan_&_Yarish__1990 southern New England_ Long Island Sound_ Black Ledge,18
Egan_&_Yarish__1990,southern New England_ Long Island Sound_ Black Ledge,10,41.30302,-72.086122,0.25,1986-05-15,4,4,4,25,175,175,NA,18,18,18,0,1,25,biomass,"c(-72.086122, 41.30302)",Virginian,Cold Temperate Northwest Atlantic,Temperate Northern Atlantic,0.7194244604316546,0.7194244604316546,0.7194244604316546,0.7194244604316546,-0.3154994661662034,-0.3154994661662034,-0.3154994661662034,-0.3154994661662034,1986-05-15,1986,1986,-21.76395690499521,Egan_&_Yarish__1990 southern New England_ Long Island Sound_ Black Ledge,18
Egan_&_Yarish__1990,southern New England_ Long Island Sound_ Black Ledge,11,41.30302,-72.086122,0.25,1986-06-15,4,4,4,10.59090909090909,367.9090909090909,367.9090909090909,NA,18,18,18,0,1,10.59090909090909,biomass,"c(-72.086122, 41.30302)",Virginian,Cold Temperate Northwest Atlantic,Temperate Northern Atlantic,0.3047743623283191,0.3047743623283191,0.3047743623283191,0.3047743623283191,-1.1558992068979683,-1.1558992068979683,-1.1558992068979683,-1.1558992068979683,1986-06-15,1986,1986,-21.76395690499521,Egan_&_Yarish__1990 southern New England_ Long Island Sound_ Black Ledge,18
Egan_&_Yarish__1990,southern New England_ Long Island Sound_ Black Ledge,12,41.30302,-72.086122,0.25,1986-07-15,4,4,4,10.5,630,630,NA,18,18,18,0,1,10.5,biomass,"c(-72.086122, 41.30302)",Virginian,Cold Temperate Northwest Atlantic,Temperate Northern Atlantic,0.302158273381295,0.302158273381295,0.302158273381295,0.302158273381295,-1.1642449333204323,-1.1642449333204323,-1.1642449333204323,-1.1642449333204323,1986-07-15,1986,1986,-21.76395690499521,Egan_&_Yarish__1990 southern New England_ Long Island Sound_ Black Ledge,18
Egan_&_Yarish__1990,southern New England_ Long Island Sound_ Black Ledge,13,41.30302,-72.086122,0.25,1986-08-15,4,4,4,9,280,280,NA,18,18,18,0,1,9,biomass,"c(-72.086122, 41.30302)",Virginian,Cold Temperate Northwest Atlantic,Temperate Northern Atlantic,0.2589928057553957,0.2589928057553957,0.2589928057553957,0.2589928057553957,-1.3130706441416693,-1.3130706441416693,-1.3130706441416693,-1.3130706441416693,1986-08-15,1986,1986,-21.76395690499521,Egan_&_Yarish__1990 southern New England_ Long Island Sound_ Black Ledge,18
Egan_&_Yarish__1990,southern New England_ Long Island Sound_ Black Ledge,14,41.30302,-72.086122,0.25,1986-09-15,4,4,4,12,320,320,NA,18,18,18,0,1,12,biomass,"c(-72.086122, 41.30302)",Virginian,Cold Temperate Northwest Atlantic,Temperate Northern Atlantic,0.34532374100719426,0.34532374100719426,0.34532374100719426,0.34532374100719426,-1.0347259585781583,-1.0347259585781583,-1.0347259585781583,-1.0347259585781583,1986-09-15,1986,1986,-21.76395690499521,Egan_&_Yarish__1990 southern New England_ Long Island Sound_ Black Ledge,18
Egan_&_Yarish__1990,southern New England_ Long Island Sound_ Black Ledge,15,41.30302,-72.086122,0.25,1986-10-15,4,4,4,14,450,450,NA,18,18,18,0,1,14,biomass,"c(-72.086122, 41.30302)",Virginian,Cold Temperate Northwest Atlantic,Temperate Northern Atlantic,0.4028776978417266,0.4028776978417266,0.4028776978417266,0.4028776978417266,-0.8846038610104205,-0.8846038610104205,-0.8846038610104205,-0.8846038610104205,1986-10-15,1986,1986,-21.76395690499521,Egan_&_Yarish__1990 southern New England_ Long Island Sound_ Black Ledge,18
Egan_&_Yarish__1990,southern New England_ Long Island Sound_ Black Ledge,16,41.30302,-72.086122,0.25,1987-01-15,4,4,4,14.5,200,200,NA,18,18,18,0,1,14.5,biomass,"c(-72.086122, 41.30302)",Virginian,Cold Temperate Northwest Atlantic,Temperate Northern Atlantic,0.4172661870503597,0.4172661870503597,0.4172661870503597,0.4172661870503597,-0.8503480711029229,-0.8503480711029229,-0.8503480711029229,-0.8503480711029229,1987-01-15,1987,1987,-20.76395690499521,Egan_&_Yarish__1990 southern New England_ Long Island Sound_ Black Ledge,18
Egan_&_Yarish__1990,southern New England_ Long Island Sound_ Black Ledge,17,41.30302,-72.086122,0.25,1987-05-15,4,4,4,48,200,200,NA,18,18,18,0,1,48,biomass,"c(-72.086122, 41.30302)",Virginian,Cold Temperate Northwest Atlantic,Temperate Northern Atlantic,1.381294964028777,1.381294964028777,1.381294964028777,1.381294964028777,0.3302349422435154,0.3302349422435154,0.3302349422435154,0.3302349422435154,1987-05-15,1987,1987,-20.76395690499521,Egan_&_Yarish__1990 southern New England_ Long Island Sound_ Black Ledge,18
Egan_&_Yarish__1990,southern New England_ Long Island Sound_ Black Ledge,18,41.30302,-72.086122,0.25,1987-06-15,4,4,4,31.25,200,200,NA,18,18,18,0,1,31.25,biomass,"c(-72.086122, 41.30302)",Virginian,Cold Temperate Northwest Atlantic,Temperate Northern Atlantic,0.8992805755395683,0.8992805755395683,0.8992805755395683,0.8992805755395683,-0.09510156847165693,-0.09510156847165693,-0.09510156847165693,-0.09510156847165693,1987-06-15,1987,1987,-20.76395690499521,Egan_&_Yarish__1990 southern New England_ Long Island Sound_ Black Ledge,18
Filbee-Dexteretal_et_al._2016,Little Duck Island,1,44.364216,-64.180952,0.625,1983-01-15,8,8,8,8.1621906266456,NA,NA,NA,24,0,0,0,1,8.1621906266456,biomass,"c(-64.180952, 44.364216)",Scotian Shelf,Cold Temperate Northwest Atlantic,Temperate Northern Atlantic,0.4404973357015997,0.2348831835005928,0.2348831835005928,0.2348831835005928,-0.7974031160431313,-1.4069739841820437,-1.4069739841820437,-1.4069739841820437,1983-01-15,1983,1983,-24.76395690499521,Filbee-Dexteretal_et_al._2016 Little Duck Island,11
Filbee-Dexteretal_et_al._2016,Little Duck Island,2,44.364216,-64.180952,0.625,1992-01-15,8,8,8,3.8836229594523295,NA,NA,NA,24,0,0,0,1,3.8836229594523295,biomass,"c(-64.180952, 44.364216)",Scotian Shelf,Cold Temperate Northwest Atlantic,Temperate Northern Atlantic,0.20959147424511532,0.11175893408495913,0.11175893408495913,0.11175893408495913,-1.5159863941208553,-2.1057121391370477,-2.1057121391370477,-2.1057121391370477,1992-01-15,1992,1992,-15.763956904995212,Filbee-Dexteretal_et_al._2016 Little Duck Island,11
Filbee-Dexteretal_et_al._2016,Little Duck Island,3,44.364216,-64.180952,0.625,1993-01-15,8,8,8,3.71906266456029,NA,NA,NA,24,0,0,0,1,3.71906266456029,biomass,"c(-64.180952, 44.364216)",Scotian Shelf,Cold Temperate Northwest Atlantic,Temperate Northern Atlantic,0.20071047957371257,0.10702338603051194,0.10702338603051194,0.10702338603051194,-1.557270222466677,-2.145381483555181,-2.145381483555181,-2.145381483555181,1993-01-15,1993,1993,-14.763956904995212,Filbee-Dexteretal_et_al._2016 Little Duck Island,11
Filbee-Dexteretal_et_al._2016,Little Duck Island,4,44.364216,-64.180952,0.625,1994-01-15,8,8,8,0.822801474460241,NA,NA,NA,24,0,0,0,1,0.822801474460241,biomass,"c(-64.180952, 44.364216)",Scotian Shelf,Cold Temperate Northwest Atlantic,Temperate Northern Atlantic,0.04440497335701605,0.023677740272237152,0.023677740272237152,0.023677740272237152,-2.9112997072950053,-3.3909181859136344,-3.3909181859136344,-3.3909181859136344,1994-01-15,1994,1994,-13.763956904995212,Filbee-Dexteretal_et_al._2016 Little Duck Island,11
Filbee-Dexteretal_et_al._2016,Little Duck Island,5,44.364216,-64.180952,0.625,1995-01-15,8,8,8,4.01527119536598,NA,NA,NA,24,0,0,0,1,4.01527119536598,biomass,"c(-64.180952, 44.364216)",Scotian Shelf,Cold Temperate Northwest Atlantic,Temperate Northern Atlantic,0.2166962699822385,0.1155473725285174,0.1155473725285174,0.1155473725285174,-1.4841441751450888,-2.0750721212875547,-2.0750721212875547,-2.0750721212875547,1995-01-15,1995,1995,-12.763956904995212,Filbee-Dexteretal_et_al._2016 Little Duck Island,11
Filbee-Dexteretal_et_al._2016,Little Duck Island,6,44.364216,-64.180952,0.625,1997-01-15,8,8,8,3.94944707740916,NA,NA,NA,24,0,0,0,1,3.94944707740916,biomass,"c(-64.180952, 44.364216)",Scotian Shelf,Cold Temperate Northwest Atlantic,Temperate Northern Atlantic,0.21314387211367722,0.11365315330673842,0.11365315330673842,0.11365315330673842,-1.4999385491233617,-2.090274783465731,-2.090274783465731,-2.090274783465731,1997-01-15,1997,1997,-10.763956904995212,Filbee-Dexteretal_et_al._2016 Little Duck Island,11
Filbee-Dexteretal_et_al._2016,Little Duck Island,7,44.364216,-64.180952,0.625,1998-01-15,8,8,8,2.56714060031595,NA,NA,NA,24,0,0,0,1,2.56714060031595,biomass,"c(-64.180952, 44.364216)",Scotian Shelf,Cold Temperate Northwest Atlantic,Temperate Northern Atlantic,0.13854351687388997,0.07387454964937985,0.07387454964937985,0.07387454964937985,-1.9068773207462553,-2.4784330530116527,-2.4784330530116527,-2.4784330530116527,1998-01-15,1998,1998,-9.763956904995212,Filbee-Dexteretal_et_al._2016 Little Duck Island,11
Filbee-Dexteretal_et_al._2016,Little Duck Island,8,44.364216,-64.180952,0.625,1999-01-15,8,8,8,0.296208530805685,NA,NA,NA,24,0,0,0,1,0.296208530805685,biomass,"c(-64.180952, 44.364216)",Scotian Shelf,Cold Temperate Northwest Atlantic,Temperate Northern Atlantic,0.015985790408525682,0.0085239864980053235,0.0085239864980053235,0.0085239864980053235,-3.6502054131076602,-3.9886888192558576,-3.9886888192558576,-3.9886888192558576,1999-01-15,1999,1999,-8.763956904995212,Filbee-Dexteretal_et_al._2016 Little Duck Island,11
Filbee-Dexteretal_et_al._2016,Little Duck Island,9,44.364216,-64.180952,0.625,2000-01-15,8,8,8,0.230384412848867,NA,NA,NA,24,0,0,0,1,0.230384412848867,biomass,"c(-64.180952, 44.364216)",Scotian Shelf,Cold Temperate Northwest Atlantic,Temperate Northern Atlantic,0.012433392539964467,0.006629767276226388,0.006629767276226388,0.006629767276226388,-3.7972046917772913,-4.096560980088907,-4.096560980088907,-4.096560980088907,2000-01-15,2000,2000,-7.7639569049952115,Filbee-Dexteretal_et_al._2016 Little Duck Island,11
Filbee-Dexteretal_et_al._2016,Little Duck Island,10,44.364216,-64.180952,0.625,2008-01-15,8,8,8,2.27093206951026,NA,NA,NA,24,0,0,0,1,2.27093206951026,biomass,"c(-64.180952, 44.364216)",Scotian Shelf,Cold Temperate Northwest Atlantic,Temperate Northern Atlantic,0.122557726465364,0.06535056315137439,0.06535056315137439,0.06535056315137439,-2.020737056996395,-2.5856038801303365,-2.5856038801303365,-2.5856038801303365,2008-01-15,2008,2008,0.23604309500478848,Filbee-Dexteretal_et_al._2016 Little Duck Island,11
Filbee-Dexteretal_et_al._2016,Little Duck Island,11,44.364216,-64.180952,0.625,2014-01-15,8,8,8,0.0987361769352261,NA,NA,NA,24,0,0,0,1,0.0987361769352261,biomass,"c(-64.180952, 44.364216)",Scotian Shelf,Cold Temperate Northwest Atlantic,Temperate Northern Atlantic,0.005328596802841774,0.002841328832668377,0.002841328832668377,0.002841328832668377,-4.1780351230443635,-4.355086494434373,-4.355086494434373,-4.355086494434373,2014-01-15,2014,2014,6.2360430950047885,Filbee-Dexteretal_et_al._2016 Little Duck Island,11
Filbee-Dexteretal_et_al._2016,Mill Cove,1,44.586353,-64.060977,0.625,1968-02-15,8,8,8,16.0610847814639,NA,NA,NA,24,0,0,0,1,16.0610847814639,biomass,"c(-64.060977, 44.586353)",Scotian Shelf,Cold Temperate Northwest Atlantic,Temperate Northern Atlantic,0.866785079928953,0.46218949011406907,0.46218949011406907,0.46218949011406907,-0.13149337943755582,-0.7503749118548528,-0.7503749118548528,-0.7503749118548528,1968-02-15,1968,1968,-39.76395690499521,Filbee-Dexteretal_et_al._2016 Mill Cove,9
Filbee-Dexteretal_et_al._2016,Mill Cove,2,44.586353,-64.060977,0.625,1973-02-15,8,8,8,20.1750921537651,NA,NA,NA,24,0,0,0,1,20.1750921537651,biomass,"c(-64.060977, 44.586353)",Scotian Shelf,Cold Temperate Northwest Atlantic,Temperate Northern Atlantic,1.0888099467140329,0.5805781914752547,0.5805781914752547,0.5805781914752547,0.09422772754059497,-0.5266532364034467,-0.5266532364034467,-0.5266532364034467,1973-02-15,1973,1973,-34.76395690499521,Filbee-Dexteretal_et_al._2016 Mill Cove,9
Filbee-Dexteretal_et_al._2016,Mill Cove,3,44.586353,-64.060977,0.625,1992-01-15,8,8,8,4.90389678778304,NA,NA,NA,24,0,0,0,1,4.90389678778304,biomass,"c(-64.060977, 44.586353)",Scotian Shelf,Cold Temperate Northwest Atlantic,Temperate Northern Atlantic,0.26465364120781587,0.14111933202253352,0.14111933202253352,0.14111933202253352,-1.292244461652349,-1.8896854759777577,-1.8896854759777577,-1.8896854759777577,1992-01-15,1992,1992,-15.763956904995212,Filbee-Dexteretal_et_al._2016 Mill Cove,9
Filbee-Dexteretal_et_al._2016,Mill Cove,4,44.586353,-64.060977,0.625,1994-01-15,8,8,8,0.9215376513954708,NA,NA,NA,24,0,0,0,1,0.9215376513954708,biomass,"c(-64.060977, 44.586353)",Scotian Shelf,Cold Temperate Northwest Atlantic,Temperate Northern Atlantic,0.04973357015985802,0.026519069104905636,0.026519069104905636,0.026519069104905636,-2.81786110238751,-3.3099207135883053,-3.3099207135883053,-3.3099207135883053,1994-01-15,1994,1994,-13.763956904995212,Filbee-Dexteretal_et_al._2016 Mill Cove,9
Filbee-Dexteretal_et_al._2016,Mill Cove,5,44.586353,-64.060977,0.625,1995-01-15,8,8,8,4.67351237493417,NA,NA,NA,24,0,0,0,1,4.67351237493417,biomass,"c(-64.060977, 44.586353)",Scotian Shelf,Cold Temperate Northwest Atlantic,Temperate Northern Atlantic,0.2522202486678512,0.13448956474630705,0.13448956474630705,0.13448956474630705,-1.3385704845936923,-1.9345479903259044,-1.9345479903259044,-1.9345479903259044,1995-01-15,1995,1995,-12.763956904995212,Filbee-Dexteretal_et_al._2016 Mill Cove,9
Filbee-Dexteretal_et_al._2016,Mill Cove,6,44.586353,-64.060977,0.625,2005-01-15,8,8,8,0.460768825697734,NA,NA,NA,24,0,0,0,1,0.460768825697734,biomass,"c(-64.060977, 44.586353)",Scotian Shelf,Cold Temperate Northwest Atlantic,Temperate Northern Atlantic,0.024866785079928934,0.013259534552452776,0.013259534552452776,0.013259534552452776,-3.3562206198513214,-3.761040142734449,-3.761040142734449,-3.761040142734449,2005-01-15,2005,2005,-2.7639569049952115,Filbee-Dexteretal_et_al._2016 Mill Cove,9
Filbee-Dexteretal_et_al._2016,Mill Cove,7,44.586353,-64.060977,0.625,2008-01-15,8,8,8,0.329120589784096,NA,NA,NA,24,0,0,0,1,0.329120589784096,biomass,"c(-64.060977, 44.586353)",Scotian Shelf,Cold Temperate Northwest Atlantic,Temperate Northern Atlantic,0.017761989342806397,0.009471096108894848,0.009471096108894848,0.009471096108894848,-3.584087483706305,-3.9388241638588397,-3.9388241638588397,-3.9388241638588397,2008-01-15,2008,2008,0.23604309500478848,Filbee-Dexteretal_et_al._2016 Mill Cove,9
Filbee-Dexteretal_et_al._2016,Mill Cove,8,44.586353,-64.060977,0.625,2009-01-15,8,8,8,2.23802001053185,NA,NA,NA,24,0,0,0,1,2.23802001053185,biomass,"c(-64.060977, 44.586353)",Scotian Shelf,Cold Temperate Northwest Atlantic,Temperate Northern Atlantic,0.12078152753108336,0.06440345354048489,0.06440345354048489,0.06440345354048489,-2.0342270767590658,-2.5982529196654944,-2.5982529196654944,-2.5982529196654944,2009-01-15,2009,2009,1.2360430950047885,Filbee-Dexteretal_et_al._2016 Mill Cove,9
Filbee-Dexteretal_et_al._2016,Mill Cove,9,44.586353,-64.060977,0.625,2010-01-15,8,8,8,3.68615060558188,NA,NA,NA,24,0,0,0,1,3.68615060558188,biomass,"c(-64.060977, 44.586353)",Scotian Shelf,Cold Temperate Northwest Atlantic,Temperate Northern Atlantic,0.1989342806394319,0.10607627641962245,0.10607627641962245,0.10607627641962245,-1.565735523167339,-2.153507748628989,-2.153507748628989,-2.153507748628989,2010-01-15,2010,2010,2.2360430950047885,Filbee-Dexteretal_et_al._2016 Mill Cove,9
Filbee-Dexteretal_et_al._2016,Whitehead Island,1,43.665572,-65.867357,0.625,1949-02-15,8,8,8,19.3522906793048,NA,NA,NA,24,0,0,0,1,19.3522906793048,biomass,"c(-65.867357, 43.665572)",Scotian Shelf,Cold Temperate Northwest Atlantic,Temperate Northern Atlantic,1.0444049733570138,0.5569004512030159,0.5569004512030159,0.5569004512030159,0.05297660151997971,-0.5675715617393083,-0.5675715617393083,-0.5675715617393083,1949-02-15,1949,1949,-58.76395690499521,Filbee-Dexteretal_et_al._2016 Whitehead Island,4
Filbee-Dexteretal_et_al._2016,Whitehead Island,2,43.665572,-65.867357,0.625,1979-01-15,8,8,8,4.57477619799894,NA,NA,NA,24,0,0,0,1,4.57477619799894,biomass,"c(-65.867357, 43.665572)",Scotian Shelf,Cold Temperate Northwest Atlantic,Temperate Northern Atlantic,0.24689165186500922,0.13164823591363856,0.13164823591363856,0.13164823591363856,-1.3591008710540484,-1.9544085066226349,-1.9544085066226349,-1.9544085066226349,1979-01-15,1979,1979,-28.76395690499521,Filbee-Dexteretal_et_al._2016 Whitehead Island,4
Filbee-Dexteretal_et_al._2016,Whitehead Island,3,43.665572,-65.867357,0.625,1984-01-15,8,8,8,3.78488678251711,NA,NA,NA,24,0,0,0,1,3.78488678251711,biomass,"c(-65.867357, 43.665572)",Scotian Shelf,Cold Temperate Northwest Atlantic,Temperate Northern Atlantic,0.2042628774422739,0.10891760525229094,0.10891760525229094,0.10891760525229094,-1.5405516185623964,-2.1293244185231237,-2.1293244185231237,-2.1293244185231237,1984-01-15,1984,1984,-23.76395690499521,Filbee-Dexteretal_et_al._2016 Whitehead Island,4
Filbee-Dexteretal_et_al._2016,Whitehead Island,4,43.665572,-65.867357,0.625,2014-01-15,8,8,8,2.86334913112164,NA,NA,NA,24,0,0,0,1,2.86334913112164,biomass,"c(-65.867357, 43.665572)",Scotian Shelf,Cold Temperate Northwest Atlantic,Temperate Northern Atlantic,0.15452930728241593,0.08239853614738533,0.08239853614738533,0.08239853614738533,-1.8046665648737523,-2.381644143020758,-2.381644143020758,-2.381644143020758,2014-01-15,2014,2014,6.2360430950047885,Filbee-Dexteretal_et_al._2016 Whitehead Island,4
Gagnon_et_al._2005,"I_le aux
Goe‰lands",1,50.206587,-63.589829,144,2000-06-15,7.5,7.5,7.5,NA,NA,NA,49.5,0,0,0,6,4,49.5,percent_cover,"c(-63.589829, 50.206587)",Gulf of St. Lawrence - Eastern Scotian Shelf,Cold Temperate Northwest Atlantic,Temperate Northern Atlantic,0.4450867052061236,0.4450867052061236,0.4450867052061236,0.4450867052061236,-0.7872673172930279,-0.7872673172930279,-0.7872673172930279,-0.7872673172930279,2000-06-15,2000,2000,-7.7639569049952115,"Gagnon_et_al._2005 I_le aux
Goe‰lands",3
Gagnon_et_al._2005,"I_le aux
Goe‰lands",2,50.206587,-63.589829,144,2001-06-15,7.5,7.5,7.5,NA,NA,NA,52.5,0,0,0,6,4,52.5,percent_cover,"c(-63.589829, 50.206587)",Gulf of St. Lawrence - Eastern Scotian Shelf,Cold Temperate Northwest Atlantic,Temperate Northern Atlantic,0.47206165703679775,0.47206165703679775,0.47206165703679775,0.47206165703679775,-0.7296832539490145,-0.7296832539490145,-0.7296832539490145,-0.7296832539490145,2001-06-15,2001,2001,-6.7639569049952115,"Gagnon_et_al._2005 I_le aux
Goe‰lands",3
Gagnon_et_al._2005,"I_le aux
Goe‰lands",3,50.206587,-63.589829,144,2002-06-15,7.5,7.5,7.5,NA,NA,NA,58,0,0,0,6,4,58,percent_cover,"c(-63.589829, 50.206587)",Gulf of St. Lawrence - Eastern Scotian Shelf,Cold Temperate Northwest Atlantic,Temperate Northern Atlantic,0.5215157353930338,0.5215157353930338,0.5215157353930338,0.5215157353930338,-0.6320224760070766,-0.6320224760070766,-0.6320224760070766,-0.6320224760070766,2002-06-15,2002,2002,-5.7639569049952115,"Gagnon_et_al._2005 I_le aux
Goe‰lands",3
Gagnon_et_al._2005,PetiteI_le au Marteau,1,50.206587,-63.589829,144,2000-06-15,7.5,7.5,7.5,NA,NA,NA,63.5,0,0,0,6,4,63.5,percent_cover,"c(-63.589829, 50.206587)",Gulf of St. Lawrence - Eastern Scotian Shelf,Cold Temperate Northwest Atlantic,Temperate Northern Atlantic,0.5709698137492697,0.5709698137492697,0.5709698137492697,0.5709698137492697,-0.5430564791610882,-0.5430564791610882,-0.5430564791610882,-0.5430564791610882,2000-06-15,2000,2000,-7.7639569049952115,Gagnon_et_al._2005 PetiteI_le au Marteau,3
Gagnon_et_al._2005,PetiteI_le au Marteau,2,50.206587,-63.589829,144,2001-06-15,7.5,7.5,7.5,NA,NA,NA,77,0,0,0,6,4,77,percent_cover,"c(-63.589829, 50.206587)",Gulf of St. Lawrence - Eastern Scotian Shelf,Cold Temperate Northwest Atlantic,Temperate Northern Atlantic,0.6923570969873034,0.6923570969873034,0.6923570969873034,0.6923570969873034,-0.3533133191256675,-0.3533133191256675,-0.3533133191256675,-0.3533133191256675,2001-06-15,2001,2001,-6.7639569049952115,Gagnon_et_al._2005 PetiteI_le au Marteau,3
Gagnon_et_al._2005,PetiteI_le au Marteau,3,50.206587,-63.589829,144,2002-06-15,7.5,7.5,7.5,NA,NA,NA,75,0,0,0,6,4,75,percent_cover,"c(-63.589829, 50.206587)",Gulf of St. Lawrence - Eastern Scotian Shelf,Cold Temperate Northwest Atlantic,Temperate Northern Atlantic,0.674373795766854,0.674373795766854,0.674373795766854,0.674373795766854,-0.3792510255888959,-0.3792510255888959,-0.3792510255888959,-0.3792510255888959,2002-06-15,2002,2002,-5.7639569049952115,Gagnon_et_al._2005 PetiteI_le au Marteau,3
Gagnon_et_al_2004,Firman,1,50.206348,-63.687117,0.5,2000-06-15,4,4,4,NA,37.4,37.4,NA,0,6,6,0,2,37.4,stipe_density,"c(-63.687117, 50.206348)",Gulf of St. Lawrence - Eastern Scotian Shelf,Cold Temperate Northwest Atlantic,Temperate Northern Atlantic,0.39918832231459106,0.15006935416572148,0.15006935416572148,0.15006935416572148,-0.893579783155008,-1.8321480941307302,-1.8321480941307302,-1.8321480941307302,2000-06-15,2000,2000,-7.7639569049952115,Gagnon_et_al_2004 Firman,3
Gagnon_et_al_2004,Firman,2,50.206348,-63.687117,0.5,2001-06-15,4,4,4,NA,7.166666667,7.166666667,NA,0,6,6,0,2,7.166666667,stipe_density,"c(-63.687117, 50.206348)",Gulf of St. Lawrence - Eastern Scotian Shelf,Cold Temperate Northwest Atlantic,Temperate Northern Atlantic,0.07649330597293134,0.0287566053004731,0.0287566053004731,0.0287566053004731,-2.447688255635047,-3.2504540783422806,-3.2504540783422806,-3.2504540783422806,2001-06-15,2001,2001,-6.7639569049952115,Gagnon_et_al_2004 Firman,3
Gagnon_et_al_2004,Firman,3,50.206348,-63.687117,0.5,2002-06-15,4,4,4,NA,11.83333333,11.83333333,NA,0,6,6,0,2,11.83333333,stipe_density,"c(-63.687117, 50.206348)",Gulf of St. Lawrence - Eastern Scotian Shelf,Cold Temperate Northwest Atlantic,Temperate Northern Atlantic,0.12630290051850357,0.04748183664333707,0.04748183664333707,0.04748183664333707,-1.9928756601061952,-2.856286265544542,-2.856286265544542,-2.856286265544542,2002-06-15,2002,2002,-5.7639569049952115,Gagnon_et_al_2004 Firman,3
Gagnon_et_al_2004,Havre,1,50.210766,-63.639106,0.5,2000-06-15,4,4,4,NA,4.166666667,4.166666667,NA,0,6,6,0,2,4.166666667,stipe_density,"c(-63.639106, 50.210766)",Gulf of St. Lawrence - Eastern Scotian Shelf,Cold Temperate Northwest Atlantic,Temperate Northern Atlantic,0.044472852311333126,0.01671895657060239,0.01671895657060239,0.01671895657060239,-2.9100528241451116,-3.6223819815775906,-3.6223819815775906,-3.6223819815775906,2000-06-15,2000,2000,-7.7639569049952115,Gagnon_et_al_2004 Havre,3
Gagnon_et_al_2004,Havre,2,50.210766,-63.639106,0.5,2001-06-15,4,4,4,NA,2.466666667,2.466666667,NA,0,6,6,0,2,2.466666667,stipe_density,"c(-63.639106, 50.210766)",Gulf of St. Lawrence - Eastern Scotian Shelf,Cold Temperate Northwest Atlantic,Temperate Northern Atlantic,0.026327928569760805,0.009897622290342321,0.009897622290342321,0.009897622290342321,-3.3151684514469313,-3.917155037287711,-3.917155037287711,-3.917155037287711,2001-06-15,2001,2001,-6.7639569049952115,Gagnon_et_al_2004 Havre,3
Gagnon_et_al_2004,Havre,3,50.210766,-63.639106,0.5,2002-06-15,4,4,4,NA,1.666666667,1.666666667,NA,0,6,6,0,2,1.666666667,stipe_density,"c(-63.639106, 50.210766)",Gulf of St. Lawrence - Eastern Scotian Shelf,Cold Temperate Northwest Atlantic,Temperate Northern Atlantic,0.01778914092666795,0.006687582629043466,0.006687582629043466,0.006687582629043466,-3.5831099487437594,-4.093090391280761,-4.093090391280761,-4.093090391280761,2002-06-15,2002,2002,-5.7639569049952115,Gagnon_et_al_2004 Havre,3
Keats_et_al._1985,Conception Bay,1,46.666667,-52.833333,0.1,1979-06-15,4,4,4,0.24553333333333335,NA,NA,NA,5,0,0,0,1,0.24553333333333335,biomass,"c(-52.833333, 46.666667)",Northern Grand Banks - Southern Labrador,Arctic,Arctic,0.16459869292340332,0.16459869292340332,0.16459869292340332,0.007065707434052758,-1.7452651217249122,-1.7452651217249122,-1.7452651217249122,-4.070684242220318,1979-06-15,1979,1979,-28.76395690499521,Keats_et_al._1985 Conception Bay,5
Keats_et_al._1985,Conception Bay,2,46.666667,-52.833333,0.1,1980-06-15,4,4,4,0.80836,NA,NA,NA,5,0,0,0,1,0.80836,biomass,"c(-52.833333, 46.666667)",Northern Grand Banks - Southern Labrador,Arctic,Arctic,0.5419019796832567,0.5419019796832567,0.5419019796832567,0.023262158273381295,-0.5943848215105787,-0.5943848215105787,-0.5943848215105787,-3.4033349163611284,1980-06-15,1980,1980,-27.76395690499521,Keats_et_al._1985 Conception Bay,5
Keats_et_al._1985,Conception Bay,3,46.666667,-52.833333,0.1,1981-06-15,4,4,4,1.7297666666666665,NA,NA,NA,5,0,0,0,1,1.7297666666666665,biomass,"c(-52.833333, 46.666667)",Northern Grand Banks - Southern Labrador,Arctic,Arctic,1.1595872891493573,1.1595872891493573,1.1595872891493573,0.049777458033573134,0.15665094226396523,0.15665094226396523,0.15665094226396523,-2.817126645051624,1981-06-15,1981,1981,-26.76395690499521,Keats_et_al._1985 Conception Bay,5
Keats_et_al._1985,Conception Bay,4,46.666667,-52.833333,0.1,1982-06-15,4,4,4,1.937,NA,NA,NA,5,0,0,0,1,1.937,biomass,"c(-52.833333, 46.666667)",Northern Grand Banks - Southern Labrador,Arctic,Arctic,1.298510731167386,1.298510731167386,1.298510731167386,0.05574100719424461,0.2688896440758606,0.2688896440758606,0.2688896440758606,-2.7220323899896117,1982-06-15,1982,1982,-25.76395690499521,Keats_et_al._1985 Conception Bay,5
Keats_et_al._1985,Conception Bay,5,46.666667,-52.833333,0.1,1983-06-15,4,4,4,0.7227333333333332,NA,NA,NA,5,0,0,0,1,0.7227333333333332,biomass,"c(-52.833333, 46.666667)",Northern Grand Banks - Southern Labrador,Arctic,Arctic,0.48450025250681916,0.48450025250681916,0.48450025250681916,0.02079808153477218,-0.704207617288926,-0.704207617288926,-0.704207617288926,-3.4803028787746477,1983-06-15,1983,1983,-24.76395690499521,Keats_et_al._1985 Conception Bay,5
Lambert_et_al._1992,Cape Neddick,1,43.1648931,-70.600532,0.25,1990-06-15,7.5,7.5,7.5,NA,9,9,50.5,0,6,6,6,2,9,stipe_density,"c(-70.600532, 43.1648931)",Gulf of Maine/Bay of Fundy,Cold Temperate Northwest Atlantic,Temperate Northern Atlantic,0.15585006552415565,0.036112946189612125,0.036112946189612125,0.036112946189612125,-1.7966711185083237,-3.0766615399963784,-3.0766615399963784,-3.0766615399963784,1990-06-15,1990,1990,-17.76395690499521,Lambert_et_al._1992 Cape Neddick,6
Lambert_et_al._1992,Cape Neddick,2,43.1648931,-70.600532,0.25,1990-07-15,7.5,7.5,7.5,NA,16,16,98,0,6,6,6,2,16,stipe_density,"c(-70.600532, 43.1648931)",Gulf of Maine/Bay of Fundy,Cold Temperate Northwest Atlantic,Temperate Northern Atlantic,0.2770667831540545,0.0642007932259771,0.0642007932259771,0.0642007932259771,-1.24804039637498,-2.600980438488894,-2.600980438488894,-2.600980438488894,1990-07-15,1990,1990,-17.76395690499521,Lambert_et_al._1992 Cape Neddick,6
Lambert_et_al._1992,Cape Neddick,3,43.1648931,-70.600532,0.25,1990-10-15,7.5,7.5,7.5,NA,2,2,3,0,6,6,6,2,2,stipe_density,"c(-70.600532, 43.1648931)",Gulf of Maine/Bay of Fundy,Cold Temperate Northwest Atlantic,Temperate Northern Atlantic,0.03463334789425681,0.008025099153247138,0.008025099153247138,0.008025099153247138,-3.1092739887188907,-4.015990094952627,-4.015990094952627,-4.015990094952627,1990-10-15,1990,1990,-17.76395690499521,Lambert_et_al._1992 Cape Neddick,6
Lambert_et_al._1992,Cape Neddick,4,43.1648931,-70.600532,0.25,1991-05-15,7.5,7.5,7.5,NA,4,4,29,0,6,6,6,2,4,stipe_density,"c(-70.600532, 43.1648931)",Gulf of Maine/Bay of Fundy,Cold Temperate Northwest Atlantic,Temperate Northern Atlantic,0.06926669578851362,0.016050198306494276,0.016050198306494276,0.016050198306494276,-2.5349372160027968,-3.647729898278367,-3.647729898278367,-3.647729898278367,1991-05-15,1991,1991,-16.76395690499521,Lambert_et_al._1992 Cape Neddick,6
Lambert_et_al._1992,Cape Neddick,5,43.1648931,-70.600532,0.25,1991-06-15,7.5,7.5,7.5,NA,10,10,25.5,0,6,6,6,2,10,stipe_density,"c(-70.600532, 43.1648931)",Gulf of Maine/Bay of Fundy,Cold Temperate Northwest Atlantic,Temperate Northern Atlantic,0.17316673947128405,0.04012549576623569,0.04012549576623569,0.04012549576623569,-1.6973583963292116,-2.993225502806097,-2.993225502806097,-2.993225502806097,1991-06-15,1991,1991,-16.76395690499521,Lambert_et_al._1992 Cape Neddick,6
Lambert_et_al._1992,Cape Neddick,6,43.1648931,-70.600532,0.25,1991-07-15,7.5,7.5,7.5,NA,16,16,22,0,6,6,6,2,16,stipe_density,"c(-70.600532, 43.1648931)",Gulf of Maine/Bay of Fundy,Cold Temperate Northwest Atlantic,Temperate Northern Atlantic,0.2770667831540545,0.0642007932259771,0.0642007932259771,0.0642007932259771,-1.24804039637498,-2.600980438488894,-2.600980438488894,-2.600980438488894,1991-07-15,1991,1991,-16.76395690499521,Lambert_et_al._1992 Cape Neddick,6
O'Brien_et_al._2018,Paddy's Head,1,44.52707,-63.95133,0.25,2005-06-15,8,8,8,NA,11.6048632218844,11.6048632218844,NA,0,54,54,0,2,11.6048632218844,stipe_density,"c(-63.95133, 44.52707)",Scotian Shelf,Cold Temperate Northwest Atlantic,Temperate Northern Atlantic,0.5314288945515364,0.04656508900774668,0.04656508900774668,0.04656508900774668,-0.6135435331641235,-2.8723632860568733,-2.8723632860568733,-2.8723632860568733,2005-06-15,2005,2005,-2.7639569049952115,O'Brien_et_al._2018 Paddy's Head,26
O'Brien_et_al._2018,Paddy's Head,2,44.52707,-63.95133,0.25,2007-06-15,8,8,8,NA,2.41337386018237,2.41337386018237,NA,0,54,54,0,2,2.41337386018237,stipe_density,"c(-63.95133, 44.52707)",Scotian Shelf,Cold Temperate Northwest Atlantic,Temperate Northern Atlantic,0.11051716665110617,0.009683782260909159,0.009683782260909159,0.009683782260909159,-2.115963074363245,-3.927960217769461,-3.927960217769461,-3.927960217769461,2007-06-15,2007,2007,-0.7639569049952115,O'Brien_et_al._2018 Paddy's Head,26
O'Brien_et_al._2018,Paddy's Head,3,44.52707,-63.95133,2.54,2012-06-15,5,5,5,NA,3.04559270516717,3.04559270516717,NA,0,54,54,0,2,3.04559270516717,stipe_density,"c(-63.95133, 44.52707)",Scotian Shelf,Cold Temperate Northwest Atlantic,Temperate Northern Atlantic,0.139468766982882,0.012220591719686359,0.012220591719686359,0.012220591719686359,-1.90066782447995,-3.8067358650763357,-3.8067358650763357,-3.8067358650763357,2012-06-15,2012,2012,4.2360430950047885,O'Brien_et_al._2018 Paddy's Head,26
O'Brien_et_al._2018,Paddy's Head,4,44.52707,-63.95133,2.54,2012-07-15,5,5,5,NA,2.5835866261398106,2.5835866261398106,NA,0,54,54,0,2,2.5835866261398106,stipe_density,"c(-63.95133, 44.52707)",Scotian Shelf,Cold Temperate Northwest Atlantic,Temperate Northern Atlantic,0.11831182827889171,0.010366769422887613,0.010366769422887613,0.010366769422887613,-2.053291819256986,-3.893850656171794,-3.893850656171794,-3.893850656171794,2012-07-15,2012,2012,4.2360430950047885,O'Brien_et_al._2018 Paddy's Head,26
O'Brien_et_al._2018,Paddy's Head,5,44.52707,-63.95133,2.54,2012-08-15,5,5,5,NA,2.34042553191489,2.34042553191489,NA,0,54,54,0,2,2.34042553191489,stipe_density,"c(-63.95133, 44.52707)",Scotian Shelf,Cold Temperate Northwest Atlantic,Temperate Northern Atlantic,0.10717659738205497,0.009391073477204083,0.009391073477204083,0.009391073477204083,-2.144073102818625,-3.9429424488461926,-3.9429424488461926,-3.9429424488461926,2012-08-15,2012,2012,4.2360430950047885,O'Brien_et_al._2018 Paddy's Head,26
O'Brien_et_al._2018,Paddy's Head,6,44.52707,-63.95133,2.54,2012-09-15,5,5,5,NA,0.68693009118541,0.68693009118541,NA,0,54,54,0,2,0.68693009118541,stipe_density,"c(-63.95133, 44.52707)",Scotian Shelf,Cold Temperate Northwest Atlantic,Temperate Northern Atlantic,0.03145702728356422,0.0027563410465560067,0.0027563410465560067,0.0027563410465560067,-3.1830978753757093,-4.361726794023967,-4.361726794023967,-4.361726794023967,2012-09-15,2012,2012,4.2360430950047885,O'Brien_et_al._2018 Paddy's Head,26
O'Brien_et_al._2018,Paddy's Head,7,44.52707,-63.95133,2.54,2012-10-15,5,5,5,NA,0.249240121580547,0.249240121580547,NA,0,54,54,0,2,0.249240121580547,stipe_density,"c(-63.95133, 44.52707)",Scotian Shelf,Cold Temperate Northwest Atlantic,Temperate Northern Atlantic,0.011413611669257815,0.0010000883443256308,0.0010000883443256308,0.0010000883443256308,-3.843728499843206,-4.509851974913687,-4.509851974913687,-4.509851974913687,2012-10-15,2012,2012,4.2360430950047885,O'Brien_et_al._2018 Paddy's Head,26
O'Brien_et_al._2018,Paddy's Head,8,44.52707,-63.95133,2.54,2012-12-15,5,5,5,NA,0.103343465045593,0.103343465045593,NA,0,54,54,0,2,0.103343465045593,stipe_density,"c(-63.95133, 44.52707)",Scotian Shelf,Cold Temperate Northwest Atlantic,Temperate Northern Atlantic,0.004732473131155695,4.146707769155068e-4,4.146707769155068e-4,4.146707769155068e-4,-4.217701165034239,-4.56453981524261,-4.56453981524261,-4.56453981524261,2012-12-15,2012,2012,4.2360430950047885,O'Brien_et_al._2018 Paddy's Head,26
O'Brien_et_al._2018,Paddy's Head,9,44.52707,-63.95133,2.54,2013-03-15,5,5,5,NA,0.37082066869301,0.37082066869301,NA,0,54,54,0,2,0.37082066869301,stipe_density,"c(-63.95133, 44.52707)",Scotian Shelf,Cold Temperate Northwest Atlantic,Temperate Northern Atlantic,0.016981227117676308,0.001487936317167406,0.001487936317167406,0.001487936317167406,-3.612613946743262,-4.466457810113691,-4.466457810113691,-4.466457810113691,2013-03-15,2013,2013,5.2360430950047885,O'Brien_et_al._2018 Paddy's Head,26
O'Brien_et_al._2018,Paddy's Head,10,44.52707,-63.95133,2.54,2013-05-15,5,5,5,NA,0.613981762917933,0.613981762917933,NA,0,54,54,0,2,0.613981762917933,stipe_density,"c(-63.95133, 44.52707)",Scotian Shelf,Cold Temperate Northwest Atlantic,Temperate Northern Atlantic,0.028116458014513162,0.002463632262850945,0.002463632262850945,0.002463632262850945,-3.2671091212363215,-4.384940294232275,-4.384940294232275,-4.384940294232275,2013-05-15,2013,2013,5.2360430950047885,O'Brien_et_al._2018 Paddy's Head,26
O'Brien_et_al._2018,Paddy's Head,11,44.52707,-63.95133,2.54,2013-07-15,5,5,5,NA,0.273556231003042,0.273556231003042,NA,0,54,54,0,2,0.273556231003042,stipe_density,"c(-63.95133, 44.52707)",Scotian Shelf,Cold Temperate Northwest Atlantic,Temperate Northern Atlantic,0.012527134758941622,0.0010976579388939955,0.0010976579388939955,0.0010976579388939955,-3.793034707106408,-4.501021189422778,-4.501021189422778,-4.501021189422778,2013-07-15,2013,2013,5.2360430950047885,O'Brien_et_al._2018 Paddy's Head,26
O'Brien_et_al._2018,Paddy's Head,12,44.52707,-63.95133,2.54,2013-09-15,5,5,5,NA,0.12765957446808401,0.12765957446808401,NA,0,54,54,0,2,0.12765957446808401,stipe_density,"c(-63.95133, 44.52707)",Scotian Shelf,Cold Temperate Northwest Atlantic,Temperate Northern Atlantic,0.005845996220839321,5.122403714838556e-4,5.122403714838556e-4,5.122403714838556e-4,-4.1448384149321535,-4.555214951112059,-4.555214951112059,-4.555214951112059,2013-09-15,2013,2013,5.2360430950047885,O'Brien_et_al._2018 Paddy's Head,26
O'Brien_et_al._2018,Paddy's Head,13,44.52707,-63.95133,2.54,2014-02-15,5,5,5,NA,0.27355623100304,0.27355623100304,NA,0,54,54,0,2,0.27355623100304,stipe_density,"c(-63.95133, 44.52707)",Scotian Shelf,Cold Temperate Northwest Atlantic,Temperate Northern Atlantic,0.012527134758941532,0.0010976579388939874,0.0010976579388939874,0.0010976579388939874,-3.793034707106412,-4.5010211894227785,-4.5010211894227785,-4.5010211894227785,2014-02-15,2014,2014,6.2360430950047885,O'Brien_et_al._2018 Paddy's Head,26
O'Brien_et_al._2018,Paddy's Head,14,44.52707,-63.95133,2.54,2014-05-15,5,5,5,NA,0.541033434650456,0.541033434650456,NA,0,54,54,0,2,0.541033434650456,stipe_density,"c(-63.95133, 44.52707)",Scotian Shelf,Cold Temperate Northwest Atlantic,Temperate Northern Atlantic,0.024775888745462098,0.0021709234791458826,0.0021709234791458826,0.0021709234791458826,-3.3588309844765716,-4.408705493255494,-4.408705493255494,-4.408705493255494,2014-05-15,2014,2014,6.2360430950047885,O'Brien_et_al._2018 Paddy's Head,26
O'Brien_et_al._2018,Paddy's Head,15,44.52707,-63.95133,2.54,2014-07-15,5,5,5,NA,0.8814589665653468,0.8814589665653468,NA,0,54,54,0,2,0.8814589665653468,stipe_density,"c(-63.95133, 44.52707)",Scotian Shelf,Cold Temperate Northwest Atlantic,Temperate Northern Atlantic,0.04036521200103363,0.0035368978031028314,0.0035368978031028314,0.0035368978031028314,-2.9884545803035167,-4.302336151256433,-4.302336151256433,-4.302336151256433,2014-07-15,2014,2014,6.2360430950047885,O'Brien_et_al._2018 Paddy's Head,26
O'Brien_et_al._2018,Paddy's Head,16,44.52707,-63.95133,2.54,2014-09-15,5,5,5,NA,0.224924012158056,0.224924012158056,NA,0,54,54,0,2,0.224924012158056,stipe_density,"c(-63.95133, 44.52707)",Scotian Shelf,Cold Temperate Northwest Atlantic,Temperate Northern Atlantic,0.010300088579574188,9.025187497572821e-4,9.025187497572821e-4,9.025187497572821e-4,-3.8971300294180935,-4.518761438482055,-4.518761438482055,-4.518761438482055,2014-09-15,2014,2014,6.2360430950047885,O'Brien_et_al._2018 Paddy's Head,26
O'Brien_et_al._2018,Paddy's Head,17,44.52707,-63.95133,2.54,2014-11-15,5,5,5,NA,0.0547112462006076,0.0547112462006076,NA,0,54,54,0,2,0.0547112462006076,stipe_density,"c(-63.95133, 44.52707)",Scotian Shelf,Cold Temperate Northwest Atlantic,Temperate Northern Atlantic,0.0025054269517882878,2.1953158777879587e-4,2.1953158777879587e-4,2.1953158777879587e-4,-4.3815925727493275,-4.583454528155294,-4.583454528155294,-4.583454528155294,2014-11-15,2014,2014,6.2360430950047885,O'Brien_et_al._2018 Paddy's Head,26
O'Brien_et_al._2018,Paddy's Head,18,44.52707,-63.95133,2.54,2015-03-15,5,5,5,NA,0.711246200607903,0.711246200607903,NA,0,54,54,0,2,0.711246200607903,stipe_density,"c(-63.95133, 44.52707)",Scotian Shelf,Cold Temperate Northwest Atlantic,Temperate Northern Atlantic,0.032570550373247936,0.0028539106411243635,0.0028539106411243635,0.0028539106411243635,-3.1565925705611466,-4.3541071838913155,-4.3541071838913155,-4.3541071838913155,2015-03-15,2015,2015,7.2360430950047885,O'Brien_et_al._2018 Paddy's Head,26
O'Brien_et_al._2018,Paddy's Head,19,44.52707,-63.95133,2.54,2015-05-15,5,5,5,NA,1.46504559270516,1.46504559270516,NA,0,54,54,0,2,1.46504559270516,stipe_density,"c(-63.95133, 44.52707)",Scotian Shelf,Cold Temperate Northwest Atlantic,Temperate Northern Atlantic,0.06708976615344198,0.0058785680727433155,0.0058785680727433155,0.0058785680727433155,-2.562784741938294,-4.142784998970468,-4.142784998970468,-4.142784998970468,2015-05-15,2015,2015,7.2360430950047885,O'Brien_et_al._2018 Paddy's Head,26
O'Brien_et_al._2018,Paddy's Head,20,44.52707,-63.95133,2.54,2015-07-15,5,5,5,NA,1.58662613981762,1.58662613981762,NA,0,54,54,0,2,1.58662613981762,stipe_density,"c(-63.95133, 44.52707)",Scotian Shelf,Cold Temperate Northwest Atlantic,Temperate Northern Atlantic,0.07265738160186033,0.006366416045585079,0.006366416045585079,0.006366416045585079,-2.493051147125888,-4.112523845864057,-4.112523845864057,-4.112523845864057,2015-07-15,2015,2015,7.2360430950047885,O'Brien_et_al._2018 Paddy's Head,26
O'Brien_et_al._2018,Paddy's Head,21,44.52707,-63.95133,2.54,2015-10-15,5,5,5,NA,0.0790273556231007,0.0790273556231007,NA,0,54,54,0,2,0.0790273556231007,stipe_density,"c(-63.95133, 44.52707)",Scotian Shelf,Cold Temperate Northwest Atlantic,Temperate Northern Atlantic,0.00361895004147201,3.17101182347153e-4,3.17101182347153e-4,3.17101182347153e-4,-4.296293070698395,-4.573952451570015,-4.573952451570015,-4.573952451570015,2015-10-15,2015,2015,7.2360430950047885,O'Brien_et_al._2018 Paddy's Head,26
O'Brien_et_al._2018,Paddy's Head,22,44.52707,-63.9513299999999,2.54,2016-03-15,5,5,5,NA,0.12765957446808401,0.12765957446808401,NA,0,54,54,0,2,0.12765957446808401,stipe_density,"c(-63.9513299999999, 44.52707)",Scotian Shelf,Cold Temperate Northwest Atlantic,Temperate Northern Atlantic,0.005845996220839321,5.122403714838556e-4,5.122403714838556e-4,5.122403714838556e-4,-4.1448384149321535,-4.555214951112059,-4.555214951112059,-4.555214951112059,2016-03-15,2016,2016,8.236043095004788,O'Brien_et_al._2018 Paddy's Head,26
O'Brien_et_al._2018,Paddy's Head,23,44.52707,-63.9513299999999,2.54,2016-05-15,5,5,5,NA,1.56231003039513,1.56231003039513,NA,0,54,54,0,2,1.56231003039513,stipe_density,"c(-63.9513299999999, 44.52707)",Scotian Shelf,Cold Temperate Northwest Atlantic,Temperate Northern Atlantic,0.07154385851217676,0.006268846451016735,0.006268846451016735,0.006268846451016735,-2.506614262227695,-4.1185032606324885,-4.1185032606324885,-4.1185032606324885,2016-05-15,2016,2016,8.236043095004788,O'Brien_et_al._2018 Paddy's Head,26
O'Brien_et_al._2018,Paddy's Head,24,44.52707,-63.9513299999999,2.54,2016-09-15,5,5,5,NA,0.224924012158056,0.224924012158056,NA,0,54,54,0,2,0.224924012158056,stipe_density,"c(-63.9513299999999, 44.52707)",Scotian Shelf,Cold Temperate Northwest Atlantic,Temperate Northern Atlantic,0.010300088579574188,9.025187497572821e-4,9.025187497572821e-4,9.025187497572821e-4,-3.8971300294180935,-4.518761438482055,-4.518761438482055,-4.518761438482055,2016-09-15,2016,2016,8.236043095004788,O'Brien_et_al._2018 Paddy's Head,26
O'Brien_et_al._2018,Paddy's Head,25,44.52707,-63.9513299999999,2.54,2017-07-15,5,5,5,NA,5.20972644376899,5.20972644376899,NA,0,54,54,0,2,5.20972644376899,stipe_density,"c(-63.9513299999999, 44.52707)",Scotian Shelf,Cold Temperate Northwest Atlantic,Temperate Northern Atlantic,0.23857232196473022,0.020904285636269875,0.020904285636269875,0.020904285636269875,-1.3920214417243508,-3.4768604109651067,-3.4768604109651067,-3.4768604109651067,2017-07-15,2017,2017,9.236043095004788,O'Brien_et_al._2018 Paddy's Head,26
O'Brien_et_al._2018,Paddy's Head,26,44.52707,-63.9513299999999,2.54,2017-11-15,5,5,5,NA,0.249240121580547,0.249240121580547,NA,0,54,54,0,2,0.249240121580547,stipe_density,"c(-63.9513299999999, 44.52707)",Scotian Shelf,Cold Temperate Northwest Atlantic,Temperate Northern Atlantic,0.011413611669257815,0.0010000883443256308,0.0010000883443256308,0.0010000883443256308,-3.843728499843206,-4.509851974913687,-4.509851974913687,-4.509851974913687,2017-11-15,2017,2017,9.236043095004788,O'Brien_et_al._2018 Paddy's Head,26
O'Brien_et_al._2018,The Lodge,1,44.55818,-64.02488,0.25,2005-06-15,8,8,8,NA,22.3652173913043,22.3652173913043,NA,0,54,54,0,2,22.3652173913043,stipe_density,"c(-64.02488, 44.55818)",Scotian Shelf,Cold Temperate Northwest Atlantic,Temperate Northern Atlantic,1.0241846480578913,0.08974154357457215,0.08974154357457215,0.08974154357457215,0.033613336601668486,-2.3051730030006343,-2.3051730030006343,-2.3051730030006343,2005-06-15,2005,2005,-2.7639569049952115,O'Brien_et_al._2018 The Lodge,28
O'Brien_et_al._2018,The Lodge,2,44.55818,-64.02488,0.25,2007-06-15,8,8,8,NA,7.617391304347821,7.617391304347821,NA,0,54,54,0,2,7.617391304347821,stipe_density,"c(-64.02488, 44.55818)",Scotian Shelf,Cold Temperate Northwest Atlantic,Temperate Northern Atlantic,0.34882805275999773,0.030565160253236908,0.030565160253236908,0.030565160253236908,-1.0249119669039535,-3.204845702613221,-3.204845702613221,-3.204845702613221,2007-06-15,2007,2007,-0.7639569049952115,O'Brien_et_al._2018 The Lodge,28
O'Brien_et_al._2018,The Lodge,3,44.55818,-64.02488,1,2009-07-15,8.5,8.5,8.5,NA,20.347826086956495,20.347826086956495,NA,0,54,54,0,2,20.347826086956495,stipe_density,"c(-64.02488, 44.55818)",Scotian Shelf,Cold Temperate Northwest Atlantic,Temperate Northern Atlantic,0.931800962852048,0.0816466609504273,0.0816466609504273,0.0816466609504273,-0.05996131882021324,-2.3898147379795582,-2.3898147379795582,-2.3898147379795582,2009-07-15,2009,2009,1.2360430950047885,O'Brien_et_al._2018 The Lodge,28
O'Brien_et_al._2018,The Lodge,4,44.55818,-64.02488,1,2010-06-15,7.5,7.5,7.5,NA,19.2347826086956,19.2347826086956,NA,0,54,54,0,2,19.2347826086956,stipe_density,"c(-64.02488, 44.55818)",Scotian Shelf,Cold Temperate Northwest Atlantic,Temperate Northern Atlantic,0.8808306537729604,0.07718051881296792,0.07718051881296792,0.07718051881296792,-0.11560093268115255,-2.439774381134678,-2.439774381134678,-2.439774381134678,2010-06-15,2010,2010,2.2360430950047885,O'Brien_et_al._2018 The Lodge,28
O'Brien_et_al._2018,The Lodge,5,44.55818,-64.02488,2.54,2012-06-15,8.5,8.5,8.5,NA,1.70434782608696,1.70434782608696,NA,0,54,54,0,2,1.70434782608696,stipe_density,"c(-64.02488, 44.55818)",Scotian Shelf,Cold Temperate Northwest Atlantic,Temperate Northern Atlantic,0.0780482857773513,0.006838780147984532,0.006838780147984532,0.006838780147984532,-2.429869912970482,-4.084070710559837,-4.084070710559837,-4.084070710559837,2012-06-15,2012,2012,4.2360430950047885,O'Brien_et_al._2018 The Lodge,28
O'Brien_et_al._2018,The Lodge,6,44.55818,-64.02488,2.54,2012-07-15,8.5,8.5,8.5,NA,2.05217391304347,2.05217391304347,NA,0,54,54,0,2,2.05217391304347,stipe_density,"c(-64.02488, 44.55818)",Scotian Shelf,Cold Temperate Northwest Atlantic,Temperate Northern Atlantic,0.09397650736456528,0.00823444956594051,0.00823444956594051,0.00823444956594051,-2.263590296083251,-4.004442640757537,-4.004442640757537,-4.004442640757537,2012-07-15,2012,2012,4.2360430950047885,O'Brien_et_al._2018 The Lodge,28
O'Brien_et_al._2018,The Lodge,7,44.55818,-64.02488,2.54,2012-08-15,8.5,8.5,8.5,NA,1.70434782608696,1.70434782608696,NA,0,54,54,0,2,1.70434782608696,stipe_density,"c(-64.02488, 44.55818)",Scotian Shelf,Cold Temperate Northwest Atlantic,Temperate Northern Atlantic,0.0780482857773513,0.006838780147984532,0.006838780147984532,0.006838780147984532,-2.429869912970482,-4.084070710559837,-4.084070710559837,-4.084070710559837,2012-08-15,2012,2012,4.2360430950047885,O'Brien_et_al._2018 The Lodge,28
O'Brien_et_al._2018,The Lodge,8,44.55818,-64.02488,2.54,2012-09-15,8.5,8.5,8.5,NA,1.91304347826087,1.91304347826087,NA,0,54,54,0,2,1.91304347826087,stipe_density,"c(-64.02488, 44.55818)",Scotian Shelf,Cold Temperate Northwest Atlantic,Temperate Northern Atlantic,0.08760521872967987,0.007676181798758134,0.007676181798758134,0.007676181798758134,-2.326824316401609,-4.035537206704409,-4.035537206704409,-4.035537206704409,2012-09-15,2012,2012,4.2360430950047885,O'Brien_et_al._2018 The Lodge,28
O'Brien_et_al._2018,The Lodge,9,44.55818,-64.02488,2.54,2012-10-15,8.5,8.5,8.5,NA,1.56521739130434,1.56521739130434,NA,0,54,54,0,2,1.56521739130434,stipe_density,"c(-64.02488, 44.55818)",Scotian Shelf,Cold Temperate Northwest Atlantic,Temperate Northern Atlantic,0.07167699714246496,0.006280512380802077,0.006280512380802077,0.006280512380802077,-2.5049828694833964,-4.117786445880768,-4.117786445880768,-4.117786445880768,2012-10-15,2012,2012,4.2360430950047885,O'Brien_et_al._2018 The Lodge,28
O'Brien_et_al._2018,The Lodge,10,44.55818,-64.02488,2.54,2012-11-15,8.5,8.5,8.5,NA,1.14782608695652,1.14782608695652,NA,0,54,54,0,2,1.14782608695652,stipe_density,"c(-64.02488, 44.55818)",Scotian Shelf,Cold Temperate Northwest Atlantic,Temperate Northern Atlantic,0.05256313123780783,0.004605709079254872,0.004605709079254872,0.004605709079254872,-2.7715791322423886,-4.226342793875581,-4.226342793875581,-4.226342793875581,2012-11-15,2012,2012,4.2360430950047885,O'Brien_et_al._2018 The Lodge,28
O'Brien_et_al._2018,The Lodge,11,44.55818,-64.02488,2.54,2013-04-15,8.5,8.5,8.5,NA,1.84347826086956,1.84347826086956,NA,0,54,54,0,2,1.84347826086956,stipe_density,"c(-64.02488, 44.55818)",Scotian Shelf,Cold Temperate Northwest Atlantic,Temperate Northern Atlantic,0.0844195744122367,0.007397047915166906,0.007397047915166906,0.007397047915166906,-2.3600068712641495,-4.051454747203427,-4.051454747203427,-4.051454747203427,2013-04-15,2013,2013,5.2360430950047885,O'Brien_et_al._2018 The Lodge,28
O'Brien_et_al._2018,The Lodge,12,44.55818,-64.02488,2.54,2013-07-15,8.5,8.5,8.5,NA,2.26086956521739,2.26086956521739,NA,0,54,54,0,2,2.26086956521739,stipe_density,"c(-64.02488, 44.55818)",Scotian Shelf,Cold Temperate Northwest Atlantic,Temperate Northern Atlantic,0.10353344031689429,0.00907185121671415,0.00907185121671415,0.00907185121671415,-2.1756578571124057,-3.9595417892666784,-3.9595417892666784,-3.9595417892666784,2013-07-15,2013,2013,5.2360430950047885,O'Brien_et_al._2018 The Lodge,28
O'Brien_et_al._2018,The Lodge,13,44.55818,-64.02488,2.54,2013-09-15,8.5,8.5,8.5,NA,1.91304347826087,1.91304347826087,NA,0,54,54,0,2,1.91304347826087,stipe_density,"c(-64.02488, 44.55818)",Scotian Shelf,Cold Temperate Northwest Atlantic,Temperate Northern Atlantic,0.08760521872967987,0.007676181798758134,0.007676181798758134,0.007676181798758134,-2.326824316401609,-4.035537206704409,-4.035537206704409,-4.035537206704409,2013-09-15,2013,2013,5.2360430950047885,O'Brien_et_al._2018 The Lodge,28
O'Brien_et_al._2018,The Lodge,14,44.55818,-64.02488,2.54,2013-11-15,8.5,8.5,8.5,NA,1.91304347826087,1.91304347826087,NA,0,54,54,0,2,1.91304347826087,stipe_density,"c(-64.02488, 44.55818)",Scotian Shelf,Cold Temperate Northwest Atlantic,Temperate Northern Atlantic,0.08760521872967987,0.007676181798758134,0.007676181798758134,0.007676181798758134,-2.326824316401609,-4.035537206704409,-4.035537206704409,-4.035537206704409,2013-11-15,2013,2013,5.2360430950047885,O'Brien_et_al._2018 The Lodge,28
O'Brien_et_al._2018,The Lodge,15,44.55818,-64.02488,2.54,2014-04-15,8.5,8.5,8.5,NA,2.26086956521739,2.26086956521739,NA,0,54,54,0,2,2.26086956521739,stipe_density,"c(-64.02488, 44.55818)",Scotian Shelf,Cold Temperate Northwest Atlantic,Temperate Northern Atlantic,0.10353344031689429,0.00907185121671415,0.00907185121671415,0.00907185121671415,-2.1756578571124057,-3.9595417892666784,-3.9595417892666784,-3.9595417892666784,2014-04-15,2014,2014,6.2360430950047885,O'Brien_et_al._2018 The Lodge,28
O'Brien_et_al._2018,The Lodge,16,44.55818,-64.02488,2.54,2014-06-15,8.5,8.5,8.5,NA,3.02608695652173,3.02608695652173,NA,0,54,54,0,2,3.02608695652173,stipe_density,"c(-64.02488, 44.55818)",Scotian Shelf,Cold Temperate Northwest Atlantic,Temperate Northern Atlantic,0.1385755278087659,0.012142323936217373,0.012142323936217373,0.012142323936217373,-1.9066618452621176,-3.8102643917079995,-3.8102643917079995,-3.8102643917079995,2014-06-15,2014,2014,6.2360430950047885,O'Brien_et_al._2018 The Lodge,28
O'Brien_et_al._2018,The Lodge,17,44.55818,-64.02488,2.54,2014-08-15,8.5,8.5,8.5,NA,2.88695652173913,2.88695652173913,NA,0,54,54,0,2,2.88695652173913,stipe_density,"c(-64.02488, 44.55818)",Scotian Shelf,Cold Temperate Northwest Atlantic,Temperate Northern Atlantic,0.1322042391738805,0.011584056169034998,0.011584056169034998,0.011584056169034998,-1.9504909507079753,-3.8358003771741727,-3.8358003771741727,-3.8358003771741727,2014-08-15,2014,2014,6.2360430950047885,O'Brien_et_al._2018 The Lodge,28
O'Brien_et_al._2018,The Lodge,18,44.55818,-64.02488,2.54,2014-10-15,8.5,8.5,8.5,NA,2.19130434782608,2.19130434782608,NA,0,54,54,0,2,2.19130434782608,stipe_density,"c(-64.02488, 44.55818)",Scotian Shelf,Cold Temperate Northwest Atlantic,Temperate Northern Atlantic,0.10034779599945115,0.008792717333122924,0.008792717333122924,0.008792717333122924,-2.204118119297599,-3.9742858600933757,-3.9742858600933757,-3.9742858600933757,2014-10-15,2014,2014,6.2360430950047885,O'Brien_et_al._2018 The Lodge,28
O'Brien_et_al._2018,The Lodge,19,44.55818,-64.02488,2.54,2015-05-15,8.5,8.5,8.5,NA,5.87826086956521,5.87826086956521,NA,0,54,54,0,2,5.87826086956521,stipe_density,"c(-64.02488, 44.55818)",Scotian Shelf,Cold Temperate Northwest Atlantic,Temperate Northern Atlantic,0.269186944823925,0.023586813163456778,0.023586813163456778,0.023586813163456778,-1.275873668413796,-3.3936217544209795,-3.3936217544209795,-3.3936217544209795,2015-05-15,2015,2015,7.2360430950047885,O'Brien_et_al._2018 The Lodge,28
O'Brien_et_al._2018,The Lodge,20,44.55818,-64.02488,2.54,2015-08-15,8.5,8.5,8.5,NA,6.50434782608695,6.50434782608695,NA,0,54,54,0,2,6.50434782608695,stipe_density,"c(-64.02488, 44.55818)",Scotian Shelf,Cold Temperate Northwest Atlantic,Temperate Northern Atlantic,0.29785774368091117,0.026099018115777625,0.026099018115777625,0.026099018115777625,-1.1781174738697766,-3.3214896130221314,-3.3214896130221314,-3.3214896130221314,2015-08-15,2015,2015,7.2360430950047885,O'Brien_et_al._2018 The Lodge,28
O'Brien_et_al._2018,The Lodge,21,44.55818,-64.02488,2.54,2015-10-15,8.5,8.5,8.5,NA,5.80869565217391,5.80869565217391,NA,0,54,54,0,2,5.80869565217391,stipe_density,"c(-64.02488, 44.55818)",Scotian Shelf,Cold Temperate Northwest Atlantic,Temperate Northern Atlantic,0.2660013005064823,0.02330767927986559,0.02330767927986559,0.02330767927986559,-1.28734970129608,-3.4019672995769357,-3.4019672995769357,-3.4019672995769357,2015-10-15,2015,2015,7.2360430950047885,O'Brien_et_al._2018 The Lodge,28
O'Brien_et_al._2018,The Lodge,22,44.55818,-64.02488,2.54,2016-06-15,8.5,8.5,8.5,NA,8.79999999999999,8.79999999999999,NA,0,54,54,0,2,8.79999999999999,stipe_density,"c(-64.02488, 44.55818)",Scotian Shelf,Cold Temperate Northwest Atlantic,Temperate Northern Atlantic,0.40298400615652685,0.03531043627428737,0.03531043627428737,0.03531043627428737,-0.8843464127842279,-3.0942178916960055,-3.0942178916960055,-3.0942178916960055,2016-06-15,2016,2016,8.236043095004788,O'Brien_et_al._2018 The Lodge,28
O'Brien_et_al._2018,The Lodge,23,44.55818,-64.02488,2.54,2016-10-15,8.5,8.5,8.5,NA,4.90434782608695,4.90434782608695,NA,0,54,54,0,2,4.90434782608695,stipe_density,"c(-64.02488, 44.55818)",Scotian Shelf,Cold Temperate Northwest Atlantic,Temperate Northern Atlantic,0.2245879243797244,0.019678938793179914,0.019678938793179914,0.019678938793179914,-1.4499248173197605,-3.517317616268949,-3.517317616268949,-3.517317616268949,2016-10-15,2016,2016,8.236043095004788,O'Brien_et_al._2018 The Lodge,28
O'Brien_et_al._2018,The Lodge,24,44.55818,-64.02488,2.54,2016-11-15,8.5,8.5,8.5,NA,4.20869565217391,4.20869565217391,NA,0,54,54,0,2,4.20869565217391,stipe_density,"c(-64.02488, 44.55818)",Scotian Shelf,Cold Temperate Northwest Atlantic,Temperate Northern Atlantic,0.19273148120529554,0.01688759995726788,0.01688759995726788,0.01688759995726788,-1.5958729282331818,-3.6160900667841203,-3.6160900667841203,-3.6160900667841203,2016-11-15,2016,2016,8.236043095004788,O'Brien_et_al._2018 The Lodge,28
O'Brien_et_al._2018,The Lodge,25,44.55818,-64.02488,2.54,2016-12-15,8.5,8.5,8.5,NA,2.81739130434782,2.81739130434782,NA,0,54,54,0,2,2.81739130434782,stipe_density,"c(-64.02488, 44.55818)",Scotian Shelf,Cold Temperate Northwest Atlantic,Temperate Northern Atlantic,0.12901859485643732,0.011304922285443771,0.011304922285443771,0.011304922285443771,-1.9731475788530568,-3.848817139751359,-3.848817139751359,-3.848817139751359,2016-12-15,2016,2016,8.236043095004788,O'Brien_et_al._2018 The Lodge,28
O'Brien_et_al._2018,The Lodge,26,44.55818,-64.02488,2.54,2017-04-15,8.5,8.5,8.5,NA,1.63478260869564,1.63478260869564,NA,0,54,54,0,2,1.63478260869564,stipe_density,"c(-64.02488, 44.55818)",Scotian Shelf,Cold Temperate Northwest Atlantic,Temperate Northern Atlantic,0.07486264145990768,0.006559646264393265,0.006559646264393265,0.006559646264393265,-2.4667213124250473,-4.100786491098987,-4.100786491098987,-4.100786491098987,2017-04-15,2017,2017,9.236043095004788,O'Brien_et_al._2018 The Lodge,28
O'Brien_et_al._2018,The Lodge,27,44.55818,-64.02488,2.54,2017-08-15,8.5,8.5,8.5,NA,2.5391304347826,2.5391304347826,NA,0,54,54,0,2,2.5391304347826,stipe_density,"c(-64.02488, 44.55818)",Scotian Shelf,Cold Temperate Northwest Atlantic,Temperate Northern Atlantic,0.11627601758666557,0.010188386751078941,0.010188386751078941,0.010188386751078941,-2.0692851521638316,-3.902647753213929,-3.902647753213929,-3.902647753213929,2017-08-15,2017,2017,9.236043095004788,O'Brien_et_al._2018 The Lodge,28
O'Brien_et_al._2018,The Lodge,28,44.55818,-64.02488,2.54,2017-12-15,8.5,8.5,8.5,NA,0.660869565217386,0.660869565217386,NA,0,54,54,0,2,0.660869565217386,stipe_density,"c(-64.02488, 44.55818)",Scotian Shelf,Cold Temperate Northwest Atlantic,Temperate Northern Atlantic,0.030263621015707343,0.002651771894116425,0.002651771894116425,0.002651771894116425,-3.2123069220372917,-4.36995800293645,-4.36995800293645,-4.36995800293645,2017-12-15,2017,2017,9.236043095004788,O'Brien_et_al._2018 The Lodge,28
Siddon_&_Witman_2003,Exposed,1,42.502633,-70.774833,0.25,1997-06-15,10,5,1.5,NA,63.62,63.62,NA,0,9,9,0,2,63.62,stipe_density,"c(-70.774833, 42.502633)",Gulf of Maine/Bay of Fundy,Cold Temperate Northwest Atlantic,Temperate Northern Atlantic,1.101686796516309,0.25527840406479146,0.25527840406479146,0.25527840406479146,0.10587849834630571,-1.3269754230937456,-1.3269754230937456,-1.3269754230937456,1997-06-15,1997,1997,-10.763956904995212,Siddon_&_Witman_2003 Exposed,5
Siddon_&_Witman_2003,Exposed,2,42.502633,-70.774833,0.25,1997-10-15,10,5,1.5,NA,63.62,63.62,NA,0,9,9,0,2,63.62,stipe_density,"c(-70.774833, 42.502633)",Gulf of Maine/Bay of Fundy,Cold Temperate Northwest Atlantic,Temperate Northern Atlantic,1.101686796516309,0.25527840406479146,0.25527840406479146,0.25527840406479146,0.10587849834630571,-1.3269754230937456,-1.3269754230937456,-1.3269754230937456,1997-10-15,1997,1997,-10.763956904995212,Siddon_&_Witman_2003 Exposed,5
Siddon_&_Witman_2003,Exposed,3,42.502633,-70.774833,0.25,2000-06-15,10,5,1.5,NA,11.959999999999999,11.959999999999999,NA,0,9,9,0,2,11.959999999999999,stipe_density,"c(-70.774833, 42.502633)",Gulf of Maine/Bay of Fundy,Cold Temperate Northwest Atlantic,Temperate Northern Atlantic,0.2071074204076557,0.047990092936417886,0.047990092936417886,0.047990092936417886,-1.5273630230060207,-2.847483094466724,-2.847483094466724,-2.847483094466724,2000-06-15,2000,2000,-7.7639569049952115,Siddon_&_Witman_2003 Exposed,5
Siddon_&_Witman_2003,Exposed,4,42.502633,-70.774833,0.25,2000-10-15,3,3,3,NA,26.7,26.7,NA,0,9,9,0,2,26.7,stipe_density,"c(-70.774833, 42.502633)",Gulf of Maine/Bay of Fundy,Cold Temperate Northwest Atlantic,Temperate Northern Atlantic,0.4623551943883284,0.10713507369584929,0.10713507369584929,0.10713507369584929,-0.7500240459219265,-2.144427534046479,-2.144427534046479,-2.144427534046479,2000-10-15,2000,2000,-7.7639569049952115,Siddon_&_Witman_2003 Exposed,5
Siddon_&_Witman_2003,Exposed,5,42.502633,-70.774833,0.25,2000-11-15,10,5.5,1.5,NA,8.275000000000002,8.275000000000002,NA,0,9,9,0,2,8.275000000000002,stipe_density,"c(-70.774833, 42.502633)",Gulf of Maine/Bay of Fundy,Cold Temperate Northwest Atlantic,Temperate Northern Atlantic,0.1432954769124876,0.033203847746560045,0.033203847746560045,0.033203847746560045,-1.8753879983505535,-3.1418257194910013,-3.1418257194910013,-3.1418257194910013,2000-11-15,2000,2000,-7.7639569049952115,Siddon_&_Witman_2003 Exposed,5
Siddon_&_Witman_2003,Protected,1,42.502633,-70.774833,0.25,1997-06-15,10,5,1.5,NA,0,0,NA,0,9,9,0,2,0,stipe_density,"c(-70.774833, 42.502633)",Gulf of Maine/Bay of Fundy,Cold Temperate Northwest Atlantic,Temperate Northern Atlantic,0,0,0,0,-4.605170185988091,-4.605170185988091,-4.605170185988091,-4.605170185988091,1997-06-15,1997,1997,-10.763956904995212,Siddon_&_Witman_2003 Protected,4
Siddon_&_Witman_2003,Protected,2,42.502633,-70.774833,0.25,1997-10-15,10,5,1.5,NA,0,0,NA,0,9,9,0,2,0,stipe_density,"c(-70.774833, 42.502633)",Gulf of Maine/Bay of Fundy,Cold Temperate Northwest Atlantic,Temperate Northern Atlantic,0,0,0,0,-4.605170185988091,-4.605170185988091,-4.605170185988091,-4.605170185988091,1997-10-15,1997,1997,-10.763956904995212,Siddon_&_Witman_2003 Protected,4
Siddon_&_Witman_2003,Protected,3,42.502633,-70.774833,0.25,2000-06-15,10,4.98,1.4,NA,0.76,0.76,NA,0,9,9,0,2,0.76,stipe_density,"c(-70.774833, 42.502633)",Gulf of Maine/Bay of Fundy,Cold Temperate Northwest Atlantic,Temperate Northern Atlantic,0.013160672199817588,0.0030495376782339128,0.0030495376782339128,0.0030495376782339128,-3.7652996025267917,-4.33900257279624,-4.33900257279624,-4.33900257279624,2000-06-15,2000,2000,-7.7639569049952115,Siddon_&_Witman_2003 Protected,4
Siddon_&_Witman_2003,Protected,4,42.502633,-70.774833,0.25,2000-11-15,10,4.98,1.4,NA,0.76,0.76,NA,0,9,9,0,2,0.76,stipe_density,"c(-70.774833, 42.502633)",Gulf of Maine/Bay of Fundy,Cold Temperate Northwest Atlantic,Temperate Northern Atlantic,0.013160672199817588,0.0030495376782339128,0.0030495376782339128,0.0030495376782339128,-3.7652996025267917,-4.33900257279624,-4.33900257279624,-4.33900257279624,2000-11-15,2000,2000,-7.7639569049952115,Siddon_&_Witman_2003 Protected,4
Smith__1985,Nova Scotia_ Lobster Bay_ Ram Island - Site D,1,43.679202,-65.878484,0.25,1980-06-15,6,6,6,1.8,NA,NA,NA,12,0,0,0,1,1.8,biomass,"c(-65.878484, 43.679202)",Scotian Shelf,Cold Temperate Northwest Atlantic,Temperate Northern Atlantic,0.09714245115452959,0.051798561151079135,0.051798561151079135,0.051798561151079135,-2.233596010738664,-2.783875197134528,-2.783875197134528,-2.783875197134528,1980-06-15,1980,1980,-27.76395690499521,Smith__1985 Nova Scotia_ Lobster Bay_ Ram Island - Site D,6
Smith__1985,Nova Scotia_ Lobster Bay_ Ram Island - Site D,2,43.679202,-65.878484,0.25,1980-07-15,6,6,6,1.8,NA,NA,NA,12,0,0,0,1,1.8,biomass,"c(-65.878484, 43.679202)",Scotian Shelf,Cold Temperate Northwest Atlantic,Temperate Northern Atlantic,0.09714245115452959,0.051798561151079135,0.051798561151079135,0.051798561151079135,-2.233596010738664,-2.783875197134528,-2.783875197134528,-2.783875197134528,1980-07-15,1980,1980,-27.76395690499521,Smith__1985 Nova Scotia_ Lobster Bay_ Ram Island - Site D,6
Smith__1985,Nova Scotia_ Lobster Bay_ Ram Island - Site D,3,43.679202,-65.878484,0.25,1981-06-15,6,6,6,3,NA,NA,NA,12,0,0,0,1,3,biomass,"c(-65.878484, 43.679202)",Scotian Shelf,Cold Temperate Northwest Atlantic,Temperate Northern Atlantic,0.16190408525754932,0.08633093525179857,0.08633093525179857,0.08633093525179857,-1.760818601561301,-2.3399657734276107,-2.3399657734276107,-2.3399657734276107,1981-06-15,1981,1981,-26.76395690499521,Smith__1985 Nova Scotia_ Lobster Bay_ Ram Island - Site D,6
Smith__1985,Nova Scotia_ Lobster Bay_ Ram Island - Site D,4,43.679202,-65.878484,0.25,1981-07-15,6,6,6,3,NA,NA,NA,12,0,0,0,1,3,biomass,"c(-65.878484, 43.679202)",Scotian Shelf,Cold Temperate Northwest Atlantic,Temperate Northern Atlantic,0.16190408525754932,0.08633093525179857,0.08633093525179857,0.08633093525179857,-1.760818601561301,-2.3399657734276107,-2.3399657734276107,-2.3399657734276107,1981-07-15,1981,1981,-26.76395690499521,Smith__1985 Nova Scotia_ Lobster Bay_ Ram Island - Site D,6
Smith__1985,Nova Scotia_ Lobster Bay_ Ram Island - Site D,5,43.679202,-65.878484,0.25,1982-06-15,6,6,6,4.8,NA,NA,NA,12,0,0,0,1,4.8,biomass,"c(-65.878484, 43.679202)",Scotian Shelf,Cold Temperate Northwest Atlantic,Temperate Northern Atlantic,0.25904653641207886,0.1381294964028777,0.1381294964028777,0.1381294964028777,-1.3128709165282746,-1.9096684120909937,-1.9096684120909937,-1.9096684120909937,1982-06-15,1982,1982,-25.76395690499521,Smith__1985 Nova Scotia_ Lobster Bay_ Ram Island - Site D,6
Smith__1985,Nova Scotia_ Lobster Bay_ Ram Island - Site D,6,43.679202,-65.878484,0.25,1982-07-15,6,6,6,4.8,NA,NA,NA,12,0,0,0,1,4.8,biomass,"c(-65.878484, 43.679202)",Scotian Shelf,Cold Temperate Northwest Atlantic,Temperate Northern Atlantic,0.25904653641207886,0.1381294964028777,0.1381294964028777,0.1381294964028777,-1.3128709165282746,-1.9096684120909937,-1.9096684120909937,-1.9096684120909937,1982-07-15,1982,1982,-25.76395690499521,Smith__1985 Nova Scotia_ Lobster Bay_ Ram Island - Site D,6
Smith__1985,Nova Scotia_ Lobster Bay_ Snake Reef - Site S,1,43.679202,-65.878484,0.25,1980-06-15,6,6,6,6.2,NA,NA,NA,12,0,0,0,1,6.2,biomass,"c(-65.878484, 43.679202)",Scotian Shelf,Cold Temperate Northwest Atlantic,Temperate Northern Atlantic,0.3346017761989353,0.17841726618705037,0.17841726618705037,0.17841726618705037,-1.0653658005227893,-1.6690962746110711,-1.6690962746110711,-1.6690962746110711,1980-06-15,1980,1980,-27.76395690499521,Smith__1985 Nova Scotia_ Lobster Bay_ Snake Reef - Site S,6
Smith__1985,Nova Scotia_ Lobster Bay_ Snake Reef - Site S,2,43.679202,-65.878484,0.25,1980-07-15,6,6,6,6.2,NA,NA,NA,12,0,0,0,1,6.2,biomass,"c(-65.878484, 43.679202)",Scotian Shelf,Cold Temperate Northwest Atlantic,Temperate Northern Atlantic,0.3346017761989353,0.17841726618705037,0.17841726618705037,0.17841726618705037,-1.0653658005227893,-1.6690962746110711,-1.6690962746110711,-1.6690962746110711,1980-07-15,1980,1980,-27.76395690499521,Smith__1985 Nova Scotia_ Lobster Bay_ Snake Reef - Site S,6
Smith__1985,Nova Scotia_ Lobster Bay_ Snake Reef - Site S,3,43.679202,-65.878484,0.25,1981-06-15,6,6,6,2.8,NA,NA,NA,12,0,0,0,1,2.8,biomass,"c(-65.878484, 43.679202)",Scotian Shelf,Cold Temperate Northwest Atlantic,Temperate Northern Atlantic,0.15111047957371268,0.08057553956834532,0.08057553956834532,0.08057553956834532,-1.8256649407987198,-2.401571085074436,-2.401571085074436,-2.401571085074436,1981-06-15,1981,1981,-26.76395690499521,Smith__1985 Nova Scotia_ Lobster Bay_ Snake Reef - Site S,6
Smith__1985,Nova Scotia_ Lobster Bay_ Snake Reef - Site S,4,43.679202,-65.878484,0.25,1981-07-15,6,6,6,2.8,NA,NA,NA,12,0,0,0,1,2.8,biomass,"c(-65.878484, 43.679202)",Scotian Shelf,Cold Temperate Northwest Atlantic,Temperate Northern Atlantic,0.15111047957371268,0.08057553956834532,0.08057553956834532,0.08057553956834532,-1.8256649407987198,-2.401571085074436,-2.401571085074436,-2.401571085074436,1981-07-15,1981,1981,-26.76395690499521,Smith__1985 Nova Scotia_ Lobster Bay_ Snake Reef - Site S,6
Smith__1985,Nova Scotia_ Lobster Bay_ Snake Reef - Site S,5,43.679202,-65.878484,0.25,1982-06-15,6,6,6,3.2,NA,NA,NA,12,0,0,0,1,3.2,biomass,"c(-65.878484, 43.679202)",Scotian Shelf,Cold Temperate Northwest Atlantic,Temperate Northern Atlantic,0.17269769094138596,0.0920863309352518,0.0920863309352518,0.0920863309352518,-1.6999224542035711,-2.2819364419587407,-2.2819364419587407,-2.2819364419587407,1982-06-15,1982,1982,-25.76395690499521,Smith__1985 Nova Scotia_ Lobster Bay_ Snake Reef - Site S,6
Smith__1985,Nova Scotia_ Lobster Bay_ Snake Reef - Site S,6,43.679202,-65.878484,0.25,1982-07-15,6,6,6,3.2,NA,NA,NA,12,0,0,0,1,3.2,biomass,"c(-65.878484, 43.679202)",Scotian Shelf,Cold Temperate Northwest Atlantic,Temperate Northern Atlantic,0.17269769094138596,0.0920863309352518,0.0920863309352518,0.0920863309352518,-1.6999224542035711,-2.2819364419587407,-2.2819364419587407,-2.2819364419587407,1982-07-15,1982,1982,-25.76395690499521,Smith__1985 Nova Scotia_ Lobster Bay_ Snake Reef - Site S,6
Steneck_1997,Pemaquid 10m,1,43.835355,-69.506934,1,1985-06-15,10,10,10,NA,NA,NA,0,0,0,0,14,4,0,percent_cover,"c(-69.506934, 43.835355)",Gulf of Maine/Bay of Fundy,Cold Temperate Northwest Atlantic,Temperate Northern Atlantic,0,0,0,0,-4.605170185988091,-4.605170185988091,-4.605170185988091,-4.605170185988091,1985-06-15,1985,1985,-22.76395690499521,Steneck_1997 Pemaquid 10m,2
Steneck_1997,Pemaquid 10m,2,43.835355,-69.506934,1,1994-06-15,10,10,10,NA,NA,NA,6,0,0,0,14,4,6,percent_cover,"c(-69.506934, 43.835355)",Gulf of Maine/Bay of Fundy,Cold Temperate Northwest Atlantic,Temperate Northern Atlantic,0.06,0.05394990366134832,0.05394990366134832,0.05394990366134832,-2.6592600369327783,-2.749655257426781,-2.749655257426781,-2.749655257426781,1994-06-15,1994,1994,-13.763956904995212,Steneck_1997 Pemaquid 10m,2
Steneck_1997,Pemaquid 1m,1,43.835355,-69.506934,1,1975-06-15,1,1,1,NA,NA,NA,84,0,0,0,14,4,84,percent_cover,"c(-69.506934, 43.835355)",Gulf of Maine/Bay of Fundy,Cold Temperate Northwest Atlantic,Temperate Northern Atlantic,0.84,0.7552986512588764,0.7552986512588764,0.7552986512588764,-0.16251892949777494,-0.26748912753698173,-0.26748912753698173,-0.26748912753698173,1975-06-15,1975,1975,-32.76395690499521,Steneck_1997 Pemaquid 1m,2
Steneck_1997,Pemaquid 1m,2,43.835355,-69.506934,1,1985-06-15,1,1,1,NA,NA,NA,88,0,0,0,14,4,88,percent_cover,"c(-69.506934, 43.835355)",Gulf of Maine/Bay of Fundy,Cold Temperate Northwest Atlantic,Temperate Northern Atlantic,0.88,0.7912652536997753,0.7912652536997753,0.7912652536997753,-0.11653381625595151,-0.22156323354965113,-0.22156323354965113,-0.22156323354965113,1985-06-15,1985,1985,-22.76395690499521,Steneck_1997 Pemaquid 1m,2
Steneck_1997,Pemaquid 3m,1,43.835355,-69.506934,1,1975-06-15,3,3,3,NA,NA,NA,8,0,0,0,14,4,8,percent_cover,"c(-69.506934, 43.835355)",Gulf of Maine/Bay of Fundy,Cold Temperate Northwest Atlantic,Temperate Northern Atlantic,0.08,0.07193320488179776,0.07193320488179776,0.07193320488179776,-2.4079456086518722,-2.5018509382762812,-2.5018509382762812,-2.5018509382762812,1975-06-15,1975,1975,-32.76395690499521,Steneck_1997 Pemaquid 3m,3
Steneck_1997,Pemaquid 3m,2,43.835355,-69.506934,1,1985-06-15,3,3,3,NA,NA,NA,6,0,0,0,14,4,6,percent_cover,"c(-69.506934, 43.835355)",Gulf of Maine/Bay of Fundy,Cold Temperate Northwest Atlantic,Temperate Northern Atlantic,0.06,0.05394990366134832,0.05394990366134832,0.05394990366134832,-2.6592600369327783,-2.749655257426781,-2.749655257426781,-2.749655257426781,1985-06-15,1985,1985,-22.76395690499521,Steneck_1997 Pemaquid 3m,3
Steneck_1997,Pemaquid 3m,3,43.835355,-69.506934,1,1994-06-15,3,3,3,NA,NA,NA,100,0,0,0,14,4,100,percent_cover,"c(-69.506934, 43.835355)",Gulf of Maine/Bay of Fundy,Cold Temperate Northwest Atlantic,Temperate Northern Atlantic,1,0.899165061022472,0.899165061022472,0.899165061022472,0.009950330853168092,-0.09522861600602273,-0.09522861600602273,-0.09522861600602273,1994-06-15,1994,1994,-13.763956904995212,Steneck_1997 Pemaquid 3m,3
Steneck_et_al._2013,Pemaquid Point,1,43.835355,-69.506934,1,1975-06-15,10,10,10,NA,NA,NA,0,0,0,0,13,4,0,percent_cover,"c(-69.506934, 43.835355)",Gulf of Maine/Bay of Fundy,Cold Temperate Northwest Atlantic,Temperate Northern Atlantic,0,0,0,0,-4.605170185988091,-4.605170185988091,-4.605170185988091,-4.605170185988091,1975-06-15,1975,1975,-32.76395690499521,Steneck_et_al._2013 Pemaquid Point,13
Steneck_et_al._2013,Pemaquid Point,2,43.835355,-69.506934,1,1977-06-15,10,10,10,NA,NA,NA,0,0,0,0,13,4,0,percent_cover,"c(-69.506934, 43.835355)",Gulf of Maine/Bay of Fundy,Cold Temperate Northwest Atlantic,Temperate Northern Atlantic,0,0,0,0,-4.605170185988091,-4.605170185988091,-4.605170185988091,-4.605170185988091,1977-06-15,1977,1977,-30.76395690499521,Steneck_et_al._2013 Pemaquid Point,13
Steneck_et_al._2013,Pemaquid Point,3,43.835355,-69.506934,1,1980-06-15,10,10,10,NA,NA,NA,0,0,0,0,13,4,0,percent_cover,"c(-69.506934, 43.835355)",Gulf of Maine/Bay of Fundy,Cold Temperate Northwest Atlantic,Temperate Northern Atlantic,0,0,0,0,-4.605170185988091,-4.605170185988091,-4.605170185988091,-4.605170185988091,1980-06-15,1980,1980,-27.76395690499521,Steneck_et_al._2013 Pemaquid Point,13
Steneck_et_al._2013,Pemaquid Point,4,43.835355,-69.506934,1,1981-06-15,10,10,10,NA,NA,NA,0,0,0,0,13,4,0,percent_cover,"c(-69.506934, 43.835355)",Gulf of Maine/Bay of Fundy,Cold Temperate Northwest Atlantic,Temperate Northern Atlantic,0,0,0,0,-4.605170185988091,-4.605170185988091,-4.605170185988091,-4.605170185988091,1981-06-15,1981,1981,-26.76395690499521,Steneck_et_al._2013 Pemaquid Point,13
Steneck_et_al._2013,Pemaquid Point,5,43.835355,-69.506934,1,1987-06-15,10,10,10,NA,NA,NA,0,0,0,0,13,4,0,percent_cover,"c(-69.506934, 43.835355)",Gulf of Maine/Bay of Fundy,Cold Temperate Northwest Atlantic,Temperate Northern Atlantic,0,0,0,0,-4.605170185988091,-4.605170185988091,-4.605170185988091,-4.605170185988091,1987-06-15,1987,1987,-20.76395690499521,Steneck_et_al._2013 Pemaquid Point,13
Steneck_et_al._2013,Pemaquid Point,6,43.835355,-69.506934,1,1990-06-15,10,10,10,NA,NA,NA,5,0,0,0,13,4,5,percent_cover,"c(-69.506934, 43.835355)",Gulf of Maine/Bay of Fundy,Cold Temperate Northwest Atlantic,Temperate Northern Atlantic,0.05,0.044958253051123595,0.044958253051123595,0.044958253051123595,-2.8134107167600364,-2.9011814173970296,-2.9011814173970296,-2.9011814173970296,1990-06-15,1990,1990,-17.76395690499521,Steneck_et_al._2013 Pemaquid Point,13
Steneck_et_al._2013,Pemaquid Point,7,43.835355,-69.506934,1,1994-06-15,10,10,10,NA,NA,NA,7,0,0,0,13,4,7,percent_cover,"c(-69.506934, 43.835355)",Gulf of Maine/Bay of Fundy,Cold Temperate Northwest Atlantic,Temperate Northern Atlantic,0.07,0.06294155427157304,0.06294155427157304,0.06294155427157304,-2.5257286443082556,-2.618096784923054,-2.618096784923054,-2.618096784923054,1994-06-15,1994,1994,-13.763956904995212,Steneck_et_al._2013 Pemaquid Point,13
Steneck_et_al._2013,Pemaquid Point,8,43.835355,-69.506934,1,1995-06-15,10,10,10,NA,NA,NA,9,0,0,0,13,4,9,percent_cover,"c(-69.506934, 43.835355)",Gulf of Maine/Bay of Fundy,Cold Temperate Northwest Atlantic,Temperate Northern Atlantic,0.09,0.08092485549202247,0.08092485549202247,0.08092485549202247,-2.302585092994046,-2.397721877419971,-2.397721877419971,-2.397721877419971,1995-06-15,1995,1995,-12.763956904995212,Steneck_et_al._2013 Pemaquid Point,13
Steneck_et_al._2013,Pemaquid Point,9,43.835355,-69.506934,1,1996-06-15,10,10,10,NA,NA,NA,36,0,0,0,13,4,36,percent_cover,"c(-69.506934, 43.835355)",Gulf of Maine/Bay of Fundy,Cold Temperate Northwest Atlantic,Temperate Northern Atlantic,0.36,0.3236994219680899,0.3236994219680899,0.3236994219680899,-0.9942522733438669,-1.09751462541663,-1.09751462541663,-1.09751462541663,1996-06-15,1996,1996,-11.763956904995212,Steneck_et_al._2013 Pemaquid Point,13
Steneck_et_al._2013,Pemaquid Point,10,43.835355,-69.506934,1,1997-06-15,10,10,10,NA,NA,NA,66,0,0,0,13,4,66,percent_cover,"c(-69.506934, 43.835355)",Gulf of Maine/Bay of Fundy,Cold Temperate Northwest Atlantic,Temperate Northern Atlantic,0.66,0.5934489402748315,0.5934489402748315,0.5934489402748315,-0.40047756659712525,-0.5050938480307481,-0.5050938480307481,-0.5050938480307481,1997-06-15,1997,1997,-10.763956904995212,Steneck_et_al._2013 Pemaquid Point,13
Steneck_et_al._2013,Pemaquid Point,11,43.835355,-69.506934,1,1998-06-15,10,10,10,NA,NA,NA,83,0,0,0,13,4,83,percent_cover,"c(-69.506934, 43.835355)",Gulf of Maine/Bay of Fundy,Cold Temperate Northwest Atlantic,Temperate Northern Atlantic,0.83,0.7463070006486517,0.7463070006486517,0.7463070006486517,-0.1743533871447778,-0.2793078997189217,-0.2793078997189217,-0.2793078997189217,1998-06-15,1998,1998,-9.763956904995212,Steneck_et_al._2013 Pemaquid Point,13
Steneck_et_al._2013,Pemaquid Point,12,43.835355,-69.506934,1,1999-06-15,10,10,10,NA,NA,NA,83,0,0,0,13,4,83,percent_cover,"c(-69.506934, 43.835355)",Gulf of Maine/Bay of Fundy,Cold Temperate Northwest Atlantic,Temperate Northern Atlantic,0.83,0.7463070006486517,0.7463070006486517,0.7463070006486517,-0.1743533871447778,-0.2793078997189217,-0.2793078997189217,-0.2793078997189217,1999-06-15,1999,1999,-8.763956904995212,Steneck_et_al._2013 Pemaquid Point,13
Steneck_et_al._2013,Pemaquid Point,13,43.835355,-69.506934,1,2010-06-15,10,10,10,NA,NA,NA,76,0,0,0,13,4,76,percent_cover,"c(-69.506934, 43.835355)",Gulf of Maine/Bay of Fundy,Cold Temperate Northwest Atlantic,Temperate Northern Atlantic,0.76,0.6833654463770786,0.6833654463770786,0.6833654463770786,-0.2613647641344075,-0.36619807913745983,-0.36619807913745983,-0.36619807913745983,2010-06-15,2010,2010,2.2360430950047885,Steneck_et_al._2013 Pemaquid Point,13
Witman_1987,Murray Rock - Control,1,43.070829,-70.622224,1,1981-06-15,9,9,9,NA,0,0,0,0,26,26,26,2,0,stipe_density,"c(-70.622224, 43.070829)",Gulf of Maine/Bay of Fundy,Cold Temperate Northwest Atlantic,Temperate Northern Atlantic,0,0,0,0,-4.605170185988091,-4.605170185988091,-4.605170185988091,-4.605170185988091,1981-06-15,1981,1981,-26.76395690499521,Witman_1987 Murray Rock - Control,26
Witman_1987,Murray Rock - Control,2,43.070829,-70.622224,1,1981-11-15,9,9,9,NA,0,0,0,0,26,26,26,2,0,stipe_density,"c(-70.622224, 43.070829)",Gulf of Maine/Bay of Fundy,Cold Temperate Northwest Atlantic,Temperate Northern Atlantic,0,0,0,0,-4.605170185988091,-4.605170185988091,-4.605170185988091,-4.605170185988091,1981-11-15,1981,1981,-26.76395690499521,Witman_1987 Murray Rock - Control,26
Witman_1987,Murray Rock - Control,3,43.070829,-70.622224,1,1981-12-15,9,9,9,NA,0,0,0,0,26,26,26,2,0,stipe_density,"c(-70.622224, 43.070829)",Gulf of Maine/Bay of Fundy,Cold Temperate Northwest Atlantic,Temperate Northern Atlantic,0,0,0,0,-4.605170185988091,-4.605170185988091,-4.605170185988091,-4.605170185988091,1981-12-15,1981,1981,-26.76395690499521,Witman_1987 Murray Rock - Control,26
Witman_1987,Murray Rock - Control,4,43.070829,-70.622224,1,1982-01-15,9,9,9,NA,0,0,0,0,26,26,26,2,0,stipe_density,"c(-70.622224, 43.070829)",Gulf of Maine/Bay of Fundy,Cold Temperate Northwest Atlantic,Temperate Northern Atlantic,0,0,0,0,-4.605170185988091,-4.605170185988091,-4.605170185988091,-4.605170185988091,1982-01-15,1982,1982,-25.76395690499521,Witman_1987 Murray Rock - Control,26
Witman_1987,Murray Rock - Control,5,43.070829,-70.622224,1,1982-02-15,9,9,9,NA,0,0,0,0,26,26,26,2,0,stipe_density,"c(-70.622224, 43.070829)",Gulf of Maine/Bay of Fundy,Cold Temperate Northwest Atlantic,Temperate Northern Atlantic,0,0,0,0,-4.605170185988091,-4.605170185988091,-4.605170185988091,-4.605170185988091,1982-02-15,1982,1982,-25.76395690499521,Witman_1987 Murray Rock - Control,26
Witman_1987,Murray Rock - Control,6,43.070829,-70.622224,1,1982-03-15,9,9,9,NA,0,0,0,0,26,26,26,2,0,stipe_density,"c(-70.622224, 43.070829)",Gulf of Maine/Bay of Fundy,Cold Temperate Northwest Atlantic,Temperate Northern Atlantic,0,0,0,0,-4.605170185988091,-4.605170185988091,-4.605170185988091,-4.605170185988091,1982-03-15,1982,1982,-25.76395690499521,Witman_1987 Murray Rock - Control,26
Witman_1987,Murray Rock - Control,7,43.070829,-70.622224,1,1982-04-15,9,9,9,NA,0,0,0,0,26,26,26,2,0,stipe_density,"c(-70.622224, 43.070829)",Gulf of Maine/Bay of Fundy,Cold Temperate Northwest Atlantic,Temperate Northern Atlantic,0,0,0,0,-4.605170185988091,-4.605170185988091,-4.605170185988091,-4.605170185988091,1982-04-15,1982,1982,-25.76395690499521,Witman_1987 Murray Rock - Control,26
Witman_1987,Murray Rock - Control,8,43.070829,-70.622224,1,1982-05-15,9,9,9,NA,0,0,0,0,26,26,26,2,0,stipe_density,"c(-70.622224, 43.070829)",Gulf of Maine/Bay of Fundy,Cold Temperate Northwest Atlantic,Temperate Northern Atlantic,0,0,0,0,-4.605170185988091,-4.605170185988091,-4.605170185988091,-4.605170185988091,1982-05-15,1982,1982,-25.76395690499521,Witman_1987 Murray Rock - Control,26
Witman_1987,Murray Rock - Control,9,43.070829,-70.622224,1,1982-06-15,9,9,9,NA,0,0,0,0,26,26,26,2,0,stipe_density,"c(-70.622224, 43.070829)",Gulf of Maine/Bay of Fundy,Cold Temperate Northwest Atlantic,Temperate Northern Atlantic,0,0,0,0,-4.605170185988091,-4.605170185988091,-4.605170185988091,-4.605170185988091,1982-06-15,1982,1982,-25.76395690499521,Witman_1987 Murray Rock - Control,26
Witman_1987,Murray Rock - Control,10,43.070829,-70.622224,1,1982-07-15,9,9,9,NA,0,0,0,0,26,26,26,2,0,stipe_density,"c(-70.622224, 43.070829)",Gulf of Maine/Bay of Fundy,Cold Temperate Northwest Atlantic,Temperate Northern Atlantic,0,0,0,0,-4.605170185988091,-4.605170185988091,-4.605170185988091,-4.605170185988091,1982-07-15,1982,1982,-25.76395690499521,Witman_1987 Murray Rock - Control,26
Witman_1987,Murray Rock - Control,11,43.070829,-70.622224,1,1982-08-15,9,9,9,NA,0,0,0,0,26,26,26,2,0,stipe_density,"c(-70.622224, 43.070829)",Gulf of Maine/Bay of Fundy,Cold Temperate Northwest Atlantic,Temperate Northern Atlantic,0,0,0,0,-4.605170185988091,-4.605170185988091,-4.605170185988091,-4.605170185988091,1982-08-15,1982,1982,-25.76395690499521,Witman_1987 Murray Rock - Control,26
Witman_1987,Murray Rock - Control,12,43.070829,-70.622224,1,1982-09-15,9,9,9,NA,0,0,0,0,26,26,26,2,0,stipe_density,"c(-70.622224, 43.070829)",Gulf of Maine/Bay of Fundy,Cold Temperate Northwest Atlantic,Temperate Northern Atlantic,0,0,0,0,-4.605170185988091,-4.605170185988091,-4.605170185988091,-4.605170185988091,1982-09-15,1982,1982,-25.76395690499521,Witman_1987 Murray Rock - Control,26
Witman_1987,Murray Rock - Control,13,43.070829,-70.622224,1,1982-10-15,9,9,9,NA,0,0,0,0,26,26,26,2,0,stipe_density,"c(-70.622224, 43.070829)",Gulf of Maine/Bay of Fundy,Cold Temperate Northwest Atlantic,Temperate Northern Atlantic,0,0,0,0,-4.605170185988091,-4.605170185988091,-4.605170185988091,-4.605170185988091,1982-10-15,1982,1982,-25.76395690499521,Witman_1987 Murray Rock - Control,26
Witman_1987,Murray Rock - Control,14,43.070829,-70.622224,1,1982-11-15,9,9,9,NA,0,0,0,0,26,26,26,2,0,stipe_density,"c(-70.622224, 43.070829)",Gulf of Maine/Bay of Fundy,Cold Temperate Northwest Atlantic,Temperate Northern Atlantic,0,0,0,0,-4.605170185988091,-4.605170185988091,-4.605170185988091,-4.605170185988091,1982-11-15,1982,1982,-25.76395690499521,Witman_1987 Murray Rock - Control,26
Witman_1987,Murray Rock - Control,15,43.070829,-70.622224,1,1982-12-15,9,9,9,NA,0,0,0,0,26,26,26,2,0,stipe_density,"c(-70.622224, 43.070829)",Gulf of Maine/Bay of Fundy,Cold Temperate Northwest Atlantic,Temperate Northern Atlantic,0,0,0,0,-4.605170185988091,-4.605170185988091,-4.605170185988091,-4.605170185988091,1982-12-15,1982,1982,-25.76395690499521,Witman_1987 Murray Rock - Control,26
Witman_1987,Murray Rock - Control,16,43.070829,-70.622224,1,1983-01-15,9,9,9,NA,0,0,0,0,26,26,26,2,0,stipe_density,"c(-70.622224, 43.070829)",Gulf of Maine/Bay of Fundy,Cold Temperate Northwest Atlantic,Temperate Northern Atlantic,0,0,0,0,-4.605170185988091,-4.605170185988091,-4.605170185988091,-4.605170185988091,1983-01-15,1983,1983,-24.76395690499521,Witman_1987 Murray Rock - Control,26
Witman_1987,Murray Rock - Control,17,43.070829,-70.622224,1,1983-02-15,9,9,9,NA,0,0,0,0,26,26,26,2,0,stipe_density,"c(-70.622224, 43.070829)",Gulf of Maine/Bay of Fundy,Cold Temperate Northwest Atlantic,Temperate Northern Atlantic,0,0,0,0,-4.605170185988091,-4.605170185988091,-4.605170185988091,-4.605170185988091,1983-02-15,1983,1983,-24.76395690499521,Witman_1987 Murray Rock - Control,26
Witman_1987,Murray Rock - Control,18,43.070829,-70.622224,1,1983-03-15,9,9,9,NA,0,0,0,0,26,26,26,2,0,stipe_density,"c(-70.622224, 43.070829)",Gulf of Maine/Bay of Fundy,Cold Temperate Northwest Atlantic,Temperate Northern Atlantic,0,0,0,0,-4.605170185988091,-4.605170185988091,-4.605170185988091,-4.605170185988091,1983-03-15,1983,1983,-24.76395690499521,Witman_1987 Murray Rock - Control,26
Witman_1987,Murray Rock - Control,19,43.070829,-70.622224,1,1983-04-15,9,9,9,NA,0,0,0,0,26,26,26,2,0,stipe_density,"c(-70.622224, 43.070829)",Gulf of Maine/Bay of Fundy,Cold Temperate Northwest Atlantic,Temperate Northern Atlantic,0,0,0,0,-4.605170185988091,-4.605170185988091,-4.605170185988091,-4.605170185988091,1983-04-15,1983,1983,-24.76395690499521,Witman_1987 Murray Rock - Control,26
Witman_1987,Murray Rock - Control,20,43.070829,-70.622224,1,1983-05-15,9,9,9,NA,0,0,0,0,26,26,26,2,0,stipe_density,"c(-70.622224, 43.070829)",Gulf of Maine/Bay of Fundy,Cold Temperate Northwest Atlantic,Temperate Northern Atlantic,0,0,0,0,-4.605170185988091,-4.605170185988091,-4.605170185988091,-4.605170185988091,1983-05-15,1983,1983,-24.76395690499521,Witman_1987 Murray Rock - Control,26
Witman_1987,Murray Rock - Control,21,43.070829,-70.622224,1,1983-06-15,9,9,9,NA,0,0,0,0,26,26,26,2,0,stipe_density,"c(-70.622224, 43.070829)",Gulf of Maine/Bay of Fundy,Cold Temperate Northwest Atlantic,Temperate Northern Atlantic,0,0,0,0,-4.605170185988091,-4.605170185988091,-4.605170185988091,-4.605170185988091,1983-06-15,1983,1983,-24.76395690499521,Witman_1987 Murray Rock - Control,26
Witman_1987,Murray Rock - Control,22,43.070829,-70.622224,1,1983-07-15,9,9,9,NA,0,0,0,0,26,26,26,2,0,stipe_density,"c(-70.622224, 43.070829)",Gulf of Maine/Bay of Fundy,Cold Temperate Northwest Atlantic,Temperate Northern Atlantic,0,0,0,0,-4.605170185988091,-4.605170185988091,-4.605170185988091,-4.605170185988091,1983-07-15,1983,1983,-24.76395690499521,Witman_1987 Murray Rock - Control,26
Witman_1987,Murray Rock - Control,23,43.070829,-70.622224,1,1983-08-15,9,9,9,NA,0,0,0,0,26,26,26,2,0,stipe_density,"c(-70.622224, 43.070829)",Gulf of Maine/Bay of Fundy,Cold Temperate Northwest Atlantic,Temperate Northern Atlantic,0,0,0,0,-4.605170185988091,-4.605170185988091,-4.605170185988091,-4.605170185988091,1983-08-15,1983,1983,-24.76395690499521,Witman_1987 Murray Rock - Control,26
Witman_1987,Murray Rock - Control,24,43.070829,-70.622224,1,1983-09-15,9,9,9,NA,0,0,0,0,26,26,26,2,0,stipe_density,"c(-70.622224, 43.070829)",Gulf of Maine/Bay of Fundy,Cold Temperate Northwest Atlantic,Temperate Northern Atlantic,0,0,0,0,-4.605170185988091,-4.605170185988091,-4.605170185988091,-4.605170185988091,1983-09-15,1983,1983,-24.76395690499521,Witman_1987 Murray Rock - Control,26
Witman_1987,Murray Rock - Control,25,43.070829,-70.622224,1,1983-10-15,9,9,9,NA,0,0,0,0,26,26,26,2,0,stipe_density,"c(-70.622224, 43.070829)",Gulf of Maine/Bay of Fundy,Cold Temperate Northwest Atlantic,Temperate Northern Atlantic,0,0,0,0,-4.605170185988091,-4.605170185988091,-4.605170185988091,-4.605170185988091,1983-10-15,1983,1983,-24.76395690499521,Witman_1987 Murray Rock - Control,26
Witman_1987,Murray Rock - Control,26,43.070829,-70.622224,1,1983-11-15,9,9,9,NA,0,0,0,0,26,26,26,2,0,stipe_density,"c(-70.622224, 43.070829)",Gulf of Maine/Bay of Fundy,Cold Temperate Northwest Atlantic,Temperate Northern Atlantic,0,0,0,0,-4.605170185988091,-4.605170185988091,-4.605170185988091,-4.605170185988091,1983-11-15,1983,1983,-24.76395690499521,Witman_1987 Murray Rock - Control,26
Witman_et_al._2018,Ammen Rock 1,1,42.89058,-68.94351,1,1987-07-15,13.5,13.5,13.5,NA,46.0034305317324,46.0034305317324,NA,10,12,12,0,2,46.0034305317324,stipe_density,"c(-68.94351, 42.89058)",Gulf of Maine/Bay of Fundy,Cold Temperate Northwest Atlantic,Temperate Northern Atlantic,0.7966264069673819,0.18459104570333462,0.18459104570333462,0.18459104570333462,-0.21489465846311784,-1.6368551241463811,-1.6368551241463811,-1.6368551241463811,1987-07-15,1987,1987,-20.76395690499521,Witman_et_al._2018 Ammen Rock 1,4
Witman_et_al._2018,Ammen Rock 1,2,42.89058,-68.94351,1,2012-08-15,13.5,13.5,13.5,NA,37.975986277873,37.975986277873,NA,10,12,12,0,2,37.975986277873,stipe_density,"c(-68.94351, 42.89058)",Gulf of Maine/Bay of Fundy,Cold Temperate Northwest Atlantic,Temperate Northern Atlantic,0.6576177721945491,0.15238052766114177,0.15238052766114177,0.15238052766114177,-0.4040394665263979,-1.8178127620079645,-1.8178127620079645,-1.8178127620079645,2012-08-15,2012,2012,4.2360430950047885,Witman_et_al._2018 Ammen Rock 1,4
Witman_et_al._2018,Ammen Rock 1,3,42.89058,-68.94351,1,2014-06-15,13.5,13.5,13.5,4.86940298507462,36.2926136363636,36.2926136363636,NA,10,12,12,0,2,36.2926136363636,stipe_density,"c(-68.94351, 42.89058)",Gulf of Maine/Bay of Fundy,Cold Temperate Northwest Atlantic,Temperate Northern Atlantic,0.6284673570300146,0.14562591148115353,0.14562591148115353,0.14562591148115353,-0.44868472928000674,-1.8603001548733058,-1.8603001548733058,-1.8603001548733058,2014-06-15,2014,2014,6.2360430950047885,Witman_et_al._2018 Ammen Rock 1,4
Witman_et_al._2018,Ammen Rock 1,4,42.89058,-68.94351,1,2015-06-15,13.5,13.5,13.5,4.8320895522388,26.7045454545454,26.7045454545454,NA,10,12,12,0,2,26.7045454545454,stipe_density,"c(-68.94351, 42.89058)",Gulf of Maine/Bay of Fundy,Cold Temperate Northwest Atlantic,Temperate Northern Atlantic,0.46243390654263256,0.10715331255756101,0.10715331255756101,0.10715331255756101,-0.7498574221655586,-2.1442718382218566,-2.1442718382218566,-2.1442718382218566,2015-06-15,2015,2015,7.2360430950047885,Witman_et_al._2018 Ammen Rock 1,4
Witman_et_al._2018,Ammen Rock 2,1,42.89058,-68.94351,1,2015-06-15,13.5,13.5,13.5,3.52611940298507,34.1619318181818,34.1619318181818,NA,10,12,12,0,2,34.1619318181818,stipe_density,"c(-68.94351, 42.89058)",Gulf of Maine/Bay of Fundy,Cold Temperate Northwest Atlantic,Temperate Northern Atlantic,0.5915710346994857,0.13707644505368863,0.13707644505368863,0.13707644505368863,-0.5082106546141839,-1.9168027929955838,-1.9168027929955838,-1.9168027929955838,2015-06-15,2015,2015,7.2360430950047885,Witman_et_al._2018 Ammen Rock 2,2
Witman_et_al._2018,Ammen Rock 2,2,42.89058,-68.94351,1,2016-06-15,13.5,13.5,13.5,1.9776119402985,11.3636363636363,11.3636363636363,NA,10,12,12,0,2,11.3636363636363,stipe_density,"c(-68.94351, 42.89058)",Gulf of Maine/Bay of Fundy,Cold Temperate Northwest Atlantic,Temperate Northern Atlantic,0.19678038576282167,0.04559715427981303,0.04559715427981303,0.04559715427981303,-1.576097987254087,-2.889623261053196,-2.889623261053196,-2.889623261053196,2016-06-15,2016,2016,8.236043095004788,Witman_et_al._2018 Ammen Rock 2,2
Witman_et_al._2018,Lunging Island,1,43.01112,-71.00862,1,2014-06-15,13.5,13.5,13.5,0.50077922077922,7.6171875,7.6171875,NA,10,12,12,0,2,7.6171875,stipe_density,"c(-71.00862, 43.01112)",Gulf of Maine/Bay of Fundy,Cold Temperate Northwest Atlantic,Temperate Northern Atlantic,0.13190435233164213,0.030564342478187345,0.030564342478187345,0.030564342478187345,-1.9526020234638037,-3.204865862358371,-3.204865862358371,-3.204865862358371,2014-06-15,2014,2014,6.2360430950047885,Witman_et_al._2018 Lunging Island,2
Witman_et_al._2018,Lunging Island,2,43.01112,-71.00862,1,2015-06-15,13.5,13.5,13.5,0.633246753246753,13.0859375,13.0859375,NA,10,12,12,0,2,13.0859375,stipe_density,"c(-71.00862, 43.01112)",Gulf of Maine/Bay of Fundy,Cold Temperate Northwest Atlantic,Temperate Northern Atlantic,0.2266049129800006,0.05250797297534749,0.05250797297534749,0.05250797297534749,-1.4413635627337404,-2.772461162770276,-2.772461162770276,-2.772461162770276,2015-06-15,2015,2015,7.2360430950047885,Witman_et_al._2018 Lunging Island,2
Witman_et_al._2018,Spout Shoal,1,43.01112,-71.00862,1,2014-06-15,13.5,13.5,13.5,0.0410389610389612,0.195312500000024,0.195312500000024,NA,10,12,12,0,2,0.195312500000024,stipe_density,"c(-71.00862, 43.01112)",Gulf of Maine/Bay of Fundy,Cold Temperate Northwest Atlantic,Temperate Northern Atlantic,0.003382162880298932,7.837010891843872e-4,7.837010891843872e-4,7.837010891843872e-4,-4.313832587099491,-4.529719443187399,-4.529719443187399,-4.529719443187399,2014-06-15,2014,2014,6.2360430950047885,Witman_et_al._2018 Spout Shoal,2
Witman_et_al._2018,Spout Shoal,2,43.01112,-71.00862,1,2015-06-15,13.5,13.5,13.5,0.376103896103896,19.921875,19.921875,NA,10,12,12,0,2,19.921875,stipe_density,"c(-71.00862, 43.01112)",Gulf of Maine/Bay of Fundy,Cold Temperate Northwest Atlantic,Temperate Northern Atlantic,0.3449806137904487,0.07993751109679767,0.07993751109679767,0.07993751109679767,-1.0356921000388388,-2.408640170951123,-2.408640170951123,-2.408640170951123,2015-06-15,2015,2015,7.2360430950047885,Witman_et_al._2018 Spout Shoal,2
Witman_et_al._2018,Star Island,1,43.01112,-71.00862,1,2014-06-15,13.5,13.5,13.5,0.104935064935064,3.71093749999998,3.71093749999998,NA,10,12,12,0,2,3.71093749999998,stipe_density,"c(-71.00862, 43.01112)",Gulf of Maine/Bay of Fundy,Cold Temperate Northwest Atlantic,Temperate Northern Atlantic,0.06426109472567147,0.014890320694501446,0.014890320694501446,0.014890320694501446,-2.600168088547202,-3.693276278213907,-3.693276278213907,-3.693276278213907,2014-06-15,2014,2014,6.2360430950047885,Witman_et_al._2018 Star Island,2
Witman_et_al._2018,Star Island,2,43.01112,-71.00862,1,2015-06-15,13.5,13.5,13.5,0.198441558441558,20.1171874999999,20.1171874999999,NA,10,12,12,0,2,20.1171874999999,stipe_density,"c(-71.00862, 43.01112)",Gulf of Maine/Bay of Fundy,Cold Temperate Northwest Atlantic,Temperate Northern Atlantic,0.34836277667074544,0.08072121218598156,0.08072121218598156,0.08072121218598156,-1.0262094630108007,-2.3999640772535424,-2.3999640772535424,-2.3999640772535424,2015-06-15,2015,2015,7.2360430950047885,Witman_et_al._2018 Star Island,2
Rhode_Island_Feehan_Grace_Narvaez,Fort Wetherill,1,41.476,-71.357,0.1,1980-05-01,2,2,2,NA,60.41,60.41,NA,7,19,19,0,2,60.41,stipe_density,"c(-71.357, 41.476)",Virginian,Cold Temperate Northwest Atlantic,Temperate Northern Atlantic,0.2423981199238298,0.2423981199238298,0.2423981199238298,0.2423981199238298,-1.3767475971390581,-1.3767475971390581,-1.3767475971390581,-1.3767475971390581,1980-05-01,1980,1980,-27.76395690499521,Rhode_Island_Feehan_Grace_Narvaez Fort Wetherill,15
Rhode_Island_Feehan_Grace_Narvaez,Fort Wetherill,2,41.476,-71.357,0.1,1980-06-01,2,2,2,NA,93.97,93.97,NA,7,19,19,0,2,93.97,stipe_density,"c(-71.357, 41.476)",Virginian,Cold Temperate Northwest Atlantic,Temperate Northern Atlantic,0.3770592837153168,0.3770592837153168,0.3770592837153168,0.3770592837153168,-0.9491774097895472,-0.9491774097895472,-0.9491774097895472,-0.9491774097895472,1980-06-01,1980,1980,-27.76395690499521,Rhode_Island_Feehan_Grace_Narvaez Fort Wetherill,15
Rhode_Island_Feehan_Grace_Narvaez,Fort Wetherill,3,41.476,-71.357,0.1,1980-07-01,2,2,2,3.46903,46.623123,46.623123,NA,7,19,19,0,2,46.623123,stipe_density,"c(-71.357, 41.476)",Virginian,Cold Temperate Northwest Atlantic,Temperate Northern Atlantic,0.1870775924545186,0.1870775924545186,0.1870775924545186,0.1870775924545186,-1.624157757463199,-1.624157757463199,-1.624157757463199,-1.624157757463199,1980-07-01,1980,1980,-27.76395690499521,Rhode_Island_Feehan_Grace_Narvaez Fort Wetherill,15
Rhode_Island_Feehan_Grace_Narvaez,Fort Wetherill,4,41.476,-71.357,0.1,1980-08-01,2,2,2,NA,109.39,109.39,NA,7,19,19,0,2,109.39,stipe_density,"c(-71.357, 41.476)",Virginian,Cold Temperate Northwest Atlantic,Temperate Northern Atlantic,0.43893279818685227,0.43893279818685227,0.43893279818685227,0.43893279818685227,-0.8008820724040164,-0.8008820724040164,-0.8008820724040164,-0.8008820724040164,1980-08-01,1980,1980,-27.76395690499521,Rhode_Island_Feehan_Grace_Narvaez Fort Wetherill,15
Rhode_Island_Feehan_Grace_Narvaez,Fort Wetherill,5,41.476,-71.357,0.1,1980-09-01,2,2,2,NA,75.53,75.53,NA,7,19,19,0,2,75.53,stipe_density,"c(-71.357, 41.476)",Virginian,Cold Temperate Northwest Atlantic,Temperate Northern Atlantic,0.3030678695223782,0.3030678695223782,0.3030678695223782,0.3030678695223782,-1.1613352764126559,-1.1613352764126559,-1.1613352764126559,-1.1613352764126559,1980-09-01,1980,1980,-27.76395690499521,Rhode_Island_Feehan_Grace_Narvaez Fort Wetherill,15
Rhode_Island_Feehan_Grace_Narvaez,Fort Wetherill,6,41.476,-71.357,0.1,1981-02-01,2,2,2,NA,45.54,45.54,NA,7,19,19,0,2,45.54,stipe_density,"c(-71.357, 41.476)",Virginian,Cold Temperate Northwest Atlantic,Temperate Northern Atlantic,0.18273150771943733,0.18273150771943733,0.18273150771943733,0.18273150771943733,-1.6464572103399262,-1.6464572103399262,-1.6464572103399262,-1.6464572103399262,1981-02-01,1981,1981,-26.76395690499521,Rhode_Island_Feehan_Grace_Narvaez Fort Wetherill,15
Rhode_Island_Feehan_Grace_Narvaez,Fort Wetherill,7,41.476,-71.357,0.1,1981-04-01,2,2,2,NA,87.93148,87.93148,NA,7,19,19,0,2,87.93148,stipe_density,"c(-71.357, 41.476)",Virginian,Cold Temperate Northwest Atlantic,Temperate Northern Atlantic,0.3528294228458838,0.3528294228458838,0.3528294228458838,0.3528294228458838,-1.0138224646748342,-1.0138224646748342,-1.0138224646748342,-1.0138224646748342,1981-04-01,1981,1981,-26.76395690499521,Rhode_Island_Feehan_Grace_Narvaez Fort Wetherill,15
Rhode_Island_Feehan_Grace_Narvaez,Fort Wetherill,8,41.476,-71.357,0.1,1981-06-01,2,2,2,NA,247.17,247.17,NA,7,19,19,0,2,247.17,stipe_density,"c(-71.357, 41.476)",Virginian,Cold Temperate Northwest Atlantic,Temperate Northern Atlantic,0.9917818788540476,0.9917818788540476,0.9917818788540476,0.9917818788540476,0.0017802931912821835,0.0017802931912821835,0.0017802931912821835,0.0017802931912821835,1981-06-01,1981,1981,-26.76395690499521,Rhode_Island_Feehan_Grace_Narvaez Fort Wetherill,15
Rhode_Island_Feehan_Grace_Narvaez,Fort Wetherill,10,41.476,-71.357,20.533333333333335,2017-12-01,6,3.6666666666666665,2,NA,0.9407407408666667,0.9407407408666667,NA,7,19,19,0,2,0.9407407408666667,stipe_density,"c(-71.357, 41.476)",Virginian,Cold Temperate Northwest Atlantic,Temperate Northern Atlantic,0.0037747688614770862,0.0037747688614770862,0.0037747688614770862,0.0037747688614770862,-4.284916703650029,-4.284916703650029,-4.284916703650029,-4.284916703650029,2017-12-01,2017,2017,9.236043095004788,Rhode_Island_Feehan_Grace_Narvaez Fort Wetherill,15
Rhode_Island_Feehan_Grace_Narvaez,Fort Wetherill,11,41.476,-71.357,49,2017-12-20,8,6.5,5,NA,1.66666666665,1.66666666665,NA,7,19,19,0,2,1.66666666665,stipe_density,"c(-71.357, 41.476)",Virginian,Cold Temperate Northwest Atlantic,Temperate Northern Atlantic,0.006687582627639074,0.006687582627639074,0.006687582627639074,0.006687582627639074,-4.093090391364919,-4.093090391364919,-4.093090391364919,-4.093090391364919,2017-12-20,2017,2017,9.236043095004788,Rhode_Island_Feehan_Grace_Narvaez Fort Wetherill,15
Rhode_Island_Feehan_Grace_Narvaez,Fort Wetherill,12,41.476,-71.357,13.333333333333334,2018-02-09,5,3.1666666666666665,1.5,NA,1.625,1.625,NA,7,19,19,0,2,1.625,stipe_density,"c(-71.357, 41.476)",Virginian,Cold Temperate Northwest Atlantic,Temperate Northern Atlantic,0.0065203930620133,0.0065203930620133,0.0065203930620133,0.0065203930620133,-4.103159718072278,-4.103159718072278,-4.103159718072278,-4.103159718072278,2018-02-09,2018,2018,10.236043095004788,Rhode_Island_Feehan_Grace_Narvaez Fort Wetherill,15
Rhode_Island_Feehan_Grace_Narvaez,Fort Wetherill,13,41.476,-71.357,3,2018-03-23,6,4.75,3.5,NA,3.8708333335000003,3.8708333335000003,NA,7,19,19,0,2,3.8708333335000003,stipe_density,"c(-71.357, 41.476)",Virginian,Cold Temperate Northwest Atlantic,Temperate Northern Atlantic,0.015531910653515826,0.015531910653515826,0.015531910653515826,0.015531910653515826,-3.667826210986748,-3.667826210986748,-3.667826210986748,-3.667826210986748,2018-03-23,2018,2018,10.236043095004788,Rhode_Island_Feehan_Grace_Narvaez Fort Wetherill,15
Rhode_Island_Feehan_Grace_Narvaez,Fort Wetherill,14,41.476,-71.357,0.8333333333333334,2018-06-20,6,3.3333333333333335,2,0.13282,34.25555555555557,34.25555555555557,NA,7,19,19,0,2,34.25555555555557,stipe_density,"c(-71.357, 41.476)",Virginian,Cold Temperate Northwest Atlantic,Temperate Northern Atlantic,0.13745211494144965,0.13745211494144965,0.13745211494144965,0.13745211494144965,-1.9142518003754327,-1.9142518003754327,-1.9142518003754327,-1.9142518003754327,2018-06-20,2018,2018,10.236043095004788,Rhode_Island_Feehan_Grace_Narvaez Fort Wetherill,15
Rhode_Island_Feehan_Grace_Narvaez,Fort Wetherill,15,41.476,-71.357,1,2018-08-30,4,4,4,NA,9.33333333333333,9.33333333333333,NA,7,19,19,0,2,9.33333333333333,stipe_density,"c(-71.357, 41.476)",Virginian,Cold Temperate Northwest Atlantic,Temperate Northern Atlantic,0.0374504627151533,0.0374504627151533,0.0374504627151533,0.0374504627151533,-3.048069002337218,-3.048069002337218,-3.048069002337218,-3.048069002337218,2018-08-30,2018,2018,10.236043095004788,Rhode_Island_Feehan_Grace_Narvaez Fort Wetherill,15
Rhode_Island_Feehan_Grace_Narvaez,Fort Wetherill,16,41.476,-71.357,1,2018-11-30,6,4,2,NA,3.2,3.2,NA,7,19,19,0,2,3.2,stipe_density,"c(-71.357, 41.476)",Virginian,Cold Temperate Northwest Atlantic,Temperate Northern Atlantic,0.012840158645195422,0.012840158645195422,0.012840158645195422,0.012840158645195422,-3.7792349482816983,-3.7792349482816983,-3.7792349482816983,-3.7792349482816983,2018-11-30,2018,2018,10.236043095004788,Rhode_Island_Feehan_Grace_Narvaez Fort Wetherill,15
Rhode_Island_Feehan_Grace_Narvaez,Land's End,1,41.451,-71.313,0.1,1980-07-01,2,2,2,12.73783,87.18,87.18,NA,7,19,19,0,2,87.18,stipe_density,"c(-71.313, 41.451)",Virginian,Cold Temperate Northwest Atlantic,Temperate Northern Atlantic,0.3498140720900428,0.3498140720900428,0.3498140720900428,0.3498140720900428,-1.022167847363247,-1.022167847363247,-1.022167847363247,-1.022167847363247,1980-07-01,1980,1980,-27.76395690499521,Rhode_Island_Feehan_Grace_Narvaez Land's End,3
Rhode_Island_Feehan_Grace_Narvaez,Land's End,2,41.451,-71.313,0.1,1981-07-01,2,2,2,17.93976,252.2,252.2,NA,7,19,19,0,2,252.2,stipe_density,"c(-71.313, 41.451)",Virginian,Cold Temperate Northwest Atlantic,Temperate Northern Atlantic,1.011965003224464,1.011965003224464,1.011965003224464,1.011965003224464,0.021727247774903802,0.021727247774903802,0.021727247774903802,0.021727247774903802,1981-07-01,1981,1981,-26.76395690499521,Rhode_Island_Feehan_Grace_Narvaez Land's End,3
Rhode_Island_Feehan_Grace_Narvaez,Land's End,3,41.451,-71.313,0.8333333333333334,2018-07-12,6,3.3333333333333335,2,0,0.4,0.4,NA,7,19,19,0,2,0.4,stipe_density,"c(-71.313, 41.451)",Virginian,Cold Temperate Northwest Atlantic,Temperate Northern Atlantic,0.0016050198306494278,0.0016050198306494278,0.0016050198306494278,0.0016050198306494278,-4.456317530455006,-4.456317530455006,-4.456317530455006,-4.456317530455006,2018-07-12,2018,2018,10.236043095004788,Rhode_Island_Feehan_Grace_Narvaez Land's End,3
seabrook,31,1,42.968101,-70.749777,1,1978-04-15,9.4,9.4,9.4,NA,4.0915,4.0915,NA,0,249,249,0,2,4.0915,stipe_density,"c(-70.749777, 42.968101)",Gulf of Maine/Bay of Fundy,Cold Temperate Northwest Atlantic,Temperate Northern Atlantic,0.07085117145467587,0.016417346592755334,0.016417346592755334,0.016417346592755334,-2.5151452038286664,-3.633734416697071,-3.633734416697071,-3.633734416697071,1978-04-15,1978,1978,-29.76395690499521,seabrook 31,131
seabrook,31,2,42.968101,-70.749777,1,1978-07-15,9.4,9.4,9.4,NA,5.2271,5.2271,NA,0,249,249,0,2,5.2271,stipe_density,"c(-70.749777, 42.968101)",Gulf of Maine/Bay of Fundy,Cold Temperate Northwest Atlantic,Temperate Northern Atlantic,0.09051598638903488,0.02097399789196906,0.02097399789196906,0.02097399789196906,-2.297438495585456,-3.4746072041462357,-3.4746072041462357,-3.4746072041462357,1978-07-15,1978,1978,-29.76395690499521,seabrook 31,131
seabrook,31,3,42.968101,-70.749777,1,1978-11-15,9.4,9.4,9.4,NA,7.247800000000001,7.247800000000001,NA,0,249,249,0,2,7.247800000000001,stipe_density,"c(-70.749777, 42.968101)",Gulf of Maine/Bay of Fundy,Cold Temperate Northwest Atlantic,Temperate Northern Atlantic,0.12550778943399726,0.029082156821452307,0.029082156821452307,0.029082156821452307,-1.9987261537169068,-3.24208926342636,-3.24208926342636,-3.24208926342636,1978-11-15,1978,1978,-29.76395690499521,seabrook 31,131
seabrook,31,4,42.968101,-70.749777,1,1979-04-15,9.4,9.4,9.4,NA,6.9639,6.9639,NA,0,249,249,0,2,6.9639,stipe_density,"c(-70.749777, 42.968101)",Gulf of Maine/Bay of Fundy,Cold Temperate Northwest Atlantic,Temperate Northern Atlantic,0.12059158570040748,0.027942993996648874,0.027942993996648874,0.027942993996648874,-2.0356804922367626,-3.2716704036022857,-3.2716704036022857,-3.2716704036022857,1979-04-15,1979,1979,-28.76395690499521,seabrook 31,131
seabrook,31,5,42.968101,-70.749777,1,1979-07-15,9.4,9.4,9.4,NA,10.162600000000001,10.162600000000001,NA,0,249,249,0,2,10.162600000000001,stipe_density,"c(-70.749777, 42.968101)",Gulf of Maine/Bay of Fundy,Cold Temperate Northwest Atlantic,Temperate Northern Atlantic,0.17598243065508715,0.04077793632739469,0.04077793632739469,0.04077793632739469,-1.6821030685740708,-2.980293343007687,-2.980293343007687,-2.980293343007687,1979-07-15,1979,1979,-28.76395690499521,seabrook 31,131
seabrook,31,6,42.968101,-70.749777,1,1979-11-15,9.4,9.4,9.4,NA,20.4085,20.4085,NA,0,249,249,0,2,20.4085,stipe_density,"c(-70.749777, 42.968101)",Gulf of Maine/Bay of Fundy,Cold Temperate Northwest Atlantic,Temperate Northern Atlantic,0.35340734024997006,0.08189011803452212,0.08189011803452212,0.08189011803452212,-1.012230924407411,-2.3871617849503934,-2.3871617849503934,-2.3871617849503934,1979-11-15,1979,1979,-28.76395690499521,seabrook 31,131
seabrook,31,7,42.968101,-70.749777,1,1980-04-15,9.4,9.4,9.4,NA,16.2911,16.2911,NA,0,249,249,0,2,16.2911,stipe_density,"c(-70.749777, 42.968101)",Gulf of Maine/Bay of Fundy,Cold Temperate Northwest Atlantic,Temperate Northern Atlantic,0.28210766694006356,0.06536884640773223,0.06536884640773223,0.06536884640773223,-1.2306328222777752,-2.5853612669659007,-2.5853612669659007,-2.5853612669659007,1980-04-15,1980,1980,-27.76395690499521,seabrook 31,131
seabrook,31,8,42.968101,-70.749777,1,1980-07-15,9.4,9.4,9.4,NA,21.1463,21.1463,NA,0,249,249,0,2,21.1463,stipe_density,"c(-70.749777, 42.968101)",Gulf of Maine/Bay of Fundy,Cold Temperate Northwest Atlantic,Temperate Northern Atlantic,0.3661835822881614,0.08485057711215498,0.08485057711215498,0.08485057711215498,-0.9776780039814776,-2.3554524981477742,-2.3554524981477742,-2.3554524981477742,1980-07-15,1980,1980,-27.76395690499521,seabrook 31,131
seabrook,31,9,42.968101,-70.749777,1,1980-10-15,9.4,9.4,9.4,NA,13.720699999999999,13.720699999999999,NA,0,249,249,0,2,13.720699999999999,stipe_density,"c(-70.749777, 42.968101)",Gulf of Maine/Bay of Fundy,Cold Temperate Northwest Atlantic,Temperate Northern Atlantic,0.23759688822636468,0.055054988975979005,0.055054988975979005,0.055054988975979005,-1.3959533059955629,-2.7325223824836486,-2.7325223824836486,-2.7325223824836486,1980-10-15,1980,1980,-27.76395690499521,seabrook 31,131
seabrook,31,10,42.968101,-70.749777,1,1981-04-15,9.4,9.4,9.4,NA,13.4589,13.4589,NA,0,249,249,0,2,13.4589,stipe_density,"c(-70.749777, 42.968101)",Gulf of Maine/Bay of Fundy,Cold Temperate Northwest Atlantic,Temperate Northern Atlantic,0.2330633829870065,0.054004503496818956,0.054004503496818956,0.054004503496818956,-1.4144330343157359,-2.74880183096032,-2.74880183096032,-2.74880183096032,1981-04-15,1981,1981,-26.76395690499521,seabrook 31,131
seabrook,31,11,42.968101,-70.749777,1,1981-07-15,9.4,9.4,9.4,NA,12.530700000000001,12.530700000000001,NA,0,249,249,0,2,12.530700000000001,stipe_density,"c(-70.749777, 42.968101)",Gulf of Maine/Bay of Fundy,Cold Temperate Northwest Atlantic,Temperate Northern Atlantic,0.21699004622928192,0.05028005497979696,0.05028005497979696,0.05028005497979696,-1.4828491116723508,-2.808753993150652,-2.808753993150652,-2.808753993150652,1981-07-15,1981,1981,-26.76395690499521,seabrook 31,131
seabrook,31,12,42.968101,-70.749777,1,1981-10-15,9.4,9.4,9.4,NA,18.349800000000002,18.349800000000002,NA,0,249,249,0,2,18.349800000000002,stipe_density,"c(-70.749777, 42.968101)",Gulf of Maine/Bay of Fundy,Cold Temperate Northwest Atlantic,Temperate Northern Atlantic,0.3177575035950168,0.07362948222112718,0.07362948222112718,0.07362948222112718,-1.1154812623364254,-2.4813591629132956,-2.4813591629132956,-2.4813591629132956,1981-10-15,1981,1981,-26.76395690499521,seabrook 31,131
seabrook,31,13,42.968101,-70.749777,1,1982-04-15,9.4,9.4,9.4,NA,14.8036,14.8036,NA,0,249,249,0,2,14.8036,stipe_density,"c(-70.749777, 42.968101)",Gulf of Maine/Bay of Fundy,Cold Temperate Northwest Atlantic,Temperate Northern Atlantic,0.25634911444371006,0.05940017891250467,0.05940017891250467,0.05940017891250467,-1.3229473704089245,-2.6678658334827206,-2.6678658334827206,-2.6678658334827206,1982-04-15,1982,1982,-25.76395690499521,seabrook 31,131
seabrook,31,14,42.968101,-70.749777,1,1982-07-15,9.4,9.4,9.4,NA,12.5664,12.5664,NA,0,249,249,0,2,12.5664,stipe_density,"c(-70.749777, 42.968101)",Gulf of Maine/Bay of Fundy,Cold Temperate Northwest Atlantic,Temperate Northern Atlantic,0.21760825148919438,0.050423302999682416,0.050423302999682416,0.050423302999682416,-1.4801293230409374,-2.806380437194372,-2.806380437194372,-2.806380437194372,1982-07-15,1982,1982,-25.76395690499521,seabrook 31,131
seabrook,31,15,42.968101,-70.749777,1,1982-10-15,9.4,9.4,9.4,NA,12.126100000000001,12.126100000000001,NA,0,249,249,0,2,12.126100000000001,stipe_density,"c(-70.749777, 42.968101)",Gulf of Maine/Bay of Fundy,Cold Temperate Northwest Atlantic,Temperate Northern Atlantic,0.20998371995027376,0.04865657742109507,0.04865657742109507,0.04865657742109507,-1.5142017355939557,-2.8360555631784132,-2.8360555631784132,-2.8360555631784132,1982-10-15,1982,1982,-25.76395690499521,seabrook 31,131
seabrook,31,16,42.968101,-70.749777,1,1983-04-15,9.4,9.4,9.4,NA,9.4486,9.4486,NA,0,249,249,0,2,9.4486,stipe_density,"c(-70.749777, 42.968101)",Gulf of Maine/Bay of Fundy,Cold Temperate Northwest Atlantic,Temperate Northern Atlantic,0.16361832545683747,0.03791297592968546,0.03791297592968546,0.03791297592968546,-1.7508959209397859,-3.0383689150154227,-3.0383689150154227,-3.0383689150154227,1983-04-15,1983,1983,-24.76395690499521,seabrook 31,131
seabrook,31,17,42.968101,-70.749777,1,1983-07-15,9.4,9.4,9.4,NA,15.0535,15.0535,NA,0,249,249,0,2,15.0535,stipe_density,"c(-70.749777, 42.968101)",Gulf of Maine/Bay of Fundy,Cold Temperate Northwest Atlantic,Temperate Northern Atlantic,0.2606765512630974,0.0604029150517029,0.0604029150517029,0.0604029150517029,-1.3068307087104463,-2.6535206096909696,-2.6535206096909696,-2.6535206096909696,1983-07-15,1983,1983,-24.76395690499521,seabrook 31,131
seabrook,31,18,42.968101,-70.749777,1,1983-10-15,9.4,9.4,9.4,NA,12.495000000000001,12.495000000000001,NA,0,249,249,0,2,12.495000000000001,stipe_density,"c(-70.749777, 42.968101)",Gulf of Maine/Bay of Fundy,Cold Temperate Northwest Atlantic,Temperate Northern Atlantic,0.21637184096936943,0.050136806959911503,0.050136806959911503,0.050136806959911503,-1.485576317732387,-2.8111331962813524,-2.8111331962813524,-2.8111331962813524,1983-10-15,1983,1983,-24.76395690499521,seabrook 31,131
seabrook,31,19,42.968101,-70.749777,1,1984-04-15,9.4,9.4,9.4,NA,7.663600000000001,7.663600000000001,NA,0,249,249,0,2,7.663600000000001,stipe_density,"c(-70.749777, 42.968101)",Gulf of Maine/Bay of Fundy,Cold Temperate Northwest Atlantic,Temperate Northern Atlantic,0.13270806246121325,0.03075057493541239,0.03075057493541239,0.03075057493541239,-1.9469542567175677,-3.2002853305503183,-3.2002853305503183,-3.2002853305503183,1984-04-15,1984,1984,-23.76395690499521,seabrook 31,131
seabrook,31,20,42.968101,-70.749777,1,1984-07-15,9.4,9.4,9.4,NA,10.71,10.71,NA,0,249,249,0,2,10.71,stipe_density,"c(-70.749777, 42.968101)",Gulf of Maine/Bay of Fundy,Cold Temperate Northwest Atlantic,Temperate Northern Atlantic,0.1854615779737452,0.04297440596563843,0.04297440596563843,0.04297440596563843,-1.6323914509752862,-2.937946388375527,-2.937946388375527,-2.937946388375527,1984-07-15,1984,1984,-23.76395690499521,seabrook 31,131
seabrook,31,21,42.968101,-70.749777,1,1984-10-15,9.4,9.4,9.4,NA,8.211,8.211,NA,0,249,249,0,2,8.211,stipe_density,"c(-70.749777, 42.968101)",Gulf of Maine/Bay of Fundy,Cold Temperate Northwest Atlantic,Temperate Northern Atlantic,0.14218720977987134,0.03294704457365613,0.03294704457365613,0.03294704457365613,-1.882643872697625,-3.14778744377728,-3.14778744377728,-3.14778744377728,1984-10-15,1984,1984,-23.76395690499521,seabrook 31,131
seabrook,31,22,42.968101,-70.749777,1,1985-04-15,9.4,9.4,9.4,NA,12.0428,12.0428,NA,0,249,249,0,2,12.0428,stipe_density,"c(-70.749777, 42.968101)",Gulf of Maine/Bay of Fundy,Cold Temperate Northwest Atlantic,Temperate Northern Atlantic,0.20854124101047794,0.04832233204136232,0.04832233204136232,0.04832233204136232,-1.5207805362134084,-2.8417702050893836,-2.8417702050893836,-2.8417702050893836,1985-04-15,1985,1985,-22.76395690499521,seabrook 31,131
seabrook,31,23,42.968101,-70.749777,1,1985-07-15,9.4,9.4,9.4,NA,10.4363,10.4363,NA,0,249,249,0,2,10.4363,stipe_density,"c(-70.749777, 42.968101)",Gulf of Maine/Bay of Fundy,Cold Temperate Northwest Atlantic,Temperate Northern Atlantic,0.18072200431441615,0.04187617114651655,0.04187617114651655,0.04187617114651655,-1.656938385961463,-2.9588957243677245,-2.9588957243677245,-2.9588957243677245,1985-07-15,1985,1985,-22.76395690499521,seabrook 31,131
seabrook,31,24,42.968101,-70.749777,1,1985-10-15,9.4,9.4,9.4,NA,8.1158,8.1158,NA,0,249,249,0,2,8.1158,stipe_density,"c(-70.749777, 42.968101)",Gulf of Maine/Bay of Fundy,Cold Temperate Northwest Atlantic,Temperate Northern Atlantic,0.1405386624201047,0.03256504985396157,0.03256504985396157,0.03256504985396157,-1.8935353346277617,-3.1567217884037255,-3.1567217884037255,-3.1567217884037255,1985-10-15,1985,1985,-22.76395690499521,seabrook 31,131
seabrook,31,25,42.968101,-70.749777,1,1986-04-15,9.4,9.4,9.4,NA,7.9135,7.9135,NA,0,249,249,0,2,7.9135,stipe_density,"c(-70.749777, 42.968101)",Gulf of Maine/Bay of Fundy,Cold Temperate Northwest Atlantic,Temperate Northern Atlantic,0.13703549928060063,0.031753311074610616,0.031753311074610616,0.031753311074610616,-1.9170812296530626,-3.175976523653618,-3.175976523653618,-3.175976523653618,1986-04-15,1986,1986,-21.76395690499521,seabrook 31,131
seabrook,31,26,42.968101,-70.749777,1,1986-07-15,9.4,9.4,9.4,NA,6.961499999999999,6.961499999999999,NA,0,249,249,0,2,6.961499999999999,stipe_density,"c(-70.749777, 42.968101)",Gulf of Maine/Bay of Fundy,Cold Temperate Northwest Atlantic,Temperate Northern Atlantic,0.12055002568293437,0.027933363877664975,0.027933363877664975,0.027933363877664975,-2.0359987871082987,-3.271924240747489,-3.271924240747489,-3.271924240747489,1986-07-15,1986,1986,-21.76395690499521,seabrook 31,131
seabrook,31,27,42.968101,-70.749777,1,1986-10-15,9.4,9.4,9.4,NA,5.3788,5.3788,NA,0,249,249,0,2,5.3788,stipe_density,"c(-70.749777, 42.968101)",Gulf of Maine/Bay of Fundy,Cold Temperate Northwest Atlantic,Temperate Northern Atlantic,0.09314292582681426,0.021582701662742853,0.021582701662742853,0.021582701662742853,-2.2716396232339044,-3.455145724011953,-3.455145724011953,-3.455145724011953,1986-10-15,1986,1986,-21.76395690499521,seabrook 31,131
seabrook,31,28,42.968101,-70.749777,1,1987-04-15,9.4,9.4,9.4,NA,5.2479000000000005,5.2479000000000005,NA,0,249,249,0,2,5.2479000000000005,stipe_density,"c(-70.749777, 42.968101)",Gulf of Maine/Bay of Fundy,Cold Temperate Northwest Atlantic,Temperate Northern Atlantic,0.09087617320713516,0.021057458923162832,0.021057458923162832,0.021057458923162832,-2.2938615221534833,-3.471916276483359,-3.471916276483359,-3.471916276483359,1987-04-15,1987,1987,-20.76395690499521,seabrook 31,131
seabrook,31,29,42.968101,-70.749777,1,1987-07-15,9.4,9.4,9.4,NA,9.531899999999998,9.531899999999998,NA,0,249,249,0,2,9.531899999999998,stipe_density,"c(-70.749777, 42.968101)",Gulf of Maine/Bay of Fundy,Cold Temperate Northwest Atlantic,Temperate Northern Atlantic,0.1650608043966332,0.03824722130941819,0.03824722130941819,0.03824722130941819,-1.7426219117116328,-3.031417042297588,-3.031417042297588,-3.031417042297588,1987-07-15,1987,1987,-20.76395690499521,seabrook 31,131
seabrook,31,30,42.968101,-70.749777,1,1987-10-15,9.4,9.4,9.4,NA,6.5331,6.5331,NA,0,249,249,0,2,6.5331,stipe_density,"c(-70.749777, 42.968101)",Gulf of Maine/Bay of Fundy,Cold Temperate Northwest Atlantic,Temperate Northern Atlantic,0.11313156256398459,0.02621438763903944,0.02621438763903944,0.02621438763903944,-2.0945018808982216,-3.318298790519932,-3.318298790519932,-3.318298790519932,1987-10-15,1987,1987,-20.76395690499521,seabrook 31,131
seabrook,31,31,42.968101,-70.749777,1,1988-04-15,9.4,9.4,9.4,NA,8.5442,8.5442,NA,0,249,249,0,2,8.5442,stipe_density,"c(-70.749777, 42.968101)",Gulf of Maine/Bay of Fundy,Cold Temperate Northwest Atlantic,Temperate Northern Atlantic,0.14795712553905452,0.0342840260925871,0.0342840260925871,0.0342840260925871,-1.8454316401269932,-3.1171312517748313,-3.1171312517748313,-3.1171312517748313,1988-04-15,1988,1988,-19.76395690499521,seabrook 31,131
seabrook,31,32,42.968101,-70.749777,1,1988-07-15,9.4,9.4,9.4,NA,10.0198,10.0198,NA,0,249,249,0,2,10.0198,stipe_density,"c(-70.749777, 42.968101)",Gulf of Maine/Bay of Fundy,Cold Temperate Northwest Atlantic,Temperate Northern Atlantic,0.17350960961543718,0.04020494424785284,0.04020494424785284,0.04020494424785284,-1.695488244382196,-2.9916417661412886,-2.9916417661412886,-2.9916417661412886,1988-07-15,1988,1988,-19.76395690499521,seabrook 31,131
seabrook,31,33,42.968101,-70.749777,1,1988-10-15,9.4,9.4,9.4,NA,8.8893,8.8893,NA,0,249,249,0,2,8.8893,stipe_density,"c(-70.749777, 42.968101)",Gulf of Maine/Bay of Fundy,Cold Temperate Northwest Atlantic,Temperate Northern Atlantic,0.15393310971820853,0.0356687569514799,0.0356687569514799,0.0356687569514799,-1.80829680193044,-3.086340870209514,-3.086340870209514,-3.086340870209514,1988-10-15,1988,1988,-19.76395690499521,seabrook 31,131
seabrook,31,34,42.968101,-70.749777,1,1989-04-15,9.4,9.4,9.4,NA,5.4145,5.4145,NA,0,249,249,0,2,5.4145,stipe_density,"c(-70.749777, 42.968101)",Gulf of Maine/Bay of Fundy,Cold Temperate Northwest Atlantic,Temperate Northern Atlantic,0.09376113108672675,0.021725949682628316,0.021725949682628316,0.021725949682628316,-2.2656638380433223,-3.450620330995104,-3.450620330995104,-3.450620330995104,1989-04-15,1989,1989,-18.76395690499521,seabrook 31,131
seabrook,31,35,42.968101,-70.749777,1,1989-07-15,9.4,9.4,9.4,NA,7.9611,7.9611,NA,0,249,249,0,2,7.9611,stipe_density,"c(-70.749777, 42.968101)",Gulf of Maine/Bay of Fundy,Cold Temperate Northwest Atlantic,Temperate Northern Atlantic,0.13785977296048393,0.0319443084344579,0.0319443084344579,0.0319443084344579,-1.9114909343576492,-3.17141253025673,-3.17141253025673,-3.17141253025673,1989-07-15,1989,1989,-18.76395690499521,seabrook 31,131
seabrook,31,36,42.968101,-70.749777,1,1989-10-15,9.4,9.4,9.4,NA,7.6993,7.6993,NA,0,249,249,0,2,7.6993,stipe_density,"c(-70.749777, 42.968101)",Gulf of Maine/Bay of Fundy,Cold Temperate Northwest Atlantic,Temperate Northern Atlantic,0.1333262677211257,0.030893822955297846,0.030893822955297846,0.030893822955297846,-1.9426316551465659,-3.1967762553270838,-3.1967762553270838,-3.1967762553270838,1989-10-15,1989,1989,-18.76395690499521,seabrook 31,131
seabrook,31,37,42.968101,-70.749777,1,1990-04-15,9.4,9.4,9.4,NA,7.5803,7.5803,NA,0,249,249,0,2,7.5803,stipe_density,"c(-70.749777, 42.968101)",Gulf of Maine/Bay of Fundy,Cold Temperate Northwest Atlantic,Temperate Northern Atlantic,0.13126558352141746,0.030416329555679644,0.030416329555679644,0.030416329555679644,-1.957113589225687,-3.2085213787578404,-3.2085213787578404,-3.2085213787578404,1990-04-15,1990,1990,-17.76395690499521,seabrook 31,131
seabrook,31,38,42.968101,-70.749777,1,1990-07-15,9.4,9.4,9.4,NA,7.4732,7.4732,NA,0,249,249,0,2,7.4732,stipe_density,"c(-70.749777, 42.968101)",Gulf of Maine/Bay of Fundy,Cold Temperate Northwest Atlantic,Temperate Northern Atlantic,0.12941096774167998,0.02998658549602326,0.02998658549602326,0.02998658549602326,-1.970329105546377,-3.2192112437142315,-3.2192112437142315,-3.2192112437142315,1990-07-15,1990,1990,-17.76395690499521,seabrook 31,131
seabrook,31,39,42.968101,-70.749777,1,1990-10-15,9.4,9.4,9.4,NA,7.7231,7.7231,NA,0,249,249,0,2,7.7231,stipe_density,"c(-70.749777, 42.968101)",Gulf of Maine/Bay of Fundy,Cold Temperate Northwest Atlantic,Temperate Northern Atlantic,0.13373840456106736,0.030989321635221487,0.030989321635221487,0.030989321635221487,-1.939760266481196,-3.1944436941217065,-3.1944436941217065,-3.1944436941217065,1990-10-15,1990,1990,-17.76395690499521,seabrook 31,131
seabrook,31,40,42.968101,-70.749777,1,1991-04-15,9.4,9.4,9.4,NA,5.8905,5.8905,NA,0,249,249,0,2,5.8905,stipe_density,"c(-70.749777, 42.968101)",Gulf of Maine/Bay of Fundy,Cold Temperate Northwest Atlantic,Temperate Northern Atlantic,0.10200386788555987,0.023635923281101135,0.023635923281101135,0.023635923281101135,-2.1892218735908524,-3.392160637870873,-3.392160637870873,-3.392160637870873,1991-04-15,1991,1991,-16.76395690499521,seabrook 31,131
seabrook,31,41,42.968101,-70.749777,1,1991-07-15,9.4,9.4,9.4,NA,6.4736,6.4736,NA,0,249,249,0,2,6.4736,stipe_density,"c(-70.749777, 42.968101)",Gulf of Maine/Bay of Fundy,Cold Temperate Northwest Atlantic,Temperate Northern Atlantic,0.11210122046413044,0.02597564093923034,0.02597564093923034,0.02597564093923034,-2.10290490230421,-3.3249132101275145,-3.3249132101275145,-3.3249132101275145,1991-07-15,1991,1991,-16.76395690499521,seabrook 31,131
seabrook,31,42,42.968101,-70.749777,1,1991-10-15,9.4,9.4,9.4,NA,4.9504,4.9504,NA,0,249,249,0,2,4.9504,stipe_density,"c(-70.749777, 42.968101)",Gulf of Maine/Bay of Fundy,Cold Temperate Northwest Atlantic,Temperate Northern Atlantic,0.08572446270786445,0.019863725424117316,0.019863725424117316,0.019863725424117316,-2.3462813945061485,-3.511110731621962,-3.511110731621962,-3.511110731621962,1991-10-15,1991,1991,-16.76395690499521,seabrook 31,131
seabrook,31,43,42.968101,-70.749777,1,1992-04-15,9.4,9.4,9.4,NA,6.307,6.307,NA,0,249,249,0,2,6.307,stipe_density,"c(-70.749777, 42.968101)",Gulf of Maine/Bay of Fundy,Cold Temperate Northwest Atlantic,Temperate Northern Atlantic,0.10921626258453886,0.025307150179764853,0.025307150179764853,0.025307150179764853,-2.126816102578415,-3.3436697808867533,-3.3436697808867533,-3.3436697808867533,1992-04-15,1992,1992,-15.763956904995212,seabrook 31,131
seabrook,31,44,42.968101,-70.749777,1,1992-07-15,9.4,9.4,9.4,NA,6.9377,6.9377,NA,0,249,249,0,2,6.9377,stipe_density,"c(-70.749777, 42.968101)",Gulf of Maine/Bay of Fundy,Cold Temperate Northwest Atlantic,Temperate Northern Atlantic,0.12013788884299274,0.027837865197741337,0.027837865197741337,0.027837865197741337,-2.0391607072461064,-3.274444952940109,-3.274444952940109,-3.274444952940109,1992-07-15,1992,1992,-15.763956904995212,seabrook 31,131
seabrook,31,45,42.968101,-70.749777,1,1992-10-15,9.4,9.4,9.4,NA,10.0674,10.0674,NA,0,249,249,0,2,10.0674,stipe_density,"c(-70.749777, 42.968101)",Gulf of Maine/Bay of Fundy,Cold Temperate Northwest Atlantic,Temperate Northern Atlantic,0.17433388329532049,0.04039594160770012,0.04039594160770012,0.04039594160770012,-1.6910065826134448,-2.9878446308037616,-2.9878446308037616,-2.9878446308037616,1992-10-15,1992,1992,-15.763956904995212,seabrook 31,131
seabrook,31,46,42.968101,-70.749777,1,1993-04-15,9.4,9.4,9.4,NA,5.95,5.95,NA,0,249,249,0,2,5.95,stipe_density,"c(-70.749777, 42.968101)",Gulf of Maine/Bay of Fundy,Cold Temperate Northwest Atlantic,Temperate Northern Atlantic,0.103034209985414,0.023874669980910236,0.023874669980910236,0.023874669980910236,-2.18006476285353,-3.3850877420906804,-3.3850877420906804,-3.3850877420906804,1993-04-15,1993,1993,-14.763956904995212,seabrook 31,131
seabrook,31,47,42.968101,-70.749777,1,1993-07-15,9.4,9.4,9.4,NA,6.925800000000001,6.925800000000001,NA,0,249,249,0,2,6.925800000000001,stipe_density,"c(-70.749777, 42.968101)",Gulf of Maine/Bay of Fundy,Cold Temperate Northwest Atlantic,Temperate Northern Atlantic,0.11993182042302192,0.027790115857779518,0.027790115857779518,0.027790115857779518,-2.0407454243873517,-3.2757076957937503,-3.2757076957937503,-3.2757076957937503,1993-07-15,1993,1993,-14.763956904995212,seabrook 31,131
seabrook,31,48,42.968101,-70.749777,1,1993-10-15,9.4,9.4,9.4,NA,6.545,6.545,NA,0,249,249,0,2,6.545,stipe_density,"c(-70.749777, 42.968101)",Gulf of Maine/Bay of Fundy,Cold Temperate Northwest Atlantic,Temperate Northern Atlantic,0.1133376309839554,0.02626213697900126,0.02626213697900126,0.02626213697900126,-2.0928297168032235,-3.3169811405050615,-3.3169811405050615,-3.3169811405050615,1993-10-15,1993,1993,-14.763956904995212,seabrook 31,131
seabrook,31,49,42.968101,-70.749777,1,1994-04-15,9.4,9.4,9.4,NA,6.1642,6.1642,NA,0,249,249,0,2,6.1642,stipe_density,"c(-70.749777, 42.968101)",Gulf of Maine/Bay of Fundy,Cold Temperate Northwest Atlantic,Temperate Northern Atlantic,0.1067434415448889,0.024734158100223006,0.024734158100223006,0.024734158100223006,-2.147776559215394,-3.360031692925102,-3.360031692925102,-3.360031692925102,1994-04-15,1994,1994,-13.763956904995212,seabrook 31,131
seabrook,31,50,42.968101,-70.749777,1,1994-07-15,9.4,9.4,9.4,NA,9.900799999999998,9.900799999999998,NA,0,249,249,0,2,9.900799999999998,stipe_density,"c(-70.749777, 42.968101)",Gulf of Maine/Bay of Fundy,Cold Temperate Northwest Atlantic,Temperate Northern Atlantic,0.17144892541572887,0.039727450848234626,0.039727450848234626,0.039727450848234626,-1.7067810675465522,-3.0011981674077552,-3.0011981674077552,-3.0011981674077552,1994-07-15,1994,1994,-13.763956904995212,seabrook 31,131
seabrook,31,51,42.968101,-70.749777,1,1994-10-15,9.4,9.4,9.4,NA,17.504900000000003,17.504900000000003,NA,0,249,249,0,2,17.504900000000003,stipe_density,"c(-70.749777, 42.968101)",Gulf of Maine/Bay of Fundy,Cold Temperate Northwest Atlantic,Temperate Northern Atlantic,0.30312664577708803,0.07023927908383792,0.07023927908383792,0.07023927908383792,-1.1611475511820881,-2.522742119867348,-2.522742119867348,-2.522742119867348,1994-10-15,1994,1994,-13.763956904995212,seabrook 31,131
seabrook,31,52,42.968101,-70.749777,1,1995-04-15,9.4,9.4,9.4,NA,7.3542,7.3542,NA,0,249,249,0,2,7.3542,stipe_density,"c(-70.749777, 42.968101)",Gulf of Maine/Bay of Fundy,Cold Temperate Northwest Atlantic,Temperate Northern Atlantic,0.1273502835419717,0.02950909209640505,0.02950909209640505,0.02950909209640505,-1.9852208020675084,-3.2312244539065094,-3.2312244539065094,-3.2312244539065094,1995-04-15,1995,1995,-12.763956904995212,seabrook 31,131
seabrook,31,53,42.968101,-70.749777,1,1995-07-15,9.4,9.4,9.4,NA,11.2455,11.2455,NA,0,249,249,0,2,11.2455,stipe_density,"c(-70.749777, 42.968101)",Gulf of Maine/Bay of Fundy,Cold Temperate Northwest Atlantic,Temperate Northern Atlantic,0.19473465687243247,0.04512312626392035,0.04512312626392035,0.04512312626392035,-1.5860404949667695,-2.898185936470005,-2.898185936470005,-2.898185936470005,1995-07-15,1995,1995,-12.763956904995212,seabrook 31,131
seabrook,31,54,42.968101,-70.749777,1,1995-10-15,9.4,9.4,9.4,NA,9.8294,9.8294,NA,0,249,249,0,2,9.8294,stipe_density,"c(-70.749777, 42.968101)",Gulf of Maine/Bay of Fundy,Cold Temperate Northwest Atlantic,Temperate Northern Atlantic,0.17021251489590394,0.03944095480846371,0.03944095480846371,0.03944095480846371,-1.7136184861866781,-3.0069761535502586,-3.0069761535502586,-3.0069761535502586,1995-10-15,1995,1995,-12.763956904995212,seabrook 31,131
seabrook,31,55,42.968101,-70.749777,1,1996-04-15,9.4,9.4,9.4,NA,7.5207999999999995,7.5207999999999995,NA,0,249,249,0,2,7.5207999999999995,stipe_density,"c(-70.749777, 42.968101)",Gulf of Maine/Bay of Fundy,Cold Temperate Northwest Atlantic,Temperate Northern Atlantic,0.13023524142156329,0.03017758285587054,0.03017758285587054,0.03017758285587054,-1.9644339706222371,-3.214446079297627,-3.214446079297627,-3.214446079297627,1996-04-15,1996,1996,-11.763956904995212,seabrook 31,131
seabrook,31,56,42.968101,-70.749777,1,1996-07-15,9.4,9.4,9.4,NA,14.2205,14.2205,NA,0,249,249,0,2,14.2205,stipe_density,"c(-70.749777, 42.968101)",Gulf of Maine/Bay of Fundy,Cold Temperate Northwest Atlantic,Temperate Northern Atlantic,0.24625176186513947,0.057060461254375465,0.057060461254375465,0.057060461254375465,-1.3615948729818796,-2.7021606597336585,-2.7021606597336585,-2.7021606597336585,1996-07-15,1996,1996,-11.763956904995212,seabrook 31,131
seabrook,31,57,42.968101,-70.749777,1,1996-10-15,9.4,9.4,9.4,NA,12.459299999999999,12.459299999999999,NA,0,249,249,0,2,12.459299999999999,stipe_density,"c(-70.749777, 42.968101)",Gulf of Maine/Bay of Fundy,Cold Temperate Northwest Atlantic,Temperate Northern Atlantic,0.2157536357094569,0.04999355894002603,0.04999355894002603,0.04999355894002603,-1.4883109817894469,-2.8135180735221335,-2.8135180735221335,-2.8135180735221335,1996-10-15,1996,1996,-11.763956904995212,seabrook 31,131
seabrook,31,58,42.968101,-70.749777,1,1997-04-15,9.4,9.4,9.4,NA,12.3165,12.3165,NA,0,249,249,0,2,12.3165,stipe_density,"c(-70.749777, 42.968101)",Gulf of Maine/Bay of Fundy,Cold Temperate Northwest Atlantic,Temperate Northern Atlantic,0.21328081466980697,0.04942056686048419,0.04942056686048419,0.04942056686048419,-1.499325041114153,-2.823114869099471,-2.823114869099471,-2.823114869099471,1997-04-15,1997,1997,-10.763956904995212,seabrook 31,131
seabrook,31,59,42.968101,-70.749777,1,1997-07-15,9.4,9.4,9.4,NA,11.780999999999999,11.780999999999999,NA,0,249,249,0,2,11.780999999999999,stipe_density,"c(-70.749777, 42.968101)",Gulf of Maine/Bay of Fundy,Cold Temperate Northwest Atlantic,Temperate Northern Atlantic,0.20400773577111972,0.04727184656220226,0.04727184656220226,0.04727184656220226,-1.5417431161504491,-2.8599461099985213,-2.8599461099985213,-2.8599461099985213,1997-07-15,1997,1997,-10.763956904995212,seabrook 31,131
seabrook,31,60,42.968101,-70.749777,1,1997-10-15,9.4,9.4,9.4,NA,12.8163,12.8163,NA,0,249,249,0,2,12.8163,stipe_density,"c(-70.749777, 42.968101)",Gulf of Maine/Bay of Fundy,Cold Temperate Northwest Atlantic,Temperate Northern Atlantic,0.22193568830858176,0.05142603913888065,0.05142603913888065,0.05142603913888065,-1.4612951513108499,-2.789921443520094,-2.789921443520094,-2.789921443520094,1997-10-15,1997,1997,-10.763956904995212,seabrook 31,131
seabrook,31,61,42.968101,-70.749777,1,1998-04-15,9.4,9.4,9.4,NA,10.829,10.829,NA,0,249,249,0,2,10.829,stipe_density,"c(-70.749777, 42.968101)",Gulf of Maine/Bay of Fundy,Cold Temperate Northwest Atlantic,Temperate Northern Atlantic,0.1875222621734535,0.04345189936525663,0.04345189936525663,0.04345189936525663,-1.6219039811277798,-2.928973106777498,-2.928973106777498,-2.928973106777498,1998-04-15,1998,1998,-9.763956904995212,seabrook 31,131
seabrook,31,62,42.968101,-70.749777,1,1998-07-15,9.4,9.4,9.4,NA,9.1273,9.1273,NA,0,249,249,0,2,9.1273,stipe_density,"c(-70.749777, 42.968101)",Gulf of Maine/Bay of Fundy,Cold Temperate Northwest Atlantic,Temperate Northern Atlantic,0.15805447811762507,0.0366237437507163,0.0366237437507163,0.0366237437507163,-1.7834670776348203,-3.065645345065514,-3.065645345065514,-3.065645345065514,1998-07-15,1998,1998,-9.763956904995212,seabrook 31,131
seabrook,31,63,42.968101,-70.749777,1,1998-10-15,9.4,9.4,9.4,NA,7.8659,7.8659,NA,0,249,249,0,2,7.8659,stipe_density,"c(-70.749777, 42.968101)",Gulf of Maine/Bay of Fundy,Cold Temperate Northwest Atlantic,Temperate Northern Atlantic,0.1362112256007173,0.03156231371476333,0.03156231371476333,0.03156231371476333,-1.9227029521194374,-3.1805614426269155,-3.1805614426269155,-3.1805614426269155,1998-10-15,1998,1998,-9.763956904995212,seabrook 31,131
seabrook,31,64,42.968101,-70.749777,1,1999-04-15,9.4,9.4,9.4,NA,10.436300000000001,10.436300000000001,NA,0,249,249,0,2,10.436300000000001,stipe_density,"c(-70.749777, 42.968101)",Gulf of Maine/Bay of Fundy,Cold Temperate Northwest Atlantic,Temperate Northern Atlantic,0.18072200431441618,0.04187617114651656,0.04187617114651656,0.04187617114651656,-1.656938385961463,-2.9588957243677245,-2.9588957243677245,-2.9588957243677245,1999-04-15,1999,1999,-8.763956904995212,seabrook 31,131
seabrook,31,65,42.968101,-70.749777,1,1999-07-15,9.4,9.4,9.4,NA,9.5914,9.5914,NA,0,249,249,0,2,9.5914,stipe_density,"c(-70.749777, 42.968101)",Gulf of Maine/Bay of Fundy,Cold Temperate Northwest Atlantic,Temperate Northern Atlantic,0.16609114649648737,0.0384859680092273,0.0384859680092273,0.0384859680092273,-1.736753540175473,-3.0264808422970058,-3.0264808422970058,-3.0264808422970058,1999-07-15,1999,1999,-8.763956904995212,seabrook 31,131
seabrook,31,66,42.968101,-70.749777,1,1999-10-15,9.4,9.4,9.4,NA,7.972999999999999,7.972999999999999,NA,0,249,249,0,2,7.972999999999999,stipe_density,"c(-70.749777, 42.968101)",Gulf of Maine/Bay of Fundy,Cold Temperate Northwest Atlantic,Temperate Northern Atlantic,0.13806584138045475,0.03199205777441971,0.03199205777441971,0.03199205777441971,-1.9100982299529445,-3.1702747791895978,-3.1702747791895978,-3.1702747791895978,1999-10-15,1999,1999,-8.763956904995212,seabrook 31,131
seabrook,31,67,42.968101,-70.749777,1,2000-04-15,9.4,9.4,9.4,NA,6.188000000000001,6.188000000000001,NA,0,249,249,0,2,6.188000000000001,stipe_density,"c(-70.749777, 42.968101)",Gulf of Maine/Bay of Fundy,Cold Temperate Northwest Atlantic,Temperate Northern Atlantic,0.10715557838483057,0.024829656780146647,0.024829656780146647,0.024829656780146647,-2.144252497707201,-3.3572860487972918,-3.3572860487972918,-3.3572860487972918,2000-04-15,2000,2000,-7.7639569049952115,seabrook 31,131
seabrook,31,68,42.968101,-70.749777,1,2000-07-15,9.4,9.4,9.4,NA,4.950399999999999,4.950399999999999,NA,0,249,249,0,2,4.950399999999999,stipe_density,"c(-70.749777, 42.968101)",Gulf of Maine/Bay of Fundy,Cold Temperate Northwest Atlantic,Temperate Northern Atlantic,0.085724462707864435,0.019863725424117313,0.019863725424117313,0.019863725424117313,-2.3462813945061485,-3.511110731621962,-3.511110731621962,-3.511110731621962,2000-07-15,2000,2000,-7.7639569049952115,seabrook 31,131
seabrook,31,69,42.968101,-70.749777,1,2000-10-15,9.4,9.4,9.4,NA,2.3562,2.3562,NA,0,249,249,0,2,2.3562,stipe_density,"c(-70.749777, 42.968101)",Gulf of Maine/Bay of Fundy,Cold Temperate Northwest Atlantic,Temperate Northern Atlantic,0.04080154715422395,0.009454369312440453,0.009454369312440453,0.009454369312440453,-2.979828469069659,-3.9396835908330785,-3.9396835908330785,-3.9396835908330785,2000-10-15,2000,2000,-7.7639569049952115,seabrook 31,131
seabrook,31,70,42.968101,-70.749777,1,2001-04-15,9.4,9.4,9.4,NA,0.7854,0.7854,NA,0,249,249,0,2,0.7854,stipe_density,"c(-70.749777, 42.968101)",Gulf of Maine/Bay of Fundy,Cold Temperate Northwest Atlantic,Temperate Northern Atlantic,0.013600515718074649,0.003151456437480151,0.003151456437480151,0.003151456437480151,-3.746486714728544,-4.33122277078941,-4.33122277078941,-4.33122277078941,2001-04-15,2001,2001,-6.7639569049952115,seabrook 31,131
seabrook,31,71,42.968101,-70.749777,1,2001-07-15,9.4,9.4,9.4,NA,4.867100000000001,4.867100000000001,NA,0,249,249,0,2,4.867100000000001,stipe_density,"c(-70.749777, 42.968101)",Gulf of Maine/Bay of Fundy,Cold Temperate Northwest Atlantic,Temperate Northern Atlantic,0.08428198376806867,0.019529480044384578,0.019529480044384578,0.019529480044384578,-2.361465159895979,-3.5223661910892616,-3.5223661910892616,-3.5223661910892616,2001-07-15,2001,2001,-6.7639569049952115,seabrook 31,131
seabrook,31,72,42.968101,-70.749777,1,2001-10-15,9.4,9.4,9.4,NA,5.0218,5.0218,NA,0,249,249,0,2,5.0218,stipe_density,"c(-70.749777, 42.968101)",Gulf of Maine/Bay of Fundy,Cold Temperate Northwest Atlantic,Temperate Northern Atlantic,0.08696087322768942,0.02015022146388824,0.02015022146388824,0.02015022146388824,-2.333447750640534,-3.501563010433325,-3.501563010433325,-3.501563010433325,2001-10-15,2001,2001,-6.7639569049952115,seabrook 31,131
seabrook,31,73,42.968101,-70.749777,1,2002-04-15,9.4,9.4,9.4,NA,6.9972,6.9972,NA,0,249,249,0,2,6.9972,stipe_density,"c(-70.749777, 42.968101)",Gulf of Maine/Bay of Fundy,Cold Temperate Northwest Atlantic,Temperate Northern Atlantic,0.12116823094284687,0.02807661189755044,0.02807661189755044,0.02807661189755044,-2.0312745739972162,-3.268155046295942,-3.268155046295942,-3.268155046295942,2002-04-15,2002,2002,-5.7639569049952115,seabrook 31,131
seabrook,31,74,42.968101,-70.749777,1,2002-07-15,9.4,9.4,9.4,NA,4.045999999999999,4.045999999999999,NA,0,249,249,0,2,4.045999999999999,stipe_density,"c(-70.749777, 42.968101)",Gulf of Maine/Bay of Fundy,Cold Temperate Northwest Atlantic,Temperate Northern Atlantic,0.07006326279008152,0.016234775587018958,0.016234775587018958,0.016234775587018958,-2.524938171937858,-3.6406694358339653,-3.6406694358339653,-3.6406694358339653,2002-07-15,2002,2002,-5.7639569049952115,seabrook 31,131
seabrook,31,75,42.968101,-70.749777,1,2002-10-15,9.4,9.4,9.4,NA,3.1416,3.1416,NA,0,249,249,0,2,3.1416,stipe_density,"c(-70.749777, 42.968101)",Gulf of Maine/Bay of Fundy,Cold Temperate Northwest Atlantic,Temperate Northern Atlantic,0.054402062872298595,0.012605825749920604,0.012605825749920604,0.012605825749920604,-2.742609614206299,-3.7895476293774024,-3.7895476293774024,-3.7895476293774024,2002-10-15,2002,2002,-5.7639569049952115,seabrook 31,131
seabrook,31,76,42.968101,-70.749777,1,2003-04-15,9.4,9.4,9.4,NA,2.1658000000000004,2.1658000000000004,NA,0,249,249,0,2,2.1658000000000004,stipe_density,"c(-70.749777, 42.968101)",Gulf of Maine/Bay of Fundy,Cold Temperate Northwest Atlantic,Temperate Northern Atlantic,0.03750445243469071,0.008690379873051327,0.008690379873051327,0.008690379873051327,-3.046931836867263,-3.9797463327853486,-3.9797463327853486,-3.9797463327853486,2003-04-15,2003,2003,-4.7639569049952115,seabrook 31,131
seabrook,31,77,42.968101,-70.749777,1,2003-07-15,9.4,9.4,9.4,NA,8.092,8.092,NA,0,249,249,0,2,8.092,stipe_density,"c(-70.749777, 42.968101)",Gulf of Maine/Bay of Fundy,Cold Temperate Northwest Atlantic,Temperate Northern Atlantic,0.14012652558016306,0.03246955117403792,0.03246955117403792,0.03246955117403792,-1.8962768365675908,-3.1589679027834867,-3.1589679027834867,-3.1589679027834867,2003-07-15,2003,2003,-4.7639569049952115,seabrook 31,131
seabrook,31,78,42.968101,-70.749777,1,2003-10-15,9.4,9.4,9.4,NA,5.759599999999999,5.759599999999999,NA,0,249,249,0,2,5.759599999999999,stipe_density,"c(-70.749777, 42.968101)",Gulf of Maine/Bay of Fundy,Cold Temperate Northwest Atlantic,Temperate Northern Atlantic,0.09973711526588074,0.023110680541521104,0.023110680541521104,0.023110680541521104,-2.2096676346853283,-3.4078993736770657,-3.4078993736770657,-3.4078993736770657,2003-10-15,2003,2003,-4.7639569049952115,seabrook 31,131
seabrook,31,79,42.968101,-70.749777,1,2004-04-15,9.4,9.4,9.4,NA,8.615599999999999,8.615599999999999,NA,0,249,249,0,2,8.615599999999999,stipe_density,"c(-70.749777, 42.968101)",Gulf of Maine/Bay of Fundy,Cold Temperate Northwest Atlantic,Temperate Northern Atlantic,0.14919353605887947,0.03457052213235802,0.03457052213235802,0.03457052213235802,-1.8376346090413935,-3.110682577208782,-3.110682577208782,-3.110682577208782,2004-04-15,2004,2004,-3.7639569049952115,seabrook 31,131
seabrook,31,80,42.968101,-70.749777,1,2004-07-15,9.4,9.4,9.4,NA,6.7829999999999995,6.7829999999999995,NA,0,249,249,0,2,6.7829999999999995,stipe_density,"c(-70.749777, 42.968101)",Gulf of Maine/Bay of Fundy,Cold Temperate Northwest Atlantic,Temperate Northern Atlantic,0.11745899938337195,0.027217123778237668,0.027217123778237668,0.027217123778237668,-2.059960539563239,-3.290986306996938,-3.290986306996938,-3.290986306996938,2004-07-15,2004,2004,-3.7639569049952115,seabrook 31,131
seabrook,31,81,42.968101,-70.749777,1,2004-10-15,9.4,9.4,9.4,NA,8.0206,8.0206,NA,0,249,249,0,2,8.0206,stipe_density,"c(-70.749777, 42.968101)",Gulf of Maine/Bay of Fundy,Cold Temperate Northwest Atlantic,Temperate Northern Atlantic,0.13889011506033808,0.032183055134267,0.032183055134267,0.032183055134267,-1.9045467279274282,-3.1657366756804577,-3.1657366756804577,-3.1657366756804577,2004-10-15,2004,2004,-3.7639569049952115,seabrook 31,131
seabrook,31,82,42.968101,-70.749777,1,2005-04-15,9.4,9.4,9.4,NA,7.1162,7.1162,NA,0,249,249,0,2,7.1162,stipe_density,"c(-70.749777, 42.968101)",Gulf of Maine/Bay of Fundy,Cold Temperate Northwest Atlantic,Temperate Northern Atlantic,0.12322891514255516,0.028554105297168644,0.028554105297168644,0.028554105297168644,-2.0156864637846295,-3.255692691849793,-3.255692691849793,-3.255692691849793,2005-04-15,2005,2005,-2.7639569049952115,seabrook 31,131
seabrook,31,83,42.968101,-70.749777,1,2005-07-15,9.4,9.4,9.4,NA,8.401399999999999,8.401399999999999,NA,0,249,249,0,2,8.401399999999999,stipe_density,"c(-70.749777, 42.968101)",Gulf of Maine/Bay of Fundy,Cold Temperate Northwest Atlantic,Temperate Northern Atlantic,0.14548430449940455,0.03371103401304525,0.03371103401304525,0.03371103401304525,-1.861210488152346,-3.130154714174289,-3.130154714174289,-3.130154714174289,2005-07-15,2005,2005,-2.7639569049952115,seabrook 31,131
seabrook,31,84,42.968101,-70.749777,1,2005-10-15,9.4,9.4,9.4,NA,9.282,9.282,NA,0,249,249,0,2,9.282,stipe_density,"c(-70.749777, 42.968101)",Gulf of Maine/Bay of Fundy,Cold Temperate Northwest Atlantic,Temperate Northern Atlantic,0.16073336757724585,0.03724448517021997,0.03724448517021997,0.03724448517021997,-1.7676521933152645,-3.052419347828405,-3.052419347828405,-3.052419347828405,2005-10-15,2005,2005,-2.7639569049952115,seabrook 31,131
seabrook,31,85,42.968101,-70.749777,1,2006-04-15,9.4,9.4,9.4,NA,5.9738,5.9738,NA,0,249,249,0,2,5.9738,stipe_density,"c(-70.749777, 42.968101)",Gulf of Maine/Bay of Fundy,Cold Temperate Northwest Atlantic,Temperate Northern Atlantic,0.10344634682535565,0.023970168660833877,0.023970168660833877,0.023970168660833877,-2.1764252690208354,-3.3822725318283324,-3.3822725318283324,-3.3822725318283324,2006-04-15,2006,2006,-1.7639569049952115,seabrook 31,131
seabrook,31,86,42.968101,-70.749777,1,2006-07-15,9.4,9.4,9.4,NA,8.3538,8.3538,NA,0,249,249,0,2,8.3538,stipe_density,"c(-70.749777, 42.968101)",Gulf of Maine/Bay of Fundy,Cold Temperate Northwest Atlantic,Temperate Northern Atlantic,0.14466003081952125,0.03352003665319797,0.03352003665319797,0.03352003665319797,-1.866525920528532,-3.1345338342197775,-3.1345338342197775,-3.1345338342197775,2006-07-15,2006,2006,-1.7639569049952115,seabrook 31,131
seabrook,31,87,42.968101,-70.749777,1,2006-10-15,9.4,9.4,9.4,NA,6.842499999999999,6.842499999999999,NA,0,249,249,0,2,6.842499999999999,stipe_density,"c(-70.749777, 42.968101)",Gulf of Maine/Bay of Fundy,Cold Temperate Northwest Atlantic,Temperate Northern Atlantic,0.1184893414832261,0.02745587047804677,0.02745587047804677,0.02745587047804677,-2.051909323742872,-3.284591826215672,-3.284591826215672,-3.284591826215672,2006-10-15,2006,2006,-1.7639569049952115,seabrook 31,131
seabrook,31,88,42.968101,-70.749777,1,2007-04-15,9.4,9.4,9.4,NA,6.069,6.069,NA,0,249,249,0,2,6.069,stipe_density,"c(-70.749777, 42.968101)",Gulf of Maine/Bay of Fundy,Cold Temperate Northwest Atlantic,Temperate Northern Atlantic,0.10509489418512229,0.02435216338052844,0.02435216338052844,0.02435216338052844,-2.1619983240547134,-3.3710902817866786,-3.3710902817866786,-3.3710902817866786,2007-04-15,2007,2007,-0.7639569049952115,seabrook 31,131
seabrook,31,89,42.968101,-70.749777,1,2007-07-15,9.4,9.4,9.4,NA,6.3784,6.3784,NA,0,249,249,0,2,6.3784,stipe_density,"c(-70.749777, 42.968101)",Gulf of Maine/Bay of Fundy,Cold Temperate Northwest Atlantic,Temperate Northern Atlantic,0.11045267310436381,0.025593646219535773,0.025593646219535773,0.025593646219535773,-2.1164983575202387,-3.335588134032396,-3.335588134032396,-3.335588134032396,2007-07-15,2007,2007,-0.7639569049952115,seabrook 31,131
seabrook,31,90,42.968101,-70.749777,1,2007-10-15,9.4,9.4,9.4,NA,4.736199999999999,4.736199999999999,NA,0,249,249,0,2,4.736199999999999,stipe_density,"c(-70.749777, 42.968101)",Gulf of Maine/Bay of Fundy,Cold Temperate Northwest Atlantic,Temperate Northern Atlantic,0.08201523114838953,0.019004237304804546,0.019004237304804546,0.019004237304804546,-2.385801159675217,-3.5403133457104903,-3.5403133457104903,-3.5403133457104903,2007-10-15,2007,2007,-0.7639569049952115,seabrook 31,131
seabrook,31,91,42.968101,-70.749777,1,2008-04-15,9.4,9.4,9.4,NA,5.95,5.95,NA,0,249,249,0,2,5.95,stipe_density,"c(-70.749777, 42.968101)",Gulf of Maine/Bay of Fundy,Cold Temperate Northwest Atlantic,Temperate Northern Atlantic,0.103034209985414,0.023874669980910236,0.023874669980910236,0.023874669980910236,-2.18006476285353,-3.3850877420906804,-3.3850877420906804,-3.3850877420906804,2008-04-15,2008,2008,0.23604309500478848,seabrook 31,131
seabrook,31,92,42.968101,-70.749777,1,2008-07-15,9.4,9.4,9.4,NA,7.5446,7.5446,NA,0,249,249,0,2,7.5446,stipe_density,"c(-70.749777, 42.968101)",Gulf of Maine/Bay of Fundy,Cold Temperate Northwest Atlantic,Temperate Northern Atlantic,0.13064737826150497,0.03027308153579418,0.03027308153579418,0.03027308153579418,-1.9614993843799373,-3.212071985174206,-3.212071985174206,-3.212071985174206,2008-07-15,2008,2008,0.23604309500478848,seabrook 31,131
seabrook,31,93,42.968101,-70.749777,1,2008-10-15,9.4,9.4,9.4,NA,4.1174,4.1174,NA,0,249,249,0,2,4.1174,stipe_density,"c(-70.749777, 42.968101)",Gulf of Maine/Bay of Fundy,Cold Temperate Northwest Atlantic,Temperate Northern Atlantic,0.0712996733099065,0.016521271626789884,0.016521271626789884,0.016521271626789884,-2.5096132807647793,-3.6298081650859015,-3.6298081650859015,-3.6298081650859015,2008-10-15,2008,2008,0.23604309500478848,seabrook 31,131
seabrook,31,94,42.968101,-70.749777,1,2009-04-15,9.4,9.4,9.4,NA,5.045599999999999,5.045599999999999,NA,0,249,249,0,2,5.045599999999999,stipe_density,"c(-70.749777, 42.968101)",Gulf of Maine/Bay of Fundy,Cold Temperate Northwest Atlantic,Temperate Northern Atlantic,0.08737301006763107,0.020245720143811877,0.020245720143811877,0.020245720143811877,-2.3292062107624916,-3.4984005873641233,-3.4984005873641233,-3.4984005873641233,2009-04-15,2009,2009,1.2360430950047885,seabrook 31,131
seabrook,31,95,42.968101,-70.749777,1,2009-07-15,9.4,9.4,9.4,NA,11.078899999999999,11.078899999999999,NA,0,249,249,0,2,11.078899999999999,stipe_density,"c(-70.749777, 42.968101)",Gulf of Maine/Bay of Fundy,Cold Temperate Northwest Atlantic,Temperate Northern Atlantic,0.19184969899284085,0.04445463550445486,0.04445463550445486,0.04445463550445486,-1.6002319229261082,-2.910387299995301,-2.910387299995301,-2.910387299995301,2009-07-15,2009,2009,1.2360430950047885,seabrook 31,131
seabrook,31,96,42.968101,-70.749777,1,2009-10-15,9.4,9.4,9.4,NA,3.8794,3.8794,NA,0,249,249,0,2,3.8794,stipe_density,"c(-70.749777, 42.968101)",Gulf of Maine/Bay of Fundy,Cold Temperate Northwest Atlantic,Temperate Northern Atlantic,0.06717830491048993,0.015566284827553475,0.015566284827553475,0.015566284827553475,-2.561636885921703,-3.666480794425587,-3.666480794425587,-3.666480794425587,2009-10-15,2009,2009,1.2360430950047885,seabrook 31,131
seabrook,31,97,42.968101,-70.749777,1,2010-04-15,9.4,9.4,9.4,NA,6.997199999999999,6.997199999999999,NA,0,249,249,0,2,6.997199999999999,stipe_density,"c(-70.749777, 42.968101)",Gulf of Maine/Bay of Fundy,Cold Temperate Northwest Atlantic,Temperate Northern Atlantic,0.12116823094284686,0.028076611897550438,0.028076611897550438,0.028076611897550438,-2.0312745739972162,-3.268155046295942,-3.268155046295942,-3.268155046295942,2010-04-15,2010,2010,2.2360430950047885,seabrook 31,131
seabrook,31,98,42.968101,-70.749777,1,2010-07-15,9.4,9.4,9.4,NA,7.2947,7.2947,NA,0,249,249,0,2,7.2947,stipe_density,"c(-70.749777, 42.968101)",Gulf of Maine/Bay of Fundy,Cold Temperate Northwest Atlantic,Temperate Northern Atlantic,0.12631994144211756,0.02927034539659595,0.02927034539659595,0.02927034539659595,-1.9927506454631547,-3.2372856149993745,-3.2372856149993745,-3.2372856149993745,2010-07-15,2010,2010,2.2360430950047885,seabrook 31,131
seabrook,31,99,42.968101,-70.749777,1,2010-10-15,9.4,9.4,9.4,NA,6.0452,6.0452,NA,0,249,249,0,2,6.0452,stipe_density,"c(-70.749777, 42.968101)",Gulf of Maine/Bay of Fundy,Cold Temperate Northwest Atlantic,Temperate Northern Atlantic,0.10468275734518064,0.0242566647006048,0.0242566647006048,0.0242566647006048,-2.1655855944368616,-3.3738741434053616,-3.3738741434053616,-3.3738741434053616,2010-10-15,2010,2010,2.2360430950047885,seabrook 31,131
seabrook,31,100,42.968101,-70.749777,1,2011-04-15,9.4,9.4,9.4,NA,8.2705,8.2705,NA,0,249,249,0,2,8.2705,stipe_density,"c(-70.749777, 42.968101)",Gulf of Maine/Bay of Fundy,Cold Temperate Northwest Atlantic,Temperate Northern Atlantic,0.14321755187972546,0.03318579127346523,0.03318579127346523,0.03318579127346523,-1.875896459832586,-3.142243743540241,-3.142243743540241,-3.142243743540241,2011-04-15,2011,2011,3.2360430950047885,seabrook 31,131
seabrook,31,101,42.968101,-70.749777,1,2011-07-15,9.4,9.4,9.4,NA,5.4026000000000005,5.4026000000000005,NA,0,249,249,0,2,5.4026000000000005,stipe_density,"c(-70.749777, 42.968101)",Gulf of Maine/Bay of Fundy,Cold Temperate Northwest Atlantic,Temperate Northern Atlantic,0.09355506266675592,0.021678200342666498,0.021678200342666498,0.021678200342666498,-2.2676518012998828,-3.452126521014837,-3.452126521014837,-3.452126521014837,2011-07-15,2011,2011,3.2360430950047885,seabrook 31,131
seabrook,31,102,42.968101,-70.749777,1,2011-10-15,9.4,9.4,9.4,NA,4.379199999999999,4.379199999999999,NA,0,249,249,0,2,4.379199999999999,stipe_density,"c(-70.749777, 42.968101)",Gulf of Maine/Bay of Fundy,Cold Temperate Northwest Atlantic,Temperate Northern Atlantic,0.07583317854926469,0.01757175710594993,0.01757175710594993,0.01757175710594993,-2.4553496508576194,-3.590963323443715,-3.590963323443715,-3.590963323443715,2011-10-15,2011,2011,3.2360430950047885,seabrook 31,131
seabrook,31,103,42.968101,-70.749777,1,2012-04-15,9.4,9.4,9.4,NA,12.0547,12.0547,NA,0,249,249,0,2,12.0547,stipe_density,"c(-70.749777, 42.968101)",Gulf of Maine/Bay of Fundy,Cold Temperate Northwest Atlantic,Temperate Northern Atlantic,0.20874730943044878,0.04837008138132414,0.04837008138132414,0.04837008138132414,-1.5198380535665756,-2.84095182553537,-2.84095182553537,-2.84095182553537,2012-04-15,2012,2012,4.2360430950047885,seabrook 31,131
seabrook,31,104,42.968101,-70.749777,1,2012-07-15,9.4,9.4,9.4,NA,3.9865,3.9865,NA,0,249,249,0,2,3.9865,stipe_density,"c(-70.749777, 42.968101)",Gulf of Maine/Bay of Fundy,Cold Temperate Northwest Atlantic,Temperate Northern Atlantic,0.06903292069022739,0.01599602888720986,0.01599602888720986,0.01599602888720986,-2.537890795719965,-3.6498114877331624,-3.6498114877331624,-3.6498114877331624,2012-07-15,2012,2012,4.2360430950047885,seabrook 31,131
seabrook,31,105,42.968101,-70.749777,1,2012-10-15,9.4,9.4,9.4,NA,4.8195,4.8195,NA,0,249,249,0,2,4.8195,stipe_density,"c(-70.749777, 42.968101)",Gulf of Maine/Bay of Fundy,Cold Temperate Northwest Atlantic,Temperate Northern Atlantic,0.08345771008818534,0.019338482684537292,0.019338482684537292,0.019338482684537292,-2.3702462435274074,-3.528855222514676,-3.528855222514676,-3.528855222514676,2012-10-15,2012,2012,4.2360430950047885,seabrook 31,131
seabrook,31,106,42.968101,-70.749777,1,2013-04-15,9.4,9.4,9.4,NA,1.3685,1.3685,NA,0,249,249,0,2,1.3685,stipe_density,"c(-70.749777, 42.968101)",Gulf of Maine/Bay of Fundy,Cold Temperate Northwest Atlantic,Temperate Northern Atlantic,0.023697868296645223,0.005491174095609354,0.005491174095609354,0.005491174095609354,-3.390320698916948,-4.167484830420685,-4.167484830420685,-4.167484830420685,2013-04-15,2013,2013,5.2360430950047885,seabrook 31,131
seabrook,31,107,42.968101,-70.749777,1,2013-07-15,9.4,9.4,9.4,NA,3.689,3.689,NA,0,249,249,0,2,3.689,stipe_density,"c(-70.749777, 42.968101)",Gulf of Maine/Bay of Fundy,Cold Temperate Northwest Atlantic,Temperate Northern Atlantic,0.06388121019095669,0.014802295388164348,0.014802295388164348,0.014802295388164348,-2.6052967432904452,-3.6968190741198717,-3.6968190741198717,-3.6968190741198717,2013-07-15,2013,2013,5.2360430950047885,seabrook 31,131
seabrook,31,108,42.968101,-70.749777,1,2013-10-15,9.4,9.4,9.4,NA,4.736199999999999,4.736199999999999,NA,0,249,249,0,2,4.736199999999999,stipe_density,"c(-70.749777, 42.968101)",Gulf of Maine/Bay of Fundy,Cold Temperate Northwest Atlantic,Temperate Northern Atlantic,0.08201523114838953,0.019004237304804546,0.019004237304804546,0.019004237304804546,-2.385801159675217,-3.5403133457104903,-3.5403133457104903,-3.5403133457104903,2013-10-15,2013,2013,5.2360430950047885,seabrook 31,131
seabrook,31,109,42.968101,-70.749777,1,2014-04-15,9.4,9.4,9.4,NA,7.2709,7.2709,NA,0,249,249,0,2,7.2709,stipe_density,"c(-70.749777, 42.968101)",Gulf of Maine/Bay of Fundy,Cold Temperate Northwest Atlantic,Temperate Northern Atlantic,0.1259078046021759,0.02917484671667231,0.02917484671667231,0.02917484671667231,-1.9957785304661044,-3.2397204035320772,-3.2397204035320772,-3.2397204035320772,2014-04-15,2014,2014,6.2360430950047885,seabrook 31,131
seabrook,31,110,42.968101,-70.749777,1,2014-07-15,9.4,9.4,9.4,NA,7.687399999999999,7.687399999999999,NA,0,249,249,0,2,7.687399999999999,stipe_density,"c(-70.749777, 42.968101)",Gulf of Maine/Bay of Fundy,Cold Temperate Northwest Atlantic,Temperate Northern Atlantic,0.13312019930115487,0.030846073615336023,0.030846073615336023,0.030846073615336023,-1.944070447236843,-3.1979445794233095,-3.1979445794233095,-3.1979445794233095,2014-07-15,2014,2014,6.2360430950047885,seabrook 31,131
seabrook,31,111,42.968101,-70.749777,1,2014-10-15,9.4,9.4,9.4,NA,7.6874,7.6874,NA,0,249,249,0,2,7.6874,stipe_density,"c(-70.749777, 42.968101)",Gulf of Maine/Bay of Fundy,Cold Temperate Northwest Atlantic,Temperate Northern Atlantic,0.1331201993011549,0.030846073615336027,0.030846073615336027,0.030846073615336027,-1.9440704472368429,-3.1979445794233095,-3.1979445794233095,-3.1979445794233095,2014-10-15,2014,2014,6.2360430950047885,seabrook 31,131
seabrook,31,112,42.968101,-70.749777,1,2015-04-15,9.4,9.4,9.4,NA,9.567599999999999,9.567599999999999,NA,0,249,249,0,2,9.567599999999999,stipe_density,"c(-70.749777, 42.968101)",Gulf of Maine/Bay of Fundy,Cold Temperate Northwest Atlantic,Temperate Northern Atlantic,0.1656790096565457,0.03839046932930366,0.03839046932930366,0.03839046932930366,-1.7390967578777614,-3.0284523993336014,-3.0284523993336014,-3.0284523993336014,2015-04-15,2015,2015,7.2360430950047885,seabrook 31,131
seabrook,31,113,42.968101,-70.749777,1,2015-07-15,9.4,9.4,9.4,NA,15.0773,15.0773,NA,0,249,249,0,2,15.0773,stipe_density,"c(-70.749777, 42.968101)",Gulf of Maine/Bay of Fundy,Cold Temperate Northwest Atlantic,Temperate Northern Atlantic,0.2610886881030391,0.06049841373162654,0.06049841373162654,0.06049841373162654,-1.305309249268248,-2.652165069677665,-2.652165069677665,-2.652165069677665,2015-07-15,2015,2015,7.2360430950047885,seabrook 31,131
seabrook,31,114,42.968101,-70.749777,1,2015-10-15,9.4,9.4,9.4,NA,10.2221,10.2221,NA,0,249,249,0,2,10.2221,stipe_density,"c(-70.749777, 42.968101)",Gulf of Maine/Bay of Fundy,Cold Temperate Northwest Atlantic,Temperate Northern Atlantic,0.17701277275494126,0.041016683027203786,0.041016683027203786,0.041016683027203786,-1.6765783609577687,-2.9756025815688316,-2.9756025815688316,-2.9756025815688316,2015-10-15,2015,2015,7.2360430950047885,seabrook 31,131
seabrook,31,115,42.968101,-70.749777,1,2016-04-15,9.4,9.4,9.4,NA,12.5664,12.5664,NA,0,249,249,0,2,12.5664,stipe_density,"c(-70.749777, 42.968101)",Gulf of Maine/Bay of Fundy,Cold Temperate Northwest Atlantic,Temperate Northern Atlantic,0.21760825148919438,0.050423302999682416,0.050423302999682416,0.050423302999682416,-1.4801293230409374,-2.806380437194372,-2.806380437194372,-2.806380437194372,2016-04-15,2016,2016,8.236043095004788,seabrook 31,131
seabrook,31,116,42.968101,-70.749777,1,2016-07-15,9.4,9.4,9.4,NA,12.6497,12.6497,NA,0,249,249,0,2,12.6497,stipe_density,"c(-70.749777, 42.968101)",Gulf of Maine/Bay of Fundy,Cold Temperate Northwest Atlantic,Temperate Northern Atlantic,0.21905073042899018,0.05075754837941516,0.05075754837941516,0.05075754837941516,-1.4738117697045026,-2.8008639513211664,-2.8008639513211664,-2.8008639513211664,2016-07-15,2016,2016,8.236043095004788,seabrook 31,131
seabrook,31,117,42.968101,-70.749777,1,2017-04-15,9.4,9.4,9.4,NA,9.972199999999999,9.972199999999999,NA,0,249,249,0,2,9.972199999999999,stipe_density,"c(-70.749777, 42.968101)",Gulf of Maine/Bay of Fundy,Cold Temperate Northwest Atlantic,Temperate Northern Atlantic,0.17268533593555385,0.04001394688800555,0.04001394688800555,0.04001394688800555,-1.6999900818979523,-2.995453374689784,-2.995453374689784,-2.995453374689784,2017-04-15,2017,2017,9.236043095004788,seabrook 31,131
seabrook,31,118,42.968101,-70.749777,1,2017-07-15,9.4,9.4,9.4,NA,9.4129,9.4129,NA,0,249,249,0,2,9.4129,stipe_density,"c(-70.749777, 42.968101)",Gulf of Maine/Bay of Fundy,Cold Temperate Northwest Atlantic,Temperate Northern Atlantic,0.16300012019692497,0.037769727909799995,0.037769727909799995,0.037769727909799995,-1.7544629897046862,-3.0413631474348803,-3.0413631474348803,-3.0413631474348803,2017-07-15,2017,2017,9.236043095004788,seabrook 31,131
seabrook,31,119,42.968101,-70.749777,1,2017-10-15,9.4,9.4,9.4,NA,6.7949,6.7949,NA,0,249,249,0,2,6.7949,stipe_density,"c(-70.749777, 42.968101)",Gulf of Maine/Bay of Fundy,Cold Temperate Northwest Atlantic,Temperate Northern Atlantic,0.1176650678033428,0.02726487311819949,0.02726487311819949,0.02726487311819949,-2.058345102281631,-3.2897041355060277,-3.2897041355060277,-3.2897041355060277,2017-10-15,2017,2017,9.236043095004788,seabrook 31,131
seabrook,31,120,42.968101,-70.749777,1,2018-04-15,9.4,9.4,9.4,NA,10.9956,10.9956,NA,0,249,249,0,2,10.9956,stipe_density,"c(-70.749777, 42.968101)",Gulf of Maine/Bay of Fundy,Cold Temperate Northwest Atlantic,Temperate Northern Atlantic,0.19040722005304508,0.04412039012472212,0.04412039012472212,0.04412039012472212,-1.60740388221162,-2.9165442671925574,-2.9165442671925574,-2.9165442671925574,2018-04-15,2018,2018,10.236043095004788,seabrook 31,131
seabrook,31,121,42.968101,-70.749777,1,2018-07-15,9.4,9.4,9.4,NA,10.7933,10.7933,NA,0,249,249,0,2,10.7933,stipe_density,"c(-70.749777, 42.968101)",Gulf of Maine/Bay of Fundy,Cold Temperate Northwest Atlantic,Temperate Northern Atlantic,0.186904056913541,0.04330865134537117,0.04330865134537117,0.04330865134537117,-1.625038689620717,-2.931656646809791,-2.931656646809791,-2.931656646809791,2018-07-15,2018,2018,10.236043095004788,seabrook 31,131
seabrook,31,122,42.968101,-70.749777,1,2018-10-15,9.4,9.4,9.4,NA,5.212199999999999,5.212199999999999,NA,0,249,249,0,2,5.212199999999999,stipe_density,"c(-70.749777, 42.968101)",Gulf of Maine/Bay of Fundy,Cold Temperate Northwest Atlantic,Temperate Northern Atlantic,0.09025796794722266,0.020914210903277365,0.020914210903277365,0.020914210903277365,-2.300008735183587,-3.4765393010174903,-3.4765393010174903,-3.4765393010174903,2018-10-15,2018,2018,10.236043095004788,seabrook 31,131
seabrook,31,123,42.968101,-70.749777,1,2019-04-15,9.4,9.4,9.4,NA,5.0218,5.0218,NA,0,249,249,0,2,5.0218,stipe_density,"c(-70.749777, 42.968101)",Gulf of Maine/Bay of Fundy,Cold Temperate Northwest Atlantic,Temperate Northern Atlantic,0.08696087322768942,0.02015022146388824,0.02015022146388824,0.02015022146388824,-2.333447750640534,-3.501563010433325,-3.501563010433325,-3.501563010433325,2019-04-15,2019,2019,11.236043095004788,seabrook 31,131
seabrook,31,124,42.968101,-70.749777,1,2019-07-15,9.4,9.4,9.4,NA,5.1765,5.1765,NA,0,249,249,0,2,5.1765,stipe_density,"c(-70.749777, 42.968101)",Gulf of Maine/Bay of Fundy,Cold Temperate Northwest Atlantic,Temperate Northern Atlantic,0.08963976268731018,0.020770962883391905,0.020770962883391905,0.020770962883391905,-2.3061939702920156,-3.4811837972098862,-3.4811837972098862,-3.4811837972098862,2019-07-15,2019,2019,11.236043095004788,seabrook 31,131
seabrook,31,125,42.968101,-70.749777,1,2019-10-15,9.4,9.4,9.4,NA,4.2482999999999995,4.2482999999999995,NA,0,249,249,0,2,4.2482999999999995,stipe_density,"c(-70.749777, 42.968101)",Gulf of Maine/Bay of Fundy,Cold Temperate Northwest Atlantic,Temperate Northern Atlantic,0.0735664259295856,0.01704651436636991,0.01704651436636991,0.01704651436636991,-2.4821134432689407,-3.610197140906906,-3.610197140906906,-3.610197140906906,2019-10-15,2019,2019,11.236043095004788,seabrook 31,131
seabrook,31,126,42.968101,-70.749777,1,2020-04-15,9.4,9.4,9.4,NA,6.8187,6.8187,NA,0,249,249,0,2,6.8187,stipe_density,"c(-70.749777, 42.968101)",Gulf of Maine/Bay of Fundy,Cold Temperate Northwest Atlantic,Temperate Northern Atlantic,0.11807720464328444,0.02736037179812313,0.02736037179812313,0.02736037179812313,-2.0551220356155113,-3.2871447139011227,-3.2871447139011227,-3.2871447139011227,2020-04-15,2020,2020,12.236043095004788,seabrook 31,131
seabrook,31,127,42.968101,-70.749777,1,2020-07-15,9.4,9.4,9.4,NA,6.0333,6.0333,NA,0,249,249,0,2,6.0333,stipe_density,"c(-70.749777, 42.968101)",Gulf of Maine/Bay of Fundy,Cold Temperate Northwest Atlantic,Temperate Northern Atlantic,0.1044766889252098,0.02420891536064298,0.02420891536064298,0.02420891536064298,-2.1673840668879754,-3.3752689858257665,-3.3752689858257665,-3.3752689858257665,2020-07-15,2020,2020,12.236043095004788,seabrook 31,131
seabrook,31,128,42.968101,-70.749777,1,2020-10-15,9.4,9.4,9.4,NA,5.9857,5.9857,NA,0,249,249,0,2,5.9857,stipe_density,"c(-70.749777, 42.968101)",Gulf of Maine/Bay of Fundy,Cold Temperate Northwest Atlantic,Temperate Northern Atlantic,0.10365241524532648,0.024017918000795696,0.024017918000795696,0.024017918000795696,-2.174610477300717,-3.3808678931583165,-3.3808678931583165,-3.3808678931583165,2020-10-15,2020,2020,12.236043095004788,seabrook 31,131
seabrook,31,129,42.968101,-70.749777,1,2021-04-15,9.4,9.4,9.4,NA,5.474,5.474,NA,0,249,249,0,2,5.474,stipe_density,"c(-70.749777, 42.968101)",Gulf of Maine/Bay of Fundy,Cold Temperate Northwest Atlantic,Temperate Northern Atlantic,0.09479147318658089,0.021964696382437417,0.021964696382437417,0.021964696382437417,-2.255782873128786,-3.4431232232463045,-3.4431232232463045,-3.4431232232463045,2021-04-15,2021,2021,13.236043095004788,seabrook 31,131
seabrook,31,130,42.968101,-70.749777,1,2021-07-15,9.4,9.4,9.4,NA,9.9484,9.9484,NA,0,249,249,0,2,9.9484,stipe_density,"c(-70.749777, 42.968101)",Gulf of Maine/Bay of Fundy,Cold Temperate Northwest Atlantic,Temperate Northern Atlantic,0.1722731990956122,0.039918448208081915,0.039918448208081915,0.039918448208081915,-1.7022486234887073,-2.9973646409794132,-2.9973646409794132,-2.9973646409794132,2021-07-15,2021,2021,13.236043095004788,seabrook 31,131
seabrook,31,131,42.968101,-70.749777,1,2021-10-15,9.4,9.4,9.4,NA,5.9619,5.9619,NA,0,249,249,0,2,5.9619,stipe_density,"c(-70.749777, 42.968101)",Gulf of Maine/Bay of Fundy,Cold Temperate Northwest Atlantic,Temperate Northern Atlantic,0.10324027840538483,0.02392241932087206,0.02392241932087206,0.02392241932087206,-2.178243360198677,-3.383679146283731,-3.383679146283731,-3.383679146283731,2021-10-15,2021,2021,13.236043095004788,seabrook 31,131
seabrook,35,1,42.959502,-70.768589,1,1982-07-15,4.6,4.6,4.6,NA,9.9722,9.9722,NA,0,249,249,0,2,9.9722,stipe_density,"c(-70.768589, 42.959502)",Gulf of Maine/Bay of Fundy,Cold Temperate Northwest Atlantic,Temperate Northern Atlantic,0.17268533593555388,0.04001394688800556,0.04001394688800556,0.04001394688800556,-1.699990081897952,-2.995453374689784,-2.995453374689784,-2.995453374689784,1982-07-15,1982,1982,-25.76395690499521,seabrook 35,118
seabrook,35,2,42.959502,-70.768589,1,1982-10-15,4.6,4.6,4.6,NA,7.2828,7.2828,NA,0,249,249,0,2,7.2828,stipe_density,"c(-70.768589, 42.959502)",Gulf of Maine/Bay of Fundy,Cold Temperate Northwest Atlantic,Temperate Northern Atlantic,0.12611387302214674,0.02922259605663413,0.02922259605663413,0.02922259605663413,-1.9942634419541183,-3.238502268241509,-3.238502268241509,-3.238502268241509,1982-10-15,1982,1982,-25.76395690499521,seabrook 35,118
seabrook,35,3,42.959502,-70.768589,1,1983-04-15,4.6,4.6,4.6,NA,1.4042,1.4042,NA,0,249,249,0,2,1.4042,stipe_density,"c(-70.768589, 42.959502)",Gulf of Maine/Bay of Fundy,Cold Temperate Northwest Atlantic,Temperate Northern Atlantic,0.024316073556557703,0.005634422115494815,0.005634422115494815,0.005634422115494815,-3.3721414177675464,-4.158280249708727,-4.158280249708727,-4.158280249708727,1983-04-15,1983,1983,-24.76395690499521,seabrook 35,118
seabrook,35,4,42.959502,-70.768589,1,1983-07-15,4.6,4.6,4.6,NA,5.8786000000000005,5.8786000000000005,NA,0,249,249,0,2,5.8786000000000005,stipe_density,"c(-70.768589, 42.959502)",Gulf of Maine/Bay of Fundy,Cold Temperate Northwest Atlantic,Temperate Northern Atlantic,0.10179779946558905,0.023588173941139316,0.023588173941139316,0.023588173941139316,-2.191063401231331,-3.393581240005082,-3.393581240005082,-3.393581240005082,1983-07-15,1983,1983,-24.76395690499521,seabrook 35,118
seabrook,35,5,42.959502,-70.768589,1,1983-10-15,4.6,4.6,4.6,NA,3.8318000000000003,3.8318000000000003,NA,0,249,249,0,2,3.8318000000000003,stipe_density,"c(-70.768589, 42.959502)",Gulf of Maine/Bay of Fundy,Cold Temperate Northwest Atlantic,Temperate Northern Atlantic,0.06635403123060662,0.015375287467706195,0.015375287467706195,0.015375287467706195,-2.572374449358266,-3.673979512907757,-3.673979512907757,-3.673979512907757,1983-10-15,1983,1983,-24.76395690499521,seabrook 35,118
seabrook,35,6,42.959502,-70.768589,1,1984-04-15,4.6,4.6,4.6,NA,3.9983999999999997,3.9983999999999997,NA,0,249,249,0,2,3.9983999999999997,stipe_density,"c(-70.768589, 42.959502)",Gulf of Maine/Bay of Fundy,Cold Temperate Northwest Atlantic,Temperate Northern Atlantic,0.06923898911019821,0.01604377822717168,0.01604377822717168,0.01604377822717168,-2.5352868145501963,-3.6479763789574124,-3.6479763789574124,-3.6479763789574124,1984-04-15,1984,1984,-23.76395690499521,seabrook 35,118
seabrook,35,7,42.959502,-70.768589,1,1984-07-15,4.6,4.6,4.6,NA,4.2364,4.2364,NA,0,249,249,0,2,4.2364,stipe_density,"c(-70.768589, 42.959502)",Gulf of Maine/Bay of Fundy,Cold Temperate Northwest Atlantic,Temperate Northern Atlantic,0.07336035750961477,0.016998765026408087,0.016998765026408087,0.016998765026408087,-2.4845824122432973,-3.6119641537865665,-3.6119641537865665,-3.6119641537865665,1984-07-15,1984,1984,-23.76395690499521,seabrook 35,118
seabrook,35,8,42.959502,-70.768589,1,1984-10-15,4.6,4.6,4.6,NA,3.3082000000000003,3.3082000000000003,NA,0,249,249,0,2,3.3082000000000003,stipe_density,"c(-70.768589, 42.959502)",Gulf of Maine/Bay of Fundy,Cold Temperate Northwest Atlantic,Temperate Northern Atlantic,0.05728702075189019,0.013274316509386094,0.013274316509386094,0.013274316509386094,-2.6987879175147755,-3.7604048221197477,-3.7604048221197477,-3.7604048221197477,1984-10-15,1984,1984,-23.76395690499521,seabrook 35,118
seabrook,35,9,42.959502,-70.768589,1,1985-04-15,4.6,4.6,4.6,NA,2.6180000000000003,2.6180000000000003,NA,0,249,249,0,2,2.6180000000000003,stipe_density,"c(-70.768589, 42.959502)",Gulf of Maine/Bay of Fundy,Cold Temperate Northwest Atlantic,Temperate Northern Atlantic,0.04533505239358217,0.010504854791600505,0.010504854791600505,0.010504854791600505,-2.894348712422389,-3.8870936017725284,-3.8870936017725284,-3.8870936017725284,1985-04-15,1985,1985,-22.76395690499521,seabrook 35,118
seabrook,35,10,42.959502,-70.768589,1,1985-07-15,4.6,4.6,4.6,NA,4.165,4.165,NA,0,249,249,0,2,4.165,stipe_density,"c(-70.768589, 42.959502)",Gulf of Maine/Bay of Fundy,Cold Temperate Northwest Atlantic,Temperate Northern Atlantic,0.0721239469897898,0.016712268986637167,0.016712268986637167,0.016712268986637167,-2.499525624301699,-3.6226323065113872,-3.6226323065113872,-3.6226323065113872,1985-07-15,1985,1985,-22.76395690499521,seabrook 35,118
seabrook,35,11,42.959502,-70.768589,1,1985-10-15,4.6,4.6,4.6,NA,4.2364,4.2364,NA,0,249,249,0,2,4.2364,stipe_density,"c(-70.768589, 42.959502)",Gulf of Maine/Bay of Fundy,Cold Temperate Northwest Atlantic,Temperate Northern Atlantic,0.07336035750961477,0.016998765026408087,0.016998765026408087,0.016998765026408087,-2.4845824122432973,-3.6119641537865665,-3.6119641537865665,-3.6119641537865665,1985-10-15,1985,1985,-22.76395690499521,seabrook 35,118
seabrook,35,12,42.959502,-70.768589,1,1986-04-15,4.6,4.6,4.6,NA,8.5442,8.5442,NA,0,249,249,0,2,8.5442,stipe_density,"c(-70.768589, 42.959502)",Gulf of Maine/Bay of Fundy,Cold Temperate Northwest Atlantic,Temperate Northern Atlantic,0.14795712553905452,0.0342840260925871,0.0342840260925871,0.0342840260925871,-1.8454316401269932,-3.1171312517748313,-3.1171312517748313,-3.1171312517748313,1986-04-15,1986,1986,-21.76395690499521,seabrook 35,118
seabrook,35,13,42.959502,-70.768589,1,1986-07-15,4.6,4.6,4.6,NA,3.5224,3.5224,NA,0,249,249,0,2,3.5224,stipe_density,"c(-70.768589, 42.959502)",Gulf of Maine/Bay of Fundy,Cold Temperate Northwest Atlantic,Temperate Northern Atlantic,0.060996252311365094,0.014133804628698862,0.014133804628698862,0.014133804628698862,-2.645128187680935,-3.724141739635772,-3.724141739635772,-3.724141739635772,1986-07-15,1986,1986,-21.76395690499521,seabrook 35,118
seabrook,35,14,42.959502,-70.768589,1,1986-10-15,4.6,4.6,4.6,NA,4.1174,4.1174,NA,0,249,249,0,2,4.1174,stipe_density,"c(-70.768589, 42.959502)",Gulf of Maine/Bay of Fundy,Cold Temperate Northwest Atlantic,Temperate Northern Atlantic,0.0712996733099065,0.016521271626789884,0.016521271626789884,0.016521271626789884,-2.5096132807647793,-3.6298081650859015,-3.6298081650859015,-3.6298081650859015,1986-10-15,1986,1986,-21.76395690499521,seabrook 35,118
seabrook,35,15,42.959502,-70.768589,1,1987-04-15,4.6,4.6,4.6,NA,3.213,3.213,NA,0,249,249,0,2,3.213,stipe_density,"c(-70.768589, 42.959502)",Gulf of Maine/Bay of Fundy,Cold Temperate Northwest Atlantic,Temperate Northern Atlantic,0.055638473392123564,0.01289232178969153,0.01289232178969153,0.01289232178969153,-2.7235932703109644,-3.7769537176717884,-3.7769537176717884,-3.7769537176717884,1987-04-15,1987,1987,-20.76395690499521,seabrook 35,118
seabrook,35,16,42.959502,-70.768589,1,1987-07-15,4.6,4.6,4.6,NA,7.378,7.378,NA,0,249,249,0,2,7.378,stipe_density,"c(-70.768589, 42.959502)",Gulf of Maine/Bay of Fundy,Cold Temperate Northwest Atlantic,Temperate Northern Atlantic,0.12776242038191338,0.029604590776328696,0.029604590776328696,0.029604590776328696,-1.9822246689019387,-3.228810238745745,-3.228810238745745,-3.228810238745745,1987-07-15,1987,1987,-20.76395690499521,seabrook 35,118
seabrook,35,17,42.959502,-70.768589,1,1987-10-15,4.6,4.6,4.6,NA,8.2824,8.2824,NA,0,249,249,0,2,8.2824,stipe_density,"c(-70.768589, 42.959502)",Gulf of Maine/Bay of Fundy,Cold Temperate Northwest Atlantic,Temperate Northern Atlantic,0.1434236202996963,0.03323354061342705,0.03323354061342705,0.03323354061342705,-1.8745524234168172,-3.1411386818884464,-3.1411386818884464,-3.1411386818884464,1987-10-15,1987,1987,-20.76395690499521,seabrook 35,118
seabrook,35,18,42.959502,-70.768589,1,1988-04-15,4.6,4.6,4.6,NA,2.2847999999999997,2.2847999999999997,NA,0,249,249,0,2,2.2847999999999997,stipe_density,"c(-70.768589, 42.959502)",Gulf of Maine/Bay of Fundy,Cold Temperate Northwest Atlantic,Temperate Northern Atlantic,0.03956513663439897,0.00916787327266953,0.00916787327266953,0.00916787327266953,-3.0044675828300584,-3.9545196684717503,-3.9545196684717503,-3.9545196684717503,1988-04-15,1988,1988,-19.76395690499521,seabrook 35,118
seabrook,35,19,42.959502,-70.768589,1,1988-07-15,4.6,4.6,4.6,NA,5.8072,5.8072,NA,0,249,249,0,2,5.8072,stipe_density,"c(-70.768589, 42.959502)",Gulf of Maine/Bay of Fundy,Cold Temperate Northwest Atlantic,Temperate Northern Atlantic,0.10056138894576407,0.02330167790136839,0.02330167790136839,0.02330167790136839,-2.2021843562182077,-3.4021474958366626,-3.4021474958366626,-3.4021474958366626,1988-07-15,1988,1988,-19.76395690499521,seabrook 35,118
seabrook,35,20,42.959502,-70.768589,1,1988-10-15,4.6,4.6,4.6,NA,4.284,4.284,NA,0,249,249,0,2,4.284,stipe_density,"c(-70.768589, 42.959502)",Gulf of Maine/Bay of Fundy,Cold Temperate Northwest Atlantic,Temperate Northern Atlantic,0.07418463118949808,0.01718976238625537,0.01718976238625537,0.01718976238625537,-2.474742901834657,-3.6049147593882505,-3.6049147593882505,-3.6049147593882505,1988-10-15,1988,1988,-19.76395690499521,seabrook 35,118
seabrook,35,21,42.959502,-70.768589,1,1989-04-15,4.6,4.6,4.6,NA,2.7131999999999996,2.7131999999999996,NA,0,249,249,0,2,2.7131999999999996,stipe_density,"c(-70.768589, 42.959502)",Gulf of Maine/Bay of Fundy,Cold Temperate Northwest Atlantic,Temperate Northern Atlantic,0.04698359975334878,0.010886849511295066,0.010886849511295066,0.010886849511295066,-2.8649917761734307,-3.868635528032932,-3.868635528032932,-3.868635528032932,1989-04-15,1989,1989,-18.76395690499521,seabrook 35,118
seabrook,35,22,42.959502,-70.768589,1,1989-07-15,4.6,4.6,4.6,NA,2.4276,2.4276,NA,0,249,249,0,2,2.4276,stipe_density,"c(-70.768589, 42.959502)",Gulf of Maine/Bay of Fundy,Cold Temperate Northwest Atlantic,Temperate Northern Atlantic,0.042037957674048915,0.009740865352211376,0.009740865352211376,0.009740865352211376,-2.955781871418309,-3.925064408439593,-3.925064408439593,-3.925064408439593,1989-07-15,1989,1989,-18.76395690499521,seabrook 35,118
seabrook,35,23,42.959502,-70.768589,1,1989-10-15,4.6,4.6,4.6,NA,3.7366,3.7366,NA,0,249,249,0,2,3.7366,stipe_density,"c(-70.768589, 42.959502)",Gulf of Maine/Bay of Fundy,Cold Temperate Northwest Atlantic,Temperate Northern Atlantic,0.06470548387083999,0.01499329274801163,0.01499329274801163,0.01499329274801163,-2.5942017776123203,-3.689147780189693,-3.689147780189693,-3.689147780189693,1989-10-15,1989,1989,-18.76395690499521,seabrook 35,118
seabrook,35,24,42.959502,-70.768589,1,1990-04-15,4.6,4.6,4.6,NA,4.4030000000000005,4.4030000000000005,NA,0,249,249,0,2,4.4030000000000005,stipe_density,"c(-70.768589, 42.959502)",Gulf of Maine/Bay of Fundy,Cold Temperate Northwest Atlantic,Temperate Northern Atlantic,0.07624531538920637,0.017667255785873578,0.017667255785873578,0.017667255785873578,-2.4505595388737866,-3.5875056666150416,-3.5875056666150416,-3.5875056666150416,1990-04-15,1990,1990,-17.76395690499521,seabrook 35,118
seabrook,35,25,42.959502,-70.768589,1,1990-07-15,4.6,4.6,4.6,NA,3.1654,3.1654,NA,0,249,249,0,2,3.1654,stipe_density,"c(-70.768589, 42.959502)",Gulf of Maine/Bay of Fundy,Cold Temperate Northwest Atlantic,Temperate Northern Atlantic,0.054814199712240254,0.012701324429844245,0.012701324429844245,0.012701324429844245,-2.7362305682679455,-3.7853320112697197,-3.7853320112697197,-3.7853320112697197,1990-07-15,1990,1990,-17.76395690499521,seabrook 35,118
seabrook,35,26,42.959502,-70.768589,1,1990-10-15,4.6,4.6,4.6,NA,2.5465999999999998,2.5465999999999998,NA,0,249,249,0,2,2.5465999999999998,stipe_density,"c(-70.768589, 42.959502)",Gulf of Maine/Bay of Fundy,Cold Temperate Northwest Atlantic,Temperate Northern Atlantic,0.04409864187375719,0.01021835875182958,0.01021835875182958,0.01021835875182958,-2.916946197441906,-3.9011642382277794,-3.9011642382277794,-3.9011642382277794,1990-10-15,1990,1990,-17.76395690499521,seabrook 35,118
seabrook,35,27,42.959502,-70.768589,1,1991-04-15,4.6,4.6,4.6,NA,2.9988,2.9988,NA,0,249,249,0,2,2.9988,stipe_density,"c(-70.768589, 42.959502)",Gulf of Maine/Bay of Fundy,Cold Temperate Northwest Atlantic,Temperate Northern Atlantic,0.05192924183264866,0.01203283367037876,0.01203283367037876,0.01203283367037876,-2.781762806434755,-3.8152214986422384,-3.8152214986422384,-3.8152214986422384,1991-04-15,1991,1991,-16.76395690499521,seabrook 35,118
seabrook,35,28,42.959502,-70.768589,1,1991-07-15,4.6,4.6,4.6,NA,3.9032,3.9032,NA,0,249,249,0,2,3.9032,stipe_density,"c(-70.768589, 42.959502)",Gulf of Maine/Bay of Fundy,Cold Temperate Northwest Atlantic,Temperate Northern Atlantic,0.06759044175043159,0.015661783507477114,0.015661783507477114,0.015661783507477114,-2.5563110326986007,-3.6627524168523893,-3.6627524168523893,-3.6627524168523893,1991-07-15,1991,1991,-16.76395690499521,seabrook 35,118
seabrook,35,29,42.959502,-70.768589,1,1991-10-15,4.6,4.6,4.6,NA,2.1896,2.1896,NA,0,249,249,0,2,2.1896,stipe_density,"c(-70.768589, 42.959502)",Gulf of Maine/Bay of Fundy,Cold Temperate Northwest Atlantic,Temperate Northern Atlantic,0.03791658927463235,0.008785878552974967,0.008785878552974967,0.008785878552974967,-3.0382935031121985,-3.974649832193035,-3.974649832193035,-3.974649832193035,1991-10-15,1991,1991,-16.76395690499521,seabrook 35,118
seabrook,35,30,42.959502,-70.768589,1,1992-04-15,4.6,4.6,4.6,NA,3.7366,3.7366,NA,0,249,249,0,2,3.7366,stipe_density,"c(-70.768589, 42.959502)",Gulf of Maine/Bay of Fundy,Cold Temperate Northwest Atlantic,Temperate Northern Atlantic,0.06470548387083999,0.01499329274801163,0.01499329274801163,0.01499329274801163,-2.5942017776123203,-3.689147780189693,-3.689147780189693,-3.689147780189693,1992-04-15,1992,1992,-15.763956904995212,seabrook 35,118
seabrook,35,31,42.959502,-70.768589,1,1992-07-15,4.6,4.6,4.6,NA,3.5224,3.5224,NA,0,249,249,0,2,3.5224,stipe_density,"c(-70.768589, 42.959502)",Gulf of Maine/Bay of Fundy,Cold Temperate Northwest Atlantic,Temperate Northern Atlantic,0.060996252311365094,0.014133804628698862,0.014133804628698862,0.014133804628698862,-2.645128187680935,-3.724141739635772,-3.724141739635772,-3.724141739635772,1992-07-15,1992,1992,-15.763956904995212,seabrook 35,118
seabrook,35,32,42.959502,-70.768589,1,1992-10-15,4.6,4.6,4.6,NA,6.6402,6.6402,NA,0,249,249,0,2,6.6402,stipe_density,"c(-70.768589, 42.959502)",Gulf of Maine/Bay of Fundy,Cold Temperate Northwest Atlantic,Temperate Northern Atlantic,0.11498617834372203,0.026644131698695825,0.026644131698695825,0.026644131698695825,-2.0795521210437324,-3.3065019808312717,-3.3065019808312717,-3.3065019808312717,1992-10-15,1992,1992,-15.763956904995212,seabrook 35,118
seabrook,35,33,42.959502,-70.768589,1,1993-04-15,4.6,4.6,4.6,NA,3.0702,3.0702,NA,0,249,249,0,2,3.0702,stipe_density,"c(-70.768589, 42.959502)",Gulf of Maine/Bay of Fundy,Cold Temperate Northwest Atlantic,Temperate Northern Atlantic,0.05316565235247362,0.01231932971014968,0.01231932971014968,0.01231932971014968,-2.7619946010011738,-3.802302172827236,-3.802302172827236,-3.802302172827236,1993-04-15,1993,1993,-14.763956904995212,seabrook 35,118
seabrook,35,34,42.959502,-70.768589,1,1993-07-15,4.6,4.6,4.6,NA,4.4744,4.4744,NA,0,249,249,0,2,4.4744,stipe_density,"c(-70.768589, 42.959502)",Gulf of Maine/Bay of Fundy,Cold Temperate Northwest Atlantic,Temperate Northern Atlantic,0.07748172590903134,0.017953751825644498,0.017953751825644498,0.017953751825644498,-2.436325354184016,-3.5772038549138827,-3.5772038549138827,-3.5772038549138827,1993-07-15,1993,1993,-14.763956904995212,seabrook 35,118
seabrook,35,35,42.959502,-70.768589,1,1993-10-15,4.6,4.6,4.6,NA,7.5446,7.5446,NA,0,249,249,0,2,7.5446,stipe_density,"c(-70.768589, 42.959502)",Gulf of Maine/Bay of Fundy,Cold Temperate Northwest Atlantic,Temperate Northern Atlantic,0.13064737826150497,0.03027308153579418,0.03027308153579418,0.03027308153579418,-1.9614993843799373,-3.212071985174206,-3.212071985174206,-3.212071985174206,1993-10-15,1993,1993,-14.763956904995212,seabrook 35,118
seabrook,35,36,42.959502,-70.768589,1,1994-04-15,4.6,4.6,4.6,NA,5.4026,5.4026,NA,0,249,249,0,2,5.4026,stipe_density,"c(-70.768589, 42.959502)",Gulf of Maine/Bay of Fundy,Cold Temperate Northwest Atlantic,Temperate Northern Atlantic,0.09355506266675591,0.021678200342666494,0.021678200342666494,0.021678200342666494,-2.267651801299883,-3.452126521014837,-3.452126521014837,-3.452126521014837,1994-04-15,1994,1994,-13.763956904995212,seabrook 35,118
seabrook,35,37,42.959502,-70.768589,1,1994-07-15,4.6,4.6,4.6,NA,6.8068,6.8068,NA,0,249,249,0,2,6.8068,stipe_density,"c(-70.768589, 42.959502)",Gulf of Maine/Bay of Fundy,Cold Temperate Northwest Atlantic,Temperate Northern Atlantic,0.11787113622331362,0.027312622458161313,0.027312622458161313,0.027312622458161313,-2.056732270429291,-3.2884236058739296,-3.2884236058739296,-3.2884236058739296,1994-07-15,1994,1994,-13.763956904995212,seabrook 35,118
seabrook,35,38,42.959502,-70.768589,1,1994-10-15,4.6,4.6,4.6,NA,5.593,5.593,NA,0,249,249,0,2,5.593,stipe_density,"c(-70.768589, 42.959502)",Gulf of Maine/Bay of Fundy,Cold Temperate Northwest Atlantic,Temperate Northern Atlantic,0.09685215738628916,0.022442189782055623,0.022442189782055623,0.022442189782055623,-2.236309106627277,-3.4282955494836598,-3.4282955494836598,-3.4282955494836598,1994-10-15,1994,1994,-13.763956904995212,seabrook 35,118
seabrook,35,39,42.959502,-70.768589,1,1995-04-15,4.6,4.6,4.6,NA,5.0932,5.0932,NA,0,249,249,0,2,5.0932,stipe_density,"c(-70.768589, 42.959502)",Gulf of Maine/Bay of Fundy,Cold Temperate Northwest Atlantic,Temperate Northern Atlantic,0.0881972837475144,0.020436717503659163,0.020436717503659163,0.020436717503659163,-2.3207767244165503,-3.4921055867684645,-3.4921055867684645,-3.4921055867684645,1995-04-15,1995,1995,-12.763956904995212,seabrook 35,118
seabrook,35,40,42.959502,-70.768589,1,1995-07-15,4.6,4.6,4.6,NA,3.3558000000000003,3.3558000000000003,NA,0,249,249,0,2,3.3558000000000003,stipe_density,"c(-70.768589, 42.959502)",Gulf of Maine/Bay of Fundy,Cold Temperate Northwest Atlantic,Temperate Northern Atlantic,0.05811129443177351,0.013465313869233376,0.013465313869233376,0.013465313869233376,-2.6866122288915393,-3.752231953765834,-3.752231953765834,-3.752231953765834,1995-07-15,1995,1995,-12.763956904995212,seabrook 35,118
seabrook,35,41,42.959502,-70.768589,1,1995-10-15,4.6,4.6,4.6,NA,2.7608,2.7608,NA,0,249,249,0,2,2.7608,stipe_density,"c(-70.768589, 42.959502)",Gulf of Maine/Bay of Fundy,Cold Temperate Northwest Atlantic,Temperate Northern Atlantic,0.047807873433232104,0.01107784687114235,0.01107784687114235,0.01107784687114235,-2.8506302940126824,-3.8595327013633556,-3.8595327013633556,-3.8595327013633556,1995-10-15,1995,1995,-12.763956904995212,seabrook 35,118
seabrook,35,42,42.959502,-70.768589,1,1996-04-15,4.6,4.6,4.6,NA,1.9992,1.9992,NA,0,249,249,0,2,1.9992,stipe_density,"c(-70.768589, 42.959502)",Gulf of Maine/Bay of Fundy,Cold Temperate Northwest Atlantic,Temperate Northern Atlantic,0.034619494555099106,0.00802188911358584,0.00802188911358584,0.00802188911358584,-3.1095844178075063,-4.016168198024429,-4.016168198024429,-4.016168198024429,1996-04-15,1996,1996,-11.763956904995212,seabrook 35,118
seabrook,35,43,42.959502,-70.768589,1,1996-07-15,4.6,4.6,4.6,NA,3.3320000000000003,3.3320000000000003,NA,0,249,249,0,2,3.3320000000000003,stipe_density,"c(-70.768589, 42.959502)",Gulf of Maine/Bay of Fundy,Cold Temperate Northwest Atlantic,Temperate Northern Atlantic,0.05769915759183185,0.013369815189309735,0.013369815189309735,0.013369815189309735,-2.6926815423934403,-3.7563100384938872,-3.7563100384938872,-3.7563100384938872,1996-07-15,1996,1996,-11.763956904995212,seabrook 35,118
seabrook,35,44,42.959502,-70.768589,1,1996-10-15,4.6,4.6,4.6,NA,7.5207999999999995,7.5207999999999995,NA,0,249,249,0,2,7.5207999999999995,stipe_density,"c(-70.768589, 42.959502)",Gulf of Maine/Bay of Fundy,Cold Temperate Northwest Atlantic,Temperate Northern Atlantic,0.13023524142156329,0.03017758285587054,0.03017758285587054,0.03017758285587054,-1.9644339706222371,-3.214446079297627,-3.214446079297627,-3.214446079297627,1996-10-15,1996,1996,-11.763956904995212,seabrook 35,118
seabrook,35,45,42.959502,-70.768589,1,1997-04-15,4.6,4.6,4.6,NA,4.284,4.284,NA,0,249,249,0,2,4.284,stipe_density,"c(-70.768589, 42.959502)",Gulf of Maine/Bay of Fundy,Cold Temperate Northwest Atlantic,Temperate Northern Atlantic,0.07418463118949808,0.01718976238625537,0.01718976238625537,0.01718976238625537,-2.474742901834657,-3.6049147593882505,-3.6049147593882505,-3.6049147593882505,1997-04-15,1997,1997,-10.763956904995212,seabrook 35,118
seabrook,35,46,42.959502,-70.768589,1,1997-07-15,4.6,4.6,4.6,NA,5.949999999999999,5.949999999999999,NA,0,249,249,0,2,5.949999999999999,stipe_density,"c(-70.768589, 42.959502)",Gulf of Maine/Bay of Fundy,Cold Temperate Northwest Atlantic,Temperate Northern Atlantic,0.10303420998541399,0.023874669980910233,0.023874669980910233,0.023874669980910233,-2.1800647628535303,-3.385087742090681,-3.385087742090681,-3.385087742090681,1997-07-15,1997,1997,-10.763956904995212,seabrook 35,118
seabrook,35,47,42.959502,-70.768589,1,1997-10-15,4.6,4.6,4.6,NA,5.6882,5.6882,NA,0,249,249,0,2,5.6882,stipe_density,"c(-70.768589, 42.959502)",Gulf of Maine/Bay of Fundy,Cold Temperate Northwest Atlantic,Temperate Northern Atlantic,0.0985007047460558,0.022824184501750187,0.022824184501750187,0.022824184501750187,-2.2209986106673645,-3.4165897029175736,-3.4165897029175736,-3.4165897029175736,1997-10-15,1997,1997,-10.763956904995212,seabrook 35,118
seabrook,35,48,42.959502,-70.768589,1,1998-04-15,4.6,4.6,4.6,NA,7.1876,7.1876,NA,0,249,249,0,2,7.1876,stipe_density,"c(-70.768589, 42.959502)",Gulf of Maine/Bay of Fundy,Cold Temperate Northwest Atlantic,Temperate Northern Atlantic,0.12446532566238011,0.028840601336939567,0.028840601336939567,0.028840601336939567,-2.0064489149435216,-3.248289153265384,-3.248289153265384,-3.248289153265384,1998-04-15,1998,1998,-9.763956904995212,seabrook 35,118
seabrook,35,49,42.959502,-70.768589,1,1998-07-15,4.6,4.6,4.6,NA,1.0234,1.0234,NA,0,249,249,0,2,1.0234,stipe_density,"c(-70.768589, 42.959502)",Gulf of Maine/Bay of Fundy,Cold Temperate Northwest Atlantic,Temperate Northern Atlantic,0.01772188411749121,0.004106443236716561,0.004106443236716561,0.004106443236716561,-3.5855331373637984,-4.261123618832684,-4.261123618832684,-4.261123618832684,1998-07-15,1998,1998,-9.763956904995212,seabrook 35,118
seabrook,35,50,42.959502,-70.768589,1,1998-10-15,4.6,4.6,4.6,NA,8.092,8.092,NA,0,249,249,0,2,8.092,stipe_density,"c(-70.768589, 42.959502)",Gulf of Maine/Bay of Fundy,Cold Temperate Northwest Atlantic,Temperate Northern Atlantic,0.14012652558016306,0.03246955117403792,0.03246955117403792,0.03246955117403792,-1.8962768365675908,-3.1589679027834867,-3.1589679027834867,-3.1589679027834867,1998-10-15,1998,1998,-9.763956904995212,seabrook 35,118
seabrook,35,51,42.959502,-70.768589,1,1999-04-15,4.6,4.6,4.6,NA,8.4252,8.4252,NA,0,249,249,0,2,8.4252,stipe_density,"c(-70.768589, 42.959502)",Gulf of Maine/Bay of Fundy,Cold Temperate Northwest Atlantic,Temperate Northern Atlantic,0.14589644133934623,0.0338065326929689,0.0338065326929689,0.0338065326929689,-1.8585633297386137,-3.1279723244799307,-3.1279723244799307,-3.1279723244799307,1999-04-15,1999,1999,-8.763956904995212,seabrook 35,118
seabrook,35,52,42.959502,-70.768589,1,1999-07-15,4.6,4.6,4.6,NA,5.5692,5.5692,NA,0,249,249,0,2,5.5692,stipe_density,"c(-70.768589, 42.959502)",Gulf of Maine/Bay of Fundy,Cold Temperate Northwest Atlantic,Temperate Northern Atlantic,0.09644002054634751,0.022346691102131982,0.022346691102131982,0.022346691102131982,-2.240173639840466,-3.431243547590212,-3.431243547590212,-3.431243547590212,1999-07-15,1999,1999,-8.763956904995212,seabrook 35,118
seabrook,35,53,42.959502,-70.768589,1,1999-10-15,4.6,4.6,4.6,NA,3.2605999999999997,3.2605999999999997,NA,0,249,249,0,2,3.2605999999999997,stipe_density,"c(-70.768589, 42.959502)",Gulf of Maine/Bay of Fundy,Cold Temperate Northwest Atlantic,Temperate Northern Atlantic,0.05646274707200687,0.013083319149538808,0.013083319149538808,0.013083319149538808,-2.7111136826937505,-3.7686450370434,-3.7686450370434,-3.7686450370434,1999-10-15,1999,1999,-8.763956904995212,seabrook 35,118
seabrook,35,54,42.959502,-70.768589,1,2000-04-15,4.6,4.6,4.6,NA,3.1178,3.1178,NA,0,249,249,0,2,3.1178,stipe_density,"c(-70.768589, 42.959502)",Gulf of Maine/Bay of Fundy,Cold Temperate Northwest Atlantic,Temperate Northern Atlantic,0.05398992603235694,0.012510327069996963,0.012510327069996963,0.012510327069996963,-2.7490296137564725,-3.793781094182518,-3.793781094182518,-3.793781094182518,2000-04-15,2000,2000,-7.7639569049952115,seabrook 35,118
seabrook,35,55,42.959502,-70.768589,1,2000-07-15,4.6,4.6,4.6,NA,3.1654,3.1654,NA,0,249,249,0,2,3.1654,stipe_density,"c(-70.768589, 42.959502)",Gulf of Maine/Bay of Fundy,Cold Temperate Northwest Atlantic,Temperate Northern Atlantic,0.054814199712240254,0.012701324429844245,0.012701324429844245,0.012701324429844245,-2.7362305682679455,-3.7853320112697197,-3.7853320112697197,-3.7853320112697197,2000-07-15,2000,2000,-7.7639569049952115,seabrook 35,118
seabrook,35,56,42.959502,-70.768589,1,2000-10-15,4.6,4.6,4.6,NA,1.7612,1.7612,NA,0,249,249,0,2,1.7612,stipe_density,"c(-70.768589, 42.959502)",Gulf of Maine/Bay of Fundy,Cold Temperate Northwest Atlantic,Temperate Northern Atlantic,0.030498126155682547,0.007066902314349431,0.007066902314349431,0.007066902314349431,-3.2064995737009543,-4.0706142282186955,-4.0706142282186955,-4.0706142282186955,2000-10-15,2000,2000,-7.7639569049952115,seabrook 35,118
seabrook,35,57,42.959502,-70.768589,1,2001-04-15,4.6,4.6,4.6,NA,1.2138,1.2138,NA,0,249,249,0,2,1.2138,stipe_density,"c(-70.768589, 42.959502)",Gulf of Maine/Bay of Fundy,Cold Temperate Northwest Atlantic,Temperate Northern Atlantic,0.021018978837024457,0.004870432676105688,0.004870432676105688,0.004870432676105688,-3.4731560412783606,-4.208380421683512,-4.208380421683512,-4.208380421683512,2001-04-15,2001,2001,-6.7639569049952115,seabrook 35,118
seabrook,35,58,42.959502,-70.768589,1,2001-07-15,4.6,4.6,4.6,NA,1.2376,1.2376,NA,0,249,249,0,2,1.2376,stipe_density,"c(-70.768589, 42.959502)",Gulf of Maine/Bay of Fundy,Cold Temperate Northwest Atlantic,Temperate Northern Atlantic,0.021431115676966112,0.004965931356029329,0.004965931356029329,0.004965931356029329,-3.4599569316036223,-4.201978903995633,-4.201978903995633,-4.201978903995633,2001-07-15,2001,2001,-6.7639569049952115,seabrook 35,118
seabrook,35,59,42.959502,-70.768589,1,2001-10-15,4.6,4.6,4.6,NA,1.1424,1.1424,NA,0,249,249,0,2,1.1424,stipe_density,"c(-70.768589, 42.959502)",Gulf of Maine/Bay of Fundy,Cold Temperate Northwest Atlantic,Temperate Northern Atlantic,0.01978256831719949,0.0045839366363347655,0.0045839366363347655,0.0045839366363347655,-3.5138320124228444,-4.227834586353642,-4.227834586353642,-4.227834586353642,2001-10-15,2001,2001,-6.7639569049952115,seabrook 35,118
seabrook,35,60,42.959502,-70.768589,1,2002-04-15,4.6,4.6,4.6,NA,1.2852,1.2852,NA,0,249,249,0,2,1.2852,stipe_density,"c(-70.768589, 42.959502)",Gulf of Maine/Bay of Fundy,Cold Temperate Northwest Atlantic,Temperate Northern Atlantic,0.022255389356849422,0.0051569287158766105,0.0051569287158766105,0.0051569287158766105,-3.4340701378616916,-4.189297510593316,-4.189297510593316,-4.189297510593316,2002-04-15,2002,2002,-5.7639569049952115,seabrook 35,118
seabrook,35,61,42.959502,-70.768589,1,2002-07-15,4.6,4.6,4.6,NA,2.0468,2.0468,NA,0,249,249,0,2,2.0468,stipe_density,"c(-70.768589, 42.959502)",Gulf of Maine/Bay of Fundy,Cold Temperate Northwest Atlantic,Temperate Northern Atlantic,0.03544376823498242,0.008212886473433122,0.008212886473433122,0.008212886473433122,-3.091279580301074,-4.005625887456276,-4.005625887456276,-4.005625887456276,2002-07-15,2002,2002,-5.7639569049952115,seabrook 35,118
seabrook,35,62,42.959502,-70.768589,1,2002-10-15,4.6,4.6,4.6,NA,0.5950000000000001,0.5950000000000001,NA,0,249,249,0,2,0.5950000000000001,stipe_density,"c(-70.768589, 42.959502)",Gulf of Maine/Bay of Fundy,Cold Temperate Northwest Atlantic,Temperate Northern Atlantic,0.010303420998541401,0.002387466998091024,0.002387466998091024,0.002387466998091024,-3.8969658850370132,-4.391070043459466,-4.391070043459466,-4.391070043459466,2002-10-15,2002,2002,-5.7639569049952115,seabrook 35,118
seabrook,35,63,42.959502,-70.768589,1,2003-04-15,4.6,4.6,4.6,NA,0.9044,0.9044,NA,0,249,249,0,2,0.9044,stipe_density,"c(-70.768589, 42.959502)",Gulf of Maine/Bay of Fundy,Cold Temperate Northwest Atlantic,Temperate Northern Atlantic,0.01566119991778293,0.003628949837098356,0.003628949837098356,0.003628949837098356,-3.66277515869845,-4.295559084143846,-4.295559084143846,-4.295559084143846,2003-04-15,2003,2003,-4.7639569049952115,seabrook 35,118
seabrook,35,64,42.959502,-70.768589,1,2003-07-15,4.6,4.6,4.6,NA,1.9278,1.9278,NA,0,249,249,0,2,1.9278,stipe_density,"c(-70.768589, 42.959502)",Gulf of Maine/Bay of Fundy,Cold Temperate Northwest Atlantic,Temperate Northern Atlantic,0.03338308403527414,0.007735393073814917,0.007735393073814917,0.007735393073814917,-3.137685682627855,-4.03219302726859,-4.03219302726859,-4.03219302726859,2003-07-15,2003,2003,-4.7639569049952115,seabrook 35,118
seabrook,35,65,42.959502,-70.768589,1,2003-10-15,4.6,4.6,4.6,NA,5.474,5.474,NA,0,249,249,0,2,5.474,stipe_density,"c(-70.768589, 42.959502)",Gulf of Maine/Bay of Fundy,Cold Temperate Northwest Atlantic,Temperate Northern Atlantic,0.09479147318658089,0.021964696382437417,0.021964696382437417,0.021964696382437417,-2.255782873128786,-3.4431232232463045,-3.4431232232463045,-3.4431232232463045,2003-10-15,2003,2003,-4.7639569049952115,seabrook 35,118
seabrook,35,66,42.959502,-70.768589,1,2004-04-15,4.6,4.6,4.6,NA,1.4042000000000001,1.4042000000000001,NA,0,249,249,0,2,1.4042000000000001,stipe_density,"c(-70.768589, 42.959502)",Gulf of Maine/Bay of Fundy,Cold Temperate Northwest Atlantic,Temperate Northern Atlantic,0.024316073556557707,0.005634422115494816,0.005634422115494816,0.005634422115494816,-3.3721414177675464,-4.158280249708727,-4.158280249708727,-4.158280249708727,2004-04-15,2004,2004,-3.7639569049952115,seabrook 35,118
seabrook,35,67,42.959502,-70.768589,1,2004-07-15,4.6,4.6,4.6,NA,5.8309999999999995,5.8309999999999995,NA,0,249,249,0,2,5.8309999999999995,stipe_density,"c(-70.768589, 42.959502)",Gulf of Maine/Bay of Fundy,Cold Temperate Northwest Atlantic,Temperate Northern Atlantic,0.10097352578570572,0.02339717658129203,0.02339717658129203,0.02339717658129203,-2.19846361255207,-3.39928391606689,-3.39928391606689,-3.39928391606689,2004-07-15,2004,2004,-3.7639569049952115,seabrook 35,118
seabrook,35,68,42.959502,-70.768589,1,2004-10-15,4.6,4.6,4.6,NA,8.663200000000002,8.663200000000002,NA,0,249,249,0,2,8.663200000000002,stipe_density,"c(-70.768589, 42.959502)",Gulf of Maine/Bay of Fundy,Cold Temperate Northwest Atlantic,Temperate Northern Atlantic,0.15001780973876283,0.03476151949220531,0.03476151949220531,0.03476151949220531,-1.8324701590756374,-3.106406448567582,-3.106406448567582,-3.106406448567582,2004-10-15,2004,2004,-3.7639569049952115,seabrook 35,118
seabrook,35,69,42.959502,-70.768589,1,2005-04-15,4.6,4.6,4.6,NA,9.758,9.758,NA,0,249,249,0,2,9.758,stipe_density,"c(-70.768589, 42.959502)",Gulf of Maine/Bay of Fundy,Cold Temperate Northwest Atlantic,Temperate Northern Atlantic,0.16897610437607896,0.039154458768692786,0.039154458768692786,0.039154458768692786,-1.7205029771583509,-3.0127877189309618,-3.0127877189309618,-3.0127877189309618,2005-04-15,2005,2005,-2.7639569049952115,seabrook 35,118
seabrook,35,70,42.959502,-70.768589,1,2005-07-15,4.6,4.6,4.6,NA,6.545,6.545,NA,0,249,249,0,2,6.545,stipe_density,"c(-70.768589, 42.959502)",Gulf of Maine/Bay of Fundy,Cold Temperate Northwest Atlantic,Temperate Northern Atlantic,0.1133376309839554,0.02626213697900126,0.02626213697900126,0.02626213697900126,-2.0928297168032235,-3.3169811405050615,-3.3169811405050615,-3.3169811405050615,2005-07-15,2005,2005,-2.7639569049952115,seabrook 35,118
seabrook,35,71,42.959502,-70.768589,1,2005-10-15,4.6,4.6,4.6,NA,6.3784,6.3784,NA,0,249,249,0,2,6.3784,stipe_density,"c(-70.768589, 42.959502)",Gulf of Maine/Bay of Fundy,Cold Temperate Northwest Atlantic,Temperate Northern Atlantic,0.11045267310436381,0.025593646219535773,0.025593646219535773,0.025593646219535773,-2.1164983575202387,-3.335588134032396,-3.335588134032396,-3.335588134032396,2005-10-15,2005,2005,-2.7639569049952115,seabrook 35,118
seabrook,35,72,42.959502,-70.768589,1,2006-04-15,4.6,4.6,4.6,NA,5.0694,5.0694,NA,0,249,249,0,2,5.0694,stipe_density,"c(-70.768589, 42.959502)",Gulf of Maine/Bay of Fundy,Cold Temperate Northwest Atlantic,Temperate Northern Atlantic,0.08778514690757273,0.020341218823735522,0.020341218823735522,0.020341218823735522,-2.3249825855858104,-3.49524813369541,-3.49524813369541,-3.49524813369541,2006-04-15,2006,2006,-1.7639569049952115,seabrook 35,118
seabrook,35,73,42.959502,-70.768589,1,2006-07-15,4.6,4.6,4.6,NA,6.2832,6.2832,NA,0,249,249,0,2,6.2832,stipe_density,"c(-70.768589, 42.959502)",Gulf of Maine/Bay of Fundy,Cold Temperate Northwest Atlantic,Temperate Northern Atlantic,0.10880412574459719,0.025211651499841208,0.025211651499841208,0.025211651499841208,-2.130279144166737,-3.346378242631103,-3.346378242631103,-3.346378242631103,2006-07-15,2006,2006,-1.7639569049952115,seabrook 35,118
seabrook,35,74,42.959502,-70.768589,1,2006-10-15,4.6,4.6,4.6,NA,3.0464,3.0464,NA,0,249,249,0,2,3.0464,stipe_density,"c(-70.768589, 42.959502)",Gulf of Maine/Bay of Fundy,Cold Temperate Northwest Atlantic,Temperate Northern Atlantic,0.052753515512531976,0.012223831030226041,0.012223831030226041,0.012223831030226041,-2.76854067843544,-3.806590096030638,-3.806590096030638,-3.806590096030638,2006-10-15,2006,2006,-1.7639569049952115,seabrook 35,118
seabrook,35,75,42.959502,-70.768589,1,2007-04-15,4.6,4.6,4.6,NA,1.0234,1.0234,NA,0,249,249,0,2,1.0234,stipe_density,"c(-70.768589, 42.959502)",Gulf of Maine/Bay of Fundy,Cold Temperate Northwest Atlantic,Temperate Northern Atlantic,0.01772188411749121,0.004106443236716561,0.004106443236716561,0.004106443236716561,-3.5855331373637984,-4.261123618832684,-4.261123618832684,-4.261123618832684,2007-04-15,2007,2007,-0.7639569049952115,seabrook 35,118
seabrook,35,76,42.959502,-70.768589,1,2007-07-15,4.6,4.6,4.6,NA,0.9996,0.9996,NA,0,249,249,0,2,0.9996,stipe_density,"c(-70.768589, 42.959502)",Gulf of Maine/Bay of Fundy,Cold Temperate Northwest Atlantic,Temperate Northern Atlantic,0.017309747277549553,0.00401094455679292,0.00401094455679292,0.00401094455679292,-3.6005115973822717,-4.2679165007207835,-4.2679165007207835,-4.2679165007207835,2007-07-15,2007,2007,-0.7639569049952115,seabrook 35,118
seabrook,35,77,42.959502,-70.768589,1,2007-10-15,4.6,4.6,4.6,NA,1.7136,1.7136,NA,0,249,249,0,2,1.7136,stipe_density,"c(-70.768589, 42.959502)",Gulf of Maine/Bay of Fundy,Cold Temperate Northwest Atlantic,Temperate Northern Atlantic,0.029673852475799234,0.006875904954502149,0.006875904954502149,0.006875904954502149,-3.2270629360931946,-4.081868416727955,-4.081868416727955,-4.081868416727955,2007-10-15,2007,2007,-0.7639569049952115,seabrook 35,118
seabrook,35,78,42.959502,-70.768589,1,2008-04-15,4.6,4.6,4.6,NA,1.547,1.547,NA,0,249,249,0,2,1.547,stipe_density,"c(-70.768589, 42.959502)",Gulf of Maine/Bay of Fundy,Cold Temperate Northwest Atlantic,Temperate Northern Atlantic,0.02678889459620764,0.006207414195036661,0.006207414195036661,0.006207414195036661,-3.3025592566281436,-4.122286475080816,-4.122286475080816,-4.122286475080816,2008-04-15,2008,2008,0.23604309500478848,seabrook 35,118
seabrook,35,79,42.959502,-70.768589,1,2008-07-15,4.6,4.6,4.6,NA,1.9754,1.9754,NA,0,249,249,0,2,1.9754,stipe_density,"c(-70.768589, 42.959502)",Gulf of Maine/Bay of Fundy,Cold Temperate Northwest Atlantic,Temperate Northern Atlantic,0.03420735771515745,0.007926390433662198,0.007926390433662198,0.007926390433662198,-3.118864039608269,-4.021481325983909,-4.021481325983909,-4.021481325983909,2008-07-15,2008,2008,0.23604309500478848,seabrook 35,118
seabrook,35,80,42.959502,-70.768589,1,2008-10-15,4.6,4.6,4.6,NA,1.428,1.428,NA,0,249,249,0,2,1.428,stipe_density,"c(-70.768589, 42.959502)",Gulf of Maine/Bay of Fundy,Cold Temperate Northwest Atlantic,Temperate Northern Atlantic,0.02472821039649936,0.005729920795418456,0.005729920795418456,0.005729920795418456,-3.3602029425921347,-4.152190597180924,-4.152190597180924,-4.152190597180924,2008-10-15,2008,2008,0.23604309500478848,seabrook 35,118
seabrook,35,81,42.959502,-70.768589,1,2009-04-15,4.6,4.6,4.6,NA,1.428,1.428,NA,0,249,249,0,2,1.428,stipe_density,"c(-70.768589, 42.959502)",Gulf of Maine/Bay of Fundy,Cold Temperate Northwest Atlantic,Temperate Northern Atlantic,0.02472821039649936,0.005729920795418456,0.005729920795418456,0.005729920795418456,-3.3602029425921347,-4.152190597180924,-4.152190597180924,-4.152190597180924,2009-04-15,2009,2009,1.2360430950047885,seabrook 35,118
seabrook,35,82,42.959502,-70.768589,1,2009-07-15,4.6,4.6,4.6,NA,6.0928,6.0928,NA,0,249,249,0,2,6.0928,stipe_density,"c(-70.768589, 42.959502)",Gulf of Maine/Bay of Fundy,Cold Temperate Northwest Atlantic,Temperate Northern Atlantic,0.10550703102506395,0.024447662060452083,0.024447662060452083,0.024447662060452083,-2.1584238761971983,-3.3683141485437558,-3.3683141485437558,-3.3683141485437558,2009-07-15,2009,2009,1.2360430950047885,seabrook 35,118
seabrook,35,83,42.959502,-70.768589,1,2009-10-15,4.6,4.6,4.6,NA,6.3546000000000005,6.3546000000000005,NA,0,249,249,0,2,6.3546000000000005,stipe_density,"c(-70.768589, 42.959502)",Gulf of Maine/Bay of Fundy,Cold Temperate Northwest Atlantic,Temperate Northern Atlantic,0.11004053626442216,0.025498147539612135,0.025498147539612135,0.025498147539612135,-2.119925791038892,-3.3382747658450507,-3.3382747658450507,-3.3382747658450507,2009-10-15,2009,2009,1.2360430950047885,seabrook 35,118
seabrook,35,84,42.959502,-70.768589,1,2010-04-15,4.6,4.6,4.6,NA,2.5466,2.5466,NA,0,249,249,0,2,2.5466,stipe_density,"c(-70.768589, 42.959502)",Gulf of Maine/Bay of Fundy,Cold Temperate Northwest Atlantic,Temperate Northern Atlantic,0.0440986418737572,0.010218358751829582,0.010218358751829582,0.010218358751829582,-2.916946197441906,-3.9011642382277794,-3.9011642382277794,-3.9011642382277794,2010-04-15,2010,2010,2.2360430950047885,seabrook 35,118
seabrook,35,85,42.959502,-70.768589,1,2010-07-15,4.6,4.6,4.6,NA,6.9734,6.9734,NA,0,249,249,0,2,6.9734,stipe_density,"c(-70.768589, 42.959502)",Gulf of Maine/Bay of Fundy,Cold Temperate Northwest Atlantic,Temperate Northern Atlantic,0.1207560941029052,0.027981113217626797,0.027981113217626797,0.027981113217626797,-2.0344215683056315,-3.270666263400194,-3.270666263400194,-3.270666263400194,2010-07-15,2010,2010,2.2360430950047885,seabrook 35,118
seabrook,35,86,42.959502,-70.768589,1,2010-10-15,4.6,4.6,4.6,NA,3.4986,3.4986,NA,0,249,249,0,2,3.4986,stipe_density,"c(-70.768589, 42.959502)",Gulf of Maine/Bay of Fundy,Cold Temperate Northwest Atlantic,Temperate Northern Atlantic,0.060584115471423436,0.01403830594877522,0.01403830594877522,0.01403830594877522,-2.6509501531203497,-3.7281066398191154,-3.7281066398191154,-3.7281066398191154,2010-10-15,2010,2010,2.2360430950047885,seabrook 35,118
seabrook,35,87,42.959502,-70.768589,1,2011-04-15,4.6,4.6,4.6,NA,2.6418,2.6418,NA,0,249,249,0,2,2.6418,stipe_density,"c(-70.768589, 42.959502)",Gulf of Maine/Bay of Fundy,Cold Temperate Northwest Atlantic,Temperate Northern Atlantic,0.04574718923352382,0.010600353471524144,0.010600353471524144,0.010600353471524144,-2.886928287248801,-3.8824470445219608,-3.8824470445219608,-3.8824470445219608,2011-04-15,2011,2011,3.2360430950047885,seabrook 35,118
seabrook,35,88,42.959502,-70.768589,1,2011-07-15,4.6,4.6,4.6,NA,3.9269999999999996,3.9269999999999996,NA,0,249,249,0,2,3.9269999999999996,stipe_density,"c(-70.768589, 42.959502)",Gulf of Maine/Bay of Fundy,Cold Temperate Northwest Atlantic,Temperate Northern Atlantic,0.06800257859037323,0.015757282187400756,0.015757282187400756,0.015757282187400756,-2.5510133939880384,-3.65903788845953,-3.65903788845953,-3.65903788845953,2011-07-15,2011,2011,3.2360430950047885,seabrook 35,118
seabrook,35,89,42.959502,-70.768589,1,2011-10-15,4.6,4.6,4.6,NA,3.2368,3.2368,NA,0,249,249,0,2,3.2368,stipe_density,"c(-70.768589, 42.959502)",Gulf of Maine/Bay of Fundy,Cold Temperate Northwest Atlantic,Temperate Northern Atlantic,0.05605061023206522,0.01298782046961517,0.01298782046961517,0.01298782046961517,-2.717334009115297,-3.7727907481106926,-3.7727907481106926,-3.7727907481106926,2011-10-15,2011,2011,3.2360430950047885,seabrook 35,118
seabrook,35,90,42.959502,-70.768589,1,2012-04-15,4.6,4.6,4.6,NA,3.213,3.213,NA,0,249,249,0,2,3.213,stipe_density,"c(-70.768589, 42.959502)",Gulf of Maine/Bay of Fundy,Cold Temperate Northwest Atlantic,Temperate Northern Atlantic,0.055638473392123564,0.01289232178969153,0.01289232178969153,0.01289232178969153,-2.7235932703109644,-3.7769537176717884,-3.7769537176717884,-3.7769537176717884,2012-04-15,2012,2012,4.2360430950047885,seabrook 35,118
seabrook,35,91,42.959502,-70.768589,1,2012-07-15,4.6,4.6,4.6,NA,4.0698,4.0698,NA,0,249,249,0,2,4.0698,stipe_density,"c(-70.768589, 42.959502)",Gulf of Maine/Bay of Fundy,Cold Temperate Northwest Atlantic,Temperate Northern Atlantic,0.07047539963002318,0.016330274266942602,0.016330274266942602,0.016330274266942602,-2.5198037359192793,-3.637035889009272,-3.637035889009272,-3.637035889009272,2012-07-15,2012,2012,4.2360430950047885,seabrook 35,118
seabrook,35,92,42.959502,-70.768589,1,2012-10-15,4.6,4.6,4.6,NA,0.7378,0.7378,NA,0,249,249,0,2,0.7378,stipe_density,"c(-70.768589, 42.959502)",Gulf of Maine/Bay of Fundy,Cold Temperate Northwest Atlantic,Temperate Northern Atlantic,0.012776242038191337,0.0029604590776328692,0.0029604590776328692,0.0029604590776328692,-3.7820373021665126,-4.345852166028519,-4.345852166028519,-4.345852166028519,2012-10-15,2012,2012,4.2360430950047885,seabrook 35,118
seabrook,35,93,42.959502,-70.768589,1,2013-04-15,4.6,4.6,4.6,NA,0.3808,0.3808,NA,0,249,249,0,2,0.3808,stipe_density,"c(-70.768589, 42.959502)",Gulf of Maine/Bay of Fundy,Cold Temperate Northwest Atlantic,Temperate Northern Atlantic,0.006594189439066497,0.0015279788787782552,0.0015279788787782552,0.0015279788787782552,-4.098702678686942,-4.462978252453643,-4.462978252453643,-4.462978252453643,2013-04-15,2013,2013,5.2360430950047885,seabrook 35,118
seabrook,35,94,42.959502,-70.768589,1,2013-07-15,4.6,4.6,4.6,NA,1.0948,1.0948,NA,0,249,249,0,2,1.0948,stipe_density,"c(-70.768589, 42.959502)",Gulf of Maine/Bay of Fundy,Cold Temperate Northwest Atlantic,Temperate Northern Atlantic,0.018958294637316176,0.004392939276487483,0.004392939276487483,0.004392939276487483,-3.5418986000315242,-4.241017520671979,-4.241017520671979,-4.241017520671979,2013-07-15,2013,2013,5.2360430950047885,seabrook 35,118
seabrook,35,95,42.959502,-70.768589,1,2013-10-15,4.6,4.6,4.6,NA,1.2852000000000001,1.2852000000000001,NA,0,249,249,0,2,1.2852000000000001,stipe_density,"c(-70.768589, 42.959502)",Gulf of Maine/Bay of Fundy,Cold Temperate Northwest Atlantic,Temperate Northern Atlantic,0.02225538935684943,0.005156928715876611,0.005156928715876611,0.005156928715876611,-3.4340701378616916,-4.189297510593316,-4.189297510593316,-4.189297510593316,2013-10-15,2013,2013,5.2360430950047885,seabrook 35,118
seabrook,35,96,42.959502,-70.768589,1,2014-04-15,4.6,4.6,4.6,NA,1.2376,1.2376,NA,0,249,249,0,2,1.2376,stipe_density,"c(-70.768589, 42.959502)",Gulf of Maine/Bay of Fundy,Cold Temperate Northwest Atlantic,Temperate Northern Atlantic,0.021431115676966112,0.004965931356029329,0.004965931356029329,0.004965931356029329,-3.4599569316036223,-4.201978903995633,-4.201978903995633,-4.201978903995633,2014-04-15,2014,2014,6.2360430950047885,seabrook 35,118
seabrook,35,97,42.959502,-70.768589,1,2014-07-15,4.6,4.6,4.6,NA,1.8325999999999998,1.8325999999999998,NA,0,249,249,0,2,1.8325999999999998,stipe_density,"c(-70.768589, 42.959502)",Gulf of Maine/Bay of Fundy,Cold Temperate Northwest Atlantic,Temperate Northern Atlantic,0.03173453667550751,0.0073533983541203525,0.0073533983541203525,0.0073533983541203525,-3.1764262753222865,-4.053966921214914,-4.053966921214914,-4.053966921214914,2014-07-15,2014,2014,6.2360430950047885,seabrook 35,118
seabrook,35,98,42.959502,-70.768589,1,2014-10-15,4.6,4.6,4.6,NA,1.0234,1.0234,NA,0,249,249,0,2,1.0234,stipe_density,"c(-70.768589, 42.959502)",Gulf of Maine/Bay of Fundy,Cold Temperate Northwest Atlantic,Temperate Northern Atlantic,0.01772188411749121,0.004106443236716561,0.004106443236716561,0.004106443236716561,-3.5855331373637984,-4.261123618832684,-4.261123618832684,-4.261123618832684,2014-10-15,2014,2014,6.2360430950047885,seabrook 35,118
seabrook,35,99,42.959502,-70.768589,1,2015-04-15,4.6,4.6,4.6,NA,0.833,0.833,NA,0,249,249,0,2,0.833,stipe_density,"c(-70.768589, 42.959502)",Gulf of Maine/Bay of Fundy,Cold Temperate Northwest Atlantic,Temperate Northern Atlantic,0.01442478939795796,0.0033424537973274332,0.0033424537973274332,0.0033424537973274332,-3.712156703487272,-4.316804312581923,-4.316804312581923,-4.316804312581923,2015-04-15,2015,2015,7.2360430950047885,seabrook 35,118
seabrook,35,100,42.959502,-70.768589,1,2015-07-15,4.6,4.6,4.6,NA,3.6652,3.6652,NA,0,249,249,0,2,3.6652,stipe_density,"c(-70.768589, 42.959502)",Gulf of Maine/Bay of Fundy,Cold Temperate Northwest Atlantic,Temperate Northern Atlantic,0.06346907335101502,0.014706796708240707,0.014706796708240707,0.014706796708240707,-2.610890732046681,-3.7006769028265114,-3.7006769028265114,-3.7006769028265114,2015-07-15,2015,2015,7.2360430950047885,seabrook 35,118
seabrook,35,101,42.959502,-70.768589,1,2015-10-15,4.6,4.6,4.6,NA,0.833,0.833,NA,0,249,249,0,2,0.833,stipe_density,"c(-70.768589, 42.959502)",Gulf of Maine/Bay of Fundy,Cold Temperate Northwest Atlantic,Temperate Northern Atlantic,0.01442478939795796,0.0033424537973274332,0.0033424537973274332,0.0033424537973274332,-3.712156703487272,-4.316804312581923,-4.316804312581923,-4.316804312581923,2015-10-15,2015,2015,7.2360430950047885,seabrook 35,118
seabrook,35,102,42.959502,-70.768589,1,2016-04-15,4.6,4.6,4.6,NA,1.0234,1.0234,NA,0,249,249,0,2,1.0234,stipe_density,"c(-70.768589, 42.959502)",Gulf of Maine/Bay of Fundy,Cold Temperate Northwest Atlantic,Temperate Northern Atlantic,0.01772188411749121,0.004106443236716561,0.004106443236716561,0.004106443236716561,-3.5855331373637984,-4.261123618832684,-4.261123618832684,-4.261123618832684,2016-04-15,2016,2016,8.236043095004788,seabrook 35,118
seabrook,35,103,42.959502,-70.768589,1,2016-07-15,4.6,4.6,4.6,NA,1.7611999999999999,1.7611999999999999,NA,0,249,249,0,2,1.7611999999999999,stipe_density,"c(-70.768589, 42.959502)",Gulf of Maine/Bay of Fundy,Cold Temperate Northwest Atlantic,Temperate Northern Atlantic,0.030498126155682544,0.00706690231434943,0.00706690231434943,0.00706690231434943,-3.2064995737009543,-4.0706142282186955,-4.0706142282186955,-4.0706142282186955,2016-07-15,2016,2016,8.236043095004788,seabrook 35,118
seabrook,35,104,42.959502,-70.768589,1,2017-04-15,4.6,4.6,4.6,NA,0.714,0.714,NA,0,249,249,0,2,0.714,stipe_density,"c(-70.768589, 42.959502)",Gulf of Maine/Bay of Fundy,Cold Temperate Northwest Atlantic,Temperate Northern Atlantic,0.01236410519824968,0.002864960397709228,0.002864960397709228,0.002864960397709228,-3.8002980519185137,-4.353247911550157,-4.353247911550157,-4.353247911550157,2017-04-15,2017,2017,9.236043095004788,seabrook 35,118
seabrook,35,105,42.959502,-70.768589,1,2017-07-15,4.6,4.6,4.6,NA,0.8806,0.8806,NA,0,249,249,0,2,0.8806,stipe_density,"c(-70.768589, 42.959502)",Gulf of Maine/Bay of Fundy,Cold Temperate Northwest Atlantic,Temperate Northern Atlantic,0.015249063077841274,0.0035334511571747155,0.0035334511571747155,0.0035334511571747155,-3.678966229777275,-4.302590794885282,-4.302590794885282,-4.302590794885282,2017-07-15,2017,2017,9.236043095004788,seabrook 35,118
seabrook,35,106,42.959502,-70.768589,1,2017-10-15,4.6,4.6,4.6,NA,1.3328,1.3328,NA,0,249,249,0,2,1.3328,stipe_density,"c(-70.768589, 42.959502)",Gulf of Maine/Bay of Fundy,Cold Temperate Northwest Atlantic,Temperate Northern Atlantic,0.023079663036732735,0.005347926075723893,0.005347926075723893,0.005347926075723893,-3.4088365951925317,-4.1767749231503455,-4.1767749231503455,-4.1767749231503455,2017-10-15,2017,2017,9.236043095004788,seabrook 35,118
seabrook,35,107,42.959502,-70.768589,1,2018-04-15,4.6,4.6,4.6,NA,1.9754,1.9754,NA,0,249,249,0,2,1.9754,stipe_density,"c(-70.768589, 42.959502)",Gulf of Maine/Bay of Fundy,Cold Temperate Northwest Atlantic,Temperate Northern Atlantic,0.03420735771515745,0.007926390433662198,0.007926390433662198,0.007926390433662198,-3.118864039608269,-4.021481325983909,-4.021481325983909,-4.021481325983909,2018-04-15,2018,2018,10.236043095004788,seabrook 35,118
seabrook,35,108,42.959502,-70.768589,1,2018-07-15,4.6,4.6,4.6,NA,0.7854,0.7854,NA,0,249,249,0,2,0.7854,stipe_density,"c(-70.768589, 42.959502)",Gulf of Maine/Bay of Fundy,Cold Temperate Northwest Atlantic,Temperate Northern Atlantic,0.013600515718074649,0.003151456437480151,0.003151456437480151,0.003151456437480151,-3.746486714728544,-4.33122277078941,-4.33122277078941,-4.33122277078941,2018-07-15,2018,2018,10.236043095004788,seabrook 35,118
seabrook,35,109,42.959502,-70.768589,1,2018-10-15,4.6,4.6,4.6,NA,1.0233999999999999,1.0233999999999999,NA,0,249,249,0,2,1.0233999999999999,stipe_density,"c(-70.768589, 42.959502)",Gulf of Maine/Bay of Fundy,Cold Temperate Northwest Atlantic,Temperate Northern Atlantic,0.017721884117491208,0.00410644323671656,0.00410644323671656,0.00410644323671656,-3.585533137363799,-4.261123618832684,-4.261123618832684,-4.261123618832684,2018-10-15,2018,2018,10.236043095004788,seabrook 35,118
seabrook,35,110,42.959502,-70.768589,1,2019-04-15,4.6,4.6,4.6,NA,1.666,1.666,NA,0,249,249,0,2,1.666,stipe_density,"c(-70.768589, 42.959502)",Gulf of Maine/Bay of Fundy,Cold Temperate Northwest Atlantic,Temperate Northern Atlantic,0.02884957879591592,0.0066849075946548665,0.0066849075946548665,0.0066849075946548665,-3.2480580440312194,-4.093250705022792,-4.093250705022792,-4.093250705022792,2019-04-15,2019,2019,11.236043095004788,seabrook 35,118
seabrook,35,111,42.959502,-70.768589,1,2019-07-15,4.6,4.6,4.6,NA,1.7850000000000001,1.7850000000000001,NA,0,249,249,0,2,1.7850000000000001,stipe_density,"c(-70.768589, 42.959502)",Gulf of Maine/Bay of Fundy,Cold Temperate Northwest Atlantic,Temperate Northern Atlantic,0.030910262995624205,0.007162400994273072,0.007162400994273072,0.007162400994273072,-3.196374318422427,-4.0650342766287615,-4.0650342766287615,-4.0650342766287615,2019-07-15,2019,2019,11.236043095004788,seabrook 35,118
seabrook,35,112,42.959502,-70.768589,1,2019-10-15,4.6,4.6,4.6,NA,1.8564,1.8564,NA,0,249,249,0,2,1.8564,stipe_density,"c(-70.768589, 42.959502)",Gulf of Maine/Bay of Fundy,Cold Temperate Northwest Atlantic,Temperate Northern Atlantic,0.03214667351544917,0.0074488970340439945,0.0074488970340439945,0.0074488970340439945,-3.166599517804049,-4.04847883954947,-4.04847883954947,-4.04847883954947,2019-10-15,2019,2019,11.236043095004788,seabrook 35,118
seabrook,35,113,42.959502,-70.768589,1,2020-04-15,4.6,4.6,4.6,NA,1.3804,1.3804,NA,0,249,249,0,2,1.3804,stipe_density,"c(-70.768589, 42.959502)",Gulf of Maine/Bay of Fundy,Cold Temperate Northwest Atlantic,Temperate Northern Atlantic,0.023903936716616052,0.005538923435571175,0.005538923435571175,0.005538923435571175,-3.3842241440041825,-4.164407213432669,-4.164407213432669,-4.164407213432669,2020-04-15,2020,2020,12.236043095004788,seabrook 35,118
seabrook,35,114,42.959502,-70.768589,1,2020-07-15,4.6,4.6,4.6,NA,1.6184,1.6184,NA,0,249,249,0,2,1.6184,stipe_density,"c(-70.768589, 42.959502)",Gulf of Maine/Bay of Fundy,Cold Temperate Northwest Atlantic,Temperate Northern Atlantic,0.02802530511603261,0.006493910234807585,0.006493910234807585,0.006493910234807585,-3.2695034167787007,-4.1047640428794905,-4.1047640428794905,-4.1047640428794905,2020-07-15,2020,2020,12.236043095004788,seabrook 35,118
seabrook,35,115,42.959502,-70.768589,1,2020-10-15,4.6,4.6,4.6,NA,1.8564,1.8564,NA,0,249,249,0,2,1.8564,stipe_density,"c(-70.768589, 42.959502)",Gulf of Maine/Bay of Fundy,Cold Temperate Northwest Atlantic,Temperate Northern Atlantic,0.03214667351544917,0.0074488970340439945,0.0074488970340439945,0.0074488970340439945,-3.166599517804049,-4.04847883954947,-4.04847883954947,-4.04847883954947,2020-10-15,2020,2020,12.236043095004788,seabrook 35,118
seabrook,35,116,42.959502,-70.768589,1,2021-04-15,4.6,4.6,4.6,NA,2.4513999999999996,2.4513999999999996,NA,0,249,249,0,2,2.4513999999999996,stipe_density,"c(-70.768589, 42.959502)",Gulf of Maine/Bay of Fundy,Cold Temperate Northwest Atlantic,Temperate Northern Atlantic,0.042450094513990566,0.009836364032135015,0.009836364032135015,0.009836364032135015,-2.9478931421587933,-3.9202384584297265,-3.9202384584297265,-3.9202384584297265,2021-04-15,2021,2021,13.236043095004788,seabrook 35,118
seabrook,35,117,42.959502,-70.768589,1,2021-07-15,4.6,4.6,4.6,NA,7.4494,7.4494,NA,0,249,249,0,2,7.4494,stipe_density,"c(-70.768589, 42.959502)",Gulf of Maine/Bay of Fundy,Cold Temperate Northwest Atlantic,Temperate Northern Atlantic,0.12899883090173833,0.029891086816099616,0.029891086816099616,0.029891086816099616,-1.9732897566656769,-3.221602368108829,-3.221602368108829,-3.221602368108829,2021-07-15,2021,2021,13.236043095004788,seabrook 35,118
seabrook,35,118,42.959502,-70.768589,1,2021-10-15,4.6,4.6,4.6,NA,3.5462000000000002,3.5462000000000002,NA,0,249,249,0,2,3.5462000000000002,stipe_density,"c(-70.768589, 42.959502)",Gulf of Maine/Bay of Fundy,Cold Temperate Northwest Atlantic,Temperate Northern Atlantic,0.06140838915130675,0.014229303308622503,0.014229303308622503,0.014229303308622503,-2.639339921422268,-3.7201924978224508,-3.7201924978224508,-3.7201924978224508,2021-10-15,2021,2021,13.236043095004788,seabrook 35,118
sw_newfoundland_gagnon,Bay Bulls,1,47.308691013030305,-52.78768533712121,0.25,2021-08-16,9999,9999,9999,NA,NA,NA,25.69696969696968,0,0,0,12,4,25.69696969696968,percent_cover,"c(-52.7876853371212, 47.3086910130303)",Northern Grand Banks - Southern Labrador,Arctic,Arctic,0.8757711645604018,0.8757711645604018,0.8757711645604018,0.23105817325668354,-0.12129664101409168,-0.12129664101409168,-0.12129664101409168,-1.4227169918118092,2021-08-16,2021,2021,13.236043095004788,sw_newfoundland_gagnon Bay Bulls,3
sw_newfoundland_gagnon,Bay Bulls,2,47.30926769435294,-52.78478530082353,0.25,2021-10-04,10.45,5.125176470588235,1.25,NA,NA,NA,19.952941176470596,0,0,0,12,4,19.952941176470596,percent_cover,"c(-52.7847853008235, 47.3092676943529)",Northern Grand Banks - Southern Labrador,Arctic,Arctic,0.6800105513057244,0.6800105513057244,0.6800105513057244,0.17940987570518976,-0.3710483897603229,-0.3710483897603229,-0.3710483897603229,-1.6638419575346526,2021-10-04,2021,2021,13.236043095004788,sw_newfoundland_gagnon Bay Bulls,3
sw_newfoundland_gagnon,Bay Bulls,3,47.3094604965,-52.7839582045,0.25,2022-07-05,14.99,9.32725,4.36,NA,NA,NA,27.5,0,0,0,12,4,27.5,percent_cover,"c(-52.7839582045, 47.3094604965)",Northern Grand Banks - Southern Labrador,Arctic,Arctic,0.9372197309417042,0.9372197309417042,0.9372197309417042,0.2472703917811798,-0.05422418426096706,-0.05422418426096706,-0.05422418426096706,-1.3576276390667685,2022-07-05,2022,2022,14.236043095004788,sw_newfoundland_gagnon Bay Bulls,3
sw_newfoundland_gagnon,Flatrock,1,47.70217122921053,-52.70644930552631,0.25,2022-07-04,26.13,10.17907894736842,2.1,NA,NA,NA,27.052631578947356,0,0,0,12,4,27.052631578947356,percent_cover,"c(-52.7064493055263, 47.7021712292105)",Northern Grand Banks - Southern Labrador,Arctic,Arctic,0.9219730941704033,0.9219730941704033,0.9219730941704033,0.2432478112450265,-0.07045133362913732,-0.07045133362913732,-0.07045133362913732,-1.3733867785559382,2022-07-04,2022,2022,14.236043095004788,sw_newfoundland_gagnon Flatrock,2
sw_newfoundland_gagnon,Flatrock,2,47.703159015419,-52.7047260301676,0.25,2025-07-10,9999,9999,9999,NA,NA,NA,23.307262569832407,0,0,0,12,4,23.307262569832407,percent_cover,"c(-52.7047260301676, 47.703159015419)",Northern Grand Banks - Southern Labrador,Arctic,Arctic,0.7943282310794902,0.7943282310794902,0.7943282310794902,0.20957076170870131,-0.21774784550224707,-0.21774784550224707,-0.21774784550224707,-1.5160807216141305,2025-07-10,2025,2025,17.23604309500479,sw_newfoundland_gagnon Flatrock,2
sw_newfoundland_gagnon,Margaree,1,47.57207488541667,-59.06045807291667,0.25,2021-09-22,11.8,4.6187499999999995,1.3,NA,NA,NA,46.916666666666664,0,0,0,12,4,46.916666666666664,percent_cover,"c(-59.0604580729167, 47.5720748854167)",Southern Grand Banks - South Newfoundland,Cold Temperate Northwest Atlantic,Temperate Northern Atlantic,0.9706563291602168,0.4218582744630431,0.4218582744630431,0.4218582744630431,-0.019533207849437288,-0.8396578129368135,-0.8396578129368135,-0.8396578129368135,2021-09-22,2021,2021,13.236043095004788,sw_newfoundland_gagnon Margaree,3
sw_newfoundland_gagnon,Margaree,2,47.572053115,-59.06001065671428,0.25,2022-07-24,10.5,4.5928571428571425,1.5,NA,NA,NA,50.971428571428575,0,0,0,12,4,50.971428571428575,percent_cover,"c(-59.0600106567143, 47.572053115)",Southern Grand Banks - South Newfoundland,Cold Temperate Northwest Atlantic,Temperate Northern Atlantic,1.0545450745831983,0.4583172768183114,0.4583172768183114,0.4583172768183114,0.0625475478867837,-0.7586092708438354,-0.7586092708438354,-0.7586092708438354,2022-07-24,2022,2022,14.236043095004788,sw_newfoundland_gagnon Margaree,3
sw_newfoundland_gagnon,Margaree,3,47.57221321585376,-59.06032281974156,0.25,2024-08-27,11.4,4.56,1.6,NA,NA,NA,39.00952380952381,0,0,0,12,4,39.00952380952381,percent_cover,"c(-59.0603228197416, 47.5722132158538)",Southern Grand Banks - South Newfoundland,Cold Temperate Northwest Atlantic,Temperate Northern Atlantic,0.8070658866765286,0.3507600085664805,0.3507600085664805,0.3507600085664805,-0.20203554272682508,-1.0195423379389805,-1.0195423379389805,-1.0195423379389805,2024-08-27,2024,2024,16.23604309500479,sw_newfoundland_gagnon Margaree,3
steneck_gom,Jonesport - browney,1,44.463898,-67.624035,1,1996-08-01,10,10,10,NA,NA,NA,34.13461538461539,0,0,0,101,4,34.13461538461539,percent_cover,"c(-67.624035, 44.463898)",Gulf of Maine/Bay of Fundy,Cold Temperate Northwest Atlantic,Temperate Northern Atlantic,0.34134615384615385,0.306926535252863,0.306926535252863,0.306926535252863,-1.045983348191512,-1.1490852819540036,-1.1490852819540036,-1.1490852819540036,1996-08-01,1996,1996,-11.763956904995212,steneck_gom Jonesport - browney,2
steneck_gom,Jonesport - browney,2,44.463898,-67.624035,1,1997-08-01,10,10,10,NA,NA,NA,27.735294117647058,0,0,0,101,4,27.735294117647058,percent_cover,"c(-67.624035, 44.463898)",Gulf of Maine/Bay of Fundy,Cold Temperate Northwest Atlantic,Temperate Northern Atlantic,0.2773529411764706,0.24938607427770323,0.24938607427770323,0.24938607427770323,-1.24704405856147,-1.349437692898201,-1.349437692898201,-1.349437692898201,1997-08-01,1997,1997,-10.763956904995212,steneck_gom Jonesport - browney,2
steneck_gom,Jonesport - little drisco,1,44.4833333,-67.6633333,1,1999-08-01,10,10,10,NA,NA,NA,28.5,0,0,0,101,4,28.5,percent_cover,"c(-67.6633333, 44.4833333)",Gulf of Maine/Bay of Fundy,Cold Temperate Northwest Atlantic,Temperate Northern Atlantic,0.285,0.2562620423914045,0.2562620423914045,0.2562620423914045,-1.2207799226423173,-1.3232743333422536,-1.3232743333422536,-1.3232743333422536,1999-08-01,1999,1999,-8.763956904995212,steneck_gom Jonesport - little drisco,5
steneck_gom,Jonesport - little drisco,2,44.4833333,-67.6633333,1,2000-08-01,10,10,10,NA,NA,NA,26.75,0,0,0,101,4,26.75,percent_cover,"c(-67.6633333, 44.4833333)",Gulf of Maine/Bay of Fundy,Cold Temperate Northwest Atlantic,Temperate Northern Atlantic,0.2675,0.24052665382351124,0.24052665382351124,0.24052665382351124,-1.2819343457956478,-1.384189961628494,-1.384189961628494,-1.384189961628494,2000-08-01,2000,2000,-7.7639569049952115,steneck_gom Jonesport - little drisco,5
steneck_gom,Jonesport - little drisco,3,44.4833333,-67.6633333,1,2001-08-01,10,10,10,NA,NA,NA,49.43333333333333,0,0,0,101,4,49.43333333333333,percent_cover,"c(-67.6633333, 44.4833333)",Gulf of Maine/Bay of Fundy,Cold Temperate Northwest Atlantic,Temperate Northern Atlantic,0.4943333333333333,0.44448726183210857,0.44448726183210857,0.44448726183210857,-0.6845178538618909,-0.7885853925293992,-0.7885853925293992,-0.7885853925293992,2001-08-01,2001,2001,-6.7639569049952115,steneck_gom Jonesport - little drisco,5
steneck_gom,Jonesport - little drisco,4,44.4833333,-67.6633333,1,2002-08-01,10,10,10,NA,NA,NA,46.125,0,0,0,101,4,46.125,percent_cover,"c(-67.6633333, 44.4833333)",Gulf of Maine/Bay of Fundy,Cold Temperate Northwest Atlantic,Temperate Northern Atlantic,0.46125,0.4147398843966152,0.4147398843966152,0.4147398843966152,-0.7523665402199166,-0.8562783341424922,-0.8562783341424922,-0.8562783341424922,2002-08-01,2002,2002,-5.7639569049952115,steneck_gom Jonesport - little drisco,5
steneck_gom,Jonesport - little drisco,5,44.4833333,-67.6633333,1,2003-08-01,10,10,10,NA,NA,NA,32.931034482758626,0,0,0,101,4,32.931034482758626,percent_cover,"c(-67.6633333, 44.4833333)",Gulf of Maine/Bay of Fundy,Cold Temperate Northwest Atlantic,Temperate Northern Atlantic,0.32931034482758625,0.29610435630222787,0.29610435630222787,0.29610435630222787,-1.0808401189223118,-1.1838292015011083,-1.1838292015011083,-1.1838292015011083,2003-08-01,2003,2003,-4.7639569049952115,steneck_gom Jonesport - little drisco,5
steneck_gom,Jonesport - outer ram,1,44.4916667,-67.6366667,1,1996-08-01,10,10,10,NA,NA,NA,0,0,0,0,101,4,0,percent_cover,"c(-67.6366667, 44.4916667)",Gulf of Maine/Bay of Fundy,Cold Temperate Northwest Atlantic,Temperate Northern Atlantic,0,0,0,0,-4.605170185988091,-4.605170185988091,-4.605170185988091,-4.605170185988091,1996-08-01,1996,1996,-11.763956904995212,steneck_gom Jonesport - outer ram,6
steneck_gom,Jonesport - outer ram,2,44.4916667,-67.6366667,1,1999-08-01,10,10,10,NA,NA,NA,0,0,0,0,101,4,0,percent_cover,"c(-67.6366667, 44.4916667)",Gulf of Maine/Bay of Fundy,Cold Temperate Northwest Atlantic,Temperate Northern Atlantic,0,0,0,0,-4.605170185988091,-4.605170185988091,-4.605170185988091,-4.605170185988091,1999-08-01,1999,1999,-8.763956904995212,steneck_gom Jonesport - outer ram,6
steneck_gom,Jonesport - outer ram,3,44.4916667,-67.6366667,1,2000-08-01,10,10,10,NA,NA,NA,0,0,0,0,101,4,0,percent_cover,"c(-67.6366667, 44.4916667)",Gulf of Maine/Bay of Fundy,Cold Temperate Northwest Atlantic,Temperate Northern Atlantic,0,0,0,0,-4.605170185988091,-4.605170185988091,-4.605170185988091,-4.605170185988091,2000-08-01,2000,2000,-7.7639569049952115,steneck_gom Jonesport - outer ram,6
steneck_gom,Jonesport - outer ram,4,44.4916667,-67.6366667,1,2001-08-01,10,10,10,NA,NA,NA,0,0,0,0,101,4,0,percent_cover,"c(-67.6366667, 44.4916667)",Gulf of Maine/Bay of Fundy,Cold Temperate Northwest Atlantic,Temperate Northern Atlantic,0,0,0,0,-4.605170185988091,-4.605170185988091,-4.605170185988091,-4.605170185988091,2001-08-01,2001,2001,-6.7639569049952115,steneck_gom Jonesport - outer ram,6
steneck_gom,Jonesport - outer ram,5,44.4916667,-67.6366667,1,2002-08-01,10,10,10,NA,NA,NA,0,0,0,0,101,4,0,percent_cover,"c(-67.6366667, 44.4916667)",Gulf of Maine/Bay of Fundy,Cold Temperate Northwest Atlantic,Temperate Northern Atlantic,0,0,0,0,-4.605170185988091,-4.605170185988091,-4.605170185988091,-4.605170185988091,2002-08-01,2002,2002,-5.7639569049952115,steneck_gom Jonesport - outer ram,6
steneck_gom,Jonesport - outer ram,6,44.4916667,-67.6366667,1,2003-08-01,10,10,10,NA,NA,NA,0.07142857142857144,0,0,0,101,4,0.07142857142857144,percent_cover,"c(-67.6366667, 44.4916667)",Gulf of Maine/Bay of Fundy,Cold Temperate Northwest Atlantic,Temperate Northern Atlantic,7.142857142857144e-4,6.422607578731943e-4,6.422607578731943e-4,6.422607578731943e-4,-4.53617731450114,-4.54292234039501,-4.54292234039501,-4.54292234039501,2003-08-01,2003,2003,-4.7639569049952115,steneck_gom Jonesport - outer ram,6
steneck_gom,Jonesport - outer sand,1,44.4616667,-67.6783333,1,1996-08-01,10,10,10,NA,NA,NA,2.9365079365079363,0,0,0,101,4,2.9365079365079363,percent_cover,"c(-67.6783333, 44.4616667)",Gulf of Maine/Bay of Fundy,Cold Temperate Northwest Atlantic,Temperate Northern Atlantic,0.02936507936507936,0.026404053379231317,0.026404053379231317,0.026404053379231317,-3.234876166214642,-3.313075153966836,-3.313075153966836,-3.313075153966836,1996-08-01,1996,1996,-11.763956904995212,steneck_gom Jonesport - outer sand,2
steneck_gom,Jonesport - outer sand,2,44.4616667,-67.6783333,1,1997-08-01,10,10,10,NA,NA,NA,3.783783783783784,0,0,0,101,4,3.783783783783784,percent_cover,"c(-67.6783333, 44.4616667)",Gulf of Maine/Bay of Fundy,Cold Temperate Northwest Atlantic,Temperate Northern Atlantic,0.03783783783783784,0.03402246176841786,0.03402246176841786,0.03402246176841786,-3.0399383660584864,-3.1230552805852154,-3.1230552805852154,-3.1230552805852154,1997-08-01,1997,1997,-10.763956904995212,steneck_gom Jonesport - outer sand,2
steneck_gom,Jonesport - ram,1,44.4916667,-67.635,1,1997-08-01,10,10,10,NA,NA,NA,0,0,0,0,101,4,0,percent_cover,"c(-67.635, 44.4916667)",Gulf of Maine/Bay of Fundy,Cold Temperate Northwest Atlantic,Temperate Northern Atlantic,0,0,0,0,-4.605170185988091,-4.605170185988091,-4.605170185988091,-4.605170185988091,1997-08-01,1997,1997,-10.763956904995212,steneck_gom Jonesport - ram,7
steneck_gom,Jonesport - ram,2,44.4916667,-67.635,1,1998-08-01,10,10,10,NA,NA,NA,0,0,0,0,101,4,0,percent_cover,"c(-67.635, 44.4916667)",Gulf of Maine/Bay of Fundy,Cold Temperate Northwest Atlantic,Temperate Northern Atlantic,0,0,0,0,-4.605170185988091,-4.605170185988091,-4.605170185988091,-4.605170185988091,1998-08-01,1998,1998,-9.763956904995212,steneck_gom Jonesport - ram,7
steneck_gom,Jonesport - ram,3,44.4916667,-67.635,1,1999-08-01,10,10,10,NA,NA,NA,2.0967741935483866,0,0,0,101,4,2.0967741935483866,percent_cover,"c(-67.635, 44.4916667)",Gulf of Maine/Bay of Fundy,Cold Temperate Northwest Atlantic,Temperate Northern Atlantic,0.020967741935483866,0.018853460956922793,0.018853460956922793,0.018853460956922793,-3.4748091990054015,-3.5455253293783042,-3.5455253293783042,-3.5455253293783042,1999-08-01,1999,1999,-8.763956904995212,steneck_gom Jonesport - ram,7
steneck_gom,Jonesport - ram,4,44.4916667,-67.635,1,2000-08-01,10,10,10,NA,NA,NA,0.6774193548387095,0,0,0,101,4,0.6774193548387095,percent_cover,"c(-67.635, 44.4916667)",Gulf of Maine/Bay of Fundy,Cold Temperate Northwest Atlantic,Temperate Northern Atlantic,0.006774193548387095,0.0060911181553135185,0.0060911181553135185,0.0060911181553135185,-4.08791367189181,-4.129487826587983,-4.129487826587983,-4.129487826587983,2000-08-01,2000,2000,-7.7639569049952115,steneck_gom Jonesport - ram,7
steneck_gom,Jonesport - ram,5,44.4916667,-67.635,1,2001-08-01,10,10,10,NA,NA,NA,1.666666666666667,0,0,0,101,4,1.666666666666667,percent_cover,"c(-67.635, 44.4916667)",Gulf of Maine/Bay of Fundy,Cold Temperate Northwest Atlantic,Temperate Northern Atlantic,0.01666666666666667,0.014986084350374535,0.014986084350374535,0.014986084350374535,-3.6243409329763647,-3.6894362350727095,-3.6894362350727095,-3.6894362350727095,2001-08-01,2001,2001,-6.7639569049952115,steneck_gom Jonesport - ram,7
steneck_gom,Jonesport - ram,6,44.4916667,-67.635,1,2002-08-01,10,10,10,NA,NA,NA,1.9000000000000004,0,0,0,101,4,1.9000000000000004,percent_cover,"c(-67.635, 44.4916667)",Gulf of Maine/Bay of Fundy,Cold Temperate Northwest Atlantic,Temperate Northern Atlantic,0.019000000000000003,0.01708413615942697,0.01708413615942697,0.01708413615942697,-3.5404594489956627,-3.608807104070128,-3.608807104070128,-3.608807104070128,2002-08-01,2002,2002,-5.7639569049952115,steneck_gom Jonesport - ram,7
steneck_gom,Jonesport - ram,7,44.4916667,-67.635,1,2003-08-01,10,10,10,NA,NA,NA,5.800000000000001,0,0,0,101,4,5.800000000000001,percent_cover,"c(-67.635, 44.4916667)",Gulf of Maine/Bay of Fundy,Cold Temperate Northwest Atlantic,Temperate Northern Atlantic,0.05800000000000001,0.05215157353930338,0.05215157353930338,0.05215157353930338,-2.6882475738060303,-2.7781791429339613,-2.7781791429339613,-2.7781791429339613,2003-08-01,2003,2003,-4.7639569049952115,steneck_gom Jonesport - ram,7
steneck_gom,Jonesport - sea duck,1,44.491517,-67.65292,1,1996-08-01,10,10,10,NA,NA,NA,55.13636363636364,0,0,0,101,4,55.13636363636364,percent_cover,"c(-67.65292, 44.491517)",Gulf of Maine/Bay of Fundy,Cold Temperate Northwest Atlantic,Temperate Northern Atlantic,0.5513636363636364,0.4957669177364811,0.4957669177364811,0.4957669177364811,-0.5773863902843296,-0.6816793527048575,-0.6816793527048575,-0.6816793527048575,1996-08-01,1996,1996,-11.763956904995212,steneck_gom Jonesport - sea duck,8
steneck_gom,Jonesport - sea duck,2,44.491517,-67.65292,1,1997-08-01,10,10,10,NA,NA,NA,60.3421052631579,0,0,0,101,4,60.3421052631579,percent_cover,"c(-67.65292, 44.491517)",Gulf of Maine/Bay of Fundy,Cold Temperate Northwest Atlantic,Temperate Northern Atlantic,0.603421052631579,0.542575127611718,0.542575127611718,0.542575127611718,-0.48870370667871993,-0.5931658772565719,-0.5931658772565719,-0.5931658772565719,1997-08-01,1997,1997,-10.763956904995212,steneck_gom Jonesport - sea duck,8
steneck_gom,Jonesport - sea duck,3,44.491517,-67.65292,1,1998-08-01,10,10,10,NA,NA,NA,24.6,0,0,0,101,4,24.6,percent_cover,"c(-67.65292, 44.491517)",Gulf of Maine/Bay of Fundy,Cold Temperate Northwest Atlantic,Temperate Northern Atlantic,0.24600000000000002,0.2211946050115281,0.2211946050115281,0.2211946050115281,-1.3625778345025745,-1.464495477181398,-1.464495477181398,-1.464495477181398,1998-08-01,1998,1998,-9.763956904995212,steneck_gom Jonesport - sea duck,8
steneck_gom,Jonesport - sea duck,4,44.491517,-67.65292,1,1999-08-01,10,10,10,NA,NA,NA,37.0625,0,0,0,101,4,37.0625,percent_cover,"c(-67.65292, 44.491517)",Gulf of Maine/Bay of Fundy,Cold Temperate Northwest Atlantic,Temperate Northern Atlantic,0.370625,0.33325305074145367,0.33325305074145367,0.33325305074145367,-0.9659406405179756,-1.0692873465615975,-1.0692873465615975,-1.0692873465615975,1999-08-01,1999,1999,-8.763956904995212,steneck_gom Jonesport - sea duck,8
steneck_gom,Jonesport - sea duck,5,44.491517,-67.65292,1,2000-08-01,10,10,10,NA,NA,NA,44.794117647058826,0,0,0,101,4,44.794117647058826,percent_cover,"c(-67.65292, 44.491517)",Gulf of Maine/Bay of Fundy,Cold Temperate Northwest Atlantic,Temperate Northern Atlantic,0.4479411764705883,0.4027730552756544,0.4027730552756544,0.4027730552756544,-0.7810145387702543,-0.8848573400177064,-0.8848573400177064,-0.8848573400177064,2000-08-01,2000,2000,-7.7639569049952115,steneck_gom Jonesport - sea duck,8
steneck_gom,Jonesport - sea duck,6,44.491517,-67.65292,1,2001-08-01,10,10,10,NA,NA,NA,57.86206896551724,0,0,0,101,4,57.86206896551724,percent_cover,"c(-67.65292, 44.491517)",Gulf of Maine/Bay of Fundy,Cold Temperate Northwest Atlantic,Temperate Northern Atlantic,0.5786206896551724,0.5202755077226578,0.5202755077226578,0.5202755077226578,-0.5299732931801248,-0.6343585816068371,-0.6343585816068371,-0.6343585816068371,2001-08-01,2001,2001,-6.7639569049952115,steneck_gom Jonesport - sea duck,8
steneck_gom,Jonesport - sea duck,7,44.491517,-67.65292,1,2002-08-01,10,10,10,NA,NA,NA,30.833333333333336,0,0,0,101,4,30.833333333333336,percent_cover,"c(-67.65292, 44.491517)",Gulf of Maine/Bay of Fundy,Cold Temperate Northwest Atlantic,Temperate Northern Atlantic,0.30833333333333335,0.27724256048192886,0.27724256048192886,0.27724256048192886,-1.1446562271695164,-1.2474282616942163,-1.2474282616942163,-1.2474282616942163,2002-08-01,2002,2002,-5.7639569049952115,steneck_gom Jonesport - sea duck,8
steneck_gom,Jonesport - sea duck,8,44.491517,-67.65292,1,2003-08-01,10,10,10,NA,NA,NA,38.09090909090909,0,0,0,101,4,38.09090909090909,percent_cover,"c(-67.65292, 44.491517)",Gulf of Maine/Bay of Fundy,Cold Temperate Northwest Atlantic,Temperate Northern Atlantic,0.3809090909090909,0.3425001459712871,0.3425001459712871,0.3425001459712871,-0.9392802500988537,-1.0427042426269573,-1.0427042426269573,-1.0427042426269573,2003-08-01,2003,2003,-4.7639569049952115,steneck_gom Jonesport - sea duck,8
steneck_gom,Mount Desert Island - baker island,1,44.2383333,-68.2066667,1,1997-08-01,10,10,10,NA,NA,NA,0,0,0,0,101,4,0,percent_cover,"c(-68.2066667, 44.2383333)",Gulf of Maine/Bay of Fundy,Cold Temperate Northwest Atlantic,Temperate Northern Atlantic,0,0,0,0,-4.605170185988091,-4.605170185988091,-4.605170185988091,-4.605170185988091,1997-08-01,1997,1997,-10.763956904995212,steneck_gom Mount Desert Island - baker island,5
steneck_gom,Mount Desert Island - baker island,2,44.2383333,-68.2066667,1,1998-08-01,10,10,10,NA,NA,NA,0,0,0,0,101,4,0,percent_cover,"c(-68.2066667, 44.2383333)",Gulf of Maine/Bay of Fundy,Cold Temperate Northwest Atlantic,Temperate Northern Atlantic,0,0,0,0,-4.605170185988091,-4.605170185988091,-4.605170185988091,-4.605170185988091,1998-08-01,1998,1998,-9.763956904995212,steneck_gom Mount Desert Island - baker island,5
steneck_gom,Mount Desert Island - baker island,3,44.2383333,-68.2066667,1,1999-08-01,10,10,10,NA,NA,NA,0,0,0,0,101,4,0,percent_cover,"c(-68.2066667, 44.2383333)",Gulf of Maine/Bay of Fundy,Cold Temperate Northwest Atlantic,Temperate Northern Atlantic,0,0,0,0,-4.605170185988091,-4.605170185988091,-4.605170185988091,-4.605170185988091,1999-08-01,1999,1999,-8.763956904995212,steneck_gom Mount Desert Island - baker island,5
steneck_gom,Mount Desert Island - baker island,4,44.2383333,-68.2066667,1,2000-08-01,10,10,10,NA,NA,NA,0.03333333333333333,0,0,0,101,4,0.03333333333333333,percent_cover,"c(-68.2066667, 44.2383333)",Gulf of Maine/Bay of Fundy,Cold Temperate Northwest Atlantic,Temperate Northern Atlantic,3.333333333333333e-4,2.9972168700749064e-4,2.9972168700749064e-4,2.9972168700749064e-4,-4.5723803631651005,-4.575638404790497,-4.575638404790497,-4.575638404790497,2000-08-01,2000,2000,-7.7639569049952115,steneck_gom Mount Desert Island - baker island,5
steneck_gom,Mount Desert Island - baker island,5,44.2383333,-68.2066667,1,2001-08-01,10,10,10,NA,NA,NA,0.1,0,0,0,101,4,0.1,percent_cover,"c(-68.2066667, 44.2383333)",Gulf of Maine/Bay of Fundy,Cold Temperate Northwest Atlantic,Temperate Northern Atlantic,0.001,8.99165061022472e-4,8.99165061022472e-4,8.99165061022472e-4,-4.509860006183766,-4.519069092587157,-4.519069092587157,-4.519069092587157,2001-08-01,2001,2001,-6.7639569049952115,steneck_gom Mount Desert Island - baker island,5
steneck_gom,Mount Desert Island - great duck,1,44.1466667,-68.2516667,1,1997-08-01,10,10,10,NA,NA,NA,0,0,0,0,101,4,0,percent_cover,"c(-68.2516667, 44.1466667)",Gulf of Maine/Bay of Fundy,Cold Temperate Northwest Atlantic,Temperate Northern Atlantic,0,0,0,0,-4.605170185988091,-4.605170185988091,-4.605170185988091,-4.605170185988091,1997-08-01,1997,1997,-10.763956904995212,steneck_gom Mount Desert Island - great duck,5
steneck_gom,Mount Desert Island - great duck,2,44.1466667,-68.2516667,1,1998-08-01,10,10,10,NA,NA,NA,0,0,0,0,101,4,0,percent_cover,"c(-68.2516667, 44.1466667)",Gulf of Maine/Bay of Fundy,Cold Temperate Northwest Atlantic,Temperate Northern Atlantic,0,0,0,0,-4.605170185988091,-4.605170185988091,-4.605170185988091,-4.605170185988091,1998-08-01,1998,1998,-9.763956904995212,steneck_gom Mount Desert Island - great duck,5
steneck_gom,Mount Desert Island - great duck,3,44.1466667,-68.2516667,1,1999-08-01,10,10,10,NA,NA,NA,1.0277777777777775,0,0,0,101,4,1.0277777777777775,percent_cover,"c(-68.2516667, 44.1466667)",Gulf of Maine/Bay of Fundy,Cold Temperate Northwest Atlantic,Temperate Northern Atlantic,0.010277777777777775,0.009241418682730958,0.009241418682730958,0.009241418682730958,-3.8982296832958103,-3.9506901003542723,-3.9506901003542723,-3.9506901003542723,1999-08-01,1999,1999,-8.763956904995212,steneck_gom Mount Desert Island - great duck,5
steneck_gom,Mount Desert Island - great duck,4,44.1466667,-68.2516667,1,2000-08-01,10,10,10,NA,NA,NA,15.56666666666667,0,0,0,101,4,15.56666666666667,percent_cover,"c(-68.2516667, 44.1466667)",Gulf of Maine/Bay of Fundy,Cold Temperate Northwest Atlantic,Temperate Northern Atlantic,0.1556666666666667,0.13997002783249815,0.13997002783249815,0.13997002783249815,-1.7977775415536177,-1.8973198193014604,-1.8973198193014604,-1.8973198193014604,2000-08-01,2000,2000,-7.7639569049952115,steneck_gom Mount Desert Island - great duck,5
steneck_gom,Mount Desert Island - great duck,5,44.1466667,-68.2516667,1,2001-08-01,10,10,10,NA,NA,NA,0,0,0,0,101,4,0,percent_cover,"c(-68.2516667, 44.1466667)",Gulf of Maine/Bay of Fundy,Cold Temperate Northwest Atlantic,Temperate Northern Atlantic,0,0,0,0,-4.605170185988091,-4.605170185988091,-4.605170185988091,-4.605170185988091,2001-08-01,2001,2001,-6.7639569049952115,steneck_gom Mount Desert Island - great duck,5
steneck_gom,Mount Desert Island - little duck,1,44.1733333,-68.2483333,1,1997-08-01,10,10,10,NA,NA,NA,0,0,0,0,101,4,0,percent_cover,"c(-68.2483333, 44.1733333)",Gulf of Maine/Bay of Fundy,Cold Temperate Northwest Atlantic,Temperate Northern Atlantic,0,0,0,0,-4.605170185988091,-4.605170185988091,-4.605170185988091,-4.605170185988091,1997-08-01,1997,1997,-10.763956904995212,steneck_gom Mount Desert Island - little duck,4
steneck_gom,Mount Desert Island - little duck,2,44.1733333,-68.2483333,1,1998-08-01,10,10,10,NA,NA,NA,0,0,0,0,101,4,0,percent_cover,"c(-68.2483333, 44.1733333)",Gulf of Maine/Bay of Fundy,Cold Temperate Northwest Atlantic,Temperate Northern Atlantic,0,0,0,0,-4.605170185988091,-4.605170185988091,-4.605170185988091,-4.605170185988091,1998-08-01,1998,1998,-9.763956904995212,steneck_gom Mount Desert Island - little duck,4
steneck_gom,Mount Desert Island - little duck,3,44.1733333,-68.2483333,1,1999-08-01,10,10,10,NA,NA,NA,1.5862068965517244,0,0,0,101,4,1.5862068965517244,percent_cover,"c(-68.2483333, 44.1733333)",Gulf of Maine/Bay of Fundy,Cold Temperate Northwest Atlantic,Temperate Northern Atlantic,0.015862068965517243,0.01426261820932197,0.01426261820932197,0.01426261820932197,-3.654977902438255,-3.7188184583990536,-3.7188184583990536,-3.7188184583990536,1999-08-01,1999,1999,-8.763956904995212,steneck_gom Mount Desert Island - little duck,4
steneck_gom,Mount Desert Island - little duck,4,44.1733333,-68.2483333,1,2000-08-01,10,10,10,NA,NA,NA,1.0333333333333334,0,0,0,101,4,1.0333333333333334,percent_cover,"c(-68.2483333, 44.1733333)",Gulf of Maine/Bay of Fundy,Cold Temperate Northwest Atlantic,Temperate Northern Atlantic,0.010333333333333335,0.00929137229723221,0.00929137229723221,0.00929137229723221,-3.8954937034769355,-3.9480973142510374,-3.9480973142510374,-3.9480973142510374,2000-08-01,2000,2000,-7.7639569049952115,steneck_gom Mount Desert Island - little duck,4
steneck_gom,Mount Desert Island - long island,1,44.1033333,-68.3433333,1,1997-08-01,10,10,10,NA,NA,NA,0,0,0,0,101,4,0,percent_cover,"c(-68.3433333, 44.1033333)",Gulf of Maine/Bay of Fundy,Cold Temperate Northwest Atlantic,Temperate Northern Atlantic,0,0,0,0,-4.605170185988091,-4.605170185988091,-4.605170185988091,-4.605170185988091,1997-08-01,1997,1997,-10.763956904995212,steneck_gom Mount Desert Island - long island,4
steneck_gom,Mount Desert Island - long island,2,44.1033333,-68.3433333,1,1998-08-01,10,10,10,NA,NA,NA,0,0,0,0,101,4,0,percent_cover,"c(-68.3433333, 44.1033333)",Gulf of Maine/Bay of Fundy,Cold Temperate Northwest Atlantic,Temperate Northern Atlantic,0,0,0,0,-4.605170185988091,-4.605170185988091,-4.605170185988091,-4.605170185988091,1998-08-01,1998,1998,-9.763956904995212,steneck_gom Mount Desert Island - long island,4
steneck_gom,Mount Desert Island - long island,3,44.1033333,-68.3433333,1,1999-08-01,10,10,10,NA,NA,NA,0,0,0,0,101,4,0,percent_cover,"c(-68.3433333, 44.1033333)",Gulf of Maine/Bay of Fundy,Cold Temperate Northwest Atlantic,Temperate Northern Atlantic,0,0,0,0,-4.605170185988091,-4.605170185988091,-4.605170185988091,-4.605170185988091,1999-08-01,1999,1999,-8.763956904995212,steneck_gom Mount Desert Island - long island,4
steneck_gom,Mount Desert Island - long island,4,44.1033333,-68.3433333,1,2000-08-01,10,10,10,NA,NA,NA,0.09999999999999999,0,0,0,101,4,0.09999999999999999,percent_cover,"c(-68.3433333, 44.1033333)",Gulf of Maine/Bay of Fundy,Cold Temperate Northwest Atlantic,Temperate Northern Atlantic,0.001,8.991650610224719e-4,8.991650610224719e-4,8.991650610224719e-4,-4.509860006183766,-4.519069092587157,-4.519069092587157,-4.519069092587157,2000-08-01,2000,2000,-7.7639569049952115,steneck_gom Mount Desert Island - long island,4
steneck_gom,Pemaquid - damariscove,1,43.76666,-69.6022,1,1998-08-01,10,10,10,NA,NA,NA,5.858750040299838,0,0,0,101,4,5.858750040299838,percent_cover,"c(-69.6022, 43.76666)",Gulf of Maine/Bay of Fundy,Cold Temperate Northwest Atlantic,Temperate Northern Atlantic,0.05858750040299838,0.05267983337501614,0.05267983337501614,0.05267983337501614,-2.6796449707213608,-2.7697155198415624,-2.7697155198415624,-2.7697155198415624,1998-08-01,1998,1998,-9.763956904995212,steneck_gom Pemaquid - damariscove,5
steneck_gom,Pemaquid - damariscove,2,43.76666,-69.6022,1,1999-08-01,10,10,10,NA,NA,NA,22.06666666666667,0,0,0,101,4,22.06666666666667,percent_cover,"c(-69.6022, 43.76666)",Gulf of Maine/Bay of Fundy,Cold Temperate Northwest Atlantic,Temperate Northern Atlantic,0.2206666666666667,0.19841575679895884,0.19841575679895884,0.19841575679895884,-1.466781612032577,-1.5682203635207976,-1.5682203635207976,-1.5682203635207976,1999-08-01,1999,1999,-8.763956904995212,steneck_gom Pemaquid - damariscove,5
steneck_gom,Pemaquid - damariscove,3,43.76666,-69.6022,1,2000-08-01,10,10,10,NA,NA,NA,3.7931034482758625,0,0,0,101,4,3.7931034482758625,percent_cover,"c(-69.6022, 43.76666)",Gulf of Maine/Bay of Fundy,Cold Temperate Northwest Atlantic,Temperate Northern Atlantic,0.03793103448275863,0.03410626093533515,0.03410626093533515,0.03410626093533515,-3.0379920828438736,-3.121153535283519,-3.121153535283519,-3.121153535283519,2000-08-01,2000,2000,-7.7639569049952115,steneck_gom Pemaquid - damariscove,5
steneck_gom,Pemaquid - damariscove,4,43.76666,-69.6022,1,2001-08-01,10,10,10,NA,NA,NA,5.066666666666666,0,0,0,101,4,5.066666666666666,percent_cover,"c(-69.6022, 43.76666)",Gulf of Maine/Bay of Fundy,Cold Temperate Northwest Atlantic,Temperate Northern Atlantic,0.050666666666666665,0.04555769642513858,0.04555769642513858,0.04555769642513858,-2.8023608805734512,-2.8903332229861496,-2.8903332229861496,-2.8903332229861496,2001-08-01,2001,2001,-6.7639569049952115,steneck_gom Pemaquid - damariscove,5
steneck_gom,Pemaquid - damariscove,5,43.76666,-69.6022,1,2002-08-01,10,10,10,NA,NA,NA,2.433333333333333,0,0,0,101,4,2.433333333333333,percent_cover,"c(-69.6022, 43.76666)",Gulf of Maine/Bay of Fundy,Cold Temperate Northwest Atlantic,Temperate Northern Atlantic,0.024333333333333332,0.021879683151546814,0.021879683151546814,0.021879683151546814,-3.371638579420611,-3.445786363894117,-3.445786363894117,-3.445786363894117,2002-08-01,2002,2002,-5.7639569049952115,steneck_gom Pemaquid - damariscove,5
steneck_gom,Pemaquid - fisherman's,1,43.7933,-69.60166,1,1998-08-01,10,10,10,NA,NA,NA,28.663323304550158,0,0,0,101,4,28.663323304550158,percent_cover,"c(-69.60166, 43.7933)",Gulf of Maine/Bay of Fundy,Cold Temperate Northwest Atlantic,Temperate Northern Atlantic,0.2866332330455016,0.25773058848242686,0.25773058848242686,0.25773058848242686,-1.2152588088743457,-1.3177740709475065,-1.3177740709475065,-1.3177740709475065,1998-08-01,1998,1998,-9.763956904995212,steneck_gom Pemaquid - fisherman's,5
steneck_gom,Pemaquid - fisherman's,2,43.7933,-69.60166,1,1999-08-01,10,10,10,NA,NA,NA,18.967741935483872,0,0,0,101,4,18.967741935483872,percent_cover,"c(-69.60166, 43.7933)",Gulf of Maine/Bay of Fundy,Cold Temperate Northwest Atlantic,Temperate Northern Atlantic,0.18967741935483873,0.17055130834877855,0.17055130834877855,0.17055130834877855,-1.6110521177886414,-1.7117402848225687,-1.7117402848225687,-1.7117402848225687,1999-08-01,1999,1999,-8.763956904995212,steneck_gom Pemaquid - fisherman's,5
steneck_gom,Pemaquid - fisherman's,3,43.7933,-69.60166,1,2000-08-01,10,10,10,NA,NA,NA,18.4,0,0,0,101,4,18.4,percent_cover,"c(-69.60166, 43.7933)",Gulf of Maine/Bay of Fundy,Cold Temperate Northwest Atlantic,Temperate Northern Atlantic,0.184,0.16544637122813483,0.16544637122813483,0.16544637122813483,-1.6398971199188088,-1.7404218598220609,-1.7404218598220609,-1.7404218598220609,2000-08-01,2000,2000,-7.7639569049952115,steneck_gom Pemaquid - fisherman's,5
steneck_gom,Pemaquid - fisherman's,4,43.7933,-69.60166,1,2001-08-01,10,10,10,NA,NA,NA,12.5,0,0,0,101,4,12.5,percent_cover,"c(-69.60166, 43.7933)",Gulf of Maine/Bay of Fundy,Cold Temperate Northwest Atlantic,Temperate Northern Atlantic,0.125,0.112395632627809,0.112395632627809,0.112395632627809,-2.0024805005437076,-2.10049659068585,-2.10049659068585,-2.10049659068585,2001-08-01,2001,2001,-6.7639569049952115,steneck_gom Pemaquid - fisherman's,5
steneck_gom,Pemaquid - fisherman's,5,43.7933,-69.60166,1,2002-08-01,10,10,10,NA,NA,NA,19.9,0,0,0,101,4,19.9,percent_cover,"c(-69.60166, 43.7933)",Gulf of Maine/Bay of Fundy,Cold Temperate Northwest Atlantic,Temperate Northern Atlantic,0.19899999999999998,0.1789338471434719,0.1789338471434719,0.1789338471434719,-1.565421027017326,-1.6663583403059872,-1.6663583403059872,-1.6663583403059872,2002-08-01,2002,2002,-5.7639569049952115,steneck_gom Pemaquid - fisherman's,5
steneck_gom,Pemaquid - kresge,1,43.83361,-69.5166,1,1998-08-01,10,10,10,NA,NA,NA,3.4666666666666655,0,0,0,101,4,3.4666666666666655,percent_cover,"c(-69.5166, 43.83361)",Gulf of Maine/Bay of Fundy,Cold Temperate Northwest Atlantic,Temperate Northern Atlantic,0.03466666666666665,0.031171055448779017,0.031171055448779017,0.031171055448779017,-3.1085277676993357,-3.190019807172869,-3.190019807172869,-3.190019807172869,1998-08-01,1998,1998,-9.763956904995212,steneck_gom Pemaquid - kresge,6
steneck_gom,Pemaquid - kresge,2,43.83361,-69.5166,1,1999-08-01,10,10,10,NA,NA,NA,0,0,0,0,101,4,0,percent_cover,"c(-69.5166, 43.83361)",Gulf of Maine/Bay of Fundy,Cold Temperate Northwest Atlantic,Temperate Northern Atlantic,0,0,0,0,-4.605170185988091,-4.605170185988091,-4.605170185988091,-4.605170185988091,1999-08-01,1999,1999,-8.763956904995212,steneck_gom Pemaquid - kresge,6
steneck_gom,Pemaquid - kresge,3,43.83361,-69.5166,1,2000-08-01,10,10,10,NA,NA,NA,0.09375,0,0,0,101,4,0.09375,percent_cover,"c(-69.5166, 43.83361)",Gulf of Maine/Bay of Fundy,Cold Temperate Northwest Atlantic,Temperate Northern Atlantic,9.375e-4,8.429672447085675e-4,8.429672447085675e-4,8.429672447085675e-4,-4.515558027298404,-4.5242385893664725,-4.5242385893664725,-4.5242385893664725,2000-08-01,2000,2000,-7.7639569049952115,steneck_gom Pemaquid - kresge,6
steneck_gom,Pemaquid - kresge,4,43.83361,-69.5166,1,2001-08-01,10,10,10,NA,NA,NA,0,0,0,0,101,4,0,percent_cover,"c(-69.5166, 43.83361)",Gulf of Maine/Bay of Fundy,Cold Temperate Northwest Atlantic,Temperate Northern Atlantic,0,0,0,0,-4.605170185988091,-4.605170185988091,-4.605170185988091,-4.605170185988091,2001-08-01,2001,2001,-6.7639569049952115,steneck_gom Pemaquid - kresge,6
steneck_gom,Pemaquid - kresge,5,43.83361,-69.5166,1,2002-08-01,10,10,10,NA,NA,NA,0,0,0,0,101,4,0,percent_cover,"c(-69.5166, 43.83361)",Gulf of Maine/Bay of Fundy,Cold Temperate Northwest Atlantic,Temperate Northern Atlantic,0,0,0,0,-4.605170185988091,-4.605170185988091,-4.605170185988091,-4.605170185988091,2002-08-01,2002,2002,-5.7639569049952115,steneck_gom Pemaquid - kresge,6
steneck_gom,Pemaquid - kresge,6,43.83361,-69.5166,1,2003-08-01,10,10,10,NA,NA,NA,0,0,0,0,101,4,0,percent_cover,"c(-69.5166, 43.83361)",Gulf of Maine/Bay of Fundy,Cold Temperate Northwest Atlantic,Temperate Northern Atlantic,0,0,0,0,-4.605170185988091,-4.605170185988091,-4.605170185988091,-4.605170185988091,2003-08-01,2003,2003,-4.7639569049952115,steneck_gom Pemaquid - kresge,6
steneck_gom,Pemaquid - thrumcap,1,43.8166,-69.5516,1,1998-08-01,10,10,10,NA,NA,NA,3.622691197094818,0,0,0,101,4,3.622691197094818,percent_cover,"c(-69.5516, 43.8166)",Gulf of Maine/Bay of Fundy,Cold Temperate Northwest Atlantic,Temperate Northern Atlantic,0.03622691197094818,0.03257397351301334,0.03257397351301334,0.03257397351301334,-3.0741931402939664,-3.1565121628118042,-3.1565121628118042,-3.1565121628118042,1998-08-01,1998,1998,-9.763956904995212,steneck_gom Pemaquid - thrumcap,6
steneck_gom,Pemaquid - thrumcap,2,43.8166,-69.5516,1,1999-08-01,10,10,10,NA,NA,NA,0,0,0,0,101,4,0,percent_cover,"c(-69.5516, 43.8166)",Gulf of Maine/Bay of Fundy,Cold Temperate Northwest Atlantic,Temperate Northern Atlantic,0,0,0,0,-4.605170185988091,-4.605170185988091,-4.605170185988091,-4.605170185988091,1999-08-01,1999,1999,-8.763956904995212,steneck_gom Pemaquid - thrumcap,6
steneck_gom,Pemaquid - thrumcap,3,43.8166,-69.5516,1,2000-08-01,10,10,10,NA,NA,NA,0.25,0,0,0,101,4,0.25,percent_cover,"c(-69.5516, 43.8166)",Gulf of Maine/Bay of Fundy,Cold Temperate Northwest Atlantic,Temperate Northern Atlantic,0.0025,0.00224791265255618,0.00224791265255618,0.00224791265255618,-4.382026634673881,-4.402399752220099,-4.402399752220099,-4.402399752220099,2000-08-01,2000,2000,-7.7639569049952115,steneck_gom Pemaquid - thrumcap,6
steneck_gom,Pemaquid - thrumcap,4,43.8166,-69.5516,1,2001-08-01,10,10,10,NA,NA,NA,10.774193548387096,0,0,0,101,4,10.774193548387096,percent_cover,"c(-69.5516, 43.8166)",Gulf of Maine/Bay of Fundy,Cold Temperate Northwest Atlantic,Temperate Northern Atlantic,0.10774193548387095,0.09687778399403407,0.09687778399403407,0.09687778399403407,-2.139260036890746,-2.2360693029974983,-2.2360693029974983,-2.2360693029974983,2001-08-01,2001,2001,-6.7639569049952115,steneck_gom Pemaquid - thrumcap,6
steneck_gom,Pemaquid - thrumcap,5,43.8166,-69.5516,1,2002-08-01,10,10,10,NA,NA,NA,8.633333333333333,0,0,0,101,4,8.633333333333333,percent_cover,"c(-69.5516, 43.8166)",Gulf of Maine/Bay of Fundy,Cold Temperate Northwest Atlantic,Temperate Northern Atlantic,0.08633333333333333,0.07762791693494007,0.07762791693494007,0.07762791693494007,-2.3399408795378145,-2.4346556453376205,-2.4346556453376205,-2.4346556453376205,2002-08-01,2002,2002,-5.7639569049952115,steneck_gom Pemaquid - thrumcap,6
steneck_gom,Pemaquid - thrumcap,6,43.8166,-69.5516,1,2003-08-01,10,10,10,NA,NA,NA,3.782608695652174,0,0,0,101,4,3.782608695652174,percent_cover,"c(-69.5516, 43.8166)",Gulf of Maine/Bay of Fundy,Cold Temperate Northwest Atlantic,Temperate Northern Atlantic,0.03782608695652174,0.0340118957865022,0.0340118957865022,0.0340118957865022,-3.040184036124825,-3.123295322820085,-3.123295322820085,-3.123295322820085,2003-08-01,2003,2003,-4.7639569049952115,steneck_gom Pemaquid - thrumcap,6
steneck_gom,York - york a,1,43.112,-70.736,1,1996-08-01,10,10,10,NA,NA,NA,41.638888888888886,0,0,0,101,4,41.638888888888886,percent_cover,"c(-70.736, 43.112)",Gulf of Maine/Bay of Fundy,Cold Temperate Northwest Atlantic,Temperate Northern Atlantic,0.41638888888888886,0.374402340686857,0.374402340686857,0.374402340686857,-0.8524034644229039,-0.9560655127087608,-0.9560655127087608,-0.9560655127087608,1996-08-01,1996,1996,-11.763956904995212,steneck_gom York - york a,8
steneck_gom,York - york a,2,43.112,-70.736,1,1997-08-01,10,10,10,NA,NA,NA,57.107142857142854,0,0,0,101,4,57.107142857142854,percent_cover,"c(-70.736, 43.112)",Gulf of Maine/Bay of Fundy,Cold Temperate Northwest Atlantic,Temperate Northern Atlantic,0.5710714285714286,0.5134874759196187,0.5134874759196187,0.5134874759196187,-0.5428815889442575,-0.6472421727024816,-0.6472421727024816,-0.6472421727024816,1997-08-01,1997,1997,-10.763956904995212,steneck_gom York - york a,8
steneck_gom,York - york a,3,43.112,-70.736,1,1998-08-01,10,10,10,NA,NA,NA,45.25925925925926,0,0,0,101,4,45.25925925925926,percent_cover,"c(-70.736, 43.112)",Gulf of Maine/Bay of Fundy,Cold Temperate Northwest Atlantic,Temperate Northern Atlantic,0.4525925925925926,0.4069554461368373,0.4069554461368373,0.4069554461368373,-0.7709085418668428,-0.8747759066880938,-0.8747759066880938,-0.8747759066880938,1998-08-01,1998,1998,-9.763956904995212,steneck_gom York - york a,8
steneck_gom,York - york a,4,43.112,-70.736,1,1999-08-01,10,10,10,NA,NA,NA,38.83333333333333,0,0,0,101,4,38.83333333333333,percent_cover,"c(-70.736, 43.112)",Gulf of Maine/Bay of Fundy,Cold Temperate Northwest Atlantic,Temperate Northern Atlantic,0.3883333333333333,0.3491757653637266,0.3491757653637266,0.3491757653637266,-0.9204661032846357,-1.023943413193975,-1.023943413193975,-1.023943413193975,1999-08-01,1999,1999,-8.763956904995212,steneck_gom York - york a,8
steneck_gom,York - york a,5,43.112,-70.736,1,2000-08-01,10,10,10,NA,NA,NA,33.10526315789474,0,0,0,101,4,33.10526315789474,percent_cover,"c(-70.736, 43.112)",Gulf of Maine/Bay of Fundy,Cold Temperate Northwest Atlantic,Temperate Northern Atlantic,0.3310526315789474,0.29767095967533413,0.29767095967533413,0.29767095967533413,-1.0757184688022572,-1.178724379803787,-1.178724379803787,-1.178724379803787,2000-08-01,2000,2000,-7.7639569049952115,steneck_gom York - york a,8
steneck_gom,York - york a,6,43.112,-70.736,1,2001-08-01,10,10,10,NA,NA,NA,44.36666666666666,0,0,0,101,4,44.36666666666666,percent_cover,"c(-70.736, 43.112)",Gulf of Maine/Bay of Fundy,Cold Temperate Northwest Atlantic,Temperate Northern Atlantic,0.4436666666666666,0.39892956540697,0.39892956540697,0.39892956540697,-0.7903925649987809,-0.8942123494883757,-0.8942123494883757,-0.8942123494883757,2001-08-01,2001,2001,-6.7639569049952115,steneck_gom York - york a,8
steneck_gom,York - york a,7,43.112,-70.736,1,2002-08-01,10,10,10,NA,NA,NA,44.36666666666666,0,0,0,101,4,44.36666666666666,percent_cover,"c(-70.736, 43.112)",Gulf of Maine/Bay of Fundy,Cold Temperate Northwest Atlantic,Temperate Northern Atlantic,0.4436666666666666,0.39892956540697,0.39892956540697,0.39892956540697,-0.7903925649987809,-0.8942123494883757,-0.8942123494883757,-0.8942123494883757,2002-08-01,2002,2002,-5.7639569049952115,steneck_gom York - york a,8
steneck_gom,York - york a,8,43.112,-70.736,1,2003-08-01,10,10,10,NA,NA,NA,41.958333333333336,0,0,0,101,4,41.958333333333336,percent_cover,"c(-70.736, 43.112)",Gulf of Maine/Bay of Fundy,Cold Temperate Northwest Atlantic,Temperate Northern Atlantic,0.41958333333333336,0.3772746735206789,0.3772746735206789,0.3772746735206789,-0.8449395323190769,-0.9486210870068396,-0.9486210870068396,-0.9486210870068396,2003-08-01,2003,2003,-4.7639569049952115,steneck_gom York - york a,8
steneck_gom,York - york b,1,43.118,-70.63,1,1996-08-01,10,10,10,NA,NA,NA,10.65,0,0,0,101,4,10.65,percent_cover,"c(-70.63, 43.118)",Gulf of Maine/Bay of Fundy,Cold Temperate Northwest Atlantic,Temperate Northern Atlantic,0.1065,0.09576107899889326,0.09576107899889326,0.09576107899889326,-2.149864005976382,-2.246572700596337,-2.246572700596337,-2.246572700596337,1996-08-01,1996,1996,-11.763956904995212,steneck_gom York - york b,8
steneck_gom,York - york b,2,43.118,-70.63,1,1997-08-01,10,10,10,NA,NA,NA,14.73913043478261,0,0,0,101,4,14.73913043478261,percent_cover,"c(-70.63, 43.118)",Gulf of Maine/Bay of Fundy,Cold Temperate Northwest Atlantic,Temperate Northern Atlantic,0.1473913043478261,0.1325291111680948,0.1325291111680948,0.1325291111680948,-1.8490201900914698,-1.9482090112386565,-1.9482090112386565,-1.9482090112386565,1997-08-01,1997,1997,-10.763956904995212,steneck_gom York - york b,8
steneck_gom,York - york b,3,43.118,-70.63,1,1998-08-01,10,10,10,NA,NA,NA,14.26086956521739,0,0,0,101,4,14.26086956521739,percent_cover,"c(-70.63, 43.118)",Gulf of Maine/Bay of Fundy,Cold Temperate Northwest Atlantic,Temperate Northern Atlantic,0.1426086956521739,0.12822875652842208,0.12822875652842208,0.12822875652842208,-1.8798781784513752,-1.9788453102171557,-1.9788453102171557,-1.9788453102171557,1998-08-01,1998,1998,-9.763956904995212,steneck_gom York - york b,8
steneck_gom,York - york b,4,43.118,-70.63,1,1999-08-01,10,10,10,NA,NA,NA,16.56666666666667,0,0,0,101,4,16.56666666666667,percent_cover,"c(-70.63, 43.118)",Gulf of Maine/Bay of Fundy,Cold Temperate Northwest Atlantic,Temperate Northern Atlantic,0.1656666666666667,0.14896167844272287,0.14896167844272287,0.14896167844272287,-1.7391670191088842,-1.8390921218944534,-1.8390921218944534,-1.8390921218944534,1999-08-01,1999,1999,-8.763956904995212,steneck_gom York - york b,8
steneck_gom,York - york b,5,43.118,-70.63,1,2000-08-01,10,10,10,NA,NA,NA,4.647058823529411,0,0,0,101,4,4.647058823529411,percent_cover,"c(-70.63, 43.118)",Gulf of Maine/Bay of Fundy,Cold Temperate Northwest Atlantic,Temperate Northern Atlantic,0.04647058823529411,0.0417847293063384,0.0417847293063384,0.0417847293063384,-2.8740353385764714,-2.9606599742150053,-2.9606599742150053,-2.9606599742150053,2000-08-01,2000,2000,-7.7639569049952115,steneck_gom York - york b,8
steneck_gom,York - york b,6,43.118,-70.63,1,2001-08-01,10,10,10,NA,NA,NA,3.066666666666667,0,0,0,101,4,3.066666666666667,percent_cover,"c(-70.63, 43.118)",Gulf of Maine/Bay of Fundy,Cold Temperate Northwest Atlantic,Temperate Northern Atlantic,0.03066666666666667,0.027574395204689142,0.027574395204689142,0.027574395204689142,-3.20234652291699,-3.281432439156225,-3.281432439156225,-3.281432439156225,2001-08-01,2001,2001,-6.7639569049952115,steneck_gom York - york b,8
steneck_gom,York - york b,7,43.118,-70.63,1,2002-08-01,10,10,10,NA,NA,NA,3.066666666666667,0,0,0,101,4,3.066666666666667,percent_cover,"c(-70.63, 43.118)",Gulf of Maine/Bay of Fundy,Cold Temperate Northwest Atlantic,Temperate Northern Atlantic,0.03066666666666667,0.027574395204689142,0.027574395204689142,0.027574395204689142,-3.20234652291699,-3.281432439156225,-3.281432439156225,-3.281432439156225,2002-08-01,2002,2002,-5.7639569049952115,steneck_gom York - york b,8
steneck_gom,York - york b,8,43.118,-70.63,1,2003-08-01,10,10,10,NA,NA,NA,4.041666666666666,0,0,0,101,4,4.041666666666666,percent_cover,"c(-70.63, 43.118)",Gulf of Maine/Bay of Fundy,Cold Temperate Northwest Atlantic,Temperate Northern Atlantic,0.04041666666666666,0.03634125454965823,0.03634125454965823,0.03634125454965823,-2.9874334707392958,-3.0717226876283923,-3.0717226876283923,-3.0717226876283923,2003-08-01,2003,2003,-4.7639569049952115,steneck_gom York - york b,8
steneck_gom,York - york c,1,43.134,-70.621,1,1996-08-01,10,10,10,NA,NA,NA,23.76744186046512,0,0,0,101,4,23.76744186046512,percent_cover,"c(-70.621, 43.134)",Gulf of Maine/Bay of Fundy,Cold Temperate Northwest Atlantic,Temperate Northern Atlantic,0.2376744186046512,0.21370853310813173,0.21370853310813173,0.21370853310813173,-1.3956402235381282,-1.497411265893354,-1.497411265893354,-1.497411265893354,1996-08-01,1996,1996,-11.763956904995212,steneck_gom York - york c,8
steneck_gom,York - york c,2,43.134,-70.621,1,1997-08-01,10,10,10,NA,NA,NA,44.1875,0,0,0,101,4,44.1875,percent_cover,"c(-70.621, 43.134)",Gulf of Maine/Bay of Fundy,Cold Temperate Northwest Atlantic,Temperate Northern Atlantic,0.441875,0.39731856133930477,0.39731856133930477,0.39731856133930477,-0.7943496860691078,-0.898159693700758,-0.898159693700758,-0.898159693700758,1997-08-01,1997,1997,-10.763956904995212,steneck_gom York - york c,8
steneck_gom,York - york c,3,43.134,-70.621,1,1998-08-01,10,10,10,NA,NA,NA,28.217391304347824,0,0,0,101,4,28.217391304347824,percent_cover,"c(-70.621, 43.134)",Gulf of Maine/Bay of Fundy,Cold Temperate Northwest Atlantic,Temperate Northern Atlantic,0.2821739130434782,0.2537209237406888,0.2537209237406888,0.2537209237406888,-1.2304060613940917,-1.3328638420103927,-1.3328638420103927,-1.3328638420103927,1998-08-01,1998,1998,-9.763956904995212,steneck_gom York - york c,8
steneck_gom,York - york c,4,43.134,-70.621,1,1999-08-01,10,10,10,NA,NA,NA,18.157894736842106,0,0,0,101,4,18.157894736842106,percent_cover,"c(-70.621, 43.134)",Gulf of Maine/Bay of Fundy,Cold Temperate Northwest Atlantic,Temperate Northern Atlantic,0.18157894736842106,0.16326944529092255,0.16326944529092255,0.16326944529092255,-1.652455297517791,-1.7529074088789314,-1.7529074088789314,-1.7529074088789314,1999-08-01,1999,1999,-8.763956904995212,steneck_gom York - york c,8
steneck_gom,York - york c,5,43.134,-70.621,1,2000-08-01,10,10,10,NA,NA,NA,13.411764705882351,0,0,0,101,4,13.411764705882351,percent_cover,"c(-70.621, 43.134)",Gulf of Maine/Bay of Fundy,Cold Temperate Northwest Atlantic,Temperate Northern Atlantic,0.1341176470588235,0.1205939023018374,0.1205939023018374,0.1205939023018374,-1.9371253194995806,-2.035662753108546,-2.035662753108546,-2.035662753108546,2000-08-01,2000,2000,-7.7639569049952115,steneck_gom York - york c,8
steneck_gom,York - york c,6,43.134,-70.621,1,2001-08-01,10,10,10,NA,NA,NA,34.2,0,0,0,101,4,34.2,percent_cover,"c(-70.621, 43.134)",Gulf of Maine/Bay of Fundy,Cold Temperate Northwest Atlantic,Temperate Northern Atlantic,0.342,0.30751445086968543,0.30751445086968543,0.30751445086968543,-1.0441241033840398,-1.1472319471349561,-1.1472319471349561,-1.1472319471349561,2001-08-01,2001,2001,-6.7639569049952115,steneck_gom York - york c,8
steneck_gom,York - york c,7,43.134,-70.621,1,2002-08-01,10,10,10,NA,NA,NA,34.2,0,0,0,101,4,34.2,percent_cover,"c(-70.621, 43.134)",Gulf of Maine/Bay of Fundy,Cold Temperate Northwest Atlantic,Temperate Northern Atlantic,0.342,0.30751445086968543,0.30751445086968543,0.30751445086968543,-1.0441241033840398,-1.1472319471349561,-1.1472319471349561,-1.1472319471349561,2002-08-01,2002,2002,-5.7639569049952115,steneck_gom York - york c,8
steneck_gom,York - york c,8,43.134,-70.621,1,2003-08-01,10,10,10,NA,NA,NA,37.19047619047619,0,0,0,101,4,37.19047619047619,percent_cover,"c(-70.621, 43.134)",Gulf of Maine/Bay of Fundy,Cold Temperate Northwest Atlantic,Temperate Northern Atlantic,0.3719047619047619,0.33440376793264315,0.33440376793264315,0.33440376793264315,-0.9625840158449999,-1.0659405659174357,-1.0659405659174357,-1.0659405659174357,2003-08-01,2003,2003,-4.7639569049952115,steneck_gom York - york c,8
steneck_gom,York - york d,1,43.141,-70.618,1,1996-08-01,10,10,10,NA,NA,NA,22.459459459459463,0,0,0,101,4,22.459459459459463,percent_cover,"c(-70.618, 43.141)",Gulf of Maine/Bay of Fundy,Cold Temperate Northwest Atlantic,Temperate Northern Atlantic,0.22459459459459463,0.20194761235396602,0.20194761235396602,0.20194761235396602,-1.4498963839719654,-1.5514161463851075,-1.5514161463851075,-1.5514161463851075,1996-08-01,1996,1996,-11.763956904995212,steneck_gom York - york d,7
steneck_gom,York - york d,2,43.141,-70.618,1,1997-08-01,10,10,10,NA,NA,NA,19.473684210526315,0,0,0,101,4,19.473684210526315,percent_cover,"c(-70.618, 43.141)",Gulf of Maine/Bay of Fundy,Cold Temperate Northwest Atlantic,Temperate Northern Atlantic,0.19473684210526315,0.1751005645149024,0.1751005645149024,0.1751005645149024,-1.5860298215360855,-1.6868560096239624,-1.6868560096239624,-1.6868560096239624,1997-08-01,1997,1997,-10.763956904995212,steneck_gom York - york d,7
steneck_gom,York - york d,3,43.141,-70.618,1,1998-08-01,10,10,10,NA,NA,NA,5.95,0,0,0,101,4,5.95,percent_cover,"c(-70.618, 43.141)",Gulf of Maine/Bay of Fundy,Cold Temperate Northwest Atlantic,Temperate Northern Atlantic,0.059500000000000004,0.05350032113083708,0.05350032113083708,0.05350032113083708,-2.6664285264113907,-2.7567103159177417,-2.7567103159177417,-2.7567103159177417,1998-08-01,1998,1998,-9.763956904995212,steneck_gom York - york d,7
steneck_gom,York - york d,4,43.141,-70.618,1,2000-08-01,10,10,10,NA,NA,NA,8.21875,0,0,0,101,4,8.21875,percent_cover,"c(-70.618, 43.141)",Gulf of Maine/Bay of Fundy,Cold Temperate Northwest Atlantic,Temperate Northern Atlantic,0.0821875,0.07390012845278442,0.07390012845278442,0.07390012845278442,-2.383930732447998,-2.4781281344876884,-2.4781281344876884,-2.4781281344876884,2000-08-01,2000,2000,-7.7639569049952115,steneck_gom York - york d,7
steneck_gom,York - york d,5,43.141,-70.618,1,2001-08-01,10,10,10,NA,NA,NA,21.733333333333334,0,0,0,101,4,21.733333333333334,percent_cover,"c(-70.618, 43.141)",Gulf of Maine/Bay of Fundy,Cold Temperate Northwest Atlantic,Temperate Northern Atlantic,0.21733333333333335,0.19541853992888392,0.19541853992888392,0.19541853992888392,-1.4813379098067845,-1.5827057230056754,-1.5827057230056754,-1.5827057230056754,2001-08-01,2001,2001,-6.7639569049952115,steneck_gom York - york d,7
steneck_gom,York - york d,6,43.141,-70.618,1,2002-08-01,10,10,10,NA,NA,NA,21.733333333333334,0,0,0,101,4,21.733333333333334,percent_cover,"c(-70.618, 43.141)",Gulf of Maine/Bay of Fundy,Cold Temperate Northwest Atlantic,Temperate Northern Atlantic,0.21733333333333335,0.19541853992888392,0.19541853992888392,0.19541853992888392,-1.4813379098067845,-1.5827057230056754,-1.5827057230056754,-1.5827057230056754,2002-08-01,2002,2002,-5.7639569049952115,steneck_gom York - york d,7
steneck_gom,York - york d,7,43.141,-70.618,1,2003-08-01,10,10,10,NA,NA,NA,19.759999999999998,0,0,0,101,4,19.759999999999998,percent_cover,"c(-70.618, 43.141)",Gulf of Maine/Bay of Fundy,Cold Temperate Northwest Atlantic,Temperate Northern Atlantic,0.19759999999999997,0.17767501605804042,0.17767501605804042,0.17767501605804042,-1.5721421276904035,-1.673043449960051,-1.673043449960051,-1.673043449960051,2003-08-01,2003,2003,-4.7639569049952115,steneck_gom York - york d,7
witman_gom,Boon Island,1,43.121676,-70.47571,0.25,1996-06-01,10,10,10,NA,2.5,2.5,NA,0,16,16,0,2,2.5,stipe_density,"c(-70.47571, 43.121676)",Gulf of Maine/Bay of Fundy,Cold Temperate Northwest Atlantic,Temperate Northern Atlantic,0.04329168486782101,0.010031373941558923,0.010031373941558923,0.010031373941558923,-2.9319749662128274,-3.9104555374702175,-3.9104555374702175,-3.9104555374702175,1996-06-01,1996,1996,-11.763956904995212,witman_gom Boon Island,3
witman_gom,Boon Island,2,43.121676,-70.47571,0.25,1997-07-01,10,10,10,NA,0.6666666666666666,0.6666666666666666,NA,0,16,16,0,2,0.6666666666666666,stipe_density,"c(-70.47571, 43.121676)",Gulf of Maine/Bay of Fundy,Cold Temperate Northwest Atlantic,Temperate Northern Atlantic,0.011544449298085601,0.0026750330510823795,0.0026750330510823795,0.0026750330510823795,-3.83763706878473,-4.368121121927826,-4.368121121927826,-4.368121121927826,1997-07-01,1997,1997,-10.763956904995212,witman_gom Boon Island,3
witman_gom,Boon Island,3,43.121676,-70.47571,0.25,1998-06-01,10,10,10,NA,4.212121212121212,4.212121212121212,NA,0,16,16,0,2,4.212121212121212,stipe_density,"c(-70.47571, 43.121676)",Gulf of Maine/Bay of Fundy,Cold Temperate Northwest Atlantic,Temperate Northern Atlantic,0.07293992965608631,0.016901345186384125,0.016901345186384125,0.016901345186384125,-2.4896386722944,-3.6155789866958705,-3.6155789866958705,-3.6155789866958705,1998-06-01,1998,1998,-9.763956904995212,witman_gom Boon Island,3
witman_gom,Kennebunk Ledge,1,43.653528,-70.223764,0.25,1996-07-17,10,10,10,NA,1.6388888888888886,1.6388888888888886,NA,0,16,16,0,2,1.6388888888888886,stipe_density,"c(-70.223764, 43.653528)",Gulf of Maine/Bay of Fundy,Cold Temperate Northwest Atlantic,Temperate Northern Atlantic,0.028380104524460437,0.006576122917244182,0.006576122917244182,0.006576122917244182,-3.260216064996692,-4.099791997558271,-4.099791997558271,-4.099791997558271,1996-07-17,1996,1996,-11.763956904995212,witman_gom Kennebunk Ledge,3
witman_gom,Kennebunk Ledge,2,43.653528,-70.223764,0.25,1997-06-01,10,10,10,NA,5.9444444444444455,5.9444444444444455,NA,0,16,16,0,2,5.9444444444444455,stipe_density,"c(-70.223764, 43.653528)",Gulf of Maine/Bay of Fundy,Cold Temperate Northwest Atlantic,Temperate Northern Atlantic,0.10293800624126331,0.023852378038817887,0.023852378038817887,0.023852378038817887,-2.180916228149303,-3.3857460298368367,-3.3857460298368367,-3.3857460298368367,1997-06-01,1997,1997,-10.763956904995212,witman_gom Kennebunk Ledge,3
witman_gom,Kennebunk Ledge,3,43.653528,-70.223764,0.25,1998-06-01,10,10,10,NA,2.4285714285714284,2.4285714285714284,NA,0,16,16,0,2,2.4285714285714284,stipe_density,"c(-70.223764, 43.653528)",Gulf of Maine/Bay of Fundy,Cold Temperate Northwest Atlantic,Temperate Northern Atlantic,0.042054779585883266,0.009744763257514381,0.009744763257514381,0.009744763257514381,-2.955458661318861,-3.924866974312144,-3.924866974312144,-3.924866974312144,1998-06-01,1998,1998,-9.763956904995212,witman_gom Kennebunk Ledge,3
witman_gom,Murray Rock,1,43.071741,-70.608241,0.25,1983-06-01,10,10,10,NA,30.74,30.74,NA,0,16,16,0,2,30.74,stipe_density,"c(-70.608241, 43.071741)",Gulf of Maine/Bay of Fundy,Cold Temperate Northwest Atlantic,Temperate Northern Atlantic,0.5323145571347271,0.12334577398540851,0.12334577398540851,0.12334577398540851,-0.6119090821711729,-2.0148097200043313,-2.0148097200043313,-2.0148097200043313,1983-06-01,1983,1983,-24.76395690499521,witman_gom Murray Rock,5
witman_gom,Murray Rock,2,43.071741,-70.608241,0.25,1995-10-01,10,10,10,NA,0.3333333333333333,0.3333333333333333,NA,0,16,16,0,2,0.3333333333333333,stipe_density,"c(-70.608241, 43.071741)",Gulf of Maine/Bay of Fundy,Cold Temperate Northwest Atlantic,Temperate Northern Atlantic,0.005772224649042801,0.0013375165255411897,0.0013375165255411897,0.0013375165255411897,-4.149504819532638,-4.4796380059418395,-4.4796380059418395,-4.4796380059418395,1995-10-01,1995,1995,-12.763956904995212,witman_gom Murray Rock,5
witman_gom,Murray Rock,3,43.071741,-70.608241,0.25,1996-06-01,10,10,10,NA,0.5625,0.5625,NA,0,16,16,0,2,0.5625,stipe_density,"c(-70.608241, 43.071741)",Gulf of Maine/Bay of Fundy,Cold Temperate Northwest Atlantic,Temperate Northern Atlantic,0.009740629095259728,0.002257059136850758,0.002257059136850758,0.002257059136850758,-3.925076376423833,-4.4016532518937215,-4.4016532518937215,-4.4016532518937215,1996-06-01,1996,1996,-11.763956904995212,witman_gom Murray Rock,5
witman_gom,Murray Rock,4,43.071741,-70.608241,0.25,1997-06-01,10,10,10,NA,0.5,0.5,NA,0,16,16,0,2,0.5,stipe_density,"c(-70.608241, 43.071741)",Gulf of Maine/Bay of Fundy,Cold Temperate Northwest Atlantic,Temperate Northern Atlantic,0.008658336973564202,0.0020062747883117845,0.0020062747883117845,0.0020062747883117845,-3.981462210065981,-4.422325866832211,-4.422325866832211,-4.422325866832211,1997-06-01,1997,1997,-10.763956904995212,witman_gom Murray Rock,5
witman_gom,Murray Rock,5,43.071741,-70.608241,0.25,1998-06-01,10,10,10,NA,0.17857142857142858,0.17857142857142858,NA,0,16,16,0,2,0.17857142857142858,stipe_density,"c(-70.608241, 43.071741)",Gulf of Maine/Bay of Fundy,Cold Temperate Northwest Atlantic,Temperate Northern Atlantic,0.003092263204844358,7.165267101113517e-4,7.165267101113517e-4,7.165267101113517e-4,-4.335733818295034,-4.5359681767615685,-4.5359681767615685,-4.5359681767615685,1998-06-01,1998,1998,-9.763956904995212,witman_gom Murray Rock,5
witman_gom,Star Island,1,42.975744,-70.616525,0.25,1979-07-01,10,10,10,NA,21.87,21.87,NA,0,16,16,0,2,21.87,stipe_density,"c(-70.616525, 42.975744)",Gulf of Maine/Bay of Fundy,Cold Temperate Northwest Atlantic,Temperate Northern Atlantic,0.3787156592236982,0.08775445924075746,0.08775445924075746,0.08775445924075746,-0.9449071557926454,-2.3252964623258907,-2.3252964623258907,-2.3252964623258907,1979-07-01,1979,1979,-28.76395690499521,witman_gom Star Island,5
witman_gom,Star Island,2,42.975744,-70.616525,0.25,1996-07-01,10,10,10,NA,0,0,NA,0,16,16,0,2,0,stipe_density,"c(-70.616525, 42.975744)",Gulf of Maine/Bay of Fundy,Cold Temperate Northwest Atlantic,Temperate Northern Atlantic,0,0,0,0,-4.605170185988091,-4.605170185988091,-4.605170185988091,-4.605170185988091,1996-07-01,1996,1996,-11.763956904995212,witman_gom Star Island,5
witman_gom,Star Island,3,42.975744,-70.616525,0.25,1997-06-01,10,10,10,NA,0.41666666666666663,0.41666666666666663,NA,0,16,16,0,2,0.41666666666666663,stipe_density,"c(-70.616525, 42.975744)",Gulf of Maine/Bay of Fundy,Cold Temperate Northwest Atlantic,Temperate Northern Atlantic,0.007215280811303501,0.001671895656926487,0.001671895656926487,0.001671895656926487,-4.061957870311707,-4.45057140740695,-4.45057140740695,-4.45057140740695,1997-06-01,1997,1997,-10.763956904995212,witman_gom Star Island,5
witman_gom,Star Island,4,42.975744,-70.616525,0.25,1998-06-01,10,10,10,NA,0.10000000000000002,0.10000000000000002,NA,0,16,16,0,2,0.10000000000000002,stipe_density,"c(-70.616525, 42.975744)",Gulf of Maine/Bay of Fundy,Cold Temperate Northwest Atlantic,Temperate Northern Atlantic,0.0017316673947128409,4.01254957662357e-4,4.01254957662357e-4,4.01254957662357e-4,-4.4454634785319485,-4.565828811108733,-4.565828811108733,-4.565828811108733,1998-06-01,1998,1998,-9.763956904995212,witman_gom Star Island,5
witman_gom,Star Island,5,42.975744,-70.616525,0.25,2014-05-26,10,10,10,NA,0.9655172413793103,0.9655172413793103,NA,0,16,16,0,2,0.9655172413793103,stipe_density,"c(-70.616525, 42.975744)",Gulf of Maine/Bay of Fundy,Cold Temperate Northwest Atlantic,Temperate Northern Atlantic,0.016719547259296388,0.003874185798119308,0.003874185798119308,0.003874185798119308,-3.62235987434585,-4.277725302288076,-4.277725302288076,-4.277725302288076,2014-05-26,2014,2014,6.2360430950047885,witman_gom Star Island,5
