X,study_ID,Study,Site,Latitude,Longitude,max_Depth,mean_Depth,min_Depth,trajectory_ID,sample_size,sample_unit_size_sq_m,year,period,rawDate,sasDate,biomass_KG_wet_per_sq_m,Stipe_Density_num_per_sq_m,individual_per_sq_m,percent_cover,biomass_KG_wet_per_sq_m_STD,Stipe_Density_num_per_sq_m_STD,individual_per_sq_m_STD,percent_cover_STD,focalKelp,focalKelp_STD,focalUnit,elapsed,ROC,len,ECOREGION,PROVINCE,REALM,StudySite,Date,DaysSince1900,YearsSince1900,Decade,stdByECOREGION,stdByECOREGIONZ,ln_stdByECOREGION,stdByREALM,stdByREALMZ,ln_stdByREALM,stdByPROVINCE,stdByPROVINCEZ,ln_stdByPROVINCE,realLatByRealm,num_years,ProvinceSite,EcoregionSite,julian,meanjul,SiteN,StudyN,ProvinceN,EcoregionN
6019,13,Keats_etal_1985,Conception Bay,46.666667,-52.833333,4,4,4,48,1,0.1,1979,1,7135,1979-07-15,0.7366,NA,NA,NA,NA,NA,NA,NA,0.7366,NA,4,NA,NA,5,Northern Grand Banks - Southern Labrador,Arctic,Arctic,Keats_etal_1985-Conception Bay-13-48,19790715,29049,79.5318275154004,1970,0.164598692923403,0.342639087937085,-0.946605478082193,0.164598692923403,0.526646660347715,-0.946605478082193,0.164598692923403,0.526646660347715,-0.946605478082193,0,4,Arctic:Conception Bay,Northern Grand Banks - Southern Labrador:Conception Bay,3482,4212.8,263,27,2,22
6020,13,Keats_etal_1985,Conception Bay,46.666667,-52.833333,4,4,4,48,1,0.1,1980,2,7501,1980-07-15,2.42508,NA,NA,NA,NA,NA,NA,NA,2.42508,NA,4,366,1.1891330369,5,Northern Grand Banks - Southern Labrador,Arctic,Arctic,Keats_etal_1985-Conception Bay-13-48,19800715,29415,80.5338809034908,1980,0.541901979683257,1.12805756092108,-0.267409827620964,0.541901979683257,1.73385865201743,-0.267409827620964,0.541901979683257,1.73385865201743,-0.267409827620964,0,4,Arctic:Conception Bay,Northern Grand Banks - Southern Labrador:Conception Bay,3848,4212.8,263,27,2,22
6021,13,Keats_etal_1985,Conception Bay,46.666667,-52.833333,4,4,4,48,1,0.1,1981,3,7866,1981-07-15,5.1893,NA,NA,NA,NA,NA,NA,NA,5.1893,NA,4,365,0.7612553507,5,Northern Grand Banks - Southern Labrador,Arctic,Arctic,Keats_etal_1985-Conception Bay-13-48,19810715,29780,81.533196440794,1980,1.15958728914936,2.41387051185435,0.324287337953272,1.15958728914936,3.71019211857507,0.324287337953272,1.15958728914936,3.71019211857507,0.324287337953272,0,4,Arctic:Conception Bay,Northern Grand Banks - Southern Labrador:Conception Bay,4213,4212.8,263,27,2,22
6022,13,Keats_etal_1985,Conception Bay,46.666667,-52.833333,4,4,4,48,1,0.1,1982,4,8231,1982-07-15,5.811,NA,NA,NA,NA,NA,NA,NA,5.811,NA,4,365,0.1132313624,5,Northern Grand Banks - Southern Labrador,Arctic,Arctic,Keats_etal_1985-Conception Bay-13-48,19820715,30145,82.5325119780972,1980,1.29851073116739,2.70306236763834,0.420004295532581,1.29851073116739,4.15468876361739,0.420004295532581,1.29851073116739,4.15468876361739,0.420004295532581,0,4,Arctic:Conception Bay,Northern Grand Banks - Southern Labrador:Conception Bay,4578,4212.8,263,27,2,22
6023,13,Keats_etal_1985,Conception Bay,46.666667,-52.833333,4,4,4,48,1,0.1,1983,5,8596,1983-07-15,2.1682,NA,NA,NA,NA,NA,NA,NA,2.1682,NA,4,365,-0.986530586,5,Northern Grand Banks - Southern Labrador,Arctic,Arctic,Keats_etal_1985-Conception Bay-13-48,19830715,30510,83.5318275154004,1980,0.484500252506819,1.00856648176105,-0.345371053453987,0.484500252506819,1.55019724269063,-0.345371053453987,0.484500252506819,1.55019724269063,-0.345371053453987,0,4,Arctic:Conception Bay,Northern Grand Banks - Southern Labrador:Conception Bay,4943,4212.8,263,27,2,22
8660,28,steneck_gom,Jonesport - little drisco,44.4833333,-67.663333,10,10,10,2,24,1,1999,1,14457,1999-08-01,NA,NA,NA,28.5,NA,NA,NA,23.47432,28.5,23.474315288,1,NA,NA,5,Gulf of Maine/Bay of Fundy,Cold Temperate Northwest Atlantic,Temperate Northern Atlantic,steneck_gom-Jonesport - little drisco-28-2,19990801,36371,99.5783709787817,1990,0.487703825521187,1.63594091728967,-0.683560796220831,0.105555555555556,0.61676189965048,-2.2140316956526,0.373362445414847,1.42257681264695,-0.950719451540356,3.1803133,4,Cold Temperate Northwest Atlantic:Jonesport - little drisco,Gulf of Maine/Bay of Fundy:Jonesport - little drisco,10804,11534.8,822,61,5,10
8661,28,steneck_gom,Jonesport - little drisco,44.4833333,-67.663333,10,10,10,2,32,1,2000,2,14823,2000-08-01,NA,NA,NA,26.75,NA,NA,NA,20.11419,26.75,20.114190144,1,366,-0.063239758,5,Gulf of Maine/Bay of Fundy,Cold Temperate Northwest Atlantic,Temperate Northern Atlantic,steneck_gom-Jonesport - little drisco-28-2,20000801,36737,100.580424366872,2000,0.457757099392693,1.53548840482452,-0.744715219374162,0.0990740740740741,0.578890554935099,-2.27518611880593,0.350436681222707,1.33522560485284,-1.01187387469369,3.1803133,4,Cold Temperate Northwest Atlantic:Jonesport - little drisco,Gulf of Maine/Bay of Fundy:Jonesport - little drisco,11170,11534.8,822,61,5,10
8662,28,steneck_gom,Jonesport - little drisco,44.4833333,-67.663333,10,10,10,2,30,1,2001,3,15188,2001-08-01,NA,NA,NA,49.43333,NA,NA,NA,28.70622,49.433333333,28.706221041,1,365,0.6145110971,5,Gulf of Maine/Bay of Fundy,Cold Temperate Northwest Atlantic,Temperate Northern Atlantic,steneck_gom-Jonesport - little drisco-28-2,20010801,37102,101.579739904175,2000,0.845923711395372,2.83754430447278,-0.147298727447014,0.183086419751852,1.06977531833391,-1.67776962687878,0.647598253270742,2.46746364110083,-0.414457382766539,3.1803133,4,Cold Temperate Northwest Atlantic:Jonesport - little drisco,Gulf of Maine/Bay of Fundy:Jonesport - little drisco,11535,11534.8,822,61,5,10
8663,28,steneck_gom,Jonesport - little drisco,44.4833333,-67.663333,10,10,10,2,24,1,2002,4,15553,2002-08-01,NA,NA,NA,46.125,NA,NA,NA,23.22351,46.125,23.223512261,1,365,-0.069317303,5,Gulf of Maine/Bay of Fundy,Cold Temperate Northwest Atlantic,Temperate Northern Atlantic,steneck_gom-Jonesport - little drisco-28-2,20020801,37467,102.579055441478,2000,0.789310138672447,2.64764122140302,-0.21514741379843,0.170833333333333,0.998180442855382,-1.7456183132302,0.604257641921397,2.30232826257336,-0.482306069117955,3.1803133,4,Cold Temperate Northwest Atlantic:Jonesport - little drisco,Gulf of Maine/Bay of Fundy:Jonesport - little drisco,11900,11534.8,822,61,5,10
8664,28,steneck_gom,Jonesport - little drisco,44.4833333,-67.663333,10,10,10,2,29,1,2003,5,15918,2003-08-01,NA,NA,NA,32.93103,NA,NA,NA,31.09884,32.931034483,31.098841313,1,365,-0.337170372,5,Gulf of Maine/Bay of Fundy,Cold Temperate Northwest Atlantic,Temperate Northern Atlantic,steneck_gom-Jonesport - little drisco-28-2,20030801,37832,103.578370978782,2000,0.563529526165937,1.89028865822515,-0.543620992493712,0.121966794381481,0.71265289070844,-2.07409189192548,0.431410932091703,1.64375179199976,-0.810779647813237,3.1803133,4,Cold Temperate Northwest Atlantic:Jonesport - little drisco,Gulf of Maine/Bay of Fundy:Jonesport - little drisco,12265,11534.8,822,61,5,10
8665,28,steneck_gom,Jonesport - outer ram,44.4916667,-67.636667,10,10,10,3,71,1,1996,1,13362,1996-08-01,NA,NA,NA,0,NA,NA,NA,0,0,0,1,NA,NA,6,Gulf of Maine/Bay of Fundy,Cold Temperate Northwest Atlantic,Temperate Northern Atlantic,steneck_gom-Jonesport - outer ram-28-3,19960801,35276,96.580424366872,1990,0,0,-4.0679510595666,0,0,-5.59842195899838,0,0,-4.33510971488613,3.18864670000001,7,Cold Temperate Northwest Atlantic:Jonesport - outer ram,Gulf of Maine/Bay of Fundy:Jonesport - outer ram,9709,11230.5,823,61,5,10
8666,28,steneck_gom,Jonesport - outer ram,44.4916667,-67.636667,10,10,10,3,31,1,1999,2,14457,1999-08-01,NA,NA,NA,0,NA,NA,NA,0,0,0,1,1095,NA,6,Gulf of Maine/Bay of Fundy,Cold Temperate Northwest Atlantic,Temperate Northern Atlantic,steneck_gom-Jonesport - outer ram-28-3,19990801,36371,99.5783709787817,1990,0,0,-4.0679510595666,0,0,-5.59842195899838,0,0,-4.33510971488613,3.18864670000001,7,Cold Temperate Northwest Atlantic:Jonesport - outer ram,Gulf of Maine/Bay of Fundy:Jonesport - outer ram,10804,11230.5,823,61,5,10
8667,28,steneck_gom,Jonesport - outer ram,44.4916667,-67.636667,10,10,10,3,33,1,2000,3,14823,2000-08-01,NA,NA,NA,0,NA,NA,NA,0,0,0,1,366,NA,6,Gulf of Maine/Bay of Fundy,Cold Temperate Northwest Atlantic,Temperate Northern Atlantic,steneck_gom-Jonesport - outer ram-28-3,20000801,36737,100.580424366872,2000,0,0,-4.0679510595666,0,0,-5.59842195899838,0,0,-4.33510971488613,3.18864670000001,7,Cold Temperate Northwest Atlantic:Jonesport - outer ram,Gulf of Maine/Bay of Fundy:Jonesport - outer ram,11170,11230.5,823,61,5,10
8668,28,steneck_gom,Jonesport - outer ram,44.4916667,-67.636667,10,10,10,3,30,1,2001,4,15188,2001-08-01,NA,NA,NA,0,NA,NA,NA,0,0,0,1,365,NA,6,Gulf of Maine/Bay of Fundy,Cold Temperate Northwest Atlantic,Temperate Northern Atlantic,steneck_gom-Jonesport - outer ram-28-3,20010801,37102,101.579739904175,2000,0,0,-4.0679510595666,0,0,-5.59842195899838,0,0,-4.33510971488613,3.18864670000001,7,Cold Temperate Northwest Atlantic:Jonesport - outer ram,Gulf of Maine/Bay of Fundy:Jonesport - outer ram,11535,11230.5,823,61,5,10
8669,28,steneck_gom,Jonesport - outer ram,44.4916667,-67.636667,10,10,10,3,30,1,2002,5,15553,2002-08-01,NA,NA,NA,0,NA,NA,NA,0,0,0,1,365,NA,6,Gulf of Maine/Bay of Fundy,Cold Temperate Northwest Atlantic,Temperate Northern Atlantic,steneck_gom-Jonesport - outer ram-28-3,20020801,37467,102.579055441478,2000,0,0,-4.0679510595666,0,0,-5.59842195899838,0,0,-4.33510971488613,3.18864670000001,7,Cold Temperate Northwest Atlantic:Jonesport - outer ram,Gulf of Maine/Bay of Fundy:Jonesport - outer ram,11900,11230.5,823,61,5,10
8670,28,steneck_gom,Jonesport - outer ram,44.4916667,-67.636667,10,10,10,3,28,1,2003,6,15918,2003-08-01,NA,NA,NA,0.071429,NA,NA,NA,0.377964,0.0714285714,0.377964473,1,365,9999,6,Gulf of Maine/Bay of Fundy,Cold Temperate Northwest Atlantic,Temperate Northern Atlantic,steneck_gom-Jonesport - outer ram-28-3,20030801,37832,103.578370978782,2000,0.0012223153516945,0.00410010254795813,-3.99895818810632,2.64550264444444e-4,0.00154576917143803,-5.52942908753809,9.35745476855895e-4,0.00356535541874166,-4.26611684342584,3.18864670000001,7,Cold Temperate Northwest Atlantic:Jonesport - outer ram,Gulf of Maine/Bay of Fundy:Jonesport - outer ram,12265,11230.5,823,61,5,10
8673,28,steneck_gom,Jonesport - ram,44.4916667,-67.635,10,10,10,5,40,1,1997,1,13727,1997-08-01,NA,NA,NA,0,NA,NA,NA,0,0,0,1,NA,NA,7,Gulf of Maine/Bay of Fundy,Cold Temperate Northwest Atlantic,Temperate Northern Atlantic,steneck_gom-Jonesport - ram-28-5,19970801,35641,97.5797399041752,1990,0,0,-4.0679510595666,0,0,-5.59842195899838,0,0,-4.33510971488613,3.18864670000001,6,Cold Temperate Northwest Atlantic:Jonesport - ram,Gulf of Maine/Bay of Fundy:Jonesport - ram,10074,11169.5714285714,824,61,5,10
8674,28,steneck_gom,Jonesport - ram,44.4916667,-67.635,10,10,10,5,25,1,1998,2,14092,1998-08-01,NA,NA,NA,0,NA,NA,NA,0,0,0,1,365,NA,7,Gulf of Maine/Bay of Fundy,Cold Temperate Northwest Atlantic,Temperate Northern Atlantic,steneck_gom-Jonesport - ram-28-5,19980801,36006,98.5790554414784,1990,0,0,-4.0679510595666,0,0,-5.59842195899838,0,0,-4.33510971488613,3.18864670000001,6,Cold Temperate Northwest Atlantic:Jonesport - ram,Gulf of Maine/Bay of Fundy:Jonesport - ram,10439,11169.5714285714,824,61,5,10
8675,28,steneck_gom,Jonesport - ram,44.4916667,-67.635,10,10,10,5,31,1,1999,3,14457,1999-08-01,NA,NA,NA,2.096774,NA,NA,NA,5.664832,2.0967741935,5.6648320876,1,365,9999,7,Gulf of Maine/Bay of Fundy,Cold Temperate Northwest Atlantic,Temperate Northern Atlantic,steneck_gom-Jonesport - ram-28-5,19990801,36371,99.5783709787817,1990,0.035880870014879,0.120357849033814,-2.93759007259954,0.0077658303462963,0.0453758047270583,-4.46806097203131,0.0274686575567686,0.104660433299285,-3.20474872791906,3.18864670000001,6,Cold Temperate Northwest Atlantic:Jonesport - ram,Gulf of Maine/Bay of Fundy:Jonesport - ram,10804,11169.5714285714,824,61,5,10
8676,28,steneck_gom,Jonesport - ram,44.4916667,-67.635,10,10,10,5,31,1,2000,4,14823,2000-08-01,NA,NA,NA,0.677419,NA,NA,NA,2.006441,0.6774193548,2.0064412405,1,366,-1.127549535,7,Gulf of Maine/Bay of Fundy,Cold Temperate Northwest Atlantic,Temperate Northern Atlantic,steneck_gom-Jonesport - ram-28-5,20000801,36737,100.580424366872,2000,0.0115922810813352,0.0388848435326768,-3.5506945454934,0.00250896057333333,0.0146598753728579,-5.08116544492517,0.00887448936419214,0.0338133707570786,-3.81785320081293,3.18864670000001,6,Cold Temperate Northwest Atlantic:Jonesport - ram,Gulf of Maine/Bay of Fundy:Jonesport - ram,11170,11169.5714285714,824,61,5,10
8677,28,steneck_gom,Jonesport - ram,44.4916667,-67.635,10,10,10,5,30,1,2001,5,15188,2001-08-01,NA,NA,NA,1.666667,NA,NA,NA,4.220911,1.6666666667,4.2209112706,1,365,0.9009070278,7,Gulf of Maine/Bay of Fundy,Cold Temperate Northwest Atlantic,Temperate Northern Atlantic,steneck_gom-Jonesport - ram-28-5,20010801,37102,101.579739904175,2000,0.028520691551517,0.0956690594925375,-3.08712180654238,0.0061728395062963,0.0360679473487026,-4.61759270597415,0.0218340611358079,0.083191626472246,-3.3542804618619,3.18864670000001,6,Cold Temperate Northwest Atlantic:Jonesport - ram,Gulf of Maine/Bay of Fundy:Jonesport - ram,11535,11169.5714285714,824,61,5,10
8678,28,steneck_gom,Jonesport - ram,44.4916667,-67.635,10,10,10,5,30,1,2002,6,15553,2002-08-01,NA,NA,NA,1.9,NA,NA,NA,7.307766,1.9,7.3077662987,1,365,0.1311180078,7,Gulf of Maine/Bay of Fundy,Cold Temperate Northwest Atlantic,Temperate Northern Atlantic,steneck_gom-Jonesport - ram-28-5,20020801,37467,102.579055441478,2000,0.0325135883680791,0.109062727819311,-3.00324032257418,0.00703703703703704,0.0411174599766986,-4.53371122200595,0.0248908296943231,0.0948384541764636,-3.2703989778937,3.18864670000001,6,Cold Temperate Northwest Atlantic:Jonesport - ram,Gulf of Maine/Bay of Fundy:Jonesport - ram,11900,11169.5714285714,824,61,5,10
8679,28,steneck_gom,Jonesport - ram,44.4916667,-67.635,10,10,10,5,25,1,2003,7,15918,2003-08-01,NA,NA,NA,5.8,NA,NA,NA,12.80625,5.8,12.806248475,1,365,1.1167684177,7,Gulf of Maine/Bay of Fundy,Cold Temperate Northwest Atlantic,Temperate Northern Atlantic,steneck_gom-Jonesport - ram-28-5,20030801,37832,103.578370978782,2000,0.0992520065972941,0.332928327027372,-2.15102844738454,0.0214814814814815,0.125516456770975,-3.68149934681631,0.0759825327510917,0.289506860117626,-2.41818710270407,3.18864670000001,6,Cold Temperate Northwest Atlantic:Jonesport - ram,Gulf of Maine/Bay of Fundy:Jonesport - ram,12265,11169.5714285714,824,61,5,10
8680,28,steneck_gom,Jonesport - sea duck,44.491517,-67.65292,10,10,10,6,44,1,1996,1,13362,1996-08-01,NA,NA,NA,55.13636,NA,NA,NA,27.17436,55.136363636,27.174364552,1,NA,NA,8,Gulf of Maine/Bay of Fundy,Cold Temperate Northwest Atlantic,Temperate Northern Atlantic,steneck_gom-Jonesport - sea duck-28-6,19960801,35276,96.580424366872,1990,0.943516332301911,3.1649064316735,-0.0401672638693211,0.204208754207407,1.19319327634944,-1.57063816330109,0.722310440646288,2.75213026113138,-0.307325919188846,3.18849700000001,7,Cold Temperate Northwest Atlantic:Jonesport - sea duck,Gulf of Maine/Bay of Fundy:Jonesport - sea duck,9709,10987,825,61,5,10
8681,28,steneck_gom,Jonesport - sea duck,44.491517,-67.65292,10,10,10,6,38,1,1997,2,13727,1997-08-01,NA,NA,NA,60.34211,NA,NA,NA,24.65138,60.342105263,24.651381537,1,365,0.0902824625,8,Gulf of Maine/Bay of Fundy,Cold Temperate Northwest Atlantic,Temperate Northern Atlantic,steneck_gom-Jonesport - sea duck-28-6,19970801,35641,97.5797399041752,1990,1.03259914304446,3.46372347491727,0.0485154197401923,0.223489278751852,1.30584952529534,-1.48195547969158,0.790507929209607,3.01197472889283,-0.218643235579333,3.18849700000001,7,Cold Temperate Northwest Atlantic:Jonesport - sea duck,Gulf of Maine/Bay of Fundy:Jonesport - sea duck,10074,10987,825,61,5,10
8682,28,steneck_gom,Jonesport - sea duck,44.491517,-67.65292,10,10,10,6,20,1,1998,3,14092,1998-08-01,NA,NA,NA,24.6,NA,NA,NA,17.02444,24.6,17.024440635,1,365,-0.897898258,8,Gulf of Maine/Bay of Fundy,Cold Temperate Northwest Atlantic,Temperate Northern Atlantic,steneck_gom-Jonesport - sea duck-28-6,19980801,36006,98.5790554414784,1990,0.420965407291972,1.41207531808161,-0.825358708081088,0.0911111111111111,0.532362902856203,-2.35582960751286,0.322270742358079,1.22790840670579,-1.09251736340061,3.18849700000001,7,Cold Temperate Northwest Atlantic:Jonesport - sea duck,Gulf of Maine/Bay of Fundy:Jonesport - sea duck,10439,10987,825,61,5,10
8683,28,steneck_gom,Jonesport - sea duck,44.491517,-67.65292,10,10,10,6,16,1,1999,4,14457,1999-08-01,NA,NA,NA,37.0625,NA,NA,NA,16.04356,37.0625,16.043560494,1,365,0.4101399593,8,Gulf of Maine/Bay of Fundy,Cold Temperate Northwest Atlantic,Temperate Northern Atlantic,steneck_gom-Jonesport - sea duck-28-6,19990801,36371,99.5783709787817,1990,0.634228878364175,2.12744071042275,-0.428721514096489,0.137268518518519,0.802060979150733,-1.95919241352826,0.485534934497817,1.84997379363957,-0.695880169416014,3.18849700000001,7,Cold Temperate Northwest Atlantic:Jonesport - sea duck,Gulf of Maine/Bay of Fundy:Jonesport - sea duck,10804,10987,825,61,5,10
8684,28,steneck_gom,Jonesport - sea duck,44.491517,-67.65292,10,10,10,6,34,1,2000,5,14823,2000-08-01,NA,NA,NA,44.79412,NA,NA,NA,22.76997,44.794117647,22.769968808,1,366,0.189082891,8,Gulf of Maine/Bay of Fundy,Cold Temperate Northwest Atlantic,Temperate Northern Atlantic,steneck_gom-Jonesport - sea duck-28-6,20000801,36737,100.580424366872,2000,0.76653552762414,2.57124666360051,-0.243795412350053,0.165904139433333,0.969379126074765,-1.77426631178182,0.586822501925764,2.23589730202112,-0.510954067669577,3.18849700000001,7,Cold Temperate Northwest Atlantic:Jonesport - sea duck,Gulf of Maine/Bay of Fundy:Jonesport - sea duck,11170,10987,825,61,5,10
8685,28,steneck_gom,Jonesport - sea duck,44.491517,-67.65292,10,10,10,6,29,1,2001,6,15188,2001-08-01,NA,NA,NA,57.86207,NA,NA,NA,26.59984,57.862068966,26.599844438,1,365,0.2561605611,8,Gulf of Maine/Bay of Fundy,Cold Temperate Northwest Atlantic,Temperate Northern Atlantic,steneck_gom-Jonesport - sea duck-28-6,20010801,37102,101.579739904175,2000,0.990159732887331,3.32136583089531,0.00724583324956304,0.214303959133333,1.25217963414657,-1.52322506618221,0.758018370733625,2.88818377694072,-0.259912822069962,3.18849700000001,7,Cold Temperate Northwest Atlantic:Jonesport - sea duck,Gulf of Maine/Bay of Fundy:Jonesport - sea duck,11535,10987,825,61,5,10
8686,28,steneck_gom,Jonesport - sea duck,44.491517,-67.65292,10,10,10,6,30,1,2002,7,15553,2002-08-01,NA,NA,NA,30.83333,NA,NA,NA,22.61992,30.833333333,22.619923067,1,365,-0.629896842,8,Gulf of Maine/Bay of Fundy,Cold Temperate Northwest Atlantic,Temperate Northern Atlantic,steneck_gom-Jonesport - sea duck-28-6,20020801,37467,102.579055441478,2000,0.527632793686808,1.76987760055741,-0.607437100758502,0.114197530862963,0.66725702593044,-2.13790800019027,0.403930131,1.53904508968913,-0.874595756078026,3.18849700000001,7,Cold Temperate Northwest Atlantic:Jonesport - sea duck,Gulf of Maine/Bay of Fundy:Jonesport - sea duck,11900,10987,825,61,5,10
8687,28,steneck_gom,Jonesport - sea duck,44.491517,-67.65292,10,10,10,6,22,1,2003,8,15918,2003-08-01,NA,NA,NA,38.09091,NA,NA,NA,34.5404,38.090909091,34.540396075,1,365,0.2115240716,8,Gulf of Maine/Bay of Fundy,Cold Temperate Northwest Atlantic,Temperate Northern Atlantic,steneck_gom-Jonesport - sea duck-28-6,20030801,37832,103.578370978782,2000,0.651827441447735,2.1864728687273,-0.402061123675042,0.141077441077778,0.824316542118557,-1.93253202310681,0.499007542676856,1.90130680861402,-0.669219778994567,3.18849700000001,7,Cold Temperate Northwest Atlantic:Jonesport - sea duck,Gulf of Maine/Bay of Fundy:Jonesport - sea duck,12265,10987,825,61,5,10
8688,28,steneck_gom,Mount Desert Island - baker island,44.2383333,-68.206667,10,10,10,7,27,1,1997,1,13727,1997-08-01,NA,NA,NA,0,NA,NA,NA,0,0,0,1,NA,NA,5,Gulf of Maine/Bay of Fundy,Cold Temperate Northwest Atlantic,Temperate Northern Atlantic,steneck_gom-Mount Desert Island - baker island-28-7,19970801,35641,97.5797399041752,1990,0,0,-4.0679510595666,0,0,-5.59842195899838,0,0,-4.33510971488613,2.9353133,4,Cold Temperate Northwest Atlantic:Mount Desert Island - baker island,Gulf of Maine/Bay of Fundy:Mount Desert Island - baker island,10074,10804.4,826,61,5,10
8689,28,steneck_gom,Mount Desert Island - baker island,44.2383333,-68.206667,10,10,10,7,23,1,1998,2,14092,1998-08-01,NA,NA,NA,0,NA,NA,NA,0,0,0,1,365,NA,5,Gulf of Maine/Bay of Fundy,Cold Temperate Northwest Atlantic,Temperate Northern Atlantic,steneck_gom-Mount Desert Island - baker island-28-7,19980801,36006,98.5790554414784,1990,0,0,-4.0679510595666,0,0,-5.59842195899838,0,0,-4.33510971488613,2.9353133,4,Cold Temperate Northwest Atlantic:Mount Desert Island - baker island,Gulf of Maine/Bay of Fundy:Mount Desert Island - baker island,10439,10804.4,826,61,5,10
8690,28,steneck_gom,Mount Desert Island - baker island,44.2383333,-68.206667,10,10,10,7,32,1,1999,3,14457,1999-08-01,NA,NA,NA,0,NA,NA,NA,0,0,0,1,365,NA,5,Gulf of Maine/Bay of Fundy,Cold Temperate Northwest Atlantic,Temperate Northern Atlantic,steneck_gom-Mount Desert Island - baker island-28-7,19990801,36371,99.5783709787817,1990,0,0,-4.0679510595666,0,0,-5.59842195899838,0,0,-4.33510971488613,2.9353133,4,Cold Temperate Northwest Atlantic:Mount Desert Island - baker island,Gulf of Maine/Bay of Fundy:Mount Desert Island - baker island,10804,10804.4,826,61,5,10
8691,28,steneck_gom,Mount Desert Island - baker island,44.2383333,-68.206667,10,10,10,7,30,1,2000,4,14823,2000-08-01,NA,NA,NA,0.033333,NA,NA,NA,0.182574,0.0333333333,0.1825741858,1,366,9999,5,Gulf of Maine/Bay of Fundy,Cold Temperate Northwest Atlantic,Temperate Northern Atlantic,steneck_gom-Mount Desert Island - baker island-28-7,20000801,36737,100.580424366872,2000,5.70413830448518e-4,0.0019133811878991,-4.03516123677587,1.2345679e-4,7.21358946238266e-4,-5.56563213620764,4.36681222270742e-4,0.00166383252774781,-4.3023198920954,2.9353133,4,Cold Temperate Northwest Atlantic:Mount Desert Island - baker island,Gulf of Maine/Bay of Fundy:Mount Desert Island - baker island,11170,10804.4,826,61,5,10
8692,28,steneck_gom,Mount Desert Island - baker island,44.2383333,-68.206667,10,10,10,7,30,1,2001,5,15188,2001-08-01,NA,NA,NA,0.1,NA,NA,NA,0.402578,0.1,0.4025778999,1,365,1.0993647628,5,Gulf of Maine/Bay of Fundy,Cold Temperate Northwest Atlantic,Temperate Northern Atlantic,steneck_gom-Mount Desert Island - baker island-28-7,20010801,37102,101.579739904175,2000,0.0017112414930568,0.00574014356943744,-3.97264087976228,3.7037037037037e-4,0.00216407684087888,-5.50311177919405,0.00131004366812227,0.00499149758823493,-4.23979953508181,2.9353133,4,Cold Temperate Northwest Atlantic:Mount Desert Island - baker island,Gulf of Maine/Bay of Fundy:Mount Desert Island - baker island,11535,10804.4,826,61,5,10
8693,28,steneck_gom,Mount Desert Island - great duck,44.1466667,-68.251667,10,10,10,8,39,1,1997,1,13727,1997-08-01,NA,NA,NA,0,NA,NA,NA,0,0,0,1,NA,NA,5,Gulf of Maine/Bay of Fundy,Cold Temperate Northwest Atlantic,Temperate Northern Atlantic,steneck_gom-Mount Desert Island - great duck-28-8,19970801,35641,97.5797399041752,1990,0,0,-4.0679510595666,0,0,-5.59842195899838,0,0,-4.33510971488613,2.8436467,4,Cold Temperate Northwest Atlantic:Mount Desert Island - great duck,Gulf of Maine/Bay of Fundy:Mount Desert Island - great duck,10074,10804.4,827,61,5,10
8694,28,steneck_gom,Mount Desert Island - great duck,44.1466667,-68.251667,10,10,10,8,25,1,1998,2,14092,1998-08-01,NA,NA,NA,0,NA,NA,NA,0,0,0,1,365,NA,5,Gulf of Maine/Bay of Fundy,Cold Temperate Northwest Atlantic,Temperate Northern Atlantic,steneck_gom-Mount Desert Island - great duck-28-8,19980801,36006,98.5790554414784,1990,0,0,-4.0679510595666,0,0,-5.59842195899838,0,0,-4.33510971488613,2.8436467,4,Cold Temperate Northwest Atlantic:Mount Desert Island - great duck,Gulf of Maine/Bay of Fundy:Mount Desert Island - great duck,10439,10804.4,827,61,5,10
8695,28,steneck_gom,Mount Desert Island - great duck,44.1466667,-68.251667,10,10,10,8,36,1,1999,3,14457,1999-08-01,NA,NA,NA,1.027778,NA,NA,NA,3.850685,1.0277777778,3.8506853647,1,365,9999,5,Gulf of Maine/Bay of Fundy,Cold Temperate Northwest Atlantic,Temperate Northern Atlantic,steneck_gom-Mount Desert Island - great duck-28-8,19990801,36371,99.5783709787817,1990,0.0175877597901307,0.0589959200204938,-3.36101055686337,0.00380658436222222,0.0222419008650694,-4.89148145629513,0.0134643377004367,0.0513015029913015,-3.62816921218289,2.8436467,4,Cold Temperate Northwest Atlantic:Mount Desert Island - great duck,Gulf of Maine/Bay of Fundy:Mount Desert Island - great duck,10804,10804.4,827,61,5,10
8696,28,steneck_gom,Mount Desert Island - great duck,44.1466667,-68.251667,10,10,10,8,30,1,2000,4,14823,2000-08-01,NA,NA,NA,15.56667,NA,NA,NA,23.7874,15.566666667,23.78739645,1,366,2.712163777,5,Gulf of Maine/Bay of Fundy,Cold Temperate Northwest Atlantic,Temperate Northern Atlantic,steneck_gom-Mount Desert Island - great duck-28-8,20000801,36737,100.580424366872,2000,0.266383259091545,0.893549015661563,-1.26055841511201,0.0576543209888889,0.336874628237359,-2.79102931454378,0.203930131008734,0.777009791251875,-1.52771707043154,2.8436467,4,Cold Temperate Northwest Atlantic:Mount Desert Island - great duck,Gulf of Maine/Bay of Fundy:Mount Desert Island - great duck,11170,10804.4,827,61,5,10
8697,28,steneck_gom,Mount Desert Island - great duck,44.1466667,-68.251667,10,10,10,8,30,1,2001,5,15188,2001-08-01,NA,NA,NA,0,NA,NA,NA,0,0,0,1,365,-9999,5,Gulf of Maine/Bay of Fundy,Cold Temperate Northwest Atlantic,Temperate Northern Atlantic,steneck_gom-Mount Desert Island - great duck-28-8,20010801,37102,101.579739904175,2000,0,0,-4.0679510595666,0,0,-5.59842195899838,0,0,-4.33510971488613,2.8436467,4,Cold Temperate Northwest Atlantic:Mount Desert Island - great duck,Gulf of Maine/Bay of Fundy:Mount Desert Island - great duck,11535,10804.4,827,61,5,10
8698,28,steneck_gom,Mount Desert Island - little duck,44.1733333,-68.248333,10,10,10,9,30,1,1997,1,13727,1997-08-01,NA,NA,NA,0,NA,NA,NA,0,0,0,1,NA,NA,4,Gulf of Maine/Bay of Fundy,Cold Temperate Northwest Atlantic,Temperate Northern Atlantic,steneck_gom-Mount Desert Island - little duck-28-9,19970801,35641,97.5797399041752,1990,0,0,-4.0679510595666,0,0,-5.59842195899838,0,0,-4.33510971488613,2.87031330000001,3,Cold Temperate Northwest Atlantic:Mount Desert Island - little duck,Gulf of Maine/Bay of Fundy:Mount Desert Island - little duck,10074,10621.75,828,61,5,10
8699,28,steneck_gom,Mount Desert Island - little duck,44.1733333,-68.248333,10,10,10,9,26,1,1998,2,14092,1998-08-01,NA,NA,NA,0,NA,NA,NA,0,0,0,1,365,NA,4,Gulf of Maine/Bay of Fundy,Cold Temperate Northwest Atlantic,Temperate Northern Atlantic,steneck_gom-Mount Desert Island - little duck-28-9,19980801,36006,98.5790554414784,1990,0,0,-4.0679510595666,0,0,-5.59842195899838,0,0,-4.33510971488613,2.87031330000001,3,Cold Temperate Northwest Atlantic:Mount Desert Island - little duck,Gulf of Maine/Bay of Fundy:Mount Desert Island - little duck,10439,10621.75,828,61,5,10
8700,28,steneck_gom,Mount Desert Island - little duck,44.1733333,-68.248333,10,10,10,9,29,1,1999,3,14457,1999-08-01,NA,NA,NA,1.586207,NA,NA,NA,4.960683,1.5862068966,4.9606828546,1,365,9999,4,Gulf of Maine/Bay of Fundy,Cold Temperate Northwest Atlantic,Temperate Northern Atlantic,steneck_gom-Mount Desert Island - little duck-28-9,19990801,36371,99.5783709787817,1990,0.0271438305803477,0.0910505531731582,-3.1177587759981,0.00587484035777778,0.0343267360977441,-4.64822967542987,0.0207800030122271,0.0791754789882051,-3.38491743131763,2.87031330000001,3,Cold Temperate Northwest Atlantic:Mount Desert Island - little duck,Gulf of Maine/Bay of Fundy:Mount Desert Island - little duck,10804,10621.75,828,61,5,10
8701,28,steneck_gom,Mount Desert Island - little duck,44.1733333,-68.248333,10,10,10,9,30,1,2000,4,14823,2000-08-01,NA,NA,NA,1.033333,NA,NA,NA,1.865907,1.0333333333,1.8659070704,1,366,-0.427677556,4,Gulf of Maine/Bay of Fundy,Cold Temperate Northwest Atlantic,Temperate Northern Atlantic,steneck_gom-Mount Desert Island - little duck-28-9,20000801,36737,100.580424366872,2000,0.0176828287610165,0.0593148168822736,-3.35827457707184,0.0038271604937037,0.022362127355027,-4.88874547650361,0.0135371179034935,0.0515788084100971,-3.62543323239137,2.87031330000001,3,Cold Temperate Northwest Atlantic:Mount Desert Island - little duck,Gulf of Maine/Bay of Fundy:Mount Desert Island - little duck,11170,10621.75,828,61,5,10
8702,28,steneck_gom,Mount Desert Island - long island,44.1033333,-68.343333,10,10,10,10,34,1,1997,1,13727,1997-08-01,NA,NA,NA,0,NA,NA,NA,0,0,0,1,NA,NA,4,Gulf of Maine/Bay of Fundy,Cold Temperate Northwest Atlantic,Temperate Northern Atlantic,steneck_gom-Mount Desert Island - long island-28-10,19970801,35641,97.5797399041752,1990,0,0,-4.0679510595666,0,0,-5.59842195899838,0,0,-4.33510971488613,2.80031330000001,3,Cold Temperate Northwest Atlantic:Mount Desert Island - long island,Gulf of Maine/Bay of Fundy:Mount Desert Island - long island,10074,10621.75,829,61,5,10
8703,28,steneck_gom,Mount Desert Island - long island,44.1033333,-68.343333,10,10,10,10,26,1,1998,2,14092,1998-08-01,NA,NA,NA,0,NA,NA,NA,0,0,0,1,365,NA,4,Gulf of Maine/Bay of Fundy,Cold Temperate Northwest Atlantic,Temperate Northern Atlantic,steneck_gom-Mount Desert Island - long island-28-10,19980801,36006,98.5790554414784,1990,0,0,-4.0679510595666,0,0,-5.59842195899838,0,0,-4.33510971488613,2.80031330000001,3,Cold Temperate Northwest Atlantic:Mount Desert Island - long island,Gulf of Maine/Bay of Fundy:Mount Desert Island - long island,10439,10621.75,829,61,5,10
8704,28,steneck_gom,Mount Desert Island - long island,44.1033333,-68.343333,10,10,10,10,29,1,1999,3,14457,1999-08-01,NA,NA,NA,0,NA,NA,NA,0,0,0,1,365,NA,4,Gulf of Maine/Bay of Fundy,Cold Temperate Northwest Atlantic,Temperate Northern Atlantic,steneck_gom-Mount Desert Island - long island-28-10,19990801,36371,99.5783709787817,1990,0,0,-4.0679510595666,0,0,-5.59842195899838,0,0,-4.33510971488613,2.80031330000001,3,Cold Temperate Northwest Atlantic:Mount Desert Island - long island,Gulf of Maine/Bay of Fundy:Mount Desert Island - long island,10804,10621.75,829,61,5,10
8705,28,steneck_gom,Mount Desert Island - long island,44.1033333,-68.343333,10,10,10,10,30,1,2000,4,14823,2000-08-01,NA,NA,NA,0.1,NA,NA,NA,0.547723,0.1,0.5477225575,1,366,9999,4,Gulf of Maine/Bay of Fundy,Cold Temperate Northwest Atlantic,Temperate Northern Atlantic,steneck_gom-Mount Desert Island - long island-28-10,20000801,36737,100.580424366872,2000,0.0017112414930568,0.00574014356943744,-3.97264087976228,3.7037037037037e-4,0.00216407684087888,-5.50311177919405,0.00131004366812227,0.00499149758823493,-4.23979953508181,2.80031330000001,3,Cold Temperate Northwest Atlantic:Mount Desert Island - long island,Gulf of Maine/Bay of Fundy:Mount Desert Island - long island,11170,10621.75,829,61,5,10
8706,28,steneck_gom,Pemaquid - damariscove,43.76666,-69.6022,10,10,10,11,22,1,1998,1,14092,1998-08-01,NA,NA,NA,5.85875,NA,NA,NA,15.25301,5.8587500403,15.253010117,1,NA,NA,5,Gulf of Maine/Bay of Fundy,Cold Temperate Northwest Atlantic,Temperate Northern Atlantic,steneck_gom-Pemaquid - damariscove-28-11,19980801,36006,98.5790554414784,1990,0.100257361664095,0.336300663687694,-2.14242584429985,0.0216990742233333,0.126787852787114,-3.67289674373162,0.0767521839340611,0.292439366962287,-2.40958449961938,2.46364000000001,4,Cold Temperate Northwest Atlantic:Pemaquid - damariscove,Gulf of Maine/Bay of Fundy:Pemaquid - damariscove,10439,11169.6,830,61,5,10
8707,28,steneck_gom,Pemaquid - damariscove,43.76666,-69.6022,10,10,10,11,30,1,1999,2,14457,1999-08-01,NA,NA,NA,22.06667,NA,NA,NA,26.45482,22.066666667,26.454819434,1,365,1.3270402067,5,Gulf of Maine/Bay of Fundy,Cold Temperate Northwest Atlantic,Temperate Northern Atlantic,steneck_gom-Pemaquid - damariscove-28-11,19990801,36371,99.5783709787817,1990,0.377613956140237,1.266658347675,-0.92956248559664,0.081728395062963,0.477539622894486,-2.46003338502841,0.289082969436681,1.10145713448715,-1.19672114091617,2.46364000000001,4,Cold Temperate Northwest Atlantic:Pemaquid - damariscove,Gulf of Maine/Bay of Fundy:Pemaquid - damariscove,10804,11169.6,830,61,5,10
8708,28,steneck_gom,Pemaquid - damariscove,43.76666,-69.6022,10,10,10,11,29,1,2000,3,14823,2000-08-01,NA,NA,NA,3.793103,NA,NA,NA,6.656787,3.7931034483,6.6567866033,1,366,-1.75727527,5,Gulf of Maine/Bay of Fundy,Cold Temperate Northwest Atlantic,Temperate Northern Atlantic,steneck_gom-Pemaquid - damariscove-28-11,20000801,36737,100.580424366872,2000,0.0649091600818777,0.217729583669702,-2.50077295641735,0.01404853129,0.0820856732752383,-4.03124385584912,0.0496913115497817,0.18933266714115,-2.76793161173688,2.46364000000001,4,Cold Temperate Northwest Atlantic:Pemaquid - damariscove,Gulf of Maine/Bay of Fundy:Pemaquid - damariscove,11170,11169.6,830,61,5,10
8709,28,steneck_gom,Pemaquid - damariscove,43.76666,-69.6022,10,10,10,11,30,1,2001,4,15188,2001-08-01,NA,NA,NA,5.066667,NA,NA,NA,7.104798,5.0666666667,7.1047984433,1,365,0.2896968901,5,Gulf of Maine/Bay of Fundy,Cold Temperate Northwest Atlantic,Temperate Northern Atlantic,steneck_gom-Pemaquid - damariscove-28-11,20010801,37102,101.579739904175,2000,0.0867029023154481,0.290833940853411,-2.26514175414647,0.0187654320988889,0.109646559938584,-3.79561265357824,0.0663755458519651,0.252902544472233,-2.532300409466,2.46364000000001,4,Cold Temperate Northwest Atlantic:Pemaquid - damariscove,Gulf of Maine/Bay of Fundy:Pemaquid - damariscove,11535,11169.6,830,61,5,10
8710,28,steneck_gom,Pemaquid - damariscove,43.76666,-69.6022,10,10,10,11,30,1,2002,5,15553,2002-08-01,NA,NA,NA,2.433333,NA,NA,NA,6.688556,2.4333333333,6.6885560182,1,365,-0.733923423,5,Gulf of Maine/Bay of Fundy,Cold Temperate Northwest Atlantic,Temperate Northern Atlantic,steneck_gom-Pemaquid - damariscove-28-11,20020801,37467,102.579055441478,2000,0.0416402096638116,0.139676826854398,-2.83441945300883,0.00901234567888889,0.0526592031273313,-4.3648903524406,0.0318777292572052,0.121459774645386,-3.10157810832836,2.46364000000001,4,Cold Temperate Northwest Atlantic:Pemaquid - damariscove,Gulf of Maine/Bay of Fundy:Pemaquid - damariscove,11900,11169.6,830,61,5,10
8711,28,steneck_gom,Pemaquid - fisherman's,43.7933,-69.60166,10,10,10,12,28,1,1998,1,14092,1998-08-01,NA,NA,NA,28.66332,NA,NA,NA,25.26521,28.663323305,25.265207953,1,NA,NA,5,Gulf of Maine/Bay of Fundy,Cold Temperate Northwest Atlantic,Temperate Northern Atlantic,steneck_gom-Pemaquid - fisherman's-28-12,19980801,36006,98.5790554414784,1990,0.490498681684178,1.64531590947902,-0.678039682437694,0.106160456685185,0.620296341469743,-2.20851058186946,0.375502052030568,1.43072909147705,-0.945198337757219,2.49028000000001,4,Cold Temperate Northwest Atlantic:Pemaquid - fisherman's,Gulf of Maine/Bay of Fundy:Pemaquid - fisherman's,10439,11169.6,831,61,5,10
8712,28,steneck_gom,Pemaquid - fisherman's,43.7933,-69.60166,10,10,10,12,31,1,1999,2,14457,1999-08-01,NA,NA,NA,18.96774,NA,NA,NA,22.22384,18.967741935,22.223836859,1,365,-0.413161422,5,Gulf of Maine/Bay of Fundy,Cold Temperate Northwest Atlantic,Temperate Northern Atlantic,steneck_gom-Pemaquid - fisherman's-28-12,19990801,36371,99.5783709787817,1990,0.324583870287654,1.08877561894939,-1.07383299139139,0.0702508960555556,0.410476510453006,-2.60430389082316,0.24848570220524,0.94677438122815,-1.34099164671091,2.49028000000001,4,Cold Temperate Northwest Atlantic:Pemaquid - fisherman's,Gulf of Maine/Bay of Fundy:Pemaquid - fisherman's,10804,11169.6,831,61,5,10
8713,28,steneck_gom,Pemaquid - fisherman's,43.7933,-69.60166,10,10,10,12,30,1,2000,3,14823,2000-08-01,NA,NA,NA,18.4,NA,NA,NA,19.58641,18.4,19.586413306,1,366,-0.030326806,5,Gulf of Maine/Bay of Fundy,Cold Temperate Northwest Atlantic,Temperate Northern Atlantic,steneck_gom-Pemaquid - fisherman's-28-12,20000801,36737,100.580424366872,2000,0.31486843472245,1.05618641677649,-1.10267799349732,0.0681481481481481,0.398190138721713,-2.63314889292909,0.241048034934498,0.918435556235226,-1.36983664881685,2.49028000000001,4,Cold Temperate Northwest Atlantic:Pemaquid - fisherman's,Gulf of Maine/Bay of Fundy:Pemaquid - fisherman's,11170,11169.6,831,61,5,10
8714,28,steneck_gom,Pemaquid - fisherman's,43.7933,-69.60166,10,10,10,12,30,1,2001,4,15188,2001-08-01,NA,NA,NA,12.5,NA,NA,NA,17.9458,12.5,17.945799624,1,365,-0.38688683,5,Gulf of Maine/Bay of Fundy,Cold Temperate Northwest Atlantic,Temperate Northern Atlantic,steneck_gom-Pemaquid - fisherman's-28-12,20010801,37102,101.579739904175,2000,0.213905186632099,0.717517946179681,-1.46526137412222,0.0462962962962963,0.270509605109859,-2.99573227355399,0.163755458515284,0.623937198529366,-1.73242002944175,2.49028000000001,4,Cold Temperate Northwest Atlantic:Pemaquid - fisherman's,Gulf of Maine/Bay of Fundy:Pemaquid - fisherman's,11535,11169.6,831,61,5,10
8715,28,steneck_gom,Pemaquid - fisherman's,43.7933,-69.60166,10,10,10,12,30,1,2002,5,15553,2002-08-01,NA,NA,NA,19.9,NA,NA,NA,19.40023,19.9,19.400231069,1,365,0.4653095745,5,Gulf of Maine/Bay of Fundy,Cold Temperate Northwest Atlantic,Temperate Northern Atlantic,steneck_gom-Pemaquid - fisherman's-28-12,20020801,37467,102.579055441478,2000,0.340537057118302,1.14228857031805,-1.02820190059584,0.0737037037037037,0.430651291334896,-2.55867280002761,0.260698689956332,0.99330802005875,-1.29536055591536,2.49028000000001,4,Cold Temperate Northwest Atlantic:Pemaquid - fisherman's,Gulf of Maine/Bay of Fundy:Pemaquid - fisherman's,11900,11169.6,831,61,5,10
8716,28,steneck_gom,Pemaquid - kresge,43.83361,-69.5166,10,10,10,13,30,1,1998,1,14092,1998-08-01,NA,NA,NA,3.466667,NA,NA,NA,18.98772,3.4666666667,18.987715327,1,NA,NA,6,Gulf of Maine/Bay of Fundy,Cold Temperate Northwest Atlantic,Temperate Northern Atlantic,steneck_gom-Pemaquid - kresge-28-13,19980801,36006,98.5790554414784,1990,0.0593230384265393,0.198991643742411,-2.57130864127039,0.012839506172963,0.0750213304845224,-4.10177954070216,0.0454148471620087,0.173038583060475,-2.83846729658991,2.53059,5,Cold Temperate Northwest Atlantic:Pemaquid - kresge,Gulf of Maine/Bay of Fundy:Pemaquid - kresge,10439,11352.1666666667,832,61,5,10
8717,28,steneck_gom,Pemaquid - kresge,43.83361,-69.5166,10,10,10,13,69,1,1999,2,14457,1999-08-01,NA,NA,NA,0,NA,NA,NA,0,0,0,1,365,-9999,6,Gulf of Maine/Bay of Fundy,Cold Temperate Northwest Atlantic,Temperate Northern Atlantic,steneck_gom-Pemaquid - kresge-28-13,19990801,36371,99.5783709787817,1990,0,0,-4.0679510595666,0,0,-5.59842195899838,0,0,-4.33510971488613,2.53059,5,Cold Temperate Northwest Atlantic:Pemaquid - kresge,Gulf of Maine/Bay of Fundy:Pemaquid - kresge,10804,11352.1666666667,832,61,5,10
8718,28,steneck_gom,Pemaquid - kresge,43.83361,-69.5166,10,10,10,13,32,1,2000,3,14823,2000-08-01,NA,NA,NA,0.09375,NA,NA,NA,0.53033,0.09375,0.5303300859,1,366,9999,6,Gulf of Maine/Bay of Fundy,Cold Temperate Northwest Atlantic,Temperate Northern Atlantic,steneck_gom-Pemaquid - kresge-28-13,20000801,36737,100.580424366872,2000,0.00160428889974075,0.0053813845963476,-3.97833890087692,3.47222222222222e-4,0.00202882203832395,-5.50880980030869,0.00122816593886463,0.00467952898897024,-4.24549755619644,2.53059,5,Cold Temperate Northwest Atlantic:Pemaquid - kresge,Gulf of Maine/Bay of Fundy:Pemaquid - kresge,11170,11352.1666666667,832,61,5,10
8719,28,steneck_gom,Pemaquid - kresge,43.83361,-69.5166,10,10,10,13,30,1,2001,4,15188,2001-08-01,NA,NA,NA,0,NA,NA,NA,0,0,0,1,365,-9999,6,Gulf of Maine/Bay of Fundy,Cold Temperate Northwest Atlantic,Temperate Northern Atlantic,steneck_gom-Pemaquid - kresge-28-13,20010801,37102,101.579739904175,2000,0,0,-4.0679510595666,0,0,-5.59842195899838,0,0,-4.33510971488613,2.53059,5,Cold Temperate Northwest Atlantic:Pemaquid - kresge,Gulf of Maine/Bay of Fundy:Pemaquid - kresge,11535,11352.1666666667,832,61,5,10
8720,28,steneck_gom,Pemaquid - kresge,43.83361,-69.5166,10,10,10,13,30,1,2002,5,15553,2002-08-01,NA,NA,NA,0,NA,NA,NA,0,0,0,1,365,NA,6,Gulf of Maine/Bay of Fundy,Cold Temperate Northwest Atlantic,Temperate Northern Atlantic,steneck_gom-Pemaquid - kresge-28-13,20020801,37467,102.579055441478,2000,0,0,-4.0679510595666,0,0,-5.59842195899838,0,0,-4.33510971488613,2.53059,5,Cold Temperate Northwest Atlantic:Pemaquid - kresge,Gulf of Maine/Bay of Fundy:Pemaquid - kresge,11900,11352.1666666667,832,61,5,10
8721,28,steneck_gom,Pemaquid - kresge,43.83361,-69.5166,10,10,10,13,27,1,2003,6,15918,2003-08-01,NA,NA,NA,0,NA,NA,NA,0,0,0,1,365,NA,6,Gulf of Maine/Bay of Fundy,Cold Temperate Northwest Atlantic,Temperate Northern Atlantic,steneck_gom-Pemaquid - kresge-28-13,20030801,37832,103.578370978782,2000,0,0,-4.0679510595666,0,0,-5.59842195899838,0,0,-4.33510971488613,2.53059,5,Cold Temperate Northwest Atlantic:Pemaquid - kresge,Gulf of Maine/Bay of Fundy:Pemaquid - kresge,12265,11352.1666666667,832,61,5,10
8722,28,steneck_gom,Pemaquid - thrumcap,43.8166,-69.5516,10,10,10,14,25,1,1998,1,14092,1998-08-01,NA,NA,NA,3.622691,NA,NA,NA,16.77573,3.6226911971,16.775734667,1,NA,NA,6,Gulf of Maine/Bay of Fundy,Cold Temperate Northwest Atlantic,Temperate Northern Atlantic,steneck_gom-Pemaquid - thrumcap-28-14,19980801,36006,98.5790554414784,1990,0.0619929949300911,0.207947675790912,-2.53697401387136,0.0134173748040741,0.0783978212129988,-4.06744491330313,0.0474588366432314,0.180826543732445,-2.80413266919088,2.51358,5,Cold Temperate Northwest Atlantic:Pemaquid - thrumcap,Gulf of Maine/Bay of Fundy:Pemaquid - thrumcap,10439,11352.1666666667,833,61,5,10
8723,28,steneck_gom,Pemaquid - thrumcap,43.8166,-69.5516,10,10,10,14,61,1,1999,2,14457,1999-08-01,NA,NA,NA,0,NA,NA,NA,0,0,0,1,365,-9999,6,Gulf of Maine/Bay of Fundy,Cold Temperate Northwest Atlantic,Temperate Northern Atlantic,steneck_gom-Pemaquid - thrumcap-28-14,19990801,36371,99.5783709787817,1990,0,0,-4.0679510595666,0,0,-5.59842195899838,0,0,-4.33510971488613,2.51358,5,Cold Temperate Northwest Atlantic:Pemaquid - thrumcap,Gulf of Maine/Bay of Fundy:Pemaquid - thrumcap,10804,11352.1666666667,833,61,5,10
8724,28,steneck_gom,Pemaquid - thrumcap,43.8166,-69.5516,10,10,10,14,24,1,2000,3,14823,2000-08-01,NA,NA,NA,0.25,NA,NA,NA,0.607919,0.25,0.6079187589,1,366,9999,6,Gulf of Maine/Bay of Fundy,Cold Temperate Northwest Atlantic,Temperate Northern Atlantic,steneck_gom-Pemaquid - thrumcap-28-14,20000801,36737,100.580424366872,2000,0.00427810373264199,0.0143503589235936,-3.8448075082524,9.25925925925926e-4,0.00541019210219719,-5.37527840768417,0.00327510917030568,0.0124787439705873,-4.11196616357192,2.51358,5,Cold Temperate Northwest Atlantic:Pemaquid - thrumcap,Gulf of Maine/Bay of Fundy:Pemaquid - thrumcap,11170,11352.1666666667,833,61,5,10
8725,28,steneck_gom,Pemaquid - thrumcap,43.8166,-69.5516,10,10,10,14,31,1,2001,4,15188,2001-08-01,NA,NA,NA,10.77419,NA,NA,NA,13.07341,10.774193548,13.073407302,1,365,3.7660258538,6,Gulf of Maine/Bay of Fundy,Cold Temperate Northwest Atlantic,Temperate Northern Atlantic,steneck_gom-Pemaquid - thrumcap-28-14,20010801,37102,101.579739904175,2000,0.184372470535624,0.618454178104266,-1.60204091050214,0.0399044205481481,0.233161827363734,-3.13251180993391,0.141146640366812,0.537793611100183,-1.86919956582166,2.51358,5,Cold Temperate Northwest Atlantic:Pemaquid - thrumcap,Gulf of Maine/Bay of Fundy:Pemaquid - thrumcap,11535,11352.1666666667,833,61,5,10
8726,28,steneck_gom,Pemaquid - thrumcap,43.8166,-69.5516,10,10,10,14,30,1,2002,5,15553,2002-08-01,NA,NA,NA,8.633333,NA,NA,NA,12.25444,8.6333333333,12.254438558,1,365,-0.221674837,6,Gulf of Maine/Bay of Fundy,Cold Temperate Northwest Atlantic,Temperate Northern Atlantic,steneck_gom-Pemaquid - thrumcap-28-14,20020801,37467,102.579055441478,2000,0.147737182233333,0.495565728159519,-1.80272175311979,0.0319753086418519,0.186831967261822,-3.33319265255156,0.113100436680786,0.430932625115951,-2.06988040843931,2.51358,5,Cold Temperate Northwest Atlantic:Pemaquid - thrumcap,Gulf of Maine/Bay of Fundy:Pemaquid - thrumcap,11900,11352.1666666667,833,61,5,10
8727,28,steneck_gom,Pemaquid - thrumcap,43.8166,-69.5516,10,10,10,14,23,1,2003,6,15918,2003-08-01,NA,NA,NA,3.782609,NA,NA,NA,4.689994,3.7826086957,4.6899943956,1,365,-0.825781994,6,Gulf of Maine/Bay of Fundy,Cold Temperate Northwest Atlantic,Temperate Northern Atlantic,steneck_gom-Pemaquid - thrumcap-28-14,20030801,37832,103.578370978782,2000,0.0647295695207929,0.217127169803205,-2.50296490969334,0.0140096618359259,0.0818585587647142,-4.03343580912511,0.0495538257078603,0.18880882181823,-2.77012356501286,2.51358,5,Cold Temperate Northwest Atlantic:Pemaquid - thrumcap,Gulf of Maine/Bay of Fundy:Pemaquid - thrumcap,12265,11352.1666666667,833,61,5,10
8728,28,steneck_gom,York - york a,43.112,-70.736,10,10,10,15,36,1,1996,1,13362,1996-08-01,NA,NA,NA,41.63889,NA,NA,NA,30.4848,41.638888889,30.484799751,1,NA,NA,8,Gulf of Maine/Bay of Fundy,Cold Temperate Northwest Atlantic,Temperate Northern Atlantic,steneck_gom-York - york a-28-15,19960801,35276,96.580424366872,1990,0.712541943916384,2.39013200294714,-0.315184337998812,0.154218106996296,0.901097551246136,-1.84565523743058,0.545487627366812,2.07840413466226,-0.582342993318336,1.80898000000001,7,Cold Temperate Northwest Atlantic:York - york a,Gulf of Maine/Bay of Fundy:York - york a,9709,10987,834,61,5,10
8729,28,steneck_gom,York - york a,43.112,-70.736,10,10,10,15,28,1,1997,2,13727,1997-08-01,NA,NA,NA,57.10714,NA,NA,NA,30.14206,57.107142857,30.142057839,1,365,0.3161110092,8,Gulf of Maine/Bay of Fundy,Cold Temperate Northwest Atlantic,Temperate Northern Atlantic,steneck_gom-York - york a-28-15,19970801,35641,97.5797399041752,1990,0.977241124068204,3.27803198839554,-0.00566246252522975,0.211507936507407,1.23584245305595,-1.536133361957,0.748128509043668,2.85050165841703,-0.272821117844755,1.80898000000001,7,Cold Temperate Northwest Atlantic:York - york a,Gulf of Maine/Bay of Fundy:York - york a,10074,10987,834,61,5,10
8730,28,steneck_gom,York - york a,43.112,-70.736,10,10,10,15,27,1,1998,3,14092,1998-08-01,NA,NA,NA,45.25926,NA,NA,NA,24.00095,45.259259259,24.000949649,1,365,-0.232681191,8,Gulf of Maine/Bay of Fundy,Cold Temperate Northwest Atlantic,Temperate Northern Atlantic,steneck_gom-York - york a-28-15,19980801,36006,98.5790554414784,1990,0.774495223890158,2.59794645993051,-0.233689415450961,0.167626886144444,0.979445147977347,-1.76416031488273,0.592916060161572,2.25911483436598,-0.500848070770486,1.80898000000001,7,Cold Temperate Northwest Atlantic:York - york a,Gulf of Maine/Bay of Fundy:York - york a,10439,10987,834,61,5,10
8731,28,steneck_gom,York - york a,43.112,-70.736,10,10,10,15,30,1,1999,4,14457,1999-08-01,NA,NA,NA,38.83333,NA,NA,NA,27.313110000000002,38.833333333,27.313105776,1,365,-0.153233172,8,Gulf of Maine/Bay of Fundy,Cold Temperate Northwest Atlantic,Temperate Northern Atlantic,steneck_gom-York - york a-28-15,19990801,36371,99.5783709787817,1990,0.664532113131352,2.22908908611241,-0.383246976871518,0.143827160492593,0.84038317320075,-1.91371787630329,0.508733624449782,1.93836489674792,-0.650405632191042,1.80898000000001,7,Cold Temperate Northwest Atlantic:York - york a,Gulf of Maine/Bay of Fundy:York - york a,10804,10987,834,61,5,10
8732,28,steneck_gom,York - york a,43.112,-70.736,10,10,10,15,38,1,2000,5,14823,2000-08-01,NA,NA,NA,33.10526,NA,NA,NA,19.09831,33.105263158,19.098308222,1,366,-0.159259685,8,Gulf of Maine/Bay of Fundy,Cold Temperate Northwest Atlantic,Temperate Northern Atlantic,steneck_gom-York - york a-28-15,20000801,36737,100.580424366872,2000,0.566510999545341,1.90028963430928,-0.538499342377684,0.12261208577037,0.716423333114285,-2.06897024180945,0.433693403816594,1.6524484121104,-0.805657997697209,1.80898000000001,7,Cold Temperate Northwest Atlantic:York - york a,Gulf of Maine/Bay of Fundy:York - york a,11170,10987,834,61,5,10
8733,28,steneck_gom,York - york a,43.112,-70.736,10,10,10,15,30,1,2001,6,15188,2001-08-01,NA,NA,NA,44.36667,NA,NA,NA,31.62767,44.366666667,31.627665032,1,365,0.2929967045,8,Gulf of Maine/Bay of Fundy,Cold Temperate Northwest Atlantic,Temperate Northern Atlantic,steneck_gom-York - york a-28-15,20010801,37102,101.579739904175,2000,0.759220809091902,2.54671036365955,-0.253173438569947,0.164320987655556,0.960128758410475,-1.78364433800172,0.581222707427948,2.21456109666353,-0.520332093889472,1.80898000000001,7,Cold Temperate Northwest Atlantic:York - york a,Gulf of Maine/Bay of Fundy:York - york a,11535,10987,834,61,5,10
8734,28,steneck_gom,York - york a,43.112,-70.736,10,10,10,15,30,1,2002,7,15553,2002-08-01,NA,NA,NA,44.36667,NA,NA,NA,31.62767,44.366666667,31.627665032,1,365,0,8,Gulf of Maine/Bay of Fundy,Cold Temperate Northwest Atlantic,Temperate Northern Atlantic,steneck_gom-York - york a-28-15,20020801,37467,102.579055441478,2000,0.759220809091902,2.54671036365955,-0.253173438569947,0.164320987655556,0.960128758410475,-1.78364433800172,0.581222707427948,2.21456109666353,-0.520332093889472,1.80898000000001,7,Cold Temperate Northwest Atlantic:York - york a,Gulf of Maine/Bay of Fundy:York - york a,11900,10987,834,61,5,10
8735,28,steneck_gom,York - york a,43.112,-70.736,10,10,10,15,24,1,2003,8,15918,2003-08-01,NA,NA,NA,41.95833,NA,NA,NA,30.04703,41.958333333,30.047034385,1,365,-0.055849601,8,Gulf of Maine/Bay of Fundy,Cold Temperate Northwest Atlantic,Temperate Northern Atlantic,steneck_gom-York - york a-28-15,20030801,37832,103.578370978782,2000,0.718008409789376,2.40846857265733,-0.30772040590535,0.155401234566667,0.908010574478215,-1.83819130533712,0.549672489078603,2.09434919638027,-0.574879061224875,1.80898000000001,7,Cold Temperate Northwest Atlantic:York - york a,Gulf of Maine/Bay of Fundy:York - york a,12265,10987,834,61,5,10
8736,28,steneck_gom,York - york b,43.118,-70.63,10,10,10,16,40,1,1996,1,13362,1996-08-01,NA,NA,NA,10.65,NA,NA,NA,11.83552,10.65,11.835518036,1,NA,NA,8,Gulf of Maine/Bay of Fundy,Cold Temperate Northwest Atlantic,Temperate Northern Atlantic,steneck_gom-York - york b-28-16,19960801,35276,96.580424366872,1990,0.182247219010549,0.611325290145088,-1.6126448795549,0.0394444444444444,0.2304741835536,-3.14311577898667,0.139519650655022,0.53159449314702,-1.87980353487442,1.81498000000001,7,Cold Temperate Northwest Atlantic:York - york b,Gulf of Maine/Bay of Fundy:York - york b,9709,10987,835,61,5,10
8737,28,steneck_gom,York - york b,43.118,-70.63,10,10,10,16,23,1,1997,2,13727,1997-08-01,NA,NA,NA,14.73913,NA,NA,NA,16.07714,14.739130435,16.077136197,1,365,0.325168565,8,Gulf of Maine/Bay of Fundy,Cold Temperate Northwest Atlantic,Temperate Northern Atlantic,steneck_gom-York - york b-28-16,19970801,35641,97.5797399041752,1990,0.252222115719483,0.84604724785565,-1.31180106365617,0.0545893719814815,0.318966108290765,-2.84227196308794,0.193089045,0.735703340189825,-1.5789597189757,1.81498000000001,7,Cold Temperate Northwest Atlantic:York - york b,Gulf of Maine/Bay of Fundy:York - york b,10074,10987,835,61,5,10
8738,28,steneck_gom,York - york b,43.118,-70.63,10,10,10,16,23,1,1998,3,14092,1998-08-01,NA,NA,NA,14.26087,NA,NA,NA,10.52796,14.260869565,10.527960138,1,365,-0.033009092,8,Gulf of Maine/Bay of Fundy,Cold Temperate Northwest Atlantic,Temperate Northern Atlantic,steneck_gom-York - york b-28-16,19980801,36006,98.5790554414784,1990,0.244037917266988,0.818594387281209,-1.34265905204413,0.0528180354259259,0.308616175564109,-2.8731299514759,0.186823618755459,0.711830960398304,-1.60981770736366,1.81498000000001,7,Cold Temperate Northwest Atlantic:York - york b,Gulf of Maine/Bay of Fundy:York - york b,10439,10987,835,61,5,10
8739,28,steneck_gom,York - york b,43.118,-70.63,10,10,10,16,30,1,1999,4,14457,1999-08-01,NA,NA,NA,16.56667,NA,NA,NA,22.62541,16.566666667,22.625410392,1,365,0.1499759049,8,Gulf of Maine/Bay of Fundy,Cold Temperate Northwest Atlantic,Temperate Northern Atlantic,steneck_gom-York - york b-28-16,19990801,36371,99.5783709787817,1990,0.283495674022113,0.950950451355937,-1.20194789266842,0.0613580246925926,0.358515396646147,-2.73241879210019,0.217030567689956,0.826924767134224,-1.46910654798795,1.81498000000001,7,Cold Temperate Northwest Atlantic:York - york b,Gulf of Maine/Bay of Fundy:York - york b,10804,10987,835,61,5,10
8740,28,steneck_gom,York - york b,43.118,-70.63,10,10,10,16,34,1,2000,5,14823,2000-08-01,NA,NA,NA,4.647059,NA,NA,NA,9.540607,4.6470588235,9.5406065271,1,366,-1.268553304,8,Gulf of Maine/Bay of Fundy,Cold Temperate Northwest Atlantic,Temperate Northern Atlantic,steneck_gom-York - york b-28-16,20000801,36737,100.580424366872,2000,0.079522398794489,0.266747848225111,-2.33681621216019,0.0172113289759259,0.100565923781382,-3.86728711159196,0.060878499871179,0.231957829098861,-2.60397486747972,1.81498000000001,7,Cold Temperate Northwest Atlantic:York - york b,Gulf of Maine/Bay of Fundy:York - york b,11170,10987,835,61,5,10
8741,28,steneck_gom,York - york b,43.118,-70.63,10,10,10,16,30,1,2001,6,15188,2001-08-01,NA,NA,NA,3.066667,NA,NA,NA,11.07322,3.0666666667,11.073215069,1,365,-0.415928,8,Gulf of Maine/Bay of Fundy,Cold Temperate Northwest Atlantic,Temperate Northern Atlantic,steneck_gom-York - york b-28-16,20010801,37102,101.579739904175,2000,0.0524780724543122,0.176031069464662,-2.66512739648731,0.0113580246914815,0.0663650231210069,-4.19559829591908,0.0401746724895197,0.153072592707535,-2.93228605180683,1.81498000000001,7,Cold Temperate Northwest Atlantic:York - york b,Gulf of Maine/Bay of Fundy:York - york b,11535,10987,835,61,5,10
8742,28,steneck_gom,York - york b,43.118,-70.63,10,10,10,16,30,1,2002,7,15553,2002-08-01,NA,NA,NA,3.066667,NA,NA,NA,11.07322,3.0666666667,11.073215069,1,365,0,8,Gulf of Maine/Bay of Fundy,Cold Temperate Northwest Atlantic,Temperate Northern Atlantic,steneck_gom-York - york b-28-16,20020801,37467,102.579055441478,2000,0.0524780724543122,0.176031069464662,-2.66512739648731,0.0113580246914815,0.0663650231210069,-4.19559829591908,0.0401746724895197,0.153072592707535,-2.93228605180683,1.81498000000001,7,Cold Temperate Northwest Atlantic:York - york b,Gulf of Maine/Bay of Fundy:York - york b,11900,10987,835,61,5,10
8743,28,steneck_gom,York - york b,43.118,-70.63,10,10,10,16,24,1,2003,8,15918,2003-08-01,NA,NA,NA,4.041667,NA,NA,NA,7.474473,4.0416666667,7.474473468,1,365,0.276255039,8,Gulf of Maine/Bay of Fundy,Cold Temperate Northwest Atlantic,Temperate Northern Atlantic,steneck_gom-York - york b-28-16,20030801,37832,103.578370978782,2000,0.0691626770116159,0.231997469266677,-2.4502143443112,0.0149691358025926,0.0874647723195759,-3.98068524374297,0.0529475982537118,0.201739694192825,-2.71737299963072,1.81498000000001,7,Cold Temperate Northwest Atlantic:York - york b,Gulf of Maine/Bay of Fundy:York - york b,12265,10987,835,61,5,10
8744,28,steneck_gom,York - york c,43.134,-70.621,10,10,10,17,43,1,1996,1,13362,1996-08-01,NA,NA,NA,23.76744,NA,NA,NA,21.12867,23.76744186,21.128672923,1,NA,NA,8,Gulf of Maine/Bay of Fundy,Cold Temperate Northwest Atlantic,Temperate Northern Atlantic,steneck_gom-York - york c-28-17,19960801,35276,96.580424366872,1990,0.40671832694647,1.36428528554657,-0.858421097135421,0.0880275624444445,0.514345704961612,-2.38889199656719,0.311363867161572,1.18635128722704,-1.12557975245495,1.83098,7,Cold Temperate Northwest Atlantic:York - york c,Gulf of Maine/Bay of Fundy:York - york c,9709,10987,836,61,5,10
8745,28,steneck_gom,York - york c,43.134,-70.621,10,10,10,17,16,1,1997,2,13727,1997-08-01,NA,NA,NA,44.1875,NA,NA,NA,26.08248,44.1875,26.082481349,1,365,0.6205500319,8,Gulf of Maine/Bay of Fundy,Cold Temperate Northwest Atlantic,Temperate Northern Atlantic,steneck_gom-York - york c-28-17,19970801,35641,97.5797399041752,1990,0.756154834744472,2.53642593974517,-0.257130559647622,0.163657407407407,0.956251454063353,-1.78760145907939,0.578875545851528,2.20561799680131,-0.524289214967146,1.83098,7,Cold Temperate Northwest Atlantic:York - york c,Gulf of Maine/Bay of Fundy:York - york c,10074,10987,836,61,5,10
8746,28,steneck_gom,York - york c,43.134,-70.621,10,10,10,17,23,1,1998,3,14092,1998-08-01,NA,NA,NA,28.21739,NA,NA,NA,16.04243,28.217391304,16.042433849,1,365,-0.448810637,8,Gulf of Maine/Bay of Fundy,Cold Temperate Northwest Atlantic,Temperate Northern Atlantic,steneck_gom-York - york c-28-17,19980801,36006,98.5790554414784,1990,0.482867708252248,1.61971877239956,-0.69318693498451,0.104508856681481,0.610646030310034,-2.22365783441628,0.369660148087336,1.40847040640197,-0.960345590304035,1.83098,7,Cold Temperate Northwest Atlantic:York - york c,Gulf of Maine/Bay of Fundy:York - york c,10439,10987,836,61,5,10
8747,28,steneck_gom,York - york c,43.134,-70.621,10,10,10,17,19,1,1999,4,14457,1999-08-01,NA,NA,NA,18.15789,NA,NA,NA,9.459053,18.157894737,9.4590530293,1,365,-0.441135003,8,Gulf of Maine/Bay of Fundy,Cold Temperate Northwest Atlantic,Temperate Northern Atlantic,steneck_gom-York - york c-28-17,19990801,36371,99.5783709787817,1990,0.31072542900512,1.04228922709113,-1.11523617108806,0.0672514619888889,0.392950794794581,-2.64570707051983,0.237876350266376,0.906350877871592,-1.38239482640759,1.83098,7,Cold Temperate Northwest Atlantic:York - york c,Gulf of Maine/Bay of Fundy:York - york c,10804,10987,836,61,5,10
8748,28,steneck_gom,York - york c,43.134,-70.621,10,10,10,17,34,1,2000,5,14823,2000-08-01,NA,NA,NA,13.41176,NA,NA,NA,8.914128,13.411764706,8.9141278642,1,366,-0.302352306,8,Gulf of Maine/Bay of Fundy,Cold Temperate Northwest Atlantic,Temperate Northern Atlantic,steneck_gom-York - york c-28-17,20000801,36737,100.580424366872,2000,0.229507682600219,0.76985454931954,-1.39990619306993,0.0496732026148148,0.290240893955713,-2.9303770925017,0.17569997431441,0.669447911839733,-1.66706484838946,1.83098,7,Cold Temperate Northwest Atlantic:York - york c,Gulf of Maine/Bay of Fundy:York - york c,11170,10987,836,61,5,10
8749,28,steneck_gom,York - york c,43.134,-70.621,10,10,10,17,30,1,2001,6,15188,2001-08-01,NA,NA,NA,34.2,NA,NA,NA,24.33587,34.2,24.335868235,1,365,0.936734519,8,Gulf of Maine/Bay of Fundy,Cold Temperate Northwest Atlantic,Temperate Northern Atlantic,steneck_gom-York - york c-28-17,20010801,37102,101.579739904175,2000,0.585244590625424,1.96312910074761,-0.506904976962554,0.126666666666667,0.740114279580576,-2.03737587639432,0.448034934497817,1.70709217517635,-0.774063632282078,1.83098,7,Cold Temperate Northwest Atlantic:York - york c,Gulf of Maine/Bay of Fundy:York - york c,11535,10987,836,61,5,10
8750,28,steneck_gom,York - york c,43.134,-70.621,10,10,10,17,30,1,2002,7,15553,2002-08-01,NA,NA,NA,34.2,NA,NA,NA,24.33587,34.2,24.335868235,1,365,0,8,Gulf of Maine/Bay of Fundy,Cold Temperate Northwest Atlantic,Temperate Northern Atlantic,steneck_gom-York - york c-28-17,20020801,37467,102.579055441478,2000,0.585244590625424,1.96312910074761,-0.506904976962554,0.126666666666667,0.740114279580576,-2.03737587639432,0.448034934497817,1.70709217517635,-0.774063632282078,1.83098,7,Cold Temperate Northwest Atlantic:York - york c,Gulf of Maine/Bay of Fundy:York - york c,11900,10987,836,61,5,10
8751,28,steneck_gom,York - york c,43.134,-70.621,10,10,10,17,21,1,2003,8,15918,2003-08-01,NA,NA,NA,37.19048,NA,NA,NA,22.91859,37.19047619,22.918592993,1,365,0.0838844838,8,Gulf of Maine/Bay of Fundy,Cold Temperate Northwest Atlantic,Temperate Northern Atlantic,steneck_gom-York - york c-28-17,20030801,37832,103.578370978782,2000,0.636418860028688,2.13478672746345,-0.425364889435982,0.137742504407407,0.804830482240362,-1.95583578886775,0.487211478471616,1.85636172207693,-0.692523544755507,1.83098,7,Cold Temperate Northwest Atlantic:York - york c,Gulf of Maine/Bay of Fundy:York - york c,12265,10987,836,61,5,10
8752,28,steneck_gom,York - york d,43.141,-70.618,10,10,10,18,37,1,1996,1,13362,1996-08-01,NA,NA,NA,22.45946,NA,NA,NA,20.22044,22.459459459,20.220444267,1,NA,NA,7,Gulf of Maine/Bay of Fundy,Cold Temperate Northwest Atlantic,Temperate Northern Atlantic,steneck_gom-York - york d-28-18,19960801,35276,96.580424366872,1990,0.384335589378677,1.2892052178662,-0.912677257570065,0.0831831831814815,0.486039960738799,-2.44314815700183,0.294228726537118,1.12106337722659,-1.17983591288959,1.83798,7,Cold Temperate Northwest Atlantic:York - york d,Gulf of Maine/Bay of Fundy:York - york d,9709,11013.1428571429,837,61,5,10
8753,28,steneck_gom,York - york d,43.141,-70.618,10,10,10,18,19,1,1997,2,13727,1997-08-01,NA,NA,NA,19.47368,NA,NA,NA,28.47488,19.473684211,28.474878638,1,365,-0.14274556,7,Gulf of Maine/Bay of Fundy,Cold Temperate Northwest Atlantic,Temperate Northern Atlantic,steneck_gom-York - york d-28-18,19970801,35641,97.5797399041752,1990,0.333241764445482,1.11781743197027,-1.04881069509146,0.072124756337037,0.421425490076137,-2.57928159452323,0.255113766956332,0.972028477732551,-1.31596935041099,1.83798,7,Cold Temperate Northwest Atlantic:York - york d,Gulf of Maine/Bay of Fundy:York - york d,10074,11013.1428571429,837,61,5,10
8754,28,steneck_gom,York - york d,43.141,-70.618,10,10,10,18,20,1,1998,3,14092,1998-08-01,NA,NA,NA,5.95,NA,NA,NA,7.612144,5.95,7.6121440371,1,365,-1.186484912,7,Gulf of Maine/Bay of Fundy,Cold Temperate Northwest Atlantic,Temperate Northern Atlantic,steneck_gom-York - york d-28-18,19980801,36006,98.5790554414784,1990,0.101818868836879,0.341538542381528,-2.1292093999899,0.022037037037037,0.128762572032293,-3.65968029942167,0.0779475982532751,0.296994106499978,-2.39636805530943,1.83798,7,Cold Temperate Northwest Atlantic:York - york d,Gulf of Maine/Bay of Fundy:York - york d,10439,11013.1428571429,837,61,5,10
8755,28,steneck_gom,York - york d,43.141,-70.618,10,10,10,18,32,1,2000,4,14823,2000-08-01,NA,NA,NA,8.21875,NA,NA,NA,12.83577,8.21875,12.83577253,1,731,0.1614029806,7,Gulf of Maine/Bay of Fundy,Cold Temperate Northwest Atlantic,Temperate Northern Atlantic,steneck_gom-York - york d-28-18,20000801,36737,100.580424366872,2000,0.140642660210605,0.47176804961314,-1.84671160602651,0.0304398148148148,0.177860065359733,-3.37718250545828,0.107669213973799,0.410238708033058,-2.11387026134604,1.83798,7,Cold Temperate Northwest Atlantic:York - york d,Gulf of Maine/Bay of Fundy:York - york d,11170,11013.1428571429,837,61,5,10
8756,28,steneck_gom,York - york d,43.141,-70.618,10,10,10,18,30,1,2001,5,15188,2001-08-01,NA,NA,NA,21.73333,NA,NA,NA,26.11636,21.733333333,26.116362071,1,365,0.9730950982,7,Gulf of Maine/Bay of Fundy,Cold Temperate Northwest Atlantic,Temperate Northern Atlantic,steneck_gom-York - york d-28-18,20010801,37102,101.579739904175,2000,0.371909817818639,1.2475245357386,-0.944118783399961,0.0804938271592593,0.470326033410462,-2.47458968283173,0.284716157200873,1.08481880915975,-1.21127743871949,1.83798,7,Cold Temperate Northwest Atlantic:York - york d,Gulf of Maine/Bay of Fundy:York - york d,11535,11013.1428571429,837,61,5,10
8757,28,steneck_gom,York - york d,43.141,-70.618,10,10,10,18,30,1,2002,6,15553,2002-08-01,NA,NA,NA,21.73333,NA,NA,NA,26.11636,21.733333333,26.116362071,1,365,0,7,Gulf of Maine/Bay of Fundy,Cold Temperate Northwest Atlantic,Temperate Northern Atlantic,steneck_gom-York - york d-28-18,20020801,37467,102.579055441478,2000,0.371909817818639,1.2475245357386,-0.944118783399961,0.0804938271592593,0.470326033410462,-2.47458968283173,0.284716157200873,1.08481880915975,-1.21127743871949,1.83798,7,Cold Temperate Northwest Atlantic:York - york d,Gulf of Maine/Bay of Fundy:York - york d,11900,11013.1428571429,837,61,5,10
8758,28,steneck_gom,York - york d,43.141,-70.618,10,10,10,18,25,1,2003,7,15918,2003-08-01,NA,NA,NA,19.76,NA,NA,NA,28.75077,19.76,28.750768106,1,365,-0.095252685,7,Gulf of Maine/Bay of Fundy,Cold Temperate Northwest Atlantic,Temperate Northern Atlantic,steneck_gom-York - york d-28-18,20030801,37832,103.578370978782,2000,0.338141319028023,1.13425236932084,-1.03492300126892,0.0731851851851852,0.427621583757666,-2.56539390070069,0.258864628820961,0.986319923435222,-1.30208165658844,1.83798,7,Cold Temperate Northwest Atlantic:York - york d,Gulf of Maine/Bay of Fundy:York - york d,12265,11013.1428571429,837,61,5,10
5984,13,Gagnon_atal_2005,I_le aux Goelands,50.206587,-63.589829,7.5,7.5,7.5,37,1,144,2000,1,14776,2000-06-15,NA,NA,NA,50,NA,NA,NA,NA,50,NA,1,NA,NA,5,Gulf of St. Lawrence - Eastern Scotian Shelf,Cold Temperate Northwest Atlantic,Temperate Northern Atlantic,Gagnon_atal_2005-I_le aux Goelands-13-37,20000615,36690,100.451745379877,2000,0.655021834061135,4.30934859447257,-0.403284082161804,0.185185185185185,1.08203842043944,-1.66659632627405,0.655021834061135,2.49574879411746,-0.403284082161804,8.903567,2,Cold Temperate Northwest Atlantic:I_le aux Goelands,Gulf of St. Lawrence - Eastern Scotian Shelf:I_le aux Goelands,11123,11439.4,243,21,5,11
5985,13,Gagnon_atal_2005,I_le aux Goelands,50.206587,-63.589829,7.5,7.5,7.5,37,1,144,2000,2,14837,2000-08-15,NA,NA,NA,49,NA,NA,NA,NA,49,NA,1,61,-0.12096785,5,Gulf of St. Lawrence - Eastern Scotian Shelf,Cold Temperate Northwest Atlantic,Temperate Northern Atlantic,Gagnon_atal_2005-I_le aux Goelands-13-37,20000815,36751,100.618754277892,2000,0.641921397379913,4.22316162258312,-0.423086709457984,0.181481481481481,1.06039765203065,-1.68639895357023,0.641921397379913,2.44583381823511,-0.423086709457984,8.903567,2,Cold Temperate Northwest Atlantic:I_le aux Goelands,Gulf of St. Lawrence - Eastern Scotian Shelf:I_le aux Goelands,11184,11439.4,243,21,5,11
5986,13,Gagnon_atal_2005,I_le aux Goelands,50.206587,-63.589829,7.5,7.5,7.5,37,1,144,2001,3,15141,2001-06-15,NA,NA,NA,52,NA,NA,NA,NA,52,NA,1,304,0.0713960669,5,Gulf of St. Lawrence - Eastern Scotian Shelf,Cold Temperate Northwest Atlantic,Temperate Northern Atlantic,Gagnon_atal_2005-I_le aux Goelands-13-37,20010615,37055,101.45106091718,2000,0.681222707423581,4.48172253825147,-0.364817801334008,0.192592592592593,1.12531995725702,-1.62813004544625,0.681222707423581,2.59557874588216,-0.364817801334008,8.903567,2,Cold Temperate Northwest Atlantic:I_le aux Goelands,Gulf of St. Lawrence - Eastern Scotian Shelf:I_le aux Goelands,11488,11439.4,243,21,5,11
5987,13,Gagnon_atal_2005,I_le aux Goelands,50.206587,-63.589829,7.5,7.5,7.5,37,1,144,2001,4,15202,2001-08-15,NA,NA,NA,53,NA,NA,NA,NA,53,NA,1,61,0.1140549707,5,Gulf of St. Lawrence - Eastern Scotian Shelf,Cold Temperate Northwest Atlantic,Temperate Northern Atlantic,Gagnon_atal_2005-I_le aux Goelands-13-37,20010815,37116,101.618069815195,2000,0.694323144104804,4.56790951014093,-0.346125668321855,0.196296296296296,1.1469607256658,-1.6094379124341,0.694323144104804,2.64549372176451,-0.346125668321855,8.903567,2,Cold Temperate Northwest Atlantic:I_le aux Goelands,Gulf of St. Lawrence - Eastern Scotian Shelf:I_le aux Goelands,11549,11439.4,243,21,5,11
5988,13,Gagnon_atal_2005,I_le aux Goelands,50.206587,-63.589829,7.5,7.5,7.5,37,1,144,2002,5,15506,2002-06-15,NA,NA,NA,58,NA,NA,NA,NA,58,NA,1,304,0.1083147637,5,Gulf of St. Lawrence - Eastern Scotian Shelf,Cold Temperate Northwest Atlantic,Temperate Northern Atlantic,Gagnon_atal_2005-I_le aux Goelands-13-37,20020615,37420,102.450376454483,2000,0.759825327510917,4.99884436958818,-0.25757227098041,0.21481481481481501,1.25516456770975,-1.52088451509266,0.759825327510917,2.89506860117626,-0.25757227098041,8.903567,2,Cold Temperate Northwest Atlantic:I_le aux Goelands,Gulf of St. Lawrence - Eastern Scotian Shelf:I_le aux Goelands,11853,11439.4,243,21,5,11
5989,13,Gagnon_atal_2005,PetiteI_le au Marteau,50.206587,-63.589829,7.5,7.5,7.5,38,1,144,2000,1,14776,2000-06-15,NA,NA,NA,69,NA,NA,NA,NA,69,NA,1,NA,NA,5,Gulf of St. Lawrence - Eastern Scotian Shelf,Cold Temperate Northwest Atlantic,Temperate Northern Atlantic,Gagnon_atal_2005-PetiteI_le au Marteau-13-38,20000615,36690,100.451745379877,2000,0.903930131004367,5.94690106037215,-0.0866144728367708,0.255555555555556,1.49321302020642,-1.34992671694902,0.903930131004367,3.4441333358821,-0.0866144728367708,8.903567,2,Cold Temperate Northwest Atlantic:PetiteI_le au Marteau,Gulf of St. Lawrence - Eastern Scotian Shelf:PetiteI_le au Marteau,11123,11439.4,244,21,5,11
5990,13,Gagnon_atal_2005,PetiteI_le au Marteau,50.206587,-63.589829,7.5,7.5,7.5,38,1,144,2000,2,14837,2000-08-15,NA,NA,NA,58,NA,NA,NA,NA,58,NA,1,61,-1.039845757,5,Gulf of St. Lawrence - Eastern Scotian Shelf,Cold Temperate Northwest Atlantic,Temperate Northern Atlantic,Gagnon_atal_2005-PetiteI_le au Marteau-13-38,20000815,36751,100.618754277892,2000,0.759825327510917,4.99884436958818,-0.25757227098041,0.21481481481481501,1.25516456770975,-1.52088451509266,0.759825327510917,2.89506860117626,-0.25757227098041,8.903567,2,Cold Temperate Northwest Atlantic:PetiteI_le au Marteau,Gulf of St. Lawrence - Eastern Scotian Shelf:PetiteI_le au Marteau,11184,11439.4,244,21,5,11
5991,13,Gagnon_atal_2005,PetiteI_le au Marteau,50.206587,-63.589829,7.5,7.5,7.5,38,1,144,2001,3,15141,2001-06-15,NA,NA,NA,80,NA,NA,NA,NA,80,NA,1,304,0.3863763773,5,Gulf of St. Lawrence - Eastern Scotian Shelf,Cold Temperate Northwest Atlantic,Temperate Northern Atlantic,Gagnon_atal_2005-PetiteI_le au Marteau-13-38,20010615,37055,101.45106091718,2000,1.04803493449782,6.89495775115611,0.0593394397863087,0.296296296296296,1.7312614727031,-1.20397280432594,1.04803493449782,3.99319807058794,0.0593394397863087,8.903567,2,Cold Temperate Northwest Atlantic:PetiteI_le au Marteau,Gulf of St. Lawrence - Eastern Scotian Shelf:PetiteI_le au Marteau,11488,11439.4,244,21,5,11
5992,13,Gagnon_atal_2005,PetiteI_le au Marteau,50.206587,-63.589829,7.5,7.5,7.5,38,1,144,2001,4,15202,2001-08-15,NA,NA,NA,74,NA,NA,NA,NA,74,NA,1,61,-0.466810705,5,Gulf of St. Lawrence - Eastern Scotian Shelf,Cold Temperate Northwest Atlantic,Temperate Northern Atlantic,Gagnon_atal_2005-PetiteI_le au Marteau-13-38,20010815,37116,101.618069815195,2000,0.96943231441048,6.37783591981941,-0.0176216013498194,0.274074074074074,1.60141686225037,-1.28093384546206,0.96943231441048,3.69370821529385,-0.0176216013498194,8.903567,2,Cold Temperate Northwest Atlantic:PetiteI_le au Marteau,Gulf of St. Lawrence - Eastern Scotian Shelf:PetiteI_le au Marteau,11549,11439.4,244,21,5,11
5993,13,Gagnon_atal_2005,PetiteI_le au Marteau,50.206587,-63.589829,7.5,7.5,7.5,38,1,144,2002,5,15506,2002-06-15,NA,NA,NA,75,NA,NA,NA,NA,75,NA,1,304,0.016127494,5,Gulf of St. Lawrence - Eastern Scotian Shelf,Cold Temperate Northwest Atlantic,Temperate Northern Atlantic,Gagnon_atal_2005-PetiteI_le au Marteau-13-38,20020615,37420,102.450376454483,2000,0.982532751091703,6.46402289170886,-0.00437637459979878,0.277777777777778,1.62305763065916,-1.26768861871204,0.982532751091703,3.7436231911762,-0.00437637459979878,8.903567,2,Cold Temperate Northwest Atlantic:PetiteI_le au Marteau,Gulf of St. Lawrence - Eastern Scotian Shelf:PetiteI_le au Marteau,11853,11439.4,244,21,5,11
6063,13,Normandeau,Seabrook Station B17,42.892011,-70.808254,4.9,4.9,4.9,60,1,1,1985,1,9297,1985-06-15,NA,NA,2.8,10,NA,NA,NA,NA,2.8,NA,2,NA,NA,27,Gulf of Maine/Bay of Fundy,Cold Temperate Northwest Atlantic,Temperate Northern Atlantic,Normandeau-Seabrook Station B17-13-60,19850615,31211,85.45106091718,1980,0.159241706161137,0.616053843843081,-1.53195041695573,0.11214953271028,0.534676131007515,-1.88254053512272,0.11214953271028,0.534676131007515,-1.88254053512272,1.588991,26,Cold Temperate Northwest Atlantic:Seabrook Station B17,Gulf of Maine/Bay of Fundy:Seabrook Station B17,5644,10392.1111111111,499,39,5,10
6064,13,Normandeau,Seabrook Station B17,42.892011,-70.808254,4.9,4.9,4.9,60,1,1,1986,2,9662,1986-06-15,NA,NA,2.03,9,NA,NA,NA,NA,2.03,NA,2,365,-0.321803887,27,Gulf of Maine/Bay of Fundy,Cold Temperate Northwest Atlantic,Temperate Northern Atlantic,Normandeau-Seabrook Station B17-13-60,19860615,31576,86.4503764544832,1980,0.115450236966825,0.446639036786234,-1.75838886416679,0.0813084112149533,0.387640194980448,-2.10897898233379,0.0813084112149533,0.387640194980448,-2.10897898233379,1.588991,26,Cold Temperate Northwest Atlantic:Seabrook Station B17,Gulf of Maine/Bay of Fundy:Seabrook Station B17,6009,10392.1111111111,499,39,5,10
6065,13,Normandeau,Seabrook Station B17,42.892011,-70.808254,4.9,4.9,4.9,60,1,1,1987,3,10027,1987-06-15,NA,NA,2.9,12,NA,NA,NA,NA,2.9,NA,2,365,0.3569192418,27,Gulf of Maine/Bay of Fundy,Cold Temperate Northwest Atlantic,Temperate Northern Atlantic,Normandeau-Seabrook Station B17-13-60,19870615,31941,87.4496919917865,1980,0.164928909952607,0.638055766837477,-1.50597493055247,0.116154873164219,0.553771707114926,-1.85656504871946,0.116154873164219,0.553771707114926,-1.85656504871946,1.588991,26,Cold Temperate Northwest Atlantic:Seabrook Station B17,Gulf of Maine/Bay of Fundy:Seabrook Station B17,6374,10392.1111111111,499,39,5,10
6066,13,Normandeau,Seabrook Station B17,42.892011,-70.808254,4.9,4.9,4.9,60,1,1,1988,4,10393,1988-06-15,NA,NA,3.84,11,NA,NA,NA,NA,3.84,NA,2,366,0.2801862984,27,Gulf of Maine/Bay of Fundy,Cold Temperate Northwest Atlantic,Temperate Northern Atlantic,Normandeau-Seabrook Station B17-13-60,19880615,32307,88.4517453798768,1980,0.218388625592417,0.844873842984797,-1.29003676295953,0.153805073431242,0.733270122524592,-1.64062688112652,0.153805073431242,0.733270122524592,-1.64062688112652,1.588991,26,Cold Temperate Northwest Atlantic:Seabrook Station B17,Gulf of Maine/Bay of Fundy:Seabrook Station B17,6740,10392.1111111111,499,39,5,10
6067,13,Normandeau,Seabrook Station B17,42.892011,-70.808254,4.9,4.9,4.9,60,1,1,1989,5,10758,1989-06-15,NA,NA,2.48,15,NA,NA,NA,NA,2.48,NA,2,365,-0.437513268,27,Gulf of Maine/Bay of Fundy,Cold Temperate Northwest Atlantic,Temperate Northern Atlantic,Normandeau-Seabrook Station B17-13-60,19890615,32672,89.45106091718,1980,0.141042654028436,0.545647690261015,-1.61991918990168,0.0993324432576769,0.473570287463799,-1.97050930806868,0.0993324432576769,0.473570287463799,-1.97050930806868,1.588991,26,Cold Temperate Northwest Atlantic:Seabrook Station B17,Gulf of Maine/Bay of Fundy:Seabrook Station B17,7105,10392.1111111111,499,39,5,10
6068,13,Normandeau,Seabrook Station B17,42.892011,-70.808254,4.9,4.9,4.9,60,1,1,1990,6,11123,1990-06-15,NA,NA,1.51,9,NA,NA,NA,NA,1.51,NA,2,365,-0.496488737,27,Gulf of Maine/Bay of Fundy,Cold Temperate Northwest Atlantic,Temperate Northern Atlantic,Normandeau-Seabrook Station B17-13-60,19900615,33037,90.4503764544832,1990,0.0858767772511848,0.332229037215376,-1.94666873054437,0.0604806408544726,0.28834319922191,-2.29725884871137,0.0604806408544726,0.28834319922191,-2.29725884871137,1.588991,26,Cold Temperate Northwest Atlantic:Seabrook Station B17,Gulf of Maine/Bay of Fundy:Seabrook Station B17,7470,10392.1111111111,499,39,5,10
6069,13,Normandeau,Seabrook Station B17,42.892011,-70.808254,4.9,4.9,4.9,60,1,1,1991,7,11488,1991-06-15,NA,NA,1.05,4,NA,NA,NA,NA,1.05,NA,2,365,-0.363568336,27,Gulf of Maine/Bay of Fundy,Cold Temperate Northwest Atlantic,Temperate Northern Atlantic,Normandeau-Seabrook Station B17-13-60,19910615,33402,91.4496919917865,1990,0.0597156398104265,0.231020191441155,-2.14911169053775,0.0420560747663551,0.200503549127818,-2.49970180870475,0.0420560747663551,0.200503549127818,-2.49970180870475,1.588991,26,Cold Temperate Northwest Atlantic:Seabrook Station B17,Gulf of Maine/Bay of Fundy:Seabrook Station B17,7835,10392.1111111111,499,39,5,10
6070,13,Normandeau,Seabrook Station B17,42.892011,-70.808254,4.9,4.9,4.9,60,1,1,1992,8,11854,1992-06-15,NA,NA,4.05,6,NA,NA,NA,NA,4.05,NA,2,366,1.3471604737,27,Gulf of Maine/Bay of Fundy,Cold Temperate Northwest Atlantic,Temperate Northern Atlantic,Normandeau-Seabrook Station B17-13-60,19920615,33768,92.4517453798768,1990,0.230331753554502,0.891077881273028,-1.2475632404008,0.162216288384513,0.773370832350156,-1.5981533585678,0.162216288384513,0.773370832350156,-1.5981533585678,1.588991,26,Cold Temperate Northwest Atlantic:Seabrook Station B17,Gulf of Maine/Bay of Fundy:Seabrook Station B17,8201,10392.1111111111,499,39,5,10
6071,13,Normandeau,Seabrook Station B17,42.892011,-70.808254,4.9,4.9,4.9,60,1,1,1993,9,12219,1993-06-15,NA,NA,5.13,3,NA,NA,NA,NA,5.13,NA,2,365,0.2365506882,27,Gulf of Maine/Bay of Fundy,Cold Temperate Northwest Atlantic,Temperate Northern Atlantic,Normandeau-Seabrook Station B17-13-60,19930615,34133,93.45106091718,1990,0.29175355450237,1.1286986496125,-1.05375673373995,0.205473965287049,0.979603054310197,-1.40434685190694,0.205473965287049,0.979603054310197,-1.40434685190694,1.588991,26,Cold Temperate Northwest Atlantic:Seabrook Station B17,Gulf of Maine/Bay of Fundy:Seabrook Station B17,8566,10392.1111111111,499,39,5,10
6072,13,Normandeau,Seabrook Station B17,42.892011,-70.808254,4.9,4.9,4.9,60,1,1,1994,10,12584,1994-06-15,NA,NA,3.35,9,NA,NA,NA,NA,3.35,NA,2,365,-0.426437194,27,Gulf of Maine/Bay of Fundy,Cold Temperate Northwest Atlantic,Temperate Northern Atlantic,Normandeau-Seabrook Station B17-13-60,19940615,34498,94.4503764544832,1990,0.190521327014218,0.737064420312258,-1.39677563858747,0.134178905206943,0.639701799598277,-1.74736575675447,0.134178905206943,0.639701799598277,-1.74736575675447,1.588991,26,Cold Temperate Northwest Atlantic:Seabrook Station B17,Gulf of Maine/Bay of Fundy:Seabrook Station B17,8931,10392.1111111111,499,39,5,10
6073,13,Normandeau,Seabrook Station B17,42.892011,-70.808254,4.9,4.9,4.9,60,1,1,1995,11,12949,1995-06-15,NA,NA,1.61,3,NA,NA,NA,NA,1.61,NA,2,365,-0.733228034,27,Gulf of Maine/Bay of Fundy,Cold Temperate Northwest Atlantic,Temperate Northern Atlantic,Normandeau-Seabrook Station B17-13-60,19950615,34863,95.4496919917865,1990,0.091563981042654,0.354230960209772,-1.90760126235346,0.0644859813084112,0.307438775329321,-2.25819138052046,0.0644859813084112,0.307438775329321,-2.25819138052046,1.588991,26,Cold Temperate Northwest Atlantic:Seabrook Station B17,Gulf of Maine/Bay of Fundy:Seabrook Station B17,9296,10392.1111111111,499,39,5,10
6074,13,Normandeau,Seabrook Station B17,42.892011,-70.808254,4.9,4.9,4.9,60,1,1,1996,12,13315,1996-06-15,NA,NA,2.55,3,NA,NA,NA,NA,2.55,NA,2,366,0.4589168458,27,Gulf of Maine/Bay of Fundy,Cold Temperate Northwest Atlantic,Temperate Northern Atlantic,Normandeau-Seabrook Station B17-13-60,19960615,35229,96.4517453798768,1990,0.145023696682464,0.561049036357092,-1.60000388020074,0.102136181575434,0.486937190738987,-1.95059399836774,0.102136181575434,0.486937190738987,-1.95059399836774,1.588991,26,Cold Temperate Northwest Atlantic:Seabrook Station B17,Gulf of Maine/Bay of Fundy:Seabrook Station B17,9662,10392.1111111111,499,39,5,10
6075,13,Normandeau,Seabrook Station B17,42.892011,-70.808254,4.9,4.9,4.9,60,1,1,1997,13,13680,1997-06-15,NA,NA,2.62,1,NA,NA,NA,NA,2.62,NA,2,365,0.0270995072,27,Gulf of Maine/Bay of Fundy,Cold Temperate Northwest Atlantic,Temperate Northern Atlantic,Normandeau-Seabrook Station B17-13-60,19970615,35594,97.45106091718,1990,0.149004739336493,0.576450382453169,-1.58047745785039,0.104939919893191,0.500304094014175,-1.93106757601738,0.104939919893191,0.500304094014175,-1.93106757601738,1.588991,26,Cold Temperate Northwest Atlantic:Seabrook Station B17,Gulf of Maine/Bay of Fundy:Seabrook Station B17,10027,10392.1111111111,499,39,5,10
6076,13,Normandeau,Seabrook Station B17,42.892011,-70.808254,4.9,4.9,4.9,60,1,1,1998,14,14045,1998-06-15,NA,NA,1.79,1,NA,NA,NA,NA,1.79,NA,2,365,-0.381219629,27,Gulf of Maine/Bay of Fundy,Cold Temperate Northwest Atlantic,Temperate Northern Atlantic,Normandeau-Seabrook Station B17-13-60,19980615,35959,98.4503764544832,1990,0.101800947867299,0.393834421599684,-1.84090988785479,0.0716955941255007,0.341810812322661,-2.19150000602179,0.0716955941255007,0.341810812322661,-2.19150000602179,1.588991,26,Cold Temperate Northwest Atlantic:Seabrook Station B17,Gulf of Maine/Bay of Fundy:Seabrook Station B17,10392,10392.1111111111,499,39,5,10
6077,13,Normandeau,Seabrook Station B17,42.892011,-70.808254,4.9,4.9,4.9,60,1,1,1999,15,14410,1999-06-15,NA,NA,1.05,1,NA,NA,NA,NA,1.05,NA,2,365,-0.533790816,27,Gulf of Maine/Bay of Fundy,Cold Temperate Northwest Atlantic,Temperate Northern Atlantic,Normandeau-Seabrook Station B17-13-60,19990615,36324,99.4496919917865,1990,0.0597156398104265,0.231020191441155,-2.14911169053775,0.0420560747663551,0.200503549127818,-2.49970180870475,0.0420560747663551,0.200503549127818,-2.49970180870475,1.588991,26,Cold Temperate Northwest Atlantic:Seabrook Station B17,Gulf of Maine/Bay of Fundy:Seabrook Station B17,10757,10392.1111111111,499,39,5,10
6078,13,Normandeau,Seabrook Station B17,42.892011,-70.808254,4.9,4.9,4.9,60,1,1,2000,16,14776,2000-06-15,NA,NA,0.15,1,NA,NA,NA,NA,0.15,NA,2,366,-1.941922628,27,Gulf of Maine/Bay of Fundy,Cold Temperate Northwest Atlantic,Temperate Northern Atlantic,Normandeau-Seabrook Station B17-13-60,20000615,36690,100.451745379877,2000,0.00853080568720379,0.0330028844915936,-2.72718954131291,0.00600801068090788,0.0286433641611169,-3.07777965947991,0.00600801068090788,0.0286433641611169,-3.07777965947991,1.588991,26,Cold Temperate Northwest Atlantic:Seabrook Station B17,Gulf of Maine/Bay of Fundy:Seabrook Station B17,11123,10392.1111111111,499,39,5,10
6079,13,Normandeau,Seabrook Station B17,42.892011,-70.808254,4.9,4.9,4.9,60,1,1,2001,17,15141,2001-06-15,NA,NA,0.11,1,NA,NA,NA,NA,0.11,NA,2,365,-0.310367363,27,Gulf of Maine/Bay of Fundy,Cold Temperate Northwest Atlantic,Temperate Northern Atlantic,Normandeau-Seabrook Station B17-13-60,20010615,37055,101.45106091718,2000,0.00625592417061611,0.0242021152938353,-2.76259146836382,0.00440587449933244,0.0210051337181524,-3.11318158653082,0.00440587449933244,0.0210051337181524,-3.11318158653082,1.588991,26,Cold Temperate Northwest Atlantic:Seabrook Station B17,Gulf of Maine/Bay of Fundy:Seabrook Station B17,11488,10392.1111111111,499,39,5,10
6080,13,Normandeau,Seabrook Station B17,42.892011,-70.808254,4.9,4.9,4.9,60,1,1,2002,18,15506,2002-06-15,NA,NA,0.11,1,NA,NA,NA,NA,0.11,NA,2,365,0,27,Gulf of Maine/Bay of Fundy,Cold Temperate Northwest Atlantic,Temperate Northern Atlantic,Normandeau-Seabrook Station B17-13-60,20020615,37420,102.450376454483,2000,0.00625592417061611,0.0242021152938353,-2.76259146836382,0.00440587449933244,0.0210051337181524,-3.11318158653082,0.00440587449933244,0.0210051337181524,-3.11318158653082,1.588991,26,Cold Temperate Northwest Atlantic:Seabrook Station B17,Gulf of Maine/Bay of Fundy:Seabrook Station B17,11853,10392.1111111111,499,39,5,10
6081,13,Normandeau,Seabrook Station B17,42.892011,-70.808254,4.9,4.9,4.9,60,1,1,2003,19,15871,2003-06-15,NA,NA,0.11,1,NA,NA,NA,NA,0.11,NA,2,365,0,27,Gulf of Maine/Bay of Fundy,Cold Temperate Northwest Atlantic,Temperate Northern Atlantic,Normandeau-Seabrook Station B17-13-60,20030615,37785,103.449691991786,2000,0.00625592417061611,0.0242021152938353,-2.76259146836382,0.00440587449933244,0.0210051337181524,-3.11318158653082,0.00440587449933244,0.0210051337181524,-3.11318158653082,1.588991,26,Cold Temperate Northwest Atlantic:Seabrook Station B17,Gulf of Maine/Bay of Fundy:Seabrook Station B17,12218,10392.1111111111,499,39,5,10
6082,13,Normandeau,Seabrook Station B17,42.892011,-70.808254,4.9,4.9,4.9,60,1,1,2004,20,16237,2004-06-15,NA,NA,0.43,1,NA,NA,NA,NA,0.43,NA,2,366,1.3605111854,27,Gulf of Maine/Bay of Fundy,Cold Temperate Northwest Atlantic,Temperate Northern Atlantic,Normandeau-Seabrook Station B17-13-60,20040615,38151,104.451745379877,2000,0.0244549763033175,0.0946082688759017,-2.50927703941625,0.0172229639519359,0.0821109772618684,-2.85986715758325,0.0172229639519359,0.0821109772618684,-2.85986715758325,1.588991,26,Cold Temperate Northwest Atlantic:Seabrook Station B17,Gulf of Maine/Bay of Fundy:Seabrook Station B17,12584,10392.1111111111,499,39,5,10
6083,13,Normandeau,Seabrook Station B17,42.892011,-70.808254,4.9,4.9,4.9,60,1,1,2005,21,16602,2005-06-15,NA,NA,1.02,1,NA,NA,NA,NA,1.02,NA,2,365,0.8643643227,27,Gulf of Maine/Bay of Fundy,Cold Temperate Northwest Atlantic,Temperate Northern Atlantic,Normandeau-Seabrook Station B17-13-60,20050615,38516,105.45106091718,2000,0.0580094786729858,0.224419614542837,-2.16385397227495,0.0408544726301736,0.194774876295595,-2.51444409044195,0.0408544726301736,0.194774876295595,-2.51444409044195,1.588991,26,Cold Temperate Northwest Atlantic:Seabrook Station B17,Gulf of Maine/Bay of Fundy:Seabrook Station B17,12949,10392.1111111111,499,39,5,10
6084,13,Normandeau,Seabrook Station B17,42.892011,-70.808254,4.9,4.9,4.9,60,1,1,2006,22,16967,2006-06-15,NA,NA,0.81,1,NA,NA,NA,NA,0.81,NA,2,365,-0.230681552,27,Gulf of Maine/Bay of Fundy,Cold Temperate Northwest Atlantic,Temperate Northern Atlantic,Normandeau-Seabrook Station B17-13-60,20060615,38881,106.450376454483,2000,0.0460663507109005,0.178215576254606,-2.27362463841033,0.0324432576769025,0.154674166470031,-2.62421475657733,0.0324432576769025,0.154674166470031,-2.62421475657733,1.588991,26,Cold Temperate Northwest Atlantic:Seabrook Station B17,Gulf of Maine/Bay of Fundy:Seabrook Station B17,13314,10392.1111111111,499,39,5,10
6085,13,Normandeau,Seabrook Station B17,42.892011,-70.808254,4.9,4.9,4.9,60,1,1,2007,23,17332,2007-06-15,NA,NA,0.15,1,NA,NA,NA,NA,0.15,NA,2,365,-1.687554021,27,Gulf of Maine/Bay of Fundy,Cold Temperate Northwest Atlantic,Temperate Northern Atlantic,Normandeau-Seabrook Station B17-13-60,20070615,39246,107.449691991786,2000,0.00853080568720379,0.0330028844915936,-2.72718954131291,0.00600801068090788,0.0286433641611169,-3.07777965947991,0.00600801068090788,0.0286433641611169,-3.07777965947991,1.588991,26,Cold Temperate Northwest Atlantic:Seabrook Station B17,Gulf of Maine/Bay of Fundy:Seabrook Station B17,13679,10392.1111111111,499,39,5,10
6086,13,Normandeau,Seabrook Station B17,42.892011,-70.808254,4.9,4.9,4.9,60,1,1,2008,24,17698,2008-06-15,NA,NA,0.04,1,NA,NA,NA,NA,0.04,NA,2,366,-1.319047324,27,Gulf of Maine/Bay of Fundy,Cold Temperate Northwest Atlantic,Temperate Northern Atlantic,Normandeau-Seabrook Station B17-13-60,20080615,39612,108.451745379877,2000,0.00227488151658768,0.0088007691977583,-2.82773077053478,0.00160213618157543,0.0076382304429645,-3.17832088870178,0.00160213618157543,0.0076382304429645,-3.17832088870178,1.588991,26,Cold Temperate Northwest Atlantic:Seabrook Station B17,Gulf of Maine/Bay of Fundy:Seabrook Station B17,14045,10392.1111111111,499,39,5,10
6087,13,Normandeau,Seabrook Station B17,42.892011,-70.808254,4.9,4.9,4.9,60,1,1,2009,25,18063,2009-06-15,NA,NA,0.36,1,NA,NA,NA,NA,0.36,NA,2,365,2.1987295257,27,Gulf of Maine/Bay of Fundy,Cold Temperate Northwest Atlantic,Temperate Northern Atlantic,Normandeau-Seabrook Station B17-13-60,20090615,39977,109.45106091718,2000,0.0204739336492891,0.0792069227798247,-2.55946678394011,0.0144192256341789,0.0687440739866805,-2.9100569021071,0.0144192256341789,0.0687440739866805,-2.9100569021071,1.588991,26,Cold Temperate Northwest Atlantic:Seabrook Station B17,Gulf of Maine/Bay of Fundy:Seabrook Station B17,14410,10392.1111111111,499,39,5,10
6088,13,Normandeau,Seabrook Station B17,42.892011,-70.808254,4.9,4.9,4.9,60,1,1,2010,26,18428,2010-06-15,NA,NA,0.25,1,NA,NA,NA,NA,0.25,NA,2,365,-0.364892869,27,Gulf of Maine/Bay of Fundy,Cold Temperate Northwest Atlantic,Temperate Northern Atlantic,Normandeau-Seabrook Station B17-13-60,20100615,40342,110.450376454483,2010,0.014218009478673,0.0550048074859894,-2.64380793237386,0.0100133511348465,0.0477389402685281,-2.99439805054085,0.0100133511348465,0.0477389402685281,-2.99439805054085,1.588991,26,Cold Temperate Northwest Atlantic:Seabrook Station B17,Gulf of Maine/Bay of Fundy:Seabrook Station B17,14775,10392.1111111111,499,39,5,10
6089,13,Normandeau,Seabrook Station B17,42.892011,-70.808254,4.9,4.9,4.9,60,1,1,2011,27,18793,2011-06-15,NA,NA,0.11,1,NA,NA,NA,NA,0.11,NA,2,365,-0.821542868,27,Gulf of Maine/Bay of Fundy,Cold Temperate Northwest Atlantic,Temperate Northern Atlantic,Normandeau-Seabrook Station B17-13-60,20110615,40707,111.449691991786,2010,0.00625592417061611,0.0242021152938353,-2.76259146836382,0.00440587449933244,0.0210051337181524,-3.11318158653082,0.00440587449933244,0.0210051337181524,-3.11318158653082,1.588991,26,Cold Temperate Northwest Atlantic:Seabrook Station B17,Gulf of Maine/Bay of Fundy:Seabrook Station B17,15140,10392.1111111111,499,39,5,10
6090,13,Normandeau,Seabrook Station B19,42.892011,-70.808254,12.2,12.2,12.2,61,1,1,1978,1,6740,1978-06-15,NA,NA,2.24,NA,NA,NA,NA,NA,2.24,NA,2,NA,NA,34,Gulf of Maine/Bay of Fundy,Cold Temperate Northwest Atlantic,Temperate Northern Atlantic,Normandeau-Seabrook Station B19-13-61,19780615,28654,78.4503764544832,1970,0.12739336492891,0.492843075074465,-1.69137815388383,0.0897196261682243,0.427740904806012,-2.04196827205083,0.0897196261682243,0.427740904806012,-2.04196827205083,1.588991,33,Cold Temperate Northwest Atlantic:Seabrook Station B19,Gulf of Maine/Bay of Fundy:Seabrook Station B19,3087,9113.73529411765,500,39,5,10
6091,13,Normandeau,Seabrook Station B19,42.892011,-70.808254,12.2,12.2,12.2,61,1,1,1979,2,7105,1979-06-15,NA,NA,6.16,NA,NA,NA,NA,NA,6.16,NA,2,365,1.012293789,34,Gulf of Maine/Bay of Fundy,Cold Temperate Northwest Atlantic,Temperate Northern Atlantic,Normandeau-Seabrook Station B19-13-61,19790615,29019,79.4496919917865,1970,0.350331753554502,1.35531845645478,-0.898441502715512,0.246728971962617,1.17628748821653,-1.24903162088251,0.246728971962617,1.17628748821653,-1.24903162088251,1.588991,33,Cold Temperate Northwest Atlantic:Seabrook Station B19,Gulf of Maine/Bay of Fundy:Seabrook Station B19,3452,9113.73529411765,500,39,5,10
6092,13,Normandeau,Seabrook Station B19,42.892011,-70.808254,12.2,12.2,12.2,61,1,1,1980,3,7471,1980-06-15,NA,NA,11.25,NA,NA,NA,NA,NA,11.25,NA,2,366,0.6010571475,34,Gulf of Maine/Bay of Fundy,Cold Temperate Northwest Atlantic,Temperate Northern Atlantic,Normandeau-Seabrook Station B19-13-61,19800615,29385,80.4517453798768,1980,0.639810426540284,2.47521633686952,-0.36142554669733,0.450600801068091,2.14825231208377,-0.712015664864328,0.450600801068091,2.14825231208377,-0.712015664864328,1.588991,33,Cold Temperate Northwest Atlantic:Seabrook Station B19,Gulf of Maine/Bay of Fundy:Seabrook Station B19,3818,9113.73529411765,500,39,5,10
6093,13,Normandeau,Seabrook Station B19,42.892011,-70.808254,12.2,12.2,12.2,61,1,1,1981,4,7836,1981-06-15,NA,NA,13.45,NA,NA,NA,NA,NA,13.45,NA,2,365,0.1787333137,34,Gulf of Maine/Bay of Fundy,Cold Temperate Northwest Atlantic,Temperate Northern Atlantic,Normandeau-Seabrook Station B19-13-61,19810615,29750,81.45106091718,1980,0.764928909952607,2.95925864274623,-0.196257069129625,0.53871829105474,2.56835498644681,-0.546847187296623,0.53871829105474,2.56835498644681,-0.546847187296623,1.588991,33,Cold Temperate Northwest Atlantic:Seabrook Station B19,Gulf of Maine/Bay of Fundy:Seabrook Station B19,4183,9113.73529411765,500,39,5,10
6094,13,Normandeau,Seabrook Station B19,42.892011,-70.808254,12.2,12.2,12.2,61,1,1,1982,5,8201,1982-06-15,NA,NA,10.62,NA,NA,NA,NA,NA,10.62,NA,2,365,-0.236401899,34,Gulf of Maine/Bay of Fundy,Cold Temperate Northwest Atlantic,Temperate Northern Atlantic,Normandeau-Seabrook Station B19-13-61,19820615,30115,82.4503764544832,1980,0.603981042654028,2.33660422200483,-0.414223732264301,0.425367156208278,2.02795018260707,-0.764813850431299,0.425367156208278,2.02795018260707,-0.764813850431299,1.588991,33,Cold Temperate Northwest Atlantic:Seabrook Station B19,Gulf of Maine/Bay of Fundy:Seabrook Station B19,4548,9113.73529411765,500,39,5,10
6095,13,Normandeau,Seabrook Station B19,42.892011,-70.808254,12.2,12.2,12.2,61,1,1,1983,6,8566,1983-06-15,NA,NA,19.5,NA,NA,NA,NA,NA,19.5,NA,2,365,0.6080916658,34,Gulf of Maine/Bay of Fundy,Cold Temperate Northwest Atlantic,Temperate Northern Atlantic,Normandeau-Seabrook Station B19-13-61,19830615,30480,83.4496919917865,1980,1.10900473933649,4.29037498390717,0.153473402456296,0.781041388518024,3.72363734094519,-0.197116715710702,0.781041388518024,3.72363734094519,-0.197116715710702,1.588991,33,Cold Temperate Northwest Atlantic:Seabrook Station B19,Gulf of Maine/Bay of Fundy:Seabrook Station B19,4913,9113.73529411765,500,39,5,10
6096,13,Normandeau,Seabrook Station B19,42.892011,-70.808254,12.2,12.2,12.2,61,1,1,1984,7,8932,1984-06-15,NA,NA,14.64,NA,NA,NA,NA,NA,14.64,NA,2,366,-0.286069545,34,Gulf of Maine/Bay of Fundy,Cold Temperate Northwest Atlantic,Temperate Northern Atlantic,Normandeau-Seabrook Station B19-13-61,19840615,30846,84.4517453798768,1980,0.83260663507109,3.22108152637954,-0.117119748570901,0.586381842456609,2.79559234212501,-0.467709866737899,0.586381842456609,2.79559234212501,-0.467709866737899,1.588991,33,Cold Temperate Northwest Atlantic:Seabrook Station B19,Gulf of Maine/Bay of Fundy:Seabrook Station B19,5279,9113.73529411765,500,39,5,10
6097,13,Normandeau,Seabrook Station B19,42.892011,-70.808254,12.2,12.2,12.2,61,1,1,1985,8,9297,1985-06-15,NA,NA,15.69,7,NA,NA,NA,NA,15.69,NA,2,365,0.0693135007,34,Gulf of Maine/Bay of Fundy,Cold Temperate Northwest Atlantic,Temperate Northern Atlantic,Normandeau-Seabrook Station B19-13-61,19850615,31211,85.45106091718,1980,0.892322274881517,3.45210171782069,-0.0521417460143224,0.628437917222964,2.99609589125282,-0.40273186418132,0.628437917222964,2.99609589125282,-0.40273186418132,1.588991,33,Cold Temperate Northwest Atlantic:Seabrook Station B19,Gulf of Maine/Bay of Fundy:Seabrook Station B19,5644,9113.73529411765,500,39,5,10
6098,13,Normandeau,Seabrook Station B19,42.892011,-70.808254,12.2,12.2,12.2,61,1,1,1986,9,9662,1986-06-15,NA,NA,8.84,10,NA,NA,NA,NA,8.84,NA,2,365,-0.57412966,34,Gulf of Maine/Bay of Fundy,Cold Temperate Northwest Atlantic,Temperate Northern Atlantic,Normandeau-Seabrook Station B19-13-61,19860615,31576,86.4503764544832,1980,0.502748815165877,1.94496999270458,-0.580495772623904,0.354072096128171,1.68804892789515,-0.931085890790902,0.354072096128171,1.68804892789515,-0.931085890790902,1.588991,33,Cold Temperate Northwest Atlantic:Seabrook Station B19,Gulf of Maine/Bay of Fundy:Seabrook Station B19,6009,9113.73529411765,500,39,5,10
6099,13,Normandeau,Seabrook Station B19,42.892011,-70.808254,12.2,12.2,12.2,61,1,1,1987,10,10027,1987-06-15,NA,NA,12.22,11,NA,NA,NA,NA,12.22,NA,2,365,0.3240088491,34,Gulf of Maine/Bay of Fundy,Cold Temperate Northwest Atlantic,Temperate Northern Atlantic,Normandeau-Seabrook Station B19-13-61,19870615,31941,87.4496919917865,1980,0.694976303317536,2.68863498991516,-0.285220649264526,0.489452603471295,2.33347940032565,-0.635810767431524,0.489452603471295,2.33347940032565,-0.635810767431524,1.588991,33,Cold Temperate Northwest Atlantic:Seabrook Station B19,Gulf of Maine/Bay of Fundy:Seabrook Station B19,6374,9113.73529411765,500,39,5,10
6100,13,Normandeau,Seabrook Station B19,42.892011,-70.808254,12.2,12.2,12.2,61,1,1,1988,11,10393,1988-06-15,NA,NA,14.2,24,NA,NA,NA,NA,14.2,NA,2,366,0.1498602895,34,Gulf of Maine/Bay of Fundy,Cold Temperate Northwest Atlantic,Temperate Northern Atlantic,Normandeau-Seabrook Station B19-13-61,19880615,32307,88.4517453798768,1980,0.807582938388626,3.1242730652042,-0.145656055835835,0.568758344459279,2.7115718072524,-0.496246174002833,0.568758344459279,2.7115718072524,-0.496246174002833,1.588991,33,Cold Temperate Northwest Atlantic:Seabrook Station B19,Gulf of Maine/Bay of Fundy:Seabrook Station B19,6740,9113.73529411765,500,39,5,10
6101,13,Normandeau,Seabrook Station B19,42.892011,-70.808254,12.2,12.2,12.2,61,1,1,1989,12,10758,1989-06-15,NA,NA,13.41,15,NA,NA,NA,NA,13.41,NA,2,365,-0.057280474,34,Gulf of Maine/Bay of Fundy,Cold Temperate Northwest Atlantic,Temperate Northern Atlantic,Normandeau-Seabrook Station B19-13-61,19890615,32672,89.45106091718,1980,0.762654028436019,2.95045787354847,-0.199029073676635,0.537116154873164,2.56071675600385,-0.549619191843633,0.537116154873164,2.56071675600385,-0.549619191843633,1.588991,33,Cold Temperate Northwest Atlantic:Seabrook Station B19,Gulf of Maine/Bay of Fundy:Seabrook Station B19,7105,9113.73529411765,500,39,5,10
6102,13,Normandeau,Seabrook Station B19,42.892011,-70.808254,12.2,12.2,12.2,61,1,1,1990,13,11123,1990-06-15,NA,NA,11.31,20,NA,NA,NA,NA,11.31,NA,2,365,-0.17043006,34,Gulf of Maine/Bay of Fundy,Cold Temperate Northwest Atlantic,Temperate Northern Atlantic,Normandeau-Seabrook Station B19-13-61,19900615,33037,90.4503764544832,1990,0.643222748815166,2.48841749066616,-0.356539543491704,0.453004005340454,2.15970965774821,-0.707129661658702,0.453004005340454,2.15970965774821,-0.707129661658702,1.588991,33,Cold Temperate Northwest Atlantic:Seabrook Station B19,Gulf of Maine/Bay of Fundy:Seabrook Station B19,7470,9113.73529411765,500,39,5,10
6103,13,Normandeau,Seabrook Station B19,42.892011,-70.808254,12.2,12.2,12.2,61,1,1,1991,14,11488,1991-06-15,NA,NA,7.34,2,NA,NA,NA,NA,7.34,NA,2,365,-0.432644577,34,Gulf of Maine/Bay of Fundy,Cold Temperate Northwest Atlantic,Temperate Northern Atlantic,Normandeau-Seabrook Station B19-13-61,19910615,33402,91.4496919917865,1990,0.417440758293839,1.61494114778865,-0.745888267317411,0.293991989319092,1.40161528628399,-1.09647838548441,0.293991989319092,1.40161528628399,-1.09647838548441,1.588991,33,Cold Temperate Northwest Atlantic:Seabrook Station B19,Gulf of Maine/Bay of Fundy:Seabrook Station B19,7835,9113.73529411765,500,39,5,10
6104,13,Normandeau,Seabrook Station B19,42.892011,-70.808254,12.2,12.2,12.2,61,1,1,1992,15,11854,1992-06-15,NA,NA,7.28,2,NA,NA,NA,NA,7.28,NA,2,366,-0.008191161,34,Gulf of Maine/Bay of Fundy,Cold Temperate Northwest Atlantic,Temperate Northern Atlantic,Normandeau-Seabrook Station B19-13-61,19920615,33768,92.4517453798768,1990,0.414028436018957,1.60173999399201,-0.753108515290898,0.291588785046729,1.39015794061954,-1.1036986334579,0.291588785046729,1.39015794061954,-1.1036986334579,1.588991,33,Cold Temperate Northwest Atlantic:Seabrook Station B19,Gulf of Maine/Bay of Fundy:Seabrook Station B19,8201,9113.73529411765,500,39,5,10
6105,13,Normandeau,Seabrook Station B19,42.892011,-70.808254,12.2,12.2,12.2,61,1,1,1993,16,12219,1993-06-15,NA,NA,5.63,2,NA,NA,NA,NA,5.63,NA,2,365,-0.257197462,34,Gulf of Maine/Bay of Fundy,Cold Temperate Northwest Atlantic,Temperate Northern Atlantic,Normandeau-Seabrook Station B19-13-61,19930615,34133,93.45106091718,1990,0.320189573459716,1.23870826458448,-0.975346679490295,0.225500667556742,1.07508093484725,-1.32593679765729,0.225500667556742,1.07508093484725,-1.32593679765729,1.588991,33,Cold Temperate Northwest Atlantic:Seabrook Station B19,Gulf of Maine/Bay of Fundy:Seabrook Station B19,8566,9113.73529411765,500,39,5,10
6106,13,Normandeau,Seabrook Station B19,42.892011,-70.808254,12.2,12.2,12.2,61,1,1,1994,17,12584,1994-06-15,NA,NA,8.72,1,NA,NA,NA,NA,8.72,NA,2,365,0.43780946,34,Gulf of Maine/Bay of Fundy,Cold Temperate Northwest Atlantic,Temperate Northern Atlantic,Normandeau-Seabrook Station B19-13-61,19940615,34498,94.4503764544832,1990,0.495924170616114,1.91856768511131,-0.592765865215718,0.349265687583445,1.66513423656626,-0.943355983382716,0.349265687583445,1.66513423656626,-0.943355983382716,1.588991,33,Cold Temperate Northwest Atlantic:Seabrook Station B19,Gulf of Maine/Bay of Fundy:Seabrook Station B19,8931,9113.73529411765,500,39,5,10
6107,13,Normandeau,Seabrook Station B19,42.892011,-70.808254,12.2,12.2,12.2,61,1,1,1995,18,12949,1995-06-15,NA,NA,10.04,1,NA,NA,NA,NA,10.04,NA,2,365,0.1410544228,34,Gulf of Maine/Bay of Fundy,Cold Temperate Northwest Atlantic,Temperate Northern Atlantic,Normandeau-Seabrook Station B19-13-61,19950615,34863,95.4496919917865,1990,0.570995260663507,2.20899306863733,-0.465426442839117,0.402136181575434,1.91719584118409,-0.816016561006115,0.402136181575434,1.91719584118409,-0.816016561006115,1.588991,33,Cold Temperate Northwest Atlantic:Seabrook Station B19,Gulf of Maine/Bay of Fundy:Seabrook Station B19,9296,9113.73529411765,500,39,5,10
6108,13,Normandeau,Seabrook Station B19,42.892011,-70.808254,12.2,12.2,12.2,61,1,1,1996,19,13315,1996-06-15,NA,NA,8.15,1,NA,NA,NA,NA,8.15,NA,2,366,-0.208131812,34,Gulf of Maine/Bay of Fundy,Cold Temperate Northwest Atlantic,Temperate Northern Atlantic,Normandeau-Seabrook Station B19-13-61,19960615,35229,96.4517453798768,1990,0.463507109004739,1.79315672404325,-0.653197604400636,0.326435246995995,1.55628945275402,-1.00378772256763,0.326435246995995,1.55628945275402,-1.00378772256763,1.588991,33,Cold Temperate Northwest Atlantic:Seabrook Station B19,Gulf of Maine/Bay of Fundy:Seabrook Station B19,9662,9113.73529411765,500,39,5,10
6109,13,Normandeau,Seabrook Station B19,42.892011,-70.808254,12.2,12.2,12.2,61,1,1,1997,20,13680,1997-06-15,NA,NA,16.1,2,NA,NA,NA,NA,16.1,NA,2,365,0.681267647,34,Gulf of Maine/Bay of Fundy,Cold Temperate Northwest Atlantic,Temperate Northern Atlantic,Normandeau-Seabrook Station B19-13-61,19970615,35594,97.45106091718,1990,0.91563981042654,3.54230960209772,-0.0278730201794519,0.644859813084112,3.07438775329321,-0.37846313834645,0.644859813084112,3.07438775329321,-0.37846313834645,1.588991,33,Cold Temperate Northwest Atlantic:Seabrook Station B19,Gulf of Maine/Bay of Fundy:Seabrook Station B19,10027,9113.73529411765,500,39,5,10
6110,13,Normandeau,Seabrook Station B19,42.892011,-70.808254,12.2,12.2,12.2,61,1,1,1998,21,14045,1998-06-15,NA,NA,16.24,2,NA,NA,NA,NA,16.24,NA,2,365,0.0086639929,34,Gulf of Maine/Bay of Fundy,Cold Temperate Northwest Atlantic,Temperate Northern Atlantic,Normandeau-Seabrook Station B19-13-61,19980615,35959,98.4503764544832,1990,0.923601895734597,3.57311229428987,-0.0197192184525191,0.650467289719626,3.10112155984359,-0.370309336619517,0.650467289719626,3.10112155984359,-0.370309336619517,1.588991,33,Cold Temperate Northwest Atlantic:Seabrook Station B19,Gulf of Maine/Bay of Fundy:Seabrook Station B19,10392,9113.73529411765,500,39,5,10
6111,13,Normandeau,Seabrook Station B19,42.892011,-70.808254,12.2,12.2,12.2,61,1,1,1999,22,14410,1999-06-15,NA,NA,16.18,2,NA,NA,NA,NA,16.18,NA,2,365,-0.003703958,34,Gulf of Maine/Bay of Fundy,Cold Temperate Northwest Atlantic,Temperate Northern Atlantic,Normandeau-Seabrook Station B19-13-61,19990615,36324,99.4496919917865,1990,0.920189573459716,3.55991114049323,-0.0232055671319568,0.648064085447263,3.08966421417914,-0.373795685298955,0.648064085447263,3.08966421417914,-0.373795685298955,1.588991,33,Cold Temperate Northwest Atlantic:Seabrook Station B19,Gulf of Maine/Bay of Fundy:Seabrook Station B19,10757,9113.73529411765,500,39,5,10
6112,13,Normandeau,Seabrook Station B19,42.892011,-70.808254,12.2,12.2,12.2,61,1,1,2000,23,14776,2000-06-15,NA,NA,11.1,2,NA,NA,NA,NA,11.1,NA,2,366,-0.376058609,34,Gulf of Maine/Bay of Fundy,Cold Temperate Northwest Atlantic,Temperate Northern Atlantic,Normandeau-Seabrook Station B19-13-61,20000615,36690,100.451745379877,2000,0.631279620853081,2.44221345237793,-0.373746031085371,0.444592790387183,2.11960894792265,-0.724336149252369,0.444592790387183,2.11960894792265,-0.724336149252369,1.588991,33,Cold Temperate Northwest Atlantic:Seabrook Station B19,Gulf of Maine/Bay of Fundy:Seabrook Station B19,11123,9113.73529411765,500,39,5,10
6113,13,Normandeau,Seabrook Station B19,42.892011,-70.808254,12.2,12.2,12.2,61,1,1,2001,24,15141,2001-06-15,NA,NA,7.5,0,NA,NA,NA,NA,7.5,NA,2,365,-0.39231061,34,Gulf of Maine/Bay of Fundy,Cold Temperate Northwest Atlantic,Temperate Northern Atlantic,Normandeau-Seabrook Station B19-13-61,20010615,37055,101.45106091718,2000,0.42654028436019,1.65014422457968,-0.726885320191795,0.300400534045394,1.43216820805584,-1.07747543835879,0.300400534045394,1.43216820805584,-1.07747543835879,1.588991,33,Cold Temperate Northwest Atlantic:Seabrook Station B19,Gulf of Maine/Bay of Fundy:Seabrook Station B19,11488,9113.73529411765,500,39,5,10
6114,13,Normandeau,Seabrook Station B19,42.892011,-70.808254,12.2,12.2,12.2,61,1,1,2002,25,15506,2002-06-15,NA,NA,5.66,0,NA,NA,NA,NA,5.66,NA,2,365,-0.281671922,34,Gulf of Maine/Bay of Fundy,Cold Temperate Northwest Atlantic,Temperate Northern Atlantic,Normandeau-Seabrook Station B19-13-61,20020615,37420,102.450376454483,2000,0.321895734597156,1.2453088414828,-0.970831999135768,0.226702269692924,1.08080960767948,-1.32142211730277,0.226702269692924,1.08080960767948,-1.32142211730277,1.588991,33,Cold Temperate Northwest Atlantic:Seabrook Station B19,Gulf of Maine/Bay of Fundy:Seabrook Station B19,11853,9113.73529411765,500,39,5,10
6115,13,Normandeau,Seabrook Station B19,42.892011,-70.808254,12.2,12.2,12.2,61,1,1,2003,26,15871,2003-06-15,NA,NA,6.03,0,NA,NA,NA,NA,6.03,NA,2,365,0.0633664905,34,Gulf of Maine/Bay of Fundy,Cold Temperate Northwest Atlantic,Temperate Northern Atlantic,Normandeau-Seabrook Station B19-13-61,20030615,37785,103.449691991786,2000,0.342938388625592,1.32671595656206,-0.916764777865492,0.241522029372497,1.1514632392769,-1.26735489603249,0.241522029372497,1.1514632392769,-1.26735489603249,1.588991,33,Cold Temperate Northwest Atlantic:Seabrook Station B19,Gulf of Maine/Bay of Fundy:Seabrook Station B19,12218,9113.73529411765,500,39,5,10
6116,13,Normandeau,Seabrook Station B19,42.892011,-70.808254,12.2,12.2,12.2,61,1,1,2004,27,16237,2004-06-15,NA,NA,10.77,0,NA,NA,NA,NA,10.77,NA,2,366,0.57882892,34,Gulf of Maine/Bay of Fundy,Cold Temperate Northwest Atlantic,Temperate Northern Atlantic,Normandeau-Seabrook Station B19-13-61,20040615,38151,104.451745379877,2000,0.612511848341232,2.36960710649642,-0.401397562415881,0.431375166889186,2.05659354676819,-0.751987680582879,0.431375166889186,2.05659354676819,-0.751987680582879,1.588991,33,Cold Temperate Northwest Atlantic:Seabrook Station B19,Gulf of Maine/Bay of Fundy:Seabrook Station B19,12584,9113.73529411765,500,39,5,10
6117,13,Normandeau,Seabrook Station B19,42.892011,-70.808254,12.2,12.2,12.2,61,1,1,2005,28,16602,2005-06-15,NA,NA,11.39,0,NA,NA,NA,NA,11.39,NA,2,365,0.0560096228,34,Gulf of Maine/Bay of Fundy,Cold Temperate Northwest Atlantic,Temperate Northern Atlantic,Normandeau-Seabrook Station B19-13-61,20050615,38516,105.45106091718,2000,0.647772511848341,2.50601902906168,-0.350061788047015,0.456208277703605,2.17498611863414,-0.700651906214013,0.456208277703605,2.17498611863414,-0.700651906214013,1.588991,33,Cold Temperate Northwest Atlantic:Seabrook Station B19,Gulf of Maine/Bay of Fundy:Seabrook Station B19,12949,9113.73529411765,500,39,5,10
6118,13,Normandeau,Seabrook Station B19,42.892011,-70.808254,12.2,12.2,12.2,61,1,1,2006,29,16967,2006-06-15,NA,NA,9.4,0,NA,NA,NA,NA,9.4,NA,2,365,-0.192157613,34,Gulf of Maine/Bay of Fundy,Cold Temperate Northwest Atlantic,Temperate Northern Atlantic,Normandeau-Seabrook Station B19-13-61,20060615,38881,106.450376454483,2000,0.534597156398104,2.0681807614732,-0.525145677540739,0.376502002670227,1.79498415409666,-0.875735795707737,0.376502002670227,1.79498415409666,-0.875735795707737,1.588991,33,Cold Temperate Northwest Atlantic:Seabrook Station B19,Gulf of Maine/Bay of Fundy:Seabrook Station B19,13314,9113.73529411765,500,39,5,10
6119,13,Normandeau,Seabrook Station B19,42.892011,-70.808254,12.2,12.2,12.2,61,1,1,2007,30,17332,2007-06-15,NA,NA,7.53,0,NA,NA,NA,NA,7.53,NA,2,365,-0.221966575,34,Gulf of Maine/Bay of Fundy,Cold Temperate Northwest Atlantic,Temperate Northern Atlantic,Normandeau-Seabrook Station B19-13-61,20070615,39246,107.449691991786,2000,0.42824644549763,1.656744801478,-0.723362122184478,0.301602136181575,1.43789688088807,-1.07395224035148,0.301602136181575,1.43789688088807,-1.07395224035148,1.588991,33,Cold Temperate Northwest Atlantic:Seabrook Station B19,Gulf of Maine/Bay of Fundy:Seabrook Station B19,13679,9113.73529411765,500,39,5,10
6120,13,Normandeau,Seabrook Station B19,42.892011,-70.808254,12.2,12.2,12.2,61,1,1,2008,31,17698,2008-06-15,NA,NA,8.02,0,NA,NA,NA,NA,8.02,NA,2,366,0.0629141928,34,Gulf of Maine/Bay of Fundy,Cold Temperate Northwest Atlantic,Temperate Northern Atlantic,Normandeau-Seabrook Station B19-13-61,20080615,39612,108.451745379877,2000,0.456113744075829,1.76455422415054,-0.667507149613534,0.321228304405875,1.53146520381438,-1.01809726778053,0.321228304405875,1.53146520381438,-1.01809726778053,1.588991,33,Cold Temperate Northwest Atlantic:Seabrook Station B19,Gulf of Maine/Bay of Fundy:Seabrook Station B19,14045,9113.73529411765,500,39,5,10
6121,13,Normandeau,Seabrook Station B19,42.892011,-70.808254,12.2,12.2,12.2,61,1,1,2009,32,18063,2009-06-15,NA,NA,10.15,0,NA,NA,NA,NA,10.15,NA,2,365,0.2356966091,34,Gulf of Maine/Bay of Fundy,Cold Temperate Northwest Atlantic,Temperate Northern Atlantic,Normandeau-Seabrook Station B19-13-61,20090615,39977,109.45106091718,2000,0.577251184834123,2.23319518393117,-0.455511985781938,0.406542056074766,1.93820097490224,-0.806102103948936,0.406542056074766,1.93820097490224,-0.806102103948936,1.588991,33,Cold Temperate Northwest Atlantic:Seabrook Station B19,Gulf of Maine/Bay of Fundy:Seabrook Station B19,14410,9113.73529411765,500,39,5,10
6122,13,Normandeau,Seabrook Station B19,42.892011,-70.808254,12.2,12.2,12.2,61,1,1,2010,33,18428,2010-06-15,NA,NA,8.4,0,NA,NA,NA,NA,8.4,NA,2,365,-0.189371617,34,Gulf of Maine/Bay of Fundy,Cold Temperate Northwest Atlantic,Temperate Northern Atlantic,Normandeau-Seabrook Station B19-13-61,20100615,40342,110.450376454483,2010,0.477725118483412,1.84816153152924,-0.626241794412108,0.336448598130841,1.60402839302254,-0.976831912579106,0.336448598130841,1.60402839302254,-0.976831912579106,1.588991,33,Cold Temperate Northwest Atlantic:Seabrook Station B19,Gulf of Maine/Bay of Fundy:Seabrook Station B19,14775,9113.73529411765,500,39,5,10
6123,13,Normandeau,Seabrook Station B19,42.892011,-70.808254,12.2,12.2,12.2,61,1,1,2011,34,18793,2011-06-15,NA,NA,6.66,0,NA,NA,NA,NA,6.66,NA,2,365,-0.232271202,34,Gulf of Maine/Bay of Fundy,Cold Temperate Northwest Atlantic,Temperate Northern Atlantic,Normandeau-Seabrook Station B19-13-61,20110615,40707,111.449691991786,2010,0.378767772511848,1.46532807142676,-0.830939499935566,0.26675567423231,1.27176536875359,-1.18152961810256,0.26675567423231,1.27176536875359,-1.18152961810256,1.588991,33,Cold Temperate Northwest Atlantic:Seabrook Station B19,Gulf of Maine/Bay of Fundy:Seabrook Station B19,15140,9113.73529411765,500,39,5,10
6124,13,Normandeau,Seabrook Station B31,42.892011,-70.808254,9.4,9.4,9.4,62,1,1,1978,1,6740,1978-06-15,NA,NA,5.52,NA,NA,NA,NA,NA,5.52,NA,2,NA,NA,34,Gulf of Maine/Bay of Fundy,Cold Temperate Northwest Atlantic,Temperate Northern Atlantic,Normandeau-Seabrook Station B31-13-62,19780615,28654,78.4503764544832,1970,0.3139336492891,1.21450614929065,-0.992077107749505,0.22109479305741,1.0540758011291,-1.3426672259165,0.22109479305741,1.0540758011291,-1.3426672259165,1.588991,33,Cold Temperate Northwest Atlantic:Seabrook Station B31,Gulf of Maine/Bay of Fundy:Seabrook Station B31,3087,9113.73529411765,501,39,5,10
6125,13,Normandeau,Seabrook Station B31,42.892011,-70.808254,9.4,9.4,9.4,62,1,1,1979,2,7105,1979-06-15,NA,NA,12.36,NA,NA,NA,NA,NA,12.36,NA,2,365,0.8066397065,34,Gulf of Maine/Bay of Fundy,Cold Temperate Northwest Atlantic,Temperate Northern Atlantic,Normandeau-Seabrook Station B31-13-62,19790615,29019,79.4496919917865,1970,0.702938388625592,2.71943768210732,-0.274686315579566,0.495060080106809,2.36021320687603,-0.625276433746564,0.495060080106809,2.36021320687603,-0.625276433746564,1.588991,33,Cold Temperate Northwest Atlantic:Seabrook Station B31,Gulf of Maine/Bay of Fundy:Seabrook Station B31,3452,9113.73529411765,501,39,5,10
6126,13,Normandeau,Seabrook Station B31,42.892011,-70.808254,9.4,9.4,9.4,62,1,1,1980,3,7471,1980-06-15,NA,NA,17.01,NA,NA,NA,NA,NA,17.01,NA,2,366,0.3186815774,34,Gulf of Maine/Bay of Fundy,Cold Temperate Northwest Atlantic,Temperate Northern Atlantic,Normandeau-Seabrook Station B31-13-62,19800615,29385,80.4517453798768,1980,0.96739336492891,3.74252710134672,0.0239756754997986,0.681308411214953,3.24815749587065,-0.326614442667199,0.681308411214953,3.24815749587065,-0.326614442667199,1.588991,33,Cold Temperate Northwest Atlantic:Seabrook Station B31,Gulf of Maine/Bay of Fundy:Seabrook Station B31,3818,9113.73529411765,501,39,5,10
6127,13,Normandeau,Seabrook Station B31,42.892011,-70.808254,9.4,9.4,9.4,62,1,1,1981,4,7836,1981-06-15,NA,NA,14.65,NA,NA,NA,NA,NA,14.65,NA,2,365,-0.149463373,34,Gulf of Maine/Bay of Fundy,Cold Temperate Northwest Atlantic,Temperate Northern Atlantic,Normandeau-Seabrook Station B31-13-62,19810615,29750,81.45106091718,1980,0.833175355450237,3.22328171867898,-0.116480566701904,0.586782376502003,2.79750189973575,-0.467070684868902,0.586782376502003,2.79750189973575,-0.467070684868902,1.588991,33,Cold Temperate Northwest Atlantic:Seabrook Station B31,Gulf of Maine/Bay of Fundy:Seabrook Station B31,4183,9113.73529411765,501,39,5,10
6128,13,Normandeau,Seabrook Station B31,42.892011,-70.808254,9.4,9.4,9.4,62,1,1,1982,5,8201,1982-06-15,NA,NA,13.23,NA,NA,NA,NA,NA,13.23,NA,2,365,-0.102023188,34,Gulf of Maine/Bay of Fundy,Cold Temperate Northwest Atlantic,Temperate Northern Atlantic,Normandeau-Seabrook Station B31-13-62,19820615,30115,82.4503764544832,1980,0.752417061611374,2.91085441215856,-0.211599071586305,0.529906542056075,2.52634471901051,-0.562189189753303,0.529906542056075,2.52634471901051,-0.562189189753303,1.588991,33,Cold Temperate Northwest Atlantic:Seabrook Station B31,Gulf of Maine/Bay of Fundy:Seabrook Station B31,4548,9113.73529411765,501,39,5,10
6129,13,Normandeau,Seabrook Station B31,42.892011,-70.808254,9.4,9.4,9.4,62,1,1,1983,6,8566,1983-06-15,NA,NA,12.18,NA,NA,NA,NA,NA,12.18,NA,2,365,-0.082748354,34,Gulf of Maine/Bay of Fundy,Cold Temperate Northwest Atlantic,Temperate Northern Atlantic,Normandeau-Seabrook Station B31-13-62,19830615,30480,83.4496919917865,1980,0.692701421800948,2.6798342207174,-0.288250954613705,0.48785046728972,2.32584116988269,-0.638841072780703,0.48785046728972,2.32584116988269,-0.638841072780703,1.588991,33,Cold Temperate Northwest Atlantic:Seabrook Station B31,Gulf of Maine/Bay of Fundy:Seabrook Station B31,4913,9113.73529411765,501,39,5,10
6130,13,Normandeau,Seabrook Station B31,42.892011,-70.808254,9.4,9.4,9.4,62,1,1,1984,7,8932,1984-06-15,NA,NA,8.79,NA,NA,NA,NA,NA,8.79,NA,2,366,-0.325512148,34,Gulf of Maine/Bay of Fundy,Cold Temperate Northwest Atlantic,Temperate Northern Atlantic,Normandeau-Seabrook Station B31-13-62,19840615,30846,84.4517453798768,1980,0.499905213270142,1.93396903120739,-0.585590027145647,0.352069425901202,1.67850113984145,-0.936180145312645,0.352069425901202,1.67850113984145,-0.936180145312645,1.588991,33,Cold Temperate Northwest Atlantic:Seabrook Station B31,Gulf of Maine/Bay of Fundy:Seabrook Station B31,5279,9113.73529411765,501,39,5,10
6131,13,Normandeau,Seabrook Station B31,42.892011,-70.808254,9.4,9.4,9.4,62,1,1,1985,8,9297,1985-06-15,NA,NA,10.17,52,NA,NA,NA,NA,10.17,NA,2,365,0.1459273802,34,Gulf of Maine/Bay of Fundy,Cold Temperate Northwest Atlantic,Temperate Northern Atlantic,Normandeau-Seabrook Station B31-13-62,19850615,31211,85.45106091718,1980,0.578388625592417,2.23759556853005,-0.453719870606957,0.407343124165554,1.94202009012372,-0.804309988773955,0.407343124165554,1.94202009012372,-0.804309988773955,1.588991,33,Cold Temperate Northwest Atlantic:Seabrook Station B31,Gulf of Maine/Bay of Fundy:Seabrook Station B31,5644,9113.73529411765,501,39,5,10
6132,13,Normandeau,Seabrook Station B31,42.892011,-70.808254,9.4,9.4,9.4,62,1,1,1986,9,9662,1986-06-15,NA,NA,6.94,45,NA,NA,NA,NA,6.94,NA,2,365,-0.382402176,34,Gulf of Maine/Bay of Fundy,Cold Temperate Northwest Atlantic,Temperate Northern Atlantic,Normandeau-Seabrook Station B31-13-62,19860615,31576,86.4503764544832,1980,0.394691943127962,1.52693345581107,-0.795038208429022,0.277970627503338,1.32523298185434,-1.14562832659602,0.277970627503338,1.32523298185434,-1.14562832659602,1.588991,33,Cold Temperate Northwest Atlantic:Seabrook Station B31,Gulf of Maine/Bay of Fundy:Seabrook Station B31,6009,9113.73529411765,501,39,5,10
6133,13,Normandeau,Seabrook Station B31,42.892011,-70.808254,9.4,9.4,9.4,62,1,1,1987,10,10027,1987-06-15,NA,NA,7.13,29,NA,NA,NA,NA,7.13,NA,2,365,0.0270279595,34,Gulf of Maine/Bay of Fundy,Cold Temperate Northwest Atlantic,Temperate Northern Atlantic,Normandeau-Seabrook Station B31-13-62,19870615,31941,87.4496919917865,1980,0.405497630331754,1.56873710950042,-0.771390560128347,0.285580774365821,1.36151457645842,-1.12198067829534,0.285580774365821,1.36151457645842,-1.12198067829534,1.588991,33,Cold Temperate Northwest Atlantic:Seabrook Station B31,Gulf of Maine/Bay of Fundy:Seabrook Station B31,6374,9113.73529411765,501,39,5,10
6134,13,Normandeau,Seabrook Station B31,42.892011,-70.808254,9.4,9.4,9.4,62,1,1,1988,11,10393,1988-06-15,NA,NA,9.17,39,NA,NA,NA,NA,9.17,NA,2,366,0.2511104247,34,Gulf of Maine/Bay of Fundy,Cold Temperate Northwest Atlantic,Temperate Northern Atlantic,Normandeau-Seabrook Station B31-13-62,19880615,32307,88.4517453798768,1980,0.521516587677725,2.01757633858609,-0.547509273627597,0.367289719626168,1.75106432904961,-0.898099391794596,0.367289719626168,1.75106432904961,-0.898099391794596,1.588991,33,Cold Temperate Northwest Atlantic:Seabrook Station B31,Gulf of Maine/Bay of Fundy:Seabrook Station B31,6740,9113.73529411765,501,39,5,10
6135,13,Normandeau,Seabrook Station B31,42.892011,-70.808254,9.4,9.4,9.4,62,1,1,1989,12,10758,1989-06-15,NA,NA,6.99,32,NA,NA,NA,NA,6.99,NA,2,365,-0.271642659,34,Gulf of Maine/Bay of Fundy,Cold Temperate Northwest Atlantic,Temperate Northern Atlantic,Normandeau-Seabrook Station B31-13-62,19890615,32672,89.45106091718,1980,0.397535545023697,1.53793441730826,-0.788760723909883,0.279973297730307,1.33478076990805,-1.13935084207688,0.279973297730307,1.33478076990805,-1.13935084207688,1.588991,33,Cold Temperate Northwest Atlantic:Seabrook Station B31,Gulf of Maine/Bay of Fundy:Seabrook Station B31,7105,9113.73529411765,501,39,5,10
6136,13,Normandeau,Seabrook Station B31,42.892011,-70.808254,9.4,9.4,9.4,62,1,1,1990,13,11123,1990-06-15,NA,NA,7.68,30,NA,NA,NA,NA,7.68,NA,2,365,0.0942034697,34,Gulf of Maine/Bay of Fundy,Cold Temperate Northwest Atlantic,Temperate Northern Atlantic,Normandeau-Seabrook Station B31-13-62,19900615,33037,90.4503764544832,1990,0.436777251184834,1.68974768596959,-0.705929955015807,0.307610146862483,1.46654024504918,-1.05652007318281,0.307610146862483,1.46654024504918,-1.05652007318281,1.588991,33,Cold Temperate Northwest Atlantic:Seabrook Station B31,Gulf of Maine/Bay of Fundy:Seabrook Station B31,7470,9113.73529411765,501,39,5,10
6137,13,Normandeau,Seabrook Station B31,42.892011,-70.808254,9.4,9.4,9.4,62,1,1,1991,14,11488,1991-06-15,NA,NA,5.63,26,NA,NA,NA,NA,5.63,NA,2,365,-0.310722783,34,Gulf of Maine/Bay of Fundy,Cold Temperate Northwest Atlantic,Temperate Northern Atlantic,Normandeau-Seabrook Station B31-13-62,19910615,33402,91.4496919917865,1990,0.320189573459716,1.23870826458448,-0.975346679490295,0.225500667556742,1.07508093484725,-1.32593679765729,0.225500667556742,1.07508093484725,-1.32593679765729,1.588991,33,Cold Temperate Northwest Atlantic:Seabrook Station B31,Gulf of Maine/Bay of Fundy:Seabrook Station B31,7835,9113.73529411765,501,39,5,10
6138,13,Normandeau,Seabrook Station B31,42.892011,-70.808254,9.4,9.4,9.4,62,1,1,1992,15,11854,1992-06-15,NA,NA,7.89,33,NA,NA,NA,NA,7.89,NA,2,366,0.3367951216,34,Gulf of Maine/Bay of Fundy,Cold Temperate Northwest Atlantic,Temperate Northern Atlantic,Normandeau-Seabrook Station B31-13-62,19920615,33768,92.4517453798768,1990,0.448720379146919,1.73595172425782,-0.682024434162253,0.316021361815754,1.50664095487475,-1.03261455232925,0.316021361815754,1.50664095487475,-1.03261455232925,1.588991,33,Cold Temperate Northwest Atlantic:Seabrook Station B31,Gulf of Maine/Bay of Fundy:Seabrook Station B31,8201,9113.73529411765,501,39,5,10
6139,13,Normandeau,Seabrook Station B31,42.892011,-70.808254,9.4,9.4,9.4,62,1,1,1993,16,12219,1993-06-15,NA,NA,6.47,26,NA,NA,NA,NA,6.47,NA,2,365,-0.19855593,34,Gulf of Maine/Bay of Fundy,Cold Temperate Northwest Atlantic,Temperate Northern Atlantic,Normandeau-Seabrook Station B31-13-62,19930615,34133,93.45106091718,1990,0.367962085308057,1.42352441773741,-0.85605648454334,0.259145527369826,1.23548377414951,-1.20664660271034,0.259145527369826,1.23548377414951,-1.20664660271034,1.588991,33,Cold Temperate Northwest Atlantic:Seabrook Station B31,Gulf of Maine/Bay of Fundy:Seabrook Station B31,8566,9113.73529411765,501,39,5,10
6140,13,Normandeau,Seabrook Station B31,42.892011,-70.808254,9.4,9.4,9.4,62,1,1,1994,17,12584,1994-06-15,NA,NA,11.15,12,NA,NA,NA,NA,11.15,NA,2,365,0.5446361725,34,Gulf of Maine/Bay of Fundy,Cold Temperate Northwest Atlantic,Temperate Northern Atlantic,Normandeau-Seabrook Station B31-13-62,19940615,34498,94.4503764544832,1990,0.634123222748815,2.45321441387513,-0.369622313901509,0.446595460614152,2.12915673597635,-0.720212432068507,0.446595460614152,2.12915673597635,-0.720212432068507,1.588991,33,Cold Temperate Northwest Atlantic:Seabrook Station B31,Gulf of Maine/Bay of Fundy:Seabrook Station B31,8931,9113.73529411765,501,39,5,10
6141,13,Normandeau,Seabrook Station B31,42.892011,-70.808254,9.4,9.4,9.4,62,1,1,1995,18,12949,1995-06-15,NA,NA,9.48,3,NA,NA,NA,NA,9.48,NA,2,365,-0.162366315,34,Gulf of Maine/Bay of Fundy,Cold Temperate Northwest Atlantic,Temperate Northern Atlantic,Normandeau-Seabrook Station B31-13-62,19950615,34863,95.4496919917865,1990,0.53914691943128,2.08578229986872,-0.51748280479517,0.379706275033378,1.81026061498259,-0.868072922962168,0.379706275033378,1.81026061498259,-0.868072922962168,1.588991,33,Cold Temperate Northwest Atlantic:Seabrook Station B31,Gulf of Maine/Bay of Fundy:Seabrook Station B31,9296,9113.73529411765,501,39,5,10
6142,13,Normandeau,Seabrook Station B31,42.892011,-70.808254,9.4,9.4,9.4,62,1,1,1996,19,13315,1996-06-15,NA,NA,11.25,7,NA,NA,NA,NA,11.25,NA,2,366,0.1708330259,34,Gulf of Maine/Bay of Fundy,Cold Temperate Northwest Atlantic,Temperate Northern Atlantic,Normandeau-Seabrook Station B31-13-62,19960615,35229,96.4517453798768,1990,0.639810426540284,2.47521633686952,-0.36142554669733,0.450600801068091,2.14825231208377,-0.712015664864328,0.450600801068091,2.14825231208377,-0.712015664864328,1.588991,33,Cold Temperate Northwest Atlantic:Seabrook Station B31,Gulf of Maine/Bay of Fundy:Seabrook Station B31,9662,9113.73529411765,501,39,5,10
6143,13,Normandeau,Seabrook Station B31,42.892011,-70.808254,9.4,9.4,9.4,62,1,1,1997,20,13680,1997-06-15,NA,NA,12.04,29,NA,NA,NA,NA,12.04,NA,2,365,0.067912795,34,Gulf of Maine/Bay of Fundy,Cold Temperate Northwest Atlantic,Temperate Northern Atlantic,Normandeau-Seabrook Station B31-13-62,19970615,35594,97.45106091718,1990,0.684739336492891,2.64903152852525,-0.298929927189559,0.482242990654206,2.29910736333231,-0.649520045356557,0.482242990654206,2.29910736333231,-0.649520045356557,1.588991,33,Cold Temperate Northwest Atlantic:Seabrook Station B31,Gulf of Maine/Bay of Fundy:Seabrook Station B31,10027,9113.73529411765,501,39,5,10
6144,13,Normandeau,Seabrook Station B31,42.892011,-70.808254,9.4,9.4,9.4,62,1,1,1998,21,14045,1998-06-15,NA,NA,9.28,31,NA,NA,NA,NA,9.28,NA,2,365,-0.260551231,34,Gulf of Maine/Bay of Fundy,Cold Temperate Northwest Atlantic,Temperate Northern Atlantic,Normandeau-Seabrook Station B31-13-62,19980615,35959,98.4503764544832,1990,0.527772511848341,2.04177845387993,-0.536751223661047,0.371695594125501,1.77206946276776,-0.887341341828045,0.371695594125501,1.77206946276776,-0.887341341828045,1.588991,33,Cold Temperate Northwest Atlantic:Seabrook Station B31,Gulf of Maine/Bay of Fundy:Seabrook Station B31,10392,9113.73529411765,501,39,5,10
6145,13,Normandeau,Seabrook Station B31,42.892011,-70.808254,9.4,9.4,9.4,62,1,1,1999,22,14410,1999-06-15,NA,NA,9.42,29,NA,NA,NA,NA,9.42,NA,2,365,0.0149837976,34,Gulf of Maine/Bay of Fundy,Cold Temperate Northwest Atlantic,Temperate Northern Atlantic,Normandeau-Seabrook Station B31-13-62,19990615,36324,99.4496919917865,1990,0.535734597156398,2.07258114607208,-0.523224447362845,0.377303070761015,1.79880326931814,-0.873814565529843,0.377303070761015,1.79880326931814,-0.873814565529843,1.588991,33,Cold Temperate Northwest Atlantic:Seabrook Station B31,Gulf of Maine/Bay of Fundy:Seabrook Station B31,10757,9113.73529411765,501,39,5,10
6146,13,Normandeau,Seabrook Station B31,42.892011,-70.808254,9.4,9.4,9.4,62,1,1,2000,23,14776,2000-06-15,NA,NA,4.31,15,NA,NA,NA,NA,4.31,NA,2,366,-0.780294936,34,Gulf of Maine/Bay of Fundy,Cold Temperate Northwest Atlantic,Temperate Northern Atlantic,Normandeau-Seabrook Station B31-13-62,20000615,36690,100.451745379877,2000,0.245118483412322,0.948282881058457,-1.19735964843422,0.172630173564753,0.823019330229425,-1.54794976660122,0.172630173564753,0.823019330229425,-1.54794976660122,1.588991,33,Cold Temperate Northwest Atlantic:Seabrook Station B31,Gulf of Maine/Bay of Fundy:Seabrook Station B31,11123,9113.73529411765,501,39,5,10
6147,13,Normandeau,Seabrook Station B31,42.892011,-70.808254,9.4,9.4,9.4,62,1,1,2001,24,15141,2001-06-15,NA,NA,3.57,1,NA,NA,NA,NA,3.57,NA,2,365,-0.18850133,34,Gulf of Maine/Bay of Fundy,Cold Temperate Northwest Atlantic,Temperate Northern Atlantic,Normandeau-Seabrook Station B31-13-62,20010615,37055,101.45106091718,2000,0.20303317535545,0.785468650899928,-1.34743827878195,0.142990654205607,0.681712067034582,-1.69802839694895,0.142990654205607,0.681712067034582,-1.69802839694895,1.588991,33,Cold Temperate Northwest Atlantic:Seabrook Station B31,Gulf of Maine/Bay of Fundy:Seabrook Station B31,11488,9113.73529411765,501,39,5,10
6148,13,Normandeau,Seabrook Station B31,42.892011,-70.808254,9.4,9.4,9.4,62,1,1,2002,25,15506,2002-06-15,NA,NA,4.54,7,NA,NA,NA,NA,4.54,NA,2,365,0.2405260474,34,Gulf of Maine/Bay of Fundy,Cold Temperate Northwest Atlantic,Temperate Northern Atlantic,Normandeau-Seabrook Station B31-13-62,20020615,37420,102.450376454483,2000,0.258199052132701,0.998887303945567,-1.15495698292887,0.181842456608812,0.866939155276471,-1.50554710109587,0.181842456608812,0.866939155276471,-1.50554710109587,1.588991,33,Cold Temperate Northwest Atlantic:Seabrook Station B31,Gulf of Maine/Bay of Fundy:Seabrook Station B31,11853,9113.73529411765,501,39,5,10
6149,13,Normandeau,Seabrook Station B31,42.892011,-70.808254,9.4,9.4,9.4,62,1,1,2003,26,15871,2003-06-15,NA,NA,5.14,5,NA,NA,NA,NA,5.14,NA,2,365,0.1242110853,34,Gulf of Maine/Bay of Fundy,Cold Temperate Northwest Atlantic,Temperate Northern Atlantic,Normandeau-Seabrook Station B31-13-62,20030615,37785,103.449691991786,2000,0.292322274881517,1.13089884191194,-1.05212674152902,0.205874499332443,0.981512611920938,-1.40271685969601,0.205874499332443,0.981512611920938,-1.40271685969601,1.588991,33,Cold Temperate Northwest Atlantic:Seabrook Station B31,Gulf of Maine/Bay of Fundy:Seabrook Station B31,12218,9113.73529411765,501,39,5,10
6150,13,Normandeau,Seabrook Station B31,42.892011,-70.808254,9.4,9.4,9.4,62,1,1,2004,27,16237,2004-06-15,NA,NA,7.79,10,NA,NA,NA,NA,7.79,NA,2,366,0.4149357563,34,Gulf of Maine/Bay of Fundy,Cold Temperate Northwest Atlantic,Temperate Northern Atlantic,Normandeau-Seabrook Station B31-13-62,20040615,38151,104.451745379877,2000,0.44303317535545,1.71394980126343,-0.69333677199098,0.312016021361816,1.48754537876734,-1.04392689015798,0.312016021361816,1.48754537876734,-1.04392689015798,1.588991,33,Cold Temperate Northwest Atlantic:Seabrook Station B31,Gulf of Maine/Bay of Fundy:Seabrook Station B31,12584,9113.73529411765,501,39,5,10
6151,13,Normandeau,Seabrook Station B31,42.892011,-70.808254,9.4,9.4,9.4,62,1,1,2005,28,16602,2005-06-15,NA,NA,8.18,10,NA,NA,NA,NA,8.18,NA,2,365,0.0488847505,34,Gulf of Maine/Bay of Fundy,Cold Temperate Northwest Atlantic,Temperate Northern Atlantic,Normandeau-Seabrook Station B31-13-62,20050615,38516,105.45106091718,2000,0.46521327014218,1.79975730094157,-0.649924279055667,0.327636849132176,1.56201812558624,-1.00051439722267,0.327636849132176,1.56201812558624,-1.00051439722267,1.588991,33,Cold Temperate Northwest Atlantic:Seabrook Station B31,Gulf of Maine/Bay of Fundy:Seabrook Station B31,12949,9113.73529411765,501,39,5,10
6152,13,Normandeau,Seabrook Station B31,42.892011,-70.808254,9.4,9.4,9.4,62,1,1,2006,29,16967,2006-06-15,NA,NA,6.99,16,NA,NA,NA,NA,6.99,NA,2,365,-0.157319274,34,Gulf of Maine/Bay of Fundy,Cold Temperate Northwest Atlantic,Temperate Northern Atlantic,Normandeau-Seabrook Station B31-13-62,20060615,38881,106.450376454483,2000,0.397535545023697,1.53793441730826,-0.788760723909883,0.279973297730307,1.33478076990805,-1.13935084207688,0.279973297730307,1.33478076990805,-1.13935084207688,1.588991,33,Cold Temperate Northwest Atlantic:Seabrook Station B31,Gulf of Maine/Bay of Fundy:Seabrook Station B31,13314,9113.73529411765,501,39,5,10
6153,13,Normandeau,Seabrook Station B31,42.892011,-70.808254,9.4,9.4,9.4,62,1,1,2007,30,17332,2007-06-15,NA,NA,5.88,13,NA,NA,NA,NA,5.88,NA,2,365,-0.173042235,34,Gulf of Maine/Bay of Fundy,Cold Temperate Northwest Atlantic,Temperate Northern Atlantic,Normandeau-Seabrook Station B31-13-62,20070615,39246,107.449691991786,2000,0.334407582938389,1.29371307207047,-0.938332831742814,0.235514018691589,1.12281987511578,-1.28892294990981,0.235514018691589,1.12281987511578,-1.28892294990981,1.588991,33,Cold Temperate Northwest Atlantic:Seabrook Station B31,Gulf of Maine/Bay of Fundy:Seabrook Station B31,13679,9113.73529411765,501,39,5,10
6154,13,Normandeau,Seabrook Station B31,42.892011,-70.808254,9.4,9.4,9.4,62,1,1,2008,31,17698,2008-06-15,NA,NA,5.88,7,NA,NA,NA,NA,5.88,NA,2,366,0,34,Gulf of Maine/Bay of Fundy,Cold Temperate Northwest Atlantic,Temperate Northern Atlantic,Normandeau-Seabrook Station B31-13-62,20080615,39612,108.451745379877,2000,0.334407582938389,1.29371307207047,-0.938332831742814,0.235514018691589,1.12281987511578,-1.28892294990981,0.235514018691589,1.12281987511578,-1.28892294990981,1.588991,33,Cold Temperate Northwest Atlantic:Seabrook Station B31,Gulf of Maine/Bay of Fundy:Seabrook Station B31,14045,9113.73529411765,501,39,5,10
6155,13,Normandeau,Seabrook Station B31,42.892011,-70.808254,9.4,9.4,9.4,62,1,1,2009,32,18063,2009-06-15,NA,NA,6.62,5,NA,NA,NA,NA,6.62,NA,2,365,0.1186197989,34,Gulf of Maine/Bay of Fundy,Cold Temperate Northwest Atlantic,Temperate Northern Atlantic,Normandeau-Seabrook Station B31-13-62,20090615,39977,109.45106091718,2000,0.376492890995261,1.456527302229,-0.836175113989511,0.265153538050734,1.26412713831062,-1.18676523215651,0.265153538050734,1.26412713831062,-1.18676523215651,1.588991,33,Cold Temperate Northwest Atlantic:Seabrook Station B31,Gulf of Maine/Bay of Fundy:Seabrook Station B31,14410,9113.73529411765,501,39,5,10
6156,13,Normandeau,Seabrook Station B31,42.892011,-70.808254,9.4,9.4,9.4,62,1,1,2010,33,18428,2010-06-15,NA,NA,6.86,2,NA,NA,NA,NA,6.86,NA,2,365,0.0356364636,34,Gulf of Maine/Bay of Fundy,Cold Temperate Northwest Atlantic,Temperate Northern Atlantic,Normandeau-Seabrook Station B31-13-62,20100615,40342,110.450376454483,2010,0.390142180094787,1.50933191741555,-0.805164877246951,0.274766355140187,1.30995652096841,-1.15575499541395,0.274766355140187,1.30995652096841,-1.15575499541395,1.588991,33,Cold Temperate Northwest Atlantic:Seabrook Station B31,Gulf of Maine/Bay of Fundy:Seabrook Station B31,14775,9113.73529411765,501,39,5,10
6157,13,Normandeau,Seabrook Station B31,42.892011,-70.808254,9.4,9.4,9.4,62,1,1,2011,34,18793,2011-06-15,NA,NA,5.88,4,NA,NA,NA,NA,5.88,NA,2,365,-0.154256262,34,Gulf of Maine/Bay of Fundy,Cold Temperate Northwest Atlantic,Temperate Northern Atlantic,Normandeau-Seabrook Station B31-13-62,20110615,40707,111.449691991786,2010,0.334407582938389,1.29371307207047,-0.938332831742814,0.235514018691589,1.12281987511578,-1.28892294990981,0.235514018691589,1.12281987511578,-1.28892294990981,1.588991,33,Cold Temperate Northwest Atlantic:Seabrook Station B31,Gulf of Maine/Bay of Fundy:Seabrook Station B31,15140,9113.73529411765,501,39,5,10
6158,13,Normandeau,Seabrook Station B35,42.892011,-70.808254,4.6,4.6,4.6,63,1,1,1985,1,9297,1985-06-15,NA,NA,2.34,11,NA,NA,NA,NA,2.34,NA,2,NA,NA,27,Gulf of Maine/Bay of Fundy,Cold Temperate Northwest Atlantic,Temperate Northern Atlantic,Normandeau-Seabrook Station B35-13-63,19850615,31211,85.45106091718,1980,0.133080568720379,0.514844998068861,-1.66098067669946,0.0937249666221629,0.446836480913423,-2.01157079486646,0.0937249666221629,0.446836480913423,-2.01157079486646,1.588991,26,Cold Temperate Northwest Atlantic:Seabrook Station B35,Gulf of Maine/Bay of Fundy:Seabrook Station B35,5644,10392.1111111111,502,39,5,10
6159,13,Normandeau,Seabrook Station B35,42.892011,-70.808254,4.6,4.6,4.6,63,1,1,1986,2,9662,1986-06-15,NA,NA,3.98,16,NA,NA,NA,NA,3.98,NA,2,365,0.5314946782,27,Gulf of Maine/Bay of Fundy,Cold Temperate Northwest Atlantic,Temperate Northern Atlantic,Normandeau-Seabrook Station B35-13-63,19860615,31576,86.4503764544832,1980,0.226350710900474,0.875676535176951,-1.2615215926515,0.159412550066756,0.760003929074968,-1.6121117108185,0.159412550066756,0.760003929074968,-1.6121117108185,1.588991,26,Cold Temperate Northwest Atlantic:Seabrook Station B35,Gulf of Maine/Bay of Fundy:Seabrook Station B35,6009,10392.1111111111,502,39,5,10
6160,13,Normandeau,Seabrook Station B35,42.892011,-70.808254,4.6,4.6,4.6,63,1,1,1987,3,10027,1987-06-15,NA,NA,4.96,15,NA,NA,NA,NA,4.96,NA,2,365,0.2202746912,27,Gulf of Maine/Bay of Fundy,Cold Temperate Northwest Atlantic,Temperate Northern Atlantic,Normandeau-Seabrook Station B35-13-63,19870615,31941,87.4496919917865,1980,0.282085308056872,1.09129538052203,-1.08188100261081,0.198664886515354,0.947140574927598,-1.43247112077781,0.198664886515354,0.947140574927598,-1.43247112077781,1.588991,26,Cold Temperate Northwest Atlantic:Seabrook Station B35,Gulf of Maine/Bay of Fundy:Seabrook Station B35,6374,10392.1111111111,502,39,5,10
6161,13,Normandeau,Seabrook Station B35,42.892011,-70.808254,4.6,4.6,4.6,63,1,1,1988,4,10393,1988-06-15,NA,NA,3.14,9,NA,NA,NA,NA,3.14,NA,2,366,-0.456246091,27,Gulf of Maine/Bay of Fundy,Cold Temperate Northwest Atlantic,Temperate Northern Atlantic,Normandeau-Seabrook Station B35-13-63,19880615,32307,88.4517453798768,1980,0.178578199052133,0.690860382024027,-1.44625569585084,0.125767690253672,0.599601089772713,-1.79684581401784,0.125767690253672,0.599601089772713,-1.79684581401784,1.588991,26,Cold Temperate Northwest Atlantic:Seabrook Station B35,Gulf of Maine/Bay of Fundy:Seabrook Station B35,6740,10392.1111111111,502,39,5,10
6162,13,Normandeau,Seabrook Station B35,42.892011,-70.808254,4.6,4.6,4.6,63,1,1,1989,5,10758,1989-06-15,NA,NA,1.89,12,NA,NA,NA,NA,1.89,NA,2,365,-0.507993674,27,Gulf of Maine/Bay of Fundy,Cold Temperate Northwest Atlantic,Temperate Northern Atlantic,Normandeau-Seabrook Station B35-13-63,19890615,32672,89.45106091718,1980,0.107488151658768,0.41583634459408,-1.80569498156373,0.0757009345794393,0.360906388430073,-2.15628509973072,0.0757009345794393,0.360906388430073,-2.15628509973072,1.588991,26,Cold Temperate Northwest Atlantic:Seabrook Station B35,Gulf of Maine/Bay of Fundy:Seabrook Station B35,7105,10392.1111111111,502,39,5,10
6163,13,Normandeau,Seabrook Station B35,42.892011,-70.808254,4.6,4.6,4.6,63,1,1,1990,6,11123,1990-06-15,NA,NA,1.96,13,NA,NA,NA,NA,1.96,NA,2,365,0.0363925535,27,Gulf of Maine/Bay of Fundy,Cold Temperate Northwest Atlantic,Temperate Northern Atlantic,Normandeau-Seabrook Station B35-13-63,19900615,33037,90.4503764544832,1990,0.111469194312796,0.431237690690157,-1.7817622153521,0.0785046728971963,0.37427329170526,-2.1323523335191,0.0785046728971963,0.37427329170526,-2.1323523335191,1.588991,26,Cold Temperate Northwest Atlantic:Seabrook Station B35,Gulf of Maine/Bay of Fundy:Seabrook Station B35,7470,10392.1111111111,502,39,5,10
6164,13,Normandeau,Seabrook Station B35,42.892011,-70.808254,4.6,4.6,4.6,63,1,1,1991,7,11488,1991-06-15,NA,NA,2.06,12,NA,NA,NA,NA,2.06,NA,2,365,0.0497955928,27,Gulf of Maine/Bay of Fundy,Cold Temperate Northwest Atlantic,Temperate Northern Atlantic,Normandeau-Seabrook Station B35-13-63,19910615,33402,91.4496919917865,1990,0.117156398104265,0.453239613684553,-1.74853656772378,0.0825100133511349,0.393368867812672,-2.09912668589077,0.0825100133511349,0.393368867812672,-2.09912668589077,1.588991,26,Cold Temperate Northwest Atlantic:Seabrook Station B35,Gulf of Maine/Bay of Fundy:Seabrook Station B35,7835,10392.1111111111,502,39,5,10
6165,13,Normandeau,Seabrook Station B35,42.892011,-70.808254,4.6,4.6,4.6,63,1,1,1992,8,11854,1992-06-15,NA,NA,2.73,25,NA,NA,NA,NA,2.73,NA,2,366,0.2810185862,27,Gulf of Maine/Bay of Fundy,Cold Temperate Northwest Atlantic,Temperate Northern Atlantic,Normandeau-Seabrook Station B35-13-63,19920615,33768,92.4517453798768,1990,0.155260663507109,0.600652497747004,-1.55054325003234,0.109345794392523,0.521309227732327,-1.90113336819934,0.109345794392523,0.521309227732327,-1.90113336819934,1.588991,26,Cold Temperate Northwest Atlantic:Seabrook Station B35,Gulf of Maine/Bay of Fundy:Seabrook Station B35,8201,10392.1111111111,502,39,5,10
6166,13,Normandeau,Seabrook Station B35,42.892011,-70.808254,4.6,4.6,4.6,63,1,1,1993,9,12219,1993-06-15,NA,NA,3.77,18,NA,NA,NA,NA,3.77,NA,2,365,0.3229944699,27,Gulf of Maine/Bay of Fundy,Cold Temperate Northwest Atlantic,Temperate Northern Atlantic,Normandeau-Seabrook Station B35-13-63,19930615,34133,93.45106091718,1990,0.214407582938389,0.82947249688872,-1.30460517878782,0.151001335113485,0.719903219249404,-1.65519529695481,0.151001335113485,0.719903219249404,-1.65519529695481,1.588991,26,Cold Temperate Northwest Atlantic:Seabrook Station B35,Gulf of Maine/Bay of Fundy:Seabrook Station B35,8566,10392.1111111111,502,39,5,10
6167,13,Normandeau,Seabrook Station B35,42.892011,-70.808254,4.6,4.6,4.6,63,1,1,1994,10,12584,1994-06-15,NA,NA,4.5,18,NA,NA,NA,NA,4.5,NA,2,365,0.1771236298,27,Gulf of Maine/Bay of Fundy,Cold Temperate Northwest Atlantic,Temperate Northern Atlantic,Normandeau-Seabrook Station B35-13-63,19940615,34498,94.4503764544832,1990,0.255924170616114,0.990086534747809,-1.16220339144964,0.180240320427236,0.859300924833506,-1.51279350961664,0.180240320427236,0.859300924833506,-1.51279350961664,1.588991,26,Cold Temperate Northwest Atlantic:Seabrook Station B35,Gulf of Maine/Bay of Fundy:Seabrook Station B35,8931,10392.1111111111,502,39,5,10
6168,13,Normandeau,Seabrook Station B35,42.892011,-70.808254,4.6,4.6,4.6,63,1,1,1995,11,12949,1995-06-15,NA,NA,3.04,6,NA,NA,NA,NA,3.04,NA,2,365,-0.392488525,27,Gulf of Maine/Bay of Fundy,Cold Temperate Northwest Atlantic,Temperate Northern Atlantic,Normandeau-Seabrook Station B35-13-63,19950615,34863,95.4496919917865,1990,0.172890995260664,0.668858459029631,-1.47070679171501,0.121762349799733,0.580505513665302,-1.82129690988201,0.121762349799733,0.580505513665302,-1.82129690988201,1.588991,26,Cold Temperate Northwest Atlantic:Seabrook Station B35,Gulf of Maine/Bay of Fundy:Seabrook Station B35,9296,10392.1111111111,502,39,5,10
6169,13,Normandeau,Seabrook Station B35,42.892011,-70.808254,4.6,4.6,4.6,63,1,1,1996,12,13315,1996-06-15,NA,NA,3.21,12,NA,NA,NA,NA,3.21,NA,2,366,0.0543019188,27,Gulf of Maine/Bay of Fundy,Cold Temperate Northwest Atlantic,Temperate Northern Atlantic,Normandeau-Seabrook Station B35-13-63,19960615,35229,96.4517453798768,1990,0.182559241706161,0.706261728120104,-1.42948883599378,0.128571428571429,0.612967993047901,-1.78007895416077,0.128571428571429,0.612967993047901,-1.78007895416077,1.588991,26,Cold Temperate Northwest Atlantic:Seabrook Station B35,Gulf of Maine/Bay of Fundy:Seabrook Station B35,9662,10392.1111111111,502,39,5,10
6170,13,Normandeau,Seabrook Station B35,42.892011,-70.808254,4.6,4.6,4.6,63,1,1,1997,13,13680,1997-06-15,NA,NA,4.36,14,NA,NA,NA,NA,4.36,NA,2,365,0.306410847,27,Gulf of Maine/Bay of Fundy,Cold Temperate Northwest Atlantic,Temperate Northern Atlantic,Normandeau-Seabrook Station B35-13-63,19970615,35594,97.45106091718,1990,0.247962085308057,0.959283842555655,-1.18798750860536,0.174632843791722,0.832567118283131,-1.53857762677235,0.174632843791722,0.832567118283131,-1.53857762677235,1.588991,26,Cold Temperate Northwest Atlantic:Seabrook Station B35,Gulf of Maine/Bay of Fundy:Seabrook Station B35,10027,10392.1111111111,502,39,5,10
6171,13,Normandeau,Seabrook Station B35,42.892011,-70.808254,4.6,4.6,4.6,63,1,1,1998,14,14045,1998-06-15,NA,NA,4.96,7,NA,NA,NA,NA,4.96,NA,2,365,0.1290219941,27,Gulf of Maine/Bay of Fundy,Cold Temperate Northwest Atlantic,Temperate Northern Atlantic,Normandeau-Seabrook Station B35-13-63,19980615,35959,98.4503764544832,1990,0.282085308056872,1.09129538052203,-1.08188100261081,0.198664886515354,0.947140574927598,-1.43247112077781,0.198664886515354,0.947140574927598,-1.43247112077781,1.588991,26,Cold Temperate Northwest Atlantic:Seabrook Station B35,Gulf of Maine/Bay of Fundy:Seabrook Station B35,10392,10392.1111111111,502,39,5,10
6172,13,Normandeau,Seabrook Station B35,42.892011,-70.808254,4.6,4.6,4.6,63,1,1,1999,15,14410,1999-06-15,NA,NA,4.64,18,NA,NA,NA,NA,4.64,NA,2,365,-0.066737054,27,Gulf of Maine/Bay of Fundy,Cold Temperate Northwest Atlantic,Temperate Northern Atlantic,Normandeau-Seabrook Station B35-13-63,19990615,36324,99.4496919917865,1990,0.263886255924171,1.02088922693996,-1.1370674181781,0.18584779706275,0.886034731383882,-1.4876575363451,0.18584779706275,0.886034731383882,-1.4876575363451,1.588991,26,Cold Temperate Northwest Atlantic:Seabrook Station B35,Gulf of Maine/Bay of Fundy:Seabrook Station B35,10757,10392.1111111111,502,39,5,10
6173,13,Normandeau,Seabrook Station B35,42.892011,-70.808254,4.6,4.6,4.6,63,1,1,2000,16,14776,2000-06-15,NA,NA,2.34,2,NA,NA,NA,NA,2.34,NA,2,366,-0.683160643,27,Gulf of Maine/Bay of Fundy,Cold Temperate Northwest Atlantic,Temperate Northern Atlantic,Normandeau-Seabrook Station B35-13-63,20000615,36690,100.451745379877,2000,0.133080568720379,0.514844998068861,-1.66098067669946,0.0937249666221629,0.446836480913423,-2.01157079486646,0.0937249666221629,0.446836480913423,-2.01157079486646,1.588991,26,Cold Temperate Northwest Atlantic:Seabrook Station B35,Gulf of Maine/Bay of Fundy:Seabrook Station B35,11123,10392.1111111111,502,39,5,10
6174,13,Normandeau,Seabrook Station B35,42.892011,-70.808254,4.6,4.6,4.6,63,1,1,2001,17,15141,2001-06-15,NA,NA,0.88,2,NA,NA,NA,NA,0.88,NA,2,365,-0.978654153,27,Gulf of Maine/Bay of Fundy,Cold Temperate Northwest Atlantic,Temperate Northern Atlantic,Normandeau-Seabrook Station B35-13-63,20010615,37055,101.45106091718,2000,0.0500473933649289,0.193616922350683,-2.23567970684621,0.0352469959946595,0.168041069745219,-2.58626982501321,0.0352469959946595,0.168041069745219,-2.58626982501321,1.588991,26,Cold Temperate Northwest Atlantic:Seabrook Station B35,Gulf of Maine/Bay of Fundy:Seabrook Station B35,11488,10392.1111111111,502,39,5,10
6175,13,Normandeau,Seabrook Station B35,42.892011,-70.808254,4.6,4.6,4.6,63,1,1,2002,18,15506,2002-06-15,NA,NA,1.19,2,NA,NA,NA,NA,1.19,NA,2,365,0.3019933818,27,Gulf of Maine/Bay of Fundy,Cold Temperate Northwest Atlantic,Temperate Northern Atlantic,Normandeau-Seabrook Station B35-13-63,20020615,37420,102.450376454483,2000,0.0676777251184834,0.261822883633309,-2.08304993985966,0.0476635514018692,0.227237355678194,-2.43364005802665,0.0476635514018692,0.227237355678194,-2.43364005802665,1.588991,26,Cold Temperate Northwest Atlantic:Seabrook Station B35,Gulf of Maine/Bay of Fundy:Seabrook Station B35,11853,10392.1111111111,502,39,5,10
6176,13,Normandeau,Seabrook Station B35,42.892011,-70.808254,4.6,4.6,4.6,63,1,1,2003,19,15871,2003-06-15,NA,NA,2.38,1,NA,NA,NA,NA,2.38,NA,2,365,0.6936219389,27,Gulf of Maine/Bay of Fundy,Cold Temperate Northwest Atlantic,Temperate Northern Atlantic,Normandeau-Seabrook Station B35-13-63,20030615,37785,103.449691991786,2000,0.135355450236967,0.523645767266619,-1.64907577419314,0.0953271028037383,0.454474711356388,-1.99966589236014,0.0953271028037383,0.454474711356388,-1.99966589236014,1.588991,26,Cold Temperate Northwest Atlantic:Seabrook Station B35,Gulf of Maine/Bay of Fundy:Seabrook Station B35,12218,10392.1111111111,502,39,5,10
6177,13,Normandeau,Seabrook Station B35,42.892011,-70.808254,4.6,4.6,4.6,63,1,1,2004,20,16237,2004-06-15,NA,NA,4.82,5,NA,NA,NA,NA,4.82,NA,2,366,0.7042273882,27,Gulf of Maine/Bay of Fundy,Cold Temperate Northwest Atlantic,Temperate Northern Atlantic,Normandeau-Seabrook Station B35-13-63,20040615,38151,104.451745379877,2000,0.274123222748815,1.06049268832988,-1.10565122194472,0.19305740987984,0.920406768377222,-1.45624134011172,0.19305740987984,0.920406768377222,-1.45624134011172,1.588991,26,Cold Temperate Northwest Atlantic:Seabrook Station B35,Gulf of Maine/Bay of Fundy:Seabrook Station B35,12584,10392.1111111111,502,39,5,10
6178,13,Normandeau,Seabrook Station B35,42.892011,-70.808254,4.6,4.6,4.6,63,1,1,2005,21,16602,2005-06-15,NA,NA,6.91,9,NA,NA,NA,NA,6.91,NA,2,365,0.3604424191,27,Gulf of Maine/Bay of Fundy,Cold Temperate Northwest Atlantic,Temperate Northern Atlantic,Normandeau-Seabrook Station B35-13-63,20050615,38516,105.45106091718,2000,0.392985781990521,1.52033287891275,-0.798823701908503,0.276769025367156,1.31950430902212,-1.1494138200755,0.276769025367156,1.31950430902212,-1.1494138200755,1.588991,26,Cold Temperate Northwest Atlantic:Seabrook Station B35,Gulf of Maine/Bay of Fundy:Seabrook Station B35,12949,10392.1111111111,502,39,5,10
6179,13,Normandeau,Seabrook Station B35,42.892011,-70.808254,4.6,4.6,4.6,63,1,1,2006,22,16967,2006-06-15,NA,NA,3.98,11,NA,NA,NA,NA,3.98,NA,2,365,-0.552065687,27,Gulf of Maine/Bay of Fundy,Cold Temperate Northwest Atlantic,Temperate Northern Atlantic,Normandeau-Seabrook Station B35-13-63,20060615,38881,106.450376454483,2000,0.226350710900474,0.875676535176951,-1.2615215926515,0.159412550066756,0.760003929074968,-1.6121117108185,0.159412550066756,0.760003929074968,-1.6121117108185,1.588991,26,Cold Temperate Northwest Atlantic:Seabrook Station B35,Gulf of Maine/Bay of Fundy:Seabrook Station B35,13314,10392.1111111111,502,39,5,10
6180,13,Normandeau,Seabrook Station B35,42.892011,-70.808254,4.6,4.6,4.6,63,1,1,2007,23,17332,2007-06-15,NA,NA,0.95,3,NA,NA,NA,NA,0.95,NA,2,365,-1.43355633,27,Gulf of Maine/Bay of Fundy,Cold Temperate Northwest Atlantic,Temperate Northern Atlantic,Normandeau-Seabrook Station B35-13-63,20070615,39246,107.449691991786,2000,0.0540284360189573,0.20901826844676,-2.19912211111241,0.0380507343124166,0.181407973020407,-2.54971222927941,0.0380507343124166,0.181407973020407,-2.54971222927941,1.588991,26,Cold Temperate Northwest Atlantic:Seabrook Station B35,Gulf of Maine/Bay of Fundy:Seabrook Station B35,13679,10392.1111111111,502,39,5,10
6181,13,Normandeau,Seabrook Station B35,42.892011,-70.808254,4.6,4.6,4.6,63,1,1,2008,24,17698,2008-06-15,NA,NA,1.12,7,NA,NA,NA,NA,1.12,NA,2,366,0.1642846396,27,Gulf of Maine/Bay of Fundy,Cold Temperate Northwest Atlantic,Temperate Northern Atlantic,Normandeau-Seabrook Station B35-13-63,20080615,39612,108.451745379877,2000,0.063696682464455,0.246421537537232,-2.11553539500414,0.0448598130841122,0.213870452403006,-2.46612551317114,0.0448598130841122,0.213870452403006,-2.46612551317114,1.588991,26,Cold Temperate Northwest Atlantic:Seabrook Station B35,Gulf of Maine/Bay of Fundy:Seabrook Station B35,14045,10392.1111111111,502,39,5,10
6182,13,Normandeau,Seabrook Station B35,42.892011,-70.808254,4.6,4.6,4.6,63,1,1,2009,25,18063,2009-06-15,NA,NA,3.56,18,NA,NA,NA,NA,3.56,NA,2,365,1.1572239362,27,Gulf of Maine/Bay of Fundy,Cold Temperate Northwest Atlantic,Temperate Northern Atlantic,Normandeau-Seabrook Station B35-13-63,20090615,39977,109.45106091718,2000,0.202464454976303,0.783268458600489,-1.34962886016177,0.142590120160214,0.67980250942384,-1.70021897832877,0.142590120160214,0.67980250942384,-1.70021897832877,1.588991,26,Cold Temperate Northwest Atlantic:Seabrook Station B35,Gulf of Maine/Bay of Fundy:Seabrook Station B35,14410,10392.1111111111,502,39,5,10
6183,13,Normandeau,Seabrook Station B35,42.892011,-70.808254,4.6,4.6,4.6,63,1,1,2010,26,18428,2010-06-15,NA,NA,3.07,19,NA,NA,NA,NA,3.07,NA,2,365,-0.14818441,27,Gulf of Maine/Bay of Fundy,Cold Temperate Northwest Atlantic,Temperate Northern Atlantic,Normandeau-Seabrook Station B35-13-63,20100615,40342,110.450376454483,2010,0.174597156398104,0.67545903592795,-1.46330848423356,0.122963951935915,0.586234186497525,-1.81389860240056,0.122963951935915,0.586234186497525,-1.81389860240056,1.588991,26,Cold Temperate Northwest Atlantic:Seabrook Station B35,Gulf of Maine/Bay of Fundy:Seabrook Station B35,14775,10392.1111111111,502,39,5,10
6184,13,Normandeau,Seabrook Station B35,42.892011,-70.808254,4.6,4.6,4.6,63,1,1,2011,27,18793,2011-06-15,NA,NA,2.34,14,NA,NA,NA,NA,2.34,NA,2,365,-0.271712609,27,Gulf of Maine/Bay of Fundy,Cold Temperate Northwest Atlantic,Temperate Northern Atlantic,Normandeau-Seabrook Station B35-13-63,20110615,40707,111.449691991786,2010,0.133080568720379,0.514844998068861,-1.66098067669946,0.0937249666221629,0.446836480913423,-2.01157079486646,0.0937249666221629,0.446836480913423,-2.01157079486646,1.588991,26,Cold Temperate Northwest Atlantic:Seabrook Station B35,Gulf of Maine/Bay of Fundy:Seabrook Station B35,15140,10392.1111111111,502,39,5,10
5994,13,Gagnon_etal_2004,Firman,50.206348,-63.687117,4,4,4,39,1,0.5,2000,1,14776,2000-06-15,NA,NA,37.4,NA,NA,NA,NA,NA,37.4,NA,2,NA,NA,3,Gulf of St. Lawrence - Eastern Scotian Shelf,Cold Temperate Northwest Atlantic,Temperate Northern Atlantic,Gagnon_etal_2004-Firman-13-39,20000615,36690,100.451745379877,2000,1.98936170223348,2.75912882600763,0.714200589810969,1.49799732977303,7.14174546417181,0.430515857738617,1.49799732977303,7.14174546417181,0.430515857738617,8.903328,2,Cold Temperate Northwest Atlantic:Firman,Gulf of St. Lawrence - Eastern Scotian Shelf:Firman,11123,11488,245,22,5,11
5995,13,Gagnon_etal_2004,Firman,50.206348,-63.687117,4,4,4,39,1,0.5,2001,2,15141,2001-06-15,NA,NA,7.166667,NA,NA,NA,NA,NA,7.166666667,NA,2,365,-1.653361722,3,Gulf of St. Lawrence - Eastern Scotian Shelf,Cold Temperate Northwest Atlantic,Temperate Northern Atlantic,Gagnon_etal_2004-Firman-13-39,20010615,37055,101.45106091718,2000,0.381205673796873,0.52871006917935,-0.833796040859324,0.287049399212283,1.36851628776146,-1.11748077293168,0.287049399212283,1.36851628776146,-1.11748077293168,8.903328,2,Cold Temperate Northwest Atlantic:Firman,Gulf of St. Lawrence - Eastern Scotian Shelf:Firman,11488,11488,245,22,5,11
5996,13,Gagnon_etal_2004,Firman,50.206348,-63.687117,4,4,4,39,1,0.5,2002,3,15506,2002-06-15,NA,NA,11.83333,NA,NA,NA,NA,NA,11.83333333,NA,2,365,0.5018232403,3,Gulf of St. Lawrence - Eastern Scotian Shelf,Cold Temperate Northwest Atlantic,Temperate Northern Atlantic,Gagnon_etal_2004-Firman-13-39,20020615,37420,102.450376454483,2000,0.629432623969651,0.872986393009621,-0.381810917416823,0.473965286915888,2.25964317207381,-0.665495649489175,0.473965286915888,2.25964317207381,-0.665495649489175,8.903328,2,Cold Temperate Northwest Atlantic:Firman,Gulf of St. Lawrence - Eastern Scotian Shelf:Firman,11853,11488,245,22,5,11
5997,13,Gagnon_etal_2004,Havre,50.210766,-63.639106,4,4,4,40,1,0.5,2000,1,14776,2000-06-15,NA,NA,4.166667,NA,NA,NA,NA,NA,4.166666667,NA,2,NA,NA,3,Gulf of St. Lawrence - Eastern Scotian Shelf,Cold Temperate Northwest Atlantic,Temperate Northern Atlantic,Gagnon_etal_2004-Havre-13-40,20000615,36690,100.451745379877,2000,0.221631205703278,0.307389575114567,-1.2916291344611,0.166889185594126,0.795649004539121,-1.57531386653346,0.166889185594126,0.795649004539121,-1.57531386653346,8.907746,2,Cold Temperate Northwest Atlantic:Havre,Gulf of St. Lawrence - Eastern Scotian Shelf:Havre,11123,11488,246,22,5,11
5998,13,Gagnon_etal_2004,Havre,50.210766,-63.639106,4,4,4,40,1,0.5,2001,2,15141,2001-06-15,NA,NA,2.466667,NA,NA,NA,NA,NA,2.466666667,NA,2,365,-0.524607718,3,Gulf of St. Lawrence - Eastern Scotian Shelf,Cold Temperate Northwest Atlantic,Temperate Northern Atlantic,Gagnon_etal_2004-Havre-13-40,20010615,37055,101.45106091718,2000,0.131205673783575,0.181974628477857,-1.69066335220734,0.0987983978771696,0.471024210713129,-1.97434808427969,0.0987983978771696,0.471024210713129,-1.97434808427969,8.907746,2,Cold Temperate Northwest Atlantic:Havre,Gulf of St. Lawrence - Eastern Scotian Shelf:Havre,11488,11488,246,22,5,11
5999,13,Gagnon_etal_2004,Havre,50.210766,-63.639106,4,4,4,40,1,0.5,2002,3,15506,2002-06-15,NA,NA,1.666667,NA,NA,NA,NA,NA,1.666666667,NA,2,365,-0.39231061,3,Gulf of St. Lawrence - Eastern Scotian Shelf,Cold Temperate Northwest Atlantic,Temperate Northern Atlantic,Gagnon_etal_2004-Havre-13-40,20020615,37420,102.450376454483,2000,0.0886524822919496,0.122955830060582,-1.95302761664599,0.0667556742456609,0.318259601853839,-2.23671234871834,0.0667556742456609,0.318259601853839,-2.23671234871834,8.907746,2,Cold Temperate Northwest Atlantic:Havre,Gulf of St. Lawrence - Eastern Scotian Shelf:Havre,11853,11488,246,22,5,11
537,3,witman_gom,Boon Island,43.121676,-70.47571,10,10,10,1,36,0.25,1996,1,13301,1996-06-01,NA,2.5,2.5,NA,NA,3.40168,3.40168,NA,2.5,3.4016802571,3,NA,NA,3,Gulf of Maine/Bay of Fundy,Cold Temperate Northwest Atlantic,Temperate Northern Atlantic,witman_gom-Boon Island-3-1,19960601,35215,96.413415468857,1990,0.109313511149978,0.290336280790901,-1.87706303953932,0.0245686831183166,0.216767399632909,-3.36981045440233,0.109313511149978,0.290336280790901,-1.87706303953932,1.818656,2,Cold Temperate Northwest Atlantic:Boon Island,Gulf of Maine/Bay of Fundy:Boon Island,9648,10023,848,65,5,10
538,3,witman_gom,Boon Island,43.121676,-70.47571,10,10,10,1,36,0.25,1997,2,13696,1997-07-01,NA,0.666667,0.666667,NA,NA,1.956674,1.956674,NA,0.6666666667,1.9566735621,3,395,-1.222205875,3,Gulf of Maine/Bay of Fundy,Cold Temperate Northwest Atlantic,Temperate Northern Atlantic,witman_gom-Boon Island-3-1,19970701,35610,97.4948665297741,1990,0.0291502696414517,0.0774230082147781,-2.6190003842487,0.00655164883187867,0.0578046399049994,-4.1117477991117,0.0291502696414517,0.0774230082147781,-2.6190003842487,1.818656,2,Cold Temperate Northwest Atlantic:Boon Island,Gulf of Maine/Bay of Fundy:Boon Island,10043,10023,848,65,5,10
539,3,witman_gom,Boon Island,43.121676,-70.47571,10,10,10,1,33,0.25,1998,3,14031,1998-06-01,NA,4.212121,4.212121,NA,NA,4.428301,4.428301,NA,4.2121212121,4.4283008575,3,335,2.009890591,3,Gulf of Maine/Bay of Fundy,Cold Temperate Northwest Atlantic,Temperate Northern Atlantic,witman_gom-Boon Island-3-1,19980601,35945,98.4120465434634,1990,0.184176703633581,0.48917264278463,-1.47883909269179,0.0413945085264098,0.365220224834214,-2.97158650755479,0.184176703633581,0.48917264278463,-1.47883909269179,1.818656,2,Cold Temperate Northwest Atlantic:Boon Island,Gulf of Maine/Bay of Fundy:Boon Island,10378,10023,848,65,5,10
540,3,witman_gom,Kennebunk Ledge,43.653528,-70.223764,10,10,10,2,36,0.25,1996,1,13347,1996-07-17,NA,1.638889,1.638889,NA,NA,2.257088,2.257088,NA,1.6388888889,2.2570876023,3,NA,NA,3,Gulf of Maine/Bay of Fundy,Cold Temperate Northwest Atlantic,Temperate Northern Atlantic,witman_gom-Kennebunk Ledge-3-2,19960717,35261,96.539356605065,1990,0.0716610795321382,0.190331561853103,-2.15946805488605,0.0161061367110056,0.142103073093648,-3.65221546974905,0.0716610795321382,0.190331561853103,-2.15946805488605,2.350508,2,Cold Temperate Northwest Atlantic:Kennebunk Ledge,Gulf of Maine/Bay of Fundy:Kennebunk Ledge,9694,10028.3333333333,849,65,5,10
541,3,witman_gom,Kennebunk Ledge,43.653528,-70.223764,10,10,10,2,36,0.25,1997,2,13666,1997-06-01,NA,5.944444,5.944444,NA,NA,6.288059,6.288059,NA,5.9444444444,6.2880587258,3,319,1.475241969,3,Gulf of Maine/Bay of Fundy,Cold Temperate Northwest Atlantic,Temperate Northern Atlantic,witman_gom-Kennebunk Ledge-3-2,19970601,35580,97.4127310061602,1990,0.259923237621338,0.690355156542092,-1.19188402863495,0.0584188687475604,0.515424705789953,-2.68463144349796,0.259923237621338,0.690355156542092,-1.19188402863495,2.350508,2,Cold Temperate Northwest Atlantic:Kennebunk Ledge,Gulf of Maine/Bay of Fundy:Kennebunk Ledge,10013,10028.3333333333,849,65,5,10
542,3,witman_gom,Kennebunk Ledge,43.653528,-70.223764,10,10,10,2,35,0.25,1998,3,14031,1998-06-01,NA,2.428571,2.428571,NA,NA,2.626625,2.626625,NA,2.4285714286,2.6266251472,3,365,-0.895767001,3,Gulf of Maine/Bay of Fundy,Cold Temperate Northwest Atlantic,Temperate Northern Atlantic,witman_gom-Kennebunk Ledge-3-2,19980601,35945,98.4120465434634,1990,0.106190267975514,0.282040958485908,-1.89768232673372,0.0238667207437883,0.210574045360161,-3.39042974159673,0.106190267975514,0.282040958485908,-1.89768232673372,2.350508,2,Cold Temperate Northwest Atlantic:Kennebunk Ledge,Gulf of Maine/Bay of Fundy:Kennebunk Ledge,10378,10028.3333333333,849,65,5,10
543,3,witman_gom,Murray Rock,43.071741,-70.608241,10,10,10,3,1,0.25,1983,1,8552,1983-06-01,NA,30.74,30.74,NA,NA,NA,NA,NA,30.74,NA,3,NA,NA,5,Gulf of Maine/Bay of Fundy,Cold Temperate Northwest Atlantic,Temperate Northern Atlantic,witman_gom-Murray Rock-3-3,19830601,30466,83.4113620807666,1980,1.34411893310013,3.56997490860492,0.327751707063573,0.302096527622821,2.66537194588625,-1.16499570779943,1.34411893310013,3.56997490860492,0.327751707063573,1.76872100000001,15,Cold Temperate Northwest Atlantic:Murray Rock,Gulf of Maine/Bay of Fundy:Murray Rock,4899,8868.4,850,65,5,10
544,3,witman_gom,Murray Rock,43.071741,-70.608241,10,10,10,3,24,0.25,1995,2,13057,1995-10-01,NA,0.333333,0.333333,NA,NA,0.868115,0.868115,NA,0.3333333333,0.8681147323,3,4505,-0.366804808,5,Gulf of Maine/Bay of Fundy,Cold Temperate Northwest Atlantic,Temperate Northern Atlantic,witman_gom-Murray Rock-3-3,19951001,34971,95.7453798767967,1990,0.0145751348185396,0.0387115041015823,-2.84214393560791,0.00327582441544796,0.0289023199481643,-4.33489135047091,0.0145751348185396,0.0387115041015823,-2.84214393560791,1.76872100000001,15,Cold Temperate Northwest Atlantic:Murray Rock,Gulf of Maine/Bay of Fundy:Murray Rock,9404,8868.4,850,65,5,10
545,3,witman_gom,Murray Rock,43.071741,-70.608241,10,10,10,3,32,0.25,1996,3,13301,1996-06-01,NA,0.5625,0.5625,NA,NA,0.715609,0.715609,NA,0.5625,0.7156093726,3,244,0.7832638709,5,Gulf of Maine/Bay of Fundy,Cold Temperate Northwest Atlantic,Temperate Northern Atlantic,witman_gom-Murray Rock-3-3,19960601,35215,96.413415468857,1990,0.0245955400087451,0.0653256631779527,-2.68353890540627,0.00552795370162123,0.0487726649174046,-4.17628632026928,0.0245955400087451,0.0653256631779527,-2.68353890540627,1.76872100000001,15,Cold Temperate Northwest Atlantic:Murray Rock,Gulf of Maine/Bay of Fundy:Murray Rock,9648,8868.4,850,65,5,10
546,3,witman_gom,Murray Rock,43.071741,-70.608241,10,10,10,3,32,0.25,1997,4,13666,1997-06-01,NA,0.5,0.5,NA,NA,0.983739,0.983739,NA,0.5,0.9837387537,3,365,-0.117863709,5,Gulf of Maine/Bay of Fundy,Cold Temperate Northwest Atlantic,Temperate Northern Atlantic,witman_gom-Murray Rock-3-3,19970601,35580,97.4127310061602,1990,0.0218627022299956,0.0580672561581802,-2.72436089992653,0.00491373662366331,0.0433534799265819,-4.21710831478953,0.0218627022299956,0.0580672561581802,-2.72436089992653,1.76872100000001,15,Cold Temperate Northwest Atlantic:Murray Rock,Gulf of Maine/Bay of Fundy:Murray Rock,10013,8868.4,850,65,5,10
547,3,witman_gom,Murray Rock,43.071741,-70.608241,10,10,10,3,28,0.25,1998,5,14031,1998-06-01,NA,0.178571,0.178571,NA,NA,0.390021,0.390021,NA,0.1785714286,0.3900210278,3,365,-1.030324636,5,Gulf of Maine/Bay of Fundy,Cold Temperate Northwest Atlantic,Temperate Northern Atlantic,witman_gom-Murray Rock-3-3,19980601,35945,98.4120465434634,1990,0.00780810794053345,0.0207383057740968,-2.96552295671917,0.0017549059373034,0.0154833856905423,-4.45827037158218,0.00780810794053345,0.0207383057740968,-2.96552295671917,1.76872100000001,15,Cold Temperate Northwest Atlantic:Murray Rock,Gulf of Maine/Bay of Fundy:Murray Rock,10378,8868.4,850,65,5,10
548,3,witman_gom,Star Island,42.975744,-70.616525,10,10,10,4,1,0.25,1979,1,7121,1979-07-01,NA,21.87,21.87,NA,NA,NA,NA,NA,21.87,NA,3,NA,NA,5,Gulf of Maine/Bay of Fundy,Cold Temperate Northwest Atlantic,Temperate Northern Atlantic,witman_gom-Star Island-3-4,19790701,29035,79.4934976043806,1970,0.956274595540009,2.5398617843588,0,0.214926839919033,1.89628121198869,-1.49274741486301,0.956274595540009,2.5398617843588,0,1.672724,35,Cold Temperate Northwest Atlantic:Star Island,Gulf of Maine/Bay of Fundy:Star Island,3468,9950.6,851,65,5,10
549,3,witman_gom,Star Island,42.975744,-70.616525,10,10,10,4,33,0.25,1996,2,13331,1996-07-01,NA,0,0,NA,NA,0,0,NA,0,0,3,6210,-9999,5,Gulf of Maine/Bay of Fundy,Cold Temperate Northwest Atlantic,Temperate Northern Atlantic,witman_gom-Star Island-3-4,19960701,35245,96.4955509924709,1990,0,0,-3.12982600803469,0,0,-4.62257342289769,0,0,-3.12982600803469,1.672724,35,Cold Temperate Northwest Atlantic:Star Island,Gulf of Maine/Bay of Fundy:Star Island,9678,9950.6,851,65,5,10
550,3,witman_gom,Star Island,42.975744,-70.616525,10,10,10,4,36,0.25,1997,3,13666,1997-06-01,NA,0.416667,0.416667,NA,NA,0.731925,0.731925,NA,0.4166666667,0.7319250547,3,335,9999,5,Gulf of Maine/Bay of Fundy,Cold Temperate Northwest Atlantic,Temperate Northern Atlantic,witman_gom-Star Island-3-4,19970601,35580,97.4127310061602,1990,0.0182189185264539,0.048389380135688,-2.78151931374294,0.00409478052004701,0.0361278999417084,-4.27426672860595,0.0182189185264539,0.048389380135688,-2.78151931374294,1.672724,35,Cold Temperate Northwest Atlantic:Star Island,Gulf of Maine/Bay of Fundy:Star Island,10013,9950.6,851,65,5,10
551,3,witman_gom,Star Island,42.975744,-70.616525,10,10,10,4,30,0.25,1998,4,14031,1998-06-01,NA,0.1,0.1,NA,NA,0.305129,0.305129,NA,0.1,0.3051285766,3,365,-1.428093833,5,Gulf of Maine/Bay of Fundy,Cold Temperate Northwest Atlantic,Temperate Northern Atlantic,witman_gom-Star Island-3-4,19980601,35945,98.4120465434634,1990,0.00437254044599913,0.011613451231636,-3.03451582823037,9.82747324732663e-4,0.00867069598531637,-4.52726324309337,0.00437254044599913,0.011613451231636,-3.03451582823037,1.672724,35,Cold Temperate Northwest Atlantic:Star Island,Gulf of Maine/Bay of Fundy:Star Island,10378,9950.6,851,65,5,10
552,3,witman_gom,Star Island,42.975744,-70.616525,10,10,10,4,29,0.25,2014,5,19869,2014-05-26,NA,0.965517,0.965517,NA,NA,1.117483,1.117483,NA,0.9655172414,1.1174830974,3,5838,0.1418640118,5,Gulf of Maine/Bay of Fundy,Cold Temperate Northwest Atlantic,Temperate Northern Atlantic,witman_gom-Star Island-3-4,20140526,41783,114.395619438741,2010,0.04221763189331,0.112129873963027,-2.45407057017609,0.0094885948596911,0.0837170646876072,-3.94681798503909,0.04221763189331,0.112129873963027,-2.45407057017609,1.672724,35,Cold Temperate Northwest Atlantic:Star Island,Gulf of Maine/Bay of Fundy:Star Island,16216,9950.6,851,65,5,10
2393,9,Miller (1985),Coyle Cove,44.51,-63.8,8.5,8.5,8.5,37,1,1,1981,1,7866,1981-07-15,1.7,NA,NA,NA,NA,NA,NA,NA,1.7,NA,4,NA,NA,6,Scotian Shelf,Cold Temperate Northwest Atlantic,Temperate Northern Atlantic,Miller (1985)-Coyle Cove-9-37,19810715,29780,81.533196440794,1980,0.268845545598313,0.968083860342447,-0.85099472226853,0.0548387096774194,0.289062192038958,-2.44073543147486,0.0582857142857143,0.243804209257698,-2.37977473168518,3.20698,2,Cold Temperate Northwest Atlantic:Coyle Cove,Scotian Shelf:Coyle Cove,4213,4472,496,36,5,24
2394,9,Miller (1985),Coyle Cove,44.51,-63.8,8.5,8.5,8.5,37,1,1,1981,2,7897,1981-08-15,1.5,NA,NA,NA,NA,NA,NA,NA,1.5,NA,4,31,-1.47470445,6,Scotian Shelf,Cold Temperate Northwest Atlantic,Temperate Northern Atlantic,Miller (1985)-Coyle Cove-9-37,19810815,29811,81.6180698151951,1980,0.237216657880865,0.85419164147863,-0.927955763404658,0.0483870967741935,0.255054875328492,-2.51769647261099,0.0514285714285714,0.215121361109734,-2.4567357728213,3.20698,2,Cold Temperate Northwest Atlantic:Coyle Cove,Scotian Shelf:Coyle Cove,4244,4472,496,36,5,24
2395,9,Miller (1985),Coyle Cove,44.51,-63.8,8.5,8.5,8.5,37,1,1,1981,3,8019,1981-12-15,1.3,NA,NA,NA,NA,NA,NA,NA,1.3,NA,4,122,-0.428422813,6,Scotian Shelf,Cold Temperate Northwest Atlantic,Temperate Northern Atlantic,Miller (1985)-Coyle Cove-9-37,19811215,29933,81.9520876112252,1980,0.205587770163416,0.740299422614812,-1.01133737234371,0.0419354838709677,0.221047558618027,-2.60107808155004,0.0445714285714286,0.186438512961769,-2.54011738176035,3.20698,2,Cold Temperate Northwest Atlantic:Coyle Cove,Scotian Shelf:Coyle Cove,4366,4472,496,36,5,24
2396,9,Miller (1985),Coyle Cove,44.51,-63.8,8.5,8.5,8.5,37,1,1,1982,4,8140,1982-04-15,2.2,NA,NA,NA,NA,NA,NA,NA,2.2,NA,4,121,1.5880620105,6,Scotian Shelf,Cold Temperate Northwest Atlantic,Temperate Northern Atlantic,Miller (1985)-Coyle Cove-9-37,19820415,30054,82.2833675564682,1980,0.347917764891935,1.25281440750199,-0.681095685473132,0.0709677419354839,0.374080483815122,-2.27083639467947,0.0754285714285714,0.315511329627609,-2.20987569488978,3.20698,2,Cold Temperate Northwest Atlantic:Coyle Cove,Scotian Shelf:Coyle Cove,4487,4472,496,36,5,24
2397,9,Miller (1985),Coyle Cove,44.51,-63.8,8.5,8.5,8.5,37,1,1,1982,5,8262,1982-08-15,2.2,NA,NA,NA,NA,NA,NA,NA,2.2,NA,4,122,0,6,Scotian Shelf,Cold Temperate Northwest Atlantic,Temperate Northern Atlantic,Miller (1985)-Coyle Cove-9-37,19820815,30176,82.6173853524983,1980,0.347917764891935,1.25281440750199,-0.681095685473132,0.0709677419354839,0.374080483815122,-2.27083639467947,0.0754285714285714,0.315511329627609,-2.20987569488978,3.20698,2,Cold Temperate Northwest Atlantic:Coyle Cove,Scotian Shelf:Coyle Cove,4609,4472,496,36,5,24
2398,9,Miller (1985),Coyle Cove,44.51,-63.8,8.5,8.5,8.5,37,1,1,1983,6,8566,1983-06-15,2.1,NA,NA,NA,NA,NA,NA,NA,2.1,NA,4,304,-0.055892881,6,Scotian Shelf,Cold Temperate Northwest Atlantic,Temperate Northern Atlantic,Miller (1985)-Coyle Cove-9-37,19830615,30480,83.4496919917865,1980,0.33210332103321,1.19586829807008,-0.712844383787713,0.067741935483871,0.357076825459889,-2.30258509299405,0.072,0.301169905553627,-2.24162439320436,3.20698,2,Cold Temperate Northwest Atlantic:Coyle Cove,Scotian Shelf:Coyle Cove,4913,4472,496,36,5,24
2409,9,"Scheibling & Gagnon 2009, Kelly",Little Duck Island,44.3666667,-64.183333,6,6,6,43,1,1,1992,1,11915,1992-08-15,0.5,NA,38,NA,NA,NA,NA,NA,0.5,NA,4,NA,NA,8,Scotian Shelf,Cold Temperate Northwest Atlantic,Temperate Northern Atlantic,"Scheibling & Gagnon 2009, Kelly-Little Duck Island-9-43",19920815,33829,92.6187542778919,1990,0.0790722192936215,0.284730547159543,-1.43878138717065,0.0161290322580645,0.0850182917761641,-3.02852209637698,0.0171428571428571,0.0717071203699112,-2.96756139658729,3.06364670000001,10,Cold Temperate Northwest Atlantic:Little Duck Island,Scotian Shelf:Little Duck Island,8262,9859.625,807,54,5,24
2410,9,"Scheibling & Gagnon 2009, Kelly",Little Duck Island,44.3666667,-64.183333,6,6,6,43,1,1,1993,2,12280,1993-08-15,3.2,NA,21,NA,NA,NA,NA,NA,3.2,NA,4,365,1.8575694273,8,Scotian Shelf,Cold Temperate Northwest Atlantic,Temperate Northern Atlantic,"Scheibling & Gagnon 2009, Kelly-Little Duck Island-9-43",19930815,34194,93.6180698151951,1990,0.506062203479178,1.82227550182108,-0.409161969989491,0.103225806451613,0.544117067367451,-1.99890267919582,0.109714285714286,0.458925570367432,-1.93794197940614,3.06364670000001,10,Cold Temperate Northwest Atlantic:Little Duck Island,Scotian Shelf:Little Duck Island,8627,9859.625,807,54,5,24
2411,9,"Scheibling & Gagnon 2009, Kelly",Little Duck Island,44.3666667,-64.183333,6,6,6,43,1,1,1994,3,12645,1994-08-15,0.9,NA,40,NA,NA,NA,NA,NA,0.9,NA,4,365,-1.269380169,8,Scotian Shelf,Cold Temperate Northwest Atlantic,Temperate Northern Atlantic,"Scheibling & Gagnon 2009, Kelly-Little Duck Island-9-43",19940815,34559,94.6173853524983,1990,0.142329994728519,0.512514984887178,-1.20239260910642,0.0290322580645161,0.153032925197095,-2.79213331831275,0.0308571428571429,0.12907281666584,-2.73117261852306,3.06364670000001,10,Cold Temperate Northwest Atlantic:Little Duck Island,Scotian Shelf:Little Duck Island,8992,9859.625,807,54,5,24
2412,9,"Scheibling & Gagnon 2009, Kelly",Little Duck Island,44.3666667,-64.183333,6,6,6,43,1,1,1995,4,13010,1995-08-15,5.8,NA,45,NA,NA,NA,NA,NA,5.8,NA,4,365,1.8644946102,8,Scotian Shelf,Cold Temperate Northwest Atlantic,Temperate Northern Atlantic,"Scheibling & Gagnon 2009, Kelly-Little Duck Island-9-43",19950815,34924,95.6167008898015,1990,0.917237743806009,3.3028743470507,0.0726761169032477,0.187096774193548,0.986212184603504,-1.51706459230309,0.198857142857143,0.83180259629097,-1.4561038925134,3.06364670000001,10,Cold Temperate Northwest Atlantic:Little Duck Island,Scotian Shelf:Little Duck Island,9357,9859.625,807,54,5,24
2413,9,"Scheibling & Gagnon 2009, Kelly",Little Duck Island,44.3666667,-64.183333,6,6,6,43,1,1,1997,5,13741,1997-08-15,2.8,NA,26,NA,NA,NA,NA,NA,2.8,NA,4,731,-0.363870195,8,Scotian Shelf,Cold Temperate Northwest Atlantic,Temperate Northern Atlantic,"Scheibling & Gagnon 2009, Kelly-Little Duck Island-9-43",19970815,35655,97.6180698151951,1990,0.44280442804428,1.59449106409344,-0.509245428546473,0.0903225806451613,0.476102433946519,-2.09898613775281,0.096,0.401559874071503,-2.03802543796312,3.06364670000001,10,Cold Temperate Northwest Atlantic:Little Duck Island,Scotian Shelf:Little Duck Island,10088,9859.625,807,54,5,24
2414,9,"Scheibling & Gagnon 2009, Kelly",Little Duck Island,44.3666667,-64.183333,6,6,6,43,1,1,1998,6,14106,1998-08-15,2.2,NA,60,NA,NA,NA,NA,NA,2.2,NA,4,365,-0.241327236,8,Scotian Shelf,Cold Temperate Northwest Atlantic,Temperate Northern Atlantic,"Scheibling & Gagnon 2009, Kelly-Little Duck Island-9-43",19980815,36020,98.6173853524983,1990,0.347917764891935,1.25281440750199,-0.681095685473132,0.0709677419354839,0.374080483815122,-2.27083639467947,0.0754285714285714,0.315511329627609,-2.20987569488978,3.06364670000001,10,Cold Temperate Northwest Atlantic:Little Duck Island,Scotian Shelf:Little Duck Island,10453,9859.625,807,54,5,24
2415,9,"Scheibling & Gagnon 2009, Kelly",Little Duck Island,44.3666667,-64.183333,6,6,6,43,1,1,2000,7,14837,2000-08-15,0.3,NA,8,NA,NA,NA,NA,NA,0.3,NA,4,731,-0.995533677,8,Scotian Shelf,Cold Temperate Northwest Atlantic,Temperate Northern Atlantic,"Scheibling & Gagnon 2009, Kelly-Little Duck Island-9-43",20000815,36751,100.618754277892,2000,0.0474433315761729,0.170838328295726,-1.58188223081132,0.00967741935483871,0.0510109750656985,-3.17162294001766,0.0102857142857143,0.0430242722219467,-3.11066224022797,3.06364670000001,10,Cold Temperate Northwest Atlantic:Little Duck Island,Scotian Shelf:Little Duck Island,11184,9859.625,807,54,5,24
2416,9,"Scheibling & Gagnon 2009, Kelly",Little Duck Island,44.3666667,-64.183333,6,6,6,43,1,1,2002,8,15567,2002-08-15,0.1,NA,8,NA,NA,NA,NA,NA,0.1,NA,4,730,-0.549682381,8,Scotian Shelf,Cold Temperate Northwest Atlantic,Temperate Northern Atlantic,"Scheibling & Gagnon 2009, Kelly-Little Duck Island-9-43",20020815,37481,102.617385352498,2000,0.0158144438587243,0.0569461094319086,-1.74893631547449,0.0032258064516129,0.0170036583552328,-3.33867702468082,0.00342857142857143,0.0143414240739822,-3.27771632489113,3.06364670000001,10,Cold Temperate Northwest Atlantic:Little Duck Island,Scotian Shelf:Little Duck Island,11914,9859.625,807,54,5,24
6264,13,Smith_ 1985,Nova Scotia_ Lobster Bay_ Ram Island - Site D,43.679202,-65.878484,6,6,6,81,1,0.25,1980,1,7501,1980-07-15,1.8,NA,NA,NA,NA,NA,NA,NA,1.8,NA,4,NA,NA,3,Scotian Shelf,Cold Temperate Northwest Atlantic,Temperate Northern Atlantic,Smith_ 1985-Nova Scotia_ Lobster Bay_ Ram Island - Site D-13-81,19800715,29415,80.5338809034908,1980,0.284659989457037,1.02502996977436,-0.814627078097655,0.0580645161290323,0.306065850394191,-2.40436778730399,0.0617142857142857,0.25814563333168,-2.3434070875143,2.376182,2,Cold Temperate Northwest Atlantic:Nova Scotia_ Lobster Bay_ Ram Island - Site D,Scotian Shelf:Nova Scotia_ Lobster Bay_ Ram Island - Site D,3848,4213,810,56,5,24
6265,13,Smith_ 1985,Nova Scotia_ Lobster Bay_ Ram Island - Site D,43.679202,-65.878484,6,6,6,81,1,0.25,1981,2,7866,1981-07-15,3,NA,NA,NA,NA,NA,NA,NA,3,NA,4,365,0.5111755043,3,Scotian Shelf,Cold Temperate Northwest Atlantic,Temperate Northern Atlantic,Smith_ 1985-Nova Scotia_ Lobster Bay_ Ram Island - Site D-13-81,19810715,29780,81.533196440794,1980,0.474433315761729,1.70838328295726,-0.457952134158922,0.0967741935483871,0.510109750656985,-2.04769284336526,0.102857142857143,0.430242722219467,-1.98673214357557,2.376182,2,Cold Temperate Northwest Atlantic:Nova Scotia_ Lobster Bay_ Ram Island - Site D,Scotian Shelf:Nova Scotia_ Lobster Bay_ Ram Island - Site D,4213,4213,810,56,5,24
6266,13,Smith_ 1985,Nova Scotia_ Lobster Bay_ Ram Island - Site D,43.679202,-65.878484,6,6,6,81,1,0.25,1982,3,8231,1982-07-15,4.8,NA,NA,NA,NA,NA,NA,NA,4.8,NA,4,365,0.4703255495,3,Scotian Shelf,Cold Temperate Northwest Atlantic,Temperate Northern Atlantic,Smith_ 1985-Nova Scotia_ Lobster Bay_ Ram Island - Site D-13-81,19820715,30145,82.5325119780972,1980,0.759093305218767,2.73341325273161,-0.0863885777264394,0.154838709677419,0.816175601051176,-1.67612928693277,0.164571428571429,0.688388355551148,-1.61516858714309,2.376182,2,Cold Temperate Northwest Atlantic:Nova Scotia_ Lobster Bay_ Ram Island - Site D,Scotian Shelf:Nova Scotia_ Lobster Bay_ Ram Island - Site D,4578,4213,810,56,5,24
6267,13,Smith_ 1985,Nova Scotia_ Lobster Bay_ Snake Reef - Site S,43.679202,-65.878484,6,6,6,82,1,0.25,1980,1,7501,1980-07-15,6.2,NA,NA,NA,NA,NA,NA,NA,6.2,NA,4,NA,NA,3,Scotian Shelf,Cold Temperate Northwest Atlantic,Temperate Northern Atlantic,Smith_ 1985-Nova Scotia_ Lobster Bay_ Snake Reef - Site S-13-82,19800715,29415,80.5338809034908,1980,0.980495519240907,3.53065878477834,0.129834530743196,0.2,1.05422681802444,-1.45990617846314,0.212571428571429,0.889168292586899,-1.39894547867345,2.376182,2,Cold Temperate Northwest Atlantic:Nova Scotia_ Lobster Bay_ Snake Reef - Site S,Scotian Shelf:Nova Scotia_ Lobster Bay_ Snake Reef - Site S,3848,4213,811,56,5,24
6268,13,Smith_ 1985,Nova Scotia_ Lobster Bay_ Snake Reef - Site S,43.679202,-65.878484,6,6,6,82,1,0.25,1981,2,7866,1981-07-15,2.8,NA,NA,NA,NA,NA,NA,NA,2.8,NA,4,365,-0.795474347,3,Scotian Shelf,Cold Temperate Northwest Atlantic,Temperate Northern Atlantic,Smith_ 1985-Nova Scotia_ Lobster Bay_ Snake Reef - Site S-13-82,19810715,29780,81.533196440794,1980,0.44280442804428,1.59449106409344,-0.509245428546473,0.0903225806451613,0.476102433946519,-2.09898613775281,0.096,0.401559874071503,-2.03802543796312,2.376182,2,Cold Temperate Northwest Atlantic:Nova Scotia_ Lobster Bay_ Snake Reef - Site S,Scotian Shelf:Nova Scotia_ Lobster Bay_ Snake Reef - Site S,4213,4213,811,56,5,24
6269,13,Smith_ 1985,Nova Scotia_ Lobster Bay_ Snake Reef - Site S,43.679202,-65.878484,6,6,6,82,1,0.25,1982,3,8231,1982-07-15,3.2,NA,NA,NA,NA,NA,NA,NA,3.2,NA,4,365,0.1336228525,3,Scotian Shelf,Cold Temperate Northwest Atlantic,Temperate Northern Atlantic,Smith_ 1985-Nova Scotia_ Lobster Bay_ Snake Reef - Site S-13-82,19820715,30145,82.5325119780972,1980,0.506062203479178,1.82227550182108,-0.409161969989491,0.103225806451613,0.544117067367451,-1.99890267919582,0.109714285714286,0.458925570367432,-1.93794197940614,2.376182,2,Cold Temperate Northwest Atlantic:Nova Scotia_ Lobster Bay_ Snake Reef - Site S,Scotian Shelf:Nova Scotia_ Lobster Bay_ Snake Reef - Site S,4578,4213,811,56,5,24
5923,13,Egan_Yarish_1990,Long_Island_Sound,41.30302,-72.086122,4,4,4,25,1,0.25,1985,1,9389,1985-09-15,10,NA,40,NA,NA,NA,NA,NA,10,NA,4,NA,NA,16,Virginian,Cold Temperate Northwest Atlantic,Temperate Northern Atlantic,Egan_Yarish_1990-Long_Island_Sound-13-25,19850915,31303,85.7029431895962,1980,0.342857142857143,0.926287496655186,-0.975131231897088,0.32258064516129,1.70036583552328,-1.03609193168678,0.342857142857143,1.43414240739822,-0.975131231897088,0,2,Cold Temperate Northwest Atlantic:Long_Island_Sound,Virginian:Long_Island_Sound,5736,5977,100,16,5,30
5924,13,Egan_Yarish_1990,Long_Island_Sound,41.30302,-72.086122,4,4,4,25,1,0.25,1985,2,9419,1985-10-15,9,NA,35,NA,NA,NA,NA,NA,9,NA,4,30,-1.282764278,16,Virginian,Cold Temperate Northwest Atlantic,Temperate Northern Atlantic,Egan_Yarish_1990-Long_Island_Sound-13-25,19851015,31333,85.7850787132101,1980,0.308571428571429,0.833658746989668,-1.07044141170141,0.290322580645161,1.53032925197095,-1.1314021114911,0.308571428571429,1.2907281666584,-1.07044141170141,0,2,Cold Temperate Northwest Atlantic:Long_Island_Sound,Virginian:Long_Island_Sound,5766,5977,100,16,5,30
5925,13,Egan_Yarish_1990,Long_Island_Sound,41.30302,-72.086122,4,4,4,25,1,0.25,1985,3,9450,1985-11-15,8,NA,34,NA,NA,NA,NA,NA,8,NA,4,31,-1.387750122,16,Virginian,Cold Temperate Northwest Atlantic,Temperate Northern Atlantic,Egan_Yarish_1990-Long_Island_Sound-13-25,19851115,31364,85.8699520876112,1980,0.274285714285714,0.741029997324149,-1.17580192735924,0.258064516129032,1.36029266841863,-1.23676262714893,0.274285714285714,1.14731392591858,-1.17580192735924,0,2,Cold Temperate Northwest Atlantic:Long_Island_Sound,Virginian:Long_Island_Sound,5797,5977,100,16,5,30
5926,13,Egan_Yarish_1990,Long_Island_Sound,41.30302,-72.086122,4,4,4,25,1,0.25,1985,4,9480,1985-12-15,5.5,NA,30,NA,NA,NA,NA,NA,5.5,NA,4,30,-4.561892747,16,Virginian,Cold Temperate Northwest Atlantic,Temperate Northern Atlantic,Egan_Yarish_1990-Long_Island_Sound-13-25,19851215,31394,85.9520876112252,1980,0.188571428571429,0.509458123160352,-1.50122432779387,0.17741935483871,0.935201209537806,-1.56218502758355,0.188571428571429,0.788778324069023,-1.50122432779387,0,2,Cold Temperate Northwest Atlantic:Long_Island_Sound,Virginian:Long_Island_Sound,5827,5977,100,16,5,30
5927,13,Egan_Yarish_1990,Long_Island_Sound,41.30302,-72.086122,4,4,4,25,1,0.25,1986,5,9511,1986-01-15,3,NA,31,NA,NA,NA,NA,NA,3,NA,4,31,-7.14164846,16,Virginian,Cold Temperate Northwest Atlantic,Temperate Northern Atlantic,Egan_Yarish_1990-Long_Island_Sound-13-25,19860115,31425,86.0369609856263,1980,0.102857142857143,0.277886248996556,-1.98673214357557,0.0967741935483871,0.510109750656985,-2.04769284336526,0.102857142857143,0.430242722219467,-1.98673214357557,0,2,Cold Temperate Northwest Atlantic:Long_Island_Sound,Virginian:Long_Island_Sound,5858,5977,100,16,5,30
5928,13,Egan_Yarish_1990,Long_Island_Sound,41.30302,-72.086122,4,4,4,25,1,0.25,1986,6,9542,1986-02-15,5,NA,39,NA,NA,NA,NA,NA,5,NA,4,31,6.0186793252,16,Virginian,Cold Temperate Northwest Atlantic,Temperate Northern Atlantic,Egan_Yarish_1990-Long_Island_Sound-13-25,19860215,31456,86.1218343600274,1980,0.17142857142857101,0.463143748327593,-1.5812670354674,0.161290322580645,0.850182917761641,-1.64222773525709,0.17142857142857101,0.717071203699112,-1.5812670354674,0,2,Cold Temperate Northwest Atlantic:Long_Island_Sound,Virginian:Long_Island_Sound,5889,5977,100,16,5,30
5929,13,Egan_Yarish_1990,Long_Island_Sound,41.30302,-72.086122,4,4,4,25,1,0.25,1986,7,9570,1986-03-15,4,NA,22,NA,NA,NA,NA,NA,4,NA,4,28,-2.910827933,16,Virginian,Cold Temperate Northwest Atlantic,Temperate Northern Atlantic,Egan_Yarish_1990-Long_Island_Sound-13-25,19860315,31484,86.1984941820671,1980,0.137142857142857,0.370514998662074,-1.7635885922613601,0.129032258064516,0.680146334209313,-1.82454929205105,0.137142857142857,0.57365696295929,-1.7635885922613601,0,2,Cold Temperate Northwest Atlantic:Long_Island_Sound,Virginian:Long_Island_Sound,5917,5977,100,16,5,30
5930,13,Egan_Yarish_1990,Long_Island_Sound,41.30302,-72.086122,4,4,4,25,1,0.25,1986,8,9601,1986-04-15,12,NA,100,NA,NA,NA,NA,NA,12,NA,4,31,12.944133498,16,Virginian,Cold Temperate Northwest Atlantic,Temperate Northern Atlantic,Egan_Yarish_1990-Long_Island_Sound-13-25,19860415,31515,86.2833675564682,1980,0.411428571428571,1.11154499598622,-0.808077147233922,0.387096774193548,2.04043900262794,-0.86903784702361,0.411428571428571,1.72097088887787,-0.808077147233922,0,2,Cold Temperate Northwest Atlantic:Long_Island_Sound,Virginian:Long_Island_Sound,5948,5977,100,16,5,30
5931,13,Egan_Yarish_1990,Long_Island_Sound,41.30302,-72.086122,4,4,4,25,1,0.25,1986,9,9631,1986-05-15,25,NA,175,NA,NA,NA,NA,NA,25,NA,4,30,8.9360747066,16,Virginian,Cold Temperate Northwest Atlantic,Temperate Northern Atlantic,Egan_Yarish_1990-Long_Island_Sound-13-25,19860515,31545,86.3655030800821,1980,0.857142857142857,2.31571874163797,-0.114929966673977,0.806451612903226,4.25091458880821,-0.175890666463664,0.857142857142857,3.58535601849556,-0.114929966673977,0,2,Cold Temperate Northwest Atlantic:Long_Island_Sound,Virginian:Long_Island_Sound,5978,5977,100,16,5,30
5932,13,Egan_Yarish_1990,Long_Island_Sound,41.30302,-72.086122,4,4,4,25,1,0.25,1986,10,9662,1986-06-15,11,NA,1000,NA,NA,NA,NA,NA,11,NA,4,31,-9.67300473,16,Virginian,Cold Temperate Northwest Atlantic,Temperate Northern Atlantic,Egan_Yarish_1990-Long_Island_Sound-13-25,19860615,31576,86.4503764544832,1980,0.377142857142857,1.0189162463207,-0.888119854907459,0.354838709677419,1.87040241907561,-0.949080554697146,0.377142857142857,1.57755664813805,-0.888119854907459,0,2,Cold Temperate Northwest Atlantic:Long_Island_Sound,Virginian:Long_Island_Sound,6009,5977,100,16,5,30
5933,13,Egan_Yarish_1990,Long_Island_Sound,41.30302,-72.086122,4,4,4,25,1,0.25,1986,11,9692,1986-07-15,10.5,NA,630,NA,NA,NA,NA,NA,10.5,NA,4,30,-0.56638119,16,Virginian,Cold Temperate Northwest Atlantic,Temperate Northern Atlantic,Egan_Yarish_1990-Long_Island_Sound-13-25,19860715,31606,86.5325119780972,1980,0.36,0.972601871487946,-0.930679469326255,0.338709677419355,1.78538412729945,-0.991640169115942,0.36,1.50584952776814,-0.930679469326255,0,2,Cold Temperate Northwest Atlantic:Long_Island_Sound,Virginian:Long_Island_Sound,6039,5977,100,16,5,30
5934,13,Egan_Yarish_1990,Long_Island_Sound,41.30302,-72.086122,4,4,4,25,1,0.25,1986,12,9723,1986-08-15,9,NA,280,NA,NA,NA,NA,NA,9,NA,4,31,-1.816243091,16,Virginian,Cold Temperate Northwest Atlantic,Temperate Northern Atlantic,Egan_Yarish_1990-Long_Island_Sound-13-25,19860815,31637,86.6173853524983,1980,0.308571428571429,0.833658746989668,-1.07044141170141,0.290322580645161,1.53032925197095,-1.1314021114911,0.308571428571429,1.2907281666584,-1.07044141170141,0,2,Cold Temperate Northwest Atlantic:Long_Island_Sound,Virginian:Long_Island_Sound,6070,5977,100,16,5,30
5935,13,Egan_Yarish_1990,Long_Island_Sound,41.30302,-72.086122,4,4,4,25,1,0.25,1986,13,9754,1986-09-15,12,NA,320,NA,NA,NA,NA,NA,12,NA,4,31,3.3895444182,16,Virginian,Cold Temperate Northwest Atlantic,Temperate Northern Atlantic,Egan_Yarish_1990-Long_Island_Sound-13-25,19860915,31668,86.7022587268994,1980,0.411428571428571,1.11154499598622,-0.808077147233922,0.387096774193548,2.04043900262794,-0.86903784702361,0.411428571428571,1.72097088887787,-0.808077147233922,0,2,Cold Temperate Northwest Atlantic:Long_Island_Sound,Virginian:Long_Island_Sound,6101,5977,100,16,5,30
5936,13,Egan_Yarish_1990,Long_Island_Sound,41.30302,-72.086122,4,4,4,25,1,0.25,1986,14,9784,1986-10-15,14,NA,450,NA,NA,NA,NA,NA,14,NA,4,30,1.8767845269,16,Virginian,Cold Temperate Northwest Atlantic,Temperate Northern Atlantic,Egan_Yarish_1990-Long_Island_Sound-13-25,19861015,31698,86.7843942505133,1980,0.48,1.29680249531726,-0.664976303593249,0.451612903225806,2.3805121697326,-0.725937003382936,0.48,2.00779937035751,-0.664976303593249,0,2,Cold Temperate Northwest Atlantic:Long_Island_Sound,Virginian:Long_Island_Sound,6131,5977,100,16,5,30
5937,13,Egan_Yarish_1990,Long_Island_Sound,41.30302,-72.086122,4,4,4,25,1,0.25,1987,15,9876,1987-01-15,14.5,NA,200,NA,NA,NA,NA,NA,14.5,NA,4,92,0.1393163539,16,Virginian,Cold Temperate Northwest Atlantic,Temperate Northern Atlantic,Egan_Yarish_1990-Long_Island_Sound-13-25,19870115,31790,87.0362765229295,1980,0.497142857142857,1.34311687015002,-0.632186480770258,0.467741935483871,2.46553046150876,-0.693147180559945,0.497142857142857,2.07950649072743,-0.632186480770258,0,2,Cold Temperate Northwest Atlantic:Long_Island_Sound,Virginian:Long_Island_Sound,6223,5977,100,16,5,30
5938,13,Egan_Yarish_1990,Long_Island_Sound,41.30302,-72.086122,4,4,4,25,1,0.25,1987,16,9996,1987-05-15,48,NA,200,NA,NA,NA,NA,NA,48,NA,4,120,3.6435281253,16,Virginian,Cold Temperate Northwest Atlantic,Temperate Northern Atlantic,Egan_Yarish_1990-Long_Island_Sound-13-25,19870515,31910,87.3648186173854,1980,1.64571428571429,4.44617998394489,0.518793793415168,1.54838709677419,8.16175601051176,0.45783309362548,1.64571428571429,6.88388355551148,0.518793793415168,0,2,Cold Temperate Northwest Atlantic:Long_Island_Sound,Virginian:Long_Island_Sound,6343,5977,100,16,5,30
